t,cmdty,market_id,market_name,state_id,state_name,district_id,district_name,variety,p_min,p_max,p_modal
"2024-10-30","Potato","577","Manchar","27","Maharashtra","521","Pune","Other","1500","3000","2275"
"2024-10-30","Potato","2495","Pune(Khadiki)","27","Maharashtra","521","Pune","Local","1800","2200","2000"
"2024-10-30","Potato","4751","Pune(Manjri)","27","Maharashtra","521","Pune","Other","2000","2600","2400"
"2024-10-30","Potato","172","Pune","27","Maharashtra","521","Pune","Local","2000","3800","2900"
"2024-10-30","Potato","2493","Khed(Chakan)","27","Maharashtra","521","Pune","Other","2200","3500","2850"
"2024-10-29","Potato","4751","Pune(Manjri)","27","Maharashtra","521","Pune","Other","2200","2800","2600"
"2024-10-29","Potato","2493","Khed(Chakan)","27","Maharashtra","521","Pune","Other","2200","3500","2800"
"2024-10-29","Potato","172","Pune","27","Maharashtra","521","Pune","Local","2000","3700","2850"
"2024-10-29","Potato","2492","Junnar(Otur)","27","Maharashtra","521","Pune","Local","1000","3110","2000"
"2024-10-29","Potato","2495","Pune(Khadiki)","27","Maharashtra","521","Pune","Local","1800","2200","2000"
"2024-10-29","Potato","4752","Pune(Moshi)","27","Maharashtra","521","Pune","Local","2000","2000","2000"
"2024-10-28","Potato","172","Pune","27","Maharashtra","521","Pune","Local","2000","3700","2850"
"2024-10-28","Potato","4751","Pune(Manjri)","27","Maharashtra","521","Pune","Other","2200","2600","2400"
"2024-10-28","Potato","4752","Pune(Moshi)","27","Maharashtra","521","Pune","Local","2500","2500","2500"
"2024-10-27","Potato","4751","Pune(Manjri)","27","Maharashtra","521","Pune","Other","2400","3000","2600"
"2024-10-27","Potato","172","Pune","27","Maharashtra","521","Pune","Local","1800","3800","2800"
"2024-10-27","Potato","2493","Khed(Chakan)","27","Maharashtra","521","Pune","Other","2200","3500","2800"
"2024-10-27","Potato","4752","Pune(Moshi)","27","Maharashtra","521","Pune","Local","1600","2500","2050"
"2024-10-27","Potato","2495","Pune(Khadiki)","27","Maharashtra","521","Pune","Local","2000","2300","2150"
"2024-10-26","Potato","4751","Pune(Manjri)","27","Maharashtra","521","Pune","Other","2400","2800","2600"
"2024-10-26","Potato","2493","Khed(Chakan)","27","Maharashtra","521","Pune","Other","2200","3500","2850"
"2024-10-26","Potato","4752","Pune(Moshi)","27","Maharashtra","521","Pune","Local","1000","2200","1600"
"2024-10-26","Potato","2495","Pune(Khadiki)","27","Maharashtra","521","Pune","Local","1700","2300","2000"
"2024-10-25","Potato","172","Pune","27","Maharashtra","521","Pune","Local","2000","3900","2950"
"2024-10-25","Potato","2493","Khed(Chakan)","27","Maharashtra","521","Pune","Other","2200","3500","2800"
"2024-10-25","Potato","4752","Pune(Moshi)","27","Maharashtra","521","Pune","Local","1800","2200","2000"
"2024-10-25","Potato","4751","Pune(Manjri)","27","Maharashtra","521","Pune","Other","2400","2800","2600"
"2024-10-25","Potato","2495","Pune(Khadiki)","27","Maharashtra","521","Pune","Local","2000","2400","2200"
"2024-10-24","Potato","2493","Khed(Chakan)","27","Maharashtra","521","Pune","Other","2200","3500","2800"
"2024-10-24","Potato","2495","Pune(Khadiki)","27","Maharashtra","521","Pune","Local","2000","2300","2150"
"2024-10-24","Potato","172","Pune","27","Maharashtra","521","Pune","Local","2000","3800","2900"
"2024-10-24","Potato","4752","Pune(Moshi)","27","Maharashtra","521","Pune","Local","1800","2600","2200"
"2024-10-24","Potato","4751","Pune(Manjri)","27","Maharashtra","521","Pune","Other","2500","3500","3000"
"2024-10-24","Potato","2492","Junnar(Otur)","27","Maharashtra","521","Pune","Local","1000","2610","1900"
"2024-10-23","Potato","172","Pune","27","Maharashtra","521","Pune","Local","2200","3800","3000"
"2024-10-23","Potato","4751","Pune(Manjri)","27","Maharashtra","521","Pune","Other","2000","2800","2600"
"2024-10-23","Potato","2493","Khed(Chakan)","27","Maharashtra","521","Pune","Other","2000","3300","2500"
"2024-10-22","Potato","4751","Pune(Manjri)","27","Maharashtra","521","Pune","Other","2000","3000","2400"
"2024-10-22","Potato","4752","Pune(Moshi)","27","Maharashtra","521","Pune","Local","2000","2400","2200"
"2024-10-22","Potato","2495","Pune(Khadiki)","27","Maharashtra","521","Pune","Local","1800","2200","2000"
"2024-10-22","Potato","172","Pune","27","Maharashtra","521","Pune","Local","2500","3800","3150"
"2024-10-22","Potato","2493","Khed(Chakan)","27","Maharashtra","521","Pune","Other","2000","3300","2700"
"2024-10-21","Potato","4751","Pune(Manjri)","27","Maharashtra","521","Pune","Other","2200","2800","2400"
"2024-10-21","Potato","4752","Pune(Moshi)","27","Maharashtra","521","Pune","Local","1800","2500","2150"
"2024-10-20","Potato","577","Manchar","27","Maharashtra","521","Pune","Other","1500","2500","2100"
"2024-10-20","Potato","172","Pune","27","Maharashtra","521","Pune","Local","2000","3700","2850"
"2024-10-20","Potato","4752","Pune(Moshi)","27","Maharashtra","521","Pune","Local","1800","2500","2150"
"2024-10-20","Potato","4751","Pune(Manjri)","27","Maharashtra","521","Pune","Other","2200","2600","2400"
"2024-10-20","Potato","2493","Khed(Chakan)","27","Maharashtra","521","Pune","Other","2500","3300","2800"
"2024-10-19","Potato","4751","Pune(Manjri)","27","Maharashtra","521","Pune","Other","2600","3000","2800"
"2024-10-19","Potato","2493","Khed(Chakan)","27","Maharashtra","521","Pune","Other","2000","3300","2700"
"2024-10-19","Potato","4752","Pune(Moshi)","27","Maharashtra","521","Pune","Local","2000","2000","2000"
"2024-10-19","Potato","2495","Pune(Khadiki)","27","Maharashtra","521","Pune","Local","2000","2400","2200"
"2024-10-18","Potato","2492","Junnar(Otur)","27","Maharashtra","521","Pune","Local","700","1750","1400"
"2024-10-18","Potato","172","Pune","27","Maharashtra","521","Pune","Local","1800","3600","2700"
"2024-10-18","Potato","2493","Khed(Chakan)","27","Maharashtra","521","Pune","Other","2000","3300","2700"
"2024-10-18","Potato","4751","Pune(Manjri)","27","Maharashtra","521","Pune","Other","2200","2600","2400"
"2024-10-18","Potato","2495","Pune(Khadiki)","27","Maharashtra","521","Pune","Local","2000","2300","2150"
"2024-10-18","Potato","4752","Pune(Moshi)","27","Maharashtra","521","Pune","Local","1800","2200","2000"
"2024-10-17","Potato","2495","Pune(Khadiki)","27","Maharashtra","521","Pune","Local","2200","2200","2200"
"2024-10-17","Potato","4752","Pune(Moshi)","27","Maharashtra","521","Pune","Local","1500","2400","1950"
"2024-10-17","Potato","2492","Junnar(Otur)","27","Maharashtra","521","Pune","Local","1000","3150","2500"
"2024-10-17","Potato","172","Pune","27","Maharashtra","521","Pune","Local","2000","3600","2800"
"2024-10-17","Potato","2493","Khed(Chakan)","27","Maharashtra","521","Pune","Other","2000","3300","2650"
"2024-10-17","Potato","4751","Pune(Manjri)","27","Maharashtra","521","Pune","Other","2000","2800","2400"
"2024-10-16","Potato","4751","Pune(Manjri)","27","Maharashtra","521","Pune","Other","2200","2800","2400"
"2024-10-16","Potato","2495","Pune(Khadiki)","27","Maharashtra","521","Pune","Local","1800","2200","2000"
"2024-10-16","Potato","2493","Khed(Chakan)","27","Maharashtra","521","Pune","Other","2000","3400","2600"
"2024-10-16","Potato","172","Pune","27","Maharashtra","521","Pune","Local","1800","3500","2650"
"2024-10-15","Potato","2493","Khed(Chakan)","27","Maharashtra","521","Pune","Other","2000","3400","2700"
"2024-10-15","Potato","4752","Pune(Moshi)","27","Maharashtra","521","Pune","Local","2000","2300","2150"
"2024-10-15","Potato","4751","Pune(Manjri)","27","Maharashtra","521","Pune","Other","2000","3000","2500"
"2024-10-15","Potato","172","Pune","27","Maharashtra","521","Pune","Local","2000","3500","2750"
"2024-10-14","Potato","2495","Pune(Khadiki)","27","Maharashtra","521","Pune","Local","2000","2400","2200"
"2024-10-14","Potato","3960","Junnar(Narayangaon)","27","Maharashtra","521","Pune","Other","2800","3400","3000"
"2024-10-14","Potato","4751","Pune(Manjri)","27","Maharashtra","521","Pune","Other","2600","3500","3000"
"2024-10-14","Potato","4752","Pune(Moshi)","27","Maharashtra","521","Pune","Local","2000","2400","2200"
"2024-10-14","Potato","172","Pune","27","Maharashtra","521","Pune","Local","2000","3500","2750"
"2024-10-14","Potato","2492","Junnar(Otur)","27","Maharashtra","521","Pune","Local","1000","2520","1750"
"2024-10-13","Potato","577","Manchar","27","Maharashtra","521","Pune","Other","1000","2500","1780"
"2024-10-13","Potato","1455","Junnar","27","Maharashtra","521","Pune","Local","2000","2800","2400"
"2024-10-13","Potato","2493","Khed(Chakan)","27","Maharashtra","521","Pune","Other","2000","3400","2800"
"2024-10-13","Potato","4751","Pune(Manjri)","27","Maharashtra","521","Pune","Other","2000","2800","2400"
"2024-10-13","Potato","2492","Junnar(Otur)","27","Maharashtra","521","Pune","Local","1000","2610","1800"
"2024-10-13","Potato","2495","Pune(Khadiki)","27","Maharashtra","521","Pune","Local","2000","2400","2200"
"2024-10-13","Potato","172","Pune","27","Maharashtra","521","Pune","Local","2000","3500","2750"
"2024-10-12","Potato","2493","Khed(Chakan)","27","Maharashtra","521","Pune","Other","2000","3300","2650"
"2024-10-12","Potato","4751","Pune(Manjri)","27","Maharashtra","521","Pune","Other","2000","2800","2400"
"2024-10-12","Potato","4752","Pune(Moshi)","27","Maharashtra","521","Pune","Local","2000","3000","2500"
"2024-10-12","Potato","2495","Pune(Khadiki)","27","Maharashtra","521","Pune","Local","2000","2400","2200"
"2024-10-11","Potato","172","Pune","27","Maharashtra","521","Pune","Local","2200","3500","2650"
"2024-10-11","Potato","2492","Junnar(Otur)","27","Maharashtra","521","Pune","Local","1000","2510","2000"
"2024-10-11","Potato","2493","Khed(Chakan)","27","Maharashtra","521","Pune","Other","2400","3300","2850"
"2024-10-11","Potato","2495","Pune(Khadiki)","27","Maharashtra","521","Pune","Local","2000","2300","2150"
"2024-10-11","Potato","4752","Pune(Moshi)","27","Maharashtra","521","Pune","Local","1800","2500","2150"
"2024-10-11","Potato","4751","Pune(Manjri)","27","Maharashtra","521","Pune","Other","2000","3000","2600"
"2024-10-10","Potato","2493","Khed(Chakan)","27","Maharashtra","521","Pune","Other","2400","3300","2800"
"2024-10-10","Potato","172","Pune","27","Maharashtra","521","Pune","Local","2000","3500","2750"
"2024-10-10","Potato","4752","Pune(Moshi)","27","Maharashtra","521","Pune","Local","2000","2800","2400"
"2024-10-10","Potato","4751","Pune(Manjri)","27","Maharashtra","521","Pune","Other","2200","3000","2600"
"2024-10-10","Potato","2492","Junnar(Otur)","27","Maharashtra","521","Pune","Local","1000","2600","2000"
"2024-10-10","Potato","2495","Pune(Khadiki)","27","Maharashtra","521","Pune","Local","2000","2400","2200"
"2024-10-09","Potato","2495","Pune(Khadiki)","27","Maharashtra","521","Pune","Local","2000","2400","2200"
"2024-10-09","Potato","2493","Khed(Chakan)","27","Maharashtra","521","Pune","Other","2400","3300","2850"
"2024-10-09","Potato","4751","Pune(Manjri)","27","Maharashtra","521","Pune","Other","2200","3200","2700"
"2024-10-09","Potato","172","Pune","27","Maharashtra","521","Pune","Local","2000","3500","2750"
"2024-10-07","Potato","4752","Pune(Moshi)","27","Maharashtra","521","Pune","Local","2100","2600","2350"
"2024-10-07","Potato","2495","Pune(Khadiki)","27","Maharashtra","521","Pune","Local","2000","2300","2150"
"2024-10-07","Potato","172","Pune","27","Maharashtra","521","Pune","Local","2000","3500","2750"
"2024-10-06","Potato","577","Manchar","27","Maharashtra","521","Pune","Local","1000","2510","1755"
"2024-10-06","Potato","2495","Pune(Khadiki)","27","Maharashtra","521","Pune","Local","2000","2400","2200"
"2024-10-06","Potato","4752","Pune(Moshi)","27","Maharashtra","521","Pune","Local","2000","2400","2200"
"2024-10-06","Potato","2493","Khed(Chakan)","27","Maharashtra","521","Pune","Other","2500","3300","2800"
"2024-10-06","Potato","4751","Pune(Manjri)","27","Maharashtra","521","Pune","Other","2600","3600","3100"
"2024-10-06","Potato","172","Pune","27","Maharashtra","521","Pune","Local","2000","3500","2750"
"2024-10-06","Potato","2492","Junnar(Otur)","27","Maharashtra","521","Pune","Local","1000","2660","2000"
"2024-10-05","Potato","4751","Pune(Manjri)","27","Maharashtra","521","Pune","Other","2600","3200","2800"
"2024-10-05","Potato","2495","Pune(Khadiki)","27","Maharashtra","521","Pune","Local","2000","2600","2400"
"2024-10-05","Potato","2493","Khed(Chakan)","27","Maharashtra","521","Pune","Other","2500","3500","3000"
"2024-10-05","Potato","4752","Pune(Moshi)","27","Maharashtra","521","Pune","Local","2200","2400","2300"
"2024-10-04","Potato","2492","Junnar(Otur)","27","Maharashtra","521","Pune","Local","1000","2670","2000"
"2024-10-04","Potato","2493","Khed(Chakan)","27","Maharashtra","521","Pune","Other","2500","3300","2800"
"2024-10-04","Potato","4751","Pune(Manjri)","27","Maharashtra","521","Pune","Other","2600","3200","2900"
"2024-10-04","Potato","172","Pune","27","Maharashtra","521","Pune","Local","2500","3500","3000"
"2024-10-04","Potato","4752","Pune(Moshi)","27","Maharashtra","521","Pune","Local","1500","2500","2000"
"2024-10-03","Potato","1455","Junnar","27","Maharashtra","521","Pune","Local","2500","3000","2700"
"2024-10-03","Potato","2495","Pune(Khadiki)","27","Maharashtra","521","Pune","Local","2000","2400","2200"
"2024-10-03","Potato","2493","Khed(Chakan)","27","Maharashtra","521","Pune","Other","2500","3300","2800"
"2024-10-03","Potato","4751","Pune(Manjri)","27","Maharashtra","521","Pune","Other","2200","3000","2800"
"2024-10-03","Potato","4752","Pune(Moshi)","27","Maharashtra","521","Pune","Local","1800","2800","2300"
"2024-10-03","Potato","172","Pune","27","Maharashtra","521","Pune","Local","2400","3400","2900"
"2024-10-02","Potato","2492","Junnar(Otur)","27","Maharashtra","521","Pune","Local","1000","2300","1650"
"2024-10-02","Potato","4751","Pune(Manjri)","27","Maharashtra","521","Pune","Other","2000","3000","2700"
"2024-10-02","Potato","2493","Khed(Chakan)","27","Maharashtra","521","Pune","Other","2000","3200","2500"
"2024-10-01","Potato","4752","Pune(Moshi)","27","Maharashtra","521","Pune","Local","2000","3000","2500"
"2024-10-01","Potato","4751","Pune(Manjri)","27","Maharashtra","521","Pune","Other","2000","3000","2600"
"2024-10-01","Potato","2493","Khed(Chakan)","27","Maharashtra","521","Pune","Other","2200","3200","2600"
"2024-10-01","Potato","172","Pune","27","Maharashtra","521","Pune","Local","2500","3400","2900"
"2024-10-01","Potato","2492","Junnar(Otur)","27","Maharashtra","521","Pune","Local","1000","2360","1650"
"2024-09-30","Potato","4752","Pune(Moshi)","27","Maharashtra","521","Pune","Local","1800","2400","2100"
"2024-09-30","Potato","2495","Pune(Khadiki)","27","Maharashtra","521","Pune","Local","2000","2400","2200"
"2024-09-30","Potato","4751","Pune(Manjri)","27","Maharashtra","521","Pune","Other","2000","3000","2700"
"2024-09-30","Potato","172","Pune","27","Maharashtra","521","Pune","Local","2500","3200","2850"
"2024-09-30","Potato","2492","Junnar(Otur)","27","Maharashtra","521","Pune","Local","1000","2550","1800"
"2024-09-29","Potato","2492","Junnar(Otur)","27","Maharashtra","521","Pune","Local","1000","2200","1600"
"2024-09-29","Potato","172","Pune","27","Maharashtra","521","Pune","Local","2200","3300","2750"
"2024-09-29","Potato","4751","Pune(Manjri)","27","Maharashtra","521","Pune","Other","2000","3000","2800"
"2024-09-29","Potato","1455","Junnar","27","Maharashtra","521","Pune","Local","2500","2900","2700"
"2024-09-29","Potato","2495","Pune(Khadiki)","27","Maharashtra","521","Pune","Local","2000","2400","2200"
"2024-09-29","Potato","4752","Pune(Moshi)","27","Maharashtra","521","Pune","Local","1800","2500","2150"
"2024-09-28","Potato","2492","Junnar(Otur)","27","Maharashtra","521","Pune","Local","1000","2000","1500"
"2024-09-28","Potato","2495","Pune(Khadiki)","27","Maharashtra","521","Pune","Local","2000","2400","2200"
"2024-09-28","Potato","4751","Pune(Manjri)","27","Maharashtra","521","Pune","Other","2000","3200","2800"
"2024-09-28","Potato","4752","Pune(Moshi)","27","Maharashtra","521","Pune","Local","2400","2600","2500"
"2024-09-27","Potato","2495","Pune(Khadiki)","27","Maharashtra","521","Pune","Local","2000","2400","2200"
"2024-09-27","Potato","2492","Junnar(Otur)","27","Maharashtra","521","Pune","Local","1000","2110","1600"
"2024-09-27","Potato","3960","Junnar(Narayangaon)","27","Maharashtra","521","Pune","Other","3000","3000","3000"
"2024-09-27","Potato","2493","Khed(Chakan)","27","Maharashtra","521","Pune","Other","2000","3100","2500"
"2024-09-27","Potato","172","Pune","27","Maharashtra","521","Pune","Local","2000","3200","2600"
"2024-09-27","Potato","4751","Pune(Manjri)","27","Maharashtra","521","Pune","Other","2000","3000","2600"
"2024-09-27","Potato","4752","Pune(Moshi)","27","Maharashtra","521","Pune","Local","1600","2500","2050"
"2024-09-26","Potato","4751","Pune(Manjri)","27","Maharashtra","521","Pune","Other","2000","3000","2800"
"2024-09-26","Potato","172","Pune","27","Maharashtra","521","Pune","Local","2000","3200","2600"
"2024-09-26","Potato","2492","Junnar(Otur)","27","Maharashtra","521","Pune","Local","1000","2530","1850"
"2024-09-26","Potato","2495","Pune(Khadiki)","27","Maharashtra","521","Pune","Local","2000","2400","2200"
"2024-09-26","Potato","4752","Pune(Moshi)","27","Maharashtra","521","Pune","Local","2000","2800","2400"
"2024-09-26","Potato","2493","Khed(Chakan)","27","Maharashtra","521","Pune","Other","2000","3000","2500"
"2024-09-25","Potato","4751","Pune(Manjri)","27","Maharashtra","521","Pune","Other","2000","3200","2800"
"2024-09-25","Potato","2495","Pune(Khadiki)","27","Maharashtra","521","Pune","Local","2000","2300","2150"
"2024-09-25","Potato","172","Pune","27","Maharashtra","521","Pune","Local","2200","3100","2650"
"2024-09-25","Potato","2493","Khed(Chakan)","27","Maharashtra","521","Pune","Other","2000","3200","2500"
"2024-09-24","Potato","2493","Khed(Chakan)","27","Maharashtra","521","Pune","Other","2000","3000","2500"
"2024-09-24","Potato","4751","Pune(Manjri)","27","Maharashtra","521","Pune","Other","2000","3000","2800"
"2024-09-24","Potato","2492","Junnar(Otur)","27","Maharashtra","521","Pune","Local","1000","2400","1700"
"2024-09-24","Potato","2495","Pune(Khadiki)","27","Maharashtra","521","Pune","Local","2000","2400","2200"
"2024-09-24","Potato","577","Manchar","27","Maharashtra","521","Pune","Other","1500","3000","2255"
"2024-09-24","Potato","172","Pune","27","Maharashtra","521","Pune","Local","2200","3100","2650"
"2024-09-24","Potato","4752","Pune(Moshi)","27","Maharashtra","521","Pune","Local","2200","2500","2350"
"2024-09-23","Potato","4752","Pune(Moshi)","27","Maharashtra","521","Pune","Local","2000","2800","2400"
"2024-09-23","Potato","3960","Junnar(Narayangaon)","27","Maharashtra","521","Pune","Other","2000","3000","3000"
"2024-09-23","Potato","172","Pune","27","Maharashtra","521","Pune","Local","2000","3200","2600"
"2024-09-23","Potato","4751","Pune(Manjri)","27","Maharashtra","521","Pune","Other","2000","3000","2600"
"2024-09-23","Potato","2495","Pune(Khadiki)","27","Maharashtra","521","Pune","Local","2400","2400","2400"
"2024-09-23","Potato","2492","Junnar(Otur)","27","Maharashtra","521","Pune","Local","1250","3050","2200"
"2024-09-22","Potato","172","Pune","27","Maharashtra","521","Pune","Local","2300","3000","2650"
"2024-09-22","Potato","2492","Junnar(Otur)","27","Maharashtra","521","Pune","Local","1250","3150","2500"
"2024-09-22","Potato","4751","Pune(Manjri)","27","Maharashtra","521","Pune","Other","2000","3000","2800"
"2024-09-22","Potato","2495","Pune(Khadiki)","27","Maharashtra","521","Pune","Local","2000","2300","2150"
"2024-09-22","Potato","4752","Pune(Moshi)","27","Maharashtra","521","Pune","Local","2000","2300","2150"
"2024-09-22","Potato","2493","Khed(Chakan)","27","Maharashtra","521","Pune","Other","2000","2800","2500"
"2024-09-21","Potato","4751","Pune(Manjri)","27","Maharashtra","521","Pune","Other","2000","3200","2700"
"2024-09-21","Potato","2492","Junnar(Otur)","27","Maharashtra","521","Pune","Local","1000","3250","2500"
"2024-09-21","Potato","4752","Pune(Moshi)","27","Maharashtra","521","Pune","Local","1800","2200","2000"
"2024-09-21","Potato","2493","Khed(Chakan)","27","Maharashtra","521","Pune","Other","2000","3000","2500"
"2024-09-21","Potato","2495","Pune(Khadiki)","27","Maharashtra","521","Pune","Local","2400","2400","2400"
"2024-09-21","Potato","3960","Junnar(Narayangaon)","27","Maharashtra","521","Pune","Other","1000","3000","2500"
"2024-09-20","Potato","2492","Junnar(Otur)","27","Maharashtra","521","Pune","Local","1000","2600","1800"
"2024-09-20","Potato","4752","Pune(Moshi)","27","Maharashtra","521","Pune","Local","1800","2400","2100"
"2024-09-20","Potato","2493","Khed(Chakan)","27","Maharashtra","521","Pune","Other","2000","2800","2500"
"2024-09-20","Potato","2495","Pune(Khadiki)","27","Maharashtra","521","Pune","Local","2000","2400","2200"
"2024-09-20","Potato","4751","Pune(Manjri)","27","Maharashtra","521","Pune","Other","2000","3000","2600"
"2024-09-19","Potato","172","Pune","27","Maharashtra","521","Pune","Local","2200","3200","2700"
"2024-09-19","Potato","4752","Pune(Moshi)","27","Maharashtra","521","Pune","Local","1000","2400","1700"
"2024-09-19","Potato","4751","Pune(Manjri)","27","Maharashtra","521","Pune","Other","2000","3200","2700"
"2024-09-19","Potato","2495","Pune(Khadiki)","27","Maharashtra","521","Pune","Local","2000","2400","2200"
"2024-09-19","Potato","2493","Khed(Chakan)","27","Maharashtra","521","Pune","Other","2000","3000","2500"
"2024-09-19","Potato","2492","Junnar(Otur)","27","Maharashtra","521","Pune","Local","1000","2800","1900"
"2024-09-18","Potato","2493","Khed(Chakan)","27","Maharashtra","521","Pune","Other","2000","2800","2500"
"2024-09-17","Potato","172","Pune","27","Maharashtra","521","Pune","Local","2000","3200","2600"
"2024-09-17","Potato","4751","Pune(Manjri)","27","Maharashtra","521","Pune","Other","2000","3200","2800"
"2024-09-17","Potato","4752","Pune(Moshi)","27","Maharashtra","521","Pune","Local","2000","2400","2200"
"2024-09-17","Potato","2493","Khed(Chakan)","27","Maharashtra","521","Pune","Other","2000","2800","2500"
"2024-09-16","Potato","4751","Pune(Manjri)","27","Maharashtra","521","Pune","Other","2000","3000","2700"
"2024-09-16","Potato","4752","Pune(Moshi)","27","Maharashtra","521","Pune","Local","2000","2500","2250"
"2024-09-16","Potato","172","Pune","27","Maharashtra","521","Pune","Local","2000","3000","2500"
"2024-09-16","Potato","2495","Pune(Khadiki)","27","Maharashtra","521","Pune","Local","2000","2300","2150"
"2024-09-15","Potato","3960","Junnar(Narayangaon)","27","Maharashtra","521","Pune","Other","3000","3000","3000"
"2024-09-15","Potato","2493","Khed(Chakan)","27","Maharashtra","521","Pune","Other","2000","2800","2400"
"2024-09-15","Potato","2495","Pune(Khadiki)","27","Maharashtra","521","Pune","Local","2000","2400","2200"
"2024-09-15","Potato","4752","Pune(Moshi)","27","Maharashtra","521","Pune","Local","2000","2300","2150"
"2024-09-15","Potato","2492","Junnar(Otur)","27","Maharashtra","521","Pune","Local","1000","3010","2200"
"2024-09-15","Potato","172","Pune","27","Maharashtra","521","Pune","Local","1800","3000","2400"
"2024-09-15","Potato","4751","Pune(Manjri)","27","Maharashtra","521","Pune","Other","1800","3000","2800"
"2024-09-14","Potato","4751","Pune(Manjri)","27","Maharashtra","521","Pune","Other","2400","2800","2600"
"2024-09-14","Potato","4752","Pune(Moshi)","27","Maharashtra","521","Pune","Local","1800","2300","2050"
"2024-09-14","Potato","2492","Junnar(Otur)","27","Maharashtra","521","Pune","Local","1000","2510","1750"
"2024-09-14","Potato","2493","Khed(Chakan)","27","Maharashtra","521","Pune","Other","2000","2800","2300"
"2024-09-14","Potato","2495","Pune(Khadiki)","27","Maharashtra","521","Pune","Local","2000","2400","2200"
"2024-09-13","Potato","4752","Pune(Moshi)","27","Maharashtra","521","Pune","Local","2200","2300","2250"
"2024-09-13","Potato","2493","Khed(Chakan)","27","Maharashtra","521","Pune","Other","2000","2800","2400"
"2024-09-13","Potato","2492","Junnar(Otur)","27","Maharashtra","521","Pune","Local","1000","2250","1800"
"2024-09-13","Potato","4751","Pune(Manjri)","27","Maharashtra","521","Pune","Other","2000","3000","2600"
"2024-09-13","Potato","172","Pune","27","Maharashtra","521","Pune","Local","2000","3000","2500"
"2024-09-13","Potato","2495","Pune(Khadiki)","27","Maharashtra","521","Pune","Local","2000","2400","2200"
"2024-09-12","Potato","2493","Khed(Chakan)","27","Maharashtra","521","Pune","Other","2000","2800","2500"
"2024-09-12","Potato","4751","Pune(Manjri)","27","Maharashtra","521","Pune","Other","2200","2800","2600"
"2024-09-12","Potato","172","Pune","27","Maharashtra","521","Pune","Local","1600","3000","2300"
"2024-09-12","Potato","2495","Pune(Khadiki)","27","Maharashtra","521","Pune","Local","2000","2400","2200"
"2024-09-12","Potato","4752","Pune(Moshi)","27","Maharashtra","521","Pune","Local","2000","2300","2150"
"2024-09-11","Potato","4751","Pune(Manjri)","27","Maharashtra","521","Pune","Other","2400","2800","2600"
"2024-09-11","Potato","172","Pune","27","Maharashtra","521","Pune","Local","2000","3000","2500"
"2024-09-11","Potato","2493","Khed(Chakan)","27","Maharashtra","521","Pune","Other","2000","2800","2500"
"2024-09-10","Potato","4752","Pune(Moshi)","27","Maharashtra","521","Pune","Local","1800","2400","2100"
"2024-09-10","Potato","4751","Pune(Manjri)","27","Maharashtra","521","Pune","Other","2000","3500","2800"
"2024-09-10","Potato","172","Pune","27","Maharashtra","521","Pune","Local","1800","3000","2400"
"2024-09-10","Potato","2493","Khed(Chakan)","27","Maharashtra","521","Pune","Other","2000","2800","2500"
"2024-09-09","Potato","172","Pune","27","Maharashtra","521","Pune","Local","1800","3000","2400"
"2024-09-09","Potato","577","Manchar","27","Maharashtra","521","Pune","Other","1500","2700","2125"
"2024-09-09","Potato","2495","Pune(Khadiki)","27","Maharashtra","521","Pune","Local","2000","2400","2200"
"2024-09-09","Potato","4751","Pune(Manjri)","27","Maharashtra","521","Pune","Other","2500","3200","2800"
"2024-09-09","Potato","4752","Pune(Moshi)","27","Maharashtra","521","Pune","Local","2200","2400","2300"
"2024-09-08","Potato","4751","Pune(Manjri)","27","Maharashtra","521","Pune","Other","2000","3500","2800"
"2024-09-08","Potato","2493","Khed(Chakan)","27","Maharashtra","521","Pune","Other","2200","2800","2600"
"2024-09-08","Potato","4752","Pune(Moshi)","27","Maharashtra","521","Pune","Local","2000","2400","2200"
"2024-09-08","Potato","3960","Junnar(Narayangaon)","27","Maharashtra","521","Pune","Other","2800","3000","3000"
"2024-09-08","Potato","2495","Pune(Khadiki)","27","Maharashtra","521","Pune","Local","2000","2400","2200"
"2024-09-08","Potato","172","Pune","27","Maharashtra","521","Pune","Local","2000","3000","2500"
"2024-09-07","Potato","4751","Pune(Manjri)","27","Maharashtra","521","Pune","Other","2000","3000","2800"
"2024-09-07","Potato","2495","Pune(Khadiki)","27","Maharashtra","521","Pune","Local","2000","2400","2200"
"2024-09-07","Potato","2493","Khed(Chakan)","27","Maharashtra","521","Pune","Other","2200","3000","2700"
"2024-09-07","Potato","4752","Pune(Moshi)","27","Maharashtra","521","Pune","Local","2000","2400","2200"
"2024-09-06","Potato","4751","Pune(Manjri)","27","Maharashtra","521","Pune","Other","2500","3200","2800"
"2024-09-06","Potato","4752","Pune(Moshi)","27","Maharashtra","521","Pune","Local","2200","2400","2300"
"2024-09-06","Potato","2493","Khed(Chakan)","27","Maharashtra","521","Pune","Other","2200","2800","2500"
"2024-09-06","Potato","2495","Pune(Khadiki)","27","Maharashtra","521","Pune","Local","2000","2600","2300"
"2024-09-06","Potato","172","Pune","27","Maharashtra","521","Pune","Local","2000","3000","2500"
"2024-09-05","Potato","4751","Pune(Manjri)","27","Maharashtra","521","Pune","Other","2000","3000","2800"
"2024-09-05","Potato","2495","Pune(Khadiki)","27","Maharashtra","521","Pune","Local","2000","2400","2200"
"2024-09-05","Potato","2493","Khed(Chakan)","27","Maharashtra","521","Pune","Other","2200","3000","2700"
"2024-09-05","Potato","4752","Pune(Moshi)","27","Maharashtra","521","Pune","Local","1500","2400","1950"
"2024-09-05","Potato","172","Pune","27","Maharashtra","521","Pune","Local","2200","3000","2600"
"2024-09-04","Potato","2495","Pune(Khadiki)","27","Maharashtra","521","Pune","Local","2000","2400","2200"
"2024-09-04","Potato","2493","Khed(Chakan)","27","Maharashtra","521","Pune","Other","2200","2800","2500"
"2024-09-04","Potato","172","Pune","27","Maharashtra","521","Pune","Local","2200","3000","2600"
"2024-09-04","Potato","4751","Pune(Manjri)","27","Maharashtra","521","Pune","Other","2200","3200","2800"
"2024-09-03","Potato","4752","Pune(Moshi)","27","Maharashtra","521","Pune","Local","2400","2400","2400"
"2024-09-03","Potato","4751","Pune(Manjri)","27","Maharashtra","521","Pune","Other","2200","3200","2800"
"2024-09-03","Potato","2495","Pune(Khadiki)","27","Maharashtra","521","Pune","Local","2000","2600","2300"
"2024-09-03","Potato","172","Pune","27","Maharashtra","521","Pune","Local","2500","3000","2750"
"2024-09-03","Potato","2493","Khed(Chakan)","27","Maharashtra","521","Pune","Other","2200","3000","2600"
"2024-09-02","Potato","577","Manchar","27","Maharashtra","521","Pune","Other","1500","2500","2150"
"2024-09-02","Potato","2495","Pune(Khadiki)","27","Maharashtra","521","Pune","Local","2000","2400","2200"
"2024-09-02","Potato","4752","Pune(Moshi)","27","Maharashtra","521","Pune","Local","2500","2500","2500"
"2024-09-02","Potato","172","Pune","27","Maharashtra","521","Pune","Local","2000","3000","2500"
"2024-09-02","Potato","4751","Pune(Manjri)","27","Maharashtra","521","Pune","Other","2000","3000","2500"
"2024-09-01","Potato","2495","Pune(Khadiki)","27","Maharashtra","521","Pune","Local","2000","2400","2200"
"2024-09-01","Potato","4752","Pune(Moshi)","27","Maharashtra","521","Pune","Local","1500","2600","2050"
"2024-09-01","Potato","4751","Pune(Manjri)","27","Maharashtra","521","Pune","Other","2000","3500","3000"
"2024-09-01","Potato","577","Manchar","27","Maharashtra","521","Pune","Other","2250","2250","2250"
"2024-09-01","Potato","2493","Khed(Chakan)","27","Maharashtra","521","Pune","Other","2200","3000","2600"
"2024-09-01","Potato","172","Pune","27","Maharashtra","521","Pune","Local","2500","3000","2750"
"2024-08-31","Potato","2493","Khed(Chakan)","27","Maharashtra","521","Pune","Other","2200","3000","2600"
"2024-08-31","Potato","4751","Pune(Manjri)","27","Maharashtra","521","Pune","Other","2400","2800","2600"
"2024-08-31","Potato","4752","Pune(Moshi)","27","Maharashtra","521","Pune","Local","2200","2400","2300"
"2024-08-31","Potato","2495","Pune(Khadiki)","27","Maharashtra","521","Pune","Local","2000","2300","2150"
"2024-08-30","Potato","4752","Pune(Moshi)","27","Maharashtra","521","Pune","Local","2000","2400","2200"
"2024-08-30","Potato","2493","Khed(Chakan)","27","Maharashtra","521","Pune","Other","2300","3000","2600"
"2024-08-30","Potato","4751","Pune(Manjri)","27","Maharashtra","521","Pune","Other","2500","3500","3000"
"2024-08-30","Potato","172","Pune","27","Maharashtra","521","Pune","Local","2200","3000","2600"
"2024-08-30","Potato","2495","Pune(Khadiki)","27","Maharashtra","521","Pune","Local","2000","2300","2150"
"2024-08-29","Potato","4751","Pune(Manjri)","27","Maharashtra","521","Pune","Other","2500","3500","3000"
"2024-08-29","Potato","4752","Pune(Moshi)","27","Maharashtra","521","Pune","Local","1400","2700","2050"
"2024-08-29","Potato","2495","Pune(Khadiki)","27","Maharashtra","521","Pune","Local","2000","2400","2200"
"2024-08-29","Potato","2493","Khed(Chakan)","27","Maharashtra","521","Pune","Other","2300","3000","2700"
"2024-08-29","Potato","172","Pune","27","Maharashtra","521","Pune","Local","2200","3000","2600"
"2024-08-28","Potato","2493","Khed(Chakan)","27","Maharashtra","521","Pune","Other","2300","3000","2700"
"2024-08-28","Potato","2495","Pune(Khadiki)","27","Maharashtra","521","Pune","Local","2000","2300","2150"
"2024-08-28","Potato","4751","Pune(Manjri)","27","Maharashtra","521","Pune","Other","2500","3500","3000"
"2024-08-28","Potato","172","Pune","27","Maharashtra","521","Pune","Local","2300","3000","2650"
"2024-08-27","Potato","2495","Pune(Khadiki)","27","Maharashtra","521","Pune","Local","2000","2400","2200"
"2024-08-27","Potato","2493","Khed(Chakan)","27","Maharashtra","521","Pune","Other","2300","3000","2700"
"2024-08-27","Potato","4752","Pune(Moshi)","27","Maharashtra","521","Pune","Local","2200","2600","2400"
"2024-08-27","Potato","4751","Pune(Manjri)","27","Maharashtra","521","Pune","Other","2400","2800","2600"
"2024-08-27","Potato","172","Pune","27","Maharashtra","521","Pune","Local","2300","3000","2650"
"2024-08-26","Potato","2495","Pune(Khadiki)","27","Maharashtra","521","Pune","Local","2400","2400","2400"
"2024-08-26","Potato","4751","Pune(Manjri)","27","Maharashtra","521","Pune","Other","2000","3500","3000"
"2024-08-26","Potato","4752","Pune(Moshi)","27","Maharashtra","521","Pune","Local","2200","2600","2400"
"2024-08-26","Potato","172","Pune","27","Maharashtra","521","Pune","Local","2300","2800","2550"
"2024-08-25","Potato","4751","Pune(Manjri)","27","Maharashtra","521","Pune","Other","2000","3500","3000"
"2024-08-25","Potato","2495","Pune(Khadiki)","27","Maharashtra","521","Pune","Local","2000","2300","2150"
"2024-08-25","Potato","2493","Khed(Chakan)","27","Maharashtra","521","Pune","Other","2300","3000","2700"
"2024-08-25","Potato","4752","Pune(Moshi)","27","Maharashtra","521","Pune","Local","2000","2500","2250"
"2024-08-25","Potato","577","Manchar","27","Maharashtra","521","Pune","Other","1000","2500","1800"
"2024-08-25","Potato","172","Pune","27","Maharashtra","521","Pune","Local","2300","2900","2600"
"2024-08-24","Potato","4752","Pune(Moshi)","27","Maharashtra","521","Pune","Local","2200","2500","2350"
"2024-08-24","Potato","2495","Pune(Khadiki)","27","Maharashtra","521","Pune","Local","2200","2200","2200"
"2024-08-24","Potato","4751","Pune(Manjri)","27","Maharashtra","521","Pune","Other","2000","3500","3000"
"2024-08-24","Potato","2493","Khed(Chakan)","27","Maharashtra","521","Pune","Other","2300","3000","2700"
"2024-08-23","Potato","172","Pune","27","Maharashtra","521","Pune","Local","2500","3000","2750"
"2024-08-23","Potato","2493","Khed(Chakan)","27","Maharashtra","521","Pune","Other","2300","3000","2700"
"2024-08-23","Potato","4752","Pune(Moshi)","27","Maharashtra","521","Pune","Local","2000","2600","2300"
"2024-08-23","Potato","4751","Pune(Manjri)","27","Maharashtra","521","Pune","Other","2000","3500","3000"
"2024-08-23","Potato","2495","Pune(Khadiki)","27","Maharashtra","521","Pune","Local","2300","2300","2300"
"2024-08-22","Potato","4752","Pune(Moshi)","27","Maharashtra","521","Pune","Local","2600","3200","2900"
"2024-08-22","Potato","2493","Khed(Chakan)","27","Maharashtra","521","Pune","Other","2200","3000","2600"
"2024-08-22","Potato","172","Pune","27","Maharashtra","521","Pune","Local","2500","3000","2750"
"2024-08-22","Potato","4751","Pune(Manjri)","27","Maharashtra","521","Pune","Other","2500","3500","3000"
"2024-08-21","Potato","172","Pune","27","Maharashtra","521","Pune","Local","2300","3000","2650"
"2024-08-21","Potato","2493","Khed(Chakan)","27","Maharashtra","521","Pune","Other","2400","3000","2800"
"2024-08-21","Potato","4751","Pune(Manjri)","27","Maharashtra","521","Pune","Other","2000","3000","2500"
"2024-08-21","Potato","2495","Pune(Khadiki)","27","Maharashtra","521","Pune","Local","2000","2200","2100"
"2024-08-20","Potato","4752","Pune(Moshi)","27","Maharashtra","521","Pune","Local","2300","2600","2450"
"2024-08-20","Potato","4751","Pune(Manjri)","27","Maharashtra","521","Pune","Other","2400","2800","2600"
"2024-08-20","Potato","2495","Pune(Khadiki)","27","Maharashtra","521","Pune","Local","2000","2300","2150"
"2024-08-20","Potato","2493","Khed(Chakan)","27","Maharashtra","521","Pune","Other","2400","3000","2800"
"2024-08-20","Potato","172","Pune","27","Maharashtra","521","Pune","Local","2200","3000","2600"
"2024-08-19","Potato","4751","Pune(Manjri)","27","Maharashtra","521","Pune","Other","2400","2800","2600"
"2024-08-19","Potato","4752","Pune(Moshi)","27","Maharashtra","521","Pune","Local","1800","2700","2250"
"2024-08-19","Potato","2495","Pune(Khadiki)","27","Maharashtra","521","Pune","Local","2000","2400","2200"
"2024-08-18","Potato","4751","Pune(Manjri)","27","Maharashtra","521","Pune","Other","2400","2600","2500"
"2024-08-18","Potato","172","Pune","27","Maharashtra","521","Pune","Local","2400","2900","2650"
"2024-08-18","Potato","4752","Pune(Moshi)","27","Maharashtra","521","Pune","Local","2000","2700","2350"
"2024-08-17","Potato","4751","Pune(Manjri)","27","Maharashtra","521","Pune","Other","2400","2800","2600"
"2024-08-17","Potato","4752","Pune(Moshi)","27","Maharashtra","521","Pune","Local","2000","2600","2300"
"2024-08-16","Potato","2493","Khed(Chakan)","27","Maharashtra","521","Pune","Other","2000","3000","2600"
"2024-08-16","Potato","4752","Pune(Moshi)","27","Maharashtra","521","Pune","Local","2500","2800","2650"
"2024-08-16","Potato","4751","Pune(Manjri)","27","Maharashtra","521","Pune","Other","2500","2800","2600"
"2024-08-14","Potato","2493","Khed(Chakan)","27","Maharashtra","521","Pune","Other","2200","3000","2600"
"2024-08-14","Potato","172","Pune","27","Maharashtra","521","Pune","Local","2300","3000","2650"
"2024-08-14","Potato","4751","Pune(Manjri)","27","Maharashtra","521","Pune","Other","2000","3000","2800"
"2024-08-13","Potato","2495","Pune(Khadiki)","27","Maharashtra","521","Pune","Local","2000","2300","2150"
"2024-08-13","Potato","172","Pune","27","Maharashtra","521","Pune","Local","2200","3000","2600"
"2024-08-13","Potato","4752","Pune(Moshi)","27","Maharashtra","521","Pune","Local","2000","2800","2400"
"2024-08-12","Potato","4752","Pune(Moshi)","27","Maharashtra","521","Pune","Local","2800","3000","2900"
"2024-08-12","Potato","2495","Pune(Khadiki)","27","Maharashtra","521","Pune","Local","2000","2300","2150"
"2024-08-12","Potato","4751","Pune(Manjri)","27","Maharashtra","521","Pune","Other","2600","2800","2700"
"2024-08-12","Potato","172","Pune","27","Maharashtra","521","Pune","Local","2300","2800","2550"
"2024-08-11","Potato","172","Pune","27","Maharashtra","521","Pune","Local","2200","2800","2500"
"2024-08-11","Potato","577","Manchar","27","Maharashtra","521","Pune","Local","2200","2200","2200"
"2024-08-11","Potato","2493","Khed(Chakan)","27","Maharashtra","521","Pune","Other","2400","3000","2700"
"2024-08-11","Potato","4752","Pune(Moshi)","27","Maharashtra","521","Pune","Local","2000","2800","2400"
"2024-08-11","Potato","4751","Pune(Manjri)","27","Maharashtra","521","Pune","Other","2600","2800","2700"
"2024-08-11","Potato","2495","Pune(Khadiki)","27","Maharashtra","521","Pune","Local","2000","2300","2150"
"2024-08-10","Potato","3960","Junnar(Narayangaon)","27","Maharashtra","521","Pune","Other","2000","3000","3000"
"2024-08-10","Potato","4751","Pune(Manjri)","27","Maharashtra","521","Pune","Other","2600","2800","2700"
"2024-08-10","Potato","2493","Khed(Chakan)","27","Maharashtra","521","Pune","Other","2400","3000","2700"
"2024-08-10","Potato","4752","Pune(Moshi)","27","Maharashtra","521","Pune","Local","2500","3000","2750"
"2024-08-09","Potato","2495","Pune(Khadiki)","27","Maharashtra","521","Pune","Local","2000","2300","2150"
"2024-08-09","Potato","3960","Junnar(Narayangaon)","27","Maharashtra","521","Pune","Other","3000","3000","3000"
"2024-08-09","Potato","172","Pune","27","Maharashtra","521","Pune","Local","2000","3000","2500"
"2024-08-09","Potato","4751","Pune(Manjri)","27","Maharashtra","521","Pune","Other","2400","2800","2600"
"2024-08-09","Potato","4752","Pune(Moshi)","27","Maharashtra","521","Pune","Local","2000","2800","2400"
"2024-08-08","Potato","172","Pune","27","Maharashtra","521","Pune","Local","2000","3000","2500"
"2024-08-08","Potato","2493","Khed(Chakan)","27","Maharashtra","521","Pune","Other","2400","3000","2700"
"2024-08-08","Potato","4751","Pune(Manjri)","27","Maharashtra","521","Pune","Other","2600","3000","2800"
"2024-08-08","Potato","4752","Pune(Moshi)","27","Maharashtra","521","Pune","Local","2000","2800","2400"
"2024-08-08","Potato","2495","Pune(Khadiki)","27","Maharashtra","521","Pune","Local","2000","2300","2150"
"2024-08-07","Potato","2495","Pune(Khadiki)","27","Maharashtra","521","Pune","Local","2000","2200","2100"
"2024-08-07","Potato","2493","Khed(Chakan)","27","Maharashtra","521","Pune","Other","2400","3000","2700"
"2024-08-07","Potato","4751","Pune(Manjri)","27","Maharashtra","521","Pune","Other","2500","2900","2700"
"2024-08-07","Potato","172","Pune","27","Maharashtra","521","Pune","Local","2000","3000","2500"
"2024-08-06","Potato","2495","Pune(Khadiki)","27","Maharashtra","521","Pune","Local","2000","2400","2200"
"2024-08-06","Potato","2493","Khed(Chakan)","27","Maharashtra","521","Pune","Other","2400","3000","2600"
"2024-08-06","Potato","4751","Pune(Manjri)","27","Maharashtra","521","Pune","Other","2600","2800","2700"
"2024-08-06","Potato","4752","Pune(Moshi)","27","Maharashtra","521","Pune","Local","2300","2800","2550"
"2024-08-05","Potato","3960","Junnar(Narayangaon)","27","Maharashtra","521","Pune","Other","3000","3000","3000"
"2024-08-05","Potato","172","Pune","27","Maharashtra","521","Pune","Local","2200","3000","2600"
"2024-08-05","Potato","4751","Pune(Manjri)","27","Maharashtra","521","Pune","Other","2600","3000","2800"
"2024-08-05","Potato","2495","Pune(Khadiki)","27","Maharashtra","521","Pune","Local","1800","2200","2000"
"2024-08-05","Potato","4752","Pune(Moshi)","27","Maharashtra","521","Pune","Local","2000","3000","2500"
"2024-08-04","Potato","2495","Pune(Khadiki)","27","Maharashtra","521","Pune","Local","1800","2200","2000"
"2024-08-04","Potato","172","Pune","27","Maharashtra","521","Pune","Local","2300","3000","2650"
"2024-08-04","Potato","3960","Junnar(Narayangaon)","27","Maharashtra","521","Pune","Other","2300","3000","3000"
"2024-08-04","Potato","577","Manchar","27","Maharashtra","521","Pune","Other","2000","2500","2225"
"2024-08-04","Potato","4751","Pune(Manjri)","27","Maharashtra","521","Pune","Other","2200","3000","2500"
"2024-08-04","Potato","2493","Khed(Chakan)","27","Maharashtra","521","Pune","Other","2500","3000","2700"
"2024-08-04","Potato","2492","Junnar(Otur)","27","Maharashtra","521","Pune","Local","1000","2110","1700"
"2024-08-04","Potato","4752","Pune(Moshi)","27","Maharashtra","521","Pune","Local","2200","2600","2400"
"2024-07-31","Potato","4751","Pune(Manjri)","27","Maharashtra","521","Pune","Other","2500","3000","2800"
"2024-07-31","Potato","2493","Khed(Chakan)","27","Maharashtra","521","Pune","Other","2500","3000","2700"
"2024-07-31","Potato","172","Pune","27","Maharashtra","521","Pune","Local","2500","3100","2800"
"2024-07-30","Potato","4752","Pune(Moshi)","27","Maharashtra","521","Pune","Local","2300","3000","2650"
"2024-07-30","Potato","2495","Pune(Khadiki)","27","Maharashtra","521","Pune","Local","1800","2200","2000"
"2024-07-30","Potato","4751","Pune(Manjri)","27","Maharashtra","521","Pune","Other","2600","2800","2700"
"2024-07-30","Potato","2493","Khed(Chakan)","27","Maharashtra","521","Pune","Other","2500","3000","2700"
"2024-07-30","Potato","172","Pune","27","Maharashtra","521","Pune","Local","2300","3100","2700"
"2024-07-29","Potato","4751","Pune(Manjri)","27","Maharashtra","521","Pune","Other","2400","2800","2600"
"2024-07-29","Potato","4752","Pune(Moshi)","27","Maharashtra","521","Pune","Local","2200","3000","2600"
"2024-07-29","Potato","172","Pune","27","Maharashtra","521","Pune","Local","2500","3100","2800"
"2024-07-29","Potato","2495","Pune(Khadiki)","27","Maharashtra","521","Pune","Local","2000","2400","2200"
"2024-07-28","Potato","4751","Pune(Manjri)","27","Maharashtra","521","Pune","Other","2600","3000","2800"
"2024-07-28","Potato","4752","Pune(Moshi)","27","Maharashtra","521","Pune","Local","2200","2600","2400"
"2024-07-28","Potato","172","Pune","27","Maharashtra","521","Pune","Local","2500","3100","2800"
"2024-07-27","Potato","2495","Pune(Khadiki)","27","Maharashtra","521","Pune","Local","2000","2400","2200"
"2024-07-27","Potato","3960","Junnar(Narayangaon)","27","Maharashtra","521","Pune","Other","1000","3000","2000"
"2024-07-27","Potato","4752","Pune(Moshi)","27","Maharashtra","521","Pune","Local","2300","3000","2650"
"2024-07-27","Potato","4751","Pune(Manjri)","27","Maharashtra","521","Pune","Other","2600","3000","2800"
"2024-07-26","Potato","2495","Pune(Khadiki)","27","Maharashtra","521","Pune","Local","2200","2200","2200"
"2024-07-26","Potato","172","Pune","27","Maharashtra","521","Pune","Local","2500","3000","2750"
"2024-07-26","Potato","2493","Khed(Chakan)","27","Maharashtra","521","Pune","Other","2000","3000","2500"
"2024-07-26","Potato","4752","Pune(Moshi)","27","Maharashtra","521","Pune","Local","2300","2500","2400"
"2024-07-26","Potato","4751","Pune(Manjri)","27","Maharashtra","521","Pune","Other","2600","3000","2800"
"2024-07-25","Potato","2493","Khed(Chakan)","27","Maharashtra","521","Pune","Other","2500","3000","2750"
"2024-07-25","Potato","172","Pune","27","Maharashtra","521","Pune","Local","2500","3000","2750"
"2024-07-25","Potato","4752","Pune(Moshi)","27","Maharashtra","521","Pune","Local","2000","2800","2400"
"2024-07-25","Potato","4751","Pune(Manjri)","27","Maharashtra","521","Pune","Other","2600","2800","2700"
"2024-07-24","Potato","2493","Khed(Chakan)","27","Maharashtra","521","Pune","Other","2500","3000","2750"
"2024-07-24","Potato","2495","Pune(Khadiki)","27","Maharashtra","521","Pune","Local","1700","2300","2000"
"2024-07-24","Potato","4751","Pune(Manjri)","27","Maharashtra","521","Pune","Other","2500","2800","2700"
"2024-07-24","Potato","172","Pune","27","Maharashtra","521","Pune","Local","2500","3100","2800"
"2024-07-23","Potato","4752","Pune(Moshi)","27","Maharashtra","521","Pune","Local","2200","3000","2600"
"2024-07-23","Potato","2493","Khed(Chakan)","27","Maharashtra","521","Pune","Other","2500","3000","2700"
"2024-07-23","Potato","4751","Pune(Manjri)","27","Maharashtra","521","Pune","Other","2600","3000","2800"
"2024-07-23","Potato","172","Pune","27","Maharashtra","521","Pune","Local","2500","3100","2800"
"2024-07-22","Potato","4751","Pune(Manjri)","27","Maharashtra","521","Pune","Other","2400","2800","2600"
"2024-07-22","Potato","2495","Pune(Khadiki)","27","Maharashtra","521","Pune","Local","1700","2300","2000"
"2024-07-22","Potato","4752","Pune(Moshi)","27","Maharashtra","521","Pune","Local","2500","3000","2750"
"2024-07-22","Potato","172","Pune","27","Maharashtra","521","Pune","Local","2500","3100","2800"
"2024-07-21","Potato","172","Pune","27","Maharashtra","521","Pune","Local","2500","3100","2800"
"2024-07-21","Potato","2492","Junnar(Otur)","27","Maharashtra","521","Pune","Local","1000","2110","1500"
"2024-07-21","Potato","4752","Pune(Moshi)","27","Maharashtra","521","Pune","Local","2200","2700","2450"
"2024-07-21","Potato","4751","Pune(Manjri)","27","Maharashtra","521","Pune","Other","2600","2800","2700"
"2024-07-20","Potato","4752","Pune(Moshi)","27","Maharashtra","521","Pune","Local","2200","3000","2600"
"2024-07-20","Potato","4751","Pune(Manjri)","27","Maharashtra","521","Pune","Other","2000","2800","2400"
"2024-07-20","Potato","3960","Junnar(Narayangaon)","27","Maharashtra","521","Pune","Other","2000","3000","2500"
"2024-07-20","Potato","2495","Pune(Khadiki)","27","Maharashtra","521","Pune","Local","1600","2200","1900"
"2024-07-19","Potato","2495","Pune(Khadiki)","27","Maharashtra","521","Pune","Local","2000","2400","2200"
"2024-07-19","Potato","4752","Pune(Moshi)","27","Maharashtra","521","Pune","Local","2400","2800","2600"
"2024-07-19","Potato","172","Pune","27","Maharashtra","521","Pune","Local","2500","3100","2800"
"2024-07-19","Potato","2493","Khed(Chakan)","27","Maharashtra","521","Pune","Other","2400","3000","2800"
"2024-07-19","Potato","4751","Pune(Manjri)","27","Maharashtra","521","Pune","Other","2000","2800","2400"
"2024-07-18","Potato","4751","Pune(Manjri)","27","Maharashtra","521","Pune","Other","2000","3000","2700"
"2024-07-18","Potato","2493","Khed(Chakan)","27","Maharashtra","521","Pune","Other","2500","3000","2750"
"2024-07-18","Potato","172","Pune","27","Maharashtra","521","Pune","Local","2500","3100","2800"
"2024-07-18","Potato","4752","Pune(Moshi)","27","Maharashtra","521","Pune","Local","2000","2600","2300"
"2024-07-17","Potato","4751","Pune(Manjri)","27","Maharashtra","521","Pune","Other","2400","3000","2800"
"2024-07-17","Potato","2493","Khed(Chakan)","27","Maharashtra","521","Pune","Other","2500","3000","2750"
"2024-07-16","Potato","172","Pune","27","Maharashtra","521","Pune","Local","2500","3000","2750"
"2024-07-16","Potato","2495","Pune(Khadiki)","27","Maharashtra","521","Pune","Local","2200","2300","2250"
"2024-07-16","Potato","2493","Khed(Chakan)","27","Maharashtra","521","Pune","Other","2400","3000","2600"
"2024-07-16","Potato","4752","Pune(Moshi)","27","Maharashtra","521","Pune","Local","2000","3000","2500"
"2024-07-16","Potato","4751","Pune(Manjri)","27","Maharashtra","521","Pune","Other","2000","3000","2500"
"2024-07-15","Potato","172","Pune","27","Maharashtra","521","Pune","Local","2500","3000","2750"
"2024-07-15","Potato","2495","Pune(Khadiki)","27","Maharashtra","521","Pune","Local","2000","2600","2300"
"2024-07-15","Potato","4751","Pune(Manjri)","27","Maharashtra","521","Pune","Other","2500","3000","2800"
"2024-07-15","Potato","4752","Pune(Moshi)","27","Maharashtra","521","Pune","Local","1800","2500","2300"
"2024-07-14","Potato","172","Pune","27","Maharashtra","521","Pune","Local","2500","3000","2750"
"2024-07-14","Potato","2495","Pune(Khadiki)","27","Maharashtra","521","Pune","Local","2000","2400","2200"
"2024-07-14","Potato","4752","Pune(Moshi)","27","Maharashtra","521","Pune","Local","2300","2600","2450"
"2024-07-14","Potato","4751","Pune(Manjri)","27","Maharashtra","521","Pune","Other","2500","2800","2600"
"2024-07-13","Potato","2495","Pune(Khadiki)","27","Maharashtra","521","Pune","Local","2000","2300","2150"
"2024-07-13","Potato","4751","Pune(Manjri)","27","Maharashtra","521","Pune","Other","2000","2400","2200"
"2024-07-13","Potato","4752","Pune(Moshi)","27","Maharashtra","521","Pune","Local","2000","3000","2500"
"2024-07-12","Potato","4751","Pune(Manjri)","27","Maharashtra","521","Pune","Other","2000","2400","2200"
"2024-07-12","Potato","172","Pune","27","Maharashtra","521","Pune","Local","2500","3000","2750"
"2024-07-12","Potato","2495","Pune(Khadiki)","27","Maharashtra","521","Pune","Local","2000","2600","2300"
"2024-07-12","Potato","4752","Pune(Moshi)","27","Maharashtra","521","Pune","Local","2200","2800","2500"
"2024-07-12","Potato","3960","Junnar(Narayangaon)","27","Maharashtra","521","Pune","Other","3000","3000","3000"
"2024-07-11","Potato","172","Pune","27","Maharashtra","521","Pune","Local","2400","3000","2700"
"2024-07-11","Potato","4751","Pune(Manjri)","27","Maharashtra","521","Pune","Other","2200","2400","2300"
"2024-07-11","Potato","2492","Junnar(Otur)","27","Maharashtra","521","Pune","Local","1000","2100","1500"
"2024-07-11","Potato","2493","Khed(Chakan)","27","Maharashtra","521","Pune","Other","2500","3000","2700"
"2024-07-11","Potato","577","Manchar","27","Maharashtra","521","Pune","Other","1800","1800","1800"
"2024-07-11","Potato","4752","Pune(Moshi)","27","Maharashtra","521","Pune","Local","2300","3000","2650"
"2024-07-11","Potato","2495","Pune(Khadiki)","27","Maharashtra","521","Pune","Local","2000","2200","2100"
"2024-07-10","Potato","2493","Khed(Chakan)","27","Maharashtra","521","Pune","Other","2500","3000","2700"
"2024-07-10","Potato","172","Pune","27","Maharashtra","521","Pune","Local","2500","3000","2750"
"2024-07-10","Potato","577","Manchar","27","Maharashtra","521","Pune","Other","1800","1800","1800"
"2024-07-10","Potato","3960","Junnar(Narayangaon)","27","Maharashtra","521","Pune","Other","1000","3000","3000"
"2024-07-10","Potato","4751","Pune(Manjri)","27","Maharashtra","521","Pune","Other","2200","2400","2300"
"2024-07-09","Potato","2493","Khed(Chakan)","27","Maharashtra","521","Pune","Other","2500","3000","2750"
"2024-07-09","Potato","4751","Pune(Manjri)","27","Maharashtra","521","Pune","Other","2000","2200","2100"
"2024-07-09","Potato","172","Pune","27","Maharashtra","521","Pune","Local","2500","3100","2800"
"2024-07-09","Potato","4752","Pune(Moshi)","27","Maharashtra","521","Pune","Local","2600","3000","2800"
"2024-07-08","Potato","3960","Junnar(Narayangaon)","27","Maharashtra","521","Pune","Other","2800","3000","2900"
"2024-07-08","Potato","4752","Pune(Moshi)","27","Maharashtra","521","Pune","Local","2000","3000","2500"
"2024-07-08","Potato","2495","Pune(Khadiki)","27","Maharashtra","521","Pune","Local","2000","2400","2200"
"2024-07-08","Potato","172","Pune","27","Maharashtra","521","Pune","Local","2500","3100","2800"
"2024-07-08","Potato","4751","Pune(Manjri)","27","Maharashtra","521","Pune","Other","2200","2500","2300"
"2024-07-07","Potato","172","Pune","27","Maharashtra","521","Pune","Local","2500","3200","2850"
"2024-07-07","Potato","4752","Pune(Moshi)","27","Maharashtra","521","Pune","Local","2200","2700","2450"
"2024-07-07","Potato","4751","Pune(Manjri)","27","Maharashtra","521","Pune","Other","2200","3000","2400"
"2024-07-07","Potato","2495","Pune(Khadiki)","27","Maharashtra","521","Pune","Local","2000","2400","2200"
"2024-07-07","Potato","577","Manchar","27","Maharashtra","521","Pune","Other","1000","2500","1800"
"2024-07-06","Potato","2493","Khed(Chakan)","27","Maharashtra","521","Pune","Other","2500","3000","2750"
"2024-07-06","Potato","2495","Pune(Khadiki)","27","Maharashtra","521","Pune","Local","2000","2200","2100"
"2024-07-06","Potato","4751","Pune(Manjri)","27","Maharashtra","521","Pune","Other","2200","6000","2400"
"2024-07-06","Potato","3960","Junnar(Narayangaon)","27","Maharashtra","521","Pune","Other","2000","2900","2900"
"2024-07-06","Potato","4752","Pune(Moshi)","27","Maharashtra","521","Pune","Local","1800","2800","2300"
"2024-07-05","Potato","3960","Junnar(Narayangaon)","27","Maharashtra","521","Pune","Other","2900","2900","2900"
"2024-07-05","Potato","4752","Pune(Moshi)","27","Maharashtra","521","Pune","Local","1500","2800","2150"
"2024-07-05","Potato","4751","Pune(Manjri)","27","Maharashtra","521","Pune","Other","2200","2600","2400"
"2024-07-05","Potato","577","Manchar","27","Maharashtra","521","Pune","Other","1000","2500","1800"
"2024-07-05","Potato","2495","Pune(Khadiki)","27","Maharashtra","521","Pune","Local","2000","2300","2150"
"2024-07-05","Potato","172","Pune","27","Maharashtra","521","Pune","Local","2700","3100","2900"
"2024-07-05","Potato","2493","Khed(Chakan)","27","Maharashtra","521","Pune","Other","2500","3000","2700"
"2024-07-04","Potato","2492","Junnar(Otur)","27","Maharashtra","521","Pune","Local","1000","3110","2100"
"2024-07-04","Potato","2493","Khed(Chakan)","27","Maharashtra","521","Pune","Other","2500","3000","2700"
"2024-07-04","Potato","577","Manchar","27","Maharashtra","521","Pune","Other","1300","2200","1800"
"2024-07-04","Potato","3960","Junnar(Narayangaon)","27","Maharashtra","521","Pune","Other","2900","2900","2900"
"2024-07-04","Potato","172","Pune","27","Maharashtra","521","Pune","Local","2500","3100","2800"
"2024-07-04","Potato","4751","Pune(Manjri)","27","Maharashtra","521","Pune","Other","2200","2400","2300"
"2024-07-04","Potato","4752","Pune(Moshi)","27","Maharashtra","521","Pune","Other","1800","2500","2150"
"2024-07-04","Potato","2495","Pune(Khadiki)","27","Maharashtra","521","Pune","Local","2300","2700","2500"
"2024-07-03","Potato","2493","Khed(Chakan)","27","Maharashtra","521","Pune","Other","2500","3000","2700"
"2024-07-03","Potato","577","Manchar","27","Maharashtra","521","Pune","Other","1100","2000","1550"
"2024-07-03","Potato","3960","Junnar(Narayangaon)","27","Maharashtra","521","Pune","Other","1000","2900","2900"
"2024-07-03","Potato","4751","Pune(Manjri)","27","Maharashtra","521","Pune","Other","2000","2600","2400"
"2024-07-03","Potato","172","Pune","27","Maharashtra","521","Pune","Local","2400","3000","2700"
"2024-07-02","Potato","2493","Khed(Chakan)","27","Maharashtra","521","Pune","Other","2500","3000","2800"
"2024-07-02","Potato","4751","Pune(Manjri)","27","Maharashtra","521","Pune","Other","2000","2400","2200"
"2024-07-02","Potato","577","Manchar","27","Maharashtra","521","Pune","Other","1000","2000","1550"
"2024-07-02","Potato","4752","Pune(Moshi)","27","Maharashtra","521","Pune","Local","1700","2500","2100"
"2024-07-01","Potato","172","Pune","27","Maharashtra","521","Pune","Local","2200","3100","2650"
"2024-07-01","Potato","4752","Pune(Moshi)","27","Maharashtra","521","Pune","Local","1800","2500","2150"
"2024-07-01","Potato","4751","Pune(Manjri)","27","Maharashtra","521","Pune","Other","2200","2600","2400"
"2024-07-01","Potato","2495","Pune(Khadiki)","27","Maharashtra","521","Pune","Local","2000","2200","2100"
"2024-06-30","Potato","577","Manchar","27","Maharashtra","521","Pune","Local","1800","2000","1900"
"2024-06-30","Potato","172","Pune","27","Maharashtra","521","Pune","Local","2500","3100","2800"
"2024-06-30","Potato","4752","Pune(Moshi)","27","Maharashtra","521","Pune","Local","1800","2500","2150"
"2024-06-30","Potato","3960","Junnar(Narayangaon)","27","Maharashtra","521","Pune","Other","1800","2000","2000"
"2024-06-30","Potato","2495","Pune(Khadiki)","27","Maharashtra","521","Pune","Local","1800","2200","2000"
"2024-06-30","Potato","2493","Khed(Chakan)","27","Maharashtra","521","Pune","Other","2500","3000","2700"
"2024-06-29","Potato","4752","Pune(Moshi)","27","Maharashtra","521","Pune","Local","1800","2400","2100"
"2024-06-29","Potato","2493","Khed(Chakan)","27","Maharashtra","521","Pune","Other","2400","3000","2600"
"2024-06-29","Potato","4751","Pune(Manjri)","27","Maharashtra","521","Pune","Other","2400","2600","2500"
"2024-06-28","Potato","4752","Pune(Moshi)","27","Maharashtra","521","Pune","Local","1600","2200","1900"
"2024-06-28","Potato","172","Pune","27","Maharashtra","521","Pune","Local","2300","3000","2650"
"2024-06-28","Potato","2493","Khed(Chakan)","27","Maharashtra","521","Pune","Other","2500","3000","2500"
"2024-06-28","Potato","4751","Pune(Manjri)","27","Maharashtra","521","Pune","Other","2400","2600","2500"
"2024-06-28","Potato","2495","Pune(Khadiki)","27","Maharashtra","521","Pune","Local","2000","2200","2100"
"2024-06-27","Potato","2493","Khed(Chakan)","27","Maharashtra","521","Pune","Other","2400","3000","2600"
"2024-06-27","Potato","4751","Pune(Manjri)","27","Maharashtra","521","Pune","Other","2400","2600","2500"
"2024-06-27","Potato","172","Pune","27","Maharashtra","521","Pune","Local","2400","3000","2700"
"2024-06-27","Potato","4752","Pune(Moshi)","27","Maharashtra","521","Pune","Other","1600","2500","2050"
"2024-06-26","Potato","2495","Pune(Khadiki)","27","Maharashtra","521","Pune","Local","2000","2300","2150"
"2024-06-26","Potato","172","Pune","27","Maharashtra","521","Pune","Local","2200","3000","2600"
"2024-06-26","Potato","4751","Pune(Manjri)","27","Maharashtra","521","Pune","Other","2800","3000","2900"
"2024-06-26","Potato","2493","Khed(Chakan)","27","Maharashtra","521","Pune","Other","2400","3000","2800"
"2024-06-25","Potato","2495","Pune(Khadiki)","27","Maharashtra","521","Pune","Local","2000","2200","2100"
"2024-06-25","Potato","4752","Pune(Moshi)","27","Maharashtra","521","Pune","Local","1700","2800","2250"
"2024-06-25","Potato","2493","Khed(Chakan)","27","Maharashtra","521","Pune","Other","2400","2900","2700"
"2024-06-25","Potato","172","Pune","27","Maharashtra","521","Pune","Local","2200","3000","2600"
"2024-06-25","Potato","4751","Pune(Manjri)","27","Maharashtra","521","Pune","Other","2600","3200","2900"
"2024-06-24","Potato","4751","Pune(Manjri)","27","Maharashtra","521","Pune","Other","2600","3000","2800"
"2024-06-24","Potato","4752","Pune(Moshi)","27","Maharashtra","521","Pune","Local","1800","2200","2000"
"2024-06-24","Potato","172","Pune","27","Maharashtra","521","Pune","Local","2500","3000","2750"
"2024-06-24","Potato","2495","Pune(Khadiki)","27","Maharashtra","521","Pune","Local","1800","2200","2000"
"2024-06-23","Potato","4751","Pune(Manjri)","27","Maharashtra","521","Pune","Other","2500","2800","2700"
"2024-06-23","Potato","2495","Pune(Khadiki)","27","Maharashtra","521","Pune","Local","2200","2200","2200"
"2024-06-23","Potato","172","Pune","27","Maharashtra","521","Pune","Local","2400","2900","2650"
"2024-06-23","Potato","3960","Junnar(Narayangaon)","27","Maharashtra","521","Pune","Other","2500","2800","2800"
"2024-06-23","Potato","4752","Pune(Moshi)","27","Maharashtra","521","Pune","Local","1800","2200","2000"
"2024-06-22","Potato","3960","Junnar(Narayangaon)","27","Maharashtra","521","Pune","Other","2800","2800","2800"
"2024-06-22","Potato","4752","Pune(Moshi)","27","Maharashtra","521","Pune","Local","1800","2400","2100"
"2024-06-22","Potato","4751","Pune(Manjri)","27","Maharashtra","521","Pune","Other","2500","2800","2700"
"2024-06-21","Potato","3960","Junnar(Narayangaon)","27","Maharashtra","521","Pune","Other","2000","2800","2300"
"2024-06-21","Potato","4752","Pune(Moshi)","27","Maharashtra","521","Pune","Local","1800","2200","2000"
"2024-06-21","Potato","172","Pune","27","Maharashtra","521","Pune","Local","2500","3000","2750"
"2024-06-21","Potato","4751","Pune(Manjri)","27","Maharashtra","521","Pune","Other","2400","2800","2600"
"2024-06-21","Potato","2493","Khed(Chakan)","27","Maharashtra","521","Pune","Other","2200","2800","2500"
"2024-06-20","Potato","4752","Pune(Moshi)","27","Maharashtra","521","Pune","Local","1800","2000","1900"
"2024-06-20","Potato","2493","Khed(Chakan)","27","Maharashtra","521","Pune","Other","2200","2800","2400"
"2024-06-20","Potato","172","Pune","27","Maharashtra","521","Pune","Local","2500","3000","2750"
"2024-06-20","Potato","4751","Pune(Manjri)","27","Maharashtra","521","Pune","Other","2200","2800","2400"
"2024-06-19","Potato","172","Pune","27","Maharashtra","521","Pune","Local","2500","3000","2750"
"2024-06-19","Potato","2493","Khed(Chakan)","27","Maharashtra","521","Pune","Other","2300","2800","2500"
"2024-06-19","Potato","4751","Pune(Manjri)","27","Maharashtra","521","Pune","Other","2500","2800","2700"
"2024-06-18","Potato","2495","Pune(Khadiki)","27","Maharashtra","521","Pune","Local","1600","2000","1800"
"2024-06-18","Potato","172","Pune","27","Maharashtra","521","Pune","Local","2500","3000","2750"
"2024-06-18","Potato","4752","Pune(Moshi)","27","Maharashtra","521","Pune","Local","1800","2000","1900"
"2024-06-18","Potato","2493","Khed(Chakan)","27","Maharashtra","521","Pune","Other","2200","2800","2500"
"2024-06-18","Potato","4751","Pune(Manjri)","27","Maharashtra","521","Pune","Other","2400","3000","2700"
"2024-06-17","Potato","4752","Pune(Moshi)","27","Maharashtra","521","Pune","Local","1800","2000","1900"
"2024-06-17","Potato","4751","Pune(Manjri)","27","Maharashtra","521","Pune","Other","2500","3000","2700"
"2024-06-17","Potato","2495","Pune(Khadiki)","27","Maharashtra","521","Pune","Local","1600","2000","1800"
"2024-06-17","Potato","172","Pune","27","Maharashtra","521","Pune","Local","2500","2900","2700"
"2024-06-16","Potato","172","Pune","27","Maharashtra","521","Pune","Local","2500","2800","2650"
"2024-06-16","Potato","2493","Khed(Chakan)","27","Maharashtra","521","Pune","Other","2000","2700","2500"
"2024-06-16","Potato","4752","Pune(Moshi)","27","Maharashtra","521","Pune","Local","2000","2400","2200"
"2024-06-15","Potato","4752","Pune(Moshi)","27","Maharashtra","521","Pune","Local","1600","2400","2000"
"2024-06-15","Potato","4751","Pune(Manjri)","27","Maharashtra","521","Pune","Other","2500","2700","2600"
"2024-06-15","Potato","2493","Khed(Chakan)","27","Maharashtra","521","Pune","Other","2000","2700","2500"
"2024-06-15","Potato","2495","Pune(Khadiki)","27","Maharashtra","521","Pune","Local","1800","2200","2000"
"2024-06-14","Potato","172","Pune","27","Maharashtra","521","Pune","Local","2000","2800","2400"
"2024-06-14","Potato","4751","Pune(Manjri)","27","Maharashtra","521","Pune","Other","2200","2600","2400"
"2024-06-14","Potato","4752","Pune(Moshi)","27","Maharashtra","521","Pune","Local","1600","2000","1800"
"2024-06-13","Potato","4751","Pune(Manjri)","27","Maharashtra","521","Pune","Other","2000","2600","2300"
"2024-06-13","Potato","4752","Pune(Moshi)","27","Maharashtra","521","Pune","Local","1500","1800","1650"
"2024-06-13","Potato","172","Pune","27","Maharashtra","521","Pune","Local","2000","2700","2350"
"2024-06-13","Potato","3960","Junnar(Narayangaon)","27","Maharashtra","521","Pune","Other","2500","2700","2500"
"2024-06-13","Potato","2493","Khed(Chakan)","27","Maharashtra","521","Pune","Other","2000","2700","2300"
"2024-06-12","Potato","172","Pune","27","Maharashtra","521","Pune","Local","2000","2700","2350"
"2024-06-12","Potato","4751","Pune(Manjri)","27","Maharashtra","521","Pune","Other","2000","2600","2400"
"2024-06-12","Potato","2495","Pune(Khadiki)","27","Maharashtra","521","Pune","Local","2000","2000","2000"
"2024-06-11","Potato","2495","Pune(Khadiki)","27","Maharashtra","521","Pune","Local","1700","2000","1850"
"2024-06-11","Potato","4751","Pune(Manjri)","27","Maharashtra","521","Pune","Other","2200","2600","2400"
"2024-06-11","Potato","4752","Pune(Moshi)","27","Maharashtra","521","Pune","Local","1600","2000","1800"
"2024-06-11","Potato","2493","Khed(Chakan)","27","Maharashtra","521","Pune","Other","2000","2600","2400"
"2024-06-11","Potato","172","Pune","27","Maharashtra","521","Pune","Local","2000","2700","2350"
"2024-06-11","Potato","577","Manchar","27","Maharashtra","521","Pune","Other","1000","1800","1450"
"2024-06-10","Potato","2493","Khed(Chakan)","27","Maharashtra","521","Pune","Other","1900","2700","2400"
"2024-06-10","Potato","3960","Junnar(Narayangaon)","27","Maharashtra","521","Pune","Other","2700","2700","2700"
"2024-06-10","Potato","2495","Pune(Khadiki)","27","Maharashtra","521","Pune","Local","2000","2000","2000"
"2024-06-10","Potato","4752","Pune(Moshi)","27","Maharashtra","521","Pune","Local","2000","2200","2100"
"2024-06-10","Potato","172","Pune","27","Maharashtra","521","Pune","Local","2000","2700","2350"
"2024-06-10","Potato","4751","Pune(Manjri)","27","Maharashtra","521","Pune","Other","2000","2600","2400"
"2024-06-09","Potato","2492","Junnar(Otur)","27","Maharashtra","521","Pune","Local","1000","2000","1600"
"2024-06-09","Potato","172","Pune","27","Maharashtra","521","Pune","Local","2000","2700","2350"
"2024-06-09","Potato","2493","Khed(Chakan)","27","Maharashtra","521","Pune","Other","1900","2700","2400"
"2024-06-09","Potato","2495","Pune(Khadiki)","27","Maharashtra","521","Pune","Local","2000","2200","2100"
"2024-06-09","Potato","3960","Junnar(Narayangaon)","27","Maharashtra","521","Pune","Other","2400","2400","2400"
"2024-06-09","Potato","4751","Pune(Manjri)","27","Maharashtra","521","Pune","Other","2000","2600","2400"
"2024-06-09","Potato","4752","Pune(Moshi)","27","Maharashtra","521","Pune","Local","1000","2000","1500"
"2024-06-08","Potato","4752","Pune(Moshi)","27","Maharashtra","521","Pune","Local","1600","2000","1800"
"2024-06-08","Potato","2495","Pune(Khadiki)","27","Maharashtra","521","Pune","Local","1700","2000","1850"
"2024-06-08","Potato","4751","Pune(Manjri)","27","Maharashtra","521","Pune","Other","2000","2600","2400"
"2024-06-08","Potato","2493","Khed(Chakan)","27","Maharashtra","521","Pune","Other","2000","2700","2500"
"2024-06-07","Potato","4752","Pune(Moshi)","27","Maharashtra","521","Pune","Local","1400","2300","1850"
"2024-06-07","Potato","172","Pune","27","Maharashtra","521","Pune","Local","2000","2700","2350"
"2024-06-07","Potato","3960","Junnar(Narayangaon)","27","Maharashtra","521","Pune","Other","2400","2700","2400"
"2024-06-07","Potato","2493","Khed(Chakan)","27","Maharashtra","521","Pune","Other","1900","2600","2300"
"2024-06-07","Potato","2495","Pune(Khadiki)","27","Maharashtra","521","Pune","Local","1800","2200","2000"
"2024-06-07","Potato","4751","Pune(Manjri)","27","Maharashtra","521","Pune","Other","2000","2700","2300"
"2024-06-06","Potato","4752","Pune(Moshi)","27","Maharashtra","521","Pune","Local","1500","2000","1750"
"2024-06-06","Potato","4751","Pune(Manjri)","27","Maharashtra","521","Pune","Other","2200","2600","2400"
"2024-06-06","Potato","172","Pune","27","Maharashtra","521","Pune","Local","2000","2700","2350"
"2024-06-06","Potato","2493","Khed(Chakan)","27","Maharashtra","521","Pune","Other","2000","2600","2300"
"2024-06-06","Potato","2495","Pune(Khadiki)","27","Maharashtra","521","Pune","Local","1800","2200","2000"
"2024-06-05","Potato","2495","Pune(Khadiki)","27","Maharashtra","521","Pune","Local","1700","2000","1850"
"2024-06-05","Potato","2493","Khed(Chakan)","27","Maharashtra","521","Pune","Other","1900","2700","2400"
"2024-06-05","Potato","172","Pune","27","Maharashtra","521","Pune","Local","2000","2700","2350"
"2024-06-05","Potato","4751","Pune(Manjri)","27","Maharashtra","521","Pune","Other","2000","2400","2200"
"2024-06-04","Potato","2493","Khed(Chakan)","27","Maharashtra","521","Pune","Other","1900","2600","2400"
"2024-06-04","Potato","172","Pune","27","Maharashtra","521","Pune","Local","2000","2600","2300"
"2024-06-04","Potato","4752","Pune(Moshi)","27","Maharashtra","521","Pune","Local","1800","2200","2000"
"2024-06-04","Potato","4751","Pune(Manjri)","27","Maharashtra","521","Pune","Other","2000","2400","2200"
"2024-06-03","Potato","3960","Junnar(Narayangaon)","27","Maharashtra","521","Pune","Other","1500","2700","2300"
"2024-06-03","Potato","172","Pune","27","Maharashtra","521","Pune","Local","2000","2700","2350"
"2024-06-03","Potato","4751","Pune(Manjri)","27","Maharashtra","521","Pune","Other","2200","2600","2400"
"2024-06-03","Potato","2495","Pune(Khadiki)","27","Maharashtra","521","Pune","Local","1800","2000","1900"
"2024-06-03","Potato","4752","Pune(Moshi)","27","Maharashtra","521","Pune","Local","1800","2100","1950"
"2024-06-02","Potato","4752","Pune(Moshi)","27","Maharashtra","521","Pune","Local","1400","2000","1700"
"2024-06-02","Potato","4751","Pune(Manjri)","27","Maharashtra","521","Pune","Other","1800","2500","2200"
"2024-06-02","Potato","2492","Junnar(Otur)","27","Maharashtra","521","Pune","Local","800","1800","1400"
"2024-06-02","Potato","172","Pune","27","Maharashtra","521","Pune","Local","2000","2700","2350"
"2024-06-02","Potato","2495","Pune(Khadiki)","27","Maharashtra","521","Pune","Local","1800","2200","2000"
"2024-06-02","Potato","3960","Junnar(Narayangaon)","27","Maharashtra","521","Pune","Other","2400","2700","2400"
"2024-06-01","Potato","2493","Khed(Chakan)","27","Maharashtra","521","Pune","Other","1800","2700","2200"
"2024-06-01","Potato","4751","Pune(Manjri)","27","Maharashtra","521","Pune","Other","1800","2500","2200"
"2024-06-01","Potato","4752","Pune(Moshi)","27","Maharashtra","521","Pune","Local","1400","2200","1800"
"2024-06-01","Potato","3960","Junnar(Narayangaon)","27","Maharashtra","521","Pune","Other","2400","3500","2800"
"2024-06-01","Potato","2495","Pune(Khadiki)","27","Maharashtra","521","Pune","Local","2200","2200","2200"
"2024-05-31","Potato","4751","Pune(Manjri)","27","Maharashtra","521","Pune","Other","1800","2600","2200"
"2024-05-31","Potato","4752","Pune(Moshi)","27","Maharashtra","521","Pune","Local","1800","2000","1900"
"2024-05-31","Potato","3960","Junnar(Narayangaon)","27","Maharashtra","521","Pune","Other","2400","2400","2400"
"2024-05-31","Potato","2493","Khed(Chakan)","27","Maharashtra","521","Pune","Other","1900","2600","2200"
"2024-05-31","Potato","172","Pune","27","Maharashtra","521","Pune","Local","1800","2700","2250"
"2024-05-30","Potato","172","Pune","27","Maharashtra","521","Pune","Local","2000","2700","2350"
"2024-05-30","Potato","2495","Pune(Khadiki)","27","Maharashtra","521","Pune","Local","2000","2000","2000"
"2024-05-30","Potato","4752","Pune(Moshi)","27","Maharashtra","521","Pune","Local","1300","2500","1900"
"2024-05-29","Potato","4751","Pune(Manjri)","27","Maharashtra","521","Pune","Other","2000","2200","2100"
"2024-05-29","Potato","2495","Pune(Khadiki)","27","Maharashtra","521","Pune","Local","1600","2000","1800"
"2024-05-29","Potato","3960","Junnar(Narayangaon)","27","Maharashtra","521","Pune","Other","1000","2700","2400"
"2024-05-29","Potato","2493","Khed(Chakan)","27","Maharashtra","521","Pune","Other","1900","2600","2300"
"2024-05-29","Potato","172","Pune","27","Maharashtra","521","Pune","Local","2000","2700","2350"
"2024-05-28","Potato","4752","Pune(Moshi)","27","Maharashtra","521","Pune","Local","1800","1800","1800"
"2024-05-28","Potato","2493","Khed(Chakan)","27","Maharashtra","521","Pune","Other","2000","2600","2300"
"2024-05-28","Potato","4751","Pune(Manjri)","27","Maharashtra","521","Pune","Other","2000","2200","2100"
"2024-05-28","Potato","2495","Pune(Khadiki)","27","Maharashtra","521","Pune","Local","1600","2000","1800"
"2024-05-27","Potato","2495","Pune(Khadiki)","27","Maharashtra","521","Pune","Local","2000","2000","2000"
"2024-05-27","Potato","4751","Pune(Manjri)","27","Maharashtra","521","Pune","Other","1800","2200","2000"
"2024-05-27","Potato","172","Pune","27","Maharashtra","521","Pune","Local","2000","2600","2300"
"2024-05-27","Potato","4752","Pune(Moshi)","27","Maharashtra","521","Pune","Local","1400","2000","1700"
"2024-05-27","Potato","3960","Junnar(Narayangaon)","27","Maharashtra","521","Pune","Other","800","2700","2200"
"2024-05-26","Potato","4752","Pune(Moshi)","27","Maharashtra","521","Pune","Local","1300","1800","1550"
"2024-05-26","Potato","172","Pune","27","Maharashtra","521","Pune","Local","2000","2600","2300"
"2024-05-26","Potato","2493","Khed(Chakan)","27","Maharashtra","521","Pune","Other","1900","2600","2300"
"2024-05-26","Potato","2495","Pune(Khadiki)","27","Maharashtra","521","Pune","Local","1600","2000","1800"
"2024-05-25","Potato","4751","Pune(Manjri)","27","Maharashtra","521","Pune","Other","1500","3000","2500"
"2024-05-25","Potato","3960","Junnar(Narayangaon)","27","Maharashtra","521","Pune","Other","2400","2700","2400"
"2024-05-25","Potato","4752","Pune(Moshi)","27","Maharashtra","521","Pune","Local","1600","2000","1800"
"2024-05-25","Potato","2492","Junnar(Otur)","27","Maharashtra","521","Pune","Local","500","1300","900"
"2024-05-25","Potato","2495","Pune(Khadiki)","27","Maharashtra","521","Pune","Local","1800","2000","1900"
"2024-05-25","Potato","2493","Khed(Chakan)","27","Maharashtra","521","Pune","Other","1900","2600","2400"
"2024-05-24","Potato","172","Pune","27","Maharashtra","521","Pune","Local","2000","2600","2600"
"2024-05-24","Potato","4751","Pune(Manjri)","27","Maharashtra","521","Pune","Other","1500","3000","2500"
"2024-05-24","Potato","3960","Junnar(Narayangaon)","27","Maharashtra","521","Pune","Other","1000","2700","2200"
"2024-05-24","Potato","2495","Pune(Khadiki)","27","Maharashtra","521","Pune","Local","1600","2000","1800"
"2024-05-24","Potato","2493","Khed(Chakan)","27","Maharashtra","521","Pune","Other","1900","2600","2200"
"2024-05-24","Potato","4752","Pune(Moshi)","27","Maharashtra","521","Pune","Local","1400","1800","1600"
"2024-05-23","Potato","172","Pune","27","Maharashtra","521","Pune","Local","2000","2700","2350"
"2024-05-23","Potato","2495","Pune(Khadiki)","27","Maharashtra","521","Pune","Local","1700","2100","1800"
"2024-05-23","Potato","2492","Junnar(Otur)","27","Maharashtra","521","Pune","Local","1000","2100","1600"
"2024-05-23","Potato","4752","Pune(Moshi)","27","Maharashtra","521","Pune","Local","1300","2000","1650"
"2024-05-23","Potato","4751","Pune(Manjri)","27","Maharashtra","521","Pune","Other","1800","2200","2000"
"2024-05-23","Potato","2493","Khed(Chakan)","27","Maharashtra","521","Pune","Other","1900","2600","2300"
"2024-05-22","Potato","2493","Khed(Chakan)","27","Maharashtra","521","Pune","Other","1900","2600","2300"
"2024-05-22","Potato","4751","Pune(Manjri)","27","Maharashtra","521","Pune","Other","1800","2400","2200"
"2024-05-22","Potato","172","Pune","27","Maharashtra","521","Pune","Local","2000","2700","2350"
"2024-05-22","Potato","2495","Pune(Khadiki)","27","Maharashtra","521","Pune","Local","1600","1800","1700"
"2024-05-21","Potato","4751","Pune(Manjri)","27","Maharashtra","521","Pune","Other","1800","2400","2200"
"2024-05-21","Potato","172","Pune","27","Maharashtra","521","Pune","Local","2000","2600","2300"
"2024-05-21","Potato","4752","Pune(Moshi)","27","Maharashtra","521","Pune","Local","1600","1800","1700"
"2024-05-21","Potato","577","Manchar","27","Maharashtra","521","Pune","Other","1500","2300","1950"
"2024-05-21","Potato","2495","Pune(Khadiki)","27","Maharashtra","521","Pune","Local","1700","1900","1800"
"2024-05-21","Potato","2493","Khed(Chakan)","27","Maharashtra","521","Pune","Other","1900","2600","2200"
"2024-05-20","Potato","172","Pune","27","Maharashtra","521","Pune","Local","2000","2600","2300"
"2024-05-20","Potato","2495","Pune(Khadiki)","27","Maharashtra","521","Pune","Local","1600","2100","1850"
"2024-05-20","Potato","4752","Pune(Moshi)","27","Maharashtra","521","Pune","Local","1000","2000","1500"
"2024-05-20","Potato","3960","Junnar(Narayangaon)","27","Maharashtra","521","Pune","Other","2400","2700","2600"
"2024-05-20","Potato","4751","Pune(Manjri)","27","Maharashtra","521","Pune","Other","2200","2600","2400"
"2024-05-19","Potato","4752","Pune(Moshi)","27","Maharashtra","521","Pune","Local","1400","2200","1800"
"2024-05-19","Potato","172","Pune","27","Maharashtra","521","Pune","Local","2000","2600","2300"
"2024-05-19","Potato","2495","Pune(Khadiki)","27","Maharashtra","521","Pune","Local","1600","2000","1800"
"2024-05-19","Potato","2492","Junnar(Otur)","27","Maharashtra","521","Pune","Local","500","2100","1500"
"2024-05-19","Potato","4751","Pune(Manjri)","27","Maharashtra","521","Pune","Other","2000","2600","2200"
"2024-05-19","Potato","2493","Khed(Chakan)","27","Maharashtra","521","Pune","Other","1900","2600","2200"
"2024-05-18","Potato","4751","Pune(Manjri)","27","Maharashtra","521","Pune","Other","2200","2600","2400"
"2024-05-18","Potato","2495","Pune(Khadiki)","27","Maharashtra","521","Pune","Local","1400","1600","1500"
"2024-05-18","Potato","2493","Khed(Chakan)","27","Maharashtra","521","Pune","Other","1900","2600","2400"
"2024-05-18","Potato","4752","Pune(Moshi)","27","Maharashtra","521","Pune","Local","1000","1800","1400"
"2024-05-17","Potato","2495","Pune(Khadiki)","27","Maharashtra","521","Pune","Local","1700","1700","1700"
"2024-05-17","Potato","2492","Junnar(Otur)","27","Maharashtra","521","Pune","Local","500","1500","1000"
"2024-05-17","Potato","172","Pune","27","Maharashtra","521","Pune","Local","2000","2600","2300"
"2024-05-17","Potato","4751","Pune(Manjri)","27","Maharashtra","521","Pune","Other","2000","2500","2300"
"2024-05-17","Potato","4752","Pune(Moshi)","27","Maharashtra","521","Pune","Local","1000","2000","1500"
"2024-05-17","Potato","3960","Junnar(Narayangaon)","27","Maharashtra","521","Pune","Other","2400","2700","2600"
"2024-05-16","Potato","2493","Khed(Chakan)","27","Maharashtra","521","Pune","Other","1900","2500","2200"
"2024-05-16","Potato","172","Pune","27","Maharashtra","521","Pune","Local","2000","2600","2300"
"2024-05-16","Potato","2495","Pune(Khadiki)","27","Maharashtra","521","Pune","Local","1500","1700","1600"
"2024-05-16","Potato","4751","Pune(Manjri)","27","Maharashtra","521","Pune","Other","2200","2600","2400"
"2024-05-16","Potato","4752","Pune(Moshi)","27","Maharashtra","521","Pune","Local","1200","2300","1750"
"2024-05-16","Potato","2492","Junnar(Otur)","27","Maharashtra","521","Pune","Local","1000","2500","2000"
"2024-05-16","Potato","3960","Junnar(Narayangaon)","27","Maharashtra","521","Pune","Other","2450","2700","2450"
"2024-05-15","Potato","2493","Khed(Chakan)","27","Maharashtra","521","Pune","Other","1900","2500","2200"
"2024-05-15","Potato","172","Pune","27","Maharashtra","521","Pune","Local","2000","2600","2300"
"2024-05-15","Potato","2495","Pune(Khadiki)","27","Maharashtra","521","Pune","Local","1500","1700","1600"
"2024-05-15","Potato","3960","Junnar(Narayangaon)","27","Maharashtra","521","Pune","Other","800","2700","2200"
"2024-05-14","Potato","2495","Pune(Khadiki)","27","Maharashtra","521","Pune","Local","1500","1700","1600"
"2024-05-14","Potato","2492","Junnar(Otur)","27","Maharashtra","521","Pune","Local","500","1000","750"
"2024-05-14","Potato","4751","Pune(Manjri)","27","Maharashtra","521","Pune","Other","2000","2600","2400"
"2024-05-14","Potato","172","Pune","27","Maharashtra","521","Pune","Local","2000","2700","2350"
"2024-05-14","Potato","2493","Khed(Chakan)","27","Maharashtra","521","Pune","Other","1900","2500","2200"
"2024-05-14","Potato","4752","Pune(Moshi)","27","Maharashtra","521","Pune","Local","1500","2000","1750"
"2024-05-12","Potato","3960","Junnar(Narayangaon)","27","Maharashtra","521","Pune","Other","2700","2700","2700"
"2024-05-12","Potato","4752","Pune(Moshi)","27","Maharashtra","521","Pune","Local","1400","1800","1600"
"2024-05-12","Potato","2495","Pune(Khadiki)","27","Maharashtra","521","Pune","Local","1500","1700","1600"
"2024-05-12","Potato","2492","Junnar(Otur)","27","Maharashtra","521","Pune","Local","1000","2150","1500"
"2024-05-12","Potato","172","Pune","27","Maharashtra","521","Pune","Local","2000","2700","2350"
"2024-05-11","Potato","4751","Pune(Manjri)","27","Maharashtra","521","Pune","Other","2000","2500","2300"
"2024-05-11","Potato","4752","Pune(Moshi)","27","Maharashtra","521","Pune","Local","1300","2000","1650"
"2024-05-11","Potato","2492","Junnar(Otur)","27","Maharashtra","521","Pune","Local","500","1300","900"
"2024-05-11","Potato","2495","Pune(Khadiki)","27","Maharashtra","521","Pune","Local","1500","1700","1600"
"2024-05-10","Potato","2493","Khed(Chakan)","27","Maharashtra","521","Pune","Other","1900","2500","2200"
"2024-05-10","Potato","172","Pune","27","Maharashtra","521","Pune","Local","2000","3000","2500"
"2024-05-10","Potato","4751","Pune(Manjri)","27","Maharashtra","521","Pune","Other","2000","2600","2400"
"2024-05-10","Potato","2495","Pune(Khadiki)","27","Maharashtra","521","Pune","Local","1800","1800","1800"
"2024-05-10","Potato","4752","Pune(Moshi)","27","Maharashtra","521","Pune","Local","1500","2000","1750"
"2024-05-09","Potato","4752","Pune(Moshi)","27","Maharashtra","521","Pune","Local","1300","2000","1650"
"2024-05-09","Potato","2492","Junnar(Otur)","27","Maharashtra","521","Pune","Local","1000","2300","1800"
"2024-05-09","Potato","4751","Pune(Manjri)","27","Maharashtra","521","Pune","Other","2200","2600","2400"
"2024-05-09","Potato","2493","Khed(Chakan)","27","Maharashtra","521","Pune","Other","1900","2500","2200"
"2024-05-09","Potato","172","Pune","27","Maharashtra","521","Pune","Local","2000","3000","2500"
"2024-05-09","Potato","2495","Pune(Khadiki)","27","Maharashtra","521","Pune","Local","1600","1800","1700"
"2024-05-08","Potato","2493","Khed(Chakan)","27","Maharashtra","521","Pune","Other","1900","2500","2200"
"2024-05-08","Potato","577","Manchar","27","Maharashtra","521","Pune","Local","1800","2000","1900"
"2024-05-08","Potato","3960","Junnar(Narayangaon)","27","Maharashtra","521","Pune","Other","2400","2700","2500"
"2024-05-08","Potato","2495","Pune(Khadiki)","27","Maharashtra","521","Pune","Local","1700","1700","1700"
"2024-05-08","Potato","4751","Pune(Manjri)","27","Maharashtra","521","Pune","Other","2200","2700","2500"
"2024-05-07","Potato","2493","Khed(Chakan)","27","Maharashtra","521","Pune","Other","1900","2500","2200"
"2024-05-07","Potato","4752","Pune(Moshi)","27","Maharashtra","521","Pune","Local","1400","2300","1850"
"2024-05-07","Potato","4751","Pune(Manjri)","27","Maharashtra","521","Pune","Other","2200","2600","2400"
"2024-05-07","Potato","172","Pune","27","Maharashtra","521","Pune","Local","2000","2900","2450"
"2024-05-06","Potato","2495","Pune(Khadiki)","27","Maharashtra","521","Pune","Local","1700","1700","1700"
"2024-05-06","Potato","172","Pune","27","Maharashtra","521","Pune","Local","2000","2900","2450"
"2024-05-06","Potato","577","Manchar","27","Maharashtra","521","Pune","Other","2000","2000","2000"
"2024-05-06","Potato","4752","Pune(Moshi)","27","Maharashtra","521","Pune","Local","2000","2000","2000"
"2024-05-06","Potato","4751","Pune(Manjri)","27","Maharashtra","521","Pune","Other","2200","2600","2400"
"2024-05-05","Potato","2493","Khed(Chakan)","27","Maharashtra","521","Pune","Other","1900","2500","2300"
"2024-05-05","Potato","3960","Junnar(Narayangaon)","27","Maharashtra","521","Pune","Other","600","2700","2000"
"2024-05-05","Potato","1455","Junnar","27","Maharashtra","521","Pune","Local","2000","2500","2200"
"2024-05-05","Potato","577","Manchar","27","Maharashtra","521","Pune","Other","2000","2000","2000"
"2024-05-05","Potato","2495","Pune(Khadiki)","27","Maharashtra","521","Pune","Local","1500","1700","1600"
"2024-05-05","Potato","172","Pune","27","Maharashtra","521","Pune","Local","2000","2900","2450"
"2024-05-05","Potato","4752","Pune(Moshi)","27","Maharashtra","521","Pune","Local","1000","1800","1400"
"2024-05-04","Potato","4751","Pune(Manjri)","27","Maharashtra","521","Pune","Other","2000","2500","2300"
"2024-05-04","Potato","2493","Khed(Chakan)","27","Maharashtra","521","Pune","Other","1800","2500","2200"
"2024-05-04","Potato","2495","Pune(Khadiki)","27","Maharashtra","521","Pune","Local","1800","1800","1800"
"2024-05-04","Potato","3960","Junnar(Narayangaon)","27","Maharashtra","521","Pune","Other","600","2700","2000"
"2024-05-04","Potato","4752","Pune(Moshi)","27","Maharashtra","521","Pune","Local","1800","2300","2050"
"2024-05-03","Potato","4752","Pune(Moshi)","27","Maharashtra","521","Pune","Local","1500","1600","1550"
"2024-05-03","Potato","3960","Junnar(Narayangaon)","27","Maharashtra","521","Pune","Other","2700","2700","2700"
"2024-05-03","Potato","2495","Pune(Khadiki)","27","Maharashtra","521","Pune","Local","1600","1600","1600"
"2024-05-03","Potato","172","Pune","27","Maharashtra","521","Pune","Local","1800","2900","2350"
"2024-05-03","Potato","577","Manchar","27","Maharashtra","521","Pune","Other","1800","1800","1800"
"2024-05-03","Potato","4751","Pune(Manjri)","27","Maharashtra","521","Pune","Other","2000","2400","2200"
"2024-05-03","Potato","2493","Khed(Chakan)","27","Maharashtra","521","Pune","Other","1900","2500","2100"
"2024-05-02","Potato","2492","Junnar(Otur)","27","Maharashtra","521","Pune","Local","1000","3000","2000"
"2024-05-02","Potato","3960","Junnar(Narayangaon)","27","Maharashtra","521","Pune","Other","1600","1600","1600"
"2024-05-02","Potato","172","Pune","27","Maharashtra","521","Pune","Local","1800","2900","2150"
"2024-05-02","Potato","2493","Khed(Chakan)","27","Maharashtra","521","Pune","Other","1900","2500","2200"
"2024-05-02","Potato","4752","Pune(Moshi)","27","Maharashtra","521","Pune","Local","1500","2200","1850"
"2024-05-02","Potato","2495","Pune(Khadiki)","27","Maharashtra","521","Pune","Local","1500","1700","1600"
"2024-05-02","Potato","4751","Pune(Manjri)","27","Maharashtra","521","Pune","Other","2000","2500","2200"
"2024-05-01","Potato","577","Manchar","27","Maharashtra","521","Pune","Other","1800","1800","1800"
"2024-05-01","Potato","3960","Junnar(Narayangaon)","27","Maharashtra","521","Pune","Other","2700","2700","2700"
"2024-04-30","Potato","4752","Pune(Moshi)","27","Maharashtra","521","Pune","Local","1800","2100","1950"
"2024-04-30","Potato","2495","Pune(Khadiki)","27","Maharashtra","521","Pune","Local","1400","1600","1500"
"2024-04-30","Potato","4751","Pune(Manjri)","27","Maharashtra","521","Pune","Other","2200","2400","2300"
"2024-04-30","Potato","2493","Khed(Chakan)","27","Maharashtra","521","Pune","Other","1900","2500","2200"
"2024-04-29","Potato","2495","Pune(Khadiki)","27","Maharashtra","521","Pune","Local","1200","1600","1400"
"2024-04-29","Potato","3960","Junnar(Narayangaon)","27","Maharashtra","521","Pune","Other","1000","2700","2300"
"2024-04-29","Potato","4752","Pune(Moshi)","27","Maharashtra","521","Pune","Local","1300","2300","1800"
"2024-04-29","Potato","4751","Pune(Manjri)","27","Maharashtra","521","Pune","Other","2000","2400","2200"
"2024-04-28","Potato","2492","Junnar(Otur)","27","Maharashtra","521","Pune","Local","1000","3000","2300"
"2024-04-28","Potato","2493","Khed(Chakan)","27","Maharashtra","521","Pune","Other","1900","2500","2200"
"2024-04-28","Potato","4751","Pune(Manjri)","27","Maharashtra","521","Pune","Other","2000","2500","2200"
"2024-04-28","Potato","172","Pune","27","Maharashtra","521","Pune","Local","2000","2600","2300"
"2024-04-28","Potato","4752","Pune(Moshi)","27","Maharashtra","521","Pune","Local","1500","2000","1750"
"2024-04-27","Potato","3960","Junnar(Narayangaon)","27","Maharashtra","521","Pune","Other","1100","2600","2000"
"2024-04-27","Potato","2493","Khed(Chakan)","27","Maharashtra","521","Pune","Other","1900","2500","2200"
"2024-04-27","Potato","4752","Pune(Moshi)","27","Maharashtra","521","Pune","Local","1800","2500","2150"
"2024-04-27","Potato","4751","Pune(Manjri)","27","Maharashtra","521","Pune","Other","2000","2500","2200"
"2024-04-27","Potato","2495","Pune(Khadiki)","27","Maharashtra","521","Pune","Local","1400","1600","1500"
"2024-04-26","Potato","4751","Pune(Manjri)","27","Maharashtra","521","Pune","Other","1800","2400","2100"
"2024-04-26","Potato","4752","Pune(Moshi)","27","Maharashtra","521","Pune","Local","1600","1800","1700"
"2024-04-26","Potato","2493","Khed(Chakan)","27","Maharashtra","521","Pune","Other","1900","2500","2100"
"2024-04-26","Potato","2495","Pune(Khadiki)","27","Maharashtra","521","Pune","Local","1700","1700","1700"
"2024-04-26","Potato","172","Pune","27","Maharashtra","521","Pune","Local","2000","2600","2300"
"2024-04-25","Potato","2495","Pune(Khadiki)","27","Maharashtra","521","Pune","Local","1400","1600","1500"
"2024-04-25","Potato","2493","Khed(Chakan)","27","Maharashtra","521","Pune","Other","1900","2500","2100"
"2024-04-25","Potato","4752","Pune(Moshi)","27","Maharashtra","521","Pune","Local","1200","2300","1750"
"2024-04-25","Potato","4751","Pune(Manjri)","27","Maharashtra","521","Pune","Other","1800","2400","2000"
"2024-04-25","Potato","2492","Junnar(Otur)","27","Maharashtra","521","Pune","Local","1000","3000","2200"
"2024-04-25","Potato","1455","Junnar","27","Maharashtra","521","Pune","Local","1000","3000","2000"
"2024-04-25","Potato","172","Pune","27","Maharashtra","521","Pune","Local","1800","2600","2200"
"2024-04-25","Potato","3960","Junnar(Narayangaon)","27","Maharashtra","521","Pune","Other","1100","2700","2500"
"2024-04-24","Potato","4751","Pune(Manjri)","27","Maharashtra","521","Pune","Other","2000","2400","2200"
"2024-04-24","Potato","2493","Khed(Chakan)","27","Maharashtra","521","Pune","Other","1900","2500","2100"
"2024-04-24","Potato","172","Pune","27","Maharashtra","521","Pune","Local","2000","2600","2300"
"2024-04-23","Potato","577","Manchar","27","Maharashtra","521","Pune","Local","1000","2700","1850"
"2024-04-23","Potato","2495","Pune(Khadiki)","27","Maharashtra","521","Pune","Local","1400","1600","1500"
"2024-04-22","Potato","4751","Pune(Manjri)","27","Maharashtra","521","Pune","Other","2000","2400","2200"
"2024-04-22","Potato","2492","Junnar(Otur)","27","Maharashtra","521","Pune","Local","500","1510","1200"
"2024-04-22","Potato","4752","Pune(Moshi)","27","Maharashtra","521","Pune","Local","1800","2100","1950"
"2024-04-22","Potato","2495","Pune(Khadiki)","27","Maharashtra","521","Pune","Local","1400","1600","1500"
"2024-04-22","Potato","172","Pune","27","Maharashtra","521","Pune","Local","1800","2600","2200"
"2024-04-21","Potato","172","Pune","27","Maharashtra","521","Pune","Local","1600","2600","2100"
"2024-04-21","Potato","3960","Junnar(Narayangaon)","27","Maharashtra","521","Pune","Other","500","2500","2000"
"2024-04-21","Potato","2495","Pune(Khadiki)","27","Maharashtra","521","Pune","Local","1600","1600","1600"
"2024-04-21","Potato","4751","Pune(Manjri)","27","Maharashtra","521","Pune","Other","2000","2500","2200"
"2024-04-21","Potato","4752","Pune(Moshi)","27","Maharashtra","521","Pune","Local","1200","2000","1600"
"2024-04-20","Potato","4752","Pune(Moshi)","27","Maharashtra","521","Pune","Local","1200","2000","1600"
"2024-04-20","Potato","2495","Pune(Khadiki)","27","Maharashtra","521","Pune","Local","1400","1600","1500"
"2024-04-19","Potato","4752","Pune(Moshi)","27","Maharashtra","521","Pune","Local","1000","2000","1500"
"2024-04-19","Potato","3960","Junnar(Narayangaon)","27","Maharashtra","521","Pune","Other","2400","2600","2500"
"2024-04-19","Potato","2495","Pune(Khadiki)","27","Maharashtra","521","Pune","Local","1600","1600","1600"
"2024-04-19","Potato","2493","Khed(Chakan)","27","Maharashtra","521","Pune","Other","1900","2500","2200"
"2024-04-19","Potato","172","Pune","27","Maharashtra","521","Pune","Local","1600","2600","2100"
"2024-04-19","Potato","4751","Pune(Manjri)","27","Maharashtra","521","Pune","Other","2000","2400","2200"
"2024-04-16","Potato","172","Pune","27","Maharashtra","521","Pune","Local","1500","2500","2000"
"2024-04-15","Potato","4751","Pune(Manjri)","27","Maharashtra","521","Pune","Other","1800","2400","2100"
"2024-04-15","Potato","172","Pune","27","Maharashtra","521","Pune","Local","1500","2500","2000"
"2024-04-15","Potato","2495","Pune(Khadiki)","27","Maharashtra","521","Pune","Local","1600","1600","1600"
"2024-04-15","Potato","3960","Junnar(Narayangaon)","27","Maharashtra","521","Pune","Other","1300","2500","2000"
"2024-04-15","Potato","4752","Pune(Moshi)","27","Maharashtra","521","Pune","Local","1200","2000","1600"
"2024-04-14","Potato","172","Pune","27","Maharashtra","521","Pune","Local","1500","2600","2050"
"2024-04-14","Potato","4752","Pune(Moshi)","27","Maharashtra","521","Pune","Local","1200","2000","1600"
"2024-04-14","Potato","2495","Pune(Khadiki)","27","Maharashtra","521","Pune","Local","1400","1600","1500"
"2024-04-13","Potato","2495","Pune(Khadiki)","27","Maharashtra","521","Pune","Local","1600","1600","1600"
"2024-04-13","Potato","4751","Pune(Manjri)","27","Maharashtra","521","Pune","Other","2000","2500","2250"
"2024-04-13","Potato","3960","Junnar(Narayangaon)","27","Maharashtra","521","Pune","Other","1100","2400","2000"
"2024-04-13","Potato","4752","Pune(Moshi)","27","Maharashtra","521","Pune","Local","1200","1800","1500"
"2024-04-12","Potato","2495","Pune(Khadiki)","27","Maharashtra","521","Pune","Local","1800","1800","1800"
"2024-04-09","Potato","4752","Pune(Moshi)","27","Maharashtra","521","Pune","Local","1000","1800","1400"
"2024-04-09","Potato","172","Pune","27","Maharashtra","521","Pune","Local","1800","2500","2150"
"2024-04-08","Potato","4752","Pune(Moshi)","27","Maharashtra","521","Pune","Local","1500","2200","1850"
"2024-04-08","Potato","2495","Pune(Khadiki)","27","Maharashtra","521","Pune","Local","1300","1600","1450"
"2024-04-08","Potato","172","Pune","27","Maharashtra","521","Pune","Local","1800","2600","2200"
"2024-04-08","Potato","577","Manchar","27","Maharashtra","521","Pune","Local","1000","2100","1550"
"2024-04-08","Potato","4751","Pune(Manjri)","27","Maharashtra","521","Pune","Other","1600","2000","1800"
"2024-04-08","Potato","3960","Junnar(Narayangaon)","27","Maharashtra","521","Pune","Other","1000","2300","2000"
"2024-04-07","Potato","2495","Pune(Khadiki)","27","Maharashtra","521","Pune","Local","1300","1600","1450"
"2024-04-07","Potato","2493","Khed(Chakan)","27","Maharashtra","521","Pune","Other","2000","2500","2200"
"2024-04-07","Potato","172","Pune","27","Maharashtra","521","Pune","Local","1800","2600","2200"
"2024-04-07","Potato","4751","Pune(Manjri)","27","Maharashtra","521","Pune","Other","1500","2000","1800"
"2024-04-07","Potato","4752","Pune(Moshi)","27","Maharashtra","521","Pune","Local","1000","2200","1600"
"2024-04-07","Potato","2492","Junnar(Otur)","27","Maharashtra","521","Pune","Local","1000","2500","1500"
"2024-04-07","Potato","1455","Junnar","27","Maharashtra","521","Pune","Local","2000","2600","2400"
"2024-04-07","Potato","577","Manchar","27","Maharashtra","521","Pune","Local","1000","2200","1600"
"2024-04-06","Potato","2493","Khed(Chakan)","27","Maharashtra","521","Pune","Other","1800","2500","2000"
"2024-04-06","Potato","2495","Pune(Khadiki)","27","Maharashtra","521","Pune","Local","1500","1700","1600"
"2024-04-06","Potato","4752","Pune(Moshi)","27","Maharashtra","521","Pune","Local","1000","2000","1500"
"2024-04-06","Potato","4751","Pune(Manjri)","27","Maharashtra","521","Pune","Other","1500","2000","1700"
"2024-04-06","Potato","3960","Junnar(Narayangaon)","27","Maharashtra","521","Pune","Other","1200","2500","2200"
"2024-04-05","Potato","2493","Khed(Chakan)","27","Maharashtra","521","Pune","Other","2000","2500","2250"
"2024-04-05","Potato","577","Manchar","27","Maharashtra","521","Pune","Local","1000","2500","1750"
"2024-04-05","Potato","172","Pune","27","Maharashtra","521","Pune","Local","1800","2600","2200"
"2024-04-05","Potato","2495","Pune(Khadiki)","27","Maharashtra","521","Pune","Local","1500","1500","1500"
"2024-04-05","Potato","4751","Pune(Manjri)","27","Maharashtra","521","Pune","Other","1400","2000","1800"
"2024-04-05","Potato","4752","Pune(Moshi)","27","Maharashtra","521","Pune","Local","1300","1800","1550"
"2024-04-04","Potato","4751","Pune(Manjri)","27","Maharashtra","521","Pune","Other","1500","2000","1800"
"2024-04-04","Potato","2493","Khed(Chakan)","27","Maharashtra","521","Pune","Other","1800","2400","2100"
"2024-04-04","Potato","2492","Junnar(Otur)","27","Maharashtra","521","Pune","Local","1000","2000","1500"
"2024-04-04","Potato","4752","Pune(Moshi)","27","Maharashtra","521","Pune","Local","1200","1800","1500"
"2024-04-04","Potato","172","Pune","27","Maharashtra","521","Pune","Local","1800","2600","2200"
"2024-04-03","Potato","172","Pune","27","Maharashtra","521","Pune","Local","1800","2600","2200"
"2024-04-03","Potato","2495","Pune(Khadiki)","27","Maharashtra","521","Pune","Local","1400","1600","1500"
"2024-04-03","Potato","4751","Pune(Manjri)","27","Maharashtra","521","Pune","Other","1800","2000","1900"
"2024-04-03","Potato","2493","Khed(Chakan)","27","Maharashtra","521","Pune","Other","2000","2500","2250"
"2024-04-02","Potato","577","Manchar","27","Maharashtra","521","Pune","Local","1200","1700","1450"
"2024-04-02","Potato","4751","Pune(Manjri)","27","Maharashtra","521","Pune","Other","1600","2000","1800"
"2024-04-02","Potato","2495","Pune(Khadiki)","27","Maharashtra","521","Pune","Local","1400","1600","1500"
"2024-04-02","Potato","2492","Junnar(Otur)","27","Maharashtra","521","Pune","Local","700","1870","1200"
"2024-04-02","Potato","2493","Khed(Chakan)","27","Maharashtra","521","Pune","Other","1800","2400","2100"
"2024-04-02","Potato","172","Pune","27","Maharashtra","521","Pune","Local","1700","2500","2100"
"2024-04-02","Potato","4752","Pune(Moshi)","27","Maharashtra","521","Pune","Local","1500","2000","1750"
"2024-04-01","Potato","2494","Pune(Pimpri)","27","Maharashtra","521","Pune","Local","1400","1400","1400"
"2024-04-01","Potato","2495","Pune(Khadiki)","27","Maharashtra","521","Pune","Local","1100","1400","1250"
"2024-04-01","Potato","4752","Pune(Moshi)","27","Maharashtra","521","Pune","Local","1000","2200","1600"
"2024-04-01","Potato","4751","Pune(Manjri)","27","Maharashtra","521","Pune","Other","1500","2100","1700"
"2024-04-01","Potato","172","Pune","27","Maharashtra","521","Pune","Local","1800","2500","2150"
"2024-04-01","Potato","3960","Junnar(Narayangaon)","27","Maharashtra","521","Pune","Other","500","2400","2000"
"2024-03-31","Potato","2492","Junnar(Otur)","27","Maharashtra","521","Pune","Local","700","1800","1200"
"2024-03-31","Potato","4752","Pune(Moshi)","27","Maharashtra","521","Pune","Local","1000","1800","1400"
"2024-03-31","Potato","2495","Pune(Khadiki)","27","Maharashtra","521","Pune","Local","1300","1600","1450"
"2024-03-31","Potato","1455","Junnar","27","Maharashtra","521","Pune","Local","1400","2000","1600"
"2024-03-31","Potato","4751","Pune(Manjri)","27","Maharashtra","521","Pune","Other","1600","2000","1800"
"2024-03-31","Potato","172","Pune","27","Maharashtra","521","Pune","Local","1700","2500","2100"
"2024-03-31","Potato","3960","Junnar(Narayangaon)","27","Maharashtra","521","Pune","Other","300","2000","1500"
"2024-03-31","Potato","2493","Khed(Chakan)","27","Maharashtra","521","Pune","Other","1800","2400","2000"
"2024-03-30","Potato","2493","Khed(Chakan)","27","Maharashtra","521","Pune","Other","2000","2300","2200"
"2024-03-30","Potato","3960","Junnar(Narayangaon)","27","Maharashtra","521","Pune","Other","1800","2000","1900"
"2024-03-30","Potato","2495","Pune(Khadiki)","27","Maharashtra","521","Pune","Local","1300","1500","1400"
"2024-03-30","Potato","4752","Pune(Moshi)","27","Maharashtra","521","Pune","Local","1000","1500","1250"
"2024-03-29","Potato","2493","Khed(Chakan)","27","Maharashtra","521","Pune","Other","1800","2200","2000"
"2024-03-29","Potato","172","Pune","27","Maharashtra","521","Pune","Local","1400","2500","1950"
"2024-03-29","Potato","4751","Pune(Manjri)","27","Maharashtra","521","Pune","Other","1500","2000","1700"
"2024-03-29","Potato","3960","Junnar(Narayangaon)","27","Maharashtra","521","Pune","Other","1000","2000","1500"
"2024-03-29","Potato","2495","Pune(Khadiki)","27","Maharashtra","521","Pune","Local","1300","1600","1450"
"2024-03-29","Potato","4752","Pune(Moshi)","27","Maharashtra","521","Pune","Local","1600","2000","1800"
"2024-03-29","Potato","577","Manchar","27","Maharashtra","521","Pune","Local","400","1100","750"
"2024-03-28","Potato","3960","Junnar(Narayangaon)","27","Maharashtra","521","Pune","Other","1000","2000","1500"
"2024-03-28","Potato","172","Pune","27","Maharashtra","521","Pune","Local","1600","2300","1950"
"2024-03-28","Potato","2492","Junnar(Otur)","27","Maharashtra","521","Pune","Local","1000","2110","1500"
"2024-03-28","Potato","2495","Pune(Khadiki)","27","Maharashtra","521","Pune","Local","700","1400","1050"
"2024-03-28","Potato","2493","Khed(Chakan)","27","Maharashtra","521","Pune","Other","1000","2000","1500"
"2024-03-28","Potato","1455","Junnar","27","Maharashtra","521","Pune","Local","1500","1900","1700"
"2024-03-28","Potato","4751","Pune(Manjri)","27","Maharashtra","521","Pune","Other","1500","2000","1700"
"2024-03-28","Potato","4752","Pune(Moshi)","27","Maharashtra","521","Pune","Local","1000","1500","1250"
"2024-03-27","Potato","4751","Pune(Manjri)","27","Maharashtra","521","Pune","Other","1600","2000","1800"
"2024-03-27","Potato","577","Manchar","27","Maharashtra","521","Pune","Local","1000","1700","1350"
"2024-03-27","Potato","172","Pune","27","Maharashtra","521","Pune","Local","1400","2200","1800"
"2024-03-27","Potato","2495","Pune(Khadiki)","27","Maharashtra","521","Pune","Local","1300","1500","1400"
"2024-03-27","Potato","2493","Khed(Chakan)","27","Maharashtra","521","Pune","Other","1700","2000","1800"
"2024-03-26","Potato","4751","Pune(Manjri)","27","Maharashtra","521","Pune","Other","1500","2000","1800"
"2024-03-26","Potato","2495","Pune(Khadiki)","27","Maharashtra","521","Pune","Local","1300","1500","1400"
"2024-03-26","Potato","2493","Khed(Chakan)","27","Maharashtra","521","Pune","Other","1400","2000","1700"
"2024-03-26","Potato","4752","Pune(Moshi)","27","Maharashtra","521","Pune","Local","1000","1600","1300"
"2024-03-26","Potato","172","Pune","27","Maharashtra","521","Pune","Local","1400","2200","1800"
"2024-03-26","Potato","577","Manchar","27","Maharashtra","521","Pune","Local","1000","2000","1500"
"2024-03-25","Potato","4751","Pune(Manjri)","27","Maharashtra","521","Pune","Other","1200","1800","1400"
"2024-03-25","Potato","3960","Junnar(Narayangaon)","27","Maharashtra","521","Pune","Other","1000","1800","1400"
"2024-03-25","Potato","577","Manchar","27","Maharashtra","521","Pune","Other","1000","2000","1425"
"2024-03-24","Potato","2493","Khed(Chakan)","27","Maharashtra","521","Pune","Other","1400","2000","1700"
"2024-03-24","Potato","2495","Pune(Khadiki)","27","Maharashtra","521","Pune","Local","1300","1600","1450"
"2024-03-24","Potato","4752","Pune(Moshi)","27","Maharashtra","521","Pune","Local","1100","1500","1300"
"2024-03-24","Potato","3960","Junnar(Narayangaon)","27","Maharashtra","521","Pune","Other","500","1700","1200"
"2024-03-24","Potato","4751","Pune(Manjri)","27","Maharashtra","521","Pune","Other","1400","2000","1600"