t,cmdty,market_id,market_name,state_id,state_name,district_id,district_name,variety,p_min,p_max,p_modal
"2024-10-30","Onion","2493","Khed(Chakan)","27","Maharashtra","521","Pune","Other","2000","4500","3250"
"2024-10-30","Onion","172","Pune","27","Maharashtra","521","Pune","Local","1600","5000","3300"
"2024-10-30","Onion","2494","Pune(Pimpri)","27","Maharashtra","521","Pune","Local","2700","4800","3750"
"2024-10-30","Onion","4751","Pune(Manjri)","27","Maharashtra","521","Pune","Local","1700","2600","2200"
"2024-10-30","Onion","2495","Pune(Khadiki)","27","Maharashtra","521","Pune","Local","2400","3600","3000"
"2024-10-29","Onion","172","Pune","27","Maharashtra","521","Pune","Local","1600","4800","3200"
"2024-10-29","Onion","1827","Shirur","27","Maharashtra","521","Pune","Other","500","5000","3500"
"2024-10-29","Onion","4751","Pune(Manjri)","27","Maharashtra","521","Pune","Local","1700","3500","2600"
"2024-10-29","Onion","2494","Pune(Pimpri)","27","Maharashtra","521","Pune","Local","4400","4800","4600"
"2024-10-29","Onion","2493","Khed(Chakan)","27","Maharashtra","521","Pune","Other","2000","4500","3500"
"2024-10-29","Onion","4752","Pune(Moshi)","27","Maharashtra","521","Pune","Local","1000","3000","2000"
"2024-10-29","Onion","3958","Junnar(Alephata)","27","Maharashtra","521","Pune","Other","2000","5110","4300"
"2024-10-29","Onion","2495","Pune(Khadiki)","27","Maharashtra","521","Pune","Local","1500","3300","2400"
"2024-10-28","Onion","172","Pune","27","Maharashtra","521","Pune","Local","2000","5000","3500"
"2024-10-28","Onion","4751","Pune(Manjri)","27","Maharashtra","521","Pune","Local","2200","4000","3100"
"2024-10-28","Onion","576","Baramati","27","Maharashtra","521","Pune","Red","2000","4800","3800"
"2024-10-28","Onion","4752","Pune(Moshi)","27","Maharashtra","521","Pune","Local","1000","3000","2000"
"2024-10-28","Onion","2494","Pune(Pimpri)","27","Maharashtra","521","Pune","Local","1000","4800","2900"
"2024-10-28","Onion","3960","Junnar(Narayangaon)","27","Maharashtra","521","Pune","Other","1100","5000","3500"
"2024-10-27","Onion","2494","Pune(Pimpri)","27","Maharashtra","521","Pune","Local","4100","4700","4400"
"2024-10-27","Onion","172","Pune","27","Maharashtra","521","Pune","Local","1500","4800","3150"
"2024-10-27","Onion","2492","Junnar(Otur)","27","Maharashtra","521","Pune","Other","2500","5110","4200"
"2024-10-27","Onion","3960","Junnar(Narayangaon)","27","Maharashtra","521","Pune","Other","1100","5000","3500"
"2024-10-27","Onion","4751","Pune(Manjri)","27","Maharashtra","521","Pune","Local","1500","4000","3000"
"2024-10-27","Onion","4752","Pune(Moshi)","27","Maharashtra","521","Pune","Local","1000","3000","2000"
"2024-10-27","Onion","2495","Pune(Khadiki)","27","Maharashtra","521","Pune","Local","1400","3300","2350"
"2024-10-27","Onion","1827","Shirur","27","Maharashtra","521","Pune","Other","500","5000","3900"
"2024-10-27","Onion","2493","Khed(Chakan)","27","Maharashtra","521","Pune","Other","2000","4500","3500"
"2024-10-27","Onion","577","Manchar","27","Maharashtra","521","Pune","Other","3800","5000","4425"
"2024-10-27","Onion","3958","Junnar(Alephata)","27","Maharashtra","521","Pune","Other","3000","5110","4200"
"2024-10-26","Onion","4752","Pune(Moshi)","27","Maharashtra","521","Pune","Local","1500","2500","2000"
"2024-10-26","Onion","2493","Khed(Chakan)","27","Maharashtra","521","Pune","Other","2000","4500","3200"
"2024-10-26","Onion","2495","Pune(Khadiki)","27","Maharashtra","521","Pune","Local","1600","3300","2450"
"2024-10-26","Onion","2494","Pune(Pimpri)","27","Maharashtra","521","Pune","Local","4200","4800","4500"
"2024-10-26","Onion","4751","Pune(Manjri)","27","Maharashtra","521","Pune","Local","1700","2600","2200"
"2024-10-26","Onion","3960","Junnar(Narayangaon)","27","Maharashtra","521","Pune","Other","1500","4700","3500"
"2024-10-25","Onion","2493","Khed(Chakan)","27","Maharashtra","521","Pune","Other","2000","4500","3800"
"2024-10-25","Onion","1827","Shirur","27","Maharashtra","521","Pune","Other","500","5100","4100"
"2024-10-25","Onion","3958","Junnar(Alephata)","27","Maharashtra","521","Pune","Other","3000","5110","4200"
"2024-10-25","Onion","3960","Junnar(Narayangaon)","27","Maharashtra","521","Pune","Other","500","5000","3000"
"2024-10-25","Onion","2495","Pune(Khadiki)","27","Maharashtra","521","Pune","Local","1600","3200","2400"
"2024-10-25","Onion","2494","Pune(Pimpri)","27","Maharashtra","521","Pune","Local","4900","4900","4900"
"2024-10-25","Onion","172","Pune","27","Maharashtra","521","Pune","Local","1800","5000","3400"
"2024-10-25","Onion","4751","Pune(Manjri)","27","Maharashtra","521","Pune","Local","1700","4000","3100"
"2024-10-25","Onion","4752","Pune(Moshi)","27","Maharashtra","521","Pune","Local","1500","3500","2500"
"2024-10-24","Onion","2493","Khed(Chakan)","27","Maharashtra","521","Pune","Other","3000","4500","3500"
"2024-10-24","Onion","577","Manchar","27","Maharashtra","521","Pune","Other","3800","5110","4460"
"2024-10-24","Onion","2492","Junnar(Otur)","27","Maharashtra","521","Pune","Other","1000","5250","3500"
"2024-10-24","Onion","172","Pune","27","Maharashtra","521","Pune","Local","2000","5000","3500"
"2024-10-24","Onion","4752","Pune(Moshi)","27","Maharashtra","521","Pune","Local","1000","3500","2250"
"2024-10-24","Onion","4751","Pune(Manjri)","27","Maharashtra","521","Pune","Local","2000","4200","3500"
"2024-10-24","Onion","2494","Pune(Pimpri)","27","Maharashtra","521","Pune","Local","3800","4600","4200"
"2024-10-24","Onion","3960","Junnar(Narayangaon)","27","Maharashtra","521","Pune","Other","1500","4800","3500"
"2024-10-24","Onion","2495","Pune(Khadiki)","27","Maharashtra","521","Pune","Local","2300","3600","2950"
"2024-10-23","Onion","2493","Khed(Chakan)","27","Maharashtra","521","Pune","Other","2000","4500","3000"
"2024-10-23","Onion","3960","Junnar(Narayangaon)","27","Maharashtra","521","Pune","Other","1510","4880","3500"
"2024-10-23","Onion","2494","Pune(Pimpri)","27","Maharashtra","521","Pune","Local","3700","4300","4000"
"2024-10-23","Onion","4751","Pune(Manjri)","27","Maharashtra","521","Pune","Local","2600","4000","3300"
"2024-10-23","Onion","1827","Shirur","27","Maharashtra","521","Pune","Other","500","5100","4100"
"2024-10-23","Onion","172","Pune","27","Maharashtra","521","Pune","Local","2000","5000","3500"
"2024-10-22","Onion","3958","Junnar(Alephata)","27","Maharashtra","521","Pune","Other","2200","5110","4200"
"2024-10-22","Onion","2493","Khed(Chakan)","27","Maharashtra","521","Pune","Other","2000","4500","3500"
"2024-10-22","Onion","172","Pune","27","Maharashtra","521","Pune","Local","2400","5000","3700"
"2024-10-22","Onion","1827","Shirur","27","Maharashtra","521","Pune","Other","500","5100","4100"
"2024-10-22","Onion","577","Manchar","27","Maharashtra","521","Pune","Other","4300","5200","4760"
"2024-10-22","Onion","2494","Pune(Pimpri)","27","Maharashtra","521","Pune","Local","4300","4500","4400"
"2024-10-22","Onion","4751","Pune(Manjri)","27","Maharashtra","521","Pune","Local","2000","3800","3200"
"2024-10-22","Onion","4752","Pune(Moshi)","27","Maharashtra","521","Pune","Local","1000","3000","2000"
"2024-10-22","Onion","2495","Pune(Khadiki)","27","Maharashtra","521","Pune","Local","1700","3600","2650"
"2024-10-21","Onion","2494","Pune(Pimpri)","27","Maharashtra","521","Pune","Local","4400","4500","4450"
"2024-10-21","Onion","4752","Pune(Moshi)","27","Maharashtra","521","Pune","Local","1500","3500","2500"
"2024-10-21","Onion","3960","Junnar(Narayangaon)","27","Maharashtra","521","Pune","Other","1500","4600","3500"
"2024-10-21","Onion","576","Baramati","27","Maharashtra","521","Pune","Red","2000","4720","3500"
"2024-10-21","Onion","1827","Shirur","27","Maharashtra","521","Pune","Other","500","5100","4200"
"2024-10-21","Onion","4751","Pune(Manjri)","27","Maharashtra","521","Pune","Local","1700","3500","2600"
"2024-10-20","Onion","3958","Junnar(Alephata)","27","Maharashtra","521","Pune","Other","2700","5010","4100"
"2024-10-20","Onion","172","Pune","27","Maharashtra","521","Pune","Local","1800","4700","3250"
"2024-10-20","Onion","577","Manchar","27","Maharashtra","521","Pune","Other","4100","5000","4560"
"2024-10-20","Onion","3960","Junnar(Narayangaon)","27","Maharashtra","521","Pune","Other","1500","4510","3500"
"2024-10-20","Onion","1827","Shirur","27","Maharashtra","521","Pune","Other","500","5100","4200"
"2024-10-20","Onion","2494","Pune(Pimpri)","27","Maharashtra","521","Pune","Local","3000","4500","3750"
"2024-10-20","Onion","2492","Junnar(Otur)","27","Maharashtra","521","Pune","Other","2000","5000","4000"
"2024-10-20","Onion","4751","Pune(Manjri)","27","Maharashtra","521","Pune","Local","2200","3700","2800"
"2024-10-20","Onion","2493","Khed(Chakan)","27","Maharashtra","521","Pune","Other","2000","4500","4000"
"2024-10-20","Onion","4752","Pune(Moshi)","27","Maharashtra","521","Pune","Local","1500","3500","2500"
"2024-10-19","Onion","2495","Pune(Khadiki)","27","Maharashtra","521","Pune","Local","1700","3300","2500"
"2024-10-19","Onion","3960","Junnar(Narayangaon)","27","Maharashtra","521","Pune","Other","1000","4500","3500"
"2024-10-19","Onion","2493","Khed(Chakan)","27","Maharashtra","521","Pune","Other","2000","4500","3800"
"2024-10-19","Onion","2494","Pune(Pimpri)","27","Maharashtra","521","Pune","Local","2500","4000","3250"
"2024-10-19","Onion","4752","Pune(Moshi)","27","Maharashtra","521","Pune","Local","1000","3500","2250"
"2024-10-19","Onion","576","Baramati","27","Maharashtra","521","Pune","Red","2000","4850","3550"
"2024-10-19","Onion","4751","Pune(Manjri)","27","Maharashtra","521","Pune","Local","2200","3300","2700"
"2024-10-18","Onion","172","Pune","27","Maharashtra","521","Pune","Local","2000","4600","3300"
"2024-10-18","Onion","1827","Shirur","27","Maharashtra","521","Pune","Other","500","5100","4200"
"2024-10-18","Onion","4752","Pune(Moshi)","27","Maharashtra","521","Pune","Local","1500","3000","2250"
"2024-10-18","Onion","4751","Pune(Manjri)","27","Maharashtra","521","Pune","Local","2200","3700","2800"
"2024-10-18","Onion","2495","Pune(Khadiki)","27","Maharashtra","521","Pune","Local","1800","3600","2700"
"2024-10-18","Onion","3958","Junnar(Alephata)","27","Maharashtra","521","Pune","Other","2500","5010","4000"
"2024-10-18","Onion","2494","Pune(Pimpri)","27","Maharashtra","521","Pune","Local","3000","4500","3750"
"2024-10-18","Onion","3960","Junnar(Narayangaon)","27","Maharashtra","521","Pune","Other","1500","4650","3500"
"2024-10-17","Onion","4752","Pune(Moshi)","27","Maharashtra","521","Pune","Local","1500","3000","2250"
"2024-10-17","Onion","172","Pune","27","Maharashtra","521","Pune","Local","2000","4600","3300"
"2024-10-17","Onion","2492","Junnar(Otur)","27","Maharashtra","521","Pune","Other","1000","5110","4000"
"2024-10-17","Onion","2494","Pune(Pimpri)","27","Maharashtra","521","Pune","Local","3400","4400","3700"
"2024-10-17","Onion","2495","Pune(Khadiki)","27","Maharashtra","521","Pune","Local","1700","3200","2450"
"2024-10-17","Onion","4751","Pune(Manjri)","27","Maharashtra","521","Pune","Local","1700","2600","2200"
"2024-10-17","Onion","2493","Khed(Chakan)","27","Maharashtra","521","Pune","Other","2000","4500","3250"
"2024-10-17","Onion","3960","Junnar(Narayangaon)","27","Maharashtra","521","Pune","Other","500","4600","3500"
"2024-10-16","Onion","2495","Pune(Khadiki)","27","Maharashtra","521","Pune","Local","2000","3600","2800"
"2024-10-16","Onion","2493","Khed(Chakan)","27","Maharashtra","521","Pune","Other","2000","4500","3200"
"2024-10-16","Onion","172","Pune","27","Maharashtra","521","Pune","Local","2200","4600","3400"
"2024-10-16","Onion","4751","Pune(Manjri)","27","Maharashtra","521","Pune","Local","1700","2600","2200"
"2024-10-16","Onion","576","Baramati","27","Maharashtra","521","Pune","Red","2000","4651","3600"
"2024-10-16","Onion","2494","Pune(Pimpri)","27","Maharashtra","521","Pune","Local","3700","4300","4000"
"2024-10-15","Onion","4752","Pune(Moshi)","27","Maharashtra","521","Pune","Local","1500","3500","2500"
"2024-10-15","Onion","3958","Junnar(Alephata)","27","Maharashtra","521","Pune","Other","2700","5010","3800"
"2024-10-15","Onion","4751","Pune(Manjri)","27","Maharashtra","521","Pune","Local","2200","3300","2800"
"2024-10-15","Onion","1827","Shirur","27","Maharashtra","521","Pune","Other","500","5000","4400"
"2024-10-15","Onion","2494","Pune(Pimpri)","27","Maharashtra","521","Pune","Local","3000","4400","3700"
"2024-10-15","Onion","577","Manchar","27","Maharashtra","521","Pune","Other","3500","4750","4130"
"2024-10-15","Onion","2493","Khed(Chakan)","27","Maharashtra","521","Pune","Other","2000","4000","3000"
"2024-10-15","Onion","172","Pune","27","Maharashtra","521","Pune","Local","2500","4600","3550"
"2024-10-14","Onion","1827","Shirur","27","Maharashtra","521","Pune","Other","500","4900","4000"
"2024-10-14","Onion","2495","Pune(Khadiki)","27","Maharashtra","521","Pune","Local","1500","3600","2550"
"2024-10-14","Onion","2494","Pune(Pimpri)","27","Maharashtra","521","Pune","Local","3500","4500","4000"
"2024-10-14","Onion","172","Pune","27","Maharashtra","521","Pune","Local","2000","4500","3250"
"2024-10-14","Onion","4751","Pune(Manjri)","27","Maharashtra","521","Pune","Local","2200","3300","2600"
"2024-10-14","Onion","4752","Pune(Moshi)","27","Maharashtra","521","Pune","Local","1500","3500","2500"
"2024-10-14","Onion","576","Baramati","27","Maharashtra","521","Pune","Red","1000","4750","3850"
"2024-10-14","Onion","3960","Junnar(Narayangaon)","27","Maharashtra","521","Pune","Other","1000","4700","3000"
"2024-10-13","Onion","577","Manchar","27","Maharashtra","521","Pune","Other","3500","4700","4125"
"2024-10-13","Onion","1455","Junnar","27","Maharashtra","521","Pune","Other","2000","4800","4400"
"2024-10-13","Onion","172","Pune","27","Maharashtra","521","Pune","Local","2000","4500","3250"
"2024-10-13","Onion","2494","Pune(Pimpri)","27","Maharashtra","521","Pune","Local","3600","4400","4000"
"2024-10-13","Onion","2492","Junnar(Otur)","27","Maharashtra","521","Pune","Other","2500","5000","4000"
"2024-10-13","Onion","2495","Pune(Khadiki)","27","Maharashtra","521","Pune","Local","1700","3300","2500"
"2024-10-13","Onion","2493","Khed(Chakan)","27","Maharashtra","521","Pune","Other","2000","4200","3200"
"2024-10-13","Onion","3960","Junnar(Narayangaon)","27","Maharashtra","521","Pune","Other","1000","4600","3000"
"2024-10-13","Onion","1827","Shirur","27","Maharashtra","521","Pune","Other","500","4900","4000"
"2024-10-13","Onion","4751","Pune(Manjri)","27","Maharashtra","521","Pune","Local","2200","4400","3300"
"2024-10-12","Onion","4752","Pune(Moshi)","27","Maharashtra","521","Pune","Local","1500","3000","2250"
"2024-10-12","Onion","4751","Pune(Manjri)","27","Maharashtra","521","Pune","Local","2200","4400","3300"
"2024-10-12","Onion","2495","Pune(Khadiki)","27","Maharashtra","521","Pune","Local","1700","3600","2650"
"2024-10-12","Onion","576","Baramati","27","Maharashtra","521","Pune","Red","1000","4590","3300"
"2024-10-12","Onion","2493","Khed(Chakan)","27","Maharashtra","521","Pune","Other","2000","4500","3250"
"2024-10-12","Onion","3960","Junnar(Narayangaon)","27","Maharashtra","521","Pune","Other","1510","4650","3000"
"2024-10-11","Onion","3960","Junnar(Narayangaon)","27","Maharashtra","521","Pune","Other","500","4650","3000"
"2024-10-11","Onion","1827","Shirur","27","Maharashtra","521","Pune","Other","500","4750","3800"
"2024-10-11","Onion","2495","Pune(Khadiki)","27","Maharashtra","521","Pune","Local","1600","3500","2550"
"2024-10-11","Onion","2493","Khed(Chakan)","27","Maharashtra","521","Pune","Other","2000","4500","3250"
"2024-10-11","Onion","4751","Pune(Manjri)","27","Maharashtra","521","Pune","Local","2200","3300","2600"
"2024-10-11","Onion","3958","Junnar(Alephata)","27","Maharashtra","521","Pune","Other","2100","4510","3500"
"2024-10-11","Onion","2494","Pune(Pimpri)","27","Maharashtra","521","Pune","Local","3500","4500","4000"
"2024-10-11","Onion","172","Pune","27","Maharashtra","521","Pune","Local","1500","4500","3000"
"2024-10-11","Onion","4752","Pune(Moshi)","27","Maharashtra","521","Pune","Local","1500","3500","2500"
"2024-10-10","Onion","172","Pune","27","Maharashtra","521","Pune","Local","2200","4500","3350"
"2024-10-10","Onion","4751","Pune(Manjri)","27","Maharashtra","521","Pune","Local","2200","3300","2600"
"2024-10-10","Onion","3960","Junnar(Narayangaon)","27","Maharashtra","521","Pune","Other","1300","4500","3500"
"2024-10-10","Onion","2492","Junnar(Otur)","27","Maharashtra","521","Pune","Other","1000","4510","3500"
"2024-10-10","Onion","2495","Pune(Khadiki)","27","Maharashtra","521","Pune","Local","2500","3200","2850"
"2024-10-10","Onion","2493","Khed(Chakan)","27","Maharashtra","521","Pune","Other","2000","4500","3800"
"2024-10-10","Onion","2494","Pune(Pimpri)","27","Maharashtra","521","Pune","Local","3500","4500","4000"
"2024-10-10","Onion","4752","Pune(Moshi)","27","Maharashtra","521","Pune","Local","1500","3000","2750"
"2024-10-10","Onion","577","Manchar","27","Maharashtra","521","Pune","Other","3700","4700","4250"
"2024-10-09","Onion","576","Baramati","27","Maharashtra","521","Pune","Red","1200","4300","3200"
"2024-10-09","Onion","2495","Pune(Khadiki)","27","Maharashtra","521","Pune","Local","1700","3600","2650"
"2024-10-09","Onion","172","Pune","27","Maharashtra","521","Pune","Local","2000","4400","3200"
"2024-10-09","Onion","1827","Shirur","27","Maharashtra","521","Pune","Other","500","4500","3800"
"2024-10-09","Onion","2493","Khed(Chakan)","27","Maharashtra","521","Pune","Other","2000","4500","3250"
"2024-10-09","Onion","4751","Pune(Manjri)","27","Maharashtra","521","Pune","Local","2600","3500","3100"
"2024-10-09","Onion","2494","Pune(Pimpri)","27","Maharashtra","521","Pune","Local","3000","4300","3650"
"2024-10-09","Onion","3960","Junnar(Narayangaon)","27","Maharashtra","521","Pune","Other","1510","4650","3500"
"2024-10-07","Onion","4752","Pune(Moshi)","27","Maharashtra","521","Pune","Local","1500","3500","2500"
"2024-10-07","Onion","2495","Pune(Khadiki)","27","Maharashtra","521","Pune","Local","2000","3600","2800"
"2024-10-07","Onion","576","Baramati","27","Maharashtra","521","Pune","Red","1000","4200","3200"
"2024-10-07","Onion","2494","Pune(Pimpri)","27","Maharashtra","521","Pune","Local","2500","4800","3650"
"2024-10-07","Onion","172","Pune","27","Maharashtra","521","Pune","Local","2500","4500","3500"
"2024-10-07","Onion","1171","Indapur","27","Maharashtra","521","Pune","Red","500","4100","2000"
"2024-10-06","Onion","4751","Pune(Manjri)","27","Maharashtra","521","Pune","Local","2200","3300","2700"
"2024-10-06","Onion","1827","Shirur","27","Maharashtra","521","Pune","Other","500","5100","4000"
"2024-10-06","Onion","2492","Junnar(Otur)","27","Maharashtra","521","Pune","Other","2000","5110","4300"
"2024-10-06","Onion","2495","Pune(Khadiki)","27","Maharashtra","521","Pune","Local","1800","3600","2700"
"2024-10-06","Onion","577","Manchar","27","Maharashtra","521","Pune","Other","3000","4900","4400"
"2024-10-06","Onion","3960","Junnar(Narayangaon)","27","Maharashtra","521","Pune","Other","1000","4700","3500"
"2024-10-06","Onion","3958","Junnar(Alephata)","27","Maharashtra","521","Pune","Other","3100","5010","4500"
"2024-10-06","Onion","2493","Khed(Chakan)","27","Maharashtra","521","Pune","Other","2000","5000","3500"
"2024-10-06","Onion","172","Pune","27","Maharashtra","521","Pune","Local","2200","4600","3400"
"2024-10-06","Onion","4752","Pune(Moshi)","27","Maharashtra","521","Pune","Local","2000","3500","2750"
"2024-10-06","Onion","2494","Pune(Pimpri)","27","Maharashtra","521","Pune","Local","4600","4600","4600"
"2024-10-05","Onion","2493","Khed(Chakan)","27","Maharashtra","521","Pune","Other","2000","5000","3500"
"2024-10-05","Onion","4751","Pune(Manjri)","27","Maharashtra","521","Pune","Local","2200","4000","3100"
"2024-10-05","Onion","3960","Junnar(Narayangaon)","27","Maharashtra","521","Pune","Other","1000","4500","3500"
"2024-10-05","Onion","2495","Pune(Khadiki)","27","Maharashtra","521","Pune","Local","1700","3500","2600"
"2024-10-05","Onion","576","Baramati","27","Maharashtra","521","Pune","Red","300","4300","2500"
"2024-10-05","Onion","2494","Pune(Pimpri)","27","Maharashtra","521","Pune","Local","3000","4500","3750"
"2024-10-05","Onion","4752","Pune(Moshi)","27","Maharashtra","521","Pune","Local","2000","3500","2750"
"2024-10-04","Onion","4752","Pune(Moshi)","27","Maharashtra","521","Pune","Local","1500","4000","2750"
"2024-10-04","Onion","1827","Shirur","27","Maharashtra","521","Pune","Other","500","5100","4000"
"2024-10-04","Onion","172","Pune","27","Maharashtra","521","Pune","Local","2000","4600","3300"
"2024-10-04","Onion","2495","Pune(Khadiki)","27","Maharashtra","521","Pune","Local","2200","3500","2850"
"2024-10-04","Onion","2494","Pune(Pimpri)","27","Maharashtra","521","Pune","Local","3500","4500","4000"
"2024-10-04","Onion","2493","Khed(Chakan)","27","Maharashtra","521","Pune","Other","2000","4000","3000"
"2024-10-04","Onion","3960","Junnar(Narayangaon)","27","Maharashtra","521","Pune","Other","1500","4300","3000"
"2024-10-04","Onion","3958","Junnar(Alephata)","27","Maharashtra","521","Pune","Other","3100","5010","4500"
"2024-10-04","Onion","4751","Pune(Manjri)","27","Maharashtra","521","Pune","Local","2200","3500","2800"
"2024-10-03","Onion","4752","Pune(Moshi)","27","Maharashtra","521","Pune","Local","1500","3500","2500"
"2024-10-03","Onion","4751","Pune(Manjri)","27","Maharashtra","521","Pune","Local","2200","4400","3300"
"2024-10-03","Onion","3960","Junnar(Narayangaon)","27","Maharashtra","521","Pune","Other","1100","4000","3000"
"2024-10-03","Onion","2495","Pune(Khadiki)","27","Maharashtra","521","Pune","Local","1800","3600","2700"
"2024-10-03","Onion","2494","Pune(Pimpri)","27","Maharashtra","521","Pune","Local","2500","4300","3400"
"2024-10-03","Onion","1455","Junnar","27","Maharashtra","521","Pune","Other","2000","4510","4200"
"2024-10-03","Onion","172","Pune","27","Maharashtra","521","Pune","Local","2000","4400","3200"
"2024-10-03","Onion","2493","Khed(Chakan)","27","Maharashtra","521","Pune","Other","2000","4000","3500"
"2024-10-02","Onion","2493","Khed(Chakan)","27","Maharashtra","521","Pune","Other","2500","4500","3500"
"2024-10-02","Onion","576","Baramati","27","Maharashtra","521","Pune","Red","400","4000","2800"
"2024-10-02","Onion","2494","Pune(Pimpri)","27","Maharashtra","521","Pune","Local","3000","4700","3150"
"2024-10-02","Onion","3960","Junnar(Narayangaon)","27","Maharashtra","521","Pune","Other","1000","4100","3000"
"2024-10-02","Onion","4751","Pune(Manjri)","27","Maharashtra","521","Pune","Local","2200","3300","2700"
"2024-10-01","Onion","4752","Pune(Moshi)","27","Maharashtra","521","Pune","Local","2000","4000","3000"
"2024-10-01","Onion","2495","Pune(Khadiki)","27","Maharashtra","521","Pune","Local","1900","3500","2700"
"2024-10-01","Onion","3958","Junnar(Alephata)","27","Maharashtra","521","Pune","Other","2500","4410","3700"
"2024-10-01","Onion","172","Pune","27","Maharashtra","521","Pune","Local","2500","4200","3350"
"2024-10-01","Onion","4751","Pune(Manjri)","27","Maharashtra","521","Pune","Local","2200","3300","2600"
"2024-10-01","Onion","2494","Pune(Pimpri)","27","Maharashtra","521","Pune","Local","1500","4700","3100"
"2024-10-01","Onion","1827","Shirur","27","Maharashtra","521","Pune","Other","1000","4300","3800"
"2024-10-01","Onion","2493","Khed(Chakan)","27","Maharashtra","521","Pune","Other","3000","4500","3800"
"2024-09-30","Onion","172","Pune","27","Maharashtra","521","Pune","Local","2000","4200","3100"
"2024-09-30","Onion","4752","Pune(Moshi)","27","Maharashtra","521","Pune","Local","1500","4000","2750"
"2024-09-30","Onion","2495","Pune(Khadiki)","27","Maharashtra","521","Pune","Local","1800","3700","2750"
"2024-09-30","Onion","4751","Pune(Manjri)","27","Maharashtra","521","Pune","Local","2000","4200","3000"
"2024-09-30","Onion","2494","Pune(Pimpri)","27","Maharashtra","521","Pune","Local","4200","4800","4500"
"2024-09-30","Onion","3960","Junnar(Narayangaon)","27","Maharashtra","521","Pune","Other","2000","4000","3000"
"2024-09-30","Onion","576","Baramati","27","Maharashtra","521","Pune","Red","800","4100","3200"
"2024-09-29","Onion","2494","Pune(Pimpri)","27","Maharashtra","521","Pune","Local","3200","4800","4000"
"2024-09-29","Onion","1827","Shirur","27","Maharashtra","521","Pune","Other","1000","4300","3800"
"2024-09-29","Onion","2492","Junnar(Otur)","27","Maharashtra","521","Pune","Other","2000","4250","3200"
"2024-09-29","Onion","172","Pune","27","Maharashtra","521","Pune","Local","2000","4200","3100"
"2024-09-29","Onion","577","Manchar","27","Maharashtra","521","Pune","Other","3200","4300","3775"
"2024-09-29","Onion","4752","Pune(Moshi)","27","Maharashtra","521","Pune","Local","2000","4000","3000"
"2024-09-29","Onion","4751","Pune(Manjri)","27","Maharashtra","521","Pune","Local","3000","4500","3800"
"2024-09-29","Onion","2495","Pune(Khadiki)","27","Maharashtra","521","Pune","Local","2600","4000","3300"
"2024-09-29","Onion","3960","Junnar(Narayangaon)","27","Maharashtra","521","Pune","Other","1800","4250","3500"
"2024-09-29","Onion","3958","Junnar(Alephata)","27","Maharashtra","521","Pune","Other","2100","4310","3800"
"2024-09-29","Onion","1455","Junnar","27","Maharashtra","521","Pune","Other","2000","4310","4000"
"2024-09-28","Onion","2495","Pune(Khadiki)","27","Maharashtra","521","Pune","Local","1700","3600","2650"
"2024-09-28","Onion","4751","Pune(Manjri)","27","Maharashtra","521","Pune","Local","3000","5000","4000"
"2024-09-28","Onion","2494","Pune(Pimpri)","27","Maharashtra","521","Pune","Local","4000","5000","4500"
"2024-09-28","Onion","4752","Pune(Moshi)","27","Maharashtra","521","Pune","Local","2000","4500","3250"
"2024-09-28","Onion","576","Baramati","27","Maharashtra","521","Pune","Red","500","4250","3500"
"2024-09-28","Onion","3960","Junnar(Narayangaon)","27","Maharashtra","521","Pune","Other","500","4700","3500"
"2024-09-27","Onion","172","Pune","27","Maharashtra","521","Pune","Local","3000","4800","3900"
"2024-09-27","Onion","3960","Junnar(Narayangaon)","27","Maharashtra","521","Pune","Other","2000","4800","3500"
"2024-09-27","Onion","4751","Pune(Manjri)","27","Maharashtra","521","Pune","Local","3000","4600","4000"
"2024-09-27","Onion","2493","Khed(Chakan)","27","Maharashtra","521","Pune","Other","3000","4500","3750"
"2024-09-27","Onion","3958","Junnar(Alephata)","27","Maharashtra","521","Pune","Other","2500","5001","4200"
"2024-09-27","Onion","4752","Pune(Moshi)","27","Maharashtra","521","Pune","Local","2000","4500","3250"
"2024-09-27","Onion","2495","Pune(Khadiki)","27","Maharashtra","521","Pune","Local","2400","3600","3000"
"2024-09-27","Onion","2494","Pune(Pimpri)","27","Maharashtra","521","Pune","Local","2000","4800","3400"
"2024-09-27","Onion","1827","Shirur","27","Maharashtra","521","Pune","Other","1000","4800","4200"
"2024-09-26","Onion","172","Pune","27","Maharashtra","521","Pune","Local","3500","4800","4150"
"2024-09-26","Onion","4752","Pune(Moshi)","27","Maharashtra","521","Pune","Local","2000","4500","3250"
"2024-09-26","Onion","2495","Pune(Khadiki)","27","Maharashtra","521","Pune","Local","2000","3700","2850"
"2024-09-26","Onion","2494","Pune(Pimpri)","27","Maharashtra","521","Pune","Local","2400","4800","3600"
"2024-09-26","Onion","2492","Junnar(Otur)","27","Maharashtra","521","Pune","Other","1000","5250","4200"
"2024-09-26","Onion","3960","Junnar(Narayangaon)","27","Maharashtra","521","Pune","Other","1800","4800","3500"
"2024-09-26","Onion","2493","Khed(Chakan)","27","Maharashtra","521","Pune","Other","3000","4500","4000"
"2024-09-26","Onion","4751","Pune(Manjri)","27","Maharashtra","521","Pune","Local","2500","4800","3500"
"2024-09-25","Onion","4751","Pune(Manjri)","27","Maharashtra","521","Pune","Local","2000","4600","3500"
"2024-09-25","Onion","172","Pune","27","Maharashtra","521","Pune","Local","3000","4800","3900"
"2024-09-25","Onion","576","Baramati","27","Maharashtra","521","Pune","Red","700","4800","3800"
"2024-09-25","Onion","2493","Khed(Chakan)","27","Maharashtra","521","Pune","Other","3000","4500","4000"
"2024-09-25","Onion","3960","Junnar(Narayangaon)","27","Maharashtra","521","Pune","Other","2000","4450","3500"
"2024-09-25","Onion","2494","Pune(Pimpri)","27","Maharashtra","521","Pune","Local","4000","5000","4500"
"2024-09-24","Onion","4752","Pune(Moshi)","27","Maharashtra","521","Pune","Local","2000","5000","3500"
"2024-09-24","Onion","2493","Khed(Chakan)","27","Maharashtra","521","Pune","Other","3000","4500","4000"
"2024-09-24","Onion","3958","Junnar(Alephata)","27","Maharashtra","521","Pune","Other","3000","5010","4500"
"2024-09-24","Onion","2495","Pune(Khadiki)","27","Maharashtra","521","Pune","Local","2000","4000","3000"
"2024-09-24","Onion","4751","Pune(Manjri)","27","Maharashtra","521","Pune","Local","1200","2000","1800"
"2024-09-24","Onion","172","Pune","27","Maharashtra","521","Pune","Local","3000","4800","3900"
"2024-09-24","Onion","2494","Pune(Pimpri)","27","Maharashtra","521","Pune","Local","2500","5000","3050"
"2024-09-24","Onion","577","Manchar","27","Maharashtra","521","Pune","Other","4300","5150","4725"
"2024-09-23","Onion","576","Baramati","27","Maharashtra","521","Pune","Red","900","5100","4000"
"2024-09-23","Onion","172","Pune","27","Maharashtra","521","Pune","Local","3600","5000","4300"
"2024-09-23","Onion","4752","Pune(Moshi)","27","Maharashtra","521","Pune","Local","4400","4800","4600"
"2024-09-23","Onion","1171","Indapur","27","Maharashtra","521","Pune","Red","400","4200","3000"
"2024-09-23","Onion","3960","Junnar(Narayangaon)","27","Maharashtra","521","Pune","Other","850","5000","3500"
"2024-09-23","Onion","2494","Pune(Pimpri)","27","Maharashtra","521","Pune","Local","4000","5000","4500"
"2024-09-23","Onion","2495","Pune(Khadiki)","27","Maharashtra","521","Pune","Local","2000","3200","2600"
"2024-09-23","Onion","4751","Pune(Manjri)","27","Maharashtra","521","Pune","Local","2000","4800","3500"
"2024-09-22","Onion","3958","Junnar(Alephata)","27","Maharashtra","521","Pune","Other","3100","5250","4500"
"2024-09-22","Onion","172","Pune","27","Maharashtra","521","Pune","Local","3500","4900","4200"
"2024-09-22","Onion","2494","Pune(Pimpri)","27","Maharashtra","521","Pune","Local","3000","5000","4000"
"2024-09-22","Onion","2492","Junnar(Otur)","27","Maharashtra","521","Pune","Other","3000","5510","4500"
"2024-09-22","Onion","2495","Pune(Khadiki)","27","Maharashtra","521","Pune","Local","1600","4000","2800"
"2024-09-22","Onion","577","Manchar","27","Maharashtra","521","Pune","Other","3000","5210","4115"
"2024-09-22","Onion","4752","Pune(Moshi)","27","Maharashtra","521","Pune","Local","2000","4500","3250"
"2024-09-22","Onion","2493","Khed(Chakan)","27","Maharashtra","521","Pune","Other","3000","4700","3800"
"2024-09-22","Onion","3960","Junnar(Narayangaon)","27","Maharashtra","521","Pune","Other","1510","5000","3500"
"2024-09-22","Onion","4751","Pune(Manjri)","27","Maharashtra","521","Pune","Local","2000","4600","3500"
"2024-09-21","Onion","4751","Pune(Manjri)","27","Maharashtra","521","Pune","Local","2500","4600","3700"
"2024-09-21","Onion","2494","Pune(Pimpri)","27","Maharashtra","521","Pune","Local","4000","5000","4500"
"2024-09-21","Onion","3960","Junnar(Narayangaon)","27","Maharashtra","521","Pune","Other","2000","5100","3500"
"2024-09-21","Onion","2495","Pune(Khadiki)","27","Maharashtra","521","Pune","Local","1600","3400","2500"
"2024-09-21","Onion","4752","Pune(Moshi)","27","Maharashtra","521","Pune","Local","1000","5000","3000"
"2024-09-21","Onion","576","Baramati","27","Maharashtra","521","Pune","Red","1000","5110","4000"
"2024-09-21","Onion","2493","Khed(Chakan)","27","Maharashtra","521","Pune","Other","4000","5000","4500"
"2024-09-20","Onion","2495","Pune(Khadiki)","27","Maharashtra","521","Pune","Local","2000","3400","2700"
"2024-09-20","Onion","2494","Pune(Pimpri)","27","Maharashtra","521","Pune","Local","4000","5000","4500"
"2024-09-20","Onion","4751","Pune(Manjri)","27","Maharashtra","521","Pune","Local","2500","4200","3500"
"2024-09-20","Onion","3958","Junnar(Alephata)","27","Maharashtra","521","Pune","Other","3000","5010","4200"
"2024-09-20","Onion","4752","Pune(Moshi)","27","Maharashtra","521","Pune","Local","2000","5000","3500"
"2024-09-20","Onion","2493","Khed(Chakan)","27","Maharashtra","521","Pune","Other","3000","5000","4000"
"2024-09-20","Onion","3960","Junnar(Narayangaon)","27","Maharashtra","521","Pune","Other","1600","5110","4000"
"2024-09-19","Onion","172","Pune","27","Maharashtra","521","Pune","Local","3200","4800","4000"
"2024-09-19","Onion","2493","Khed(Chakan)","27","Maharashtra","521","Pune","Other","3000","5000","4000"
"2024-09-19","Onion","1455","Junnar","27","Maharashtra","521","Pune","Other","2000","4600","4100"
"2024-09-19","Onion","577","Manchar","27","Maharashtra","521","Pune","Other","3250","5010","4150"
"2024-09-19","Onion","2495","Pune(Khadiki)","27","Maharashtra","521","Pune","Local","2200","3800","3000"
"2024-09-19","Onion","4751","Pune(Manjri)","27","Maharashtra","521","Pune","Local","2500","4500","3700"
"2024-09-19","Onion","2492","Junnar(Otur)","27","Maharashtra","521","Pune","Other","3000","5110","4000"
"2024-09-19","Onion","2494","Pune(Pimpri)","27","Maharashtra","521","Pune","Local","4700","5300","5000"
"2024-09-19","Onion","4752","Pune(Moshi)","27","Maharashtra","521","Pune","Local","4800","5000","4900"
"2024-09-19","Onion","3960","Junnar(Narayangaon)","27","Maharashtra","521","Pune","Other","2000","5000","4000"
"2024-09-18","Onion","2494","Pune(Pimpri)","27","Maharashtra","521","Pune","Local","3000","5200","4100"
"2024-09-18","Onion","576","Baramati","27","Maharashtra","521","Pune","Red","1910","5510","4000"
"2024-09-18","Onion","2493","Khed(Chakan)","27","Maharashtra","521","Pune","Other","3000","4500","3500"
"2024-09-18","Onion","3960","Junnar(Narayangaon)","27","Maharashtra","521","Pune","Other","1000","5000","3500"
"2024-09-17","Onion","172","Pune","27","Maharashtra","521","Pune","Local","3500","4800","4150"
"2024-09-17","Onion","2493","Khed(Chakan)","27","Maharashtra","521","Pune","Other","3000","4500","3500"
"2024-09-17","Onion","4752","Pune(Moshi)","27","Maharashtra","521","Pune","Local","2000","5000","3500"
"2024-09-17","Onion","2494","Pune(Pimpri)","27","Maharashtra","521","Pune","Local","4000","5200","4600"
"2024-09-17","Onion","3958","Junnar(Alephata)","27","Maharashtra","521","Pune","Other","2800","5010","4000"
"2024-09-17","Onion","4751","Pune(Manjri)","27","Maharashtra","521","Pune","Local","2000","4600","3700"
"2024-09-16","Onion","4751","Pune(Manjri)","27","Maharashtra","521","Pune","Local","2500","5200","4000"
"2024-09-16","Onion","2495","Pune(Khadiki)","27","Maharashtra","521","Pune","Local","1600","4000","2800"
"2024-09-16","Onion","172","Pune","27","Maharashtra","521","Pune","Local","3600","5200","4400"
"2024-09-16","Onion","2494","Pune(Pimpri)","27","Maharashtra","521","Pune","Local","3000","4900","3950"
"2024-09-16","Onion","576","Baramati","27","Maharashtra","521","Pune","Red","1800","5390","4000"
"2024-09-16","Onion","4752","Pune(Moshi)","27","Maharashtra","521","Pune","Local","2000","5000","3500"
"2024-09-15","Onion","1455","Junnar","27","Maharashtra","521","Pune","Other","3000","5300","4700"
"2024-09-15","Onion","4751","Pune(Manjri)","27","Maharashtra","521","Pune","Local","3000","4500","4000"
"2024-09-15","Onion","2494","Pune(Pimpri)","27","Maharashtra","521","Pune","Local","3000","4500","3750"
"2024-09-15","Onion","2492","Junnar(Otur)","27","Maharashtra","521","Pune","Other","2000","5000","3800"
"2024-09-15","Onion","172","Pune","27","Maharashtra","521","Pune","Local","3500","5200","4350"
"2024-09-15","Onion","3958","Junnar(Alephata)","27","Maharashtra","521","Pune","Other","3000","5610","4300"
"2024-09-15","Onion","2495","Pune(Khadiki)","27","Maharashtra","521","Pune","Local","2500","4500","3500"
"2024-09-15","Onion","2493","Khed(Chakan)","27","Maharashtra","521","Pune","Other","3000","4500","4000"
"2024-09-15","Onion","3960","Junnar(Narayangaon)","27","Maharashtra","521","Pune","Other","600","5200","3500"
"2024-09-15","Onion","577","Manchar","27","Maharashtra","521","Pune","Other","3500","5510","4575"
"2024-09-15","Onion","4752","Pune(Moshi)","27","Maharashtra","521","Pune","Local","2000","4000","3000"
"2024-09-14","Onion","4751","Pune(Manjri)","27","Maharashtra","521","Pune","Local","3500","5000","4000"
"2024-09-14","Onion","2495","Pune(Khadiki)","27","Maharashtra","521","Pune","Local","2100","3600","2850"
"2024-09-14","Onion","3960","Junnar(Narayangaon)","27","Maharashtra","521","Pune","Other","2000","4500","3500"
"2024-09-14","Onion","2494","Pune(Pimpri)","27","Maharashtra","521","Pune","Local","2000","4200","3100"
"2024-09-14","Onion","4752","Pune(Moshi)","27","Maharashtra","521","Pune","Local","2000","4000","3000"
"2024-09-14","Onion","2493","Khed(Chakan)","27","Maharashtra","521","Pune","Other","3000","4500","3500"
"2024-09-13","Onion","2493","Khed(Chakan)","27","Maharashtra","521","Pune","Other","3000","4000","3500"
"2024-09-13","Onion","172","Pune","27","Maharashtra","521","Pune","Local","3000","4300","3650"
"2024-09-13","Onion","3960","Junnar(Narayangaon)","27","Maharashtra","521","Pune","Other","1000","4300","3000"
"2024-09-13","Onion","2494","Pune(Pimpri)","27","Maharashtra","521","Pune","Local","3600","4200","3900"
"2024-09-13","Onion","4752","Pune(Moshi)","27","Maharashtra","521","Pune","Local","2000","4000","3000"
"2024-09-13","Onion","4751","Pune(Manjri)","27","Maharashtra","521","Pune","Local","3000","5000","4000"
"2024-09-13","Onion","3958","Junnar(Alephata)","27","Maharashtra","521","Pune","Other","2600","4610","3700"
"2024-09-13","Onion","2495","Pune(Khadiki)","27","Maharashtra","521","Pune","Local","2200","3600","2900"
"2024-09-12","Onion","2493","Khed(Chakan)","27","Maharashtra","521","Pune","Other","3000","4000","3500"
"2024-09-12","Onion","4751","Pune(Manjri)","27","Maharashtra","521","Pune","Local","3000","4000","3600"
"2024-09-12","Onion","172","Pune","27","Maharashtra","521","Pune","Local","2900","4300","3600"
"2024-09-12","Onion","577","Manchar","27","Maharashtra","521","Pune","Other","3500","4510","4005"
"2024-09-12","Onion","2495","Pune(Khadiki)","27","Maharashtra","521","Pune","Local","1700","3500","2600"
"2024-09-12","Onion","3960","Junnar(Narayangaon)","27","Maharashtra","521","Pune","Other","1200","4210","3000"
"2024-09-12","Onion","2492","Junnar(Otur)","27","Maharashtra","521","Pune","Other","2000","4400","3500"
"2024-09-12","Onion","2494","Pune(Pimpri)","27","Maharashtra","521","Pune","Local","3500","4200","3850"
"2024-09-12","Onion","4752","Pune(Moshi)","27","Maharashtra","521","Pune","Local","2000","3800","2900"
"2024-09-11","Onion","172","Pune","27","Maharashtra","521","Pune","Local","3000","4300","3650"
"2024-09-11","Onion","4751","Pune(Manjri)","27","Maharashtra","521","Pune","Local","3000","4500","4000"
"2024-09-11","Onion","2494","Pune(Pimpri)","27","Maharashtra","521","Pune","Local","3000","4400","3700"
"2024-09-11","Onion","576","Baramati","27","Maharashtra","521","Pune","Red","700","4300","3300"
"2024-09-11","Onion","3960","Junnar(Narayangaon)","27","Maharashtra","521","Pune","Other","1500","4250","3000"
"2024-09-11","Onion","2493","Khed(Chakan)","27","Maharashtra","521","Pune","Other","3000","4500","3700"
"2024-09-10","Onion","2494","Pune(Pimpri)","27","Maharashtra","521","Pune","Local","4200","4300","4250"
"2024-09-10","Onion","577","Manchar","27","Maharashtra","521","Pune","Other","2800","4510","3668"
"2024-09-10","Onion","2493","Khed(Chakan)","27","Maharashtra","521","Pune","Other","3000","4500","4000"
"2024-09-10","Onion","3958","Junnar(Alephata)","27","Maharashtra","521","Pune","Other","2500","4510","3700"
"2024-09-10","Onion","4752","Pune(Moshi)","27","Maharashtra","521","Pune","Local","2000","4000","3000"
"2024-09-10","Onion","172","Pune","27","Maharashtra","521","Pune","Local","3000","4400","3600"
"2024-09-10","Onion","4751","Pune(Manjri)","27","Maharashtra","521","Pune","Local","3000","4200","3600"
"2024-09-09","Onion","3960","Junnar(Narayangaon)","27","Maharashtra","521","Pune","Other","1300","4300","3500"
"2024-09-09","Onion","4751","Pune(Manjri)","27","Maharashtra","521","Pune","Local","3000","4500","4000"
"2024-09-09","Onion","2495","Pune(Khadiki)","27","Maharashtra","521","Pune","Local","1600","4000","2800"
"2024-09-09","Onion","4752","Pune(Moshi)","27","Maharashtra","521","Pune","Local","2000","3800","2900"
"2024-09-09","Onion","172","Pune","27","Maharashtra","521","Pune","Local","3200","4500","3850"
"2024-09-09","Onion","576","Baramati","27","Maharashtra","521","Pune","Red","1000","4200","3200"
"2024-09-09","Onion","2494","Pune(Pimpri)","27","Maharashtra","521","Pune","Local","2500","4400","3450"
"2024-09-08","Onion","2493","Khed(Chakan)","27","Maharashtra","521","Pune","Other","3000","4500","3500"
"2024-09-08","Onion","2492","Junnar(Otur)","27","Maharashtra","521","Pune","Other","2000","5000","4000"
"2024-09-08","Onion","4752","Pune(Moshi)","27","Maharashtra","521","Pune","Local","2000","3000","2500"
"2024-09-08","Onion","3958","Junnar(Alephata)","27","Maharashtra","521","Pune","Other","2700","4710","4100"
"2024-09-08","Onion","2494","Pune(Pimpri)","27","Maharashtra","521","Pune","Local","3800","4400","4100"
"2024-09-08","Onion","2495","Pune(Khadiki)","27","Maharashtra","521","Pune","Local","2000","4000","3000"
"2024-09-08","Onion","1455","Junnar","27","Maharashtra","521","Pune","Other","2500","4500","3800"
"2024-09-08","Onion","3960","Junnar(Narayangaon)","27","Maharashtra","521","Pune","Other","1200","4250","3500"
"2024-09-08","Onion","4751","Pune(Manjri)","27","Maharashtra","521","Pune","Local","2000","4500","3500"
"2024-09-08","Onion","172","Pune","27","Maharashtra","521","Pune","Local","3000","4500","3750"
"2024-09-07","Onion","2493","Khed(Chakan)","27","Maharashtra","521","Pune","Other","3000","4500","4000"
"2024-09-07","Onion","576","Baramati","27","Maharashtra","521","Pune","Red","1000","4400","3400"
"2024-09-07","Onion","2494","Pune(Pimpri)","27","Maharashtra","521","Pune","Local","4000","4500","4250"
"2024-09-07","Onion","2495","Pune(Khadiki)","27","Maharashtra","521","Pune","Local","1600","3400","2500"
"2024-09-07","Onion","4752","Pune(Moshi)","27","Maharashtra","521","Pune","Local","2000","3800","2900"
"2024-09-07","Onion","4751","Pune(Manjri)","27","Maharashtra","521","Pune","Local","2500","4000","3000"
"2024-09-06","Onion","2495","Pune(Khadiki)","27","Maharashtra","521","Pune","Local","1400","3500","2450"
"2024-09-06","Onion","4751","Pune(Manjri)","27","Maharashtra","521","Pune","Local","2500","4000","3000"
"2024-09-06","Onion","172","Pune","27","Maharashtra","521","Pune","Local","3200","4500","3850"
"2024-09-06","Onion","2494","Pune(Pimpri)","27","Maharashtra","521","Pune","Local","2500","4500","3500"
"2024-09-06","Onion","1171","Indapur","27","Maharashtra","521","Pune","Red","800","4100","3150"
"2024-09-06","Onion","3960","Junnar(Narayangaon)","27","Maharashtra","521","Pune","Other","1600","4300","3000"
"2024-09-06","Onion","4752","Pune(Moshi)","27","Maharashtra","521","Pune","Local","2000","3500","2250"
"2024-09-06","Onion","3958","Junnar(Alephata)","27","Maharashtra","521","Pune","Other","2300","4300","3700"
"2024-09-06","Onion","2493","Khed(Chakan)","27","Maharashtra","521","Pune","Other","3000","4000","3500"
"2024-09-05","Onion","2492","Junnar(Otur)","27","Maharashtra","521","Pune","Other","2000","4610","3800"
"2024-09-05","Onion","2494","Pune(Pimpri)","27","Maharashtra","521","Pune","Local","3200","4500","3850"
"2024-09-05","Onion","2493","Khed(Chakan)","27","Maharashtra","521","Pune","Other","3000","4500","4000"
"2024-09-05","Onion","4752","Pune(Moshi)","27","Maharashtra","521","Pune","Local","2500","4000","3250"
"2024-09-05","Onion","3960","Junnar(Narayangaon)","27","Maharashtra","521","Pune","Other","2000","4310","3500"
"2024-09-05","Onion","2495","Pune(Khadiki)","27","Maharashtra","521","Pune","Local","1700","3500","2600"
"2024-09-05","Onion","4751","Pune(Manjri)","27","Maharashtra","521","Pune","Local","2400","4000","3500"
"2024-09-05","Onion","172","Pune","27","Maharashtra","521","Pune","Local","3000","4400","3700"
"2024-09-05","Onion","577","Manchar","27","Maharashtra","521","Pune","Other","3700","4510","4125"
"2024-09-05","Onion","1455","Junnar","27","Maharashtra","521","Pune","Other","2500","4300","3700"
"2024-09-04","Onion","4751","Pune(Manjri)","27","Maharashtra","521","Pune","Local","2700","4000","3600"
"2024-09-04","Onion","2493","Khed(Chakan)","27","Maharashtra","521","Pune","Other","3000","4350","3500"
"2024-09-04","Onion","576","Baramati","27","Maharashtra","521","Pune","Red","1000","4600","3500"
"2024-09-04","Onion","3960","Junnar(Narayangaon)","27","Maharashtra","521","Pune","Other","1000","4300","3000"
"2024-09-04","Onion","2494","Pune(Pimpri)","27","Maharashtra","521","Pune","Local","3200","4500","3850"
"2024-09-04","Onion","172","Pune","27","Maharashtra","521","Pune","Local","3300","4500","3900"
"2024-09-03","Onion","4751","Pune(Manjri)","27","Maharashtra","521","Pune","Local","2500","4000","3600"
"2024-09-03","Onion","2494","Pune(Pimpri)","27","Maharashtra","521","Pune","Local","3900","4100","4000"
"2024-09-03","Onion","2495","Pune(Khadiki)","27","Maharashtra","521","Pune","Local","1800","3600","2700"
"2024-09-03","Onion","4752","Pune(Moshi)","27","Maharashtra","521","Pune","Local","2000","3500","2750"
"2024-09-03","Onion","172","Pune","27","Maharashtra","521","Pune","Local","3200","4600","3900"
"2024-09-03","Onion","2493","Khed(Chakan)","27","Maharashtra","521","Pune","Other","3000","4000","3500"
"2024-09-03","Onion","3958","Junnar(Alephata)","27","Maharashtra","521","Pune","Other","2800","4810","4100"
"2024-09-03","Onion","577","Manchar","27","Maharashtra","521","Pune","Other","3500","5510","4525"
"2024-09-02","Onion","4752","Pune(Moshi)","27","Maharashtra","521","Pune","Local","2000","4000","3000"
"2024-09-02","Onion","4751","Pune(Manjri)","27","Maharashtra","521","Pune","Local","2500","3800","3500"
"2024-09-02","Onion","3960","Junnar(Narayangaon)","27","Maharashtra","521","Pune","Other","1000","4250","3500"
"2024-09-02","Onion","576","Baramati","27","Maharashtra","521","Pune","Red","1000","4200","3200"
"2024-09-02","Onion","2494","Pune(Pimpri)","27","Maharashtra","521","Pune","Local","2600","3900","3750"
"2024-09-02","Onion","172","Pune","27","Maharashtra","521","Pune","Local","2800","4200","3500"
"2024-09-02","Onion","2495","Pune(Khadiki)","27","Maharashtra","521","Pune","Local","1900","3600","2750"
"2024-09-01","Onion","2492","Junnar(Otur)","27","Maharashtra","521","Pune","Other","1500","4210","3500"
"2024-09-01","Onion","3960","Junnar(Narayangaon)","27","Maharashtra","521","Pune","Other","500","4000","3000"
"2024-09-01","Onion","2493","Khed(Chakan)","27","Maharashtra","521","Pune","Other","3000","4000","3500"
"2024-09-01","Onion","4751","Pune(Manjri)","27","Maharashtra","521","Pune","Local","3000","4800","4500"
"2024-09-01","Onion","172","Pune","27","Maharashtra","521","Pune","Local","2800","4000","3400"
"2024-09-01","Onion","3958","Junnar(Alephata)","27","Maharashtra","521","Pune","Other","1300","4250","3700"
"2024-09-01","Onion","2495","Pune(Khadiki)","27","Maharashtra","521","Pune","Local","1500","3200","2350"
"2024-09-01","Onion","4752","Pune(Moshi)","27","Maharashtra","521","Pune","Local","1500","3500","2500"
"2024-09-01","Onion","2494","Pune(Pimpri)","27","Maharashtra","521","Pune","Local","3000","4000","3500"
"2024-09-01","Onion","1455","Junnar","27","Maharashtra","521","Pune","Other","2800","4210","4000"
"2024-08-31","Onion","2495","Pune(Khadiki)","27","Maharashtra","521","Pune","Local","1400","3800","2600"
"2024-08-31","Onion","4751","Pune(Manjri)","27","Maharashtra","521","Pune","Local","2000","5000","4500"
"2024-08-31","Onion","2494","Pune(Pimpri)","27","Maharashtra","521","Pune","Local","3500","4000","3750"
"2024-08-31","Onion","576","Baramati","27","Maharashtra","521","Pune","Red","700","4500","3400"
"2024-08-31","Onion","2493","Khed(Chakan)","27","Maharashtra","521","Pune","Other","3000","4000","3500"
"2024-08-31","Onion","4752","Pune(Moshi)","27","Maharashtra","521","Pune","Local","2000","3000","2500"
"2024-08-31","Onion","3960","Junnar(Narayangaon)","27","Maharashtra","521","Pune","Other","1200","4000","3000"
"2024-08-30","Onion","4751","Pune(Manjri)","27","Maharashtra","521","Pune","Local","3000","4800","4500"
"2024-08-30","Onion","172","Pune","27","Maharashtra","521","Pune","Local","2600","4000","3300"
"2024-08-30","Onion","2494","Pune(Pimpri)","27","Maharashtra","521","Pune","Local","3300","4000","3800"
"2024-08-30","Onion","2493","Khed(Chakan)","27","Maharashtra","521","Pune","Other","3000","4000","3500"
"2024-08-30","Onion","4752","Pune(Moshi)","27","Maharashtra","521","Pune","Local","1500","3500","2500"
"2024-08-30","Onion","3960","Junnar(Narayangaon)","27","Maharashtra","521","Pune","Other","1500","3900","2500"
"2024-08-30","Onion","2495","Pune(Khadiki)","27","Maharashtra","521","Pune","Local","2200","3300","2750"
"2024-08-30","Onion","3958","Junnar(Alephata)","27","Maharashtra","521","Pune","Other","1200","4010","3250"
"2024-08-29","Onion","4752","Pune(Moshi)","27","Maharashtra","521","Pune","Local","2000","4000","3000"
"2024-08-29","Onion","2495","Pune(Khadiki)","27","Maharashtra","521","Pune","Local","1300","3200","2250"
"2024-08-29","Onion","172","Pune","27","Maharashtra","521","Pune","Local","2500","4100","3300"
"2024-08-29","Onion","2494","Pune(Pimpri)","27","Maharashtra","521","Pune","Local","3600","4000","3800"
"2024-08-29","Onion","2493","Khed(Chakan)","27","Maharashtra","521","Pune","Other","3000","4000","3500"
"2024-08-29","Onion","2492","Junnar(Otur)","27","Maharashtra","521","Pune","Other","1000","4200","3000"
"2024-08-29","Onion","3960","Junnar(Narayangaon)","27","Maharashtra","521","Pune","Other","1600","3850","2500"
"2024-08-29","Onion","1455","Junnar","27","Maharashtra","521","Pune","Other","2000","4510","4100"
"2024-08-29","Onion","4751","Pune(Manjri)","27","Maharashtra","521","Pune","Local","2500","4000","3500"
"2024-08-28","Onion","2493","Khed(Chakan)","27","Maharashtra","521","Pune","Other","3000","4000","3500"
"2024-08-28","Onion","576","Baramati","27","Maharashtra","521","Pune","Red","1000","4600","3450"
"2024-08-28","Onion","172","Pune","27","Maharashtra","521","Pune","Local","2400","4000","3200"
"2024-08-28","Onion","2494","Pune(Pimpri)","27","Maharashtra","521","Pune","Local","4000","4000","4000"
"2024-08-28","Onion","4751","Pune(Manjri)","27","Maharashtra","521","Pune","Local","3000","4800","4500"
"2024-08-27","Onion","2494","Pune(Pimpri)","27","Maharashtra","521","Pune","Local","3000","3000","3000"
"2024-08-27","Onion","2495","Pune(Khadiki)","27","Maharashtra","521","Pune","Local","2000","3600","2800"
"2024-08-27","Onion","4751","Pune(Manjri)","27","Maharashtra","521","Pune","Local","2000","3400","2500"
"2024-08-27","Onion","172","Pune","27","Maharashtra","521","Pune","Local","2500","4100","3300"
"2024-08-27","Onion","577","Manchar","27","Maharashtra","521","Pune","Other","2500","4510","3525"
"2024-08-27","Onion","4752","Pune(Moshi)","27","Maharashtra","521","Pune","Local","2000","3600","2800"
"2024-08-27","Onion","2493","Khed(Chakan)","27","Maharashtra","521","Pune","Other","3000","4000","3500"
"2024-08-26","Onion","3960","Junnar(Narayangaon)","27","Maharashtra","521","Pune","Other","2000","4000","3000"
"2024-08-26","Onion","4751","Pune(Manjri)","27","Maharashtra","521","Pune","Local","2600","4500","3500"
"2024-08-26","Onion","576","Baramati","27","Maharashtra","521","Pune","Red","1000","4300","3200"
"2024-08-26","Onion","2494","Pune(Pimpri)","27","Maharashtra","521","Pune","Local","4000","4000","4000"
"2024-08-26","Onion","2495","Pune(Khadiki)","27","Maharashtra","521","Pune","Local","1700","3200","2450"
"2024-08-26","Onion","1171","Indapur","27","Maharashtra","521","Pune","Red","750","3500","2800"
"2024-08-26","Onion","4752","Pune(Moshi)","27","Maharashtra","521","Pune","Local","2000","3800","2900"
"2024-08-26","Onion","172","Pune","27","Maharashtra","521","Pune","Local","2500","4000","3250"
"2024-08-25","Onion","3958","Junnar(Alephata)","27","Maharashtra","521","Pune","Other","2300","4300","3500"
"2024-08-25","Onion","577","Manchar","27","Maharashtra","521","Pune","Other","3500","4510","4000"
"2024-08-25","Onion","2492","Junnar(Otur)","27","Maharashtra","521","Pune","Other","1500","4510","3800"
"2024-08-25","Onion","2493","Khed(Chakan)","27","Maharashtra","521","Pune","Other","3000","4000","3500"
"2024-08-25","Onion","2494","Pune(Pimpri)","27","Maharashtra","521","Pune","Local","3500","4000","3750"
"2024-08-25","Onion","4751","Pune(Manjri)","27","Maharashtra","521","Pune","Local","2600","4500","3500"
"2024-08-25","Onion","172","Pune","27","Maharashtra","521","Pune","Local","2400","4000","3200"
"2024-08-25","Onion","2495","Pune(Khadiki)","27","Maharashtra","521","Pune","Local","1700","3300","2500"
"2024-08-25","Onion","4752","Pune(Moshi)","27","Maharashtra","521","Pune","Local","2000","3500","2750"
"2024-08-25","Onion","3960","Junnar(Narayangaon)","27","Maharashtra","521","Pune","Other","1200","4000","3000"
"2024-08-24","Onion","576","Baramati","27","Maharashtra","521","Pune","Red","1000","4350","3000"
"2024-08-24","Onion","4752","Pune(Moshi)","27","Maharashtra","521","Pune","Local","2000","3500","2750"
"2024-08-24","Onion","2493","Khed(Chakan)","27","Maharashtra","521","Pune","Other","3000","4200","3500"
"2024-08-24","Onion","2494","Pune(Pimpri)","27","Maharashtra","521","Pune","Local","2800","4200","3500"
"2024-08-24","Onion","4751","Pune(Manjri)","27","Maharashtra","521","Pune","Local","2000","3400","2500"
"2024-08-23","Onion","2494","Pune(Pimpri)","27","Maharashtra","521","Pune","Local","3000","3900","3450"
"2024-08-23","Onion","4752","Pune(Moshi)","27","Maharashtra","521","Pune","Local","2000","3500","2750"
"2024-08-23","Onion","2492","Junnar(Otur)","27","Maharashtra","521","Pune","Other","1500","4510","3000"
"2024-08-23","Onion","2493","Khed(Chakan)","27","Maharashtra","521","Pune","Other","2500","3500","3000"
"2024-08-23","Onion","3960","Junnar(Narayangaon)","27","Maharashtra","521","Pune","Other","1600","4000","3000"
"2024-08-23","Onion","2495","Pune(Khadiki)","27","Maharashtra","521","Pune","Local","1700","3200","2450"
"2024-08-23","Onion","172","Pune","27","Maharashtra","521","Pune","Local","2800","4200","3500"
"2024-08-23","Onion","3958","Junnar(Alephata)","27","Maharashtra","521","Pune","Other","2000","4500","3400"
"2024-08-23","Onion","1171","Indapur","27","Maharashtra","521","Pune","Red","1175","3500","2800"
"2024-08-23","Onion","1827","Shirur","27","Maharashtra","521","Pune","Other","1000","4500","3800"
"2024-08-22","Onion","577","Manchar","27","Maharashtra","521","Pune","Other","3500","4710","4150"
"2024-08-22","Onion","2494","Pune(Pimpri)","27","Maharashtra","521","Pune","Local","2800","3500","3150"
"2024-08-22","Onion","3960","Junnar(Narayangaon)","27","Maharashtra","521","Pune","Other","500","4000","2500"
"2024-08-22","Onion","172","Pune","27","Maharashtra","521","Pune","Local","2800","4200","3500"
"2024-08-22","Onion","4751","Pune(Manjri)","27","Maharashtra","521","Pune","Local","2000","4500","3200"
"2024-08-22","Onion","2493","Khed(Chakan)","27","Maharashtra","521","Pune","Other","2500","3500","3000"
"2024-08-22","Onion","4752","Pune(Moshi)","27","Maharashtra","521","Pune","Local","2000","3500","2750"
"2024-08-21","Onion","576","Baramati","27","Maharashtra","521","Pune","Red","800","3500","2600"
"2024-08-21","Onion","4751","Pune(Manjri)","27","Maharashtra","521","Pune","Local","2000","3200","2700"
"2024-08-21","Onion","2494","Pune(Pimpri)","27","Maharashtra","521","Pune","Local","2000","3500","2750"
"2024-08-21","Onion","2495","Pune(Khadiki)","27","Maharashtra","521","Pune","Local","1300","3200","2250"
"2024-08-21","Onion","172","Pune","27","Maharashtra","521","Pune","Local","2000","3800","2900"
"2024-08-21","Onion","2493","Khed(Chakan)","27","Maharashtra","521","Pune","Other","2500","3500","3000"
"2024-08-20","Onion","2495","Pune(Khadiki)","27","Maharashtra","521","Pune","Local","1600","3200","2400"
"2024-08-20","Onion","172","Pune","27","Maharashtra","521","Pune","Local","2000","3500","2750"
"2024-08-20","Onion","4752","Pune(Moshi)","27","Maharashtra","521","Pune","Local","2500","3500","3000"
"2024-08-20","Onion","3958","Junnar(Alephata)","27","Maharashtra","521","Pune","Other","1500","3710","2800"
"2024-08-20","Onion","2493","Khed(Chakan)","27","Maharashtra","521","Pune","Other","2500","3500","3000"
"2024-08-20","Onion","4751","Pune(Manjri)","27","Maharashtra","521","Pune","Local","2000","3500","2800"
"2024-08-20","Onion","2494","Pune(Pimpri)","27","Maharashtra","521","Pune","Local","3400","3800","3600"
"2024-08-20","Onion","1827","Shirur","27","Maharashtra","521","Pune","Other","1000","4100","3300"
"2024-08-19","Onion","4751","Pune(Manjri)","27","Maharashtra","521","Pune","Local","2200","3500","2800"
"2024-08-19","Onion","1171","Indapur","27","Maharashtra","521","Pune","Red","700","3300","2500"
"2024-08-19","Onion","2494","Pune(Pimpri)","27","Maharashtra","521","Pune","Local","2000","3500","2750"
"2024-08-19","Onion","2495","Pune(Khadiki)","27","Maharashtra","521","Pune","Local","1200","2800","2000"
"2024-08-19","Onion","4752","Pune(Moshi)","27","Maharashtra","521","Pune","Local","2000","3800","2900"
"2024-08-19","Onion","576","Baramati","27","Maharashtra","521","Pune","Red","1000","3600","2600"
"2024-08-18","Onion","2494","Pune(Pimpri)","27","Maharashtra","521","Pune","Local","2600","3800","3200"
"2024-08-18","Onion","4751","Pune(Manjri)","27","Maharashtra","521","Pune","Local","2200","3500","2800"
"2024-08-18","Onion","3958","Junnar(Alephata)","27","Maharashtra","521","Pune","Other","1500","3710","2800"
"2024-08-18","Onion","172","Pune","27","Maharashtra","521","Pune","Local","2000","3500","2750"
"2024-08-18","Onion","2492","Junnar(Otur)","27","Maharashtra","521","Pune","Other","1800","3700","3200"
"2024-08-18","Onion","3960","Junnar(Narayangaon)","27","Maharashtra","521","Pune","Other","1200","3500","2500"
"2024-08-18","Onion","4752","Pune(Moshi)","27","Maharashtra","521","Pune","Local","2000","3500","2750"
"2024-08-17","Onion","4751","Pune(Manjri)","27","Maharashtra","521","Pune","Local","1700","2600","2200"
"2024-08-17","Onion","576","Baramati","27","Maharashtra","521","Pune","Red","1000","3610","2600"
"2024-08-17","Onion","4752","Pune(Moshi)","27","Maharashtra","521","Pune","Local","2000","3500","2750"
"2024-08-17","Onion","2494","Pune(Pimpri)","27","Maharashtra","521","Pune","Local","2600","3900","3750"
"2024-08-16","Onion","2494","Pune(Pimpri)","27","Maharashtra","521","Pune","Local","2600","3700","3150"
"2024-08-16","Onion","4752","Pune(Moshi)","27","Maharashtra","521","Pune","Local","3000","3500","3250"
"2024-08-16","Onion","4751","Pune(Manjri)","27","Maharashtra","521","Pune","Local","3100","4000","3500"
"2024-08-16","Onion","1827","Shirur","27","Maharashtra","521","Pune","Other","1000","3700","3200"
"2024-08-16","Onion","3960","Junnar(Narayangaon)","27","Maharashtra","521","Pune","Other","1000","3900","2500"
"2024-08-16","Onion","3958","Junnar(Alephata)","27","Maharashtra","521","Pune","Other","1500","3710","2800"
"2024-08-16","Onion","2493","Khed(Chakan)","27","Maharashtra","521","Pune","Other","2000","3500","2800"
"2024-08-15","Onion","3960","Junnar(Narayangaon)","27","Maharashtra","521","Pune","Other","1100","3700","3000"
"2024-08-15","Onion","2494","Pune(Pimpri)","27","Maharashtra","521","Pune","Local","3500","3700","3600"
"2024-08-14","Onion","4751","Pune(Manjri)","27","Maharashtra","521","Pune","Local","2600","4000","3300"
"2024-08-14","Onion","2494","Pune(Pimpri)","27","Maharashtra","521","Pune","Local","2800","3800","3300"
"2024-08-14","Onion","576","Baramati","27","Maharashtra","521","Pune","Red","1100","3800","3000"
"2024-08-14","Onion","172","Pune","27","Maharashtra","521","Pune","Local","2000","3600","2800"
"2024-08-14","Onion","2493","Khed(Chakan)","27","Maharashtra","521","Pune","Other","2500","3500","2900"
"2024-08-13","Onion","172","Pune","27","Maharashtra","521","Pune","Local","1800","3500","2650"
"2024-08-13","Onion","4752","Pune(Moshi)","27","Maharashtra","521","Pune","Local","2000","3500","2750"
"2024-08-13","Onion","4751","Pune(Manjri)","27","Maharashtra","521","Pune","Local","2200","3400","2600"
"2024-08-13","Onion","3958","Junnar(Alephata)","27","Maharashtra","521","Pune","Other","1800","3710","2900"
"2024-08-13","Onion","2495","Pune(Khadiki)","27","Maharashtra","521","Pune","Local","1700","2800","2250"
"2024-08-13","Onion","2494","Pune(Pimpri)","27","Maharashtra","521","Pune","Local","2600","3600","3100"
"2024-08-12","Onion","4751","Pune(Manjri)","27","Maharashtra","521","Pune","Local","2200","3300","2600"
"2024-08-12","Onion","4752","Pune(Moshi)","27","Maharashtra","521","Pune","Local","2500","3000","2750"
"2024-08-12","Onion","2495","Pune(Khadiki)","27","Maharashtra","521","Pune","Local","1500","2800","2150"
"2024-08-12","Onion","2494","Pune(Pimpri)","27","Maharashtra","521","Pune","Local","2600","3400","3000"
"2024-08-12","Onion","576","Baramati","27","Maharashtra","521","Pune","Red","1000","3700","2600"
"2024-08-12","Onion","172","Pune","27","Maharashtra","521","Pune","Local","1800","3500","2650"
"2024-08-12","Onion","3960","Junnar(Narayangaon)","27","Maharashtra","521","Pune","Other","1510","3800","2500"
"2024-08-11","Onion","577","Manchar","27","Maharashtra","521","Pune","Other","3200","4210","3705"
"2024-08-11","Onion","2494","Pune(Pimpri)","27","Maharashtra","521","Pune","Local","2000","3000","2500"
"2024-08-11","Onion","4752","Pune(Moshi)","27","Maharashtra","521","Pune","Local","2000","3000","2500"
"2024-08-11","Onion","2493","Khed(Chakan)","27","Maharashtra","521","Pune","Other","2000","3000","2500"
"2024-08-11","Onion","172","Pune","27","Maharashtra","521","Pune","Local","1800","3500","2650"
"2024-08-11","Onion","3958","Junnar(Alephata)","27","Maharashtra","521","Pune","Other","1100","4110","3000"
"2024-08-11","Onion","2492","Junnar(Otur)","27","Maharashtra","521","Pune","Other","1400","4000","3000"
"2024-08-11","Onion","2495","Pune(Khadiki)","27","Maharashtra","521","Pune","Local","1700","2900","2300"
"2024-08-11","Onion","4751","Pune(Manjri)","27","Maharashtra","521","Pune","Local","2200","3300","2600"
"2024-08-11","Onion","3960","Junnar(Narayangaon)","27","Maharashtra","521","Pune","Other","800","3210","2500"
"2024-08-10","Onion","3960","Junnar(Narayangaon)","27","Maharashtra","521","Pune","Other","500","3500","2500"
"2024-08-10","Onion","576","Baramati","27","Maharashtra","521","Pune","Red","700","3400","2400"
"2024-08-10","Onion","4752","Pune(Moshi)","27","Maharashtra","521","Pune","Local","2000","3000","2500"
"2024-08-10","Onion","2494","Pune(Pimpri)","27","Maharashtra","521","Pune","Local","2000","2000","2000"
"2024-08-10","Onion","4751","Pune(Manjri)","27","Maharashtra","521","Pune","Local","2200","3300","2600"
"2024-08-10","Onion","2493","Khed(Chakan)","27","Maharashtra","521","Pune","Other","2000","3350","2700"
"2024-08-09","Onion","3958","Junnar(Alephata)","27","Maharashtra","521","Pune","Other","1000","3410","2100"
"2024-08-09","Onion","2494","Pune(Pimpri)","27","Maharashtra","521","Pune","Local","2200","3100","2650"
"2024-08-09","Onion","172","Pune","27","Maharashtra","521","Pune","Local","1600","3200","2400"
"2024-08-09","Onion","2495","Pune(Khadiki)","27","Maharashtra","521","Pune","Local","1700","2800","2250"
"2024-08-09","Onion","4751","Pune(Manjri)","27","Maharashtra","521","Pune","Local","2200","3100","2600"
"2024-08-09","Onion","3960","Junnar(Narayangaon)","27","Maharashtra","521","Pune","Other","1510","3300","2500"
"2024-08-09","Onion","4752","Pune(Moshi)","27","Maharashtra","521","Pune","Local","1500","3000","2250"
"2024-08-08","Onion","1455","Junnar","27","Maharashtra","521","Pune","Other","1500","3410","2800"
"2024-08-08","Onion","3960","Junnar(Narayangaon)","27","Maharashtra","521","Pune","Other","600","3000","2500"
"2024-08-08","Onion","2492","Junnar(Otur)","27","Maharashtra","521","Pune","Other","1000","3300","2500"
"2024-08-08","Onion","577","Manchar","27","Maharashtra","521","Pune","Other","2800","3600","3200"
"2024-08-08","Onion","2494","Pune(Pimpri)","27","Maharashtra","521","Pune","Local","2200","3000","2600"
"2024-08-08","Onion","4751","Pune(Manjri)","27","Maharashtra","521","Pune","Local","1700","3300","2400"
"2024-08-08","Onion","4752","Pune(Moshi)","27","Maharashtra","521","Pune","Local","1500","2800","2150"
"2024-08-08","Onion","2493","Khed(Chakan)","27","Maharashtra","521","Pune","Other","2000","3000","2500"
"2024-08-08","Onion","172","Pune","27","Maharashtra","521","Pune","Local","1500","3100","2300"
"2024-08-08","Onion","2495","Pune(Khadiki)","27","Maharashtra","521","Pune","Local","1600","2800","2200"
"2024-08-07","Onion","2494","Pune(Pimpri)","27","Maharashtra","521","Pune","Local","1200","3000","2100"
"2024-08-07","Onion","2493","Khed(Chakan)","27","Maharashtra","521","Pune","Other","2000","3000","2500"
"2024-08-07","Onion","4751","Pune(Manjri)","27","Maharashtra","521","Pune","Local","1300","2600","2200"
"2024-08-07","Onion","576","Baramati","27","Maharashtra","521","Pune","Red","300","2950","2200"
"2024-08-07","Onion","172","Pune","27","Maharashtra","521","Pune","Local","1400","3000","2200"
"2024-08-07","Onion","2495","Pune(Khadiki)","27","Maharashtra","521","Pune","Local","2000","2700","2350"
"2024-08-06","Onion","2493","Khed(Chakan)","27","Maharashtra","521","Pune","Other","2000","3000","2500"
"2024-08-06","Onion","2494","Pune(Pimpri)","27","Maharashtra","521","Pune","Local","2000","2800","2400"
"2024-08-06","Onion","3958","Junnar(Alephata)","27","Maharashtra","521","Pune","Other","1000","3310","1800"
"2024-08-06","Onion","4752","Pune(Moshi)","27","Maharashtra","521","Pune","Local","1800","2500","2150"
"2024-08-06","Onion","4751","Pune(Manjri)","27","Maharashtra","521","Pune","Local","1700","3100","2600"
"2024-08-06","Onion","2495","Pune(Khadiki)","27","Maharashtra","521","Pune","Local","1800","3700","2250"
"2024-08-06","Onion","577","Manchar","27","Maharashtra","521","Pune","Other","2300","3300","2850"
"2024-08-05","Onion","172","Pune","27","Maharashtra","521","Pune","Local","1400","3000","2200"
"2024-08-05","Onion","3960","Junnar(Narayangaon)","27","Maharashtra","521","Pune","Other","1500","3210","2500"
"2024-08-05","Onion","2494","Pune(Pimpri)","27","Maharashtra","521","Pune","Local","2700","2900","2800"
"2024-08-05","Onion","4751","Pune(Manjri)","27","Maharashtra","521","Pune","Local","1700","3500","2200"
"2024-08-05","Onion","2495","Pune(Khadiki)","27","Maharashtra","521","Pune","Local","1700","2700","2200"
"2024-08-05","Onion","576","Baramati","27","Maharashtra","521","Pune","Red","500","2900","2200"
"2024-08-05","Onion","4752","Pune(Moshi)","27","Maharashtra","521","Pune","Local","2000","3000","2500"
"2024-08-04","Onion","4752","Pune(Moshi)","27","Maharashtra","521","Pune","Local","1700","2800","2250"
"2024-08-04","Onion","2495","Pune(Khadiki)","27","Maharashtra","521","Pune","Local","1500","2700","2100"
"2024-08-04","Onion","2494","Pune(Pimpri)","27","Maharashtra","521","Pune","Local","1800","3000","2400"
"2024-08-04","Onion","2493","Khed(Chakan)","27","Maharashtra","521","Pune","Other","2000","3000","2500"
"2024-08-04","Onion","172","Pune","27","Maharashtra","521","Pune","Local","1400","3000","2200"
"2024-08-04","Onion","4751","Pune(Manjri)","27","Maharashtra","521","Pune","Local","2000","3000","2600"
"2024-08-04","Onion","2492","Junnar(Otur)","27","Maharashtra","521","Pune","Other","1500","3010","2400"
"2024-08-04","Onion","1455","Junnar","27","Maharashtra","521","Pune","Other","1500","3250","2900"
"2024-08-04","Onion","577","Manchar","27","Maharashtra","521","Pune","Other","2300","3150","2725"
"2024-08-04","Onion","3960","Junnar(Narayangaon)","27","Maharashtra","521","Pune","Other","700","2800","2000"
"2024-07-31","Onion","3960","Junnar(Narayangaon)","27","Maharashtra","521","Pune","Other","1510","3000","2500"
"2024-07-31","Onion","2494","Pune(Pimpri)","27","Maharashtra","521","Pune","Local","2300","3200","2750"
"2024-07-31","Onion","172","Pune","27","Maharashtra","521","Pune","Local","1400","3000","2200"
"2024-07-31","Onion","576","Baramati","27","Maharashtra","521","Pune","Red","700","3000","2200"
"2024-07-31","Onion","4751","Pune(Manjri)","27","Maharashtra","521","Pune","Local","2000","3500","2800"
"2024-07-31","Onion","2493","Khed(Chakan)","27","Maharashtra","521","Pune","Other","2000","3000","2500"
"2024-07-30","Onion","2494","Pune(Pimpri)","27","Maharashtra","521","Pune","Local","2400","2900","2650"
"2024-07-30","Onion","3958","Junnar(Alephata)","27","Maharashtra","521","Pune","Other","1100","3210","2800"
"2024-07-30","Onion","172","Pune","27","Maharashtra","521","Pune","Local","1200","3000","2100"
"2024-07-30","Onion","4751","Pune(Manjri)","27","Maharashtra","521","Pune","Local","2200","3300","2800"
"2024-07-30","Onion","4752","Pune(Moshi)","27","Maharashtra","521","Pune","Local","1500","2800","2150"
"2024-07-30","Onion","2493","Khed(Chakan)","27","Maharashtra","521","Pune","Other","2000","3000","2500"
"2024-07-30","Onion","2495","Pune(Khadiki)","27","Maharashtra","521","Pune","Local","1600","2700","2150"
"2024-07-29","Onion","172","Pune","27","Maharashtra","521","Pune","Local","1400","3000","2200"
"2024-07-29","Onion","4752","Pune(Moshi)","27","Maharashtra","521","Pune","Local","1500","3000","2250"
"2024-07-29","Onion","4751","Pune(Manjri)","27","Maharashtra","521","Pune","Local","2200","3100","2600"
"2024-07-29","Onion","2495","Pune(Khadiki)","27","Maharashtra","521","Pune","Local","1800","2600","2200"
"2024-07-29","Onion","576","Baramati","27","Maharashtra","521","Pune","Red","900","3000","2200"
"2024-07-28","Onion","172","Pune","27","Maharashtra","521","Pune","Local","1200","3000","2100"
"2024-07-28","Onion","3960","Junnar(Narayangaon)","27","Maharashtra","521","Pune","Other","1000","2800","2000"
"2024-07-28","Onion","4752","Pune(Moshi)","27","Maharashtra","521","Pune","Local","1500","3000","2250"
"2024-07-28","Onion","4751","Pune(Manjri)","27","Maharashtra","521","Pune","Local","1300","3300","2200"
"2024-07-28","Onion","3958","Junnar(Alephata)","27","Maharashtra","521","Pune","Other","1100","3250","2700"
"2024-07-28","Onion","2492","Junnar(Otur)","27","Maharashtra","521","Pune","Other","1500","3110","2500"
"2024-07-28","Onion","2494","Pune(Pimpri)","27","Maharashtra","521","Pune","Local","2000","3000","2500"
"2024-07-27","Onion","4752","Pune(Moshi)","27","Maharashtra","521","Pune","Local","1500","3000","2250"
"2024-07-27","Onion","3960","Junnar(Narayangaon)","27","Maharashtra","521","Pune","Other","1000","3000","2500"
"2024-07-27","Onion","2495","Pune(Khadiki)","27","Maharashtra","521","Pune","Local","1800","2700","2250"
"2024-07-27","Onion","4751","Pune(Manjri)","27","Maharashtra","521","Pune","Local","1300","3300","2200"
"2024-07-26","Onion","2493","Khed(Chakan)","27","Maharashtra","521","Pune","Other","2000","3000","2500"
"2024-07-26","Onion","3958","Junnar(Alephata)","27","Maharashtra","521","Pune","Other","1100","3210","2800"
"2024-07-26","Onion","4751","Pune(Manjri)","27","Maharashtra","521","Pune","Local","2200","3300","2700"
"2024-07-26","Onion","3960","Junnar(Narayangaon)","27","Maharashtra","521","Pune","Other","600","2900","2300"
"2024-07-26","Onion","172","Pune","27","Maharashtra","521","Pune","Local","1200","3000","2100"
"2024-07-26","Onion","2495","Pune(Khadiki)","27","Maharashtra","521","Pune","Local","2700","2700","2700"
"2024-07-26","Onion","4752","Pune(Moshi)","27","Maharashtra","521","Pune","Local","2000","3000","2500"
"2024-07-25","Onion","2494","Pune(Pimpri)","27","Maharashtra","521","Pune","Local","2000","3000","2500"
"2024-07-25","Onion","4751","Pune(Manjri)","27","Maharashtra","521","Pune","Local","1300","3500","2200"
"2024-07-25","Onion","2492","Junnar(Otur)","27","Maharashtra","521","Pune","Other","1000","3110","2500"
"2024-07-25","Onion","2493","Khed(Chakan)","27","Maharashtra","521","Pune","Other","2000","3000","2500"
"2024-07-25","Onion","4752","Pune(Moshi)","27","Maharashtra","521","Pune","Local","1500","3000","2250"
"2024-07-25","Onion","3960","Junnar(Narayangaon)","27","Maharashtra","521","Pune","Other","700","2800","1500"
"2024-07-25","Onion","172","Pune","27","Maharashtra","521","Pune","Local","1200","3000","2100"
"2024-07-25","Onion","1455","Junnar","27","Maharashtra","521","Pune","Other","1500","3200","2900"
"2024-07-24","Onion","172","Pune","27","Maharashtra","521","Pune","Local","1400","3000","2200"
"2024-07-24","Onion","4751","Pune(Manjri)","27","Maharashtra","521","Pune","Local","2200","3300","2800"
"2024-07-24","Onion","2493","Khed(Chakan)","27","Maharashtra","521","Pune","Other","2000","3000","2500"
"2024-07-24","Onion","576","Baramati","27","Maharashtra","521","Pune","Red","800","3000","2200"
"2024-07-24","Onion","2494","Pune(Pimpri)","27","Maharashtra","521","Pune","Local","2400","3000","2700"
"2024-07-23","Onion","172","Pune","27","Maharashtra","521","Pune","Local","1200","3000","2100"
"2024-07-23","Onion","2494","Pune(Pimpri)","27","Maharashtra","521","Pune","Local","2800","3200","3000"
"2024-07-23","Onion","4751","Pune(Manjri)","27","Maharashtra","521","Pune","Local","1700","2600","2200"
"2024-07-23","Onion","2493","Khed(Chakan)","27","Maharashtra","521","Pune","Other","2000","3000","2500"
"2024-07-23","Onion","4752","Pune(Moshi)","27","Maharashtra","521","Pune","Local","1500","3000","2250"
"2024-07-23","Onion","3958","Junnar(Alephata)","27","Maharashtra","521","Pune","Other","1100","3210","2800"
"2024-07-22","Onion","3960","Junnar(Narayangaon)","27","Maharashtra","521","Pune","Other","1000","3000","2000"
"2024-07-22","Onion","2494","Pune(Pimpri)","27","Maharashtra","521","Pune","Local","2900","3000","2950"
"2024-07-22","Onion","4752","Pune(Moshi)","27","Maharashtra","521","Pune","Local","1500","3000","2250"
"2024-07-22","Onion","172","Pune","27","Maharashtra","521","Pune","Local","1200","3000","2100"
"2024-07-22","Onion","576","Baramati","27","Maharashtra","521","Pune","Red","600","2900","2200"
"2024-07-22","Onion","4751","Pune(Manjri)","27","Maharashtra","521","Pune","Local","1700","2600","2100"
"2024-07-22","Onion","2495","Pune(Khadiki)","27","Maharashtra","521","Pune","Local","1400","2800","2100"
"2024-07-21","Onion","4752","Pune(Moshi)","27","Maharashtra","521","Pune","Local","2000","3000","2500"
"2024-07-21","Onion","172","Pune","27","Maharashtra","521","Pune","Local","1200","3000","2100"
"2024-07-21","Onion","3960","Junnar(Narayangaon)","27","Maharashtra","521","Pune","Other","1000","2900","2200"
"2024-07-21","Onion","2494","Pune(Pimpri)","27","Maharashtra","521","Pune","Local","1500","2800","2150"
"2024-07-21","Onion","3958","Junnar(Alephata)","27","Maharashtra","521","Pune","Other","1000","3210","1800"
"2024-07-21","Onion","2492","Junnar(Otur)","27","Maharashtra","521","Pune","Other","1500","3110","2500"
"2024-07-21","Onion","4751","Pune(Manjri)","27","Maharashtra","521","Pune","Local","2200","3300","2600"
"2024-07-20","Onion","2495","Pune(Khadiki)","27","Maharashtra","521","Pune","Local","1500","2400","1950"
"2024-07-20","Onion","3960","Junnar(Narayangaon)","27","Maharashtra","521","Pune","Other","600","3000","2500"
"2024-07-20","Onion","4752","Pune(Moshi)","27","Maharashtra","521","Pune","Local","1500","3000","2250"
"2024-07-20","Onion","4751","Pune(Manjri)","27","Maharashtra","521","Pune","Local","2200","3000","2600"
"2024-07-20","Onion","576","Baramati","27","Maharashtra","521","Pune","Red","500","3000","2300"
"2024-07-20","Onion","2494","Pune(Pimpri)","27","Maharashtra","521","Pune","Local","2500","2800","2650"
"2024-07-19","Onion","4751","Pune(Manjri)","27","Maharashtra","521","Pune","Local","2000","3500","2500"
"2024-07-19","Onion","3958","Junnar(Alephata)","27","Maharashtra","521","Pune","Other","1000","3310","2708"
"2024-07-19","Onion","172","Pune","27","Maharashtra","521","Pune","Local","1300","3100","2200"
"2024-07-19","Onion","3960","Junnar(Narayangaon)","27","Maharashtra","521","Pune","Other","1000","3000","2000"
"2024-07-19","Onion","2493","Khed(Chakan)","27","Maharashtra","521","Pune","Other","2000","3000","2500"
"2024-07-19","Onion","2495","Pune(Khadiki)","27","Maharashtra","521","Pune","Local","1500","2700","2100"
"2024-07-19","Onion","2494","Pune(Pimpri)","27","Maharashtra","521","Pune","Local","2500","3000","2750"
"2024-07-19","Onion","4752","Pune(Moshi)","27","Maharashtra","521","Pune","Local","1500","3000","2250"
"2024-07-18","Onion","172","Pune","27","Maharashtra","521","Pune","Local","1200","3000","2100"
"2024-07-18","Onion","4751","Pune(Manjri)","27","Maharashtra","521","Pune","Local","2000","3500","2500"
"2024-07-18","Onion","4752","Pune(Moshi)","27","Maharashtra","521","Pune","Local","2200","2800","2500"
"2024-07-18","Onion","2494","Pune(Pimpri)","27","Maharashtra","521","Pune","Local","1800","2900","2350"
"2024-07-18","Onion","2493","Khed(Chakan)","27","Maharashtra","521","Pune","Other","2000","3000","2500"
"2024-07-17","Onion","4751","Pune(Manjri)","27","Maharashtra","521","Pune","Local","2200","3600","2600"
"2024-07-17","Onion","172","Pune","27","Maharashtra","521","Pune","Local","1200","3100","2150"
"2024-07-17","Onion","2494","Pune(Pimpri)","27","Maharashtra","521","Pune","Local","2500","2900","2700"
"2024-07-17","Onion","2493","Khed(Chakan)","27","Maharashtra","521","Pune","Other","2000","3000","2500"
"2024-07-17","Onion","576","Baramati","27","Maharashtra","521","Pune","Red","500","3000","2300"
"2024-07-16","Onion","2495","Pune(Khadiki)","27","Maharashtra","521","Pune","Local","2000","2400","2200"
"2024-07-16","Onion","2494","Pune(Pimpri)","27","Maharashtra","521","Pune","Local","2900","2900","2900"
"2024-07-16","Onion","3958","Junnar(Alephata)","27","Maharashtra","521","Pune","Other","1100","3310","2800"
"2024-07-16","Onion","2493","Khed(Chakan)","27","Maharashtra","521","Pune","Other","2000","3000","2500"
"2024-07-16","Onion","4751","Pune(Manjri)","27","Maharashtra","521","Pune","Local","2700","3300","3000"
"2024-07-16","Onion","4752","Pune(Moshi)","27","Maharashtra","521","Pune","Local","1600","3000","2300"
"2024-07-16","Onion","577","Manchar","27","Maharashtra","521","Pune","Other","2000","3300","2650"
"2024-07-16","Onion","172","Pune","27","Maharashtra","521","Pune","Local","1300","3100","2200"
"2024-07-15","Onion","2494","Pune(Pimpri)","27","Maharashtra","521","Pune","Local","2900","3000","2950"
"2024-07-15","Onion","576","Baramati","27","Maharashtra","521","Pune","Red","800","3000","2200"
"2024-07-15","Onion","4751","Pune(Manjri)","27","Maharashtra","521","Pune","Local","2200","3300","2600"
"2024-07-15","Onion","4752","Pune(Moshi)","27","Maharashtra","521","Pune","Local","1600","2500","2050"
"2024-07-15","Onion","3960","Junnar(Narayangaon)","27","Maharashtra","521","Pune","Other","1510","3000","2500"
"2024-07-15","Onion","2495","Pune(Khadiki)","27","Maharashtra","521","Pune","Local","1400","2700","2050"
"2024-07-15","Onion","172","Pune","27","Maharashtra","521","Pune","Local","1000","3000","2000"
"2024-07-14","Onion","4752","Pune(Moshi)","27","Maharashtra","521","Pune","Local","1200","2500","1850"
"2024-07-14","Onion","2494","Pune(Pimpri)","27","Maharashtra","521","Pune","Local","2500","3000","2750"
"2024-07-14","Onion","4751","Pune(Manjri)","27","Maharashtra","521","Pune","Local","1300","3100","2200"
"2024-07-14","Onion","1455","Junnar","27","Maharashtra","521","Pune","Other","1500","3510","3000"
"2024-07-14","Onion","2495","Pune(Khadiki)","27","Maharashtra","521","Pune","Local","1600","2700","2150"
"2024-07-14","Onion","2492","Junnar(Otur)","27","Maharashtra","521","Pune","Other","1500","3200","2600"
"2024-07-14","Onion","172","Pune","27","Maharashtra","521","Pune","Local","1200","3100","2150"
"2024-07-13","Onion","4751","Pune(Manjri)","27","Maharashtra","521","Pune","Local","1700","2600","2200"
"2024-07-13","Onion","4752","Pune(Moshi)","27","Maharashtra","521","Pune","Local","1800","3000","2400"
"2024-07-13","Onion","3960","Junnar(Narayangaon)","27","Maharashtra","521","Pune","Other","1000","3250","2500"
"2024-07-13","Onion","2494","Pune(Pimpri)","27","Maharashtra","521","Pune","Local","2000","3000","2500"
"2024-07-13","Onion","576","Baramati","27","Maharashtra","521","Pune","Red","1000","3060","2300"
"2024-07-13","Onion","2495","Pune(Khadiki)","27","Maharashtra","521","Pune","Local","1500","2600","2050"
"2024-07-12","Onion","3960","Junnar(Narayangaon)","27","Maharashtra","521","Pune","Other","500","3510","2900"
"2024-07-12","Onion","3958","Junnar(Alephata)","27","Maharashtra","521","Pune","Other","1100","3410","2800"
"2024-07-12","Onion","2494","Pune(Pimpri)","27","Maharashtra","521","Pune","Local","2000","3000","2500"
"2024-07-12","Onion","4751","Pune(Manjri)","27","Maharashtra","521","Pune","Local","1700","2600","2200"
"2024-07-12","Onion","2495","Pune(Khadiki)","27","Maharashtra","521","Pune","Local","1600","2700","2150"
"2024-07-12","Onion","4752","Pune(Moshi)","27","Maharashtra","521","Pune","Local","1800","2600","2200"
"2024-07-12","Onion","172","Pune","27","Maharashtra","521","Pune","Local","1200","3100","2150"
"2024-07-11","Onion","2494","Pune(Pimpri)","27","Maharashtra","521","Pune","Local","2800","3000","2900"
"2024-07-11","Onion","2493","Khed(Chakan)","27","Maharashtra","521","Pune","Other","2000","3000","2500"
"2024-07-11","Onion","4752","Pune(Moshi)","27","Maharashtra","521","Pune","Local","1600","2800","2200"
"2024-07-11","Onion","172","Pune","27","Maharashtra","521","Pune","Local","1500","3100","2300"
"2024-07-11","Onion","4751","Pune(Manjri)","27","Maharashtra","521","Pune","Local","2200","3300","2600"
"2024-07-11","Onion","2495","Pune(Khadiki)","27","Maharashtra","521","Pune","Local","1300","2500","1900"
"2024-07-11","Onion","2492","Junnar(Otur)","27","Maharashtra","521","Pune","Other","1000","3300","2500"
"2024-07-10","Onion","3960","Junnar(Narayangaon)","27","Maharashtra","521","Pune","Other","500","3300","2510"
"2024-07-10","Onion","2494","Pune(Pimpri)","27","Maharashtra","521","Pune","Local","2000","3000","2500"
"2024-07-10","Onion","4751","Pune(Manjri)","27","Maharashtra","521","Pune","Local","2200","3300","2600"
"2024-07-10","Onion","576","Baramati","27","Maharashtra","521","Pune","Red","1000","3210","2500"
"2024-07-10","Onion","2493","Khed(Chakan)","27","Maharashtra","521","Pune","Other","2000","3000","2500"
"2024-07-10","Onion","172","Pune","27","Maharashtra","521","Pune","Local","1200","3200","2200"
"2024-07-09","Onion","3958","Junnar(Alephata)","27","Maharashtra","521","Pune","Other","1100","3410","2800"
"2024-07-09","Onion","2493","Khed(Chakan)","27","Maharashtra","521","Pune","Other","2000","3000","2500"
"2024-07-09","Onion","172","Pune","27","Maharashtra","521","Pune","Local","1100","3100","2100"
"2024-07-09","Onion","4752","Pune(Moshi)","27","Maharashtra","521","Pune","Local","1500","3000","2250"
"2024-07-09","Onion","4751","Pune(Manjri)","27","Maharashtra","521","Pune","Local","2200","2600","2400"
"2024-07-09","Onion","2494","Pune(Pimpri)","27","Maharashtra","521","Pune","Local","2500","3000","2750"
"2024-07-09","Onion","577","Manchar","27","Maharashtra","521","Pune","Other","2800","3250","3025"
"2024-07-08","Onion","3960","Junnar(Narayangaon)","27","Maharashtra","521","Pune","Other","1000","3000","2500"
"2024-07-08","Onion","2494","Pune(Pimpri)","27","Maharashtra","521","Pune","Local","2800","3000","2900"
"2024-07-08","Onion","2495","Pune(Khadiki)","27","Maharashtra","521","Pune","Local","1500","2500","2000"
"2024-07-08","Onion","4751","Pune(Manjri)","27","Maharashtra","521","Pune","Local","1700","3300","2700"
"2024-07-08","Onion","172","Pune","27","Maharashtra","521","Pune","Local","1000","3100","2050"
"2024-07-08","Onion","576","Baramati","27","Maharashtra","521","Pune","Red","400","3000","2400"
"2024-07-08","Onion","4752","Pune(Moshi)","27","Maharashtra","521","Pune","Local","1500","2600","2050"
"2024-07-07","Onion","1455","Junnar","27","Maharashtra","521","Pune","Other","1500","3510","3100"
"2024-07-07","Onion","4751","Pune(Manjri)","27","Maharashtra","521","Pune","Local","1700","3300","2500"
"2024-07-07","Onion","2494","Pune(Pimpri)","27","Maharashtra","521","Pune","Local","2700","3300","3000"
"2024-07-07","Onion","577","Manchar","27","Maharashtra","521","Pune","Other","2500","3350","2930"
"2024-07-07","Onion","2492","Junnar(Otur)","27","Maharashtra","521","Pune","Other","1500","3210","2700"
"2024-07-07","Onion","3958","Junnar(Alephata)","27","Maharashtra","521","Pune","Other","1200","3300","2700"
"2024-07-07","Onion","172","Pune","27","Maharashtra","521","Pune","Local","1100","3100","2100"
"2024-07-07","Onion","3960","Junnar(Narayangaon)","27","Maharashtra","521","Pune","Other","500","3500","2500"
"2024-07-07","Onion","4752","Pune(Moshi)","27","Maharashtra","521","Pune","Local","1400","2500","1950"
"2024-07-07","Onion","2495","Pune(Khadiki)","27","Maharashtra","521","Pune","Local","1500","2500","2000"
"2024-07-06","Onion","3960","Junnar(Narayangaon)","27","Maharashtra","521","Pune","Other","600","3310","2000"
"2024-07-06","Onion","2495","Pune(Khadiki)","27","Maharashtra","521","Pune","Local","1500","2400","1950"
"2024-07-06","Onion","576","Baramati","27","Maharashtra","521","Pune","Red","500","3100","2300"
"2024-07-06","Onion","4752","Pune(Moshi)","27","Maharashtra","521","Pune","Local","1400","3000","2200"
"2024-07-06","Onion","2493","Khed(Chakan)","27","Maharashtra","521","Pune","Other","2000","3000","2500"
"2024-07-06","Onion","4751","Pune(Manjri)","27","Maharashtra","521","Pune","Local","1300","3100","2200"
"2024-07-06","Onion","2494","Pune(Pimpri)","27","Maharashtra","521","Pune","Local","2500","3000","2750"
"2024-07-05","Onion","2493","Khed(Chakan)","27","Maharashtra","521","Pune","Other","2000","3000","2500"
"2024-07-05","Onion","3958","Junnar(Alephata)","27","Maharashtra","521","Pune","Other","1200","3510","2900"
"2024-07-05","Onion","2495","Pune(Khadiki)","27","Maharashtra","521","Pune","Local","1500","2200","1850"
"2024-07-05","Onion","4752","Pune(Moshi)","27","Maharashtra","521","Pune","Local","1400","2500","1950"
"2024-07-05","Onion","3960","Junnar(Narayangaon)","27","Maharashtra","521","Pune","Other","1250","3510","2800"
"2024-07-05","Onion","4751","Pune(Manjri)","27","Maharashtra","521","Pune","Local","1700","3100","2200"
"2024-07-05","Onion","172","Pune","27","Maharashtra","521","Pune","Local","1200","3200","2200"
"2024-07-05","Onion","2494","Pune(Pimpri)","27","Maharashtra","521","Pune","Local","1600","3000","2300"
"2024-07-04","Onion","577","Manchar","27","Maharashtra","521","Pune","Other","2600","3650","3150"
"2024-07-04","Onion","2492","Junnar(Otur)","27","Maharashtra","521","Pune","Other","1000","3510","2500"
"2024-07-04","Onion","172","Pune","27","Maharashtra","521","Pune","Local","1200","3200","2200"
"2024-07-04","Onion","2493","Khed(Chakan)","27","Maharashtra","521","Pune","Other","2000","3200","2500"
"2024-07-04","Onion","4752","Pune(Moshi)","27","Maharashtra","521","Pune","Local","1200","2400","1800"
"2024-07-04","Onion","3960","Junnar(Narayangaon)","27","Maharashtra","521","Pune","Other","1000","3100","2000"
"2024-07-04","Onion","4751","Pune(Manjri)","27","Maharashtra","521","Pune","Local","1300","3100","2200"
"2024-07-04","Onion","2495","Pune(Khadiki)","27","Maharashtra","521","Pune","Local","1400","2600","2000"
"2024-07-04","Onion","2494","Pune(Pimpri)","27","Maharashtra","521","Pune","Local","2300","3000","2650"
"2024-07-04","Onion","1455","Junnar","27","Maharashtra","521","Pune","Other","1500","3510","2900"
"2024-07-03","Onion","576","Baramati","27","Maharashtra","521","Pune","Red","500","3000","2250"
"2024-07-03","Onion","2494","Pune(Pimpri)","27","Maharashtra","521","Pune","Local","1500","3000","2250"
"2024-07-03","Onion","3960","Junnar(Narayangaon)","27","Maharashtra","521","Pune","Other","1000","3210","2500"
"2024-07-03","Onion","2493","Khed(Chakan)","27","Maharashtra","521","Pune","Other","2000","3200","2500"
"2024-07-03","Onion","1171","Indapur","27","Maharashtra","521","Pune","Red","750","3000","2200"
"2024-07-03","Onion","4751","Pune(Manjri)","27","Maharashtra","521","Pune","Local","2200","3300","2600"
"2024-07-03","Onion","172","Pune","27","Maharashtra","521","Pune","Local","1200","3200","2200"
"2024-07-02","Onion","4751","Pune(Manjri)","27","Maharashtra","521","Pune","Local","1300","2600","1700"
"2024-07-02","Onion","2493","Khed(Chakan)","27","Maharashtra","521","Pune","Other","2000","3000","2500"
"2024-07-02","Onion","577","Manchar","27","Maharashtra","521","Pune","Other","3200","3750","3475"
"2024-07-02","Onion","2494","Pune(Pimpri)","27","Maharashtra","521","Pune","Local","2200","2800","2500"
"2024-07-02","Onion","3958","Junnar(Alephata)","27","Maharashtra","521","Pune","Other","1100","3510","2800"
"2024-07-02","Onion","4752","Pune(Moshi)","27","Maharashtra","521","Pune","Local","1000","2400","1700"
"2024-07-01","Onion","4752","Pune(Moshi)","27","Maharashtra","521","Pune","Local","1400","2500","1950"
"2024-07-01","Onion","1171","Indapur","27","Maharashtra","521","Pune","Red","1500","3500","2000"
"2024-07-01","Onion","576","Baramati","27","Maharashtra","521","Pune","Red","670","2800","2100"
"2024-07-01","Onion","2495","Pune(Khadiki)","27","Maharashtra","521","Pune","Local","1600","2400","2000"
"2024-07-01","Onion","4751","Pune(Manjri)","27","Maharashtra","521","Pune","Local","1700","3100","2700"
"2024-07-01","Onion","172","Pune","27","Maharashtra","521","Pune","Local","1000","3000","2000"
"2024-06-30","Onion","2495","Pune(Khadiki)","27","Maharashtra","521","Pune","Local","1500","2400","1950"
"2024-06-30","Onion","3958","Junnar(Alephata)","27","Maharashtra","521","Pune","Other","1200","3300","2800"
"2024-06-30","Onion","4751","Pune(Manjri)","27","Maharashtra","521","Pune","Local","2000","3200","2800"
"2024-06-30","Onion","4752","Pune(Moshi)","27","Maharashtra","521","Pune","Local","1400","2800","2100"
"2024-06-30","Onion","577","Manchar","27","Maharashtra","521","Pune","Other","2000","3400","2700"
"2024-06-30","Onion","3960","Junnar(Narayangaon)","27","Maharashtra","521","Pune","Other","1500","3350","2510"
"2024-06-30","Onion","172","Pune","27","Maharashtra","521","Pune","Local","1000","3000","2000"
"2024-06-30","Onion","1455","Junnar","27","Maharashtra","521","Pune","Other","1500","3500","2600"
"2024-06-30","Onion","2492","Junnar(Otur)","27","Maharashtra","521","Pune","Other","1300","3210","2500"
"2024-06-30","Onion","2494","Pune(Pimpri)","27","Maharashtra","521","Pune","Local","2400","3000","2700"
"2024-06-30","Onion","2493","Khed(Chakan)","27","Maharashtra","521","Pune","Other","2000","3000","2500"
"2024-06-29","Onion","4751","Pune(Manjri)","27","Maharashtra","521","Pune","Local","2000","3300","2800"
"2024-06-29","Onion","2494","Pune(Pimpri)","27","Maharashtra","521","Pune","Local","2200","2200","2200"
"2024-06-29","Onion","4752","Pune(Moshi)","27","Maharashtra","521","Pune","Local","1300","2500","1900"
"2024-06-29","Onion","2493","Khed(Chakan)","27","Maharashtra","521","Pune","Other","2000","3100","2500"
"2024-06-29","Onion","576","Baramati","27","Maharashtra","521","Pune","Red","500","3000","2300"
"2024-06-28","Onion","4751","Pune(Manjri)","27","Maharashtra","521","Pune","Local","2000","2600","2400"
"2024-06-28","Onion","2493","Khed(Chakan)","27","Maharashtra","521","Pune","Other","2000","3100","2500"
"2024-06-28","Onion","3960","Junnar(Narayangaon)","27","Maharashtra","521","Pune","Other","600","3200","2500"
"2024-06-28","Onion","1171","Indapur","27","Maharashtra","521","Pune","Red","600","2800","1855"
"2024-06-28","Onion","3958","Junnar(Alephata)","27","Maharashtra","521","Pune","Other","1000","3400","2400"
"2024-06-28","Onion","2495","Pune(Khadiki)","27","Maharashtra","521","Pune","Local","1500","2300","1900"
"2024-06-28","Onion","2494","Pune(Pimpri)","27","Maharashtra","521","Pune","Local","2500","2900","2700"
"2024-06-28","Onion","4752","Pune(Moshi)","27","Maharashtra","521","Pune","Local","1000","3000","2000"
"2024-06-28","Onion","172","Pune","27","Maharashtra","521","Pune","Local","1000","3000","2000"
"2024-06-27","Onion","172","Pune","27","Maharashtra","521","Pune","Local","1000","3000","2000"
"2024-06-27","Onion","4752","Pune(Moshi)","27","Maharashtra","521","Pune","Local","1200","2500","1850"
"2024-06-27","Onion","2494","Pune(Pimpri)","27","Maharashtra","521","Pune","Local","2700","2900","2800"
"2024-06-27","Onion","4751","Pune(Manjri)","27","Maharashtra","521","Pune","Local","1700","3300","2800"
"2024-06-27","Onion","3960","Junnar(Narayangaon)","27","Maharashtra","521","Pune","Other","500","3000","2400"
"2024-06-27","Onion","2493","Khed(Chakan)","27","Maharashtra","521","Pune","Other","2000","3000","2500"
"2024-06-26","Onion","2495","Pune(Khadiki)","27","Maharashtra","521","Pune","Local","1200","2600","1900"
"2024-06-26","Onion","576","Baramati","27","Maharashtra","521","Pune","Red","500","3000","2200"
"2024-06-26","Onion","2494","Pune(Pimpri)","27","Maharashtra","521","Pune","Local","1200","3000","2100"
"2024-06-26","Onion","2493","Khed(Chakan)","27","Maharashtra","521","Pune","Other","2000","3000","2500"
"2024-06-26","Onion","4751","Pune(Manjri)","27","Maharashtra","521","Pune","Local","2200","2600","2400"
"2024-06-26","Onion","172","Pune","27","Maharashtra","521","Pune","Local","1000","3000","2000"
"2024-06-25","Onion","2494","Pune(Pimpri)","27","Maharashtra","521","Pune","Local","2500","2900","2700"
"2024-06-25","Onion","4751","Pune(Manjri)","27","Maharashtra","521","Pune","Local","1700","2600","2200"
"2024-06-25","Onion","4752","Pune(Moshi)","27","Maharashtra","521","Pune","Local","1500","2500","2000"
"2024-06-25","Onion","2495","Pune(Khadiki)","27","Maharashtra","521","Pune","Local","1500","2600","2050"
"2024-06-25","Onion","3958","Junnar(Alephata)","27","Maharashtra","521","Pune","Other","900","3510","2400"
"2024-06-25","Onion","2493","Khed(Chakan)","27","Maharashtra","521","Pune","Other","2000","3000","2500"
"2024-06-25","Onion","172","Pune","27","Maharashtra","521","Pune","Local","1000","3100","2050"
"2024-06-24","Onion","3960","Junnar(Narayangaon)","27","Maharashtra","521","Pune","Other","1100","3300","2800"
"2024-06-24","Onion","172","Pune","27","Maharashtra","521","Pune","Local","1000","3000","2000"
"2024-06-24","Onion","2495","Pune(Khadiki)","27","Maharashtra","521","Pune","Local","1600","2400","2000"
"2024-06-24","Onion","4752","Pune(Moshi)","27","Maharashtra","521","Pune","Local","1400","2200","1800"
"2024-06-24","Onion","2494","Pune(Pimpri)","27","Maharashtra","521","Pune","Local","2600","3000","2800"
"2024-06-24","Onion","576","Baramati","27","Maharashtra","521","Pune","Red","900","3000","2200"
"2024-06-24","Onion","4751","Pune(Manjri)","27","Maharashtra","521","Pune","Local","1700","2800","2200"
"2024-06-23","Onion","4752","Pune(Moshi)","27","Maharashtra","521","Pune","Local","1000","2200","1600"
"2024-06-23","Onion","172","Pune","27","Maharashtra","521","Pune","Local","800","3000","1900"
"2024-06-23","Onion","2495","Pune(Khadiki)","27","Maharashtra","521","Pune","Local","1500","2500","2100"
"2024-06-23","Onion","2492","Junnar(Otur)","27","Maharashtra","521","Pune","Other","1500","3510","2500"
"2024-06-23","Onion","4751","Pune(Manjri)","27","Maharashtra","521","Pune","Local","1700","2600","2200"
"2024-06-23","Onion","3960","Junnar(Narayangaon)","27","Maharashtra","521","Pune","Other","500","3300","2000"
"2024-06-23","Onion","2494","Pune(Pimpri)","27","Maharashtra","521","Pune","Local","1500","3200","2350"
"2024-06-22","Onion","3960","Junnar(Narayangaon)","27","Maharashtra","521","Pune","Other","900","3800","2800"
"2024-06-22","Onion","576","Baramati","27","Maharashtra","521","Pune","Red","500","3000","2200"
"2024-06-22","Onion","4751","Pune(Manjri)","27","Maharashtra","521","Pune","Local","1700","2800","2200"
"2024-06-22","Onion","2494","Pune(Pimpri)","27","Maharashtra","521","Pune","Local","2500","3000","2750"
"2024-06-22","Onion","4752","Pune(Moshi)","27","Maharashtra","521","Pune","Local","1300","2500","1900"
"2024-06-21","Onion","1171","Indapur","27","Maharashtra","521","Pune","Other","1000","4200","2000"
"2024-06-21","Onion","3960","Junnar(Narayangaon)","27","Maharashtra","521","Pune","Other","800","3300","2500"
"2024-06-21","Onion","2493","Khed(Chakan)","27","Maharashtra","521","Pune","Other","2000","3000","2500"
"2024-06-21","Onion","4751","Pune(Manjri)","27","Maharashtra","521","Pune","Local","1700","2600","2200"
"2024-06-21","Onion","4752","Pune(Moshi)","27","Maharashtra","521","Pune","Local","1400","2300","1850"
"2024-06-21","Onion","172","Pune","27","Maharashtra","521","Pune","Local","800","3000","1900"
"2024-06-21","Onion","2494","Pune(Pimpri)","27","Maharashtra","521","Pune","Local","1500","3000","2250"
"2024-06-21","Onion","3958","Junnar(Alephata)","27","Maharashtra","521","Pune","Other","1000","3810","2600"
"2024-06-20","Onion","2492","Junnar(Otur)","27","Maharashtra","521","Pune","Other","1000","3510","2500"
"2024-06-20","Onion","4752","Pune(Moshi)","27","Maharashtra","521","Pune","Local","1500","3000","2250"
"2024-06-20","Onion","4751","Pune(Manjri)","27","Maharashtra","521","Pune","Local","2200","2600","2400"
"2024-06-20","Onion","2494","Pune(Pimpri)","27","Maharashtra","521","Pune","Local","1900","2800","2350"
"2024-06-20","Onion","2493","Khed(Chakan)","27","Maharashtra","521","Pune","Other","2000","3000","2500"
"2024-06-20","Onion","172","Pune","27","Maharashtra","521","Pune","Local","1000","3200","2100"
"2024-06-19","Onion","4751","Pune(Manjri)","27","Maharashtra","521","Pune","Local","1700","2400","2000"
"2024-06-19","Onion","172","Pune","27","Maharashtra","521","Pune","Local","1000","3000","2000"
"2024-06-19","Onion","576","Baramati","27","Maharashtra","521","Pune","Red","500","3100","2200"
"2024-06-19","Onion","2493","Khed(Chakan)","27","Maharashtra","521","Pune","Other","2000","3100","2500"
"2024-06-19","Onion","2494","Pune(Pimpri)","27","Maharashtra","521","Pune","Local","2000","3000","2500"
"2024-06-18","Onion","172","Pune","27","Maharashtra","521","Pune","Local","1000","3000","2000"
"2024-06-18","Onion","4752","Pune(Moshi)","27","Maharashtra","521","Pune","Local","1500","2000","1750"
"2024-06-18","Onion","4751","Pune(Manjri)","27","Maharashtra","521","Pune","Local","2000","2600","2400"
"2024-06-18","Onion","2493","Khed(Chakan)","27","Maharashtra","521","Pune","Other","1500","2800","2000"
"2024-06-18","Onion","2495","Pune(Khadiki)","27","Maharashtra","521","Pune","Local","1500","2200","1950"
"2024-06-18","Onion","2494","Pune(Pimpri)","27","Maharashtra","521","Pune","Local","1400","3000","2200"
"2024-06-18","Onion","3958","Junnar(Alephata)","27","Maharashtra","521","Pune","Other","1000","4110","2800"
"2024-06-17","Onion","2495","Pune(Khadiki)","27","Maharashtra","521","Pune","Local","1200","2200","1700"
"2024-06-17","Onion","2494","Pune(Pimpri)","27","Maharashtra","521","Pune","Local","2800","3000","2900"
"2024-06-17","Onion","3960","Junnar(Narayangaon)","27","Maharashtra","521","Pune","Other","1000","3400","2300"
"2024-06-17","Onion","4751","Pune(Manjri)","27","Maharashtra","521","Pune","Local","2000","2600","2400"
"2024-06-17","Onion","576","Baramati","27","Maharashtra","521","Pune","Red","650","2650","2000"
"2024-06-17","Onion","172","Pune","27","Maharashtra","521","Pune","Local","1000","3100","2050"
"2024-06-17","Onion","4752","Pune(Moshi)","27","Maharashtra","521","Pune","Local","1000","2200","1600"
"2024-06-16","Onion","2494","Pune(Pimpri)","27","Maharashtra","521","Pune","Local","2700","2700","2700"
"2024-06-16","Onion","577","Manchar","27","Maharashtra","521","Pune","Other","2300","3110","2700"
"2024-06-16","Onion","3958","Junnar(Alephata)","27","Maharashtra","521","Pune","Other","1100","3510","2500"
"2024-06-16","Onion","1455","Junnar","27","Maharashtra","521","Pune","Other","1500","3200","2200"
"2024-06-16","Onion","3960","Junnar(Narayangaon)","27","Maharashtra","521","Pune","Other","700","3400","2500"
"2024-06-16","Onion","4751","Pune(Manjri)","27","Maharashtra","521","Pune","Local","1300","2700","2000"
"2024-06-16","Onion","2493","Khed(Chakan)","27","Maharashtra","521","Pune","Other","1500","2700","2000"
"2024-06-16","Onion","2492","Junnar(Otur)","27","Maharashtra","521","Pune","Other","1500","3210","2600"
"2024-06-16","Onion","172","Pune","27","Maharashtra","521","Pune","Local","800","3000","1900"
"2024-06-16","Onion","4752","Pune(Moshi)","27","Maharashtra","521","Pune","Local","1200","2400","1800"
"2024-06-15","Onion","4751","Pune(Manjri)","27","Maharashtra","521","Pune","Local","2200","2400","2300"
"2024-06-15","Onion","2495","Pune(Khadiki)","27","Maharashtra","521","Pune","Local","1300","2100","1700"
"2024-06-15","Onion","576","Baramati","27","Maharashtra","521","Pune","Red","450","3000","2100"
"2024-06-15","Onion","3960","Junnar(Narayangaon)","27","Maharashtra","521","Pune","Other","1000","3400","2500"
"2024-06-15","Onion","2493","Khed(Chakan)","27","Maharashtra","521","Pune","Other","2000","3000","2500"
"2024-06-15","Onion","4752","Pune(Moshi)","27","Maharashtra","521","Pune","Local","1500","2200","1850"
"2024-06-15","Onion","2494","Pune(Pimpri)","27","Maharashtra","521","Pune","Local","2000","2800","2400"
"2024-06-14","Onion","2494","Pune(Pimpri)","27","Maharashtra","521","Pune","Local","2200","2900","2550"
"2024-06-14","Onion","3958","Junnar(Alephata)","27","Maharashtra","521","Pune","Other","1000","3210","2200"
"2024-06-14","Onion","172","Pune","27","Maharashtra","521","Pune","Local","800","3000","1900"
"2024-06-14","Onion","4751","Pune(Manjri)","27","Maharashtra","521","Pune","Local","1700","2200","1800"
"2024-06-14","Onion","4752","Pune(Moshi)","27","Maharashtra","521","Pune","Local","1400","2200","1800"
"2024-06-13","Onion","2493","Khed(Chakan)","27","Maharashtra","521","Pune","Other","2000","3000","2500"
"2024-06-13","Onion","4752","Pune(Moshi)","27","Maharashtra","521","Pune","Local","1200","2200","1700"
"2024-06-13","Onion","2494","Pune(Pimpri)","27","Maharashtra","521","Pune","Local","2000","3000","2500"
"2024-06-13","Onion","4751","Pune(Manjri)","27","Maharashtra","521","Pune","Local","1700","2200","1900"
"2024-06-13","Onion","172","Pune","27","Maharashtra","521","Pune","Local","1000","3000","2000"
"2024-06-13","Onion","2492","Junnar(Otur)","27","Maharashtra","521","Pune","Other","1000","3000","2000"
"2024-06-13","Onion","3960","Junnar(Narayangaon)","27","Maharashtra","521","Pune","Other","100","3250","2000"
"2024-06-13","Onion","1455","Junnar","27","Maharashtra","521","Pune","Other","1500","3000","2300"
"2024-06-12","Onion","576","Baramati","27","Maharashtra","521","Pune","Red","600","3000","2200"
"2024-06-12","Onion","2494","Pune(Pimpri)","27","Maharashtra","521","Pune","Local","2000","3200","2600"
"2024-06-12","Onion","2495","Pune(Khadiki)","27","Maharashtra","521","Pune","Local","1600","2200","1900"
"2024-06-12","Onion","172","Pune","27","Maharashtra","521","Pune","Local","800","3000","1900"
"2024-06-12","Onion","4751","Pune(Manjri)","27","Maharashtra","521","Pune","Local","2000","2200","2100"
"2024-06-11","Onion","4752","Pune(Moshi)","27","Maharashtra","521","Pune","Local","1000","2200","1600"
"2024-06-11","Onion","172","Pune","27","Maharashtra","521","Pune","Local","1000","3000","2000"
"2024-06-11","Onion","4751","Pune(Manjri)","27","Maharashtra","521","Pune","Local","1700","2100","2000"
"2024-06-11","Onion","577","Manchar","27","Maharashtra","521","Pune","Other","2300","3110","2725"