t,cmdty,market_id,market_name,state_id,state_name,district_id,district_name,variety,p_min,p_max,p_modal
"2025-09-27","Tomato","2494","Pune(Pimpri)","27","Maharashtra","521","Pune","Local","1400","1600","1500"
"2025-09-27","Tomato","2493","Khed(Chakan)","27","Maharashtra","521","Pune","Other","1000","1800","1400"
"2025-09-27","Tomato","2495","Pune(Khadiki)","27","Maharashtra","521","Pune","Local","700","800","750"
"2025-09-27","Tomato","4751","Pune(Manjri)","27","Maharashtra","521","Pune","Other","1000","2000","1500"
"2025-09-27","Tomato","4752","Pune(Moshi)","27","Maharashtra","521","Pune","Local","1000","1500","1250"
"2025-09-26","Tomato","4752","Pune(Moshi)","27","Maharashtra","521","Pune","Local","800","1500","1150"
"2025-09-26","Tomato","172","Pune","27","Maharashtra","521","Pune","Local","600","1600","1100"
"2025-09-26","Tomato","2493","Khed(Chakan)","27","Maharashtra","521","Pune","Other","800","1200","1000"
"2025-09-26","Tomato","2495","Pune(Khadiki)","27","Maharashtra","521","Pune","Local","1000","1700","1350"
"2025-09-26","Tomato","2494","Pune(Pimpri)","27","Maharashtra","521","Pune","Local","1000","1500","1250"
"2025-09-25","Tomato","2493","Khed(Chakan)","27","Maharashtra","521","Pune","Other","1000","1600","1200"
"2025-09-25","Tomato","4752","Pune(Moshi)","27","Maharashtra","521","Pune","Local","500","1500","1000"
"2025-09-25","Tomato","172","Pune","27","Maharashtra","521","Pune","Local","600","1600","1100"
"2025-09-25","Tomato","4751","Pune(Manjri)","27","Maharashtra","521","Pune","Other","500","1500","1000"
"2025-09-25","Tomato","2494","Pune(Pimpri)","27","Maharashtra","521","Pune","Local","1200","1600","1400"
"2025-09-25","Tomato","2495","Pune(Khadiki)","27","Maharashtra","521","Pune","Local","600","800","700"
"2025-09-24","Tomato","2495","Pune(Khadiki)","27","Maharashtra","521","Pune","Local","700","800","750"
"2025-09-24","Tomato","172","Pune","27","Maharashtra","521","Pune","Local","600","2000","1300"
"2025-09-24","Tomato","3960","Junnar(Narayangaon)","27","Maharashtra","521","Pune","Local","500","1500","1000"
"2025-09-24","Tomato","577","Manchar","27","Maharashtra","521","Pune","Other","2100","3500","2800"
"2025-09-24","Tomato","4751","Pune(Manjri)","27","Maharashtra","521","Pune","Other","1000","3000","2000"
"2025-09-24","Tomato","2494","Pune(Pimpri)","27","Maharashtra","521","Pune","Local","1200","1500","1350"
"2025-09-24","Tomato","2493","Khed(Chakan)","27","Maharashtra","521","Pune","Other","1000","1600","1200"
"2025-09-23","Tomato","2493","Khed(Chakan)","27","Maharashtra","521","Pune","Other","600","1200","900"
"2025-09-23","Tomato","172","Pune","27","Maharashtra","521","Pune","Local","1000","2000","1500"
"2025-09-23","Tomato","4752","Pune(Moshi)","27","Maharashtra","521","Pune","Local","800","1000","900"
"2025-09-23","Tomato","4751","Pune(Manjri)","27","Maharashtra","521","Pune","Other","1000","2000","1500"
"2025-09-23","Tomato","2494","Pune(Pimpri)","27","Maharashtra","521","Pune","Local","900","1500","1200"
"2025-09-23","Tomato","2495","Pune(Khadiki)","27","Maharashtra","521","Pune","Local","700","850","780"
"2025-09-22","Tomato","4751","Pune(Manjri)","27","Maharashtra","521","Pune","Other","1000","3000","2000"
"2025-09-22","Tomato","4752","Pune(Moshi)","27","Maharashtra","521","Pune","Local","1000","1500","1250"
"2025-09-22","Tomato","2494","Pune(Pimpri)","27","Maharashtra","521","Pune","Local","1000","1600","1300"
"2025-09-22","Tomato","3960","Junnar(Narayangaon)","27","Maharashtra","521","Pune","Local","1000","2000","1500"
"2025-09-22","Tomato","172","Pune","27","Maharashtra","521","Pune","Local","800","1600","1200"
"2025-09-21","Tomato","172","Pune","27","Maharashtra","521","Pune","Local","500","1400","950"
"2025-09-21","Tomato","4752","Pune(Moshi)","27","Maharashtra","521","Pune","Local","500","1500","1000"
"2025-09-21","Tomato","2493","Khed(Chakan)","27","Maharashtra","521","Pune","Other","1000","2000","1500"
"2025-09-21","Tomato","4751","Pune(Manjri)","27","Maharashtra","521","Pune","Other","1000","2000","1500"
"2025-09-21","Tomato","2494","Pune(Pimpri)","27","Maharashtra","521","Pune","Local","1400","1600","1500"
"2025-09-21","Tomato","2495","Pune(Khadiki)","27","Maharashtra","521","Pune","Local","600","1300","950"
"2025-09-21","Tomato","3960","Junnar(Narayangaon)","27","Maharashtra","521","Pune","Local","1000","2000","1500"
"2025-09-20","Tomato","3960","Junnar(Narayangaon)","27","Maharashtra","521","Pune","Local","750","1500","1000"
"2025-09-20","Tomato","2494","Pune(Pimpri)","27","Maharashtra","521","Pune","Local","1200","1600","1400"
"2025-09-20","Tomato","4751","Pune(Manjri)","27","Maharashtra","521","Pune","Other","500","1500","1000"
"2025-09-20","Tomato","2495","Pune(Khadiki)","27","Maharashtra","521","Pune","Local","200","1000","600"
"2025-09-20","Tomato","4752","Pune(Moshi)","27","Maharashtra","521","Pune","Local","1000","2000","1500"
"2025-09-19","Tomato","2494","Pune(Pimpri)","27","Maharashtra","521","Pune","Local","1200","1600","1400"
"2025-09-19","Tomato","172","Pune","27","Maharashtra","521","Pune","Local","600","1400","1000"
"2025-09-19","Tomato","2495","Pune(Khadiki)","27","Maharashtra","521","Pune","Local","700","800","750"
"2025-09-19","Tomato","3960","Junnar(Narayangaon)","27","Maharashtra","521","Pune","Local","750","1500","1000"
"2025-09-19","Tomato","4751","Pune(Manjri)","27","Maharashtra","521","Pune","Other","500","1000","800"
"2025-09-19","Tomato","2493","Khed(Chakan)","27","Maharashtra","521","Pune","Other","700","1200","900"
"2025-09-19","Tomato","4752","Pune(Moshi)","27","Maharashtra","521","Pune","Local","1000","1200","1100"
"2025-09-18","Tomato","3960","Junnar(Narayangaon)","27","Maharashtra","521","Pune","Local","500","1000","750"
"2025-09-18","Tomato","2495","Pune(Khadiki)","27","Maharashtra","521","Pune","Local","800","900","850"
"2025-09-18","Tomato","172","Pune","27","Maharashtra","521","Pune","Local","600","1400","1000"
"2025-09-18","Tomato","4751","Pune(Manjri)","27","Maharashtra","521","Pune","Other","500","1500","1000"
"2025-09-18","Tomato","2494","Pune(Pimpri)","27","Maharashtra","521","Pune","Local","1300","1500","1400"
"2025-09-18","Tomato","2493","Khed(Chakan)","27","Maharashtra","521","Pune","Other","700","1200","900"
"2025-09-18","Tomato","4752","Pune(Moshi)","27","Maharashtra","521","Pune","Local","800","1000","900"
"2025-09-17","Tomato","2494","Pune(Pimpri)","27","Maharashtra","521","Pune","Local","1200","1600","1400"
"2025-09-17","Tomato","4751","Pune(Manjri)","27","Maharashtra","521","Pune","Other","500","1500","1000"
"2025-09-17","Tomato","172","Pune","27","Maharashtra","521","Pune","Local","600","1500","1050"
"2025-09-17","Tomato","3960","Junnar(Narayangaon)","27","Maharashtra","521","Pune","Local","500","1000","750"
"2025-09-17","Tomato","2493","Khed(Chakan)","27","Maharashtra","521","Pune","Other","800","1200","1000"
"2025-09-16","Tomato","4752","Pune(Moshi)","27","Maharashtra","521","Pune","Local","500","1000","750"
"2025-09-16","Tomato","4751","Pune(Manjri)","27","Maharashtra","521","Pune","Other","500","1500","1000"
"2025-09-16","Tomato","2494","Pune(Pimpri)","27","Maharashtra","521","Pune","Local","1400","1500","1450"
"2025-09-16","Tomato","172","Pune","27","Maharashtra","521","Pune","Local","600","1200","900"
"2025-09-16","Tomato","2495","Pune(Khadiki)","27","Maharashtra","521","Pune","Local","700","1000","850"
"2025-09-16","Tomato","577","Manchar","27","Maharashtra","521","Pune","Other","600","3900","2300"
"2025-09-16","Tomato","2493","Khed(Chakan)","27","Maharashtra","521","Pune","Other","1000","1400","1200"
"2025-09-15","Tomato","577","Manchar","27","Maharashtra","521","Pune","Other","1750","3200","2500"
"2025-09-15","Tomato","3960","Junnar(Narayangaon)","27","Maharashtra","521","Pune","Local","500","1250","1000"
"2025-09-15","Tomato","2494","Pune(Pimpri)","27","Maharashtra","521","Pune","Local","1000","1600","1300"
"2025-09-15","Tomato","172","Pune","27","Maharashtra","521","Pune","Local","600","1400","1000"
"2025-09-15","Tomato","2495","Pune(Khadiki)","27","Maharashtra","521","Pune","Local","1000","1600","1300"
"2025-09-15","Tomato","4751","Pune(Manjri)","27","Maharashtra","521","Pune","Other","700","2000","1200"
"2025-09-15","Tomato","4752","Pune(Moshi)","27","Maharashtra","521","Pune","Local","700","1000","850"
"2025-09-14","Tomato","3960","Junnar(Narayangaon)","27","Maharashtra","521","Pune","Local","500","1500","1000"
"2025-09-14","Tomato","4752","Pune(Moshi)","27","Maharashtra","521","Pune","Local","500","1200","850"
"2025-09-14","Tomato","4751","Pune(Manjri)","27","Maharashtra","521","Pune","Other","500","2000","1200"
"2025-09-14","Tomato","2494","Pune(Pimpri)","27","Maharashtra","521","Pune","Local","1200","1500","1350"
"2025-09-14","Tomato","2493","Khed(Chakan)","27","Maharashtra","521","Pune","Other","800","1500","1200"
"2025-09-14","Tomato","577","Manchar","27","Maharashtra","521","Pune","Other","2100","4000","3100"
"2025-09-14","Tomato","2495","Pune(Khadiki)","27","Maharashtra","521","Pune","Local","700","1000","850"
"2025-09-14","Tomato","172","Pune","27","Maharashtra","521","Pune","Local","1000","1500","1250"
"2025-09-13","Tomato","2493","Khed(Chakan)","27","Maharashtra","521","Pune","Other","800","1400","1000"
"2025-09-13","Tomato","4751","Pune(Manjri)","27","Maharashtra","521","Pune","Other","500","2000","1200"
"2025-09-13","Tomato","4752","Pune(Moshi)","27","Maharashtra","521","Pune","Local","1000","2000","1500"
"2025-09-13","Tomato","3960","Junnar(Narayangaon)","27","Maharashtra","521","Pune","Local","500","1500","1000"
"2025-09-13","Tomato","2494","Pune(Pimpri)","27","Maharashtra","521","Pune","Local","1300","1500","1400"
"2025-09-13","Tomato","2495","Pune(Khadiki)","27","Maharashtra","521","Pune","Local","700","2000","1350"
"2025-09-12","Tomato","4751","Pune(Manjri)","27","Maharashtra","521","Pune","Other","1000","2000","1500"
"2025-09-12","Tomato","2494","Pune(Pimpri)","27","Maharashtra","521","Pune","Local","1200","1500","1350"
"2025-09-12","Tomato","2495","Pune(Khadiki)","27","Maharashtra","521","Pune","Local","700","2000","1350"
"2025-09-12","Tomato","172","Pune","27","Maharashtra","521","Pune","Local","600","1600","1100"
"2025-09-12","Tomato","3960","Junnar(Narayangaon)","27","Maharashtra","521","Pune","Local","250","1000","750"
"2025-09-12","Tomato","2493","Khed(Chakan)","27","Maharashtra","521","Pune","Other","800","1500","1000"
"2025-09-12","Tomato","4752","Pune(Moshi)","27","Maharashtra","521","Pune","Local","1000","1500","1250"
"2025-09-11","Tomato","2493","Khed(Chakan)","27","Maharashtra","521","Pune","Other","1000","1600","1300"
"2025-09-11","Tomato","172","Pune","27","Maharashtra","521","Pune","Local","1000","1600","1300"
"2025-09-11","Tomato","4751","Pune(Manjri)","27","Maharashtra","521","Pune","Other","1000","2000","1500"
"2025-09-11","Tomato","2494","Pune(Pimpri)","27","Maharashtra","521","Pune","Local","1000","1500","1250"
"2025-09-11","Tomato","3960","Junnar(Narayangaon)","27","Maharashtra","521","Pune","Local","500","1250","1000"
"2025-09-11","Tomato","577","Manchar","27","Maharashtra","521","Pune","Other","2400","4500","3500"
"2025-09-11","Tomato","4752","Pune(Moshi)","27","Maharashtra","521","Pune","Local","800","1200","1000"
"2025-09-11","Tomato","2495","Pune(Khadiki)","27","Maharashtra","521","Pune","Local","800","2000","1400"
"2025-09-10","Tomato","2495","Pune(Khadiki)","27","Maharashtra","521","Pune","Local","800","2000","1400"
"2025-09-10","Tomato","4751","Pune(Manjri)","27","Maharashtra","521","Pune","Other","1000","3000","2000"
"2025-09-10","Tomato","172","Pune","27","Maharashtra","521","Pune","Local","600","2000","1300"
"2025-09-10","Tomato","2493","Khed(Chakan)","27","Maharashtra","521","Pune","Other","800","1600","1200"
"2025-09-10","Tomato","3960","Junnar(Narayangaon)","27","Maharashtra","521","Pune","Local","500","1500","1000"
"2025-09-10","Tomato","2494","Pune(Pimpri)","27","Maharashtra","521","Pune","Local","1200","1800","1500"
"2025-09-09","Tomato","4751","Pune(Manjri)","27","Maharashtra","521","Pune","Other","1000","2000","1500"
"2025-09-09","Tomato","2493","Khed(Chakan)","27","Maharashtra","521","Pune","Other","500","1200","900"
"2025-09-09","Tomato","2494","Pune(Pimpri)","27","Maharashtra","521","Pune","Local","1000","2000","1500"
"2025-09-09","Tomato","172","Pune","27","Maharashtra","521","Pune","Local","1000","2000","1500"
"2025-09-09","Tomato","2495","Pune(Khadiki)","27","Maharashtra","521","Pune","Local","1000","1300","1150"
"2025-09-09","Tomato","4752","Pune(Moshi)","27","Maharashtra","521","Pune","Local","1000","1500","1250"
"2025-09-08","Tomato","172","Pune","27","Maharashtra","521","Pune","Local","1000","2000","1500"
"2025-09-08","Tomato","4752","Pune(Moshi)","27","Maharashtra","521","Pune","Local","1000","1500","1250"
"2025-09-08","Tomato","2495","Pune(Khadiki)","27","Maharashtra","521","Pune","Local","1300","1300","1300"
"2025-09-08","Tomato","2494","Pune(Pimpri)","27","Maharashtra","521","Pune","Local","1500","1500","1500"
"2025-09-08","Tomato","3960","Junnar(Narayangaon)","27","Maharashtra","521","Pune","Local","500","1500","1000"
"2025-09-08","Tomato","4751","Pune(Manjri)","27","Maharashtra","521","Pune","Other","1000","3000","2000"
"2025-09-07","Tomato","577","Manchar","27","Maharashtra","521","Pune","Other","2050","3600","2825"
"2025-09-07","Tomato","2494","Pune(Pimpri)","27","Maharashtra","521","Pune","Local","1000","2500","1750"
"2025-09-07","Tomato","2493","Khed(Chakan)","27","Maharashtra","521","Pune","Other","800","1500","1200"
"2025-09-07","Tomato","3960","Junnar(Narayangaon)","27","Maharashtra","521","Pune","Local","500","1500","1000"
"2025-09-06","Tomato","2494","Pune(Pimpri)","27","Maharashtra","521","Pune","Local","1000","2000","1500"
"2025-09-06","Tomato","4752","Pune(Moshi)","27","Maharashtra","521","Pune","Local","1000","1500","1250"
"2025-09-06","Tomato","2493","Khed(Chakan)","27","Maharashtra","521","Pune","Other","1000","2000","1500"
"2025-09-06","Tomato","4751","Pune(Manjri)","27","Maharashtra","521","Pune","Other","1000","2000","1500"
"2025-09-05","Tomato","3960","Junnar(Narayangaon)","27","Maharashtra","521","Pune","Local","750","2000","1500"
"2025-09-05","Tomato","4752","Pune(Moshi)","27","Maharashtra","521","Pune","Local","1000","1200","1100"
"2025-09-05","Tomato","4751","Pune(Manjri)","27","Maharashtra","521","Pune","Other","1000","2500","1800"
"2025-09-05","Tomato","2493","Khed(Chakan)","27","Maharashtra","521","Pune","Other","1000","2000","1500"
"2025-09-05","Tomato","2494","Pune(Pimpri)","27","Maharashtra","521","Pune","Local","1400","2000","1700"
"2025-09-05","Tomato","172","Pune","27","Maharashtra","521","Pune","Local","1000","2000","1500"
"2025-09-05","Tomato","2495","Pune(Khadiki)","27","Maharashtra","521","Pune","Local","1000","1800","1400"
"2025-09-05","Tomato","577","Manchar","27","Maharashtra","521","Pune","Other","2450","4600","3525"
"2025-09-04","Tomato","4752","Pune(Moshi)","27","Maharashtra","521","Pune","Local","800","900","850"
"2025-09-04","Tomato","3960","Junnar(Narayangaon)","27","Maharashtra","521","Pune","Local","750","1750","1500"
"2025-09-04","Tomato","172","Pune","27","Maharashtra","521","Pune","Local","500","2500","1500"
"2025-09-04","Tomato","2494","Pune(Pimpri)","27","Maharashtra","521","Pune","Local","1400","2200","1800"
"2025-09-04","Tomato","4751","Pune(Manjri)","27","Maharashtra","521","Pune","Other","1500","2800","2200"
"2025-09-04","Tomato","2495","Pune(Khadiki)","27","Maharashtra","521","Pune","Local","1000","1800","1400"
"2025-09-04","Tomato","2493","Khed(Chakan)","27","Maharashtra","521","Pune","Other","1000","2000","1500"
"2025-09-03","Tomato","172","Pune","27","Maharashtra","521","Pune","Local","1000","2000","1500"
"2025-09-03","Tomato","2494","Pune(Pimpri)","27","Maharashtra","521","Pune","Local","1400","2000","1700"
"2025-09-03","Tomato","2495","Pune(Khadiki)","27","Maharashtra","521","Pune","Local","1000","2000","1500"
"2025-09-03","Tomato","577","Manchar","27","Maharashtra","521","Pune","Other","2350","4000","3200"
"2025-09-03","Tomato","4751","Pune(Manjri)","27","Maharashtra","521","Pune","Other","1500","3000","2500"
"2025-09-03","Tomato","2493","Khed(Chakan)","27","Maharashtra","521","Pune","Other","800","1200","1000"
"2025-09-03","Tomato","3960","Junnar(Narayangaon)","27","Maharashtra","521","Pune","Local","750","1750","1500"
"2025-09-02","Tomato","4752","Pune(Moshi)","27","Maharashtra","521","Pune","Local","1000","1500","1250"
"2025-09-02","Tomato","577","Manchar","27","Maharashtra","521","Pune","Other","2300","4150","3225"
"2025-09-02","Tomato","2494","Pune(Pimpri)","27","Maharashtra","521","Pune","Local","2000","2000","2000"
"2025-09-02","Tomato","2493","Khed(Chakan)","27","Maharashtra","521","Pune","Other","1000","2000","1500"
"2025-09-02","Tomato","172","Pune","27","Maharashtra","521","Pune","Local","1000","2500","1750"
"2025-09-02","Tomato","2495","Pune(Khadiki)","27","Maharashtra","521","Pune","Local","800","2000","1400"
"2025-09-02","Tomato","4751","Pune(Manjri)","27","Maharashtra","521","Pune","Other","1500","3500","2500"
"2025-09-01","Tomato","577","Manchar","27","Maharashtra","521","Pune","Other","2000","4000","3100"
"2025-09-01","Tomato","2494","Pune(Pimpri)","27","Maharashtra","521","Pune","Local","2000","2000","2000"
"2025-09-01","Tomato","4752","Pune(Moshi)","27","Maharashtra","521","Pune","Local","1500","2000","1750"
"2025-09-01","Tomato","172","Pune","27","Maharashtra","521","Pune","Local","1000","3000","2000"
"2025-09-01","Tomato","4751","Pune(Manjri)","27","Maharashtra","521","Pune","Other","2000","4000","3000"
"2025-09-01","Tomato","3960","Junnar(Narayangaon)","27","Maharashtra","521","Pune","Local","750","2500","2000"
"2025-09-01","Tomato","2495","Pune(Khadiki)","27","Maharashtra","521","Pune","Local","1000","2000","1500"
"2025-08-31","Tomato","2493","Khed(Chakan)","27","Maharashtra","521","Pune","Other","1000","2000","1500"
"2025-08-31","Tomato","2495","Pune(Khadiki)","27","Maharashtra","521","Pune","Local","1000","2000","1500"
"2025-08-31","Tomato","172","Pune","27","Maharashtra","521","Pune","Local","1000","3000","2000"
"2025-08-31","Tomato","2494","Pune(Pimpri)","27","Maharashtra","521","Pune","Local","1000","2000","1500"
"2025-08-31","Tomato","3960","Junnar(Narayangaon)","27","Maharashtra","521","Pune","Local","750","2500","2000"
"2025-08-31","Tomato","4752","Pune(Moshi)","27","Maharashtra","521","Pune","Local","1500","2000","1750"
"2025-08-30","Tomato","2494","Pune(Pimpri)","27","Maharashtra","521","Pune","Local","1500","2500","2000"
"2025-08-30","Tomato","4752","Pune(Moshi)","27","Maharashtra","521","Pune","Local","1000","1500","1250"
"2025-08-29","Tomato","2495","Pune(Khadiki)","27","Maharashtra","521","Pune","Local","800","1700","1250"
"2025-08-29","Tomato","3960","Junnar(Narayangaon)","27","Maharashtra","521","Pune","Local","1000","2250","1500"
"2025-08-29","Tomato","2494","Pune(Pimpri)","27","Maharashtra","521","Pune","Local","1500","2000","1750"
"2025-08-29","Tomato","4752","Pune(Moshi)","27","Maharashtra","521","Pune","Local","1000","2000","1500"
"2025-08-29","Tomato","2493","Khed(Chakan)","27","Maharashtra","521","Pune","Other","1000","2000","1500"
"2025-08-28","Tomato","3960","Junnar(Narayangaon)","27","Maharashtra","521","Pune","Local","1000","2000","1500"
"2025-08-28","Tomato","2495","Pune(Khadiki)","27","Maharashtra","521","Pune","Local","1000","1800","1400"
"2025-08-28","Tomato","4751","Pune(Manjri)","27","Maharashtra","521","Pune","Other","1000","2000","1500"
"2025-08-28","Tomato","2494","Pune(Pimpri)","27","Maharashtra","521","Pune","Local","2000","2000","2000"
"2025-08-28","Tomato","172","Pune","27","Maharashtra","521","Pune","Local","600","1600","1100"
"2025-08-28","Tomato","2493","Khed(Chakan)","27","Maharashtra","521","Pune","Other","800","1200","1000"
"2025-08-28","Tomato","4752","Pune(Moshi)","27","Maharashtra","521","Pune","Local","800","1500","1150"
"2025-08-27","Tomato","2494","Pune(Pimpri)","27","Maharashtra","521","Pune","Local","1500","2000","1750"
"2025-08-27","Tomato","2495","Pune(Khadiki)","27","Maharashtra","521","Pune","Local","1000","2000","1500"
"2025-08-27","Tomato","4751","Pune(Manjri)","27","Maharashtra","521","Pune","Other","1000","2000","1500"
"2025-08-27","Tomato","172","Pune","27","Maharashtra","521","Pune","Local","1000","2000","1500"
"2025-08-27","Tomato","577","Manchar","27","Maharashtra","521","Pune","Other","2000","4600","3300"
"2025-08-27","Tomato","2493","Khed(Chakan)","27","Maharashtra","521","Pune","Other","1000","1500","1200"
"2025-08-27","Tomato","3960","Junnar(Narayangaon)","27","Maharashtra","521","Pune","Local","500","1500","1000"
"2025-08-26","Tomato","172","Pune","27","Maharashtra","521","Pune","Local","1000","3000","2000"
"2025-08-26","Tomato","2495","Pune(Khadiki)","27","Maharashtra","521","Pune","Local","1100","2000","1550"
"2025-08-26","Tomato","4751","Pune(Manjri)","27","Maharashtra","521","Pune","Other","1000","2000","1500"
"2025-08-26","Tomato","4752","Pune(Moshi)","27","Maharashtra","521","Pune","Local","1000","2000","1500"
"2025-08-26","Tomato","2493","Khed(Chakan)","27","Maharashtra","521","Pune","Other","1000","2000","1500"
"2025-08-25","Tomato","2495","Pune(Khadiki)","27","Maharashtra","521","Pune","Local","1000","2000","1500"
"2025-08-25","Tomato","4751","Pune(Manjri)","27","Maharashtra","521","Pune","Other","1000","2500","1800"
"2025-08-25","Tomato","2494","Pune(Pimpri)","27","Maharashtra","521","Pune","Local","2000","3000","2500"
"2025-08-25","Tomato","4752","Pune(Moshi)","27","Maharashtra","521","Pune","Local","2000","2000","2000"
"2025-08-25","Tomato","172","Pune","27","Maharashtra","521","Pune","Local","1000","3000","2000"
"2025-08-24","Tomato","2494","Pune(Pimpri)","27","Maharashtra","521","Pune","Local","3000","3500","3250"
"2025-08-24","Tomato","3960","Junnar(Narayangaon)","27","Maharashtra","521","Pune","Local","500","2500","2000"
"2025-08-24","Tomato","4752","Pune(Moshi)","27","Maharashtra","521","Pune","Local","1500","3000","2250"
"2025-08-24","Tomato","172","Pune","27","Maharashtra","521","Pune","Local","1000","3500","2250"
"2025-08-24","Tomato","2493","Khed(Chakan)","27","Maharashtra","521","Pune","Other","2000","3000","2500"
"2025-08-24","Tomato","2495","Pune(Khadiki)","27","Maharashtra","521","Pune","Local","1000","2000","1500"
"2025-08-23","Tomato","4752","Pune(Moshi)","27","Maharashtra","521","Pune","Local","1000","3000","2000"
"2025-08-23","Tomato","2494","Pune(Pimpri)","27","Maharashtra","521","Pune","Local","3500","3500","3500"
"2025-08-23","Tomato","4751","Pune(Manjri)","27","Maharashtra","521","Pune","Other","1500","3500","2500"
"2025-08-23","Tomato","3960","Junnar(Narayangaon)","27","Maharashtra","521","Pune","Local","1500","3000","2500"
"2025-08-22","Tomato","2495","Pune(Khadiki)","27","Maharashtra","521","Pune","Local","1000","1900","1450"
"2025-08-22","Tomato","4752","Pune(Moshi)","27","Maharashtra","521","Pune","Local","1500","3500","2500"
"2025-08-22","Tomato","2494","Pune(Pimpri)","27","Maharashtra","521","Pune","Local","3000","3500","3250"
"2025-08-22","Tomato","172","Pune","27","Maharashtra","521","Pune","Local","1000","4000","2500"
"2025-08-22","Tomato","3960","Junnar(Narayangaon)","27","Maharashtra","521","Pune","Local","2000","3500","3000"
"2025-08-22","Tomato","2493","Khed(Chakan)","27","Maharashtra","521","Pune","Other","1500","3000","2250"
"2025-08-21","Tomato","3960","Junnar(Narayangaon)","27","Maharashtra","521","Pune","Local","2000","3750","3000"
"2025-08-21","Tomato","2495","Pune(Khadiki)","27","Maharashtra","521","Pune","Local","1000","1800","1400"
"2025-08-21","Tomato","172","Pune","27","Maharashtra","521","Pune","Local","1500","4500","3500"
"2025-08-21","Tomato","4751","Pune(Manjri)","27","Maharashtra","521","Pune","Other","2000","5000","4000"
"2025-08-21","Tomato","4752","Pune(Moshi)","27","Maharashtra","521","Pune","Local","2000","3000","2500"
"2025-08-20","Tomato","4751","Pune(Manjri)","27","Maharashtra","521","Pune","Other","2500","4000","3000"
"2025-08-20","Tomato","2494","Pune(Pimpri)","27","Maharashtra","521","Pune","Local","3000","3000","3000"
"2025-08-20","Tomato","2495","Pune(Khadiki)","27","Maharashtra","521","Pune","Local","1200","2000","1600"
"2025-08-20","Tomato","172","Pune","27","Maharashtra","521","Pune","Local","1000","4000","2500"
"2025-08-20","Tomato","2493","Khed(Chakan)","27","Maharashtra","521","Pune","Other","1500","3000","2200"
"2025-08-19","Tomato","2493","Khed(Chakan)","27","Maharashtra","521","Pune","Other","2000","3500","2500"
"2025-08-19","Tomato","172","Pune","27","Maharashtra","521","Pune","Local","1000","3000","2000"
"2025-08-19","Tomato","4752","Pune(Moshi)","27","Maharashtra","521","Pune","Local","2000","4000","3000"
"2025-08-19","Tomato","4751","Pune(Manjri)","27","Maharashtra","521","Pune","Other","1500","2500","2000"
"2025-08-19","Tomato","2494","Pune(Pimpri)","27","Maharashtra","521","Pune","Local","1000","1000","1000"
"2025-08-18","Tomato","4752","Pune(Moshi)","27","Maharashtra","521","Pune","Local","2500","4000","3250"
"2025-08-18","Tomato","3960","Junnar(Narayangaon)","27","Maharashtra","521","Pune","Local","2500","5000","4000"
"2025-08-18","Tomato","172","Pune","27","Maharashtra","521","Pune","Local","1000","3000","2000"
"2025-08-18","Tomato","2494","Pune(Pimpri)","27","Maharashtra","521","Pune","Local","3000","3000","3000"
"2025-08-17","Tomato","3960","Junnar(Narayangaon)","27","Maharashtra","521","Pune","Local","2000","4250","3000"
"2025-08-17","Tomato","2495","Pune(Khadiki)","27","Maharashtra","521","Pune","Local","1000","2000","1500"
"2025-08-17","Tomato","2494","Pune(Pimpri)","27","Maharashtra","521","Pune","Local","3000","3500","3250"
"2025-08-17","Tomato","4751","Pune(Manjri)","27","Maharashtra","521","Pune","Other","1500","3000","2500"
"2025-08-17","Tomato","4752","Pune(Moshi)","27","Maharashtra","521","Pune","Local","2000","4000","3000"
"2025-08-17","Tomato","2493","Khed(Chakan)","27","Maharashtra","521","Pune","Other","1500","3000","2500"
"2025-08-17","Tomato","172","Pune","27","Maharashtra","521","Pune","Local","1000","3000","2000"
"2025-08-16","Tomato","2495","Pune(Khadiki)","27","Maharashtra","521","Pune","Local","1000","2000","1500"
"2025-08-16","Tomato","2494","Pune(Pimpri)","27","Maharashtra","521","Pune","Local","3000","3000","3000"
"2025-08-16","Tomato","2493","Khed(Chakan)","27","Maharashtra","521","Pune","Other","1500","3000","2250"
"2025-08-16","Tomato","4751","Pune(Manjri)","27","Maharashtra","521","Pune","Other","1500","3500","2500"
"2025-08-16","Tomato","4752","Pune(Moshi)","27","Maharashtra","521","Pune","Local","2000","2500","2250"
"2025-08-16","Tomato","3960","Junnar(Narayangaon)","27","Maharashtra","521","Pune","Local","2000","4000","3000"
"2025-08-15","Tomato","2494","Pune(Pimpri)","27","Maharashtra","521","Pune","Local","3000","3500","3250"
"2025-08-15","Tomato","3960","Junnar(Narayangaon)","27","Maharashtra","521","Pune","Local","1500","3500","3000"
"2025-08-14","Tomato","172","Pune","27","Maharashtra","521","Pune","Local","1000","3000","2000"
"2025-08-14","Tomato","4751","Pune(Manjri)","27","Maharashtra","521","Pune","Other","1500","3500","2500"
"2025-08-14","Tomato","3960","Junnar(Narayangaon)","27","Maharashtra","521","Pune","Local","1500","3500","3000"
"2025-08-14","Tomato","2493","Khed(Chakan)","27","Maharashtra","521","Pune","Other","2000","3500","2500"
"2025-08-14","Tomato","2494","Pune(Pimpri)","27","Maharashtra","521","Pune","Local","3000","4000","3500"
"2025-08-14","Tomato","4752","Pune(Moshi)","27","Maharashtra","521","Pune","Local","1500","4000","2750"
"2025-08-14","Tomato","2495","Pune(Khadiki)","27","Maharashtra","521","Pune","Local","1000","1900","1450"
"2025-08-13","Tomato","172","Pune","27","Maharashtra","521","Pune","Local","1000","3000","2000"
"2025-08-13","Tomato","2495","Pune(Khadiki)","27","Maharashtra","521","Pune","Local","1000","1800","1400"
"2025-08-13","Tomato","577","Manchar","27","Maharashtra","521","Pune","Other","3950","7000","5475"
"2025-08-13","Tomato","2493","Khed(Chakan)","27","Maharashtra","521","Pune","Other","2000","4000","3000"
"2025-08-13","Tomato","3960","Junnar(Narayangaon)","27","Maharashtra","521","Pune","Local","1500","3500","3000"
"2025-08-13","Tomato","4751","Pune(Manjri)","27","Maharashtra","521","Pune","Other","2000","4000","3000"
"2025-08-13","Tomato","2494","Pune(Pimpri)","27","Maharashtra","521","Pune","Local","3000","3000","3000"
"2025-08-12","Tomato","4752","Pune(Moshi)","27","Maharashtra","521","Pune","Local","1000","4000","2500"
"2025-08-12","Tomato","4751","Pune(Manjri)","27","Maharashtra","521","Pune","Other","1500","3500","2500"
"2025-08-12","Tomato","2494","Pune(Pimpri)","27","Maharashtra","521","Pune","Local","3000","3000","3000"
"2025-08-12","Tomato","2493","Khed(Chakan)","27","Maharashtra","521","Pune","Other","2000","4000","3000"
"2025-08-12","Tomato","2495","Pune(Khadiki)","27","Maharashtra","521","Pune","Local","1000","2000","1500"
"2025-08-12","Tomato","172","Pune","27","Maharashtra","521","Pune","Local","1000","3500","2250"
"2025-08-11","Tomato","4752","Pune(Moshi)","27","Maharashtra","521","Pune","Local","2500","4000","3250"
"2025-08-11","Tomato","172","Pune","27","Maharashtra","521","Pune","Local","2000","3500","2750"
"2025-08-11","Tomato","3960","Junnar(Narayangaon)","27","Maharashtra","521","Pune","Local","1500","3500","3000"
"2025-08-11","Tomato","4751","Pune(Manjri)","27","Maharashtra","521","Pune","Other","2000","5500","4000"
"2025-08-11","Tomato","2495","Pune(Khadiki)","27","Maharashtra","521","Pune","Local","1200","2000","1600"
"2025-08-10","Tomato","3960","Junnar(Narayangaon)","27","Maharashtra","521","Pune","Local","2500","4500","3500"
"2025-08-10","Tomato","2495","Pune(Khadiki)","27","Maharashtra","521","Pune","Local","1200","2000","1600"
"2025-08-10","Tomato","4751","Pune(Manjri)","27","Maharashtra","521","Pune","Other","2000","5000","3200"
"2025-08-10","Tomato","2494","Pune(Pimpri)","27","Maharashtra","521","Pune","Local","1500","3500","2500"
"2025-08-10","Tomato","2493","Khed(Chakan)","27","Maharashtra","521","Pune","Other","3000","4500","3500"
"2025-08-10","Tomato","172","Pune","27","Maharashtra","521","Pune","Local","1000","4000","2500"
"2025-08-10","Tomato","4752","Pune(Moshi)","27","Maharashtra","521","Pune","Local","3000","4500","3750"
"2025-08-09","Tomato","2493","Khed(Chakan)","27","Maharashtra","521","Pune","Other","2000","3500","3000"
"2025-08-08","Tomato","2494","Pune(Pimpri)","27","Maharashtra","521","Pune","Local","3000","3000","3000"
"2025-08-08","Tomato","172","Pune","27","Maharashtra","521","Pune","Local","1000","4000","2500"
"2025-08-08","Tomato","4752","Pune(Moshi)","27","Maharashtra","521","Pune","Local","2500","3000","2750"
"2025-08-08","Tomato","2493","Khed(Chakan)","27","Maharashtra","521","Pune","Other","2500","3500","3000"
"2025-08-07","Tomato","2495","Pune(Khadiki)","27","Maharashtra","521","Pune","Local","1200","2000","1600"
"2025-08-07","Tomato","172","Pune","27","Maharashtra","521","Pune","Local","1000","4000","2500"
"2025-08-07","Tomato","2493","Khed(Chakan)","27","Maharashtra","521","Pune","Other","3000","4000","3500"
"2025-08-07","Tomato","4752","Pune(Moshi)","27","Maharashtra","521","Pune","Local","3000","4000","3500"
"2025-08-07","Tomato","4751","Pune(Manjri)","27","Maharashtra","521","Pune","Other","1500","5000","3000"
"2025-08-07","Tomato","3960","Junnar(Narayangaon)","27","Maharashtra","521","Pune","Local","2500","4500","3500"
"2025-08-07","Tomato","2494","Pune(Pimpri)","27","Maharashtra","521","Pune","Local","2000","3000","2500"
"2025-08-06","Tomato","4751","Pune(Manjri)","27","Maharashtra","521","Pune","Other","3000","5000","4000"
"2025-08-06","Tomato","2493","Khed(Chakan)","27","Maharashtra","521","Pune","Other","3000","5000","4000"
"2025-08-06","Tomato","172","Pune","27","Maharashtra","521","Pune","Local","1000","4000","2500"
"2025-08-06","Tomato","577","Manchar","27","Maharashtra","521","Pune","Other","2000","7000","4500"
"2025-08-06","Tomato","3960","Junnar(Narayangaon)","27","Maharashtra","521","Pune","Local","2500","4500","3500"
"2025-08-06","Tomato","2495","Pune(Khadiki)","27","Maharashtra","521","Pune","Local","1000","2000","1500"
"2025-08-06","Tomato","2494","Pune(Pimpri)","27","Maharashtra","521","Pune","Local","2000","3000","2500"
"2025-08-05","Tomato","4751","Pune(Manjri)","27","Maharashtra","521","Pune","Other","2500","5000","4000"
"2025-08-05","Tomato","172","Pune","27","Maharashtra","521","Pune","Local","1000","5000","3000"
"2025-08-05","Tomato","2494","Pune(Pimpri)","27","Maharashtra","521","Pune","Local","3500","3500","3500"
"2025-08-05","Tomato","2493","Khed(Chakan)","27","Maharashtra","521","Pune","Other","3000","4000","3500"
"2025-08-05","Tomato","2495","Pune(Khadiki)","27","Maharashtra","521","Pune","Local","1200","2000","1600"
"2025-08-05","Tomato","4752","Pune(Moshi)","27","Maharashtra","521","Pune","Local","2000","3000","2500"
"2025-08-04","Tomato","4751","Pune(Manjri)","27","Maharashtra","521","Pune","Other","2500","5500","4000"
"2025-08-04","Tomato","3960","Junnar(Narayangaon)","27","Maharashtra","521","Pune","Local","2500","5000","4000"
"2025-08-04","Tomato","2495","Pune(Khadiki)","27","Maharashtra","521","Pune","Local","1300","2000","1650"
"2025-08-04","Tomato","577","Manchar","27","Maharashtra","521","Pune","Other","1500","7500","4500"
"2025-08-04","Tomato","172","Pune","27","Maharashtra","521","Pune","Local","1000","4500","2750"
"2025-08-04","Tomato","4752","Pune(Moshi)","27","Maharashtra","521","Pune","Local","2500","4000","3250"
"2025-08-03","Tomato","4751","Pune(Manjri)","27","Maharashtra","521","Pune","Other","2000","4500","3000"
"2025-08-03","Tomato","2495","Pune(Khadiki)","27","Maharashtra","521","Pune","Local","1000","2000","1500"
"2025-08-03","Tomato","2493","Khed(Chakan)","27","Maharashtra","521","Pune","Other","3000","4500","3500"
"2025-08-03","Tomato","2494","Pune(Pimpri)","27","Maharashtra","521","Pune","Local","3000","4000","3500"
"2025-08-03","Tomato","4752","Pune(Moshi)","27","Maharashtra","521","Pune","Local","2000","4000","3000"
"2025-08-03","Tomato","3960","Junnar(Narayangaon)","27","Maharashtra","521","Pune","Local","2500","5000","4000"
"2025-08-03","Tomato","577","Manchar","27","Maharashtra","521","Pune","Other","4150","7500","5825"
"2025-08-03","Tomato","172","Pune","27","Maharashtra","521","Pune","Local","1000","4000","2500"
"2025-08-02","Tomato","4751","Pune(Manjri)","27","Maharashtra","521","Pune","Other","1500","4500","3000"
"2025-08-02","Tomato","2495","Pune(Khadiki)","27","Maharashtra","521","Pune","Local","1300","1900","1600"
"2025-08-02","Tomato","2494","Pune(Pimpri)","27","Maharashtra","521","Pune","Local","3000","3000","3000"
"2025-08-02","Tomato","2493","Khed(Chakan)","27","Maharashtra","521","Pune","Other","3000","5000","4500"
"2025-08-02","Tomato","4752","Pune(Moshi)","27","Maharashtra","521","Pune","Local","2000","3000","2500"
"2025-08-02","Tomato","3960","Junnar(Narayangaon)","27","Maharashtra","521","Pune","Local","2500","5000","4000"
"2025-08-01","Tomato","2495","Pune(Khadiki)","27","Maharashtra","521","Pune","Local","1300","2000","1650"
"2025-08-01","Tomato","577","Manchar","27","Maharashtra","521","Pune","Other","4150","7500","5825"
"2025-08-01","Tomato","172","Pune","27","Maharashtra","521","Pune","Local","1000","3000","2000"
"2025-08-01","Tomato","3960","Junnar(Narayangaon)","27","Maharashtra","521","Pune","Local","2000","4000","3000"
"2025-08-01","Tomato","4752","Pune(Moshi)","27","Maharashtra","521","Pune","Local","2000","3000","2500"
"2025-08-01","Tomato","4751","Pune(Manjri)","27","Maharashtra","521","Pune","Other","500","2000","1300"
"2025-08-01","Tomato","2493","Khed(Chakan)","27","Maharashtra","521","Pune","Other","3000","4500","3500"
"2025-07-31","Tomato","4752","Pune(Moshi)","27","Maharashtra","521","Pune","Local","2500","4000","3250"
"2025-07-31","Tomato","2493","Khed(Chakan)","27","Maharashtra","521","Pune","Other","3000","4500","3500"
"2025-07-31","Tomato","2495","Pune(Khadiki)","27","Maharashtra","521","Pune","Local","1300","2400","1850"
"2025-07-31","Tomato","2494","Pune(Pimpri)","27","Maharashtra","521","Pune","Local","1500","3500","2500"
"2025-07-31","Tomato","172","Pune","27","Maharashtra","521","Pune","Local","1000","4000","2500"
"2025-07-31","Tomato","4751","Pune(Manjri)","27","Maharashtra","521","Pune","Other","1500","4000","2800"
"2025-07-30","Tomato","3960","Junnar(Narayangaon)","27","Maharashtra","521","Pune","Local","2000","4500","3500"
"2025-07-30","Tomato","2495","Pune(Khadiki)","27","Maharashtra","521","Pune","Local","1000","1800","1400"
"2025-07-30","Tomato","4751","Pune(Manjri)","27","Maharashtra","521","Pune","Other","1500","3500","2500"
"2025-07-30","Tomato","172","Pune","27","Maharashtra","521","Pune","Local","1600","4500","3050"
"2025-07-30","Tomato","2494","Pune(Pimpri)","27","Maharashtra","521","Pune","Local","3500","3500","3500"
"2025-07-30","Tomato","2493","Khed(Chakan)","27","Maharashtra","521","Pune","Other","3000","5000","4000"
"2025-07-29","Tomato","4752","Pune(Moshi)","27","Maharashtra","521","Pune","Local","2000","4000","3000"
"2025-07-29","Tomato","2495","Pune(Khadiki)","27","Maharashtra","521","Pune","Local","1000","1800","1400"
"2025-07-29","Tomato","172","Pune","27","Maharashtra","521","Pune","Local","1600","4500","3050"
"2025-07-29","Tomato","2493","Khed(Chakan)","27","Maharashtra","521","Pune","Other","3500","5000","4500"
"2025-07-29","Tomato","3960","Junnar(Narayangaon)","27","Maharashtra","521","Pune","Local","3000","5000","4000"
"2025-07-28","Tomato","2495","Pune(Khadiki)","27","Maharashtra","521","Pune","Local","1200","1800","1500"
"2025-07-28","Tomato","172","Pune","27","Maharashtra","521","Pune","Local","2000","4500","3250"
"2025-07-28","Tomato","3960","Junnar(Narayangaon)","27","Maharashtra","521","Pune","Local","2500","5000","4000"
"2025-07-28","Tomato","2494","Pune(Pimpri)","27","Maharashtra","521","Pune","Local","4300","4300","4300"
"2025-07-28","Tomato","4752","Pune(Moshi)","27","Maharashtra","521","Pune","Local","1000","4000","2500"
"2025-07-28","Tomato","4751","Pune(Manjri)","27","Maharashtra","521","Pune","Other","3000","4000","3500"
"2025-07-27","Tomato","4752","Pune(Moshi)","27","Maharashtra","521","Pune","Local","1500","4000","2750"
"2025-07-27","Tomato","4751","Pune(Manjri)","27","Maharashtra","521","Pune","Other","2500","4500","3500"
"2025-07-27","Tomato","2493","Khed(Chakan)","27","Maharashtra","521","Pune","Other","3500","4500","4000"
"2025-07-27","Tomato","172","Pune","27","Maharashtra","521","Pune","Local","2000","4000","3000"
"2025-07-27","Tomato","2494","Pune(Pimpri)","27","Maharashtra","521","Pune","Local","1500","3000","2250"
"2025-07-27","Tomato","3960","Junnar(Narayangaon)","27","Maharashtra","521","Pune","Local","2500","5000","4000"
"2025-07-27","Tomato","2495","Pune(Khadiki)","27","Maharashtra","521","Pune","Local","1000","1800","1400"
"2025-07-27","Tomato","577","Manchar","27","Maharashtra","521","Pune","Other","1800","6450","4125"
"2025-07-26","Tomato","2493","Khed(Chakan)","27","Maharashtra","521","Pune","Other","2000","3000","2500"
"2025-07-25","Tomato","2494","Pune(Pimpri)","27","Maharashtra","521","Pune","Local","3000","3000","3000"
"2025-07-25","Tomato","4752","Pune(Moshi)","27","Maharashtra","521","Pune","Local","1600","3000","2300"
"2025-07-25","Tomato","172","Pune","27","Maharashtra","521","Pune","Local","1200","3000","2100"
"2025-07-25","Tomato","2493","Khed(Chakan)","27","Maharashtra","521","Pune","Other","2500","3500","3000"
"2025-07-25","Tomato","2495","Pune(Khadiki)","27","Maharashtra","521","Pune","Local","1000","1600","1300"
"2025-07-24","Tomato","2494","Pune(Pimpri)","27","Maharashtra","521","Pune","Local","2200","2800","2500"
"2025-07-24","Tomato","2493","Khed(Chakan)","27","Maharashtra","521","Pune","Other","1500","2500","2000"
"2025-07-24","Tomato","4751","Pune(Manjri)","27","Maharashtra","521","Pune","Other","1500","4000","3000"
"2025-07-24","Tomato","3960","Junnar(Narayangaon)","27","Maharashtra","521","Pune","Local","1500","3500","2500"
"2025-07-24","Tomato","2495","Pune(Khadiki)","27","Maharashtra","521","Pune","Local","800","1600","1200"
"2025-07-24","Tomato","172","Pune","27","Maharashtra","521","Pune","Local","1200","2500","1850"
"2025-07-24","Tomato","577","Manchar","27","Maharashtra","521","Pune","Other","3200","5900","5000"
"2025-07-24","Tomato","4752","Pune(Moshi)","27","Maharashtra","521","Pune","Local","2000","3500","2750"
"2025-07-23","Tomato","4751","Pune(Manjri)","27","Maharashtra","521","Pune","Other","1500","3000","2000"
"2025-07-23","Tomato","2493","Khed(Chakan)","27","Maharashtra","521","Pune","Other","1000","2000","1500"
"2025-07-23","Tomato","577","Manchar","27","Maharashtra","521","Pune","Other","2850","5000","3925"
"2025-07-23","Tomato","3960","Junnar(Narayangaon)","27","Maharashtra","521","Pune","Local","1500","3500","2500"
"2025-07-23","Tomato","2494","Pune(Pimpri)","27","Maharashtra","521","Pune","Local","2000","2000","2000"
"2025-07-23","Tomato","172","Pune","27","Maharashtra","521","Pune","Local","1000","3000","2000"
"2025-07-23","Tomato","2495","Pune(Khadiki)","27","Maharashtra","521","Pune","Local","1000","1500","1250"
"2025-07-22","Tomato","577","Manchar","27","Maharashtra","521","Pune","Other","2350","3800","3075"
"2025-07-22","Tomato","172","Pune","27","Maharashtra","521","Pune","Local","1000","2000","1500"
"2025-07-22","Tomato","4752","Pune(Moshi)","27","Maharashtra","521","Pune","Local","1500","2000","1750"
"2025-07-22","Tomato","2495","Pune(Khadiki)","27","Maharashtra","521","Pune","Local","1000","1300","1150"
"2025-07-22","Tomato","2494","Pune(Pimpri)","27","Maharashtra","521","Pune","Local","2000","2000","2000"
"2025-07-22","Tomato","3960","Junnar(Narayangaon)","27","Maharashtra","521","Pune","Local","1500","3500","2500"
"2025-07-22","Tomato","4751","Pune(Manjri)","27","Maharashtra","521","Pune","Other","1500","3000","2200"
"2025-07-21","Tomato","3960","Junnar(Narayangaon)","27","Maharashtra","521","Pune","Local","1500","3500","2500"
"2025-07-21","Tomato","172","Pune","27","Maharashtra","521","Pune","Local","800","2000","1400"
"2025-07-21","Tomato","577","Manchar","27","Maharashtra","521","Pune","Other","2000","3700","2850"
"2025-07-21","Tomato","4751","Pune(Manjri)","27","Maharashtra","521","Pune","Other","2000","4000","3000"
"2025-07-21","Tomato","2495","Pune(Khadiki)","27","Maharashtra","521","Pune","Local","1000","1600","1300"
"2025-07-21","Tomato","2494","Pune(Pimpri)","27","Maharashtra","521","Pune","Local","1600","2000","1800"
"2025-07-21","Tomato","4752","Pune(Moshi)","27","Maharashtra","521","Pune","Local","1000","1500","1250"
"2025-07-20","Tomato","3960","Junnar(Narayangaon)","27","Maharashtra","521","Pune","Local","1250","3250","2250"
"2025-07-20","Tomato","2494","Pune(Pimpri)","27","Maharashtra","521","Pune","Local","1200","2000","1600"
"2025-07-20","Tomato","172","Pune","27","Maharashtra","521","Pune","Local","600","1600","1100"
"2025-07-20","Tomato","4752","Pune(Moshi)","27","Maharashtra","521","Pune","Local","1000","1500","1250"
"2025-07-20","Tomato","4751","Pune(Manjri)","27","Maharashtra","521","Pune","Other","1500","3500","2500"
"2025-07-20","Tomato","2495","Pune(Khadiki)","27","Maharashtra","521","Pune","Local","1000","1600","1300"
"2025-07-19","Tomato","4751","Pune(Manjri)","27","Maharashtra","521","Pune","Other","1000","2000","1500"
"2025-07-19","Tomato","3960","Junnar(Narayangaon)","27","Maharashtra","521","Pune","Local","1000","3000","2000"
"2025-07-19","Tomato","4752","Pune(Moshi)","27","Maharashtra","521","Pune","Local","500","1500","1000"
"2025-07-19","Tomato","2495","Pune(Khadiki)","27","Maharashtra","521","Pune","Local","700","1300","1000"
"2025-07-18","Tomato","4751","Pune(Manjri)","27","Maharashtra","521","Pune","Other","500","1500","1200"
"2025-07-18","Tomato","2495","Pune(Khadiki)","27","Maharashtra","521","Pune","Local","1000","1600","1300"
"2025-07-18","Tomato","577","Manchar","27","Maharashtra","521","Pune","Other","1500","3750","2625"
"2025-07-18","Tomato","172","Pune","27","Maharashtra","521","Pune","Local","600","1400","1000"
"2025-07-18","Tomato","2494","Pune(Pimpri)","27","Maharashtra","521","Pune","Local","1300","1700","1500"
"2025-07-18","Tomato","4752","Pune(Moshi)","27","Maharashtra","521","Pune","Local","900","1200","1050"
"2025-07-17","Tomato","4752","Pune(Moshi)","27","Maharashtra","521","Pune","Local","1000","2000","1500"
"2025-07-17","Tomato","4751","Pune(Manjri)","27","Maharashtra","521","Pune","Other","1000","2000","1500"
"2025-07-17","Tomato","3960","Junnar(Narayangaon)","27","Maharashtra","521","Pune","Local","500","2250","2000"
"2025-07-17","Tomato","2494","Pune(Pimpri)","27","Maharashtra","521","Pune","Local","1500","1500","1500"
"2025-07-17","Tomato","172","Pune","27","Maharashtra","521","Pune","Local","600","1400","1000"
"2025-07-16","Tomato","2495","Pune(Khadiki)","27","Maharashtra","521","Pune","Local","1000","1800","1400"
"2025-07-16","Tomato","4751","Pune(Manjri)","27","Maharashtra","521","Pune","Other","1000","2000","1500"
"2025-07-16","Tomato","3960","Junnar(Narayangaon)","27","Maharashtra","521","Pune","Local","500","2500","2000"
"2025-07-16","Tomato","2494","Pune(Pimpri)","27","Maharashtra","521","Pune","Local","1500","2000","1750"
"2025-07-16","Tomato","2493","Khed(Chakan)","27","Maharashtra","521","Pune","Other","1000","1500","1200"
"2025-07-16","Tomato","172","Pune","27","Maharashtra","521","Pune","Local","600","1500","1050"
"2025-07-15","Tomato","2493","Khed(Chakan)","27","Maharashtra","521","Pune","Other","1000","2000","1500"
"2025-07-15","Tomato","4752","Pune(Moshi)","27","Maharashtra","521","Pune","Local","800","1500","1150"
"2025-07-15","Tomato","4751","Pune(Manjri)","27","Maharashtra","521","Pune","Other","500","1500","1000"
"2025-07-15","Tomato","3960","Junnar(Narayangaon)","27","Maharashtra","521","Pune","Local","500","2500","2000"
"2025-07-15","Tomato","2494","Pune(Pimpri)","27","Maharashtra","521","Pune","Local","1500","1500","1500"
"2025-07-15","Tomato","577","Manchar","27","Maharashtra","521","Pune","Other","2250","4000","3125"
"2025-07-15","Tomato","172","Pune","27","Maharashtra","521","Pune","Local","600","1800","1200"
"2025-07-14","Tomato","577","Manchar","27","Maharashtra","521","Pune","Other","1500","3600","2550"
"2025-07-14","Tomato","4752","Pune(Moshi)","27","Maharashtra","521","Pune","Local","1000","2000","1500"
"2025-07-14","Tomato","4751","Pune(Manjri)","27","Maharashtra","521","Pune","Other","1000","2000","1500"
"2025-07-14","Tomato","3960","Junnar(Narayangaon)","27","Maharashtra","521","Pune","Local","500","2500","2000"
"2025-07-14","Tomato","2495","Pune(Khadiki)","27","Maharashtra","521","Pune","Local","1300","1800","1550"
"2025-07-14","Tomato","2494","Pune(Pimpri)","27","Maharashtra","521","Pune","Local","700","1600","1150"
"2025-07-14","Tomato","172","Pune","27","Maharashtra","521","Pune","Local","1000","2000","1500"
"2025-07-13","Tomato","577","Manchar","27","Maharashtra","521","Pune","Other","2470","4600","3535"
"2025-07-13","Tomato","3960","Junnar(Narayangaon)","27","Maharashtra","521","Pune","Local","500","2250","1500"
"2025-07-13","Tomato","4752","Pune(Moshi)","27","Maharashtra","521","Pune","Local","1000","2000","1500"
"2025-07-13","Tomato","4751","Pune(Manjri)","27","Maharashtra","521","Pune","Other","1000","3000","2000"
"2025-07-13","Tomato","2495","Pune(Khadiki)","27","Maharashtra","521","Pune","Local","1000","1700","1350"
"2025-07-13","Tomato","2494","Pune(Pimpri)","27","Maharashtra","521","Pune","Local","800","2000","1400"
"2025-07-13","Tomato","2493","Khed(Chakan)","27","Maharashtra","521","Pune","Other","1500","2500","2000"
"2025-07-13","Tomato","172","Pune","27","Maharashtra","521","Pune","Local","800","2000","1400"
"2025-07-12","Tomato","4752","Pune(Moshi)","27","Maharashtra","521","Pune","Local","1000","2000","1500"
"2025-07-12","Tomato","4751","Pune(Manjri)","27","Maharashtra","521","Pune","Other","1000","3500","2200"
"2025-07-12","Tomato","2495","Pune(Khadiki)","27","Maharashtra","521","Pune","Local","1000","1600","1300"
"2025-07-12","Tomato","2494","Pune(Pimpri)","27","Maharashtra","521","Pune","Local","1500","2000","1750"
"2025-07-12","Tomato","2493","Khed(Chakan)","27","Maharashtra","521","Pune","Other","1500","2500","2000"
"2025-07-12","Tomato","2492","Junnar(Otur)","27","Maharashtra","521","Pune","Local","100","200","150"
"2025-07-11","Tomato","2493","Khed(Chakan)","27","Maharashtra","521","Pune","Other","1000","1500","1200"
"2025-07-11","Tomato","4752","Pune(Moshi)","27","Maharashtra","521","Pune","Local","1500","2000","1750"
"2025-07-11","Tomato","4751","Pune(Manjri)","27","Maharashtra","521","Pune","Other","1500","3500","2500"
"2025-07-11","Tomato","2495","Pune(Khadiki)","27","Maharashtra","521","Pune","Local","1200","1800","1500"
"2025-07-11","Tomato","2494","Pune(Pimpri)","27","Maharashtra","521","Pune","Local","2000","2000","2000"
"2025-07-11","Tomato","577","Manchar","27","Maharashtra","521","Pune","Other","3050","5100","4075"
"2025-07-11","Tomato","172","Pune","27","Maharashtra","521","Pune","Local","600","2200","1400"
"2025-07-10","Tomato","4751","Pune(Manjri)","27","Maharashtra","521","Pune","Other","1000","3000","2000"
"2025-07-10","Tomato","4752","Pune(Moshi)","27","Maharashtra","521","Pune","Local","1500","2000","1750"
"2025-07-10","Tomato","2495","Pune(Khadiki)","27","Maharashtra","521","Pune","Local","1000","1700","1350"
"2025-07-10","Tomato","2494","Pune(Pimpri)","27","Maharashtra","521","Pune","Local","2000","2000","2000"
"2025-07-10","Tomato","2493","Khed(Chakan)","27","Maharashtra","521","Pune","Other","1500","2500","2000"
"2025-07-10","Tomato","172","Pune","27","Maharashtra","521","Pune","Local","1000","2200","1600"
"2025-07-09","Tomato","2493","Khed(Chakan)","27","Maharashtra","521","Pune","Other","1800","2200","2000"
"2025-07-09","Tomato","4751","Pune(Manjri)","27","Maharashtra","521","Pune","Other","1500","3000","2200"
"2025-07-09","Tomato","2495","Pune(Khadiki)","27","Maharashtra","521","Pune","Local","900","1400","1150"
"2025-07-09","Tomato","2494","Pune(Pimpri)","27","Maharashtra","521","Pune","Local","1500","2000","1750"
"2025-07-09","Tomato","172","Pune","27","Maharashtra","521","Pune","Local","800","2000","1400"
"2025-07-08","Tomato","2495","Pune(Khadiki)","27","Maharashtra","521","Pune","Local","1000","1800","1400"
"2025-07-08","Tomato","4752","Pune(Moshi)","27","Maharashtra","521","Pune","Local","1000","2000","1500"
"2025-07-08","Tomato","4751","Pune(Manjri)","27","Maharashtra","521","Pune","Other","1000","2000","1500"
"2025-07-08","Tomato","2494","Pune(Pimpri)","27","Maharashtra","521","Pune","Local","2000","2000","2000"
"2025-07-08","Tomato","2493","Khed(Chakan)","27","Maharashtra","521","Pune","Other","2000","2500","2200"
"2025-07-08","Tomato","577","Manchar","27","Maharashtra","521","Pune","Other","2250","4000","3125"
"2025-07-07","Tomato","4752","Pune(Moshi)","27","Maharashtra","521","Pune","Local","1000","1500","1250"
"2025-07-07","Tomato","4751","Pune(Manjri)","27","Maharashtra","521","Pune","Other","1500","4000","2800"
"2025-07-07","Tomato","3960","Junnar(Narayangaon)","27","Maharashtra","521","Pune","Local","750","2750","2001"
"2025-07-07","Tomato","2495","Pune(Khadiki)","27","Maharashtra","521","Pune","Local","1000","1600","1300"
"2025-07-07","Tomato","2494","Pune(Pimpri)","27","Maharashtra","521","Pune","Local","1300","2000","1650"
"2025-07-07","Tomato","577","Manchar","27","Maharashtra","521","Pune","Other","2250","3000","2700"
"2025-07-07","Tomato","172","Pune","27","Maharashtra","521","Pune","Local","1000","2500","1750"
"2025-07-06","Tomato","2493","Khed(Chakan)","27","Maharashtra","521","Pune","Other","1500","2500","2000"
"2025-07-06","Tomato","4751","Pune(Manjri)","27","Maharashtra","521","Pune","Other","3000","4000","3500"
"2025-07-06","Tomato","4752","Pune(Moshi)","27","Maharashtra","521","Pune","Local","1200","2000","1600"
"2025-07-06","Tomato","3960","Junnar(Narayangaon)","27","Maharashtra","521","Pune","Local","750","2500","2000"
"2025-07-06","Tomato","2495","Pune(Khadiki)","27","Maharashtra","521","Pune","Local","1000","1700","1350"
"2025-07-06","Tomato","2494","Pune(Pimpri)","27","Maharashtra","521","Pune","Local","2000","2000","2000"
"2025-07-06","Tomato","577","Manchar","27","Maharashtra","521","Pune","Other","2500","5000","3750"
"2025-07-06","Tomato","172","Pune","27","Maharashtra","521","Pune","Local","800","2800","1800"
"2025-07-05","Tomato","4751","Pune(Manjri)","27","Maharashtra","521","Pune","Other","2000","3000","2500"
"2025-07-05","Tomato","4752","Pune(Moshi)","27","Maharashtra","521","Pune","Local","1000","2000","1500"
"2025-07-05","Tomato","3960","Junnar(Narayangaon)","27","Maharashtra","521","Pune","Local","750","2500","2000"
"2025-07-05","Tomato","2495","Pune(Khadiki)","27","Maharashtra","521","Pune","Local","700","1300","1000"
"2025-07-05","Tomato","2494","Pune(Pimpri)","27","Maharashtra","521","Pune","Local","1200","2000","1600"
"2025-07-05","Tomato","2493","Khed(Chakan)","27","Maharashtra","521","Pune","Other","1000","1800","1400"
"2025-07-04","Tomato","4752","Pune(Moshi)","27","Maharashtra","521","Pune","Local","1000","1500","1250"
"2025-07-04","Tomato","4751","Pune(Manjri)","27","Maharashtra","521","Pune","Other","1500","2500","2000"
"2025-07-04","Tomato","3960","Junnar(Narayangaon)","27","Maharashtra","521","Pune","Local","750","2500","2000"
"2025-07-04","Tomato","2494","Pune(Pimpri)","27","Maharashtra","521","Pune","Local","2000","2000","2000"
"2025-07-04","Tomato","2493","Khed(Chakan)","27","Maharashtra","521","Pune","Other","1000","2000","1500"
"2025-07-04","Tomato","577","Manchar","27","Maharashtra","521","Pune","Other","2000","4150","3100"
"2025-07-04","Tomato","172","Pune","27","Maharashtra","521","Pune","Local","600","2000","1300"
"2025-07-04","Tomato","2495","Pune(Khadiki)","27","Maharashtra","521","Pune","Local","900","1600","1250"
"2025-07-03","Tomato","4752","Pune(Moshi)","27","Maharashtra","521","Pune","Local","1000","1800","1400"
"2025-07-03","Tomato","4751","Pune(Manjri)","27","Maharashtra","521","Pune","Other","1500","3000","2200"
"2025-07-03","Tomato","2495","Pune(Khadiki)","27","Maharashtra","521","Pune","Local","700","1400","1050"
"2025-07-03","Tomato","2493","Khed(Chakan)","27","Maharashtra","521","Pune","Other","1000","2000","1500"
"2025-07-03","Tomato","577","Manchar","27","Maharashtra","521","Pune","Other","2000","4500","3250"
"2025-07-03","Tomato","172","Pune","27","Maharashtra","521","Pune","Local","600","1500","1050"
"2025-07-03","Tomato","2494","Pune(Pimpri)","27","Maharashtra","521","Pune","Local","1500","2000","1750"
"2025-07-02","Tomato","3960","Junnar(Narayangaon)","27","Maharashtra","521","Pune","Local","750","2500","2000"
"2025-07-02","Tomato","2495","Pune(Khadiki)","27","Maharashtra","521","Pune","Local","1000","1600","1300"
"2025-07-02","Tomato","577","Manchar","27","Maharashtra","521","Pune","Other","2500","5000","3800"
"2025-07-01","Tomato","4752","Pune(Moshi)","27","Maharashtra","521","Pune","Local","1000","1500","1250"
"2025-07-01","Tomato","2495","Pune(Khadiki)","27","Maharashtra","521","Pune","Local","1000","1600","1300"
"2025-07-01","Tomato","2494","Pune(Pimpri)","27","Maharashtra","521","Pune","Local","2000","2000","2000"
"2025-07-01","Tomato","2493","Khed(Chakan)","27","Maharashtra","521","Pune","Other","1000","1800","1500"
"2025-07-01","Tomato","172","Pune","27","Maharashtra","521","Pune","Local","600","1600","1100"
"2025-07-01","Tomato","4751","Pune(Manjri)","27","Maharashtra","521","Pune","Other","1000","2000","1500"
"2025-06-30","Tomato","4752","Pune(Moshi)","27","Maharashtra","521","Pune","Local","1000","1500","1250"
"2025-06-30","Tomato","4751","Pune(Manjri)","27","Maharashtra","521","Pune","Other","1000","3000","2000"
"2025-06-30","Tomato","3960","Junnar(Narayangaon)","27","Maharashtra","521","Pune","Local","750","2500","2000"
"2025-06-30","Tomato","577","Manchar","27","Maharashtra","521","Pune","Other","2500","5000","3800"
"2025-06-30","Tomato","172","Pune","27","Maharashtra","521","Pune","Local","600","2000","1300"
"2025-06-30","Tomato","2494","Pune(Pimpri)","27","Maharashtra","521","Pune","Local","2000","2000","2000"
"2025-06-29","Tomato","4752","Pune(Moshi)","27","Maharashtra","521","Pune","Local","1200","1500","1350"
"2025-06-29","Tomato","4751","Pune(Manjri)","27","Maharashtra","521","Pune","Other","1000","3000","1500"
"2025-06-29","Tomato","3960","Junnar(Narayangaon)","27","Maharashtra","521","Pune","Local","750","2500","2000"
"2025-06-29","Tomato","2495","Pune(Khadiki)","27","Maharashtra","521","Pune","Local","1000","1600","1300"
"2025-06-29","Tomato","2494","Pune(Pimpri)","27","Maharashtra","521","Pune","Local","1500","2000","1750"
"2025-06-29","Tomato","2492","Junnar(Otur)","27","Maharashtra","521","Pune","Local","1000","2100","1550"
"2025-06-29","Tomato","577","Manchar","27","Maharashtra","521","Pune","Other","2000","3800","2900"
"2025-06-29","Tomato","172","Pune","27","Maharashtra","521","Pune","Local","600","1800","1200"
"2025-06-29","Tomato","2493","Khed(Chakan)","27","Maharashtra","521","Pune","Other","1200","1800","1600"
"2025-06-28","Tomato","4751","Pune(Manjri)","27","Maharashtra","521","Pune","Other","1000","2500","1800"
"2025-06-28","Tomato","3960","Junnar(Narayangaon)","27","Maharashtra","521","Pune","Local","750","2750","2000"
"2025-06-28","Tomato","2495","Pune(Khadiki)","27","Maharashtra","521","Pune","Local","700","1300","1000"
"2025-06-28","Tomato","2493","Khed(Chakan)","27","Maharashtra","521","Pune","Other","800","1200","1000"
"2025-06-28","Tomato","2492","Junnar(Otur)","27","Maharashtra","521","Pune","Local","500","1250","800"
"2025-06-28","Tomato","2494","Pune(Pimpri)","27","Maharashtra","521","Pune","Local","1300","2000","1650"
"2025-06-28","Tomato","4752","Pune(Moshi)","27","Maharashtra","521","Pune","Local","1000","2000","1500"
"2025-06-27","Tomato","4752","Pune(Moshi)","27","Maharashtra","521","Pune","Local","1000","2000","1500"
"2025-06-27","Tomato","4751","Pune(Manjri)","27","Maharashtra","521","Pune","Other","1000","2500","1700"
"2025-06-27","Tomato","3960","Junnar(Narayangaon)","27","Maharashtra","521","Pune","Local","500","2250","1500"
"2025-06-27","Tomato","2495","Pune(Khadiki)","27","Maharashtra","521","Pune","Local","1000","1300","1150"
"2025-06-27","Tomato","2494","Pune(Pimpri)","27","Maharashtra","521","Pune","Local","2000","2000","2000"
"2025-06-27","Tomato","577","Manchar","27","Maharashtra","521","Pune","Other","2000","4000","3100"
"2025-06-27","Tomato","172","Pune","27","Maharashtra","521","Pune","Local","500","2000","1250"
"2025-06-27","Tomato","2493","Khed(Chakan)","27","Maharashtra","521","Pune","Other","800","1400","1000"
"2025-06-26","Tomato","4752","Pune(Moshi)","27","Maharashtra","521","Pune","Local","1000","2000","1500"
"2025-06-26","Tomato","3960","Junnar(Narayangaon)","27","Maharashtra","521","Pune","Local","500","1750","1000"
"2025-06-26","Tomato","2495","Pune(Khadiki)","27","Maharashtra","521","Pune","Local","1000","1600","1300"
"2025-06-26","Tomato","2494","Pune(Pimpri)","27","Maharashtra","521","Pune","Local","1200","2000","1600"
"2025-06-26","Tomato","577","Manchar","27","Maharashtra","521","Pune","Other","2000","4000","3000"
"2025-06-26","Tomato","172","Pune","27","Maharashtra","521","Pune","Local","500","2000","1250"
"2025-06-26","Tomato","2493","Khed(Chakan)","27","Maharashtra","521","Pune","Other","800","1400","1100"
"2025-06-26","Tomato","4751","Pune(Manjri)","27","Maharashtra","521","Pune","Other","1000","2500","1800"
"2025-06-25","Tomato","4751","Pune(Manjri)","27","Maharashtra","521","Pune","Other","1000","2500","1800"
"2025-06-25","Tomato","3960","Junnar(Narayangaon)","27","Maharashtra","521","Pune","Local","500","1500","1000"
"2025-06-25","Tomato","2494","Pune(Pimpri)","27","Maharashtra","521","Pune","Local","1500","2000","1750"
"2025-06-25","Tomato","2493","Khed(Chakan)","27","Maharashtra","521","Pune","Other","1000","1600","1400"
"2025-06-25","Tomato","577","Manchar","27","Maharashtra","521","Pune","Other","1500","3500","2500"
"2025-06-25","Tomato","172","Pune","27","Maharashtra","521","Pune","Local","400","1500","950"
"2025-06-24","Tomato","4752","Pune(Moshi)","27","Maharashtra","521","Pune","Local","1500","2000","1750"
"2025-06-24","Tomato","4751","Pune(Manjri)","27","Maharashtra","521","Pune","Other","1000","3000","2000"
"2025-06-24","Tomato","3960","Junnar(Narayangaon)","27","Maharashtra","521","Pune","Local","500","2000","1500"
"2025-06-24","Tomato","2494","Pune(Pimpri)","27","Maharashtra","521","Pune","Local","1500","2000","1750"
"2025-06-24","Tomato","2493","Khed(Chakan)","27","Maharashtra","521","Pune","Other","1500","2000","1600"
"2025-06-24","Tomato","577","Manchar","27","Maharashtra","521","Pune","Other","1000","2700","1900"
"2025-06-24","Tomato","172","Pune","27","Maharashtra","521","Pune","Local","600","1600","1100"
"2025-06-24","Tomato","2495","Pune(Khadiki)","27","Maharashtra","521","Pune","Local","1000","1800","1400"
"2025-06-23","Tomato","4752","Pune(Moshi)","27","Maharashtra","521","Pune","Local","1500","2000","1750"
"2025-06-23","Tomato","4751","Pune(Manjri)","27","Maharashtra","521","Pune","Other","1000","3000","2000"
"2025-06-23","Tomato","3960","Junnar(Narayangaon)","27","Maharashtra","521","Pune","Local","500","1500","1000"
"2025-06-23","Tomato","2495","Pune(Khadiki)","27","Maharashtra","521","Pune","Local","1200","1800","1500"
"2025-06-23","Tomato","2494","Pune(Pimpri)","27","Maharashtra","521","Pune","Local","1500","2000","1750"
"2025-06-23","Tomato","172","Pune","27","Maharashtra","521","Pune","Local","600","1600","1100"
"2025-06-22","Tomato","4752","Pune(Moshi)","27","Maharashtra","521","Pune","Local","500","2000","1250"
"2025-06-22","Tomato","3960","Junnar(Narayangaon)","27","Maharashtra","521","Pune","Local","500","1500","1000"
"2025-06-22","Tomato","2494","Pune(Pimpri)","27","Maharashtra","521","Pune","Local","1200","2000","1600"
"2025-06-22","Tomato","2493","Khed(Chakan)","27","Maharashtra","521","Pune","Other","1000","2000","1500"
"2025-06-22","Tomato","172","Pune","27","Maharashtra","521","Pune","Local","400","2000","1200"
"2025-06-22","Tomato","4751","Pune(Manjri)","27","Maharashtra","521","Pune","Other","500","1800","1200"
"2025-06-21","Tomato","4752","Pune(Moshi)","27","Maharashtra","521","Pune","Local","1000","2000","1500"
"2025-06-21","Tomato","4751","Pune(Manjri)","27","Maharashtra","521","Pune","Other","1500","3500","2500"
"2025-06-21","Tomato","3960","Junnar(Narayangaon)","27","Maharashtra","521","Pune","Local","500","1500","1000"
"2025-06-21","Tomato","2494","Pune(Pimpri)","27","Maharashtra","521","Pune","Local","1800","2000","1900"
"2025-06-21","Tomato","2493","Khed(Chakan)","27","Maharashtra","521","Pune","Other","1000","2000","1500"
"2025-06-21","Tomato","2492","Junnar(Otur)","27","Maharashtra","521","Pune","Local","100","200","150"
"2025-06-21","Tomato","2495","Pune(Khadiki)","27","Maharashtra","521","Pune","Local","800","1400","1100"
"2025-06-20","Tomato","4752","Pune(Moshi)","27","Maharashtra","521","Pune","Local","1000","2000","1500"
"2025-06-20","Tomato","4751","Pune(Manjri)","27","Maharashtra","521","Pune","Other","1000","2500","1800"
"2025-06-20","Tomato","3960","Junnar(Narayangaon)","27","Maharashtra","521","Pune","Local","500","1500","1000"
"2025-06-20","Tomato","2495","Pune(Khadiki)","27","Maharashtra","521","Pune","Local","1000","1700","1350"
"2025-06-20","Tomato","2493","Khed(Chakan)","27","Maharashtra","521","Pune","Other","1000","2000","1500"
"2025-06-20","Tomato","577","Manchar","27","Maharashtra","521","Pune","Other","2300","4210","3300"
"2025-06-20","Tomato","172","Pune","27","Maharashtra","521","Pune","Local","1000","2000","1500"
"2025-06-20","Tomato","2494","Pune(Pimpri)","27","Maharashtra","521","Pune","Local","1200","2000","1600"
"2025-06-19","Tomato","4751","Pune(Manjri)","27","Maharashtra","521","Pune","Other","500","1500","1000"
"2025-06-19","Tomato","3960","Junnar(Narayangaon)","27","Maharashtra","521","Pune","Local","500","2000","1500"
"2025-06-19","Tomato","2495","Pune(Khadiki)","27","Maharashtra","521","Pune","Local","1000","1700","1350"
"2025-06-19","Tomato","2493","Khed(Chakan)","27","Maharashtra","521","Pune","Other","1500","2000","1800"
"2025-06-19","Tomato","577","Manchar","27","Maharashtra","521","Pune","Other","2000","3800","2900"
"2025-06-19","Tomato","172","Pune","27","Maharashtra","521","Pune","Local","1000","2000","1500"
"2025-06-19","Tomato","2494","Pune(Pimpri)","27","Maharashtra","521","Pune","Local","2000","2000","2000"
"2025-06-19","Tomato","4752","Pune(Moshi)","27","Maharashtra","521","Pune","Local","1000","2000","1500"
"2025-06-18","Tomato","4751","Pune(Manjri)","27","Maharashtra","521","Pune","Other","1000","2500","1800"
"2025-06-18","Tomato","3960","Junnar(Narayangaon)","27","Maharashtra","521","Pune","Local","500","2000","1500"
"2025-06-18","Tomato","2495","Pune(Khadiki)","27","Maharashtra","521","Pune","Local","1200","1800","1500"
"2025-06-18","Tomato","2494","Pune(Pimpri)","27","Maharashtra","521","Pune","Local","1000","2000","1500"
"2025-06-18","Tomato","577","Manchar","27","Maharashtra","521","Pune","Other","2000","4500","3300"
"2025-06-18","Tomato","172","Pune","27","Maharashtra","521","Pune","Local","1000","2200","1650"
"2025-06-18","Tomato","2493","Khed(Chakan)","27","Maharashtra","521","Pune","Other","1000","1500","1300"
"2025-06-17","Tomato","4752","Pune(Moshi)","27","Maharashtra","521","Pune","Local","1000","1500","1250"
"2025-06-17","Tomato","2495","Pune(Khadiki)","27","Maharashtra","521","Pune","Local","1200","1700","1450"
"2025-06-17","Tomato","2494","Pune(Pimpri)","27","Maharashtra","521","Pune","Local","1500","2000","1750"
"2025-06-17","Tomato","2493","Khed(Chakan)","27","Maharashtra","521","Pune","Other","1500","2500","2000"
"2025-06-17","Tomato","172","Pune","27","Maharashtra","521","Pune","Local","1000","2300","1650"
"2025-06-17","Tomato","4751","Pune(Manjri)","27","Maharashtra","521","Pune","Other","2000","3000","2500"
"2025-06-16","Tomato","4752","Pune(Moshi)","27","Maharashtra","521","Pune","Local","1000","1500","1250"
"2025-06-16","Tomato","4751","Pune(Manjri)","27","Maharashtra","521","Pune","Other","2000","3500","2800"
"2025-06-16","Tomato","2495","Pune(Khadiki)","27","Maharashtra","521","Pune","Local","1000","1800","1400"
"2025-06-16","Tomato","2494","Pune(Pimpri)","27","Maharashtra","521","Pune","Local","2000","2000","2000"
"2025-06-16","Tomato","577","Manchar","27","Maharashtra","521","Pune","Other","2500","6000","4255"
"2025-06-16","Tomato","172","Pune","27","Maharashtra","521","Pune","Local","1000","2200","1600"
"2025-06-15","Tomato","4752","Pune(Moshi)","27","Maharashtra","521","Pune","Local","1500","2000","1750"
"2025-06-15","Tomato","4751","Pune(Manjri)","27","Maharashtra","521","Pune","Other","2000","3000","2400"
"2025-06-15","Tomato","3960","Junnar(Narayangaon)","27","Maharashtra","521","Pune","Local","500","2000","1500"
"2025-06-15","Tomato","2495","Pune(Khadiki)","27","Maharashtra","521","Pune","Local","1000","1800","1400"
"2025-06-15","Tomato","2494","Pune(Pimpri)","27","Maharashtra","521","Pune","Local","1500","2000","1750"
"2025-06-15","Tomato","2493","Khed(Chakan)","27","Maharashtra","521","Pune","Other","2000","3000","2500"
"2025-06-15","Tomato","2492","Junnar(Otur)","27","Maharashtra","521","Pune","Local","1000","2000","1500"
"2025-06-15","Tomato","172","Pune","27","Maharashtra","521","Pune","Local","1000","2200","1600"
"2025-06-14","Tomato","4752","Pune(Moshi)","27","Maharashtra","521","Pune","Local","1500","2500","2000"
"2025-06-14","Tomato","4751","Pune(Manjri)","27","Maharashtra","521","Pune","Other","1500","3000","2200"
"2025-06-14","Tomato","3960","Junnar(Narayangaon)","27","Maharashtra","521","Pune","Local","750","2250","1500"
"2025-06-14","Tomato","2495","Pune(Khadiki)","27","Maharashtra","521","Pune","Local","1000","1600","1300"
"2025-06-14","Tomato","2494","Pune(Pimpri)","27","Maharashtra","521","Pune","Local","1500","2000","1750"
"2025-06-14","Tomato","2493","Khed(Chakan)","27","Maharashtra","521","Pune","Other","1000","2000","1500"
"2025-06-13","Tomato","4752","Pune(Moshi)","27","Maharashtra","521","Pune","Local","2000","3000","2500"
"2025-06-13","Tomato","4751","Pune(Manjri)","27","Maharashtra","521","Pune","Other","2000","3500","2800"
"2025-06-13","Tomato","3960","Junnar(Narayangaon)","27","Maharashtra","521","Pune","Local","750","2250","1500"
"2025-06-13","Tomato","2495","Pune(Khadiki)","27","Maharashtra","521","Pune","Local","1100","1900","1500"
"2025-06-13","Tomato","2494","Pune(Pimpri)","27","Maharashtra","521","Pune","Local","1500","1500","1500"
"2025-06-13","Tomato","2493","Khed(Chakan)","27","Maharashtra","521","Pune","Other","2000","3000","2500"
"2025-06-13","Tomato","172","Pune","27","Maharashtra","521","Pune","Local","1000","3000","2000"
"2025-06-12","Tomato","4752","Pune(Moshi)","27","Maharashtra","521","Pune","Local","1000","2500","1750"
"2025-06-12","Tomato","4751","Pune(Manjri)","27","Maharashtra","521","Pune","Other","2000","3000","2500"
"2025-06-12","Tomato","3960","Junnar(Narayangaon)","27","Maharashtra","521","Pune","Local","750","2500","2000"
"2025-06-12","Tomato","2495","Pune(Khadiki)","27","Maharashtra","521","Pune","Local","800","1700","1150"
"2025-06-12","Tomato","2494","Pune(Pimpri)","27","Maharashtra","521","Pune","Local","2000","2000","2000"
"2025-06-12","Tomato","2493","Khed(Chakan)","27","Maharashtra","521","Pune","Other","1500","2500","2000"
"2025-06-12","Tomato","172","Pune","27","Maharashtra","521","Pune","Local","1000","2000","1500"
"2025-06-11","Tomato","4751","Pune(Manjri)","27","Maharashtra","521","Pune","Other","2000","2500","2200"
"2025-06-11","Tomato","3960","Junnar(Narayangaon)","27","Maharashtra","521","Pune","Local","1000","2750","2000"
"2025-06-11","Tomato","2495","Pune(Khadiki)","27","Maharashtra","521","Pune","Local","1000","1700","1350"
"2025-06-11","Tomato","2494","Pune(Pimpri)","27","Maharashtra","521","Pune","Local","1000","2000","1500"
"2025-06-11","Tomato","2493","Khed(Chakan)","27","Maharashtra","521","Pune","Other","1000","1800","1400"
"2025-06-11","Tomato","172","Pune","27","Maharashtra","521","Pune","Local","1000","2000","1500"
"2025-06-10","Tomato","4752","Pune(Moshi)","27","Maharashtra","521","Pune","Local","1000","1500","1250"
"2025-06-10","Tomato","4751","Pune(Manjri)","27","Maharashtra","521","Pune","Other","1000","2000","1500"
"2025-06-10","Tomato","2495","Pune(Khadiki)","27","Maharashtra","521","Pune","Local","1300","2100","1700"
"2025-06-10","Tomato","2494","Pune(Pimpri)","27","Maharashtra","521","Pune","Local","1000","2000","1500"
"2025-06-10","Tomato","2493","Khed(Chakan)","27","Maharashtra","521","Pune","Other","1000","2000","1500"
"2025-06-10","Tomato","2492","Junnar(Otur)","27","Maharashtra","521","Pune","Local","1000","1500","1250"
"2025-06-10","Tomato","172","Pune","27","Maharashtra","521","Pune","Local","1000","2000","1500"
"2025-06-09","Tomato","4752","Pune(Moshi)","27","Maharashtra","521","Pune","Local","1000","1500","1250"
"2025-06-09","Tomato","4751","Pune(Manjri)","27","Maharashtra","521","Pune","Other","1000","2500","1800"
"2025-06-09","Tomato","3960","Junnar(Narayangaon)","27","Maharashtra","521","Pune","Local","500","2250","1500"
"2025-06-09","Tomato","2495","Pune(Khadiki)","27","Maharashtra","521","Pune","Local","1000","1700","1350"
"2025-06-09","Tomato","2494","Pune(Pimpri)","27","Maharashtra","521","Pune","Local","1000","1500","1250"
"2025-06-09","Tomato","577","Manchar","27","Maharashtra","521","Pune","Other","2200","4150","3175"
"2025-06-09","Tomato","172","Pune","27","Maharashtra","521","Pune","Local","1000","2500","1750"
"2025-06-08","Tomato","4752","Pune(Moshi)","27","Maharashtra","521","Pune","Local","1000","2000","1500"
"2025-06-08","Tomato","4751","Pune(Manjri)","27","Maharashtra","521","Pune","Other","2000","2500","2200"
"2025-06-08","Tomato","3960","Junnar(Narayangaon)","27","Maharashtra","521","Pune","Local","500","2000","1500"
"2025-06-08","Tomato","2495","Pune(Khadiki)","27","Maharashtra","521","Pune","Local","1100","1800","1450"
"2025-06-08","Tomato","2494","Pune(Pimpri)","27","Maharashtra","521","Pune","Local","2000","2000","2000"
"2025-06-08","Tomato","2493","Khed(Chakan)","27","Maharashtra","521","Pune","Other","1000","1500","1250"
"2025-06-08","Tomato","577","Manchar","27","Maharashtra","521","Pune","Other","2000","3700","2900"
"2025-06-08","Tomato","172","Pune","27","Maharashtra","521","Pune","Local","1000","2500","1750"
"2025-06-07","Tomato","4752","Pune(Moshi)","27","Maharashtra","521","Pune","Local","1000","2000","1500"
"2025-06-07","Tomato","4751","Pune(Manjri)","27","Maharashtra","521","Pune","Other","1500","3000","2200"
"2025-06-07","Tomato","3960","Junnar(Narayangaon)","27","Maharashtra","521","Pune","Local","500","2000","1500"
"2025-06-07","Tomato","2495","Pune(Khadiki)","27","Maharashtra","521","Pune","Local","1000","1700","1350"
"2025-06-07","Tomato","2494","Pune(Pimpri)","27","Maharashtra","521","Pune","Local","1400","2000","1700"
"2025-06-07","Tomato","2493","Khed(Chakan)","27","Maharashtra","521","Pune","Other","1000","2000","1500"
"2025-06-06","Tomato","4752","Pune(Moshi)","27","Maharashtra","521","Pune","Local","1500","2000","1750"
"2025-06-06","Tomato","4751","Pune(Manjri)","27","Maharashtra","521","Pune","Other","1400","2700","2000"
"2025-06-06","Tomato","3960","Junnar(Narayangaon)","27","Maharashtra","521","Pune","Local","500","1500","1000"
"2025-06-06","Tomato","2495","Pune(Khadiki)","27","Maharashtra","521","Pune","Local","1000","1800","1400"
"2025-06-06","Tomato","2494","Pune(Pimpri)","27","Maharashtra","521","Pune","Local","2000","2000","2000"
"2025-06-06","Tomato","2493","Khed(Chakan)","27","Maharashtra","521","Pune","Other","1200","2000","1600"
"2025-06-06","Tomato","172","Pune","27","Maharashtra","521","Pune","Local","1000","2000","1500"
"2025-06-05","Tomato","4752","Pune(Moshi)","27","Maharashtra","521","Pune","Local","1000","1500","1250"
"2025-06-05","Tomato","4751","Pune(Manjri)","27","Maharashtra","521","Pune","Other","1400","2300","1800"
"2025-06-05","Tomato","3960","Junnar(Narayangaon)","27","Maharashtra","521","Pune","Local","750","2000","1500"
"2025-06-05","Tomato","2495","Pune(Khadiki)","27","Maharashtra","521","Pune","Local","1000","1800","1400"
"2025-06-05","Tomato","2494","Pune(Pimpri)","27","Maharashtra","521","Pune","Local","1000","2000","1500"
"2025-06-05","Tomato","2493","Khed(Chakan)","27","Maharashtra","521","Pune","Other","1000","2000","1500"
"2025-06-05","Tomato","577","Manchar","27","Maharashtra","521","Pune","Other","1800","3300","2550"
"2025-06-05","Tomato","172","Pune","27","Maharashtra","521","Pune","Local","1000","2200","1600"
"2025-06-04","Tomato","4751","Pune(Manjri)","27","Maharashtra","521","Pune","Other","1400","2300","1800"
"2025-06-04","Tomato","3960","Junnar(Narayangaon)","27","Maharashtra","521","Pune","Local","750","2000","1500"
"2025-06-04","Tomato","2495","Pune(Khadiki)","27","Maharashtra","521","Pune","Local","1000","1500","1250"
"2025-06-04","Tomato","2494","Pune(Pimpri)","27","Maharashtra","521","Pune","Local","1500","1500","1500"
"2025-06-04","Tomato","2493","Khed(Chakan)","27","Maharashtra","521","Pune","Other","1000","2000","1500"
"2025-06-04","Tomato","577","Manchar","27","Maharashtra","521","Pune","Other","400","2800","1650"
"2025-06-04","Tomato","172","Pune","27","Maharashtra","521","Pune","Local","1000","2500","1750"
"2025-06-03","Tomato","4752","Pune(Moshi)","27","Maharashtra","521","Pune","Local","2000","3000","2500"
"2025-06-03","Tomato","4751","Pune(Manjri)","27","Maharashtra","521","Pune","Other","1400","2300","1800"
"2025-06-03","Tomato","2495","Pune(Khadiki)","27","Maharashtra","521","Pune","Local","900","1500","1200"
"2025-06-03","Tomato","2494","Pune(Pimpri)","27","Maharashtra","521","Pune","Local","1300","1500","1400"
"2025-06-03","Tomato","2493","Khed(Chakan)","27","Maharashtra","521","Pune","Other","1000","2000","1500"
"2025-06-03","Tomato","577","Manchar","27","Maharashtra","521","Pune","Other","2250","4150","3200"
"2025-06-03","Tomato","172","Pune","27","Maharashtra","521","Pune","Local","1000","3000","2000"
"2025-06-02","Tomato","4752","Pune(Moshi)","27","Maharashtra","521","Pune","Local","2000","3000","2500"
"2025-06-02","Tomato","4751","Pune(Manjri)","27","Maharashtra","521","Pune","Other","1400","2300","1800"
"2025-06-02","Tomato","3960","Junnar(Narayangaon)","27","Maharashtra","521","Pune","Local","500","1750","1250"
"2025-06-02","Tomato","2494","Pune(Pimpri)","27","Maharashtra","521","Pune","Local","1500","1500","1500"
"2025-06-01","Tomato","4752","Pune(Moshi)","27","Maharashtra","521","Pune","Local","2000","3000","2500"
"2025-06-01","Tomato","4751","Pune(Manjri)","27","Maharashtra","521","Pune","Other","1400","2300","1800"
"2025-06-01","Tomato","2494","Pune(Pimpri)","27","Maharashtra","521","Pune","Local","1400","1600","1500"
"2025-06-01","Tomato","2493","Khed(Chakan)","27","Maharashtra","521","Pune","Other","1000","2000","1500"
"2025-06-01","Tomato","2492","Junnar(Otur)","27","Maharashtra","521","Pune","Local","1000","2500","1750"
"2025-06-01","Tomato","172","Pune","27","Maharashtra","521","Pune","Local","800","2000","1400"
"2025-05-31","Tomato","4752","Pune(Moshi)","27","Maharashtra","521","Pune","Local","1000","2000","1500"
"2025-05-31","Tomato","4751","Pune(Manjri)","27","Maharashtra","521","Pune","Other","1400","2300","1800"
"2025-05-31","Tomato","3960","Junnar(Narayangaon)","27","Maharashtra","521","Pune","Local","500","1875","1250"
"2025-05-31","Tomato","2495","Pune(Khadiki)","27","Maharashtra","521","Pune","Local","1000","1400","1200"
"2025-05-31","Tomato","2494","Pune(Pimpri)","27","Maharashtra","521","Pune","Local","1500","1500","1500"
"2025-05-31","Tomato","2493","Khed(Chakan)","27","Maharashtra","521","Pune","Other","1000","1800","1400"
"2025-05-30","Tomato","4752","Pune(Moshi)","27","Maharashtra","521","Pune","Local","1000","3000","2000"
"2025-05-30","Tomato","4751","Pune(Manjri)","27","Maharashtra","521","Pune","Other","1800","2700","2300"
"2025-05-30","Tomato","3960","Junnar(Narayangaon)","27","Maharashtra","521","Pune","Local","801","2001","1501"
"2025-05-30","Tomato","2495","Pune(Khadiki)","27","Maharashtra","521","Pune","Local","1000","1400","1200"
"2025-05-30","Tomato","2494","Pune(Pimpri)","27","Maharashtra","521","Pune","Local","2000","2000","2000"
"2025-05-30","Tomato","2493","Khed(Chakan)","27","Maharashtra","521","Pune","Other","1500","2500","2000"
"2025-05-30","Tomato","172","Pune","27","Maharashtra","521","Pune","Local","800","3000","1900"
"2025-05-29","Tomato","4752","Pune(Moshi)","27","Maharashtra","521","Pune","Local","2000","3000","2500"
"2025-05-29","Tomato","4751","Pune(Manjri)","27","Maharashtra","521","Pune","Other","1800","4000","2700"
"2025-05-29","Tomato","3960","Junnar(Narayangaon)","27","Maharashtra","521","Pune","Local","750","2250","1500"
"2025-05-29","Tomato","2495","Pune(Khadiki)","27","Maharashtra","521","Pune","Local","900","1400","1150"
"2025-05-29","Tomato","2494","Pune(Pimpri)","27","Maharashtra","521","Pune","Local","2000","2000","2000"
"2025-05-29","Tomato","2493","Khed(Chakan)","27","Maharashtra","521","Pune","Other","2000","3000","2500"
"2025-05-29","Tomato","577","Manchar","27","Maharashtra","521","Pune","Other","1000","3600","2300"
"2025-05-29","Tomato","172","Pune","27","Maharashtra","521","Pune","Local","1000","4000","2500"
"2025-05-28","Tomato","4751","Pune(Manjri)","27","Maharashtra","521","Pune","Other","3200","5400","4100"
"2025-05-28","Tomato","3960","Junnar(Narayangaon)","27","Maharashtra","521","Pune","Local","750","2500","2000"
"2025-05-28","Tomato","2495","Pune(Khadiki)","27","Maharashtra","521","Pune","Local","1000","1600","1300"
"2025-05-28","Tomato","2494","Pune(Pimpri)","27","Maharashtra","521","Pune","Local","2000","2000","2000"
"2025-05-28","Tomato","2492","Junnar(Otur)","27","Maharashtra","521","Pune","Local","500","2500","1500"
"2025-05-28","Tomato","577","Manchar","27","Maharashtra","521","Pune","Other","2020","3650","2835"
"2025-05-28","Tomato","172","Pune","27","Maharashtra","521","Pune","Local","1000","4000","2500"
"2025-05-27","Tomato","4752","Pune(Moshi)","27","Maharashtra","521","Pune","Local","1000","1500","1250"
"2025-05-27","Tomato","4751","Pune(Manjri)","27","Maharashtra","521","Pune","Other","600","900","700"
"2025-05-27","Tomato","2495","Pune(Khadiki)","27","Maharashtra","521","Pune","Local","1000","1300","1150"
"2025-05-27","Tomato","2494","Pune(Pimpri)","27","Maharashtra","521","Pune","Local","2000","2000","2000"
"2025-05-27","Tomato","577","Manchar","27","Maharashtra","521","Pune","Other","1800","3000","2400"
"2025-05-27","Tomato","172","Pune","27","Maharashtra","521","Pune","Local","600","3000","1800"
"2025-05-26","Tomato","4752","Pune(Moshi)","27","Maharashtra","521","Pune","Local","1500","3000","2250"
"2025-05-26","Tomato","4751","Pune(Manjri)","27","Maharashtra","521","Pune","Other","900","1400","1100"
"2025-05-26","Tomato","3960","Junnar(Narayangaon)","27","Maharashtra","521","Pune","Local","500","2000","1500"
"2025-05-26","Tomato","2494","Pune(Pimpri)","27","Maharashtra","521","Pune","Local","2000","2000","2000"
"2025-05-26","Tomato","172","Pune","27","Maharashtra","521","Pune","Local","1000","3000","2000"
"2025-05-25","Tomato","4752","Pune(Moshi)","27","Maharashtra","521","Pune","Local","3000","4000","3500"
"2025-05-25","Tomato","4751","Pune(Manjri)","27","Maharashtra","521","Pune","Other","1000","4000","2500"
"2025-05-25","Tomato","3960","Junnar(Narayangaon)","27","Maharashtra","521","Pune","Local","500","2000","1500"
"2025-05-25","Tomato","2495","Pune(Khadiki)","27","Maharashtra","521","Pune","Local","1000","1400","1200"
"2025-05-25","Tomato","2494","Pune(Pimpri)","27","Maharashtra","521","Pune","Local","1200","1500","1350"
"2025-05-25","Tomato","577","Manchar","27","Maharashtra","521","Pune","Other","2300","4210","3255"
"2025-05-25","Tomato","172","Pune","27","Maharashtra","521","Pune","Local","2000","4500","3250"
"2025-05-24","Tomato","4752","Pune(Moshi)","27","Maharashtra","521","Pune","Local","600","1000","800"
"2025-05-24","Tomato","4751","Pune(Manjri)","27","Maharashtra","521","Pune","Other","2700","4000","3200"
"2025-05-24","Tomato","3960","Junnar(Narayangaon)","27","Maharashtra","521","Pune","Local","1000","2500","2000"
"2025-05-24","Tomato","2495","Pune(Khadiki)","27","Maharashtra","521","Pune","Local","700","1400","1050"
"2025-05-24","Tomato","2494","Pune(Pimpri)","27","Maharashtra","521","Pune","Local","1200","1200","1200"
"2025-05-24","Tomato","2493","Khed(Chakan)","27","Maharashtra","521","Pune","Other","2000","3000","2500"
"2025-05-24","Tomato","2492","Junnar(Otur)","27","Maharashtra","521","Pune","Local","100","250","150"
"2025-05-23","Tomato","4752","Pune(Moshi)","27","Maharashtra","521","Pune","Local","1000","1500","1250"
"2025-05-23","Tomato","4751","Pune(Manjri)","27","Maharashtra","521","Pune","Other","2300","4000","3000"
"2025-05-23","Tomato","3960","Junnar(Narayangaon)","27","Maharashtra","521","Pune","Local","1500","3000","2500"
"2025-05-23","Tomato","2495","Pune(Khadiki)","27","Maharashtra","521","Pune","Local","800","1400","1200"
"2025-05-23","Tomato","2494","Pune(Pimpri)","27","Maharashtra","521","Pune","Local","1000","1200","1100"
"2025-05-23","Tomato","2493","Khed(Chakan)","27","Maharashtra","521","Pune","Other","1000","1500","1200"
"2025-05-23","Tomato","172","Pune","27","Maharashtra","521","Pune","Local","1500","3000","2250"
"2025-05-22","Tomato","4752","Pune(Moshi)","27","Maharashtra","521","Pune","Local","600","800","700"
"2025-05-22","Tomato","4751","Pune(Manjri)","27","Maharashtra","521","Pune","Other","1800","3200","2500"
"2025-05-22","Tomato","3960","Junnar(Narayangaon)","27","Maharashtra","521","Pune","Local","1250","2750","2000"
"2025-05-22","Tomato","2495","Pune(Khadiki)","27","Maharashtra","521","Pune","Local","900","1400","1150"
"2025-05-22","Tomato","2494","Pune(Pimpri)","27","Maharashtra","521","Pune","Local","1200","1200","1200"
"2025-05-22","Tomato","2493","Khed(Chakan)","27","Maharashtra","521","Pune","Other","1000","1500","1300"
"2025-05-22","Tomato","577","Manchar","27","Maharashtra","521","Pune","Other","1850","3200","2550"
"2025-05-22","Tomato","172","Pune","27","Maharashtra","521","Pune","Local","1000","3000","2000"
"2025-05-21","Tomato","4751","Pune(Manjri)","27","Maharashtra","521","Pune","Other","1400","1800","1600"
"2025-05-21","Tomato","3960","Junnar(Narayangaon)","27","Maharashtra","521","Pune","Local","1000","2625","2000"
"2025-05-21","Tomato","2495","Pune(Khadiki)","27","Maharashtra","521","Pune","Local","800","1400","1100"
"2025-05-21","Tomato","2494","Pune(Pimpri)","27","Maharashtra","521","Pune","Local","1200","1200","1200"
"2025-05-21","Tomato","2493","Khed(Chakan)","27","Maharashtra","521","Pune","Other","800","1500","1200"
"2025-05-21","Tomato","172","Pune","27","Maharashtra","521","Pune","Local","600","1700","1150"
"2025-05-20","Tomato","4752","Pune(Moshi)","27","Maharashtra","521","Pune","Local","800","1000","900"
"2025-05-20","Tomato","4751","Pune(Manjri)","27","Maharashtra","521","Pune","Other","1000","2000","1500"
"2025-05-20","Tomato","2495","Pune(Khadiki)","27","Maharashtra","521","Pune","Local","800","1400","1100"
"2025-05-20","Tomato","2494","Pune(Pimpri)","27","Maharashtra","521","Pune","Local","1200","1200","1200"
"2025-05-20","Tomato","2493","Khed(Chakan)","27","Maharashtra","521","Pune","Other","1000","1500","1200"
"2025-05-20","Tomato","577","Manchar","27","Maharashtra","521","Pune","Other","2100","3400","2800"
"2025-05-20","Tomato","172","Pune","27","Maharashtra","521","Pune","Local","800","1600","1200"
"2025-05-19","Tomato","4752","Pune(Moshi)","27","Maharashtra","521","Pune","Local","800","1000","900"
"2025-05-19","Tomato","4751","Pune(Manjri)","27","Maharashtra","521","Pune","Other","400","1400","900"
"2025-05-19","Tomato","3960","Junnar(Narayangaon)","27","Maharashtra","521","Pune","Local","1000","2250","1500"
"2025-05-19","Tomato","2495","Pune(Khadiki)","27","Maharashtra","521","Pune","Local","700","1200","950"
"2025-05-19","Tomato","2494","Pune(Pimpri)","27","Maharashtra","521","Pune","Local","1000","1200","1100"
"2025-05-19","Tomato","172","Pune","27","Maharashtra","521","Pune","Local","1000","1600","1300"
"2025-05-18","Tomato","4752","Pune(Moshi)","27","Maharashtra","521","Pune","Local","700","1500","1100"
"2025-05-18","Tomato","4751","Pune(Manjri)","27","Maharashtra","521","Pune","Other","1400","2300","1800"
"2025-05-18","Tomato","3960","Junnar(Narayangaon)","27","Maharashtra","521","Pune","Local","750","2000","1500"
"2025-05-18","Tomato","2495","Pune(Khadiki)","27","Maharashtra","521","Pune","Local","600","1200","900"
"2025-05-18","Tomato","2494","Pune(Pimpri)","27","Maharashtra","521","Pune","Local","1000","1200","1100"
"2025-05-18","Tomato","2493","Khed(Chakan)","27","Maharashtra","521","Pune","Other","1000","1800","1600"
"2025-05-18","Tomato","172","Pune","27","Maharashtra","521","Pune","Local","800","2000","1400"
"2025-05-17","Tomato","4752","Pune(Moshi)","27","Maharashtra","521","Pune","Local","800","1000","900"
"2025-05-17","Tomato","4751","Pune(Manjri)","27","Maharashtra","521","Pune","Other","900","1800","1400"
"2025-05-17","Tomato","3960","Junnar(Narayangaon)","27","Maharashtra","521","Pune","Local","750","2000","1500"
"2025-05-17","Tomato","2495","Pune(Khadiki)","27","Maharashtra","521","Pune","Local","700","1200","950"
"2025-05-17","Tomato","2494","Pune(Pimpri)","27","Maharashtra","521","Pune","Local","1000","1500","1250"
"2025-05-17","Tomato","2493","Khed(Chakan)","27","Maharashtra","521","Pune","Other","1200","1800","1500"
"2025-05-16","Tomato","4752","Pune(Moshi)","27","Maharashtra","521","Pune","Local","700","1000","850"
"2025-05-16","Tomato","4751","Pune(Manjri)","27","Maharashtra","521","Pune","Other","900","1800","1400"
"2025-05-16","Tomato","3960","Junnar(Narayangaon)","27","Maharashtra","521","Pune","Local","1000","2250","1500"
"2025-05-16","Tomato","2495","Pune(Khadiki)","27","Maharashtra","521","Pune","Local","700","1200","950"
"2025-05-16","Tomato","2494","Pune(Pimpri)","27","Maharashtra","521","Pune","Local","1200","1300","1250"
"2025-05-16","Tomato","2493","Khed(Chakan)","27","Maharashtra","521","Pune","Other","1000","1500","1250"
"2025-05-16","Tomato","2492","Junnar(Otur)","27","Maharashtra","521","Pune","Local","500","1000","750"
"2025-05-16","Tomato","172","Pune","27","Maharashtra","521","Pune","Local","700","1800","1250"
"2025-05-15","Tomato","4752","Pune(Moshi)","27","Maharashtra","521","Pune","Local","500","1000","750"
"2025-05-15","Tomato","4751","Pune(Manjri)","27","Maharashtra","521","Pune","Other","900","1800","1400"
"2025-05-15","Tomato","3960","Junnar(Narayangaon)","27","Maharashtra","521","Pune","Local","1000","2250","1500"
"2025-05-15","Tomato","2495","Pune(Khadiki)","27","Maharashtra","521","Pune","Local","600","1300","950"
"2025-05-15","Tomato","2494","Pune(Pimpri)","27","Maharashtra","521","Pune","Local","1000","1200","1100"
"2025-05-15","Tomato","2493","Khed(Chakan)","27","Maharashtra","521","Pune","Other","1000","1500","1250"
"2025-05-15","Tomato","172","Pune","27","Maharashtra","521","Pune","Local","600","1400","1000"
"2025-05-13","Tomato","4752","Pune(Moshi)","27","Maharashtra","521","Pune","Local","500","1000","750"
"2025-05-13","Tomato","2495","Pune(Khadiki)","27","Maharashtra","521","Pune","Local","700","1300","1000"
"2025-05-13","Tomato","2494","Pune(Pimpri)","27","Maharashtra","521","Pune","Local","1000","1200","1100"
"2025-05-13","Tomato","2493","Khed(Chakan)","27","Maharashtra","521","Pune","Other","1000","1500","1250"
"2025-05-12","Tomato","4752","Pune(Moshi)","27","Maharashtra","521","Pune","Local","800","1000","900"
"2025-05-12","Tomato","4751","Pune(Manjri)","27","Maharashtra","521","Pune","Other","400","1800","1100"
"2025-05-12","Tomato","3960","Junnar(Narayangaon)","27","Maharashtra","521","Pune","Local","750","1625","1000"
"2025-05-12","Tomato","2495","Pune(Khadiki)","27","Maharashtra","521","Pune","Local","1000","1600","1300"
"2025-05-12","Tomato","2494","Pune(Pimpri)","27","Maharashtra","521","Pune","Local","1000","1200","1100"
"2025-05-12","Tomato","2492","Junnar(Otur)","27","Maharashtra","521","Pune","Local","1000","2000","1500"
"2025-05-12","Tomato","172","Pune","27","Maharashtra","521","Pune","Local","600","1200","900"
"2025-05-11","Tomato","4752","Pune(Moshi)","27","Maharashtra","521","Pune","Local","500","1000","750"
"2025-05-11","Tomato","4751","Pune(Manjri)","27","Maharashtra","521","Pune","Other","900","1400","1100"
"2025-05-11","Tomato","3960","Junnar(Narayangaon)","27","Maharashtra","521","Pune","Local","500","1500","1000"
"2025-05-11","Tomato","2494","Pune(Pimpri)","27","Maharashtra","521","Pune","Local","1000","1200","1100"
"2025-05-11","Tomato","2493","Khed(Chakan)","27","Maharashtra","521","Pune","Other","1000","1400","1200"
"2025-05-11","Tomato","172","Pune","27","Maharashtra","521","Pune","Local","600","1200","900"
"2025-05-10","Tomato","4752","Pune(Moshi)","27","Maharashtra","521","Pune","Local","700","1000","850"
"2025-05-10","Tomato","4751","Pune(Manjri)","27","Maharashtra","521","Pune","Other","900","1800","1400"
"2025-05-10","Tomato","2495","Pune(Khadiki)","27","Maharashtra","521","Pune","Local","600","1300","950"
"2025-05-10","Tomato","2494","Pune(Pimpri)","27","Maharashtra","521","Pune","Local","1000","1200","1100"
"2025-05-10","Tomato","2493","Khed(Chakan)","27","Maharashtra","521","Pune","Other","800","1200","1000"
"2025-05-09","Tomato","4752","Pune(Moshi)","27","Maharashtra","521","Pune","Local","800","1000","900"
"2025-05-09","Tomato","4751","Pune(Manjri)","27","Maharashtra","521","Pune","Other","1000","2500","1800"
"2025-05-09","Tomato","2494","Pune(Pimpri)","27","Maharashtra","521","Pune","Local","1000","1200","1100"
"2025-05-09","Tomato","2493","Khed(Chakan)","27","Maharashtra","521","Pune","Other","600","1200","800"
"2025-05-09","Tomato","577","Manchar","27","Maharashtra","521","Pune","Other","1000","2500","1800"
"2025-05-09","Tomato","172","Pune","27","Maharashtra","521","Pune","Local","500","1200","850"
"2025-05-08","Tomato","4752","Pune(Moshi)","27","Maharashtra","521","Pune","Local","800","1000","900"
"2025-05-08","Tomato","4751","Pune(Manjri)","27","Maharashtra","521","Pune","Other","400","1000","700"
"2025-05-08","Tomato","2495","Pune(Khadiki)","27","Maharashtra","521","Pune","Local","1000","1500","1250"
"2025-05-08","Tomato","2494","Pune(Pimpri)","27","Maharashtra","521","Pune","Local","1000","1200","1100"
"2025-05-08","Tomato","2493","Khed(Chakan)","27","Maharashtra","521","Pune","Other","800","1200","1000"
"2025-05-08","Tomato","577","Manchar","27","Maharashtra","521","Pune","Other","2300","2300","2300"
"2025-05-08","Tomato","172","Pune","27","Maharashtra","521","Pune","Local","500","1300","900"
"2025-05-07","Tomato","4751","Pune(Manjri)","27","Maharashtra","521","Pune","Other","900","1800","1400"
"2025-05-07","Tomato","2495","Pune(Khadiki)","27","Maharashtra","521","Pune","Local","800","1600","1200"
"2025-05-07","Tomato","2494","Pune(Pimpri)","27","Maharashtra","521","Pune","Local","1000","1400","1200"
"2025-05-07","Tomato","2493","Khed(Chakan)","27","Maharashtra","521","Pune","Other","600","1000","800"
"2025-05-07","Tomato","577","Manchar","27","Maharashtra","521","Pune","Other","1000","3000","2100"
"2025-05-07","Tomato","172","Pune","27","Maharashtra","521","Pune","Local","600","1200","900"
"2025-05-06","Tomato","4752","Pune(Moshi)","27","Maharashtra","521","Pune","Local","600","1000","800"
"2025-05-06","Tomato","4751","Pune(Manjri)","27","Maharashtra","521","Pune","Other","400","1400","900"
"2025-05-06","Tomato","2495","Pune(Khadiki)","27","Maharashtra","521","Pune","Local","700","1300","1000"
"2025-05-06","Tomato","2494","Pune(Pimpri)","27","Maharashtra","521","Pune","Local","1000","1200","1100"
"2025-05-06","Tomato","2493","Khed(Chakan)","27","Maharashtra","521","Pune","Other","1000","1500","1250"
"2025-05-06","Tomato","577","Manchar","27","Maharashtra","521","Pune","Other","500","2700","1650"
"2025-05-06","Tomato","172","Pune","27","Maharashtra","521","Pune","Local","600","1200","900"
"2025-05-05","Tomato","4752","Pune(Moshi)","27","Maharashtra","521","Pune","Local","800","1000","900"
"2025-05-05","Tomato","4751","Pune(Manjri)","27","Maharashtra","521","Pune","Other","400","1400","900"
"2025-05-05","Tomato","3960","Junnar(Narayangaon)","27","Maharashtra","521","Pune","Local","750","1750","1000"
"2025-05-05","Tomato","2495","Pune(Khadiki)","27","Maharashtra","521","Pune","Local","600","1300","950"
"2025-05-05","Tomato","2494","Pune(Pimpri)","27","Maharashtra","521","Pune","Local","1000","1200","1100"
"2025-05-05","Tomato","172","Pune","27","Maharashtra","521","Pune","Local","600","1200","900"
"2025-05-04","Tomato","4752","Pune(Moshi)","27","Maharashtra","521","Pune","Local","600","1000","800"
"2025-05-04","Tomato","4751","Pune(Manjri)","27","Maharashtra","521","Pune","Other","900","1400","1100"
"2025-05-04","Tomato","3960","Junnar(Narayangaon)","27","Maharashtra","521","Pune","Local","750","1750","1000"
"2025-05-04","Tomato","2495","Pune(Khadiki)","27","Maharashtra","521","Pune","Local","1000","1400","1200"
"2025-05-04","Tomato","2494","Pune(Pimpri)","27","Maharashtra","521","Pune","Local","1000","1400","1200"
"2025-05-04","Tomato","172","Pune","27","Maharashtra","521","Pune","Local","700","1200","950"
"2025-05-03","Tomato","4752","Pune(Moshi)","27","Maharashtra","521","Pune","Local","500","1000","750"
"2025-05-03","Tomato","4751","Pune(Manjri)","27","Maharashtra","521","Pune","Other","600","1600","1100"
"2025-05-03","Tomato","3960","Junnar(Narayangaon)","27","Maharashtra","521","Pune","Local","750","1750","1000"
"2025-05-03","Tomato","2495","Pune(Khadiki)","27","Maharashtra","521","Pune","Local","700","1300","1000"
"2025-05-03","Tomato","2494","Pune(Pimpri)","27","Maharashtra","521","Pune","Local","800","1200","1000"
"2025-05-02","Tomato","4752","Pune(Moshi)","27","Maharashtra","521","Pune","Local","500","1000","750"
"2025-05-02","Tomato","4751","Pune(Manjri)","27","Maharashtra","521","Pune","Other","900","1800","1400"
"2025-05-02","Tomato","3960","Junnar(Narayangaon)","27","Maharashtra","521","Pune","Local","750","1750","1000"
"2025-05-02","Tomato","2495","Pune(Khadiki)","27","Maharashtra","521","Pune","Local","700","1200","950"
"2025-05-02","Tomato","2494","Pune(Pimpri)","27","Maharashtra","521","Pune","Local","1000","1200","1100"
"2025-05-02","Tomato","2493","Khed(Chakan)","27","Maharashtra","521","Pune","Other","800","1500","1000"
"2025-05-02","Tomato","172","Pune","27","Maharashtra","521","Pune","Local","500","1200","850"
"2025-05-01","Tomato","3960","Junnar(Narayangaon)","27","Maharashtra","521","Pune","Local","750","1750","1000"
"2025-05-01","Tomato","2494","Pune(Pimpri)","27","Maharashtra","521","Pune","Local","1000","1400","1200"
"2025-04-30","Tomato","4751","Pune(Manjri)","27","Maharashtra","521","Pune","Other","1800","2300","2000"
"2025-04-30","Tomato","3960","Junnar(Narayangaon)","27","Maharashtra","521","Pune","Local","750","1500","1000"
"2025-04-30","Tomato","2495","Pune(Khadiki)","27","Maharashtra","521","Pune","Local","800","1300","1050"
"2025-04-30","Tomato","2494","Pune(Pimpri)","27","Maharashtra","521","Pune","Local","1000","1500","1250"
"2025-04-30","Tomato","2493","Khed(Chakan)","27","Maharashtra","521","Pune","Other","1000","1600","1400"
"2025-04-30","Tomato","172","Pune","27","Maharashtra","521","Pune","Local","600","1000","800"
"2025-04-29","Tomato","4752","Pune(Moshi)","27","Maharashtra","521","Pune","Local","800","1000","900"
"2025-04-29","Tomato","2494","Pune(Pimpri)","27","Maharashtra","521","Pune","Local","1000","1200","1100"
"2025-04-29","Tomato","2493","Khed(Chakan)","27","Maharashtra","521","Pune","Other","800","1200","1000"
"2025-04-29","Tomato","577","Manchar","27","Maharashtra","521","Pune","Other","1500","3080","2290"
"2025-04-29","Tomato","172","Pune","27","Maharashtra","521","Pune","Local","500","1200","850"
"2025-04-28","Tomato","4752","Pune(Moshi)","27","Maharashtra","521","Pune","Local","700","1000","850"
"2025-04-28","Tomato","4751","Pune(Manjri)","27","Maharashtra","521","Pune","Other","900","1400","1100"
"2025-04-28","Tomato","3960","Junnar(Narayangaon)","27","Maharashtra","521","Pune","Local","750","1500","1000"
"2025-04-28","Tomato","2495","Pune(Khadiki)","27","Maharashtra","521","Pune","Local","1000","1600","1300"
"2025-04-28","Tomato","2494","Pune(Pimpri)","27","Maharashtra","521","Pune","Local","1000","1200","1100"
"2025-04-28","Tomato","172","Pune","27","Maharashtra","521","Pune","Local","500","1200","850"
"2025-04-27","Tomato","4752","Pune(Moshi)","27","Maharashtra","521","Pune","Local","800","1000","900"
"2025-04-27","Tomato","4751","Pune(Manjri)","27","Maharashtra","521","Pune","Other","500","1500","1000"
"2025-04-27","Tomato","3960","Junnar(Narayangaon)","27","Maharashtra","521","Pune","Local","750","1500","1000"
"2025-04-27","Tomato","2495","Pune(Khadiki)","27","Maharashtra","521","Pune","Local","700","1400","1050"
"2025-04-27","Tomato","2494","Pune(Pimpri)","27","Maharashtra","521","Pune","Local","800","1200","1000"
"2025-04-27","Tomato","2493","Khed(Chakan)","27","Maharashtra","521","Pune","Other","800","1200","1000"
"2025-04-27","Tomato","172","Pune","27","Maharashtra","521","Pune","Local","500","1200","850"
"2025-04-26","Tomato","4752","Pune(Moshi)","27","Maharashtra","521","Pune","Local","800","1000","900"
"2025-04-26","Tomato","4751","Pune(Manjri)","27","Maharashtra","521","Pune","Other","400","900","600"
"2025-04-26","Tomato","3960","Junnar(Narayangaon)","27","Maharashtra","521","Pune","Local","750","2000","1500"
"2025-04-26","Tomato","2495","Pune(Khadiki)","27","Maharashtra","521","Pune","Local","700","1300","1000"
"2025-04-26","Tomato","2494","Pune(Pimpri)","27","Maharashtra","521","Pune","Local","800","1200","1000"
"2025-04-26","Tomato","2493","Khed(Chakan)","27","Maharashtra","521","Pune","Other","800","1400","1100"
"2025-04-25","Tomato","4752","Pune(Moshi)","27","Maharashtra","521","Pune","Local","700","1000","850"
"2025-04-25","Tomato","4751","Pune(Manjri)","27","Maharashtra","521","Pune","Other","400","900","600"
"2025-04-25","Tomato","3960","Junnar(Narayangaon)","27","Maharashtra","521","Pune","Local","750","1250","1000"
"2025-04-25","Tomato","2495","Pune(Khadiki)","27","Maharashtra","521","Pune","Local","600","1300","950"
"2025-04-25","Tomato","2494","Pune(Pimpri)","27","Maharashtra","521","Pune","Local","800","1200","1000"
"2025-04-25","Tomato","2493","Khed(Chakan)","27","Maharashtra","521","Pune","Other","800","1200","1000"
"2025-04-25","Tomato","172","Pune","27","Maharashtra","521","Pune","Local","500","1200","850"
"2025-04-24","Tomato","4752","Pune(Moshi)","27","Maharashtra","521","Pune","Local","800","1000","900"
"2025-04-24","Tomato","4751","Pune(Manjri)","27","Maharashtra","521","Pune","Other","500","1200","800"
"2025-04-24","Tomato","3960","Junnar(Narayangaon)","27","Maharashtra","521","Pune","Local","750","1500","1000"
"2025-04-24","Tomato","2495","Pune(Khadiki)","27","Maharashtra","521","Pune","Local","1000","1700","1350"
"2025-04-24","Tomato","2494","Pune(Pimpri)","27","Maharashtra","521","Pune","Local","1000","1200","1100"
"2025-04-24","Tomato","2493","Khed(Chakan)","27","Maharashtra","521","Pune","Other","700","1200","1000"
"2025-04-24","Tomato","577","Manchar","27","Maharashtra","521","Pune","Other","2000","2700","2350"
"2025-04-24","Tomato","172","Pune","27","Maharashtra","521","Pune","Local","500","1200","850"
"2025-04-23","Tomato","4751","Pune(Manjri)","27","Maharashtra","521","Pune","Other","1000","1200","1100"
"2025-04-23","Tomato","2495","Pune(Khadiki)","27","Maharashtra","521","Pune","Local","1000","1600","1400"
"2025-04-23","Tomato","2494","Pune(Pimpri)","27","Maharashtra","521","Pune","Local","800","1200","1000"
"2025-04-23","Tomato","2493","Khed(Chakan)","27","Maharashtra","521","Pune","Other","1000","1500","1250"
"2025-04-23","Tomato","577","Manchar","27","Maharashtra","521","Pune","Other","1500","2250","1875"
"2025-04-23","Tomato","172","Pune","27","Maharashtra","521","Pune","Local","500","1200","850"
"2025-04-22","Tomato","4752","Pune(Moshi)","27","Maharashtra","521","Pune","Local","700","1000","850"
"2025-04-22","Tomato","4751","Pune(Manjri)","27","Maharashtra","521","Pune","Other","1000","1500","1200"
"2025-04-22","Tomato","3960","Junnar(Narayangaon)","27","Maharashtra","521","Pune","Other","750","1500","1000"
"2025-04-22","Tomato","2495","Pune(Khadiki)","27","Maharashtra","521","Pune","Local","1000","1500","1250"
"2025-04-22","Tomato","2494","Pune(Pimpri)","27","Maharashtra","521","Pune","Local","1000","1500","1250"
"2025-04-22","Tomato","2493","Khed(Chakan)","27","Maharashtra","521","Pune","Other","800","1200","1000"
"2025-04-22","Tomato","577","Manchar","27","Maharashtra","521","Pune","Other","1500","2700","2150"
"2025-04-22","Tomato","172","Pune","27","Maharashtra","521","Pune","Local","600","1200","900"
"2025-04-21","Tomato","4752","Pune(Moshi)","27","Maharashtra","521","Pune","Local","700","1000","850"
"2025-04-21","Tomato","4751","Pune(Manjri)","27","Maharashtra","521","Pune","Other","500","1500","1000"
"2025-04-21","Tomato","3960","Junnar(Narayangaon)","27","Maharashtra","521","Pune","Local","500","1250","1000"
"2025-04-21","Tomato","2495","Pune(Khadiki)","27","Maharashtra","521","Pune","Local","900","1100","1000"
"2025-04-21","Tomato","2494","Pune(Pimpri)","27","Maharashtra","521","Pune","Local","800","1200","1000"
"2025-04-21","Tomato","577","Manchar","27","Maharashtra","521","Pune","Other","1500","2700","2150"
"2025-04-21","Tomato","172","Pune","27","Maharashtra","521","Pune","Local","600","1400","1000"
"2025-04-20","Tomato","4752","Pune(Moshi)","27","Maharashtra","521","Pune","Local","700","1000","850"
"2025-04-20","Tomato","4751","Pune(Manjri)","27","Maharashtra","521","Pune","Other","900","1400","1100"
"2025-04-20","Tomato","3960","Junnar(Narayangaon)","27","Maharashtra","521","Pune","Local","500","1250","1000"
"2025-04-20","Tomato","2495","Pune(Khadiki)","27","Maharashtra","521","Pune","Local","700","1400","1050"
"2025-04-20","Tomato","2494","Pune(Pimpri)","27","Maharashtra","521","Pune","Local","800","1200","1000"
"2025-04-20","Tomato","2493","Khed(Chakan)","27","Maharashtra","521","Pune","Other","1000","1400","1200"
"2025-04-20","Tomato","172","Pune","27","Maharashtra","521","Pune","Local","600","1200","900"