t,cmdty,market_id,market_name,state_id,state_name,district_id,district_name,variety,p_min,p_max,p_modal
"2025-10-29","Potato","2493","Khed(Chakan)","27","Maharashtra","521","Pune","Other","1200","2500","1800"
"2025-10-29","Potato","2495","Pune(Khadiki)","27","Maharashtra","521","Pune","Local","1000","1200","1100"
"2025-10-29","Potato","4751","Pune(Manjri)","27","Maharashtra","521","Pune","Other","1000","2000","1500"
"2025-10-29","Potato","172","Pune","27","Maharashtra","521","Pune","Local","1300","2500","1900"
"2025-10-28","Potato","172","Pune","27","Maharashtra","521","Pune","Local","1500","2700","2100"
"2025-10-28","Potato","2493","Khed(Chakan)","27","Maharashtra","521","Pune","Other","1700","2300","2000"
"2025-10-28","Potato","2495","Pune(Khadiki)","27","Maharashtra","521","Pune","Local","1000","1200","1100"
"2025-10-28","Potato","4751","Pune(Manjri)","27","Maharashtra","521","Pune","Other","1000","2000","1600"
"2025-10-28","Potato","4752","Pune(Moshi)","27","Maharashtra","521","Pune","Local","1700","2000","1850"
"2025-10-27","Potato","2495","Pune(Khadiki)","27","Maharashtra","521","Pune","Local","1100","1200","1150"
"2025-10-27","Potato","4752","Pune(Moshi)","27","Maharashtra","521","Pune","Local","1800","1900","1850"
"2025-10-27","Potato","172","Pune","27","Maharashtra","521","Pune","Local","1800","2600","2200"
"2025-10-26","Potato","172","Pune","27","Maharashtra","521","Pune","Local","1800","2500","2150"
"2025-10-26","Potato","4752","Pune(Moshi)","27","Maharashtra","521","Pune","Local","1300","1800","1550"
"2025-10-26","Potato","4751","Pune(Manjri)","27","Maharashtra","521","Pune","Other","1000","2000","1600"
"2025-10-26","Potato","2495","Pune(Khadiki)","27","Maharashtra","521","Pune","Local","900","1200","1050"
"2025-10-25","Potato","2493","Khed(Chakan)","27","Maharashtra","521","Pune","Other","1200","2200","1800"
"2025-10-24","Potato","172","Pune","27","Maharashtra","521","Pune","Local","1400","2000","1700"
"2025-10-24","Potato","4752","Pune(Moshi)","27","Maharashtra","521","Pune","Local","1200","1700","1450"
"2025-10-24","Potato","2495","Pune(Khadiki)","27","Maharashtra","521","Pune","Local","1000","1200","1100"
"2025-10-23","Potato","4751","Pune(Manjri)","27","Maharashtra","521","Pune","Other","1000","2000","1800"
"2025-10-22","Potato","2495","Pune(Khadiki)","27","Maharashtra","521","Pune","Local","800","1200","1000"
"2025-10-22","Potato","4751","Pune(Manjri)","27","Maharashtra","521","Pune","Other","1000","2000","1500"
"2025-10-22","Potato","172","Pune","27","Maharashtra","521","Pune","Local","1300","2100","1700"
"2025-10-21","Potato","2495","Pune(Khadiki)","27","Maharashtra","521","Pune","Local","800","1200","1000"
"2025-10-21","Potato","4752","Pune(Moshi)","27","Maharashtra","521","Pune","Local","1000","1400","1200"
"2025-10-21","Potato","172","Pune","27","Maharashtra","521","Pune","Local","1400","2000","1700"
"2025-10-20","Potato","2492","Junnar(Otur)","27","Maharashtra","521","Pune","Local","500","1550","1200"
"2025-10-20","Potato","4752","Pune(Moshi)","27","Maharashtra","521","Pune","Local","1000","1300","1150"
"2025-10-20","Potato","4751","Pune(Manjri)","27","Maharashtra","521","Pune","Other","1200","2000","1600"
"2025-10-20","Potato","172","Pune","27","Maharashtra","521","Pune","Local","1200","2000","1600"
"2025-10-19","Potato","2493","Khed(Chakan)","27","Maharashtra","521","Pune","Other","1200","1800","1500"
"2025-10-19","Potato","4752","Pune(Moshi)","27","Maharashtra","521","Pune","Local","1000","1500","1250"
"2025-10-19","Potato","2495","Pune(Khadiki)","27","Maharashtra","521","Pune","Local","800","1200","1000"
"2025-10-19","Potato","172","Pune","27","Maharashtra","521","Pune","Local","1000","2100","1550"
"2025-10-18","Potato","2493","Khed(Chakan)","27","Maharashtra","521","Pune","Other","1000","2000","1500"
"2025-10-18","Potato","4752","Pune(Moshi)","27","Maharashtra","521","Pune","Local","1400","1500","1450"
"2025-10-18","Potato","4751","Pune(Manjri)","27","Maharashtra","521","Pune","Other","1500","2000","1800"
"2025-10-18","Potato","2495","Pune(Khadiki)","27","Maharashtra","521","Pune","Local","1100","1200","1150"
"2025-10-18","Potato","2492","Junnar(Otur)","27","Maharashtra","521","Pune","Local","500","1600","1200"
"2025-10-17","Potato","4752","Pune(Moshi)","27","Maharashtra","521","Pune","Local","1300","1400","1350"
"2025-10-17","Potato","2495","Pune(Khadiki)","27","Maharashtra","521","Pune","Local","700","1100","900"
"2025-10-17","Potato","2493","Khed(Chakan)","27","Maharashtra","521","Pune","Other","1200","1800","1500"
"2025-10-17","Potato","577","Manchar","27","Maharashtra","521","Pune","Other","800","1500","1200"
"2025-10-16","Potato","172","Pune","27","Maharashtra","521","Pune","Local","1200","2000","1600"
"2025-10-16","Potato","4752","Pune(Moshi)","27","Maharashtra","521","Pune","Local","1200","1500","1350"
"2025-10-16","Potato","4751","Pune(Manjri)","27","Maharashtra","521","Pune","Other","1500","2000","1800"
"2025-10-16","Potato","2495","Pune(Khadiki)","27","Maharashtra","521","Pune","Local","1200","1300","1250"
"2025-10-16","Potato","2493","Khed(Chakan)","27","Maharashtra","521","Pune","Other","1200","1800","1500"
"2025-10-16","Potato","2492","Junnar(Otur)","27","Maharashtra","521","Pune","Local","500","1700","1400"
"2025-10-15","Potato","577","Manchar","27","Maharashtra","521","Pune","Other","1000","1600","1300"
"2025-10-15","Potato","4751","Pune(Manjri)","27","Maharashtra","521","Pune","Other","1500","2500","2200"
"2025-10-15","Potato","2495","Pune(Khadiki)","27","Maharashtra","521","Pune","Local","1100","1200","1150"
"2025-10-15","Potato","2493","Khed(Chakan)","27","Maharashtra","521","Pune","Other","1000","1800","1400"
"2025-10-15","Potato","2492","Junnar(Otur)","27","Maharashtra","521","Pune","Local","1000","2510","2000"
"2025-10-15","Potato","172","Pune","27","Maharashtra","521","Pune","Local","1000","1800","1400"
"2025-10-14","Potato","577","Manchar","27","Maharashtra","521","Pune","Other","400","1500","950"
"2025-10-14","Potato","4752","Pune(Moshi)","27","Maharashtra","521","Pune","Local","1400","1500","1450"
"2025-10-14","Potato","4751","Pune(Manjri)","27","Maharashtra","521","Pune","Other","1500","2500","2200"
"2025-10-14","Potato","2495","Pune(Khadiki)","27","Maharashtra","521","Pune","Local","1100","1200","1150"
"2025-10-14","Potato","2493","Khed(Chakan)","27","Maharashtra","521","Pune","Other","1000","1800","1500"
"2025-10-14","Potato","2492","Junnar(Otur)","27","Maharashtra","521","Pune","Local","500","1600","1200"
"2025-10-14","Potato","172","Pune","27","Maharashtra","521","Pune","Local","1000","1800","1400"
"2025-10-13","Potato","2492","Junnar(Otur)","27","Maharashtra","521","Pune","Local","500","1610","1200"
"2025-10-13","Potato","4752","Pune(Moshi)","27","Maharashtra","521","Pune","Local","1100","1600","1350"
"2025-10-13","Potato","4751","Pune(Manjri)","27","Maharashtra","521","Pune","Other","1500","2500","2000"
"2025-10-13","Potato","3960","Junnar(Narayangaon)","27","Maharashtra","521","Pune","Other","500","1900","1400"
"2025-10-13","Potato","2495","Pune(Khadiki)","27","Maharashtra","521","Pune","Local","1000","1200","1100"
"2025-10-13","Potato","172","Pune","27","Maharashtra","521","Pune","Local","1000","1800","1400"
"2025-10-12","Potato","172","Pune","27","Maharashtra","521","Pune","Local","1000","1900","1450"
"2025-10-12","Potato","4752","Pune(Moshi)","27","Maharashtra","521","Pune","Local","1200","1500","1350"
"2025-10-12","Potato","4751","Pune(Manjri)","27","Maharashtra","521","Pune","Other","1500","2000","1800"
"2025-10-12","Potato","3960","Junnar(Narayangaon)","27","Maharashtra","521","Pune","Other","500","1900","1200"
"2025-10-12","Potato","2493","Khed(Chakan)","27","Maharashtra","521","Pune","Other","1000","1800","1400"
"2025-10-12","Potato","2492","Junnar(Otur)","27","Maharashtra","521","Pune","Local","500","1550","1025"
"2025-10-11","Potato","2493","Khed(Chakan)","27","Maharashtra","521","Pune","Other","1000","2000","1500"
"2025-10-10","Potato","4752","Pune(Moshi)","27","Maharashtra","521","Pune","Local","1400","1700","1550"
"2025-10-10","Potato","2493","Khed(Chakan)","27","Maharashtra","521","Pune","Other","1200","1800","1500"
"2025-10-09","Potato","2495","Pune(Khadiki)","27","Maharashtra","521","Pune","Local","1000","1300","1150"
"2025-10-09","Potato","4752","Pune(Moshi)","27","Maharashtra","521","Pune","Local","1000","1600","1300"
"2025-10-09","Potato","172","Pune","27","Maharashtra","521","Pune","Local","1000","1900","1450"
"2025-10-09","Potato","4751","Pune(Manjri)","27","Maharashtra","521","Pune","Other","1500","2000","1800"
"2025-10-09","Potato","2493","Khed(Chakan)","27","Maharashtra","521","Pune","Other","1200","1900","1400"
"2025-10-08","Potato","2493","Khed(Chakan)","27","Maharashtra","521","Pune","Other","1000","1800","1500"
"2025-10-08","Potato","4751","Pune(Manjri)","27","Maharashtra","521","Pune","Other","1500","2500","2000"
"2025-10-08","Potato","2495","Pune(Khadiki)","27","Maharashtra","521","Pune","Local","1000","1300","1150"
"2025-10-08","Potato","577","Manchar","27","Maharashtra","521","Pune","Other","300","1500","900"
"2025-10-08","Potato","172","Pune","27","Maharashtra","521","Pune","Local","1100","2000","1550"
"2025-10-07","Potato","172","Pune","27","Maharashtra","521","Pune","Local","1000","2100","1550"
"2025-10-07","Potato","4752","Pune(Moshi)","27","Maharashtra","521","Pune","Local","1300","1600","1450"
"2025-10-07","Potato","4751","Pune(Manjri)","27","Maharashtra","521","Pune","Other","1500","2000","1800"
"2025-10-07","Potato","2495","Pune(Khadiki)","27","Maharashtra","521","Pune","Local","800","1300","1050"
"2025-10-07","Potato","2493","Khed(Chakan)","27","Maharashtra","521","Pune","Other","1000","1800","1500"
"2025-10-07","Potato","2492","Junnar(Otur)","27","Maharashtra","521","Pune","Local","500","1700","1200"
"2025-10-07","Potato","577","Manchar","27","Maharashtra","521","Pune","Other","850","1500","1180"
"2025-10-06","Potato","577","Manchar","27","Maharashtra","521","Pune","Other","1000","1500","1300"
"2025-10-06","Potato","4752","Pune(Moshi)","27","Maharashtra","521","Pune","Local","1400","1600","1500"
"2025-10-06","Potato","4751","Pune(Manjri)","27","Maharashtra","521","Pune","Other","1500","2000","1800"
"2025-10-06","Potato","3960","Junnar(Narayangaon)","27","Maharashtra","521","Pune","Other","1500","1750","1600"
"2025-10-06","Potato","2495","Pune(Khadiki)","27","Maharashtra","521","Pune","Local","1000","1300","1150"
"2025-10-06","Potato","2492","Junnar(Otur)","27","Maharashtra","521","Pune","Local","500","1750","1300"
"2025-10-06","Potato","172","Pune","27","Maharashtra","521","Pune","Local","1000","2100","1550"
"2025-10-05","Potato","2492","Junnar(Otur)","27","Maharashtra","521","Pune","Local","500","1700","1300"
"2025-10-05","Potato","4752","Pune(Moshi)","27","Maharashtra","521","Pune","Local","1400","1600","1500"
"2025-10-05","Potato","4751","Pune(Manjri)","27","Maharashtra","521","Pune","Other","1500","2000","1800"
"2025-10-05","Potato","3960","Junnar(Narayangaon)","27","Maharashtra","521","Pune","Other","1300","1900","1500"
"2025-10-05","Potato","2495","Pune(Khadiki)","27","Maharashtra","521","Pune","Local","1200","1200","1200"
"2025-10-05","Potato","172","Pune","27","Maharashtra","521","Pune","Local","1000","2100","1550"
"2025-10-04","Potato","2495","Pune(Khadiki)","27","Maharashtra","521","Pune","Local","1100","1200","1150"
"2025-10-04","Potato","4752","Pune(Moshi)","27","Maharashtra","521","Pune","Local","1300","1600","1450"
"2025-10-04","Potato","4751","Pune(Manjri)","27","Maharashtra","521","Pune","Other","1500","2500","2000"
"2025-10-04","Potato","3960","Junnar(Narayangaon)","27","Maharashtra","521","Pune","Other","1200","1900","1500"
"2025-10-04","Potato","2492","Junnar(Otur)","27","Maharashtra","521","Pune","Local","500","1720","1200"
"2025-10-03","Potato","577","Manchar","27","Maharashtra","521","Pune","Other","1200","2100","1700"
"2025-10-03","Potato","4751","Pune(Manjri)","27","Maharashtra","521","Pune","Other","1500","2200","1800"
"2025-10-03","Potato","2495","Pune(Khadiki)","27","Maharashtra","521","Pune","Local","1100","1200","1150"
"2025-10-03","Potato","2493","Khed(Chakan)","27","Maharashtra","521","Pune","Other","1200","1800","1500"
"2025-10-03","Potato","172","Pune","27","Maharashtra","521","Pune","Local","900","2100","1500"
"2025-10-02","Potato","2492","Junnar(Otur)","27","Maharashtra","521","Pune","Local","500","1700","1500"
"2025-10-02","Potato","4752","Pune(Moshi)","27","Maharashtra","521","Pune","Local","1300","1600","1450"
"2025-10-02","Potato","4751","Pune(Manjri)","27","Maharashtra","521","Pune","Other","1500","2000","1800"
"2025-10-02","Potato","2495","Pune(Khadiki)","27","Maharashtra","521","Pune","Local","1000","1300","1150"
"2025-10-02","Potato","2493","Khed(Chakan)","27","Maharashtra","521","Pune","Other","1200","1800","1500"
"2025-10-02","Potato","172","Pune","27","Maharashtra","521","Pune","Local","800","2100","1450"
"2025-10-01","Potato","2493","Khed(Chakan)","27","Maharashtra","521","Pune","Other","1200","1800","1500"
"2025-10-01","Potato","172","Pune","27","Maharashtra","521","Pune","Local","900","2100","1500"
"2025-09-30","Potato","2492","Junnar(Otur)","27","Maharashtra","521","Pune","Local","500","1650","1200"
"2025-09-30","Potato","4752","Pune(Moshi)","27","Maharashtra","521","Pune","Local","1400","1500","1450"
"2025-09-30","Potato","4751","Pune(Manjri)","27","Maharashtra","521","Pune","Other","1500","2000","1800"
"2025-09-30","Potato","2495","Pune(Khadiki)","27","Maharashtra","521","Pune","Local","1200","1400","1300"
"2025-09-30","Potato","172","Pune","27","Maharashtra","521","Pune","Local","1000","1800","1400"
"2025-09-29","Potato","172","Pune","27","Maharashtra","521","Pune","Local","1200","2200","1700"
"2025-09-29","Potato","4752","Pune(Moshi)","27","Maharashtra","521","Pune","Local","1400","1600","1500"
"2025-09-29","Potato","4751","Pune(Manjri)","27","Maharashtra","521","Pune","Other","1500","2500","2200"
"2025-09-29","Potato","3960","Junnar(Narayangaon)","27","Maharashtra","521","Pune","Other","1100","1800","1500"
"2025-09-29","Potato","2492","Junnar(Otur)","27","Maharashtra","521","Pune","Local","500","1600","1200"
"2025-09-28","Potato","2495","Pune(Khadiki)","27","Maharashtra","521","Pune","Local","800","1200","1000"
"2025-09-28","Potato","4752","Pune(Moshi)","27","Maharashtra","521","Pune","Local","1300","1600","1450"
"2025-09-28","Potato","172","Pune","27","Maharashtra","521","Pune","Local","1200","2100","1650"
"2025-09-27","Potato","2493","Khed(Chakan)","27","Maharashtra","521","Pune","Other","1200","2000","1600"
"2025-09-27","Potato","4752","Pune(Moshi)","27","Maharashtra","521","Pune","Local","1400","1600","1500"
"2025-09-27","Potato","4751","Pune(Manjri)","27","Maharashtra","521","Pune","Other","1500","2000","1800"
"2025-09-27","Potato","3960","Junnar(Narayangaon)","27","Maharashtra","521","Pune","Other","1100","2000","1600"
"2025-09-27","Potato","2495","Pune(Khadiki)","27","Maharashtra","521","Pune","Local","900","1500","1200"
"2025-09-27","Potato","2492","Junnar(Otur)","27","Maharashtra","521","Pune","Local","500","1530","1200"
"2025-09-26","Potato","2493","Khed(Chakan)","27","Maharashtra","521","Pune","Other","1200","1800","1500"
"2025-09-26","Potato","4752","Pune(Moshi)","27","Maharashtra","521","Pune","Local","1400","1600","1500"
"2025-09-26","Potato","2495","Pune(Khadiki)","27","Maharashtra","521","Pune","Local","1000","1400","1200"
"2025-09-26","Potato","172","Pune","27","Maharashtra","521","Pune","Local","1200","1800","1500"
"2025-09-25","Potato","3960","Junnar(Narayangaon)","27","Maharashtra","521","Pune","Other","1000","2000","1600"
"2025-09-25","Potato","4752","Pune(Moshi)","27","Maharashtra","521","Pune","Local","1400","1700","1550"
"2025-09-25","Potato","4751","Pune(Manjri)","27","Maharashtra","521","Pune","Other","1500","2500","2000"
"2025-09-25","Potato","2495","Pune(Khadiki)","27","Maharashtra","521","Pune","Local","1000","1500","1250"
"2025-09-25","Potato","2493","Khed(Chakan)","27","Maharashtra","521","Pune","Other","1200","1800","1500"
"2025-09-25","Potato","2492","Junnar(Otur)","27","Maharashtra","521","Pune","Local","500","1800","1200"
"2025-09-25","Potato","172","Pune","27","Maharashtra","521","Pune","Local","1300","2300","1800"
"2025-09-24","Potato","172","Pune","27","Maharashtra","521","Pune","Local","1400","2200","1800"
"2025-09-24","Potato","4751","Pune(Manjri)","27","Maharashtra","521","Pune","Other","1500","2500","2300"
"2025-09-24","Potato","2495","Pune(Khadiki)","27","Maharashtra","521","Pune","Local","1000","1500","1250"
"2025-09-24","Potato","2493","Khed(Chakan)","27","Maharashtra","521","Pune","Other","1200","1800","1500"
"2025-09-24","Potato","2492","Junnar(Otur)","27","Maharashtra","521","Pune","Local","500","1650","1200"
"2025-09-24","Potato","577","Manchar","27","Maharashtra","521","Pune","Other","1000","1800","1400"
"2025-09-23","Potato","2492","Junnar(Otur)","27","Maharashtra","521","Pune","Local","500","2020","1400"
"2025-09-23","Potato","4752","Pune(Moshi)","27","Maharashtra","521","Pune","Local","1300","1600","1450"
"2025-09-23","Potato","4751","Pune(Manjri)","27","Maharashtra","521","Pune","Other","1500","2500","2000"
"2025-09-23","Potato","2495","Pune(Khadiki)","27","Maharashtra","521","Pune","Local","1000","2500","1250"
"2025-09-23","Potato","2493","Khed(Chakan)","27","Maharashtra","521","Pune","Other","1000","1800","1400"
"2025-09-23","Potato","172","Pune","27","Maharashtra","521","Pune","Local","1200","2000","1600"
"2025-09-22","Potato","172","Pune","27","Maharashtra","521","Pune","Local","1200","1800","1500"
"2025-09-22","Potato","3960","Junnar(Narayangaon)","27","Maharashtra","521","Pune","Other","1600","1800","1700"
"2025-09-22","Potato","4752","Pune(Moshi)","27","Maharashtra","521","Pune","Local","1300","1500","1400"
"2025-09-22","Potato","4751","Pune(Manjri)","27","Maharashtra","521","Pune","Other","1500","2500","2200"
"2025-09-22","Potato","2492","Junnar(Otur)","27","Maharashtra","521","Pune","Local","500","1400","1100"
"2025-09-21","Potato","2495","Pune(Khadiki)","27","Maharashtra","521","Pune","Local","1000","1400","1200"
"2025-09-21","Potato","4752","Pune(Moshi)","27","Maharashtra","521","Pune","Local","1300","1500","1400"
"2025-09-21","Potato","4751","Pune(Manjri)","27","Maharashtra","521","Pune","Other","1500","2500","2200"
"2025-09-21","Potato","3960","Junnar(Narayangaon)","27","Maharashtra","521","Pune","Other","1300","1700","1500"
"2025-09-21","Potato","2493","Khed(Chakan)","27","Maharashtra","521","Pune","Other","1000","1800","1400"
"2025-09-21","Potato","2492","Junnar(Otur)","27","Maharashtra","521","Pune","Local","500","1400","950"
"2025-09-21","Potato","172","Pune","27","Maharashtra","521","Pune","Local","1200","1800","1500"
"2025-09-20","Potato","2492","Junnar(Otur)","27","Maharashtra","521","Pune","Local","500","1400","1200"
"2025-09-20","Potato","4751","Pune(Manjri)","27","Maharashtra","521","Pune","Other","1500","2500","2000"
"2025-09-20","Potato","2495","Pune(Khadiki)","27","Maharashtra","521","Pune","Local","1200","1500","1350"
"2025-09-20","Potato","4752","Pune(Moshi)","27","Maharashtra","521","Pune","Local","1200","1600","1400"
"2025-09-19","Potato","2495","Pune(Khadiki)","27","Maharashtra","521","Pune","Local","1100","1500","1300"
"2025-09-19","Potato","2493","Khed(Chakan)","27","Maharashtra","521","Pune","Other","1000","1700","1400"
"2025-09-19","Potato","172","Pune","27","Maharashtra","521","Pune","Local","1000","1800","1400"
"2025-09-19","Potato","2492","Junnar(Otur)","27","Maharashtra","521","Pune","Local","500","1400","850"
"2025-09-19","Potato","4752","Pune(Moshi)","27","Maharashtra","521","Pune","Local","1300","1600","1450"
"2025-09-19","Potato","4751","Pune(Manjri)","27","Maharashtra","521","Pune","Other","1000","2000","1500"
"2025-09-19","Potato","3960","Junnar(Narayangaon)","27","Maharashtra","521","Pune","Other","1200","1800","1500"
"2025-09-18","Potato","2492","Junnar(Otur)","27","Maharashtra","521","Pune","Local","500","1610","1000"
"2025-09-18","Potato","4752","Pune(Moshi)","27","Maharashtra","521","Pune","Local","1000","1800","1400"
"2025-09-18","Potato","4751","Pune(Manjri)","27","Maharashtra","521","Pune","Other","1500","2000","1800"
"2025-09-18","Potato","2493","Khed(Chakan)","27","Maharashtra","521","Pune","Other","1000","1700","1500"
"2025-09-18","Potato","172","Pune","27","Maharashtra","521","Pune","Local","1000","1800","1400"
"2025-09-17","Potato","2492","Junnar(Otur)","27","Maharashtra","521","Pune","Local","500","1550","1200"
"2025-09-17","Potato","4751","Pune(Manjri)","27","Maharashtra","521","Pune","Other","1500","2500","2000"
"2025-09-17","Potato","2493","Khed(Chakan)","27","Maharashtra","521","Pune","Other","1200","1800","1400"
"2025-09-17","Potato","172","Pune","27","Maharashtra","521","Pune","Local","800","1800","1300"
"2025-09-16","Potato","577","Manchar","27","Maharashtra","521","Pune","Other","1000","1300","1200"
"2025-09-16","Potato","4752","Pune(Moshi)","27","Maharashtra","521","Pune","Local","1400","1500","1450"
"2025-09-16","Potato","4751","Pune(Manjri)","27","Maharashtra","521","Pune","Other","1500","2500","2000"
"2025-09-16","Potato","2495","Pune(Khadiki)","27","Maharashtra","521","Pune","Local","1000","1400","1200"
"2025-09-16","Potato","2493","Khed(Chakan)","27","Maharashtra","521","Pune","Other","1100","1800","1500"
"2025-09-16","Potato","172","Pune","27","Maharashtra","521","Pune","Local","800","1800","1300"
"2025-09-15","Potato","577","Manchar","27","Maharashtra","521","Pune","Other","850","1500","1200"
"2025-09-15","Potato","4752","Pune(Moshi)","27","Maharashtra","521","Pune","Local","1400","1600","1500"
"2025-09-15","Potato","4751","Pune(Manjri)","27","Maharashtra","521","Pune","Other","1500","2500","2000"
"2025-09-15","Potato","3960","Junnar(Narayangaon)","27","Maharashtra","521","Pune","Other","1000","1700","1300"
"2025-09-15","Potato","2495","Pune(Khadiki)","27","Maharashtra","521","Pune","Local","1000","1300","1150"
"2025-09-15","Potato","2492","Junnar(Otur)","27","Maharashtra","521","Pune","Local","300","1300","1000"
"2025-09-15","Potato","172","Pune","27","Maharashtra","521","Pune","Local","1000","1800","1400"
"2025-09-14","Potato","1455","Junnar","27","Maharashtra","521","Pune","Local","1400","1800","1600"
"2025-09-14","Potato","4752","Pune(Moshi)","27","Maharashtra","521","Pune","Local","1400","1600","1500"
"2025-09-14","Potato","4751","Pune(Manjri)","27","Maharashtra","521","Pune","Other","1500","2500","2000"
"2025-09-14","Potato","2495","Pune(Khadiki)","27","Maharashtra","521","Pune","Local","1100","1500","1300"
"2025-09-14","Potato","2492","Junnar(Otur)","27","Maharashtra","521","Pune","Local","500","1400","1100"
"2025-09-14","Potato","172","Pune","27","Maharashtra","521","Pune","Local","1000","1900","1450"
"2025-09-13","Potato","4752","Pune(Moshi)","27","Maharashtra","521","Pune","Local","1300","1400","1350"
"2025-09-13","Potato","4751","Pune(Manjri)","27","Maharashtra","521","Pune","Other","1000","2000","1500"
"2025-09-13","Potato","3960","Junnar(Narayangaon)","27","Maharashtra","521","Pune","Other","1700","1800","1750"
"2025-09-13","Potato","2495","Pune(Khadiki)","27","Maharashtra","521","Pune","Local","1100","1500","1300"
"2025-09-13","Potato","2493","Khed(Chakan)","27","Maharashtra","521","Pune","Other","1100","2000","1500"
"2025-09-13","Potato","2492","Junnar(Otur)","27","Maharashtra","521","Pune","Local","500","1700","1300"
"2025-09-12","Potato","2495","Pune(Khadiki)","27","Maharashtra","521","Pune","Local","1000","1500","1250"
"2025-09-12","Potato","2493","Khed(Chakan)","27","Maharashtra","521","Pune","Other","700","1400","1200"
"2025-09-12","Potato","172","Pune","27","Maharashtra","521","Pune","Local","1200","1900","1650"
"2025-09-12","Potato","4752","Pune(Moshi)","27","Maharashtra","521","Pune","Local","1300","1400","1350"
"2025-09-12","Potato","4751","Pune(Manjri)","27","Maharashtra","521","Pune","Other","1500","2000","1800"
"2025-09-11","Potato","2492","Junnar(Otur)","27","Maharashtra","521","Pune","Local","500","1452","1000"
"2025-09-11","Potato","577","Manchar","27","Maharashtra","521","Pune","Local","1000","1000","1000"
"2025-09-11","Potato","172","Pune","27","Maharashtra","521","Pune","Local","1200","2000","1600"
"2025-09-11","Potato","4752","Pune(Moshi)","27","Maharashtra","521","Pune","Local","1300","1700","1500"
"2025-09-11","Potato","4751","Pune(Manjri)","27","Maharashtra","521","Pune","Other","1500","2500","2000"
"2025-09-11","Potato","3960","Junnar(Narayangaon)","27","Maharashtra","521","Pune","Other","1500","1700","1600"
"2025-09-11","Potato","2495","Pune(Khadiki)","27","Maharashtra","521","Pune","Local","1000","1400","1200"
"2025-09-11","Potato","2493","Khed(Chakan)","27","Maharashtra","521","Pune","Other","1200","1800","1500"
"2025-09-10","Potato","4751","Pune(Manjri)","27","Maharashtra","521","Pune","Other","1500","2500","2200"
"2025-09-10","Potato","2495","Pune(Khadiki)","27","Maharashtra","521","Pune","Local","1100","1400","1250"
"2025-09-10","Potato","2493","Khed(Chakan)","27","Maharashtra","521","Pune","Other","1200","1800","1500"
"2025-09-10","Potato","172","Pune","27","Maharashtra","521","Pune","Local","1300","2000","1650"
"2025-09-09","Potato","4752","Pune(Moshi)","27","Maharashtra","521","Pune","Local","1000","1400","1200"
"2025-09-09","Potato","4751","Pune(Manjri)","27","Maharashtra","521","Pune","Other","1500","2000","1800"
"2025-09-09","Potato","2495","Pune(Khadiki)","27","Maharashtra","521","Pune","Local","1000","1300","1150"
"2025-09-09","Potato","2493","Khed(Chakan)","27","Maharashtra","521","Pune","Other","1200","1800","1400"
"2025-09-09","Potato","172","Pune","27","Maharashtra","521","Pune","Local","1200","2000","1600"
"2025-09-08","Potato","4752","Pune(Moshi)","27","Maharashtra","521","Pune","Local","1000","1600","1300"
"2025-09-08","Potato","4751","Pune(Manjri)","27","Maharashtra","521","Pune","Other","1500","2500","2000"
"2025-09-08","Potato","3960","Junnar(Narayangaon)","27","Maharashtra","521","Pune","Other","800","1800","1400"
"2025-09-08","Potato","2495","Pune(Khadiki)","27","Maharashtra","521","Pune","Local","1000","1200","1100"
"2025-09-08","Potato","2492","Junnar(Otur)","27","Maharashtra","521","Pune","Local","700","1600","1300"
"2025-09-08","Potato","172","Pune","27","Maharashtra","521","Pune","Local","1500","1900","1700"
"2025-09-07","Potato","2492","Junnar(Otur)","27","Maharashtra","521","Pune","Local","800","1600","1300"
"2025-09-06","Potato","4752","Pune(Moshi)","27","Maharashtra","521","Pune","Local","1300","1500","1400"
"2025-09-06","Potato","4751","Pune(Manjri)","27","Maharashtra","521","Pune","Other","1500","2500","2000"
"2025-09-05","Potato","2493","Khed(Chakan)","27","Maharashtra","521","Pune","Other","1000","1800","1400"
"2025-09-05","Potato","4752","Pune(Moshi)","27","Maharashtra","521","Pune","Local","1400","1400","1400"
"2025-09-05","Potato","4751","Pune(Manjri)","27","Maharashtra","521","Pune","Other","1500","2500","2000"
"2025-09-05","Potato","2495","Pune(Khadiki)","27","Maharashtra","521","Pune","Local","1000","1300","1150"
"2025-09-05","Potato","172","Pune","27","Maharashtra","521","Pune","Local","1200","1800","1500"
"2025-09-04","Potato","172","Pune","27","Maharashtra","521","Pune","Local","1000","1800","1400"
"2025-09-04","Potato","4752","Pune(Moshi)","27","Maharashtra","521","Pune","Local","1200","1500","1350"
"2025-09-04","Potato","4751","Pune(Manjri)","27","Maharashtra","521","Pune","Other","1000","2000","1500"
"2025-09-04","Potato","3960","Junnar(Narayangaon)","27","Maharashtra","521","Pune","Other","1600","1800","1700"
"2025-09-04","Potato","2495","Pune(Khadiki)","27","Maharashtra","521","Pune","Local","1000","1300","1150"
"2025-09-04","Potato","2493","Khed(Chakan)","27","Maharashtra","521","Pune","Other","1100","1800","1500"
"2025-09-04","Potato","2492","Junnar(Otur)","27","Maharashtra","521","Pune","Local","500","1300","950"
"2025-09-03","Potato","4751","Pune(Manjri)","27","Maharashtra","521","Pune","Other","1000","2000","1500"
"2025-09-03","Potato","2495","Pune(Khadiki)","27","Maharashtra","521","Pune","Local","1000","1300","1150"
"2025-09-03","Potato","2493","Khed(Chakan)","27","Maharashtra","521","Pune","Other","1200","1800","1500"
"2025-09-03","Potato","577","Manchar","27","Maharashtra","521","Pune","Other","1000","1000","1000"
"2025-09-03","Potato","172","Pune","27","Maharashtra","521","Pune","Local","1000","1900","1450"
"2025-09-02","Potato","4752","Pune(Moshi)","27","Maharashtra","521","Pune","Local","1200","1500","1350"
"2025-09-02","Potato","4751","Pune(Manjri)","27","Maharashtra","521","Pune","Other","1500","2500","2000"
"2025-09-02","Potato","2495","Pune(Khadiki)","27","Maharashtra","521","Pune","Local","900","1200","1050"
"2025-09-02","Potato","2493","Khed(Chakan)","27","Maharashtra","521","Pune","Other","1000","1800","1500"
"2025-09-02","Potato","172","Pune","27","Maharashtra","521","Pune","Local","1000","1900","1450"
"2025-09-01","Potato","4752","Pune(Moshi)","27","Maharashtra","521","Pune","Local","1300","1600","1450"
"2025-09-01","Potato","4751","Pune(Manjri)","27","Maharashtra","521","Pune","Other","1500","2000","1800"
"2025-09-01","Potato","2495","Pune(Khadiki)","27","Maharashtra","521","Pune","Local","1000","1300","1150"
"2025-09-01","Potato","172","Pune","27","Maharashtra","521","Pune","Local","1000","1900","1450"
"2025-08-31","Potato","4752","Pune(Moshi)","27","Maharashtra","521","Pune","Local","1300","1600","1450"
"2025-08-31","Potato","2495","Pune(Khadiki)","27","Maharashtra","521","Pune","Local","1000","1300","1150"
"2025-08-31","Potato","2493","Khed(Chakan)","27","Maharashtra","521","Pune","Other","1200","1800","1500"
"2025-08-31","Potato","172","Pune","27","Maharashtra","521","Pune","Local","1000","1900","1450"
"2025-08-30","Potato","4752","Pune(Moshi)","27","Maharashtra","521","Pune","Local","1200","1400","1300"
"2025-08-29","Potato","4752","Pune(Moshi)","27","Maharashtra","521","Pune","Local","1200","1400","1300"
"2025-08-29","Potato","2495","Pune(Khadiki)","27","Maharashtra","521","Pune","Local","1000","1300","1150"
"2025-08-29","Potato","2493","Khed(Chakan)","27","Maharashtra","521","Pune","Other","1200","1800","1500"
"2025-08-28","Potato","4752","Pune(Moshi)","27","Maharashtra","521","Pune","Local","1300","1500","1400"
"2025-08-28","Potato","4751","Pune(Manjri)","27","Maharashtra","521","Pune","Other","1500","2500","2000"
"2025-08-28","Potato","2495","Pune(Khadiki)","27","Maharashtra","521","Pune","Local","800","1300","1050"
"2025-08-28","Potato","2493","Khed(Chakan)","27","Maharashtra","521","Pune","Other","1200","1800","1500"
"2025-08-28","Potato","2492","Junnar(Otur)","27","Maharashtra","521","Pune","Local","500","1700","1200"
"2025-08-28","Potato","172","Pune","27","Maharashtra","521","Pune","Local","800","2000","1400"
"2025-08-27","Potato","4751","Pune(Manjri)","27","Maharashtra","521","Pune","Other","1000","2000","1500"
"2025-08-27","Potato","2495","Pune(Khadiki)","27","Maharashtra","521","Pune","Local","1000","1300","1150"
"2025-08-27","Potato","2493","Khed(Chakan)","27","Maharashtra","521","Pune","Other","1200","1800","1500"
"2025-08-27","Potato","172","Pune","27","Maharashtra","521","Pune","Local","800","2000","1400"
"2025-08-26","Potato","4752","Pune(Moshi)","27","Maharashtra","521","Pune","Local","1000","1400","1200"
"2025-08-26","Potato","4751","Pune(Manjri)","27","Maharashtra","521","Pune","Other","1500","2500","2000"
"2025-08-26","Potato","2495","Pune(Khadiki)","27","Maharashtra","521","Pune","Local","800","1200","1000"
"2025-08-26","Potato","2493","Khed(Chakan)","27","Maharashtra","521","Pune","Other","1200","1800","1500"
"2025-08-26","Potato","172","Pune","27","Maharashtra","521","Pune","Local","1000","2000","1500"
"2025-08-25","Potato","4752","Pune(Moshi)","27","Maharashtra","521","Pune","Local","1300","1400","1350"
"2025-08-25","Potato","4751","Pune(Manjri)","27","Maharashtra","521","Pune","Other","1000","2000","1500"
"2025-08-25","Potato","2495","Pune(Khadiki)","27","Maharashtra","521","Pune","Local","1000","1300","1150"
"2025-08-25","Potato","172","Pune","27","Maharashtra","521","Pune","Local","1200","2000","1600"
"2025-08-24","Potato","4752","Pune(Moshi)","27","Maharashtra","521","Pune","Local","1300","1600","1450"
"2025-08-24","Potato","2495","Pune(Khadiki)","27","Maharashtra","521","Pune","Local","1000","1300","1150"
"2025-08-24","Potato","2493","Khed(Chakan)","27","Maharashtra","521","Pune","Other","1200","1800","1500"
"2025-08-24","Potato","172","Pune","27","Maharashtra","521","Pune","Local","1000","1900","1450"
"2025-08-23","Potato","4752","Pune(Moshi)","27","Maharashtra","521","Pune","Local","1300","1400","1350"
"2025-08-23","Potato","4751","Pune(Manjri)","27","Maharashtra","521","Pune","Other","1500","2000","1800"
"2025-08-23","Potato","3960","Junnar(Narayangaon)","27","Maharashtra","521","Pune","Other","1000","1500","1300"
"2025-08-22","Potato","4752","Pune(Moshi)","27","Maharashtra","521","Pune","Local","1300","1400","1350"
"2025-08-22","Potato","2495","Pune(Khadiki)","27","Maharashtra","521","Pune","Local","1000","1300","1150"
"2025-08-22","Potato","2493","Khed(Chakan)","27","Maharashtra","521","Pune","Other","1200","1700","1500"
"2025-08-22","Potato","172","Pune","27","Maharashtra","521","Pune","Local","1000","1900","1450"
"2025-08-21","Potato","4752","Pune(Moshi)","27","Maharashtra","521","Pune","Local","1100","1600","1350"
"2025-08-21","Potato","4751","Pune(Manjri)","27","Maharashtra","521","Pune","Other","1000","2000","1500"
"2025-08-21","Potato","3960","Junnar(Narayangaon)","27","Maharashtra","521","Pune","Other","1000","1700","1500"
"2025-08-21","Potato","2495","Pune(Khadiki)","27","Maharashtra","521","Pune","Local","1000","1300","1150"
"2025-08-21","Potato","172","Pune","27","Maharashtra","521","Pune","Local","1000","1900","1450"
"2025-08-20","Potato","4751","Pune(Manjri)","27","Maharashtra","521","Pune","Other","1200","2000","1800"
"2025-08-20","Potato","2495","Pune(Khadiki)","27","Maharashtra","521","Pune","Local","1000","1300","1150"
"2025-08-20","Potato","2493","Khed(Chakan)","27","Maharashtra","521","Pune","Other","1200","1700","1500"
"2025-08-20","Potato","172","Pune","27","Maharashtra","521","Pune","Local","1000","1900","1450"
"2025-08-19","Potato","4752","Pune(Moshi)","27","Maharashtra","521","Pune","Local","1200","1500","1350"
"2025-08-19","Potato","4751","Pune(Manjri)","27","Maharashtra","521","Pune","Other","1500","2000","1800"
"2025-08-19","Potato","172","Pune","27","Maharashtra","521","Pune","Local","1200","1800","1500"
"2025-08-18","Potato","4752","Pune(Moshi)","27","Maharashtra","521","Pune","Local","1200","1500","1350"
"2025-08-18","Potato","172","Pune","27","Maharashtra","521","Pune","Local","1200","1800","1500"
"2025-08-17","Potato","4752","Pune(Moshi)","27","Maharashtra","521","Pune","Local","1200","1700","1450"
"2025-08-17","Potato","4751","Pune(Manjri)","27","Maharashtra","521","Pune","Other","1500","2500","2200"
"2025-08-17","Potato","3960","Junnar(Narayangaon)","27","Maharashtra","521","Pune","Other","1500","1700","1700"
"2025-08-17","Potato","2495","Pune(Khadiki)","27","Maharashtra","521","Pune","Local","1000","1400","1200"
"2025-08-17","Potato","2493","Khed(Chakan)","27","Maharashtra","521","Pune","Other","1200","1800","1500"
"2025-08-17","Potato","172","Pune","27","Maharashtra","521","Pune","Local","1200","1800","1500"
"2025-08-16","Potato","4752","Pune(Moshi)","27","Maharashtra","521","Pune","Local","1000","1300","1150"
"2025-08-16","Potato","4751","Pune(Manjri)","27","Maharashtra","521","Pune","Other","1500","2500","2200"
"2025-08-16","Potato","2495","Pune(Khadiki)","27","Maharashtra","521","Pune","Local","1000","1400","1200"
"2025-08-16","Potato","2493","Khed(Chakan)","27","Maharashtra","521","Pune","Other","1200","2000","1600"
"2025-08-14","Potato","4752","Pune(Moshi)","27","Maharashtra","521","Pune","Local","1300","1600","1450"
"2025-08-14","Potato","4751","Pune(Manjri)","27","Maharashtra","521","Pune","Other","1500","2000","1800"
"2025-08-14","Potato","2495","Pune(Khadiki)","27","Maharashtra","521","Pune","Local","1000","1400","1200"
"2025-08-14","Potato","2493","Khed(Chakan)","27","Maharashtra","521","Pune","Other","1200","2000","1500"
"2025-08-14","Potato","172","Pune","27","Maharashtra","521","Pune","Local","1300","1900","1600"
"2025-08-13","Potato","4751","Pune(Manjri)","27","Maharashtra","521","Pune","Other","1500","2000","1800"
"2025-08-13","Potato","3960","Junnar(Narayangaon)","27","Maharashtra","521","Pune","Other","500","2100","1500"
"2025-08-13","Potato","2495","Pune(Khadiki)","27","Maharashtra","521","Pune","Local","1000","1400","1200"
"2025-08-13","Potato","172","Pune","27","Maharashtra","521","Pune","Local","1200","1800","1500"
"2025-08-13","Potato","2493","Khed(Chakan)","27","Maharashtra","521","Pune","Other","1100","1800","1500"
"2025-08-13","Potato","577","Manchar","27","Maharashtra","521","Pune","Other","1200","1200","1200"
"2025-08-12","Potato","172","Pune","27","Maharashtra","521","Pune","Local","1200","1800","1500"
"2025-08-12","Potato","2493","Khed(Chakan)","27","Maharashtra","521","Pune","Other","1300","1800","1500"
"2025-08-12","Potato","2495","Pune(Khadiki)","27","Maharashtra","521","Pune","Local","1000","1400","1200"
"2025-08-12","Potato","4751","Pune(Manjri)","27","Maharashtra","521","Pune","Other","1500","2500","2000"
"2025-08-12","Potato","4752","Pune(Moshi)","27","Maharashtra","521","Pune","Local","1400","1600","1500"
"2025-08-11","Potato","2495","Pune(Khadiki)","27","Maharashtra","521","Pune","Local","1200","1400","1300"
"2025-08-11","Potato","4751","Pune(Manjri)","27","Maharashtra","521","Pune","Other","1500","2500","2000"
"2025-08-11","Potato","4752","Pune(Moshi)","27","Maharashtra","521","Pune","Local","1200","1400","1300"
"2025-08-11","Potato","172","Pune","27","Maharashtra","521","Pune","Local","1200","1800","1500"
"2025-08-10","Potato","2493","Khed(Chakan)","27","Maharashtra","521","Pune","Other","1200","1800","1400"
"2025-08-10","Potato","172","Pune","27","Maharashtra","521","Pune","Local","1200","1800","1500"
"2025-08-10","Potato","4752","Pune(Moshi)","27","Maharashtra","521","Pune","Local","1200","1400","1300"
"2025-08-10","Potato","4751","Pune(Manjri)","27","Maharashtra","521","Pune","Other","1200","1800","1500"
"2025-08-10","Potato","2495","Pune(Khadiki)","27","Maharashtra","521","Pune","Local","1100","1400","1250"
"2025-08-09","Potato","2493","Khed(Chakan)","27","Maharashtra","521","Pune","Other","1000","1800","1500"
"2025-08-08","Potato","2493","Khed(Chakan)","27","Maharashtra","521","Pune","Other","1200","1800","1500"
"2025-08-08","Potato","4752","Pune(Moshi)","27","Maharashtra","521","Pune","Local","1200","1600","1400"
"2025-08-08","Potato","172","Pune","27","Maharashtra","521","Pune","Local","1200","1800","1500"
"2025-08-07","Potato","2493","Khed(Chakan)","27","Maharashtra","521","Pune","Other","1200","1800","1500"
"2025-08-07","Potato","4752","Pune(Moshi)","27","Maharashtra","521","Pune","Local","1200","1500","1350"
"2025-08-07","Potato","4751","Pune(Manjri)","27","Maharashtra","521","Pune","Other","1500","2500","2000"
"2025-08-07","Potato","3960","Junnar(Narayangaon)","27","Maharashtra","521","Pune","Other","800","1600","1100"
"2025-08-07","Potato","2495","Pune(Khadiki)","27","Maharashtra","521","Pune","Local","1000","1500","1250"
"2025-08-07","Potato","172","Pune","27","Maharashtra","521","Pune","Local","1000","1700","1350"
"2025-08-06","Potato","2493","Khed(Chakan)","27","Maharashtra","521","Pune","Other","1200","1800","1500"
"2025-08-06","Potato","4751","Pune(Manjri)","27","Maharashtra","521","Pune","Other","1200","2000","1800"
"2025-08-06","Potato","2495","Pune(Khadiki)","27","Maharashtra","521","Pune","Local","1200","1400","1300"
"2025-08-06","Potato","172","Pune","27","Maharashtra","521","Pune","Local","1000","1700","1350"
"2025-08-05","Potato","172","Pune","27","Maharashtra","521","Pune","Local","1000","1700","1350"
"2025-08-05","Potato","4752","Pune(Moshi)","27","Maharashtra","521","Pune","Local","1200","1400","1300"
"2025-08-05","Potato","4751","Pune(Manjri)","27","Maharashtra","521","Pune","Other","1500","2000","1800"
"2025-08-05","Potato","2495","Pune(Khadiki)","27","Maharashtra","521","Pune","Local","1200","1400","1300"
"2025-08-05","Potato","2493","Khed(Chakan)","27","Maharashtra","521","Pune","Other","1200","1800","1500"
"2025-08-04","Potato","577","Manchar","27","Maharashtra","521","Pune","Other","750","1200","975"
"2025-08-04","Potato","4752","Pune(Moshi)","27","Maharashtra","521","Pune","Local","1200","1400","1300"
"2025-08-04","Potato","4751","Pune(Manjri)","27","Maharashtra","521","Pune","Other","1500","2000","1800"
"2025-08-04","Potato","2495","Pune(Khadiki)","27","Maharashtra","521","Pune","Local","1000","1400","1200"
"2025-08-04","Potato","172","Pune","27","Maharashtra","521","Pune","Local","1000","1700","1350"
"2025-08-03","Potato","577","Manchar","27","Maharashtra","521","Pune","Other","1200","1200","1200"
"2025-08-03","Potato","4752","Pune(Moshi)","27","Maharashtra","521","Pune","Local","1200","1400","1300"
"2025-08-03","Potato","4751","Pune(Manjri)","27","Maharashtra","521","Pune","Other","1500","2500","2200"
"2025-08-03","Potato","3960","Junnar(Narayangaon)","27","Maharashtra","521","Pune","Other","1300","1900","1500"
"2025-08-03","Potato","2495","Pune(Khadiki)","27","Maharashtra","521","Pune","Local","1200","1400","1300"
"2025-08-03","Potato","2493","Khed(Chakan)","27","Maharashtra","521","Pune","Other","1200","1800","1500"
"2025-08-03","Potato","172","Pune","27","Maharashtra","521","Pune","Local","1000","1700","1350"
"2025-08-02","Potato","2493","Khed(Chakan)","27","Maharashtra","521","Pune","Other","1200","1800","1500"
"2025-08-02","Potato","4752","Pune(Moshi)","27","Maharashtra","521","Pune","Local","1300","1600","1450"
"2025-08-02","Potato","4751","Pune(Manjri)","27","Maharashtra","521","Pune","Other","1500","2200","1800"
"2025-08-02","Potato","2495","Pune(Khadiki)","27","Maharashtra","521","Pune","Local","1100","1400","1250"
"2025-08-01","Potato","4751","Pune(Manjri)","27","Maharashtra","521","Pune","Other","1500","2000","1800"
"2025-08-01","Potato","4752","Pune(Moshi)","27","Maharashtra","521","Pune","Local","1200","1600","1400"
"2025-08-01","Potato","2495","Pune(Khadiki)","27","Maharashtra","521","Pune","Local","1200","1400","1300"
"2025-08-01","Potato","2493","Khed(Chakan)","27","Maharashtra","521","Pune","Other","1200","1800","1500"
"2025-08-01","Potato","172","Pune","27","Maharashtra","521","Pune","Local","1200","1800","1500"
"2025-07-31","Potato","172","Pune","27","Maharashtra","521","Pune","Local","1400","1800","1600"
"2025-07-31","Potato","4751","Pune(Manjri)","27","Maharashtra","521","Pune","Other","1500","2500","2000"
"2025-07-31","Potato","3960","Junnar(Narayangaon)","27","Maharashtra","521","Pune","Other","500","1800","1200"
"2025-07-31","Potato","4752","Pune(Moshi)","27","Maharashtra","521","Pune","Local","1200","1700","1450"
"2025-07-31","Potato","2495","Pune(Khadiki)","27","Maharashtra","521","Pune","Local","1200","1500","1400"
"2025-07-31","Potato","2493","Khed(Chakan)","27","Maharashtra","521","Pune","Other","1200","2000","1500"
"2025-07-31","Potato","2492","Junnar(Otur)","27","Maharashtra","521","Pune","Local","500","1600","1200"
"2025-07-30","Potato","577","Manchar","27","Maharashtra","521","Pune","Other","700","1500","1120"
"2025-07-30","Potato","4751","Pune(Manjri)","27","Maharashtra","521","Pune","Other","1500","2000","1800"
"2025-07-30","Potato","2495","Pune(Khadiki)","27","Maharashtra","521","Pune","Local","1200","1400","1300"
"2025-07-30","Potato","2493","Khed(Chakan)","27","Maharashtra","521","Pune","Other","1000","1800","1300"
"2025-07-30","Potato","172","Pune","27","Maharashtra","521","Pune","Local","1200","1800","1500"
"2025-07-29","Potato","172","Pune","27","Maharashtra","521","Pune","Local","1000","1800","1400"
"2025-07-29","Potato","4752","Pune(Moshi)","27","Maharashtra","521","Pune","Local","1000","1500","1250"
"2025-07-29","Potato","2495","Pune(Khadiki)","27","Maharashtra","521","Pune","Local","1300","1500","1400"
"2025-07-29","Potato","2493","Khed(Chakan)","27","Maharashtra","521","Pune","Other","1000","1800","1400"
"2025-07-29","Potato","577","Manchar","27","Maharashtra","521","Pune","Other","1000","1500","1250"
"2025-07-28","Potato","4751","Pune(Manjri)","27","Maharashtra","521","Pune","Other","1500","2000","1800"
"2025-07-28","Potato","3960","Junnar(Narayangaon)","27","Maharashtra","521","Pune","Other","1300","1800","1500"
"2025-07-28","Potato","2495","Pune(Khadiki)","27","Maharashtra","521","Pune","Local","1300","1500","1400"
"2025-07-28","Potato","172","Pune","27","Maharashtra","521","Pune","Local","1000","1800","1400"
"2025-07-28","Potato","4752","Pune(Moshi)","27","Maharashtra","521","Pune","Local","1000","1300","1150"
"2025-07-27","Potato","2492","Junnar(Otur)","27","Maharashtra","521","Pune","Local","800","1700","1400"
"2025-07-27","Potato","172","Pune","27","Maharashtra","521","Pune","Local","1000","1800","1400"
"2025-07-27","Potato","577","Manchar","27","Maharashtra","521","Pune","Other","1000","1000","1000"
"2025-07-27","Potato","4752","Pune(Moshi)","27","Maharashtra","521","Pune","Local","1000","1200","1100"
"2025-07-27","Potato","2495","Pune(Khadiki)","27","Maharashtra","521","Pune","Local","1300","1500","1400"
"2025-07-27","Potato","2493","Khed(Chakan)","27","Maharashtra","521","Pune","Other","1200","2000","1500"
"2025-07-27","Potato","4751","Pune(Manjri)","27","Maharashtra","521","Pune","Other","1500","2500","2000"
"2025-07-26","Potato","2493","Khed(Chakan)","27","Maharashtra","521","Pune","Other","1200","1900","1500"
"2025-07-25","Potato","4752","Pune(Moshi)","27","Maharashtra","521","Pune","Local","1100","1600","1350"
"2025-07-25","Potato","2495","Pune(Khadiki)","27","Maharashtra","521","Pune","Local","1200","1500","1350"
"2025-07-25","Potato","2493","Khed(Chakan)","27","Maharashtra","521","Pune","Other","1200","2000","1500"
"2025-07-25","Potato","172","Pune","27","Maharashtra","521","Pune","Local","1000","1800","1400"
"2025-07-24","Potato","2495","Pune(Khadiki)","27","Maharashtra","521","Pune","Local","1200","1500","1350"
"2025-07-24","Potato","4752","Pune(Moshi)","27","Maharashtra","521","Pune","Local","700","1600","1150"
"2025-07-24","Potato","4751","Pune(Manjri)","27","Maharashtra","521","Pune","Other","1200","1800","1500"
"2025-07-24","Potato","3960","Junnar(Narayangaon)","27","Maharashtra","521","Pune","Other","400","1800","1300"
"2025-07-24","Potato","2493","Khed(Chakan)","27","Maharashtra","521","Pune","Other","1200","1900","1500"
"2025-07-24","Potato","172","Pune","27","Maharashtra","521","Pune","Local","1000","1900","1450"
"2025-07-23","Potato","4751","Pune(Manjri)","27","Maharashtra","521","Pune","Other","1500","2000","1800"
"2025-07-23","Potato","2495","Pune(Khadiki)","27","Maharashtra","521","Pune","Local","1200","1500","1350"
"2025-07-23","Potato","2493","Khed(Chakan)","27","Maharashtra","521","Pune","Other","1200","1900","1500"
"2025-07-23","Potato","172","Pune","27","Maharashtra","521","Pune","Local","1000","1800","1400"
"2025-07-22","Potato","4752","Pune(Moshi)","27","Maharashtra","521","Pune","Local","1100","1400","1250"
"2025-07-22","Potato","4751","Pune(Manjri)","27","Maharashtra","521","Pune","Other","1500","2000","1800"
"2025-07-22","Potato","2495","Pune(Khadiki)","27","Maharashtra","521","Pune","Local","1200","1400","1300"
"2025-07-22","Potato","172","Pune","27","Maharashtra","521","Pune","Local","1000","1800","1400"
"2025-07-21","Potato","4752","Pune(Moshi)","27","Maharashtra","521","Pune","Local","1200","1600","1400"
"2025-07-21","Potato","4751","Pune(Manjri)","27","Maharashtra","521","Pune","Other","1400","2200","1800"
"2025-07-21","Potato","3960","Junnar(Narayangaon)","27","Maharashtra","521","Pune","Other","1300","1700","1500"
"2025-07-21","Potato","2495","Pune(Khadiki)","27","Maharashtra","521","Pune","Local","1200","1400","1300"
"2025-07-21","Potato","577","Manchar","27","Maharashtra","521","Pune","Other","500","1500","1100"
"2025-07-21","Potato","172","Pune","27","Maharashtra","521","Pune","Local","1000","1900","1450"
"2025-07-20","Potato","4752","Pune(Moshi)","27","Maharashtra","521","Pune","Local","1100","1600","1350"
"2025-07-20","Potato","4751","Pune(Manjri)","27","Maharashtra","521","Pune","Other","1600","2500","2000"
"2025-07-20","Potato","3960","Junnar(Narayangaon)","27","Maharashtra","521","Pune","Other","1300","1900","1500"
"2025-07-20","Potato","2495","Pune(Khadiki)","27","Maharashtra","521","Pune","Local","1200","1500","1350"
"2025-07-20","Potato","172","Pune","27","Maharashtra","521","Pune","Local","1000","1800","1400"
"2025-07-19","Potato","4752","Pune(Moshi)","27","Maharashtra","521","Pune","Local","1000","1600","1300"
"2025-07-19","Potato","4751","Pune(Manjri)","27","Maharashtra","521","Pune","Other","1500","2000","1800"
"2025-07-19","Potato","2495","Pune(Khadiki)","27","Maharashtra","521","Pune","Local","1200","1500","1350"
"2025-07-18","Potato","4752","Pune(Moshi)","27","Maharashtra","521","Pune","Local","1300","1600","1450"
"2025-07-18","Potato","4751","Pune(Manjri)","27","Maharashtra","521","Pune","Other","1200","2200","1600"
"2025-07-18","Potato","2495","Pune(Khadiki)","27","Maharashtra","521","Pune","Local","1200","1500","1350"
"2025-07-17","Potato","4752","Pune(Moshi)","27","Maharashtra","521","Pune","Local","1000","1500","1250"
"2025-07-17","Potato","4751","Pune(Manjri)","27","Maharashtra","521","Pune","Other","1400","2200","1800"
"2025-07-17","Potato","3960","Junnar(Narayangaon)","27","Maharashtra","521","Pune","Other","1900","2200","2000"
"2025-07-17","Potato","2492","Junnar(Otur)","27","Maharashtra","521","Pune","Local","500","1800","1200"
"2025-07-17","Potato","172","Pune","27","Maharashtra","521","Pune","Local","800","1900","1350"
"2025-07-16","Potato","4751","Pune(Manjri)","27","Maharashtra","521","Pune","Other","1500","2000","1800"
"2025-07-16","Potato","172","Pune","27","Maharashtra","521","Pune","Local","900","2000","1450"
"2025-07-16","Potato","2495","Pune(Khadiki)","27","Maharashtra","521","Pune","Local","1300","1500","1400"
"2025-07-16","Potato","2493","Khed(Chakan)","27","Maharashtra","521","Pune","Other","1200","2100","1500"
"2025-07-15","Potato","577","Manchar","27","Maharashtra","521","Pune","Other","1500","1500","1500"
"2025-07-15","Potato","172","Pune","27","Maharashtra","521","Pune","Local","1000","1900","1450"
"2025-07-15","Potato","2493","Khed(Chakan)","27","Maharashtra","521","Pune","Other","1200","2100","1500"
"2025-07-15","Potato","2495","Pune(Khadiki)","27","Maharashtra","521","Pune","Local","1300","1600","1450"
"2025-07-15","Potato","4751","Pune(Manjri)","27","Maharashtra","521","Pune","Other","1500","2200","1800"
"2025-07-15","Potato","4752","Pune(Moshi)","27","Maharashtra","521","Pune","Local","1300","1600","1450"
"2025-07-14","Potato","2495","Pune(Khadiki)","27","Maharashtra","521","Pune","Local","1200","1600","1400"
"2025-07-14","Potato","4751","Pune(Manjri)","27","Maharashtra","521","Pune","Other","1500","2500","2000"
"2025-07-14","Potato","4752","Pune(Moshi)","27","Maharashtra","521","Pune","Local","1000","1600","1300"
"2025-07-14","Potato","172","Pune","27","Maharashtra","521","Pune","Local","12000","20000","16000"
"2025-07-14","Potato","577","Manchar","27","Maharashtra","521","Pune","Other","1000","1500","1250"
"2025-07-13","Potato","2493","Khed(Chakan)","27","Maharashtra","521","Pune","Other","1200","2100","1400"
"2025-07-13","Potato","172","Pune","27","Maharashtra","521","Pune","Local","1200","2000","1600"
"2025-07-13","Potato","577","Manchar","27","Maharashtra","521","Pune","Other","1500","1500","1500"
"2025-07-13","Potato","4752","Pune(Moshi)","27","Maharashtra","521","Pune","Local","1400","1800","1600"
"2025-07-13","Potato","4751","Pune(Manjri)","27","Maharashtra","521","Pune","Other","1600","2200","2000"
"2025-07-13","Potato","3960","Junnar(Narayangaon)","27","Maharashtra","521","Pune","Other","500","2200","1500"
"2025-07-13","Potato","2495","Pune(Khadiki)","27","Maharashtra","521","Pune","Local","1200","1500","1350"
"2025-07-12","Potato","2495","Pune(Khadiki)","27","Maharashtra","521","Pune","Local","1200","1600","1400"
"2025-07-12","Potato","4752","Pune(Moshi)","27","Maharashtra","521","Pune","Local","1300","1600","1450"
"2025-07-12","Potato","4751","Pune(Manjri)","27","Maharashtra","521","Pune","Other","1500","2500","2000"
"2025-07-12","Potato","3960","Junnar(Narayangaon)","27","Maharashtra","521","Pune","Other","500","2100","1500"
"2025-07-12","Potato","2493","Khed(Chakan)","27","Maharashtra","521","Pune","Other","1200","2100","1500"
"2025-07-11","Potato","2493","Khed(Chakan)","27","Maharashtra","521","Pune","Other","1200","2100","1500"
"2025-07-11","Potato","4752","Pune(Moshi)","27","Maharashtra","521","Pune","Local","1100","1500","1300"
"2025-07-11","Potato","4751","Pune(Manjri)","27","Maharashtra","521","Pune","Other","1400","2200","1800"
"2025-07-11","Potato","2495","Pune(Khadiki)","27","Maharashtra","521","Pune","Local","1300","1600","1450"
"2025-07-11","Potato","577","Manchar","27","Maharashtra","521","Pune","Other","1500","1500","1500"
"2025-07-11","Potato","172","Pune","27","Maharashtra","521","Pune","Local","1200","2000","1600"
"2025-07-10","Potato","2495","Pune(Khadiki)","27","Maharashtra","521","Pune","Local","1300","1600","1450"
"2025-07-10","Potato","4752","Pune(Moshi)","27","Maharashtra","521","Pune","Local","1300","1500","1400"
"2025-07-10","Potato","2494","Pune(Pimpri)","27","Maharashtra","521","Pune","Local","1300","1300","1300"
"2025-07-10","Potato","2493","Khed(Chakan)","27","Maharashtra","521","Pune","Other","1200","2100","1500"
"2025-07-10","Potato","172","Pune","27","Maharashtra","521","Pune","Local","1300","2000","1650"
"2025-07-10","Potato","4751","Pune(Manjri)","27","Maharashtra","521","Pune","Other","1600","2200","1800"
"2025-07-09","Potato","4751","Pune(Manjri)","27","Maharashtra","521","Pune","Other","1600","2200","2000"
"2025-07-09","Potato","2493","Khed(Chakan)","27","Maharashtra","521","Pune","Other","1300","2100","1600"
"2025-07-09","Potato","172","Pune","27","Maharashtra","521","Pune","Local","1300","2000","1650"
"2025-07-09","Potato","2495","Pune(Khadiki)","27","Maharashtra","521","Pune","Local","1300","1600","1450"
"2025-07-08","Potato","2493","Khed(Chakan)","27","Maharashtra","521","Pune","Other","1400","2100","1600"
"2025-07-08","Potato","4751","Pune(Manjri)","27","Maharashtra","521","Pune","Other","1600","2400","2000"
"2025-07-08","Potato","4752","Pune(Moshi)","27","Maharashtra","521","Pune","Local","1000","1600","1300"
"2025-07-08","Potato","2495","Pune(Khadiki)","27","Maharashtra","521","Pune","Local","1200","1600","1400"
"2025-07-07","Potato","4752","Pune(Moshi)","27","Maharashtra","521","Pune","Local","800","1500","1150"
"2025-07-07","Potato","4751","Pune(Manjri)","27","Maharashtra","521","Pune","Other","1500","2500","2000"
"2025-07-07","Potato","3960","Junnar(Narayangaon)","27","Maharashtra","521","Pune","Other","500","2000","1500"
"2025-07-07","Potato","2495","Pune(Khadiki)","27","Maharashtra","521","Pune","Local","1200","1500","1350"
"2025-07-07","Potato","172","Pune","27","Maharashtra","521","Pune","Local","1300","2100","1700"
"2025-07-06","Potato","4752","Pune(Moshi)","27","Maharashtra","521","Pune","Local","1000","1600","1300"
"2025-07-06","Potato","4751","Pune(Manjri)","27","Maharashtra","521","Pune","Other","1500","2000","1800"
"2025-07-06","Potato","3960","Junnar(Narayangaon)","27","Maharashtra","521","Pune","Other","500","1800","1200"
"2025-07-06","Potato","2495","Pune(Khadiki)","27","Maharashtra","521","Pune","Local","1200","1600","1400"
"2025-07-06","Potato","2493","Khed(Chakan)","27","Maharashtra","521","Pune","Other","1200","2100","1800"
"2025-07-06","Potato","577","Manchar","27","Maharashtra","521","Pune","Other","1200","1500","1400"
"2025-07-06","Potato","172","Pune","27","Maharashtra","521","Pune","Local","1300","2100","1700"
"2025-07-05","Potato","2495","Pune(Khadiki)","27","Maharashtra","521","Pune","Local","1200","1400","1300"
"2025-07-05","Potato","4752","Pune(Moshi)","27","Maharashtra","521","Pune","Local","1300","1800","1550"
"2025-07-05","Potato","4751","Pune(Manjri)","27","Maharashtra","521","Pune","Other","2000","3000","2500"
"2025-07-05","Potato","3960","Junnar(Narayangaon)","27","Maharashtra","521","Pune","Other","500","2200","1500"
"2025-07-05","Potato","2493","Khed(Chakan)","27","Maharashtra","521","Pune","Other","1500","2200","1700"
"2025-07-04","Potato","577","Manchar","27","Maharashtra","521","Pune","Other","1000","1500","1300"
"2025-07-04","Potato","172","Pune","27","Maharashtra","521","Pune","Local","1400","2100","1750"
"2025-07-04","Potato","2493","Khed(Chakan)","27","Maharashtra","521","Pune","Other","1300","2100","1600"
"2025-07-04","Potato","2495","Pune(Khadiki)","27","Maharashtra","521","Pune","Local","1300","1500","1400"
"2025-07-04","Potato","4751","Pune(Manjri)","27","Maharashtra","521","Pune","Other","2000","3000","2500"
"2025-07-04","Potato","4752","Pune(Moshi)","27","Maharashtra","521","Pune","Local","1400","1600","1500"
"2025-07-03","Potato","3960","Junnar(Narayangaon)","27","Maharashtra","521","Pune","Other","500","2200","1500"
"2025-07-03","Potato","2493","Khed(Chakan)","27","Maharashtra","521","Pune","Other","1300","2100","1600"
"2025-07-03","Potato","2492","Junnar(Otur)","27","Maharashtra","521","Pune","Local","500","1800","1500"
"2025-07-03","Potato","577","Manchar","27","Maharashtra","521","Pune","Other","800","1000","950"
"2025-07-03","Potato","172","Pune","27","Maharashtra","521","Pune","Local","1400","2100","1750"
"2025-07-03","Potato","4752","Pune(Moshi)","27","Maharashtra","521","Pune","Local","1300","1800","1550"
"2025-07-03","Potato","4751","Pune(Manjri)","27","Maharashtra","521","Pune","Other","1500","2500","2000"
"2025-07-03","Potato","2495","Pune(Khadiki)","27","Maharashtra","521","Pune","Local","1300","1500","1400"
"2025-07-02","Potato","2495","Pune(Khadiki)","27","Maharashtra","521","Pune","Local","1300","1500","1400"
"2025-07-02","Potato","577","Manchar","27","Maharashtra","521","Pune","Other","1200","1700","1450"
"2025-07-01","Potato","172","Pune","27","Maharashtra","521","Pune","Local","1300","2100","1700"
"2025-07-01","Potato","4751","Pune(Manjri)","27","Maharashtra","521","Pune","Other","1600","2400","2000"
"2025-07-01","Potato","2495","Pune(Khadiki)","27","Maharashtra","521","Pune","Local","1200","1600","1400"
"2025-07-01","Potato","2493","Khed(Chakan)","27","Maharashtra","521","Pune","Other","1300","2100","1500"
"2025-07-01","Potato","4752","Pune(Moshi)","27","Maharashtra","521","Pune","Local","1000","1800","1400"
"2025-06-30","Potato","3960","Junnar(Narayangaon)","27","Maharashtra","521","Pune","Other","500","2100","1500"
"2025-06-30","Potato","4751","Pune(Manjri)","27","Maharashtra","521","Pune","Other","1500","2500","2000"
"2025-06-30","Potato","4752","Pune(Moshi)","27","Maharashtra","521","Pune","Local","1200","1800","1500"
"2025-06-30","Potato","172","Pune","27","Maharashtra","521","Pune","Local","1300","2100","1700"
"2025-06-29","Potato","4752","Pune(Moshi)","27","Maharashtra","521","Pune","Local","1300","1700","1500"
"2025-06-29","Potato","4751","Pune(Manjri)","27","Maharashtra","521","Pune","Other","2000","2800","2600"
"2025-06-29","Potato","2495","Pune(Khadiki)","27","Maharashtra","521","Pune","Local","1300","1700","1400"
"2025-06-29","Potato","2493","Khed(Chakan)","27","Maharashtra","521","Pune","Other","1300","2100","1500"
"2025-06-29","Potato","577","Manchar","27","Maharashtra","521","Pune","Other","1200","1500","1350"
"2025-06-29","Potato","172","Pune","27","Maharashtra","521","Pune","Local","1300","2000","1550"
"2025-06-28","Potato","4752","Pune(Moshi)","27","Maharashtra","521","Pune","Local","1500","1700","1600"
"2025-06-28","Potato","4751","Pune(Manjri)","27","Maharashtra","521","Pune","Other","1600","2200","2000"
"2025-06-28","Potato","2495","Pune(Khadiki)","27","Maharashtra","521","Pune","Local","1200","1500","1350"
"2025-06-28","Potato","2493","Khed(Chakan)","27","Maharashtra","521","Pune","Other","1500","2200","1800"
"2025-06-27","Potato","4752","Pune(Moshi)","27","Maharashtra","521","Pune","Local","1200","1800","1500"
"2025-06-27","Potato","172","Pune","27","Maharashtra","521","Pune","Local","1300","2100","1700"
"2025-06-27","Potato","2493","Khed(Chakan)","27","Maharashtra","521","Pune","Other","1300","2000","1600"
"2025-06-27","Potato","2495","Pune(Khadiki)","27","Maharashtra","521","Pune","Local","1200","1600","1400"
"2025-06-27","Potato","3960","Junnar(Narayangaon)","27","Maharashtra","521","Pune","Other","500","1900","1400"
"2025-06-27","Potato","4751","Pune(Manjri)","27","Maharashtra","521","Pune","Other","1500","2800","2200"
"2025-06-26","Potato","2495","Pune(Khadiki)","27","Maharashtra","521","Pune","Local","1200","1600","1400"
"2025-06-26","Potato","3960","Junnar(Narayangaon)","27","Maharashtra","521","Pune","Other","1700","1800","1750"
"2025-06-26","Potato","4752","Pune(Moshi)","27","Maharashtra","521","Pune","Local","1200","1800","1500"
"2025-06-26","Potato","172","Pune","27","Maharashtra","521","Pune","Local","1300","2100","1700"
"2025-06-26","Potato","2493","Khed(Chakan)","27","Maharashtra","521","Pune","Other","1500","2100","1800"
"2025-06-26","Potato","4751","Pune(Manjri)","27","Maharashtra","521","Pune","Other","1500","2500","2000"
"2025-06-25","Potato","2493","Khed(Chakan)","27","Maharashtra","521","Pune","Other","1200","2100","1600"
"2025-06-25","Potato","2495","Pune(Khadiki)","27","Maharashtra","521","Pune","Local","1200","1600","1400"
"2025-06-25","Potato","4751","Pune(Manjri)","27","Maharashtra","521","Pune","Other","1600","2200","2000"
"2025-06-25","Potato","172","Pune","27","Maharashtra","521","Pune","Local","1300","2200","1750"
"2025-06-25","Potato","577","Manchar","27","Maharashtra","521","Pune","Other","1000","1500","1300"
"2025-06-24","Potato","2493","Khed(Chakan)","27","Maharashtra","521","Pune","Other","1500","2100","1600"
"2025-06-24","Potato","2495","Pune(Khadiki)","27","Maharashtra","521","Pune","Local","1200","1600","1400"
"2025-06-24","Potato","4751","Pune(Manjri)","27","Maharashtra","521","Pune","Other","1600","2400","2000"
"2025-06-24","Potato","4752","Pune(Moshi)","27","Maharashtra","521","Pune","Local","1200","1800","1500"
"2025-06-24","Potato","172","Pune","27","Maharashtra","521","Pune","Local","1500","2200","1850"
"2025-06-23","Potato","2495","Pune(Khadiki)","27","Maharashtra","521","Pune","Local","1200","1600","1400"
"2025-06-23","Potato","3960","Junnar(Narayangaon)","27","Maharashtra","521","Pune","Other","500","2000","1500"
"2025-06-23","Potato","4751","Pune(Manjri)","27","Maharashtra","521","Pune","Other","1600","2200","2000"
"2025-06-23","Potato","4752","Pune(Moshi)","27","Maharashtra","521","Pune","Local","1400","1600","1500"
"2025-06-23","Potato","172","Pune","27","Maharashtra","521","Pune","Local","1400","2200","1800"
"2025-06-22","Potato","577","Manchar","27","Maharashtra","521","Pune","Other","1400","1500","1450"
"2025-06-22","Potato","3960","Junnar(Narayangaon)","27","Maharashtra","521","Pune","Other","1510","2000","1800"
"2025-06-22","Potato","4751","Pune(Manjri)","27","Maharashtra","521","Pune","Other","1300","2200","1700"
"2025-06-22","Potato","4752","Pune(Moshi)","27","Maharashtra","521","Pune","Local","1000","1600","1300"
"2025-06-22","Potato","172","Pune","27","Maharashtra","521","Pune","Local","1400","2200","1800"
"2025-06-22","Potato","2493","Khed(Chakan)","27","Maharashtra","521","Pune","Other","1200","2200","1600"
"2025-06-21","Potato","3960","Junnar(Narayangaon)","27","Maharashtra","521","Pune","Other","500","2100","1500"
"2025-06-21","Potato","2493","Khed(Chakan)","27","Maharashtra","521","Pune","Other","1300","2100","1600"
"2025-06-21","Potato","2495","Pune(Khadiki)","27","Maharashtra","521","Pune","Local","1000","1600","1300"
"2025-06-21","Potato","4751","Pune(Manjri)","27","Maharashtra","521","Pune","Other","1600","2400","2000"
"2025-06-21","Potato","4752","Pune(Moshi)","27","Maharashtra","521","Pune","Local","1200","1400","1300"
"2025-06-20","Potato","2495","Pune(Khadiki)","27","Maharashtra","521","Pune","Local","1300","1600","1450"
"2025-06-20","Potato","4752","Pune(Moshi)","27","Maharashtra","521","Pune","Local","1300","1400","1350"
"2025-06-20","Potato","4751","Pune(Manjri)","27","Maharashtra","521","Pune","Other","1500","2500","2000"
"2025-06-20","Potato","3960","Junnar(Narayangaon)","27","Maharashtra","521","Pune","Other","1900","2300","2200"
"2025-06-20","Potato","172","Pune","27","Maharashtra","521","Pune","Local","1300","2100","1700"
"2025-06-20","Potato","577","Manchar","27","Maharashtra","521","Pune","Other","1500","1500","1500"
"2025-06-20","Potato","2493","Khed(Chakan)","27","Maharashtra","521","Pune","Other","1500","2100","1750"
"2025-06-19","Potato","4751","Pune(Manjri)","27","Maharashtra","521","Pune","Other","1600","2200","2000"
"2025-06-19","Potato","4752","Pune(Moshi)","27","Maharashtra","521","Pune","Local","1200","1400","1300"
"2025-06-19","Potato","3960","Junnar(Narayangaon)","27","Maharashtra","521","Pune","Other","400","2300","1500"
"2025-06-19","Potato","2495","Pune(Khadiki)","27","Maharashtra","521","Pune","Local","1200","1400","1300"
"2025-06-19","Potato","2493","Khed(Chakan)","27","Maharashtra","521","Pune","Other","1200","2000","1600"
"2025-06-19","Potato","2492","Junnar(Otur)","27","Maharashtra","521","Pune","Local","500","1600","1100"
"2025-06-19","Potato","1455","Junnar","27","Maharashtra","521","Pune","Local","1500","2000","1700"
"2025-06-19","Potato","577","Manchar","27","Maharashtra","521","Pune","Other","1000","1500","1250"
"2025-06-19","Potato","172","Pune","27","Maharashtra","521","Pune","Local","1300","2200","1650"
"2025-06-18","Potato","2493","Khed(Chakan)","27","Maharashtra","521","Pune","Other","1200","2000","1500"
"2025-06-18","Potato","172","Pune","27","Maharashtra","521","Pune","Local","1400","2100","1750"
"2025-06-18","Potato","4751","Pune(Manjri)","27","Maharashtra","521","Pune","Other","1300","2200","1700"
"2025-06-18","Potato","2495","Pune(Khadiki)","27","Maharashtra","521","Pune","Local","1200","1600","1400"
"2025-06-18","Potato","577","Manchar","27","Maharashtra","521","Pune","Other","1300","1500","1400"
"2025-06-17","Potato","4751","Pune(Manjri)","27","Maharashtra","521","Pune","Other","1500","2500","2000"
"2025-06-17","Potato","172","Pune","27","Maharashtra","521","Pune","Local","1400","2200","1800"
"2025-06-17","Potato","577","Manchar","27","Maharashtra","521","Pune","Other","1300","1500","1450"
"2025-06-17","Potato","2493","Khed(Chakan)","27","Maharashtra","521","Pune","Other","1200","2000","1600"
"2025-06-17","Potato","2495","Pune(Khadiki)","27","Maharashtra","521","Pune","Local","1000","1400","1200"
"2025-06-17","Potato","4752","Pune(Moshi)","27","Maharashtra","521","Pune","Local","1300","1400","1350"
"2025-06-16","Potato","172","Pune","27","Maharashtra","521","Pune","Local","1200","2200","1700"
"2025-06-16","Potato","4752","Pune(Moshi)","27","Maharashtra","521","Pune","Local","1000","1600","1300"
"2025-06-16","Potato","4751","Pune(Manjri)","27","Maharashtra","521","Pune","Other","1600","2200","2000"
"2025-06-16","Potato","3960","Junnar(Narayangaon)","27","Maharashtra","521","Pune","Other","500","2300","1500"
"2025-06-16","Potato","2495","Pune(Khadiki)","27","Maharashtra","521","Pune","Local","1300","1500","1400"
"2025-06-16","Potato","577","Manchar","27","Maharashtra","521","Pune","Other","1300","1500","1350"
"2025-06-15","Potato","2493","Khed(Chakan)","27","Maharashtra","521","Pune","Other","1200","2200","1600"
"2025-06-15","Potato","4752","Pune(Moshi)","27","Maharashtra","521","Pune","Local","1000","2000","1500"
"2025-06-15","Potato","4751","Pune(Manjri)","27","Maharashtra","521","Pune","Other","1300","2200","1700"
"2025-06-15","Potato","3960","Junnar(Narayangaon)","27","Maharashtra","521","Pune","Other","500","2300","1500"
"2025-06-15","Potato","2495","Pune(Khadiki)","27","Maharashtra","521","Pune","Local","1200","1500","1350"
"2025-06-15","Potato","172","Pune","27","Maharashtra","521","Pune","Local","1400","2200","1800"
"2025-06-14","Potato","4752","Pune(Moshi)","27","Maharashtra","521","Pune","Local","1200","1500","1350"
"2025-06-14","Potato","2493","Khed(Chakan)","27","Maharashtra","521","Pune","Other","1200","2200","1800"
"2025-06-14","Potato","2495","Pune(Khadiki)","27","Maharashtra","521","Pune","Local","1300","1500","1400"
"2025-06-14","Potato","3960","Junnar(Narayangaon)","27","Maharashtra","521","Pune","Other","1500","2300","2000"
"2025-06-14","Potato","4751","Pune(Manjri)","27","Maharashtra","521","Pune","Other","1400","2200","1800"
"2025-06-13","Potato","4751","Pune(Manjri)","27","Maharashtra","521","Pune","Other","1600","2200","2000"
"2025-06-13","Potato","4752","Pune(Moshi)","27","Maharashtra","521","Pune","Local","1000","1800","1400"
"2025-06-13","Potato","3960","Junnar(Narayangaon)","27","Maharashtra","521","Pune","Other","500","2100","1500"
"2025-06-13","Potato","2495","Pune(Khadiki)","27","Maharashtra","521","Pune","Local","1000","1400","1200"
"2025-06-13","Potato","2493","Khed(Chakan)","27","Maharashtra","521","Pune","Other","1300","2000","1600"
"2025-06-13","Potato","577","Manchar","27","Maharashtra","521","Pune","Other","1300","1500","1400"
"2025-06-13","Potato","172","Pune","27","Maharashtra","521","Pune","Local","1200","2200","1700"
"2025-06-12","Potato","4752","Pune(Moshi)","27","Maharashtra","521","Pune","Local","1000","1500","1250"
"2025-06-12","Potato","4751","Pune(Manjri)","27","Maharashtra","521","Pune","Other","1500","1800","1600"
"2025-06-12","Potato","3960","Junnar(Narayangaon)","27","Maharashtra","521","Pune","Other","500","1800","1500"
"2025-06-12","Potato","2495","Pune(Khadiki)","27","Maharashtra","521","Pune","Local","1200","1600","1400"
"2025-06-12","Potato","2493","Khed(Chakan)","27","Maharashtra","521","Pune","Other","1200","2000","1600"
"2025-06-12","Potato","2492","Junnar(Otur)","27","Maharashtra","521","Pune","Local","500","2000","1250"
"2025-06-12","Potato","577","Manchar","27","Maharashtra","521","Pune","Other","1250","1600","1425"
"2025-06-12","Potato","172","Pune","27","Maharashtra","521","Pune","Local","1300","2200","1750"
"2025-06-11","Potato","577","Manchar","27","Maharashtra","521","Pune","Other","1300","1500","1400"
"2025-06-11","Potato","4751","Pune(Manjri)","27","Maharashtra","521","Pune","Other","1400","2200","1800"
"2025-06-11","Potato","2495","Pune(Khadiki)","27","Maharashtra","521","Pune","Local","1200","1500","1350"
"2025-06-11","Potato","2493","Khed(Chakan)","27","Maharashtra","521","Pune","Other","1500","2200","1800"
"2025-06-11","Potato","172","Pune","27","Maharashtra","521","Pune","Local","1200","2200","1700"
"2025-06-10","Potato","4752","Pune(Moshi)","27","Maharashtra","521","Pune","Local","1200","1800","1500"
"2025-06-10","Potato","172","Pune","27","Maharashtra","521","Pune","Local","1400","2200","1800"
"2025-06-10","Potato","2493","Khed(Chakan)","27","Maharashtra","521","Pune","Other","1300","2000","1600"
"2025-06-10","Potato","2495","Pune(Khadiki)","27","Maharashtra","521","Pune","Local","1000","1600","1300"
"2025-06-10","Potato","4751","Pune(Manjri)","27","Maharashtra","521","Pune","Other","1600","2200","2000"
"2025-06-09","Potato","3960","Junnar(Narayangaon)","27","Maharashtra","521","Pune","Other","1100","1900","1500"
"2025-06-09","Potato","2495","Pune(Khadiki)","27","Maharashtra","521","Pune","Local","1200","1600","1400"
"2025-06-09","Potato","4752","Pune(Moshi)","27","Maharashtra","521","Pune","Local","1400","1800","1600"
"2025-06-09","Potato","172","Pune","27","Maharashtra","521","Pune","Local","1400","2200","1800"
"2025-06-09","Potato","4751","Pune(Manjri)","27","Maharashtra","521","Pune","Other","1500","1800","1600"
"2025-06-08","Potato","2493","Khed(Chakan)","27","Maharashtra","521","Pune","Other","1300","2000","1600"
"2025-06-08","Potato","172","Pune","27","Maharashtra","521","Pune","Local","1400","2200","1800"
"2025-06-08","Potato","2492","Junnar(Otur)","27","Maharashtra","521","Pune","Local","500","1500","1200"
"2025-06-08","Potato","4752","Pune(Moshi)","27","Maharashtra","521","Pune","Local","1400","1600","1500"
"2025-06-08","Potato","4751","Pune(Manjri)","27","Maharashtra","521","Pune","Other","1400","2200","1800"
"2025-06-08","Potato","3960","Junnar(Narayangaon)","27","Maharashtra","521","Pune","Other","1700","2000","1900"
"2025-06-08","Potato","2495","Pune(Khadiki)","27","Maharashtra","521","Pune","Local","1200","1600","1400"
"2025-06-07","Potato","577","Manchar","27","Maharashtra","521","Pune","Other","1500","1500","1500"
"2025-06-07","Potato","4752","Pune(Moshi)","27","Maharashtra","521","Pune","Local","1400","1600","1500"
"2025-06-07","Potato","4751","Pune(Manjri)","27","Maharashtra","521","Pune","Other","1600","2200","2000"
"2025-06-07","Potato","3960","Junnar(Narayangaon)","27","Maharashtra","521","Pune","Other","500","1100","800"
"2025-06-07","Potato","2495","Pune(Khadiki)","27","Maharashtra","521","Pune","Local","1200","1500","1350"
"2025-06-07","Potato","2493","Khed(Chakan)","27","Maharashtra","521","Pune","Other","1300","2000","1600"
"2025-06-06","Potato","4752","Pune(Moshi)","27","Maharashtra","521","Pune","Local","1200","1600","1400"
"2025-06-06","Potato","4751","Pune(Manjri)","27","Maharashtra","521","Pune","Other","1600","2400","2000"
"2025-06-06","Potato","3960","Junnar(Narayangaon)","27","Maharashtra","521","Pune","Other","500","1900","1300"
"2025-06-06","Potato","2495","Pune(Khadiki)","27","Maharashtra","521","Pune","Local","1200","1600","1400"
"2025-06-06","Potato","2493","Khed(Chakan)","27","Maharashtra","521","Pune","Other","1200","2000","1600"
"2025-06-06","Potato","172","Pune","27","Maharashtra","521","Pune","Local","1500","2200","1850"
"2025-06-05","Potato","1455","Junnar","27","Maharashtra","521","Pune","Local","1000","2000","1500"
"2025-06-05","Potato","2492","Junnar(Otur)","27","Maharashtra","521","Pune","Local","500","1500","1000"
"2025-06-05","Potato","4752","Pune(Moshi)","27","Maharashtra","521","Pune","Local","1000","1500","1250"
"2025-06-05","Potato","4751","Pune(Manjri)","27","Maharashtra","521","Pune","Other","1400","2200","1800"
"2025-06-05","Potato","3960","Junnar(Narayangaon)","27","Maharashtra","521","Pune","Other","500","1800","1500"
"2025-06-05","Potato","2495","Pune(Khadiki)","27","Maharashtra","521","Pune","Local","1100","1400","1250"
"2025-06-05","Potato","2493","Khed(Chakan)","27","Maharashtra","521","Pune","Other","1300","2000","1600"
"2025-06-05","Potato","577","Manchar","27","Maharashtra","521","Pune","Other","1500","1500","1500"
"2025-06-05","Potato","172","Pune","27","Maharashtra","521","Pune","Local","1400","2200","1800"
"2025-06-04","Potato","172","Pune","27","Maharashtra","521","Pune","Local","1400","2200","1800"
"2025-06-04","Potato","4751","Pune(Manjri)","27","Maharashtra","521","Pune","Other","1600","2200","2000"
"2025-06-04","Potato","2493","Khed(Chakan)","27","Maharashtra","521","Pune","Other","1300","2000","1700"
"2025-06-04","Potato","2495","Pune(Khadiki)","27","Maharashtra","521","Pune","Local","1200","1500","1350"
"2025-06-03","Potato","577","Manchar","27","Maharashtra","521","Pune","Other","1000","1500","1250"
"2025-06-03","Potato","4752","Pune(Moshi)","27","Maharashtra","521","Pune","Local","1000","1600","1300"
"2025-06-03","Potato","4751","Pune(Manjri)","27","Maharashtra","521","Pune","Other","1400","2200","1800"
"2025-06-03","Potato","2495","Pune(Khadiki)","27","Maharashtra","521","Pune","Local","1300","1500","1400"
"2025-06-03","Potato","2493","Khed(Chakan)","27","Maharashtra","521","Pune","Other","1400","2000","1600"
"2025-06-03","Potato","172","Pune","27","Maharashtra","521","Pune","Local","1400","2200","1800"
"2025-06-02","Potato","4752","Pune(Moshi)","27","Maharashtra","521","Pune","Local","1500","2000","1750"
"2025-06-02","Potato","4751","Pune(Manjri)","27","Maharashtra","521","Pune","Other","1400","2200","1800"
"2025-06-01","Potato","4752","Pune(Moshi)","27","Maharashtra","521","Pune","Local","1200","1600","1400"
"2025-06-01","Potato","4751","Pune(Manjri)","27","Maharashtra","521","Pune","Other","1400","2200","1800"
"2025-06-01","Potato","3960","Junnar(Narayangaon)","27","Maharashtra","521","Pune","Other","500","2000","1500"
"2025-06-01","Potato","1455","Junnar","27","Maharashtra","521","Pune","Local","1000","2000","1500"
"2025-06-01","Potato","172","Pune","27","Maharashtra","521","Pune","Local","1400","2200","1800"
"2025-05-31","Potato","4752","Pune(Moshi)","27","Maharashtra","521","Pune","Local","1400","1600","1500"
"2025-05-31","Potato","4751","Pune(Manjri)","27","Maharashtra","521","Pune","Other","1400","2200","1800"
"2025-05-31","Potato","3960","Junnar(Narayangaon)","27","Maharashtra","521","Pune","Other","1500","2000","1800"
"2025-05-31","Potato","2495","Pune(Khadiki)","27","Maharashtra","521","Pune","Local","1200","1600","1400"
"2025-05-31","Potato","2493","Khed(Chakan)","27","Maharashtra","521","Pune","Other","1200","2100","1700"
"2025-05-30","Potato","4752","Pune(Moshi)","27","Maharashtra","521","Pune","Local","1600","1800","1700"
"2025-05-30","Potato","4751","Pune(Manjri)","27","Maharashtra","521","Pune","Other","1400","2200","1800"
"2025-05-30","Potato","3960","Junnar(Narayangaon)","27","Maharashtra","521","Pune","Other","600","2000","1500"
"2025-05-30","Potato","2495","Pune(Khadiki)","27","Maharashtra","521","Pune","Local","1200","1500","1350"
"2025-05-30","Potato","2493","Khed(Chakan)","27","Maharashtra","521","Pune","Other","1400","2000","1500"
"2025-05-30","Potato","577","Manchar","27","Maharashtra","521","Pune","Other","1000","1500","1300"
"2025-05-30","Potato","172","Pune","27","Maharashtra","521","Pune","Local","1400","2200","1800"
"2025-05-29","Potato","4752","Pune(Moshi)","27","Maharashtra","521","Pune","Local","1000","1500","1250"
"2025-05-29","Potato","4751","Pune(Manjri)","27","Maharashtra","521","Pune","Other","1400","2200","1800"
"2025-05-29","Potato","3960","Junnar(Narayangaon)","27","Maharashtra","521","Pune","Other","500","2300","1600"
"2025-05-29","Potato","2495","Pune(Khadiki)","27","Maharashtra","521","Pune","Local","1200","1600","1400"
"2025-05-29","Potato","2493","Khed(Chakan)","27","Maharashtra","521","Pune","Other","1400","2000","1500"
"2025-05-29","Potato","2492","Junnar(Otur)","27","Maharashtra","521","Pune","Local","500","2000","1500"
"2025-05-29","Potato","1455","Junnar","27","Maharashtra","521","Pune","Local","1500","2000","1700"
"2025-05-29","Potato","577","Manchar","27","Maharashtra","521","Pune","Other","300","1200","750"
"2025-05-29","Potato","172","Pune","27","Maharashtra","521","Pune","Local","1400","2200","1800"
"2025-05-28","Potato","172","Pune","27","Maharashtra","521","Pune","Local","1300","2200","1750"
"2025-05-28","Potato","2495","Pune(Khadiki)","27","Maharashtra","521","Pune","Local","1200","1600","1400"
"2025-05-28","Potato","4751","Pune(Manjri)","27","Maharashtra","521","Pune","Other","1500","2200","2000"
"2025-05-27","Potato","2495","Pune(Khadiki)","27","Maharashtra","521","Pune","Local","1200","1600","1400"
"2025-05-27","Potato","577","Manchar","27","Maharashtra","521","Pune","Other","1200","1200","1200"
"2025-05-27","Potato","4752","Pune(Moshi)","27","Maharashtra","521","Pune","Local","1200","1400","1300"
"2025-05-27","Potato","4751","Pune(Manjri)","27","Maharashtra","521","Pune","Other","1800","2200","2000"
"2025-05-27","Potato","172","Pune","27","Maharashtra","521","Pune","Local","1300","2200","1750"
"2025-05-26","Potato","4752","Pune(Moshi)","27","Maharashtra","521","Pune","Local","900","1600","1250"
"2025-05-26","Potato","172","Pune","27","Maharashtra","521","Pune","Local","1400","2200","1800"
"2025-05-26","Potato","4751","Pune(Manjri)","27","Maharashtra","521","Pune","Other","1600","2200","1800"
"2025-05-25","Potato","4751","Pune(Manjri)","27","Maharashtra","521","Pune","Other","1600","2200","1800"
"2025-05-25","Potato","172","Pune","27","Maharashtra","521","Pune","Local","1300","2300","1800"
"2025-05-25","Potato","2495","Pune(Khadiki)","27","Maharashtra","521","Pune","Local","1200","1500","1350"
"2025-05-25","Potato","4752","Pune(Moshi)","27","Maharashtra","521","Pune","Local","1000","1600","1300"
"2025-05-24","Potato","4752","Pune(Moshi)","27","Maharashtra","521","Pune","Local","1100","1600","1350"
"2025-05-24","Potato","4751","Pune(Manjri)","27","Maharashtra","521","Pune","Other","1600","2400","2000"
"2025-05-24","Potato","3960","Junnar(Narayangaon)","27","Maharashtra","521","Pune","Other","1000","1210","1100"
"2025-05-24","Potato","2495","Pune(Khadiki)","27","Maharashtra","521","Pune","Local","1000","1400","1200"
"2025-05-24","Potato","2493","Khed(Chakan)","27","Maharashtra","521","Pune","Other","1300","2000","1500"
"2025-05-23","Potato","172","Pune","27","Maharashtra","521","Pune","Local","1200","2200","1700"
"2025-05-23","Potato","577","Manchar","27","Maharashtra","521","Pune","Other","1500","1500","1500"
"2025-05-23","Potato","4752","Pune(Moshi)","27","Maharashtra","521","Pune","Local","1100","1400","1250"
"2025-05-23","Potato","4751","Pune(Manjri)","27","Maharashtra","521","Pune","Other","1600","2200","1800"
"2025-05-23","Potato","2495","Pune(Khadiki)","27","Maharashtra","521","Pune","Local","1000","1600","1400"
"2025-05-23","Potato","2493","Khed(Chakan)","27","Maharashtra","521","Pune","Other","1200","2000","1500"
"2025-05-22","Potato","577","Manchar","27","Maharashtra","521","Pune","Other","1500","1500","1500"
"2025-05-22","Potato","4752","Pune(Moshi)","27","Maharashtra","521","Pune","Local","1000","1600","1300"
"2025-05-22","Potato","4751","Pune(Manjri)","27","Maharashtra","521","Pune","Other","1600","2200","1800"
"2025-05-22","Potato","2495","Pune(Khadiki)","27","Maharashtra","521","Pune","Local","1200","1500","1350"
"2025-05-22","Potato","2493","Khed(Chakan)","27","Maharashtra","521","Pune","Other","1200","2000","1500"
"2025-05-22","Potato","2492","Junnar(Otur)","27","Maharashtra","521","Pune","Local","500","2000","1600"
"2025-05-22","Potato","172","Pune","27","Maharashtra","521","Pune","Local","1200","2200","1700"
"2025-05-21","Potato","172","Pune","27","Maharashtra","521","Pune","Local","1200","2200","1700"
"2025-05-21","Potato","4751","Pune(Manjri)","27","Maharashtra","521","Pune","Other","1500","2200","1700"
"2025-05-21","Potato","2495","Pune(Khadiki)","27","Maharashtra","521","Pune","Local","1000","1400","1200"
"2025-05-21","Potato","2493","Khed(Chakan)","27","Maharashtra","521","Pune","Other","1200","2100","1600"
"2025-05-20","Potato","172","Pune","27","Maharashtra","521","Pune","Local","1300","2200","1750"
"2025-05-20","Potato","4752","Pune(Moshi)","27","Maharashtra","521","Pune","Local","1000","1600","1300"
"2025-05-20","Potato","4751","Pune(Manjri)","27","Maharashtra","521","Pune","Other","1500","2000","1800"
"2025-05-20","Potato","2495","Pune(Khadiki)","27","Maharashtra","521","Pune","Local","1000","1400","1200"
"2025-05-20","Potato","2493","Khed(Chakan)","27","Maharashtra","521","Pune","Other","1300","2000","1600"
"2025-05-20","Potato","577","Manchar","27","Maharashtra","521","Pune","Other","600","1200","900"
"2025-05-19","Potato","2495","Pune(Khadiki)","27","Maharashtra","521","Pune","Local","1000","1400","1200"
"2025-05-19","Potato","4752","Pune(Moshi)","27","Maharashtra","521","Pune","Local","1200","1400","1300"
"2025-05-19","Potato","4751","Pune(Manjri)","27","Maharashtra","521","Pune","Other","1500","2000","1700"
"2025-05-19","Potato","172","Pune","27","Maharashtra","521","Pune","Local","1200","2200","1700"
"2025-05-18","Potato","1455","Junnar","27","Maharashtra","521","Pune","Local","1500","2000","1700"
"2025-05-18","Potato","4752","Pune(Moshi)","27","Maharashtra","521","Pune","Local","1200","1400","1300"
"2025-05-18","Potato","4751","Pune(Manjri)","27","Maharashtra","521","Pune","Other","1500","2000","1800"
"2025-05-18","Potato","2495","Pune(Khadiki)","27","Maharashtra","521","Pune","Local","1000","1400","1200"
"2025-05-18","Potato","2493","Khed(Chakan)","27","Maharashtra","521","Pune","Other","1300","2000","1600"
"2025-05-18","Potato","2492","Junnar(Otur)","27","Maharashtra","521","Pune","Local","500","1500","1200"
"2025-05-18","Potato","172","Pune","27","Maharashtra","521","Pune","Local","1200","2200","1700"
"2025-05-17","Potato","2495","Pune(Khadiki)","27","Maharashtra","521","Pune","Local","1000","1400","1200"
"2025-05-17","Potato","4752","Pune(Moshi)","27","Maharashtra","521","Pune","Local","1400","1800","1600"
"2025-05-17","Potato","4751","Pune(Manjri)","27","Maharashtra","521","Pune","Other","1500","2000","1800"
"2025-05-17","Potato","3960","Junnar(Narayangaon)","27","Maharashtra","521","Pune","Other","1600","2300","2000"
"2025-05-17","Potato","2493","Khed(Chakan)","27","Maharashtra","521","Pune","Other","1400","2200","1800"
"2025-05-16","Potato","2495","Pune(Khadiki)","27","Maharashtra","521","Pune","Local","1000","1400","1200"
"2025-05-16","Potato","4752","Pune(Moshi)","27","Maharashtra","521","Pune","Local","1400","1600","1500"
"2025-05-16","Potato","4751","Pune(Manjri)","27","Maharashtra","521","Pune","Other","1500","2000","1700"
"2025-05-16","Potato","3960","Junnar(Narayangaon)","27","Maharashtra","521","Pune","Other","1900","2300","2100"
"2025-05-16","Potato","172","Pune","27","Maharashtra","521","Pune","Local","1400","2200","1800"
"2025-05-15","Potato","172","Pune","27","Maharashtra","521","Pune","Local","1300","2200","1750"
"2025-05-15","Potato","4752","Pune(Moshi)","27","Maharashtra","521","Pune","Local","1200","1600","1400"
"2025-05-15","Potato","4751","Pune(Manjri)","27","Maharashtra","521","Pune","Other","1500","2200","1700"
"2025-05-15","Potato","2495","Pune(Khadiki)","27","Maharashtra","521","Pune","Local","1000","1600","1300"
"2025-05-15","Potato","2493","Khed(Chakan)","27","Maharashtra","521","Pune","Other","1200","2200","1800"
"2025-05-15","Potato","2492","Junnar(Otur)","27","Maharashtra","521","Pune","Local","500","1200","1000"
"2025-05-15","Potato","1455","Junnar","27","Maharashtra","521","Pune","Local","1000","2000","1500"
"2025-05-13","Potato","2495","Pune(Khadiki)","27","Maharashtra","521","Pune","Local","1000","1400","1200"
"2025-05-13","Potato","4752","Pune(Moshi)","27","Maharashtra","521","Pune","Local","1200","1500","1350"
"2025-05-13","Potato","2493","Khed(Chakan)","27","Maharashtra","521","Pune","Other","1400","2000","1600"
"2025-05-12","Potato","2495","Pune(Khadiki)","27","Maharashtra","521","Pune","Local","1200","1600","1400"
"2025-05-12","Potato","4752","Pune(Moshi)","27","Maharashtra","521","Pune","Local","1300","1800","1550"
"2025-05-12","Potato","4751","Pune(Manjri)","27","Maharashtra","521","Pune","Other","1600","2200","1900"
"2025-05-12","Potato","3960","Junnar(Narayangaon)","27","Maharashtra","521","Pune","Other","400","2000","1500"
"2025-05-12","Potato","172","Pune","27","Maharashtra","521","Pune","Local","1200","2200","1700"
"2025-05-11","Potato","1455","Junnar","27","Maharashtra","521","Pune","Local","1500","2000","1700"
"2025-05-11","Potato","4752","Pune(Moshi)","27","Maharashtra","521","Pune","Local","1200","1800","1500"
"2025-05-11","Potato","4751","Pune(Manjri)","27","Maharashtra","521","Pune","Other","1500","2300","1900"
"2025-05-11","Potato","2493","Khed(Chakan)","27","Maharashtra","521","Pune","Other","1400","2000","1600"
"2025-05-11","Potato","172","Pune","27","Maharashtra","521","Pune","Local","1300","2200","1750"
"2025-05-10","Potato","2495","Pune(Khadiki)","27","Maharashtra","521","Pune","Local","1000","1300","1150"
"2025-05-10","Potato","4752","Pune(Moshi)","27","Maharashtra","521","Pune","Local","1200","1600","1400"
"2025-05-10","Potato","4751","Pune(Manjri)","27","Maharashtra","521","Pune","Other","1600","2200","1800"
"2025-05-10","Potato","2493","Khed(Chakan)","27","Maharashtra","521","Pune","Other","1300","2000","1500"
"2025-05-09","Potato","172","Pune","27","Maharashtra","521","Pune","Local","1300","2200","1750"
"2025-05-09","Potato","4752","Pune(Moshi)","27","Maharashtra","521","Pune","Local","1000","1600","1300"
"2025-05-09","Potato","4751","Pune(Manjri)","27","Maharashtra","521","Pune","Other","1500","2400","1900"
"2025-05-09","Potato","2493","Khed(Chakan)","27","Maharashtra","521","Pune","Other","1400","2000","1600"
"2025-05-09","Potato","577","Manchar","27","Maharashtra","521","Pune","Other","700","1600","1150"
"2025-05-08","Potato","4752","Pune(Moshi)","27","Maharashtra","521","Pune","Local","1000","1600","1300"
"2025-05-08","Potato","4751","Pune(Manjri)","27","Maharashtra","521","Pune","Other","1500","2200","1800"
"2025-05-08","Potato","2495","Pune(Khadiki)","27","Maharashtra","521","Pune","Local","1000","1400","1200"
"2025-05-08","Potato","2493","Khed(Chakan)","27","Maharashtra","521","Pune","Other","1300","2000","1500"
"2025-05-08","Potato","2492","Junnar(Otur)","27","Maharashtra","521","Pune","Local","500","2200","1800"
"2025-05-08","Potato","1455","Junnar","27","Maharashtra","521","Pune","Local","1000","1800","1400"
"2025-05-08","Potato","577","Manchar","27","Maharashtra","521","Pune","Other","1200","1500","1400"
"2025-05-08","Potato","172","Pune","27","Maharashtra","521","Pune","Local","1000","2100","1550"
"2025-05-07","Potato","4751","Pune(Manjri)","27","Maharashtra","521","Pune","Other","1500","2200","1800"
"2025-05-07","Potato","2495","Pune(Khadiki)","27","Maharashtra","521","Pune","Local","1000","1400","1200"
"2025-05-07","Potato","2493","Khed(Chakan)","27","Maharashtra","521","Pune","Other","1200","2000","1600"
"2025-05-07","Potato","172","Pune","27","Maharashtra","521","Pune","Local","1000","2200","1600"
"2025-05-06","Potato","4752","Pune(Moshi)","27","Maharashtra","521","Pune","Local","1000","1600","1300"
"2025-05-06","Potato","4751","Pune(Manjri)","27","Maharashtra","521","Pune","Other","1500","2400","1900"
"2025-05-06","Potato","2495","Pune(Khadiki)","27","Maharashtra","521","Pune","Local","1000","1400","1200"
"2025-05-06","Potato","2493","Khed(Chakan)","27","Maharashtra","521","Pune","Other","1300","1800","1500"
"2025-05-06","Potato","577","Manchar","27","Maharashtra","521","Pune","Other","1200","1400","1350"
"2025-05-06","Potato","172","Pune","27","Maharashtra","521","Pune","Local","1000","2100","1550"
"2025-05-05","Potato","4751","Pune(Manjri)","27","Maharashtra","521","Pune","Other","1600","2200","1900"
"2025-05-05","Potato","4752","Pune(Moshi)","27","Maharashtra","521","Pune","Local","1200","1400","1300"
"2025-05-05","Potato","3960","Junnar(Narayangaon)","27","Maharashtra","521","Pune","Other","300","1000","600"
"2025-05-05","Potato","2495","Pune(Khadiki)","27","Maharashtra","521","Pune","Local","1100","1400","1250"
"2025-05-05","Potato","172","Pune","27","Maharashtra","521","Pune","Local","1200","2200","1700"
"2025-05-04","Potato","4752","Pune(Moshi)","27","Maharashtra","521","Pune","Local","1000","1600","1300"
"2025-05-04","Potato","4751","Pune(Manjri)","27","Maharashtra","521","Pune","Other","1500","2200","1800"
"2025-05-04","Potato","3960","Junnar(Narayangaon)","27","Maharashtra","521","Pune","Other","200","1000","650"
"2025-05-04","Potato","2495","Pune(Khadiki)","27","Maharashtra","521","Pune","Local","1000","1400","1200"
"2025-05-04","Potato","1455","Junnar","27","Maharashtra","521","Pune","Local","900","2000","1500"
"2025-05-04","Potato","172","Pune","27","Maharashtra","521","Pune","Local","1200","2100","1650"
"2025-05-03","Potato","4752","Pune(Moshi)","27","Maharashtra","521","Pune","Local","1000","1400","1200"
"2025-05-03","Potato","4751","Pune(Manjri)","27","Maharashtra","521","Pune","Other","1600","2600","2000"
"2025-05-03","Potato","2495","Pune(Khadiki)","27","Maharashtra","521","Pune","Local","1000","1400","1200"
"2025-05-02","Potato","4752","Pune(Moshi)","27","Maharashtra","521","Pune","Local","1000","2000","1500"
"2025-05-02","Potato","4751","Pune(Manjri)","27","Maharashtra","521","Pune","Other","1600","2600","2000"
"2025-05-02","Potato","3960","Junnar(Narayangaon)","27","Maharashtra","521","Pune","Other","400","2000","1500"
"2025-05-02","Potato","2495","Pune(Khadiki)","27","Maharashtra","521","Pune","Local","1000","1400","1200"
"2025-05-02","Potato","2493","Khed(Chakan)","27","Maharashtra","521","Pune","Other","1400","2000","1700"
"2025-05-02","Potato","577","Manchar","27","Maharashtra","521","Pune","Other","160","160","160"
"2025-05-02","Potato","172","Pune","27","Maharashtra","521","Pune","Local","1200","2200","1700"
"2025-05-01","Potato","3960","Junnar(Narayangaon)","27","Maharashtra","521","Pune","Other","400","2200","1500"
"2025-05-01","Potato","2492","Junnar(Otur)","27","Maharashtra","521","Pune","Local","500","1920","1300"
"2025-05-01","Potato","1455","Junnar","27","Maharashtra","521","Pune","Local","900","1800","1300"
"2025-05-01","Potato","577","Manchar","27","Maharashtra","521","Pune","Other","1000","1600","1300"
"2025-04-30","Potato","2495","Pune(Khadiki)","27","Maharashtra","521","Pune","Local","1000","1400","1200"
"2025-04-30","Potato","2493","Khed(Chakan)","27","Maharashtra","521","Pune","Other","1100","2000","1500"
"2025-04-30","Potato","577","Manchar","27","Maharashtra","521","Pune","Other","1000","1600","1300"
"2025-04-30","Potato","172","Pune","27","Maharashtra","521","Pune","Local","1200","2200","1700"
"2025-04-29","Potato","4752","Pune(Moshi)","27","Maharashtra","521","Pune","Local","1200","1300","1250"
"2025-04-29","Potato","2493","Khed(Chakan)","27","Maharashtra","521","Pune","Other","1400","2000","1500"
"2025-04-29","Potato","577","Manchar","27","Maharashtra","521","Pune","Other","1400","1600","1500"
"2025-04-29","Potato","172","Pune","27","Maharashtra","521","Pune","Local","1000","2100","1550"
"2025-04-28","Potato","4752","Pune(Moshi)","27","Maharashtra","521","Pune","Local","1000","1400","1200"
"2025-04-28","Potato","4751","Pune(Manjri)","27","Maharashtra","521","Pune","Other","2000","2500","2200"
"2025-04-28","Potato","3960","Junnar(Narayangaon)","27","Maharashtra","521","Pune","Other","300","1000","600"
"2025-04-28","Potato","2495","Pune(Khadiki)","27","Maharashtra","521","Pune","Local","1000","1400","1200"
"2025-04-28","Potato","577","Manchar","27","Maharashtra","521","Pune","Other","1000","1700","1420"
"2025-04-28","Potato","172","Pune","27","Maharashtra","521","Pune","Local","1000","2100","1550"
"2025-04-27","Potato","4752","Pune(Moshi)","27","Maharashtra","521","Pune","Local","1000","1600","1300"
"2025-04-27","Potato","4751","Pune(Manjri)","27","Maharashtra","521","Pune","Other","2000","2500","2200"
"2025-04-27","Potato","3960","Junnar(Narayangaon)","27","Maharashtra","521","Pune","Other","400","2400","1800"
"2025-04-27","Potato","2495","Pune(Khadiki)","27","Maharashtra","521","Pune","Local","1000","1400","1200"
"2025-04-27","Potato","2493","Khed(Chakan)","27","Maharashtra","521","Pune","Other","1400","2000","1500"
"2025-04-27","Potato","1455","Junnar","27","Maharashtra","521","Pune","Local","900","1800","1400"
"2025-04-27","Potato","172","Pune","27","Maharashtra","521","Pune","Local","1000","2100","1550"
"2025-04-26","Potato","4752","Pune(Moshi)","27","Maharashtra","521","Pune","Local","1200","1400","1300"
"2025-04-26","Potato","4751","Pune(Manjri)","27","Maharashtra","521","Pune","Other","1500","2500","2000"
"2025-04-26","Potato","2495","Pune(Khadiki)","27","Maharashtra","521","Pune","Local","800","1300","1050"
"2025-04-25","Potato","4752","Pune(Moshi)","27","Maharashtra","521","Pune","Local","800","1400","1100"
"2025-04-25","Potato","4751","Pune(Manjri)","27","Maharashtra","521","Pune","Other","2000","2500","2200"
"2025-04-25","Potato","3960","Junnar(Narayangaon)","27","Maharashtra","521","Pune","Other","400","1810","1200"
"2025-04-25","Potato","2495","Pune(Khadiki)","27","Maharashtra","521","Pune","Local","1000","1300","1150"
"2025-04-25","Potato","2493","Khed(Chakan)","27","Maharashtra","521","Pune","Other","1300","2000","1600"
"2025-04-25","Potato","172","Pune","27","Maharashtra","521","Pune","Local","1200","2100","1650"
"2025-04-24","Potato","4752","Pune(Moshi)","27","Maharashtra","521","Pune","Local","800","1600","1200"
"2025-04-24","Potato","4751","Pune(Manjri)","27","Maharashtra","521","Pune","Other","1500","2000","1700"
"2025-04-24","Potato","3960","Junnar(Narayangaon)","27","Maharashtra","521","Pune","Other","500","2300","1500"
"2025-04-24","Potato","2495","Pune(Khadiki)","27","Maharashtra","521","Pune","Local","1000","1300","1150"
"2025-04-24","Potato","2493","Khed(Chakan)","27","Maharashtra","521","Pune","Other","1300","2000","1500"
"2025-04-24","Potato","1455","Junnar","27","Maharashtra","521","Pune","Local","1300","1700","1400"
"2025-04-24","Potato","577","Manchar","27","Maharashtra","521","Pune","Other","1000","1600","1300"
"2025-04-24","Potato","172","Pune","27","Maharashtra","521","Pune","Local","1000","2100","1550"
"2025-04-23","Potato","4751","Pune(Manjri)","27","Maharashtra","521","Pune","Other","1500","2000","1700"
"2025-04-23","Potato","3960","Junnar(Narayangaon)","27","Maharashtra","521","Pune","Other","500","2300","1700"
"2025-04-23","Potato","2495","Pune(Khadiki)","27","Maharashtra","521","Pune","Local","700","1300","1000"
"2025-04-23","Potato","2493","Khed(Chakan)","27","Maharashtra","521","Pune","Other","1200","1800","1500"
"2025-04-23","Potato","577","Manchar","27","Maharashtra","521","Pune","Other","1000","1500","1250"
"2025-04-23","Potato","172","Pune","27","Maharashtra","521","Pune","Local","1000","2100","1550"
"2025-04-22","Potato","4752","Pune(Moshi)","27","Maharashtra","521","Pune","Local","1000","1600","1300"
"2025-04-22","Potato","4751","Pune(Manjri)","27","Maharashtra","521","Pune","Other","1500","2200","2000"
"2025-04-22","Potato","2495","Pune(Khadiki)","27","Maharashtra","521","Pune","Local","1000","1400","1200"
"2025-04-22","Potato","2493","Khed(Chakan)","27","Maharashtra","521","Pune","Other","1500","2000","1750"
"2025-04-22","Potato","577","Manchar","27","Maharashtra","521","Pune","Other","1500","2000","1800"
"2025-04-21","Potato","4752","Pune(Moshi)","27","Maharashtra","521","Pune","Local","1000","1300","1150"
"2025-04-21","Potato","4751","Pune(Manjri)","27","Maharashtra","521","Pune","Other","1500","2200","1800"
"2025-04-21","Potato","3960","Junnar(Narayangaon)","27","Maharashtra","521","Pune","Other","400","1800","1300"
"2025-04-21","Potato","2495","Pune(Khadiki)","27","Maharashtra","521","Pune","Local","1000","1300","1150"
"2025-04-21","Potato","577","Manchar","27","Maharashtra","521","Pune","Other","1000","1300","1150"
"2025-04-21","Potato","172","Pune","27","Maharashtra","521","Pune","Local","1200","2100","1650"
"2025-04-20","Potato","4752","Pune(Moshi)","27","Maharashtra","521","Pune","Local","800","1500","1150"
"2025-04-20","Potato","4751","Pune(Manjri)","27","Maharashtra","521","Pune","Other","1500","2000","1700"
"2025-04-20","Potato","3960","Junnar(Narayangaon)","27","Maharashtra","521","Pune","Other","300","1000","750"
"2025-04-20","Potato","2495","Pune(Khadiki)","27","Maharashtra","521","Pune","Local","700","1300","1000"
"2025-04-20","Potato","2493","Khed(Chakan)","27","Maharashtra","521","Pune","Other","1200","2000","1600"
"2025-04-20","Potato","1455","Junnar","27","Maharashtra","521","Pune","Local","1000","1800","1400"
"2025-04-20","Potato","172","Pune","27","Maharashtra","521","Pune","Local","1400","2000","1700"
"2025-04-19","Potato","4752","Pune(Moshi)","27","Maharashtra","521","Pune","Local","1000","1400","1200"
"2025-04-19","Potato","4751","Pune(Manjri)","27","Maharashtra","521","Pune","Other","1500","2200","1800"
"2025-04-19","Potato","2495","Pune(Khadiki)","27","Maharashtra","521","Pune","Local","1000","1400","1200"
"2025-04-19","Potato","2493","Khed(Chakan)","27","Maharashtra","521","Pune","Other","1300","2000","1600"
"2025-04-18","Potato","4752","Pune(Moshi)","27","Maharashtra","521","Pune","Local","1200","1500","1350"
"2025-04-18","Potato","4751","Pune(Manjri)","27","Maharashtra","521","Pune","Other","1500","2000","1700"
"2025-04-18","Potato","3960","Junnar(Narayangaon)","27","Maharashtra","521","Pune","Other","400","1600","1100"
"2025-04-18","Potato","172","Pune","27","Maharashtra","521","Pune","Local","1200","2000","1600"
"2025-04-18","Potato","577","Manchar","27","Maharashtra","521","Pune","Local","1000","1500","1255"
"2025-04-18","Potato","2493","Khed(Chakan)","27","Maharashtra","521","Pune","Other","1200","2000","1800"
"2025-04-18","Potato","2495","Pune(Khadiki)","27","Maharashtra","521","Pune","Local","1000","1400","1200"
"2025-04-17","Potato","4751","Pune(Manjri)","27","Maharashtra","521","Pune","Other","1500","2200","1800"
"2025-04-17","Potato","172","Pune","27","Maharashtra","521","Pune","Local","1000","2000","1500"
"2025-04-17","Potato","577","Manchar","27","Maharashtra","521","Pune","Other","1000","1500","1250"
"2025-04-17","Potato","1455","Junnar","27","Maharashtra","521","Pune","Local","1300","1800","1500"
"2025-04-17","Potato","2492","Junnar(Otur)","27","Maharashtra","521","Pune","Local","500","2200","1800"
"2025-04-17","Potato","2493","Khed(Chakan)","27","Maharashtra","521","Pune","Other","1200","2000","1500"
"2025-04-17","Potato","3960","Junnar(Narayangaon)","27","Maharashtra","521","Pune","Other","500","1800","1300"
"2025-04-17","Potato","4752","Pune(Moshi)","27","Maharashtra","521","Pune","Local","1000","1600","1300"
"2025-04-16","Potato","172","Pune","27","Maharashtra","521","Pune","Local","1000","2000","1500"
"2025-04-16","Potato","2493","Khed(Chakan)","27","Maharashtra","521","Pune","Other","1200","2000","1700"
"2025-04-16","Potato","4751","Pune(Manjri)","27","Maharashtra","521","Pune","Other","1500","2000","1700"
"2025-04-15","Potato","2493","Khed(Chakan)","27","Maharashtra","521","Pune","Other","1300","2000","1500"
"2025-04-15","Potato","2492","Junnar(Otur)","27","Maharashtra","521","Pune","Local","500","1670","1200"
"2025-04-15","Potato","172","Pune","27","Maharashtra","521","Pune","Local","1000","2000","1500"
"2025-04-15","Potato","577","Manchar","27","Maharashtra","521","Pune","Other","1000","1600","1350"
"2025-04-15","Potato","4751","Pune(Manjri)","27","Maharashtra","521","Pune","Other","1500","2000","1700"
"2025-04-15","Potato","4752","Pune(Moshi)","27","Maharashtra","521","Pune","Local","1000","1200","1100"
"2025-04-14","Potato","577","Manchar","27","Maharashtra","521","Pune","Other","600","1600","1100"
"2025-04-14","Potato","4752","Pune(Moshi)","27","Maharashtra","521","Pune","Local","1000","1300","1150"
"2025-04-14","Potato","4751","Pune(Manjri)","27","Maharashtra","521","Pune","Other","1500","2000","1700"
"2025-04-14","Potato","3960","Junnar(Narayangaon)","27","Maharashtra","521","Pune","Other","400","2000","1500"
"2025-04-14","Potato","2492","Junnar(Otur)","27","Maharashtra","521","Pune","Local","500","1600","1300"
"2025-04-14","Potato","172","Pune","27","Maharashtra","521","Pune","Local","1000","2000","1500"
"2025-04-13","Potato","2493","Khed(Chakan)","27","Maharashtra","521","Pune","Other","1300","2000","1500"
"2025-04-13","Potato","4752","Pune(Moshi)","27","Maharashtra","521","Pune","Local","1000","1600","1300"
"2025-04-13","Potato","4751","Pune(Manjri)","27","Maharashtra","521","Pune","Other","1500","2000","1700"
"2025-04-13","Potato","3960","Junnar(Narayangaon)","27","Maharashtra","521","Pune","Other","400","1800","1100"
"2025-04-13","Potato","2495","Pune(Khadiki)","27","Maharashtra","521","Pune","Local","1000","1300","1150"
"2025-04-13","Potato","2492","Junnar(Otur)","27","Maharashtra","521","Pune","Local","500","1600","1200"
"2025-04-13","Potato","172","Pune","27","Maharashtra","521","Pune","Local","1000","2000","1500"
"2025-04-12","Potato","4752","Pune(Moshi)","27","Maharashtra","521","Pune","Local","800","1600","1200"
"2025-04-12","Potato","4751","Pune(Manjri)","27","Maharashtra","521","Pune","Other","1600","2600","2000"
"2025-04-12","Potato","3960","Junnar(Narayangaon)","27","Maharashtra","521","Pune","Other","500","2000","1500"
"2025-04-12","Potato","2495","Pune(Khadiki)","27","Maharashtra","521","Pune","Local","700","1300","1000"
"2025-04-12","Potato","2493","Khed(Chakan)","27","Maharashtra","521","Pune","Other","1200","2000","1500"