t,cmdty,market_id,market_name,state_id,state_name,district_id,district_name,variety,p_min,p_max,p_modal
"2025-10-30","Onion","2492","Junnar(Otur)","27","Maharashtra","521","Pune","Other","1000","2000","1800"
"2025-10-30","Onion","4751","Pune(Manjri)","27","Maharashtra","521","Pune","Local","600","1400","1000"
"2025-10-30","Onion","2495","Pune(Khadiki)","27","Maharashtra","521","Pune","Local","700","1000","850"
"2025-10-30","Onion","4752","Pune(Moshi)","27","Maharashtra","521","Pune","Local","500","1500","1000"
"2025-10-30","Onion","3960","Junnar(Narayangaon)","27","Maharashtra","521","Pune","Other","300","1600","1200"
"2025-10-30","Onion","2494","Pune(Pimpri)","27","Maharashtra","521","Pune","Local","1000","1500","1250"
"2025-10-30","Onion","1455","Junnar","27","Maharashtra","521","Pune","Other","500","2000","1500"
"2025-10-30","Onion","2493","Khed(Chakan)","27","Maharashtra","521","Pune","Other","800","1400","1200"
"2025-10-30","Onion","172","Pune","27","Maharashtra","521","Pune","Local","500","1700","1100"
"2025-10-29","Onion","2495","Pune(Khadiki)","27","Maharashtra","521","Pune","Local","600","1000","800"
"2025-10-29","Onion","4751","Pune(Manjri)","27","Maharashtra","521","Pune","Local","800","1600","1200"
"2025-10-29","Onion","172","Pune","27","Maharashtra","521","Pune","Local","500","1800","1150"
"2025-10-29","Onion","2494","Pune(Pimpri)","27","Maharashtra","521","Pune","Local","1400","2000","1700"
"2025-10-29","Onion","2493","Khed(Chakan)","27","Maharashtra","521","Pune","Other","800","1500","1200"
"2025-10-28","Onion","4751","Pune(Manjri)","27","Maharashtra","521","Pune","Local","800","1600","1200"
"2025-10-28","Onion","2493","Khed(Chakan)","27","Maharashtra","521","Pune","Other","800","1600","1300"
"2025-10-28","Onion","4752","Pune(Moshi)","27","Maharashtra","521","Pune","Local","700","1500","1100"
"2025-10-28","Onion","2494","Pune(Pimpri)","27","Maharashtra","521","Pune","Local","1400","2000","1700"
"2025-10-28","Onion","2495","Pune(Khadiki)","27","Maharashtra","521","Pune","Local","700","1000","850"
"2025-10-28","Onion","3958","Junnar(Alephata)","27","Maharashtra","521","Pune","Other","1200","20000","1550"
"2025-10-28","Onion","577","Manchar","27","Maharashtra","521","Pune","Other","1500","1840","1700"
"2025-10-28","Onion","172","Pune","27","Maharashtra","521","Pune","Local","400","1800","1100"
"2025-10-27","Onion","2494","Pune(Pimpri)","27","Maharashtra","521","Pune","Local","1000","1600","1300"
"2025-10-27","Onion","172","Pune","27","Maharashtra","521","Pune","Local","500","2000","1250"
"2025-10-27","Onion","4752","Pune(Moshi)","27","Maharashtra","521","Pune","Local","700","1600","1150"
"2025-10-27","Onion","2495","Pune(Khadiki)","27","Maharashtra","521","Pune","Local","800","1000","900"
"2025-10-26","Onion","2494","Pune(Pimpri)","27","Maharashtra","521","Pune","Local","1000","1400","1200"
"2025-10-26","Onion","172","Pune","27","Maharashtra","521","Pune","Local","600","2000","1300"
"2025-10-26","Onion","2495","Pune(Khadiki)","27","Maharashtra","521","Pune","Local","600","1000","800"
"2025-10-26","Onion","3960","Junnar(Narayangaon)","27","Maharashtra","521","Pune","Other","300","1600","1100"
"2025-10-26","Onion","4752","Pune(Moshi)","27","Maharashtra","521","Pune","Local","500","1500","1000"
"2025-10-26","Onion","1455","Junnar","27","Maharashtra","521","Pune","Other","500","2210","1800"
"2025-10-26","Onion","4751","Pune(Manjri)","27","Maharashtra","521","Pune","Local","800","1800","1300"
"2025-10-26","Onion","2492","Junnar(Otur)","27","Maharashtra","521","Pune","Other","1000","2100","1550"
"2025-10-25","Onion","2493","Khed(Chakan)","27","Maharashtra","521","Pune","Other","800","1500","1000"
"2025-10-24","Onion","172","Pune","27","Maharashtra","521","Pune","Local","400","1600","1000"
"2025-10-24","Onion","2494","Pune(Pimpri)","27","Maharashtra","521","Pune","Local","1100","1500","1300"
"2025-10-24","Onion","2495","Pune(Khadiki)","27","Maharashtra","521","Pune","Local","700","1000","850"
"2025-10-24","Onion","4752","Pune(Moshi)","27","Maharashtra","521","Pune","Local","400","1200","800"
"2025-10-23","Onion","2494","Pune(Pimpri)","27","Maharashtra","521","Pune","Local","1200","1400","1300"
"2025-10-23","Onion","4751","Pune(Manjri)","27","Maharashtra","521","Pune","Local","600","1400","1000"
"2025-10-22","Onion","2494","Pune(Pimpri)","27","Maharashtra","521","Pune","Local","1000","1600","1300"
"2025-10-22","Onion","4751","Pune(Manjri)","27","Maharashtra","521","Pune","Local","1000","1400","1200"
"2025-10-22","Onion","2495","Pune(Khadiki)","27","Maharashtra","521","Pune","Local","600","1100","800"
"2025-10-22","Onion","172","Pune","27","Maharashtra","521","Pune","Local","400","1500","950"
"2025-10-21","Onion","172","Pune","27","Maharashtra","521","Pune","Local","400","1500","950"
"2025-10-21","Onion","2495","Pune(Khadiki)","27","Maharashtra","521","Pune","Local","600","1100","850"
"2025-10-21","Onion","4751","Pune(Manjri)","27","Maharashtra","521","Pune","Local","800","1200","1000"
"2025-10-21","Onion","2494","Pune(Pimpri)","27","Maharashtra","521","Pune","Local","1200","1200","1200"
"2025-10-21","Onion","4752","Pune(Moshi)","27","Maharashtra","521","Pune","Local","400","1000","700"
"2025-10-20","Onion","2494","Pune(Pimpri)","27","Maharashtra","521","Pune","Local","1200","1200","1200"
"2025-10-20","Onion","4752","Pune(Moshi)","27","Maharashtra","521","Pune","Local","1100","3500","2300"
"2025-10-20","Onion","172","Pune","27","Maharashtra","521","Pune","Local","300","1400","850"
"2025-10-20","Onion","4751","Pune(Manjri)","27","Maharashtra","521","Pune","Local","600","1000","800"
"2025-10-19","Onion","3958","Junnar(Alephata)","27","Maharashtra","521","Pune","Other","1000","1661","1350"
"2025-10-19","Onion","172","Pune","27","Maharashtra","521","Pune","Local","300","1400","850"
"2025-10-19","Onion","2495","Pune(Khadiki)","27","Maharashtra","521","Pune","Local","500","1200","950"
"2025-10-19","Onion","2493","Khed(Chakan)","27","Maharashtra","521","Pune","Other","700","1400","1100"
"2025-10-19","Onion","4752","Pune(Moshi)","27","Maharashtra","521","Pune","Local","300","1000","650"
"2025-10-19","Onion","2494","Pune(Pimpri)","27","Maharashtra","521","Pune","Local","600","1400","1000"
"2025-10-18","Onion","2493","Khed(Chakan)","27","Maharashtra","521","Pune","Other","800","1400","1000"
"2025-10-18","Onion","4752","Pune(Moshi)","27","Maharashtra","521","Pune","Local","500","1000","750"
"2025-10-18","Onion","2494","Pune(Pimpri)","27","Maharashtra","521","Pune","Local","800","1200","1000"
"2025-10-18","Onion","3960","Junnar(Narayangaon)","27","Maharashtra","521","Pune","Other","300","1500","850"
"2025-10-18","Onion","2495","Pune(Khadiki)","27","Maharashtra","521","Pune","Local","800","1100","950"
"2025-10-18","Onion","4751","Pune(Manjri)","27","Maharashtra","521","Pune","Local","600","1000","800"
"2025-10-17","Onion","2495","Pune(Khadiki)","27","Maharashtra","521","Pune","Local","700","1200","950"
"2025-10-17","Onion","4752","Pune(Moshi)","27","Maharashtra","521","Pune","Local","400","1000","700"
"2025-10-17","Onion","1171","Indapur","27","Maharashtra","521","Pune","Red","200","1500","700"
"2025-10-17","Onion","3958","Junnar(Alephata)","27","Maharashtra","521","Pune","Other","1000","1610","1340"
"2025-10-17","Onion","2493","Khed(Chakan)","27","Maharashtra","521","Pune","Other","600","1400","1100"
"2025-10-17","Onion","2494","Pune(Pimpri)","27","Maharashtra","521","Pune","Local","1200","1500","1350"
"2025-10-16","Onion","2492","Junnar(Otur)","27","Maharashtra","521","Pune","Other","600","1650","1200"
"2025-10-16","Onion","577","Manchar","27","Maharashtra","521","Pune","Other","1250","1550","1400"
"2025-10-16","Onion","2493","Khed(Chakan)","27","Maharashtra","521","Pune","Other","600","1400","1200"
"2025-10-16","Onion","1171","Indapur","27","Maharashtra","521","Pune","Red","200","1600","900"
"2025-10-16","Onion","4752","Pune(Moshi)","27","Maharashtra","521","Pune","Local","300","1000","650"
"2025-10-16","Onion","3960","Junnar(Narayangaon)","27","Maharashtra","521","Pune","Other","300","1300","850"
"2025-10-16","Onion","172","Pune","27","Maharashtra","521","Pune","Local","300","1500","900"
"2025-10-16","Onion","2494","Pune(Pimpri)","27","Maharashtra","521","Pune","Local","1200","1500","1350"
"2025-10-16","Onion","4751","Pune(Manjri)","27","Maharashtra","521","Pune","Local","400","1200","800"
"2025-10-16","Onion","2495","Pune(Khadiki)","27","Maharashtra","521","Pune","Local","1000","1200","1100"
"2025-10-15","Onion","2495","Pune(Khadiki)","27","Maharashtra","521","Pune","Local","800","1200","1000"
"2025-10-15","Onion","4751","Pune(Manjri)","27","Maharashtra","521","Pune","Local","400","1200","800"
"2025-10-15","Onion","2494","Pune(Pimpri)","27","Maharashtra","521","Pune","Local","1000","1500","1250"
"2025-10-15","Onion","172","Pune","27","Maharashtra","521","Pune","Local","300","1500","900"
"2025-10-15","Onion","2493","Khed(Chakan)","27","Maharashtra","521","Pune","Other","800","1400","1200"
"2025-10-14","Onion","2495","Pune(Khadiki)","27","Maharashtra","521","Pune","Local","800","1200","1000"
"2025-10-14","Onion","4751","Pune(Manjri)","27","Maharashtra","521","Pune","Local","400","1000","700"
"2025-10-14","Onion","2494","Pune(Pimpri)","27","Maharashtra","521","Pune","Local","1000","1400","1200"
"2025-10-14","Onion","3958","Junnar(Alephata)","27","Maharashtra","521","Pune","Other","1000","1640","1350"
"2025-10-14","Onion","577","Manchar","27","Maharashtra","521","Pune","Other","1250","1510","1400"
"2025-10-14","Onion","1171","Indapur","27","Maharashtra","521","Pune","Red","200","1600","900"
"2025-10-14","Onion","172","Pune","27","Maharashtra","521","Pune","Local","300","1500","900"
"2025-10-14","Onion","4752","Pune(Moshi)","27","Maharashtra","521","Pune","Local","300","1000","650"
"2025-10-14","Onion","2493","Khed(Chakan)","27","Maharashtra","521","Pune","Other","800","1400","1200"
"2025-10-13","Onion","3960","Junnar(Narayangaon)","27","Maharashtra","521","Pune","Other","300","1500","900"
"2025-10-13","Onion","2495","Pune(Khadiki)","27","Maharashtra","521","Pune","Local","1000","1100","1050"
"2025-10-13","Onion","172","Pune","27","Maharashtra","521","Pune","Local","300","1500","900"
"2025-10-13","Onion","2494","Pune(Pimpri)","27","Maharashtra","521","Pune","Local","1200","1500","1350"
"2025-10-13","Onion","1171","Indapur","27","Maharashtra","521","Pune","Red","200","1700","1000"
"2025-10-13","Onion","4752","Pune(Moshi)","27","Maharashtra","521","Pune","Local","400","1000","700"
"2025-10-13","Onion","4751","Pune(Manjri)","27","Maharashtra","521","Pune","Local","400","1200","800"
"2025-10-12","Onion","3958","Junnar(Alephata)","27","Maharashtra","521","Pune","Other","900","1650","1300"
"2025-10-12","Onion","2493","Khed(Chakan)","27","Maharashtra","521","Pune","Other","800","1400","1000"
"2025-10-12","Onion","2492","Junnar(Otur)","27","Maharashtra","521","Pune","Other","700","1650","1200"
"2025-10-12","Onion","3960","Junnar(Narayangaon)","27","Maharashtra","521","Pune","Other","300","1200","850"
"2025-10-12","Onion","2494","Pune(Pimpri)","27","Maharashtra","521","Pune","Local","800","1500","1150"
"2025-10-12","Onion","4752","Pune(Moshi)","27","Maharashtra","521","Pune","Local","400","1000","700"
"2025-10-12","Onion","4751","Pune(Manjri)","27","Maharashtra","521","Pune","Local","800","1200","1000"
"2025-10-12","Onion","172","Pune","27","Maharashtra","521","Pune","Local","300","1500","900"
"2025-10-12","Onion","577","Manchar","27","Maharashtra","521","Pune","Other","1250","1510","1380"
"2025-10-11","Onion","2493","Khed(Chakan)","27","Maharashtra","521","Pune","Other","800","1500","1000"
"2025-10-10","Onion","2493","Khed(Chakan)","27","Maharashtra","521","Pune","Other","800","1400","1200"
"2025-10-10","Onion","2494","Pune(Pimpri)","27","Maharashtra","521","Pune","Local","1000","1300","1150"
"2025-10-10","Onion","4752","Pune(Moshi)","27","Maharashtra","521","Pune","Local","500","1300","900"
"2025-10-09","Onion","172","Pune","27","Maharashtra","521","Pune","Local","300","1500","900"
"2025-10-09","Onion","4752","Pune(Moshi)","27","Maharashtra","521","Pune","Local","500","1500","1000"
"2025-10-09","Onion","2495","Pune(Khadiki)","27","Maharashtra","521","Pune","Local","500","1200","850"
"2025-10-09","Onion","2494","Pune(Pimpri)","27","Maharashtra","521","Pune","Local","1000","1400","1200"
"2025-10-09","Onion","4751","Pune(Manjri)","27","Maharashtra","521","Pune","Local","800","1200","1000"
"2025-10-09","Onion","2493","Khed(Chakan)","27","Maharashtra","521","Pune","Other","700","1400","1200"
"2025-10-08","Onion","2495","Pune(Khadiki)","27","Maharashtra","521","Pune","Local","1000","1200","1100"
"2025-10-08","Onion","4751","Pune(Manjri)","27","Maharashtra","521","Pune","Local","400","1000","700"
"2025-10-08","Onion","2494","Pune(Pimpri)","27","Maharashtra","521","Pune","Local","600","1600","1100"
"2025-10-08","Onion","3960","Junnar(Narayangaon)","27","Maharashtra","521","Pune","Other","200","1510","900"
"2025-10-08","Onion","2493","Khed(Chakan)","27","Maharashtra","521","Pune","Other","800","1500","1200"
"2025-10-08","Onion","172","Pune","27","Maharashtra","521","Pune","Local","400","1500","950"
"2025-10-07","Onion","1171","Indapur","27","Maharashtra","521","Pune","Red","200","1700","1200"
"2025-10-07","Onion","2495","Pune(Khadiki)","27","Maharashtra","521","Pune","Local","700","1300","1000"
"2025-10-07","Onion","2494","Pune(Pimpri)","27","Maharashtra","521","Pune","Local","1000","1400","1200"
"2025-10-07","Onion","172","Pune","27","Maharashtra","521","Pune","Local","400","1600","1000"
"2025-10-07","Onion","2493","Khed(Chakan)","27","Maharashtra","521","Pune","Other","700","1400","1100"
"2025-10-07","Onion","4752","Pune(Moshi)","27","Maharashtra","521","Pune","Local","700","1600","1150"
"2025-10-07","Onion","3958","Junnar(Alephata)","27","Maharashtra","521","Pune","Other","900","1710","1500"
"2025-10-07","Onion","4751","Pune(Manjri)","27","Maharashtra","521","Pune","Local","600","1200","900"
"2025-10-06","Onion","4752","Pune(Moshi)","27","Maharashtra","521","Pune","Local","500","1600","1050"
"2025-10-06","Onion","2495","Pune(Khadiki)","27","Maharashtra","521","Pune","Local","800","1200","1000"
"2025-10-06","Onion","2494","Pune(Pimpri)","27","Maharashtra","521","Pune","Local","600","1600","1100"
"2025-10-06","Onion","172","Pune","27","Maharashtra","521","Pune","Local","400","1600","1000"
"2025-10-06","Onion","4751","Pune(Manjri)","27","Maharashtra","521","Pune","Local","3000","6000","5000"
"2025-10-06","Onion","3960","Junnar(Narayangaon)","27","Maharashtra","521","Pune","Other","300","1600","1200"
"2025-10-06","Onion","2492","Junnar(Otur)","27","Maharashtra","521","Pune","Other","800","1810","1200"
"2025-10-05","Onion","2492","Junnar(Otur)","27","Maharashtra","521","Pune","Other","1000","1810","1400"
"2025-10-05","Onion","3960","Junnar(Narayangaon)","27","Maharashtra","521","Pune","Other","300","1700","1200"
"2025-10-05","Onion","2494","Pune(Pimpri)","27","Maharashtra","521","Pune","Local","1200","1600","1400"
"2025-10-05","Onion","4751","Pune(Manjri)","27","Maharashtra","521","Pune","Local","600","1200","900"
"2025-10-05","Onion","2495","Pune(Khadiki)","27","Maharashtra","521","Pune","Local","1200","1300","1250"
"2025-10-05","Onion","172","Pune","27","Maharashtra","521","Pune","Local","400","1600","1000"
"2025-10-05","Onion","4752","Pune(Moshi)","27","Maharashtra","521","Pune","Local","600","1500","1050"
"2025-10-04","Onion","4751","Pune(Manjri)","27","Maharashtra","521","Pune","Local","800","1200","1000"
"2025-10-04","Onion","2494","Pune(Pimpri)","27","Maharashtra","521","Pune","Local","600","1400","1000"
"2025-10-04","Onion","4752","Pune(Moshi)","27","Maharashtra","521","Pune","Local","600","1500","1050"
"2025-10-04","Onion","2495","Pune(Khadiki)","27","Maharashtra","521","Pune","Local","900","1200","1050"
"2025-10-04","Onion","3960","Junnar(Narayangaon)","27","Maharashtra","521","Pune","Other","300","1300","750"
"2025-10-03","Onion","3958","Junnar(Alephata)","27","Maharashtra","521","Pune","Other","900","1750","1200"
"2025-10-03","Onion","172","Pune","27","Maharashtra","521","Pune","Local","400","1600","1000"
"2025-10-03","Onion","1171","Indapur","27","Maharashtra","521","Pune","Red","200","1800","1100"
"2025-10-03","Onion","2495","Pune(Khadiki)","27","Maharashtra","521","Pune","Local","900","1200","1050"
"2025-10-03","Onion","4751","Pune(Manjri)","27","Maharashtra","521","Pune","Local","650","1100","800"
"2025-10-03","Onion","2493","Khed(Chakan)","27","Maharashtra","521","Pune","Other","700","1200","1000"
"2025-10-03","Onion","2494","Pune(Pimpri)","27","Maharashtra","521","Pune","Local","1300","1600","1450"
"2025-10-03","Onion","3960","Junnar(Narayangaon)","27","Maharashtra","521","Pune","Other","300","1400","850"
"2025-10-02","Onion","577","Manchar","27","Maharashtra","521","Pune","Other","1450","1700","1600"
"2025-10-02","Onion","4751","Pune(Manjri)","27","Maharashtra","521","Pune","Local","600","1000","800"
"2025-10-02","Onion","2492","Junnar(Otur)","27","Maharashtra","521","Pune","Other","1000","1650","1250"
"2025-10-02","Onion","1171","Indapur","27","Maharashtra","521","Pune","Red","200","1500","1100"
"2025-10-02","Onion","2493","Khed(Chakan)","27","Maharashtra","521","Pune","Other","700","1200","1000"
"2025-10-02","Onion","172","Pune","27","Maharashtra","521","Pune","Local","400","1600","1000"
"2025-10-02","Onion","4752","Pune(Moshi)","27","Maharashtra","521","Pune","Local","700","1500","1100"
"2025-10-02","Onion","2495","Pune(Khadiki)","27","Maharashtra","521","Pune","Local","1100","1200","1150"
"2025-10-02","Onion","2494","Pune(Pimpri)","27","Maharashtra","521","Pune","Local","1300","1700","1500"
"2025-10-01","Onion","2494","Pune(Pimpri)","27","Maharashtra","521","Pune","Local","1500","1500","1500"
"2025-10-01","Onion","2493","Khed(Chakan)","27","Maharashtra","521","Pune","Other","800","1200","1000"
"2025-10-01","Onion","172","Pune","27","Maharashtra","521","Pune","Local","400","1600","1000"
"2025-09-30","Onion","2494","Pune(Pimpri)","27","Maharashtra","521","Pune","Local","1200","1500","1350"
"2025-09-30","Onion","172","Pune","27","Maharashtra","521","Pune","Local","400","1600","1000"
"2025-09-30","Onion","2495","Pune(Khadiki)","27","Maharashtra","521","Pune","Local","900","1300","1150"
"2025-09-30","Onion","4751","Pune(Manjri)","27","Maharashtra","521","Pune","Local","600","1000","800"
"2025-09-30","Onion","4752","Pune(Moshi)","27","Maharashtra","521","Pune","Local","600","1500","1050"
"2025-09-29","Onion","3960","Junnar(Narayangaon)","27","Maharashtra","521","Pune","Other","300","1400","850"
"2025-09-29","Onion","2494","Pune(Pimpri)","27","Maharashtra","521","Pune","Local","1200","1600","1400"
"2025-09-29","Onion","172","Pune","27","Maharashtra","521","Pune","Local","400","1500","950"
"2025-09-29","Onion","4752","Pune(Moshi)","27","Maharashtra","521","Pune","Local","600","1500","1050"
"2025-09-29","Onion","4751","Pune(Manjri)","27","Maharashtra","521","Pune","Local","600","1200","900"
"2025-09-28","Onion","2494","Pune(Pimpri)","27","Maharashtra","521","Pune","Local","1300","1500","1400"
"2025-09-28","Onion","4752","Pune(Moshi)","27","Maharashtra","521","Pune","Local","500","1500","1000"
"2025-09-28","Onion","172","Pune","27","Maharashtra","521","Pune","Local","300","1600","950"
"2025-09-28","Onion","2495","Pune(Khadiki)","27","Maharashtra","521","Pune","Local","1000","1200","1100"
"2025-09-28","Onion","577","Manchar","27","Maharashtra","521","Pune","Other","1350","1600","1480"
"2025-09-27","Onion","2494","Pune(Pimpri)","27","Maharashtra","521","Pune","Local","1000","1400","1200"
"2025-09-27","Onion","4752","Pune(Moshi)","27","Maharashtra","521","Pune","Local","500","1500","1000"
"2025-09-27","Onion","2493","Khed(Chakan)","27","Maharashtra","521","Pune","Other","800","1300","1000"
"2025-09-27","Onion","4751","Pune(Manjri)","27","Maharashtra","521","Pune","Local","600","1200","900"
"2025-09-27","Onion","3960","Junnar(Narayangaon)","27","Maharashtra","521","Pune","Other","300","1500","900"
"2025-09-27","Onion","2495","Pune(Khadiki)","27","Maharashtra","521","Pune","Local","700","1200","1000"
"2025-09-26","Onion","2493","Khed(Chakan)","27","Maharashtra","521","Pune","Other","1000","1500","1200"
"2025-09-26","Onion","2494","Pune(Pimpri)","27","Maharashtra","521","Pune","Local","1000","1600","1300"
"2025-09-26","Onion","4752","Pune(Moshi)","27","Maharashtra","521","Pune","Local","500","1500","1000"
"2025-09-26","Onion","3958","Junnar(Alephata)","27","Maharashtra","521","Pune","Other","700","1550","1250"
"2025-09-26","Onion","2495","Pune(Khadiki)","27","Maharashtra","521","Pune","Local","800","1300","1050"
"2025-09-26","Onion","172","Pune","27","Maharashtra","521","Pune","Local","300","1400","850"
"2025-09-25","Onion","577","Manchar","27","Maharashtra","521","Pune","Other","1450","1600","1525"
"2025-09-25","Onion","172","Pune","27","Maharashtra","521","Pune","Local","300","1500","900"
"2025-09-25","Onion","1455","Junnar","27","Maharashtra","521","Pune","Other","300","1610","1400"
"2025-09-25","Onion","3960","Junnar(Narayangaon)","27","Maharashtra","521","Pune","Other","300","1500","1000"
"2025-09-25","Onion","4751","Pune(Manjri)","27","Maharashtra","521","Pune","Local","600","1200","900"
"2025-09-25","Onion","4752","Pune(Moshi)","27","Maharashtra","521","Pune","Local","400","1400","900"
"2025-09-25","Onion","2492","Junnar(Otur)","27","Maharashtra","521","Pune","Other","800","1800","1400"
"2025-09-25","Onion","2493","Khed(Chakan)","27","Maharashtra","521","Pune","Other","1000","1500","1300"
"2025-09-25","Onion","2494","Pune(Pimpri)","27","Maharashtra","521","Pune","Local","1600","1600","1600"
"2025-09-25","Onion","2495","Pune(Khadiki)","27","Maharashtra","521","Pune","Local","800","1200","1000"
"2025-09-24","Onion","2493","Khed(Chakan)","27","Maharashtra","521","Pune","Other","800","1500","1200"
"2025-09-24","Onion","172","Pune","27","Maharashtra","521","Pune","Local","400","1500","950"
"2025-09-24","Onion","2494","Pune(Pimpri)","27","Maharashtra","521","Pune","Local","500","1500","1000"
"2025-09-24","Onion","4751","Pune(Manjri)","27","Maharashtra","521","Pune","Local","600","1400","1000"
"2025-09-24","Onion","2495","Pune(Khadiki)","27","Maharashtra","521","Pune","Local","1000","1300","1150"
"2025-09-23","Onion","2494","Pune(Pimpri)","27","Maharashtra","521","Pune","Local","1200","1500","1350"
"2025-09-23","Onion","1171","Indapur","27","Maharashtra","521","Pune","Red","200","1300","900"
"2025-09-23","Onion","4752","Pune(Moshi)","27","Maharashtra","521","Pune","Local","500","1400","950"
"2025-09-23","Onion","3958","Junnar(Alephata)","27","Maharashtra","521","Pune","Other","1000","1550","1250"
"2025-09-23","Onion","4751","Pune(Manjri)","27","Maharashtra","521","Pune","Local","600","1400","1000"
"2025-09-23","Onion","172","Pune","27","Maharashtra","521","Pune","Local","400","1600","1000"
"2025-09-23","Onion","2493","Khed(Chakan)","27","Maharashtra","521","Pune","Other","700","1400","1100"
"2025-09-23","Onion","2495","Pune(Khadiki)","27","Maharashtra","521","Pune","Local","1100","1300","1200"
"2025-09-22","Onion","172","Pune","27","Maharashtra","521","Pune","Local","400","1500","950"
"2025-09-22","Onion","3960","Junnar(Narayangaon)","27","Maharashtra","521","Pune","Other","300","1350","850"
"2025-09-22","Onion","2494","Pune(Pimpri)","27","Maharashtra","521","Pune","Local","1400","1500","1450"
"2025-09-22","Onion","4751","Pune(Manjri)","27","Maharashtra","521","Pune","Local","600","1400","1000"
"2025-09-22","Onion","4752","Pune(Moshi)","27","Maharashtra","521","Pune","Local","500","1200","850"
"2025-09-21","Onion","3958","Junnar(Alephata)","27","Maharashtra","521","Pune","Other","900","1510","1300"
"2025-09-21","Onion","3960","Junnar(Narayangaon)","27","Maharashtra","521","Pune","Other","300","1200","850"
"2025-09-21","Onion","2493","Khed(Chakan)","27","Maharashtra","521","Pune","Other","700","1300","1100"
"2025-09-21","Onion","4751","Pune(Manjri)","27","Maharashtra","521","Pune","Local","600","1400","1000"
"2025-09-21","Onion","4752","Pune(Moshi)","27","Maharashtra","521","Pune","Local","500","1500","1000"
"2025-09-21","Onion","2494","Pune(Pimpri)","27","Maharashtra","521","Pune","Local","1200","1500","1350"
"2025-09-21","Onion","2495","Pune(Khadiki)","27","Maharashtra","521","Pune","Local","700","1300","1000"
"2025-09-21","Onion","172","Pune","27","Maharashtra","521","Pune","Local","300","1500","900"
"2025-09-21","Onion","2492","Junnar(Otur)","27","Maharashtra","521","Pune","Other","800","1600","1200"
"2025-09-20","Onion","2495","Pune(Khadiki)","27","Maharashtra","521","Pune","Local","1100","1300","1200"
"2025-09-20","Onion","4751","Pune(Manjri)","27","Maharashtra","521","Pune","Local","600","1400","1000"
"2025-09-20","Onion","4752","Pune(Moshi)","27","Maharashtra","521","Pune","Local","500","1600","1050"
"2025-09-20","Onion","2494","Pune(Pimpri)","27","Maharashtra","521","Pune","Local","1000","1500","1250"
"2025-09-20","Onion","3960","Junnar(Narayangaon)","27","Maharashtra","521","Pune","Other","300","1500","1000"
"2025-09-19","Onion","172","Pune","27","Maharashtra","521","Pune","Local","400","1600","1000"
"2025-09-19","Onion","2494","Pune(Pimpri)","27","Maharashtra","521","Pune","Local","1500","1500","1500"
"2025-09-19","Onion","3960","Junnar(Narayangaon)","27","Maharashtra","521","Pune","Other","300","1200","850"
"2025-09-19","Onion","4752","Pune(Moshi)","27","Maharashtra","521","Pune","Local","400","1400","900"
"2025-09-19","Onion","4751","Pune(Manjri)","27","Maharashtra","521","Pune","Local","600","1400","1000"
"2025-09-19","Onion","2493","Khed(Chakan)","27","Maharashtra","521","Pune","Other","1000","1600","1300"
"2025-09-19","Onion","2495","Pune(Khadiki)","27","Maharashtra","521","Pune","Local","1200","1300","1250"
"2025-09-18","Onion","577","Manchar","27","Maharashtra","521","Pune","Other","1350","1700","1530"
"2025-09-18","Onion","2493","Khed(Chakan)","27","Maharashtra","521","Pune","Other","1000","1600","1400"
"2025-09-18","Onion","2492","Junnar(Otur)","27","Maharashtra","521","Pune","Other","800","1700","1200"
"2025-09-18","Onion","4752","Pune(Moshi)","27","Maharashtra","521","Pune","Local","500","1500","1000"
"2025-09-18","Onion","4751","Pune(Manjri)","27","Maharashtra","521","Pune","Local","800","1200","1000"
"2025-09-18","Onion","2494","Pune(Pimpri)","27","Maharashtra","521","Pune","Local","1500","1500","1500"
"2025-09-18","Onion","1455","Junnar","27","Maharashtra","521","Pune","Other","300","1400","900"
"2025-09-18","Onion","172","Pune","27","Maharashtra","521","Pune","Local","400","1600","1000"
"2025-09-18","Onion","1171","Indapur","27","Maharashtra","521","Pune","Red","200","1500","900"
"2025-09-17","Onion","172","Pune","27","Maharashtra","521","Pune","Local","300","1600","950"
"2025-09-17","Onion","2493","Khed(Chakan)","27","Maharashtra","521","Pune","Other","1000","1700","1500"
"2025-09-17","Onion","4751","Pune(Manjri)","27","Maharashtra","521","Pune","Local","800","1400","1100"
"2025-09-17","Onion","2494","Pune(Pimpri)","27","Maharashtra","521","Pune","Local","1400","1600","1500"
"2025-09-16","Onion","2494","Pune(Pimpri)","27","Maharashtra","521","Pune","Local","1400","1600","1500"
"2025-09-16","Onion","4751","Pune(Manjri)","27","Maharashtra","521","Pune","Local","800","1400","1100"
"2025-09-16","Onion","577","Manchar","27","Maharashtra","521","Pune","Other","1250","1510","1400"
"2025-09-16","Onion","172","Pune","27","Maharashtra","521","Pune","Local","400","1600","1000"
"2025-09-16","Onion","4752","Pune(Moshi)","27","Maharashtra","521","Pune","Local","600","1500","1050"
"2025-09-16","Onion","2493","Khed(Chakan)","27","Maharashtra","521","Pune","Other","700","1400","1200"
"2025-09-16","Onion","2495","Pune(Khadiki)","27","Maharashtra","521","Pune","Local","700","1200","950"
"2025-09-16","Onion","3958","Junnar(Alephata)","27","Maharashtra","521","Pune","Other","900","1510","1350"
"2025-09-15","Onion","172","Pune","27","Maharashtra","521","Pune","Local","400","1500","950"
"2025-09-15","Onion","4752","Pune(Moshi)","27","Maharashtra","521","Pune","Local","500","1500","1000"
"2025-09-15","Onion","2494","Pune(Pimpri)","27","Maharashtra","521","Pune","Local","1300","1500","1400"
"2025-09-15","Onion","2495","Pune(Khadiki)","27","Maharashtra","521","Pune","Local","700","1200","950"
"2025-09-15","Onion","3960","Junnar(Narayangaon)","27","Maharashtra","521","Pune","Other","300","1410","1000"
"2025-09-15","Onion","4751","Pune(Manjri)","27","Maharashtra","521","Pune","Local","700","1200","1000"
"2025-09-14","Onion","2492","Junnar(Otur)","27","Maharashtra","521","Pune","Other","700","1610","1200"
"2025-09-14","Onion","4752","Pune(Moshi)","27","Maharashtra","521","Pune","Local","600","1600","1100"
"2025-09-14","Onion","3958","Junnar(Alephata)","27","Maharashtra","521","Pune","Other","1000","1510","1300"
"2025-09-14","Onion","3960","Junnar(Narayangaon)","27","Maharashtra","521","Pune","Other","200","1350","850"
"2025-09-14","Onion","4751","Pune(Manjri)","27","Maharashtra","521","Pune","Local","800","1200","1000"
"2025-09-14","Onion","2494","Pune(Pimpri)","27","Maharashtra","521","Pune","Local","900","1600","1250"
"2025-09-14","Onion","2495","Pune(Khadiki)","27","Maharashtra","521","Pune","Local","1300","1300","1300"
"2025-09-14","Onion","172","Pune","27","Maharashtra","521","Pune","Local","4000","15000","9500"
"2025-09-14","Onion","577","Manchar","27","Maharashtra","521","Pune","Other","1200","1510","1355"
"2025-09-14","Onion","1455","Junnar","27","Maharashtra","521","Pune","Other","300","1510","900"
"2025-09-13","Onion","2493","Khed(Chakan)","27","Maharashtra","521","Pune","Other","900","1500","1300"
"2025-09-13","Onion","4752","Pune(Moshi)","27","Maharashtra","521","Pune","Local","400","1300","850"
"2025-09-13","Onion","2494","Pune(Pimpri)","27","Maharashtra","521","Pune","Local","700","1600","1150"
"2025-09-13","Onion","2495","Pune(Khadiki)","27","Maharashtra","521","Pune","Local","1300","1300","1300"
"2025-09-13","Onion","3960","Junnar(Narayangaon)","27","Maharashtra","521","Pune","Other","300","1500","1000"
"2025-09-13","Onion","4751","Pune(Manjri)","27","Maharashtra","521","Pune","Local","400","1200","800"
"2025-09-12","Onion","2495","Pune(Khadiki)","27","Maharashtra","521","Pune","Local","1200","1300","1250"
"2025-09-12","Onion","4751","Pune(Manjri)","27","Maharashtra","521","Pune","Local","600","1200","900"
"2025-09-12","Onion","4752","Pune(Moshi)","27","Maharashtra","521","Pune","Local","400","1500","950"
"2025-09-12","Onion","172","Pune","27","Maharashtra","521","Pune","Local","400","1500","950"
"2025-09-12","Onion","2493","Khed(Chakan)","27","Maharashtra","521","Pune","Other","700","1400","1200"
"2025-09-12","Onion","2494","Pune(Pimpri)","27","Maharashtra","521","Pune","Local","1500","1500","1500"
"2025-09-11","Onion","577","Manchar","27","Maharashtra","521","Pune","Other","1300","1550","1500"
"2025-09-11","Onion","172","Pune","27","Maharashtra","521","Pune","Local","400","1600","1000"
"2025-09-11","Onion","4752","Pune(Moshi)","27","Maharashtra","521","Pune","Local","700","1700","1200"
"2025-09-11","Onion","4751","Pune(Manjri)","27","Maharashtra","521","Pune","Local","600","1200","900"
"2025-09-11","Onion","2494","Pune(Pimpri)","27","Maharashtra","521","Pune","Local","1000","1600","1300"
"2025-09-11","Onion","2495","Pune(Khadiki)","27","Maharashtra","521","Pune","Local","1200","1300","1250"
"2025-09-11","Onion","3960","Junnar(Narayangaon)","27","Maharashtra","521","Pune","Other","300","1500","900"
"2025-09-11","Onion","1455","Junnar","27","Maharashtra","521","Pune","Other","200","1500","1000"
"2025-09-11","Onion","2492","Junnar(Otur)","27","Maharashtra","521","Pune","Other","800","1650","1200"
"2025-09-11","Onion","2493","Khed(Chakan)","27","Maharashtra","521","Pune","Other","1000","1500","1300"
"2025-09-10","Onion","172","Pune","27","Maharashtra","521","Pune","Local","500","1600","1050"
"2025-09-10","Onion","2493","Khed(Chakan)","27","Maharashtra","521","Pune","Other","800","1500","1200"
"2025-09-10","Onion","4751","Pune(Manjri)","27","Maharashtra","521","Pune","Local","800","1200","1000"
"2025-09-10","Onion","2495","Pune(Khadiki)","27","Maharashtra","521","Pune","Local","1300","1300","1300"
"2025-09-10","Onion","2494","Pune(Pimpri)","27","Maharashtra","521","Pune","Local","800","1800","1300"
"2025-09-09","Onion","4752","Pune(Moshi)","27","Maharashtra","521","Pune","Local","400","1400","900"
"2025-09-09","Onion","4751","Pune(Manjri)","27","Maharashtra","521","Pune","Local","800","1200","1000"
"2025-09-09","Onion","2494","Pune(Pimpri)","27","Maharashtra","521","Pune","Local","1600","1600","1600"
"2025-09-09","Onion","2495","Pune(Khadiki)","27","Maharashtra","521","Pune","Local","1200","1300","1250"
"2025-09-09","Onion","2493","Khed(Chakan)","27","Maharashtra","521","Pune","Other","1000","1700","1500"
"2025-09-09","Onion","577","Manchar","27","Maharashtra","521","Pune","Other","1300","1550","1425"
"2025-09-09","Onion","172","Pune","27","Maharashtra","521","Pune","Local","400","1600","1000"
"2025-09-09","Onion","3958","Junnar(Alephata)","27","Maharashtra","521","Pune","Other","1000","1650","1400"
"2025-09-08","Onion","4752","Pune(Moshi)","27","Maharashtra","521","Pune","Local","500","1500","1000"
"2025-09-08","Onion","2495","Pune(Khadiki)","27","Maharashtra","521","Pune","Local","1000","1200","1100"
"2025-09-08","Onion","3960","Junnar(Narayangaon)","27","Maharashtra","521","Pune","Other","300","1600","1200"
"2025-09-08","Onion","2494","Pune(Pimpri)","27","Maharashtra","521","Pune","Local","1000","1600","1300"
"2025-09-08","Onion","172","Pune","27","Maharashtra","521","Pune","Local","500","1700","1100"
"2025-09-08","Onion","4751","Pune(Manjri)","27","Maharashtra","521","Pune","Local","800","1200","1000"
"2025-09-07","Onion","2494","Pune(Pimpri)","27","Maharashtra","521","Pune","Local","1000","1400","1200"
"2025-09-07","Onion","3960","Junnar(Narayangaon)","27","Maharashtra","521","Pune","Other","300","1600","1000"
"2025-09-07","Onion","577","Manchar","27","Maharashtra","521","Pune","Other","1300","1650","1500"
"2025-09-07","Onion","2492","Junnar(Otur)","27","Maharashtra","521","Pune","Other","1100","1700","1500"
"2025-09-06","Onion","4751","Pune(Manjri)","27","Maharashtra","521","Pune","Local","800","1400","1100"
"2025-09-06","Onion","2494","Pune(Pimpri)","27","Maharashtra","521","Pune","Local","1000","2000","1500"
"2025-09-06","Onion","4752","Pune(Moshi)","27","Maharashtra","521","Pune","Local","400","1600","1000"
"2025-09-05","Onion","3958","Junnar(Alephata)","27","Maharashtra","521","Pune","Other","1000","1700","1460"
"2025-09-05","Onion","4751","Pune(Manjri)","27","Maharashtra","521","Pune","Local","800","1200","1000"
"2025-09-05","Onion","2493","Khed(Chakan)","27","Maharashtra","521","Pune","Other","1200","1700","1500"
"2025-09-05","Onion","172","Pune","27","Maharashtra","521","Pune","Local","500","1700","1100"
"2025-09-05","Onion","577","Manchar","27","Maharashtra","521","Pune","Other","1300","1650","1500"
"2025-09-05","Onion","4752","Pune(Moshi)","27","Maharashtra","521","Pune","Local","500","1500","1000"
"2025-09-05","Onion","2494","Pune(Pimpri)","27","Maharashtra","521","Pune","Local","800","1800","1300"
"2025-09-05","Onion","2495","Pune(Khadiki)","27","Maharashtra","521","Pune","Local","800","1500","1150"
"2025-09-04","Onion","3960","Junnar(Narayangaon)","27","Maharashtra","521","Pune","Other","300","1400","850"
"2025-09-04","Onion","4752","Pune(Moshi)","27","Maharashtra","521","Pune","Local","700","1600","1150"
"2025-09-04","Onion","2492","Junnar(Otur)","27","Maharashtra","521","Pune","Red","1000","1600","1200"
"2025-09-04","Onion","172","Pune","27","Maharashtra","521","Pune","Local","500","1700","1100"
"2025-09-04","Onion","2493","Khed(Chakan)","27","Maharashtra","521","Pune","Other","1000","1700","1400"
"2025-09-04","Onion","4751","Pune(Manjri)","27","Maharashtra","521","Pune","Local","500","1400","1000"
"2025-09-04","Onion","2494","Pune(Pimpri)","27","Maharashtra","521","Pune","Local","800","1400","1100"
"2025-09-04","Onion","2495","Pune(Khadiki)","27","Maharashtra","521","Pune","Local","800","1500","1150"
"2025-09-03","Onion","172","Pune","27","Maharashtra","521","Pune","Local","500","1600","1050"
"2025-09-03","Onion","2493","Khed(Chakan)","27","Maharashtra","521","Pune","Other","1000","1700","1300"
"2025-09-03","Onion","4751","Pune(Manjri)","27","Maharashtra","521","Pune","Local","600","1400","1000"
"2025-09-03","Onion","2494","Pune(Pimpri)","27","Maharashtra","521","Pune","Local","1300","1500","1400"
"2025-09-03","Onion","2495","Pune(Khadiki)","27","Maharashtra","521","Pune","Local","700","1600","1150"
"2025-09-02","Onion","4751","Pune(Manjri)","27","Maharashtra","521","Pune","Local","600","1400","1000"
"2025-09-02","Onion","4752","Pune(Moshi)","27","Maharashtra","521","Pune","Local","600","1500","1050"
"2025-09-02","Onion","577","Manchar","27","Maharashtra","521","Pune","Other","1250","1600","1500"
"2025-09-02","Onion","3958","Junnar(Alephata)","27","Maharashtra","521","Pune","Other","1000","1700","1350"
"2025-09-02","Onion","2494","Pune(Pimpri)","27","Maharashtra","521","Pune","Local","1200","1500","1350"
"2025-09-02","Onion","2493","Khed(Chakan)","27","Maharashtra","521","Pune","Other","700","1500","1200"
"2025-09-02","Onion","172","Pune","27","Maharashtra","521","Pune","Local","500","1600","1050"
"2025-09-01","Onion","3960","Junnar(Narayangaon)","27","Maharashtra","521","Pune","Other","400","1500","1000"
"2025-09-01","Onion","172","Pune","27","Maharashtra","521","Pune","Local","500","1700","1100"
"2025-09-01","Onion","1171","Indapur","27","Maharashtra","521","Pune","Red","200","2100","1200"
"2025-09-01","Onion","2494","Pune(Pimpri)","27","Maharashtra","521","Pune","Local","800","1600","1200"
"2025-09-01","Onion","4751","Pune(Manjri)","27","Maharashtra","521","Pune","Local","800","1400","1100"
"2025-09-01","Onion","2495","Pune(Khadiki)","27","Maharashtra","521","Pune","Local","700","1400","1050"
"2025-09-01","Onion","4752","Pune(Moshi)","27","Maharashtra","521","Pune","Local","700","1600","1150"
"2025-08-31","Onion","4752","Pune(Moshi)","27","Maharashtra","521","Pune","Local","800","1500","1150"
"2025-08-31","Onion","2495","Pune(Khadiki)","27","Maharashtra","521","Pune","Local","700","1400","1050"
"2025-08-31","Onion","172","Pune","27","Maharashtra","521","Pune","Local","500","1600","1050"
"2025-08-31","Onion","577","Manchar","27","Maharashtra","521","Pune","Other","1350","1650","1500"
"2025-08-31","Onion","1455","Junnar","27","Maharashtra","521","Pune","Other","300","1700","1200"
"2025-08-31","Onion","2493","Khed(Chakan)","27","Maharashtra","521","Pune","Other","1000","1600","1300"
"2025-08-31","Onion","2494","Pune(Pimpri)","27","Maharashtra","521","Pune","Local","500","1600","1050"
"2025-08-30","Onion","2494","Pune(Pimpri)","27","Maharashtra","521","Pune","Local","1300","1600","1450"
"2025-08-30","Onion","4752","Pune(Moshi)","27","Maharashtra","521","Pune","Local","600","1500","1050"
"2025-08-29","Onion","4752","Pune(Moshi)","27","Maharashtra","521","Pune","Local","600","1500","1050"
"2025-08-29","Onion","2493","Khed(Chakan)","27","Maharashtra","521","Pune","Other","1000","1600","1300"
"2025-08-29","Onion","2494","Pune(Pimpri)","27","Maharashtra","521","Pune","Local","1200","1800","1500"
"2025-08-29","Onion","2495","Pune(Khadiki)","27","Maharashtra","521","Pune","Local","700","1600","1150"
"2025-08-28","Onion","2494","Pune(Pimpri)","27","Maharashtra","521","Pune","Local","1400","1400","1400"
"2025-08-28","Onion","2495","Pune(Khadiki)","27","Maharashtra","521","Pune","Local","1000","1600","1300"
"2025-08-28","Onion","2493","Khed(Chakan)","27","Maharashtra","521","Pune","Other","1000","1600","1300"
"2025-08-28","Onion","4751","Pune(Manjri)","27","Maharashtra","521","Pune","Local","800","1400","1100"
"2025-08-28","Onion","1171","Indapur","27","Maharashtra","521","Pune","Red","200","1700","1200"
"2025-08-28","Onion","4752","Pune(Moshi)","27","Maharashtra","521","Pune","Local","1000","1500","1250"
"2025-08-28","Onion","2492","Junnar(Otur)","27","Maharashtra","521","Pune","Other","800","1700","1500"
"2025-08-28","Onion","172","Pune","27","Maharashtra","521","Pune","Local","500","1600","1050"
"2025-08-28","Onion","577","Manchar","27","Maharashtra","521","Pune","Other","1250","1600","1450"
"2025-08-27","Onion","2494","Pune(Pimpri)","27","Maharashtra","521","Pune","Local","1300","1500","1400"
"2025-08-27","Onion","2495","Pune(Khadiki)","27","Maharashtra","521","Pune","Local","700","1600","1150"
"2025-08-27","Onion","2493","Khed(Chakan)","27","Maharashtra","521","Pune","Other","1000","1600","1300"
"2025-08-27","Onion","4751","Pune(Manjri)","27","Maharashtra","521","Pune","Local","800","1400","1100"
"2025-08-27","Onion","172","Pune","27","Maharashtra","521","Pune","Local","500","1650","1075"
"2025-08-27","Onion","1171","Indapur","27","Maharashtra","521","Pune","Red","200","1800","1000"
"2025-08-26","Onion","4752","Pune(Moshi)","27","Maharashtra","521","Pune","Local","1000","1500","1250"
"2025-08-26","Onion","2493","Khed(Chakan)","27","Maharashtra","521","Pune","Other","800","1600","1300"
"2025-08-26","Onion","2494","Pune(Pimpri)","27","Maharashtra","521","Pune","Local","1300","1700","1500"
"2025-08-26","Onion","172","Pune","27","Maharashtra","521","Pune","Local","600","1800","1200"
"2025-08-26","Onion","2495","Pune(Khadiki)","27","Maharashtra","521","Pune","Local","700","1400","1050"
"2025-08-26","Onion","4751","Pune(Manjri)","27","Maharashtra","521","Pune","Local","1000","1600","1300"
"2025-08-25","Onion","4752","Pune(Moshi)","27","Maharashtra","521","Pune","Local","700","1500","1100"
"2025-08-25","Onion","172","Pune","27","Maharashtra","521","Pune","Local","500","1800","1150"
"2025-08-25","Onion","1171","Indapur","27","Maharashtra","521","Pune","Red","200","2200","1200"
"2025-08-25","Onion","2494","Pune(Pimpri)","27","Maharashtra","521","Pune","Local","800","1700","1250"
"2025-08-25","Onion","2495","Pune(Khadiki)","27","Maharashtra","521","Pune","Local","1000","1600","1300"
"2025-08-25","Onion","3960","Junnar(Narayangaon)","27","Maharashtra","521","Pune","Other","300","1800","1300"
"2025-08-25","Onion","4751","Pune(Manjri)","27","Maharashtra","521","Pune","Local","600","1200","900"
"2025-08-24","Onion","4752","Pune(Moshi)","27","Maharashtra","521","Pune","Local","700","1500","1100"
"2025-08-24","Onion","2493","Khed(Chakan)","27","Maharashtra","521","Pune","Other","800","1600","1300"
"2025-08-24","Onion","2494","Pune(Pimpri)","27","Maharashtra","521","Pune","Local","1000","1500","1250"
"2025-08-24","Onion","2495","Pune(Khadiki)","27","Maharashtra","521","Pune","Local","1000","1500","1250"
"2025-08-24","Onion","172","Pune","27","Maharashtra","521","Pune","Local","600","1800","1200"
"2025-08-24","Onion","577","Manchar","27","Maharashtra","521","Pune","Other","1200","1800","1525"
"2025-08-24","Onion","1455","Junnar","27","Maharashtra","521","Pune","Other","500","2000","1500"
"2025-08-23","Onion","4752","Pune(Moshi)","27","Maharashtra","521","Pune","Local","600","1500","1050"
"2025-08-23","Onion","4751","Pune(Manjri)","27","Maharashtra","521","Pune","Local","800","1400","1100"
"2025-08-23","Onion","2494","Pune(Pimpri)","27","Maharashtra","521","Pune","Local","1000","2000","1500"
"2025-08-23","Onion","3960","Junnar(Narayangaon)","27","Maharashtra","521","Pune","Other","400","1810","1200"
"2025-08-22","Onion","2493","Khed(Chakan)","27","Maharashtra","521","Pune","Other","1200","1700","1500"
"2025-08-22","Onion","2494","Pune(Pimpri)","27","Maharashtra","521","Pune","Local","1000","1900","1450"
"2025-08-22","Onion","172","Pune","27","Maharashtra","521","Pune","Local","500","1700","1100"
"2025-08-22","Onion","2495","Pune(Khadiki)","27","Maharashtra","521","Pune","Local","800","1600","1200"
"2025-08-22","Onion","3958","Junnar(Alephata)","27","Maharashtra","521","Pune","Other","1000","2010","1550"
"2025-08-22","Onion","4752","Pune(Moshi)","27","Maharashtra","521","Pune","Local","700","1800","1250"
"2025-08-21","Onion","1455","Junnar","27","Maharashtra","521","Pune","Other","500","2000","1500"
"2025-08-21","Onion","2495","Pune(Khadiki)","27","Maharashtra","521","Pune","Local","700","1500","1100"
"2025-08-21","Onion","2494","Pune(Pimpri)","27","Maharashtra","521","Pune","Local","1400","1600","1500"
"2025-08-21","Onion","2492","Junnar(Otur)","27","Maharashtra","521","Pune","Other","1000","2001","1500"
"2025-08-21","Onion","3960","Junnar(Narayangaon)","27","Maharashtra","521","Pune","Other","300","2000","1300"
"2025-08-21","Onion","4751","Pune(Manjri)","27","Maharashtra","521","Pune","Local","1000","1600","1300"
"2025-08-21","Onion","4752","Pune(Moshi)","27","Maharashtra","521","Pune","Local","700","1200","950"
"2025-08-21","Onion","172","Pune","27","Maharashtra","521","Pune","Local","500","1800","1150"
"2025-08-20","Onion","172","Pune","27","Maharashtra","521","Pune","Local","600","1800","1200"
"2025-08-20","Onion","1171","Indapur","27","Maharashtra","521","Pune","Red","200","1900","1200"
"2025-08-20","Onion","2494","Pune(Pimpri)","27","Maharashtra","521","Pune","Local","1400","1800","1600"
"2025-08-20","Onion","2495","Pune(Khadiki)","27","Maharashtra","521","Pune","Local","700","1400","1050"
"2025-08-20","Onion","2493","Khed(Chakan)","27","Maharashtra","521","Pune","Other","1000","1700","1400"
"2025-08-20","Onion","4751","Pune(Manjri)","27","Maharashtra","521","Pune","Local","600","1600","1100"
"2025-08-19","Onion","2494","Pune(Pimpri)","27","Maharashtra","521","Pune","Local","1400","1900","1650"
"2025-08-19","Onion","4751","Pune(Manjri)","27","Maharashtra","521","Pune","Local","1200","1600","1400"
"2025-08-19","Onion","172","Pune","27","Maharashtra","521","Pune","Local","600","1800","1200"
"2025-08-19","Onion","1171","Indapur","27","Maharashtra","521","Pune","Red","200","2100","900"
"2025-08-19","Onion","3958","Junnar(Alephata)","27","Maharashtra","521","Pune","Other","10000","55000","25000"
"2025-08-19","Onion","4752","Pune(Moshi)","27","Maharashtra","521","Pune","Local","700","1500","1100"
"2025-08-18","Onion","2494","Pune(Pimpri)","27","Maharashtra","521","Pune","Local","1400","1500","1450"
"2025-08-18","Onion","172","Pune","27","Maharashtra","521","Pune","Local","600","1800","1200"
"2025-08-18","Onion","4752","Pune(Moshi)","27","Maharashtra","521","Pune","Local","800","1500","1150"
"2025-08-17","Onion","4752","Pune(Moshi)","27","Maharashtra","521","Pune","Local","700","1500","1100"
"2025-08-17","Onion","2492","Junnar(Otur)","27","Maharashtra","521","Pune","Other","1200","2100","1600"
"2025-08-17","Onion","2494","Pune(Pimpri)","27","Maharashtra","521","Pune","Local","1300","1700","1500"
"2025-08-17","Onion","172","Pune","27","Maharashtra","521","Pune","Local","600","1800","1200"
"2025-08-17","Onion","3960","Junnar(Narayangaon)","27","Maharashtra","521","Pune","Other","400","1800","1200"
"2025-08-17","Onion","2495","Pune(Khadiki)","27","Maharashtra","521","Pune","Local","800","1600","1200"
"2025-08-17","Onion","577","Manchar","27","Maharashtra","521","Pune","Other","1550","1800","1700"
"2025-08-17","Onion","2493","Khed(Chakan)","27","Maharashtra","521","Pune","Other","700","1700","1500"
"2025-08-17","Onion","4751","Pune(Manjri)","27","Maharashtra","521","Pune","Local","1200","1600","1400"
"2025-08-16","Onion","4751","Pune(Manjri)","27","Maharashtra","521","Pune","Local","1000","1600","1300"
"2025-08-16","Onion","2493","Khed(Chakan)","27","Maharashtra","521","Pune","Other","1000","1700","1300"
"2025-08-16","Onion","2495","Pune(Khadiki)","27","Maharashtra","521","Pune","Local","800","1500","1150"
"2025-08-16","Onion","3960","Junnar(Narayangaon)","27","Maharashtra","521","Pune","Other","300","2000","1500"
"2025-08-16","Onion","2494","Pune(Pimpri)","27","Maharashtra","521","Pune","Local","1400","1600","1500"
"2025-08-16","Onion","4752","Pune(Moshi)","27","Maharashtra","521","Pune","Local","800","1800","1300"
"2025-08-15","Onion","2494","Pune(Pimpri)","27","Maharashtra","521","Pune","Local","1200","1800","1500"
"2025-08-14","Onion","4752","Pune(Moshi)","27","Maharashtra","521","Pune","Local","700","1500","1100"
"2025-08-14","Onion","1171","Indapur","27","Maharashtra","521","Pune","Red","200","2000","900"
"2025-08-14","Onion","2492","Junnar(Otur)","27","Maharashtra","521","Pune","Red","1000","2120","1750"
"2025-08-14","Onion","577","Manchar","27","Maharashtra","521","Pune","Other","1600","2000","1800"
"2025-08-14","Onion","2493","Khed(Chakan)","27","Maharashtra","521","Pune","Other","800","1600","1400"
"2025-08-14","Onion","2494","Pune(Pimpri)","27","Maharashtra","521","Pune","Local","1400","1600","1500"
"2025-08-14","Onion","172","Pune","27","Maharashtra","521","Pune","Local","600","1800","1200"
"2025-08-14","Onion","2495","Pune(Khadiki)","27","Maharashtra","521","Pune","Local","1000","1600","1300"
"2025-08-14","Onion","4751","Pune(Manjri)","27","Maharashtra","521","Pune","Local","500","800","600"
"2025-08-13","Onion","3960","Junnar(Narayangaon)","27","Maharashtra","521","Pune","Other","300","1700","1300"
"2025-08-13","Onion","4751","Pune(Manjri)","27","Maharashtra","521","Pune","Local","400","800","600"
"2025-08-13","Onion","1171","Indapur","27","Maharashtra","521","Pune","Red","200","1800","1100"
"2025-08-13","Onion","2493","Khed(Chakan)","27","Maharashtra","521","Pune","Other","1000","1700","1200"
"2025-08-13","Onion","172","Pune","27","Maharashtra","521","Pune","Local","500","1800","1150"
"2025-08-13","Onion","2494","Pune(Pimpri)","27","Maharashtra","521","Pune","Local","1400","1600","1500"
"2025-08-13","Onion","2495","Pune(Khadiki)","27","Maharashtra","521","Pune","Local","1000","1600","1300"
"2025-08-12","Onion","4751","Pune(Manjri)","27","Maharashtra","521","Pune","Local","600","1000","800"
"2025-08-12","Onion","4752","Pune(Moshi)","27","Maharashtra","521","Pune","Local","800","1400","1100"
"2025-08-12","Onion","172","Pune","27","Maharashtra","521","Pune","Local","600","1800","1200"
"2025-08-12","Onion","577","Manchar","27","Maharashtra","521","Pune","Other","1600","2000","1800"
"2025-08-12","Onion","2493","Khed(Chakan)","27","Maharashtra","521","Pune","Other","700","1500","1200"
"2025-08-12","Onion","2495","Pune(Khadiki)","27","Maharashtra","521","Pune","Local","900","1600","1250"
"2025-08-12","Onion","3958","Junnar(Alephata)","27","Maharashtra","521","Pune","Other","1000","1800","1460"
"2025-08-11","Onion","4752","Pune(Moshi)","27","Maharashtra","521","Pune","Local","700","1400","1050"
"2025-08-11","Onion","2495","Pune(Khadiki)","27","Maharashtra","521","Pune","Local","1000","1600","1300"
"2025-08-11","Onion","3960","Junnar(Narayangaon)","27","Maharashtra","521","Pune","Other","300","1450","1000"
"2025-08-11","Onion","4751","Pune(Manjri)","27","Maharashtra","521","Pune","Local","600","1000","800"
"2025-08-11","Onion","172","Pune","27","Maharashtra","521","Pune","Local","500","1700","1100"
"2025-08-11","Onion","1171","Indapur","27","Maharashtra","521","Pune","Red","200","1400","700"
"2025-08-11","Onion","2494","Pune(Pimpri)","27","Maharashtra","521","Pune","Local","1400","1600","1500"
"2025-08-10","Onion","2493","Khed(Chakan)","27","Maharashtra","521","Pune","Other","700","1500","1300"
"2025-08-10","Onion","2494","Pune(Pimpri)","27","Maharashtra","521","Pune","Local","1300","1700","1500"
"2025-08-10","Onion","2492","Junnar(Otur)","27","Maharashtra","521","Pune","Other","1000","1750","1400"
"2025-08-10","Onion","3958","Junnar(Alephata)","27","Maharashtra","521","Pune","Other","1000","1910","1500"
"2025-08-10","Onion","172","Pune","27","Maharashtra","521","Pune","Local","600","1700","1150"
"2025-08-10","Onion","3960","Junnar(Narayangaon)","27","Maharashtra","521","Pune","Other","300","1300","850"
"2025-08-10","Onion","2495","Pune(Khadiki)","27","Maharashtra","521","Pune","Local","700","1600","1150"
"2025-08-10","Onion","4752","Pune(Moshi)","27","Maharashtra","521","Pune","Local","500","1300","900"
"2025-08-10","Onion","4751","Pune(Manjri)","27","Maharashtra","521","Pune","Local","600","1200","800"
"2025-08-10","Onion","577","Manchar","27","Maharashtra","521","Pune","Other","1400","1700","1600"
"2025-08-09","Onion","2493","Khed(Chakan)","27","Maharashtra","521","Pune","Other","800","1500","1300"
"2025-08-08","Onion","4752","Pune(Moshi)","27","Maharashtra","521","Pune","Local","500","1400","950"
"2025-08-08","Onion","172","Pune","27","Maharashtra","521","Pune","Local","500","1700","1100"
"2025-08-08","Onion","2493","Khed(Chakan)","27","Maharashtra","521","Pune","Other","1000","1800","1500"
"2025-08-08","Onion","3958","Junnar(Alephata)","27","Maharashtra","521","Pune","Other","900","1700","1300"
"2025-08-08","Onion","2494","Pune(Pimpri)","27","Maharashtra","521","Pune","Local","1000","1600","1300"
"2025-08-07","Onion","4752","Pune(Moshi)","27","Maharashtra","521","Pune","Local","400","1300","850"
"2025-08-07","Onion","3960","Junnar(Narayangaon)","27","Maharashtra","521","Pune","Other","300","1500","1000"
"2025-08-07","Onion","4751","Pune(Manjri)","27","Maharashtra","521","Pune","Local","600","1000","800"
"2025-08-07","Onion","1455","Junnar","27","Maharashtra","521","Pune","Other","300","1700","1500"
"2025-08-07","Onion","2492","Junnar(Otur)","27","Maharashtra","521","Pune","Red","800","1600","1100"
"2025-08-07","Onion","577","Manchar","27","Maharashtra","521","Pune","Other","1450","1700","1600"
"2025-08-07","Onion","2493","Khed(Chakan)","27","Maharashtra","521","Pune","Other","1000","1800","1400"
"2025-08-07","Onion","2494","Pune(Pimpri)","27","Maharashtra","521","Pune","Local","700","1600","1150"
"2025-08-07","Onion","172","Pune","27","Maharashtra","521","Pune","Local","500","1600","1050"
"2025-08-07","Onion","2495","Pune(Khadiki)","27","Maharashtra","521","Pune","Local","800","1400","1100"
"2025-08-06","Onion","172","Pune","27","Maharashtra","521","Pune","Local","500","1600","1050"
"2025-08-06","Onion","2495","Pune(Khadiki)","27","Maharashtra","521","Pune","Local","1000","1600","1350"
"2025-08-06","Onion","4751","Pune(Manjri)","27","Maharashtra","521","Pune","Local","600","1000","800"
"2025-08-06","Onion","2493","Khed(Chakan)","27","Maharashtra","521","Pune","Other","1000","1800","1400"
"2025-08-06","Onion","2494","Pune(Pimpri)","27","Maharashtra","521","Pune","Local","1000","1700","1350"
"2025-08-05","Onion","577","Manchar","27","Maharashtra","521","Pune","Other","1450","1700","1580"
"2025-08-05","Onion","1171","Indapur","27","Maharashtra","521","Pune","Red","200","1725","700"
"2025-08-05","Onion","172","Pune","27","Maharashtra","521","Pune","Local","500","1500","1000"
"2025-08-05","Onion","4752","Pune(Moshi)","27","Maharashtra","521","Pune","Local","500","1400","950"
"2025-08-05","Onion","3958","Junnar(Alephata)","27","Maharashtra","521","Pune","Other","900","1710","1350"
"2025-08-05","Onion","4751","Pune(Manjri)","27","Maharashtra","521","Pune","Local","600","1000","800"
"2025-08-05","Onion","2495","Pune(Khadiki)","27","Maharashtra","521","Pune","Local","800","1600","1200"
"2025-08-05","Onion","2493","Khed(Chakan)","27","Maharashtra","521","Pune","Other","700","1500","1200"
"2025-08-05","Onion","2494","Pune(Pimpri)","27","Maharashtra","521","Pune","Local","800","1600","1200"
"2025-08-04","Onion","3960","Junnar(Narayangaon)","27","Maharashtra","521","Pune","Other","300","1510","1000"
"2025-08-04","Onion","4751","Pune(Manjri)","27","Maharashtra","521","Pune","Local","600","1000","800"
"2025-08-04","Onion","4752","Pune(Moshi)","27","Maharashtra","521","Pune","Local","400","1400","900"
"2025-08-04","Onion","172","Pune","27","Maharashtra","521","Pune","Local","400","1500","950"
"2025-08-04","Onion","2494","Pune(Pimpri)","27","Maharashtra","521","Pune","Local","1400","1600","1500"
"2025-08-04","Onion","2495","Pune(Khadiki)","27","Maharashtra","521","Pune","Local","1000","1500","1250"
"2025-08-03","Onion","2493","Khed(Chakan)","27","Maharashtra","521","Pune","Other","1000","1800","1400"
"2025-08-03","Onion","2494","Pune(Pimpri)","27","Maharashtra","521","Pune","Local","1000","1600","1300"
"2025-08-03","Onion","2492","Junnar(Otur)","27","Maharashtra","521","Pune","Other","900","1700","1500"
"2025-08-03","Onion","2495","Pune(Khadiki)","27","Maharashtra","521","Pune","Local","700","1500","1100"
"2025-08-03","Onion","4752","Pune(Moshi)","27","Maharashtra","521","Pune","Local","400","1400","900"
"2025-08-03","Onion","172","Pune","27","Maharashtra","521","Pune","Local","500","1600","1050"
"2025-08-03","Onion","4751","Pune(Manjri)","27","Maharashtra","521","Pune","Local","600","1200","900"
"2025-08-03","Onion","577","Manchar","27","Maharashtra","521","Pune","Other","1450","1700","1600"
"2025-08-03","Onion","3958","Junnar(Alephata)","27","Maharashtra","521","Pune","Other","1000","1710","1350"
"2025-08-03","Onion","3960","Junnar(Narayangaon)","27","Maharashtra","521","Pune","Other","300","1550","1000"
"2025-08-02","Onion","2495","Pune(Khadiki)","27","Maharashtra","521","Pune","Local","1000","1600","1300"
"2025-08-02","Onion","3960","Junnar(Narayangaon)","27","Maharashtra","521","Pune","Other","300","1510","1000"
"2025-08-02","Onion","2494","Pune(Pimpri)","27","Maharashtra","521","Pune","Local","700","1600","1150"
"2025-08-02","Onion","4752","Pune(Moshi)","27","Maharashtra","521","Pune","Local","400","1500","950"
"2025-08-02","Onion","2493","Khed(Chakan)","27","Maharashtra","521","Pune","Other","1000","1700","1300"
"2025-08-02","Onion","4751","Pune(Manjri)","27","Maharashtra","521","Pune","Local","600","1000","800"
"2025-08-01","Onion","3958","Junnar(Alephata)","27","Maharashtra","521","Pune","Other","1000","1750","1350"
"2025-08-01","Onion","2493","Khed(Chakan)","27","Maharashtra","521","Pune","Other","700","1500","1400"
"2025-08-01","Onion","1455","Junnar","27","Maharashtra","521","Pune","Other","400","1800","1200"
"2025-08-01","Onion","172","Pune","27","Maharashtra","521","Pune","Local","500","1700","1100"
"2025-08-01","Onion","4752","Pune(Moshi)","27","Maharashtra","521","Pune","Local","700","1500","1100"
"2025-08-01","Onion","2495","Pune(Khadiki)","27","Maharashtra","521","Pune","Local","800","1500","1150"
"2025-08-01","Onion","4751","Pune(Manjri)","27","Maharashtra","521","Pune","Local","600","1200","900"
"2025-08-01","Onion","3960","Junnar(Narayangaon)","27","Maharashtra","521","Pune","Other","200","1510","1100"
"2025-07-31","Onion","4752","Pune(Moshi)","27","Maharashtra","521","Pune","Local","600","1500","1050"
"2025-07-31","Onion","4751","Pune(Manjri)","27","Maharashtra","521","Pune","Local","600","1400","1000"
"2025-07-31","Onion","3960","Junnar(Narayangaon)","27","Maharashtra","521","Pune","Other","400","1610","1200"
"2025-07-31","Onion","2495","Pune(Khadiki)","27","Maharashtra","521","Pune","Local","1000","1700","1350"
"2025-07-31","Onion","2493","Khed(Chakan)","27","Maharashtra","521","Pune","Other","1000","1800","1400"
"2025-07-31","Onion","2492","Junnar(Otur)","27","Maharashtra","521","Pune","Other","400","1700","1500"
"2025-07-31","Onion","172","Pune","27","Maharashtra","521","Pune","Local","500","1700","1100"
"2025-07-31","Onion","2494","Pune(Pimpri)","27","Maharashtra","521","Pune","Local","1400","1600","1500"
"2025-07-30","Onion","2495","Pune(Khadiki)","27","Maharashtra","521","Pune","Local","800","1600","1200"
"2025-07-30","Onion","2494","Pune(Pimpri)","27","Maharashtra","521","Pune","Local","1400","1600","1500"
"2025-07-30","Onion","2493","Khed(Chakan)","27","Maharashtra","521","Pune","Other","1000","1700","1500"
"2025-07-30","Onion","172","Pune","27","Maharashtra","521","Pune","Local","500","1700","1100"
"2025-07-30","Onion","4751","Pune(Manjri)","27","Maharashtra","521","Pune","Local","600","1200","900"
"2025-07-29","Onion","4752","Pune(Moshi)","27","Maharashtra","521","Pune","Local","700","1500","1100"
"2025-07-29","Onion","2495","Pune(Khadiki)","27","Maharashtra","521","Pune","Local","800","1600","1200"
"2025-07-29","Onion","2494","Pune(Pimpri)","27","Maharashtra","521","Pune","Local","1300","1600","1450"
"2025-07-29","Onion","2493","Khed(Chakan)","27","Maharashtra","521","Pune","Other","800","1500","1300"
"2025-07-29","Onion","577","Manchar","27","Maharashtra","521","Pune","Other","1400","1700","1600"
"2025-07-29","Onion","172","Pune","27","Maharashtra","521","Pune","Local","500","1600","1050"
"2025-07-28","Onion","4752","Pune(Moshi)","27","Maharashtra","521","Pune","Local","700","1500","1100"
"2025-07-28","Onion","3960","Junnar(Narayangaon)","27","Maharashtra","521","Pune","Other","300","1550","1000"
"2025-07-28","Onion","2495","Pune(Khadiki)","27","Maharashtra","521","Pune","Local","800","1600","1200"
"2025-07-28","Onion","2494","Pune(Pimpri)","27","Maharashtra","521","Pune","Local","1700","1700","1700"
"2025-07-28","Onion","4751","Pune(Manjri)","27","Maharashtra","521","Pune","Local","600","1400","1000"
"2025-07-28","Onion","172","Pune","27","Maharashtra","521","Pune","Local","500","1700","1100"
"2025-07-27","Onion","4752","Pune(Moshi)","27","Maharashtra","521","Pune","Local","700","1600","1150"
"2025-07-27","Onion","4751","Pune(Manjri)","27","Maharashtra","521","Pune","Local","600","1400","1000"
"2025-07-27","Onion","3960","Junnar(Narayangaon)","27","Maharashtra","521","Pune","Other","300","1950","1300"
"2025-07-27","Onion","2495","Pune(Khadiki)","27","Maharashtra","521","Pune","Local","1000","1600","1300"
"2025-07-27","Onion","2494","Pune(Pimpri)","27","Maharashtra","521","Pune","Local","1000","1500","1250"
"2025-07-27","Onion","2493","Khed(Chakan)","27","Maharashtra","521","Pune","Other","1000","1800","1400"
"2025-07-27","Onion","2492","Junnar(Otur)","27","Maharashtra","521","Pune","Other","800","1750","1300"
"2025-07-27","Onion","1455","Junnar","27","Maharashtra","521","Pune","Other","400","1700","1300"
"2025-07-27","Onion","577","Manchar","27","Maharashtra","521","Pune","Other","1450","1800","1650"
"2025-07-27","Onion","172","Pune","27","Maharashtra","521","Pune","Local","500","1700","1100"
"2025-07-27","Onion","3958","Junnar(Alephata)","27","Maharashtra","521","Pune","Other","1000","1900","1600"
"2025-07-26","Onion","2493","Khed(Chakan)","27","Maharashtra","521","Pune","Other","1000","1700","1400"
"2025-07-25","Onion","4752","Pune(Moshi)","27","Maharashtra","521","Pune","Local","700","1600","1150"
"2025-07-25","Onion","3958","Junnar(Alephata)","27","Maharashtra","521","Pune","Other","1000","1800","1400"
"2025-07-25","Onion","2495","Pune(Khadiki)","27","Maharashtra","521","Pune","Local","1000","1600","1300"
"2025-07-25","Onion","2493","Khed(Chakan)","27","Maharashtra","521","Pune","Other","1000","1800","1400"
"2025-07-25","Onion","172","Pune","27","Maharashtra","521","Pune","Local","500","1700","1100"
"2025-07-25","Onion","2494","Pune(Pimpri)","27","Maharashtra","521","Pune","Local","1000","1800","1400"
"2025-07-24","Onion","4752","Pune(Moshi)","27","Maharashtra","521","Pune","Local","400","1500","950"
"2025-07-24","Onion","3960","Junnar(Narayangaon)","27","Maharashtra","521","Pune","Other","300","1710","1300"
"2025-07-24","Onion","2495","Pune(Khadiki)","27","Maharashtra","521","Pune","Local","700","1400","1050"
"2025-07-24","Onion","2494","Pune(Pimpri)","27","Maharashtra","521","Pune","Local","1300","1700","1500"
"2025-07-24","Onion","2493","Khed(Chakan)","27","Maharashtra","521","Pune","Other","800","1800","1400"
"2025-07-24","Onion","2492","Junnar(Otur)","27","Maharashtra","521","Pune","Other","1000","1800","1500"
"2025-07-24","Onion","1455","Junnar","27","Maharashtra","521","Pune","Other","400","1800","1300"
"2025-07-24","Onion","577","Manchar","27","Maharashtra","521","Pune","Other","1550","1800","1700"
"2025-07-24","Onion","172","Pune","27","Maharashtra","521","Pune","Local","500","1700","1100"
"2025-07-24","Onion","4751","Pune(Manjri)","27","Maharashtra","521","Pune","Local","600","1000","800"
"2025-07-23","Onion","4751","Pune(Manjri)","27","Maharashtra","521","Pune","Local","400","1000","700"
"2025-07-23","Onion","2495","Pune(Khadiki)","27","Maharashtra","521","Pune","Local","700","1400","1050"
"2025-07-23","Onion","2494","Pune(Pimpri)","27","Maharashtra","521","Pune","Local","1200","1800","1500"
"2025-07-23","Onion","172","Pune","27","Maharashtra","521","Pune","Local","500","1700","1100"
"2025-07-23","Onion","2493","Khed(Chakan)","27","Maharashtra","521","Pune","Other","1000","1700","1400"
"2025-07-22","Onion","4752","Pune(Moshi)","27","Maharashtra","521","Pune","Local","700","1600","1150"
"2025-07-22","Onion","4751","Pune(Manjri)","27","Maharashtra","521","Pune","Local","600","1400","1000"
"2025-07-22","Onion","2494","Pune(Pimpri)","27","Maharashtra","521","Pune","Local","900","1800","1350"
"2025-07-22","Onion","577","Manchar","27","Maharashtra","521","Pune","Other","1500","1850","1700"
"2025-07-22","Onion","172","Pune","27","Maharashtra","521","Pune","Local","500","1700","1100"
"2025-07-22","Onion","2495","Pune(Khadiki)","27","Maharashtra","521","Pune","Local","800","1300","1050"
"2025-07-21","Onion","4752","Pune(Moshi)","27","Maharashtra","521","Pune","Local","600","1600","1100"
"2025-07-21","Onion","4751","Pune(Manjri)","27","Maharashtra","521","Pune","Local","400","1200","800"
"2025-07-21","Onion","3960","Junnar(Narayangaon)","27","Maharashtra","521","Pune","Other","300","1610","1200"
"2025-07-21","Onion","2495","Pune(Khadiki)","27","Maharashtra","521","Pune","Local","700","1300","1000"
"2025-07-21","Onion","172","Pune","27","Maharashtra","521","Pune","Local","500","1700","1100"
"2025-07-20","Onion","4752","Pune(Moshi)","27","Maharashtra","521","Pune","Local","800","1600","1200"
"2025-07-20","Onion","4751","Pune(Manjri)","27","Maharashtra","521","Pune","Local","600","1200","900"
"2025-07-20","Onion","3960","Junnar(Narayangaon)","27","Maharashtra","521","Pune","Other","400","1650","1200"
"2025-07-20","Onion","2494","Pune(Pimpri)","27","Maharashtra","521","Pune","Local","1000","1700","1350"
"2025-07-20","Onion","2492","Junnar(Otur)","27","Maharashtra","521","Pune","Other","1310","1810","1600"
"2025-07-20","Onion","172","Pune","27","Maharashtra","521","Pune","Local","500","1700","1100"
"2025-07-20","Onion","2495","Pune(Khadiki)","27","Maharashtra","521","Pune","Local","700","1400","1050"
"2025-07-19","Onion","4751","Pune(Manjri)","27","Maharashtra","521","Pune","Local","800","1600","1200"
"2025-07-19","Onion","2495","Pune(Khadiki)","27","Maharashtra","521","Pune","Local","800","1300","1050"
"2025-07-19","Onion","4752","Pune(Moshi)","27","Maharashtra","521","Pune","Local","700","1600","1150"
"2025-07-18","Onion","4752","Pune(Moshi)","27","Maharashtra","521","Pune","Local","700","1600","1150"
"2025-07-18","Onion","4751","Pune(Manjri)","27","Maharashtra","521","Pune","Local","800","1600","1000"
"2025-07-18","Onion","3960","Junnar(Narayangaon)","27","Maharashtra","521","Pune","Other","400","1850","1200"
"2025-07-18","Onion","2495","Pune(Khadiki)","27","Maharashtra","521","Pune","Local","1000","1400","1200"
"2025-07-18","Onion","2494","Pune(Pimpri)","27","Maharashtra","521","Pune","Local","1600","1800","1700"
"2025-07-17","Onion","4751","Pune(Manjri)","27","Maharashtra","521","Pune","Local","800","1600","1200"
"2025-07-17","Onion","3960","Junnar(Narayangaon)","27","Maharashtra","521","Pune","Other","400","1600","1000"
"2025-07-17","Onion","2494","Pune(Pimpri)","27","Maharashtra","521","Pune","Local","1300","1800","1550"
"2025-07-17","Onion","1455","Junnar","27","Maharashtra","521","Pune","Other","400","1800","1300"
"2025-07-17","Onion","577","Manchar","27","Maharashtra","521","Pune","Other","1550","1800","1700"
"2025-07-17","Onion","172","Pune","27","Maharashtra","521","Pune","Local","500","1700","1100"
"2025-07-17","Onion","4752","Pune(Moshi)","27","Maharashtra","521","Pune","Local","300","1500","900"
"2025-07-17","Onion","2492","Junnar(Otur)","27","Maharashtra","521","Pune","Other","1000","1810","1500"
"2025-07-16","Onion","2495","Pune(Khadiki)","27","Maharashtra","521","Pune","Local","1000","1600","1300"
"2025-07-16","Onion","2494","Pune(Pimpri)","27","Maharashtra","521","Pune","Local","1700","1800","1750"
"2025-07-16","Onion","2493","Khed(Chakan)","27","Maharashtra","521","Pune","Other","1000","1700","1500"
"2025-07-16","Onion","172","Pune","27","Maharashtra","521","Pune","Local","500","1800","1150"
"2025-07-16","Onion","4751","Pune(Manjri)","27","Maharashtra","521","Pune","Local","800","1600","1200"
"2025-07-15","Onion","4752","Pune(Moshi)","27","Maharashtra","521","Pune","Local","800","1600","1200"
"2025-07-15","Onion","4751","Pune(Manjri)","27","Maharashtra","521","Pune","Local","400","1200","800"
"2025-07-15","Onion","3958","Junnar(Alephata)","27","Maharashtra","521","Pune","Other","1000","2000","1600"
"2025-07-15","Onion","2494","Pune(Pimpri)","27","Maharashtra","521","Pune","Local","1800","1800","1800"
"2025-07-15","Onion","2493","Khed(Chakan)","27","Maharashtra","521","Pune","Other","800","1600","1400"
"2025-07-15","Onion","1171","Indapur","27","Maharashtra","521","Pune","Red","200","1700","700"
"2025-07-15","Onion","172","Pune","27","Maharashtra","521","Pune","Local","500","1700","1100"
"2025-07-15","Onion","2495","Pune(Khadiki)","27","Maharashtra","521","Pune","Local","1000","1600","1300"
"2025-07-15","Onion","577","Manchar","27","Maharashtra","521","Pune","Other","1550","1800","1675"
"2025-07-14","Onion","4752","Pune(Moshi)","27","Maharashtra","521","Pune","Local","800","1600","1200"
"2025-07-14","Onion","4751","Pune(Manjri)","27","Maharashtra","521","Pune","Local","800","1400","1100"
"2025-07-14","Onion","2495","Pune(Khadiki)","27","Maharashtra","521","Pune","Local","1000","1600","1300"
"2025-07-14","Onion","2494","Pune(Pimpri)","27","Maharashtra","521","Pune","Local","1200","1900","1550"
"2025-07-14","Onion","172","Pune","27","Maharashtra","521","Pune","Local","5000","17000","11000"
"2025-07-14","Onion","3960","Junnar(Narayangaon)","27","Maharashtra","521","Pune","Other","400","1810","1300"
"2025-07-13","Onion","4752","Pune(Moshi)","27","Maharashtra","521","Pune","Local","700","1600","1150"
"2025-07-13","Onion","4751","Pune(Manjri)","27","Maharashtra","521","Pune","Local","800","1600","1200"
"2025-07-13","Onion","3960","Junnar(Narayangaon)","27","Maharashtra","521","Pune","Other","400","2000","1300"
"2025-07-13","Onion","2495","Pune(Khadiki)","27","Maharashtra","521","Pune","Local","800","1600","1200"
"2025-07-13","Onion","2493","Khed(Chakan)","27","Maharashtra","521","Pune","Other","800","1500","1200"
"2025-07-13","Onion","2492","Junnar(Otur)","27","Maharashtra","521","Pune","Other","1300","1900","1600"
"2025-07-13","Onion","1455","Junnar","27","Maharashtra","521","Pune","Other","400","2000","1700"
"2025-07-13","Onion","172","Pune","27","Maharashtra","521","Pune","Local","600","1800","1200"
"2025-07-13","Onion","2494","Pune(Pimpri)","27","Maharashtra","521","Pune","Local","600","1800","1200"
"2025-07-13","Onion","577","Manchar","27","Maharashtra","521","Pune","Other","1550","1850","1700"
"2025-07-12","Onion","4752","Pune(Moshi)","27","Maharashtra","521","Pune","Local","400","1600","1000"
"2025-07-12","Onion","4751","Pune(Manjri)","27","Maharashtra","521","Pune","Local","800","1400","1100"
"2025-07-12","Onion","2495","Pune(Khadiki)","27","Maharashtra","521","Pune","Local","800","1400","1100"
"2025-07-12","Onion","2494","Pune(Pimpri)","27","Maharashtra","521","Pune","Local","1200","1800","1500"
"2025-07-12","Onion","2493","Khed(Chakan)","27","Maharashtra","521","Pune","Other","1000","1600","1300"
"2025-07-12","Onion","3960","Junnar(Narayangaon)","27","Maharashtra","521","Pune","Other","300","2000","1300"
"2025-07-11","Onion","4752","Pune(Moshi)","27","Maharashtra","521","Pune","Local","400","1800","1100"
"2025-07-11","Onion","4751","Pune(Manjri)","27","Maharashtra","521","Pune","Local","800","1400","1100"
"2025-07-11","Onion","3960","Junnar(Narayangaon)","27","Maharashtra","521","Pune","Other","600","1700","1100"
"2025-07-11","Onion","2495","Pune(Khadiki)","27","Maharashtra","521","Pune","Local","700","1400","1050"
"2025-07-11","Onion","2493","Khed(Chakan)","27","Maharashtra","521","Pune","Other","1000","1800","1400"
"2025-07-11","Onion","172","Pune","27","Maharashtra","521","Pune","Local","600","1800","1200"
"2025-07-11","Onion","2494","Pune(Pimpri)","27","Maharashtra","521","Pune","Local","1500","1700","1600"
"2025-07-10","Onion","4752","Pune(Moshi)","27","Maharashtra","521","Pune","Local","600","1700","1150"
"2025-07-10","Onion","2495","Pune(Khadiki)","27","Maharashtra","521","Pune","Local","900","1400","1150"
"2025-07-10","Onion","2494","Pune(Pimpri)","27","Maharashtra","521","Pune","Local","1400","1600","1500"
"2025-07-10","Onion","2493","Khed(Chakan)","27","Maharashtra","521","Pune","Other","1000","1700","1500"
"2025-07-10","Onion","172","Pune","27","Maharashtra","521","Pune","Local","500","1800","1150"
"2025-07-10","Onion","2492","Junnar(Otur)","27","Maharashtra","521","Pune","Other","1000","2000","1600"
"2025-07-10","Onion","4751","Pune(Manjri)","27","Maharashtra","521","Pune","Local","800","1200","1000"
"2025-07-09","Onion","4751","Pune(Manjri)","27","Maharashtra","521","Pune","Local","600","1000","800"
"2025-07-09","Onion","2495","Pune(Khadiki)","27","Maharashtra","521","Pune","Local","800","1300","1050"
"2025-07-09","Onion","2494","Pune(Pimpri)","27","Maharashtra","521","Pune","Local","1400","1900","1650"
"2025-07-09","Onion","2493","Khed(Chakan)","27","Maharashtra","521","Pune","Other","900","1800","1200"
"2025-07-09","Onion","172","Pune","27","Maharashtra","521","Pune","Local","500","1800","1150"
"2025-07-08","Onion","4752","Pune(Moshi)","27","Maharashtra","521","Pune","Local","600","1700","1150"
"2025-07-08","Onion","3958","Junnar(Alephata)","27","Maharashtra","521","Pune","Other","900","2050","1550"
"2025-07-08","Onion","2495","Pune(Khadiki)","27","Maharashtra","521","Pune","Local","700","1300","1000"
"2025-07-08","Onion","2494","Pune(Pimpri)","27","Maharashtra","521","Pune","Local","1800","2000","1900"
"2025-07-08","Onion","577","Manchar","27","Maharashtra","521","Pune","Other","1700","2000","1850"
"2025-07-08","Onion","4751","Pune(Manjri)","27","Maharashtra","521","Pune","Local","800","1400","1100"
"2025-07-08","Onion","2493","Khed(Chakan)","27","Maharashtra","521","Pune","Other","800","1700","1500"
"2025-07-07","Onion","4752","Pune(Moshi)","27","Maharashtra","521","Pune","Local","400","1500","950"
"2025-07-07","Onion","4751","Pune(Manjri)","27","Maharashtra","521","Pune","Local","1400","1900","1700"
"2025-07-07","Onion","2495","Pune(Khadiki)","27","Maharashtra","521","Pune","Local","700","1300","1000"
"2025-07-07","Onion","2494","Pune(Pimpri)","27","Maharashtra","521","Pune","Local","2000","2000","2000"
"2025-07-07","Onion","172","Pune","27","Maharashtra","521","Pune","Local","600","1800","1200"
"2025-07-07","Onion","3960","Junnar(Narayangaon)","27","Maharashtra","521","Pune","Other","500","1850","1200"
"2025-07-06","Onion","4752","Pune(Moshi)","27","Maharashtra","521","Pune","Local","700","1700","1200"
"2025-07-06","Onion","4751","Pune(Manjri)","27","Maharashtra","521","Pune","Local","1000","1400","1200"
"2025-07-06","Onion","3960","Junnar(Narayangaon)","27","Maharashtra","521","Pune","Other","400","1700","1300"
"2025-07-06","Onion","3958","Junnar(Alephata)","27","Maharashtra","521","Pune","Other","1000","2050","1600"
"2025-07-06","Onion","2494","Pune(Pimpri)","27","Maharashtra","521","Pune","Local","1000","2000","1500"
"2025-07-06","Onion","2493","Khed(Chakan)","27","Maharashtra","521","Pune","Other","1000","1800","1500"
"2025-07-06","Onion","2492","Junnar(Otur)","27","Maharashtra","521","Pune","Other","1500","2000","1750"
"2025-07-06","Onion","577","Manchar","27","Maharashtra","521","Pune","Other","1700","2000","1900"
"2025-07-06","Onion","172","Pune","27","Maharashtra","521","Pune","Local","500","1800","1150"
"2025-07-06","Onion","2495","Pune(Khadiki)","27","Maharashtra","521","Pune","Local","800","1500","1150"
"2025-07-06","Onion","1455","Junnar","27","Maharashtra","521","Pune","Other","300","2000","1300"
"2025-07-05","Onion","4752","Pune(Moshi)","27","Maharashtra","521","Pune","Local","800","1800","1300"
"2025-07-05","Onion","3960","Junnar(Narayangaon)","27","Maharashtra","521","Pune","Other","400","1800","1300"
"2025-07-05","Onion","2495","Pune(Khadiki)","27","Maharashtra","521","Pune","Local","700","1400","1050"
"2025-07-05","Onion","2494","Pune(Pimpri)","27","Maharashtra","521","Pune","Local","1200","1800","1500"
"2025-07-05","Onion","2493","Khed(Chakan)","27","Maharashtra","521","Pune","Other","1200","1800","1500"
"2025-07-05","Onion","4751","Pune(Manjri)","27","Maharashtra","521","Pune","Local","800","1200","1000"
"2025-07-04","Onion","4752","Pune(Moshi)","27","Maharashtra","521","Pune","Local","600","1800","1200"
"2025-07-04","Onion","4751","Pune(Manjri)","27","Maharashtra","521","Pune","Local","800","1200","1000"
"2025-07-04","Onion","3960","Junnar(Narayangaon)","27","Maharashtra","521","Pune","Other","400","1810","1300"
"2025-07-04","Onion","2494","Pune(Pimpri)","27","Maharashtra","521","Pune","Local","1000","1800","1400"
"2025-07-04","Onion","2493","Khed(Chakan)","27","Maharashtra","521","Pune","Other","800","1800","1500"
"2025-07-04","Onion","172","Pune","27","Maharashtra","521","Pune","Local","500","1800","1150"
"2025-07-04","Onion","2495","Pune(Khadiki)","27","Maharashtra","521","Pune","Local","800","1400","1100"
"2025-07-03","Onion","4751","Pune(Manjri)","27","Maharashtra","521","Pune","Local","800","1200","1000"
"2025-07-03","Onion","3960","Junnar(Narayangaon)","27","Maharashtra","521","Pune","Other","400","2000","1500"
"2025-07-03","Onion","2495","Pune(Khadiki)","27","Maharashtra","521","Pune","Local","700","1400","1050"
"2025-07-03","Onion","2493","Khed(Chakan)","27","Maharashtra","521","Pune","Other","800","1900","1500"
"2025-07-03","Onion","2492","Junnar(Otur)","27","Maharashtra","521","Pune","Other","1000","2000","1500"
"2025-07-03","Onion","577","Manchar","27","Maharashtra","521","Pune","Other","1700","2000","1900"
"2025-07-03","Onion","172","Pune","27","Maharashtra","521","Pune","Local","600","1900","1250"
"2025-07-03","Onion","2494","Pune(Pimpri)","27","Maharashtra","521","Pune","Local","1000","1800","1400"
"2025-07-03","Onion","4752","Pune(Moshi)","27","Maharashtra","521","Pune","Local","1000","1800","1400"
"2025-07-02","Onion","2495","Pune(Khadiki)","27","Maharashtra","521","Pune","Local","700","1400","1050"
"2025-07-01","Onion","4752","Pune(Moshi)","27","Maharashtra","521","Pune","Local","1000","1800","1400"
"2025-07-01","Onion","4751","Pune(Manjri)","27","Maharashtra","521","Pune","Local","800","1200","1000"
"2025-07-01","Onion","2493","Khed(Chakan)","27","Maharashtra","521","Pune","Other","1000","1900","1500"
"2025-07-01","Onion","1171","Indapur","27","Maharashtra","521","Pune","Red","200","1800","650"
"2025-07-01","Onion","172","Pune","27","Maharashtra","521","Pune","Local","500","1900","1200"
"2025-07-01","Onion","2495","Pune(Khadiki)","27","Maharashtra","521","Pune","Local","800","1400","1100"
"2025-06-30","Onion","4751","Pune(Manjri)","27","Maharashtra","521","Pune","Local","800","1200","1000"
"2025-06-30","Onion","3960","Junnar(Narayangaon)","27","Maharashtra","521","Pune","Other","500","1800","1300"
"2025-06-30","Onion","2494","Pune(Pimpri)","27","Maharashtra","521","Pune","Local","1300","1600","1450"
"2025-06-30","Onion","172","Pune","27","Maharashtra","521","Pune","Local","500","1800","1150"
"2025-06-30","Onion","4752","Pune(Moshi)","27","Maharashtra","521","Pune","Local","700","1800","1250"
"2025-06-29","Onion","4752","Pune(Moshi)","27","Maharashtra","521","Pune","Local","700","1800","1250"
"2025-06-29","Onion","4751","Pune(Manjri)","27","Maharashtra","521","Pune","Local","800","1200","1000"
"2025-06-29","Onion","3960","Junnar(Narayangaon)","27","Maharashtra","521","Pune","Other","400","2000","1500"
"2025-06-29","Onion","3958","Junnar(Alephata)","27","Maharashtra","521","Pune","Other","1000","2210","1600"
"2025-06-29","Onion","2495","Pune(Khadiki)","27","Maharashtra","521","Pune","Local","700","1300","1000"
"2025-06-29","Onion","2494","Pune(Pimpri)","27","Maharashtra","521","Pune","Local","1300","1700","1500"
"2025-06-29","Onion","2493","Khed(Chakan)","27","Maharashtra","521","Pune","Other","1000","1900","1500"
"2025-06-29","Onion","2492","Junnar(Otur)","27","Maharashtra","521","Pune","Other","1500","2000","1750"
"2025-06-29","Onion","1455","Junnar","27","Maharashtra","521","Pune","Other","300","2000","1800"
"2025-06-29","Onion","577","Manchar","27","Maharashtra","521","Pune","Other","1700","2010","1855"
"2025-06-29","Onion","172","Pune","27","Maharashtra","521","Pune","Local","500","1900","1200"
"2025-06-28","Onion","4752","Pune(Moshi)","27","Maharashtra","521","Pune","Local","700","1800","1250"
"2025-06-28","Onion","4751","Pune(Manjri)","27","Maharashtra","521","Pune","Local","1000","1200","1100"
"2025-06-28","Onion","2495","Pune(Khadiki)","27","Maharashtra","521","Pune","Local","700","1300","1000"
"2025-06-28","Onion","2494","Pune(Pimpri)","27","Maharashtra","521","Pune","Local","1600","1800","1700"
"2025-06-28","Onion","2493","Khed(Chakan)","27","Maharashtra","521","Pune","Other","1000","2000","1500"
"2025-06-27","Onion","4752","Pune(Moshi)","27","Maharashtra","521","Pune","Local","600","1800","1200"
"2025-06-27","Onion","4751","Pune(Manjri)","27","Maharashtra","521","Pune","Local","800","1200","1000"
"2025-06-27","Onion","3960","Junnar(Narayangaon)","27","Maharashtra","521","Pune","Other","300","1810","1300"
"2025-06-27","Onion","2495","Pune(Khadiki)","27","Maharashtra","521","Pune","Local","700","1400","1050"
"2025-06-27","Onion","2494","Pune(Pimpri)","27","Maharashtra","521","Pune","Local","500","2000","1250"
"2025-06-27","Onion","2493","Khed(Chakan)","27","Maharashtra","521","Pune","Other","800","2000","1500"
"2025-06-27","Onion","172","Pune","27","Maharashtra","521","Pune","Local","600","2000","1300"
"2025-06-26","Onion","4752","Pune(Moshi)","27","Maharashtra","521","Pune","Local","700","1800","1250"
"2025-06-26","Onion","4751","Pune(Manjri)","27","Maharashtra","521","Pune","Local","800","1200","1000"
"2025-06-26","Onion","3960","Junnar(Narayangaon)","27","Maharashtra","521","Pune","Other","400","1500","1000"
"2025-06-26","Onion","2495","Pune(Khadiki)","27","Maharashtra","521","Pune","Local","700","1500","1100"
"2025-06-26","Onion","2494","Pune(Pimpri)","27","Maharashtra","521","Pune","Local","1700","1800","1750"
"2025-06-26","Onion","2493","Khed(Chakan)","27","Maharashtra","521","Pune","Other","1200","1800","1500"
"2025-06-26","Onion","2492","Junnar(Otur)","27","Maharashtra","521","Pune","Other","1000","2000","1500"
"2025-06-26","Onion","1455","Junnar","27","Maharashtra","521","Pune","Other","300","2111","1900"
"2025-06-26","Onion","577","Manchar","27","Maharashtra","521","Pune","Other","1700","2110","1905"
"2025-06-26","Onion","172","Pune","27","Maharashtra","521","Pune","Local","600","2000","1300"
"2025-06-25","Onion","4751","Pune(Manjri)","27","Maharashtra","521","Pune","Local","800","1000","900"
"2025-06-25","Onion","2495","Pune(Khadiki)","27","Maharashtra","521","Pune","Local","800","1500","1150"
"2025-06-25","Onion","2494","Pune(Pimpri)","27","Maharashtra","521","Pune","Local","700","2000","1350"
"2025-06-25","Onion","2493","Khed(Chakan)","27","Maharashtra","521","Pune","Other","800","1800","1500"
"2025-06-25","Onion","172","Pune","27","Maharashtra","521","Pune","Local","700","2200","1450"
"2025-06-24","Onion","4752","Pune(Moshi)","27","Maharashtra","521","Pune","Local","700","1800","1250"
"2025-06-24","Onion","4751","Pune(Manjri)","27","Maharashtra","521","Pune","Local","600","1000","800"
"2025-06-24","Onion","3958","Junnar(Alephata)","27","Maharashtra","521","Pune","Other","1000","2210","1850"
"2025-06-24","Onion","2495","Pune(Khadiki)","27","Maharashtra","521","Pune","Local","700","1500","1100"
"2025-06-24","Onion","2493","Khed(Chakan)","27","Maharashtra","521","Pune","Other","1200","1800","1500"
"2025-06-24","Onion","1171","Indapur","27","Maharashtra","521","Pune","Red","200","2000","650"
"2025-06-24","Onion","577","Manchar","27","Maharashtra","521","Pune","Other","1700","2110","1905"
"2025-06-24","Onion","172","Pune","27","Maharashtra","521","Pune","Local","600","2100","1350"
"2025-06-23","Onion","4752","Pune(Moshi)","27","Maharashtra","521","Pune","Local","700","1800","1250"
"2025-06-23","Onion","4751","Pune(Manjri)","27","Maharashtra","521","Pune","Local","1000","1500","1200"
"2025-06-23","Onion","3960","Junnar(Narayangaon)","27","Maharashtra","521","Pune","Other","250","2000","1300"
"2025-06-23","Onion","2495","Pune(Khadiki)","27","Maharashtra","521","Pune","Local","1000","1600","1300"
"2025-06-23","Onion","2494","Pune(Pimpri)","27","Maharashtra","521","Pune","Local","1200","2000","1600"
"2025-06-23","Onion","1455","Junnar","27","Maharashtra","521","Pune","Other","300","2100","1900"
"2025-06-23","Onion","172","Pune","27","Maharashtra","521","Pune","Local","500","2000","1250"
"2025-06-22","Onion","4752","Pune(Moshi)","27","Maharashtra","521","Pune","Local","700","2100","1400"
"2025-06-22","Onion","4751","Pune(Manjri)","27","Maharashtra","521","Pune","Local","600","1000","800"
"2025-06-22","Onion","3960","Junnar(Narayangaon)","27","Maharashtra","521","Pune","Other","400","1850","1250"
"2025-06-22","Onion","3958","Junnar(Alephata)","27","Maharashtra","521","Pune","Other","1000","2210","1600"
"2025-06-22","Onion","2494","Pune(Pimpri)","27","Maharashtra","521","Pune","Local","600","1300","950"
"2025-06-22","Onion","2493","Khed(Chakan)","27","Maharashtra","521","Pune","Other","1200","1800","1500"
"2025-06-22","Onion","2492","Junnar(Otur)","27","Maharashtra","521","Pune","Other","1000","2110","1600"
"2025-06-22","Onion","1455","Junnar","27","Maharashtra","521","Pune","Other","300","2100","1900"
"2025-06-22","Onion","577","Manchar","27","Maharashtra","521","Pune","Other","1700","2110","1905"
"2025-06-22","Onion","172","Pune","27","Maharashtra","521","Pune","Local","600","2000","1300"
"2025-06-21","Onion","4752","Pune(Moshi)","27","Maharashtra","521","Pune","Local","400","1600","1000"
"2025-06-21","Onion","4751","Pune(Manjri)","27","Maharashtra","521","Pune","Local","800","1200","1000"
"2025-06-21","Onion","3960","Junnar(Narayangaon)","27","Maharashtra","521","Pune","Other","400","2000","1300"
"2025-06-21","Onion","2495","Pune(Khadiki)","27","Maharashtra","521","Pune","Local","1000","1800","1400"
"2025-06-21","Onion","2494","Pune(Pimpri)","27","Maharashtra","521","Pune","Local","1000","2000","1500"
"2025-06-21","Onion","2493","Khed(Chakan)","27","Maharashtra","521","Pune","Other","1200","2000","1800"
"2025-06-20","Onion","4752","Pune(Moshi)","27","Maharashtra","521","Pune","Local","800","1400","1100"
"2025-06-20","Onion","4751","Pune(Manjri)","27","Maharashtra","521","Pune","Local","600","1000","800"
"2025-06-20","Onion","3960","Junnar(Narayangaon)","27","Maharashtra","521","Pune","Other","400","2110","1500"
"2025-06-20","Onion","3958","Junnar(Alephata)","27","Maharashtra","521","Pune","Other","1000","2110","1850"
"2025-06-20","Onion","2495","Pune(Khadiki)","27","Maharashtra","521","Pune","Local","800","1400","1100"
"2025-06-20","Onion","2494","Pune(Pimpri)","27","Maharashtra","521","Pune","Local","700","700","700"
"2025-06-20","Onion","2493","Khed(Chakan)","27","Maharashtra","521","Pune","Other","1200","1800","1500"
"2025-06-20","Onion","172","Pune","27","Maharashtra","521","Pune","Local","400","1900","1150"
"2025-06-19","Onion","4752","Pune(Moshi)","27","Maharashtra","521","Pune","Local","500","1600","1050"
"2025-06-19","Onion","4751","Pune(Manjri)","27","Maharashtra","521","Pune","Local","600","1000","800"
"2025-06-19","Onion","3960","Junnar(Narayangaon)","27","Maharashtra","521","Pune","Other","400","1810","1200"
"2025-06-19","Onion","2495","Pune(Khadiki)","27","Maharashtra","521","Pune","Local","700","1500","1100"
"2025-06-19","Onion","2494","Pune(Pimpri)","27","Maharashtra","521","Pune","Local","1400","2000","1700"
"2025-06-19","Onion","2493","Khed(Chakan)","27","Maharashtra","521","Pune","Other","1000","1500","1400"
"2025-06-19","Onion","2492","Junnar(Otur)","27","Maharashtra","521","Pune","Other","1000","2200","1800"
"2025-06-19","Onion","1455","Junnar","27","Maharashtra","521","Pune","Other","400","2001","1001"
"2025-06-19","Onion","1171","Indapur","27","Maharashtra","521","Pune","Red","100","1800","650"
"2025-06-19","Onion","577","Manchar","27","Maharashtra","521","Pune","Other","1700","2000","1900"
"2025-06-19","Onion","172","Pune","27","Maharashtra","521","Pune","Local","500","2000","1250"
"2025-06-18","Onion","4751","Pune(Manjri)","27","Maharashtra","521","Pune","Local","800","1200","1000"
"2025-06-18","Onion","2495","Pune(Khadiki)","27","Maharashtra","521","Pune","Local","700","1500","1100"
"2025-06-18","Onion","2494","Pune(Pimpri)","27","Maharashtra","521","Pune","Local","1200","1800","1500"
"2025-06-18","Onion","2493","Khed(Chakan)","27","Maharashtra","521","Pune","Other","1200","1800","1500"
"2025-06-18","Onion","1171","Indapur","27","Maharashtra","521","Pune","Red","100","2200","700"
"2025-06-18","Onion","577","Manchar","27","Maharashtra","521","Pune","Other","1300","2000","1650"
"2025-06-18","Onion","172","Pune","27","Maharashtra","521","Pune","Local","400","1900","1150"
"2025-06-17","Onion","4752","Pune(Moshi)","27","Maharashtra","521","Pune","Local","400","2000","1350"
"2025-06-17","Onion","4751","Pune(Manjri)","27","Maharashtra","521","Pune","Local","400","1400","900"
"2025-06-17","Onion","3958","Junnar(Alephata)","27","Maharashtra","521","Pune","Other","1000","2110","1750"
"2025-06-17","Onion","2495","Pune(Khadiki)","27","Maharashtra","521","Pune","Local","800","1600","1200"
"2025-06-17","Onion","2494","Pune(Pimpri)","27","Maharashtra","521","Pune","Local","800","1000","900"
"2025-06-17","Onion","2493","Khed(Chakan)","27","Maharashtra","521","Pune","Other","800","1500","1400"
"2025-06-17","Onion","1171","Indapur","27","Maharashtra","521","Pune","Red","100","2200","650"
"2025-06-17","Onion","577","Manchar","27","Maharashtra","521","Pune","Other","1800","2200","2100"
"2025-06-17","Onion","172","Pune","27","Maharashtra","521","Pune","Local","500","2000","1250"
"2025-06-16","Onion","4752","Pune(Moshi)","27","Maharashtra","521","Pune","Local","400","2000","1200"
"2025-06-16","Onion","4751","Pune(Manjri)","27","Maharashtra","521","Pune","Local","600","1200","900"
"2025-06-16","Onion","3960","Junnar(Narayangaon)","27","Maharashtra","521","Pune","Other","500","2000","1500"
"2025-06-16","Onion","2495","Pune(Khadiki)","27","Maharashtra","521","Pune","Local","900","1600","1250"
"2025-06-16","Onion","2494","Pune(Pimpri)","27","Maharashtra","521","Pune","Local","1000","1800","1400"
"2025-06-16","Onion","1171","Indapur","27","Maharashtra","521","Pune","Red","200","2700","950"
"2025-06-16","Onion","172","Pune","27","Maharashtra","521","Pune","Local","500","2000","1250"
"2025-06-15","Onion","4752","Pune(Moshi)","27","Maharashtra","521","Pune","Local","400","1800","1100"
"2025-06-15","Onion","4751","Pune(Manjri)","27","Maharashtra","521","Pune","Local","600","1400","1000"
"2025-06-15","Onion","3960","Junnar(Narayangaon)","27","Maharashtra","521","Pune","Other","400","1800","1200"
"2025-06-15","Onion","2495","Pune(Khadiki)","27","Maharashtra","521","Pune","Local","700","1600","1150"
"2025-06-15","Onion","2494","Pune(Pimpri)","27","Maharashtra","521","Pune","Local","1200","1800","1500"
"2025-06-15","Onion","2493","Khed(Chakan)","27","Maharashtra","521","Pune","Other","1000","2000","1500"
"2025-06-15","Onion","2492","Junnar(Otur)","27","Maharashtra","521","Pune","Other","1500","2500","2000"
"2025-06-15","Onion","1455","Junnar","27","Maharashtra","521","Pune","Other","300","2100","1500"
"2025-06-15","Onion","577","Manchar","27","Maharashtra","521","Pune","Other","1700","2110","1905"
"2025-06-15","Onion","172","Pune","27","Maharashtra","521","Pune","Local","500","2000","1250"
"2025-06-14","Onion","4752","Pune(Moshi)","27","Maharashtra","521","Pune","Local","500","1800","1150"
"2025-06-14","Onion","4751","Pune(Manjri)","27","Maharashtra","521","Pune","Local","600","1500","1000"
"2025-06-14","Onion","3960","Junnar(Narayangaon)","27","Maharashtra","521","Pune","Other","400","1600","1000"
"2025-06-14","Onion","2495","Pune(Khadiki)","27","Maharashtra","521","Pune","Local","800","1300","1050"
"2025-06-14","Onion","2494","Pune(Pimpri)","27","Maharashtra","521","Pune","Local","1500","1700","1600"
"2025-06-14","Onion","2493","Khed(Chakan)","27","Maharashtra","521","Pune","Other","800","1800","1200"
"2025-06-13","Onion","4752","Pune(Moshi)","27","Maharashtra","521","Pune","Local","500","2000","1250"
"2025-06-13","Onion","4751","Pune(Manjri)","27","Maharashtra","521","Pune","Local","600","1200","900"
"2025-06-13","Onion","3960","Junnar(Narayangaon)","27","Maharashtra","521","Pune","Other","400","1600","1100"
"2025-06-13","Onion","3958","Junnar(Alephata)","27","Maharashtra","521","Pune","Other","1100","2210","1750"
"2025-06-13","Onion","2495","Pune(Khadiki)","27","Maharashtra","521","Pune","Local","700","1300","1000"
"2025-06-13","Onion","172","Pune","27","Maharashtra","521","Pune","Local","600","2000","1300"
"2025-06-12","Onion","4752","Pune(Moshi)","27","Maharashtra","521","Pune","Local","400","1500","950"
"2025-06-12","Onion","4751","Pune(Manjri)","27","Maharashtra","521","Pune","Local","600","1500","1000"
"2025-06-12","Onion","3960","Junnar(Narayangaon)","27","Maharashtra","521","Pune","Other","400","1600","1200"
"2025-06-12","Onion","2495","Pune(Khadiki)","27","Maharashtra","521","Pune","Local","700","1300","1000"
"2025-06-12","Onion","2494","Pune(Pimpri)","27","Maharashtra","521","Pune","Local","1500","1500","1500"
"2025-06-12","Onion","2493","Khed(Chakan)","27","Maharashtra","521","Pune","Other","800","1600","1200"
"2025-06-12","Onion","2492","Junnar(Otur)","27","Maharashtra","521","Pune","Other","1000","2110","1500"
"2025-06-12","Onion","1455","Junnar","27","Maharashtra","521","Pune","Other","300","2000","1200"
"2025-06-12","Onion","577","Manchar","27","Maharashtra","521","Pune","Other","1800","2250","2025"
"2025-06-12","Onion","172","Pune","27","Maharashtra","521","Pune","Local","500","1900","1200"
"2025-06-11","Onion","4751","Pune(Manjri)","27","Maharashtra","521","Pune","Local","600","1200","900"
"2025-06-11","Onion","2495","Pune(Khadiki)","27","Maharashtra","521","Pune","Local","800","1500","1150"
"2025-06-11","Onion","2494","Pune(Pimpri)","27","Maharashtra","521","Pune","Local","1000","1400","1200"
"2025-06-11","Onion","2493","Khed(Chakan)","27","Maharashtra","521","Pune","Other","800","1800","1200"
"2025-06-11","Onion","172","Pune","27","Maharashtra","521","Pune","Local","500","2000","1250"
"2025-06-10","Onion","4752","Pune(Moshi)","27","Maharashtra","521","Pune","Local","1000","1500","1250"
"2025-06-10","Onion","4751","Pune(Manjri)","27","Maharashtra","521","Pune","Local","600","1500","1000"
"2025-06-10","Onion","3958","Junnar(Alephata)","27","Maharashtra","521","Pune","Other","1000","2110","1500"
"2025-06-10","Onion","2495","Pune(Khadiki)","27","Maharashtra","521","Pune","Local","1000","1600","1300"
"2025-06-10","Onion","2494","Pune(Pimpri)","27","Maharashtra","521","Pune","Local","1000","1400","1200"
"2025-06-10","Onion","2493","Khed(Chakan)","27","Maharashtra","521","Pune","Other","800","1400","1100"
"2025-06-10","Onion","172","Pune","27","Maharashtra","521","Pune","Local","500","2000","1250"
"2025-06-09","Onion","4752","Pune(Moshi)","27","Maharashtra","521","Pune","Local","400","1800","1100"
"2025-06-09","Onion","4751","Pune(Manjri)","27","Maharashtra","521","Pune","Local","400","1200","800"
"2025-06-09","Onion","3960","Junnar(Narayangaon)","27","Maharashtra","521","Pune","Other","300","1600","1100"
"2025-06-09","Onion","2495","Pune(Khadiki)","27","Maharashtra","521","Pune","Local","700","1400","1050"
"2025-06-09","Onion","2494","Pune(Pimpri)","27","Maharashtra","521","Pune","Local","1100","1500","1300"
"2025-06-09","Onion","172","Pune","27","Maharashtra","521","Pune","Local","600","2000","1300"
"2025-06-08","Onion","4752","Pune(Moshi)","27","Maharashtra","521","Pune","Local","400","1800","1100"
"2025-06-08","Onion","3960","Junnar(Narayangaon)","27","Maharashtra","521","Pune","Other","400","1550","1000"
"2025-06-08","Onion","3958","Junnar(Alephata)","27","Maharashtra","521","Pune","Other","1000","2110","1550"
"2025-06-08","Onion","2495","Pune(Khadiki)","27","Maharashtra","521","Pune","Local","800","1400","1100"
"2025-06-08","Onion","2494","Pune(Pimpri)","27","Maharashtra","521","Pune","Local","1100","1600","1350"
"2025-06-08","Onion","2493","Khed(Chakan)","27","Maharashtra","521","Pune","Other","800","1500","1400"
"2025-06-08","Onion","2492","Junnar(Otur)","27","Maharashtra","521","Pune","Other","1000","2010","1600"
"2025-06-08","Onion","172","Pune","27","Maharashtra","521","Pune","Local","500","1800","1050"
"2025-06-07","Onion","4752","Pune(Moshi)","27","Maharashtra","521","Pune","Local","400","1200","800"
"2025-06-07","Onion","4751","Pune(Manjri)","27","Maharashtra","521","Pune","Local","400","1200","800"
"2025-06-07","Onion","3960","Junnar(Narayangaon)","27","Maharashtra","521","Pune","Other","400","1400","1000"
"2025-06-07","Onion","2495","Pune(Khadiki)","27","Maharashtra","521","Pune","Local","700","1400","1050"
"2025-06-07","Onion","2493","Khed(Chakan)","27","Maharashtra","521","Pune","Other","800","1400","1100"
"2025-06-06","Onion","4752","Pune(Moshi)","27","Maharashtra","521","Pune","Local","800","1200","1000"
"2025-06-06","Onion","4751","Pune(Manjri)","27","Maharashtra","521","Pune","Local","600","1300","1100"
"2025-06-06","Onion","3960","Junnar(Narayangaon)","27","Maharashtra","521","Pune","Other","400","1510","1000"
"2025-06-06","Onion","2495","Pune(Khadiki)","27","Maharashtra","521","Pune","Local","800","1500","1150"
"2025-06-06","Onion","2494","Pune(Pimpri)","27","Maharashtra","521","Pune","Local","1000","1000","1000"
"2025-06-06","Onion","2493","Khed(Chakan)","27","Maharashtra","521","Pune","Other","800","1400","1200"
"2025-06-06","Onion","1171","Indapur","27","Maharashtra","521","Pune","Red","200","2200","600"
"2025-06-06","Onion","172","Pune","27","Maharashtra","521","Pune","Local","400","1800","1100"
"2025-06-05","Onion","4752","Pune(Moshi)","27","Maharashtra","521","Pune","Local","400","1400","900"
"2025-06-05","Onion","4751","Pune(Manjri)","27","Maharashtra","521","Pune","Local","600","800","700"
"2025-06-05","Onion","3960","Junnar(Narayangaon)","27","Maharashtra","521","Pune","Other","300","1410","1000"
"2025-06-05","Onion","2495","Pune(Khadiki)","27","Maharashtra","521","Pune","Local","1000","1500","1250"
"2025-06-05","Onion","2494","Pune(Pimpri)","27","Maharashtra","521","Pune","Local","1400","1400","1400"
"2025-06-05","Onion","2493","Khed(Chakan)","27","Maharashtra","521","Pune","Other","800","1400","1200"
"2025-06-05","Onion","2492","Junnar(Otur)","27","Maharashtra","521","Pune","Other","1000","1850","1400"
"2025-06-05","Onion","1455","Junnar","27","Maharashtra","521","Pune","Other","300","1800","1200"
"2025-06-05","Onion","1171","Indapur","27","Maharashtra","521","Pune","Red","200","1400","600"
"2025-06-05","Onion","577","Manchar","27","Maharashtra","521","Pune","Other","1500","1800","1650"
"2025-06-05","Onion","172","Pune","27","Maharashtra","521","Pune","Local","400","1700","1050"
"2025-06-04","Onion","4751","Pune(Manjri)","27","Maharashtra","521","Pune","Local","400","800","600"
"2025-06-04","Onion","2495","Pune(Khadiki)","27","Maharashtra","521","Pune","Local","1000","1600","1300"
"2025-06-04","Onion","2494","Pune(Pimpri)","27","Maharashtra","521","Pune","Local","1300","1500","1400"
"2025-06-04","Onion","2493","Khed(Chakan)","27","Maharashtra","521","Pune","Other","700","1500","1200"
"2025-06-04","Onion","1171","Indapur","27","Maharashtra","521","Pune","Red","200","2000","700"
"2025-06-04","Onion","172","Pune","27","Maharashtra","521","Pune","Local","400","1600","1000"
"2025-06-03","Onion","4752","Pune(Moshi)","27","Maharashtra","521","Pune","Local","400","1400","900"
"2025-06-03","Onion","4751","Pune(Manjri)","27","Maharashtra","521","Pune","Local","400","800","600"
"2025-06-03","Onion","3958","Junnar(Alephata)","27","Maharashtra","521","Pune","Other","1000","1710","1350"
"2025-06-03","Onion","2495","Pune(Khadiki)","27","Maharashtra","521","Pune","Local","900","1800","1150"
"2025-06-03","Onion","2494","Pune(Pimpri)","27","Maharashtra","521","Pune","Local","800","1000","900"
"2025-06-03","Onion","2493","Khed(Chakan)","27","Maharashtra","521","Pune","Other","800","1500","1300"
"2025-06-03","Onion","1171","Indapur","27","Maharashtra","521","Pune","Red","200","1700","600"
"2025-06-03","Onion","577","Manchar","27","Maharashtra","521","Pune","Other","1300","1550","1425"
"2025-06-03","Onion","172","Pune","27","Maharashtra","521","Pune","Local","400","1500","950"
"2025-06-02","Onion","4752","Pune(Moshi)","27","Maharashtra","521","Pune","Local","400","1600","1000"
"2025-06-02","Onion","4751","Pune(Manjri)","27","Maharashtra","521","Pune","Local","400","800","600"
"2025-06-02","Onion","2494","Pune(Pimpri)","27","Maharashtra","521","Pune","Local","1200","1600","1400"
"2025-06-02","Onion","1171","Indapur","27","Maharashtra","521","Pune","Red","200","1800","800"
"2025-06-01","Onion","4752","Pune(Moshi)","27","Maharashtra","521","Pune","Local","400","1600","1000"
"2025-06-01","Onion","4751","Pune(Manjri)","27","Maharashtra","521","Pune","Local","400","1100","800"
"2025-06-01","Onion","3960","Junnar(Narayangaon)","27","Maharashtra","521","Pune","Other","300","1510","1100"
"2025-06-01","Onion","3958","Junnar(Alephata)","27","Maharashtra","521","Pune","Other","1000","1710","1350"
"2025-06-01","Onion","2494","Pune(Pimpri)","27","Maharashtra","521","Pune","Local","1100","1500","1300"
"2025-06-01","Onion","1455","Junnar","27","Maharashtra","521","Pune","Other","300","1710","1100"
"2025-06-01","Onion","172","Pune","27","Maharashtra","521","Pune","Local","400","1600","1000"
"2025-05-31","Onion","4752","Pune(Moshi)","27","Maharashtra","521","Pune","Local","400","1600","1000"
"2025-05-31","Onion","4751","Pune(Manjri)","27","Maharashtra","521","Pune","Local","400","800","600"
"2025-05-31","Onion","3960","Junnar(Narayangaon)","27","Maharashtra","521","Pune","Other","400","1600","1000"
"2025-05-31","Onion","2495","Pune(Khadiki)","27","Maharashtra","521","Pune","Local","700","1600","1150"
"2025-05-31","Onion","2494","Pune(Pimpri)","27","Maharashtra","521","Pune","Local","1300","1600","1450"
"2025-05-31","Onion","2493","Khed(Chakan)","27","Maharashtra","521","Pune","Other","800","1400","1000"
"2025-05-30","Onion","4752","Pune(Moshi)","27","Maharashtra","521","Pune","Local","1000","1600","1300"
"2025-05-30","Onion","4751","Pune(Manjri)","27","Maharashtra","521","Pune","Local","600","800","700"