date,district,market,commodity,min_price,max_price,modal_price,arrivals_tonnes
2024-06-14,Pune,Alephata,Onion,1000,3210,2200.0,
2024-06-16,Pune,Alephata,Onion,1100,3510,2500.0,
2024-06-18,Pune,Alephata,Onion,1000,4110,2800.0,
2024-06-21,Pune,Alephata,Onion,1000,3810,2600.0,
2024-06-25,Pune,Alephata,Onion,900,3510,2400.0,
2024-06-28,Pune,Alephata,Onion,1000,3400,2400.0,
2024-06-30,Pune,Alephata,Onion,1200,3300,2800.0,
2024-07-02,Pune,Alephata,Onion,1100,3510,2800.0,
2024-07-05,Pune,Alephata,Onion,1200,3510,2900.0,
2024-07-07,Pune,Alephata,Onion,1200,3300,2700.0,
2024-07-09,Pune,Alephata,Onion,1100,3410,2800.0,
2024-07-12,Pune,Alephata,Onion,1100,3410,2800.0,
2024-07-16,Pune,Alephata,Onion,1100,3310,2800.0,
2024-07-19,Pune,Alephata,Onion,1000,3310,2708.0,
2024-07-21,Pune,Alephata,Onion,1000,3210,1800.0,
2024-07-23,Pune,Alephata,Onion,1100,3210,2800.0,
2024-07-26,Pune,Alephata,Onion,1100,3210,2800.0,
2024-07-28,Pune,Alephata,Onion,1100,3250,2700.0,
2024-07-30,Pune,Alephata,Onion,1100,3210,2800.0,
2024-08-06,Pune,Alephata,Onion,1000,3310,1800.0,554.4
2024-08-09,Pune,Alephata,Onion,1000,3410,2100.0,647.7
2024-08-11,Pune,Alephata,Onion,1100,4110,3000.0,597.0
2024-08-13,Pune,Alephata,Onion,1800,3710,2900.0,1255.6
2024-08-16,Pune,Alephata,Onion,1500,3710,2800.0,1102.3
2024-08-18,Pune,Alephata,Onion,1500,3710,2800.0,873.1
2024-08-20,Pune,Alephata,Onion,1500,3710,2800.0,712.2
2024-08-23,Pune,Alephata,Onion,2000,4500,3400.0,1096.5
2024-08-25,Pune,Alephata,Onion,2300,4300,3500.0,1124.1
2024-08-30,Pune,Alephata,Onion,1200,4010,3250.0,1106.7
2024-09-01,Pune,Alephata,Onion,1300,4250,3700.0,667.7
2024-09-03,Pune,Alephata,Onion,2800,4810,4100.0,681.4
2024-09-06,Pune,Alephata,Onion,2300,4300,3700.0,939.7
2024-09-08,Pune,Alephata,Onion,2700,4710,4100.0,606.3
2024-09-10,Pune,Alephata,Onion,2500,4510,3700.0,766.7
2024-09-13,Pune,Alephata,Onion,2600,4610,3700.0,647.3
2024-09-15,Pune,Alephata,Onion,3000,5610,4300.0,548.1
2024-09-17,Pune,Alephata,Onion,2800,5010,4000.0,591.1
2024-09-20,Pune,Alephata,Onion,3000,5010,4200.0,425.6
2024-09-22,Pune,Alephata,Onion,3100,5250,4500.0,536.7
2024-09-24,Pune,Alephata,Onion,3000,5010,4500.0,642.2
2024-09-27,Pune,Alephata,Onion,2500,5001,4200.0,642.1
2024-09-29,Pune,Alephata,Onion,2100,4310,3800.0,712.1
2024-10-01,Pune,Alephata,Onion,2500,4410,3700.0,379.0
2024-10-04,Pune,Alephata,Onion,3100,5010,4500.0,332.0
2024-10-06,Pune,Alephata,Onion,3100,5010,4500.0,412.0
2024-10-11,Pune,Alephata,Onion,2100,4510,3500.0,418.8
2024-10-15,Pune,Alephata,Onion,2700,5010,3800.0,491.7
2024-10-18,Pune,Alephata,Onion,2500,5010,4000.0,638.0
2024-10-20,Pune,Alephata,Onion,2700,5010,4100.0,494.8
2024-10-22,Pune,Alephata,Onion,2200,5110,4200.0,522.0
2024-10-25,Pune,Alephata,Onion,3000,5110,4200.0,467.0
2024-10-27,Pune,Alephata,Onion,3000,5110,4200.0,411.7
2024-10-29,Pune,Alephata,Onion,2000,5110,4300.0,495.4
2025-06-01,Pune,Alephata,Onion,1000,1710,1350.0,1169.6
2025-06-03,Pune,Alephata,Onion,1000,1710,1350.0,925.3
2025-06-08,Pune,Alephata,Onion,1000,2110,1550.0,574.0
2025-06-10,Pune,Alephata,Onion,1000,2110,1500.0,768.7
2025-06-13,Pune,Alephata,Onion,1100,2210,1750.0,834.6
2025-06-17,Pune,Alephata,Onion,1000,2110,1750.0,652.1
2025-06-20,Pune,Alephata,Onion,1000,2110,1850.0,604.3
2025-06-22,Pune,Alephata,Onion,1000,2210,1600.0,720.7
2025-06-24,Pune,Alephata,Onion,1000,2210,1850.0,659.0
2025-06-29,Pune,Alephata,Onion,1000,2210,1600.0,356.5
2025-07-06,Pune,Alephata,Onion,1000,2050,1600.0,402.0
2025-07-08,Pune,Alephata,Onion,900,2050,1550.0,376.0
2025-07-15,Pune,Alephata,Onion,1000,2000,1600.0,461.1
2025-07-25,Pune,Alephata,Onion,1000,1800,1400.0,396.0
2025-07-27,Pune,Alephata,Onion,1000,1900,1600.0,344.0
2025-08-01,Pune,Alephata,Onion,1000,1750,1350.0,518.5
2025-08-03,Pune,Alephata,Onion,1000,1710,1350.0,551.0
2025-08-05,Pune,Alephata,Onion,900,1710,1350.0,569.3
2025-08-08,Pune,Alephata,Onion,900,1700,1300.0,525.4
2025-08-10,Pune,Alephata,Onion,1000,1910,1500.0,531.7
2025-08-12,Pune,Alephata,Onion,1000,1800,1460.0,385.7
2025-08-22,Pune,Alephata,Onion,1000,2010,1550.0,875.0
2025-09-02,Pune,Alephata,Onion,1000,1700,1350.0,797.2
2025-09-05,Pune,Alephata,Onion,1000,1700,1460.0,805.3
2025-09-09,Pune,Alephata,Onion,1000,1650,1400.0,963.9
2025-09-14,Pune,Alephata,Onion,1000,1510,1300.0,852.6
2025-09-16,Pune,Alephata,Onion,900,1510,1350.0,684.2
2025-09-21,Pune,Alephata,Onion,900,1510,1300.0,744.4
2025-09-23,Pune,Alephata,Onion,1000,1550,1250.0,745.0
2025-09-26,Pune,Alephata,Onion,700,1550,1250.0,1147.3
2025-10-03,Pune,Alephata,Onion,900,1750,1200.0,701.4
2025-10-07,Pune,Alephata,Onion,900,1710,1500.0,1099.1
2025-10-12,Pune,Alephata,Onion,900,1650,1300.0,1066.8
2025-10-14,Pune,Alephata,Onion,1000,1640,1350.0,1262.5
2025-10-17,Pune,Alephata,Onion,1000,1610,1340.0,1201.6
2025-10-19,Pune,Alephata,Onion,1000,1661,1350.0,768.0
2025-10-28,Pune,Alephata,Onion,1200,20000,1550.0,1169.7
2024-06-12,Pune,Baramati,Onion,600,3000,2200.0,
2024-06-15,Pune,Baramati,Onion,450,3000,2100.0,
2024-06-17,Pune,Baramati,Onion,650,2650,2000.0,
2024-06-19,Pune,Baramati,Onion,500,3100,2200.0,
2024-06-22,Pune,Baramati,Onion,500,3000,2200.0,
2024-06-24,Pune,Baramati,Onion,900,3000,2200.0,
2024-06-26,Pune,Baramati,Onion,500,3000,2200.0,
2024-06-29,Pune,Baramati,Onion,500,3000,2300.0,
2024-07-01,Pune,Baramati,Onion,670,2800,2100.0,
2024-07-03,Pune,Baramati,Onion,500,3000,2250.0,
2024-07-06,Pune,Baramati,Onion,500,3100,2300.0,
2024-07-08,Pune,Baramati,Onion,400,3000,2400.0,
2024-07-10,Pune,Baramati,Onion,1000,3210,2500.0,
2024-07-13,Pune,Baramati,Onion,1000,3060,2300.0,
2024-07-15,Pune,Baramati,Onion,800,3000,2200.0,
2024-07-17,Pune,Baramati,Onion,500,3000,2300.0,
2024-07-20,Pune,Baramati,Onion,500,3000,2300.0,
2024-07-22,Pune,Baramati,Onion,600,2900,2200.0,
2024-07-24,Pune,Baramati,Onion,800,3000,2200.0,
2024-07-29,Pune,Baramati,Onion,900,3000,2200.0,
2024-07-31,Pune,Baramati,Onion,700,3000,2200.0,
2024-08-05,Pune,Baramati,Onion,500,2900,2200.0,49.6
2024-08-07,Pune,Baramati,Onion,300,2950,2200.0,58.0
2024-08-10,Pune,Baramati,Onion,700,3400,2400.0,45.6
2024-08-12,Pune,Baramati,Onion,1000,3700,2600.0,30.7
2024-08-14,Pune,Baramati,Onion,1100,3800,3000.0,48.2
2024-08-17,Pune,Baramati,Onion,1000,3610,2600.0,47.5
2024-08-19,Pune,Baramati,Onion,1000,3600,2600.0,39.3
2024-08-21,Pune,Baramati,Onion,800,3500,2600.0,33.5
2024-08-24,Pune,Baramati,Onion,1000,4350,3000.0,35.6
2024-08-26,Pune,Baramati,Onion,1000,4300,3200.0,40.4
2024-08-28,Pune,Baramati,Onion,1000,4600,3450.0,51.0
2024-08-31,Pune,Baramati,Onion,700,4500,3400.0,56.5
2024-09-02,Pune,Baramati,Onion,1000,4200,3200.0,50.5
2024-09-04,Pune,Baramati,Onion,1000,4600,3500.0,40.9
2024-09-07,Pune,Baramati,Onion,1000,4400,3400.0,46.0
2024-09-09,Pune,Baramati,Onion,1000,4200,3200.0,20.0
2024-09-11,Pune,Baramati,Onion,700,4300,3300.0,34.2
2024-09-16,Pune,Baramati,Onion,1800,5390,4000.0,13.6
2024-09-18,Pune,Baramati,Onion,1910,5510,4000.0,31.3
2024-09-21,Pune,Baramati,Onion,1000,5110,4000.0,69.4
2024-09-23,Pune,Baramati,Onion,900,5100,4000.0,55.6
2024-09-25,Pune,Baramati,Onion,700,4800,3800.0,70.1
2024-09-28,Pune,Baramati,Onion,500,4250,3500.0,74.4
2024-09-30,Pune,Baramati,Onion,800,4100,3200.0,62.2
2024-10-02,Pune,Baramati,Onion,400,4000,2800.0,72.5
2024-10-05,Pune,Baramati,Onion,300,4300,2500.0,95.8
2024-10-07,Pune,Baramati,Onion,1000,4200,3200.0,70.6
2024-10-09,Pune,Baramati,Onion,1200,4300,3200.0,78.7
2024-10-12,Pune,Baramati,Onion,1000,4590,3300.0,99.0
2024-10-14,Pune,Baramati,Onion,1000,4750,3850.0,89.5
2024-10-16,Pune,Baramati,Onion,2000,4651,3600.0,99.0
2024-10-19,Pune,Baramati,Onion,2000,4850,3550.0,107.2
2024-10-21,Pune,Baramati,Onion,2000,4720,3500.0,80.7
2024-10-28,Pune,Baramati,Onion,2000,4800,3800.0,129.9
2024-06-21,Pune,Indapur,Onion,1000,4200,2000.0,
2024-06-28,Pune,Indapur,Onion,600,2800,1855.0,
2024-07-01,Pune,Indapur,Onion,1500,3500,2000.0,
2024-07-03,Pune,Indapur,Onion,750,3000,2200.0,
2024-08-19,Pune,Indapur,Onion,700,3300,2500.0,9.8
2024-08-23,Pune,Indapur,Onion,1175,3500,2800.0,5.1
2024-08-26,Pune,Indapur,Onion,750,3500,2800.0,2.8
2024-09-06,Pune,Indapur,Onion,800,4100,3150.0,2.4
2024-09-23,Pune,Indapur,Onion,400,4200,3000.0,3.8
2024-10-07,Pune,Indapur,Onion,500,4100,2000.0,24.9
2025-06-02,Pune,Indapur,Onion,200,1800,800.0,278.3
2025-06-03,Pune,Indapur,Onion,200,1700,600.0,47.1
2025-06-04,Pune,Indapur,Onion,200,2000,700.0,33.3
2025-06-05,Pune,Indapur,Onion,200,1400,600.0,60.1
2025-06-06,Pune,Indapur,Onion,200,2200,600.0,26.1
2025-06-16,Pune,Indapur,Onion,200,2700,950.0,78.2
2025-06-17,Pune,Indapur,Onion,100,2200,650.0,25.1
2025-06-18,Pune,Indapur,Onion,100,2200,700.0,49.2
2025-06-19,Pune,Indapur,Onion,100,1800,650.0,20.9
2025-06-24,Pune,Indapur,Onion,200,2000,650.0,13.3
2025-07-01,Pune,Indapur,Onion,200,1800,650.0,20.2
2025-07-15,Pune,Indapur,Onion,200,1700,700.0,11.1
2025-08-05,Pune,Indapur,Onion,200,1725,700.0,15.6
2025-08-11,Pune,Indapur,Onion,200,1400,700.0,21.0
2025-08-13,Pune,Indapur,Onion,200,1800,1100.0,15.1
2025-08-14,Pune,Indapur,Onion,200,2000,900.0,9.8
2025-08-19,Pune,Indapur,Onion,200,2100,900.0,13.2
2025-08-20,Pune,Indapur,Onion,200,1900,1200.0,13.1
2025-08-25,Pune,Indapur,Onion,200,2200,1200.0,30.7
2025-08-27,Pune,Indapur,Onion,200,1800,1000.0,17.4
2025-08-28,Pune,Indapur,Onion,200,1700,1200.0,21.5
2025-09-01,Pune,Indapur,Onion,200,2100,1200.0,16.9
2025-09-18,Pune,Indapur,Onion,200,1500,900.0,13.8
2025-09-23,Pune,Indapur,Onion,200,1300,900.0,8.8
2025-10-02,Pune,Indapur,Onion,200,1500,1100.0,8.2
2025-10-03,Pune,Indapur,Onion,200,1800,1100.0,9.2
2025-10-07,Pune,Indapur,Onion,200,1700,1200.0,8.4
2025-10-13,Pune,Indapur,Onion,200,1700,1000.0,154.0
2025-10-14,Pune,Indapur,Onion,200,1600,900.0,18.8
2025-10-16,Pune,Indapur,Onion,200,1600,900.0,25.5
2025-10-17,Pune,Indapur,Onion,200,1500,700.0,30.8
2024-06-13,Pune,Junnar,Onion,1500,3000,2300.0,
2024-06-16,Pune,Junnar,Onion,1500,3200,2200.0,
2024-06-30,Pune,Junnar,Onion,1500,3500,2600.0,
2024-07-04,Pune,Junnar,Onion,1500,3510,2900.0,
2024-07-07,Pune,Junnar,Onion,1500,3510,3100.0,
2024-07-14,Pune,Junnar,Onion,1500,3510,3000.0,
2024-07-25,Pune,Junnar,Onion,1500,3200,2900.0,
2024-08-04,Pune,Junnar,Onion,1500,3250,2900.0,
2024-08-08,Pune,Junnar,Onion,1500,3410,2800.0,451.4
2024-08-29,Pune,Junnar,Onion,2000,4510,4100.0,910.5
2024-09-01,Pune,Junnar,Onion,2800,4210,4000.0,836.6
2024-09-05,Pune,Junnar,Onion,2500,4300,3700.0,821.4
2024-09-08,Pune,Junnar,Onion,2500,4500,3800.0,657.2
2024-09-15,Pune,Junnar,Onion,3000,5300,4700.0,630.0
2024-09-19,Pune,Junnar,Onion,2000,4600,4100.0,561.2
2024-09-29,Pune,Junnar,Onion,2000,4310,4000.0,706.0
2024-10-03,Pune,Junnar,Onion,2000,4510,4200.0,366.0
2024-10-13,Pune,Junnar,Onion,2000,4800,4400.0,515.8
2025-06-01,Pune,Junnar,Onion,300,1710,1100.0,339.2
2025-06-05,Pune,Junnar,Onion,300,1800,1200.0,181.3
2025-06-12,Pune,Junnar,Onion,300,2000,1200.0,137.9
2025-06-15,Pune,Junnar,Onion,300,2100,1500.0,622.0
2025-06-19,Pune,Junnar,Onion,400,2001,1001.0,248.8
2025-06-22,Pune,Junnar,Onion,300,2100,1900.0,392.4
2025-06-23,Pune,Junnar,Onion,300,2100,1900.0,392.4
2025-06-26,Pune,Junnar,Onion,300,2111,1900.0,310.4
2025-06-29,Pune,Junnar,Onion,300,2000,1800.0,366.6
2025-07-06,Pune,Junnar,Onion,300,2000,1300.0,366.6
2025-07-13,Pune,Junnar,Onion,400,2000,1700.0,421.6
2025-07-17,Pune,Junnar,Onion,400,1800,1300.0,318.6
2025-07-24,Pune,Junnar,Onion,400,1800,1300.0,355.9
2025-07-27,Pune,Junnar,Onion,400,1700,1300.0,417.8
2025-08-01,Pune,Junnar,Onion,400,1800,1200.0,343.6
2025-08-07,Pune,Junnar,Onion,300,1700,1500.0,507.4
2025-08-21,Pune,Junnar,Onion,500,2000,1500.0,618.2
2025-08-24,Pune,Junnar,Onion,500,2000,1500.0,847.6
2025-08-31,Pune,Junnar,Onion,300,1700,1200.0,811.1
2025-09-11,Pune,Junnar,Onion,200,1500,1000.0,828.7
2025-09-14,Pune,Junnar,Onion,300,1510,900.0,773.5
2025-09-18,Pune,Junnar,Onion,300,1400,900.0,624.2
2025-09-25,Pune,Junnar,Onion,300,1610,1400.0,740.6
2025-10-26,Pune,Junnar,Onion,500,2210,1800.0,603.9
2025-10-30,Pune,Junnar,Onion,500,2000,1500.0,1008.9
2024-06-12,Pune,Khadki,Onion,1600,2200,1900.0,
2024-06-15,Pune,Khadki,Onion,1300,2100,1700.0,
2024-06-17,Pune,Khadki,Onion,1200,2200,1700.0,
2024-06-18,Pune,Khadki,Onion,1500,2200,1950.0,
2024-06-23,Pune,Khadki,Onion,1500,2500,2100.0,
2024-06-24,Pune,Khadki,Onion,1600,2400,2000.0,
2024-06-25,Pune,Khadki,Onion,1500,2600,2050.0,
2024-06-26,Pune,Khadki,Onion,1200,2600,1900.0,
2024-06-28,Pune,Khadki,Onion,1500,2300,1900.0,
2024-06-30,Pune,Khadki,Onion,1500,2400,1950.0,
2024-07-01,Pune,Khadki,Onion,1600,2400,2000.0,
2024-07-04,Pune,Khadki,Onion,1400,2600,2000.0,
2024-07-05,Pune,Khadki,Onion,1500,2200,1850.0,
2024-07-06,Pune,Khadki,Onion,1500,2400,1950.0,
2024-07-07,Pune,Khadki,Onion,1500,2500,2000.0,
2024-07-08,Pune,Khadki,Onion,1500,2500,2000.0,
2024-07-11,Pune,Khadki,Onion,1300,2500,1900.0,
2024-07-12,Pune,Khadki,Onion,1600,2700,2150.0,
2024-07-13,Pune,Khadki,Onion,1500,2600,2050.0,
2024-07-14,Pune,Khadki,Onion,1600,2700,2150.0,
2024-07-15,Pune,Khadki,Onion,1400,2700,2050.0,
2024-07-16,Pune,Khadki,Onion,2000,2400,2200.0,
2024-07-19,Pune,Khadki,Onion,1500,2700,2100.0,
2024-07-20,Pune,Khadki,Onion,1500,2400,1950.0,
2024-07-22,Pune,Khadki,Onion,1400,2800,2100.0,
2024-07-26,Pune,Khadki,Onion,2700,2700,2700.0,
2024-07-27,Pune,Khadki,Onion,1800,2700,2250.0,
2024-07-29,Pune,Khadki,Onion,1800,2600,2200.0,
2024-07-30,Pune,Khadki,Onion,1600,2700,2150.0,
2024-08-04,Pune,Khadki,Onion,1500,2700,2100.0,
2024-08-05,Pune,Khadki,Onion,1700,2700,2200.0,1.3
2024-08-06,Pune,Khadki,Onion,1800,3700,2250.0,0.4
2024-08-07,Pune,Khadki,Onion,2000,2700,2350.0,2.0
2024-08-08,Pune,Khadki,Onion,1600,2800,2200.0,0.8
2024-08-09,Pune,Khadki,Onion,1700,2800,2250.0,1.7
2024-08-11,Pune,Khadki,Onion,1700,2900,2300.0,2.3
2024-08-12,Pune,Khadki,Onion,1500,2800,2150.0,0.3
2024-08-13,Pune,Khadki,Onion,1700,2800,2250.0,1.8
2024-08-19,Pune,Khadki,Onion,1200,2800,2000.0,2.9
2024-08-20,Pune,Khadki,Onion,1600,3200,2400.0,0.8
2024-08-21,Pune,Khadki,Onion,1300,3200,2250.0,0.5
2024-08-23,Pune,Khadki,Onion,1700,3200,2450.0,1.5
2024-08-25,Pune,Khadki,Onion,1700,3300,2500.0,0.9
2024-08-26,Pune,Khadki,Onion,1700,3200,2450.0,2.9
2024-08-27,Pune,Khadki,Onion,2000,3600,2800.0,0.4
2024-08-29,Pune,Khadki,Onion,1300,3200,2250.0,1.7
2024-08-30,Pune,Khadki,Onion,2200,3300,2750.0,0.4
2024-08-31,Pune,Khadki,Onion,1400,3800,2600.0,2.1
2024-09-01,Pune,Khadki,Onion,1500,3200,2350.0,3.6
2024-09-02,Pune,Khadki,Onion,1900,3600,2750.0,1.2
2024-09-03,Pune,Khadki,Onion,1800,3600,2700.0,0.4
2024-09-05,Pune,Khadki,Onion,1700,3500,2600.0,2.3
2024-09-06,Pune,Khadki,Onion,1400,3500,2450.0,2.0
2024-09-07,Pune,Khadki,Onion,1600,3400,2500.0,1.8
2024-09-08,Pune,Khadki,Onion,2000,4000,3000.0,2.5
2024-09-09,Pune,Khadki,Onion,1600,4000,2800.0,1.7
2024-09-12,Pune,Khadki,Onion,1700,3500,2600.0,2.6
2024-09-13,Pune,Khadki,Onion,2200,3600,2900.0,2.2
2024-09-14,Pune,Khadki,Onion,2100,3600,2850.0,2.6
2024-09-15,Pune,Khadki,Onion,2500,4500,3500.0,2.8
2024-09-16,Pune,Khadki,Onion,1600,4000,2800.0,1.2
2024-09-19,Pune,Khadki,Onion,2200,3800,3000.0,2.5
2024-09-20,Pune,Khadki,Onion,2000,3400,2700.0,3.6
2024-09-21,Pune,Khadki,Onion,1600,3400,2500.0,2.6
2024-09-22,Pune,Khadki,Onion,1600,4000,2800.0,4.2
2024-09-23,Pune,Khadki,Onion,2000,3200,2600.0,1.6
2024-09-24,Pune,Khadki,Onion,2000,4000,3000.0,1.7
2024-09-26,Pune,Khadki,Onion,2000,3700,2850.0,2.3
2024-09-27,Pune,Khadki,Onion,2400,3600,3000.0,0.5
2024-09-28,Pune,Khadki,Onion,1700,3600,2650.0,2.5
2024-09-29,Pune,Khadki,Onion,2600,4000,3300.0,2.8
2024-09-30,Pune,Khadki,Onion,1800,3700,2750.0,2.8
2024-10-01,Pune,Khadki,Onion,1900,3500,2700.0,1.5
2024-10-03,Pune,Khadki,Onion,1800,3600,2700.0,2.6
2024-10-04,Pune,Khadki,Onion,2200,3500,2850.0,1.2
2024-10-05,Pune,Khadki,Onion,1700,3500,2600.0,0.7
2024-10-06,Pune,Khadki,Onion,1800,3600,2700.0,1.5
2024-10-07,Pune,Khadki,Onion,2000,3600,2800.0,0.5
2024-10-09,Pune,Khadki,Onion,1700,3600,2650.0,1.7
2024-10-10,Pune,Khadki,Onion,2500,3200,2850.0,3.0
2024-10-11,Pune,Khadki,Onion,1600,3500,2550.0,0.8
2024-10-12,Pune,Khadki,Onion,1700,3600,2650.0,0.6
2024-10-13,Pune,Khadki,Onion,1700,3300,2500.0,1.7
2024-10-14,Pune,Khadki,Onion,1500,3600,2550.0,0.6
2024-10-16,Pune,Khadki,Onion,2000,3600,2800.0,0.3
2024-10-17,Pune,Khadki,Onion,1700,3200,2450.0,0.8
2024-10-18,Pune,Khadki,Onion,1800,3600,2700.0,1.1
2024-10-19,Pune,Khadki,Onion,1700,3300,2500.0,3.2
2024-10-22,Pune,Khadki,Onion,1700,3600,2650.0,1.6
2024-10-24,Pune,Khadki,Onion,2300,3600,2950.0,1.8
2024-10-25,Pune,Khadki,Onion,1600,3200,2400.0,1.3
2024-10-26,Pune,Khadki,Onion,1600,3300,2450.0,1.8
2024-10-27,Pune,Khadki,Onion,1400,3300,2350.0,2.4
2024-10-29,Pune,Khadki,Onion,1500,3300,2400.0,2.1
2024-10-30,Pune,Khadki,Onion,2400,3600,3000.0,0.4
2025-05-31,Pune,Khadki,Onion,700,1600,1150.0,1.8
2025-06-03,Pune,Khadki,Onion,900,1800,1150.0,0.7
2025-06-04,Pune,Khadki,Onion,1000,1600,1300.0,2.6
2025-06-05,Pune,Khadki,Onion,1000,1500,1250.0,1.6
2025-06-06,Pune,Khadki,Onion,800,1500,1150.0,1.1
2025-06-07,Pune,Khadki,Onion,700,1400,1050.0,0.8
2025-06-08,Pune,Khadki,Onion,800,1400,1100.0,1.1
2025-06-09,Pune,Khadki,Onion,700,1400,1050.0,0.8
2025-06-10,Pune,Khadki,Onion,1000,1600,1300.0,1.4
2025-06-11,Pune,Khadki,Onion,800,1500,1150.0,0.9
2025-06-12,Pune,Khadki,Onion,700,1300,1000.0,1.2
2025-06-13,Pune,Khadki,Onion,700,1300,1000.0,0.7
2025-06-14,Pune,Khadki,Onion,800,1300,1050.0,0.8
2025-06-15,Pune,Khadki,Onion,700,1600,1150.0,1.4
2025-06-16,Pune,Khadki,Onion,900,1600,1250.0,1.8
2025-06-17,Pune,Khadki,Onion,800,1600,1200.0,0.8
2025-06-18,Pune,Khadki,Onion,700,1500,1100.0,0.9
2025-06-19,Pune,Khadki,Onion,700,1500,1100.0,1.2
2025-06-20,Pune,Khadki,Onion,800,1400,1100.0,0.7
2025-06-21,Pune,Khadki,Onion,1000,1800,1400.0,0.6
2025-06-23,Pune,Khadki,Onion,1000,1600,1300.0,0.8
2025-06-24,Pune,Khadki,Onion,700,1500,1100.0,1.1
2025-06-25,Pune,Khadki,Onion,800,1500,1150.0,0.5
2025-06-26,Pune,Khadki,Onion,700,1500,1100.0,0.7
2025-06-27,Pune,Khadki,Onion,700,1400,1050.0,0.8
2025-06-28,Pune,Khadki,Onion,700,1300,1000.0,0.8
2025-06-29,Pune,Khadki,Onion,700,1300,1000.0,1.2
2025-07-01,Pune,Khadki,Onion,800,1400,1100.0,1.0
2025-07-02,Pune,Khadki,Onion,700,1400,1050.0,0.8
2025-07-03,Pune,Khadki,Onion,700,1400,1050.0,0.5
2025-07-04,Pune,Khadki,Onion,800,1400,1100.0,0.8
2025-07-05,Pune,Khadki,Onion,700,1400,1050.0,2.0
2025-07-06,Pune,Khadki,Onion,800,1500,1150.0,0.8
2025-07-07,Pune,Khadki,Onion,700,1300,1000.0,0.5
2025-07-08,Pune,Khadki,Onion,700,1300,1000.0,0.5
2025-07-09,Pune,Khadki,Onion,800,1300,1050.0,0.7
2025-07-10,Pune,Khadki,Onion,900,1400,1150.0,0.6
2025-07-11,Pune,Khadki,Onion,700,1400,1050.0,0.5
2025-07-12,Pune,Khadki,Onion,800,1400,1100.0,0.7
2025-07-13,Pune,Khadki,Onion,800,1600,1200.0,0.8
2025-07-14,Pune,Khadki,Onion,1000,1600,1300.0,0.8
2025-07-15,Pune,Khadki,Onion,1000,1600,1300.0,0.6
2025-07-16,Pune,Khadki,Onion,1000,1600,1300.0,0.6
2025-07-18,Pune,Khadki,Onion,1000,1400,1200.0,0.4
2025-07-19,Pune,Khadki,Onion,800,1300,1050.0,0.6
2025-07-20,Pune,Khadki,Onion,700,1400,1050.0,2.5
2025-07-21,Pune,Khadki,Onion,700,1300,1000.0,0.3
2025-07-22,Pune,Khadki,Onion,800,1300,1050.0,0.9
2025-07-23,Pune,Khadki,Onion,700,1400,1050.0,0.4
2025-07-24,Pune,Khadki,Onion,700,1400,1050.0,0.5
2025-07-25,Pune,Khadki,Onion,1000,1600,1300.0,0.7
2025-07-27,Pune,Khadki,Onion,1000,1600,1300.0,0.5
2025-07-28,Pune,Khadki,Onion,800,1600,1200.0,0.5
2025-07-29,Pune,Khadki,Onion,800,1600,1200.0,0.8
2025-07-30,Pune,Khadki,Onion,800,1600,1200.0,0.5
2025-07-31,Pune,Khadki,Onion,1000,1700,1350.0,0.6
2025-08-01,Pune,Khadki,Onion,800,1500,1150.0,0.7
2025-08-02,Pune,Khadki,Onion,1000,1600,1300.0,0.5
2025-08-03,Pune,Khadki,Onion,700,1500,1100.0,0.8
2025-08-04,Pune,Khadki,Onion,1000,1500,1250.0,1.0
2025-08-05,Pune,Khadki,Onion,800,1600,1200.0,0.8
2025-08-06,Pune,Khadki,Onion,1000,1600,1350.0,0.9
2025-08-07,Pune,Khadki,Onion,800,1400,1100.0,0.6
2025-08-10,Pune,Khadki,Onion,700,1600,1150.0,1.2
2025-08-11,Pune,Khadki,Onion,1000,1600,1300.0,1.0
2025-08-12,Pune,Khadki,Onion,900,1600,1250.0,0.8
2025-08-13,Pune,Khadki,Onion,1000,1600,1300.0,1.3
2025-08-14,Pune,Khadki,Onion,1000,1600,1300.0,1.8
2025-08-16,Pune,Khadki,Onion,800,1500,1150.0,1.3
2025-08-17,Pune,Khadki,Onion,800,1600,1200.0,1.5
2025-08-20,Pune,Khadki,Onion,700,1400,1050.0,0.5
2025-08-21,Pune,Khadki,Onion,700,1500,1100.0,0.5
2025-08-22,Pune,Khadki,Onion,800,1600,1200.0,0.6
2025-08-24,Pune,Khadki,Onion,1000,1500,1250.0,0.6
2025-08-25,Pune,Khadki,Onion,1000,1600,1300.0,0.7
2025-08-26,Pune,Khadki,Onion,700,1400,1050.0,2.7
2025-08-27,Pune,Khadki,Onion,700,1600,1150.0,0.8
2025-08-28,Pune,Khadki,Onion,1000,1600,1300.0,0.8
2025-08-29,Pune,Khadki,Onion,700,1600,1150.0,0.5
2025-08-31,Pune,Khadki,Onion,700,1400,1050.0,3.7
2025-09-01,Pune,Khadki,Onion,700,1400,1050.0,0.5
2025-09-03,Pune,Khadki,Onion,700,1600,1150.0,0.7
2025-09-04,Pune,Khadki,Onion,800,1500,1150.0,1.1
2025-09-05,Pune,Khadki,Onion,800,1500,1150.0,0.7
2025-09-08,Pune,Khadki,Onion,1000,1200,1100.0,1.0
2025-09-09,Pune,Khadki,Onion,1200,1300,1250.0,0.9
2025-09-10,Pune,Khadki,Onion,1300,1300,1300.0,1.1
2025-09-11,Pune,Khadki,Onion,1200,1300,1250.0,2.3
2025-09-12,Pune,Khadki,Onion,1200,1300,1250.0,0.9
2025-09-13,Pune,Khadki,Onion,1300,1300,1300.0,0.9
2025-09-14,Pune,Khadki,Onion,1300,1300,1300.0,0.9
2025-09-15,Pune,Khadki,Onion,700,1200,950.0,2.8
2025-09-16,Pune,Khadki,Onion,700,1200,950.0,1.0
2025-09-19,Pune,Khadki,Onion,1200,1300,1250.0,0.9
2025-09-20,Pune,Khadki,Onion,1100,1300,1200.0,1.6
2025-09-21,Pune,Khadki,Onion,700,1300,1000.0,1.4
2025-09-23,Pune,Khadki,Onion,1100,1300,1200.0,1.1
2025-09-24,Pune,Khadki,Onion,1000,1300,1150.0,1.6
2025-09-25,Pune,Khadki,Onion,800,1200,1000.0,1.4
2025-09-26,Pune,Khadki,Onion,800,1300,1050.0,1.2
2025-09-27,Pune,Khadki,Onion,700,1200,1000.0,0.9
2025-09-28,Pune,Khadki,Onion,1000,1200,1100.0,1.6
2025-09-30,Pune,Khadki,Onion,900,1300,1150.0,1.2
2025-10-02,Pune,Khadki,Onion,1100,1200,1150.0,1.4
2025-10-03,Pune,Khadki,Onion,900,1200,1050.0,1.7
2025-10-04,Pune,Khadki,Onion,900,1200,1050.0,2.8
2025-10-05,Pune,Khadki,Onion,1200,1300,1250.0,1.3
2025-10-06,Pune,Khadki,Onion,800,1200,1000.0,1.4
2025-10-07,Pune,Khadki,Onion,700,1300,1000.0,1.5
2025-10-08,Pune,Khadki,Onion,1000,1200,1100.0,2.0
2025-10-09,Pune,Khadki,Onion,500,1200,850.0,2.3
2025-10-13,Pune,Khadki,Onion,1000,1100,1050.0,4.0
2025-10-14,Pune,Khadki,Onion,800,1200,1000.0,2.1
2025-10-15,Pune,Khadki,Onion,800,1200,1000.0,2.8
2025-10-16,Pune,Khadki,Onion,1000,1200,1100.0,3.7
2025-10-17,Pune,Khadki,Onion,700,1200,950.0,2.4
2025-10-18,Pune,Khadki,Onion,800,1100,950.0,1.7
2025-10-19,Pune,Khadki,Onion,500,1200,950.0,2.8
2025-10-21,Pune,Khadki,Onion,600,1100,850.0,2.9
2025-10-22,Pune,Khadki,Onion,600,1100,800.0,4.1
2025-10-24,Pune,Khadki,Onion,700,1000,850.0,2.8
2025-10-26,Pune,Khadki,Onion,600,1000,800.0,2.7
2025-10-27,Pune,Khadki,Onion,800,1000,900.0,1.5
2025-10-28,Pune,Khadki,Onion,700,1000,850.0,2.2
2025-10-29,Pune,Khadki,Onion,600,1000,800.0,2.1
2025-10-30,Pune,Khadki,Onion,700,1000,850.0,3.3
2024-06-13,Pune,Khed(Chakan),Onion,2000,3000,2500.0,
2024-06-15,Pune,Khed(Chakan),Onion,2000,3000,2500.0,
2024-06-16,Pune,Khed(Chakan),Onion,1500,2700,2000.0,
2024-06-18,Pune,Khed(Chakan),Onion,1500,2800,2000.0,
2024-06-19,Pune,Khed(Chakan),Onion,2000,3100,2500.0,
2024-06-20,Pune,Khed(Chakan),Onion,2000,3000,2500.0,
2024-06-21,Pune,Khed(Chakan),Onion,2000,3000,2500.0,
2024-06-25,Pune,Khed(Chakan),Onion,2000,3000,2500.0,
2024-06-26,Pune,Khed(Chakan),Onion,2000,3000,2500.0,
2024-06-27,Pune,Khed(Chakan),Onion,2000,3000,2500.0,
2024-06-28,Pune,Khed(Chakan),Onion,2000,3100,2500.0,
2024-06-29,Pune,Khed(Chakan),Onion,2000,3100,2500.0,
2024-06-30,Pune,Khed(Chakan),Onion,2000,3000,2500.0,
2024-07-02,Pune,Khed(Chakan),Onion,2000,3000,2500.0,
2024-07-03,Pune,Khed(Chakan),Onion,2000,3200,2500.0,
2024-07-04,Pune,Khed(Chakan),Onion,2000,3200,2500.0,
2024-07-05,Pune,Khed(Chakan),Onion,2000,3000,2500.0,
2024-07-06,Pune,Khed(Chakan),Onion,2000,3000,2500.0,
2024-07-09,Pune,Khed(Chakan),Onion,2000,3000,2500.0,
2024-07-10,Pune,Khed(Chakan),Onion,2000,3000,2500.0,
2024-07-11,Pune,Khed(Chakan),Onion,2000,3000,2500.0,
2024-07-16,Pune,Khed(Chakan),Onion,2000,3000,2500.0,
2024-07-17,Pune,Khed(Chakan),Onion,2000,3000,2500.0,
2024-07-18,Pune,Khed(Chakan),Onion,2000,3000,2500.0,
2024-07-19,Pune,Khed(Chakan),Onion,2000,3000,2500.0,
2024-07-23,Pune,Khed(Chakan),Onion,2000,3000,2500.0,
2024-07-24,Pune,Khed(Chakan),Onion,2000,3000,2500.0,
2024-07-25,Pune,Khed(Chakan),Onion,2000,3000,2500.0,
2024-07-26,Pune,Khed(Chakan),Onion,2000,3000,2500.0,
2024-07-30,Pune,Khed(Chakan),Onion,2000,3000,2500.0,
2024-07-31,Pune,Khed(Chakan),Onion,2000,3000,2500.0,
2024-08-04,Pune,Khed(Chakan),Onion,2000,3000,2500.0,
2024-08-06,Pune,Khed(Chakan),Onion,2000,3000,2500.0,60.0
2024-08-07,Pune,Khed(Chakan),Onion,2000,3000,2500.0,75.0
2024-08-08,Pune,Khed(Chakan),Onion,2000,3000,2500.0,35.0
2024-08-10,Pune,Khed(Chakan),Onion,2000,3350,2700.0,100.0
2024-08-11,Pune,Khed(Chakan),Onion,2000,3000,2500.0,50.0
2024-08-14,Pune,Khed(Chakan),Onion,2500,3500,2900.0,100.0
2024-08-16,Pune,Khed(Chakan),Onion,2000,3500,2800.0,50.0
2024-08-20,Pune,Khed(Chakan),Onion,2500,3500,3000.0,60.0
2024-08-21,Pune,Khed(Chakan),Onion,2500,3500,3000.0,100.0
2024-08-22,Pune,Khed(Chakan),Onion,2500,3500,3000.0,40.0
2024-08-23,Pune,Khed(Chakan),Onion,2500,3500,3000.0,40.0
2024-08-24,Pune,Khed(Chakan),Onion,3000,4200,3500.0,125.0
2024-08-25,Pune,Khed(Chakan),Onion,3000,4000,3500.0,40.0
2024-08-27,Pune,Khed(Chakan),Onion,3000,4000,3500.0,45.0
2024-08-28,Pune,Khed(Chakan),Onion,3000,4000,3500.0,125.0
2024-08-29,Pune,Khed(Chakan),Onion,3000,4000,3500.0,40.0
2024-08-30,Pune,Khed(Chakan),Onion,3000,4000,3500.0,45.0
2024-08-31,Pune,Khed(Chakan),Onion,3000,4000,3500.0,130.0
2024-09-01,Pune,Khed(Chakan),Onion,3000,4000,3500.0,50.0
2024-09-03,Pune,Khed(Chakan),Onion,3000,4000,3500.0,45.0
2024-09-04,Pune,Khed(Chakan),Onion,3000,4350,3500.0,110.0
2024-09-05,Pune,Khed(Chakan),Onion,3000,4500,4000.0,40.0
2024-09-06,Pune,Khed(Chakan),Onion,3000,4000,3500.0,45.0
2024-09-07,Pune,Khed(Chakan),Onion,3000,4500,4000.0,150.0
2024-09-08,Pune,Khed(Chakan),Onion,3000,4500,3500.0,50.0
2024-09-10,Pune,Khed(Chakan),Onion,3000,4500,4000.0,50.0
2024-09-11,Pune,Khed(Chakan),Onion,3000,4500,3700.0,125.0
2024-09-12,Pune,Khed(Chakan),Onion,3000,4000,3500.0,45.0
2024-09-13,Pune,Khed(Chakan),Onion,3000,4000,3500.0,45.0
2024-09-14,Pune,Khed(Chakan),Onion,3000,4500,3500.0,100.0
2024-09-15,Pune,Khed(Chakan),Onion,3000,4500,4000.0,50.0
2024-09-17,Pune,Khed(Chakan),Onion,3000,4500,3500.0,45.0
2024-09-18,Pune,Khed(Chakan),Onion,3000,4500,3500.0,100.0
2024-09-19,Pune,Khed(Chakan),Onion,3000,5000,4000.0,35.0
2024-09-20,Pune,Khed(Chakan),Onion,3000,5000,4000.0,50.0
2024-09-21,Pune,Khed(Chakan),Onion,4000,5000,4500.0,90.0
2024-09-22,Pune,Khed(Chakan),Onion,3000,4700,3800.0,50.0
2024-09-24,Pune,Khed(Chakan),Onion,3000,4500,4000.0,50.0
2024-09-25,Pune,Khed(Chakan),Onion,3000,4500,4000.0,100.0
2024-09-26,Pune,Khed(Chakan),Onion,3000,4500,4000.0,40.0
2024-09-27,Pune,Khed(Chakan),Onion,3000,4500,3750.0,40.0
2024-10-01,Pune,Khed(Chakan),Onion,3000,4500,3800.0,50.0
2024-10-02,Pune,Khed(Chakan),Onion,2500,4500,3500.0,105.0
2024-10-03,Pune,Khed(Chakan),Onion,2000,4000,3500.0,45.0
2024-10-04,Pune,Khed(Chakan),Onion,2000,4000,3000.0,50.0
2024-10-05,Pune,Khed(Chakan),Onion,2000,5000,3500.0,150.0
2024-10-06,Pune,Khed(Chakan),Onion,2000,5000,3500.0,40.0
2024-10-09,Pune,Khed(Chakan),Onion,2000,4500,3250.0,125.0
2024-10-10,Pune,Khed(Chakan),Onion,2000,4500,3800.0,45.0
2024-10-11,Pune,Khed(Chakan),Onion,2000,4500,3250.0,40.0
2024-10-12,Pune,Khed(Chakan),Onion,2000,4500,3250.0,100.0
2024-10-13,Pune,Khed(Chakan),Onion,2000,4200,3200.0,50.0
2024-10-15,Pune,Khed(Chakan),Onion,2000,4000,3000.0,50.0
2024-10-16,Pune,Khed(Chakan),Onion,2000,4500,3200.0,100.0
2024-10-17,Pune,Khed(Chakan),Onion,2000,4500,3250.0,45.0
2024-10-19,Pune,Khed(Chakan),Onion,2000,4500,3800.0,100.0
2024-10-20,Pune,Khed(Chakan),Onion,2000,4500,4000.0,50.0
2024-10-22,Pune,Khed(Chakan),Onion,2000,4500,3500.0,40.0
2024-10-23,Pune,Khed(Chakan),Onion,2000,4500,3000.0,110.0
2024-10-24,Pune,Khed(Chakan),Onion,3000,4500,3500.0,50.0
2024-10-25,Pune,Khed(Chakan),Onion,2000,4500,3800.0,35.0
2024-10-26,Pune,Khed(Chakan),Onion,2000,4500,3200.0,105.0
2024-10-27,Pune,Khed(Chakan),Onion,2000,4500,3500.0,55.0
2024-10-29,Pune,Khed(Chakan),Onion,2000,4500,3500.0,50.0
2024-10-30,Pune,Khed(Chakan),Onion,2000,4500,3250.0,90.0
2025-05-31,Pune,Khed(Chakan),Onion,800,1400,1000.0,250.0
2025-06-03,Pune,Khed(Chakan),Onion,800,1500,1300.0,25.0
2025-06-04,Pune,Khed(Chakan),Onion,700,1500,1200.0,50.0
2025-06-05,Pune,Khed(Chakan),Onion,800,1400,1200.0,20.0
2025-06-06,Pune,Khed(Chakan),Onion,800,1400,1200.0,17.5
2025-06-07,Pune,Khed(Chakan),Onion,800,1400,1100.0,100.0
2025-06-08,Pune,Khed(Chakan),Onion,800,1500,1400.0,20.0
2025-06-10,Pune,Khed(Chakan),Onion,800,1400,1100.0,19.0
2025-06-11,Pune,Khed(Chakan),Onion,800,1800,1200.0,50.0
2025-06-12,Pune,Khed(Chakan),Onion,800,1600,1200.0,20.0
2025-06-14,Pune,Khed(Chakan),Onion,800,1800,1200.0,500.0
2025-06-15,Pune,Khed(Chakan),Onion,1000,2000,1500.0,40.0
2025-06-17,Pune,Khed(Chakan),Onion,800,1500,1400.0,20.0
2025-06-18,Pune,Khed(Chakan),Onion,1200,1800,1500.0,75.0
2025-06-19,Pune,Khed(Chakan),Onion,1000,1500,1400.0,10.0
2025-06-20,Pune,Khed(Chakan),Onion,1200,1800,1500.0,15.0
2025-06-21,Pune,Khed(Chakan),Onion,1200,2000,1800.0,150.0
2025-06-22,Pune,Khed(Chakan),Onion,1200,1800,1500.0,20.0
2025-06-24,Pune,Khed(Chakan),Onion,1200,1800,1500.0,23.0
2025-06-25,Pune,Khed(Chakan),Onion,800,1800,1500.0,90.0
2025-06-26,Pune,Khed(Chakan),Onion,1200,1800,1500.0,15.0
2025-06-27,Pune,Khed(Chakan),Onion,800,2000,1500.0,10.0
2025-06-28,Pune,Khed(Chakan),Onion,1000,2000,1500.0,125.0
2025-06-29,Pune,Khed(Chakan),Onion,1000,1900,1500.0,20.0
2025-07-01,Pune,Khed(Chakan),Onion,1000,1900,1500.0,25.0
2025-07-03,Pune,Khed(Chakan),Onion,800,1900,1500.0,20.0
2025-07-04,Pune,Khed(Chakan),Onion,800,1800,1500.0,20.0
2025-07-05,Pune,Khed(Chakan),Onion,1200,1800,1500.0,50.0
2025-07-06,Pune,Khed(Chakan),Onion,1000,1800,1500.0,40.0
2025-07-08,Pune,Khed(Chakan),Onion,800,1700,1500.0,25.0
2025-07-09,Pune,Khed(Chakan),Onion,900,1800,1200.0,60.0
2025-07-10,Pune,Khed(Chakan),Onion,1000,1700,1500.0,20.0
2025-07-11,Pune,Khed(Chakan),Onion,1000,1800,1400.0,20.0
2025-07-12,Pune,Khed(Chakan),Onion,1000,1600,1300.0,110.0
2025-07-13,Pune,Khed(Chakan),Onion,800,1500,1200.0,22.5
2025-07-15,Pune,Khed(Chakan),Onion,800,1600,1400.0,30.0
2025-07-16,Pune,Khed(Chakan),Onion,1000,1700,1500.0,100.0
2025-07-23,Pune,Khed(Chakan),Onion,1000,1700,1400.0,90.0
2025-07-24,Pune,Khed(Chakan),Onion,800,1800,1400.0,20.0
2025-07-25,Pune,Khed(Chakan),Onion,1000,1800,1400.0,20.0
2025-07-26,Pune,Khed(Chakan),Onion,1000,1700,1400.0,50.0
2025-07-27,Pune,Khed(Chakan),Onion,1000,1800,1400.0,15.0
2025-07-29,Pune,Khed(Chakan),Onion,800,1500,1300.0,25.0
2025-07-30,Pune,Khed(Chakan),Onion,1000,1700,1500.0,75.0
2025-07-31,Pune,Khed(Chakan),Onion,1000,1800,1400.0,25.0
2025-08-01,Pune,Khed(Chakan),Onion,700,1500,1400.0,20.0
2025-08-02,Pune,Khed(Chakan),Onion,1000,1700,1300.0,100.0
2025-08-03,Pune,Khed(Chakan),Onion,1000,1800,1400.0,40.0
2025-08-05,Pune,Khed(Chakan),Onion,700,1500,1200.0,25.0
2025-08-06,Pune,Khed(Chakan),Onion,1000,1800,1400.0,15.0
2025-08-07,Pune,Khed(Chakan),Onion,1000,1800,1400.0,30.0
2025-08-08,Pune,Khed(Chakan),Onion,1000,1800,1500.0,25.0
2025-08-09,Pune,Khed(Chakan),Onion,800,1500,1300.0,90.0
2025-08-10,Pune,Khed(Chakan),Onion,700,1500,1300.0,25.0
2025-08-12,Pune,Khed(Chakan),Onion,700,1500,1200.0,22.5
2025-08-13,Pune,Khed(Chakan),Onion,1000,1700,1200.0,750.0
2025-08-14,Pune,Khed(Chakan),Onion,800,1600,1400.0,20.0
2025-08-16,Pune,Khed(Chakan),Onion,1000,1700,1300.0,100.0
2025-08-17,Pune,Khed(Chakan),Onion,700,1700,1500.0,25.0
2025-08-20,Pune,Khed(Chakan),Onion,1000,1700,1400.0,60.0
2025-08-22,Pune,Khed(Chakan),Onion,1200,1700,1500.0,50.0
2025-08-24,Pune,Khed(Chakan),Onion,800,1600,1300.0,22.5
2025-08-26,Pune,Khed(Chakan),Onion,800,1600,1300.0,20.0
2025-08-27,Pune,Khed(Chakan),Onion,1000,1600,1300.0,50.0
2025-08-28,Pune,Khed(Chakan),Onion,1000,1600,1300.0,15.0
2025-08-29,Pune,Khed(Chakan),Onion,1000,1600,1300.0,10.0
2025-08-31,Pune,Khed(Chakan),Onion,1000,1600,1300.0,15.0
2025-09-02,Pune,Khed(Chakan),Onion,700,1500,1200.0,20.0
2025-09-03,Pune,Khed(Chakan),Onion,1000,1700,1300.0,100.0
2025-09-04,Pune,Khed(Chakan),Onion,1000,1700,1400.0,40.0
2025-09-05,Pune,Khed(Chakan),Onion,1200,1700,1500.0,40.0
2025-09-09,Pune,Khed(Chakan),Onion,1000,1700,1500.0,40.0
2025-09-10,Pune,Khed(Chakan),Onion,800,1500,1200.0,75.0
2025-09-11,Pune,Khed(Chakan),Onion,1000,1500,1300.0,20.0
2025-09-12,Pune,Khed(Chakan),Onion,700,1400,1200.0,20.0
2025-09-13,Pune,Khed(Chakan),Onion,900,1500,1300.0,125.0
2025-09-16,Pune,Khed(Chakan),Onion,700,1400,1200.0,25.0
2025-09-17,Pune,Khed(Chakan),Onion,1000,1700,1500.0,50.0
2025-09-18,Pune,Khed(Chakan),Onion,1000,1600,1400.0,40.0
2025-09-19,Pune,Khed(Chakan),Onion,1000,1600,1300.0,20.0
2025-09-21,Pune,Khed(Chakan),Onion,700,1300,1100.0,22.5
2025-09-23,Pune,Khed(Chakan),Onion,700,1400,1100.0,25.0
2025-09-24,Pune,Khed(Chakan),Onion,800,1500,1200.0,60.0
2025-09-25,Pune,Khed(Chakan),Onion,1000,1500,1300.0,20.0
2025-09-26,Pune,Khed(Chakan),Onion,1000,1500,1200.0,25.0
2025-09-27,Pune,Khed(Chakan),Onion,800,1300,1000.0,75.0
2025-10-01,Pune,Khed(Chakan),Onion,800,1200,1000.0,50.0
2025-10-02,Pune,Khed(Chakan),Onion,700,1200,1000.0,20.0
2025-10-03,Pune,Khed(Chakan),Onion,700,1200,1000.0,20.0
2025-10-07,Pune,Khed(Chakan),Onion,700,1400,1100.0,22.5
2025-10-08,Pune,Khed(Chakan),Onion,800,1500,1200.0,100.0
2025-10-09,Pune,Khed(Chakan),Onion,700,1400,1200.0,22.5
2025-10-10,Pune,Khed(Chakan),Onion,800,1400,1200.0,40.0
2025-10-11,Pune,Khed(Chakan),Onion,800,1500,1000.0,150.0
2025-10-12,Pune,Khed(Chakan),Onion,800,1400,1000.0,40.0
2025-10-14,Pune,Khed(Chakan),Onion,800,1400,1200.0,40.0
2025-10-15,Pune,Khed(Chakan),Onion,800,1400,1200.0,100.0
2025-10-16,Pune,Khed(Chakan),Onion,600,1400,1200.0,22.5
2025-10-17,Pune,Khed(Chakan),Onion,600,1400,1100.0,20.0
2025-10-18,Pune,Khed(Chakan),Onion,800,1400,1000.0,125.0
2025-10-19,Pune,Khed(Chakan),Onion,700,1400,1100.0,22.5
2025-10-25,Pune,Khed(Chakan),Onion,800,1500,1000.0,125.0
2025-10-28,Pune,Khed(Chakan),Onion,800,1600,1300.0,25.0
2025-10-29,Pune,Khed(Chakan),Onion,800,1500,1200.0,70.0
2025-10-30,Pune,Khed(Chakan),Onion,800,1400,1200.0,25.0
2024-06-11,Pune,Manchar,Onion,2300,3110,2725.0,
2024-06-16,Pune,Manchar,Onion,2300,3110,2700.0,
2024-06-30,Pune,Manchar,Onion,2000,3400,2700.0,
2024-07-02,Pune,Manchar,Onion,3200,3750,3475.0,
2024-07-04,Pune,Manchar,Onion,2600,3650,3150.0,
2024-07-07,Pune,Manchar,Onion,2500,3350,2930.0,
2024-07-09,Pune,Manchar,Onion,2800,3250,3025.0,
2024-07-16,Pune,Manchar,Onion,2000,3300,2650.0,
2024-08-04,Pune,Manchar,Onion,2300,3150,2725.0,
2024-08-06,Pune,Manchar,Onion,2300,3300,2850.0,1010.2
2024-08-08,Pune,Manchar,Onion,2800,3600,3200.0,1191.3
2024-08-11,Pune,Manchar,Onion,3200,4210,3705.0,1269.1
2024-08-22,Pune,Manchar,Onion,3500,4710,4150.0,1301.2
2024-08-25,Pune,Manchar,Onion,3500,4510,4000.0,1398.2
2024-08-27,Pune,Manchar,Onion,2500,4510,3525.0,1044.9
2024-09-03,Pune,Manchar,Onion,3500,5510,4525.0,1035.0
2024-09-05,Pune,Manchar,Onion,3700,4510,4125.0,1183.7
2024-09-10,Pune,Manchar,Onion,2800,4510,3668.0,800.0
2024-09-12,Pune,Manchar,Onion,3500,4510,4005.0,657.0
2024-09-15,Pune,Manchar,Onion,3500,5510,4575.0,625.8
2024-09-19,Pune,Manchar,Onion,3250,5010,4150.0,640.8
2024-09-22,Pune,Manchar,Onion,3000,5210,4115.0,851.4
2024-09-24,Pune,Manchar,Onion,4300,5150,4725.0,875.5
2024-09-29,Pune,Manchar,Onion,3200,4300,3775.0,1017.0
2024-10-06,Pune,Manchar,Onion,3000,4900,4400.0,781.6
2024-10-10,Pune,Manchar,Onion,3700,4700,4250.0,536.1
2024-10-13,Pune,Manchar,Onion,3500,4700,4125.0,594.0
2024-10-15,Pune,Manchar,Onion,3500,4750,4130.0,629.8
2024-10-20,Pune,Manchar,Onion,4100,5000,4560.0,667.0
2024-10-22,Pune,Manchar,Onion,4300,5200,4760.0,462.1
2024-10-24,Pune,Manchar,Onion,3800,5110,4460.0,489.8
2024-10-27,Pune,Manchar,Onion,3800,5000,4425.0,402.6
2025-06-03,Pune,Manchar,Onion,1300,1550,1425.0,407.3
2025-06-05,Pune,Manchar,Onion,1500,1800,1650.0,283.2
2025-06-12,Pune,Manchar,Onion,1800,2250,2025.0,349.5
2025-06-15,Pune,Manchar,Onion,1700,2110,1905.0,1224.0
2025-06-17,Pune,Manchar,Onion,1800,2200,2100.0,868.4
2025-06-18,Pune,Manchar,Onion,1300,2000,1650.0,49.5
2025-06-19,Pune,Manchar,Onion,1700,2000,1900.0,491.2
2025-06-22,Pune,Manchar,Onion,1700,2110,1905.0,657.6
2025-06-24,Pune,Manchar,Onion,1700,2110,1905.0,398.3
2025-06-26,Pune,Manchar,Onion,1700,2110,1905.0,552.2
2025-06-29,Pune,Manchar,Onion,1700,2010,1855.0,575.3
2025-07-03,Pune,Manchar,Onion,1700,2000,1900.0,433.9
2025-07-06,Pune,Manchar,Onion,1700,2000,1900.0,470.8
2025-07-08,Pune,Manchar,Onion,1700,2000,1850.0,387.5
2025-07-13,Pune,Manchar,Onion,1550,1850,1700.0,564.1
2025-07-15,Pune,Manchar,Onion,1550,1800,1675.0,315.5
2025-07-17,Pune,Manchar,Onion,1550,1800,1700.0,404.1
2025-07-22,Pune,Manchar,Onion,1500,1850,1700.0,326.7
2025-07-24,Pune,Manchar,Onion,1550,1800,1700.0,408.7
2025-07-27,Pune,Manchar,Onion,1450,1800,1650.0,545.9
2025-07-29,Pune,Manchar,Onion,1400,1700,1600.0,492.4
2025-08-03,Pune,Manchar,Onion,1450,1700,1600.0,714.8
2025-08-05,Pune,Manchar,Onion,1450,1700,1580.0,621.0
2025-08-07,Pune,Manchar,Onion,1450,1700,1600.0,725.2
2025-08-10,Pune,Manchar,Onion,1400,1700,1600.0,484.3
2025-08-12,Pune,Manchar,Onion,1600,2000,1800.0,515.4
2025-08-14,Pune,Manchar,Onion,1600,2000,1800.0,766.5
2025-08-17,Pune,Manchar,Onion,1550,1800,1700.0,1013.6
2025-08-24,Pune,Manchar,Onion,1200,1800,1525.0,1214.6
2025-08-28,Pune,Manchar,Onion,1250,1600,1450.0,435.4
2025-08-31,Pune,Manchar,Onion,1350,1650,1500.0,900.2
2025-09-02,Pune,Manchar,Onion,1250,1600,1500.0,653.6
2025-09-05,Pune,Manchar,Onion,1300,1650,1500.0,789.4
2025-09-07,Pune,Manchar,Onion,1300,1650,1500.0,721.9
2025-09-09,Pune,Manchar,Onion,1300,1550,1425.0,944.4
2025-09-11,Pune,Manchar,Onion,1300,1550,1500.0,2046.2
2025-09-14,Pune,Manchar,Onion,1200,1510,1355.0,973.7
2025-09-16,Pune,Manchar,Onion,1250,1510,1400.0,513.2
2025-09-18,Pune,Manchar,Onion,1350,1700,1530.0,135.0
2025-09-25,Pune,Manchar,Onion,1450,1600,1525.0,1120.9
2025-09-28,Pune,Manchar,Onion,1350,1600,1480.0,961.8
2025-10-02,Pune,Manchar,Onion,1450,1700,1600.0,912.6
2025-10-12,Pune,Manchar,Onion,1250,1510,1380.0,1599.5
2025-10-14,Pune,Manchar,Onion,1250,1510,1400.0,1021.9
2025-10-16,Pune,Manchar,Onion,1250,1550,1400.0,847.7
2025-10-28,Pune,Manchar,Onion,1500,1840,1700.0,1377.5
2024-06-11,Pune,Manjri,Onion,1700,2100,2000.0,
2024-06-12,Pune,Manjri,Onion,2000,2200,2100.0,
2024-06-13,Pune,Manjri,Onion,1700,2200,1900.0,
2024-06-14,Pune,Manjri,Onion,1700,2200,1800.0,
2024-06-15,Pune,Manjri,Onion,2200,2400,2300.0,
2024-06-16,Pune,Manjri,Onion,1300,2700,2000.0,
2024-06-17,Pune,Manjri,Onion,2000,2600,2400.0,
2024-06-18,Pune,Manjri,Onion,2000,2600,2400.0,
2024-06-19,Pune,Manjri,Onion,1700,2400,2000.0,
2024-06-20,Pune,Manjri,Onion,2200,2600,2400.0,
2024-06-21,Pune,Manjri,Onion,1700,2600,2200.0,
2024-06-22,Pune,Manjri,Onion,1700,2800,2200.0,
2024-06-23,Pune,Manjri,Onion,1700,2600,2200.0,
2024-06-24,Pune,Manjri,Onion,1700,2800,2200.0,
2024-06-25,Pune,Manjri,Onion,1700,2600,2200.0,
2024-06-26,Pune,Manjri,Onion,2200,2600,2400.0,
2024-06-27,Pune,Manjri,Onion,1700,3300,2800.0,
2024-06-28,Pune,Manjri,Onion,2000,2600,2400.0,
2024-06-29,Pune,Manjri,Onion,2000,3300,2800.0,
2024-06-30,Pune,Manjri,Onion,2000,3200,2800.0,
2024-07-01,Pune,Manjri,Onion,1700,3100,2700.0,
2024-07-02,Pune,Manjri,Onion,1300,2600,1700.0,
2024-07-03,Pune,Manjri,Onion,2200,3300,2600.0,
2024-07-04,Pune,Manjri,Onion,1300,3100,2200.0,
2024-07-05,Pune,Manjri,Onion,1700,3100,2200.0,
2024-07-06,Pune,Manjri,Onion,1300,3100,2200.0,
2024-07-07,Pune,Manjri,Onion,1700,3300,2500.0,
2024-07-08,Pune,Manjri,Onion,1700,3300,2700.0,
2024-07-09,Pune,Manjri,Onion,2200,2600,2400.0,
2024-07-10,Pune,Manjri,Onion,2200,3300,2600.0,
2024-07-11,Pune,Manjri,Onion,2200,3300,2600.0,
2024-07-12,Pune,Manjri,Onion,1700,2600,2200.0,
2024-07-13,Pune,Manjri,Onion,1700,2600,2200.0,
2024-07-14,Pune,Manjri,Onion,1300,3100,2200.0,
2024-07-15,Pune,Manjri,Onion,2200,3300,2600.0,
2024-07-16,Pune,Manjri,Onion,2700,3300,3000.0,
2024-07-17,Pune,Manjri,Onion,2200,3600,2600.0,
2024-07-18,Pune,Manjri,Onion,2000,3500,2500.0,
2024-07-19,Pune,Manjri,Onion,2000,3500,2500.0,
2024-07-20,Pune,Manjri,Onion,2200,3000,2600.0,
2024-07-21,Pune,Manjri,Onion,2200,3300,2600.0,
2024-07-22,Pune,Manjri,Onion,1700,2600,2100.0,
2024-07-23,Pune,Manjri,Onion,1700,2600,2200.0,
2024-07-24,Pune,Manjri,Onion,2200,3300,2800.0,
2024-07-25,Pune,Manjri,Onion,1300,3500,2200.0,
2024-07-26,Pune,Manjri,Onion,2200,3300,2700.0,
2024-07-27,Pune,Manjri,Onion,1300,3300,2200.0,
2024-07-28,Pune,Manjri,Onion,1300,3300,2200.0,
2024-07-29,Pune,Manjri,Onion,2200,3100,2600.0,
2024-07-30,Pune,Manjri,Onion,2200,3300,2800.0,
2024-07-31,Pune,Manjri,Onion,2000,3500,2800.0,
2024-08-04,Pune,Manjri,Onion,2000,3000,2600.0,
2024-08-05,Pune,Manjri,Onion,1700,3500,2200.0,6.9
2024-08-06,Pune,Manjri,Onion,1700,3100,2600.0,6.9
2024-08-07,Pune,Manjri,Onion,1300,2600,2200.0,7.9
2024-08-08,Pune,Manjri,Onion,1700,3300,2400.0,6.1
2024-08-09,Pune,Manjri,Onion,2200,3100,2600.0,5.5
2024-08-10,Pune,Manjri,Onion,2200,3300,2600.0,7.5
2024-08-11,Pune,Manjri,Onion,2200,3300,2600.0,7.0
2024-08-12,Pune,Manjri,Onion,2200,3300,2600.0,9.1
2024-08-13,Pune,Manjri,Onion,2200,3400,2600.0,7.1
2024-08-14,Pune,Manjri,Onion,2600,4000,3300.0,9.2
2024-08-16,Pune,Manjri,Onion,3100,4000,3500.0,7.5
2024-08-17,Pune,Manjri,Onion,1700,2600,2200.0,10.6
2024-08-18,Pune,Manjri,Onion,2200,3500,2800.0,11.9
2024-08-19,Pune,Manjri,Onion,2200,3500,2800.0,7.5
2024-08-20,Pune,Manjri,Onion,2000,3500,2800.0,7.7
2024-08-21,Pune,Manjri,Onion,2000,3200,2700.0,7.9
2024-08-22,Pune,Manjri,Onion,2000,4500,3200.0,12.2
2024-08-24,Pune,Manjri,Onion,2000,3400,2500.0,9.3
2024-08-25,Pune,Manjri,Onion,2600,4500,3500.0,7.8
2024-08-26,Pune,Manjri,Onion,2600,4500,3500.0,6.9
2024-08-27,Pune,Manjri,Onion,2000,3400,2500.0,6.5
2024-08-28,Pune,Manjri,Onion,3000,4800,4500.0,12.0
2024-08-29,Pune,Manjri,Onion,2500,4000,3500.0,7.8
2024-08-30,Pune,Manjri,Onion,3000,4800,4500.0,7.5
2024-08-31,Pune,Manjri,Onion,2000,5000,4500.0,6.2
2024-09-01,Pune,Manjri,Onion,3000,4800,4500.0,10.5
2024-09-02,Pune,Manjri,Onion,2500,3800,3500.0,9.2
2024-09-03,Pune,Manjri,Onion,2500,4000,3600.0,8.5
2024-09-04,Pune,Manjri,Onion,2700,4000,3600.0,8.5
2024-09-05,Pune,Manjri,Onion,2400,4000,3500.0,7.7
2024-09-06,Pune,Manjri,Onion,2500,4000,3000.0,6.9
2024-09-07,Pune,Manjri,Onion,2500,4000,3000.0,8.0
2024-09-08,Pune,Manjri,Onion,2000,4500,3500.0,4.6
2024-09-09,Pune,Manjri,Onion,3000,4500,4000.0,9.3
2024-09-10,Pune,Manjri,Onion,3000,4200,3600.0,7.8
2024-09-11,Pune,Manjri,Onion,3000,4500,4000.0,7.0
2024-09-12,Pune,Manjri,Onion,3000,4000,3600.0,8.0
2024-09-13,Pune,Manjri,Onion,3000,5000,4000.0,8.8
2024-09-14,Pune,Manjri,Onion,3500,5000,4000.0,7.7
2024-09-15,Pune,Manjri,Onion,3000,4500,4000.0,9.0
2024-09-16,Pune,Manjri,Onion,2500,5200,4000.0,6.2
2024-09-17,Pune,Manjri,Onion,2000,4600,3700.0,7.0
2024-09-19,Pune,Manjri,Onion,2500,4500,3700.0,7.7
2024-09-20,Pune,Manjri,Onion,2500,4200,3500.0,7.7
2024-09-21,Pune,Manjri,Onion,2500,4600,3700.0,8.4
2024-09-22,Pune,Manjri,Onion,2000,4600,3500.0,8.8
2024-09-23,Pune,Manjri,Onion,2000,4800,3500.0,6.7
2024-09-24,Pune,Manjri,Onion,1200,2000,1800.0,6.9
2024-09-25,Pune,Manjri,Onion,2000,4600,3500.0,6.4
2024-09-26,Pune,Manjri,Onion,2500,4800,3500.0,5.1
2024-09-27,Pune,Manjri,Onion,3000,4600,4000.0,7.9
2024-09-28,Pune,Manjri,Onion,3000,5000,4000.0,8.4
2024-09-29,Pune,Manjri,Onion,3000,4500,3800.0,9.0
2024-09-30,Pune,Manjri,Onion,2000,4200,3000.0,8.9
2024-10-01,Pune,Manjri,Onion,2200,3300,2600.0,6.5
2024-10-02,Pune,Manjri,Onion,2200,3300,2700.0,8.1
2024-10-03,Pune,Manjri,Onion,2200,4400,3300.0,5.9
2024-10-04,Pune,Manjri,Onion,2200,3500,2800.0,8.5
2024-10-05,Pune,Manjri,Onion,2200,4000,3100.0,5.8
2024-10-06,Pune,Manjri,Onion,2200,3300,2700.0,5.8
2024-10-09,Pune,Manjri,Onion,2600,3500,3100.0,8.0
2024-10-10,Pune,Manjri,Onion,2200,3300,2600.0,7.2
2024-10-11,Pune,Manjri,Onion,2200,3300,2600.0,6.8
2024-10-12,Pune,Manjri,Onion,2200,4400,3300.0,5.0
2024-10-13,Pune,Manjri,Onion,2200,4400,3300.0,7.8
2024-10-14,Pune,Manjri,Onion,2200,3300,2600.0,8.0
2024-10-15,Pune,Manjri,Onion,2200,3300,2800.0,9.6
2024-10-16,Pune,Manjri,Onion,1700,2600,2200.0,7.2
2024-10-17,Pune,Manjri,Onion,1700,2600,2200.0,6.3
2024-10-18,Pune,Manjri,Onion,2200,3700,2800.0,6.9
2024-10-19,Pune,Manjri,Onion,2200,3300,2700.0,6.1
2024-10-20,Pune,Manjri,Onion,2200,3700,2800.0,6.7
2024-10-21,Pune,Manjri,Onion,1700,3500,2600.0,6.5
2024-10-22,Pune,Manjri,Onion,2000,3800,3200.0,7.2
2024-10-23,Pune,Manjri,Onion,2600,4000,3300.0,5.2
2024-10-24,Pune,Manjri,Onion,2000,4200,3500.0,7.0
2024-10-25,Pune,Manjri,Onion,1700,4000,3100.0,7.2
2024-10-26,Pune,Manjri,Onion,1700,2600,2200.0,7.3
2024-10-27,Pune,Manjri,Onion,1500,4000,3000.0,6.0
2024-10-28,Pune,Manjri,Onion,2200,4000,3100.0,6.4
2024-10-29,Pune,Manjri,Onion,1700,3500,2600.0,5.4
2024-10-30,Pune,Manjri,Onion,1700,2600,2200.0,4.9
2025-05-30,Pune,Manjri,Onion,600,800,700.0,
2025-05-31,Pune,Manjri,Onion,400,800,600.0,10.7
2025-06-01,Pune,Manjri,Onion,400,1100,800.0,9.2
2025-06-02,Pune,Manjri,Onion,400,800,600.0,8.6
2025-06-03,Pune,Manjri,Onion,400,800,600.0,6.8
2025-06-04,Pune,Manjri,Onion,400,800,600.0,4.0
2025-06-05,Pune,Manjri,Onion,600,800,700.0,4.7
2025-06-06,Pune,Manjri,Onion,600,1300,1100.0,4.7
2025-06-07,Pune,Manjri,Onion,400,1200,800.0,6.3
2025-06-09,Pune,Manjri,Onion,400,1200,800.0,5.5
2025-06-10,Pune,Manjri,Onion,600,1500,1000.0,7.1
2025-06-11,Pune,Manjri,Onion,600,1200,900.0,6.2
2025-06-12,Pune,Manjri,Onion,600,1500,1000.0,5.8
2025-06-13,Pune,Manjri,Onion,600,1200,900.0,4.3
2025-06-14,Pune,Manjri,Onion,600,1500,1000.0,6.4
2025-06-15,Pune,Manjri,Onion,600,1400,1000.0,7.4
2025-06-16,Pune,Manjri,Onion,600,1200,900.0,2.9
2025-06-17,Pune,Manjri,Onion,400,1400,900.0,5.6
2025-06-18,Pune,Manjri,Onion,800,1200,1000.0,7.7
2025-06-19,Pune,Manjri,Onion,600,1000,800.0,4.0
2025-06-20,Pune,Manjri,Onion,600,1000,800.0,4.3
2025-06-21,Pune,Manjri,Onion,800,1200,1000.0,3.9
2025-06-22,Pune,Manjri,Onion,600,1000,800.0,0.2
2025-06-23,Pune,Manjri,Onion,1000,1500,1200.0,6.4
2025-06-24,Pune,Manjri,Onion,600,1000,800.0,5.0
2025-06-25,Pune,Manjri,Onion,800,1000,900.0,7.0
2025-06-26,Pune,Manjri,Onion,800,1200,1000.0,6.5
2025-06-27,Pune,Manjri,Onion,800,1200,1000.0,5.7
2025-06-28,Pune,Manjri,Onion,1000,1200,1100.0,5.0
2025-06-29,Pune,Manjri,Onion,800,1200,1000.0,4.9
2025-06-30,Pune,Manjri,Onion,800,1200,1000.0,6.0
2025-07-01,Pune,Manjri,Onion,800,1200,1000.0,4.8
2025-07-03,Pune,Manjri,Onion,800,1200,1000.0,3.2
2025-07-04,Pune,Manjri,Onion,800,1200,1000.0,4.6
2025-07-05,Pune,Manjri,Onion,800,1200,1000.0,2.5
2025-07-06,Pune,Manjri,Onion,1000,1400,1200.0,3.6
2025-07-07,Pune,Manjri,Onion,1400,1900,1700.0,2.6
2025-07-08,Pune,Manjri,Onion,800,1400,1100.0,5.2
2025-07-09,Pune,Manjri,Onion,600,1000,800.0,6.0
2025-07-10,Pune,Manjri,Onion,800,1200,1000.0,4.4
2025-07-11,Pune,Manjri,Onion,800,1400,1100.0,4.4
2025-07-12,Pune,Manjri,Onion,800,1400,1100.0,5.2
2025-07-13,Pune,Manjri,Onion,800,1600,1200.0,7.1
2025-07-14,Pune,Manjri,Onion,800,1400,1100.0,3.7
2025-07-15,Pune,Manjri,Onion,400,1200,800.0,3.6
2025-07-16,Pune,Manjri,Onion,800,1600,1200.0,4.7
2025-07-17,Pune,Manjri,Onion,800,1600,1200.0,6.7
2025-07-18,Pune,Manjri,Onion,800,1600,1000.0,4.8
2025-07-19,Pune,Manjri,Onion,800,1600,1200.0,6.4
2025-07-20,Pune,Manjri,Onion,600,1200,900.0,6.0
2025-07-21,Pune,Manjri,Onion,400,1200,800.0,5.0
2025-07-22,Pune,Manjri,Onion,600,1400,1000.0,5.4
2025-07-23,Pune,Manjri,Onion,400,1000,700.0,4.5
2025-07-24,Pune,Manjri,Onion,600,1000,800.0,6.0
2025-07-27,Pune,Manjri,Onion,600,1400,1000.0,6.1
2025-07-28,Pune,Manjri,Onion,600,1400,1000.0,5.9
2025-07-30,Pune,Manjri,Onion,600,1200,900.0,6.6
2025-07-31,Pune,Manjri,Onion,600,1400,1000.0,6.0
2025-08-01,Pune,Manjri,Onion,600,1200,900.0,3.7
2025-08-02,Pune,Manjri,Onion,600,1000,800.0,7.1
2025-08-03,Pune,Manjri,Onion,600,1200,900.0,4.8
2025-08-04,Pune,Manjri,Onion,600,1000,800.0,7.7
2025-08-05,Pune,Manjri,Onion,600,1000,800.0,7.8
2025-08-06,Pune,Manjri,Onion,600,1000,800.0,9.0
2025-08-07,Pune,Manjri,Onion,600,1000,800.0,7.7
2025-08-10,Pune,Manjri,Onion,600,1200,800.0,6.8
2025-08-11,Pune,Manjri,Onion,600,1000,800.0,6.1
2025-08-12,Pune,Manjri,Onion,600,1000,800.0,8.6
2025-08-13,Pune,Manjri,Onion,400,800,600.0,7.2
2025-08-14,Pune,Manjri,Onion,500,800,600.0,7.3
2025-08-16,Pune,Manjri,Onion,1000,1600,1300.0,10.0
2025-08-17,Pune,Manjri,Onion,1200,1600,1400.0,8.9
2025-08-19,Pune,Manjri,Onion,1200,1600,1400.0,3.2
2025-08-20,Pune,Manjri,Onion,600,1600,1100.0,5.5
2025-08-21,Pune,Manjri,Onion,1000,1600,1300.0,7.0
2025-08-23,Pune,Manjri,Onion,800,1400,1100.0,8.7
2025-08-25,Pune,Manjri,Onion,600,1200,900.0,8.3
2025-08-26,Pune,Manjri,Onion,1000,1600,1300.0,7.3
2025-08-27,Pune,Manjri,Onion,800,1400,1100.0,7.3
2025-08-28,Pune,Manjri,Onion,800,1400,1100.0,10.1
2025-09-01,Pune,Manjri,Onion,800,1400,1100.0,6.8
2025-09-02,Pune,Manjri,Onion,600,1400,1000.0,9.2
2025-09-03,Pune,Manjri,Onion,600,1400,1000.0,9.9
2025-09-04,Pune,Manjri,Onion,500,1400,1000.0,11.1
2025-09-05,Pune,Manjri,Onion,800,1200,1000.0,9.7
2025-09-06,Pune,Manjri,Onion,800,1400,1100.0,11.9
2025-09-08,Pune,Manjri,Onion,800,1200,1000.0,9.7
2025-09-09,Pune,Manjri,Onion,800,1200,1000.0,11.3
2025-09-10,Pune,Manjri,Onion,800,1200,1000.0,11.7
2025-09-11,Pune,Manjri,Onion,600,1200,900.0,9.4
2025-09-12,Pune,Manjri,Onion,600,1200,900.0,11.1
2025-09-13,Pune,Manjri,Onion,400,1200,800.0,11.3
2025-09-14,Pune,Manjri,Onion,800,1200,1000.0,9.9
2025-09-15,Pune,Manjri,Onion,700,1200,1000.0,4.7
2025-09-16,Pune,Manjri,Onion,800,1400,1100.0,6.3
2025-09-17,Pune,Manjri,Onion,800,1400,1100.0,6.2
2025-09-18,Pune,Manjri,Onion,800,1200,1000.0,6.5
2025-09-19,Pune,Manjri,Onion,600,1400,1000.0,5.2
2025-09-20,Pune,Manjri,Onion,600,1400,1000.0,8.0
2025-09-21,Pune,Manjri,Onion,600,1400,1000.0,5.6
2025-09-22,Pune,Manjri,Onion,600,1400,1000.0,6.2
2025-09-23,Pune,Manjri,Onion,600,1400,1000.0,6.5
2025-09-24,Pune,Manjri,Onion,600,1400,1000.0,8.0
2025-09-25,Pune,Manjri,Onion,600,1200,900.0,8.9
2025-09-27,Pune,Manjri,Onion,600,1200,900.0,7.5
2025-09-29,Pune,Manjri,Onion,600,1200,900.0,6.6
2025-09-30,Pune,Manjri,Onion,600,1000,800.0,8.1
2025-10-02,Pune,Manjri,Onion,600,1000,800.0,3.6
2025-10-03,Pune,Manjri,Onion,650,1100,800.0,5.9
2025-10-04,Pune,Manjri,Onion,800,1200,1000.0,7.0
2025-10-05,Pune,Manjri,Onion,600,1200,900.0,8.1
2025-10-07,Pune,Manjri,Onion,600,1200,900.0,7.0
2025-10-08,Pune,Manjri,Onion,400,1000,700.0,5.7
2025-10-09,Pune,Manjri,Onion,800,1200,1000.0,5.7
2025-10-12,Pune,Manjri,Onion,800,1200,1000.0,5.3
2025-10-13,Pune,Manjri,Onion,400,1200,800.0,6.7
2025-10-14,Pune,Manjri,Onion,400,1000,700.0,6.7
2025-10-15,Pune,Manjri,Onion,400,1200,800.0,5.1
2025-10-16,Pune,Manjri,Onion,400,1200,800.0,5.5
2025-10-18,Pune,Manjri,Onion,600,1000,800.0,4.8
2025-10-20,Pune,Manjri,Onion,600,1000,800.0,5.0
2025-10-21,Pune,Manjri,Onion,800,1200,1000.0,1.8
2025-10-22,Pune,Manjri,Onion,1000,1400,1200.0,2.0
2025-10-23,Pune,Manjri,Onion,600,1400,1000.0,5.4
2025-10-26,Pune,Manjri,Onion,800,1800,1300.0,7.0
2025-10-28,Pune,Manjri,Onion,800,1600,1200.0,7.5
2025-10-29,Pune,Manjri,Onion,800,1600,1200.0,8.0
2025-10-30,Pune,Manjri,Onion,600,1400,1000.0,8.6
2024-06-11,Pune,Moshi,Onion,1000,2200,1600.0,
2024-06-13,Pune,Moshi,Onion,1200,2200,1700.0,
2024-06-14,Pune,Moshi,Onion,1400,2200,1800.0,
2024-06-15,Pune,Moshi,Onion,1500,2200,1850.0,
2024-06-16,Pune,Moshi,Onion,1200,2400,1800.0,
2024-06-17,Pune,Moshi,Onion,1000,2200,1600.0,
2024-06-18,Pune,Moshi,Onion,1500,2000,1750.0,
2024-06-20,Pune,Moshi,Onion,1500,3000,2250.0,
2024-06-21,Pune,Moshi,Onion,1400,2300,1850.0,
2024-06-22,Pune,Moshi,Onion,1300,2500,1900.0,
2024-06-23,Pune,Moshi,Onion,1000,2200,1600.0,
2024-06-24,Pune,Moshi,Onion,1400,2200,1800.0,
2024-06-25,Pune,Moshi,Onion,1500,2500,2000.0,
2024-06-27,Pune,Moshi,Onion,1200,2500,1850.0,
2024-06-28,Pune,Moshi,Onion,1000,3000,2000.0,
2024-06-29,Pune,Moshi,Onion,1300,2500,1900.0,
2024-06-30,Pune,Moshi,Onion,1400,2800,2100.0,
2024-07-01,Pune,Moshi,Onion,1400,2500,1950.0,
2024-07-02,Pune,Moshi,Onion,1000,2400,1700.0,
2024-07-04,Pune,Moshi,Onion,1200,2400,1800.0,
2024-07-05,Pune,Moshi,Onion,1400,2500,1950.0,
2024-07-06,Pune,Moshi,Onion,1400,3000,2200.0,
2024-07-07,Pune,Moshi,Onion,1400,2500,1950.0,
2024-07-08,Pune,Moshi,Onion,1500,2600,2050.0,
2024-07-09,Pune,Moshi,Onion,1500,3000,2250.0,
2024-07-11,Pune,Moshi,Onion,1600,2800,2200.0,
2024-07-12,Pune,Moshi,Onion,1800,2600,2200.0,
2024-07-13,Pune,Moshi,Onion,1800,3000,2400.0,
2024-07-14,Pune,Moshi,Onion,1200,2500,1850.0,
2024-07-15,Pune,Moshi,Onion,1600,2500,2050.0,
2024-07-16,Pune,Moshi,Onion,1600,3000,2300.0,
2024-07-18,Pune,Moshi,Onion,2200,2800,2500.0,
2024-07-19,Pune,Moshi,Onion,1500,3000,2250.0,
2024-07-20,Pune,Moshi,Onion,1500,3000,2250.0,
2024-07-21,Pune,Moshi,Onion,2000,3000,2500.0,
2024-07-22,Pune,Moshi,Onion,1500,3000,2250.0,
2024-07-23,Pune,Moshi,Onion,1500,3000,2250.0,
2024-07-25,Pune,Moshi,Onion,1500,3000,2250.0,
2024-07-26,Pune,Moshi,Onion,2000,3000,2500.0,
2024-07-27,Pune,Moshi,Onion,1500,3000,2250.0,
2024-07-28,Pune,Moshi,Onion,1500,3000,2250.0,
2024-07-29,Pune,Moshi,Onion,1500,3000,2250.0,
2024-07-30,Pune,Moshi,Onion,1500,2800,2150.0,
2024-08-04,Pune,Moshi,Onion,1700,2800,2250.0,
2024-08-05,Pune,Moshi,Onion,2000,3000,2500.0,17.4
2024-08-06,Pune,Moshi,Onion,1800,2500,2150.0,30.5
2024-08-08,Pune,Moshi,Onion,1500,2800,2150.0,60.2
2024-08-09,Pune,Moshi,Onion,1500,3000,2250.0,48.0
2024-08-10,Pune,Moshi,Onion,2000,3000,2500.0,29.2
2024-08-11,Pune,Moshi,Onion,2000,3000,2500.0,35.9
2024-08-12,Pune,Moshi,Onion,2500,3000,2750.0,48.5
2024-08-13,Pune,Moshi,Onion,2000,3500,2750.0,48.5
2024-08-16,Pune,Moshi,Onion,3000,3500,3250.0,69.4
2024-08-17,Pune,Moshi,Onion,2000,3500,2750.0,61.2
2024-08-18,Pune,Moshi,Onion,2000,3500,2750.0,54.0
2024-08-19,Pune,Moshi,Onion,2000,3800,2900.0,41.8
2024-08-20,Pune,Moshi,Onion,2500,3500,3000.0,30.9
2024-08-22,Pune,Moshi,Onion,2000,3500,2750.0,56.5
2024-08-23,Pune,Moshi,Onion,2000,3500,2750.0,45.6
2024-08-24,Pune,Moshi,Onion,2000,3500,2750.0,55.6
2024-08-25,Pune,Moshi,Onion,2000,3500,2750.0,28.7
2024-08-26,Pune,Moshi,Onion,2000,3800,2900.0,39.4
2024-08-27,Pune,Moshi,Onion,2000,3600,2800.0,43.3
2024-08-29,Pune,Moshi,Onion,2000,4000,3000.0,69.7
2024-08-30,Pune,Moshi,Onion,1500,3500,2500.0,54.0
2024-08-31,Pune,Moshi,Onion,2000,3000,2500.0,38.3
2024-09-01,Pune,Moshi,Onion,1500,3500,2500.0,79.4
2024-09-02,Pune,Moshi,Onion,2000,4000,3000.0,37.3
2024-09-03,Pune,Moshi,Onion,2000,3500,2750.0,33.3
2024-09-05,Pune,Moshi,Onion,2500,4000,3250.0,97.5
2024-09-06,Pune,Moshi,Onion,2000,3500,2250.0,54.7
2024-09-07,Pune,Moshi,Onion,2000,3800,2900.0,48.3
2024-09-08,Pune,Moshi,Onion,2000,3000,2500.0,34.8
2024-09-09,Pune,Moshi,Onion,2000,3800,2900.0,29.5
2024-09-10,Pune,Moshi,Onion,2000,4000,3000.0,42.5
2024-09-12,Pune,Moshi,Onion,2000,3800,2900.0,56.1
2024-09-13,Pune,Moshi,Onion,2000,4000,3000.0,40.6
2024-09-14,Pune,Moshi,Onion,2000,4000,3000.0,49.7
2024-09-15,Pune,Moshi,Onion,2000,4000,3000.0,36.3
2024-09-16,Pune,Moshi,Onion,2000,5000,3500.0,56.4
2024-09-17,Pune,Moshi,Onion,2000,5000,3500.0,60.7
2024-09-19,Pune,Moshi,Onion,4800,5000,4900.0,88.4
2024-09-20,Pune,Moshi,Onion,2000,5000,3500.0,54.2
2024-09-21,Pune,Moshi,Onion,1000,5000,3000.0,49.4
2024-09-22,Pune,Moshi,Onion,2000,4500,3250.0,64.7
2024-09-23,Pune,Moshi,Onion,4400,4800,4600.0,48.2
2024-09-24,Pune,Moshi,Onion,2000,5000,3500.0,41.9
2024-09-26,Pune,Moshi,Onion,2000,4500,3250.0,87.2
2024-09-27,Pune,Moshi,Onion,2000,4500,3250.0,32.5
2024-09-28,Pune,Moshi,Onion,2000,4500,3250.0,46.4
2024-09-29,Pune,Moshi,Onion,2000,4000,3000.0,67.2
2024-09-30,Pune,Moshi,Onion,1500,4000,2750.0,67.3
2024-10-01,Pune,Moshi,Onion,2000,4000,3000.0,23.6
2024-10-03,Pune,Moshi,Onion,1500,3500,2500.0,84.1
2024-10-04,Pune,Moshi,Onion,1500,4000,2750.0,37.0
2024-10-05,Pune,Moshi,Onion,2000,3500,2750.0,40.0
2024-10-06,Pune,Moshi,Onion,2000,3500,2750.0,39.9
2024-10-07,Pune,Moshi,Onion,1500,3500,2500.0,24.1
2024-10-10,Pune,Moshi,Onion,1500,3000,2750.0,59.9
2024-10-11,Pune,Moshi,Onion,1500,3500,2500.0,34.9
2024-10-12,Pune,Moshi,Onion,1500,3000,2250.0,15.5
2024-10-14,Pune,Moshi,Onion,1500,3500,2500.0,24.3
2024-10-15,Pune,Moshi,Onion,1500,3500,2500.0,34.5
2024-10-17,Pune,Moshi,Onion,1500,3000,2250.0,46.8
2024-10-18,Pune,Moshi,Onion,1500,3000,2250.0,108.0
2024-10-19,Pune,Moshi,Onion,1000,3500,2250.0,56.6
2024-10-20,Pune,Moshi,Onion,1500,3500,2500.0,54.2
2024-10-21,Pune,Moshi,Onion,1500,3500,2500.0,47.3
2024-10-22,Pune,Moshi,Onion,1000,3000,2000.0,34.6
2024-10-24,Pune,Moshi,Onion,1000,3500,2250.0,69.6
2024-10-25,Pune,Moshi,Onion,1500,3500,2500.0,29.0
2024-10-26,Pune,Moshi,Onion,1500,2500,2000.0,48.9
2024-10-27,Pune,Moshi,Onion,1000,3000,2000.0,43.9
2024-10-28,Pune,Moshi,Onion,1000,3000,2000.0,48.7
2024-10-29,Pune,Moshi,Onion,1000,3000,2000.0,32.0
2025-05-30,Pune,Moshi,Onion,1000,1600,1300.0,
2025-05-31,Pune,Moshi,Onion,400,1600,1000.0,100.6
2025-06-01,Pune,Moshi,Onion,400,1600,1000.0,104.5
2025-06-02,Pune,Moshi,Onion,400,1600,1000.0,77.7
2025-06-03,Pune,Moshi,Onion,400,1400,900.0,43.4
2025-06-05,Pune,Moshi,Onion,400,1400,900.0,94.1
2025-06-06,Pune,Moshi,Onion,800,1200,1000.0,33.7
2025-06-07,Pune,Moshi,Onion,400,1200,800.0,60.0
2025-06-08,Pune,Moshi,Onion,400,1800,1100.0,36.0
2025-06-09,Pune,Moshi,Onion,400,1800,1100.0,55.2
2025-06-10,Pune,Moshi,Onion,1000,1500,1250.0,48.7
2025-06-12,Pune,Moshi,Onion,400,1500,950.0,71.5
2025-06-13,Pune,Moshi,Onion,500,2000,1250.0,37.5
2025-06-14,Pune,Moshi,Onion,500,1800,1150.0,61.1
2025-06-15,Pune,Moshi,Onion,400,1800,1100.0,61.6
2025-06-16,Pune,Moshi,Onion,400,2000,1200.0,51.3
2025-06-17,Pune,Moshi,Onion,400,2000,1350.0,28.5
2025-06-19,Pune,Moshi,Onion,500,1600,1050.0,70.8
2025-06-20,Pune,Moshi,Onion,800,1400,1100.0,19.0
2025-06-21,Pune,Moshi,Onion,400,1600,1000.0,32.6
2025-06-22,Pune,Moshi,Onion,700,2100,1400.0,45.7
2025-06-23,Pune,Moshi,Onion,700,1800,1250.0,57.5
2025-06-24,Pune,Moshi,Onion,700,1800,1250.0,42.7
2025-06-26,Pune,Moshi,Onion,700,1800,1250.0,97.3
2025-06-27,Pune,Moshi,Onion,600,1800,1200.0,34.0
2025-06-28,Pune,Moshi,Onion,700,1800,1250.0,37.9
2025-06-29,Pune,Moshi,Onion,700,1800,1250.0,50.9
2025-06-30,Pune,Moshi,Onion,700,1800,1250.0,49.5
2025-07-01,Pune,Moshi,Onion,1000,1800,1400.0,49.4
2025-07-03,Pune,Moshi,Onion,1000,1800,1400.0,56.8
2025-07-04,Pune,Moshi,Onion,600,1800,1200.0,39.1
2025-07-05,Pune,Moshi,Onion,800,1800,1300.0,41.8
2025-07-06,Pune,Moshi,Onion,700,1700,1200.0,49.7
2025-07-07,Pune,Moshi,Onion,400,1500,950.0,41.3
2025-07-08,Pune,Moshi,Onion,600,1700,1150.0,44.5
2025-07-10,Pune,Moshi,Onion,600,1700,1150.0,92.8
2025-07-11,Pune,Moshi,Onion,400,1800,1100.0,47.9
2025-07-12,Pune,Moshi,Onion,400,1600,1000.0,73.3
2025-07-13,Pune,Moshi,Onion,700,1600,1150.0,65.1
2025-07-14,Pune,Moshi,Onion,800,1600,1200.0,42.4
2025-07-15,Pune,Moshi,Onion,800,1600,1200.0,53.3
2025-07-17,Pune,Moshi,Onion,300,1500,900.0,80.5
2025-07-18,Pune,Moshi,Onion,700,1600,1150.0,50.3
2025-07-19,Pune,Moshi,Onion,700,1600,1150.0,57.8
2025-07-20,Pune,Moshi,Onion,800,1600,1200.0,43.3
2025-07-21,Pune,Moshi,Onion,600,1600,1100.0,46.8
2025-07-22,Pune,Moshi,Onion,700,1600,1150.0,56.2
2025-07-24,Pune,Moshi,Onion,400,1500,950.0,87.8
2025-07-25,Pune,Moshi,Onion,700,1600,1150.0,31.8
2025-07-27,Pune,Moshi,Onion,700,1600,1150.0,54.0
2025-07-28,Pune,Moshi,Onion,700,1500,1100.0,44.4
2025-07-29,Pune,Moshi,Onion,700,1500,1100.0,53.7
2025-07-31,Pune,Moshi,Onion,600,1500,1050.0,90.4
2025-08-01,Pune,Moshi,Onion,700,1500,1100.0,40.1
2025-08-02,Pune,Moshi,Onion,400,1500,950.0,60.9
2025-08-03,Pune,Moshi,Onion,400,1400,900.0,80.7
2025-08-04,Pune,Moshi,Onion,400,1400,900.0,65.5
2025-08-05,Pune,Moshi,Onion,500,1400,950.0,57.4
2025-08-07,Pune,Moshi,Onion,400,1300,850.0,84.4
2025-08-08,Pune,Moshi,Onion,500,1400,950.0,37.3
2025-08-10,Pune,Moshi,Onion,500,1300,900.0,22.9
2025-08-11,Pune,Moshi,Onion,700,1400,1050.0,29.1
2025-08-12,Pune,Moshi,Onion,800,1400,1100.0,69.6
2025-08-14,Pune,Moshi,Onion,700,1500,1100.0,50.0
2025-08-16,Pune,Moshi,Onion,800,1800,1300.0,71.5
2025-08-17,Pune,Moshi,Onion,700,1500,1100.0,65.9
2025-08-18,Pune,Moshi,Onion,800,1500,1150.0,61.9
2025-08-19,Pune,Moshi,Onion,700,1500,1100.0,64.3
2025-08-21,Pune,Moshi,Onion,700,1200,950.0,43.4
2025-08-22,Pune,Moshi,Onion,700,1800,1250.0,55.1
2025-08-23,Pune,Moshi,Onion,600,1500,1050.0,72.8
2025-08-24,Pune,Moshi,Onion,700,1500,1100.0,66.2
2025-08-25,Pune,Moshi,Onion,700,1500,1100.0,66.1
2025-08-26,Pune,Moshi,Onion,1000,1500,1250.0,63.5
2025-08-28,Pune,Moshi,Onion,1000,1500,1250.0,83.1
2025-08-29,Pune,Moshi,Onion,600,1500,1050.0,43.4
2025-08-30,Pune,Moshi,Onion,600,1500,1050.0,61.0
2025-08-31,Pune,Moshi,Onion,800,1500,1150.0,82.9
2025-09-01,Pune,Moshi,Onion,700,1600,1150.0,41.3
2025-09-02,Pune,Moshi,Onion,600,1500,1050.0,80.5
2025-09-04,Pune,Moshi,Onion,700,1600,1150.0,91.9
2025-09-05,Pune,Moshi,Onion,500,1500,1000.0,52.8
2025-09-06,Pune,Moshi,Onion,400,1600,1000.0,73.2
2025-09-08,Pune,Moshi,Onion,500,1500,1000.0,103.8
2025-09-09,Pune,Moshi,Onion,400,1400,900.0,81.4
2025-09-11,Pune,Moshi,Onion,700,1700,1200.0,116.9
2025-09-12,Pune,Moshi,Onion,400,1500,950.0,75.4
2025-09-13,Pune,Moshi,Onion,400,1300,850.0,80.4
2025-09-14,Pune,Moshi,Onion,600,1600,1100.0,74.3
2025-09-15,Pune,Moshi,Onion,500,1500,1000.0,56.0
2025-09-16,Pune,Moshi,Onion,600,1500,1050.0,35.7
2025-09-18,Pune,Moshi,Onion,500,1500,1000.0,95.1
2025-09-19,Pune,Moshi,Onion,400,1400,900.0,59.1
2025-09-20,Pune,Moshi,Onion,500,1600,1050.0,72.1
2025-09-21,Pune,Moshi,Onion,500,1500,1000.0,83.0
2025-09-22,Pune,Moshi,Onion,500,1200,850.0,62.0
2025-09-23,Pune,Moshi,Onion,500,1400,950.0,49.6
2025-09-25,Pune,Moshi,Onion,400,1400,900.0,108.3
2025-09-26,Pune,Moshi,Onion,500,1500,1000.0,50.3
2025-09-27,Pune,Moshi,Onion,500,1500,1000.0,50.4
2025-09-28,Pune,Moshi,Onion,500,1500,1000.0,64.6
2025-09-29,Pune,Moshi,Onion,600,1500,1050.0,33.3
2025-09-30,Pune,Moshi,Onion,600,1500,1050.0,44.8
2025-10-02,Pune,Moshi,Onion,700,1500,1100.0,53.3
2025-10-04,Pune,Moshi,Onion,600,1500,1050.0,84.8
2025-10-05,Pune,Moshi,Onion,600,1500,1050.0,86.6
2025-10-06,Pune,Moshi,Onion,500,1600,1050.0,97.8
2025-10-07,Pune,Moshi,Onion,700,1600,1150.0,69.4
2025-10-09,Pune,Moshi,Onion,500,1500,1000.0,131.1
2025-10-10,Pune,Moshi,Onion,500,1300,900.0,82.0
2025-10-12,Pune,Moshi,Onion,400,1000,700.0,62.1
2025-10-13,Pune,Moshi,Onion,400,1000,700.0,45.6
2025-10-14,Pune,Moshi,Onion,300,1000,650.0,53.6
2025-10-16,Pune,Moshi,Onion,300,1000,650.0,105.0
2025-10-17,Pune,Moshi,Onion,400,1000,700.0,62.1
2025-10-18,Pune,Moshi,Onion,500,1000,750.0,71.7
2025-10-19,Pune,Moshi,Onion,300,1000,650.0,42.7
2025-10-20,Pune,Moshi,Onion,1100,3500,2300.0,31.1
2025-10-21,Pune,Moshi,Onion,400,1000,700.0,13.5
2025-10-24,Pune,Moshi,Onion,400,1200,800.0,26.2
2025-10-26,Pune,Moshi,Onion,500,1500,1000.0,58.8
2025-10-27,Pune,Moshi,Onion,700,1600,1150.0,75.7
2025-10-28,Pune,Moshi,Onion,700,1500,1100.0,80.6
2025-10-30,Pune,Moshi,Onion,500,1500,1000.0,105.5
2024-06-13,Pune,Narayangaon,Onion,100,3250,2000.0,
2024-06-15,Pune,Narayangaon,Onion,1000,3400,2500.0,
2024-06-16,Pune,Narayangaon,Onion,700,3400,2500.0,
2024-06-17,Pune,Narayangaon,Onion,1000,3400,2300.0,
2024-06-21,Pune,Narayangaon,Onion,800,3300,2500.0,
2024-06-22,Pune,Narayangaon,Onion,900,3800,2800.0,
2024-06-23,Pune,Narayangaon,Onion,500,3300,2000.0,
2024-06-24,Pune,Narayangaon,Onion,1100,3300,2800.0,
2024-06-27,Pune,Narayangaon,Onion,500,3000,2400.0,
2024-06-28,Pune,Narayangaon,Onion,600,3200,2500.0,
2024-06-30,Pune,Narayangaon,Onion,1500,3350,2510.0,
2024-07-03,Pune,Narayangaon,Onion,1000,3210,2500.0,
2024-07-04,Pune,Narayangaon,Onion,1000,3100,2000.0,
2024-07-05,Pune,Narayangaon,Onion,1250,3510,2800.0,
2024-07-06,Pune,Narayangaon,Onion,600,3310,2000.0,
2024-07-07,Pune,Narayangaon,Onion,500,3500,2500.0,
2024-07-08,Pune,Narayangaon,Onion,1000,3000,2500.0,
2024-07-10,Pune,Narayangaon,Onion,500,3300,2510.0,
2024-07-12,Pune,Narayangaon,Onion,500,3510,2900.0,
2024-07-13,Pune,Narayangaon,Onion,1000,3250,2500.0,
2024-07-15,Pune,Narayangaon,Onion,1510,3000,2500.0,
2024-07-19,Pune,Narayangaon,Onion,1000,3000,2000.0,
2024-07-20,Pune,Narayangaon,Onion,600,3000,2500.0,
2024-07-21,Pune,Narayangaon,Onion,1000,2900,2200.0,
2024-07-22,Pune,Narayangaon,Onion,1000,3000,2000.0,
2024-07-25,Pune,Narayangaon,Onion,700,2800,1500.0,
2024-07-26,Pune,Narayangaon,Onion,600,2900,2300.0,
2024-07-27,Pune,Narayangaon,Onion,1000,3000,2500.0,
2024-07-28,Pune,Narayangaon,Onion,1000,2800,2000.0,
2024-07-31,Pune,Narayangaon,Onion,1510,3000,2500.0,
2024-08-04,Pune,Narayangaon,Onion,700,2800,2000.0,
2024-08-05,Pune,Narayangaon,Onion,1500,3210,2500.0,2.4
2024-08-08,Pune,Narayangaon,Onion,600,3000,2500.0,2.4
2024-08-09,Pune,Narayangaon,Onion,1510,3300,2500.0,1.8
2024-08-10,Pune,Narayangaon,Onion,500,3500,2500.0,4.6
2024-08-11,Pune,Narayangaon,Onion,800,3210,2500.0,1.8
2024-08-12,Pune,Narayangaon,Onion,1510,3800,2500.0,1.5
2024-08-15,Pune,Narayangaon,Onion,1100,3700,3000.0,2.5
2024-08-16,Pune,Narayangaon,Onion,1000,3900,2500.0,2.8
2024-08-18,Pune,Narayangaon,Onion,1200,3500,2500.0,1.4
2024-08-22,Pune,Narayangaon,Onion,500,4000,2500.0,1.5
2024-08-23,Pune,Narayangaon,Onion,1600,4000,3000.0,1.5
2024-08-25,Pune,Narayangaon,Onion,1200,4000,3000.0,3.0
2024-08-26,Pune,Narayangaon,Onion,2000,4000,3000.0,1.5
2024-08-29,Pune,Narayangaon,Onion,1600,3850,2500.0,2.5
2024-08-30,Pune,Narayangaon,Onion,1500,3900,2500.0,2.2
2024-08-31,Pune,Narayangaon,Onion,1200,4000,3000.0,3.8
2024-09-01,Pune,Narayangaon,Onion,500,4000,3000.0,1.4
2024-09-02,Pune,Narayangaon,Onion,1000,4250,3500.0,1.0
2024-09-04,Pune,Narayangaon,Onion,1000,4300,3000.0,2.5
2024-09-05,Pune,Narayangaon,Onion,2000,4310,3500.0,2.0
2024-09-06,Pune,Narayangaon,Onion,1600,4300,3000.0,2.4
2024-09-08,Pune,Narayangaon,Onion,1200,4250,3500.0,2.4
2024-09-09,Pune,Narayangaon,Onion,1300,4300,3500.0,2.6
2024-09-11,Pune,Narayangaon,Onion,1500,4250,3000.0,2.4
2024-09-12,Pune,Narayangaon,Onion,1200,4210,3000.0,4.2
2024-09-13,Pune,Narayangaon,Onion,1000,4300,3000.0,3.5
2024-09-14,Pune,Narayangaon,Onion,2000,4500,3500.0,2.8
2024-09-15,Pune,Narayangaon,Onion,600,5200,3500.0,1.5
2024-09-18,Pune,Narayangaon,Onion,1000,5000,3500.0,1.8
2024-09-19,Pune,Narayangaon,Onion,2000,5000,4000.0,1.8
2024-09-20,Pune,Narayangaon,Onion,1600,5110,4000.0,2.6
2024-09-21,Pune,Narayangaon,Onion,2000,5100,3500.0,3.5
2024-09-22,Pune,Narayangaon,Onion,1510,5000,3500.0,1.8
2024-09-23,Pune,Narayangaon,Onion,850,5000,3500.0,1.8
2024-09-25,Pune,Narayangaon,Onion,2000,4450,3500.0,1.6
2024-09-26,Pune,Narayangaon,Onion,1800,4800,3500.0,2.0
2024-09-27,Pune,Narayangaon,Onion,2000,4800,3500.0,2.2
2024-09-28,Pune,Narayangaon,Onion,500,4700,3500.0,6.6
2024-09-29,Pune,Narayangaon,Onion,1800,4250,3500.0,2.2
2024-09-30,Pune,Narayangaon,Onion,2000,4000,3000.0,2.4
2024-10-02,Pune,Narayangaon,Onion,1000,4100,3000.0,2.6
2024-10-03,Pune,Narayangaon,Onion,1100,4000,3000.0,2.5
2024-10-04,Pune,Narayangaon,Onion,1500,4300,3000.0,1.5
2024-10-05,Pune,Narayangaon,Onion,1000,4500,3500.0,4.0
2024-10-06,Pune,Narayangaon,Onion,1000,4700,3500.0,1.4
2024-10-09,Pune,Narayangaon,Onion,1510,4650,3500.0,2.6
2024-10-10,Pune,Narayangaon,Onion,1300,4500,3500.0,2.0
2024-10-11,Pune,Narayangaon,Onion,500,4650,3000.0,2.4
2024-10-12,Pune,Narayangaon,Onion,1510,4650,3000.0,2.8
2024-10-13,Pune,Narayangaon,Onion,1000,4600,3000.0,3.2
2024-10-14,Pune,Narayangaon,Onion,1000,4700,3000.0,2.0
2024-10-17,Pune,Narayangaon,Onion,500,4600,3500.0,3.8
2024-10-18,Pune,Narayangaon,Onion,1500,4650,3500.0,2.6
2024-10-19,Pune,Narayangaon,Onion,1000,4500,3500.0,3.4
2024-10-20,Pune,Narayangaon,Onion,1500,4510,3500.0,3.0
2024-10-21,Pune,Narayangaon,Onion,1500,4600,3500.0,2.0
2024-10-23,Pune,Narayangaon,Onion,1510,4880,3500.0,4.2
2024-10-24,Pune,Narayangaon,Onion,1500,4800,3500.0,2.5
2024-10-25,Pune,Narayangaon,Onion,500,5000,3000.0,2.0
2024-10-26,Pune,Narayangaon,Onion,1500,4700,3500.0,2.5
2024-10-27,Pune,Narayangaon,Onion,1100,5000,3500.0,1.8
2024-10-28,Pune,Narayangaon,Onion,1100,5000,3500.0,3.0
2025-05-31,Pune,Narayangaon,Onion,400,1600,1000.0,7.0
2025-06-01,Pune,Narayangaon,Onion,300,1510,1100.0,5.2
2025-06-05,Pune,Narayangaon,Onion,300,1410,1000.0,3.4
2025-06-06,Pune,Narayangaon,Onion,400,1510,1000.0,4.2
2025-06-07,Pune,Narayangaon,Onion,400,1400,1000.0,2.6
2025-06-08,Pune,Narayangaon,Onion,400,1550,1000.0,6.5
2025-06-09,Pune,Narayangaon,Onion,300,1600,1100.0,2.8
2025-06-12,Pune,Narayangaon,Onion,400,1600,1200.0,1.8
2025-06-13,Pune,Narayangaon,Onion,400,1600,1100.0,1.0
2025-06-14,Pune,Narayangaon,Onion,400,1600,1000.0,4.0
2025-06-15,Pune,Narayangaon,Onion,400,1800,1200.0,1.8
2025-06-16,Pune,Narayangaon,Onion,500,2000,1500.0,1.2
2025-06-19,Pune,Narayangaon,Onion,400,1810,1200.0,7.0
2025-06-20,Pune,Narayangaon,Onion,400,2110,1500.0,2.8
2025-06-21,Pune,Narayangaon,Onion,400,2000,1300.0,4.0
2025-06-22,Pune,Narayangaon,Onion,400,1850,1250.0,5.5
2025-06-23,Pune,Narayangaon,Onion,250,2000,1300.0,3.4
2025-06-26,Pune,Narayangaon,Onion,400,1500,1000.0,3.3
2025-06-27,Pune,Narayangaon,Onion,300,1810,1300.0,3.2
2025-06-29,Pune,Narayangaon,Onion,400,2000,1500.0,3.0
2025-06-30,Pune,Narayangaon,Onion,500,1800,1300.0,3.2
2025-07-03,Pune,Narayangaon,Onion,400,2000,1500.0,4.2
2025-07-04,Pune,Narayangaon,Onion,400,1810,1300.0,4.0
2025-07-05,Pune,Narayangaon,Onion,400,1800,1300.0,4.8
2025-07-06,Pune,Narayangaon,Onion,400,1700,1300.0,2.5
2025-07-07,Pune,Narayangaon,Onion,500,1850,1200.0,2.8
2025-07-11,Pune,Narayangaon,Onion,600,1700,1100.0,2.2
2025-07-12,Pune,Narayangaon,Onion,300,2000,1300.0,4.5
2025-07-13,Pune,Narayangaon,Onion,400,2000,1300.0,3.8
2025-07-14,Pune,Narayangaon,Onion,400,1810,1300.0,4.5
2025-07-17,Pune,Narayangaon,Onion,400,1600,1000.0,2.2
2025-07-18,Pune,Narayangaon,Onion,400,1850,1200.0,4.8
2025-07-20,Pune,Narayangaon,Onion,400,1650,1200.0,2.2
2025-07-21,Pune,Narayangaon,Onion,300,1610,1200.0,4.2
2025-07-24,Pune,Narayangaon,Onion,300,1710,1300.0,2.6
2025-07-27,Pune,Narayangaon,Onion,300,1950,1300.0,4.5
2025-07-28,Pune,Narayangaon,Onion,300,1550,1000.0,3.0
2025-07-31,Pune,Narayangaon,Onion,400,1610,1200.0,2.8
2025-08-01,Pune,Narayangaon,Onion,200,1510,1100.0,5.2
2025-08-02,Pune,Narayangaon,Onion,300,1510,1000.0,4.4
2025-08-03,Pune,Narayangaon,Onion,300,1550,1000.0,4.2
2025-08-04,Pune,Narayangaon,Onion,300,1510,1000.0,4.6
2025-08-07,Pune,Narayangaon,Onion,300,1500,1000.0,2.6
2025-08-10,Pune,Narayangaon,Onion,300,1300,850.0,1.4
2025-08-11,Pune,Narayangaon,Onion,300,1450,1000.0,2.2
2025-08-13,Pune,Narayangaon,Onion,300,1700,1300.0,1.8
2025-08-16,Pune,Narayangaon,Onion,300,2000,1500.0,1.4
2025-08-17,Pune,Narayangaon,Onion,400,1800,1200.0,1.8
2025-08-21,Pune,Narayangaon,Onion,300,2000,1300.0,3.8
2025-08-23,Pune,Narayangaon,Onion,400,1810,1200.0,3.8
2025-08-25,Pune,Narayangaon,Onion,300,1800,1300.0,7.0
2025-09-01,Pune,Narayangaon,Onion,400,1500,1000.0,4.4
2025-09-04,Pune,Narayangaon,Onion,300,1400,850.0,1.8
2025-09-07,Pune,Narayangaon,Onion,300,1600,1000.0,4.6
2025-09-08,Pune,Narayangaon,Onion,300,1600,1200.0,3.8
2025-09-11,Pune,Narayangaon,Onion,300,1500,900.0,5.6
2025-09-13,Pune,Narayangaon,Onion,300,1500,1000.0,3.6
2025-09-14,Pune,Narayangaon,Onion,200,1350,850.0,3.8
2025-09-15,Pune,Narayangaon,Onion,300,1410,1000.0,2.0
2025-09-19,Pune,Narayangaon,Onion,300,1200,850.0,1.5
2025-09-20,Pune,Narayangaon,Onion,300,1500,1000.0,2.8
2025-09-21,Pune,Narayangaon,Onion,300,1200,850.0,2.6
2025-09-22,Pune,Narayangaon,Onion,300,1350,850.0,2.4
2025-09-25,Pune,Narayangaon,Onion,300,1500,1000.0,3.2
2025-09-27,Pune,Narayangaon,Onion,300,1500,900.0,5.2
2025-09-29,Pune,Narayangaon,Onion,300,1400,850.0,2.2
2025-10-03,Pune,Narayangaon,Onion,300,1400,850.0,2.4
2025-10-04,Pune,Narayangaon,Onion,300,1300,750.0,1.8
2025-10-05,Pune,Narayangaon,Onion,300,1700,1200.0,2.4
2025-10-06,Pune,Narayangaon,Onion,300,1600,1200.0,2.8
2025-10-08,Pune,Narayangaon,Onion,200,1510,900.0,4.6
2025-10-12,Pune,Narayangaon,Onion,300,1200,850.0,2.0
2025-10-13,Pune,Narayangaon,Onion,300,1500,900.0,7.2
2025-10-16,Pune,Narayangaon,Onion,300,1300,850.0,2.2
2025-10-18,Pune,Narayangaon,Onion,300,1500,850.0,2.0
2025-10-26,Pune,Narayangaon,Onion,300,1600,1100.0,2.8
2025-10-30,Pune,Narayangaon,Onion,300,1600,1200.0,3.5
2024-06-13,Pune,Otur,Onion,1000,3000,2000.0,
2024-06-16,Pune,Otur,Onion,1500,3210,2600.0,
2024-06-20,Pune,Otur,Onion,1000,3510,2500.0,
2024-06-23,Pune,Otur,Onion,1500,3510,2500.0,
2024-06-30,Pune,Otur,Onion,1300,3210,2500.0,
2024-07-04,Pune,Otur,Onion,1000,3510,2500.0,
2024-07-07,Pune,Otur,Onion,1500,3210,2700.0,
2024-07-11,Pune,Otur,Onion,1000,3300,2500.0,
2024-07-14,Pune,Otur,Onion,1500,3200,2600.0,
2024-07-21,Pune,Otur,Onion,1500,3110,2500.0,
2024-07-25,Pune,Otur,Onion,1000,3110,2500.0,
2024-07-28,Pune,Otur,Onion,1500,3110,2500.0,
2024-08-04,Pune,Otur,Onion,1500,3010,2400.0,
2024-08-08,Pune,Otur,Onion,1000,3300,2500.0,882.0
2024-08-11,Pune,Otur,Onion,1400,4000,3000.0,776.4
2024-08-18,Pune,Otur,Onion,1800,3700,3200.0,1405.6
2024-08-23,Pune,Otur,Onion,1500,4510,3000.0,1348.4
2024-08-25,Pune,Otur,Onion,1500,4510,3800.0,1639.0
2024-08-29,Pune,Otur,Onion,1000,4200,3000.0,1933.8
2024-09-01,Pune,Otur,Onion,1500,4210,3500.0,1622.4
2024-09-05,Pune,Otur,Onion,2000,4610,3800.0,1629.7
2024-09-08,Pune,Otur,Onion,2000,5000,4000.0,1143.9
2024-09-12,Pune,Otur,Onion,2000,4400,3500.0,1346.5
2024-09-15,Pune,Otur,Onion,2000,5000,3800.0,1146.6
2024-09-19,Pune,Otur,Onion,3000,5110,4000.0,1029.4
2024-09-22,Pune,Otur,Onion,3000,5510,4500.0,1055.9
2024-09-26,Pune,Otur,Onion,1000,5250,4200.0,1072.4
2024-09-29,Pune,Otur,Onion,2000,4250,3200.0,1061.3
2024-10-06,Pune,Otur,Onion,2000,5110,4300.0,776.6
2024-10-10,Pune,Otur,Onion,1000,4510,3500.0,793.1
2024-10-13,Pune,Otur,Onion,2500,5000,4000.0,759.2
2024-10-17,Pune,Otur,Onion,1000,5110,4000.0,968.0
2024-10-20,Pune,Otur,Onion,2000,5000,4000.0,910.0
2024-10-24,Pune,Otur,Onion,1000,5250,3500.0,916.4
2024-10-27,Pune,Otur,Onion,2500,5110,4200.0,708.0
2025-06-05,Pune,Otur,Onion,1000,1850,1400.0,765.6
2025-06-08,Pune,Otur,Onion,1000,2010,1600.0,524.6
2025-06-12,Pune,Otur,Onion,1000,2110,1500.0,710.1
2025-06-15,Pune,Otur,Onion,1500,2500,2000.0,560.0
2025-06-19,Pune,Otur,Onion,1000,2200,1800.0,615.4
2025-06-22,Pune,Otur,Onion,1000,2110,1600.0,510.3
2025-06-26,Pune,Otur,Onion,1000,2000,1500.0,572.8
2025-06-29,Pune,Otur,Onion,1500,2000,1750.0,518.2
2025-07-03,Pune,Otur,Onion,1000,2000,1500.0,575.0
2025-07-06,Pune,Otur,Onion,1500,2000,1750.0,461.7
2025-07-10,Pune,Otur,Onion,1000,2000,1600.0,538.9
2025-07-13,Pune,Otur,Onion,1300,1900,1600.0,623.5
2025-07-17,Pune,Otur,Onion,1000,1810,1500.0,730.6
2025-07-20,Pune,Otur,Onion,1310,1810,1600.0,536.2
2025-07-24,Pune,Otur,Onion,1000,1800,1500.0,674.2
2025-07-27,Pune,Otur,Onion,800,1750,1300.0,549.6
2025-07-31,Pune,Otur,Onion,400,1700,1500.0,353.9
2025-08-03,Pune,Otur,Onion,900,1700,1500.0,680.6
2025-08-07,Pune,Otur,Onion,800,1600,1100.0,996.6
2025-08-10,Pune,Otur,Onion,1000,1750,1400.0,654.0
2025-08-14,Pune,Otur,Onion,1000,2120,1750.0,982.6
2025-08-17,Pune,Otur,Onion,1200,2100,1600.0,1047.3
2025-08-21,Pune,Otur,Onion,1000,2001,1500.0,864.5
2025-08-28,Pune,Otur,Onion,800,1700,1500.0,985.4
2025-09-04,Pune,Otur,Onion,1000,1600,1200.0,1131.4
2025-09-07,Pune,Otur,Onion,1100,1700,1500.0,893.6
2025-09-11,Pune,Otur,Onion,800,1650,1200.0,2946.8
2025-09-14,Pune,Otur,Onion,700,1610,1200.0,1345.0
2025-09-18,Pune,Otur,Onion,800,1700,1200.0,1522.0
2025-09-21,Pune,Otur,Onion,800,1600,1200.0,1946.8
2025-09-25,Pune,Otur,Onion,800,1800,1400.0,1638.8
2025-10-02,Pune,Otur,Onion,1000,1650,1250.0,1468.9
2025-10-05,Pune,Otur,Onion,1000,1810,1400.0,1287.6
2025-10-06,Pune,Otur,Onion,800,1810,1200.0,1284.5
2025-10-12,Pune,Otur,Onion,700,1650,1200.0,1847.4
2025-10-16,Pune,Otur,Onion,600,1650,1200.0,1529.9
2025-10-26,Pune,Otur,Onion,1000,2100,1550.0,1471.6
2025-10-30,Pune,Otur,Onion,1000,2000,1800.0,1744.0
2024-06-12,Pune,Pimpri,Onion,2000,3200,2600.0,
2024-06-13,Pune,Pimpri,Onion,2000,3000,2500.0,
2024-06-14,Pune,Pimpri,Onion,2200,2900,2550.0,
2024-06-15,Pune,Pimpri,Onion,2000,2800,2400.0,
2024-06-16,Pune,Pimpri,Onion,2700,2700,2700.0,
2024-06-17,Pune,Pimpri,Onion,2800,3000,2900.0,
2024-06-18,Pune,Pimpri,Onion,1400,3000,2200.0,
2024-06-19,Pune,Pimpri,Onion,2000,3000,2500.0,
2024-06-20,Pune,Pimpri,Onion,1900,2800,2350.0,
2024-06-21,Pune,Pimpri,Onion,1500,3000,2250.0,
2024-06-22,Pune,Pimpri,Onion,2500,3000,2750.0,
2024-06-23,Pune,Pimpri,Onion,1500,3200,2350.0,
2024-06-24,Pune,Pimpri,Onion,2600,3000,2800.0,
2024-06-25,Pune,Pimpri,Onion,2500,2900,2700.0,
2024-06-26,Pune,Pimpri,Onion,1200,3000,2100.0,
2024-06-27,Pune,Pimpri,Onion,2700,2900,2800.0,
2024-06-28,Pune,Pimpri,Onion,2500,2900,2700.0,
2024-06-29,Pune,Pimpri,Onion,2200,2200,2200.0,
2024-06-30,Pune,Pimpri,Onion,2400,3000,2700.0,
2024-07-02,Pune,Pimpri,Onion,2200,2800,2500.0,
2024-07-03,Pune,Pimpri,Onion,1500,3000,2250.0,
2024-07-04,Pune,Pimpri,Onion,2300,3000,2650.0,
2024-07-05,Pune,Pimpri,Onion,1600,3000,2300.0,
2024-07-06,Pune,Pimpri,Onion,2500,3000,2750.0,
2024-07-07,Pune,Pimpri,Onion,2700,3300,3000.0,
2024-07-08,Pune,Pimpri,Onion,2800,3000,2900.0,
2024-07-09,Pune,Pimpri,Onion,2500,3000,2750.0,
2024-07-10,Pune,Pimpri,Onion,2000,3000,2500.0,
2024-07-11,Pune,Pimpri,Onion,2800,3000,2900.0,
2024-07-12,Pune,Pimpri,Onion,2000,3000,2500.0,
2024-07-13,Pune,Pimpri,Onion,2000,3000,2500.0,
2024-07-14,Pune,Pimpri,Onion,2500,3000,2750.0,
2024-07-15,Pune,Pimpri,Onion,2900,3000,2950.0,
2024-07-16,Pune,Pimpri,Onion,2900,2900,2900.0,
2024-07-17,Pune,Pimpri,Onion,2500,2900,2700.0,
2024-07-18,Pune,Pimpri,Onion,1800,2900,2350.0,
2024-07-19,Pune,Pimpri,Onion,2500,3000,2750.0,
2024-07-20,Pune,Pimpri,Onion,2500,2800,2650.0,
2024-07-21,Pune,Pimpri,Onion,1500,2800,2150.0,
2024-07-22,Pune,Pimpri,Onion,2900,3000,2950.0,
2024-07-23,Pune,Pimpri,Onion,2800,3200,3000.0,
2024-07-24,Pune,Pimpri,Onion,2400,3000,2700.0,
2024-07-25,Pune,Pimpri,Onion,2000,3000,2500.0,
2024-07-28,Pune,Pimpri,Onion,2000,3000,2500.0,
2024-07-30,Pune,Pimpri,Onion,2400,2900,2650.0,
2024-07-31,Pune,Pimpri,Onion,2300,3200,2750.0,
2024-08-04,Pune,Pimpri,Onion,1800,3000,2400.0,
2024-08-05,Pune,Pimpri,Onion,2700,2900,2800.0,0.6
2024-08-06,Pune,Pimpri,Onion,2000,2800,2400.0,0.9
2024-08-07,Pune,Pimpri,Onion,1200,3000,2100.0,0.4
2024-08-08,Pune,Pimpri,Onion,2200,3000,2600.0,0.6
2024-08-09,Pune,Pimpri,Onion,2200,3100,2650.0,0.6
2024-08-10,Pune,Pimpri,Onion,2000,2000,2000.0,0.1
2024-08-11,Pune,Pimpri,Onion,2000,3000,2500.0,1.3
2024-08-12,Pune,Pimpri,Onion,2600,3400,3000.0,1.2
2024-08-13,Pune,Pimpri,Onion,2600,3600,3100.0,0.7
2024-08-14,Pune,Pimpri,Onion,2800,3800,3300.0,1.4
2024-08-15,Pune,Pimpri,Onion,3500,3700,3600.0,1.2
2024-08-16,Pune,Pimpri,Onion,2600,3700,3150.0,1.1
2024-08-17,Pune,Pimpri,Onion,2600,3900,3750.0,1.3
2024-08-18,Pune,Pimpri,Onion,2600,3800,3200.0,2.0
2024-08-19,Pune,Pimpri,Onion,2000,3500,2750.0,0.3
2024-08-20,Pune,Pimpri,Onion,3400,3800,3600.0,0.7
2024-08-21,Pune,Pimpri,Onion,2000,3500,2750.0,0.5
2024-08-22,Pune,Pimpri,Onion,2800,3500,3150.0,2.1
2024-08-23,Pune,Pimpri,Onion,3000,3900,3450.0,1.6
2024-08-24,Pune,Pimpri,Onion,2800,4200,3500.0,1.5
2024-08-25,Pune,Pimpri,Onion,3500,4000,3750.0,1.2
2024-08-26,Pune,Pimpri,Onion,4000,4000,4000.0,0.7
2024-08-27,Pune,Pimpri,Onion,3000,3000,3000.0,0.4
2024-08-28,Pune,Pimpri,Onion,4000,4000,4000.0,1.0
2024-08-29,Pune,Pimpri,Onion,3600,4000,3800.0,2.3
2024-08-30,Pune,Pimpri,Onion,3300,4000,3800.0,0.9
2024-08-31,Pune,Pimpri,Onion,3500,4000,3750.0,1.4
2024-09-01,Pune,Pimpri,Onion,3000,4000,3500.0,3.1
2024-09-02,Pune,Pimpri,Onion,2600,3900,3750.0,2.3
2024-09-03,Pune,Pimpri,Onion,3900,4100,4000.0,1.1
2024-09-04,Pune,Pimpri,Onion,3200,4500,3850.0,1.9
2024-09-05,Pune,Pimpri,Onion,3200,4500,3850.0,2.6
2024-09-06,Pune,Pimpri,Onion,2500,4500,3500.0,1.0
2024-09-07,Pune,Pimpri,Onion,4000,4500,4250.0,0.7
2024-09-08,Pune,Pimpri,Onion,3800,4400,4100.0,2.3
2024-09-09,Pune,Pimpri,Onion,2500,4400,3450.0,0.7
2024-09-10,Pune,Pimpri,Onion,4200,4300,4250.0,1.3
2024-09-11,Pune,Pimpri,Onion,3000,4400,3700.0,2.7
2024-09-12,Pune,Pimpri,Onion,3500,4200,3850.0,1.3
2024-09-13,Pune,Pimpri,Onion,3600,4200,3900.0,1.2
2024-09-14,Pune,Pimpri,Onion,2000,4200,3100.0,1.4
2024-09-15,Pune,Pimpri,Onion,3000,4500,3750.0,3.8
2024-09-16,Pune,Pimpri,Onion,3000,4900,3950.0,2.4
2024-09-17,Pune,Pimpri,Onion,4000,5200,4600.0,1.2
2024-09-18,Pune,Pimpri,Onion,3000,5200,4100.0,2.1
2024-09-19,Pune,Pimpri,Onion,4700,5300,5000.0,1.1
2024-09-20,Pune,Pimpri,Onion,4000,5000,4500.0,2.2
2024-09-21,Pune,Pimpri,Onion,4000,5000,4500.0,1.2
2024-09-22,Pune,Pimpri,Onion,3000,5000,4000.0,3.1
2024-09-23,Pune,Pimpri,Onion,4000,5000,4500.0,1.2
2024-09-24,Pune,Pimpri,Onion,2500,5000,3050.0,0.7
2024-09-25,Pune,Pimpri,Onion,4000,5000,4500.0,1.4
2024-09-26,Pune,Pimpri,Onion,2400,4800,3600.0,2.0
2024-09-27,Pune,Pimpri,Onion,2000,4800,3400.0,1.0
2024-09-28,Pune,Pimpri,Onion,4000,5000,4500.0,1.1
2024-09-29,Pune,Pimpri,Onion,3200,4800,4000.0,4.1
2024-09-30,Pune,Pimpri,Onion,4200,4800,4500.0,1.5
2024-10-01,Pune,Pimpri,Onion,1500,4700,3100.0,0.8
2024-10-02,Pune,Pimpri,Onion,3000,4700,3150.0,0.8
2024-10-03,Pune,Pimpri,Onion,2500,4300,3400.0,0.6
2024-10-04,Pune,Pimpri,Onion,3500,4500,4000.0,0.3
2024-10-05,Pune,Pimpri,Onion,3000,4500,3750.0,0.4
2024-10-06,Pune,Pimpri,Onion,4600,4600,4600.0,0.2
2024-10-07,Pune,Pimpri,Onion,2500,4800,3650.0,0.4
2024-10-09,Pune,Pimpri,Onion,3000,4300,3650.0,1.5
2024-10-10,Pune,Pimpri,Onion,3500,4500,4000.0,0.5
2024-10-11,Pune,Pimpri,Onion,3500,4500,4000.0,0.4
2024-10-13,Pune,Pimpri,Onion,3600,4400,4000.0,1.4
2024-10-14,Pune,Pimpri,Onion,3500,4500,4000.0,1.7
2024-10-15,Pune,Pimpri,Onion,3000,4400,3700.0,1.1
2024-10-16,Pune,Pimpri,Onion,3700,4300,4000.0,1.5
2024-10-17,Pune,Pimpri,Onion,3400,4400,3700.0,1.8
2024-10-18,Pune,Pimpri,Onion,3000,4500,3750.0,1.0
2024-10-19,Pune,Pimpri,Onion,2500,4000,3250.0,1.5
2024-10-20,Pune,Pimpri,Onion,3000,4500,3750.0,3.8
2024-10-21,Pune,Pimpri,Onion,4400,4500,4450.0,1.0
2024-10-22,Pune,Pimpri,Onion,4300,4500,4400.0,0.7
2024-10-23,Pune,Pimpri,Onion,3700,4300,4000.0,2.4
2024-10-24,Pune,Pimpri,Onion,3800,4600,4200.0,1.1
2024-10-25,Pune,Pimpri,Onion,4900,4900,4900.0,0.2
2024-10-26,Pune,Pimpri,Onion,4200,4800,4500.0,1.1
2024-10-27,Pune,Pimpri,Onion,4100,4700,4400.0,1.5
2024-10-28,Pune,Pimpri,Onion,1000,4800,2900.0,1.0
2024-10-29,Pune,Pimpri,Onion,4400,4800,4600.0,0.4
2024-10-30,Pune,Pimpri,Onion,2700,4800,3750.0,1.5
2025-05-31,Pune,Pimpri,Onion,1300,1600,1450.0,
2025-06-01,Pune,Pimpri,Onion,1100,1500,1300.0,1.6
2025-06-02,Pune,Pimpri,Onion,1200,1600,1400.0,0.9
2025-06-03,Pune,Pimpri,Onion,800,1000,900.0,0.5
2025-06-04,Pune,Pimpri,Onion,1300,1500,1400.0,1.3
2025-06-05,Pune,Pimpri,Onion,1400,1400,1400.0,0.4
2025-06-06,Pune,Pimpri,Onion,1000,1000,1000.0,0.2
2025-06-08,Pune,Pimpri,Onion,1100,1600,1350.0,0.5
2025-06-09,Pune,Pimpri,Onion,1100,1500,1300.0,0.4
2025-06-10,Pune,Pimpri,Onion,1000,1400,1200.0,0.6
2025-06-11,Pune,Pimpri,Onion,1000,1400,1200.0,1.5
2025-06-12,Pune,Pimpri,Onion,1500,1500,1500.0,0.1
2025-06-14,Pune,Pimpri,Onion,1500,1700,1600.0,1.1
2025-06-15,Pune,Pimpri,Onion,1200,1800,1500.0,1.1
2025-06-16,Pune,Pimpri,Onion,1000,1800,1400.0,1.4
2025-06-17,Pune,Pimpri,Onion,800,1000,900.0,0.8
2025-06-18,Pune,Pimpri,Onion,1200,1800,1500.0,1.3
2025-06-19,Pune,Pimpri,Onion,1400,2000,1700.0,0.4
2025-06-20,Pune,Pimpri,Onion,700,700,700.0,0.7
2025-06-21,Pune,Pimpri,Onion,1000,2000,1500.0,1.4
2025-06-22,Pune,Pimpri,Onion,600,1300,950.0,1.2
2025-06-23,Pune,Pimpri,Onion,1200,2000,1600.0,0.3
2025-06-25,Pune,Pimpri,Onion,700,2000,1350.0,1.4
2025-06-26,Pune,Pimpri,Onion,1700,1800,1750.0,0.5
2025-06-27,Pune,Pimpri,Onion,500,2000,1250.0,0.8
2025-06-28,Pune,Pimpri,Onion,1600,1800,1700.0,0.4
2025-06-29,Pune,Pimpri,Onion,1300,1700,1500.0,2.2
2025-06-30,Pune,Pimpri,Onion,1300,1600,1450.0,0.4
2025-07-03,Pune,Pimpri,Onion,1000,1800,1400.0,0.6
2025-07-04,Pune,Pimpri,Onion,1000,1800,1400.0,1.7
2025-07-05,Pune,Pimpri,Onion,1200,1800,1500.0,1.1
2025-07-06,Pune,Pimpri,Onion,1000,2000,1500.0,0.5
2025-07-07,Pune,Pimpri,Onion,2000,2000,2000.0,0.1
2025-07-08,Pune,Pimpri,Onion,1800,2000,1900.0,0.3
2025-07-09,Pune,Pimpri,Onion,1400,1900,1650.0,0.6
2025-07-10,Pune,Pimpri,Onion,1400,1600,1500.0,0.3
2025-07-11,Pune,Pimpri,Onion,1500,1700,1600.0,0.4
2025-07-12,Pune,Pimpri,Onion,1200,1800,1500.0,0.2
2025-07-13,Pune,Pimpri,Onion,600,1800,1200.0,1.3
2025-07-14,Pune,Pimpri,Onion,1200,1900,1550.0,0.6
2025-07-15,Pune,Pimpri,Onion,1800,1800,1800.0,0.3
2025-07-16,Pune,Pimpri,Onion,1700,1800,1750.0,0.9
2025-07-17,Pune,Pimpri,Onion,1300,1800,1550.0,0.9
2025-07-18,Pune,Pimpri,Onion,1600,1800,1700.0,6.0
2025-07-20,Pune,Pimpri,Onion,1000,1700,1350.0,3.2
2025-07-22,Pune,Pimpri,Onion,900,1800,1350.0,0.8
2025-07-23,Pune,Pimpri,Onion,1200,1800,1500.0,1.4
2025-07-24,Pune,Pimpri,Onion,1300,1700,1500.0,0.6
2025-07-25,Pune,Pimpri,Onion,1000,1800,1400.0,0.5
2025-07-27,Pune,Pimpri,Onion,1000,1500,1250.0,1.1
2025-07-28,Pune,Pimpri,Onion,1700,1700,1700.0,0.5
2025-07-29,Pune,Pimpri,Onion,1300,1600,1450.0,0.6
2025-07-30,Pune,Pimpri,Onion,1400,1600,1500.0,0.8
2025-07-31,Pune,Pimpri,Onion,1400,1600,1500.0,0.9
2025-08-02,Pune,Pimpri,Onion,700,1600,1150.0,1.7
2025-08-03,Pune,Pimpri,Onion,1000,1600,1300.0,3.8
2025-08-04,Pune,Pimpri,Onion,1400,1600,1500.0,1.1
2025-08-05,Pune,Pimpri,Onion,800,1600,1200.0,1.0
2025-08-06,Pune,Pimpri,Onion,1000,1700,1350.0,1.9
2025-08-07,Pune,Pimpri,Onion,700,1600,1150.0,2.2
2025-08-08,Pune,Pimpri,Onion,1000,1600,1300.0,1.2
2025-08-10,Pune,Pimpri,Onion,1300,1700,1500.0,1.1
2025-08-11,Pune,Pimpri,Onion,1400,1600,1500.0,2.2
2025-08-13,Pune,Pimpri,Onion,1400,1600,1500.0,2.1
2025-08-14,Pune,Pimpri,Onion,1400,1600,1500.0,0.9
2025-08-15,Pune,Pimpri,Onion,1200,1800,1500.0,1.8
2025-08-16,Pune,Pimpri,Onion,1400,1600,1500.0,1.5
2025-08-17,Pune,Pimpri,Onion,1300,1700,1500.0,2.1
2025-08-18,Pune,Pimpri,Onion,1400,1500,1450.0,1.4
2025-08-19,Pune,Pimpri,Onion,1400,1900,1650.0,0.9
2025-08-20,Pune,Pimpri,Onion,1400,1800,1600.0,1.3
2025-08-21,Pune,Pimpri,Onion,1400,1600,1500.0,1.7
2025-08-22,Pune,Pimpri,Onion,1000,1900,1450.0,2.4
2025-08-23,Pune,Pimpri,Onion,1000,2000,1500.0,2.0
2025-08-24,Pune,Pimpri,Onion,1000,1500,1250.0,2.5
2025-08-25,Pune,Pimpri,Onion,800,1700,1250.0,1.9
2025-08-26,Pune,Pimpri,Onion,1300,1700,1500.0,1.3
2025-08-27,Pune,Pimpri,Onion,1300,1500,1400.0,1.5
2025-08-28,Pune,Pimpri,Onion,1400,1400,1400.0,0.4
2025-08-29,Pune,Pimpri,Onion,1200,1800,1500.0,0.5
2025-08-30,Pune,Pimpri,Onion,1300,1600,1450.0,1.0
2025-08-31,Pune,Pimpri,Onion,500,1600,1050.0,2.6
2025-09-01,Pune,Pimpri,Onion,800,1600,1200.0,1.0
2025-09-02,Pune,Pimpri,Onion,1200,1500,1350.0,1.0
2025-09-03,Pune,Pimpri,Onion,1300,1500,1400.0,1.3
2025-09-04,Pune,Pimpri,Onion,800,1400,1100.0,2.0
2025-09-05,Pune,Pimpri,Onion,800,1800,1300.0,2.0
2025-09-06,Pune,Pimpri,Onion,1000,2000,1500.0,1.4
2025-09-07,Pune,Pimpri,Onion,1000,1400,1200.0,3.0
2025-09-08,Pune,Pimpri,Onion,1000,1600,1300.0,1.1
2025-09-09,Pune,Pimpri,Onion,1600,1600,1600.0,0.4
2025-09-10,Pune,Pimpri,Onion,800,1800,1300.0,1.5
2025-09-11,Pune,Pimpri,Onion,1000,1600,1300.0,2.2
2025-09-12,Pune,Pimpri,Onion,1500,1500,1500.0,0.3
2025-09-13,Pune,Pimpri,Onion,700,1600,1150.0,2.6
2025-09-14,Pune,Pimpri,Onion,900,1600,1250.0,2.2
2025-09-15,Pune,Pimpri,Onion,1300,1500,1400.0,0.6
2025-09-16,Pune,Pimpri,Onion,1400,1600,1500.0,0.3
2025-09-17,Pune,Pimpri,Onion,1400,1600,1500.0,0.5
2025-09-18,Pune,Pimpri,Onion,1500,1500,1500.0,0.4
2025-09-19,Pune,Pimpri,Onion,1500,1500,1500.0,0.5
2025-09-20,Pune,Pimpri,Onion,1000,1500,1250.0,1.2
2025-09-21,Pune,Pimpri,Onion,1200,1500,1350.0,1.7
2025-09-22,Pune,Pimpri,Onion,1400,1500,1450.0,0.8
2025-09-23,Pune,Pimpri,Onion,1200,1500,1350.0,1.2
2025-09-24,Pune,Pimpri,Onion,500,1500,1000.0,1.8
2025-09-25,Pune,Pimpri,Onion,1600,1600,1600.0,1.4
2025-09-26,Pune,Pimpri,Onion,1000,1600,1300.0,0.9
2025-09-27,Pune,Pimpri,Onion,1000,1400,1200.0,1.1
2025-09-28,Pune,Pimpri,Onion,1300,1500,1400.0,0.9
2025-09-29,Pune,Pimpri,Onion,1200,1600,1400.0,0.6
2025-09-30,Pune,Pimpri,Onion,1200,1500,1350.0,0.8
2025-10-01,Pune,Pimpri,Onion,1500,1500,1500.0,0.6
2025-10-02,Pune,Pimpri,Onion,1300,1700,1500.0,0.3
2025-10-03,Pune,Pimpri,Onion,1300,1600,1450.0,0.5
2025-10-04,Pune,Pimpri,Onion,600,1400,1000.0,1.8
2025-10-05,Pune,Pimpri,Onion,1200,1600,1400.0,1.7
2025-10-06,Pune,Pimpri,Onion,600,1600,1100.0,2.1
2025-10-07,Pune,Pimpri,Onion,1000,1400,1200.0,1.3
2025-10-08,Pune,Pimpri,Onion,600,1600,1100.0,2.4
2025-10-09,Pune,Pimpri,Onion,1000,1400,1200.0,0.8
2025-10-10,Pune,Pimpri,Onion,1000,1300,1150.0,1.1
2025-10-12,Pune,Pimpri,Onion,800,1500,1150.0,3.5
2025-10-13,Pune,Pimpri,Onion,1200,1500,1350.0,1.1
2025-10-14,Pune,Pimpri,Onion,1000,1400,1200.0,2.3
2025-10-15,Pune,Pimpri,Onion,1000,1500,1250.0,0.8
2025-10-16,Pune,Pimpri,Onion,1200,1500,1350.0,1.8
2025-10-17,Pune,Pimpri,Onion,1200,1500,1350.0,1.1
2025-10-18,Pune,Pimpri,Onion,800,1200,1000.0,1.7
2025-10-19,Pune,Pimpri,Onion,600,1400,1000.0,1.7
2025-10-20,Pune,Pimpri,Onion,1200,1200,1200.0,0.7
2025-10-21,Pune,Pimpri,Onion,1200,1200,1200.0,0.4
2025-10-22,Pune,Pimpri,Onion,1000,1600,1300.0,2.5
2025-10-23,Pune,Pimpri,Onion,1200,1400,1300.0,0.5
2025-10-24,Pune,Pimpri,Onion,1100,1500,1300.0,1.0
2025-10-26,Pune,Pimpri,Onion,1000,1400,1200.0,2.1
2025-10-27,Pune,Pimpri,Onion,1000,1600,1300.0,1.0
2025-10-28,Pune,Pimpri,Onion,1400,2000,1700.0,0.8
2025-10-29,Pune,Pimpri,Onion,1400,2000,1700.0,0.7
2025-10-30,Pune,Pimpri,Onion,1000,1500,1250.0,1.6
2024-06-11,Pune,Pune,Onion,1000,3000,2000.0,
2024-06-12,Pune,Pune,Onion,800,3000,1900.0,
2024-06-13,Pune,Pune,Onion,1000,3000,2000.0,
2024-06-14,Pune,Pune,Onion,800,3000,1900.0,
2024-06-16,Pune,Pune,Onion,800,3000,1900.0,
2024-06-17,Pune,Pune,Onion,1000,3100,2050.0,
2024-06-18,Pune,Pune,Onion,1000,3000,2000.0,
2024-06-19,Pune,Pune,Onion,1000,3000,2000.0,
2024-06-20,Pune,Pune,Onion,1000,3200,2100.0,
2024-06-21,Pune,Pune,Onion,800,3000,1900.0,
2024-06-23,Pune,Pune,Onion,800,3000,1900.0,
2024-06-24,Pune,Pune,Onion,1000,3000,2000.0,
2024-06-25,Pune,Pune,Onion,1000,3100,2050.0,
2024-06-26,Pune,Pune,Onion,1000,3000,2000.0,
2024-06-27,Pune,Pune,Onion,1000,3000,2000.0,
2024-06-28,Pune,Pune,Onion,1000,3000,2000.0,
2024-06-30,Pune,Pune,Onion,1000,3000,2000.0,
2024-07-01,Pune,Pune,Onion,1000,3000,2000.0,
2024-07-03,Pune,Pune,Onion,1200,3200,2200.0,
2024-07-04,Pune,Pune,Onion,1200,3200,2200.0,
2024-07-05,Pune,Pune,Onion,1200,3200,2200.0,
2024-07-07,Pune,Pune,Onion,1100,3100,2100.0,
2024-07-08,Pune,Pune,Onion,1000,3100,2050.0,
2024-07-09,Pune,Pune,Onion,1100,3100,2100.0,
2024-07-10,Pune,Pune,Onion,1200,3200,2200.0,
2024-07-11,Pune,Pune,Onion,1500,3100,2300.0,
2024-07-12,Pune,Pune,Onion,1200,3100,2150.0,
2024-07-14,Pune,Pune,Onion,1200,3100,2150.0,
2024-07-15,Pune,Pune,Onion,1000,3000,2000.0,
2024-07-16,Pune,Pune,Onion,1300,3100,2200.0,
2024-07-17,Pune,Pune,Onion,1200,3100,2150.0,
2024-07-18,Pune,Pune,Onion,1200,3000,2100.0,
2024-07-19,Pune,Pune,Onion,1300,3100,2200.0,
2024-07-21,Pune,Pune,Onion,1200,3000,2100.0,
2024-07-22,Pune,Pune,Onion,1200,3000,2100.0,
2024-07-23,Pune,Pune,Onion,1200,3000,2100.0,
2024-07-24,Pune,Pune,Onion,1400,3000,2200.0,
2024-07-25,Pune,Pune,Onion,1200,3000,2100.0,
2024-07-26,Pune,Pune,Onion,1200,3000,2100.0,
2024-07-28,Pune,Pune,Onion,1200,3000,2100.0,
2024-07-29,Pune,Pune,Onion,1400,3000,2200.0,
2024-07-30,Pune,Pune,Onion,1200,3000,2100.0,
2024-07-31,Pune,Pune,Onion,1400,3000,2200.0,
2024-08-04,Pune,Pune,Onion,1400,3000,2200.0,
2024-08-05,Pune,Pune,Onion,1400,3000,2200.0,397.7
2024-08-07,Pune,Pune,Onion,1400,3000,2200.0,956.4
2024-08-08,Pune,Pune,Onion,1500,3100,2300.0,1037.9
2024-08-09,Pune,Pune,Onion,1600,3200,2400.0,1146.3
2024-08-11,Pune,Pune,Onion,1800,3500,2650.0,1271.8
2024-08-12,Pune,Pune,Onion,1800,3500,2650.0,1384.9
2024-08-13,Pune,Pune,Onion,1800,3500,2650.0,1278.3
2024-08-14,Pune,Pune,Onion,2000,3600,2800.0,1291.7
2024-08-18,Pune,Pune,Onion,2000,3500,2750.0,1193.5
2024-08-20,Pune,Pune,Onion,2000,3500,2750.0,555.3
2024-08-21,Pune,Pune,Onion,2000,3800,2900.0,688.5
2024-08-22,Pune,Pune,Onion,2800,4200,3500.0,1031.3
2024-08-23,Pune,Pune,Onion,2800,4200,3500.0,1693.4
2024-08-25,Pune,Pune,Onion,2400,4000,3200.0,1589.6
2024-08-26,Pune,Pune,Onion,2500,4000,3250.0,781.9
2024-08-27,Pune,Pune,Onion,2500,4100,3300.0,999.9
2024-08-28,Pune,Pune,Onion,2400,4000,3200.0,790.7
2024-08-29,Pune,Pune,Onion,2500,4100,3300.0,981.1
2024-08-30,Pune,Pune,Onion,2600,4000,3300.0,1139.2
2024-09-01,Pune,Pune,Onion,2800,4000,3400.0,924.2
2024-09-02,Pune,Pune,Onion,2800,4200,3500.0,561.6
2024-09-03,Pune,Pune,Onion,3200,4600,3900.0,742.1
2024-09-04,Pune,Pune,Onion,3300,4500,3900.0,1266.9
2024-09-05,Pune,Pune,Onion,3000,4400,3700.0,1024.2
2024-09-06,Pune,Pune,Onion,3200,4500,3850.0,1149.5
2024-09-08,Pune,Pune,Onion,3000,4500,3750.0,849.9
2024-09-09,Pune,Pune,Onion,3200,4500,3850.0,772.5
2024-09-10,Pune,Pune,Onion,3000,4400,3600.0,981.7
2024-09-11,Pune,Pune,Onion,3000,4300,3650.0,632.2
2024-09-12,Pune,Pune,Onion,2900,4300,3600.0,590.3
2024-09-13,Pune,Pune,Onion,3000,4300,3650.0,655.4
2024-09-15,Pune,Pune,Onion,3500,5200,4350.0,933.5
2024-09-16,Pune,Pune,Onion,3600,5200,4400.0,935.3
2024-09-17,Pune,Pune,Onion,3500,4800,4150.0,646.3
2024-09-19,Pune,Pune,Onion,3200,4800,4000.0,777.2
2024-09-22,Pune,Pune,Onion,3500,4900,4200.0,1128.4
2024-09-23,Pune,Pune,Onion,3600,5000,4300.0,970.6
2024-09-24,Pune,Pune,Onion,3000,4800,3900.0,1024.3
2024-09-25,Pune,Pune,Onion,3000,4800,3900.0,888.8
2024-09-26,Pune,Pune,Onion,3500,4800,4150.0,715.9
2024-09-27,Pune,Pune,Onion,3000,4800,3900.0,888.2
2024-09-29,Pune,Pune,Onion,2000,4200,3100.0,1450.2
2024-09-30,Pune,Pune,Onion,2000,4200,3100.0,716.0
2024-10-01,Pune,Pune,Onion,2500,4200,3350.0,818.5
2024-10-03,Pune,Pune,Onion,2000,4400,3200.0,624.4
2024-10-04,Pune,Pune,Onion,2000,4600,3300.0,913.6
2024-10-06,Pune,Pune,Onion,2200,4600,3400.0,1659.9
2024-10-07,Pune,Pune,Onion,2500,4500,3500.0,1028.1
2024-10-09,Pune,Pune,Onion,2000,4400,3200.0,1022.5
2024-10-10,Pune,Pune,Onion,2200,4500,3350.0,985.7
2024-10-11,Pune,Pune,Onion,1500,4500,3000.0,1105.5
2024-10-13,Pune,Pune,Onion,2000,4500,3250.0,905.0
2024-10-14,Pune,Pune,Onion,2000,4500,3250.0,1164.2
2024-10-15,Pune,Pune,Onion,2500,4600,3550.0,1330.0
2024-10-16,Pune,Pune,Onion,2200,4600,3400.0,1283.2
2024-10-17,Pune,Pune,Onion,2000,4600,3300.0,1313.0
2024-10-18,Pune,Pune,Onion,2000,4600,3300.0,1352.3
2024-10-20,Pune,Pune,Onion,1800,4700,3250.0,1632.2
2024-10-22,Pune,Pune,Onion,2400,5000,3700.0,951.0
2024-10-23,Pune,Pune,Onion,2000,5000,3500.0,1196.6
2024-10-24,Pune,Pune,Onion,2000,5000,3500.0,1387.0
2024-10-25,Pune,Pune,Onion,1800,5000,3400.0,1370.4
2024-10-27,Pune,Pune,Onion,1500,4800,3150.0,1578.2
2024-10-28,Pune,Pune,Onion,2000,5000,3500.0,1432.4
2024-10-29,Pune,Pune,Onion,1600,4800,3200.0,1410.0
2024-10-30,Pune,Pune,Onion,1600,5000,3300.0,892.2
2025-06-01,Pune,Pune,Onion,400,1600,1000.0,1818.9
2025-06-03,Pune,Pune,Onion,400,1500,950.0,712.6
2025-06-04,Pune,Pune,Onion,400,1600,1000.0,660.7
2025-06-05,Pune,Pune,Onion,400,1700,1050.0,664.0
2025-06-06,Pune,Pune,Onion,400,1800,1100.0,701.1
2025-06-08,Pune,Pune,Onion,500,1800,1050.0,731.1
2025-06-09,Pune,Pune,Onion,600,2000,1300.0,732.1
2025-06-10,Pune,Pune,Onion,500,2000,1250.0,860.0
2025-06-11,Pune,Pune,Onion,500,2000,1250.0,756.1
2025-06-12,Pune,Pune,Onion,500,1900,1200.0,775.4
2025-06-13,Pune,Pune,Onion,600,2000,1300.0,763.1
2025-06-15,Pune,Pune,Onion,500,2000,1250.0,1037.4
2025-06-16,Pune,Pune,Onion,500,2000,1250.0,803.7
2025-06-17,Pune,Pune,Onion,500,2000,1250.0,609.1
2025-06-18,Pune,Pune,Onion,400,1900,1150.0,722.7
2025-06-19,Pune,Pune,Onion,500,2000,1250.0,775.4
2025-06-20,Pune,Pune,Onion,400,1900,1150.0,361.2
2025-06-22,Pune,Pune,Onion,600,2000,1300.0,608.5
2025-06-23,Pune,Pune,Onion,500,2000,1250.0,704.3
2025-06-24,Pune,Pune,Onion,600,2100,1350.0,554.4
2025-06-25,Pune,Pune,Onion,700,2200,1450.0,614.3
2025-06-26,Pune,Pune,Onion,600,2000,1300.0,859.4
2025-06-27,Pune,Pune,Onion,600,2000,1300.0,859.4
2025-06-29,Pune,Pune,Onion,500,1900,1200.0,837.6
2025-06-30,Pune,Pune,Onion,500,1800,1150.0,589.5
2025-07-01,Pune,Pune,Onion,500,1900,1200.0,649.3
2025-07-03,Pune,Pune,Onion,600,1900,1250.0,661.7
2025-07-04,Pune,Pune,Onion,500,1800,1150.0,909.4
2025-07-06,Pune,Pune,Onion,500,1800,1150.0,863.1
2025-07-07,Pune,Pune,Onion,600,1800,1200.0,505.2
2025-07-09,Pune,Pune,Onion,500,1800,1150.0,658.0
2025-07-10,Pune,Pune,Onion,500,1800,1150.0,656.2
2025-07-11,Pune,Pune,Onion,600,1800,1200.0,939.3
2025-07-13,Pune,Pune,Onion,600,1800,1200.0,1126.6
2025-07-15,Pune,Pune,Onion,500,1700,1100.0,674.5
2025-07-16,Pune,Pune,Onion,500,1800,1150.0,526.3
2025-07-17,Pune,Pune,Onion,500,1700,1100.0,815.5
2025-07-20,Pune,Pune,Onion,500,1700,1100.0,927.3
2025-07-21,Pune,Pune,Onion,500,1700,1100.0,722.6
2025-07-22,Pune,Pune,Onion,500,1700,1100.0,874.6
2025-07-23,Pune,Pune,Onion,500,1700,1100.0,623.5
2025-07-24,Pune,Pune,Onion,500,1700,1100.0,741.8
2025-07-25,Pune,Pune,Onion,500,1700,1100.0,753.2
2025-07-27,Pune,Pune,Onion,500,1700,1100.0,856.3
2025-07-28,Pune,Pune,Onion,500,1700,1100.0,550.8
2025-07-29,Pune,Pune,Onion,500,1600,1050.0,707.2
2025-07-30,Pune,Pune,Onion,500,1700,1100.0,446.8
2025-07-31,Pune,Pune,Onion,500,1700,1100.0,919.5
2025-08-01,Pune,Pune,Onion,500,1700,1100.0,952.8
2025-08-03,Pune,Pune,Onion,500,1600,1050.0,1293.2
2025-08-04,Pune,Pune,Onion,400,1500,950.0,917.6
2025-08-05,Pune,Pune,Onion,500,1500,1000.0,819.5
2025-08-06,Pune,Pune,Onion,500,1600,1050.0,916.9
2025-08-07,Pune,Pune,Onion,500,1600,1050.0,859.6
2025-08-08,Pune,Pune,Onion,500,1700,1100.0,928.1
2025-08-10,Pune,Pune,Onion,600,1700,1150.0,605.9
2025-08-11,Pune,Pune,Onion,500,1700,1100.0,425.1
2025-08-12,Pune,Pune,Onion,600,1800,1200.0,614.5
2025-08-13,Pune,Pune,Onion,500,1800,1150.0,958.5
2025-08-14,Pune,Pune,Onion,600,1800,1200.0,1320.3
2025-08-17,Pune,Pune,Onion,600,1800,1200.0,1349.7
2025-08-18,Pune,Pune,Onion,600,1800,1200.0,1073.3
2025-08-19,Pune,Pune,Onion,600,1800,1200.0,786.5
2025-08-20,Pune,Pune,Onion,600,1800,1200.0,573.3
2025-08-21,Pune,Pune,Onion,500,1800,1150.0,735.0
2025-08-22,Pune,Pune,Onion,500,1700,1100.0,1073.4
2025-08-24,Pune,Pune,Onion,600,1800,1200.0,1340.8
2025-08-25,Pune,Pune,Onion,500,1800,1150.0,932.0
2025-08-26,Pune,Pune,Onion,600,1800,1200.0,1131.8
2025-08-27,Pune,Pune,Onion,500,1650,1075.0,817.1
2025-08-28,Pune,Pune,Onion,500,1600,1050.0,736.7
2025-08-31,Pune,Pune,Onion,500,1600,1050.0,1095.3
2025-09-01,Pune,Pune,Onion,500,1700,1100.0,934.0
2025-09-02,Pune,Pune,Onion,500,1600,1050.0,780.3
2025-09-03,Pune,Pune,Onion,500,1600,1050.0,754.0
2025-09-04,Pune,Pune,Onion,500,1700,1100.0,730.5
2025-09-05,Pune,Pune,Onion,500,1700,1100.0,926.3
2025-09-08,Pune,Pune,Onion,500,1700,1100.0,1283.0
2025-09-09,Pune,Pune,Onion,400,1600,1000.0,1004.4
2025-09-10,Pune,Pune,Onion,500,1600,1050.0,1060.7
2025-09-11,Pune,Pune,Onion,400,1600,1000.0,2193.6
2025-09-12,Pune,Pune,Onion,400,1500,950.0,1227.8
2025-09-15,Pune,Pune,Onion,400,1500,950.0,825.7
2025-09-16,Pune,Pune,Onion,400,1600,1000.0,389.1
2025-09-17,Pune,Pune,Onion,300,1600,950.0,702.0
2025-09-18,Pune,Pune,Onion,400,1600,1000.0,957.2
2025-09-19,Pune,Pune,Onion,400,1600,1000.0,1067.4
2025-09-21,Pune,Pune,Onion,300,1500,900.0,1219.5
2025-09-22,Pune,Pune,Onion,400,1500,950.0,646.8
2025-09-23,Pune,Pune,Onion,400,1600,1000.0,652.9
2025-09-24,Pune,Pune,Onion,400,1500,950.0,964.1
2025-09-25,Pune,Pune,Onion,300,1500,900.0,1335.5
2025-09-26,Pune,Pune,Onion,300,1400,850.0,1486.0
2025-09-28,Pune,Pune,Onion,300,1600,950.0,907.5
2025-09-29,Pune,Pune,Onion,400,1500,950.0,513.4
2025-09-30,Pune,Pune,Onion,400,1600,1000.0,750.6
2025-10-01,Pune,Pune,Onion,400,1600,1000.0,675.3
2025-10-02,Pune,Pune,Onion,400,1600,1000.0,742.4
2025-10-03,Pune,Pune,Onion,400,1600,1000.0,436.7
2025-10-05,Pune,Pune,Onion,400,1600,1000.0,1451.4
2025-10-06,Pune,Pune,Onion,400,1600,1000.0,1072.4
2025-10-07,Pune,Pune,Onion,400,1600,1000.0,1489.0
2025-10-08,Pune,Pune,Onion,400,1500,950.0,1373.3
2025-10-09,Pune,Pune,Onion,300,1500,900.0,1230.7
2025-10-12,Pune,Pune,Onion,300,1500,900.0,1385.5
2025-10-13,Pune,Pune,Onion,300,1500,900.0,977.6
2025-10-14,Pune,Pune,Onion,300,1500,900.0,1239.9
2025-10-15,Pune,Pune,Onion,300,1500,900.0,1207.6
2025-10-16,Pune,Pune,Onion,300,1500,900.0,1024.5
2025-10-19,Pune,Pune,Onion,300,1400,850.0,1189.8
2025-10-20,Pune,Pune,Onion,300,1400,850.0,569.6
2025-10-21,Pune,Pune,Onion,400,1500,950.0,458.8
2025-10-22,Pune,Pune,Onion,400,1500,950.0,472.3
2025-10-24,Pune,Pune,Onion,400,1600,1000.0,716.2
2025-10-26,Pune,Pune,Onion,600,2000,1300.0,924.5
2025-10-27,Pune,Pune,Onion,500,2000,1250.0,1137.0
2025-10-28,Pune,Pune,Onion,400,1800,1100.0,1868.8
2025-10-29,Pune,Pune,Onion,500,1800,1150.0,1482.1
2025-10-30,Pune,Pune,Onion,500,1700,1100.0,1209.5
2024-08-16,Pune,Shirur,Onion,1000,3700,3200.0,218.4
2024-08-20,Pune,Shirur,Onion,1000,4100,3300.0,56.8
2024-08-23,Pune,Shirur,Onion,1000,4500,3800.0,374.6
2024-09-27,Pune,Shirur,Onion,1000,4800,4200.0,198.3
2024-09-29,Pune,Shirur,Onion,1000,4300,3800.0,185.3
2024-10-01,Pune,Shirur,Onion,1000,4300,3800.0,92.4
2024-10-04,Pune,Shirur,Onion,500,5100,4000.0,127.3
2024-10-06,Pune,Shirur,Onion,500,5100,4000.0,158.4
2024-10-09,Pune,Shirur,Onion,500,4500,3800.0,127.5
2024-10-11,Pune,Shirur,Onion,500,4750,3800.0,134.5
2024-10-13,Pune,Shirur,Onion,500,4900,4000.0,96.8
2024-10-14,Pune,Shirur,Onion,500,4900,4000.0,46.8
2024-10-15,Pune,Shirur,Onion,500,5000,4400.0,143.0
2024-10-18,Pune,Shirur,Onion,500,5100,4200.0,204.7
2024-10-20,Pune,Shirur,Onion,500,5100,4200.0,205.4
2024-10-21,Pune,Shirur,Onion,500,5100,4200.0,58.8
2024-10-22,Pune,Shirur,Onion,500,5100,4100.0,157.3
2024-10-23,Pune,Shirur,Onion,500,5100,4100.0,170.4
2024-10-25,Pune,Shirur,Onion,500,5100,4100.0,253.6
2024-10-27,Pune,Shirur,Onion,500,5000,3900.0,297.8
2024-10-29,Pune,Shirur,Onion,500,5000,3500.0,339.7
2024-03-28,Pune,Junnar,Potato,1500,1900,1700.0,27.6
2024-03-31,Pune,Junnar,Potato,1400,2000,1600.0,33.2
2024-04-07,Pune,Junnar,Potato,2000,2600,2400.0,22.3
2024-04-25,Pune,Junnar,Potato,1000,3000,2000.0,8.0
2024-05-05,Pune,Junnar,Potato,2000,2500,2200.0,13.3
2024-09-29,Pune,Junnar,Potato,2500,2900,2700.0,17.9
2024-10-03,Pune,Junnar,Potato,2500,3000,2700.0,25.5
2024-10-13,Pune,Junnar,Potato,2000,2800,2400.0,44.4
2025-04-17,Pune,Junnar,Potato,1300,1800,1500.0,1.7
2025-04-20,Pune,Junnar,Potato,1000,1800,1400.0,30.9
2025-04-24,Pune,Junnar,Potato,1300,1700,1400.0,9.4
2025-04-27,Pune,Junnar,Potato,900,1800,1400.0,15.1
2025-05-01,Pune,Junnar,Potato,900,1800,1300.0,6.8
2025-05-04,Pune,Junnar,Potato,900,2000,1500.0,6.8
2025-05-08,Pune,Junnar,Potato,1000,1800,1400.0,6.9
2025-05-11,Pune,Junnar,Potato,1500,2000,1700.0,11.4
2025-05-15,Pune,Junnar,Potato,1000,2000,1500.0,5.4
2025-05-18,Pune,Junnar,Potato,1500,2000,1700.0,14.4
2025-05-29,Pune,Junnar,Potato,1500,2000,1700.0,2.5
2025-06-01,Pune,Junnar,Potato,1000,2000,1500.0,4.4
2025-06-05,Pune,Junnar,Potato,1000,2000,1500.0,1.4
2025-06-19,Pune,Junnar,Potato,1500,2000,1700.0,0.6
2025-09-14,Pune,Junnar,Potato,1400,1800,1600.0,6.8
2025-10-30,Pune,Junnar,Potato,1500,2200,1900.0,14.2
2024-03-24,Pune,Khadki,Potato,1300,1600,1450.0,0.6
2024-03-26,Pune,Khadki,Potato,1300,1500,1400.0,0.9
2024-03-27,Pune,Khadki,Potato,1300,1500,1400.0,0.5
2024-03-28,Pune,Khadki,Potato,700,1400,1050.0,0.8
2024-03-29,Pune,Khadki,Potato,1300,1600,1450.0,0.5
2024-03-30,Pune,Khadki,Potato,1300,1500,1400.0,0.5
2024-03-31,Pune,Khadki,Potato,1300,1600,1450.0,0.7
2024-04-01,Pune,Khadki,Potato,1100,1400,1250.0,
2024-04-02,Pune,Khadki,Potato,1400,1600,1500.0,
2024-04-03,Pune,Khadki,Potato,1400,1600,1500.0,
2024-04-05,Pune,Khadki,Potato,1500,1500,1500.0,0.2
2024-04-06,Pune,Khadki,Potato,1500,1700,1600.0,0.5
2024-04-07,Pune,Khadki,Potato,1300,1600,1450.0,1.6
2024-04-08,Pune,Khadki,Potato,1300,1600,1450.0,0.5
2024-04-12,Pune,Khadki,Potato,1800,1800,1800.0,0.2
2024-04-13,Pune,Khadki,Potato,1600,1600,1600.0,0.5
2024-04-14,Pune,Khadki,Potato,1400,1600,1500.0,0.4
2024-04-15,Pune,Khadki,Potato,1600,1600,1600.0,0.4
2024-04-19,Pune,Khadki,Potato,1600,1600,1600.0,0.2
2024-04-20,Pune,Khadki,Potato,1400,1600,1500.0,0.5
2024-04-21,Pune,Khadki,Potato,1600,1600,1600.0,0.2
2024-04-22,Pune,Khadki,Potato,1400,1600,1500.0,0.5
2024-04-23,Pune,Khadki,Potato,1400,1600,1500.0,0.5
2024-04-25,Pune,Khadki,Potato,1400,1600,1500.0,0.5
2024-04-26,Pune,Khadki,Potato,1700,1700,1700.0,0.2
2024-04-27,Pune,Khadki,Potato,1400,1600,1500.0,0.4
2024-04-29,Pune,Khadki,Potato,1200,1600,1400.0,0.5
2024-04-30,Pune,Khadki,Potato,1400,1600,1500.0,0.5
2024-05-02,Pune,Khadki,Potato,1500,1700,1600.0,0.5
2024-05-03,Pune,Khadki,Potato,1600,1600,1600.0,0.3
2024-05-04,Pune,Khadki,Potato,1800,1800,1800.0,0.3
2024-05-05,Pune,Khadki,Potato,1500,1700,1600.0,0.5
2024-05-06,Pune,Khadki,Potato,1700,1700,1700.0,0.3
2024-05-08,Pune,Khadki,Potato,1700,1700,1700.0,0.4
2024-05-09,Pune,Khadki,Potato,1600,1800,1700.0,0.4
2024-05-10,Pune,Khadki,Potato,1800,1800,1800.0,0.3
2024-05-11,Pune,Khadki,Potato,1500,1700,1600.0,0.5
2024-05-12,Pune,Khadki,Potato,1500,1700,1600.0,0.5
2024-05-14,Pune,Khadki,Potato,1500,1700,1600.0,0.5
2024-05-15,Pune,Khadki,Potato,1500,1700,1600.0,0.4
2024-05-16,Pune,Khadki,Potato,1500,1700,1600.0,0.4
2024-05-17,Pune,Khadki,Potato,1700,1700,1700.0,0.2
2024-05-18,Pune,Khadki,Potato,1400,1600,1500.0,0.5
2024-05-19,Pune,Khadki,Potato,1600,2000,1800.0,0.4
2024-05-20,Pune,Khadki,Potato,1600,2100,1850.0,0.5
2024-05-21,Pune,Khadki,Potato,1700,1900,1800.0,0.4
2024-05-22,Pune,Khadki,Potato,1600,1800,1700.0,0.6
2024-05-23,Pune,Khadki,Potato,1700,2100,1800.0,0.5
2024-05-24,Pune,Khadki,Potato,1600,2000,1800.0,0.3
2024-05-25,Pune,Khadki,Potato,1800,2000,1900.0,0.6
2024-05-26,Pune,Khadki,Potato,1600,2000,1800.0,0.3
2024-05-27,Pune,Khadki,Potato,2000,2000,2000.0,0.2
2024-05-28,Pune,Khadki,Potato,1600,2000,1800.0,1.0
2024-05-29,Pune,Khadki,Potato,1600,2000,1800.0,0.4
2024-05-30,Pune,Khadki,Potato,2000,2000,2000.0,0.3
2024-06-01,Pune,Khadki,Potato,2200,2200,2200.0,
2024-06-02,Pune,Khadki,Potato,1800,2200,2000.0,
2024-06-03,Pune,Khadki,Potato,1800,2000,1900.0,
2024-06-05,Pune,Khadki,Potato,1700,2000,1850.0,
2024-06-06,Pune,Khadki,Potato,1800,2200,2000.0,
2024-06-07,Pune,Khadki,Potato,1800,2200,2000.0,
2024-06-08,Pune,Khadki,Potato,1700,2000,1850.0,
2024-06-09,Pune,Khadki,Potato,2000,2200,2100.0,
2024-06-10,Pune,Khadki,Potato,2000,2000,2000.0,
2024-06-11,Pune,Khadki,Potato,1700,2000,1850.0,
2024-06-12,Pune,Khadki,Potato,2000,2000,2000.0,
2024-06-15,Pune,Khadki,Potato,1800,2200,2000.0,
2024-06-17,Pune,Khadki,Potato,1600,2000,1800.0,
2024-06-18,Pune,Khadki,Potato,1600,2000,1800.0,
2024-06-23,Pune,Khadki,Potato,2200,2200,2200.0,
2024-06-24,Pune,Khadki,Potato,1800,2200,2000.0,
2024-06-25,Pune,Khadki,Potato,2000,2200,2100.0,
2024-06-26,Pune,Khadki,Potato,2000,2300,2150.0,
2024-06-28,Pune,Khadki,Potato,2000,2200,2100.0,
2024-06-30,Pune,Khadki,Potato,1800,2200,2000.0,
2024-07-01,Pune,Khadki,Potato,2000,2200,2100.0,
2024-07-04,Pune,Khadki,Potato,2300,2700,2500.0,
2024-07-05,Pune,Khadki,Potato,2000,2300,2150.0,
2024-07-06,Pune,Khadki,Potato,2000,2200,2100.0,
2024-07-07,Pune,Khadki,Potato,2000,2400,2200.0,
2024-07-08,Pune,Khadki,Potato,2000,2400,2200.0,
2024-07-11,Pune,Khadki,Potato,2000,2200,2100.0,
2024-07-12,Pune,Khadki,Potato,2000,2600,2300.0,
2024-07-13,Pune,Khadki,Potato,2000,2300,2150.0,
2024-07-14,Pune,Khadki,Potato,2000,2400,2200.0,
2024-07-15,Pune,Khadki,Potato,2000,2600,2300.0,
2024-07-16,Pune,Khadki,Potato,2200,2300,2250.0,
2024-07-19,Pune,Khadki,Potato,2000,2400,2200.0,
2024-07-20,Pune,Khadki,Potato,1600,2200,1900.0,
2024-07-22,Pune,Khadki,Potato,1700,2300,2000.0,
2024-07-24,Pune,Khadki,Potato,1700,2300,2000.0,
2024-07-26,Pune,Khadki,Potato,2200,2200,2200.0,
2024-07-27,Pune,Khadki,Potato,2000,2400,2200.0,
2024-07-29,Pune,Khadki,Potato,2000,2400,2200.0,
2024-07-30,Pune,Khadki,Potato,1800,2200,2000.0,
2024-08-04,Pune,Khadki,Potato,1800,2200,2000.0,
2024-08-05,Pune,Khadki,Potato,1800,2200,2000.0,0.5
2024-08-06,Pune,Khadki,Potato,2000,2400,2200.0,0.4
2024-08-07,Pune,Khadki,Potato,2000,2200,2100.0,0.4
2024-08-08,Pune,Khadki,Potato,2000,2300,2150.0,0.4
2024-08-09,Pune,Khadki,Potato,2000,2300,2150.0,0.4
2024-08-11,Pune,Khadki,Potato,2000,2300,2150.0,0.5
2024-08-12,Pune,Khadki,Potato,2000,2300,2150.0,0.3
2024-08-13,Pune,Khadki,Potato,2000,2300,2150.0,0.4
2024-08-19,Pune,Khadki,Potato,2000,2400,2200.0,0.5
2024-08-20,Pune,Khadki,Potato,2000,2300,2150.0,0.5
2024-08-21,Pune,Khadki,Potato,2000,2200,2100.0,0.4
2024-08-23,Pune,Khadki,Potato,2300,2300,2300.0,0.2
2024-08-24,Pune,Khadki,Potato,2200,2200,2200.0,0.4
2024-08-25,Pune,Khadki,Potato,2000,2300,2150.0,0.7
2024-08-26,Pune,Khadki,Potato,2400,2400,2400.0,0.4
2024-08-27,Pune,Khadki,Potato,2000,2400,2200.0,0.7
2024-08-28,Pune,Khadki,Potato,2000,2300,2150.0,0.4
2024-08-29,Pune,Khadki,Potato,2000,2400,2200.0,0.4
2024-08-30,Pune,Khadki,Potato,2000,2300,2150.0,0.4
2024-08-31,Pune,Khadki,Potato,2000,2300,2150.0,0.8
2024-09-01,Pune,Khadki,Potato,2000,2400,2200.0,0.5
2024-09-02,Pune,Khadki,Potato,2000,2400,2200.0,0.3
2024-09-03,Pune,Khadki,Potato,2000,2600,2300.0,0.4
2024-09-04,Pune,Khadki,Potato,2000,2400,2200.0,0.4
2024-09-05,Pune,Khadki,Potato,2000,2400,2200.0,0.8
2024-09-06,Pune,Khadki,Potato,2000,2600,2300.0,0.4
2024-09-07,Pune,Khadki,Potato,2000,2400,2200.0,0.4
2024-09-08,Pune,Khadki,Potato,2000,2400,2200.0,0.6
2024-09-09,Pune,Khadki,Potato,2000,2400,2200.0,0.4
2024-09-12,Pune,Khadki,Potato,2000,2400,2200.0,0.4
2024-09-13,Pune,Khadki,Potato,2000,2400,2200.0,0.4
2024-09-14,Pune,Khadki,Potato,2000,2400,2200.0,0.5
2024-09-15,Pune,Khadki,Potato,2000,2400,2200.0,0.5
2024-09-16,Pune,Khadki,Potato,2000,2300,2150.0,0.6
2024-09-19,Pune,Khadki,Potato,2000,2400,2200.0,0.7
2024-09-20,Pune,Khadki,Potato,2000,2400,2200.0,0.5
2024-09-21,Pune,Khadki,Potato,2400,2400,2400.0,0.1
2024-09-22,Pune,Khadki,Potato,2000,2300,2150.0,0.5
2024-09-23,Pune,Khadki,Potato,2400,2400,2400.0,0.3
2024-09-24,Pune,Khadki,Potato,2000,2400,2200.0,0.7
2024-09-25,Pune,Khadki,Potato,2000,2300,2150.0,0.6
2024-09-26,Pune,Khadki,Potato,2000,2400,2200.0,0.5
2024-09-27,Pune,Khadki,Potato,2000,2400,2200.0,0.7
2024-09-28,Pune,Khadki,Potato,2000,2400,2200.0,0.4
2024-09-29,Pune,Khadki,Potato,2000,2400,2200.0,0.4
2024-09-30,Pune,Khadki,Potato,2000,2400,2200.0,0.7
2024-10-03,Pune,Khadki,Potato,2000,2400,2200.0,0.5
2024-10-05,Pune,Khadki,Potato,2000,2600,2400.0,0.3
2024-10-06,Pune,Khadki,Potato,2000,2400,2200.0,0.4
2024-10-07,Pune,Khadki,Potato,2000,2300,2150.0,0.4
2024-10-09,Pune,Khadki,Potato,2000,2400,2200.0,0.7
2024-10-10,Pune,Khadki,Potato,2000,2400,2200.0,0.4
2024-10-11,Pune,Khadki,Potato,2000,2300,2150.0,0.5
2024-10-12,Pune,Khadki,Potato,2000,2400,2200.0,0.7
2024-10-13,Pune,Khadki,Potato,2000,2400,2200.0,0.5
2024-10-14,Pune,Khadki,Potato,2000,2400,2200.0,0.4
2024-10-16,Pune,Khadki,Potato,1800,2200,2000.0,0.7
2024-10-17,Pune,Khadki,Potato,2200,2200,2200.0,0.3
2024-10-18,Pune,Khadki,Potato,2000,2300,2150.0,0.5
2024-10-19,Pune,Khadki,Potato,2000,2400,2200.0,0.7
2024-10-22,Pune,Khadki,Potato,1800,2200,2000.0,0.4
2024-10-24,Pune,Khadki,Potato,2000,2300,2150.0,0.4
2024-10-25,Pune,Khadki,Potato,2000,2400,2200.0,0.9
2024-10-26,Pune,Khadki,Potato,1700,2300,2000.0,0.7
2024-10-27,Pune,Khadki,Potato,2000,2300,2150.0,0.7
2024-10-29,Pune,Khadki,Potato,1800,2200,2000.0,0.5
2024-10-30,Pune,Khadki,Potato,1800,2200,2000.0,0.7
2025-04-12,Pune,Khadki,Potato,700,1300,1000.0,
2025-04-13,Pune,Khadki,Potato,1000,1300,1150.0,0.5
2025-04-18,Pune,Khadki,Potato,1000,1400,1200.0,0.7
2025-04-19,Pune,Khadki,Potato,1000,1400,1200.0,0.8
2025-04-20,Pune,Khadki,Potato,700,1300,1000.0,0.8
2025-04-21,Pune,Khadki,Potato,1000,1300,1150.0,0.5
2025-04-22,Pune,Khadki,Potato,1000,1400,1200.0,0.4
2025-04-23,Pune,Khadki,Potato,700,1300,1000.0,0.6
2025-04-24,Pune,Khadki,Potato,1000,1300,1150.0,0.7
2025-04-25,Pune,Khadki,Potato,1000,1300,1150.0,0.5
2025-04-26,Pune,Khadki,Potato,800,1300,1050.0,0.6
2025-04-27,Pune,Khadki,Potato,1000,1400,1200.0,0.7
2025-04-28,Pune,Khadki,Potato,1000,1400,1200.0,0.8
2025-04-30,Pune,Khadki,Potato,1000,1400,1200.0,0.5
2025-05-02,Pune,Khadki,Potato,1000,1400,1200.0,0.6
2025-05-03,Pune,Khadki,Potato,1000,1400,1200.0,0.7
2025-05-04,Pune,Khadki,Potato,1000,1400,1200.0,0.5
2025-05-05,Pune,Khadki,Potato,1100,1400,1250.0,0.5
2025-05-06,Pune,Khadki,Potato,1000,1400,1200.0,0.7
2025-05-07,Pune,Khadki,Potato,1000,1400,1200.0,0.9
2025-05-08,Pune,Khadki,Potato,1000,1400,1200.0,0.6
2025-05-10,Pune,Khadki,Potato,1000,1300,1150.0,0.7
2025-05-12,Pune,Khadki,Potato,1200,1600,1400.0,1.4
2025-05-13,Pune,Khadki,Potato,1000,1400,1200.0,0.6
2025-05-15,Pune,Khadki,Potato,1000,1600,1300.0,0.6
2025-05-16,Pune,Khadki,Potato,1000,1400,1200.0,0.6
2025-05-17,Pune,Khadki,Potato,1000,1400,1200.0,0.6
2025-05-18,Pune,Khadki,Potato,1000,1400,1200.0,0.6
2025-05-19,Pune,Khadki,Potato,1000,1400,1200.0,0.8
2025-05-20,Pune,Khadki,Potato,1000,1400,1200.0,0.7
2025-05-21,Pune,Khadki,Potato,1000,1400,1200.0,0.7
2025-05-22,Pune,Khadki,Potato,1200,1500,1350.0,0.7
2025-05-23,Pune,Khadki,Potato,1000,1600,1400.0,0.7
2025-05-24,Pune,Khadki,Potato,1000,1400,1200.0,0.7
2025-05-25,Pune,Khadki,Potato,1200,1500,1350.0,0.8
2025-05-27,Pune,Khadki,Potato,1200,1600,1400.0,0.6
2025-05-28,Pune,Khadki,Potato,1200,1600,1400.0,0.7
2025-05-29,Pune,Khadki,Potato,1200,1600,1400.0,0.6
2025-05-30,Pune,Khadki,Potato,1200,1500,1350.0,0.5
2025-05-31,Pune,Khadki,Potato,1200,1600,1400.0,0.7
2025-06-03,Pune,Khadki,Potato,1300,1500,1400.0,0.8
2025-06-04,Pune,Khadki,Potato,1200,1500,1350.0,0.7
2025-06-05,Pune,Khadki,Potato,1100,1400,1250.0,0.5
2025-06-06,Pune,Khadki,Potato,1200,1600,1400.0,0.8
2025-06-07,Pune,Khadki,Potato,1200,1500,1350.0,0.5
2025-06-08,Pune,Khadki,Potato,1200,1600,1400.0,0.6
2025-06-09,Pune,Khadki,Potato,1200,1600,1400.0,0.6
2025-06-10,Pune,Khadki,Potato,1000,1600,1300.0,0.5
2025-06-11,Pune,Khadki,Potato,1200,1500,1350.0,0.6
2025-06-12,Pune,Khadki,Potato,1200,1600,1400.0,0.6
2025-06-13,Pune,Khadki,Potato,1000,1400,1200.0,0.9
2025-06-14,Pune,Khadki,Potato,1300,1500,1400.0,0.6
2025-06-15,Pune,Khadki,Potato,1200,1500,1350.0,1.0
2025-06-16,Pune,Khadki,Potato,1300,1500,1400.0,0.6
2025-06-17,Pune,Khadki,Potato,1000,1400,1200.0,1.0
2025-06-18,Pune,Khadki,Potato,1200,1600,1400.0,0.9
2025-06-19,Pune,Khadki,Potato,1200,1400,1300.0,0.5
2025-06-20,Pune,Khadki,Potato,1300,1600,1450.0,0.5
2025-06-21,Pune,Khadki,Potato,1000,1600,1300.0,0.7
2025-06-23,Pune,Khadki,Potato,1200,1600,1400.0,0.7
2025-06-24,Pune,Khadki,Potato,1200,1600,1400.0,0.8
2025-06-25,Pune,Khadki,Potato,1200,1600,1400.0,0.5
2025-06-26,Pune,Khadki,Potato,1200,1600,1400.0,0.6
2025-06-27,Pune,Khadki,Potato,1200,1600,1400.0,1.0
2025-06-28,Pune,Khadki,Potato,1200,1500,1350.0,0.8
2025-06-29,Pune,Khadki,Potato,1300,1700,1400.0,0.8
2025-07-01,Pune,Khadki,Potato,1200,1600,1400.0,0.6
2025-07-02,Pune,Khadki,Potato,1300,1500,1400.0,0.7
2025-07-03,Pune,Khadki,Potato,1300,1500,1400.0,0.5
2025-07-04,Pune,Khadki,Potato,1300,1500,1400.0,0.5
2025-07-05,Pune,Khadki,Potato,1200,1400,1300.0,0.7
2025-07-06,Pune,Khadki,Potato,1200,1600,1400.0,0.5
2025-07-07,Pune,Khadki,Potato,1200,1500,1350.0,0.5
2025-07-08,Pune,Khadki,Potato,1200,1600,1400.0,0.7
2025-07-09,Pune,Khadki,Potato,1300,1600,1450.0,0.5
2025-07-10,Pune,Khadki,Potato,1300,1600,1450.0,0.5
2025-07-11,Pune,Khadki,Potato,1300,1600,1450.0,0.6
2025-07-12,Pune,Khadki,Potato,1200,1600,1400.0,0.6
2025-07-13,Pune,Khadki,Potato,1200,1500,1350.0,0.5
2025-07-14,Pune,Khadki,Potato,1200,1600,1400.0,0.5
2025-07-15,Pune,Khadki,Potato,1300,1600,1450.0,0.5
2025-07-16,Pune,Khadki,Potato,1300,1500,1400.0,0.7
2025-07-18,Pune,Khadki,Potato,1200,1500,1350.0,0.7
2025-07-19,Pune,Khadki,Potato,1200,1500,1350.0,0.5
2025-07-20,Pune,Khadki,Potato,1200,1500,1350.0,0.7
2025-07-21,Pune,Khadki,Potato,1200,1400,1300.0,0.4
2025-07-22,Pune,Khadki,Potato,1200,1400,1300.0,0.5
2025-07-23,Pune,Khadki,Potato,1200,1500,1350.0,0.4
2025-07-24,Pune,Khadki,Potato,1200,1500,1350.0,0.6
2025-07-25,Pune,Khadki,Potato,1200,1500,1350.0,0.6
2025-07-27,Pune,Khadki,Potato,1300,1500,1400.0,0.7
2025-07-28,Pune,Khadki,Potato,1300,1500,1400.0,0.5
2025-07-29,Pune,Khadki,Potato,1300,1500,1400.0,0.5
2025-07-30,Pune,Khadki,Potato,1200,1400,1300.0,0.5
2025-07-31,Pune,Khadki,Potato,1200,1500,1400.0,0.5
2025-08-01,Pune,Khadki,Potato,1200,1400,1300.0,0.5
2025-08-02,Pune,Khadki,Potato,1100,1400,1250.0,0.5
2025-08-03,Pune,Khadki,Potato,1200,1400,1300.0,0.7
2025-08-04,Pune,Khadki,Potato,1000,1400,1200.0,0.6
2025-08-05,Pune,Khadki,Potato,1200,1400,1300.0,0.5
2025-08-06,Pune,Khadki,Potato,1200,1400,1300.0,0.6
2025-08-07,Pune,Khadki,Potato,1000,1500,1250.0,0.6
2025-08-10,Pune,Khadki,Potato,1100,1400,1250.0,0.7
2025-08-11,Pune,Khadki,Potato,1200,1400,1300.0,0.5
2025-08-12,Pune,Khadki,Potato,1000,1400,1200.0,0.5
2025-08-13,Pune,Khadki,Potato,1000,1400,1200.0,0.5
2025-08-14,Pune,Khadki,Potato,1000,1400,1200.0,0.6
2025-08-16,Pune,Khadki,Potato,1000,1400,1200.0,0.7
2025-08-17,Pune,Khadki,Potato,1000,1400,1200.0,0.5
2025-08-20,Pune,Khadki,Potato,1000,1300,1150.0,0.5
2025-08-21,Pune,Khadki,Potato,1000,1300,1150.0,0.5
2025-08-22,Pune,Khadki,Potato,1000,1300,1150.0,0.5
2025-08-24,Pune,Khadki,Potato,1000,1300,1150.0,0.5
2025-08-25,Pune,Khadki,Potato,1000,1300,1150.0,0.6
2025-08-26,Pune,Khadki,Potato,800,1200,1000.0,0.5
2025-08-27,Pune,Khadki,Potato,1000,1300,1150.0,0.6
2025-08-28,Pune,Khadki,Potato,800,1300,1050.0,0.5
2025-08-29,Pune,Khadki,Potato,1000,1300,1150.0,0.5
2025-08-31,Pune,Khadki,Potato,1000,1300,1150.0,0.5
2025-09-01,Pune,Khadki,Potato,1000,1300,1150.0,0.5
2025-09-02,Pune,Khadki,Potato,900,1200,1050.0,0.5
2025-09-03,Pune,Khadki,Potato,1000,1300,1150.0,0.5
2025-09-04,Pune,Khadki,Potato,1000,1300,1150.0,0.5
2025-09-05,Pune,Khadki,Potato,1000,1300,1150.0,0.5
2025-09-08,Pune,Khadki,Potato,1000,1200,1100.0,0.4
2025-09-09,Pune,Khadki,Potato,1000,1300,1150.0,0.5
2025-09-10,Pune,Khadki,Potato,1100,1400,1250.0,0.5
2025-09-11,Pune,Khadki,Potato,1000,1400,1200.0,0.5
2025-09-12,Pune,Khadki,Potato,1000,1500,1250.0,0.6
2025-09-13,Pune,Khadki,Potato,1100,1500,1300.0,0.5
2025-09-14,Pune,Khadki,Potato,1100,1500,1300.0,0.7
2025-09-15,Pune,Khadki,Potato,1000,1300,1150.0,0.5
2025-09-16,Pune,Khadki,Potato,1000,1400,1200.0,0.4
2025-09-19,Pune,Khadki,Potato,1100,1500,1300.0,0.5
2025-09-20,Pune,Khadki,Potato,1200,1500,1350.0,0.4
2025-09-21,Pune,Khadki,Potato,1000,1400,1200.0,0.7
2025-09-23,Pune,Khadki,Potato,1000,2500,1250.0,0.5
2025-09-24,Pune,Khadki,Potato,1000,1500,1250.0,0.3
2025-09-25,Pune,Khadki,Potato,1000,1500,1250.0,0.5
2025-09-26,Pune,Khadki,Potato,1000,1400,1200.0,0.5
2025-09-27,Pune,Khadki,Potato,900,1500,1200.0,0.8
2025-09-28,Pune,Khadki,Potato,800,1200,1000.0,0.6
2025-09-30,Pune,Khadki,Potato,1200,1400,1300.0,0.7
2025-10-02,Pune,Khadki,Potato,1000,1300,1150.0,0.6
2025-10-03,Pune,Khadki,Potato,1100,1200,1150.0,0.5
2025-10-04,Pune,Khadki,Potato,1100,1200,1150.0,0.5
2025-10-05,Pune,Khadki,Potato,1200,1200,1200.0,0.2
2025-10-06,Pune,Khadki,Potato,1000,1300,1150.0,0.6
2025-10-07,Pune,Khadki,Potato,800,1300,1050.0,0.7
2025-10-08,Pune,Khadki,Potato,1000,1300,1150.0,0.6
2025-10-09,Pune,Khadki,Potato,1000,1300,1150.0,1.1
2025-10-13,Pune,Khadki,Potato,1000,1200,1100.0,1.6
2025-10-14,Pune,Khadki,Potato,1100,1200,1150.0,0.6
2025-10-15,Pune,Khadki,Potato,1100,1200,1150.0,1.0
2025-10-16,Pune,Khadki,Potato,1200,1300,1250.0,1.0
2025-10-17,Pune,Khadki,Potato,700,1100,900.0,0.7
2025-10-18,Pune,Khadki,Potato,1100,1200,1150.0,0.9
2025-10-19,Pune,Khadki,Potato,800,1200,1000.0,0.5
2025-10-21,Pune,Khadki,Potato,800,1200,1000.0,0.9
2025-10-22,Pune,Khadki,Potato,800,1200,1000.0,0.6
2025-10-24,Pune,Khadki,Potato,1000,1200,1100.0,0.8
2025-10-26,Pune,Khadki,Potato,900,1200,1050.0,0.7
2025-10-27,Pune,Khadki,Potato,1100,1200,1150.0,0.4
2025-10-28,Pune,Khadki,Potato,1000,1200,1100.0,0.8
2025-10-29,Pune,Khadki,Potato,1000,1200,1100.0,0.5
2025-10-30,Pune,Khadki,Potato,900,1200,1050.0,0.8
2024-03-24,Pune,Khed(Chakan),Potato,1400,2000,1700.0,140.0
2024-03-26,Pune,Khed(Chakan),Potato,1400,2000,1700.0,130.0
2024-03-27,Pune,Khed(Chakan),Potato,1700,2000,1800.0,240.0
2024-03-28,Pune,Khed(Chakan),Potato,1000,2000,1500.0,80.0
2024-03-29,Pune,Khed(Chakan),Potato,1800,2200,2000.0,60.0
2024-03-30,Pune,Khed(Chakan),Potato,2000,2300,2200.0,150.0
2024-03-31,Pune,Khed(Chakan),Potato,1800,2400,2000.0,140.0
2024-04-02,Pune,Khed(Chakan),Potato,1800,2400,2100.0,
2024-04-03,Pune,Khed(Chakan),Potato,2000,2500,2250.0,
2024-04-04,Pune,Khed(Chakan),Potato,1800,2400,2100.0,100.0
2024-04-05,Pune,Khed(Chakan),Potato,2000,2500,2250.0,90.0
2024-04-06,Pune,Khed(Chakan),Potato,1800,2500,2000.0,150.0
2024-04-07,Pune,Khed(Chakan),Potato,2000,2500,2200.0,150.0
2024-04-19,Pune,Khed(Chakan),Potato,1900,2500,2200.0,80.0
2024-04-24,Pune,Khed(Chakan),Potato,1900,2500,2100.0,125.0
2024-04-25,Pune,Khed(Chakan),Potato,1900,2500,2100.0,100.0
2024-04-26,Pune,Khed(Chakan),Potato,1900,2500,2100.0,75.0
2024-04-27,Pune,Khed(Chakan),Potato,1900,2500,2200.0,135.0
2024-04-28,Pune,Khed(Chakan),Potato,1900,2500,2200.0,140.0
2024-04-30,Pune,Khed(Chakan),Potato,1900,2500,2200.0,130.0
2024-05-02,Pune,Khed(Chakan),Potato,1900,2500,2200.0,130.0
2024-05-03,Pune,Khed(Chakan),Potato,1900,2500,2100.0,90.0
2024-05-04,Pune,Khed(Chakan),Potato,1800,2500,2200.0,130.0
2024-05-05,Pune,Khed(Chakan),Potato,1900,2500,2300.0,140.0
2024-05-07,Pune,Khed(Chakan),Potato,1900,2500,2200.0,125.0
2024-05-08,Pune,Khed(Chakan),Potato,1900,2500,2200.0,125.0
2024-05-09,Pune,Khed(Chakan),Potato,1900,2500,2200.0,100.0
2024-05-10,Pune,Khed(Chakan),Potato,1900,2500,2200.0,90.0
2024-05-14,Pune,Khed(Chakan),Potato,1900,2500,2200.0,130.0
2024-05-15,Pune,Khed(Chakan),Potato,1900,2500,2200.0,135.0
2024-05-16,Pune,Khed(Chakan),Potato,1900,2500,2200.0,89.0
2024-05-18,Pune,Khed(Chakan),Potato,1900,2600,2400.0,130.0
2024-05-19,Pune,Khed(Chakan),Potato,1900,2600,2200.0,150.0
2024-05-21,Pune,Khed(Chakan),Potato,1900,2600,2200.0,120.0
2024-05-22,Pune,Khed(Chakan),Potato,1900,2600,2300.0,125.0
2024-05-23,Pune,Khed(Chakan),Potato,1900,2600,2300.0,125.0
2024-05-24,Pune,Khed(Chakan),Potato,1900,2600,2200.0,110.0
2024-05-25,Pune,Khed(Chakan),Potato,1900,2600,2400.0,150.0
2024-05-26,Pune,Khed(Chakan),Potato,1900,2600,2300.0,140.0
2024-05-28,Pune,Khed(Chakan),Potato,2000,2600,2300.0,140.0
2024-05-29,Pune,Khed(Chakan),Potato,1900,2600,2300.0,150.0
2024-05-31,Pune,Khed(Chakan),Potato,1900,2600,2200.0,100.0
2024-06-01,Pune,Khed(Chakan),Potato,1800,2700,2200.0,
2024-06-04,Pune,Khed(Chakan),Potato,1900,2600,2400.0,
2024-06-05,Pune,Khed(Chakan),Potato,1900,2700,2400.0,
2024-06-06,Pune,Khed(Chakan),Potato,2000,2600,2300.0,
2024-06-07,Pune,Khed(Chakan),Potato,1900,2600,2300.0,
2024-06-08,Pune,Khed(Chakan),Potato,2000,2700,2500.0,
2024-06-09,Pune,Khed(Chakan),Potato,1900,2700,2400.0,
2024-06-10,Pune,Khed(Chakan),Potato,1900,2700,2400.0,
2024-06-11,Pune,Khed(Chakan),Potato,2000,2600,2400.0,
2024-06-13,Pune,Khed(Chakan),Potato,2000,2700,2300.0,
2024-06-15,Pune,Khed(Chakan),Potato,2000,2700,2500.0,
2024-06-16,Pune,Khed(Chakan),Potato,2000,2700,2500.0,
2024-06-18,Pune,Khed(Chakan),Potato,2200,2800,2500.0,
2024-06-19,Pune,Khed(Chakan),Potato,2300,2800,2500.0,
2024-06-20,Pune,Khed(Chakan),Potato,2200,2800,2400.0,
2024-06-21,Pune,Khed(Chakan),Potato,2200,2800,2500.0,
2024-06-25,Pune,Khed(Chakan),Potato,2400,2900,2700.0,
2024-06-26,Pune,Khed(Chakan),Potato,2400,3000,2800.0,
2024-06-27,Pune,Khed(Chakan),Potato,2400,3000,2600.0,
2024-06-28,Pune,Khed(Chakan),Potato,2500,3000,2500.0,
2024-06-29,Pune,Khed(Chakan),Potato,2400,3000,2600.0,
2024-06-30,Pune,Khed(Chakan),Potato,2500,3000,2700.0,
2024-07-02,Pune,Khed(Chakan),Potato,2500,3000,2800.0,
2024-07-03,Pune,Khed(Chakan),Potato,2500,3000,2700.0,
2024-07-04,Pune,Khed(Chakan),Potato,2500,3000,2700.0,
2024-07-05,Pune,Khed(Chakan),Potato,2500,3000,2700.0,
2024-07-06,Pune,Khed(Chakan),Potato,2500,3000,2750.0,
2024-07-09,Pune,Khed(Chakan),Potato,2500,3000,2750.0,
2024-07-10,Pune,Khed(Chakan),Potato,2500,3000,2700.0,
2024-07-11,Pune,Khed(Chakan),Potato,2500,3000,2700.0,
2024-07-16,Pune,Khed(Chakan),Potato,2400,3000,2600.0,
2024-07-17,Pune,Khed(Chakan),Potato,2500,3000,2750.0,
2024-07-18,Pune,Khed(Chakan),Potato,2500,3000,2750.0,
2024-07-19,Pune,Khed(Chakan),Potato,2400,3000,2800.0,
2024-07-23,Pune,Khed(Chakan),Potato,2500,3000,2700.0,
2024-07-24,Pune,Khed(Chakan),Potato,2500,3000,2750.0,
2024-07-25,Pune,Khed(Chakan),Potato,2500,3000,2750.0,
2024-07-26,Pune,Khed(Chakan),Potato,2000,3000,2500.0,
2024-07-30,Pune,Khed(Chakan),Potato,2500,3000,2700.0,
2024-07-31,Pune,Khed(Chakan),Potato,2500,3000,2700.0,
2024-08-04,Pune,Khed(Chakan),Potato,2500,3000,2700.0,
2024-08-06,Pune,Khed(Chakan),Potato,2400,3000,2600.0,210.0
2024-08-07,Pune,Khed(Chakan),Potato,2400,3000,2700.0,200.0
2024-08-08,Pune,Khed(Chakan),Potato,2400,3000,2700.0,190.0
2024-08-10,Pune,Khed(Chakan),Potato,2400,3000,2700.0,180.0
2024-08-11,Pune,Khed(Chakan),Potato,2400,3000,2700.0,225.0
2024-08-14,Pune,Khed(Chakan),Potato,2200,3000,2600.0,250.0
2024-08-16,Pune,Khed(Chakan),Potato,2000,3000,2600.0,200.0
2024-08-20,Pune,Khed(Chakan),Potato,2400,3000,2800.0,120.0
2024-08-21,Pune,Khed(Chakan),Potato,2400,3000,2800.0,200.0
2024-08-22,Pune,Khed(Chakan),Potato,2200,3000,2600.0,200.0
2024-08-23,Pune,Khed(Chakan),Potato,2300,3000,2700.0,100.0
2024-08-24,Pune,Khed(Chakan),Potato,2300,3000,2700.0,175.0
2024-08-25,Pune,Khed(Chakan),Potato,2300,3000,2700.0,160.0
2024-08-27,Pune,Khed(Chakan),Potato,2300,3000,2700.0,100.0
2024-08-28,Pune,Khed(Chakan),Potato,2300,3000,2700.0,175.0
2024-08-29,Pune,Khed(Chakan),Potato,2300,3000,2700.0,200.0
2024-08-30,Pune,Khed(Chakan),Potato,2300,3000,2600.0,150.0
2024-08-31,Pune,Khed(Chakan),Potato,2200,3000,2600.0,200.0
2024-09-01,Pune,Khed(Chakan),Potato,2200,3000,2600.0,200.0
2024-09-03,Pune,Khed(Chakan),Potato,2200,3000,2600.0,200.0
2024-09-04,Pune,Khed(Chakan),Potato,2200,2800,2500.0,200.0
2024-09-05,Pune,Khed(Chakan),Potato,2200,3000,2700.0,150.0
2024-09-06,Pune,Khed(Chakan),Potato,2200,2800,2500.0,175.0
2024-09-07,Pune,Khed(Chakan),Potato,2200,3000,2700.0,200.0
2024-09-08,Pune,Khed(Chakan),Potato,2200,2800,2600.0,175.0
2024-09-10,Pune,Khed(Chakan),Potato,2000,2800,2500.0,200.0
2024-09-11,Pune,Khed(Chakan),Potato,2000,2800,2500.0,200.0
2024-09-12,Pune,Khed(Chakan),Potato,2000,2800,2500.0,175.0
2024-09-13,Pune,Khed(Chakan),Potato,2000,2800,2400.0,150.0
2024-09-14,Pune,Khed(Chakan),Potato,2000,2800,2300.0,250.0
2024-09-15,Pune,Khed(Chakan),Potato,2000,2800,2400.0,200.0
2024-09-17,Pune,Khed(Chakan),Potato,2000,2800,2500.0,125.0
2024-09-18,Pune,Khed(Chakan),Potato,2000,2800,2500.0,150.0
2024-09-19,Pune,Khed(Chakan),Potato,2000,3000,2500.0,125.0
2024-09-20,Pune,Khed(Chakan),Potato,2000,2800,2500.0,200.0
2024-09-21,Pune,Khed(Chakan),Potato,2000,3000,2500.0,175.0
2024-09-22,Pune,Khed(Chakan),Potato,2000,2800,2500.0,250.0
2024-09-24,Pune,Khed(Chakan),Potato,2000,3000,2500.0,225.0
2024-09-25,Pune,Khed(Chakan),Potato,2000,3200,2500.0,250.0
2024-09-26,Pune,Khed(Chakan),Potato,2000,3000,2500.0,150.0
2024-09-27,Pune,Khed(Chakan),Potato,2000,3100,2500.0,125.0
2024-10-01,Pune,Khed(Chakan),Potato,2200,3200,2600.0,200.0
2024-10-02,Pune,Khed(Chakan),Potato,2000,3200,2500.0,250.0
2024-10-03,Pune,Khed(Chakan),Potato,2500,3300,2800.0,100.0
2024-10-04,Pune,Khed(Chakan),Potato,2500,3300,2800.0,150.0
2024-10-05,Pune,Khed(Chakan),Potato,2500,3500,3000.0,250.0
2024-10-06,Pune,Khed(Chakan),Potato,2500,3300,2800.0,225.0
2024-10-09,Pune,Khed(Chakan),Potato,2400,3300,2850.0,250.0
2024-10-10,Pune,Khed(Chakan),Potato,2400,3300,2800.0,200.0
2024-10-11,Pune,Khed(Chakan),Potato,2400,3300,2850.0,175.0
2024-10-12,Pune,Khed(Chakan),Potato,2000,3300,2650.0,200.0
2024-10-13,Pune,Khed(Chakan),Potato,2000,3400,2800.0,250.0
2024-10-15,Pune,Khed(Chakan),Potato,2000,3400,2700.0,200.0
2024-10-16,Pune,Khed(Chakan),Potato,2000,3400,2600.0,250.0
2024-10-17,Pune,Khed(Chakan),Potato,2000,3300,2650.0,200.0
2024-10-18,Pune,Khed(Chakan),Potato,2000,3300,2700.0,150.0
2024-10-19,Pune,Khed(Chakan),Potato,2000,3300,2700.0,225.0
2024-10-20,Pune,Khed(Chakan),Potato,2500,3300,2800.0,150.0
2024-10-22,Pune,Khed(Chakan),Potato,2000,3300,2700.0,100.0
2024-10-23,Pune,Khed(Chakan),Potato,2000,3300,2500.0,150.0
2024-10-24,Pune,Khed(Chakan),Potato,2200,3500,2800.0,175.0
2024-10-25,Pune,Khed(Chakan),Potato,2200,3500,2800.0,150.0
2024-10-26,Pune,Khed(Chakan),Potato,2200,3500,2850.0,200.0
2024-10-27,Pune,Khed(Chakan),Potato,2200,3500,2800.0,200.0
2024-10-29,Pune,Khed(Chakan),Potato,2200,3500,2800.0,250.0
2024-10-30,Pune,Khed(Chakan),Potato,2200,3500,2850.0,150.0
2025-04-12,Pune,Khed(Chakan),Potato,1200,2000,1500.0,
2025-04-13,Pune,Khed(Chakan),Potato,1300,2000,1500.0,
2025-04-15,Pune,Khed(Chakan),Potato,1300,2000,1500.0,100.0
2025-04-16,Pune,Khed(Chakan),Potato,1200,2000,1700.0,110.0
2025-04-17,Pune,Khed(Chakan),Potato,1200,2000,1500.0,60.0
2025-04-18,Pune,Khed(Chakan),Potato,1200,2000,1800.0,70.0
2025-04-19,Pune,Khed(Chakan),Potato,1300,2000,1600.0,150.0
2025-04-20,Pune,Khed(Chakan),Potato,1200,2000,1600.0,75.0
2025-04-22,Pune,Khed(Chakan),Potato,1500,2000,1750.0,120.0
2025-04-23,Pune,Khed(Chakan),Potato,1200,1800,1500.0,150.0
2025-04-24,Pune,Khed(Chakan),Potato,1300,2000,1500.0,100.0
2025-04-25,Pune,Khed(Chakan),Potato,1300,2000,1600.0,80.0
2025-04-27,Pune,Khed(Chakan),Potato,1400,2000,1500.0,200.0
2025-04-29,Pune,Khed(Chakan),Potato,1400,2000,1500.0,125.0
2025-04-30,Pune,Khed(Chakan),Potato,1100,2000,1500.0,140.0
2025-05-02,Pune,Khed(Chakan),Potato,1400,2000,1700.0,100.0
2025-05-06,Pune,Khed(Chakan),Potato,1300,1800,1500.0,60.0
2025-05-07,Pune,Khed(Chakan),Potato,1200,2000,1600.0,120.0
2025-05-08,Pune,Khed(Chakan),Potato,1300,2000,1500.0,75.0
2025-05-09,Pune,Khed(Chakan),Potato,1400,2000,1600.0,100.0
2025-05-10,Pune,Khed(Chakan),Potato,1300,2000,1500.0,150.0
2025-05-11,Pune,Khed(Chakan),Potato,1400,2000,1600.0,140.0
2025-05-13,Pune,Khed(Chakan),Potato,1400,2000,1600.0,125.0
2025-05-15,Pune,Khed(Chakan),Potato,1200,2200,1800.0,90.0
2025-05-17,Pune,Khed(Chakan),Potato,1400,2200,1800.0,150.0
2025-05-18,Pune,Khed(Chakan),Potato,1300,2000,1600.0,150.0
2025-05-20,Pune,Khed(Chakan),Potato,1300,2000,1600.0,100.0
2025-05-21,Pune,Khed(Chakan),Potato,1200,2100,1600.0,120.0
2025-05-22,Pune,Khed(Chakan),Potato,1200,2000,1500.0,75.0
2025-05-23,Pune,Khed(Chakan),Potato,1200,2000,1500.0,80.0
2025-05-24,Pune,Khed(Chakan),Potato,1300,2000,1500.0,130.0
2025-05-29,Pune,Khed(Chakan),Potato,1400,2000,1500.0,100.0
2025-05-30,Pune,Khed(Chakan),Potato,1400,2000,1500.0,90.0
2025-05-31,Pune,Khed(Chakan),Potato,1200,2100,1700.0,125.0
2025-06-03,Pune,Khed(Chakan),Potato,1400,2000,1600.0,100.0
2025-06-04,Pune,Khed(Chakan),Potato,1300,2000,1700.0,110.0
2025-06-05,Pune,Khed(Chakan),Potato,1300,2000,1600.0,100.0
2025-06-06,Pune,Khed(Chakan),Potato,1200,2000,1600.0,90.0
2025-06-07,Pune,Khed(Chakan),Potato,1300,2000,1600.0,140.0
2025-06-08,Pune,Khed(Chakan),Potato,1300,2000,1600.0,125.0
2025-06-10,Pune,Khed(Chakan),Potato,1300,2000,1600.0,100.0
2025-06-11,Pune,Khed(Chakan),Potato,1500,2200,1800.0,110.0
2025-06-12,Pune,Khed(Chakan),Potato,1200,2000,1600.0,110.0
2025-06-13,Pune,Khed(Chakan),Potato,1300,2000,1600.0,80.0
2025-06-14,Pune,Khed(Chakan),Potato,1200,2200,1800.0,350.0
2025-06-15,Pune,Khed(Chakan),Potato,1200,2200,1600.0,220.0
2025-06-17,Pune,Khed(Chakan),Potato,1200,2000,1600.0,125.0
2025-06-18,Pune,Khed(Chakan),Potato,1200,2000,1500.0,150.0
2025-06-19,Pune,Khed(Chakan),Potato,1200,2000,1600.0,90.0
2025-06-20,Pune,Khed(Chakan),Potato,1500,2100,1750.0,50.0
2025-06-21,Pune,Khed(Chakan),Potato,1300,2100,1600.0,175.0
2025-06-22,Pune,Khed(Chakan),Potato,1200,2200,1600.0,110.0
2025-06-24,Pune,Khed(Chakan),Potato,1500,2100,1600.0,110.0
2025-06-25,Pune,Khed(Chakan),Potato,1200,2100,1600.0,125.0
2025-06-26,Pune,Khed(Chakan),Potato,1500,2100,1800.0,50.0
2025-06-27,Pune,Khed(Chakan),Potato,1300,2000,1600.0,75.0
2025-06-28,Pune,Khed(Chakan),Potato,1500,2200,1800.0,175.0
2025-06-29,Pune,Khed(Chakan),Potato,1300,2100,1500.0,150.0
2025-07-01,Pune,Khed(Chakan),Potato,1300,2100,1500.0,100.0
2025-07-03,Pune,Khed(Chakan),Potato,1300,2100,1600.0,120.0
2025-07-04,Pune,Khed(Chakan),Potato,1300,2100,1600.0,100.0
2025-07-05,Pune,Khed(Chakan),Potato,1500,2200,1700.0,125.0
2025-07-06,Pune,Khed(Chakan),Potato,1200,2100,1800.0,120.0
2025-07-08,Pune,Khed(Chakan),Potato,1400,2100,1600.0,125.0
2025-07-09,Pune,Khed(Chakan),Potato,1300,2100,1600.0,120.0
2025-07-10,Pune,Khed(Chakan),Potato,1200,2100,1500.0,120.0
2025-07-11,Pune,Khed(Chakan),Potato,1200,2100,1500.0,120.0
2025-07-12,Pune,Khed(Chakan),Potato,1200,2100,1500.0,150.0
2025-07-13,Pune,Khed(Chakan),Potato,1200,2100,1400.0,140.0
2025-07-15,Pune,Khed(Chakan),Potato,1200,2100,1500.0,140.0
2025-07-16,Pune,Khed(Chakan),Potato,1200,2100,1500.0,150.0
2025-07-23,Pune,Khed(Chakan),Potato,1200,1900,1500.0,140.0
2025-07-24,Pune,Khed(Chakan),Potato,1200,1900,1500.0,80.0
2025-07-25,Pune,Khed(Chakan),Potato,1200,2000,1500.0,170.0
2025-07-26,Pune,Khed(Chakan),Potato,1200,1900,1500.0,110.0
2025-07-27,Pune,Khed(Chakan),Potato,1200,2000,1500.0,140.0
2025-07-29,Pune,Khed(Chakan),Potato,1000,1800,1400.0,100.0
2025-07-30,Pune,Khed(Chakan),Potato,1000,1800,1300.0,125.0
2025-07-31,Pune,Khed(Chakan),Potato,1200,2000,1500.0,130.0
2025-08-01,Pune,Khed(Chakan),Potato,1200,1800,1500.0,80.0
2025-08-02,Pune,Khed(Chakan),Potato,1200,1800,1500.0,140.0
2025-08-03,Pune,Khed(Chakan),Potato,1200,1800,1500.0,130.0
2025-08-05,Pune,Khed(Chakan),Potato,1200,1800,1500.0,130.0
2025-08-06,Pune,Khed(Chakan),Potato,1200,1800,1500.0,120.0
2025-08-07,Pune,Khed(Chakan),Potato,1200,1800,1500.0,130.0
2025-08-08,Pune,Khed(Chakan),Potato,1200,1800,1500.0,125.0
2025-08-09,Pune,Khed(Chakan),Potato,1000,1800,1500.0,100.0
2025-08-10,Pune,Khed(Chakan),Potato,1200,1800,1400.0,140.0
2025-08-12,Pune,Khed(Chakan),Potato,1300,1800,1500.0,140.0
2025-08-13,Pune,Khed(Chakan),Potato,1100,1800,1500.0,130.0
2025-08-14,Pune,Khed(Chakan),Potato,1200,2000,1500.0,140.0
2025-08-16,Pune,Khed(Chakan),Potato,1200,2000,1600.0,125.0
2025-08-17,Pune,Khed(Chakan),Potato,1200,1800,1500.0,140.0
2025-08-20,Pune,Khed(Chakan),Potato,1200,1700,1500.0,120.0
2025-08-22,Pune,Khed(Chakan),Potato,1200,1700,1500.0,110.0
2025-08-24,Pune,Khed(Chakan),Potato,1200,1800,1500.0,110.0
2025-08-26,Pune,Khed(Chakan),Potato,1200,1800,1500.0,100.0
2025-08-27,Pune,Khed(Chakan),Potato,1200,1800,1500.0,100.0
2025-08-28,Pune,Khed(Chakan),Potato,1200,1800,1500.0,125.0
2025-08-29,Pune,Khed(Chakan),Potato,1200,1800,1500.0,110.0
2025-08-31,Pune,Khed(Chakan),Potato,1200,1800,1500.0,110.0
2025-09-02,Pune,Khed(Chakan),Potato,1000,1800,1500.0,90.0
2025-09-03,Pune,Khed(Chakan),Potato,1200,1800,1500.0,125.0
2025-09-04,Pune,Khed(Chakan),Potato,1100,1800,1500.0,110.0
2025-09-05,Pune,Khed(Chakan),Potato,1000,1800,1400.0,140.0
2025-09-09,Pune,Khed(Chakan),Potato,1200,1800,1400.0,150.0
2025-09-10,Pune,Khed(Chakan),Potato,1200,1800,1500.0,150.0
2025-09-11,Pune,Khed(Chakan),Potato,1200,1800,1500.0,90.0
2025-09-12,Pune,Khed(Chakan),Potato,700,1400,1200.0,20.0
2025-09-13,Pune,Khed(Chakan),Potato,1100,2000,1500.0,200.0
2025-09-16,Pune,Khed(Chakan),Potato,1100,1800,1500.0,140.0
2025-09-17,Pune,Khed(Chakan),Potato,1200,1800,1400.0,150.0
2025-09-18,Pune,Khed(Chakan),Potato,1000,1700,1500.0,160.0
2025-09-19,Pune,Khed(Chakan),Potato,1000,1700,1400.0,125.0
2025-09-21,Pune,Khed(Chakan),Potato,1000,1800,1400.0,130.0
2025-09-23,Pune,Khed(Chakan),Potato,1000,1800,1400.0,120.0
2025-09-24,Pune,Khed(Chakan),Potato,1200,1800,1500.0,140.0
2025-09-25,Pune,Khed(Chakan),Potato,1200,1800,1500.0,125.0
2025-09-26,Pune,Khed(Chakan),Potato,1200,1800,1500.0,160.0
2025-09-27,Pune,Khed(Chakan),Potato,1200,2000,1600.0,200.0
2025-10-01,Pune,Khed(Chakan),Potato,1200,1800,1500.0,175.0
2025-10-02,Pune,Khed(Chakan),Potato,1200,1800,1500.0,80.0
2025-10-03,Pune,Khed(Chakan),Potato,1200,1800,1500.0,80.0
2025-10-07,Pune,Khed(Chakan),Potato,1000,1800,1500.0,150.0
2025-10-08,Pune,Khed(Chakan),Potato,1000,1800,1500.0,200.0
2025-10-09,Pune,Khed(Chakan),Potato,1200,1900,1400.0,90.0
2025-10-10,Pune,Khed(Chakan),Potato,1200,1800,1500.0,150.0
2025-10-11,Pune,Khed(Chakan),Potato,1000,2000,1500.0,225.0
2025-10-12,Pune,Khed(Chakan),Potato,1000,1800,1400.0,180.0
2025-10-14,Pune,Khed(Chakan),Potato,1000,1800,1500.0,175.0
2025-10-15,Pune,Khed(Chakan),Potato,1000,1800,1400.0,180.0
2025-10-16,Pune,Khed(Chakan),Potato,1200,1800,1500.0,120.0
2025-10-17,Pune,Khed(Chakan),Potato,1200,1800,1500.0,100.0
2025-10-18,Pune,Khed(Chakan),Potato,1000,2000,1500.0,225.0
2025-10-19,Pune,Khed(Chakan),Potato,1200,1800,1500.0,140.0
2025-10-25,Pune,Khed(Chakan),Potato,1200,2200,1800.0,150.0
2025-10-28,Pune,Khed(Chakan),Potato,1700,2300,2000.0,150.0
2025-10-29,Pune,Khed(Chakan),Potato,1200,2500,1800.0,150.0
2025-10-30,Pune,Khed(Chakan),Potato,1200,2500,1500.0,140.0
2024-03-25,Pune,Manchar,Potato,1000,2000,1425.0,2.0
2024-03-26,Pune,Manchar,Potato,1000,2000,1500.0,7.0
2024-03-27,Pune,Manchar,Potato,1000,1700,1350.0,1.6
2024-03-29,Pune,Manchar,Potato,400,1100,750.0,1.6
2024-04-02,Pune,Manchar,Potato,1200,1700,1450.0,
2024-04-05,Pune,Manchar,Potato,1000,2500,1750.0,1.1
2024-04-07,Pune,Manchar,Potato,1000,2200,1600.0,3.6
2024-04-08,Pune,Manchar,Potato,1000,2100,1550.0,7.7
2024-04-23,Pune,Manchar,Potato,1000,2700,1850.0,2.3
2024-05-01,Pune,Manchar,Potato,1800,1800,1800.0,0.3
2024-05-03,Pune,Manchar,Potato,1800,1800,1800.0,0.1
2024-05-05,Pune,Manchar,Potato,2000,2000,2000.0,0.5
2024-05-06,Pune,Manchar,Potato,2000,2000,2000.0,0.3
2024-05-08,Pune,Manchar,Potato,1800,2000,1900.0,0.3
2024-05-21,Pune,Manchar,Potato,1500,2300,1950.0,0.5
2024-06-11,Pune,Manchar,Potato,1000,1800,1450.0,
2024-06-30,Pune,Manchar,Potato,1800,2000,1900.0,
2024-07-02,Pune,Manchar,Potato,1000,2000,1550.0,
2024-07-03,Pune,Manchar,Potato,1100,2000,1550.0,
2024-07-04,Pune,Manchar,Potato,1300,2200,1800.0,
2024-07-05,Pune,Manchar,Potato,1000,2500,1800.0,
2024-07-07,Pune,Manchar,Potato,1000,2500,1800.0,
2024-07-10,Pune,Manchar,Potato,1800,1800,1800.0,
2024-07-11,Pune,Manchar,Potato,1800,1800,1800.0,
2024-08-04,Pune,Manchar,Potato,2000,2500,2225.0,
2024-08-11,Pune,Manchar,Potato,2200,2200,2200.0,0.2
2024-08-25,Pune,Manchar,Potato,1000,2500,1800.0,0.5
2024-09-01,Pune,Manchar,Potato,2250,2250,2250.0,0.2
2024-09-02,Pune,Manchar,Potato,1500,2500,2150.0,1.5
2024-09-09,Pune,Manchar,Potato,1500,2700,2125.0,2.9
2024-09-24,Pune,Manchar,Potato,1500,3000,2255.0,4.2
2024-10-06,Pune,Manchar,Potato,1000,2510,1755.0,3.1
2024-10-13,Pune,Manchar,Potato,1000,2500,1780.0,1.1
2024-10-20,Pune,Manchar,Potato,1500,2500,2100.0,0.1
2024-10-30,Pune,Manchar,Potato,1500,3000,2275.0,5.2
2025-04-14,Pune,Manchar,Potato,600,1600,1100.0,5.5
2025-04-15,Pune,Manchar,Potato,1000,1600,1350.0,3.0
2025-04-17,Pune,Manchar,Potato,1000,1500,1250.0,2.2
2025-04-18,Pune,Manchar,Potato,1000,1500,1255.0,1.4
2025-04-21,Pune,Manchar,Potato,1000,1300,1150.0,0.5
2025-04-22,Pune,Manchar,Potato,1500,2000,1800.0,18.9
2025-04-23,Pune,Manchar,Potato,1000,1500,1250.0,15.8
2025-04-24,Pune,Manchar,Potato,1000,1600,1300.0,3.9
2025-04-28,Pune,Manchar,Potato,1000,1700,1420.0,3.3
2025-04-29,Pune,Manchar,Potato,1400,1600,1500.0,1.2
2025-04-30,Pune,Manchar,Potato,1000,1600,1300.0,1.0
2025-05-01,Pune,Manchar,Potato,1000,1600,1300.0,0.3
2025-05-06,Pune,Manchar,Potato,1200,1400,1350.0,0.5
2025-05-08,Pune,Manchar,Potato,1200,1500,1400.0,1.7
2025-05-09,Pune,Manchar,Potato,700,1600,1150.0,0.6
2025-05-20,Pune,Manchar,Potato,600,1200,900.0,0.8
2025-05-22,Pune,Manchar,Potato,1500,1500,1500.0,0.3
2025-05-23,Pune,Manchar,Potato,1500,1500,1500.0,0.2
2025-05-27,Pune,Manchar,Potato,1200,1200,1200.0,0.1
2025-05-29,Pune,Manchar,Potato,300,1200,750.0,0.2
2025-05-30,Pune,Manchar,Potato,1000,1500,1300.0,1.2
2025-06-03,Pune,Manchar,Potato,1000,1500,1250.0,0.6
2025-06-05,Pune,Manchar,Potato,1500,1500,1500.0,0.3
2025-06-07,Pune,Manchar,Potato,1500,1500,1500.0,0.2
2025-06-11,Pune,Manchar,Potato,1300,1500,1400.0,0.5
2025-06-12,Pune,Manchar,Potato,1250,1600,1425.0,0.6
2025-06-13,Pune,Manchar,Potato,1300,1500,1400.0,0.6
2025-06-16,Pune,Manchar,Potato,1300,1500,1350.0,0.1
2025-06-17,Pune,Manchar,Potato,1300,1500,1450.0,1.8
2025-06-18,Pune,Manchar,Potato,1300,1500,1400.0,0.3
2025-06-19,Pune,Manchar,Potato,1000,1500,1250.0,0.5
2025-06-20,Pune,Manchar,Potato,1500,1500,1500.0,0.2
2025-06-22,Pune,Manchar,Potato,1400,1500,1450.0,0.2
2025-06-25,Pune,Manchar,Potato,1000,1500,1300.0,0.4
2025-06-29,Pune,Manchar,Potato,1200,1500,1350.0,0.5
2025-07-02,Pune,Manchar,Potato,1200,1700,1450.0,0.3
2025-07-03,Pune,Manchar,Potato,800,1000,950.0,0.1
2025-07-04,Pune,Manchar,Potato,1000,1500,1300.0,0.1
2025-07-06,Pune,Manchar,Potato,1200,1500,1400.0,0.1
2025-07-11,Pune,Manchar,Potato,1500,1500,1500.0,0.3
2025-07-13,Pune,Manchar,Potato,1500,1500,1500.0,0.3
2025-07-14,Pune,Manchar,Potato,1000,1500,1250.0,0.2
2025-07-15,Pune,Manchar,Potato,1500,1500,1500.0,0.2
2025-07-21,Pune,Manchar,Potato,500,1500,1100.0,0.4
2025-07-27,Pune,Manchar,Potato,1000,1000,1000.0,0.1
2025-07-29,Pune,Manchar,Potato,1000,1500,1250.0,0.2
2025-07-30,Pune,Manchar,Potato,700,1500,1120.0,0.4
2025-08-03,Pune,Manchar,Potato,1200,1200,1200.0,0.2
2025-08-04,Pune,Manchar,Potato,750,1200,975.0,0.7
2025-08-13,Pune,Manchar,Potato,1200,1200,1200.0,0.2
2025-09-03,Pune,Manchar,Potato,1000,1000,1000.0,0.3
2025-09-11,Pune,Manchar,Potato,1000,1000,1000.0,0.4
2025-09-15,Pune,Manchar,Potato,850,1500,1200.0,2.3
2025-09-16,Pune,Manchar,Potato,1000,1300,1200.0,0.7
2025-09-24,Pune,Manchar,Potato,1000,1800,1400.0,2.0
2025-10-03,Pune,Manchar,Potato,1200,2100,1700.0,2.8
2025-10-06,Pune,Manchar,Potato,1000,1500,1300.0,2.1
2025-10-07,Pune,Manchar,Potato,850,1500,1180.0,2.4
2025-10-08,Pune,Manchar,Potato,300,1500,900.0,2.5
2025-10-14,Pune,Manchar,Potato,400,1500,950.0,6.9
2025-10-15,Pune,Manchar,Potato,1000,1600,1300.0,0.8
2025-10-17,Pune,Manchar,Potato,800,1500,1200.0,5.9
2024-03-24,Pune,Manjri,Potato,1400,2000,1600.0,1.4
2024-03-25,Pune,Manjri,Potato,1200,1800,1400.0,1.4
2024-03-26,Pune,Manjri,Potato,1500,2000,1800.0,1.2
2024-03-27,Pune,Manjri,Potato,1600,2000,1800.0,1.6
2024-03-28,Pune,Manjri,Potato,1500,2000,1700.0,1.1
2024-03-29,Pune,Manjri,Potato,1500,2000,1700.0,1.1
2024-03-31,Pune,Manjri,Potato,1600,2000,1800.0,2.1
2024-04-01,Pune,Manjri,Potato,1500,2100,1700.0,
2024-04-02,Pune,Manjri,Potato,1600,2000,1800.0,
2024-04-03,Pune,Manjri,Potato,1800,2000,1900.0,
2024-04-04,Pune,Manjri,Potato,1500,2000,1800.0,1.8
2024-04-05,Pune,Manjri,Potato,1400,2000,1800.0,1.7
2024-04-06,Pune,Manjri,Potato,1500,2000,1700.0,2.0
2024-04-07,Pune,Manjri,Potato,1500,2000,1800.0,2.8
2024-04-08,Pune,Manjri,Potato,1600,2000,1800.0,1.7
2024-04-13,Pune,Manjri,Potato,2000,2500,2250.0,2.9
2024-04-15,Pune,Manjri,Potato,1800,2400,2100.0,0.3
2024-04-19,Pune,Manjri,Potato,2000,2400,2200.0,1.5
2024-04-21,Pune,Manjri,Potato,2000,2500,2200.0,1.6
2024-04-22,Pune,Manjri,Potato,2000,2400,2200.0,1.5
2024-04-24,Pune,Manjri,Potato,2000,2400,2200.0,0.9
2024-04-25,Pune,Manjri,Potato,1800,2400,2000.0,1.8
2024-04-26,Pune,Manjri,Potato,1800,2400,2100.0,1.8
2024-04-27,Pune,Manjri,Potato,2000,2500,2200.0,3.0
2024-04-28,Pune,Manjri,Potato,2000,2500,2200.0,1.8
2024-04-29,Pune,Manjri,Potato,2000,2400,2200.0,2.4
2024-04-30,Pune,Manjri,Potato,2200,2400,2300.0,2.0
2024-05-02,Pune,Manjri,Potato,2000,2500,2200.0,1.6
2024-05-03,Pune,Manjri,Potato,2000,2400,2200.0,1.1
2024-05-04,Pune,Manjri,Potato,2000,2500,2300.0,2.7
2024-05-06,Pune,Manjri,Potato,2200,2600,2400.0,3.1
2024-05-07,Pune,Manjri,Potato,2200,2600,2400.0,2.8
2024-05-08,Pune,Manjri,Potato,2200,2700,2500.0,2.3
2024-05-09,Pune,Manjri,Potato,2200,2600,2400.0,2.6
2024-05-10,Pune,Manjri,Potato,2000,2600,2400.0,3.3
2024-05-11,Pune,Manjri,Potato,2000,2500,2300.0,2.7
2024-05-14,Pune,Manjri,Potato,2000,2600,2400.0,3.2
2024-05-16,Pune,Manjri,Potato,2200,2600,2400.0,2.9
2024-05-17,Pune,Manjri,Potato,2000,2500,2300.0,1.6
2024-05-18,Pune,Manjri,Potato,2200,2600,2400.0,1.1
2024-05-19,Pune,Manjri,Potato,2000,2600,2200.0,2.4
2024-05-20,Pune,Manjri,Potato,2200,2600,2400.0,2.6
2024-05-21,Pune,Manjri,Potato,1800,2400,2200.0,2.6
2024-05-22,Pune,Manjri,Potato,1800,2400,2200.0,2.0
2024-05-23,Pune,Manjri,Potato,1800,2200,2000.0,2.3
2024-05-24,Pune,Manjri,Potato,1500,3000,2500.0,2.0
2024-05-25,Pune,Manjri,Potato,1500,3000,2500.0,2.4
2024-05-27,Pune,Manjri,Potato,1800,2200,2000.0,1.5
2024-05-28,Pune,Manjri,Potato,2000,2200,2100.0,2.3
2024-05-29,Pune,Manjri,Potato,2000,2200,2100.0,1.6
2024-05-31,Pune,Manjri,Potato,1800,2600,2200.0,2.0
2024-06-01,Pune,Manjri,Potato,1800,2500,2200.0,
2024-06-02,Pune,Manjri,Potato,1800,2500,2200.0,
2024-06-03,Pune,Manjri,Potato,2200,2600,2400.0,
2024-06-04,Pune,Manjri,Potato,2000,2400,2200.0,
2024-06-05,Pune,Manjri,Potato,2000,2400,2200.0,
2024-06-06,Pune,Manjri,Potato,2200,2600,2400.0,
2024-06-07,Pune,Manjri,Potato,2000,2700,2300.0,
2024-06-08,Pune,Manjri,Potato,2000,2600,2400.0,
2024-06-09,Pune,Manjri,Potato,2000,2600,2400.0,
2024-06-10,Pune,Manjri,Potato,2000,2600,2400.0,
2024-06-11,Pune,Manjri,Potato,2200,2600,2400.0,
2024-06-12,Pune,Manjri,Potato,2000,2600,2400.0,
2024-06-13,Pune,Manjri,Potato,2000,2600,2300.0,
2024-06-14,Pune,Manjri,Potato,2200,2600,2400.0,
2024-06-15,Pune,Manjri,Potato,2500,2700,2600.0,
2024-06-17,Pune,Manjri,Potato,2500,3000,2700.0,
2024-06-18,Pune,Manjri,Potato,2400,3000,2700.0,
2024-06-19,Pune,Manjri,Potato,2500,2800,2700.0,
2024-06-20,Pune,Manjri,Potato,2200,2800,2400.0,
2024-06-21,Pune,Manjri,Potato,2400,2800,2600.0,
2024-06-22,Pune,Manjri,Potato,2500,2800,2700.0,
2024-06-23,Pune,Manjri,Potato,2500,2800,2700.0,
2024-06-24,Pune,Manjri,Potato,2600,3000,2800.0,
2024-06-25,Pune,Manjri,Potato,2600,3200,2900.0,
2024-06-26,Pune,Manjri,Potato,2800,3000,2900.0,
2024-06-27,Pune,Manjri,Potato,2400,2600,2500.0,
2024-06-28,Pune,Manjri,Potato,2400,2600,2500.0,
2024-06-29,Pune,Manjri,Potato,2400,2600,2500.0,
2024-07-01,Pune,Manjri,Potato,2200,2600,2400.0,
2024-07-02,Pune,Manjri,Potato,2000,2400,2200.0,
2024-07-03,Pune,Manjri,Potato,2000,2600,2400.0,
2024-07-04,Pune,Manjri,Potato,2200,2400,2300.0,
2024-07-05,Pune,Manjri,Potato,2200,2600,2400.0,
2024-07-06,Pune,Manjri,Potato,2200,6000,2400.0,
2024-07-07,Pune,Manjri,Potato,2200,3000,2400.0,
2024-07-08,Pune,Manjri,Potato,2200,2500,2300.0,
2024-07-09,Pune,Manjri,Potato,2000,2200,2100.0,
2024-07-10,Pune,Manjri,Potato,2200,2400,2300.0,
2024-07-11,Pune,Manjri,Potato,2200,2400,2300.0,
2024-07-12,Pune,Manjri,Potato,2000,2400,2200.0,
2024-07-13,Pune,Manjri,Potato,2000,2400,2200.0,
2024-07-14,Pune,Manjri,Potato,2500,2800,2600.0,
2024-07-15,Pune,Manjri,Potato,2500,3000,2800.0,
2024-07-16,Pune,Manjri,Potato,2000,3000,2500.0,
2024-07-17,Pune,Manjri,Potato,2400,3000,2800.0,
2024-07-18,Pune,Manjri,Potato,2000,3000,2700.0,
2024-07-19,Pune,Manjri,Potato,2000,2800,2400.0,
2024-07-20,Pune,Manjri,Potato,2000,2800,2400.0,
2024-07-21,Pune,Manjri,Potato,2600,2800,2700.0,
2024-07-22,Pune,Manjri,Potato,2400,2800,2600.0,
2024-07-23,Pune,Manjri,Potato,2600,3000,2800.0,
2024-07-24,Pune,Manjri,Potato,2500,2800,2700.0,
2024-07-25,Pune,Manjri,Potato,2600,2800,2700.0,
2024-07-26,Pune,Manjri,Potato,2600,3000,2800.0,
2024-07-27,Pune,Manjri,Potato,2600,3000,2800.0,
2024-07-28,Pune,Manjri,Potato,2600,3000,2800.0,
2024-07-29,Pune,Manjri,Potato,2400,2800,2600.0,
2024-07-30,Pune,Manjri,Potato,2600,2800,2700.0,
2024-07-31,Pune,Manjri,Potato,2500,3000,2800.0,
2024-08-04,Pune,Manjri,Potato,2200,3000,2500.0,
2024-08-05,Pune,Manjri,Potato,2600,3000,2800.0,2.5
2024-08-06,Pune,Manjri,Potato,2600,2800,2700.0,3.2
2024-08-07,Pune,Manjri,Potato,2500,2900,2700.0,2.5
2024-08-08,Pune,Manjri,Potato,2600,3000,2800.0,2.2
2024-08-09,Pune,Manjri,Potato,2400,2800,2600.0,1.9
2024-08-10,Pune,Manjri,Potato,2600,2800,2700.0,3.2
2024-08-11,Pune,Manjri,Potato,2600,2800,2700.0,2.6
2024-08-12,Pune,Manjri,Potato,2600,2800,2700.0,2.9
2024-08-14,Pune,Manjri,Potato,2000,3000,2800.0,2.7
2024-08-16,Pune,Manjri,Potato,2500,2800,2600.0,3.0
2024-08-17,Pune,Manjri,Potato,2400,2800,2600.0,2.8
2024-08-18,Pune,Manjri,Potato,2400,2600,2500.0,1.6
2024-08-19,Pune,Manjri,Potato,2400,2800,2600.0,1.7
2024-08-20,Pune,Manjri,Potato,2400,2800,2600.0,1.9
2024-08-21,Pune,Manjri,Potato,2000,3000,2500.0,1.0
2024-08-22,Pune,Manjri,Potato,2500,3500,3000.0,2.0
2024-08-23,Pune,Manjri,Potato,2000,3500,3000.0,1.9
2024-08-24,Pune,Manjri,Potato,2000,3500,3000.0,1.9
2024-08-25,Pune,Manjri,Potato,2000,3500,3000.0,2.2
2024-08-26,Pune,Manjri,Potato,2000,3500,3000.0,2.2
2024-08-27,Pune,Manjri,Potato,2400,2800,2600.0,1.6
2024-08-28,Pune,Manjri,Potato,2500,3500,3000.0,2.7
2024-08-29,Pune,Manjri,Potato,2500,3500,3000.0,2.2
2024-08-30,Pune,Manjri,Potato,2500,3500,3000.0,2.3
2024-08-31,Pune,Manjri,Potato,2400,2800,2600.0,2.9
2024-09-01,Pune,Manjri,Potato,2000,3500,3000.0,2.1
2024-09-02,Pune,Manjri,Potato,2000,3000,2500.0,2.2
2024-09-03,Pune,Manjri,Potato,2200,3200,2800.0,1.4
2024-09-04,Pune,Manjri,Potato,2200,3200,2800.0,2.2
2024-09-05,Pune,Manjri,Potato,2000,3000,2800.0,1.9
2024-09-06,Pune,Manjri,Potato,2500,3200,2800.0,2.3
2024-09-07,Pune,Manjri,Potato,2000,3000,2800.0,1.7
2024-09-08,Pune,Manjri,Potato,2000,3500,2800.0,2.6
2024-09-09,Pune,Manjri,Potato,2500,3200,2800.0,1.4
2024-09-10,Pune,Manjri,Potato,2000,3500,2800.0,1.7
2024-09-11,Pune,Manjri,Potato,2400,2800,2600.0,1.4
2024-09-12,Pune,Manjri,Potato,2200,2800,2600.0,1.9
2024-09-13,Pune,Manjri,Potato,2000,3000,2600.0,1.4
2024-09-14,Pune,Manjri,Potato,2400,2800,2600.0,2.1
2024-09-15,Pune,Manjri,Potato,1800,3000,2800.0,1.4
2024-09-16,Pune,Manjri,Potato,2000,3000,2700.0,2.8
2024-09-17,Pune,Manjri,Potato,2000,3200,2800.0,2.1
2024-09-19,Pune,Manjri,Potato,2000,3200,2700.0,2.8
2024-09-20,Pune,Manjri,Potato,2000,3000,2600.0,2.8
2024-09-21,Pune,Manjri,Potato,2000,3200,2700.0,2.2
2024-09-22,Pune,Manjri,Potato,2000,3000,2800.0,2.3
2024-09-23,Pune,Manjri,Potato,2000,3000,2600.0,1.1
2024-09-24,Pune,Manjri,Potato,2000,3000,2800.0,2.3
2024-09-25,Pune,Manjri,Potato,2000,3200,2800.0,1.9
2024-09-26,Pune,Manjri,Potato,2000,3000,2800.0,1.4
2024-09-27,Pune,Manjri,Potato,2000,3000,2600.0,2.4
2024-09-28,Pune,Manjri,Potato,2000,3200,2800.0,3.1
2024-09-29,Pune,Manjri,Potato,2000,3000,2800.0,2.8
2024-09-30,Pune,Manjri,Potato,2000,3000,2700.0,2.7
2024-10-01,Pune,Manjri,Potato,2000,3000,2600.0,2.0
2024-10-02,Pune,Manjri,Potato,2000,3000,2700.0,3.4
2024-10-03,Pune,Manjri,Potato,2200,3000,2800.0,2.6
2024-10-04,Pune,Manjri,Potato,2600,3200,2900.0,3.6
2024-10-05,Pune,Manjri,Potato,2600,3200,2800.0,3.2
2024-10-06,Pune,Manjri,Potato,2600,3600,3100.0,2.3
2024-10-09,Pune,Manjri,Potato,2200,3200,2700.0,2.4
2024-10-10,Pune,Manjri,Potato,2200,3000,2600.0,2.6
2024-10-11,Pune,Manjri,Potato,2000,3000,2600.0,0.9
2024-10-12,Pune,Manjri,Potato,2000,2800,2400.0,1.1
2024-10-13,Pune,Manjri,Potato,2000,2800,2400.0,1.5
2024-10-14,Pune,Manjri,Potato,2600,3500,3000.0,1.6
2024-10-15,Pune,Manjri,Potato,2000,3000,2500.0,1.7
2024-10-16,Pune,Manjri,Potato,2200,2800,2400.0,1.9
2024-10-17,Pune,Manjri,Potato,2000,2800,2400.0,1.4
2024-10-18,Pune,Manjri,Potato,2200,2600,2400.0,1.4
2024-10-19,Pune,Manjri,Potato,2600,3000,2800.0,1.5
2024-10-20,Pune,Manjri,Potato,2200,2600,2400.0,2.2
2024-10-21,Pune,Manjri,Potato,2200,2800,2400.0,2.2
2024-10-22,Pune,Manjri,Potato,2000,3000,2400.0,1.3
2024-10-23,Pune,Manjri,Potato,2000,2800,2600.0,2.1
2024-10-24,Pune,Manjri,Potato,2500,3500,3000.0,1.5
2024-10-25,Pune,Manjri,Potato,2400,2800,2600.0,2.5
2024-10-26,Pune,Manjri,Potato,2400,2800,2600.0,3.2
2024-10-27,Pune,Manjri,Potato,2400,3000,2600.0,1.5
2024-10-28,Pune,Manjri,Potato,2200,2600,2400.0,1.4
2024-10-29,Pune,Manjri,Potato,2200,2800,2600.0,1.1
2024-10-30,Pune,Manjri,Potato,2000,2600,2400.0,1.3
2025-04-12,Pune,Manjri,Potato,1600,2600,2000.0,
2025-04-13,Pune,Manjri,Potato,1500,2000,1700.0,2.2
2025-04-14,Pune,Manjri,Potato,1500,2000,1700.0,0.9
2025-04-15,Pune,Manjri,Potato,1500,2000,1700.0,2.2
2025-04-16,Pune,Manjri,Potato,1500,2000,1700.0,1.8
2025-04-17,Pune,Manjri,Potato,1500,2200,1800.0,1.4
2025-04-18,Pune,Manjri,Potato,1500,2000,1700.0,1.7
2025-04-19,Pune,Manjri,Potato,1500,2200,1800.0,1.8
2025-04-20,Pune,Manjri,Potato,1500,2000,1700.0,1.8
2025-04-21,Pune,Manjri,Potato,1500,2200,1800.0,1.3
2025-04-22,Pune,Manjri,Potato,1500,2200,2000.0,1.4
2025-04-23,Pune,Manjri,Potato,1500,2000,1700.0,1.8
2025-04-24,Pune,Manjri,Potato,1500,2000,1700.0,1.7
2025-04-25,Pune,Manjri,Potato,2000,2500,2200.0,2.0
2025-04-26,Pune,Manjri,Potato,1500,2500,2000.0,1.5
2025-04-27,Pune,Manjri,Potato,2000,2500,2200.0,1.4
2025-04-28,Pune,Manjri,Potato,2000,2500,2200.0,1.6
2025-05-02,Pune,Manjri,Potato,1600,2600,2000.0,1.2
2025-05-03,Pune,Manjri,Potato,1600,2600,2000.0,0.3
2025-05-04,Pune,Manjri,Potato,1500,2200,1800.0,1.0
2025-05-05,Pune,Manjri,Potato,1600,2200,1900.0,0.4
2025-05-06,Pune,Manjri,Potato,1500,2400,1900.0,0.7
2025-05-07,Pune,Manjri,Potato,1500,2200,1800.0,1.0
2025-05-08,Pune,Manjri,Potato,1500,2200,1800.0,0.4
2025-05-09,Pune,Manjri,Potato,1500,2400,1900.0,0.4
2025-05-10,Pune,Manjri,Potato,1600,2200,1800.0,0.5
2025-05-11,Pune,Manjri,Potato,1500,2300,1900.0,0.2
2025-05-12,Pune,Manjri,Potato,1600,2200,1900.0,1.0
2025-05-15,Pune,Manjri,Potato,1500,2200,1700.0,0.7
2025-05-16,Pune,Manjri,Potato,1500,2000,1700.0,1.2
2025-05-17,Pune,Manjri,Potato,1500,2000,1800.0,0.4
2025-05-18,Pune,Manjri,Potato,1500,2000,1800.0,0.5
2025-05-19,Pune,Manjri,Potato,1500,2000,1700.0,0.9
2025-05-20,Pune,Manjri,Potato,1500,2000,1800.0,0.3
2025-05-21,Pune,Manjri,Potato,1500,2200,1700.0,0.6
2025-05-22,Pune,Manjri,Potato,1600,2200,1800.0,1.1
2025-05-23,Pune,Manjri,Potato,1600,2200,1800.0,1.1
2025-05-24,Pune,Manjri,Potato,1600,2400,2000.0,1.6
2025-05-25,Pune,Manjri,Potato,1600,2200,1800.0,1.3
2025-05-26,Pune,Manjri,Potato,1600,2200,1800.0,0.6
2025-05-27,Pune,Manjri,Potato,1800,2200,2000.0,0.3
2025-05-28,Pune,Manjri,Potato,1500,2200,2000.0,0.6
2025-05-29,Pune,Manjri,Potato,1400,2200,1800.0,1.2
2025-05-30,Pune,Manjri,Potato,1400,2200,1800.0,1.4
2025-05-31,Pune,Manjri,Potato,1400,2200,1800.0,1.6
2025-06-01,Pune,Manjri,Potato,1400,2200,1800.0,1.5
2025-06-02,Pune,Manjri,Potato,1400,2200,1800.0,1.3
2025-06-03,Pune,Manjri,Potato,1400,2200,1800.0,1.4
2025-06-04,Pune,Manjri,Potato,1600,2200,2000.0,0.7
2025-06-05,Pune,Manjri,Potato,1400,2200,1800.0,0.9
2025-06-06,Pune,Manjri,Potato,1600,2400,2000.0,2.3
2025-06-07,Pune,Manjri,Potato,1600,2200,2000.0,0.6
2025-06-08,Pune,Manjri,Potato,1400,2200,1800.0,1.0
2025-06-09,Pune,Manjri,Potato,1500,1800,1600.0,0.8
2025-06-10,Pune,Manjri,Potato,1600,2200,2000.0,0.5
2025-06-11,Pune,Manjri,Potato,1400,2200,1800.0,1.4
2025-06-12,Pune,Manjri,Potato,1500,1800,1600.0,1.2
2025-06-13,Pune,Manjri,Potato,1600,2200,2000.0,0.9
2025-06-14,Pune,Manjri,Potato,1400,2200,1800.0,1.2
2025-06-15,Pune,Manjri,Potato,1300,2200,1700.0,1.7
2025-06-16,Pune,Manjri,Potato,1600,2200,2000.0,0.5
2025-06-17,Pune,Manjri,Potato,1500,2500,2000.0,1.3
2025-06-18,Pune,Manjri,Potato,1300,2200,1700.0,1.7
2025-06-19,Pune,Manjri,Potato,1600,2200,2000.0,1.3
2025-06-20,Pune,Manjri,Potato,1500,2500,2000.0,1.8
2025-06-21,Pune,Manjri,Potato,1600,2400,2000.0,1.5
2025-06-22,Pune,Manjri,Potato,1300,2200,1700.0,0.1
2025-06-23,Pune,Manjri,Potato,1600,2200,2000.0,1.0
2025-06-24,Pune,Manjri,Potato,1600,2400,2000.0,1.3
2025-06-25,Pune,Manjri,Potato,1600,2200,2000.0,1.4
2025-06-26,Pune,Manjri,Potato,1500,2500,2000.0,2.4
2025-06-27,Pune,Manjri,Potato,1500,2800,2200.0,0.9
2025-06-28,Pune,Manjri,Potato,1600,2200,2000.0,1.2
2025-06-29,Pune,Manjri,Potato,2000,2800,2600.0,0.3
2025-06-30,Pune,Manjri,Potato,1500,2500,2000.0,1.2
2025-07-01,Pune,Manjri,Potato,1600,2400,2000.0,0.6
2025-07-03,Pune,Manjri,Potato,1500,2500,2000.0,0.7
2025-07-04,Pune,Manjri,Potato,2000,3000,2500.0,1.1
2025-07-05,Pune,Manjri,Potato,2000,3000,2500.0,3.9
2025-07-06,Pune,Manjri,Potato,1500,2000,1800.0,3.1
2025-07-07,Pune,Manjri,Potato,1500,2500,2000.0,2.0
2025-07-08,Pune,Manjri,Potato,1600,2400,2000.0,0.9
2025-07-09,Pune,Manjri,Potato,1600,2200,2000.0,0.6
2025-07-10,Pune,Manjri,Potato,1600,2200,1800.0,1.1
2025-07-11,Pune,Manjri,Potato,1400,2200,1800.0,1.0
2025-07-12,Pune,Manjri,Potato,1500,2500,2000.0,1.1
2025-07-13,Pune,Manjri,Potato,1600,2200,2000.0,1.5
2025-07-14,Pune,Manjri,Potato,1500,2500,2000.0,0.7
2025-07-15,Pune,Manjri,Potato,1500,2200,1800.0,0.4
2025-07-16,Pune,Manjri,Potato,1500,2000,1800.0,0.3
2025-07-17,Pune,Manjri,Potato,1400,2200,1800.0,1.4
2025-07-18,Pune,Manjri,Potato,1200,2200,1600.0,1.2
2025-07-19,Pune,Manjri,Potato,1500,2000,1800.0,1.4
2025-07-20,Pune,Manjri,Potato,1600,2500,2000.0,2.3
2025-07-21,Pune,Manjri,Potato,1400,2200,1800.0,2.0
2025-07-22,Pune,Manjri,Potato,1500,2000,1800.0,1.1
2025-07-23,Pune,Manjri,Potato,1500,2000,1800.0,1.4
2025-07-24,Pune,Manjri,Potato,1200,1800,1500.0,1.6
2025-07-27,Pune,Manjri,Potato,1500,2500,2000.0,2.2
2025-07-28,Pune,Manjri,Potato,1500,2000,1800.0,1.3
2025-07-30,Pune,Manjri,Potato,1500,2000,1800.0,2.0
2025-07-31,Pune,Manjri,Potato,1500,2500,2000.0,1.7
2025-08-01,Pune,Manjri,Potato,1500,2000,1800.0,1.2
2025-08-02,Pune,Manjri,Potato,1500,2200,1800.0,1.3
2025-08-03,Pune,Manjri,Potato,1500,2500,2200.0,1.8
2025-08-04,Pune,Manjri,Potato,1500,2000,1800.0,1.8
2025-08-05,Pune,Manjri,Potato,1500,2000,1800.0,0.9
2025-08-06,Pune,Manjri,Potato,1200,2000,1800.0,1.6
2025-08-07,Pune,Manjri,Potato,1500,2500,2000.0,1.2
2025-08-10,Pune,Manjri,Potato,1200,1800,1500.0,1.5
2025-08-11,Pune,Manjri,Potato,1500,2500,2000.0,1.4
2025-08-12,Pune,Manjri,Potato,1500,2500,2000.0,1.5
2025-08-13,Pune,Manjri,Potato,1500,2000,1800.0,1.8
2025-08-14,Pune,Manjri,Potato,1500,2000,1800.0,1.8
2025-08-16,Pune,Manjri,Potato,1500,2500,2200.0,1.7
2025-08-17,Pune,Manjri,Potato,1500,2500,2200.0,2.4
2025-08-19,Pune,Manjri,Potato,1500,2000,1800.0,0.9
2025-08-20,Pune,Manjri,Potato,1200,2000,1800.0,1.4
2025-08-21,Pune,Manjri,Potato,1000,2000,1500.0,1.6
2025-08-23,Pune,Manjri,Potato,1500,2000,1800.0,1.5
2025-08-25,Pune,Manjri,Potato,1000,2000,1500.0,1.4
2025-08-26,Pune,Manjri,Potato,1500,2500,2000.0,1.6
2025-08-27,Pune,Manjri,Potato,1000,2000,1500.0,1.0
2025-08-28,Pune,Manjri,Potato,1500,2500,2000.0,2.6
2025-09-01,Pune,Manjri,Potato,1500,2000,1800.0,2.8
2025-09-02,Pune,Manjri,Potato,1500,2500,2000.0,2.3
2025-09-03,Pune,Manjri,Potato,1000,2000,1500.0,2.7
2025-09-04,Pune,Manjri,Potato,1000,2000,1500.0,0.2
2025-09-05,Pune,Manjri,Potato,1500,2500,2000.0,2.7
2025-09-06,Pune,Manjri,Potato,1500,2500,2000.0,2.8
2025-09-08,Pune,Manjri,Potato,1500,2500,2000.0,3.1
2025-09-09,Pune,Manjri,Potato,1500,2000,1800.0,3.5
2025-09-10,Pune,Manjri,Potato,1500,2500,2200.0,3.3
2025-09-11,Pune,Manjri,Potato,1500,2500,2000.0,2.8
2025-09-12,Pune,Manjri,Potato,1500,2000,1800.0,2.8
2025-09-13,Pune,Manjri,Potato,1000,2000,1500.0,2.5
2025-09-14,Pune,Manjri,Potato,1500,2500,2000.0,2.8
2025-09-15,Pune,Manjri,Potato,1500,2500,2000.0,1.0
2025-09-16,Pune,Manjri,Potato,1500,2500,2000.0,1.4
2025-09-17,Pune,Manjri,Potato,1500,2500,2000.0,1.3
2025-09-18,Pune,Manjri,Potato,1500,2000,1800.0,1.4
2025-09-19,Pune,Manjri,Potato,1000,2000,1500.0,1.8
2025-09-20,Pune,Manjri,Potato,1500,2500,2000.0,2.8
2025-09-21,Pune,Manjri,Potato,1500,2500,2200.0,2.2
2025-09-22,Pune,Manjri,Potato,1500,2500,2200.0,3.0
2025-09-23,Pune,Manjri,Potato,1500,2500,2000.0,5.3
2025-09-24,Pune,Manjri,Potato,1500,2500,2300.0,4.1
2025-09-25,Pune,Manjri,Potato,1500,2500,2000.0,3.0
2025-09-27,Pune,Manjri,Potato,1500,2000,1800.0,3.5
2025-09-29,Pune,Manjri,Potato,1500,2500,2200.0,4.3
2025-09-30,Pune,Manjri,Potato,1500,2000,1800.0,4.3
2025-10-02,Pune,Manjri,Potato,1500,2000,1800.0,0.9
2025-10-03,Pune,Manjri,Potato,1500,2200,1800.0,1.6
2025-10-04,Pune,Manjri,Potato,1500,2500,2000.0,2.0
2025-10-05,Pune,Manjri,Potato,1500,2000,1800.0,2.3
2025-10-06,Pune,Manjri,Potato,1500,2000,1800.0,1.8
2025-10-07,Pune,Manjri,Potato,1500,2000,1800.0,1.8
2025-10-08,Pune,Manjri,Potato,1500,2500,2000.0,0.9
2025-10-09,Pune,Manjri,Potato,1500,2000,1800.0,1.0
2025-10-12,Pune,Manjri,Potato,1500,2000,1800.0,0.6
2025-10-13,Pune,Manjri,Potato,1500,2500,2000.0,1.1
2025-10-14,Pune,Manjri,Potato,1500,2500,2200.0,1.4
2025-10-15,Pune,Manjri,Potato,1500,2500,2200.0,0.9
2025-10-16,Pune,Manjri,Potato,1500,2000,1800.0,0.4
2025-10-18,Pune,Manjri,Potato,1500,2000,1800.0,2.0
2025-10-20,Pune,Manjri,Potato,1200,2000,1600.0,0.8
2025-10-22,Pune,Manjri,Potato,1000,2000,1500.0,0.5
2025-10-23,Pune,Manjri,Potato,1000,2000,1800.0,1.3
2025-10-26,Pune,Manjri,Potato,1000,2000,1600.0,1.2
2025-10-28,Pune,Manjri,Potato,1000,2000,1600.0,2.0
2025-10-29,Pune,Manjri,Potato,1000,2000,1500.0,1.1
2025-10-30,Pune,Manjri,Potato,1000,2000,1500.0,1.5
2024-03-24,Pune,Moshi,Potato,1100,1500,1300.0,57.5
2024-03-26,Pune,Moshi,Potato,1000,1600,1300.0,71.4
2024-03-28,Pune,Moshi,Potato,1000,1500,1250.0,26.5
2024-03-29,Pune,Moshi,Potato,1600,2000,1800.0,23.5
2024-03-30,Pune,Moshi,Potato,1000,1500,1250.0,54.3
2024-03-31,Pune,Moshi,Potato,1000,1800,1400.0,63.4
2024-04-01,Pune,Moshi,Potato,1000,2200,1600.0,
2024-04-02,Pune,Moshi,Potato,1500,2000,1750.0,
2024-04-04,Pune,Moshi,Potato,1200,1800,1500.0,68.2
2024-04-05,Pune,Moshi,Potato,1300,1800,1550.0,85.7
2024-04-06,Pune,Moshi,Potato,1000,2000,1500.0,61.4
2024-04-07,Pune,Moshi,Potato,1000,2200,1600.0,118.0
2024-04-08,Pune,Moshi,Potato,1500,2200,1850.0,71.5
2024-04-09,Pune,Moshi,Potato,1000,1800,1400.0,31.8
2024-04-13,Pune,Moshi,Potato,1200,1800,1500.0,101.2
2024-04-14,Pune,Moshi,Potato,1200,2000,1600.0,69.5
2024-04-15,Pune,Moshi,Potato,1200,2000,1600.0,59.5
2024-04-19,Pune,Moshi,Potato,1000,2000,1500.0,32.0
2024-04-20,Pune,Moshi,Potato,1200,2000,1600.0,78.1
2024-04-21,Pune,Moshi,Potato,1200,2000,1600.0,115.0
2024-04-22,Pune,Moshi,Potato,1800,2100,1950.0,27.5
2024-04-25,Pune,Moshi,Potato,1200,2300,1750.0,161.0
2024-04-26,Pune,Moshi,Potato,1600,1800,1700.0,24.5
2024-04-27,Pune,Moshi,Potato,1800,2500,2150.0,10.1
2024-04-28,Pune,Moshi,Potato,1500,2000,1750.0,133.8
2024-04-29,Pune,Moshi,Potato,1300,2300,1800.0,58.3
2024-04-30,Pune,Moshi,Potato,1800,2100,1950.0,21.0
2024-05-02,Pune,Moshi,Potato,1500,2200,1850.0,140.3
2024-05-03,Pune,Moshi,Potato,1500,1600,1550.0,68.0
2024-05-04,Pune,Moshi,Potato,1800,2300,2050.0,19.1
2024-05-05,Pune,Moshi,Potato,1000,1800,1400.0,178.8
2024-05-06,Pune,Moshi,Potato,2000,2000,2000.0,5.2
2024-05-07,Pune,Moshi,Potato,1400,2300,1850.0,24.2
2024-05-09,Pune,Moshi,Potato,1300,2000,1650.0,91.3
2024-05-10,Pune,Moshi,Potato,1500,2000,1750.0,127.5
2024-05-11,Pune,Moshi,Potato,1300,2000,1650.0,59.0
2024-05-12,Pune,Moshi,Potato,1400,1800,1600.0,76.5
2024-05-14,Pune,Moshi,Potato,1500,2000,1750.0,56.0
2024-05-16,Pune,Moshi,Potato,1200,2300,1750.0,124.5
2024-05-17,Pune,Moshi,Potato,1000,2000,1500.0,117.9
2024-05-18,Pune,Moshi,Potato,1000,1800,1400.0,43.0
2024-05-19,Pune,Moshi,Potato,1400,2200,1800.0,87.9
2024-05-20,Pune,Moshi,Potato,1000,2000,1500.0,105.3
2024-05-21,Pune,Moshi,Potato,1600,1800,1700.0,46.5
2024-05-23,Pune,Moshi,Potato,1300,2000,1650.0,109.3
2024-05-24,Pune,Moshi,Potato,1400,1800,1600.0,58.5
2024-05-25,Pune,Moshi,Potato,1600,2000,1800.0,36.5
2024-05-26,Pune,Moshi,Potato,1300,1800,1550.0,121.2
2024-05-27,Pune,Moshi,Potato,1400,2000,1700.0,100.0
2024-05-28,Pune,Moshi,Potato,1800,1800,1800.0,3.3
2024-05-30,Pune,Moshi,Potato,1300,2500,1900.0,92.4
2024-05-31,Pune,Moshi,Potato,1800,2000,1900.0,45.1
2024-06-01,Pune,Moshi,Potato,1400,2200,1800.0,
2024-06-02,Pune,Moshi,Potato,1400,2000,1700.0,
2024-06-03,Pune,Moshi,Potato,1800,2100,1950.0,
2024-06-04,Pune,Moshi,Potato,1800,2200,2000.0,
2024-06-06,Pune,Moshi,Potato,1500,2000,1750.0,
2024-06-07,Pune,Moshi,Potato,1400,2300,1850.0,
2024-06-08,Pune,Moshi,Potato,1600,2000,1800.0,
2024-06-09,Pune,Moshi,Potato,1000,2000,1500.0,
2024-06-10,Pune,Moshi,Potato,2000,2200,2100.0,
2024-06-11,Pune,Moshi,Potato,1600,2000,1800.0,
2024-06-13,Pune,Moshi,Potato,1500,1800,1650.0,
2024-06-14,Pune,Moshi,Potato,1600,2000,1800.0,
2024-06-15,Pune,Moshi,Potato,1600,2400,2000.0,
2024-06-16,Pune,Moshi,Potato,2000,2400,2200.0,
2024-06-17,Pune,Moshi,Potato,1800,2000,1900.0,
2024-06-18,Pune,Moshi,Potato,1800,2000,1900.0,
2024-06-20,Pune,Moshi,Potato,1800,2000,1900.0,
2024-06-21,Pune,Moshi,Potato,1800,2200,2000.0,
2024-06-22,Pune,Moshi,Potato,1800,2400,2100.0,
2024-06-23,Pune,Moshi,Potato,1800,2200,2000.0,
2024-06-24,Pune,Moshi,Potato,1800,2200,2000.0,
2024-06-25,Pune,Moshi,Potato,1700,2800,2250.0,
2024-06-27,Pune,Moshi,Potato,1600,2500,2050.0,
2024-06-28,Pune,Moshi,Potato,1600,2200,1900.0,
2024-06-29,Pune,Moshi,Potato,1800,2400,2100.0,
2024-06-30,Pune,Moshi,Potato,1800,2500,2150.0,
2024-07-01,Pune,Moshi,Potato,1800,2500,2150.0,
2024-07-02,Pune,Moshi,Potato,1700,2500,2100.0,
2024-07-04,Pune,Moshi,Potato,1800,2500,2150.0,
2024-07-05,Pune,Moshi,Potato,1500,2800,2150.0,
2024-07-06,Pune,Moshi,Potato,1800,2800,2300.0,
2024-07-07,Pune,Moshi,Potato,2200,2700,2450.0,
2024-07-08,Pune,Moshi,Potato,2000,3000,2500.0,
2024-07-09,Pune,Moshi,Potato,2600,3000,2800.0,
2024-07-11,Pune,Moshi,Potato,2300,3000,2650.0,
2024-07-12,Pune,Moshi,Potato,2200,2800,2500.0,
2024-07-13,Pune,Moshi,Potato,2000,3000,2500.0,
2024-07-14,Pune,Moshi,Potato,2300,2600,2450.0,
2024-07-15,Pune,Moshi,Potato,1800,2500,2300.0,
2024-07-16,Pune,Moshi,Potato,2000,3000,2500.0,
2024-07-18,Pune,Moshi,Potato,2000,2600,2300.0,
2024-07-19,Pune,Moshi,Potato,2400,2800,2600.0,
2024-07-20,Pune,Moshi,Potato,2200,3000,2600.0,
2024-07-21,Pune,Moshi,Potato,2200,2700,2450.0,
2024-07-22,Pune,Moshi,Potato,2500,3000,2750.0,
2024-07-23,Pune,Moshi,Potato,2200,3000,2600.0,
2024-07-25,Pune,Moshi,Potato,2000,2800,2400.0,
2024-07-26,Pune,Moshi,Potato,2300,2500,2400.0,
2024-07-27,Pune,Moshi,Potato,2300,3000,2650.0,
2024-07-28,Pune,Moshi,Potato,2200,2600,2400.0,
2024-07-29,Pune,Moshi,Potato,2200,3000,2600.0,
2024-07-30,Pune,Moshi,Potato,2300,3000,2650.0,
2024-08-04,Pune,Moshi,Potato,2200,2600,2400.0,
2024-08-05,Pune,Moshi,Potato,2000,3000,2500.0,22.5
2024-08-06,Pune,Moshi,Potato,2300,2800,2550.0,37.4
2024-08-08,Pune,Moshi,Potato,2000,2800,2400.0,136.3
2024-08-09,Pune,Moshi,Potato,2000,2800,2400.0,81.2
2024-08-10,Pune,Moshi,Potato,2500,3000,2750.0,15.1
2024-08-11,Pune,Moshi,Potato,2000,2800,2400.0,83.9
2024-08-12,Pune,Moshi,Potato,2800,3000,2900.0,115.7
2024-08-13,Pune,Moshi,Potato,2000,2800,2400.0,22.5
2024-08-16,Pune,Moshi,Potato,2500,2800,2650.0,99.5
2024-08-17,Pune,Moshi,Potato,2000,2600,2300.0,129.5
2024-08-18,Pune,Moshi,Potato,2000,2700,2350.0,81.2
2024-08-19,Pune,Moshi,Potato,1800,2700,2250.0,45.6
2024-08-20,Pune,Moshi,Potato,2300,2600,2450.0,19.1
2024-08-22,Pune,Moshi,Potato,2600,3200,2900.0,115.5
2024-08-23,Pune,Moshi,Potato,2000,2600,2300.0,64.9
2024-08-24,Pune,Moshi,Potato,2200,2500,2350.0,24.0
2024-08-25,Pune,Moshi,Potato,2000,2500,2250.0,91.8
2024-08-26,Pune,Moshi,Potato,2200,2600,2400.0,70.5
2024-08-27,Pune,Moshi,Potato,2200,2600,2400.0,22.7
2024-08-29,Pune,Moshi,Potato,1400,2700,2050.0,143.4
2024-08-30,Pune,Moshi,Potato,2000,2400,2200.0,108.5
2024-08-31,Pune,Moshi,Potato,2200,2400,2300.0,5.3
2024-09-01,Pune,Moshi,Potato,1500,2600,2050.0,212.0
2024-09-02,Pune,Moshi,Potato,2500,2500,2500.0,42.2
2024-09-03,Pune,Moshi,Potato,2400,2400,2400.0,3.5
2024-09-05,Pune,Moshi,Potato,1500,2400,1950.0,146.2
2024-09-06,Pune,Moshi,Potato,2200,2400,2300.0,43.0
2024-09-07,Pune,Moshi,Potato,2000,2400,2200.0,94.0
2024-09-08,Pune,Moshi,Potato,2000,2400,2200.0,98.0
2024-09-09,Pune,Moshi,Potato,2200,2400,2300.0,67.6
2024-09-10,Pune,Moshi,Potato,1800,2400,2100.0,33.4
2024-09-12,Pune,Moshi,Potato,2000,2300,2150.0,102.2
2024-09-13,Pune,Moshi,Potato,2200,2300,2250.0,5.3
2024-09-14,Pune,Moshi,Potato,1800,2300,2050.0,73.5
2024-09-15,Pune,Moshi,Potato,2000,2300,2150.0,91.1
2024-09-16,Pune,Moshi,Potato,2000,2500,2250.0,28.5
2024-09-17,Pune,Moshi,Potato,2000,2400,2200.0,33.0
2024-09-19,Pune,Moshi,Potato,1000,2400,1700.0,188.5
2024-09-20,Pune,Moshi,Potato,1800,2400,2100.0,43.0
2024-09-21,Pune,Moshi,Potato,1800,2200,2000.0,49.0
2024-09-22,Pune,Moshi,Potato,2000,2300,2150.0,97.7
2024-09-23,Pune,Moshi,Potato,2000,2800,2400.0,102.4
2024-09-24,Pune,Moshi,Potato,2200,2500,2350.0,17.8
2024-09-26,Pune,Moshi,Potato,2000,2800,2400.0,91.4
2024-09-27,Pune,Moshi,Potato,1600,2500,2050.0,89.5
2024-09-28,Pune,Moshi,Potato,2400,2600,2500.0,24.0
2024-09-29,Pune,Moshi,Potato,1800,2500,2150.0,71.7
2024-09-30,Pune,Moshi,Potato,1800,2400,2100.0,29.3
2024-10-01,Pune,Moshi,Potato,2000,3000,2500.0,36.6
2024-10-03,Pune,Moshi,Potato,1800,2800,2300.0,120.5
2024-10-04,Pune,Moshi,Potato,1500,2500,2000.0,66.0
2024-10-05,Pune,Moshi,Potato,2200,2400,2300.0,88.6
2024-10-06,Pune,Moshi,Potato,2000,2400,2200.0,48.2
2024-10-07,Pune,Moshi,Potato,2100,2600,2350.0,71.0
2024-10-10,Pune,Moshi,Potato,2000,2800,2400.0,111.9
2024-10-11,Pune,Moshi,Potato,1800,2500,2150.0,115.8
2024-10-12,Pune,Moshi,Potato,2000,3000,2500.0,48.7
2024-10-14,Pune,Moshi,Potato,2000,2400,2200.0,58.5
2024-10-15,Pune,Moshi,Potato,2000,2300,2150.0,40.3
2024-10-17,Pune,Moshi,Potato,1500,2400,1950.0,184.7
2024-10-18,Pune,Moshi,Potato,1800,2200,2000.0,90.2
2024-10-19,Pune,Moshi,Potato,2000,2000,2000.0,17.0
2024-10-20,Pune,Moshi,Potato,1800,2500,2150.0,109.7
2024-10-21,Pune,Moshi,Potato,1800,2500,2150.0,31.5
2024-10-22,Pune,Moshi,Potato,2000,2400,2200.0,39.5
2024-10-24,Pune,Moshi,Potato,1800,2600,2200.0,98.5
2024-10-25,Pune,Moshi,Potato,1800,2200,2000.0,73.5
2024-10-26,Pune,Moshi,Potato,1000,2200,1600.0,44.7
2024-10-27,Pune,Moshi,Potato,1600,2500,2050.0,94.5
2024-10-28,Pune,Moshi,Potato,2500,2500,2500.0,30.3
2024-10-29,Pune,Moshi,Potato,2000,2000,2000.0,81.0
2025-04-12,Pune,Moshi,Potato,800,1600,1200.0,
2025-04-13,Pune,Moshi,Potato,1000,1600,1300.0,51.2
2025-04-14,Pune,Moshi,Potato,1000,1300,1150.0,52.4
2025-04-15,Pune,Moshi,Potato,1000,1200,1100.0,15.0
2025-04-17,Pune,Moshi,Potato,1000,1600,1300.0,71.3
2025-04-18,Pune,Moshi,Potato,1200,1500,1350.0,30.0
2025-04-19,Pune,Moshi,Potato,1000,1400,1200.0,22.7
2025-04-20,Pune,Moshi,Potato,800,1500,1150.0,117.5
2025-04-21,Pune,Moshi,Potato,1000,1300,1150.0,54.0
2025-04-22,Pune,Moshi,Potato,1000,1600,1300.0,60.0
2025-04-24,Pune,Moshi,Potato,800,1600,1200.0,170.0
2025-04-25,Pune,Moshi,Potato,800,1400,1100.0,67.9
2025-04-26,Pune,Moshi,Potato,1200,1400,1300.0,25.7
2025-04-27,Pune,Moshi,Potato,1000,1600,1300.0,115.1
2025-04-28,Pune,Moshi,Potato,1000,1400,1200.0,74.9
2025-04-29,Pune,Moshi,Potato,1200,1300,1250.0,6.5
2025-05-02,Pune,Moshi,Potato,1000,2000,1500.0,182.0
2025-05-03,Pune,Moshi,Potato,1000,1400,1200.0,39.5
2025-05-04,Pune,Moshi,Potato,1000,1600,1300.0,59.0
2025-05-05,Pune,Moshi,Potato,1200,1400,1300.0,79.0
2025-05-06,Pune,Moshi,Potato,1000,1600,1300.0,23.1
2025-05-08,Pune,Moshi,Potato,1000,1600,1300.0,101.6
2025-05-09,Pune,Moshi,Potato,1000,1600,1300.0,64.7
2025-05-10,Pune,Moshi,Potato,1200,1600,1400.0,48.5
2025-05-11,Pune,Moshi,Potato,1200,1800,1500.0,157.0
2025-05-12,Pune,Moshi,Potato,1300,1800,1550.0,40.7
2025-05-13,Pune,Moshi,Potato,1200,1500,1350.0,29.0
2025-05-15,Pune,Moshi,Potato,1200,1600,1400.0,146.3
2025-05-16,Pune,Moshi,Potato,1400,1600,1500.0,36.5
2025-05-17,Pune,Moshi,Potato,1400,1800,1600.0,102.6
2025-05-18,Pune,Moshi,Potato,1200,1400,1300.0,72.3
2025-05-19,Pune,Moshi,Potato,1200,1400,1300.0,15.5
2025-05-20,Pune,Moshi,Potato,1000,1600,1300.0,16.8
2025-05-22,Pune,Moshi,Potato,1000,1600,1300.0,121.0
2025-05-23,Pune,Moshi,Potato,1100,1400,1250.0,36.5
2025-05-24,Pune,Moshi,Potato,1100,1600,1350.0,68.0
2025-05-25,Pune,Moshi,Potato,1000,1600,1300.0,96.2
2025-05-26,Pune,Moshi,Potato,900,1600,1250.0,63.3
2025-05-27,Pune,Moshi,Potato,1200,1400,1300.0,15.3
2025-05-29,Pune,Moshi,Potato,1000,1500,1250.0,109.6
2025-05-30,Pune,Moshi,Potato,1600,1800,1700.0,58.5
2025-05-31,Pune,Moshi,Potato,1400,1600,1500.0,21.0
2025-06-01,Pune,Moshi,Potato,1200,1600,1400.0,117.7
2025-06-02,Pune,Moshi,Potato,1500,2000,1750.0,57.5
2025-06-03,Pune,Moshi,Potato,1000,1600,1300.0,56.5
2025-06-05,Pune,Moshi,Potato,1000,1500,1250.0,173.0
2025-06-06,Pune,Moshi,Potato,1200,1600,1400.0,34.5
2025-06-07,Pune,Moshi,Potato,1400,1600,1500.0,64.0
2025-06-08,Pune,Moshi,Potato,1400,1600,1500.0,63.9
2025-06-09,Pune,Moshi,Potato,1400,1800,1600.0,52.2
2025-06-10,Pune,Moshi,Potato,1200,1800,1500.0,54.1
2025-06-12,Pune,Moshi,Potato,1000,1500,1250.0,145.5
2025-06-13,Pune,Moshi,Potato,1000,1800,1400.0,23.5
2025-06-14,Pune,Moshi,Potato,1200,1500,1350.0,57.8
2025-06-15,Pune,Moshi,Potato,1000,2000,1500.0,91.3
2025-06-16,Pune,Moshi,Potato,1000,1600,1300.0,151.8
2025-06-17,Pune,Moshi,Potato,1300,1400,1350.0,17.0
2025-06-19,Pune,Moshi,Potato,1200,1400,1300.0,136.0
2025-06-20,Pune,Moshi,Potato,1300,1400,1350.0,19.0
2025-06-21,Pune,Moshi,Potato,1200,1400,1300.0,62.0
2025-06-22,Pune,Moshi,Potato,1000,1600,1300.0,120.8
2025-06-23,Pune,Moshi,Potato,1400,1600,1500.0,25.5
2025-06-24,Pune,Moshi,Potato,1200,1800,1500.0,49.3
2025-06-26,Pune,Moshi,Potato,1200,1800,1500.0,142.4
2025-06-27,Pune,Moshi,Potato,1200,1800,1500.0,33.0
2025-06-28,Pune,Moshi,Potato,1500,1700,1600.0,55.3
2025-06-29,Pune,Moshi,Potato,1300,1700,1500.0,78.7
2025-06-30,Pune,Moshi,Potato,1200,1800,1500.0,74.4
2025-07-01,Pune,Moshi,Potato,1000,1800,1400.0,25.5
2025-07-03,Pune,Moshi,Potato,1300,1800,1550.0,92.8
2025-07-04,Pune,Moshi,Potato,1400,1600,1500.0,60.5
2025-07-05,Pune,Moshi,Potato,1300,1800,1550.0,67.0
2025-07-06,Pune,Moshi,Potato,1000,1600,1300.0,151.3
2025-07-07,Pune,Moshi,Potato,800,1500,1150.0,55.1
2025-07-08,Pune,Moshi,Potato,1000,1600,1300.0,55.8
2025-07-10,Pune,Moshi,Potato,1300,1500,1400.0,146.5
2025-07-11,Pune,Moshi,Potato,1100,1500,1300.0,60.2
2025-07-12,Pune,Moshi,Potato,1300,1600,1450.0,55.2
2025-07-13,Pune,Moshi,Potato,1400,1800,1600.0,129.4
2025-07-14,Pune,Moshi,Potato,1000,1600,1300.0,45.2
2025-07-15,Pune,Moshi,Potato,1300,1600,1450.0,64.2
2025-07-17,Pune,Moshi,Potato,1000,1500,1250.0,185.0
2025-07-18,Pune,Moshi,Potato,1300,1600,1450.0,27.8
2025-07-19,Pune,Moshi,Potato,1000,1600,1300.0,38.0
2025-07-20,Pune,Moshi,Potato,1100,1600,1350.0,108.3
2025-07-21,Pune,Moshi,Potato,1200,1600,1400.0,50.0
2025-07-22,Pune,Moshi,Potato,1100,1400,1250.0,43.6
2025-07-24,Pune,Moshi,Potato,700,1600,1150.0,161.9
2025-07-25,Pune,Moshi,Potato,1100,1600,1350.0,40.3
2025-07-27,Pune,Moshi,Potato,1000,1200,1100.0,68.5
2025-07-28,Pune,Moshi,Potato,1000,1300,1150.0,61.2
2025-07-29,Pune,Moshi,Potato,1000,1500,1250.0,16.5
2025-07-31,Pune,Moshi,Potato,1200,1700,1450.0,124.8
2025-08-01,Pune,Moshi,Potato,1200,1600,1400.0,69.8
2025-08-02,Pune,Moshi,Potato,1300,1600,1450.0,85.0
2025-08-03,Pune,Moshi,Potato,1200,1400,1300.0,105.5
2025-08-04,Pune,Moshi,Potato,1200,1400,1300.0,52.8
2025-08-05,Pune,Moshi,Potato,1200,1400,1300.0,13.3
2025-08-07,Pune,Moshi,Potato,1200,1500,1350.0,190.5
2025-08-08,Pune,Moshi,Potato,1200,1600,1400.0,69.7
2025-08-10,Pune,Moshi,Potato,1200,1400,1300.0,132.0
2025-08-11,Pune,Moshi,Potato,1200,1400,1300.0,35.3
2025-08-12,Pune,Moshi,Potato,1400,1600,1500.0,32.5
2025-08-14,Pune,Moshi,Potato,1300,1600,1450.0,158.0
2025-08-16,Pune,Moshi,Potato,1000,1300,1150.0,99.5
2025-08-17,Pune,Moshi,Potato,1200,1700,1450.0,107.3
2025-08-18,Pune,Moshi,Potato,1200,1500,1350.0,49.5
2025-08-19,Pune,Moshi,Potato,1200,1500,1350.0,94.1
2025-08-21,Pune,Moshi,Potato,1100,1600,1350.0,195.0
2025-08-22,Pune,Moshi,Potato,1300,1400,1350.0,52.0
2025-08-23,Pune,Moshi,Potato,1300,1400,1350.0,62.7
2025-08-24,Pune,Moshi,Potato,1300,1600,1450.0,84.0
2025-08-25,Pune,Moshi,Potato,1300,1400,1350.0,77.0
2025-08-26,Pune,Moshi,Potato,1000,1400,1200.0,58.8
2025-08-28,Pune,Moshi,Potato,1300,1500,1400.0,156.5
2025-08-29,Pune,Moshi,Potato,1200,1400,1300.0,52.1
2025-08-30,Pune,Moshi,Potato,1200,1400,1300.0,85.5
2025-08-31,Pune,Moshi,Potato,1300,1600,1450.0,123.2
2025-09-01,Pune,Moshi,Potato,1300,1600,1450.0,74.9
2025-09-02,Pune,Moshi,Potato,1200,1500,1350.0,37.6
2025-09-04,Pune,Moshi,Potato,1200,1500,1350.0,153.0
2025-09-05,Pune,Moshi,Potato,1400,1400,1400.0,15.0
2025-09-06,Pune,Moshi,Potato,1300,1500,1400.0,86.5
2025-09-08,Pune,Moshi,Potato,1000,1600,1300.0,159.5
2025-09-09,Pune,Moshi,Potato,1000,1400,1200.0,79.3
2025-09-11,Pune,Moshi,Potato,1300,1700,1500.0,190.7
2025-09-12,Pune,Moshi,Potato,1300,1400,1350.0,63.4
2025-09-13,Pune,Moshi,Potato,1300,1400,1350.0,39.7
2025-09-14,Pune,Moshi,Potato,1400,1600,1500.0,134.3
2025-09-15,Pune,Moshi,Potato,1400,1600,1500.0,72.0
2025-09-16,Pune,Moshi,Potato,1400,1500,1450.0,12.5
2025-09-18,Pune,Moshi,Potato,1000,1800,1400.0,163.8
2025-09-19,Pune,Moshi,Potato,1300,1600,1450.0,40.7
2025-09-20,Pune,Moshi,Potato,1200,1600,1400.0,75.5
2025-09-21,Pune,Moshi,Potato,1300,1500,1400.0,99.7
2025-09-22,Pune,Moshi,Potato,1300,1500,1400.0,47.0
2025-09-23,Pune,Moshi,Potato,1300,1600,1450.0,115.1
2025-09-25,Pune,Moshi,Potato,1400,1700,1550.0,143.7
2025-09-26,Pune,Moshi,Potato,1400,1600,1500.0,64.3
2025-09-27,Pune,Moshi,Potato,1400,1600,1500.0,99.5
2025-09-28,Pune,Moshi,Potato,1300,1600,1450.0,114.0
2025-09-29,Pune,Moshi,Potato,1400,1600,1500.0,79.5
2025-09-30,Pune,Moshi,Potato,1400,1500,1450.0,65.3
2025-10-02,Pune,Moshi,Potato,1300,1600,1450.0,162.6
2025-10-04,Pune,Moshi,Potato,1300,1600,1450.0,148.0
2025-10-05,Pune,Moshi,Potato,1400,1600,1500.0,123.0
2025-10-06,Pune,Moshi,Potato,1400,1600,1500.0,27.5
2025-10-07,Pune,Moshi,Potato,1300,1600,1450.0,37.9
2025-10-09,Pune,Moshi,Potato,1000,1600,1300.0,148.5
2025-10-10,Pune,Moshi,Potato,1400,1700,1550.0,67.5
2025-10-12,Pune,Moshi,Potato,1200,1500,1350.0,102.0
2025-10-13,Pune,Moshi,Potato,1100,1600,1350.0,67.2
2025-10-14,Pune,Moshi,Potato,1400,1500,1450.0,31.5
2025-10-16,Pune,Moshi,Potato,1200,1500,1350.0,115.5
2025-10-17,Pune,Moshi,Potato,1300,1400,1350.0,32.0
2025-10-18,Pune,Moshi,Potato,1400,1500,1450.0,45.0
2025-10-19,Pune,Moshi,Potato,1000,1500,1250.0,32.5
2025-10-20,Pune,Moshi,Potato,1000,1300,1150.0,48.5
2025-10-21,Pune,Moshi,Potato,1000,1400,1200.0,16.8
2025-10-24,Pune,Moshi,Potato,1200,1700,1450.0,77.0
2025-10-26,Pune,Moshi,Potato,1300,1800,1550.0,38.5
2025-10-27,Pune,Moshi,Potato,1800,1900,1850.0,50.0
2025-10-28,Pune,Moshi,Potato,1700,2000,1850.0,89.9
2025-10-30,Pune,Moshi,Potato,1300,1800,1550.0,145.1
2024-03-24,Pune,Narayangaon,Potato,500,1700,1200.0,1.8
2024-03-25,Pune,Narayangaon,Potato,1000,1800,1400.0,1.4
2024-03-28,Pune,Narayangaon,Potato,1000,2000,1500.0,1.0
2024-03-29,Pune,Narayangaon,Potato,1000,2000,1500.0,1.0
2024-03-30,Pune,Narayangaon,Potato,1800,2000,1900.0,2.6
2024-03-31,Pune,Narayangaon,Potato,300,2000,1500.0,3.2
2024-04-01,Pune,Narayangaon,Potato,500,2400,2000.0,
2024-04-06,Pune,Narayangaon,Potato,1200,2500,2200.0,4.4
2024-04-08,Pune,Narayangaon,Potato,1000,2300,2000.0,2.5
2024-04-13,Pune,Narayangaon,Potato,1100,2400,2000.0,3.4
2024-04-15,Pune,Narayangaon,Potato,1300,2500,2000.0,2.8
2024-04-19,Pune,Narayangaon,Potato,2400,2600,2500.0,0.6
2024-04-21,Pune,Narayangaon,Potato,500,2500,2000.0,2.4
2024-04-25,Pune,Narayangaon,Potato,1100,2700,2500.0,2.0
2024-04-27,Pune,Narayangaon,Potato,1100,2600,2000.0,5.4
2024-04-29,Pune,Narayangaon,Potato,1000,2700,2300.0,2.2
2024-05-01,Pune,Narayangaon,Potato,2700,2700,2700.0,0.8
2024-05-02,Pune,Narayangaon,Potato,1600,1600,1600.0,0.5
2024-05-03,Pune,Narayangaon,Potato,2700,2700,2700.0,0.3
2024-05-04,Pune,Narayangaon,Potato,600,2700,2000.0,1.2
2024-05-05,Pune,Narayangaon,Potato,600,2700,2000.0,1.2
2024-05-08,Pune,Narayangaon,Potato,2400,2700,2500.0,4.0
2024-05-12,Pune,Narayangaon,Potato,2700,2700,2700.0,0.5
2024-05-15,Pune,Narayangaon,Potato,800,2700,2200.0,3.6
2024-05-16,Pune,Narayangaon,Potato,2450,2700,2450.0,0.3
2024-05-17,Pune,Narayangaon,Potato,2400,2700,2600.0,2.5
2024-05-20,Pune,Narayangaon,Potato,2400,2700,2600.0,1.8
2024-05-24,Pune,Narayangaon,Potato,1000,2700,2200.0,1.0
2024-05-25,Pune,Narayangaon,Potato,2400,2700,2400.0,2.0
2024-05-27,Pune,Narayangaon,Potato,800,2700,2200.0,0.6
2024-05-29,Pune,Narayangaon,Potato,1000,2700,2400.0,0.5
2024-05-31,Pune,Narayangaon,Potato,2400,2400,2400.0,1.0
2024-06-01,Pune,Narayangaon,Potato,2400,3500,2800.0,
2024-06-02,Pune,Narayangaon,Potato,2400,2700,2400.0,
2024-06-03,Pune,Narayangaon,Potato,1500,2700,2300.0,
2024-06-07,Pune,Narayangaon,Potato,2400,2700,2400.0,
2024-06-09,Pune,Narayangaon,Potato,2400,2400,2400.0,
2024-06-10,Pune,Narayangaon,Potato,2700,2700,2700.0,
2024-06-13,Pune,Narayangaon,Potato,2500,2700,2500.0,
2024-06-21,Pune,Narayangaon,Potato,2000,2800,2300.0,
2024-06-22,Pune,Narayangaon,Potato,2800,2800,2800.0,
2024-06-23,Pune,Narayangaon,Potato,2500,2800,2800.0,
2024-06-30,Pune,Narayangaon,Potato,1800,2000,2000.0,
2024-07-03,Pune,Narayangaon,Potato,1000,2900,2900.0,
2024-07-04,Pune,Narayangaon,Potato,2900,2900,2900.0,
2024-07-05,Pune,Narayangaon,Potato,2900,2900,2900.0,
2024-07-06,Pune,Narayangaon,Potato,2000,2900,2900.0,
2024-07-08,Pune,Narayangaon,Potato,2800,3000,2900.0,
2024-07-10,Pune,Narayangaon,Potato,1000,3000,3000.0,
2024-07-12,Pune,Narayangaon,Potato,3000,3000,3000.0,
2024-07-20,Pune,Narayangaon,Potato,2000,3000,2500.0,
2024-07-27,Pune,Narayangaon,Potato,1000,3000,2000.0,
2024-08-04,Pune,Narayangaon,Potato,2300,3000,3000.0,
2024-08-05,Pune,Narayangaon,Potato,3000,3000,3000.0,0.3
2024-08-09,Pune,Narayangaon,Potato,3000,3000,3000.0,0.3
2024-08-10,Pune,Narayangaon,Potato,2000,3000,3000.0,0.5
2024-09-08,Pune,Narayangaon,Potato,2800,3000,3000.0,0.3
2024-09-15,Pune,Narayangaon,Potato,3000,3000,3000.0,0.5
2024-09-21,Pune,Narayangaon,Potato,1000,3000,2500.0,0.3
2024-09-23,Pune,Narayangaon,Potato,2000,3000,3000.0,0.5
2024-09-27,Pune,Narayangaon,Potato,3000,3000,3000.0,0.3
2024-10-14,Pune,Narayangaon,Potato,2800,3400,3000.0,0.5
2025-04-12,Pune,Narayangaon,Potato,500,2000,1500.0,
2025-04-13,Pune,Narayangaon,Potato,400,1800,1100.0,3.0
2025-04-14,Pune,Narayangaon,Potato,400,2000,1500.0,3.6
2025-04-17,Pune,Narayangaon,Potato,500,1800,1300.0,0.8
2025-04-18,Pune,Narayangaon,Potato,400,1600,1100.0,1.6
2025-04-20,Pune,Narayangaon,Potato,300,1000,750.0,0.8
2025-04-21,Pune,Narayangaon,Potato,400,1800,1300.0,4.2
2025-04-23,Pune,Narayangaon,Potato,500,2300,1700.0,3.4
2025-04-24,Pune,Narayangaon,Potato,500,2300,1500.0,4.5
2025-04-25,Pune,Narayangaon,Potato,400,1810,1200.0,3.0
2025-04-27,Pune,Narayangaon,Potato,400,2400,1800.0,2.8
2025-04-28,Pune,Narayangaon,Potato,300,1000,600.0,1.2
2025-05-01,Pune,Narayangaon,Potato,400,2200,1500.0,1.4
2025-05-02,Pune,Narayangaon,Potato,400,2000,1500.0,0.8
2025-05-04,Pune,Narayangaon,Potato,200,1000,650.0,1.2
2025-05-05,Pune,Narayangaon,Potato,300,1000,600.0,0.6
2025-05-12,Pune,Narayangaon,Potato,400,2000,1500.0,1.5
2025-05-16,Pune,Narayangaon,Potato,1900,2300,2100.0,0.8
2025-05-17,Pune,Narayangaon,Potato,1600,2300,2000.0,0.8
2025-05-24,Pune,Narayangaon,Potato,1000,1210,1100.0,0.8
2025-05-29,Pune,Narayangaon,Potato,500,2300,1600.0,0.5
2025-05-30,Pune,Narayangaon,Potato,600,2000,1500.0,0.3
2025-05-31,Pune,Narayangaon,Potato,1500,2000,1800.0,2.0
2025-06-01,Pune,Narayangaon,Potato,500,2000,1500.0,2.0
2025-06-05,Pune,Narayangaon,Potato,500,1800,1500.0,0.5
2025-06-06,Pune,Narayangaon,Potato,500,1900,1300.0,1.8
2025-06-07,Pune,Narayangaon,Potato,500,1100,800.0,0.5
2025-06-08,Pune,Narayangaon,Potato,1700,2000,1900.0,0.6
2025-06-09,Pune,Narayangaon,Potato,1100,1900,1500.0,0.8
2025-06-12,Pune,Narayangaon,Potato,500,1800,1500.0,0.5
2025-06-13,Pune,Narayangaon,Potato,500,2100,1500.0,1.8
2025-06-14,Pune,Narayangaon,Potato,1500,2300,2000.0,2.0
2025-06-15,Pune,Narayangaon,Potato,500,2300,1500.0,0.5
2025-06-16,Pune,Narayangaon,Potato,500,2300,1500.0,0.8
2025-06-19,Pune,Narayangaon,Potato,400,2300,1500.0,1.2
2025-06-20,Pune,Narayangaon,Potato,1900,2300,2200.0,0.8
2025-06-21,Pune,Narayangaon,Potato,500,2100,1500.0,1.0
2025-06-22,Pune,Narayangaon,Potato,1510,2000,1800.0,2.8
2025-06-23,Pune,Narayangaon,Potato,500,2000,1500.0,0.8
2025-06-26,Pune,Narayangaon,Potato,1700,1800,1750.0,1.2
2025-06-27,Pune,Narayangaon,Potato,500,1900,1400.0,0.3
2025-06-30,Pune,Narayangaon,Potato,500,2100,1500.0,1.8
2025-07-03,Pune,Narayangaon,Potato,500,2200,1500.0,0.5
2025-07-05,Pune,Narayangaon,Potato,500,2200,1500.0,4.2
2025-07-06,Pune,Narayangaon,Potato,500,1800,1200.0,1.4
2025-07-07,Pune,Narayangaon,Potato,500,2000,1500.0,1.5
2025-07-12,Pune,Narayangaon,Potato,500,2100,1500.0,1.5
2025-07-13,Pune,Narayangaon,Potato,500,2200,1500.0,0.8
2025-07-17,Pune,Narayangaon,Potato,1900,2200,2000.0,0.8
2025-07-20,Pune,Narayangaon,Potato,1300,1900,1500.0,1.8
2025-07-21,Pune,Narayangaon,Potato,1300,1700,1500.0,0.3
2025-07-24,Pune,Narayangaon,Potato,400,1800,1300.0,0.5
2025-07-28,Pune,Narayangaon,Potato,1300,1800,1500.0,1.4
2025-07-31,Pune,Narayangaon,Potato,500,1800,1200.0,0.5
2025-08-03,Pune,Narayangaon,Potato,1300,1900,1500.0,2.2
2025-08-07,Pune,Narayangaon,Potato,800,1600,1100.0,0.5
2025-08-13,Pune,Narayangaon,Potato,500,2100,1500.0,1.2
2025-08-17,Pune,Narayangaon,Potato,1500,1700,1700.0,1.2
2025-08-21,Pune,Narayangaon,Potato,1000,1700,1500.0,8.2
2025-08-23,Pune,Narayangaon,Potato,1000,1500,1300.0,1.5
2025-09-04,Pune,Narayangaon,Potato,1600,1800,1700.0,1.0
2025-09-08,Pune,Narayangaon,Potato,800,1800,1400.0,9.2
2025-09-11,Pune,Narayangaon,Potato,1500,1700,1600.0,1.6
2025-09-13,Pune,Narayangaon,Potato,1700,1800,1750.0,1.0
2025-09-15,Pune,Narayangaon,Potato,1000,1700,1300.0,0.6
2025-09-19,Pune,Narayangaon,Potato,1200,1800,1500.0,0.6
2025-09-21,Pune,Narayangaon,Potato,1300,1700,1500.0,1.2
2025-09-22,Pune,Narayangaon,Potato,1600,1800,1700.0,0.5
2025-09-25,Pune,Narayangaon,Potato,1000,2000,1600.0,1.2
2025-09-27,Pune,Narayangaon,Potato,1100,2000,1600.0,0.5
2025-09-29,Pune,Narayangaon,Potato,1100,1800,1500.0,0.5
2025-10-04,Pune,Narayangaon,Potato,1200,1900,1500.0,1.0
2025-10-05,Pune,Narayangaon,Potato,1300,1900,1500.0,1.4
2025-10-06,Pune,Narayangaon,Potato,1500,1750,1600.0,0.6
2025-10-12,Pune,Narayangaon,Potato,500,1900,1200.0,1.2
2025-10-13,Pune,Narayangaon,Potato,500,1900,1400.0,1.2
2025-10-30,Pune,Narayangaon,Potato,700,2200,1500.0,1.0
2024-03-28,Pune,Otur,Potato,1000,2110,1500.0,15.4
2024-03-31,Pune,Otur,Potato,700,1800,1200.0,6.1
2024-04-02,Pune,Otur,Potato,700,1870,1200.0,
2024-04-04,Pune,Otur,Potato,1000,2000,1500.0,8.6
2024-04-07,Pune,Otur,Potato,1000,2500,1500.0,9.6
2024-04-22,Pune,Otur,Potato,500,1510,1200.0,0.9
2024-04-25,Pune,Otur,Potato,1000,3000,2200.0,8.0
2024-04-28,Pune,Otur,Potato,1000,3000,2300.0,5.9
2024-05-02,Pune,Otur,Potato,1000,3000,2000.0,10.2
2024-05-09,Pune,Otur,Potato,1000,2300,1800.0,9.2
2024-05-11,Pune,Otur,Potato,500,1300,900.0,2.0
2024-05-12,Pune,Otur,Potato,1000,2150,1500.0,1.6
2024-05-14,Pune,Otur,Potato,500,1000,750.0,0.6
2024-05-16,Pune,Otur,Potato,1000,2500,2000.0,1.4
2024-05-17,Pune,Otur,Potato,500,1500,1000.0,0.7
2024-05-19,Pune,Otur,Potato,500,2100,1500.0,1.0
2024-05-23,Pune,Otur,Potato,1000,2100,1600.0,2.0
2024-05-25,Pune,Otur,Potato,500,1300,900.0,0.7
2024-06-02,Pune,Otur,Potato,800,1800,1400.0,
2024-06-09,Pune,Otur,Potato,1000,2000,1600.0,
2024-07-04,Pune,Otur,Potato,1000,3110,2100.0,
2024-07-11,Pune,Otur,Potato,1000,2100,1500.0,
2024-07-21,Pune,Otur,Potato,1000,2110,1500.0,
2024-08-04,Pune,Otur,Potato,1000,2110,1700.0,
2024-09-13,Pune,Otur,Potato,1000,2250,1800.0,1.0
2024-09-14,Pune,Otur,Potato,1000,2510,1750.0,1.7
2024-09-15,Pune,Otur,Potato,1000,3010,2200.0,2.4
2024-09-19,Pune,Otur,Potato,1000,2800,1900.0,6.7
2024-09-20,Pune,Otur,Potato,1000,2600,1800.0,2.0
2024-09-21,Pune,Otur,Potato,1000,3250,2500.0,1.2
2024-09-22,Pune,Otur,Potato,1250,3150,2500.0,19.6
2024-09-23,Pune,Otur,Potato,1250,3050,2200.0,2.6
2024-09-24,Pune,Otur,Potato,1000,2400,1700.0,12.6
2024-09-26,Pune,Otur,Potato,1000,2530,1850.0,24.4
2024-09-27,Pune,Otur,Potato,1000,2110,1600.0,2.4
2024-09-28,Pune,Otur,Potato,1000,2000,1500.0,2.7
2024-09-29,Pune,Otur,Potato,1000,2200,1600.0,7.1
2024-09-30,Pune,Otur,Potato,1000,2550,1800.0,2.9
2024-10-01,Pune,Otur,Potato,1000,2360,1650.0,5.1
2024-10-02,Pune,Otur,Potato,1000,2300,1650.0,3.0
2024-10-04,Pune,Otur,Potato,1000,2670,2000.0,4.4
2024-10-06,Pune,Otur,Potato,1000,2660,2000.0,19.2
2024-10-10,Pune,Otur,Potato,1000,2600,2000.0,9.8
2024-10-11,Pune,Otur,Potato,1000,2510,2000.0,8.8
2024-10-13,Pune,Otur,Potato,1000,2610,1800.0,3.5
2024-10-14,Pune,Otur,Potato,1000,2520,1750.0,2.0
2024-10-17,Pune,Otur,Potato,1000,3150,2500.0,4.8
2024-10-18,Pune,Otur,Potato,700,1750,1400.0,2.4
2024-10-24,Pune,Otur,Potato,1000,2610,1900.0,9.1
2024-10-29,Pune,Otur,Potato,1000,3110,2000.0,0.4
2025-04-13,Pune,Otur,Potato,500,1600,1200.0,
2025-04-14,Pune,Otur,Potato,500,1600,1300.0,3.3
2025-04-15,Pune,Otur,Potato,500,1670,1200.0,3.6
2025-04-17,Pune,Otur,Potato,500,2200,1800.0,15.1
2025-05-01,Pune,Otur,Potato,500,1920,1300.0,8.0
2025-05-08,Pune,Otur,Potato,500,2200,1800.0,10.4
2025-05-15,Pune,Otur,Potato,500,1200,1000.0,6.2
2025-05-18,Pune,Otur,Potato,500,1500,1200.0,1.0
2025-05-22,Pune,Otur,Potato,500,2000,1600.0,5.8
2025-05-29,Pune,Otur,Potato,500,2000,1500.0,2.1
2025-06-05,Pune,Otur,Potato,500,1500,1000.0,2.7
2025-06-08,Pune,Otur,Potato,500,1500,1200.0,1.0
2025-06-12,Pune,Otur,Potato,500,2000,1250.0,2.3
2025-06-19,Pune,Otur,Potato,500,1600,1100.0,3.0
2025-07-03,Pune,Otur,Potato,500,1800,1500.0,2.0
2025-07-17,Pune,Otur,Potato,500,1800,1200.0,1.9
2025-07-27,Pune,Otur,Potato,800,1700,1400.0,1.6
2025-07-31,Pune,Otur,Potato,500,1600,1200.0,1.3
2025-08-28,Pune,Otur,Potato,500,1700,1200.0,2.4
2025-09-04,Pune,Otur,Potato,500,1300,950.0,7.5
2025-09-07,Pune,Otur,Potato,800,1600,1300.0,3.4
2025-09-08,Pune,Otur,Potato,700,1600,1300.0,5.8
2025-09-11,Pune,Otur,Potato,500,1452,1000.0,28.4
2025-09-13,Pune,Otur,Potato,500,1700,1300.0,50.6
2025-09-14,Pune,Otur,Potato,500,1400,1100.0,24.2
2025-09-15,Pune,Otur,Potato,300,1300,1000.0,4.3
2025-09-17,Pune,Otur,Potato,500,1550,1200.0,3.6
2025-09-18,Pune,Otur,Potato,500,1610,1000.0,19.1
2025-09-19,Pune,Otur,Potato,500,1400,850.0,2.3
2025-09-20,Pune,Otur,Potato,500,1400,1200.0,0.9
2025-09-21,Pune,Otur,Potato,500,1400,950.0,6.2
2025-09-22,Pune,Otur,Potato,500,1400,1100.0,0.6
2025-09-23,Pune,Otur,Potato,500,2020,1400.0,1.0
2025-09-24,Pune,Otur,Potato,500,1650,1200.0,4.6
2025-09-25,Pune,Otur,Potato,500,1800,1200.0,26.0
2025-09-27,Pune,Otur,Potato,500,1530,1200.0,7.8
2025-09-29,Pune,Otur,Potato,500,1600,1200.0,2.0
2025-09-30,Pune,Otur,Potato,500,1650,1200.0,1.0
2025-10-02,Pune,Otur,Potato,500,1700,1500.0,18.5
2025-10-04,Pune,Otur,Potato,500,1720,1200.0,8.6
2025-10-05,Pune,Otur,Potato,500,1700,1300.0,17.1
2025-10-06,Pune,Otur,Potato,500,1750,1300.0,5.4
2025-10-07,Pune,Otur,Potato,500,1700,1200.0,3.8
2025-10-12,Pune,Otur,Potato,500,1550,1025.0,17.4
2025-10-13,Pune,Otur,Potato,500,1610,1200.0,17.6
2025-10-14,Pune,Otur,Potato,500,1600,1200.0,3.5
2025-10-15,Pune,Otur,Potato,1000,2510,2000.0,62.6
2025-10-16,Pune,Otur,Potato,500,1700,1400.0,13.5
2025-10-18,Pune,Otur,Potato,500,1600,1200.0,4.3
2025-10-20,Pune,Otur,Potato,500,1550,1200.0,1.3
2025-10-30,Pune,Otur,Potato,500,2000,1600.0,8.0
2024-04-01,Pune,Pimpri,Potato,1400,1400,1400.0,
2025-07-10,Pune,Pimpri,Potato,1300,1300,1300.0,0.1
2024-03-26,Pune,Pune,Potato,1400,2200,1800.0,668.5
2024-03-27,Pune,Pune,Potato,1400,2200,1800.0,321.6
2024-03-28,Pune,Pune,Potato,1600,2300,1950.0,336.7
2024-03-29,Pune,Pune,Potato,1400,2500,1950.0,592.0
2024-03-31,Pune,Pune,Potato,1700,2500,2100.0,761.4
2024-04-01,Pune,Pune,Potato,1800,2500,2150.0,
2024-04-02,Pune,Pune,Potato,1700,2500,2100.0,
2024-04-03,Pune,Pune,Potato,1800,2600,2200.0,
2024-04-04,Pune,Pune,Potato,1800,2600,2200.0,436.0
2024-04-05,Pune,Pune,Potato,1800,2600,2200.0,508.3
2024-04-07,Pune,Pune,Potato,1800,2600,2200.0,258.4
2024-04-08,Pune,Pune,Potato,1800,2600,2200.0,480.9
2024-04-09,Pune,Pune,Potato,1800,2500,2150.0,434.8
2024-04-14,Pune,Pune,Potato,1500,2600,2050.0,711.2
2024-04-15,Pune,Pune,Potato,1500,2500,2000.0,446.2
2024-04-16,Pune,Pune,Potato,1500,2500,2000.0,507.3
2024-04-19,Pune,Pune,Potato,1600,2600,2100.0,530.9
2024-04-21,Pune,Pune,Potato,1600,2600,2100.0,718.7
2024-04-22,Pune,Pune,Potato,1800,2600,2200.0,655.3
2024-04-24,Pune,Pune,Potato,2000,2600,2300.0,646.4
2024-04-25,Pune,Pune,Potato,1800,2600,2200.0,719.6
2024-04-26,Pune,Pune,Potato,2000,2600,2300.0,804.5
2024-04-28,Pune,Pune,Potato,2000,2600,2300.0,1013.9
2024-05-02,Pune,Pune,Potato,1800,2900,2150.0,1100.9
2024-05-03,Pune,Pune,Potato,1800,2900,2350.0,483.6
2024-05-05,Pune,Pune,Potato,2000,2900,2450.0,852.4
2024-05-06,Pune,Pune,Potato,2000,2900,2450.0,497.8
2024-05-07,Pune,Pune,Potato,2000,2900,2450.0,420.8
2024-05-09,Pune,Pune,Potato,2000,3000,2500.0,650.8
2024-05-10,Pune,Pune,Potato,2000,3000,2500.0,617.7
2024-05-12,Pune,Pune,Potato,2000,2700,2350.0,1123.5
2024-05-14,Pune,Pune,Potato,2000,2700,2350.0,822.4
2024-05-15,Pune,Pune,Potato,2000,2600,2300.0,582.5
2024-05-16,Pune,Pune,Potato,2000,2600,2300.0,330.4
2024-05-17,Pune,Pune,Potato,2000,2600,2300.0,591.3
2024-05-19,Pune,Pune,Potato,2000,2600,2300.0,920.2
2024-05-20,Pune,Pune,Potato,2000,2600,2300.0,645.1
2024-05-21,Pune,Pune,Potato,2000,2600,2300.0,428.2
2024-05-22,Pune,Pune,Potato,2000,2700,2350.0,730.8
2024-05-23,Pune,Pune,Potato,2000,2700,2350.0,639.1
2024-05-24,Pune,Pune,Potato,2000,2600,2600.0,584.2
2024-05-26,Pune,Pune,Potato,2000,2600,2300.0,726.7
2024-05-27,Pune,Pune,Potato,2000,2600,2300.0,478.9
2024-05-29,Pune,Pune,Potato,2000,2700,2350.0,433.2
2024-05-30,Pune,Pune,Potato,2000,2700,2350.0,479.8
2024-05-31,Pune,Pune,Potato,1800,2700,2250.0,414.3
2024-06-02,Pune,Pune,Potato,2000,2700,2350.0,
2024-06-03,Pune,Pune,Potato,2000,2700,2350.0,
2024-06-04,Pune,Pune,Potato,2000,2600,2300.0,
2024-06-05,Pune,Pune,Potato,2000,2700,2350.0,
2024-06-06,Pune,Pune,Potato,2000,2700,2350.0,
2024-06-07,Pune,Pune,Potato,2000,2700,2350.0,
2024-06-09,Pune,Pune,Potato,2000,2700,2350.0,
2024-06-10,Pune,Pune,Potato,2000,2700,2350.0,
2024-06-11,Pune,Pune,Potato,2000,2700,2350.0,
2024-06-12,Pune,Pune,Potato,2000,2700,2350.0,
2024-06-13,Pune,Pune,Potato,2000,2700,2350.0,
2024-06-14,Pune,Pune,Potato,2000,2800,2400.0,
2024-06-16,Pune,Pune,Potato,2500,2800,2650.0,
2024-06-17,Pune,Pune,Potato,2500,2900,2700.0,
2024-06-18,Pune,Pune,Potato,2500,3000,2750.0,
2024-06-19,Pune,Pune,Potato,2500,3000,2750.0,
2024-06-20,Pune,Pune,Potato,2500,3000,2750.0,
2024-06-21,Pune,Pune,Potato,2500,3000,2750.0,
2024-06-23,Pune,Pune,Potato,2400,2900,2650.0,
2024-06-24,Pune,Pune,Potato,2500,3000,2750.0,
2024-06-25,Pune,Pune,Potato,2200,3000,2600.0,
2024-06-26,Pune,Pune,Potato,2200,3000,2600.0,
2024-06-27,Pune,Pune,Potato,2400,3000,2700.0,
2024-06-28,Pune,Pune,Potato,2300,3000,2650.0,
2024-06-30,Pune,Pune,Potato,2500,3100,2800.0,
2024-07-01,Pune,Pune,Potato,2200,3100,2650.0,
2024-07-03,Pune,Pune,Potato,2400,3000,2700.0,
2024-07-04,Pune,Pune,Potato,2500,3100,2800.0,
2024-07-05,Pune,Pune,Potato,2700,3100,2900.0,
2024-07-07,Pune,Pune,Potato,2500,3200,2850.0,
2024-07-08,Pune,Pune,Potato,2500,3100,2800.0,
2024-07-09,Pune,Pune,Potato,2500,3100,2800.0,
2024-07-10,Pune,Pune,Potato,2500,3000,2750.0,
2024-07-11,Pune,Pune,Potato,2400,3000,2700.0,
2024-07-12,Pune,Pune,Potato,2500,3000,2750.0,
2024-07-14,Pune,Pune,Potato,2500,3000,2750.0,
2024-07-15,Pune,Pune,Potato,2500,3000,2750.0,
2024-07-16,Pune,Pune,Potato,2500,3000,2750.0,
2024-07-18,Pune,Pune,Potato,2500,3100,2800.0,
2024-07-19,Pune,Pune,Potato,2500,3100,2800.0,
2024-07-21,Pune,Pune,Potato,2500,3100,2800.0,
2024-07-22,Pune,Pune,Potato,2500,3100,2800.0,
2024-07-23,Pune,Pune,Potato,2500,3100,2800.0,
2024-07-24,Pune,Pune,Potato,2500,3100,2800.0,
2024-07-25,Pune,Pune,Potato,2500,3000,2750.0,
2024-07-26,Pune,Pune,Potato,2500,3000,2750.0,
2024-07-28,Pune,Pune,Potato,2500,3100,2800.0,
2024-07-29,Pune,Pune,Potato,2500,3100,2800.0,
2024-07-30,Pune,Pune,Potato,2300,3100,2700.0,
2024-07-31,Pune,Pune,Potato,2500,3100,2800.0,
2024-08-04,Pune,Pune,Potato,2300,3000,2650.0,
2024-08-05,Pune,Pune,Potato,2200,3000,2600.0,569.4
2024-08-07,Pune,Pune,Potato,2000,3000,2500.0,484.2
2024-08-08,Pune,Pune,Potato,2000,3000,2500.0,419.3
2024-08-09,Pune,Pune,Potato,2000,3000,2500.0,810.0
2024-08-11,Pune,Pune,Potato,2200,2800,2500.0,1147.4
2024-08-12,Pune,Pune,Potato,2300,2800,2550.0,580.3
2024-08-13,Pune,Pune,Potato,2200,3000,2600.0,696.9
2024-08-14,Pune,Pune,Potato,2300,3000,2650.0,526.8
2024-08-18,Pune,Pune,Potato,2400,2900,2650.0,1124.7
2024-08-20,Pune,Pune,Potato,2200,3000,2600.0,525.0
2024-08-21,Pune,Pune,Potato,2300,3000,2650.0,392.9
2024-08-22,Pune,Pune,Potato,2500,3000,2750.0,529.7
2024-08-23,Pune,Pune,Potato,2500,3000,2750.0,539.4
2024-08-25,Pune,Pune,Potato,2300,2900,2600.0,1108.0
2024-08-26,Pune,Pune,Potato,2300,2800,2550.0,618.4
2024-08-27,Pune,Pune,Potato,2300,3000,2650.0,534.5
2024-08-28,Pune,Pune,Potato,2300,3000,2650.0,721.7
2024-08-29,Pune,Pune,Potato,2200,3000,2600.0,649.2
2024-08-30,Pune,Pune,Potato,2200,3000,2600.0,608.6
2024-09-01,Pune,Pune,Potato,2500,3000,2750.0,965.4
2024-09-02,Pune,Pune,Potato,2000,3000,2500.0,477.6
2024-09-03,Pune,Pune,Potato,2500,3000,2750.0,651.0
2024-09-04,Pune,Pune,Potato,2200,3000,2600.0,546.5
2024-09-05,Pune,Pune,Potato,2200,3000,2600.0,684.6
2024-09-06,Pune,Pune,Potato,2000,3000,2500.0,716.2
2024-09-08,Pune,Pune,Potato,2000,3000,2500.0,998.9
2024-09-09,Pune,Pune,Potato,1800,3000,2400.0,495.2
2024-09-10,Pune,Pune,Potato,1800,3000,2400.0,641.2
2024-09-11,Pune,Pune,Potato,2000,3000,2500.0,404.7
2024-09-12,Pune,Pune,Potato,1600,3000,2300.0,738.1
2024-09-13,Pune,Pune,Potato,2000,3000,2500.0,662.1
2024-09-15,Pune,Pune,Potato,1800,3000,2400.0,739.2
2024-09-16,Pune,Pune,Potato,2000,3000,2500.0,688.1
2024-09-17,Pune,Pune,Potato,2000,3200,2600.0,528.8
2024-09-19,Pune,Pune,Potato,2200,3200,2700.0,1135.0
2024-09-22,Pune,Pune,Potato,2300,3000,2650.0,847.4
2024-09-23,Pune,Pune,Potato,2000,3200,2600.0,719.0
2024-09-24,Pune,Pune,Potato,2200,3100,2650.0,678.9
2024-09-25,Pune,Pune,Potato,2200,3100,2650.0,689.7
2024-09-26,Pune,Pune,Potato,2000,3200,2600.0,500.1
2024-09-27,Pune,Pune,Potato,2000,3200,2600.0,482.8
2024-09-29,Pune,Pune,Potato,2200,3300,2750.0,565.7
2024-09-30,Pune,Pune,Potato,2500,3200,2850.0,502.9
2024-10-01,Pune,Pune,Potato,2500,3400,2900.0,759.8
2024-10-03,Pune,Pune,Potato,2400,3400,2900.0,769.1
2024-10-04,Pune,Pune,Potato,2500,3500,3000.0,739.0
2024-10-06,Pune,Pune,Potato,2000,3500,2750.0,1283.1
2024-10-07,Pune,Pune,Potato,2000,3500,2750.0,1173.8
2024-10-09,Pune,Pune,Potato,2000,3500,2750.0,717.4
2024-10-10,Pune,Pune,Potato,2000,3500,2750.0,613.0
2024-10-11,Pune,Pune,Potato,2200,3500,2650.0,622.9
2024-10-13,Pune,Pune,Potato,2000,3500,2750.0,822.8
2024-10-14,Pune,Pune,Potato,2000,3500,2750.0,681.1
2024-10-15,Pune,Pune,Potato,2000,3500,2750.0,702.8
2024-10-16,Pune,Pune,Potato,1800,3500,2650.0,654.3
2024-10-17,Pune,Pune,Potato,2000,3600,2800.0,789.2
2024-10-18,Pune,Pune,Potato,1800,3600,2700.0,541.3
2024-10-20,Pune,Pune,Potato,2000,3700,2850.0,787.3
2024-10-22,Pune,Pune,Potato,2500,3800,3150.0,635.6
2024-10-23,Pune,Pune,Potato,2200,3800,3000.0,628.8
2024-10-24,Pune,Pune,Potato,2000,3800,2900.0,887.2
2024-10-25,Pune,Pune,Potato,2000,3900,2950.0,1025.3
2024-10-27,Pune,Pune,Potato,1800,3800,2800.0,1097.5
2024-10-28,Pune,Pune,Potato,2000,3700,2850.0,401.4
2024-10-29,Pune,Pune,Potato,2000,3700,2850.0,374.1
2024-10-30,Pune,Pune,Potato,2000,3800,2900.0,406.1
2025-04-13,Pune,Pune,Potato,1000,2000,1500.0,
2025-04-14,Pune,Pune,Potato,1000,2000,1500.0,497.4
2025-04-15,Pune,Pune,Potato,1000,2000,1500.0,411.3
2025-04-16,Pune,Pune,Potato,1000,2000,1500.0,387.9
2025-04-17,Pune,Pune,Potato,1000,2000,1500.0,447.7
2025-04-18,Pune,Pune,Potato,1200,2000,1600.0,445.0
2025-04-20,Pune,Pune,Potato,1400,2000,1700.0,718.9
2025-04-21,Pune,Pune,Potato,1200,2100,1650.0,588.9
2025-04-23,Pune,Pune,Potato,1000,2100,1550.0,409.0
2025-04-24,Pune,Pune,Potato,1000,2100,1550.0,597.6
2025-04-25,Pune,Pune,Potato,1200,2100,1650.0,517.2
2025-04-27,Pune,Pune,Potato,1000,2100,1550.0,687.1
2025-04-28,Pune,Pune,Potato,1000,2100,1550.0,514.1
2025-04-29,Pune,Pune,Potato,1000,2100,1550.0,486.2
2025-04-30,Pune,Pune,Potato,1200,2200,1700.0,641.8
2025-05-02,Pune,Pune,Potato,1200,2200,1700.0,761.5
2025-05-04,Pune,Pune,Potato,1200,2100,1650.0,1017.4
2025-05-05,Pune,Pune,Potato,1200,2200,1700.0,425.7
2025-05-06,Pune,Pune,Potato,1000,2100,1550.0,646.1
2025-05-07,Pune,Pune,Potato,1000,2200,1600.0,649.0
2025-05-08,Pune,Pune,Potato,1000,2100,1550.0,676.2
2025-05-09,Pune,Pune,Potato,1300,2200,1750.0,641.0
2025-05-11,Pune,Pune,Potato,1300,2200,1750.0,620.6
2025-05-12,Pune,Pune,Potato,1200,2200,1700.0,360.2
2025-05-15,Pune,Pune,Potato,1300,2200,1750.0,517.1
2025-05-16,Pune,Pune,Potato,1400,2200,1800.0,643.9
2025-05-18,Pune,Pune,Potato,1200,2200,1700.0,795.5
2025-05-19,Pune,Pune,Potato,1200,2200,1700.0,593.7
2025-05-20,Pune,Pune,Potato,1300,2200,1750.0,512.2
2025-05-21,Pune,Pune,Potato,1200,2200,1700.0,529.7
2025-05-22,Pune,Pune,Potato,1200,2200,1700.0,454.9
2025-05-23,Pune,Pune,Potato,1200,2200,1700.0,361.9
2025-05-25,Pune,Pune,Potato,1300,2300,1800.0,566.3
2025-05-26,Pune,Pune,Potato,1400,2200,1800.0,556.1
2025-05-27,Pune,Pune,Potato,1300,2200,1750.0,506.3
2025-05-28,Pune,Pune,Potato,1300,2200,1750.0,458.8
2025-05-29,Pune,Pune,Potato,1400,2200,1800.0,585.2
2025-05-30,Pune,Pune,Potato,1400,2200,1800.0,488.3
2025-06-01,Pune,Pune,Potato,1400,2200,1800.0,971.4
2025-06-03,Pune,Pune,Potato,1400,2200,1800.0,547.9
2025-06-04,Pune,Pune,Potato,1400,2200,1800.0,499.8
2025-06-05,Pune,Pune,Potato,1400,2200,1800.0,608.5
2025-06-06,Pune,Pune,Potato,1500,2200,1850.0,706.8
2025-06-08,Pune,Pune,Potato,1400,2200,1800.0,995.4
2025-06-09,Pune,Pune,Potato,1400,2200,1800.0,622.6
2025-06-10,Pune,Pune,Potato,1400,2200,1800.0,367.0
2025-06-11,Pune,Pune,Potato,1200,2200,1700.0,529.0
2025-06-12,Pune,Pune,Potato,1300,2200,1750.0,368.0
2025-06-13,Pune,Pune,Potato,1200,2200,1700.0,631.4
2025-06-15,Pune,Pune,Potato,1400,2200,1800.0,896.7
2025-06-16,Pune,Pune,Potato,1200,2200,1700.0,545.9
2025-06-17,Pune,Pune,Potato,1400,2200,1800.0,595.9
2025-06-18,Pune,Pune,Potato,1400,2100,1750.0,483.0
2025-06-19,Pune,Pune,Potato,1300,2200,1650.0,457.8
2025-06-20,Pune,Pune,Potato,1300,2100,1700.0,376.4
2025-06-22,Pune,Pune,Potato,1400,2200,1800.0,673.3
2025-06-23,Pune,Pune,Potato,1400,2200,1800.0,676.3
2025-06-24,Pune,Pune,Potato,1500,2200,1850.0,446.9
2025-06-25,Pune,Pune,Potato,1300,2200,1750.0,758.2
2025-06-26,Pune,Pune,Potato,1300,2100,1700.0,597.5
2025-06-27,Pune,Pune,Potato,1300,2100,1700.0,597.5
2025-06-29,Pune,Pune,Potato,1300,2000,1550.0,936.6
2025-06-30,Pune,Pune,Potato,1300,2100,1700.0,452.8
2025-07-01,Pune,Pune,Potato,1300,2100,1700.0,524.9
2025-07-03,Pune,Pune,Potato,1400,2100,1750.0,500.5
2025-07-04,Pune,Pune,Potato,1400,2100,1750.0,732.7
2025-07-06,Pune,Pune,Potato,1300,2100,1700.0,1205.4
2025-07-07,Pune,Pune,Potato,1300,2100,1700.0,602.9
2025-07-09,Pune,Pune,Potato,1300,2000,1650.0,392.7
2025-07-10,Pune,Pune,Potato,1300,2000,1650.0,1352.6
2025-07-11,Pune,Pune,Potato,1200,2000,1600.0,642.8
2025-07-13,Pune,Pune,Potato,1200,2000,1600.0,892.7
2025-07-15,Pune,Pune,Potato,1000,1900,1450.0,611.5
2025-07-16,Pune,Pune,Potato,900,2000,1450.0,654.7
2025-07-17,Pune,Pune,Potato,800,1900,1350.0,726.1
2025-07-20,Pune,Pune,Potato,1000,1800,1400.0,752.0
2025-07-21,Pune,Pune,Potato,1000,1900,1450.0,692.6
2025-07-22,Pune,Pune,Potato,1000,1800,1400.0,662.1
2025-07-23,Pune,Pune,Potato,1000,1800,1400.0,545.5
2025-07-24,Pune,Pune,Potato,1000,1900,1450.0,509.7
2025-07-25,Pune,Pune,Potato,1000,1800,1400.0,583.0
2025-07-27,Pune,Pune,Potato,1000,1800,1400.0,971.4
2025-07-28,Pune,Pune,Potato,1000,1800,1400.0,425.8
2025-07-29,Pune,Pune,Potato,1000,1800,1400.0,525.5
2025-07-30,Pune,Pune,Potato,1200,1800,1500.0,408.5
2025-07-31,Pune,Pune,Potato,1400,1800,1600.0,618.0
2025-08-01,Pune,Pune,Potato,1200,1800,1500.0,810.6
2025-08-03,Pune,Pune,Potato,1000,1700,1350.0,1140.4
2025-08-04,Pune,Pune,Potato,1000,1700,1350.0,850.4
2025-08-05,Pune,Pune,Potato,1000,1700,1350.0,605.3
2025-08-06,Pune,Pune,Potato,1000,1700,1350.0,456.3
2025-08-07,Pune,Pune,Potato,1000,1700,1350.0,629.4
2025-08-08,Pune,Pune,Potato,1200,1800,1500.0,582.7
2025-08-10,Pune,Pune,Potato,1200,1800,1500.0,1013.5
2025-08-11,Pune,Pune,Potato,1200,1800,1500.0,557.7
2025-08-12,Pune,Pune,Potato,1200,1800,1500.0,617.0
2025-08-13,Pune,Pune,Potato,1200,1800,1500.0,687.0
2025-08-14,Pune,Pune,Potato,1300,1900,1600.0,827.8
2025-08-17,Pune,Pune,Potato,1200,1800,1500.0,1106.4
2025-08-18,Pune,Pune,Potato,1200,1800,1500.0,638.9
2025-08-19,Pune,Pune,Potato,1200,1800,1500.0,643.3
2025-08-20,Pune,Pune,Potato,1000,1900,1450.0,652.7
2025-08-21,Pune,Pune,Potato,1000,1900,1450.0,763.3
2025-08-22,Pune,Pune,Potato,1000,1900,1450.0,585.4
2025-08-24,Pune,Pune,Potato,1000,1900,1450.0,799.3
2025-08-25,Pune,Pune,Potato,1200,2000,1600.0,882.6
2025-08-26,Pune,Pune,Potato,1000,2000,1500.0,846.5
2025-08-27,Pune,Pune,Potato,800,2000,1400.0,802.8
2025-08-28,Pune,Pune,Potato,800,2000,1400.0,642.7
2025-08-31,Pune,Pune,Potato,1000,1900,1450.0,1100.8
2025-09-01,Pune,Pune,Potato,1000,1900,1450.0,638.3
2025-09-02,Pune,Pune,Potato,1000,1900,1450.0,562.3
2025-09-03,Pune,Pune,Potato,1000,1900,1450.0,553.4
2025-09-04,Pune,Pune,Potato,1000,1800,1400.0,714.4
2025-09-05,Pune,Pune,Potato,1200,1800,1500.0,644.3
2025-09-08,Pune,Pune,Potato,1500,1900,1700.0,1047.5
2025-09-09,Pune,Pune,Potato,1200,2000,1600.0,415.2
2025-09-10,Pune,Pune,Potato,1300,2000,1650.0,301.5
2025-09-11,Pune,Pune,Potato,1200,2000,1600.0,165.0
2025-09-12,Pune,Pune,Potato,1200,1900,1650.0,649.1
2025-09-14,Pune,Pune,Potato,1000,1900,1450.0,1161.9
2025-09-15,Pune,Pune,Potato,1000,1800,1400.0,533.2
2025-09-16,Pune,Pune,Potato,800,1800,1300.0,802.6
2025-09-17,Pune,Pune,Potato,800,1800,1300.0,615.9
2025-09-18,Pune,Pune,Potato,1000,1800,1400.0,479.0
2025-09-19,Pune,Pune,Potato,1000,1800,1400.0,343.1
2025-09-21,Pune,Pune,Potato,1200,1800,1500.0,1015.1
2025-09-22,Pune,Pune,Potato,1200,1800,1500.0,910.0
2025-09-23,Pune,Pune,Potato,1200,2000,1600.0,568.8
2025-09-24,Pune,Pune,Potato,1400,2200,1800.0,617.0
2025-09-25,Pune,Pune,Potato,1300,2300,1800.0,899.4
2025-09-26,Pune,Pune,Potato,1200,1800,1500.0,830.6
2025-09-28,Pune,Pune,Potato,1200,2100,1650.0,1348.6
2025-09-29,Pune,Pune,Potato,1200,2200,1700.0,682.5
2025-09-30,Pune,Pune,Potato,1000,1800,1400.0,716.2
2025-10-01,Pune,Pune,Potato,900,2100,1500.0,710.0
2025-10-02,Pune,Pune,Potato,800,2100,1450.0,536.3
2025-10-03,Pune,Pune,Potato,900,2100,1500.0,715.5
2025-10-05,Pune,Pune,Potato,1000,2100,1550.0,1120.6
2025-10-06,Pune,Pune,Potato,1000,2100,1550.0,804.8
2025-10-07,Pune,Pune,Potato,1000,2100,1550.0,816.5
2025-10-08,Pune,Pune,Potato,1100,2000,1550.0,681.9
2025-10-09,Pune,Pune,Potato,1000,1900,1450.0,1124.0
2025-10-12,Pune,Pune,Potato,1000,1900,1450.0,1023.8
2025-10-13,Pune,Pune,Potato,1000,1800,1400.0,760.6
2025-10-14,Pune,Pune,Potato,1000,1800,1400.0,702.7
2025-10-15,Pune,Pune,Potato,1000,1800,1400.0,896.2
2025-10-16,Pune,Pune,Potato,1200,2000,1600.0,689.5
2025-10-19,Pune,Pune,Potato,1000,2100,1550.0,788.3
2025-10-20,Pune,Pune,Potato,1200,2000,1600.0,454.5
2025-10-21,Pune,Pune,Potato,1400,2000,1700.0,444.4
2025-10-22,Pune,Pune,Potato,1300,2100,1700.0,452.9
2025-10-24,Pune,Pune,Potato,1400,2000,1700.0,633.2
2025-10-26,Pune,Pune,Potato,1800,2500,2150.0,751.7
2025-10-27,Pune,Pune,Potato,1800,2600,2200.0,556.5
2025-10-28,Pune,Pune,Potato,1500,2700,2100.0,881.7
2025-10-29,Pune,Pune,Potato,1300,2500,1900.0,915.1
2025-10-30,Pune,Pune,Potato,1300,2600,1950.0,843.5
2025-04-20,Pune,Khadki,Tomato,700,1400,1050.0,
2025-04-21,Pune,Khadki,Tomato,900,1100,1000.0,
2025-04-22,Pune,Khadki,Tomato,1000,1500,1250.0,
2025-04-23,Pune,Khadki,Tomato,1000,1600,1400.0,
2025-04-24,Pune,Khadki,Tomato,1000,1700,1350.0,
2025-04-25,Pune,Khadki,Tomato,600,1300,950.0,
2025-04-26,Pune,Khadki,Tomato,700,1300,1000.0,
2025-04-27,Pune,Khadki,Tomato,700,1400,1050.0,
2025-04-28,Pune,Khadki,Tomato,1000,1600,1300.0,
2025-04-30,Pune,Khadki,Tomato,800,1300,1050.0,
2025-05-02,Pune,Khadki,Tomato,700,1200,950.0,
2025-05-03,Pune,Khadki,Tomato,700,1300,1000.0,
2025-05-04,Pune,Khadki,Tomato,1000,1400,1200.0,
2025-05-05,Pune,Khadki,Tomato,600,1300,950.0,
2025-05-06,Pune,Khadki,Tomato,700,1300,1000.0,
2025-05-07,Pune,Khadki,Tomato,800,1600,1200.0,
2025-05-08,Pune,Khadki,Tomato,1000,1500,1250.0,
2025-05-10,Pune,Khadki,Tomato,600,1300,950.0,
2025-05-12,Pune,Khadki,Tomato,1000,1600,1300.0,
2025-05-13,Pune,Khadki,Tomato,700,1300,1000.0,
2025-05-15,Pune,Khadki,Tomato,600,1300,950.0,
2025-05-16,Pune,Khadki,Tomato,700,1200,950.0,
2025-05-17,Pune,Khadki,Tomato,700,1200,950.0,
2025-05-18,Pune,Khadki,Tomato,600,1200,900.0,
2025-05-19,Pune,Khadki,Tomato,700,1200,950.0,
2025-05-20,Pune,Khadki,Tomato,800,1400,1100.0,
2025-05-21,Pune,Khadki,Tomato,800,1400,1100.0,
2025-05-22,Pune,Khadki,Tomato,900,1400,1150.0,
2025-05-23,Pune,Khadki,Tomato,800,1400,1200.0,
2025-05-24,Pune,Khadki,Tomato,700,1400,1050.0,
2025-05-25,Pune,Khadki,Tomato,1000,1400,1200.0,
2025-05-27,Pune,Khadki,Tomato,1000,1300,1150.0,
2025-05-28,Pune,Khadki,Tomato,1000,1600,1300.0,
2025-05-29,Pune,Khadki,Tomato,900,1400,1150.0,
2025-05-30,Pune,Khadki,Tomato,1000,1400,1200.0,
2025-05-31,Pune,Khadki,Tomato,1000,1400,1200.0,
2025-06-03,Pune,Khadki,Tomato,900,1500,1200.0,
2025-06-04,Pune,Khadki,Tomato,1000,1500,1250.0,
2025-06-05,Pune,Khadki,Tomato,1000,1800,1400.0,
2025-06-06,Pune,Khadki,Tomato,1000,1800,1400.0,
2025-06-07,Pune,Khadki,Tomato,1000,1700,1350.0,
2025-06-08,Pune,Khadki,Tomato,1100,1800,1450.0,
2025-06-09,Pune,Khadki,Tomato,1000,1700,1350.0,
2025-06-10,Pune,Khadki,Tomato,1300,2100,1700.0,
2025-06-11,Pune,Khadki,Tomato,1000,1700,1350.0,
2025-06-12,Pune,Khadki,Tomato,800,1700,1150.0,
2025-06-13,Pune,Khadki,Tomato,1100,1900,1500.0,
2025-06-14,Pune,Khadki,Tomato,1000,1600,1300.0,
2025-06-15,Pune,Khadki,Tomato,1000,1800,1400.0,
2025-06-16,Pune,Khadki,Tomato,1000,1800,1400.0,
2025-06-17,Pune,Khadki,Tomato,1200,1700,1450.0,
2025-06-18,Pune,Khadki,Tomato,1200,1800,1500.0,
2025-06-19,Pune,Khadki,Tomato,1000,1700,1350.0,
2025-06-20,Pune,Khadki,Tomato,1000,1700,1350.0,
2025-06-21,Pune,Khadki,Tomato,800,1400,1100.0,
2025-06-23,Pune,Khadki,Tomato,1200,1800,1500.0,
2025-06-24,Pune,Khadki,Tomato,1000,1800,1400.0,
2025-06-26,Pune,Khadki,Tomato,1000,1600,1300.0,
2025-06-27,Pune,Khadki,Tomato,1000,1300,1150.0,
2025-06-28,Pune,Khadki,Tomato,700,1300,1000.0,
2025-06-29,Pune,Khadki,Tomato,1000,1600,1300.0,
2025-07-01,Pune,Khadki,Tomato,1000,1600,1300.0,
2025-07-02,Pune,Khadki,Tomato,1000,1600,1300.0,
2025-07-03,Pune,Khadki,Tomato,700,1400,1050.0,
2025-07-04,Pune,Khadki,Tomato,900,1600,1250.0,
2025-07-05,Pune,Khadki,Tomato,700,1300,1000.0,
2025-07-06,Pune,Khadki,Tomato,1000,1700,1350.0,
2025-07-07,Pune,Khadki,Tomato,1000,1600,1300.0,
2025-07-08,Pune,Khadki,Tomato,1000,1800,1400.0,
2025-07-09,Pune,Khadki,Tomato,900,1400,1150.0,
2025-07-10,Pune,Khadki,Tomato,1000,1700,1350.0,
2025-07-11,Pune,Khadki,Tomato,1200,1800,1500.0,
2025-07-12,Pune,Khadki,Tomato,1000,1600,1300.0,
2025-07-13,Pune,Khadki,Tomato,1000,1700,1350.0,
2025-07-14,Pune,Khadki,Tomato,1300,1800,1550.0,
2025-07-16,Pune,Khadki,Tomato,1000,1800,1400.0,
2025-07-18,Pune,Khadki,Tomato,1000,1600,1300.0,
2025-07-19,Pune,Khadki,Tomato,700,1300,1000.0,
2025-07-20,Pune,Khadki,Tomato,1000,1600,1300.0,
2025-07-21,Pune,Khadki,Tomato,1000,1600,1300.0,
2025-07-22,Pune,Khadki,Tomato,1000,1300,1150.0,
2025-07-23,Pune,Khadki,Tomato,1000,1500,1250.0,
2025-07-24,Pune,Khadki,Tomato,800,1600,1200.0,
2025-07-25,Pune,Khadki,Tomato,1000,1600,1300.0,
2025-07-27,Pune,Khadki,Tomato,1000,1800,1400.0,
2025-07-28,Pune,Khadki,Tomato,1200,1800,1500.0,
2025-07-29,Pune,Khadki,Tomato,1000,1800,1400.0,
2025-07-30,Pune,Khadki,Tomato,1000,1800,1400.0,
2025-07-31,Pune,Khadki,Tomato,1300,2400,1850.0,
2025-08-01,Pune,Khadki,Tomato,1300,2000,1650.0,
2025-08-02,Pune,Khadki,Tomato,1300,1900,1600.0,
2025-08-03,Pune,Khadki,Tomato,1000,2000,1500.0,
2025-08-04,Pune,Khadki,Tomato,1300,2000,1650.0,
2025-08-05,Pune,Khadki,Tomato,1200,2000,1600.0,
2025-08-06,Pune,Khadki,Tomato,1000,2000,1500.0,
2025-08-07,Pune,Khadki,Tomato,1200,2000,1600.0,
2025-08-10,Pune,Khadki,Tomato,1200,2000,1600.0,
2025-08-11,Pune,Khadki,Tomato,1200,2000,1600.0,
2025-08-12,Pune,Khadki,Tomato,1000,2000,1500.0,
2025-08-13,Pune,Khadki,Tomato,1000,1800,1400.0,
2025-08-14,Pune,Khadki,Tomato,1000,1900,1450.0,
2025-08-16,Pune,Khadki,Tomato,1000,2000,1500.0,
2025-08-17,Pune,Khadki,Tomato,1000,2000,1500.0,
2025-08-20,Pune,Khadki,Tomato,1200,2000,1600.0,
2025-08-21,Pune,Khadki,Tomato,1000,1800,1400.0,
2025-08-22,Pune,Khadki,Tomato,1000,1900,1450.0,
2025-08-24,Pune,Khadki,Tomato,1000,2000,1500.0,
2025-08-25,Pune,Khadki,Tomato,1000,2000,1500.0,
2025-08-26,Pune,Khadki,Tomato,1100,2000,1550.0,
2025-08-27,Pune,Khadki,Tomato,1000,2000,1500.0,
2025-08-28,Pune,Khadki,Tomato,1000,1800,1400.0,
2025-08-29,Pune,Khadki,Tomato,800,1700,1250.0,
2025-08-31,Pune,Khadki,Tomato,1000,2000,1500.0,
2025-09-01,Pune,Khadki,Tomato,1000,2000,1500.0,
2025-09-02,Pune,Khadki,Tomato,800,2000,1400.0,
2025-09-03,Pune,Khadki,Tomato,1000,2000,1500.0,
2025-09-04,Pune,Khadki,Tomato,1000,1800,1400.0,
2025-09-05,Pune,Khadki,Tomato,1000,1800,1400.0,
2025-09-08,Pune,Khadki,Tomato,1300,1300,1300.0,
2025-09-09,Pune,Khadki,Tomato,1000,1300,1150.0,
2025-09-10,Pune,Khadki,Tomato,800,2000,1400.0,
2025-09-11,Pune,Khadki,Tomato,800,2000,1400.0,
2025-09-12,Pune,Khadki,Tomato,700,2000,1350.0,
2025-09-13,Pune,Khadki,Tomato,700,2000,1350.0,
2025-09-14,Pune,Khadki,Tomato,700,1000,850.0,
2025-09-15,Pune,Khadki,Tomato,1000,1600,1300.0,
2025-09-16,Pune,Khadki,Tomato,700,1000,850.0,
2025-09-18,Pune,Khadki,Tomato,800,900,850.0,
2025-09-19,Pune,Khadki,Tomato,700,800,750.0,
2025-09-20,Pune,Khadki,Tomato,200,1000,600.0,
2025-09-21,Pune,Khadki,Tomato,600,1300,950.0,
2025-09-23,Pune,Khadki,Tomato,700,850,780.0,
2025-09-24,Pune,Khadki,Tomato,700,800,750.0,
2025-09-25,Pune,Khadki,Tomato,600,800,700.0,
2025-09-26,Pune,Khadki,Tomato,1000,1700,1350.0,
2025-09-27,Pune,Khadki,Tomato,700,800,750.0,
2025-10-30,Pune,Khadki,Tomato,1100,1200,1150.0,
2025-04-20,Pune,Khed(Chakan),Tomato,1000,1400,1200.0,
2025-04-22,Pune,Khed(Chakan),Tomato,800,1200,1000.0,
2025-04-23,Pune,Khed(Chakan),Tomato,1000,1500,1250.0,
2025-04-24,Pune,Khed(Chakan),Tomato,700,1200,1000.0,
2025-04-25,Pune,Khed(Chakan),Tomato,800,1200,1000.0,
2025-04-26,Pune,Khed(Chakan),Tomato,800,1400,1100.0,
2025-04-27,Pune,Khed(Chakan),Tomato,800,1200,1000.0,
2025-04-29,Pune,Khed(Chakan),Tomato,800,1200,1000.0,
2025-04-30,Pune,Khed(Chakan),Tomato,1000,1600,1400.0,
2025-05-02,Pune,Khed(Chakan),Tomato,800,1500,1000.0,
2025-05-06,Pune,Khed(Chakan),Tomato,1000,1500,1250.0,
2025-05-07,Pune,Khed(Chakan),Tomato,600,1000,800.0,
2025-05-08,Pune,Khed(Chakan),Tomato,800,1200,1000.0,
2025-05-09,Pune,Khed(Chakan),Tomato,600,1200,800.0,
2025-05-10,Pune,Khed(Chakan),Tomato,800,1200,1000.0,
2025-05-11,Pune,Khed(Chakan),Tomato,1000,1400,1200.0,
2025-05-13,Pune,Khed(Chakan),Tomato,1000,1500,1250.0,
2025-05-15,Pune,Khed(Chakan),Tomato,1000,1500,1250.0,
2025-05-16,Pune,Khed(Chakan),Tomato,1000,1500,1250.0,
2025-05-17,Pune,Khed(Chakan),Tomato,1200,1800,1500.0,
2025-05-18,Pune,Khed(Chakan),Tomato,1000,1800,1600.0,
2025-05-20,Pune,Khed(Chakan),Tomato,1000,1500,1200.0,
2025-05-21,Pune,Khed(Chakan),Tomato,800,1500,1200.0,
2025-05-22,Pune,Khed(Chakan),Tomato,1000,1500,1300.0,
2025-05-23,Pune,Khed(Chakan),Tomato,1000,1500,1200.0,
2025-05-24,Pune,Khed(Chakan),Tomato,2000,3000,2500.0,
2025-05-29,Pune,Khed(Chakan),Tomato,2000,3000,2500.0,
2025-05-30,Pune,Khed(Chakan),Tomato,1500,2500,2000.0,
2025-05-31,Pune,Khed(Chakan),Tomato,1000,1800,1400.0,
2025-06-01,Pune,Khed(Chakan),Tomato,1000,2000,1500.0,
2025-06-03,Pune,Khed(Chakan),Tomato,1000,2000,1500.0,
2025-06-04,Pune,Khed(Chakan),Tomato,1000,2000,1500.0,
2025-06-05,Pune,Khed(Chakan),Tomato,1000,2000,1500.0,
2025-06-06,Pune,Khed(Chakan),Tomato,1200,2000,1600.0,
2025-06-07,Pune,Khed(Chakan),Tomato,1000,2000,1500.0,
2025-06-08,Pune,Khed(Chakan),Tomato,1000,1500,1250.0,
2025-06-10,Pune,Khed(Chakan),Tomato,1000,2000,1500.0,
2025-06-11,Pune,Khed(Chakan),Tomato,1000,1800,1400.0,
2025-06-12,Pune,Khed(Chakan),Tomato,1500,2500,2000.0,
2025-06-13,Pune,Khed(Chakan),Tomato,2000,3000,2500.0,
2025-06-14,Pune,Khed(Chakan),Tomato,1000,2000,1500.0,
2025-06-15,Pune,Khed(Chakan),Tomato,2000,3000,2500.0,
2025-06-17,Pune,Khed(Chakan),Tomato,1500,2500,2000.0,
2025-06-18,Pune,Khed(Chakan),Tomato,1000,1500,1300.0,
2025-06-19,Pune,Khed(Chakan),Tomato,1500,2000,1800.0,
2025-06-20,Pune,Khed(Chakan),Tomato,1000,2000,1500.0,
2025-06-21,Pune,Khed(Chakan),Tomato,1000,2000,1500.0,
2025-06-22,Pune,Khed(Chakan),Tomato,1000,2000,1500.0,
2025-06-24,Pune,Khed(Chakan),Tomato,1500,2000,1600.0,
2025-06-25,Pune,Khed(Chakan),Tomato,1000,1600,1400.0,
2025-06-26,Pune,Khed(Chakan),Tomato,800,1400,1100.0,
2025-06-27,Pune,Khed(Chakan),Tomato,800,1400,1000.0,
2025-06-28,Pune,Khed(Chakan),Tomato,800,1200,1000.0,
2025-06-29,Pune,Khed(Chakan),Tomato,1200,1800,1600.0,
2025-07-01,Pune,Khed(Chakan),Tomato,1000,1800,1500.0,
2025-07-03,Pune,Khed(Chakan),Tomato,1000,2000,1500.0,
2025-07-04,Pune,Khed(Chakan),Tomato,1000,2000,1500.0,
2025-07-05,Pune,Khed(Chakan),Tomato,1000,1800,1400.0,
2025-07-06,Pune,Khed(Chakan),Tomato,1500,2500,2000.0,
2025-07-08,Pune,Khed(Chakan),Tomato,2000,2500,2200.0,
2025-07-09,Pune,Khed(Chakan),Tomato,1800,2200,2000.0,
2025-07-10,Pune,Khed(Chakan),Tomato,1500,2500,2000.0,
2025-07-11,Pune,Khed(Chakan),Tomato,1000,1500,1200.0,
2025-07-12,Pune,Khed(Chakan),Tomato,1500,2500,2000.0,
2025-07-13,Pune,Khed(Chakan),Tomato,1500,2500,2000.0,
2025-07-15,Pune,Khed(Chakan),Tomato,1000,2000,1500.0,
2025-07-16,Pune,Khed(Chakan),Tomato,1000,1500,1200.0,
2025-07-23,Pune,Khed(Chakan),Tomato,1000,2000,1500.0,
2025-07-24,Pune,Khed(Chakan),Tomato,1500,2500,2000.0,
2025-07-25,Pune,Khed(Chakan),Tomato,2500,3500,3000.0,
2025-07-26,Pune,Khed(Chakan),Tomato,2000,3000,2500.0,
2025-07-27,Pune,Khed(Chakan),Tomato,3500,4500,4000.0,
2025-07-29,Pune,Khed(Chakan),Tomato,3500,5000,4500.0,
2025-07-30,Pune,Khed(Chakan),Tomato,3000,5000,4000.0,
2025-07-31,Pune,Khed(Chakan),Tomato,3000,4500,3500.0,
2025-08-01,Pune,Khed(Chakan),Tomato,3000,4500,3500.0,
2025-08-02,Pune,Khed(Chakan),Tomato,3000,5000,4500.0,
2025-08-03,Pune,Khed(Chakan),Tomato,3000,4500,3500.0,
2025-08-05,Pune,Khed(Chakan),Tomato,3000,4000,3500.0,
2025-08-06,Pune,Khed(Chakan),Tomato,3000,5000,4000.0,
2025-08-07,Pune,Khed(Chakan),Tomato,3000,4000,3500.0,
2025-08-08,Pune,Khed(Chakan),Tomato,2500,3500,3000.0,
2025-08-09,Pune,Khed(Chakan),Tomato,2000,3500,3000.0,
2025-08-10,Pune,Khed(Chakan),Tomato,3000,4500,3500.0,
2025-08-12,Pune,Khed(Chakan),Tomato,2000,4000,3000.0,
2025-08-13,Pune,Khed(Chakan),Tomato,2000,4000,3000.0,
2025-08-14,Pune,Khed(Chakan),Tomato,2000,3500,2500.0,
2025-08-16,Pune,Khed(Chakan),Tomato,1500,3000,2250.0,
2025-08-17,Pune,Khed(Chakan),Tomato,1500,3000,2500.0,
2025-08-19,Pune,Khed(Chakan),Tomato,2000,3500,2500.0,
2025-08-20,Pune,Khed(Chakan),Tomato,1500,3000,2200.0,
2025-08-22,Pune,Khed(Chakan),Tomato,1500,3000,2250.0,
2025-08-24,Pune,Khed(Chakan),Tomato,2000,3000,2500.0,
2025-08-26,Pune,Khed(Chakan),Tomato,1000,2000,1500.0,
2025-08-27,Pune,Khed(Chakan),Tomato,1000,1500,1200.0,
2025-08-28,Pune,Khed(Chakan),Tomato,800,1200,1000.0,
2025-08-29,Pune,Khed(Chakan),Tomato,1000,2000,1500.0,
2025-08-31,Pune,Khed(Chakan),Tomato,1000,2000,1500.0,
2025-09-02,Pune,Khed(Chakan),Tomato,1000,2000,1500.0,
2025-09-03,Pune,Khed(Chakan),Tomato,800,1200,1000.0,
2025-09-04,Pune,Khed(Chakan),Tomato,1000,2000,1500.0,
2025-09-05,Pune,Khed(Chakan),Tomato,1000,2000,1500.0,
2025-09-06,Pune,Khed(Chakan),Tomato,1000,2000,1500.0,
2025-09-07,Pune,Khed(Chakan),Tomato,800,1500,1200.0,
2025-09-09,Pune,Khed(Chakan),Tomato,500,1200,900.0,
2025-09-10,Pune,Khed(Chakan),Tomato,800,1600,1200.0,
2025-09-11,Pune,Khed(Chakan),Tomato,1000,1600,1300.0,
2025-09-12,Pune,Khed(Chakan),Tomato,800,1500,1000.0,
2025-09-13,Pune,Khed(Chakan),Tomato,800,1400,1000.0,
2025-09-14,Pune,Khed(Chakan),Tomato,800,1500,1200.0,
2025-09-16,Pune,Khed(Chakan),Tomato,1000,1400,1200.0,
2025-09-17,Pune,Khed(Chakan),Tomato,800,1200,1000.0,
2025-09-18,Pune,Khed(Chakan),Tomato,700,1200,900.0,
2025-09-19,Pune,Khed(Chakan),Tomato,700,1200,900.0,
2025-09-21,Pune,Khed(Chakan),Tomato,1000,2000,1500.0,
2025-09-23,Pune,Khed(Chakan),Tomato,600,1200,900.0,
2025-09-24,Pune,Khed(Chakan),Tomato,1000,1600,1200.0,
2025-09-25,Pune,Khed(Chakan),Tomato,1000,1600,1200.0,
2025-09-26,Pune,Khed(Chakan),Tomato,800,1200,1000.0,
2025-09-27,Pune,Khed(Chakan),Tomato,1000,1800,1400.0,
2025-10-30,Pune,Khed(Chakan),Tomato,600,1000,800.0,
2025-04-21,Pune,Manchar,Tomato,1500,2700,2150.0,
2025-04-22,Pune,Manchar,Tomato,1500,2700,2150.0,
2025-04-23,Pune,Manchar,Tomato,1500,2250,1875.0,
2025-04-24,Pune,Manchar,Tomato,2000,2700,2350.0,
2025-04-29,Pune,Manchar,Tomato,1500,3080,2290.0,
2025-05-06,Pune,Manchar,Tomato,500,2700,1650.0,
2025-05-07,Pune,Manchar,Tomato,1000,3000,2100.0,
2025-05-08,Pune,Manchar,Tomato,2300,2300,2300.0,
2025-05-09,Pune,Manchar,Tomato,1000,2500,1800.0,
2025-05-20,Pune,Manchar,Tomato,2100,3400,2800.0,
2025-05-22,Pune,Manchar,Tomato,1850,3200,2550.0,
2025-05-25,Pune,Manchar,Tomato,2300,4210,3255.0,
2025-05-27,Pune,Manchar,Tomato,1800,3000,2400.0,
2025-05-28,Pune,Manchar,Tomato,2020,3650,2835.0,
2025-05-29,Pune,Manchar,Tomato,1000,3600,2300.0,
2025-06-03,Pune,Manchar,Tomato,2250,4150,3200.0,
2025-06-04,Pune,Manchar,Tomato,400,2800,1650.0,
2025-06-05,Pune,Manchar,Tomato,1800,3300,2550.0,
2025-06-08,Pune,Manchar,Tomato,2000,3700,2900.0,
2025-06-09,Pune,Manchar,Tomato,2200,4150,3175.0,
2025-06-16,Pune,Manchar,Tomato,2500,6000,4255.0,
2025-06-18,Pune,Manchar,Tomato,2000,4500,3300.0,
2025-06-19,Pune,Manchar,Tomato,2000,3800,2900.0,
2025-06-20,Pune,Manchar,Tomato,2300,4210,3300.0,
2025-06-24,Pune,Manchar,Tomato,1000,2700,1900.0,
2025-06-25,Pune,Manchar,Tomato,1500,3500,2500.0,
2025-06-26,Pune,Manchar,Tomato,2000,4000,3000.0,
2025-06-27,Pune,Manchar,Tomato,2000,4000,3100.0,
2025-06-29,Pune,Manchar,Tomato,2000,3800,2900.0,
2025-06-30,Pune,Manchar,Tomato,2500,5000,3800.0,
2025-07-02,Pune,Manchar,Tomato,2500,5000,3800.0,
2025-07-03,Pune,Manchar,Tomato,2000,4500,3250.0,
2025-07-04,Pune,Manchar,Tomato,2000,4150,3100.0,
2025-07-06,Pune,Manchar,Tomato,2500,5000,3750.0,
2025-07-07,Pune,Manchar,Tomato,2250,3000,2700.0,
2025-07-08,Pune,Manchar,Tomato,2250,4000,3125.0,
2025-07-11,Pune,Manchar,Tomato,3050,5100,4075.0,
2025-07-13,Pune,Manchar,Tomato,2470,4600,3535.0,
2025-07-14,Pune,Manchar,Tomato,1500,3600,2550.0,
2025-07-15,Pune,Manchar,Tomato,2250,4000,3125.0,
2025-07-18,Pune,Manchar,Tomato,1500,3750,2625.0,
2025-07-21,Pune,Manchar,Tomato,2000,3700,2850.0,
2025-07-22,Pune,Manchar,Tomato,2350,3800,3075.0,
2025-07-23,Pune,Manchar,Tomato,2850,5000,3925.0,
2025-07-24,Pune,Manchar,Tomato,3200,5900,5000.0,
2025-07-27,Pune,Manchar,Tomato,1800,6450,4125.0,
2025-08-01,Pune,Manchar,Tomato,4150,7500,5825.0,
2025-08-03,Pune,Manchar,Tomato,4150,7500,5825.0,
2025-08-04,Pune,Manchar,Tomato,1500,7500,4500.0,
2025-08-06,Pune,Manchar,Tomato,2000,7000,4500.0,
2025-08-13,Pune,Manchar,Tomato,3950,7000,5475.0,
2025-08-27,Pune,Manchar,Tomato,2000,4600,3300.0,
2025-09-01,Pune,Manchar,Tomato,2000,4000,3100.0,
2025-09-02,Pune,Manchar,Tomato,2300,4150,3225.0,
2025-09-03,Pune,Manchar,Tomato,2350,4000,3200.0,
2025-09-05,Pune,Manchar,Tomato,2450,4600,3525.0,
2025-09-07,Pune,Manchar,Tomato,2050,3600,2825.0,
2025-09-11,Pune,Manchar,Tomato,2400,4500,3500.0,
2025-09-14,Pune,Manchar,Tomato,2100,4000,3100.0,
2025-09-15,Pune,Manchar,Tomato,1750,3200,2500.0,
2025-09-16,Pune,Manchar,Tomato,600,3900,2300.0,
2025-09-24,Pune,Manchar,Tomato,2100,3500,2800.0,
2025-04-20,Pune,Manjri,Tomato,900,1400,1100.0,
2025-04-21,Pune,Manjri,Tomato,500,1500,1000.0,
2025-04-22,Pune,Manjri,Tomato,1000,1500,1200.0,
2025-04-23,Pune,Manjri,Tomato,1000,1200,1100.0,
2025-04-24,Pune,Manjri,Tomato,500,1200,800.0,
2025-04-25,Pune,Manjri,Tomato,400,900,600.0,
2025-04-26,Pune,Manjri,Tomato,400,900,600.0,
2025-04-27,Pune,Manjri,Tomato,500,1500,1000.0,
2025-04-28,Pune,Manjri,Tomato,900,1400,1100.0,
2025-04-30,Pune,Manjri,Tomato,1800,2300,2000.0,
2025-05-02,Pune,Manjri,Tomato,900,1800,1400.0,
2025-05-03,Pune,Manjri,Tomato,600,1600,1100.0,
2025-05-04,Pune,Manjri,Tomato,900,1400,1100.0,
2025-05-05,Pune,Manjri,Tomato,400,1400,900.0,
2025-05-06,Pune,Manjri,Tomato,400,1400,900.0,
2025-05-07,Pune,Manjri,Tomato,900,1800,1400.0,
2025-05-08,Pune,Manjri,Tomato,400,1000,700.0,
2025-05-09,Pune,Manjri,Tomato,1000,2500,1800.0,
2025-05-10,Pune,Manjri,Tomato,900,1800,1400.0,
2025-05-11,Pune,Manjri,Tomato,900,1400,1100.0,
2025-05-12,Pune,Manjri,Tomato,400,1800,1100.0,
2025-05-15,Pune,Manjri,Tomato,900,1800,1400.0,
2025-05-16,Pune,Manjri,Tomato,900,1800,1400.0,
2025-05-17,Pune,Manjri,Tomato,900,1800,1400.0,
2025-05-18,Pune,Manjri,Tomato,1400,2300,1800.0,
2025-05-19,Pune,Manjri,Tomato,400,1400,900.0,
2025-05-20,Pune,Manjri,Tomato,1000,2000,1500.0,
2025-05-21,Pune,Manjri,Tomato,1400,1800,1600.0,
2025-05-22,Pune,Manjri,Tomato,1800,3200,2500.0,
2025-05-23,Pune,Manjri,Tomato,2300,4000,3000.0,
2025-05-24,Pune,Manjri,Tomato,2700,4000,3200.0,
2025-05-25,Pune,Manjri,Tomato,1000,4000,2500.0,
2025-05-26,Pune,Manjri,Tomato,900,1400,1100.0,
2025-05-27,Pune,Manjri,Tomato,600,900,700.0,
2025-05-28,Pune,Manjri,Tomato,3200,5400,4100.0,
2025-05-29,Pune,Manjri,Tomato,1800,4000,2700.0,
2025-05-30,Pune,Manjri,Tomato,1800,2700,2300.0,
2025-05-31,Pune,Manjri,Tomato,1400,2300,1800.0,
2025-06-01,Pune,Manjri,Tomato,1400,2300,1800.0,
2025-06-02,Pune,Manjri,Tomato,1400,2300,1800.0,
2025-06-03,Pune,Manjri,Tomato,1400,2300,1800.0,
2025-06-04,Pune,Manjri,Tomato,1400,2300,1800.0,
2025-06-05,Pune,Manjri,Tomato,1400,2300,1800.0,
2025-06-06,Pune,Manjri,Tomato,1400,2700,2000.0,
2025-06-07,Pune,Manjri,Tomato,1500,3000,2200.0,
2025-06-08,Pune,Manjri,Tomato,2000,2500,2200.0,
2025-06-09,Pune,Manjri,Tomato,1000,2500,1800.0,
2025-06-10,Pune,Manjri,Tomato,1000,2000,1500.0,
2025-06-11,Pune,Manjri,Tomato,2000,2500,2200.0,
2025-06-12,Pune,Manjri,Tomato,2000,3000,2500.0,
2025-06-13,Pune,Manjri,Tomato,2000,3500,2800.0,
2025-06-14,Pune,Manjri,Tomato,1500,3000,2200.0,
2025-06-15,Pune,Manjri,Tomato,2000,3000,2400.0,
2025-06-16,Pune,Manjri,Tomato,2000,3500,2800.0,
2025-06-17,Pune,Manjri,Tomato,2000,3000,2500.0,
2025-06-18,Pune,Manjri,Tomato,1000,2500,1800.0,
2025-06-19,Pune,Manjri,Tomato,500,1500,1000.0,
2025-06-20,Pune,Manjri,Tomato,1000,2500,1800.0,
2025-06-21,Pune,Manjri,Tomato,1500,3500,2500.0,
2025-06-22,Pune,Manjri,Tomato,500,1800,1200.0,
2025-06-23,Pune,Manjri,Tomato,1000,3000,2000.0,
2025-06-24,Pune,Manjri,Tomato,1000,3000,2000.0,
2025-06-25,Pune,Manjri,Tomato,1000,2500,1800.0,
2025-06-26,Pune,Manjri,Tomato,1000,2500,1800.0,
2025-06-27,Pune,Manjri,Tomato,1000,2500,1700.0,
2025-06-28,Pune,Manjri,Tomato,1000,2500,1800.0,
2025-06-29,Pune,Manjri,Tomato,1000,3000,1500.0,
2025-06-30,Pune,Manjri,Tomato,1000,3000,2000.0,
2025-07-01,Pune,Manjri,Tomato,1000,2000,1500.0,
2025-07-03,Pune,Manjri,Tomato,1500,3000,2200.0,
2025-07-04,Pune,Manjri,Tomato,1500,2500,2000.0,
2025-07-05,Pune,Manjri,Tomato,2000,3000,2500.0,
2025-07-06,Pune,Manjri,Tomato,3000,4000,3500.0,
2025-07-07,Pune,Manjri,Tomato,1500,4000,2800.0,
2025-07-08,Pune,Manjri,Tomato,1000,2000,1500.0,
2025-07-09,Pune,Manjri,Tomato,1500,3000,2200.0,
2025-07-10,Pune,Manjri,Tomato,1000,3000,2000.0,
2025-07-11,Pune,Manjri,Tomato,1500,3500,2500.0,
2025-07-12,Pune,Manjri,Tomato,1000,3500,2200.0,
2025-07-13,Pune,Manjri,Tomato,1000,3000,2000.0,
2025-07-14,Pune,Manjri,Tomato,1000,2000,1500.0,
2025-07-15,Pune,Manjri,Tomato,500,1500,1000.0,
2025-07-16,Pune,Manjri,Tomato,1000,2000,1500.0,
2025-07-17,Pune,Manjri,Tomato,1000,2000,1500.0,
2025-07-18,Pune,Manjri,Tomato,500,1500,1200.0,
2025-07-19,Pune,Manjri,Tomato,1000,2000,1500.0,
2025-07-20,Pune,Manjri,Tomato,1500,3500,2500.0,
2025-07-21,Pune,Manjri,Tomato,2000,4000,3000.0,
2025-07-22,Pune,Manjri,Tomato,1500,3000,2200.0,
2025-07-23,Pune,Manjri,Tomato,1500,3000,2000.0,
2025-07-24,Pune,Manjri,Tomato,1500,4000,3000.0,
2025-07-27,Pune,Manjri,Tomato,2500,4500,3500.0,
2025-07-28,Pune,Manjri,Tomato,3000,4000,3500.0,
2025-07-30,Pune,Manjri,Tomato,1500,3500,2500.0,
2025-07-31,Pune,Manjri,Tomato,1500,4000,2800.0,
2025-08-01,Pune,Manjri,Tomato,500,2000,1300.0,
2025-08-02,Pune,Manjri,Tomato,1500,4500,3000.0,
2025-08-03,Pune,Manjri,Tomato,2000,4500,3000.0,
2025-08-04,Pune,Manjri,Tomato,2500,5500,4000.0,
2025-08-05,Pune,Manjri,Tomato,2500,5000,4000.0,
2025-08-06,Pune,Manjri,Tomato,3000,5000,4000.0,
2025-08-07,Pune,Manjri,Tomato,1500,5000,3000.0,
2025-08-10,Pune,Manjri,Tomato,2000,5000,3200.0,
2025-08-11,Pune,Manjri,Tomato,2000,5500,4000.0,
2025-08-12,Pune,Manjri,Tomato,1500,3500,2500.0,
2025-08-13,Pune,Manjri,Tomato,2000,4000,3000.0,
2025-08-14,Pune,Manjri,Tomato,1500,3500,2500.0,
2025-08-16,Pune,Manjri,Tomato,1500,3500,2500.0,
2025-08-17,Pune,Manjri,Tomato,1500,3000,2500.0,
2025-08-19,Pune,Manjri,Tomato,1500,2500,2000.0,
2025-08-20,Pune,Manjri,Tomato,2500,4000,3000.0,
2025-08-21,Pune,Manjri,Tomato,2000,5000,4000.0,
2025-08-23,Pune,Manjri,Tomato,1500,3500,2500.0,
2025-08-25,Pune,Manjri,Tomato,1000,2500,1800.0,
2025-08-26,Pune,Manjri,Tomato,1000,2000,1500.0,
2025-08-27,Pune,Manjri,Tomato,1000,2000,1500.0,
2025-08-28,Pune,Manjri,Tomato,1000,2000,1500.0,
2025-09-01,Pune,Manjri,Tomato,2000,4000,3000.0,
2025-09-02,Pune,Manjri,Tomato,1500,3500,2500.0,
2025-09-03,Pune,Manjri,Tomato,1500,3000,2500.0,
2025-09-04,Pune,Manjri,Tomato,1500,2800,2200.0,
2025-09-05,Pune,Manjri,Tomato,1000,2500,1800.0,
2025-09-06,Pune,Manjri,Tomato,1000,2000,1500.0,
2025-09-08,Pune,Manjri,Tomato,1000,3000,2000.0,
2025-09-09,Pune,Manjri,Tomato,1000,2000,1500.0,
2025-09-10,Pune,Manjri,Tomato,1000,3000,2000.0,
2025-09-11,Pune,Manjri,Tomato,1000,2000,1500.0,
2025-09-12,Pune,Manjri,Tomato,1000,2000,1500.0,
2025-09-13,Pune,Manjri,Tomato,500,2000,1200.0,
2025-09-14,Pune,Manjri,Tomato,500,2000,1200.0,
2025-09-15,Pune,Manjri,Tomato,700,2000,1200.0,
2025-09-16,Pune,Manjri,Tomato,500,1500,1000.0,
2025-09-17,Pune,Manjri,Tomato,500,1500,1000.0,
2025-09-18,Pune,Manjri,Tomato,500,1500,1000.0,
2025-09-19,Pune,Manjri,Tomato,500,1000,800.0,
2025-09-20,Pune,Manjri,Tomato,500,1500,1000.0,
2025-09-21,Pune,Manjri,Tomato,1000,2000,1500.0,
2025-09-22,Pune,Manjri,Tomato,1000,3000,2000.0,
2025-09-23,Pune,Manjri,Tomato,1000,2000,1500.0,
2025-09-24,Pune,Manjri,Tomato,1000,3000,2000.0,
2025-09-25,Pune,Manjri,Tomato,500,1500,1000.0,
2025-09-27,Pune,Manjri,Tomato,1000,2000,1500.0,
2025-10-30,Pune,Manjri,Tomato,1000,2000,1500.0,
2025-04-20,Pune,Moshi,Tomato,700,1000,850.0,
2025-04-21,Pune,Moshi,Tomato,700,1000,850.0,
2025-04-22,Pune,Moshi,Tomato,700,1000,850.0,
2025-04-24,Pune,Moshi,Tomato,800,1000,900.0,
2025-04-25,Pune,Moshi,Tomato,700,1000,850.0,
2025-04-26,Pune,Moshi,Tomato,800,1000,900.0,
2025-04-27,Pune,Moshi,Tomato,800,1000,900.0,
2025-04-28,Pune,Moshi,Tomato,700,1000,850.0,
2025-04-29,Pune,Moshi,Tomato,800,1000,900.0,
2025-05-02,Pune,Moshi,Tomato,500,1000,750.0,
2025-05-03,Pune,Moshi,Tomato,500,1000,750.0,
2025-05-04,Pune,Moshi,Tomato,600,1000,800.0,
2025-05-05,Pune,Moshi,Tomato,800,1000,900.0,
2025-05-06,Pune,Moshi,Tomato,600,1000,800.0,
2025-05-08,Pune,Moshi,Tomato,800,1000,900.0,
2025-05-09,Pune,Moshi,Tomato,800,1000,900.0,
2025-05-10,Pune,Moshi,Tomato,700,1000,850.0,
2025-05-11,Pune,Moshi,Tomato,500,1000,750.0,
2025-05-12,Pune,Moshi,Tomato,800,1000,900.0,
2025-05-13,Pune,Moshi,Tomato,500,1000,750.0,
2025-05-15,Pune,Moshi,Tomato,500,1000,750.0,
2025-05-16,Pune,Moshi,Tomato,700,1000,850.0,
2025-05-17,Pune,Moshi,Tomato,800,1000,900.0,
2025-05-18,Pune,Moshi,Tomato,700,1500,1100.0,
2025-05-19,Pune,Moshi,Tomato,800,1000,900.0,
2025-05-20,Pune,Moshi,Tomato,800,1000,900.0,
2025-05-22,Pune,Moshi,Tomato,600,800,700.0,
2025-05-23,Pune,Moshi,Tomato,1000,1500,1250.0,
2025-05-24,Pune,Moshi,Tomato,600,1000,800.0,
2025-05-25,Pune,Moshi,Tomato,3000,4000,3500.0,
2025-05-26,Pune,Moshi,Tomato,1500,3000,2250.0,
2025-05-27,Pune,Moshi,Tomato,1000,1500,1250.0,
2025-05-29,Pune,Moshi,Tomato,2000,3000,2500.0,
2025-05-30,Pune,Moshi,Tomato,1000,3000,2000.0,
2025-05-31,Pune,Moshi,Tomato,1000,2000,1500.0,
2025-06-01,Pune,Moshi,Tomato,2000,3000,2500.0,
2025-06-02,Pune,Moshi,Tomato,2000,3000,2500.0,
2025-06-03,Pune,Moshi,Tomato,2000,3000,2500.0,
2025-06-05,Pune,Moshi,Tomato,1000,1500,1250.0,
2025-06-06,Pune,Moshi,Tomato,1500,2000,1750.0,
2025-06-07,Pune,Moshi,Tomato,1000,2000,1500.0,
2025-06-08,Pune,Moshi,Tomato,1000,2000,1500.0,
2025-06-09,Pune,Moshi,Tomato,1000,1500,1250.0,
2025-06-10,Pune,Moshi,Tomato,1000,1500,1250.0,
2025-06-12,Pune,Moshi,Tomato,1000,2500,1750.0,
2025-06-13,Pune,Moshi,Tomato,2000,3000,2500.0,
2025-06-14,Pune,Moshi,Tomato,1500,2500,2000.0,
2025-06-15,Pune,Moshi,Tomato,1500,2000,1750.0,
2025-06-16,Pune,Moshi,Tomato,1000,1500,1250.0,
2025-06-17,Pune,Moshi,Tomato,1000,1500,1250.0,
2025-06-19,Pune,Moshi,Tomato,1000,2000,1500.0,
2025-06-20,Pune,Moshi,Tomato,1000,2000,1500.0,
2025-06-21,Pune,Moshi,Tomato,1000,2000,1500.0,
2025-06-22,Pune,Moshi,Tomato,500,2000,1250.0,
2025-06-23,Pune,Moshi,Tomato,1500,2000,1750.0,
2025-06-24,Pune,Moshi,Tomato,1500,2000,1750.0,
2025-06-26,Pune,Moshi,Tomato,1000,2000,1500.0,
2025-06-27,Pune,Moshi,Tomato,1000,2000,1500.0,
2025-06-28,Pune,Moshi,Tomato,1000,2000,1500.0,
2025-06-29,Pune,Moshi,Tomato,1200,1500,1350.0,
2025-06-30,Pune,Moshi,Tomato,1000,1500,1250.0,
2025-07-01,Pune,Moshi,Tomato,1000,1500,1250.0,
2025-07-03,Pune,Moshi,Tomato,1000,1800,1400.0,
2025-07-04,Pune,Moshi,Tomato,1000,1500,1250.0,
2025-07-05,Pune,Moshi,Tomato,1000,2000,1500.0,
2025-07-06,Pune,Moshi,Tomato,1200,2000,1600.0,
2025-07-07,Pune,Moshi,Tomato,1000,1500,1250.0,
2025-07-08,Pune,Moshi,Tomato,1000,2000,1500.0,
2025-07-10,Pune,Moshi,Tomato,1500,2000,1750.0,
2025-07-11,Pune,Moshi,Tomato,1500,2000,1750.0,
2025-07-12,Pune,Moshi,Tomato,1000,2000,1500.0,
2025-07-13,Pune,Moshi,Tomato,1000,2000,1500.0,
2025-07-14,Pune,Moshi,Tomato,1000,2000,1500.0,
2025-07-15,Pune,Moshi,Tomato,800,1500,1150.0,
2025-07-17,Pune,Moshi,Tomato,1000,2000,1500.0,
2025-07-18,Pune,Moshi,Tomato,900,1200,1050.0,
2025-07-19,Pune,Moshi,Tomato,500,1500,1000.0,
2025-07-20,Pune,Moshi,Tomato,1000,1500,1250.0,
2025-07-21,Pune,Moshi,Tomato,1000,1500,1250.0,
2025-07-22,Pune,Moshi,Tomato,1500,2000,1750.0,
2025-07-24,Pune,Moshi,Tomato,2000,3500,2750.0,
2025-07-25,Pune,Moshi,Tomato,1600,3000,2300.0,
2025-07-27,Pune,Moshi,Tomato,1500,4000,2750.0,
2025-07-28,Pune,Moshi,Tomato,1000,4000,2500.0,
2025-07-29,Pune,Moshi,Tomato,2000,4000,3000.0,
2025-07-31,Pune,Moshi,Tomato,2500,4000,3250.0,
2025-08-01,Pune,Moshi,Tomato,2000,3000,2500.0,
2025-08-02,Pune,Moshi,Tomato,2000,3000,2500.0,
2025-08-03,Pune,Moshi,Tomato,2000,4000,3000.0,
2025-08-04,Pune,Moshi,Tomato,2500,4000,3250.0,
2025-08-05,Pune,Moshi,Tomato,2000,3000,2500.0,
2025-08-07,Pune,Moshi,Tomato,3000,4000,3500.0,
2025-08-08,Pune,Moshi,Tomato,2500,3000,2750.0,
2025-08-10,Pune,Moshi,Tomato,3000,4500,3750.0,
2025-08-11,Pune,Moshi,Tomato,2500,4000,3250.0,
2025-08-12,Pune,Moshi,Tomato,1000,4000,2500.0,
2025-08-14,Pune,Moshi,Tomato,1500,4000,2750.0,
2025-08-16,Pune,Moshi,Tomato,2000,2500,2250.0,
2025-08-17,Pune,Moshi,Tomato,2000,4000,3000.0,
2025-08-18,Pune,Moshi,Tomato,2500,4000,3250.0,
2025-08-19,Pune,Moshi,Tomato,2000,4000,3000.0,
2025-08-21,Pune,Moshi,Tomato,2000,3000,2500.0,
2025-08-22,Pune,Moshi,Tomato,1500,3500,2500.0,
2025-08-23,Pune,Moshi,Tomato,1000,3000,2000.0,
2025-08-24,Pune,Moshi,Tomato,1500,3000,2250.0,
2025-08-25,Pune,Moshi,Tomato,2000,2000,2000.0,
2025-08-26,Pune,Moshi,Tomato,1000,2000,1500.0,
2025-08-28,Pune,Moshi,Tomato,800,1500,1150.0,
2025-08-29,Pune,Moshi,Tomato,1000,2000,1500.0,
2025-08-30,Pune,Moshi,Tomato,1000,1500,1250.0,
2025-08-31,Pune,Moshi,Tomato,1500,2000,1750.0,
2025-09-01,Pune,Moshi,Tomato,1500,2000,1750.0,
2025-09-02,Pune,Moshi,Tomato,1000,1500,1250.0,
2025-09-04,Pune,Moshi,Tomato,800,900,850.0,
2025-09-05,Pune,Moshi,Tomato,1000,1200,1100.0,
2025-09-06,Pune,Moshi,Tomato,1000,1500,1250.0,
2025-09-08,Pune,Moshi,Tomato,1000,1500,1250.0,
2025-09-09,Pune,Moshi,Tomato,1000,1500,1250.0,
2025-09-11,Pune,Moshi,Tomato,800,1200,1000.0,
2025-09-12,Pune,Moshi,Tomato,1000,1500,1250.0,
2025-09-13,Pune,Moshi,Tomato,1000,2000,1500.0,
2025-09-14,Pune,Moshi,Tomato,500,1200,850.0,
2025-09-15,Pune,Moshi,Tomato,700,1000,850.0,
2025-09-16,Pune,Moshi,Tomato,500,1000,750.0,
2025-09-18,Pune,Moshi,Tomato,800,1000,900.0,
2025-09-19,Pune,Moshi,Tomato,1000,1200,1100.0,
2025-09-20,Pune,Moshi,Tomato,1000,2000,1500.0,
2025-09-21,Pune,Moshi,Tomato,500,1500,1000.0,
2025-09-22,Pune,Moshi,Tomato,1000,1500,1250.0,
2025-09-23,Pune,Moshi,Tomato,800,1000,900.0,
2025-09-25,Pune,Moshi,Tomato,500,1500,1000.0,
2025-09-26,Pune,Moshi,Tomato,800,1500,1150.0,
2025-09-27,Pune,Moshi,Tomato,1000,1500,1250.0,
2025-10-30,Pune,Moshi,Tomato,1000,1500,1250.0,
2025-04-20,Pune,Narayangaon,Tomato,500,1250,1000.0,
2025-04-21,Pune,Narayangaon,Tomato,500,1250,1000.0,
2025-04-22,Pune,Narayangaon,Tomato,750,1500,1000.0,
2025-04-24,Pune,Narayangaon,Tomato,750,1500,1000.0,
2025-04-25,Pune,Narayangaon,Tomato,750,1250,1000.0,
2025-04-26,Pune,Narayangaon,Tomato,750,2000,1500.0,
2025-04-27,Pune,Narayangaon,Tomato,750,1500,1000.0,
2025-04-28,Pune,Narayangaon,Tomato,750,1500,1000.0,
2025-04-30,Pune,Narayangaon,Tomato,750,1500,1000.0,
2025-05-01,Pune,Narayangaon,Tomato,750,1750,1000.0,
2025-05-02,Pune,Narayangaon,Tomato,750,1750,1000.0,
2025-05-03,Pune,Narayangaon,Tomato,750,1750,1000.0,
2025-05-04,Pune,Narayangaon,Tomato,750,1750,1000.0,
2025-05-05,Pune,Narayangaon,Tomato,750,1750,1000.0,
2025-05-11,Pune,Narayangaon,Tomato,500,1500,1000.0,
2025-05-12,Pune,Narayangaon,Tomato,750,1625,1000.0,
2025-05-15,Pune,Narayangaon,Tomato,1000,2250,1500.0,
2025-05-16,Pune,Narayangaon,Tomato,1000,2250,1500.0,
2025-05-17,Pune,Narayangaon,Tomato,750,2000,1500.0,
2025-05-18,Pune,Narayangaon,Tomato,750,2000,1500.0,
2025-05-19,Pune,Narayangaon,Tomato,1000,2250,1500.0,
2025-05-21,Pune,Narayangaon,Tomato,1000,2625,2000.0,
2025-05-22,Pune,Narayangaon,Tomato,1250,2750,2000.0,
2025-05-23,Pune,Narayangaon,Tomato,1500,3000,2500.0,
2025-05-24,Pune,Narayangaon,Tomato,1000,2500,2000.0,
2025-05-25,Pune,Narayangaon,Tomato,500,2000,1500.0,
2025-05-26,Pune,Narayangaon,Tomato,500,2000,1500.0,
2025-05-28,Pune,Narayangaon,Tomato,750,2500,2000.0,
2025-05-29,Pune,Narayangaon,Tomato,750,2250,1500.0,
2025-05-30,Pune,Narayangaon,Tomato,801,2001,1501.0,
2025-05-31,Pune,Narayangaon,Tomato,500,1875,1250.0,
2025-06-02,Pune,Narayangaon,Tomato,500,1750,1250.0,
2025-06-04,Pune,Narayangaon,Tomato,750,2000,1500.0,
2025-06-05,Pune,Narayangaon,Tomato,750,2000,1500.0,
2025-06-06,Pune,Narayangaon,Tomato,500,1500,1000.0,
2025-06-07,Pune,Narayangaon,Tomato,500,2000,1500.0,
2025-06-08,Pune,Narayangaon,Tomato,500,2000,1500.0,
2025-06-09,Pune,Narayangaon,Tomato,500,2250,1500.0,
2025-06-11,Pune,Narayangaon,Tomato,1000,2750,2000.0,
2025-06-12,Pune,Narayangaon,Tomato,750,2500,2000.0,
2025-06-13,Pune,Narayangaon,Tomato,750,2250,1500.0,
2025-06-14,Pune,Narayangaon,Tomato,750,2250,1500.0,
2025-06-15,Pune,Narayangaon,Tomato,500,2000,1500.0,
2025-06-18,Pune,Narayangaon,Tomato,500,2000,1500.0,
2025-06-19,Pune,Narayangaon,Tomato,500,2000,1500.0,
2025-06-20,Pune,Narayangaon,Tomato,500,1500,1000.0,
2025-06-21,Pune,Narayangaon,Tomato,500,1500,1000.0,
2025-06-22,Pune,Narayangaon,Tomato,500,1500,1000.0,
2025-06-23,Pune,Narayangaon,Tomato,500,1500,1000.0,
2025-06-24,Pune,Narayangaon,Tomato,500,2000,1500.0,
2025-06-25,Pune,Narayangaon,Tomato,500,1500,1000.0,
2025-06-26,Pune,Narayangaon,Tomato,500,1750,1000.0,
2025-06-27,Pune,Narayangaon,Tomato,500,2250,1500.0,
2025-06-28,Pune,Narayangaon,Tomato,750,2750,2000.0,
2025-06-29,Pune,Narayangaon,Tomato,750,2500,2000.0,
2025-06-30,Pune,Narayangaon,Tomato,750,2500,2000.0,
2025-07-02,Pune,Narayangaon,Tomato,750,2500,2000.0,
2025-07-04,Pune,Narayangaon,Tomato,750,2500,2000.0,
2025-07-05,Pune,Narayangaon,Tomato,750,2500,2000.0,
2025-07-06,Pune,Narayangaon,Tomato,750,2500,2000.0,
2025-07-07,Pune,Narayangaon,Tomato,750,2750,2001.0,
2025-07-13,Pune,Narayangaon,Tomato,500,2250,1500.0,
2025-07-14,Pune,Narayangaon,Tomato,500,2500,2000.0,
2025-07-15,Pune,Narayangaon,Tomato,500,2500,2000.0,
2025-07-16,Pune,Narayangaon,Tomato,500,2500,2000.0,
2025-07-17,Pune,Narayangaon,Tomato,500,2250,2000.0,
2025-07-19,Pune,Narayangaon,Tomato,1000,3000,2000.0,
2025-07-20,Pune,Narayangaon,Tomato,1250,3250,2250.0,
2025-07-21,Pune,Narayangaon,Tomato,1500,3500,2500.0,
2025-07-22,Pune,Narayangaon,Tomato,1500,3500,2500.0,
2025-07-23,Pune,Narayangaon,Tomato,1500,3500,2500.0,
2025-07-24,Pune,Narayangaon,Tomato,1500,3500,2500.0,
2025-07-27,Pune,Narayangaon,Tomato,2500,5000,4000.0,
2025-07-28,Pune,Narayangaon,Tomato,2500,5000,4000.0,
2025-07-29,Pune,Narayangaon,Tomato,3000,5000,4000.0,
2025-07-30,Pune,Narayangaon,Tomato,2000,4500,3500.0,
2025-08-01,Pune,Narayangaon,Tomato,2000,4000,3000.0,
2025-08-02,Pune,Narayangaon,Tomato,2500,5000,4000.0,
2025-08-03,Pune,Narayangaon,Tomato,2500,5000,4000.0,
2025-08-04,Pune,Narayangaon,Tomato,2500,5000,4000.0,
2025-08-06,Pune,Narayangaon,Tomato,2500,4500,3500.0,
2025-08-07,Pune,Narayangaon,Tomato,2500,4500,3500.0,
2025-08-10,Pune,Narayangaon,Tomato,2500,4500,3500.0,
2025-08-11,Pune,Narayangaon,Tomato,1500,3500,3000.0,
2025-08-13,Pune,Narayangaon,Tomato,1500,3500,3000.0,
2025-08-14,Pune,Narayangaon,Tomato,1500,3500,3000.0,
2025-08-15,Pune,Narayangaon,Tomato,1500,3500,3000.0,
2025-08-16,Pune,Narayangaon,Tomato,2000,4000,3000.0,
2025-08-17,Pune,Narayangaon,Tomato,2000,4250,3000.0,
2025-08-18,Pune,Narayangaon,Tomato,2500,5000,4000.0,
2025-08-21,Pune,Narayangaon,Tomato,2000,3750,3000.0,
2025-08-22,Pune,Narayangaon,Tomato,2000,3500,3000.0,
2025-08-23,Pune,Narayangaon,Tomato,1500,3000,2500.0,
2025-08-24,Pune,Narayangaon,Tomato,500,2500,2000.0,
2025-08-27,Pune,Narayangaon,Tomato,500,1500,1000.0,
2025-08-28,Pune,Narayangaon,Tomato,1000,2000,1500.0,
2025-08-29,Pune,Narayangaon,Tomato,1000,2250,1500.0,
2025-08-31,Pune,Narayangaon,Tomato,750,2500,2000.0,
2025-09-01,Pune,Narayangaon,Tomato,750,2500,2000.0,
2025-09-03,Pune,Narayangaon,Tomato,750,1750,1500.0,
2025-09-04,Pune,Narayangaon,Tomato,750,1750,1500.0,
2025-09-05,Pune,Narayangaon,Tomato,750,2000,1500.0,
2025-09-07,Pune,Narayangaon,Tomato,500,1500,1000.0,
2025-09-08,Pune,Narayangaon,Tomato,500,1500,1000.0,
2025-09-10,Pune,Narayangaon,Tomato,500,1500,1000.0,
2025-09-11,Pune,Narayangaon,Tomato,500,1250,1000.0,
2025-09-12,Pune,Narayangaon,Tomato,250,1000,750.0,
2025-09-13,Pune,Narayangaon,Tomato,500,1500,1000.0,
2025-09-14,Pune,Narayangaon,Tomato,500,1500,1000.0,
2025-09-15,Pune,Narayangaon,Tomato,500,1250,1000.0,
2025-09-17,Pune,Narayangaon,Tomato,500,1000,750.0,
2025-09-18,Pune,Narayangaon,Tomato,500,1000,750.0,
2025-09-19,Pune,Narayangaon,Tomato,750,1500,1000.0,
2025-09-20,Pune,Narayangaon,Tomato,750,1500,1000.0,
2025-09-21,Pune,Narayangaon,Tomato,1000,2000,1500.0,
2025-09-22,Pune,Narayangaon,Tomato,1000,2000,1500.0,
2025-09-24,Pune,Narayangaon,Tomato,500,1500,1000.0,
2025-10-30,Pune,Narayangaon,Tomato,500,1250,1000.0,
2025-05-12,Pune,Otur,Tomato,1000,2000,1500.0,
2025-05-16,Pune,Otur,Tomato,500,1000,750.0,
2025-05-28,Pune,Otur,Tomato,500,2500,1500.0,
2025-06-01,Pune,Otur,Tomato,1000,2500,1750.0,
2025-06-10,Pune,Otur,Tomato,1000,1500,1250.0,
2025-06-15,Pune,Otur,Tomato,1000,2000,1500.0,
2025-06-28,Pune,Otur,Tomato,500,1250,800.0,
2025-06-29,Pune,Otur,Tomato,1000,2100,1550.0,
2025-07-12,Pune,Otur,Tomato,100,200,150.0,
2025-04-20,Pune,Pimpri,Tomato,800,1200,1000.0,
2025-04-21,Pune,Pimpri,Tomato,800,1200,1000.0,
2025-04-22,Pune,Pimpri,Tomato,1000,1500,1250.0,
2025-04-23,Pune,Pimpri,Tomato,800,1200,1000.0,
2025-04-24,Pune,Pimpri,Tomato,1000,1200,1100.0,
2025-04-25,Pune,Pimpri,Tomato,800,1200,1000.0,
2025-04-26,Pune,Pimpri,Tomato,800,1200,1000.0,
2025-04-27,Pune,Pimpri,Tomato,800,1200,1000.0,
2025-04-28,Pune,Pimpri,Tomato,1000,1200,1100.0,
2025-04-29,Pune,Pimpri,Tomato,1000,1200,1100.0,
2025-04-30,Pune,Pimpri,Tomato,1000,1500,1250.0,
2025-05-01,Pune,Pimpri,Tomato,1000,1400,1200.0,
2025-05-02,Pune,Pimpri,Tomato,1000,1200,1100.0,
2025-05-03,Pune,Pimpri,Tomato,800,1200,1000.0,
2025-05-04,Pune,Pimpri,Tomato,1000,1400,1200.0,
2025-05-05,Pune,Pimpri,Tomato,1000,1200,1100.0,
2025-05-06,Pune,Pimpri,Tomato,1000,1200,1100.0,
2025-05-07,Pune,Pimpri,Tomato,1000,1400,1200.0,
2025-05-08,Pune,Pimpri,Tomato,1000,1200,1100.0,
2025-05-09,Pune,Pimpri,Tomato,1000,1200,1100.0,
2025-05-10,Pune,Pimpri,Tomato,1000,1200,1100.0,
2025-05-11,Pune,Pimpri,Tomato,1000,1200,1100.0,
2025-05-12,Pune,Pimpri,Tomato,1000,1200,1100.0,
2025-05-13,Pune,Pimpri,Tomato,1000,1200,1100.0,
2025-05-15,Pune,Pimpri,Tomato,1000,1200,1100.0,
2025-05-16,Pune,Pimpri,Tomato,1200,1300,1250.0,
2025-05-17,Pune,Pimpri,Tomato,1000,1500,1250.0,
2025-05-18,Pune,Pimpri,Tomato,1000,1200,1100.0,
2025-05-19,Pune,Pimpri,Tomato,1000,1200,1100.0,
2025-05-20,Pune,Pimpri,Tomato,1200,1200,1200.0,
2025-05-21,Pune,Pimpri,Tomato,1200,1200,1200.0,
2025-05-22,Pune,Pimpri,Tomato,1200,1200,1200.0,
2025-05-23,Pune,Pimpri,Tomato,1000,1200,1100.0,
2025-05-24,Pune,Pimpri,Tomato,1200,1200,1200.0,
2025-05-25,Pune,Pimpri,Tomato,1200,1500,1350.0,
2025-05-26,Pune,Pimpri,Tomato,2000,2000,2000.0,
2025-05-27,Pune,Pimpri,Tomato,2000,2000,2000.0,
2025-05-28,Pune,Pimpri,Tomato,2000,2000,2000.0,
2025-05-29,Pune,Pimpri,Tomato,2000,2000,2000.0,
2025-05-30,Pune,Pimpri,Tomato,2000,2000,2000.0,
2025-05-31,Pune,Pimpri,Tomato,1500,1500,1500.0,
2025-06-01,Pune,Pimpri,Tomato,1400,1600,1500.0,
2025-06-02,Pune,Pimpri,Tomato,1500,1500,1500.0,
2025-06-03,Pune,Pimpri,Tomato,1300,1500,1400.0,
2025-06-04,Pune,Pimpri,Tomato,1500,1500,1500.0,
2025-06-05,Pune,Pimpri,Tomato,1000,2000,1500.0,
2025-06-06,Pune,Pimpri,Tomato,2000,2000,2000.0,
2025-06-07,Pune,Pimpri,Tomato,1400,2000,1700.0,
2025-06-08,Pune,Pimpri,Tomato,2000,2000,2000.0,
2025-06-09,Pune,Pimpri,Tomato,1000,1500,1250.0,
2025-06-10,Pune,Pimpri,Tomato,1000,2000,1500.0,
2025-06-11,Pune,Pimpri,Tomato,1000,2000,1500.0,
2025-06-12,Pune,Pimpri,Tomato,2000,2000,2000.0,
2025-06-13,Pune,Pimpri,Tomato,1500,1500,1500.0,
2025-06-14,Pune,Pimpri,Tomato,1500,2000,1750.0,
2025-06-15,Pune,Pimpri,Tomato,1500,2000,1750.0,
2025-06-16,Pune,Pimpri,Tomato,2000,2000,2000.0,
2025-06-17,Pune,Pimpri,Tomato,1500,2000,1750.0,
2025-06-18,Pune,Pimpri,Tomato,1000,2000,1500.0,
2025-06-19,Pune,Pimpri,Tomato,2000,2000,2000.0,
2025-06-20,Pune,Pimpri,Tomato,1200,2000,1600.0,
2025-06-21,Pune,Pimpri,Tomato,1800,2000,1900.0,
2025-06-22,Pune,Pimpri,Tomato,1200,2000,1600.0,
2025-06-23,Pune,Pimpri,Tomato,1500,2000,1750.0,
2025-06-24,Pune,Pimpri,Tomato,1500,2000,1750.0,
2025-06-25,Pune,Pimpri,Tomato,1500,2000,1750.0,
2025-06-26,Pune,Pimpri,Tomato,1200,2000,1600.0,
2025-06-27,Pune,Pimpri,Tomato,2000,2000,2000.0,
2025-06-28,Pune,Pimpri,Tomato,1300,2000,1650.0,
2025-06-29,Pune,Pimpri,Tomato,1500,2000,1750.0,
2025-06-30,Pune,Pimpri,Tomato,2000,2000,2000.0,
2025-07-01,Pune,Pimpri,Tomato,2000,2000,2000.0,
2025-07-03,Pune,Pimpri,Tomato,1500,2000,1750.0,
2025-07-04,Pune,Pimpri,Tomato,2000,2000,2000.0,
2025-07-05,Pune,Pimpri,Tomato,1200,2000,1600.0,
2025-07-06,Pune,Pimpri,Tomato,2000,2000,2000.0,
2025-07-07,Pune,Pimpri,Tomato,1300,2000,1650.0,
2025-07-08,Pune,Pimpri,Tomato,2000,2000,2000.0,
2025-07-09,Pune,Pimpri,Tomato,1500,2000,1750.0,
2025-07-10,Pune,Pimpri,Tomato,2000,2000,2000.0,
2025-07-11,Pune,Pimpri,Tomato,2000,2000,2000.0,
2025-07-12,Pune,Pimpri,Tomato,1500,2000,1750.0,
2025-07-13,Pune,Pimpri,Tomato,800,2000,1400.0,
2025-07-14,Pune,Pimpri,Tomato,700,1600,1150.0,
2025-07-15,Pune,Pimpri,Tomato,1500,1500,1500.0,
2025-07-16,Pune,Pimpri,Tomato,1500,2000,1750.0,
2025-07-17,Pune,Pimpri,Tomato,1500,1500,1500.0,
2025-07-18,Pune,Pimpri,Tomato,1300,1700,1500.0,
2025-07-20,Pune,Pimpri,Tomato,1200,2000,1600.0,
2025-07-21,Pune,Pimpri,Tomato,1600,2000,1800.0,
2025-07-22,Pune,Pimpri,Tomato,2000,2000,2000.0,
2025-07-23,Pune,Pimpri,Tomato,2000,2000,2000.0,
2025-07-24,Pune,Pimpri,Tomato,2200,2800,2500.0,
2025-07-25,Pune,Pimpri,Tomato,3000,3000,3000.0,
2025-07-27,Pune,Pimpri,Tomato,1500,3000,2250.0,
2025-07-28,Pune,Pimpri,Tomato,4300,4300,4300.0,
2025-07-30,Pune,Pimpri,Tomato,3500,3500,3500.0,
2025-07-31,Pune,Pimpri,Tomato,1500,3500,2500.0,
2025-08-02,Pune,Pimpri,Tomato,3000,3000,3000.0,
2025-08-03,Pune,Pimpri,Tomato,3000,4000,3500.0,
2025-08-05,Pune,Pimpri,Tomato,3500,3500,3500.0,
2025-08-06,Pune,Pimpri,Tomato,2000,3000,2500.0,
2025-08-07,Pune,Pimpri,Tomato,2000,3000,2500.0,
2025-08-08,Pune,Pimpri,Tomato,3000,3000,3000.0,
2025-08-10,Pune,Pimpri,Tomato,1500,3500,2500.0,
2025-08-12,Pune,Pimpri,Tomato,3000,3000,3000.0,
2025-08-13,Pune,Pimpri,Tomato,3000,3000,3000.0,
2025-08-14,Pune,Pimpri,Tomato,3000,4000,3500.0,
2025-08-15,Pune,Pimpri,Tomato,3000,3500,3250.0,
2025-08-16,Pune,Pimpri,Tomato,3000,3000,3000.0,
2025-08-17,Pune,Pimpri,Tomato,3000,3500,3250.0,
2025-08-18,Pune,Pimpri,Tomato,3000,3000,3000.0,
2025-08-19,Pune,Pimpri,Tomato,1000,1000,1000.0,
2025-08-20,Pune,Pimpri,Tomato,3000,3000,3000.0,
2025-08-22,Pune,Pimpri,Tomato,3000,3500,3250.0,
2025-08-23,Pune,Pimpri,Tomato,3500,3500,3500.0,
2025-08-24,Pune,Pimpri,Tomato,3000,3500,3250.0,
2025-08-25,Pune,Pimpri,Tomato,2000,3000,2500.0,
2025-08-27,Pune,Pimpri,Tomato,1500,2000,1750.0,
2025-08-28,Pune,Pimpri,Tomato,2000,2000,2000.0,
2025-08-29,Pune,Pimpri,Tomato,1500,2000,1750.0,
2025-08-30,Pune,Pimpri,Tomato,1500,2500,2000.0,
2025-08-31,Pune,Pimpri,Tomato,1000,2000,1500.0,
2025-09-01,Pune,Pimpri,Tomato,2000,2000,2000.0,
2025-09-02,Pune,Pimpri,Tomato,2000,2000,2000.0,
2025-09-03,Pune,Pimpri,Tomato,1400,2000,1700.0,
2025-09-04,Pune,Pimpri,Tomato,1400,2200,1800.0,
2025-09-05,Pune,Pimpri,Tomato,1400,2000,1700.0,
2025-09-06,Pune,Pimpri,Tomato,1000,2000,1500.0,
2025-09-07,Pune,Pimpri,Tomato,1000,2500,1750.0,
2025-09-08,Pune,Pimpri,Tomato,1500,1500,1500.0,
2025-09-09,Pune,Pimpri,Tomato,1000,2000,1500.0,
2025-09-10,Pune,Pimpri,Tomato,1200,1800,1500.0,
2025-09-11,Pune,Pimpri,Tomato,1000,1500,1250.0,
2025-09-12,Pune,Pimpri,Tomato,1200,1500,1350.0,
2025-09-13,Pune,Pimpri,Tomato,1300,1500,1400.0,
2025-09-14,Pune,Pimpri,Tomato,1200,1500,1350.0,
2025-09-15,Pune,Pimpri,Tomato,1000,1600,1300.0,
2025-09-16,Pune,Pimpri,Tomato,1400,1500,1450.0,
2025-09-17,Pune,Pimpri,Tomato,1200,1600,1400.0,
2025-09-18,Pune,Pimpri,Tomato,1300,1500,1400.0,
2025-09-19,Pune,Pimpri,Tomato,1200,1600,1400.0,
2025-09-20,Pune,Pimpri,Tomato,1200,1600,1400.0,
2025-09-21,Pune,Pimpri,Tomato,1400,1600,1500.0,
2025-09-22,Pune,Pimpri,Tomato,1000,1600,1300.0,
2025-09-23,Pune,Pimpri,Tomato,900,1500,1200.0,
2025-09-24,Pune,Pimpri,Tomato,1200,1500,1350.0,
2025-09-25,Pune,Pimpri,Tomato,1200,1600,1400.0,
2025-09-26,Pune,Pimpri,Tomato,1000,1500,1250.0,
2025-09-27,Pune,Pimpri,Tomato,1400,1600,1500.0,
2025-10-30,Pune,Pimpri,Tomato,1300,1500,1400.0,
2025-04-20,Pune,Pune,Tomato,600,1200,900.0,
2025-04-21,Pune,Pune,Tomato,600,1400,1000.0,
2025-04-22,Pune,Pune,Tomato,600,1200,900.0,
2025-04-23,Pune,Pune,Tomato,500,1200,850.0,
2025-04-24,Pune,Pune,Tomato,500,1200,850.0,
2025-04-25,Pune,Pune,Tomato,500,1200,850.0,
2025-04-27,Pune,Pune,Tomato,500,1200,850.0,
2025-04-28,Pune,Pune,Tomato,500,1200,850.0,
2025-04-29,Pune,Pune,Tomato,500,1200,850.0,
2025-04-30,Pune,Pune,Tomato,600,1000,800.0,
2025-05-02,Pune,Pune,Tomato,500,1200,850.0,
2025-05-04,Pune,Pune,Tomato,700,1200,950.0,
2025-05-05,Pune,Pune,Tomato,600,1200,900.0,
2025-05-06,Pune,Pune,Tomato,600,1200,900.0,
2025-05-07,Pune,Pune,Tomato,600,1200,900.0,
2025-05-08,Pune,Pune,Tomato,500,1300,900.0,
2025-05-09,Pune,Pune,Tomato,500,1200,850.0,
2025-05-11,Pune,Pune,Tomato,600,1200,900.0,
2025-05-12,Pune,Pune,Tomato,600,1200,900.0,
2025-05-15,Pune,Pune,Tomato,600,1400,1000.0,
2025-05-16,Pune,Pune,Tomato,700,1800,1250.0,
2025-05-18,Pune,Pune,Tomato,800,2000,1400.0,
2025-05-19,Pune,Pune,Tomato,1000,1600,1300.0,
2025-05-20,Pune,Pune,Tomato,800,1600,1200.0,
2025-05-21,Pune,Pune,Tomato,600,1700,1150.0,
2025-05-22,Pune,Pune,Tomato,1000,3000,2000.0,
2025-05-23,Pune,Pune,Tomato,1500,3000,2250.0,
2025-05-25,Pune,Pune,Tomato,2000,4500,3250.0,
2025-05-26,Pune,Pune,Tomato,1000,3000,2000.0,
2025-05-27,Pune,Pune,Tomato,600,3000,1800.0,
2025-05-28,Pune,Pune,Tomato,1000,4000,2500.0,
2025-05-29,Pune,Pune,Tomato,1000,4000,2500.0,
2025-05-30,Pune,Pune,Tomato,800,3000,1900.0,
2025-06-01,Pune,Pune,Tomato,800,2000,1400.0,
2025-06-03,Pune,Pune,Tomato,1000,3000,2000.0,
2025-06-04,Pune,Pune,Tomato,1000,2500,1750.0,
2025-06-05,Pune,Pune,Tomato,1000,2200,1600.0,
2025-06-06,Pune,Pune,Tomato,1000,2000,1500.0,
2025-06-08,Pune,Pune,Tomato,1000,2500,1750.0,
2025-06-09,Pune,Pune,Tomato,1000,2500,1750.0,
2025-06-10,Pune,Pune,Tomato,1000,2000,1500.0,
2025-06-11,Pune,Pune,Tomato,1000,2000,1500.0,
2025-06-12,Pune,Pune,Tomato,1000,2000,1500.0,
2025-06-13,Pune,Pune,Tomato,1000,3000,2000.0,
2025-06-15,Pune,Pune,Tomato,1000,2200,1600.0,
2025-06-16,Pune,Pune,Tomato,1000,2200,1600.0,
2025-06-17,Pune,Pune,Tomato,1000,2300,1650.0,
2025-06-18,Pune,Pune,Tomato,1000,2200,1650.0,
2025-06-19,Pune,Pune,Tomato,1000,2000,1500.0,
2025-06-20,Pune,Pune,Tomato,1000,2000,1500.0,
2025-06-22,Pune,Pune,Tomato,400,2000,1200.0,
2025-06-23,Pune,Pune,Tomato,600,1600,1100.0,
2025-06-24,Pune,Pune,Tomato,600,1600,1100.0,
2025-06-25,Pune,Pune,Tomato,400,1500,950.0,
2025-06-26,Pune,Pune,Tomato,500,2000,1250.0,
2025-06-27,Pune,Pune,Tomato,500,2000,1250.0,
2025-06-29,Pune,Pune,Tomato,600,1800,1200.0,
2025-06-30,Pune,Pune,Tomato,600,2000,1300.0,
2025-07-01,Pune,Pune,Tomato,600,1600,1100.0,
2025-07-03,Pune,Pune,Tomato,600,1500,1050.0,
2025-07-04,Pune,Pune,Tomato,600,2000,1300.0,
2025-07-06,Pune,Pune,Tomato,800,2800,1800.0,
2025-07-07,Pune,Pune,Tomato,1000,2500,1750.0,
2025-07-09,Pune,Pune,Tomato,800,2000,1400.0,
2025-07-10,Pune,Pune,Tomato,1000,2200,1600.0,
2025-07-11,Pune,Pune,Tomato,600,2200,1400.0,
2025-07-13,Pune,Pune,Tomato,800,2000,1400.0,
2025-07-14,Pune,Pune,Tomato,1000,2000,1500.0,
2025-07-15,Pune,Pune,Tomato,600,1800,1200.0,
2025-07-16,Pune,Pune,Tomato,600,1500,1050.0,
2025-07-17,Pune,Pune,Tomato,600,1400,1000.0,
2025-07-18,Pune,Pune,Tomato,600,1400,1000.0,
2025-07-20,Pune,Pune,Tomato,600,1600,1100.0,
2025-07-21,Pune,Pune,Tomato,800,2000,1400.0,
2025-07-22,Pune,Pune,Tomato,1000,2000,1500.0,
2025-07-23,Pune,Pune,Tomato,1000,3000,2000.0,
2025-07-24,Pune,Pune,Tomato,1200,2500,1850.0,
2025-07-25,Pune,Pune,Tomato,1200,3000,2100.0,
2025-07-27,Pune,Pune,Tomato,2000,4000,3000.0,
2025-07-28,Pune,Pune,Tomato,2000,4500,3250.0,
2025-07-29,Pune,Pune,Tomato,1600,4500,3050.0,
2025-07-30,Pune,Pune,Tomato,1600,4500,3050.0,
2025-07-31,Pune,Pune,Tomato,1000,4000,2500.0,
2025-08-01,Pune,Pune,Tomato,1000,3000,2000.0,
2025-08-03,Pune,Pune,Tomato,1000,4000,2500.0,
2025-08-04,Pune,Pune,Tomato,1000,4500,2750.0,
2025-08-05,Pune,Pune,Tomato,1000,5000,3000.0,
2025-08-06,Pune,Pune,Tomato,1000,4000,2500.0,
2025-08-07,Pune,Pune,Tomato,1000,4000,2500.0,
2025-08-08,Pune,Pune,Tomato,1000,4000,2500.0,
2025-08-10,Pune,Pune,Tomato,1000,4000,2500.0,
2025-08-11,Pune,Pune,Tomato,2000,3500,2750.0,
2025-08-12,Pune,Pune,Tomato,1000,3500,2250.0,
2025-08-13,Pune,Pune,Tomato,1000,3000,2000.0,
2025-08-14,Pune,Pune,Tomato,1000,3000,2000.0,
2025-08-17,Pune,Pune,Tomato,1000,3000,2000.0,
2025-08-18,Pune,Pune,Tomato,1000,3000,2000.0,
2025-08-19,Pune,Pune,Tomato,1000,3000,2000.0,
2025-08-20,Pune,Pune,Tomato,1000,4000,2500.0,
2025-08-21,Pune,Pune,Tomato,1500,4500,3500.0,
2025-08-22,Pune,Pune,Tomato,1000,4000,2500.0,
2025-08-24,Pune,Pune,Tomato,1000,3500,2250.0,
2025-08-25,Pune,Pune,Tomato,1000,3000,2000.0,
2025-08-26,Pune,Pune,Tomato,1000,3000,2000.0,
2025-08-27,Pune,Pune,Tomato,1000,2000,1500.0,
2025-08-28,Pune,Pune,Tomato,600,1600,1100.0,
2025-08-31,Pune,Pune,Tomato,1000,3000,2000.0,
2025-09-01,Pune,Pune,Tomato,1000,3000,2000.0,
2025-09-02,Pune,Pune,Tomato,1000,2500,1750.0,
2025-09-03,Pune,Pune,Tomato,1000,2000,1500.0,
2025-09-04,Pune,Pune,Tomato,500,2500,1500.0,
2025-09-05,Pune,Pune,Tomato,1000,2000,1500.0,
2025-09-08,Pune,Pune,Tomato,1000,2000,1500.0,
2025-09-09,Pune,Pune,Tomato,1000,2000,1500.0,
2025-09-10,Pune,Pune,Tomato,600,2000,1300.0,
2025-09-11,Pune,Pune,Tomato,1000,1600,1300.0,
2025-09-12,Pune,Pune,Tomato,600,1600,1100.0,
2025-09-14,Pune,Pune,Tomato,1000,1500,1250.0,
2025-09-15,Pune,Pune,Tomato,600,1400,1000.0,
2025-09-16,Pune,Pune,Tomato,600,1200,900.0,
2025-09-17,Pune,Pune,Tomato,600,1500,1050.0,
2025-09-18,Pune,Pune,Tomato,600,1400,1000.0,
2025-09-19,Pune,Pune,Tomato,600,1400,1000.0,
2025-09-21,Pune,Pune,Tomato,500,1400,950.0,
2025-09-22,Pune,Pune,Tomato,800,1600,1200.0,
2025-09-23,Pune,Pune,Tomato,1000,2000,1500.0,
2025-09-24,Pune,Pune,Tomato,600,2000,1300.0,
2025-09-25,Pune,Pune,Tomato,600,1600,1100.0,
2025-09-26,Pune,Pune,Tomato,600,1600,1100.0,
2025-10-30,Pune,Pune,Tomato,500,1200,850.0,
