,,,,,,,Daily Price Arrival Report-07-11-2025 to 28-09-2026 for Maharashtra,,,,,,
State/UT,District,Market,Commodity Group,Commodity,Variety,Grade,Min Price,Max Price,Modal Price,Price Unit,Arrival Quantity,Arrival Unit,Arrival Date
Maharashtra,Pune,APMC Indapur ,Vegetables,Onion,Red,Local,"1,000.00","5,100.00","2,200.00",Rs./Quintal,6.00,Metric Tonnes,16-09-2026
Maharashtra,Pune,APMC Indapur ,Vegetables,Onion,Red,Local,"1,500.00","5,400.00","2,500.00",Rs./Quintal,5.90,Metric Tonnes,15-09-2026
Maharashtra,Pune,APMC Indapur ,Vegetables,Onion,Red,Local,"1,500.00","5,000.00","2,500.00",Rs./Quintal,5.20,Metric Tonnes,10-09-2026
Maharashtra,Pune,APMC Indapur ,Vegetables,Onion,Red,Local,"1,500.00","5,500.00","2,200.00",Rs./Quintal,12.90,Metric Tonnes,08-09-2026
Maharashtra,Pune,APMC Indapur ,Vegetables,Onion,Red,Local,"1,200.00","5,500.00","2,100.00",Rs./Quintal,3.60,Metric Tonnes,04-09-2026
Maharashtra,Pune,APMC Indapur ,Vegetables,Onion,Red,Local,"1,900.00","5,200.00","2,000.00",Rs./Quintal,5.70,Metric Tonnes,03-09-2026
Maharashtra,Pune,APMC Indapur ,Vegetables,Onion,Red,Local,"1,500.00","6,000.00","2,500.00",Rs./Quintal,4.30,Metric Tonnes,02-09-2026
Maharashtra,Pune,APMC Indapur ,Vegetables,Onion,Red,Local,700.00,"5,000.00","2,250.00",Rs./Quintal,4.40,Metric Tonnes,31-08-2026
Maharashtra,Pune,APMC Indapur ,Vegetables,Onion,Red,Local,"1,500.00","4,200.00","2,000.00",Rs./Quintal,4.10,Metric Tonnes,28-08-2026
Maharashtra,Pune,APMC Indapur ,Vegetables,Onion,Red,Local,700.00,"4,200.00","2,000.00",Rs./Quintal,8.30,Metric Tonnes,27-08-2026
Maharashtra,Pune,APMC Indapur ,Vegetables,Onion,Red,Local,"1,500.00","4,150.00","2,000.00",Rs./Quintal,3.60,Metric Tonnes,26-08-2026
Maharashtra,Pune,APMC Indapur ,Vegetables,Onion,Red,Local,"1,500.00","4,400.00","2,000.00",Rs./Quintal,5.80,Metric Tonnes,25-08-2026
Maharashtra,Pune,APMC Indapur ,Vegetables,Onion,Red,Local,"1,100.00","5,300.00","1,900.00",Rs./Quintal,10.80,Metric Tonnes,24-08-2026
Maharashtra,Pune,APMC Indapur ,Vegetables,Onion,Red,Local,"1,300.00","5,200.00","2,100.00",Rs./Quintal,6.50,Metric Tonnes,20-08-2026
Maharashtra,Pune,APMC Indapur ,Vegetables,Onion,Red,Local,"1,300.00","5,100.00","2,100.00",Rs./Quintal,6.30,Metric Tonnes,19-08-2026
Maharashtra,Pune,APMC Indapur ,Vegetables,Onion,Red,Local,"1,000.00","4,200.00","1,800.00",Rs./Quintal,2.20,Metric Tonnes,18-08-2026
Maharashtra,Pune,APMC Indapur ,Vegetables,Onion,Red,Local,"1,200.00","4,300.00","1,500.00",Rs./Quintal,7.60,Metric Tonnes,17-08-2026
Maharashtra,Pune,APMC Indapur ,Vegetables,Onion,Red,Local,700.00,"2,500.00","1,400.00",Rs./Quintal,4.00,Metric Tonnes,13-08-2026
Maharashtra,Pune,APMC Indapur ,Vegetables,Onion,Red,Local,700.00,"2,600.00","1,500.00",Rs./Quintal,6.40,Metric Tonnes,12-08-2026
Maharashtra,Pune,APMC Indapur ,Vegetables,Onion,Red,Local,500.00,"2,600.00","1,400.00",Rs./Quintal,6.00,Metric Tonnes,11-08-2026
Maharashtra,Pune,APMC Indapur ,Vegetables,Onion,Red,Local,500.00,"3,000.00","1,500.00",Rs./Quintal,9.90,Metric Tonnes,10-08-2026
Maharashtra,Pune,APMC Indapur ,Vegetables,Onion,Red,Local,500.00,"3,200.00","1,400.00",Rs./Quintal,15.30,Metric Tonnes,07-08-2026
Maharashtra,Pune,APMC Indapur ,Vegetables,Onion,Red,Local,700.00,"2,450.00","1,300.00",Rs./Quintal,4.90,Metric Tonnes,06-08-2026
Maharashtra,Pune,APMC Indapur ,Vegetables,Onion,Red,Local,500.00,"2,600.00","1,250.00",Rs./Quintal,7.00,Metric Tonnes,05-08-2026
Maharashtra,Pune,APMC Indapur ,Vegetables,Onion,Red,Local,500.00,"2,600.00","1,300.00",Rs./Quintal,2.90,Metric Tonnes,04-08-2026
Maharashtra,Pune,APMC Indapur ,Vegetables,Onion,Red,Local,200.00,"2,400.00","1,300.00",Rs./Quintal,8.00,Metric Tonnes,03-08-2026
Maharashtra,Pune,APMC Indapur ,Vegetables,Onion,Red,Local,500.00,"2,500.00","1,300.00",Rs./Quintal,7.80,Metric Tonnes,28-07-2026
Maharashtra,Pune,APMC Indapur ,Vegetables,Onion,Red,Local,400.00,"2,600.00","1,200.00",Rs./Quintal,8.70,Metric Tonnes,27-07-2026
Maharashtra,Pune,APMC Indapur ,Vegetables,Onion,Red,Local,500.00,"2,600.00","1,200.00",Rs./Quintal,7.60,Metric Tonnes,22-07-2026
Maharashtra,Pune,APMC Indapur ,Vegetables,Onion,Red,Local,500.00,"2,500.00","1,300.00",Rs./Quintal,5.50,Metric Tonnes,21-07-2026
Maharashtra,Pune,APMC Indapur ,Vegetables,Onion,Red,Local,500.00,"2,700.00","1,200.00",Rs./Quintal,10.40,Metric Tonnes,20-07-2026
Maharashtra,Pune,APMC Indapur ,Vegetables,Onion,Red,Local,500.00,"2,500.00","1,200.00",Rs./Quintal,12.30,Metric Tonnes,16-07-2026
Maharashtra,Pune,APMC Indapur ,Vegetables,Onion,Red,Local,400.00,"2,500.00","1,100.00",Rs./Quintal,11.20,Metric Tonnes,15-07-2026
Maharashtra,Pune,APMC Indapur ,Vegetables,Onion,Red,Local,300.00,"2,200.00","1,000.00",Rs./Quintal,16.10,Metric Tonnes,14-07-2026
Maharashtra,Pune,APMC Indapur ,Vegetables,Onion,Red,Local,600.00,"3,025.00","1,500.00",Rs./Quintal,13.80,Metric Tonnes,08-07-2026
Maharashtra,Pune,APMC Indapur ,Vegetables,Onion,Red,Local,300.00,"3,600.00","1,500.00",Rs./Quintal,13.60,Metric Tonnes,07-07-2026
Maharashtra,Pune,APMC Indapur ,Vegetables,Onion,Red,Local,300.00,"2,600.00","1,000.00",Rs./Quintal,16.50,Metric Tonnes,06-07-2026
Maharashtra,Pune,APMC Indapur ,Vegetables,Onion,Red,Local,300.00,"2,500.00","1,000.00",Rs./Quintal,16.40,Metric Tonnes,01-07-2026
Maharashtra,Pune,APMC Indapur ,Vegetables,Onion,Red,Local,500.00,"3,100.00","1,500.00",Rs./Quintal,17.90,Metric Tonnes,29-06-2026
Maharashtra,Pune,APMC Indapur ,Vegetables,Onion,Red,Local,200.00,"2,000.00",700.00,Rs./Quintal,22.30,Metric Tonnes,16-06-2026
Maharashtra,Pune,APMC Indapur ,Vegetables,Onion,Red,Local,200.00,"1,300.00",500.00,Rs./Quintal,73.10,Metric Tonnes,13-05-2026
Maharashtra,Pune,APMC Indapur ,Vegetables,Onion,Red,Local,200.00,"1,200.00",500.00,Rs./Quintal,87.20,Metric Tonnes,12-05-2026
Maharashtra,Pune,APMC Indapur ,Vegetables,Onion,Red,Local,200.00,"1,200.00",500.00,Rs./Quintal,140.50,Metric Tonnes,11-05-2026
Maharashtra,Pune,APMC Indapur ,Vegetables,Onion,Red,Local,200.00,"1,500.00",600.00,Rs./Quintal,104.80,Metric Tonnes,06-05-2026
Maharashtra,Pune,APMC Indapur ,Vegetables,Onion,Red,Local,100.00,"1,400.00",600.00,Rs./Quintal,81.60,Metric Tonnes,05-05-2026
Maharashtra,Pune,APMC Indapur ,Vegetables,Onion,Red,Local,150.00,"1,200.00",500.00,Rs./Quintal,30.00,Metric Tonnes,28-04-2026
Maharashtra,Pune,APMC Indapur ,Vegetables,Onion,Red,Local,150.00,"1,200.00",450.00,Rs./Quintal,37.20,Metric Tonnes,27-04-2026
Maharashtra,Pune,APMC Indapur ,Vegetables,Onion,Red,Local,200.00,"1,400.00",700.00,Rs./Quintal,134.70,Metric Tonnes,16-03-2026
Maharashtra,Pune,APMC Indapur ,Vegetables,Onion,Red,Local,200.00,"1,400.00",800.00,Rs./Quintal,164.30,Metric Tonnes,27-02-2026
Maharashtra,Pune,APMC Indapur ,Vegetables,Onion,Red,Local,200.00,"1,000.00",600.00,Rs./Quintal,74.30,Metric Tonnes,26-02-2026
Maharashtra,Pune,APMC Indapur ,Vegetables,Onion,Other,Local,200.00,"3,000.00",900.00,Rs./Quintal,48.70,Metric Tonnes,30-12-2025
Maharashtra,Pune,APMC Indapur ,Vegetables,Onion,Red,Local,200.00,"1,600.00",900.00,Rs./Quintal,27.20,Metric Tonnes,11-11-2025
Maharashtra,Pune,APMC Junnar ,Vegetables,Onion,Chinchwad,Local,"1,700.00","5,000.00","3,800.00",Rs./Quintal,671.10,Metric Tonnes,27-09-2026
Maharashtra,Pune,APMC Junnar ,Vegetables,Onion,Chinchwad,Local,"1,800.00","5,010.00","3,900.00",Rs./Quintal,722.40,Metric Tonnes,24-09-2026
Maharashtra,Pune,APMC Junnar ,Vegetables,Onion,Chinchwad,Local,"2,000.00","5,210.00","4,750.00",Rs./Quintal,715.00,Metric Tonnes,20-09-2026
Maharashtra,Pune,APMC Junnar ,Vegetables,Onion,Chinchwad,Local,"2,000.00","5,110.00","4,300.00",Rs./Quintal,625.40,Metric Tonnes,17-09-2026
Maharashtra,Pune,APMC Junnar ,Vegetables,Onion,Chinchwad,Local,"2,000.00","5,110.00","4,700.00",Rs./Quintal,655.60,Metric Tonnes,13-09-2026
Maharashtra,Pune,APMC Junnar ,Vegetables,Onion,Chinchwad,Local,"2,000.00","5,110.00","4,700.00",Rs./Quintal,847.40,Metric Tonnes,10-09-2026
Maharashtra,Pune,APMC Junnar ,Vegetables,Onion,Chinchwad,Local,"2,000.00","5,510.00","4,200.00",Rs./Quintal,801.70,Metric Tonnes,06-09-2026
Maharashtra,Pune,APMC Junnar ,Vegetables,Onion,Chinchwad,Local,"2,000.00","5,510.00","4,400.00",Rs./Quintal,732.40,Metric Tonnes,03-09-2026
Maharashtra,Pune,APMC Junnar ,Vegetables,Onion,Chinchwad,Local,"2,000.00","4,510.00","3,600.00",Rs./Quintal,672.00,Metric Tonnes,30-08-2026
Maharashtra,Pune,APMC Junnar ,Vegetables,Onion,Chinchwad,Local,"1,300.00","4,510.00","3,500.00",Rs./Quintal,"1,011.60",Metric Tonnes,23-08-2026
Maharashtra,Pune,APMC Junnar ,Vegetables,Onion,Chinchwad,Local,"2,000.00","4,500.00","3,500.00",Rs./Quintal,670.40,Metric Tonnes,20-08-2026
Maharashtra,Pune,APMC Junnar ,Vegetables,Onion,Chinchwad,Local,"1,300.00","3,600.00","2,700.00",Rs./Quintal,842.60,Metric Tonnes,16-08-2026
Maharashtra,Pune,APMC Junnar ,Vegetables,Onion,Unhali,Local,"1,300.00","3,500.00","2,700.00",Rs./Quintal,"1,348.80",Metric Tonnes,13-08-2026
Maharashtra,Pune,APMC Junnar ,Vegetables,Onion,Chinchwad,Local,"1,000.00","3,000.00","2,200.00",Rs./Quintal,699.50,Metric Tonnes,09-08-2026
Maharashtra,Pune,APMC Junnar ,Vegetables,Onion,Chinchwad,Local,"1,000.00","2,750.00","2,100.00",Rs./Quintal,662.00,Metric Tonnes,02-08-2026
Maharashtra,Pune,APMC Junnar ,Vegetables,Onion,Chinchwad,Local,800.00,"2,750.00","2,200.00",Rs./Quintal,629.20,Metric Tonnes,30-07-2026
Maharashtra,Pune,APMC Junnar ,Vegetables,Onion,Chinchwad,Local,"1,000.00","2,810.00","2,200.00",Rs./Quintal,502.10,Metric Tonnes,26-07-2026
Maharashtra,Pune,APMC Junnar ,Vegetables,Onion,Chinchwad,Local,"1,000.00","2,710.00","2,200.00",Rs./Quintal,644.70,Metric Tonnes,23-07-2026
Maharashtra,Pune,APMC Junnar ,Vegetables,Onion,Chinchwad,Local,"1,000.00","2,750.00","2,200.00",Rs./Quintal,588.20,Metric Tonnes,19-07-2026
Maharashtra,Pune,APMC Junnar ,Vegetables,Onion,Chinchwad,Local,"1,000.00","2,700.00","2,100.00",Rs./Quintal,682.00,Metric Tonnes,16-07-2026
Maharashtra,Pune,APMC Junnar ,Vegetables,Onion,Unhali,Local,"1,000.00","2,700.00","2,000.00",Rs./Quintal,763.00,Metric Tonnes,12-07-2026
Maharashtra,Pune,APMC Junnar ,Vegetables,Onion,Chinchwad,Local,"1,000.00","3,250.00","2,500.00",Rs./Quintal,566.00,Metric Tonnes,09-07-2026
Maharashtra,Pune,APMC Junnar ,Vegetables,Onion,Chinchwad,Local,"1,000.00","2,700.00","2,200.00",Rs./Quintal,542.40,Metric Tonnes,05-07-2026
Maharashtra,Pune,APMC Junnar ,Vegetables,Onion,Chinchwad,Local,"1,000.00","2,650.00","2,400.00",Rs./Quintal,685.70,Metric Tonnes,02-07-2026
Maharashtra,Pune,APMC Junnar ,Vegetables,Onion,Chinchwad,Local,"1,000.00","2,500.00","2,000.00",Rs./Quintal,669.40,Metric Tonnes,28-06-2026
Maharashtra,Pune,APMC Junnar ,Vegetables,Onion,Chinchwad,Local,800.00,"2,500.00","2,200.00",Rs./Quintal,480.80,Metric Tonnes,25-06-2026
Maharashtra,Pune,APMC Junnar ,Vegetables,Onion,Chinchwad,Local,400.00,"2,000.00","1,500.00",Rs./Quintal,502.80,Metric Tonnes,21-06-2026
Maharashtra,Pune,APMC Junnar ,Vegetables,Onion,Chinchwad,Local,400.00,"2,000.00","1,500.00",Rs./Quintal,363.90,Metric Tonnes,18-06-2026
Maharashtra,Pune,APMC Junnar ,Vegetables,Onion,Chinchwad,Local,300.00,"2,000.00","1,800.00",Rs./Quintal,409.10,Metric Tonnes,14-06-2026
Maharashtra,Pune,APMC Junnar ,Vegetables,Onion,Chinchwad,Local,600.00,"1,800.00","1,400.00",Rs./Quintal,485.70,Metric Tonnes,11-06-2026
Maharashtra,Pune,APMC Junnar ,Vegetables,Onion,Chinchwad,Local,400.00,"2,110.00","1,400.00",Rs./Quintal,331.00,Metric Tonnes,04-06-2026
Maharashtra,Pune,APMC Junnar ,Vegetables,Onion,Chinchwad,Local,300.00,"2,010.00","1,300.00",Rs./Quintal,323.10,Metric Tonnes,31-05-2026
Maharashtra,Pune,APMC Junnar ,Vegetables,Onion,Chinchwad,Local,300.00,"1,610.00",900.00,Rs./Quintal,341.00,Metric Tonnes,24-05-2026
Maharashtra,Pune,APMC Junnar ,Vegetables,Onion,Chinchwad,Local,300.00,"1,610.00",800.00,Rs./Quintal,298.60,Metric Tonnes,21-05-2026
Maharashtra,Pune,APMC Junnar ,Vegetables,Onion,Other,Local,400.00,"1,200.00",700.00,Rs./Quintal,113.70,Metric Tonnes,23-04-2026
Maharashtra,Pune,APMC Junnar ,Vegetables,Onion,Other,Local,300.00,"1,200.00",750.00,Rs./Quintal,177.00,Metric Tonnes,19-04-2026
Maharashtra,Pune,APMC Junnar ,Vegetables,Onion,Other,Local,600.00,"1,200.00",900.00,Rs./Quintal,128.20,Metric Tonnes,16-04-2026
Maharashtra,Pune,APMC Junnar ,Vegetables,Onion,Other,Local,300.00,"1,300.00",900.00,Rs./Quintal,76.50,Metric Tonnes,12-04-2026
Maharashtra,Pune,APMC Junnar ,Vegetables,Onion,Other,Local,400.00,"1,400.00",900.00,Rs./Quintal,104.00,Metric Tonnes,09-04-2026
Maharashtra,Pune,APMC Junnar ,Vegetables,Onion,Other,Local,500.00,"1,200.00",800.00,Rs./Quintal,58.50,Metric Tonnes,02-04-2026
Maharashtra,Pune,APMC Junnar ,Vegetables,Onion,Other,Local,300.00,"1,400.00","1,000.00",Rs./Quintal,75.90,Metric Tonnes,22-03-2026
Maharashtra,Pune,APMC Junnar ,Vegetables,Onion,Other,Local,250.00,"1,400.00","1,000.00",Rs./Quintal,81.00,Metric Tonnes,19-03-2026
Maharashtra,Pune,APMC Junnar ,Vegetables,Onion,Other,Local,250.00,"1,400.00",900.00,Rs./Quintal,91.00,Metric Tonnes,15-03-2026
Maharashtra,Pune,APMC Junnar ,Vegetables,Onion,Other,Local,300.00,"1,400.00","1,200.00",Rs./Quintal,35.60,Metric Tonnes,08-03-2026
Maharashtra,Pune,APMC Junnar ,Vegetables,Onion,Other,Local,300.00,"1,400.00",900.00,Rs./Quintal,83.40,Metric Tonnes,05-03-2026
Maharashtra,Pune,APMC Junnar ,Vegetables,Onion,Other,Local,300.00,"1,400.00","1,200.00",Rs./Quintal,103.40,Metric Tonnes,26-02-2026
Maharashtra,Pune,APMC Junnar ,Vegetables,Onion,Other,Local,300.00,"1,500.00",900.00,Rs./Quintal,52.20,Metric Tonnes,12-02-2026
Maharashtra,Pune,APMC Junnar ,Vegetables,Onion,Other,Local,300.00,"1,700.00","1,500.00",Rs./Quintal,56.30,Metric Tonnes,05-02-2026
Maharashtra,Pune,APMC Junnar ,Vegetables,Onion,Other,Local,700.00,"1,500.00","1,100.00",Rs./Quintal,23.50,Metric Tonnes,22-01-2026
Maharashtra,Pune,APMC Junnar ,Vegetables,Onion,Other,Local,600.00,"2,000.00","1,700.00",Rs./Quintal,42.00,Metric Tonnes,18-01-2026
Maharashtra,Pune,APMC Junnar ,Vegetables,Onion,Other,Local,300.00,"1,700.00","1,000.00",Rs./Quintal,17.60,Metric Tonnes,15-01-2026
Maharashtra,Pune,APMC Junnar ,Vegetables,Onion,Other,Local,400.00,"2,000.00","1,600.00",Rs./Quintal,51.00,Metric Tonnes,11-01-2026
Maharashtra,Pune,APMC Junnar ,Vegetables,Onion,Other,Local,300.00,"2,000.00","1,500.00",Rs./Quintal,80.20,Metric Tonnes,08-01-2026
Maharashtra,Pune,APMC Junnar ,Vegetables,Onion,Other,Local,300.00,"2,500.00","1,800.00",Rs./Quintal,121.60,Metric Tonnes,04-01-2026
Maharashtra,Pune,APMC Junnar ,Vegetables,Onion,Other,Local,300.00,"2,000.00","1,800.00",Rs./Quintal,54.30,Metric Tonnes,01-01-2026
Maharashtra,Pune,APMC Junnar ,Vegetables,Onion,Other,Local,300.00,"2,010.00","1,850.00",Rs./Quintal,442.40,Metric Tonnes,28-12-2025
Maharashtra,Pune,APMC Junnar ,Vegetables,Onion,Other,Local,300.00,"2,000.00","1,500.00",Rs./Quintal,444.30,Metric Tonnes,25-12-2025
Maharashtra,Pune,APMC Junnar ,Vegetables,Onion,Other,Local,600.00,"2,750.00","2,510.00",Rs./Quintal,238.00,Metric Tonnes,18-12-2025
Maharashtra,Pune,APMC Junnar ,Vegetables,Onion,Other,Local,700.00,"3,110.00","2,500.00",Rs./Quintal,227.60,Metric Tonnes,14-12-2025
Maharashtra,Pune,APMC Junnar ,Vegetables,Onion,Other,Local,600.00,"2,300.00","1,700.00",Rs./Quintal,235.30,Metric Tonnes,11-12-2025
Maharashtra,Pune,APMC Junnar ,Vegetables,Onion,Other,Local,300.00,"1,800.00","1,000.00",Rs./Quintal,272.10,Metric Tonnes,07-12-2025
Maharashtra,Pune,APMC Junnar ,Vegetables,Onion,Other,Local,400.00,"1,650.00","1,500.00",Rs./Quintal,312.10,Metric Tonnes,04-12-2025
Maharashtra,Pune,APMC Junnar ,Vegetables,Onion,Other,Local,200.00,"1,700.00","1,400.00",Rs./Quintal,456.00,Metric Tonnes,27-11-2025
Maharashtra,Pune,APMC Junnar ,Vegetables,Onion,Other,Local,300.00,"1,800.00",900.00,Rs./Quintal,587.80,Metric Tonnes,23-11-2025
Maharashtra,Pune,APMC Junnar ,Vegetables,Onion,Other,Local,400.00,"2,000.00","1,400.00",Rs./Quintal,575.50,Metric Tonnes,20-11-2025
Maharashtra,Pune,APMC Khed ,Vegetables,Onion,Fursungi,Local,"2,800.00","4,600.00","3,500.00",Rs./Quintal,3.60,Metric Tonnes,27-09-2026
Maharashtra,Pune,APMC Khed ,Vegetables,Onion,Fursungi,Local,"2,500.00","5,000.00","3,500.00",Rs./Quintal,3.10,Metric Tonnes,24-09-2026
Maharashtra,Pune,APMC Khed ,Vegetables,Onion,Fursungi,Local,"2,700.00","4,500.00","3,500.00",Rs./Quintal,2.00,Metric Tonnes,23-09-2026
Maharashtra,Pune,APMC Khed ,Vegetables,Onion,Fursungi,Local,"2,500.00","4,500.00","3,500.00",Rs./Quintal,1.70,Metric Tonnes,22-09-2026
Maharashtra,Pune,APMC Khed ,Vegetables,Onion,Fursungi,Local,"2,500.00","4,500.00","3,500.00",Rs./Quintal,2.50,Metric Tonnes,21-09-2026
Maharashtra,Pune,APMC Khed ,Vegetables,Onion,Fursungi,Local,"2,800.00","4,800.00","3,500.00",Rs./Quintal,1.60,Metric Tonnes,18-09-2026
Maharashtra,Pune,APMC Khed ,Vegetables,Onion,Fursungi,Local,"2,700.00","4,700.00","3,500.00",Rs./Quintal,1.90,Metric Tonnes,17-09-2026
Maharashtra,Pune,APMC Khed ,Vegetables,Onion,Fursungi,Local,"2,800.00","4,500.00","3,500.00",Rs./Quintal,1.70,Metric Tonnes,16-09-2026
Maharashtra,Pune,APMC Khed ,Vegetables,Onion,Fursungi,Local,"2,000.00","4,800.00","3,500.00",Rs./Quintal,1.80,Metric Tonnes,15-09-2026
Maharashtra,Pune,APMC Khed ,Vegetables,Onion,Fursungi,Local,"2,500.00","4,800.00","3,500.00",Rs./Quintal,1.00,Metric Tonnes,14-09-2026
Maharashtra,Pune,APMC Khed ,Vegetables,Onion,Fursungi,Local,"2,300.00","4,500.00","3,200.00",Rs./Quintal,2.30,Metric Tonnes,13-09-2026
Maharashtra,Pune,APMC Khed ,Vegetables,Onion,Fursungi,Local,"2,500.00","4,200.00","3,000.00",Rs./Quintal,0.60,Metric Tonnes,11-09-2026
Maharashtra,Pune,APMC Khed ,Vegetables,Onion,Fursungi,Local,"3,000.00","4,700.00","4,000.00",Rs./Quintal,1.80,Metric Tonnes,10-09-2026
Maharashtra,Pune,APMC Khed ,Vegetables,Onion,Fursungi,Local,"2,800.00","4,600.00","3,500.00",Rs./Quintal,1.10,Metric Tonnes,09-09-2026
Maharashtra,Pune,APMC Khed ,Vegetables,Onion,Fursungi,Local,"2,000.00","4,500.00","3,500.00",Rs./Quintal,1.50,Metric Tonnes,08-09-2026
Maharashtra,Pune,APMC Khed ,Vegetables,Onion,Fursungi,Local,"2,500.00","5,000.00","3,500.00",Rs./Quintal,1.70,Metric Tonnes,07-09-2026
Maharashtra,Pune,APMC Khed ,Vegetables,Onion,Fursungi,Local,"2,000.00","4,500.00","3,000.00",Rs./Quintal,1.90,Metric Tonnes,06-09-2026
Maharashtra,Pune,APMC Khed ,Vegetables,Onion,Fursungi,Local,"2,200.00","4,000.00","3,000.00",Rs./Quintal,1.60,Metric Tonnes,04-09-2026
Maharashtra,Pune,APMC Khed ,Vegetables,Onion,Fursungi,Local,"2,000.00","4,500.00","3,500.00",Rs./Quintal,2.90,Metric Tonnes,03-09-2026
Maharashtra,Pune,APMC Khed ,Vegetables,Onion,Fursungi,Local,"1,400.00","4,000.00","2,500.00",Rs./Quintal,1.60,Metric Tonnes,02-09-2026
Maharashtra,Pune,APMC Khed ,Vegetables,Onion,Fursungi,Local,"2,300.00","4,000.00","3,200.00",Rs./Quintal,1.30,Metric Tonnes,01-09-2026
Maharashtra,Pune,APMC Khed ,Vegetables,Onion,Fursungi,Local,"1,500.00","3,800.00","2,800.00",Rs./Quintal,3.30,Metric Tonnes,31-08-2026
Maharashtra,Pune,APMC Khed ,Vegetables,Onion,Fursungi,Local,"1,500.00","3,600.00","2,500.00",Rs./Quintal,3.30,Metric Tonnes,30-08-2026
Maharashtra,Pune,APMC Khed ,Vegetables,Onion,Fursungi,Local,"1,500.00","3,800.00","2,800.00",Rs./Quintal,0.80,Metric Tonnes,28-08-2026
Maharashtra,Pune,APMC Khed ,Vegetables,Onion,Fursungi,Local,"1,500.00","4,200.00","3,000.00",Rs./Quintal,3.80,Metric Tonnes,27-08-2026
Maharashtra,Pune,APMC Khed ,Vegetables,Onion,Fursungi,Local,"1,000.00","3,700.00","2,800.00",Rs./Quintal,2.00,Metric Tonnes,26-08-2026
Maharashtra,Pune,APMC Khed ,Vegetables,Onion,Fursungi,Local,"2,200.00","3,800.00","3,000.00",Rs./Quintal,1.50,Metric Tonnes,25-08-2026
Maharashtra,Pune,APMC Khed ,Vegetables,Onion,Fursungi,Local,"1,500.00","3,400.00","2,500.00",Rs./Quintal,3.10,Metric Tonnes,24-08-2026
Maharashtra,Pune,APMC Khed ,Vegetables,Onion,Fursungi,Local,"1,500.00","4,000.00","2,500.00",Rs./Quintal,2.60,Metric Tonnes,23-08-2026
Maharashtra,Pune,APMC Khed ,Vegetables,Onion,Fursungi,Local,"1,200.00","4,000.00","2,500.00",Rs./Quintal,3.30,Metric Tonnes,21-08-2026
Maharashtra,Pune,APMC Khed ,Vegetables,Onion,Fursungi,Local,"1,600.00","4,000.00","3,000.00",Rs./Quintal,2.60,Metric Tonnes,20-08-2026
Maharashtra,Pune,APMC Khed ,Vegetables,Onion,Fursungi,Local,"1,500.00","4,000.00","3,000.00",Rs./Quintal,2.50,Metric Tonnes,19-08-2026
Maharashtra,Pune,APMC Khed ,Vegetables,Onion,Fursungi,Local,"1,800.00","3,500.00","2,500.00",Rs./Quintal,2.20,Metric Tonnes,18-08-2026
Maharashtra,Pune,APMC Khed ,Vegetables,Onion,Fursungi,Local,"1,000.00","3,500.00","2,500.00",Rs./Quintal,2.80,Metric Tonnes,17-08-2026
Maharashtra,Pune,APMC Khed ,Vegetables,Onion,Fursungi,Local,"1,500.00","3,600.00","2,500.00",Rs./Quintal,2.20,Metric Tonnes,16-08-2026
Maharashtra,Pune,APMC Khed ,Vegetables,Onion,Fursungi,Local,"1,800.00","3,000.00","2,200.00",Rs./Quintal,2.10,Metric Tonnes,14-08-2026
Maharashtra,Pune,APMC Khed ,Vegetables,Onion,Fursungi,Local,"1,500.00","2,500.00","2,000.00",Rs./Quintal,2.20,Metric Tonnes,13-08-2026
Maharashtra,Pune,APMC Khed ,Vegetables,Onion,Fursungi,Local,"1,200.00","2,500.00","1,800.00",Rs./Quintal,2.50,Metric Tonnes,12-08-2026
Maharashtra,Pune,APMC Khed ,Vegetables,Onion,Fursungi,Local,"1,100.00","2,500.00","1,800.00",Rs./Quintal,4.60,Metric Tonnes,11-08-2026
Maharashtra,Pune,APMC Khed ,Vegetables,Onion,Fursungi,Local,"1,000.00","2,500.00","1,800.00",Rs./Quintal,3.00,Metric Tonnes,10-08-2026
Maharashtra,Pune,APMC Khed ,Vegetables,Onion,Fursungi,Local,900.00,"2,500.00","1,500.00",Rs./Quintal,5.80,Metric Tonnes,09-08-2026
Maharashtra,Pune,APMC Khed ,Vegetables,Onion,Fursungi,Local,"1,200.00","2,400.00","1,800.00",Rs./Quintal,2.30,Metric Tonnes,07-08-2026
Maharashtra,Pune,APMC Khed ,Vegetables,Onion,Fursungi,Local,"1,000.00","2,200.00","1,500.00",Rs./Quintal,0.80,Metric Tonnes,06-08-2026
Maharashtra,Pune,APMC Khed ,Vegetables,Onion,Fursungi,Local,"1,100.00","2,400.00","1,800.00",Rs./Quintal,3.80,Metric Tonnes,05-08-2026
Maharashtra,Pune,APMC Khed ,Vegetables,Onion,Fursungi,Local,"1,200.00","2,400.00","2,000.00",Rs./Quintal,2.50,Metric Tonnes,04-08-2026
Maharashtra,Pune,APMC Khed ,Vegetables,Onion,Fursungi,Local,"1,000.00","2,400.00","1,800.00",Rs./Quintal,2.90,Metric Tonnes,03-08-2026
Maharashtra,Pune,APMC Khed ,Vegetables,Onion,Fursungi,Local,"1,100.00","2,400.00","1,500.00",Rs./Quintal,3.10,Metric Tonnes,02-08-2026
Maharashtra,Pune,APMC Khed ,Vegetables,Onion,Fursungi,Local,"1,000.00","2,200.00","1,500.00",Rs./Quintal,1.30,Metric Tonnes,31-07-2026
Maharashtra,Pune,APMC Khed ,Vegetables,Onion,Fursungi,Local,"1,000.00","2,200.00","1,500.00",Rs./Quintal,2.80,Metric Tonnes,30-07-2026
Maharashtra,Pune,APMC Khed ,Vegetables,Onion,Fursungi,Local,"1,000.00","2,200.00","1,500.00",Rs./Quintal,1.40,Metric Tonnes,29-07-2026
Maharashtra,Pune,APMC Khed ,Vegetables,Onion,Fursungi,Local,"1,000.00","2,400.00","1,600.00",Rs./Quintal,1.80,Metric Tonnes,28-07-2026
Maharashtra,Pune,APMC Khed ,Vegetables,Onion,Fursungi,Local,"1,200.00","2,700.00","2,000.00",Rs./Quintal,4.40,Metric Tonnes,27-07-2026
Maharashtra,Pune,APMC Khed ,Vegetables,Onion,Fursungi,Local,"1,000.00","2,200.00","1,500.00",Rs./Quintal,3.30,Metric Tonnes,26-07-2026
Maharashtra,Pune,APMC Khed ,Vegetables,Onion,Fursungi,Local,"2,000.00","2,400.00","2,200.00",Rs./Quintal,0.80,Metric Tonnes,24-07-2026
Maharashtra,Pune,APMC Khed ,Vegetables,Onion,Fursungi,Local,"1,200.00","2,400.00","1,800.00",Rs./Quintal,2.30,Metric Tonnes,23-07-2026
Maharashtra,Pune,APMC Khed ,Vegetables,Onion,Fursungi,Local,"1,800.00","2,200.00","2,000.00",Rs./Quintal,1.10,Metric Tonnes,22-07-2026
Maharashtra,Pune,APMC Khed ,Vegetables,Onion,Fursungi,Local,"1,000.00","2,200.00","1,500.00",Rs./Quintal,3.50,Metric Tonnes,21-07-2026
Maharashtra,Pune,APMC Khed ,Vegetables,Onion,Fursungi,Local,800.00,"2,500.00","1,500.00",Rs./Quintal,2.00,Metric Tonnes,20-07-2026
Maharashtra,Pune,APMC Khed ,Vegetables,Onion,Fursungi,Local,"1,200.00","2,200.00","1,800.00",Rs./Quintal,4.60,Metric Tonnes,19-07-2026
Maharashtra,Pune,APMC Khed ,Vegetables,Onion,Fursungi,Local,"1,400.00","2,400.00","1,900.00",Rs./Quintal,1.90,Metric Tonnes,16-07-2026
Maharashtra,Pune,APMC Khed ,Vegetables,Onion,Fursungi,Local,"1,200.00","2,500.00","1,800.00",Rs./Quintal,2.10,Metric Tonnes,15-07-2026
Maharashtra,Pune,APMC Khed ,Vegetables,Onion,Fursungi,Local,"1,200.00","2,500.00","1,800.00",Rs./Quintal,3.00,Metric Tonnes,14-07-2026
Maharashtra,Pune,APMC Khed ,Vegetables,Onion,Fursungi,Local,"1,800.00","2,200.00","2,000.00",Rs./Quintal,1.60,Metric Tonnes,13-07-2026
Maharashtra,Pune,APMC Khed ,Vegetables,Onion,Fursungi,Local,"1,000.00","2,600.00","1,800.00",Rs./Quintal,3.10,Metric Tonnes,10-07-2026
Maharashtra,Pune,APMC Khed ,Vegetables,Onion,Fursungi,Local,900.00,"2,400.00","1,800.00",Rs./Quintal,4.30,Metric Tonnes,09-07-2026
Maharashtra,Pune,APMC Khed ,Vegetables,Onion,Fursungi,Local,"1,500.00","2,200.00","1,800.00",Rs./Quintal,1.30,Metric Tonnes,08-07-2026
Maharashtra,Pune,APMC Khed ,Vegetables,Onion,Fursungi,Local,800.00,"2,100.00","1,500.00",Rs./Quintal,3.60,Metric Tonnes,07-07-2026
Maharashtra,Pune,APMC Khed ,Vegetables,Onion,Fursungi,Local,"1,000.00","2,300.00","1,500.00",Rs./Quintal,1.50,Metric Tonnes,06-07-2026
Maharashtra,Pune,APMC Khed ,Vegetables,Onion,Fursungi,Local,"1,000.00","2,100.00","1,600.00",Rs./Quintal,2.60,Metric Tonnes,05-07-2026
Maharashtra,Pune,APMC Khed ,Vegetables,Onion,Fursungi,Local,"1,200.00","1,900.00","1,600.00",Rs./Quintal,2.10,Metric Tonnes,03-07-2026
Maharashtra,Pune,APMC Khed ,Vegetables,Onion,Fursungi,Local,"1,200.00","2,000.00","1,600.00",Rs./Quintal,2.40,Metric Tonnes,02-07-2026
Maharashtra,Pune,APMC Khed ,Vegetables,Onion,Fursungi,Local,900.00,"2,400.00","1,500.00",Rs./Quintal,2.20,Metric Tonnes,01-07-2026
Maharashtra,Pune,APMC Khed ,Vegetables,Onion,Fursungi,Local,900.00,"2,000.00","1,500.00",Rs./Quintal,3.00,Metric Tonnes,30-06-2026
Maharashtra,Pune,APMC Khed ,Vegetables,Onion,Fursungi,Local,"1,000.00","2,400.00","1,800.00",Rs./Quintal,2.50,Metric Tonnes,29-06-2026
Maharashtra,Pune,APMC Manchar ,Vegetables,Onion,Other,Local,"3,000.00","5,000.00","4,260.00",Rs./Quintal,"1,051.70",Metric Tonnes,27-09-2026
Maharashtra,Pune,APMC Manchar ,Vegetables,Onion,Other,Local,"3,800.00","5,110.00","4,460.00",Rs./Quintal,"1,085.60",Metric Tonnes,22-09-2026
Maharashtra,Pune,APMC Manchar ,Vegetables,Onion,Other,Local,"3,800.00","5,250.00","4,560.00",Rs./Quintal,"1,336.90",Metric Tonnes,20-09-2026
Maharashtra,Pune,APMC Manchar ,Vegetables,Onion,Other,Local,"4,300.00","6,000.00","5,160.00",Rs./Quintal,"1,085.80",Metric Tonnes,15-09-2026
Maharashtra,Pune,APMC Manchar ,Vegetables,Onion,Other,Local,"3,700.00","5,610.00","4,660.00",Rs./Quintal,"1,520.20",Metric Tonnes,10-09-2026
Maharashtra,Pune,APMC Manchar ,Vegetables,Onion,Other,Local,"3,500.00","6,110.00","4,835.00",Rs./Quintal,"1,352.00",Metric Tonnes,08-09-2026
Maharashtra,Pune,APMC Manchar ,Vegetables,Onion,Other,Local,"4,200.00","6,510.00","5,360.00",Rs./Quintal,"1,426.60",Metric Tonnes,06-09-2026
Maharashtra,Pune,APMC Manchar ,Vegetables,Onion,Other,Local,"3,800.00","6,110.00","4,980.00",Rs./Quintal,"1,539.20",Metric Tonnes,03-09-2026
Maharashtra,Pune,APMC Manchar ,Vegetables,Onion,Other,Local,"3,750.00","5,510.00","4,650.00",Rs./Quintal,"1,223.50",Metric Tonnes,01-09-2026
Maharashtra,Pune,APMC Manchar ,Vegetables,Onion,Other,Local,"2,700.00","5,110.00","3,925.00",Rs./Quintal,"1,064.60",Metric Tonnes,30-08-2026
Maharashtra,Pune,APMC Manchar ,Vegetables,Onion,Other,Local,"3,400.00","4,510.00","3,955.00",Rs./Quintal,"1,981.50",Metric Tonnes,27-08-2026
Maharashtra,Pune,APMC Manchar ,Vegetables,Onion,Other,Local,"3,900.00","5,510.00","4,705.00",Rs./Quintal,"1,811.50",Metric Tonnes,23-08-2026
Maharashtra,Pune,APMC Manchar ,Vegetables,Onion,Other,Local,"3,800.00","5,250.00","4,525.00",Rs./Quintal,"1,788.40",Metric Tonnes,20-08-2026
Maharashtra,Pune,APMC Manchar ,Vegetables,Onion,Other,Local,"4,000.00","5,510.00","4,755.00",Rs./Quintal,"1,352.90",Metric Tonnes,18-08-2026
Maharashtra,Pune,APMC Manchar ,Vegetables,Onion,Other,Local,"3,200.00","4,250.00","3,710.00",Rs./Quintal,"1,738.40",Metric Tonnes,16-08-2026
Maharashtra,Pune,APMC Manchar ,Vegetables,Onion,Other,Local,"2,900.00","4,110.00","3,550.00",Rs./Quintal,"1,278.00",Metric Tonnes,13-08-2026
Maharashtra,Pune,APMC Manchar ,Vegetables,Onion,Unhali,Local,"2,450.00","3,510.00","2,980.00",Rs./Quintal,"1,161.90",Metric Tonnes,11-08-2026
Maharashtra,Pune,APMC Manchar ,Vegetables,Onion,Other,Local,"1,800.00","3,000.00","2,450.00",Rs./Quintal,76.70,Metric Tonnes,10-08-2026
Maharashtra,Pune,APMC Manchar ,Vegetables,Onion,Other,Local,"1,700.00","3,110.00","2,450.00",Rs./Quintal,"1,208.30",Metric Tonnes,09-08-2026
Maharashtra,Pune,APMC Manchar ,Vegetables,Onion,Other,Local,"1,900.00","3,110.00","2,550.00",Rs./Quintal,"1,329.50",Metric Tonnes,06-08-2026
Maharashtra,Pune,APMC Manchar ,Vegetables,Onion,Other,Local,"1,700.00","2,700.00","2,250.00",Rs./Quintal,"1,301.40",Metric Tonnes,04-08-2026
Maharashtra,Pune,APMC Manchar ,Vegetables,Onion,Other,Local,"2,200.00","3,000.00","2,650.00",Rs./Quintal,"1,346.00",Metric Tonnes,02-08-2026
Maharashtra,Pune,APMC Manchar ,Vegetables,Onion,Other,Local,"1,700.00","3,000.00","2,360.00",Rs./Quintal,"1,310.40",Metric Tonnes,30-07-2026
Maharashtra,Pune,APMC Manchar ,Vegetables,Onion,Other,Local,"2,110.00","3,000.00","2,560.00",Rs./Quintal,"1,174.20",Metric Tonnes,28-07-2026
Maharashtra,Pune,APMC Manchar ,Vegetables,Onion,Other,Local,"2,200.00","3,000.00","2,600.00",Rs./Quintal,"1,126.60",Metric Tonnes,26-07-2026
Maharashtra,Pune,APMC Manchar ,Vegetables,Onion,Other,Local,"2,200.00","3,000.00","2,660.00",Rs./Quintal,"1,062.00",Metric Tonnes,21-07-2026
Maharashtra,Pune,APMC Manchar ,Vegetables,Onion,Other,Local,"1,400.00","3,000.00","2,250.00",Rs./Quintal,993.10,Metric Tonnes,19-07-2026
Maharashtra,Pune,APMC Manchar ,Vegetables,Onion,Other,Local,"1,700.00","3,000.00","2,360.00",Rs./Quintal,"1,089.40",Metric Tonnes,14-07-2026
Maharashtra,Pune,APMC Manchar ,Vegetables,Onion,Other,Local,"2,250.00","3,000.00","2,650.00",Rs./Quintal,"1,580.60",Metric Tonnes,12-07-2026
Maharashtra,Pune,APMC Manchar ,Vegetables,Onion,Other,Local,"1,450.00","2,800.00","2,150.00",Rs./Quintal,"1,389.00",Metric Tonnes,09-07-2026
Maharashtra,Pune,APMC Manchar ,Vegetables,Onion,Other,Local,"1,910.00","3,250.00","2,590.00",Rs./Quintal,931.50,Metric Tonnes,05-07-2026
Maharashtra,Pune,APMC Manchar ,Vegetables,Onion,Other,Local,"1,500.00","3,000.00","2,260.00",Rs./Quintal,"1,401.80",Metric Tonnes,02-07-2026
Maharashtra,Pune,APMC Manchar ,Vegetables,Onion,Other,Local,"1,500.00","3,000.00","2,260.00",Rs./Quintal,"1,195.90",Metric Tonnes,30-06-2026
Maharashtra,Pune,APMC Manchar ,Vegetables,Onion,Other,Local,"2,200.00","3,000.00","2,600.00",Rs./Quintal,"1,352.20",Metric Tonnes,28-06-2026
Maharashtra,Pune,APMC Manchar ,Vegetables,Onion,Other,Local,"1,350.00","2,550.00","1,960.00",Rs./Quintal,762.90,Metric Tonnes,23-06-2026
Maharashtra,Pune,APMC Manchar ,Vegetables,Onion,Other,Local,500.00,"1,800.00","1,160.00",Rs./Quintal,3.90,Metric Tonnes,22-06-2026
Maharashtra,Pune,APMC Manchar ,Vegetables,Onion,Other,Local,"1,200.00","2,450.00","1,830.00",Rs./Quintal,"1,246.80",Metric Tonnes,21-06-2026
Maharashtra,Pune,APMC Manchar ,Vegetables,Onion,Other,Local,"1,700.00","2,510.00","2,160.00",Rs./Quintal,773.80,Metric Tonnes,18-06-2026
Maharashtra,Pune,APMC Manchar ,Vegetables,Onion,Other,Local,"1,510.00","2,300.00","1,960.00",Rs./Quintal,528.70,Metric Tonnes,16-06-2026
Maharashtra,Pune,APMC Manchar ,Vegetables,Onion,Other,Local,"1,200.00","2,000.00","1,600.00",Rs./Quintal,863.00,Metric Tonnes,14-06-2026
Maharashtra,Pune,APMC Manchar ,Vegetables,Onion,Other,Local,"1,300.00","2,110.00","1,705.00",Rs./Quintal,803.90,Metric Tonnes,11-06-2026
Maharashtra,Pune,APMC Manchar ,Vegetables,Onion,Other,Local,"1,200.00","2,000.00","1,600.00",Rs./Quintal,"1,077.50",Metric Tonnes,07-06-2026
Maharashtra,Pune,APMC Manchar ,Vegetables,Onion,Other,Local,"1,400.00","2,000.00","1,700.00",Rs./Quintal,959.70,Metric Tonnes,04-06-2026
Maharashtra,Pune,APMC Manchar ,Vegetables,Onion,Other,Local,"1,000.00","2,210.00","1,625.00",Rs./Quintal,639.10,Metric Tonnes,02-06-2026
Maharashtra,Pune,APMC Manchar ,Vegetables,Onion,Other,Local,700.00,"2,210.00","1,460.00",Rs./Quintal,620.70,Metric Tonnes,31-05-2026
Maharashtra,Pune,APMC Manchar ,Vegetables,Onion,Other,Local,"1,100.00","1,850.00","1,480.00",Rs./Quintal,585.10,Metric Tonnes,28-05-2026
Maharashtra,Pune,APMC Manchar ,Vegetables,Onion,Other,Local,760.00,"1,600.00","1,185.00",Rs./Quintal,695.80,Metric Tonnes,26-05-2026
Maharashtra,Pune,APMC Manchar ,Vegetables,Onion,Other,Local,600.00,"1,150.00",880.00,Rs./Quintal,1.90,Metric Tonnes,25-05-2026
Maharashtra,Pune,APMC Manchar ,Vegetables,Onion,Other,Local,"1,000.00","1,540.00","1,280.00",Rs./Quintal,682.50,Metric Tonnes,21-05-2026
Maharashtra,Pune,APMC Manchar ,Vegetables,Onion,Other,Local,600.00,"1,300.00",955.00,Rs./Quintal,1.30,Metric Tonnes,20-05-2026
Maharashtra,Pune,APMC Manchar ,Vegetables,Onion,Other,Local,800.00,"1,510.00","1,160.00",Rs./Quintal,539.00,Metric Tonnes,19-05-2026
Maharashtra,Pune,APMC Manchar ,Vegetables,Onion,Other,Local,500.00,"1,000.00",755.00,Rs./Quintal,2.70,Metric Tonnes,18-05-2026
Maharashtra,Pune,APMC Manchar ,Vegetables,Onion,Other,Local,900.00,"1,400.00","1,155.00",Rs./Quintal,811.10,Metric Tonnes,17-05-2026
Maharashtra,Pune,APMC Manchar ,Vegetables,Onion,Other,Local,950.00,"1,350.00","1,155.00",Rs./Quintal,828.90,Metric Tonnes,14-05-2026
Maharashtra,Pune,APMC Manchar ,Vegetables,Onion,Other,Local,900.00,"1,300.00","1,150.00",Rs./Quintal,910.50,Metric Tonnes,12-05-2026
Maharashtra,Pune,APMC Manchar ,Vegetables,Onion,Other,Local,800.00,"1,300.00","1,055.00",Rs./Quintal,"1,469.70",Metric Tonnes,10-05-2026
Maharashtra,Pune,APMC Manchar ,Vegetables,Onion,Other,Local,"1,100.00","1,400.00","1,250.00",Rs./Quintal,"1,645.30",Metric Tonnes,07-05-2026
Maharashtra,Pune,APMC Manchar ,Vegetables,Onion,Other,Local,"1,000.00","1,450.00","1,230.00",Rs./Quintal,"1,227.50",Metric Tonnes,03-05-2026
Maharashtra,Pune,APMC Manchar ,Vegetables,Onion,Other,Local,900.00,"1,360.00","1,140.00",Rs./Quintal,624.80,Metric Tonnes,28-04-2026
Maharashtra,Pune,APMC Manchar ,Vegetables,Onion,Other,Local,900.00,"1,310.00","1,115.00",Rs./Quintal,682.40,Metric Tonnes,26-04-2026
Maharashtra,Pune,APMC Manchar ,Vegetables,Onion,Other,Local,"1,000.00","1,200.00","1,150.00",Rs./Quintal,501.00,Metric Tonnes,23-04-2026
Maharashtra,Pune,APMC Manchar ,Vegetables,Onion,Other,Local,800.00,"1,210.00","1,005.00",Rs./Quintal,566.10,Metric Tonnes,21-04-2026
Maharashtra,Pune,APMC Manchar ,Vegetables,Onion,Other,Local,750.00,"1,150.00",950.00,Rs./Quintal,"1,496.30",Metric Tonnes,19-04-2026
Maharashtra,Pune,APMC Manchar ,Vegetables,Onion,Other,Local,900.00,"1,300.00","1,120.00",Rs./Quintal,935.50,Metric Tonnes,14-04-2026
Maharashtra,Pune,APMC Manchar ,Vegetables,Onion,Other,Local,"1,000.00","1,510.00","1,260.00",Rs./Quintal,844.50,Metric Tonnes,09-04-2026
Maharashtra,Pune,APMC Manchar ,Vegetables,Onion,Other,Local,900.00,"1,350.00","1,125.00",Rs./Quintal,898.60,Metric Tonnes,05-04-2026
Maharashtra,Pune,APMC Manchar ,Vegetables,Onion,Other,Local,900.00,"1,350.00","1,125.00",Rs./Quintal,"1,233.10",Metric Tonnes,17-03-2026
Maharashtra,Pune,APMC Manchar ,Vegetables,Onion,Other,Local,"1,000.00","1,510.00","1,255.00",Rs./Quintal,"1,655.40",Metric Tonnes,15-03-2026
Maharashtra,Pune,APMC Manchar ,Vegetables,Onion,Other,Local,"1,000.00","1,600.00","1,325.00",Rs./Quintal,"1,354.60",Metric Tonnes,10-03-2026
Maharashtra,Pune,APMC Manchar ,Vegetables,Onion,Other,Local,900.00,"1,510.00","1,205.00",Rs./Quintal,"1,787.80",Metric Tonnes,08-03-2026
Maharashtra,Pune,APMC Manchar ,Vegetables,Onion,Other,Local,900.00,"1,510.00","1,205.00",Rs./Quintal,"1,268.40",Metric Tonnes,05-03-2026
Maharashtra,Pune,APMC Manchar ,Vegetables,Onion,Other,Local,"1,200.00","1,610.00","1,405.00",Rs./Quintal,763.00,Metric Tonnes,03-03-2026
Maharashtra,Pune,APMC Manchar ,Vegetables,Onion,Other,Local,"1,000.00","1,300.00","1,150.00",Rs./Quintal,"1,526.10",Metric Tonnes,01-03-2026
Maharashtra,Pune,APMC Manchar ,Vegetables,Onion,Other,Local,"1,300.00","1,400.00","1,350.00",Rs./Quintal,"1,600.10",Metric Tonnes,26-02-2026
Maharashtra,Pune,APMC Manchar ,Vegetables,Onion,Other,Local,"1,400.00","1,600.00","1,500.00",Rs./Quintal,"1,386.10",Metric Tonnes,24-02-2026
Maharashtra,Pune,APMC Manchar ,Vegetables,Onion,Other,Local,"1,110.00","1,510.00","1,310.00",Rs./Quintal,"1,907.00",Metric Tonnes,22-02-2026
Maharashtra,Pune,APMC Manchar ,Vegetables,Onion,Other,Local,"1,600.00","1,750.00","1,675.00",Rs./Quintal,"1,772.20",Metric Tonnes,19-02-2026
Maharashtra,Pune,APMC Manchar ,Vegetables,Onion,Other,Local,"1,500.00","2,000.00","1,750.00",Rs./Quintal,"1,460.40",Metric Tonnes,17-02-2026
Maharashtra,Pune,APMC Manchar ,Vegetables,Onion,Other,Local,"1,500.00","1,700.00","1,600.00",Rs./Quintal,"1,810.80",Metric Tonnes,15-02-2026
Maharashtra,Pune,APMC Manchar ,Vegetables,Onion,Other,Local,90.00,"1,650.00",870.00,Rs./Quintal,"1,610.50",Metric Tonnes,12-02-2026
Maharashtra,Pune,APMC Manchar ,Vegetables,Onion,Other,Local,900.00,"1,650.00","1,275.00",Rs./Quintal,"1,293.40",Metric Tonnes,10-02-2026
Maharashtra,Pune,APMC Manchar ,Vegetables,Onion,Other,Local,"1,400.00","1,710.00","1,600.00",Rs./Quintal,"1,119.80",Metric Tonnes,08-02-2026
Maharashtra,Pune,APMC Manchar ,Vegetables,Onion,Other,Local,"1,400.00","1,750.00","1,600.00",Rs./Quintal,"1,640.80",Metric Tonnes,05-02-2026
Maharashtra,Pune,APMC Manchar ,Vegetables,Onion,Other,Local,900.00,"1,800.00","1,350.00",Rs./Quintal,"1,117.70",Metric Tonnes,03-02-2026
Maharashtra,Pune,APMC Manchar ,Vegetables,Onion,Other,Local,"1,400.00","1,650.00","1,525.00",Rs./Quintal,"1,442.40",Metric Tonnes,01-02-2026
Maharashtra,Pune,APMC Manchar ,Vegetables,Onion,Other,Local,"1,600.00","1,900.00","1,800.00",Rs./Quintal,"1,498.40",Metric Tonnes,27-01-2026
Maharashtra,Pune,APMC Manchar ,Vegetables,Onion,Other,Local,"1,900.00","2,300.00","2,100.00",Rs./Quintal,"1,931.90",Metric Tonnes,22-01-2026
Maharashtra,Pune,APMC Manchar ,Vegetables,Onion,Other,Local,"1,900.00","2,300.00","2,100.00",Rs./Quintal,"1,582.70",Metric Tonnes,18-01-2026
Maharashtra,Pune,APMC Manchar ,Vegetables,Onion,Other,Local,"1,800.00","2,110.00","1,955.00",Rs./Quintal,198.50,Metric Tonnes,15-01-2026
Maharashtra,Pune,APMC Manchar ,Vegetables,Onion,Other,Local,"1,800.00","2,000.00","1,900.00",Rs./Quintal,"1,344.50",Metric Tonnes,13-01-2026
Maharashtra,Pune,APMC Manchar ,Vegetables,Onion,Other,Local,"1,300.00","2,000.00","1,700.00",Rs./Quintal,"1,717.00",Metric Tonnes,11-01-2026
Maharashtra,Pune,APMC Manchar ,Vegetables,Onion,Other,Local,"1,800.00","2,110.00","1,955.00",Rs./Quintal,"1,471.90",Metric Tonnes,08-01-2026
Maharashtra,Pune,APMC Manchar ,Vegetables,Onion,Other,Local,"1,800.00","2,250.00","2,100.00",Rs./Quintal,638.30,Metric Tonnes,06-01-2026
Maharashtra,Pune,APMC Manchar ,Vegetables,Onion,Other,Local,"1,400.00","2,110.00","1,800.00",Rs./Quintal,"1,698.70",Metric Tonnes,04-01-2026
Maharashtra,Pune,APMC Manchar ,Vegetables,Onion,Other,Local,"1,800.00","2,510.00","2,200.00",Rs./Quintal,"1,141.30",Metric Tonnes,01-01-2026
Maharashtra,Pune,APMC Manchar ,Vegetables,Onion,Other,Local,"1,800.00","2,510.00","2,200.00",Rs./Quintal,"1,050.10",Metric Tonnes,30-12-2025
Maharashtra,Pune,APMC Manchar ,Vegetables,Onion,Other,Local,"1,900.00","2,600.00","2,300.00",Rs./Quintal,"1,489.10",Metric Tonnes,28-12-2025
Maharashtra,Pune,APMC Manchar ,Vegetables,Onion,Other,Local,"1,800.00","2,510.00","2,200.00",Rs./Quintal,"1,027.60",Metric Tonnes,25-12-2025
Maharashtra,Pune,APMC Manchar ,Vegetables,Onion,Other,Local,"1,800.00","2,510.00","2,200.00",Rs./Quintal,718.60,Metric Tonnes,23-12-2025
Maharashtra,Pune,APMC Manchar ,Vegetables,Onion,Other,Local,"1,600.00","2,500.00","2,100.00",Rs./Quintal,984.40,Metric Tonnes,21-12-2025
Maharashtra,Pune,APMC Manchar ,Vegetables,Onion,Other,Local,"2,200.00","2,650.00","2,500.00",Rs./Quintal,962.20,Metric Tonnes,18-12-2025
Maharashtra,Pune,APMC Manchar ,Vegetables,Onion,Other,Local,"2,600.00","3,000.00","2,800.00",Rs./Quintal,568.50,Metric Tonnes,14-12-2025
Maharashtra,Pune,APMC Manchar ,Vegetables,Onion,Other,Local,"1,500.00","1,800.00","1,700.00",Rs./Quintal,997.80,Metric Tonnes,30-11-2025
Maharashtra,Pune,APMC Manchar ,Vegetables,Onion,Other,Local,"1,600.00","1,950.00","1,800.00",Rs./Quintal,785.30,Metric Tonnes,27-11-2025
Maharashtra,Pune,APMC Manchar ,Vegetables,Onion,Other,Local,"1,600.00","1,860.00","1,730.00",Rs./Quintal,814.70,Metric Tonnes,25-11-2025
Maharashtra,Pune,APMC Manchar ,Vegetables,Onion,Other,Local,"1,400.00","1,900.00","1,650.00",Rs./Quintal,944.10,Metric Tonnes,23-11-2025
Maharashtra,Pune,APMC Manchar ,Vegetables,Onion,Other,Local,"1,600.00","1,900.00","1,800.00",Rs./Quintal,986.10,Metric Tonnes,20-11-2025
Maharashtra,Pune,APMC Manchar ,Vegetables,Onion,Other,Local,"1,350.00","2,000.00","1,700.00",Rs./Quintal,348.80,Metric Tonnes,19-11-2025
Maharashtra,Pune,APMC Manchar ,Vegetables,Onion,Other,Local,"1,700.00","2,000.00","1,900.00",Rs./Quintal,832.60,Metric Tonnes,18-11-2025
Maharashtra,Pune,APMC Pune ,Vegetables,Onion,Local,Local,"1,000.00","4,700.00","2,850.00",Rs./Quintal,823.40,Metric Tonnes,24-09-2026
Maharashtra,Pune,APMC Pune ,Vegetables,Onion,Local,Local,"1,000.00","4,700.00","2,850.00",Rs./Quintal,785.70,Metric Tonnes,23-09-2026
Maharashtra,Pune,APMC Pune ,Vegetables,Onion,Local,Local,"1,000.00","4,800.00","2,900.00",Rs./Quintal,809.50,Metric Tonnes,22-09-2026
Maharashtra,Pune,APMC Pune ,Vegetables,Onion,Local,Local,"1,000.00","4,800.00","2,900.00",Rs./Quintal,"1,151.70",Metric Tonnes,20-09-2026
Maharashtra,Pune,APMC Pune ,Vegetables,Onion,Local,Local,"1,000.00","5,000.00","3,000.00",Rs./Quintal,883.20,Metric Tonnes,17-09-2026
Maharashtra,Pune,APMC Pune ,Vegetables,Onion,Local,Local,"1,000.00","5,000.00","3,000.00",Rs./Quintal,966.50,Metric Tonnes,16-09-2026
Maharashtra,Pune,APMC Pune ,Vegetables,Onion,Local,Local,"1,000.00","5,000.00","3,000.00",Rs./Quintal,597.60,Metric Tonnes,14-09-2026
Maharashtra,Pune,APMC Pune ,Vegetables,Onion,Local,Local,"1,000.00","5,000.00","3,000.00",Rs./Quintal,882.20,Metric Tonnes,13-09-2026
Maharashtra,Pune,APMC Pune ,Vegetables,Onion,Local,Local,"1,000.00","4,800.00","2,900.00",Rs./Quintal,892.80,Metric Tonnes,11-09-2026
Maharashtra,Pune,APMC Pune ,Vegetables,Onion,Local,Local,"1,000.00","5,000.00","3,000.00",Rs./Quintal,871.40,Metric Tonnes,10-09-2026
Maharashtra,Pune,APMC Pune ,Vegetables,Onion,Local,Local,"1,000.00","5,000.00","3,000.00",Rs./Quintal,747.90,Metric Tonnes,09-09-2026
Maharashtra,Pune,APMC Pune ,Vegetables,Onion,Local,Local,"1,000.00","5,000.00","3,000.00",Rs./Quintal,911.40,Metric Tonnes,08-09-2026
Maharashtra,Pune,APMC Pune ,Vegetables,Onion,Local,Local,"1,000.00","5,000.00","3,000.00",Rs./Quintal,865.90,Metric Tonnes,07-09-2026
Maharashtra,Pune,APMC Pune ,Vegetables,Onion,Local,Local,"1,000.00","5,000.00","3,000.00",Rs./Quintal,"1,035.10",Metric Tonnes,06-09-2026
Maharashtra,Pune,APMC Pune ,Vegetables,Onion,Local,Local,"1,000.00","4,800.00","2,900.00",Rs./Quintal,"1,136.70",Metric Tonnes,04-09-2026
Maharashtra,Pune,APMC Pune ,Vegetables,Onion,Local,Local,"1,000.00","4,800.00","2,900.00",Rs./Quintal,"1,070.60",Metric Tonnes,03-09-2026
Maharashtra,Pune,APMC Pune ,Vegetables,Onion,Local,Local,"1,000.00","4,500.00","2,750.00",Rs./Quintal,"1,179.10",Metric Tonnes,01-09-2026
Maharashtra,Pune,APMC Pune ,Vegetables,Onion,Local,Local,"1,000.00","4,600.00","2,800.00",Rs./Quintal,714.10,Metric Tonnes,31-08-2026
Maharashtra,Pune,APMC Pune ,Vegetables,Onion,Local,Local,"2,000.00","4,500.00","3,250.00",Rs./Quintal,670.80,Metric Tonnes,30-08-2026
Maharashtra,Pune,APMC Pune ,Vegetables,Onion,Local,Local,"1,000.00","4,300.00","2,650.00",Rs./Quintal,788.60,Metric Tonnes,28-08-2026
Maharashtra,Pune,APMC Pune ,Vegetables,Onion,Local,Local,"1,000.00","4,300.00","2,650.00",Rs./Quintal,934.20,Metric Tonnes,27-08-2026
Maharashtra,Pune,APMC Pune ,Vegetables,Onion,Local,Local,"1,000.00","4,300.00","2,650.00",Rs./Quintal,"1,188.50",Metric Tonnes,26-08-2026
Maharashtra,Pune,APMC Pune ,Vegetables,Onion,Local,Local,"1,000.00","4,500.00","2,750.00",Rs./Quintal,"1,277.30",Metric Tonnes,25-08-2026
Maharashtra,Pune,APMC Pune ,Vegetables,Onion,Local,Local,"1,000.00","4,500.00","2,750.00",Rs./Quintal,824.50,Metric Tonnes,24-08-2026
Maharashtra,Pune,APMC Pune ,Vegetables,Onion,Local,Local,"1,000.00","4,000.00","2,500.00",Rs./Quintal,936.40,Metric Tonnes,23-08-2026
Maharashtra,Pune,APMC Pune ,Vegetables,Onion,Local,Local,"1,000.00","4,000.00","2,500.00",Rs./Quintal,"1,561.50",Metric Tonnes,21-08-2026
Maharashtra,Pune,APMC Pune ,Vegetables,Onion,Local,Local,"1,000.00","4,200.00","2,600.00",Rs./Quintal,"1,753.80",Metric Tonnes,20-08-2026
Maharashtra,Pune,APMC Pune ,Vegetables,Onion,Local,Local,"1,000.00","3,400.00","2,200.00",Rs./Quintal,"1,066.50",Metric Tonnes,17-08-2026
Maharashtra,Pune,APMC Pune ,Vegetables,Onion,Local,Local,"1,500.00","3,300.00","2,400.00",Rs./Quintal,"1,324.10",Metric Tonnes,16-08-2026
Maharashtra,Pune,APMC Pune ,Vegetables,Onion,Local,Local,"1,000.00","3,500.00","2,250.00",Rs./Quintal,996.20,Metric Tonnes,14-08-2026
Maharashtra,Pune,APMC Pune ,Vegetables,Onion,Local,Local,"1,000.00","3,200.00","2,100.00",Rs./Quintal,830.60,Metric Tonnes,13-08-2026
Maharashtra,Pune,APMC Pune ,Vegetables,Onion,Local,Local,"1,000.00","2,900.00","1,950.00",Rs./Quintal,780.90,Metric Tonnes,12-08-2026
Maharashtra,Pune,APMC Pune ,Vegetables,Onion,Local,Local,"1,200.00","2,800.00","2,000.00",Rs./Quintal,863.10,Metric Tonnes,11-08-2026
Maharashtra,Pune,APMC Pune ,Vegetables,Onion,Local,Local,"1,100.00","2,700.00","1,800.00",Rs./Quintal,877.00,Metric Tonnes,10-08-2026
Maharashtra,Pune,APMC Pune ,Vegetables,Onion,Local,Local,"1,200.00","2,800.00","2,000.00",Rs./Quintal,"1,065.40",Metric Tonnes,09-08-2026
Maharashtra,Pune,APMC Pune ,Vegetables,Onion,Local,Local,"1,100.00","2,700.00","1,900.00",Rs./Quintal,"1,104.30",Metric Tonnes,07-08-2026
Maharashtra,Pune,APMC Pune ,Vegetables,Onion,Local,Local,"1,100.00","2,700.00","1,900.00",Rs./Quintal,825.70,Metric Tonnes,06-08-2026
Maharashtra,Pune,APMC Pune ,Vegetables,Onion,Local,Local,"1,200.00","2,800.00","2,000.00",Rs./Quintal,891.90,Metric Tonnes,05-08-2026
Maharashtra,Pune,APMC Pune ,Vegetables,Onion,Local,Local,"1,000.00","2,700.00","1,850.00",Rs./Quintal,912.40,Metric Tonnes,04-08-2026
Maharashtra,Pune,APMC Pune ,Vegetables,Onion,Local,Local,"1,000.00","2,700.00","1,850.00",Rs./Quintal,974.70,Metric Tonnes,03-08-2026
Maharashtra,Pune,APMC Pune ,Vegetables,Onion,Local,Local,"1,100.00","2,700.00","1,900.00",Rs./Quintal,"1,121.20",Metric Tonnes,02-08-2026
Maharashtra,Pune,APMC Pune ,Vegetables,Onion,Local,Local,"1,000.00","2,600.00","1,800.00",Rs./Quintal,773.80,Metric Tonnes,30-07-2026
Maharashtra,Pune,APMC Pune ,Vegetables,Onion,Local,Local,"1,000.00","2,600.00","1,800.00",Rs./Quintal,936.10,Metric Tonnes,29-07-2026
Maharashtra,Pune,APMC Pune ,Vegetables,Onion,Local,Local,"1,000.00","2,700.00","1,850.00",Rs./Quintal,723.80,Metric Tonnes,27-07-2026
Maharashtra,Pune,APMC Pune ,Vegetables,Onion,Local,Local,900.00,"2,600.00","1,750.00",Rs./Quintal,755.20,Metric Tonnes,26-07-2026
Maharashtra,Pune,APMC Pune ,Vegetables,Onion,Local,Local,"1,000.00","2,600.00","1,800.00",Rs./Quintal,820.30,Metric Tonnes,23-07-2026
Maharashtra,Pune,APMC Pune ,Vegetables,Onion,Local,Local,"1,000.00","2,600.00","1,800.00",Rs./Quintal,903.70,Metric Tonnes,22-07-2026
Maharashtra,Pune,APMC Pune ,Vegetables,Onion,Local,Local,"1,000.00","2,600.00","1,800.00",Rs./Quintal,935.30,Metric Tonnes,21-07-2026
Maharashtra,Pune,APMC Pune ,Vegetables,Onion,Local,Local,"1,000.00","2,600.00","1,800.00",Rs./Quintal,820.00,Metric Tonnes,20-07-2026
Maharashtra,Pune,APMC Pune ,Vegetables,Onion,Local,Local,"1,000.00","2,600.00","1,800.00",Rs./Quintal,991.70,Metric Tonnes,19-07-2026
Maharashtra,Pune,APMC Pune ,Vegetables,Onion,Local,Local,800.00,"2,600.00","1,800.00",Rs./Quintal,"1,145.40",Metric Tonnes,17-07-2026
Maharashtra,Pune,APMC Pune ,Vegetables,Onion,Local,Local,"1,000.00","2,600.00","1,800.00",Rs./Quintal,"1,030.70",Metric Tonnes,16-07-2026
Maharashtra,Pune,APMC Pune ,Vegetables,Onion,Local,Local,"1,000.00","2,700.00","1,850.00",Rs./Quintal,861.30,Metric Tonnes,15-07-2026
Maharashtra,Pune,APMC Pune ,Vegetables,Onion,Local,Local,"1,000.00","2,600.00","1,800.00",Rs./Quintal,837.40,Metric Tonnes,14-07-2026
Maharashtra,Pune,APMC Pune ,Vegetables,Onion,Local,Local,900.00,"2,500.00","1,700.00",Rs./Quintal,973.00,Metric Tonnes,13-07-2026
Maharashtra,Pune,APMC Pune ,Vegetables,Onion,Local,Local,"1,000.00","2,600.00","1,800.00",Rs./Quintal,"1,627.30",Metric Tonnes,12-07-2026
Maharashtra,Pune,APMC Pune ,Vegetables,Onion,Local,Local,"1,000.00","2,800.00","1,900.00",Rs./Quintal,639.70,Metric Tonnes,10-07-2026
Maharashtra,Pune,APMC Pune ,Vegetables,Onion,Local,Local,900.00,"2,900.00","1,900.00",Rs./Quintal,983.00,Metric Tonnes,09-07-2026
Maharashtra,Pune,APMC Pune ,Vegetables,Onion,Local,Local,"1,000.00","3,000.00","2,000.00",Rs./Quintal,630.30,Metric Tonnes,07-07-2026
Maharashtra,Pune,APMC Pune ,Vegetables,Onion,Local,Local,900.00,"2,700.00","1,800.00",Rs./Quintal,763.90,Metric Tonnes,06-07-2026
Maharashtra,Pune,APMC Pune ,Vegetables,Onion,Local,Local,"1,000.00","2,600.00","1,800.00",Rs./Quintal,736.40,Metric Tonnes,05-07-2026
Maharashtra,Pune,APMC Pune ,Vegetables,Onion,Local,Local,700.00,"2,500.00","1,600.00",Rs./Quintal,941.00,Metric Tonnes,02-07-2026
Maharashtra,Pune,APMC Pune ,Vegetables,Onion,Local,Local,800.00,"2,500.00","1,650.00",Rs./Quintal,969.90,Metric Tonnes,01-07-2026
Maharashtra,Pune,APMC Pune ,Vegetables,Onion,Local,Local,800.00,"2,500.00","1,650.00",Rs./Quintal,965.70,Metric Tonnes,30-06-2026
Maharashtra,Pune,APMC Pune ,Vegetables,Onion,Local,Local,700.00,"2,500.00","1,600.00",Rs./Quintal,726.40,Metric Tonnes,29-06-2026
Maharashtra,Pune,APMC Pune ,Vegetables,Onion,Local,Local,800.00,"2,500.00","1,650.00",Rs./Quintal,"1,624.00",Metric Tonnes,28-06-2026
Maharashtra,Pune,APMC Pune ,Vegetables,Onion,Local,Local,800.00,"2,600.00","1,700.00",Rs./Quintal,"1,238.80",Metric Tonnes,26-06-2026
Maharashtra,Pune,APMC Pune ,Vegetables,Onion,Local,Local,800.00,"2,500.00","1,650.00",Rs./Quintal,970.20,Metric Tonnes,25-06-2026
Maharashtra,Pune,APMC Pune ,Vegetables,Onion,Local,Local,600.00,"2,200.00","1,400.00",Rs./Quintal,641.60,Metric Tonnes,24-06-2026
Maharashtra,Pune,APMC Pune ,Vegetables,Onion,Local,Local,600.00,"2,200.00","1,400.00",Rs./Quintal,900.90,Metric Tonnes,23-06-2026
Maharashtra,Pune,APMC Pune ,Vegetables,Onion,Local,Local,700.00,"2,100.00","1,400.00",Rs./Quintal,758.80,Metric Tonnes,22-06-2026
Maharashtra,Pune,APMC Pune ,Vegetables,Onion,Local,Local,600.00,"2,100.00","1,350.00",Rs./Quintal,"1,368.90",Metric Tonnes,21-06-2026
Maharashtra,Pune,APMC Pune ,Vegetables,Onion,Local,Local,600.00,"2,200.00","1,400.00",Rs./Quintal,"1,139.90",Metric Tonnes,19-06-2026
Maharashtra,Pune,APMC Pune ,Vegetables,Onion,Local,Local,600.00,"2,200.00","1,400.00",Rs./Quintal,995.90,Metric Tonnes,18-06-2026
Maharashtra,Pune,APMC Pune ,Vegetables,Onion,Local,Local,700.00,"2,100.00","1,400.00",Rs./Quintal,603.60,Metric Tonnes,17-06-2026
Maharashtra,Pune,APMC Pune ,Vegetables,Onion,Local,Local,500.00,"2,000.00","1,250.00",Rs./Quintal,614.10,Metric Tonnes,16-06-2026
Maharashtra,Pune,APMC Pune ,Vegetables,Onion,Local,Local,500.00,"1,800.00","1,150.00",Rs./Quintal,578.90,Metric Tonnes,15-06-2026
Maharashtra,Pune,APMC Pune ,Vegetables,Onion,Local,Local,500.00,"1,900.00","1,200.00",Rs./Quintal,"1,048.80",Metric Tonnes,12-06-2026
Maharashtra,Pune,APMC Pune ,Vegetables,Onion,Local,Local,600.00,"2,000.00","1,300.00",Rs./Quintal,"1,122.50",Metric Tonnes,11-06-2026
Maharashtra,Pune,APMC Pune ,Vegetables,Onion,Local,Local,500.00,"1,800.00","1,150.00",Rs./Quintal,"1,033.30",Metric Tonnes,10-06-2026
Maharashtra,Pune,APMC Pune ,Vegetables,Onion,Local,Local,500.00,"1,800.00","1,150.00",Rs./Quintal,812.50,Metric Tonnes,09-06-2026
Maharashtra,Pune,APMC Pune ,Vegetables,Onion,Local,Local,600.00,"1,900.00","1,250.00",Rs./Quintal,750.70,Metric Tonnes,08-06-2026
Maharashtra,Pune,APMC Pune ,Vegetables,Onion,Local,Local,500.00,"1,800.00","1,350.00",Rs./Quintal,987.10,Metric Tonnes,07-06-2026
Maharashtra,Pune,APMC Pune ,Vegetables,Onion,Local,Local,600.00,"1,800.00","1,200.00",Rs./Quintal,"1,116.50",Metric Tonnes,05-06-2026
Maharashtra,Pune,APMC Pune ,Vegetables,Onion,Local,Local,600.00,"1,800.00","1,200.00",Rs./Quintal,"1,175.50",Metric Tonnes,04-06-2026
Maharashtra,Pune,APMC Pune ,Vegetables,Onion,Local,Local,500.00,"1,900.00","1,200.00",Rs./Quintal,990.90,Metric Tonnes,03-06-2026
Maharashtra,Pune,APMC Pune ,Vegetables,Onion,Local,Local,600.00,"1,800.00","1,200.00",Rs./Quintal,"1,255.10",Metric Tonnes,02-06-2026
Maharashtra,Pune,APMC Pune ,Vegetables,Onion,Local,Local,600.00,"1,900.00","1,250.00",Rs./Quintal,844.70,Metric Tonnes,01-06-2026
Maharashtra,Pune,APMC Pune ,Vegetables,Onion,Local,Local,500.00,"1,700.00","1,100.00",Rs./Quintal,796.30,Metric Tonnes,29-05-2026
Maharashtra,Pune,APMC Pune ,Vegetables,Onion,Local,Local,500.00,"1,600.00","1,050.00",Rs./Quintal,715.00,Metric Tonnes,28-05-2026
Maharashtra,Pune,APMC Pune ,Vegetables,Onion,Local,Local,600.00,"1,600.00","1,100.00",Rs./Quintal,677.30,Metric Tonnes,27-05-2026
Maharashtra,Pune,APMC Pune ,Vegetables,Onion,Local,Local,500.00,"1,400.00",950.00,Rs./Quintal,988.60,Metric Tonnes,26-05-2026
Maharashtra,Pune,APMC Pune ,Vegetables,Onion,Local,Local,500.00,"1,400.00",950.00,Rs./Quintal,916.20,Metric Tonnes,25-05-2026
Maharashtra,Pune,APMC Pune ,Vegetables,Onion,Local,Local,500.00,"1,400.00",950.00,Rs./Quintal,"1,365.30",Metric Tonnes,24-05-2026
Maharashtra,Pune,APMC Pune ,Vegetables,Onion,Local,Local,400.00,"1,400.00",900.00,Rs./Quintal,"1,136.10",Metric Tonnes,22-05-2026
Maharashtra,Pune,APMC Pune ,Vegetables,Onion,Local,Local,400.00,"1,400.00",900.00,Rs./Quintal,"1,071.30",Metric Tonnes,21-05-2026
Maharashtra,Pune,APMC Pune ,Vegetables,Onion,Local,Local,500.00,"1,400.00",950.00,Rs./Quintal,"1,022.60",Metric Tonnes,20-05-2026
Maharashtra,Pune,APMC Pune ,Vegetables,Onion,Local,Local,500.00,"1,500.00","1,000.00",Rs./Quintal,"1,012.60",Metric Tonnes,19-05-2026
Maharashtra,Pune,APMC Pune ,Vegetables,Onion,Local,Local,500.00,"1,400.00",950.00,Rs./Quintal,893.20,Metric Tonnes,18-05-2026
Maharashtra,Pune,APMC Pune ,Vegetables,Onion,Local,Local,400.00,"1,400.00",900.00,Rs./Quintal,"1,181.00",Metric Tonnes,17-05-2026
Maharashtra,Pune,APMC Pune ,Vegetables,Onion,Local,Local,500.00,"1,400.00",950.00,Rs./Quintal,"1,049.10",Metric Tonnes,15-05-2026
Maharashtra,Pune,APMC Pune ,Vegetables,Onion,Local,Local,400.00,"1,300.00",850.00,Rs./Quintal,889.10,Metric Tonnes,14-05-2026
Maharashtra,Pune,APMC Pune ,Vegetables,Onion,Local,Local,400.00,"1,300.00",850.00,Rs./Quintal,816.50,Metric Tonnes,13-05-2026
Maharashtra,Pune,APMC Pune ,Vegetables,Onion,Local,Local,400.00,"1,300.00",850.00,Rs./Quintal,954.90,Metric Tonnes,12-05-2026
Maharashtra,Pune,APMC Pune ,Vegetables,Onion,Local,Local,400.00,"1,300.00",850.00,Rs./Quintal,923.10,Metric Tonnes,11-05-2026
Maharashtra,Pune,APMC Pune ,Vegetables,Onion,Local,Local,400.00,"1,300.00",850.00,Rs./Quintal,"1,424.80",Metric Tonnes,10-05-2026
Maharashtra,Pune,APMC Pune ,Vegetables,Onion,Local,Local,500.00,"1,300.00",900.00,Rs./Quintal,"1,408.20",Metric Tonnes,05-05-2026
Maharashtra,Pune,APMC Pune ,Vegetables,Onion,Local,Local,500.00,"1,300.00",900.00,Rs./Quintal,"1,175.50",Metric Tonnes,04-05-2026
Maharashtra,Pune,APMC Pune ,Vegetables,Onion,Local,Local,500.00,"1,400.00",950.00,Rs./Quintal,"1,573.60",Metric Tonnes,03-05-2026
Maharashtra,Pune,APMC Pune ,Vegetables,Onion,Local,Local,400.00,"1,200.00",800.00,Rs./Quintal,859.70,Metric Tonnes,29-04-2026
Maharashtra,Pune,APMC Pune ,Vegetables,Onion,Local,Local,400.00,"1,300.00",850.00,Rs./Quintal,891.70,Metric Tonnes,28-04-2026
Maharashtra,Pune,APMC Pune ,Vegetables,Onion,Local,Local,400.00,"1,200.00",800.00,Rs./Quintal,745.00,Metric Tonnes,27-04-2026
Maharashtra,Pune,APMC Pune ,Vegetables,Onion,Local,Local,400.00,"1,200.00",800.00,Rs./Quintal,"1,235.70",Metric Tonnes,26-04-2026
Maharashtra,Pune,APMC Pune ,Vegetables,Onion,Local,Local,400.00,"1,100.00",750.00,Rs./Quintal,647.80,Metric Tonnes,23-04-2026
Maharashtra,Pune,APMC Pune ,Vegetables,Onion,Local,Local,400.00,"11,000.00",750.00,Rs./Quintal,626.90,Metric Tonnes,22-04-2026
Maharashtra,Pune,APMC Pune ,Vegetables,Onion,Local,Local,400.00,"1,100.00",700.00,Rs./Quintal,"1,065.90",Metric Tonnes,21-04-2026
Maharashtra,Pune,APMC Pune ,Vegetables,Onion,Local,Local,400.00,"1,100.00",750.00,Rs./Quintal,922.50,Metric Tonnes,20-04-2026
Maharashtra,Pune,APMC Pune ,Vegetables,Onion,Local,Local,400.00,"1,200.00",800.00,Rs./Quintal,"1,992.50",Metric Tonnes,19-04-2026
Maharashtra,Pune,APMC Pune ,Vegetables,Onion,Local,Local,400.00,"1,200.00",800.00,Rs./Quintal,"1,247.20",Metric Tonnes,17-04-2026
Maharashtra,Pune,APMC Pune ,Vegetables,Onion,Local,Local,400.00,"1,200.00",800.00,Rs./Quintal,"1,118.60",Metric Tonnes,15-04-2026
Maharashtra,Pune,APMC Pune ,Vegetables,Onion,Local,Local,400.00,"1,200.00",800.00,Rs./Quintal,"1,136.80",Metric Tonnes,14-04-2026
Maharashtra,Pune,APMC Pune ,Vegetables,Onion,Local,Local,400.00,"1,300.00",900.00,Rs./Quintal,"1,121.70",Metric Tonnes,13-04-2026
Maharashtra,Pune,APMC Pune ,Vegetables,Onion,Local,Local,500.00,"1,300.00",900.00,Rs./Quintal,"1,494.20",Metric Tonnes,12-04-2026
Maharashtra,Pune,APMC Pune ,Vegetables,Onion,Local,Local,500.00,"1,300.00",900.00,Rs./Quintal,"1,349.70",Metric Tonnes,10-04-2026
Maharashtra,Pune,APMC Pune ,Vegetables,Onion,Local,Local,500.00,"1,300.00",900.00,Rs./Quintal,"1,106.00",Metric Tonnes,09-04-2026
Maharashtra,Pune,APMC Pune ,Vegetables,Onion,Local,Local,500.00,"1,300.00",900.00,Rs./Quintal,908.10,Metric Tonnes,08-04-2026
Maharashtra,Pune,APMC Pune ,Vegetables,Onion,Local,Local,500.00,"1,300.00",900.00,Rs./Quintal,"1,153.30",Metric Tonnes,07-04-2026
Maharashtra,Pune,APMC Pune ,Vegetables,Onion,Local,Local,500.00,"1,400.00",950.00,Rs./Quintal,"1,041.50",Metric Tonnes,06-04-2026
Maharashtra,Pune,APMC Pune ,Vegetables,Onion,Local,Local,500.00,"1,300.00",900.00,Rs./Quintal,"1,314.70",Metric Tonnes,05-04-2026
Maharashtra,Pune,APMC Pune ,Vegetables,Onion,Local,Local,500.00,"1,300.00",800.00,Rs./Quintal,915.30,Metric Tonnes,03-04-2026
Maharashtra,Pune,APMC Pune ,Vegetables,Onion,Local,Local,400.00,"1,300.00",850.00,Rs./Quintal,815.00,Metric Tonnes,02-04-2026
Maharashtra,Pune,APMC Pune ,Vegetables,Onion,Local,Local,500.00,"1,300.00",900.00,Rs./Quintal,"1,067.90",Metric Tonnes,01-04-2026
Maharashtra,Pune,APMC Pune ,Vegetables,Onion,Local,Local,400.00,"1,300.00",850.00,Rs./Quintal,"1,290.30",Metric Tonnes,30-03-2026
Maharashtra,Pune,APMC Pune ,Vegetables,Onion,Local,Local,400.00,"1,300.00",850.00,Rs./Quintal,"2,034.70",Metric Tonnes,29-03-2026
Maharashtra,Pune,APMC Pune ,Vegetables,Onion,Local,Local,400.00,"1,300.00",850.00,Rs./Quintal,"1,385.00",Metric Tonnes,27-03-2026
Maharashtra,Pune,APMC Pune ,Vegetables,Onion,Local,Local,450.00,"1,250.00",850.00,Rs./Quintal,"1,112.60",Metric Tonnes,26-03-2026
Maharashtra,Pune,APMC Pune ,Vegetables,Onion,Local,Local,500.00,"1,300.00",900.00,Rs./Quintal,"1,105.90",Metric Tonnes,25-03-2026
Maharashtra,Pune,APMC Pune ,Vegetables,Onion,Local,Local,400.00,"1,300.00",850.00,Rs./Quintal,"1,053.80",Metric Tonnes,24-03-2026
Maharashtra,Pune,APMC Pune ,Vegetables,Onion,Local,Local,500.00,"1,300.00",900.00,Rs./Quintal,"1,182.40",Metric Tonnes,23-03-2026
Maharashtra,Pune,APMC Pune ,Vegetables,Onion,Local,Local,400.00,"1,200.00",800.00,Rs./Quintal,"1,502.80",Metric Tonnes,22-03-2026
Maharashtra,Pune,APMC Pune ,Vegetables,Onion,Local,Local,500.00,"1,300.00",900.00,Rs./Quintal,916.70,Metric Tonnes,20-03-2026
Maharashtra,Pune,APMC Pune ,Vegetables,Onion,Local,Local,400.00,"1,300.00",850.00,Rs./Quintal,855.20,Metric Tonnes,19-03-2026
Maharashtra,Pune,APMC Pune ,Vegetables,Onion,Local,Local,400.00,"1,200.00",800.00,Rs./Quintal,"1,107.10",Metric Tonnes,18-03-2026
Maharashtra,Pune,APMC Pune ,Vegetables,Onion,Local,Local,400.00,"1,200.00",800.00,Rs./Quintal,"1,231.60",Metric Tonnes,17-03-2026
Maharashtra,Pune,APMC Pune ,Vegetables,Onion,Local,Local,400.00,"1,300.00",850.00,Rs./Quintal,"1,519.80",Metric Tonnes,16-03-2026
Maharashtra,Pune,APMC Pune ,Vegetables,Onion,Local,Local,400.00,"1,300.00",850.00,Rs./Quintal,"2,026.80",Metric Tonnes,15-03-2026
Maharashtra,Pune,APMC Pune ,Vegetables,Onion,Local,Local,400.00,"1,400.00",900.00,Rs./Quintal,"1,535.80",Metric Tonnes,13-03-2026
Maharashtra,Pune,APMC Pune ,Vegetables,Onion,Local,Local,500.00,"1,500.00","1,000.00",Rs./Quintal,"1,316.50",Metric Tonnes,11-03-2026
Maharashtra,Pune,APMC Pune ,Vegetables,Onion,Local,Local,400.00,"1,400.00",900.00,Rs./Quintal,"1,551.80",Metric Tonnes,10-03-2026
Maharashtra,Pune,APMC Pune ,Vegetables,Onion,Local,Local,500.00,"1,300.00",900.00,Rs./Quintal,"1,562.20",Metric Tonnes,09-03-2026
Maharashtra,Pune,APMC Pune ,Vegetables,Onion,Local,Local,400.00,"1,300.00",950.00,Rs./Quintal,"2,214.10",Metric Tonnes,08-03-2026
Maharashtra,Pune,APMC Pune ,Vegetables,Onion,Local,Local,400.00,"1,300.00",850.00,Rs./Quintal,"1,662.60",Metric Tonnes,06-03-2026
Maharashtra,Pune,APMC Pune ,Vegetables,Onion,Local,Local,500.00,"1,300.00",900.00,Rs./Quintal,"1,509.90",Metric Tonnes,05-03-2026
Maharashtra,Pune,APMC Pune ,Vegetables,Onion,Local,Local,400.00,"1,300.00",850.00,Rs./Quintal,"1,548.40",Metric Tonnes,04-03-2026
Maharashtra,Pune,APMC Pune ,Vegetables,Onion,Local,Local,400.00,"1,200.00",800.00,Rs./Quintal,"2,137.00",Metric Tonnes,01-03-2026
Maharashtra,Pune,APMC Pune ,Vegetables,Onion,Local,Local,500.00,"1,300.00",900.00,Rs./Quintal,"1,420.10",Metric Tonnes,27-02-2026
Maharashtra,Pune,APMC Pune ,Vegetables,Onion,Local,Local,400.00,"1,300.00",850.00,Rs./Quintal,"1,359.00",Metric Tonnes,26-02-2026
Maharashtra,Pune,APMC Pune ,Vegetables,Onion,Local,Local,400.00,"1,300.00",850.00,Rs./Quintal,"1,708.50",Metric Tonnes,24-02-2026
Maharashtra,Pune,APMC Pune ,Vegetables,Onion,Local,Local,400.00,"1,400.00",900.00,Rs./Quintal,"2,270.20",Metric Tonnes,22-02-2026
Maharashtra,Pune,APMC Pune ,Vegetables,Onion,Local,Local,400.00,"1,400.00",900.00,Rs./Quintal,"2,231.40",Metric Tonnes,20-02-2026
Maharashtra,Pune,APMC Pune ,Vegetables,Onion,Local,Local,400.00,"1,400.00",900.00,Rs./Quintal,"1,718.10",Metric Tonnes,19-02-2026
Maharashtra,Pune,APMC Pune ,Vegetables,Onion,Local,Local,400.00,"1,500.00",950.00,Rs./Quintal,"1,720.20",Metric Tonnes,18-02-2026
Maharashtra,Pune,APMC Pune ,Vegetables,Onion,Local,Local,400.00,"1,500.00",950.00,Rs./Quintal,"1,711.20",Metric Tonnes,17-02-2026
Maharashtra,Pune,APMC Pune ,Vegetables,Onion,Local,Local,500.00,"1,500.00","1,000.00",Rs./Quintal,"1,751.80",Metric Tonnes,16-02-2026
Maharashtra,Pune,APMC Pune ,Vegetables,Onion,Local,Local,500.00,"1,500.00","1,000.00",Rs./Quintal,"2,179.20",Metric Tonnes,15-02-2026
Maharashtra,Pune,APMC Pune ,Vegetables,Onion,Local,Local,500.00,"1,500.00","1,000.00",Rs./Quintal,"2,194.70",Metric Tonnes,13-02-2026
Maharashtra,Pune,APMC Pune ,Vegetables,Onion,Local,Local,500.00,"1,500.00","1,000.00",Rs./Quintal,"1,690.10",Metric Tonnes,12-02-2026
Maharashtra,Pune,APMC Pune ,Vegetables,Onion,Local,Local,500.00,"1,500.00","1,000.00",Rs./Quintal,"1,525.40",Metric Tonnes,11-02-2026
Maharashtra,Pune,APMC Pune ,Vegetables,Onion,Local,Local,500.00,"1,500.00","1,000.00",Rs./Quintal,"1,487.90",Metric Tonnes,10-02-2026
Maharashtra,Pune,APMC Pune ,Vegetables,Onion,Local,Local,500.00,"1,500.00","1,000.00",Rs./Quintal,"1,265.40",Metric Tonnes,09-02-2026
Maharashtra,Pune,APMC Pune ,Vegetables,Onion,Local,Local,500.00,"1,500.00","1,000.00",Rs./Quintal,"1,475.30",Metric Tonnes,08-02-2026
Maharashtra,Pune,APMC Pune ,Vegetables,Onion,Local,Local,500.00,"1,500.00","1,000.00",Rs./Quintal,"1,580.10",Metric Tonnes,06-02-2026
Maharashtra,Pune,APMC Pune ,Vegetables,Onion,Local,Local,400.00,"1,500.00",950.00,Rs./Quintal,"1,624.70",Metric Tonnes,05-02-2026
Maharashtra,Pune,APMC Pune ,Vegetables,Onion,Local,Local,400.00,"1,500.00",950.00,Rs./Quintal,"1,323.10",Metric Tonnes,04-02-2026
Maharashtra,Pune,APMC Pune ,Vegetables,Onion,Local,Local,500.00,"1,500.00","1,000.00",Rs./Quintal,"1,733.50",Metric Tonnes,03-02-2026
Maharashtra,Pune,APMC Pune ,Vegetables,Onion,Local,Local,400.00,"1,600.00","1,000.00",Rs./Quintal,"1,576.40",Metric Tonnes,02-02-2026
Maharashtra,Pune,APMC Pune ,Vegetables,Onion,Local,Local,400.00,"1,600.00","1,000.00",Rs./Quintal,"1,965.80",Metric Tonnes,01-02-2026
Maharashtra,Pune,APMC Pune ,Vegetables,Onion,Local,Local,500.00,"1,800.00","1,150.00",Rs./Quintal,"2,178.30",Metric Tonnes,30-01-2026
Maharashtra,Pune,APMC Pune ,Vegetables,Onion,Local,Local,500.00,"1,800.00","1,150.00",Rs./Quintal,"1,739.00",Metric Tonnes,28-01-2026
Maharashtra,Pune,APMC Pune ,Vegetables,Onion,Local,Local,400.00,"1,800.00","1,100.00",Rs./Quintal,"1,912.50",Metric Tonnes,27-01-2026
Maharashtra,Pune,APMC Pune ,Vegetables,Onion,Local,Local,500.00,"1,700.00","1,100.00",Rs./Quintal,"2,324.00",Metric Tonnes,25-01-2026
Maharashtra,Pune,APMC Pune ,Vegetables,Onion,Local,Local,500.00,"1,800.00","1,150.00",Rs./Quintal,"2,058.00",Metric Tonnes,23-01-2026
Maharashtra,Pune,APMC Pune ,Vegetables,Onion,Local,Local,500.00,"1,900.00","1,200.00",Rs./Quintal,"1,519.80",Metric Tonnes,22-01-2026
Maharashtra,Pune,APMC Pune ,Vegetables,Onion,Local,Local,500.00,"2,000.00","1,250.00",Rs./Quintal,"1,415.10",Metric Tonnes,21-01-2026
Maharashtra,Pune,APMC Pune ,Vegetables,Onion,Local,Local,400.00,"1,900.00","1,150.00",Rs./Quintal,"1,810.70",Metric Tonnes,16-01-2026
Maharashtra,Pune,APMC Pune ,Vegetables,Onion,Local,Local,500.00,"1,800.00","1,150.00",Rs./Quintal,"1,280.30",Metric Tonnes,14-01-2026
Maharashtra,Pune,APMC Pune ,Vegetables,Onion,Local,Local,500.00,"2,000.00","1,250.00",Rs./Quintal,"1,418.80",Metric Tonnes,13-01-2026
Maharashtra,Pune,APMC Pune ,Vegetables,Onion,Local,Local,500.00,"1,800.00","1,150.00",Rs./Quintal,"1,488.60",Metric Tonnes,12-01-2026
Maharashtra,Pune,APMC Pune ,Vegetables,Onion,Local,Local,500.00,"1,800.00","1,150.00",Rs./Quintal,"1,705.80",Metric Tonnes,11-01-2026
Maharashtra,Pune,APMC Pune ,Vegetables,Onion,Local,Local,500.00,"1,800.00","1,150.00",Rs./Quintal,"1,936.00",Metric Tonnes,09-01-2026
Maharashtra,Pune,APMC Pune ,Vegetables,Onion,Local,Local,400.00,"1,800.00","1,100.00",Rs./Quintal,"1,688.90",Metric Tonnes,08-01-2026
Maharashtra,Pune,APMC Pune ,Vegetables,Onion,Local,Local,500.00,"2,000.00","1,250.00",Rs./Quintal,"1,579.10",Metric Tonnes,07-01-2026
Maharashtra,Pune,APMC Pune ,Vegetables,Onion,Local,Local,500.00,"2,000.00","1,250.00",Rs./Quintal,"1,913.10",Metric Tonnes,06-01-2026
Maharashtra,Pune,APMC Pune ,Vegetables,Onion,Local,Local,500.00,"2,000.00","1,250.00",Rs./Quintal,"1,589.50",Metric Tonnes,05-01-2026
Maharashtra,Pune,APMC Pune ,Vegetables,Onion,Local,Local,500.00,"2,200.00","1,350.00",Rs./Quintal,"2,348.40",Metric Tonnes,04-01-2026
Maharashtra,Pune,APMC Pune ,Vegetables,Onion,Local,Local,500.00,"2,200.00","1,350.00",Rs./Quintal,"1,747.50",Metric Tonnes,02-01-2026
Maharashtra,Pune,APMC Pune ,Vegetables,Onion,Local,Local,500.00,"2,300.00","1,400.00",Rs./Quintal,"1,139.60",Metric Tonnes,01-01-2026
Maharashtra,Pune,APMC Pune ,Vegetables,Onion,Local,Local,600.00,"2,200.00","1,400.00",Rs./Quintal,"1,355.20",Metric Tonnes,31-12-2025
Maharashtra,Pune,APMC Pune ,Vegetables,Onion,Local,Local,500.00,"2,300.00","1,400.00",Rs./Quintal,"1,555.90",Metric Tonnes,30-12-2025
Maharashtra,Pune,APMC Pune ,Vegetables,Onion,Local,Local,500.00,"2,200.00","1,350.00",Rs./Quintal,"1,568.90",Metric Tonnes,29-12-2025
Maharashtra,Pune,APMC Pune ,Vegetables,Onion,Local,Local,500.00,"2,200.00","1,350.00",Rs./Quintal,"1,272.80",Metric Tonnes,25-12-2025
Maharashtra,Pune,APMC Pune ,Vegetables,Onion,Local,Local,600.00,"2,300.00","1,450.00",Rs./Quintal,"1,121.10",Metric Tonnes,24-12-2025
Maharashtra,Pune,APMC Pune ,Vegetables,Onion,Local,Local,600.00,"2,200.00","1,400.00",Rs./Quintal,"1,071.90",Metric Tonnes,23-12-2025
Maharashtra,Pune,APMC Pune ,Vegetables,Onion,Local,Local,500.00,"2,200.00","1,350.00",Rs./Quintal,"1,092.80",Metric Tonnes,22-12-2025
Maharashtra,Pune,APMC Pune ,Vegetables,Onion,Local,Local,500.00,"2,100.00","1,300.00",Rs./Quintal,"2,119.80",Metric Tonnes,21-12-2025
Maharashtra,Pune,APMC Pune ,Vegetables,Onion,Local,Local,600.00,"2,500.00","1,550.00",Rs./Quintal,"1,689.90",Metric Tonnes,19-12-2025
Maharashtra,Pune,APMC Pune ,Vegetables,Onion,Local,Local,800.00,"2,700.00","1,750.00",Rs./Quintal,"1,297.20",Metric Tonnes,18-12-2025
Maharashtra,Pune,APMC Pune ,Vegetables,Onion,Local,Local,"1,200.00","2,800.00","2,000.00",Rs./Quintal,966.50,Metric Tonnes,17-12-2025
Maharashtra,Pune,APMC Pune ,Vegetables,Onion,Local,Local,"1,100.00","2,700.00","1,900.00",Rs./Quintal,"1,131.10",Metric Tonnes,16-12-2025
Maharashtra,Pune,APMC Pune ,Vegetables,Onion,Local,Local,"1,000.00","2,700.00","1,850.00",Rs./Quintal,942.10,Metric Tonnes,15-12-2025
Maharashtra,Pune,APMC Pune ,Vegetables,Onion,Local,Local,800.00,"2,600.00","1,700.00",Rs./Quintal,"1,275.70",Metric Tonnes,14-12-2025
Maharashtra,Pune,APMC Pune ,Vegetables,Onion,Local,Local,700.00,"2,400.00","1,550.00",Rs./Quintal,"1,054.70",Metric Tonnes,12-12-2025
Maharashtra,Pune,APMC Pune ,Vegetables,Onion,Local,Local,600.00,"2,200.00","1,300.00",Rs./Quintal,"1,246.70",Metric Tonnes,11-12-2025
Maharashtra,Pune,APMC Pune ,Vegetables,Onion,Local,Local,500.00,"2,000.00","1,250.00",Rs./Quintal,801.30,Metric Tonnes,09-12-2025
Maharashtra,Pune,APMC Pune ,Vegetables,Onion,Local,Local,500.00,"2,000.00","1,250.00",Rs./Quintal,694.10,Metric Tonnes,08-12-2025
Maharashtra,Pune,APMC Pune ,Vegetables,Onion,Local,Local,300.00,"1,700.00","1,000.00",Rs./Quintal,"1,293.70",Metric Tonnes,07-12-2025
Maharashtra,Pune,APMC Pune ,Vegetables,Onion,Local,Local,400.00,"1,700.00","1,050.00",Rs./Quintal,"1,194.50",Metric Tonnes,05-12-2025
Maharashtra,Pune,APMC Pune ,Vegetables,Onion,Local,Local,300.00,"1,700.00","1,000.00",Rs./Quintal,"1,151.60",Metric Tonnes,04-12-2025
Maharashtra,Pune,APMC Pune ,Vegetables,Onion,Local,Local,400.00,"1,700.00","1,050.00",Rs./Quintal,956.80,Metric Tonnes,03-12-2025
Maharashtra,Pune,APMC Pune ,Vegetables,Onion,Local,Local,400.00,"1,700.00","1,050.00",Rs./Quintal,"1,153.80",Metric Tonnes,02-12-2025
Maharashtra,Pune,APMC Pune ,Vegetables,Onion,Local,Local,400.00,"1,700.00","1,050.00",Rs./Quintal,"1,059.30",Metric Tonnes,01-12-2025
Maharashtra,Pune,APMC Pune ,Vegetables,Onion,Local,Local,400.00,"1,700.00","1,050.00",Rs./Quintal,"1,432.00",Metric Tonnes,30-11-2025
Maharashtra,Pune,APMC Pune ,Vegetables,Onion,Local,Local,300.00,"1,700.00","1,000.00",Rs./Quintal,"1,253.50",Metric Tonnes,28-11-2025
Maharashtra,Pune,APMC Pune ,Vegetables,Onion,Local,Local,400.00,"1,700.00","1,050.00",Rs./Quintal,"1,053.30",Metric Tonnes,27-11-2025
Maharashtra,Pune,APMC Pune ,Vegetables,Onion,Local,Local,400.00,"1,800.00","1,100.00",Rs./Quintal,986.20,Metric Tonnes,26-11-2025
Maharashtra,Pune,APMC Pune ,Vegetables,Onion,Local,Local,300.00,"1,700.00","1,000.00",Rs./Quintal,"1,171.50",Metric Tonnes,25-11-2025
Maharashtra,Pune,APMC Pune ,Vegetables,Onion,Local,Local,400.00,"1,700.00","1,050.00",Rs./Quintal,"1,062.80",Metric Tonnes,24-11-2025
Maharashtra,Pune,APMC Pune ,Vegetables,Onion,Local,Local,400.00,"1,800.00","1,100.00",Rs./Quintal,"1,837.10",Metric Tonnes,23-11-2025
Maharashtra,Pune,APMC Pune ,Vegetables,Onion,Local,Local,400.00,"1,800.00","1,100.00",Rs./Quintal,"1,457.90",Metric Tonnes,21-11-2025
Maharashtra,Pune,APMC Pune ,Vegetables,Onion,Local,Local,400.00,"1,800.00","1,100.00",Rs./Quintal,"1,117.10",Metric Tonnes,20-11-2025
Maharashtra,Pune,APMC Pune ,Vegetables,Onion,Local,Local,400.00,"1,700.00","1,050.00",Rs./Quintal,"1,009.70",Metric Tonnes,19-11-2025
Maharashtra,Pune,APMC Pune ,Vegetables,Onion,Local,Local,400.00,"1,800.00","1,100.00",Rs./Quintal,"1,159.80",Metric Tonnes,18-11-2025
Maharashtra,Pune,APMC Pune ,Vegetables,Onion,Local,Local,500.00,"1,900.00","1,200.00",Rs./Quintal,"1,071.40",Metric Tonnes,17-11-2025
Maharashtra,Pune,APMC Pune ,Vegetables,Onion,Local,Local,500.00,"2,000.00","1,250.00",Rs./Quintal,"1,549.10",Metric Tonnes,16-11-2025
Maharashtra,Pune,APMC Pune ,Vegetables,Onion,Local,Local,400.00,"1,700.00","1,050.00",Rs./Quintal,"1,157.00",Metric Tonnes,14-11-2025
Maharashtra,Pune,APMC Pune ,Vegetables,Onion,Local,Local,400.00,"1,700.00","1,050.00",Rs./Quintal,974.40,Metric Tonnes,12-11-2025
Maharashtra,Pune,APMC Pune ,Vegetables,Onion,Local,Local,400.00,"2,400.00","1,400.00",Rs./Quintal,"1,095.80",Metric Tonnes,11-11-2025
Maharashtra,Pune,APMC Pune ,Vegetables,Onion,Local,Local,400.00,"1,800.00","1,100.00",Rs./Quintal,"1,058.80",Metric Tonnes,10-11-2025
Maharashtra,Pune,APMC Pune ,Vegetables,Onion,Local,Local,500.00,"1,800.00","1,150.00",Rs./Quintal,"1,585.10",Metric Tonnes,09-11-2025
Maharashtra,Pune,APMC Pune ,Vegetables,Onion,Local,Local,400.00,"1,800.00","1,100.00",Rs./Quintal,"1,224.10",Metric Tonnes,07-11-2025
Maharashtra,Pune,Junnar(Alephata) ,Vegetables,Onion,Chinchwad,Local,"1,500.00","4,800.00","4,200.00",Rs./Quintal,481.40,Metric Tonnes,27-09-2026
Maharashtra,Pune,Junnar(Alephata) ,Vegetables,Onion,Chinchwad,Local,"1,500.00","4,800.00","4,200.00",Rs./Quintal,561.70,Metric Tonnes,25-09-2026
Maharashtra,Pune,Junnar(Alephata) ,Vegetables,Onion,Chinchwad,Local,"1,800.00","5,010.00","4,200.00",Rs./Quintal,546.70,Metric Tonnes,22-09-2026
Maharashtra,Pune,Junnar(Alephata) ,Vegetables,Onion,Chinchwad,Local,"1,800.00","5,010.00","4,100.00",Rs./Quintal,528.30,Metric Tonnes,20-09-2026
Maharashtra,Pune,Junnar(Alephata) ,Vegetables,Onion,Chinchwad,Local,"2,000.00","5,100.00","4,500.00",Rs./Quintal,578.50,Metric Tonnes,18-09-2026
Maharashtra,Pune,Junnar(Alephata) ,Vegetables,Onion,Chinchwad,Local,"2,000.00","5,250.00","4,500.00",Rs./Quintal,539.60,Metric Tonnes,15-09-2026
Maharashtra,Pune,Junnar(Alephata) ,Vegetables,Onion,Chinchwad,Local,"3,000.00","5,000.00","4,000.00",Rs./Quintal,444.10,Metric Tonnes,13-09-2026
Maharashtra,Pune,Junnar(Alephata) ,Vegetables,Onion,Chinchwad,Local,"1,000.00","4,900.00","4,000.00",Rs./Quintal,692.50,Metric Tonnes,11-09-2026
Maharashtra,Pune,Junnar(Alephata) ,Vegetables,Onion,Chinchwad,Local,"3,000.00","5,300.00","4,500.00",Rs./Quintal,738.70,Metric Tonnes,06-09-2026
Maharashtra,Pune,Junnar(Alephata) ,Vegetables,Onion,Chinchwad,Local,"3,000.00","5,500.00","4,500.00",Rs./Quintal,779.00,Metric Tonnes,04-09-2026
Maharashtra,Pune,Junnar(Alephata) ,Vegetables,Onion,Chinchwad,Local,"1,700.00","4,800.00","3,500.00",Rs./Quintal,"1,344.30",Metric Tonnes,01-09-2026
Maharashtra,Pune,Junnar(Alephata) ,Vegetables,Onion,Chinchwad,Local,"1,500.00","4,450.00","3,400.00",Rs./Quintal,532.40,Metric Tonnes,30-08-2026
Maharashtra,Pune,Junnar(Alephata) ,Vegetables,Onion,Chinchwad,Local,"1,500.00","4,400.00","3,400.00",Rs./Quintal,"1,059.70",Metric Tonnes,28-08-2026
Maharashtra,Pune,Junnar(Alephata) ,Vegetables,Onion,Chinchwad,Local,"1,500.00","4,810.00","3,600.00",Rs./Quintal,"1,088.20",Metric Tonnes,25-08-2026
Maharashtra,Pune,Junnar(Alephata) ,Vegetables,Onion,Chinchwad,Local,"1,500.00","4,510.00","3,400.00",Rs./Quintal,"1,018.20",Metric Tonnes,23-08-2026
Maharashtra,Pune,Junnar(Alephata) ,Vegetables,Onion,Chinchwad,Local,"1,500.00","4,250.00","3,500.00",Rs./Quintal,"1,305.60",Metric Tonnes,21-08-2026
Maharashtra,Pune,Junnar(Alephata) ,Vegetables,Onion,Chinchwad,Local,"2,000.00","4,200.00","3,200.00",Rs./Quintal,801.10,Metric Tonnes,18-08-2026
Maharashtra,Pune,Junnar(Alephata) ,Vegetables,Onion,Chinchwad,Local,"2,000.00","4,200.00","3,100.00",Rs./Quintal,801.40,Metric Tonnes,17-08-2026
Maharashtra,Pune,Junnar(Alephata) ,Vegetables,Onion,Chinchwad,Local,"1,300.00","3,700.00","2,700.00",Rs./Quintal,794.20,Metric Tonnes,16-08-2026
Maharashtra,Pune,Junnar(Alephata) ,Vegetables,Onion,Chinchwad,Local,"1,500.00","3,800.00","2,500.00",Rs./Quintal,727.30,Metric Tonnes,14-08-2026
Maharashtra,Pune,Junnar(Alephata) ,Vegetables,Onion,Chinchwad,Local,"1,200.00","3,100.00","2,400.00",Rs./Quintal,808.00,Metric Tonnes,11-08-2026
Maharashtra,Pune,Junnar(Alephata) ,Vegetables,Onion,Chinchwad,Local,"1,000.00","2,900.00","2,300.00",Rs./Quintal,592.80,Metric Tonnes,09-08-2026
Maharashtra,Pune,Junnar(Alephata) ,Vegetables,Onion,Chinchwad,Local,"1,200.00","2,810.00","2,300.00",Rs./Quintal,825.50,Metric Tonnes,07-08-2026
Maharashtra,Pune,Junnar(Alephata) ,Vegetables,Onion,Chinchwad,Local,"1,100.00","2,800.00","2,200.00",Rs./Quintal,784.00,Metric Tonnes,04-08-2026
Maharashtra,Pune,Junnar(Alephata) ,Vegetables,Onion,Chinchwad,Local,"1,000.00","2,850.00","2,200.00",Rs./Quintal,634.10,Metric Tonnes,02-08-2026
Maharashtra,Pune,Junnar(Alephata) ,Vegetables,Onion,Chinchwad,Local,"1,000.00","2,750.00","2,100.00",Rs./Quintal,642.30,Metric Tonnes,31-07-2026
Maharashtra,Pune,Junnar(Alephata) ,Vegetables,Onion,Chinchwad,Local,"1,000.00","2,750.00","2,100.00",Rs./Quintal,665.30,Metric Tonnes,28-07-2026
Maharashtra,Pune,Junnar(Alephata) ,Vegetables,Onion,Chinchwad,Local,"1,000.00","2,750.00","2,200.00",Rs./Quintal,547.40,Metric Tonnes,26-07-2026
Maharashtra,Pune,Junnar(Alephata) ,Vegetables,Onion,Chinchwad,Local,"1,000.00","2,700.00","2,200.00",Rs./Quintal,661.30,Metric Tonnes,24-07-2026
Maharashtra,Pune,Junnar(Alephata) ,Vegetables,Onion,Chinchwad,Local,"1,000.00","2,800.00","2,000.00",Rs./Quintal,632.00,Metric Tonnes,21-07-2026
Maharashtra,Pune,Junnar(Alephata) ,Vegetables,Onion,Chinchwad,Local,"1,000.00","2,700.00","1,900.00",Rs./Quintal,491.10,Metric Tonnes,19-07-2026
Maharashtra,Pune,Junnar(Alephata) ,Vegetables,Onion,Chinchwad,Local,"1,000.00","2,710.00","1,800.00",Rs./Quintal,553.70,Metric Tonnes,17-07-2026
Maharashtra,Pune,Junnar(Alephata) ,Vegetables,Onion,Chinchwad,Local,"1,000.00","2,700.00","2,000.00",Rs./Quintal,658.50,Metric Tonnes,14-07-2026
Maharashtra,Pune,Junnar(Alephata) ,Vegetables,Onion,Chinchwad,Local,"1,000.00","2,710.00","2,100.00",Rs./Quintal,765.70,Metric Tonnes,12-07-2026
Maharashtra,Pune,Junnar(Alephata) ,Vegetables,Onion,Chinchwad,Local,"1,000.00","2,710.00","2,200.00",Rs./Quintal,"1,102.10",Metric Tonnes,10-07-2026
Maharashtra,Pune,Junnar(Alephata) ,Vegetables,Onion,Chinchwad,Local,"1,200.00","3,200.00","2,550.00",Rs./Quintal,580.50,Metric Tonnes,07-07-2026
Maharashtra,Pune,Junnar(Alephata) ,Vegetables,Onion,Chinchwad,Local,"1,000.00","2,700.00","2,000.00",Rs./Quintal,440.50,Metric Tonnes,05-07-2026
Maharashtra,Pune,Junnar(Alephata) ,Vegetables,Onion,Chinchwad,Local,"1,000.00","2,600.00","2,000.00",Rs./Quintal,757.60,Metric Tonnes,03-07-2026
Maharashtra,Pune,Junnar(Alephata) ,Vegetables,Onion,Chinchwad,Local,"1,000.00","3,010.00","2,200.00",Rs./Quintal,682.70,Metric Tonnes,30-06-2026
Maharashtra,Pune,Junnar(Alephata) ,Vegetables,Onion,Chinchwad,Local,"1,000.00","2,700.00","1,900.00",Rs./Quintal,670.10,Metric Tonnes,28-06-2026
Maharashtra,Pune,Junnar(Alephata) ,Vegetables,Onion,Chinchwad,Local,"1,100.00","2,510.00","1,950.00",Rs./Quintal,458.70,Metric Tonnes,23-06-2026
Maharashtra,Pune,Junnar(Alephata) ,Vegetables,Onion,Chinchwad,Local,"1,000.00","2,320.00","1,650.00",Rs./Quintal,426.70,Metric Tonnes,21-06-2026
Maharashtra,Pune,Junnar(Alephata) ,Vegetables,Onion,Chinchwad,Local,"1,500.00","2,500.00","2,000.00",Rs./Quintal,365.40,Metric Tonnes,19-06-2026
Maharashtra,Pune,Junnar(Alephata) ,Vegetables,Onion,Chinchwad,Local,"1,000.00","2,100.00","1,550.00",Rs./Quintal,333.00,Metric Tonnes,16-06-2026
Maharashtra,Pune,Junnar(Alephata) ,Vegetables,Onion,Chinchwad,Local,"1,000.00","1,910.00","1,400.00",Rs./Quintal,368.60,Metric Tonnes,14-06-2026
Maharashtra,Pune,Junnar(Alephata) ,Vegetables,Onion,Chinchwad,Local,"1,000.00","1,900.00","1,350.00",Rs./Quintal,488.70,Metric Tonnes,12-06-2026
Maharashtra,Pune,Junnar(Alephata) ,Vegetables,Onion,Chinchwad,Local,"1,000.00","2,210.00","1,450.00",Rs./Quintal,635.60,Metric Tonnes,09-06-2026
Maharashtra,Pune,Junnar(Alephata) ,Vegetables,Onion,Chinchwad,Local,"1,000.00","2,050.00","1,500.00",Rs./Quintal,602.70,Metric Tonnes,07-06-2026
Maharashtra,Pune,Junnar(Alephata) ,Vegetables,Onion,Chinchwad,Local,800.00,"1,900.00","1,200.00",Rs./Quintal,794.20,Metric Tonnes,05-06-2026
Maharashtra,Pune,Junnar(Alephata) ,Vegetables,Onion,Chinchwad,Local,"1,000.00","2,000.00","1,300.00",Rs./Quintal,945.00,Metric Tonnes,30-05-2026
Maharashtra,Pune,Junnar(Alephata) ,Vegetables,Onion,Chinchwad,Local,900.00,"1,610.00","1,250.00",Rs./Quintal,686.70,Metric Tonnes,24-05-2026
Maharashtra,Pune,Junnar(Alephata) ,Vegetables,Onion,Chinchwad,Local,900.00,"1,600.00","1,250.00",Rs./Quintal,774.00,Metric Tonnes,22-05-2026
Maharashtra,Pune,Junnar(Alephata) ,Vegetables,Onion,Chinchwad,Local,800.00,"1,600.00","1,100.00",Rs./Quintal,810.70,Metric Tonnes,19-05-2026
Maharashtra,Pune,Junnar(Alephata) ,Vegetables,Onion,Chinchwad,Local,700.00,"1,510.00","1,100.00",Rs./Quintal,673.60,Metric Tonnes,17-05-2026
Maharashtra,Pune,Junnar(Alephata) ,Vegetables,Onion,Chinchwad,Local,800.00,"1,400.00","1,000.00",Rs./Quintal,703.40,Metric Tonnes,15-05-2026
Maharashtra,Pune,Junnar(Alephata) ,Vegetables,Onion,Chinchwad,Local,700.00,"1,400.00","1,100.00",Rs./Quintal,626.70,Metric Tonnes,12-05-2026
Maharashtra,Pune,Junnar(Alephata) ,Vegetables,Onion,Chinchwad,Local,600.00,"1,400.00","1,000.00",Rs./Quintal,592.10,Metric Tonnes,10-05-2026
Maharashtra,Pune,Junnar(Alephata) ,Vegetables,Onion,Chinchwad,Local,850.00,"1,450.00","1,150.00",Rs./Quintal,798.10,Metric Tonnes,08-05-2026
Maharashtra,Pune,Junnar(Alephata) ,Vegetables,Onion,Chinchwad,Local,700.00,"1,510.00","1,200.00",Rs./Quintal,564.00,Metric Tonnes,05-05-2026
Maharashtra,Pune,Junnar(Alephata) ,Vegetables,Onion,Other,Local,700.00,"1,510.00","1,200.00",Rs./Quintal,564.00,Metric Tonnes,05-05-2026
Maharashtra,Pune,Junnar(Alephata) ,Vegetables,Onion,Other,Local,700.00,"1,500.00","1,100.00",Rs./Quintal,341.00,Metric Tonnes,03-05-2026
Maharashtra,Pune,Junnar(Alephata) ,Vegetables,Onion,Other,Local,700.00,"1,310.00","1,000.00",Rs./Quintal,298.70,Metric Tonnes,28-04-2026
Maharashtra,Pune,Junnar(Alephata) ,Vegetables,Onion,Other,Local,600.00,"1,300.00","1,000.00",Rs./Quintal,293.50,Metric Tonnes,26-04-2026
Maharashtra,Pune,Junnar(Alephata) ,Vegetables,Onion,Other,Local,700.00,"1,200.00","1,000.00",Rs./Quintal,334.10,Metric Tonnes,21-04-2026
Maharashtra,Pune,Junnar(Alephata) ,Vegetables,Onion,Other,Local,700.00,"1,300.00","1,100.00",Rs./Quintal,435.60,Metric Tonnes,19-04-2026
Maharashtra,Pune,Junnar(Alephata) ,Vegetables,Onion,Other,Local,900.00,"1,400.00","1,150.00",Rs./Quintal,286.70,Metric Tonnes,10-04-2026
Maharashtra,Pune,Junnar(Alephata) ,Vegetables,Onion,Other,Local,900.00,"1,410.00","1,200.00",Rs./Quintal,196.70,Metric Tonnes,07-04-2026
Maharashtra,Pune,Junnar(Alephata) ,Vegetables,Onion,Other,Local,600.00,"1,300.00","1,000.00",Rs./Quintal,129.50,Metric Tonnes,05-04-2026
Maharashtra,Pune,Junnar(Alephata) ,Vegetables,Onion,Other,Local,900.00,"13,330.00","1,150.00",Rs./Quintal,159.10,Metric Tonnes,03-04-2026
Maharashtra,Pune,Junnar(Alephata) ,Vegetables,Onion,Other,Local,900.00,"1,310.00","1,100.00",Rs./Quintal,222.00,Metric Tonnes,31-03-2026
Maharashtra,Pune,Junnar(Alephata) ,Vegetables,Onion,Other,Local,600.00,"1,350.00","1,150.00",Rs./Quintal,229.40,Metric Tonnes,29-03-2026
Maharashtra,Pune,Junnar(Alephata) ,Vegetables,Onion,Other,Local,700.00,"1,300.00","1,000.00",Rs./Quintal,358.60,Metric Tonnes,24-03-2026
Maharashtra,Pune,Junnar(Alephata) ,Vegetables,Onion,Other,Local,600.00,"1,300.00","1,000.00",Rs./Quintal,269.60,Metric Tonnes,22-03-2026
Maharashtra,Pune,Junnar(Alephata) ,Vegetables,Onion,Other,Local,"1,000.00","1,350.00","1,100.00",Rs./Quintal,488.70,Metric Tonnes,17-03-2026
Maharashtra,Pune,Junnar(Alephata) ,Vegetables,Onion,Other,Local,800.00,"1,450.00","1,200.00",Rs./Quintal,471.80,Metric Tonnes,15-03-2026
Maharashtra,Pune,Junnar(Alephata) ,Vegetables,Onion,Other,Local,800.00,"1,510.00","1,250.00",Rs./Quintal,422.70,Metric Tonnes,06-03-2026
Maharashtra,Pune,Junnar(Alephata) ,Vegetables,Onion,Other,Local,400.00,"1,350.00",750.00,Rs./Quintal,289.20,Metric Tonnes,03-03-2026
Maharashtra,Pune,Junnar(Alephata) ,Vegetables,Onion,Other,Local,400.00,"1,310.00",700.00,Rs./Quintal,543.10,Metric Tonnes,01-03-2026
Maharashtra,Pune,Junnar(Alephata) ,Vegetables,Onion,Other,Local,600.00,"1,350.00",900.00,Rs./Quintal,"1,022.00",Metric Tonnes,27-02-2026
Maharashtra,Pune,Junnar(Alephata) ,Vegetables,Onion,Other,Local,900.00,"1,510.00","1,250.00",Rs./Quintal,"1,041.10",Metric Tonnes,24-02-2026
Maharashtra,Pune,Junnar(Alephata) ,Vegetables,Onion,Other,Local,900.00,"1,510.00","1,200.00",Rs./Quintal,"1,165.70",Metric Tonnes,22-02-2026
Maharashtra,Pune,Junnar(Alephata) ,Vegetables,Onion,Other,Local,600.00,"1,600.00",900.00,Rs./Quintal,"1,253.10",Metric Tonnes,20-02-2026
Maharashtra,Pune,Junnar(Alephata) ,Vegetables,Onion,Other,Local,"1,000.00","1,810.00","1,400.00",Rs./Quintal,751.70,Metric Tonnes,15-02-2026
Maharashtra,Pune,Junnar(Alephata) ,Vegetables,Onion,Other,Local,"1,000.00","1,710.00","1,350.00",Rs./Quintal,984.20,Metric Tonnes,13-02-2026
Maharashtra,Pune,Junnar(Alephata) ,Vegetables,Onion,Other,Local,"1,000.00","1,710.00","1,300.00",Rs./Quintal,986.30,Metric Tonnes,10-02-2026
Maharashtra,Pune,Junnar(Alephata) ,Vegetables,Onion,Other,Local,950.00,"1,910.00","1,350.00",Rs./Quintal,"1,115.50",Metric Tonnes,06-02-2026
Maharashtra,Pune,Junnar(Alephata) ,Vegetables,Onion,Other,Local,"1,000.00","1,800.00","1,300.00",Rs./Quintal,"1,241.50",Metric Tonnes,01-02-2026
Maharashtra,Pune,Junnar(Alephata) ,Vegetables,Onion,Other,Local,900.00,"1,900.00","1,300.00",Rs./Quintal,"1,390.60",Metric Tonnes,30-01-2026
Maharashtra,Pune,Junnar(Alephata) ,Vegetables,Onion,Other,Local,"1,000.00","2,010.00","1,450.00",Rs./Quintal,"1,588.60",Metric Tonnes,27-01-2026
Maharashtra,Pune,Junnar(Alephata) ,Vegetables,Onion,Other,Local,"1,000.00","2,000.00","1,450.00",Rs./Quintal,"1,341.30",Metric Tonnes,25-01-2026
Maharashtra,Pune,Junnar(Alephata) ,Vegetables,Onion,Other,Local,"1,000.00","2,210.00","1,550.00",Rs./Quintal,"1,639.50",Metric Tonnes,23-01-2026
Maharashtra,Pune,Junnar(Alephata) ,Vegetables,Onion,Other,Local,"1,000.00","2,110.00","1,500.00",Rs./Quintal,"1,774.50",Metric Tonnes,20-01-2026
Maharashtra,Pune,Junnar(Alephata) ,Vegetables,Onion,Other,Local,"1,000.00","2,000.00","1,200.00",Rs./Quintal,"1,330.90",Metric Tonnes,18-01-2026
Maharashtra,Pune,Junnar(Alephata) ,Vegetables,Onion,Other,Local,"1,000.00","2,010.00","1,500.00",Rs./Quintal,"1,100.10",Metric Tonnes,16-01-2026
Maharashtra,Pune,Junnar(Alephata) ,Vegetables,Onion,Other,Local,"1,000.00","2,000.00","1,500.00",Rs./Quintal,"1,690.10",Metric Tonnes,13-01-2026
Maharashtra,Pune,Junnar(Alephata) ,Vegetables,Onion,Other,Local,"1,000.00","2,000.00","1,500.00",Rs./Quintal,"1,641.10",Metric Tonnes,11-01-2026
Maharashtra,Pune,Junnar(Alephata) ,Vegetables,Onion,Other,Local,900.00,"2,000.00","1,550.00",Rs./Quintal,"1,967.00",Metric Tonnes,09-01-2026
Maharashtra,Pune,Junnar(Alephata) ,Vegetables,Onion,Other,Local,"1,000.00","2,210.00","1,350.00",Rs./Quintal,"2,130.00",Metric Tonnes,02-01-2026
Maharashtra,Pune,Junnar(Alephata) ,Vegetables,Onion,Other,Local,"1,000.00","2,600.00","1,600.00",Rs./Quintal,"1,845.40",Metric Tonnes,30-12-2025
Maharashtra,Pune,Junnar(Alephata) ,Vegetables,Onion,Other,Local,"1,100.00","2,300.00","1,700.00",Rs./Quintal,"1,280.10",Metric Tonnes,26-12-2025
Maharashtra,Pune,Junnar(Alephata) ,Vegetables,Onion,Other,Local,"1,000.00","2,300.00","1,450.00",Rs./Quintal,"1,608.40",Metric Tonnes,21-12-2025
Maharashtra,Pune,Junnar(Alephata) ,Vegetables,Onion,Other,Local,"1,000.00","3,100.00","2,000.00",Rs./Quintal,"1,462.70",Metric Tonnes,19-12-2025
Maharashtra,Pune,Junnar(Alephata) ,Vegetables,Onion,Other,Local,"1,100.00","3,310.00","1,850.00",Rs./Quintal,"1,181.70",Metric Tonnes,16-12-2025
Maharashtra,Pune,Junnar(Alephata) ,Vegetables,Onion,Other,Local,"1,200.00","3,000.00","1,750.00",Rs./Quintal,870.40,Metric Tonnes,14-12-2025
Maharashtra,Pune,Junnar(Alephata) ,Vegetables,Onion,Other,Local,"1,200.00","2,800.00","1,750.00",Rs./Quintal,"1,038.80",Metric Tonnes,12-12-2025
Maharashtra,Pune,Junnar(Alephata) ,Vegetables,Onion,Other,Local,"1,000.00","2,000.00","1,350.00",Rs./Quintal,782.00,Metric Tonnes,07-12-2025
Maharashtra,Pune,Junnar(Alephata) ,Vegetables,Onion,Other,Local,"1,000.00","2,010.00","1,400.00",Rs./Quintal,864.70,Metric Tonnes,05-12-2025
Maharashtra,Pune,Junnar(Alephata) ,Vegetables,Onion,Other,Local,"1,000.00","2,010.00","1,350.00",Rs./Quintal,946.50,Metric Tonnes,02-12-2025
Maharashtra,Pune,Junnar(Alephata) ,Vegetables,Onion,Other,Local,900.00,"2,000.00","1,350.00",Rs./Quintal,957.70,Metric Tonnes,30-11-2025
Maharashtra,Pune,Junnar(Alephata) ,Vegetables,Onion,Other,Local,"1,000.00","2,010.00","1,450.00",Rs./Quintal,969.70,Metric Tonnes,28-11-2025
Maharashtra,Pune,Junnar(Alephata) ,Vegetables,Onion,Other,Local,"1,000.00","2,010.00","1,500.00",Rs./Quintal,929.50,Metric Tonnes,25-11-2025
Maharashtra,Pune,Junnar(Alephata) ,Vegetables,Onion,Other,Local,"1,000.00","2,010.00","1,500.00",Rs./Quintal,916.30,Metric Tonnes,23-11-2025
Maharashtra,Pune,Junnar(Alephata) ,Vegetables,Onion,Other,Local,"1,000.00","2,010.00","1,500.00",Rs./Quintal,998.50,Metric Tonnes,18-11-2025
Maharashtra,Pune,Junnar(Alephata) ,Vegetables,Onion,Other,Local,"1,000.00","2,010.00","1,500.00",Rs./Quintal,905.20,Metric Tonnes,16-11-2025
Maharashtra,Pune,Junnar(Alephata) ,Vegetables,Onion,Other,Local,900.00,"1,850.00","1,360.00",Rs./Quintal,"1,117.70",Metric Tonnes,14-11-2025
Maharashtra,Pune,Junnar(Alephata) ,Vegetables,Onion,Other,Local,"1,100.00","1,810.00","1,350.00",Rs./Quintal,"1,107.70",Metric Tonnes,11-11-2025
Maharashtra,Pune,Junnar(Alephata) ,Vegetables,Onion,Other,Local,"1,000.00","1,850.00","1,500.00",Rs./Quintal,"1,003.10",Metric Tonnes,09-11-2025
Maharashtra,Pune,Junnar(Narayangaon) ,Vegetables,Onion,Chinchwad,Local,"1,000.00","4,800.00","2,900.00",Rs./Quintal,4.60,Metric Tonnes,27-09-2026
Maharashtra,Pune,Junnar(Narayangaon) ,Vegetables,Onion,Chinchwad,Local,500.00,"4,700.00","2,600.00",Rs./Quintal,5.00,Metric Tonnes,26-09-2026
Maharashtra,Pune,Junnar(Narayangaon) ,Vegetables,Onion,Chinchwad,Local,800.00,"4,950.00","2,800.00",Rs./Quintal,3.00,Metric Tonnes,21-09-2026
Maharashtra,Pune,Junnar(Narayangaon) ,Vegetables,Onion,Chinchwad,Local,800.00,"5,000.00","2,900.00",Rs./Quintal,2.80,Metric Tonnes,20-09-2026
Maharashtra,Pune,Junnar(Narayangaon) ,Vegetables,Onion,Chinchwad,Local,"1,000.00","4,850.00","2,900.00",Rs./Quintal,3.60,Metric Tonnes,19-09-2026
Maharashtra,Pune,Junnar(Narayangaon) ,Vegetables,Onion,Chinchwad,Local,"1,500.00","4,800.00","3,200.00",Rs./Quintal,3.00,Metric Tonnes,18-09-2026
Maharashtra,Pune,Junnar(Narayangaon) ,Vegetables,Onion,Chinchwad,Local,800.00,"4,700.00","2,800.00",Rs./Quintal,2.50,Metric Tonnes,17-09-2026
Maharashtra,Pune,Junnar(Narayangaon) ,Vegetables,Onion,Chinchwad,Local,700.00,"4,800.00","2,800.00",Rs./Quintal,2.80,Metric Tonnes,13-09-2026
Maharashtra,Pune,Junnar(Narayangaon) ,Vegetables,Onion,Chinchwad,Local,600.00,"4,600.00","2,600.00",Rs./Quintal,3.80,Metric Tonnes,12-09-2026
Maharashtra,Pune,Junnar(Narayangaon) ,Vegetables,Onion,Chinchwad,Local,"1,000.00","4,300.00","2,500.00",Rs./Quintal,2.60,Metric Tonnes,11-09-2026
Maharashtra,Pune,Junnar(Narayangaon) ,Vegetables,Onion,Chinchwad,Local,"1,000.00","4,700.00","2,900.00",Rs./Quintal,5.80,Metric Tonnes,10-09-2026
Maharashtra,Pune,Junnar(Narayangaon) ,Vegetables,Onion,Chinchwad,Local,"1,200.00","4,800.00","3,000.00",Rs./Quintal,2.50,Metric Tonnes,07-09-2026
Maharashtra,Pune,Junnar(Narayangaon) ,Vegetables,Onion,Chinchwad,Local,"1,500.00","5,000.00","3,300.00",Rs./Quintal,4.20,Metric Tonnes,06-09-2026
Maharashtra,Pune,Junnar(Narayangaon) ,Vegetables,Onion,Chinchwad,Local,500.00,"4,800.00","2,650.00",Rs./Quintal,3.80,Metric Tonnes,05-09-2026
Maharashtra,Pune,Junnar(Narayangaon) ,Vegetables,Onion,Chinchwad,Local,"2,000.00","5,000.00","3,500.00",Rs./Quintal,1.50,Metric Tonnes,04-09-2026
Maharashtra,Pune,Junnar(Narayangaon) ,Vegetables,Onion,Chinchwad,Local,600.00,"4,500.00","2,500.00",Rs./Quintal,2.80,Metric Tonnes,31-08-2026
Maharashtra,Pune,Junnar(Narayangaon) ,Vegetables,Onion,Chinchwad,Local,500.00,"4,100.00","2,500.00",Rs./Quintal,4.00,Metric Tonnes,30-08-2026
Maharashtra,Pune,Junnar(Narayangaon) ,Vegetables,Onion,Chinchwad,Local,600.00,"3,900.00","2,300.00",Rs./Quintal,4.80,Metric Tonnes,29-08-2026
Maharashtra,Pune,Junnar(Narayangaon) ,Vegetables,Onion,Chinchwad,Local,"1,100.00","4,500.00","2,800.00",Rs./Quintal,5.00,Metric Tonnes,24-08-2026
Maharashtra,Pune,Junnar(Narayangaon) ,Vegetables,Onion,Chinchwad,Local,650.00,"4,100.00","2,350.00",Rs./Quintal,4.50,Metric Tonnes,23-08-2026
Maharashtra,Pune,Junnar(Narayangaon) ,Vegetables,Onion,Chinchwad,Local,700.00,"4,000.00","2,500.00",Rs./Quintal,5.50,Metric Tonnes,22-08-2026
Maharashtra,Pune,Junnar(Narayangaon) ,Vegetables,Onion,Chinchwad,Local,500.00,"4,210.00","2,230.00",Rs./Quintal,4.20,Metric Tonnes,21-08-2026
Maharashtra,Pune,Junnar(Narayangaon) ,Vegetables,Onion,Chinchwad,Local,500.00,"4,500.00","2,500.00",Rs./Quintal,3.20,Metric Tonnes,20-08-2026
Maharashtra,Pune,Junnar(Narayangaon) ,Vegetables,Onion,Chinchwad,Local,"1,500.00","4,000.00","2,800.00",Rs./Quintal,3.00,Metric Tonnes,19-08-2026
Maharashtra,Pune,Junnar(Narayangaon) ,Vegetables,Onion,Chinchwad,Local,"1,000.00","3,500.00","2,500.00",Rs./Quintal,1.50,Metric Tonnes,17-08-2026
Maharashtra,Pune,Junnar(Narayangaon) ,Vegetables,Onion,Chinchwad,Local,500.00,"3,500.00","2,000.00",Rs./Quintal,3.80,Metric Tonnes,16-08-2026
Maharashtra,Pune,Junnar(Narayangaon) ,Vegetables,Onion,Chinchwad,Local,800.00,"3,600.00","2,300.00",Rs./Quintal,1.80,Metric Tonnes,15-08-2026
Maharashtra,Pune,Junnar(Narayangaon) ,Vegetables,Onion,Chinchwad,Local,800.00,"3,000.00","1,900.00",Rs./Quintal,2.20,Metric Tonnes,13-08-2026
Maharashtra,Pune,Junnar(Narayangaon) ,Vegetables,Onion,Chinchwad,Local,800.00,"2,700.00","1,800.00",Rs./Quintal,1.20,Metric Tonnes,12-08-2026
Maharashtra,Pune,Junnar(Narayangaon) ,Vegetables,Onion,Chinchwad,Local,400.00,"2,700.00","1,500.00",Rs./Quintal,3.50,Metric Tonnes,08-08-2026
Maharashtra,Pune,Junnar(Narayangaon) ,Vegetables,Onion,Chinchwad,Local,700.00,"2,800.00","1,800.00",Rs./Quintal,2.40,Metric Tonnes,07-08-2026
Maharashtra,Pune,Junnar(Narayangaon) ,Vegetables,Onion,Chinchwad,Local,400.00,"2,800.00","1,600.00",Rs./Quintal,2.80,Metric Tonnes,06-08-2026
Maharashtra,Pune,Junnar(Narayangaon) ,Vegetables,Onion,Chinchwad,Local,500.00,"2,800.00","1,650.00",Rs./Quintal,3.20,Metric Tonnes,05-08-2026
Maharashtra,Pune,Junnar(Narayangaon) ,Vegetables,Onion,Chinchwad,Local,"1,000.00","2,400.00","1,800.00",Rs./Quintal,2.80,Metric Tonnes,03-08-2026
Maharashtra,Pune,Junnar(Narayangaon) ,Vegetables,Onion,Chinchwad,Local,700.00,"2,500.00","1,600.00",Rs./Quintal,3.00,Metric Tonnes,02-08-2026
Maharashtra,Pune,Junnar(Narayangaon) ,Vegetables,Onion,Chinchwad,Local,500.00,"2,600.00","1,500.00",Rs./Quintal,2.50,Metric Tonnes,01-08-2026
Maharashtra,Pune,Junnar(Narayangaon) ,Vegetables,Onion,Chinchwad,Local,300.00,"2,500.00","1,400.00",Rs./Quintal,2.50,Metric Tonnes,31-07-2026
Maharashtra,Pune,Junnar(Narayangaon) ,Vegetables,Onion,Chinchwad,Local,500.00,"2,500.00","1,500.00",Rs./Quintal,1.50,Metric Tonnes,30-07-2026
Maharashtra,Pune,Junnar(Narayangaon) ,Vegetables,Onion,Chinchwad,Local,500.00,"2,500.00","1,500.00",Rs./Quintal,3.80,Metric Tonnes,29-07-2026
Maharashtra,Pune,Junnar(Narayangaon) ,Vegetables,Onion,Chinchwad,Local,400.00,"2,500.00","1,500.00",Rs./Quintal,4.80,Metric Tonnes,27-07-2026
Maharashtra,Pune,Junnar(Narayangaon) ,Vegetables,Onion,Chinchwad,Local,500.00,"2,550.00","1,500.00",Rs./Quintal,4.40,Metric Tonnes,26-07-2026
Maharashtra,Pune,Junnar(Narayangaon) ,Vegetables,Onion,Chinchwad,Local,400.00,"2,580.00","1,400.00",Rs./Quintal,2.80,Metric Tonnes,25-07-2026
Maharashtra,Pune,Junnar(Narayangaon) ,Vegetables,Onion,Chinchwad,Local,600.00,"2,600.00","1,550.00",Rs./Quintal,0.50,Metric Tonnes,24-07-2026
Maharashtra,Pune,Junnar(Narayangaon) ,Vegetables,Onion,Chinchwad,Local,500.00,"2,600.00","1,550.00",Rs./Quintal,2.20,Metric Tonnes,23-07-2026
Maharashtra,Pune,Junnar(Narayangaon) ,Vegetables,Onion,Chinchwad,Local,400.00,"2,500.00","1,500.00",Rs./Quintal,3.40,Metric Tonnes,22-07-2026
Maharashtra,Pune,Junnar(Narayangaon) ,Vegetables,Onion,Chinchwad,Local,700.00,"2,500.00","1,600.00",Rs./Quintal,1.20,Metric Tonnes,20-07-2026
Maharashtra,Pune,Junnar(Narayangaon) ,Vegetables,Onion,Chinchwad,Local,400.00,"2,300.00","1,400.00",Rs./Quintal,2.40,Metric Tonnes,19-07-2026
Maharashtra,Pune,Junnar(Narayangaon) ,Vegetables,Onion,Chinchwad,Local,400.00,"2,500.00","1,500.00",Rs./Quintal,4.60,Metric Tonnes,18-07-2026
Maharashtra,Pune,Junnar(Narayangaon) ,Vegetables,Onion,Chinchwad,Local,400.00,"2,500.00","1,500.00",Rs./Quintal,3.20,Metric Tonnes,17-07-2026
Maharashtra,Pune,Junnar(Narayangaon) ,Vegetables,Onion,Chinchwad,Local,500.00,"2,500.00","1,500.00",Rs./Quintal,4.80,Metric Tonnes,13-07-2026
Maharashtra,Pune,Junnar(Narayangaon) ,Vegetables,Onion,Chinchwad,Local,500.00,"2,600.00","1,550.00",Rs./Quintal,7.00,Metric Tonnes,12-07-2026
Maharashtra,Pune,Junnar(Narayangaon) ,Vegetables,Onion,Chinchwad,Local,400.00,"2,800.00","1,600.00",Rs./Quintal,5.80,Metric Tonnes,11-07-2026
Maharashtra,Pune,Junnar(Narayangaon) ,Vegetables,Onion,Chinchwad,Local,900.00,"2,800.00","1,850.00",Rs./Quintal,4.50,Metric Tonnes,10-07-2026
Maharashtra,Pune,Junnar(Narayangaon) ,Vegetables,Onion,Chinchwad,Local,400.00,"2,600.00","1,500.00",Rs./Quintal,3.80,Metric Tonnes,09-07-2026
Maharashtra,Pune,Junnar(Narayangaon) ,Vegetables,Onion,Chinchwad,Local,600.00,"2,800.00","1,800.00",Rs./Quintal,1.20,Metric Tonnes,08-07-2026
Maharashtra,Pune,Junnar(Narayangaon) ,Vegetables,Onion,Chinchwad,Local,600.00,"2,500.00","1,550.00",Rs./Quintal,1.00,Metric Tonnes,06-07-2026
Maharashtra,Pune,Junnar(Narayangaon) ,Vegetables,Onion,Chinchwad,Local,400.00,"2,700.00","1,550.00",Rs./Quintal,2.20,Metric Tonnes,05-07-2026
Maharashtra,Pune,Junnar(Narayangaon) ,Vegetables,Onion,Chinchwad,Local,500.00,"2,600.00","1,500.00",Rs./Quintal,3.20,Metric Tonnes,04-07-2026
Maharashtra,Pune,Junnar(Narayangaon) ,Vegetables,Onion,Chinchwad,Local,400.00,"2,500.00","1,500.00",Rs./Quintal,4.80,Metric Tonnes,03-07-2026
Maharashtra,Pune,Junnar(Narayangaon) ,Vegetables,Onion,Chinchwad,Local,400.00,"2,600.00","1,500.00",Rs./Quintal,3.80,Metric Tonnes,01-07-2026
Maharashtra,Pune,Junnar(Narayangaon) ,Vegetables,Onion,Chinchwad,Local,800.00,"3,000.00","1,900.00",Rs./Quintal,2.80,Metric Tonnes,29-06-2026
Maharashtra,Pune,Junnar(Narayangaon) ,Vegetables,Onion,Chinchwad,Local,800.00,"2,700.00","1,800.00",Rs./Quintal,4.00,Metric Tonnes,28-06-2026
Maharashtra,Pune,Junnar(Narayangaon) ,Vegetables,Onion,Chinchwad,Local,400.00,"2,800.00","1,550.00",Rs./Quintal,3.50,Metric Tonnes,27-06-2026
Maharashtra,Pune,Junnar(Narayangaon) ,Vegetables,Onion,Chinchwad,Local,400.00,"2,500.00","1,450.00",Rs./Quintal,3.40,Metric Tonnes,26-06-2026
Maharashtra,Pune,Junnar(Narayangaon) ,Vegetables,Onion,Chinchwad,Local,400.00,"2,500.00","1,400.00",Rs./Quintal,5.40,Metric Tonnes,25-06-2026
Maharashtra,Pune,Junnar(Narayangaon) ,Vegetables,Onion,Chinchwad,Local,500.00,"2,200.00","1,400.00",Rs./Quintal,2.80,Metric Tonnes,22-06-2026
Maharashtra,Pune,Junnar(Narayangaon) ,Vegetables,Onion,Chinchwad,Local,400.00,"2,800.00","1,600.00",Rs./Quintal,3.50,Metric Tonnes,21-06-2026
Maharashtra,Pune,Junnar(Narayangaon) ,Vegetables,Onion,Chinchwad,Local,400.00,"2,800.00","1,600.00",Rs./Quintal,2.80,Metric Tonnes,20-06-2026
Maharashtra,Pune,Junnar(Narayangaon) ,Vegetables,Onion,Chinchwad,Local,400.00,"2,800.00","1,550.00",Rs./Quintal,2.00,Metric Tonnes,19-06-2026
Maharashtra,Pune,Junnar(Narayangaon) ,Vegetables,Onion,Chinchwad,Local,400.00,"2,500.00","1,400.00",Rs./Quintal,6.20,Metric Tonnes,18-06-2026
Maharashtra,Pune,Junnar(Narayangaon) ,Vegetables,Onion,Chinchwad,Local,500.00,"2,000.00","1,500.00",Rs./Quintal,2.20,Metric Tonnes,15-06-2026
Maharashtra,Pune,Junnar(Narayangaon) ,Vegetables,Onion,Chinchwad,Local,300.00,"2,000.00","1,100.00",Rs./Quintal,3.50,Metric Tonnes,14-06-2026
Maharashtra,Pune,Junnar(Narayangaon) ,Vegetables,Onion,Chinchwad,Local,400.00,"1,800.00","1,100.00",Rs./Quintal,3.80,Metric Tonnes,13-06-2026
Maharashtra,Pune,Junnar(Narayangaon) ,Vegetables,Onion,Chinchwad,Local,300.00,"1,800.00","1,100.00",Rs./Quintal,4.20,Metric Tonnes,08-06-2026
Maharashtra,Pune,Junnar(Narayangaon) ,Vegetables,Onion,Chinchwad,Local,400.00,"1,800.00","1,100.00",Rs./Quintal,4.20,Metric Tonnes,07-06-2026
Maharashtra,Pune,Junnar(Narayangaon) ,Vegetables,Onion,Chinchwad,Local,400.00,"2,200.00","1,200.00",Rs./Quintal,6.20,Metric Tonnes,06-06-2026
Maharashtra,Pune,Junnar(Narayangaon) ,Vegetables,Onion,Chinchwad,Local,400.00,"2,000.00","1,000.00",Rs./Quintal,5.60,Metric Tonnes,05-06-2026
Maharashtra,Pune,Junnar(Narayangaon) ,Vegetables,Onion,Chinchwad,Local,300.00,"2,300.00","1,300.00",Rs./Quintal,5.40,Metric Tonnes,04-06-2026
Maharashtra,Pune,Junnar(Narayangaon) ,Vegetables,Onion,Chinchwad,Local,300.00,"1,300.00",750.00,Rs./Quintal,3.20,Metric Tonnes,01-06-2026
Maharashtra,Pune,Junnar(Narayangaon) ,Vegetables,Onion,Chinchwad,Local,300.00,"1,600.00",850.00,Rs./Quintal,6.80,Metric Tonnes,30-05-2026
Maharashtra,Pune,Junnar(Narayangaon) ,Vegetables,Onion,Chinchwad,Local,200.00,"1,200.00",700.00,Rs./Quintal,3.20,Metric Tonnes,29-05-2026
Maharashtra,Pune,Junnar(Narayangaon) ,Vegetables,Onion,Chinchwad,Local,200.00,"1,200.00",700.00,Rs./Quintal,3.20,Metric Tonnes,24-05-2026
Maharashtra,Pune,Junnar(Narayangaon) ,Vegetables,Onion,Chinchwad,Local,200.00,"1,100.00",600.00,Rs./Quintal,2.40,Metric Tonnes,23-05-2026
Maharashtra,Pune,Junnar(Narayangaon) ,Vegetables,Onion,Chinchwad,Local,200.00,"1,200.00",650.00,Rs./Quintal,5.20,Metric Tonnes,22-05-2026
Maharashtra,Pune,Junnar(Narayangaon) ,Vegetables,Onion,Chinchwad,Local,300.00,"1,200.00",750.00,Rs./Quintal,2.80,Metric Tonnes,21-05-2026
Maharashtra,Pune,Junnar(Narayangaon) ,Vegetables,Onion,Chinchwad,Local,200.00,"1,300.00",750.00,Rs./Quintal,4.20,Metric Tonnes,18-05-2026
Maharashtra,Pune,Junnar(Narayangaon) ,Vegetables,Onion,Chinchwad,Local,200.00,"1,300.00",700.00,Rs./Quintal,6.40,Metric Tonnes,17-05-2026
Maharashtra,Pune,Junnar(Narayangaon) ,Vegetables,Onion,Chinchwad,Local,200.00,"1,250.00",650.00,Rs./Quintal,5.20,Metric Tonnes,15-05-2026
Maharashtra,Pune,Junnar(Narayangaon) ,Vegetables,Onion,Chinchwad,Local,200.00,"1,150.00",650.00,Rs./Quintal,9.40,Metric Tonnes,13-05-2026
Maharashtra,Pune,Junnar(Narayangaon) ,Vegetables,Onion,Chinchwad,Local,200.00,"1,100.00",650.00,Rs./Quintal,5.80,Metric Tonnes,11-05-2026
Maharashtra,Pune,Junnar(Narayangaon) ,Vegetables,Onion,Chinchwad,Local,200.00,"1,300.00",750.00,Rs./Quintal,5.80,Metric Tonnes,09-05-2026
Maharashtra,Pune,Junnar(Narayangaon) ,Vegetables,Onion,Chinchwad,Local,200.00,"1,250.00",650.00,Rs./Quintal,6.00,Metric Tonnes,08-05-2026
Maharashtra,Pune,Junnar(Narayangaon) ,Vegetables,Onion,Chinchwad,Local,200.00,"1,200.00",650.00,Rs./Quintal,5.20,Metric Tonnes,07-05-2026
Maharashtra,Pune,Junnar(Narayangaon) ,Vegetables,Onion,Chinchwad,Local,200.00,"1,300.00",750.00,Rs./Quintal,6.20,Metric Tonnes,06-05-2026
Maharashtra,Pune,Junnar(Narayangaon) ,Vegetables,Onion,Other,Local,200.00,"1,300.00",750.00,Rs./Quintal,3.50,Metric Tonnes,03-05-2026
Maharashtra,Pune,Junnar(Narayangaon) ,Vegetables,Onion,Other,Local,300.00,"1,300.00",800.00,Rs./Quintal,4.40,Metric Tonnes,02-05-2026
Maharashtra,Pune,Junnar(Narayangaon) ,Vegetables,Onion,Other,Local,200.00,"1,200.00",650.00,Rs./Quintal,2.40,Metric Tonnes,01-05-2026
Maharashtra,Pune,Junnar(Narayangaon) ,Vegetables,Onion,Other,Local,200.00,"1,000.00",600.00,Rs./Quintal,3.20,Metric Tonnes,30-04-2026
Maharashtra,Pune,Junnar(Narayangaon) ,Vegetables,Onion,Other,Local,200.00,"1,200.00",650.00,Rs./Quintal,4.20,Metric Tonnes,29-04-2026
Maharashtra,Pune,Junnar(Narayangaon) ,Vegetables,Onion,Other,Local,300.00,"1,100.00",700.00,Rs./Quintal,0.80,Metric Tonnes,26-04-2026
Maharashtra,Pune,Junnar(Narayangaon) ,Vegetables,Onion,Other,Local,200.00,"1,050.00",600.00,Rs./Quintal,5.80,Metric Tonnes,25-04-2026
Maharashtra,Pune,Junnar(Narayangaon) ,Vegetables,Onion,Other,Local,200.00,"1,100.00",600.00,Rs./Quintal,3.20,Metric Tonnes,24-04-2026
Maharashtra,Pune,Junnar(Narayangaon) ,Vegetables,Onion,Other,Local,200.00,"1,200.00",700.00,Rs./Quintal,4.60,Metric Tonnes,23-04-2026
Maharashtra,Pune,Junnar(Narayangaon) ,Vegetables,Onion,Other,Local,250.00,"1,100.00",650.00,Rs./Quintal,6.50,Metric Tonnes,22-04-2026
Maharashtra,Pune,Junnar(Narayangaon) ,Vegetables,Onion,Other,Local,200.00,"1,200.00",700.00,Rs./Quintal,5.20,Metric Tonnes,20-04-2026
Maharashtra,Pune,Junnar(Narayangaon) ,Vegetables,Onion,Other,Local,300.00,"1,200.00",750.00,Rs./Quintal,3.50,Metric Tonnes,19-04-2026
Maharashtra,Pune,Junnar(Narayangaon) ,Vegetables,Onion,Other,Local,200.00,"1,300.00",750.00,Rs./Quintal,4.60,Metric Tonnes,18-04-2026
Maharashtra,Pune,Junnar(Narayangaon) ,Vegetables,Onion,Other,Local,300.00,"1,300.00",750.00,Rs./Quintal,3.40,Metric Tonnes,16-04-2026
Maharashtra,Pune,Junnar(Narayangaon) ,Vegetables,Onion,Other,Local,100.00,"1,300.00",700.00,Rs./Quintal,8.40,Metric Tonnes,15-04-2026
Maharashtra,Pune,Junnar(Narayangaon) ,Vegetables,Onion,Other,Local,200.00,"1,250.00",700.00,Rs./Quintal,3.80,Metric Tonnes,13-04-2026
Maharashtra,Pune,Junnar(Narayangaon) ,Vegetables,Onion,Other,Local,200.00,"1,250.00",700.00,Rs./Quintal,2.00,Metric Tonnes,12-04-2026
Maharashtra,Pune,Junnar(Narayangaon) ,Vegetables,Onion,Other,Local,200.00,"1,200.00",650.00,Rs./Quintal,5.20,Metric Tonnes,11-04-2026
Maharashtra,Pune,Junnar(Narayangaon) ,Vegetables,Onion,Other,Local,300.00,"1,300.00",800.00,Rs./Quintal,5.20,Metric Tonnes,10-04-2026
Maharashtra,Pune,Junnar(Narayangaon) ,Vegetables,Onion,Other,Local,200.00,"1,300.00",750.00,Rs./Quintal,5.20,Metric Tonnes,09-04-2026
Maharashtra,Pune,Junnar(Narayangaon) ,Vegetables,Onion,Other,Local,300.00,"1,200.00",850.00,Rs./Quintal,6.80,Metric Tonnes,08-04-2026
Maharashtra,Pune,Junnar(Narayangaon) ,Vegetables,Onion,Other,Local,400.00,"1,200.00",800.00,Rs./Quintal,3.00,Metric Tonnes,05-04-2026
Maharashtra,Pune,Junnar(Narayangaon) ,Vegetables,Onion,Other,Local,300.00,"1,200.00",750.00,Rs./Quintal,5.50,Metric Tonnes,04-04-2026
Maharashtra,Pune,Junnar(Narayangaon) ,Vegetables,Onion,Other,Local,250.00,"1,250.00",750.00,Rs./Quintal,5.20,Metric Tonnes,01-04-2026
Maharashtra,Pune,Junnar(Narayangaon) ,Vegetables,Onion,Other,Local,200.00,"1,200.00",700.00,Rs./Quintal,4.20,Metric Tonnes,29-03-2026
Maharashtra,Pune,Junnar(Narayangaon) ,Vegetables,Onion,Other,Local,200.00,"1,200.00",700.00,Rs./Quintal,2.40,Metric Tonnes,28-03-2026
Maharashtra,Pune,Junnar(Narayangaon) ,Vegetables,Onion,Other,Local,200.00,"1,200.00",700.00,Rs./Quintal,5.00,Metric Tonnes,27-03-2026
Maharashtra,Pune,Junnar(Narayangaon) ,Vegetables,Onion,Other,Local,200.00,"1,300.00",750.00,Rs./Quintal,2.50,Metric Tonnes,22-03-2026
Maharashtra,Pune,Junnar(Narayangaon) ,Vegetables,Onion,Other,Local,300.00,"1,410.00",850.00,Rs./Quintal,8.40,Metric Tonnes,21-03-2026
Maharashtra,Pune,Junnar(Narayangaon) ,Vegetables,Onion,Other,Local,250.00,"1,400.00",800.00,Rs./Quintal,4.20,Metric Tonnes,20-03-2026
Maharashtra,Pune,Junnar(Narayangaon) ,Vegetables,Onion,Other,Local,200.00,"1,400.00",800.00,Rs./Quintal,6.80,Metric Tonnes,18-03-2026
Maharashtra,Pune,Junnar(Narayangaon) ,Vegetables,Onion,Other,Local,350.00,"1,500.00",900.00,Rs./Quintal,2.40,Metric Tonnes,16-03-2026
Maharashtra,Pune,Junnar(Narayangaon) ,Vegetables,Onion,Other,Local,200.00,"1,400.00",800.00,Rs./Quintal,3.20,Metric Tonnes,15-03-2026
Maharashtra,Pune,Junnar(Narayangaon) ,Vegetables,Onion,Other,Local,200.00,"1,500.00",900.00,Rs./Quintal,5.00,Metric Tonnes,14-03-2026
Maharashtra,Pune,Junnar(Narayangaon) ,Vegetables,Onion,Other,Local,200.00,"1,400.00",800.00,Rs./Quintal,2.20,Metric Tonnes,12-03-2026
Maharashtra,Pune,Junnar(Narayangaon) ,Vegetables,Onion,Other,Local,200.00,"1,410.00",800.00,Rs./Quintal,3.00,Metric Tonnes,09-03-2026
Maharashtra,Pune,Junnar(Narayangaon) ,Vegetables,Onion,Other,Local,200.00,"1,400.00",800.00,Rs./Quintal,3.00,Metric Tonnes,08-03-2026
Maharashtra,Pune,Junnar(Narayangaon) ,Vegetables,Onion,Other,Local,200.00,"1,400.00",800.00,Rs./Quintal,3.60,Metric Tonnes,07-03-2026
Maharashtra,Pune,Junnar(Narayangaon) ,Vegetables,Onion,Other,Local,200.00,"1,400.00",800.00,Rs./Quintal,5.40,Metric Tonnes,06-03-2026
Maharashtra,Pune,Junnar(Narayangaon) ,Vegetables,Onion,Other,Local,200.00,"1,300.00",750.00,Rs./Quintal,2.20,Metric Tonnes,05-03-2026
Maharashtra,Pune,Junnar(Narayangaon) ,Vegetables,Onion,Other,Local,200.00,"1,400.00",800.00,Rs./Quintal,9.20,Metric Tonnes,01-03-2026
Maharashtra,Pune,Junnar(Narayangaon) ,Vegetables,Onion,Other,Local,300.00,"1,500.00",850.00,Rs./Quintal,2.40,Metric Tonnes,27-02-2026
Maharashtra,Pune,Junnar(Narayangaon) ,Vegetables,Onion,Other,Local,300.00,"1,200.00",750.00,Rs./Quintal,3.00,Metric Tonnes,26-02-2026
Maharashtra,Pune,Junnar(Narayangaon) ,Vegetables,Onion,Other,Local,200.00,"1,500.00",800.00,Rs./Quintal,5.20,Metric Tonnes,25-02-2026
Maharashtra,Pune,Junnar(Narayangaon) ,Vegetables,Onion,Other,Local,300.00,"1,500.00",850.00,Rs./Quintal,8.00,Metric Tonnes,23-02-2026
Maharashtra,Pune,Junnar(Narayangaon) ,Vegetables,Onion,Other,Local,200.00,"1,500.00",800.00,Rs./Quintal,1.80,Metric Tonnes,20-02-2026
Maharashtra,Pune,Junnar(Narayangaon) ,Vegetables,Onion,Other,Local,200.00,"1,500.00",850.00,Rs./Quintal,9.40,Metric Tonnes,19-02-2026
Maharashtra,Pune,Junnar(Narayangaon) ,Vegetables,Onion,Other,Local,300.00,"1,500.00",850.00,Rs./Quintal,8.60,Metric Tonnes,18-02-2026
Maharashtra,Pune,Junnar(Narayangaon) ,Vegetables,Onion,Other,Local,300.00,"1,500.00",900.00,Rs./Quintal,6.50,Metric Tonnes,16-02-2026
Maharashtra,Pune,Junnar(Narayangaon) ,Vegetables,Onion,Other,Local,500.00,"1,300.00",900.00,Rs./Quintal,2.50,Metric Tonnes,13-02-2026
Maharashtra,Pune,Junnar(Narayangaon) ,Vegetables,Onion,Other,Local,300.00,"1,450.00",850.00,Rs./Quintal,5.00,Metric Tonnes,12-02-2026
Maharashtra,Pune,Junnar(Narayangaon) ,Vegetables,Onion,Other,Local,300.00,"1,750.00",950.00,Rs./Quintal,6.20,Metric Tonnes,09-02-2026
Maharashtra,Pune,Junnar(Narayangaon) ,Vegetables,Onion,Other,Local,300.00,"1,600.00",900.00,Rs./Quintal,6.80,Metric Tonnes,08-02-2026
Maharashtra,Pune,Junnar(Narayangaon) ,Vegetables,Onion,Other,Local,400.00,"2,200.00","1,300.00",Rs./Quintal,8.80,Metric Tonnes,06-02-2026
Maharashtra,Pune,Junnar(Narayangaon) ,Vegetables,Onion,Other,Local,300.00,"1,500.00",800.00,Rs./Quintal,11.20,Metric Tonnes,05-02-2026
Maharashtra,Pune,Junnar(Narayangaon) ,Vegetables,Onion,Other,Local,300.00,"1,500.00",850.00,Rs./Quintal,6.00,Metric Tonnes,02-02-2026
Maharashtra,Pune,Junnar(Narayangaon) ,Vegetables,Onion,Other,Local,300.00,"1,600.00",900.00,Rs./Quintal,3.80,Metric Tonnes,01-02-2026
Maharashtra,Pune,Junnar(Narayangaon) ,Vegetables,Onion,Other,Local,200.00,"1,700.00",950.00,Rs./Quintal,5.80,Metric Tonnes,31-01-2026
Maharashtra,Pune,Junnar(Narayangaon) ,Vegetables,Onion,Other,Local,300.00,"1,880.00","1,100.00",Rs./Quintal,9.20,Metric Tonnes,30-01-2026
Maharashtra,Pune,Junnar(Narayangaon) ,Vegetables,Onion,Other,Local,500.00,"2,000.00","1,300.00",Rs./Quintal,3.20,Metric Tonnes,26-01-2026
Maharashtra,Pune,Junnar(Narayangaon) ,Vegetables,Onion,Other,Local,400.00,"2,000.00","1,200.00",Rs./Quintal,1.60,Metric Tonnes,24-01-2026
Maharashtra,Pune,Junnar(Narayangaon) ,Vegetables,Onion,Other,Local,300.00,"1,800.00","1,000.00",Rs./Quintal,1.00,Metric Tonnes,23-01-2026
Maharashtra,Pune,Junnar(Narayangaon) ,Vegetables,Onion,Other,Local,300.00,"2,000.00","1,200.00",Rs./Quintal,2.40,Metric Tonnes,22-01-2026
Maharashtra,Pune,Junnar(Narayangaon) ,Vegetables,Onion,Other,Local,200.00,"2,000.00","1,100.00",Rs./Quintal,3.00,Metric Tonnes,21-01-2026
Maharashtra,Pune,Junnar(Narayangaon) ,Vegetables,Onion,Other,Local,200.00,"1,510.00",900.00,Rs./Quintal,5.00,Metric Tonnes,19-01-2026
Maharashtra,Pune,Junnar(Narayangaon) ,Vegetables,Onion,Other,Local,300.00,"1,700.00",950.00,Rs./Quintal,10.20,Metric Tonnes,17-01-2026
Maharashtra,Pune,Junnar(Narayangaon) ,Vegetables,Onion,Other,Local,300.00,"1,600.00",950.00,Rs./Quintal,6.40,Metric Tonnes,16-01-2026
Maharashtra,Pune,Junnar(Narayangaon) ,Vegetables,Onion,Other,Local,300.00,"1,600.00",900.00,Rs./Quintal,2.00,Metric Tonnes,15-01-2026
Maharashtra,Pune,Junnar(Narayangaon) ,Vegetables,Onion,Other,Local,300.00,"1,800.00","1,000.00",Rs./Quintal,7.00,Metric Tonnes,14-01-2026
Maharashtra,Pune,Junnar(Narayangaon) ,Vegetables,Onion,Other,Local,300.00,"1,800.00","1,000.00",Rs./Quintal,4.00,Metric Tonnes,12-01-2026
Maharashtra,Pune,Junnar(Narayangaon) ,Vegetables,Onion,Other,Local,300.00,"1,860.00","1,100.00",Rs./Quintal,3.80,Metric Tonnes,10-01-2026
Maharashtra,Pune,Junnar(Narayangaon) ,Vegetables,Onion,Other,Local,400.00,"2,200.00","1,300.00",Rs./Quintal,2.20,Metric Tonnes,09-01-2026
Maharashtra,Pune,Junnar(Narayangaon) ,Vegetables,Onion,Other,Local,300.00,"2,000.00","1,100.00",Rs./Quintal,2.50,Metric Tonnes,08-01-2026
Maharashtra,Pune,Junnar(Narayangaon) ,Vegetables,Onion,Other,Local,400.00,"1,900.00","1,200.00",Rs./Quintal,2.80,Metric Tonnes,07-01-2026
Maharashtra,Pune,Junnar(Narayangaon) ,Vegetables,Onion,Other,Local,400.00,"2,100.00","1,200.00",Rs./Quintal,2.80,Metric Tonnes,05-01-2026
Maharashtra,Pune,Junnar(Narayangaon) ,Vegetables,Onion,Other,Local,200.00,"1,800.00","1,100.00",Rs./Quintal,3.00,Metric Tonnes,02-01-2026
Maharashtra,Pune,Junnar(Narayangaon) ,Vegetables,Onion,Other,Local,400.00,"2,000.00","1,200.00",Rs./Quintal,2.80,Metric Tonnes,01-01-2026
Maharashtra,Pune,Junnar(Narayangaon) ,Vegetables,Onion,Other,Local,400.00,"2,000.00","1,200.00",Rs./Quintal,1.80,Metric Tonnes,31-12-2025
Maharashtra,Pune,Junnar(Narayangaon) ,Vegetables,Onion,Other,Local,300.00,"2,000.00","1,100.00",Rs./Quintal,7.00,Metric Tonnes,27-12-2025
Maharashtra,Pune,Junnar(Narayangaon) ,Vegetables,Onion,Other,Local,300.00,"1,900.00","1,100.00",Rs./Quintal,5.40,Metric Tonnes,26-12-2025
Maharashtra,Pune,Junnar(Narayangaon) ,Vegetables,Onion,Other,Local,200.00,"2,000.00","1,100.00",Rs./Quintal,8.80,Metric Tonnes,24-12-2025
Maharashtra,Pune,Junnar(Narayangaon) ,Vegetables,Onion,Other,Local,300.00,"2,000.00","1,200.00",Rs./Quintal,9.20,Metric Tonnes,22-12-2025
Maharashtra,Pune,Junnar(Narayangaon) ,Vegetables,Onion,Other,Local,200.00,"2,500.00","1,500.00",Rs./Quintal,4.80,Metric Tonnes,20-12-2025
Maharashtra,Pune,Junnar(Narayangaon) ,Vegetables,Onion,Other,Local,300.00,"2,450.00","1,400.00",Rs./Quintal,5.80,Metric Tonnes,19-12-2025
Maharashtra,Pune,Junnar(Narayangaon) ,Vegetables,Onion,Other,Local,300.00,"2,500.00","1,400.00",Rs./Quintal,2.50,Metric Tonnes,18-12-2025
Maharashtra,Pune,Junnar(Narayangaon) ,Vegetables,Onion,Other,Local,400.00,"2,310.00","1,400.00",Rs./Quintal,2.70,Metric Tonnes,17-12-2025
Maharashtra,Pune,Junnar(Narayangaon) ,Vegetables,Onion,Other,Local,300.00,"2,250.00","1,500.00",Rs./Quintal,1.40,Metric Tonnes,13-12-2025
Maharashtra,Pune,Junnar(Narayangaon) ,Vegetables,Onion,Other,Local,600.00,"2,000.00","1,300.00",Rs./Quintal,0.80,Metric Tonnes,12-12-2025
Maharashtra,Pune,Junnar(Narayangaon) ,Vegetables,Onion,Other,Local,300.00,"1,500.00",900.00,Rs./Quintal,3.50,Metric Tonnes,11-12-2025
Maharashtra,Pune,Junnar(Narayangaon) ,Vegetables,Onion,Other,Local,300.00,"1,250.00",800.00,Rs./Quintal,5.20,Metric Tonnes,08-12-2025
Maharashtra,Pune,Junnar(Narayangaon) ,Vegetables,Onion,Other,Local,300.00,"1,200.00",700.00,Rs./Quintal,5.60,Metric Tonnes,07-12-2025
Maharashtra,Pune,Junnar(Narayangaon) ,Vegetables,Onion,Other,Local,200.00,"1,400.00",800.00,Rs./Quintal,5.00,Metric Tonnes,06-12-2025
Maharashtra,Pune,Junnar(Narayangaon) ,Vegetables,Onion,Other,Local,300.00,"1,250.00",800.00,Rs./Quintal,3.60,Metric Tonnes,05-12-2025
Maharashtra,Pune,Junnar(Narayangaon) ,Vegetables,Onion,Other,Local,200.00,"1,300.00",800.00,Rs./Quintal,4.80,Metric Tonnes,04-12-2025
Maharashtra,Pune,Junnar(Narayangaon) ,Vegetables,Onion,Other,Local,200.00,"1,300.00",750.00,Rs./Quintal,5.50,Metric Tonnes,01-12-2025
Maharashtra,Pune,Junnar(Narayangaon) ,Vegetables,Onion,Other,Local,200.00,"1,200.00",650.00,Rs./Quintal,4.40,Metric Tonnes,30-11-2025
Maharashtra,Pune,Junnar(Narayangaon) ,Vegetables,Onion,Other,Local,200.00,"1,000.00",700.00,Rs./Quintal,6.50,Metric Tonnes,29-11-2025
Maharashtra,Pune,Junnar(Narayangaon) ,Vegetables,Onion,Other,Local,200.00,"1,200.00",800.00,Rs./Quintal,6.00,Metric Tonnes,28-11-2025
Maharashtra,Pune,Junnar(Narayangaon) ,Vegetables,Onion,Other,Local,300.00,"1,500.00",900.00,Rs./Quintal,11.50,Metric Tonnes,27-11-2025
Maharashtra,Pune,Junnar(Narayangaon) ,Vegetables,Onion,Other,Local,300.00,"1,500.00",900.00,Rs./Quintal,8.50,Metric Tonnes,24-11-2025
Maharashtra,Pune,Junnar(Narayangaon) ,Vegetables,Onion,Other,Local,300.00,"1,350.00",800.00,Rs./Quintal,5.80,Metric Tonnes,23-11-2025
Maharashtra,Pune,Junnar(Narayangaon) ,Vegetables,Onion,Other,Local,300.00,"1,500.00","1,000.00",Rs./Quintal,7.40,Metric Tonnes,22-11-2025
Maharashtra,Pune,Junnar(Narayangaon) ,Vegetables,Onion,Other,Local,400.00,"1,600.00","1,000.00",Rs./Quintal,8.60,Metric Tonnes,21-11-2025
Maharashtra,Pune,Junnar(Narayangaon) ,Vegetables,Onion,Other,Local,400.00,"2,500.00","1,500.00",Rs./Quintal,7.20,Metric Tonnes,20-11-2025
Maharashtra,Pune,Junnar(Narayangaon) ,Vegetables,Onion,Other,Local,300.00,"1,500.00","1,000.00",Rs./Quintal,7.00,Metric Tonnes,17-11-2025
Maharashtra,Pune,Junnar(Narayangaon) ,Vegetables,Onion,Other,Local,300.00,"1,450.00",900.00,Rs./Quintal,5.20,Metric Tonnes,16-11-2025
Maharashtra,Pune,Junnar(Narayangaon) ,Vegetables,Onion,Other,Local,300.00,"1,520.00","1,000.00",Rs./Quintal,6.20,Metric Tonnes,15-11-2025
Maharashtra,Pune,Junnar(Narayangaon) ,Vegetables,Onion,Other,Local,300.00,"1,550.00","1,000.00",Rs./Quintal,4.20,Metric Tonnes,14-11-2025
Maharashtra,Pune,Junnar(Narayangaon) ,Vegetables,Onion,Other,Local,300.00,"1,500.00","1,000.00",Rs./Quintal,4.20,Metric Tonnes,13-11-2025
Maharashtra,Pune,Junnar(Narayangaon) ,Vegetables,Onion,Other,Local,300.00,"1,510.00",850.00,Rs./Quintal,6.20,Metric Tonnes,10-11-2025
Maharashtra,Pune,Junnar(Narayangaon) ,Vegetables,Onion,Other,Local,300.00,"1,500.00",850.00,Rs./Quintal,3.00,Metric Tonnes,09-11-2025
Maharashtra,Pune,Junnar(Narayangaon) ,Vegetables,Onion,Other,Local,300.00,"1,600.00","1,000.00",Rs./Quintal,7.80,Metric Tonnes,08-11-2025
Maharashtra,Pune,Junnar(Narayangaon) ,Vegetables,Onion,Other,Local,300.00,"1,500.00","1,000.00",Rs./Quintal,6.00,Metric Tonnes,07-11-2025
Maharashtra,Pune,Junnar(Otur) ,Vegetables,Onion,Unhali,Local,"2,000.00","4,900.00","4,000.00",Rs./Quintal,915.00,Metric Tonnes,27-09-2026
Maharashtra,Pune,Junnar(Otur) ,Vegetables,Onion,Chinchwad,Local,"1,000.00","5,001.00","4,000.00",Rs./Quintal,"1,066.20",Metric Tonnes,24-09-2026
Maharashtra,Pune,Junnar(Otur) ,Vegetables,Onion,Chinchwad,Local,"1,000.00","5,210.00","4,500.00",Rs./Quintal,"1,066.20",Metric Tonnes,17-09-2026
Maharashtra,Pune,Junnar(Otur) ,Vegetables,Onion,Unhali,Local,"2,000.00","5,510.00","4,700.00",Rs./Quintal,"1,021.90",Metric Tonnes,13-09-2026
Maharashtra,Pune,Junnar(Otur) ,Vegetables,Onion,Unhali,Local,"2,000.00","5,250.00","4,400.00",Rs./Quintal,"1,192.50",Metric Tonnes,10-09-2026
Maharashtra,Pune,Junnar(Otur) ,Vegetables,Onion,Unhali,Local,"2,000.00","5,510.00","4,500.00",Rs./Quintal,"1,335.60",Metric Tonnes,06-09-2026
Maharashtra,Pune,Junnar(Otur) ,Vegetables,Onion,Chinchwad,Local,"1,500.00","5,250.00","4,200.00",Rs./Quintal,"1,338.40",Metric Tonnes,03-09-2026
Maharashtra,Pune,Junnar(Otur) ,Vegetables,Onion,Chinchwad,Local,"1,000.00","4,600.00","4,000.00",Rs./Quintal,"1,189.40",Metric Tonnes,30-08-2026
Maharashtra,Pune,Junnar(Otur) ,Vegetables,Onion,Chinchwad,Local,"1,000.00","4,310.00","3,000.00",Rs./Quintal,"1,915.00",Metric Tonnes,27-08-2026
Maharashtra,Pune,Junnar(Otur) ,Vegetables,Onion,Unhali,Local,"2,000.00","4,510.00","3,800.00",Rs./Quintal,"1,616.60",Metric Tonnes,23-08-2026
Maharashtra,Pune,Junnar(Otur) ,Vegetables,Onion,Unhali,Local,"1,000.00","3,700.00","2,350.00",Rs./Quintal,"1,285.20",Metric Tonnes,16-08-2026
Maharashtra,Pune,Junnar(Otur) ,Vegetables,Onion,Chinchwad,Local,"1,000.00","3,510.00","2,500.00",Rs./Quintal,"1,361.20",Metric Tonnes,13-08-2026
Maharashtra,Pune,Junnar(Otur) ,Vegetables,Onion,Unhali,Local,"1,500.00","2,800.00","2,300.00",Rs./Quintal,934.00,Metric Tonnes,09-08-2026
Maharashtra,Pune,Junnar(Otur) ,Vegetables,Onion,Chinchwad,Local,"1,000.00","2,900.00","2,400.00",Rs./Quintal,"1,111.80",Metric Tonnes,06-08-2026
Maharashtra,Pune,Junnar(Otur) ,Vegetables,Onion,Unhali,Local,600.00,"2,700.00","1,800.00",Rs./Quintal,799.80,Metric Tonnes,02-08-2026
Maharashtra,Pune,Junnar(Otur) ,Vegetables,Onion,Chinchwad,Local,"1,000.00","2,710.00","2,200.00",Rs./Quintal,"1,011.20",Metric Tonnes,30-07-2026
Maharashtra,Pune,Junnar(Otur) ,Vegetables,Onion,Unhali,Local,"1,000.00","2,800.00","2,300.00",Rs./Quintal,687.80,Metric Tonnes,26-07-2026
Maharashtra,Pune,Junnar(Otur) ,Vegetables,Onion,Chinchwad,Local,"1,000.00","2,700.00","2,100.00",Rs./Quintal,882.90,Metric Tonnes,23-07-2026
Maharashtra,Pune,Junnar(Otur) ,Vegetables,Onion,Unhali,Local,600.00,"2,800.00","1,700.00",Rs./Quintal,737.00,Metric Tonnes,19-07-2026
Maharashtra,Pune,Junnar(Otur) ,Vegetables,Onion,Unhali,Local,"1,000.00","2,700.00","2,200.00",Rs./Quintal,906.60,Metric Tonnes,12-07-2026
Maharashtra,Pune,Junnar(Otur) ,Vegetables,Onion,Unhali,Local,"1,000.00","3,000.00","2,000.00",Rs./Quintal,716.00,Metric Tonnes,09-07-2026
Maharashtra,Pune,Junnar(Otur) ,Vegetables,Onion,Unhali,Local,"1,000.00","2,600.00","2,200.00",Rs./Quintal,361.30,Metric Tonnes,05-07-2026
Maharashtra,Pune,Junnar(Otur) ,Vegetables,Onion,Chinchwad,Local,"1,000.00","2,500.00","2,000.00",Rs./Quintal,759.00,Metric Tonnes,02-07-2026
Maharashtra,Pune,Junnar(Otur) ,Vegetables,Onion,Unhali,Local,"1,000.00","2,500.00","2,100.00",Rs./Quintal,538.40,Metric Tonnes,28-06-2026
Maharashtra,Pune,Junnar(Otur) ,Vegetables,Onion,Unhali,Local,800.00,"2,250.00","1,800.00",Rs./Quintal,478.00,Metric Tonnes,21-06-2026
Maharashtra,Pune,Junnar(Otur) ,Vegetables,Onion,Unhali,Local,"1,000.00","2,400.00","2,000.00",Rs./Quintal,505.40,Metric Tonnes,18-06-2026
Maharashtra,Pune,Junnar(Otur) ,Vegetables,Onion,Unhali,Local,600.00,"2,100.00","1,300.00",Rs./Quintal,571.90,Metric Tonnes,14-06-2026
Maharashtra,Pune,Junnar(Otur) ,Vegetables,Onion,Unhali,Local,700.00,"2,110.00","1,800.00",Rs./Quintal,718.90,Metric Tonnes,11-06-2026
Maharashtra,Pune,Junnar(Otur) ,Vegetables,Onion,Unhali,Local,"1,000.00","2,110.00","1,800.00",Rs./Quintal,707.00,Metric Tonnes,07-06-2026
Maharashtra,Pune,Junnar(Otur) ,Vegetables,Onion,Unhali,Local,800.00,"2,210.00","1,900.00",Rs./Quintal,646.90,Metric Tonnes,04-06-2026
Maharashtra,Pune,Junnar(Otur) ,Vegetables,Onion,Unhali,Local,600.00,"2,000.00","1,300.00",Rs./Quintal,699.00,Metric Tonnes,31-05-2026
Maharashtra,Pune,Junnar(Otur) ,Vegetables,Onion,Unhali,Local,700.00,"1,650.00","1,400.00",Rs./Quintal,411.20,Metric Tonnes,27-05-2026
Maharashtra,Pune,Junnar(Otur) ,Vegetables,Onion,Unhali,Local,700.00,"1,650.00","1,300.00",Rs./Quintal,682.90,Metric Tonnes,24-05-2026
Maharashtra,Pune,Junnar(Otur) ,Vegetables,Onion,Chinchwad,Local,700.00,"1,510.00","1,200.00",Rs./Quintal,596.20,Metric Tonnes,17-05-2026
Maharashtra,Pune,Junnar(Otur) ,Vegetables,Onion,Unhali,Local,500.00,"1,400.00",950.00,Rs./Quintal,840.00,Metric Tonnes,14-05-2026
Maharashtra,Pune,Junnar(Otur) ,Vegetables,Onion,Unhali,Local,700.00,"1,600.00","1,250.00",Rs./Quintal,641.40,Metric Tonnes,10-05-2026
Maharashtra,Pune,Junnar(Otur) ,Vegetables,Onion,Chinchwad,Local,800.00,"1,550.00","1,200.00",Rs./Quintal,885.60,Metric Tonnes,07-05-2026
Maharashtra,Pune,Junnar(Otur) ,Vegetables,Onion,Other,Local,800.00,"1,600.00","1,200.00",Rs./Quintal,554.40,Metric Tonnes,03-05-2026
Maharashtra,Pune,Junnar(Otur) ,Vegetables,Onion,Other,Local,600.00,"1,400.00","1,000.00",Rs./Quintal,681.40,Metric Tonnes,30-04-2026
Maharashtra,Pune,Junnar(Otur) ,Vegetables,Onion,Other,Local,700.00,"1,350.00","1,000.00",Rs./Quintal,637.40,Metric Tonnes,26-04-2026
Maharashtra,Pune,Junnar(Otur) ,Vegetables,Onion,Other,Local,600.00,"1,300.00","1,000.00",Rs./Quintal,955.40,Metric Tonnes,23-04-2026
Maharashtra,Pune,Junnar(Otur) ,Vegetables,Onion,Other,Local,600.00,"1,360.00","1,200.00",Rs./Quintal,927.70,Metric Tonnes,19-04-2026
Maharashtra,Pune,Junnar(Otur) ,Vegetables,Onion,Other,Local,600.00,"1,360.00","1,000.00",Rs./Quintal,"1,029.40",Metric Tonnes,16-04-2026
Maharashtra,Pune,Junnar(Otur) ,Vegetables,Onion,Other,Local,500.00,"1,350.00","1,200.00",Rs./Quintal,798.80,Metric Tonnes,12-04-2026
Maharashtra,Pune,Junnar(Otur) ,Vegetables,Onion,Other,Local,700.00,"1,400.00","1,200.00",Rs./Quintal,960.60,Metric Tonnes,09-04-2026
Maharashtra,Pune,Junnar(Otur) ,Vegetables,Onion,Other,Local,500.00,"1,400.00",950.00,Rs./Quintal,994.60,Metric Tonnes,05-04-2026
Maharashtra,Pune,Junnar(Otur) ,Vegetables,Onion,Other,Local,700.00,"1,400.00","1,100.00",Rs./Quintal,860.60,Metric Tonnes,02-04-2026
Maharashtra,Pune,Junnar(Otur) ,Vegetables,Onion,Other,Local,900.00,"1,400.00","1,000.00",Rs./Quintal,"1,055.10",Metric Tonnes,26-03-2026
Maharashtra,Pune,Junnar(Otur) ,Vegetables,Onion,Other,Local,700.00,"1,400.00","1,100.00",Rs./Quintal,687.40,Metric Tonnes,22-03-2026
Maharashtra,Pune,Junnar(Otur) ,Vegetables,Onion,Other,Local,700.00,"1,400.00","1,100.00",Rs./Quintal,"1,051.50",Metric Tonnes,19-03-2026
Maharashtra,Pune,Junnar(Otur) ,Vegetables,Onion,Other,Local,500.00,"1,400.00",900.00,Rs./Quintal,"1,112.80",Metric Tonnes,15-03-2026
Maharashtra,Pune,Junnar(Otur) ,Vegetables,Onion,Other,Local,800.00,"1,400.00","1,200.00",Rs./Quintal,"1,076.00",Metric Tonnes,12-03-2026
Maharashtra,Pune,Junnar(Otur) ,Vegetables,Onion,Other,Local,600.00,"1,420.00","1,100.00",Rs./Quintal,758.00,Metric Tonnes,08-03-2026
Maharashtra,Pune,Junnar(Otur) ,Vegetables,Onion,Other,Local,800.00,"1,350.00","1,000.00",Rs./Quintal,848.90,Metric Tonnes,05-03-2026
Maharashtra,Pune,Junnar(Otur) ,Vegetables,Onion,Other,Local,500.00,"1,300.00",900.00,Rs./Quintal,"1,085.40",Metric Tonnes,01-03-2026
Maharashtra,Pune,Junnar(Otur) ,Vegetables,Onion,Other,Local,600.00,"1,400.00","1,000.00",Rs./Quintal,"1,034.90",Metric Tonnes,26-02-2026
Maharashtra,Pune,Junnar(Otur) ,Vegetables,Onion,Other,Local,500.00,"1,450.00","1,000.00",Rs./Quintal,"1,115.20",Metric Tonnes,22-02-2026
Maharashtra,Pune,Junnar(Otur) ,Vegetables,Onion,Other,Local,700.00,"1,570.00","1,100.00",Rs./Quintal,989.40,Metric Tonnes,19-02-2026
Maharashtra,Pune,Junnar(Otur) ,Vegetables,Onion,Other,Local,500.00,"1,610.00","1,050.00",Rs./Quintal,"1,056.00",Metric Tonnes,15-02-2026
Maharashtra,Pune,Junnar(Otur) ,Vegetables,Onion,Other,Local,"1,000.00","1,650.00","1,200.00",Rs./Quintal,685.00,Metric Tonnes,12-02-2026
Maharashtra,Pune,Junnar(Otur) ,Vegetables,Onion,Red,Local,500.00,"1,600.00","1,000.00",Rs./Quintal,498.90,Metric Tonnes,08-02-2026
Maharashtra,Pune,Junnar(Otur) ,Vegetables,Onion,Other,Local,700.00,"1,600.00","1,100.00",Rs./Quintal,680.40,Metric Tonnes,05-02-2026
Maharashtra,Pune,Junnar(Otur) ,Vegetables,Onion,Red,Local,500.00,"1,700.00","1,100.00",Rs./Quintal,733.80,Metric Tonnes,01-02-2026
Maharashtra,Pune,Junnar(Otur) ,Vegetables,Onion,Red,Local,500.00,"2,000.00","1,200.00",Rs./Quintal,936.00,Metric Tonnes,30-01-2026
Maharashtra,Pune,Junnar(Otur) ,Vegetables,Onion,Red,Local,"1,000.00","2,250.00","2,000.00",Rs./Quintal,538.20,Metric Tonnes,25-01-2026
Maharashtra,Pune,Junnar(Otur) ,Vegetables,Onion,Red,Local,"1,000.00","2,110.00","1,555.00",Rs./Quintal,891.40,Metric Tonnes,22-01-2026
Maharashtra,Pune,Junnar(Otur) ,Vegetables,Onion,Other,Local,"1,000.00","2,400.00","1,800.00",Rs./Quintal,546.40,Metric Tonnes,15-01-2026
Maharashtra,Pune,Junnar(Otur) ,Vegetables,Onion,Other,Local,"1,000.00","2,260.00","1,600.00",Rs./Quintal,899.40,Metric Tonnes,11-01-2026
Maharashtra,Pune,Junnar(Otur) ,Vegetables,Onion,Other,Local,800.00,"2,300.00","1,800.00",Rs./Quintal,787.70,Metric Tonnes,08-01-2026
Maharashtra,Pune,Junnar(Otur) ,Vegetables,Onion,Other,Local,"1,000.00","2,510.00","1,500.00",Rs./Quintal,712.60,Metric Tonnes,04-01-2026
Maharashtra,Pune,Junnar(Otur) ,Vegetables,Onion,Other,Local,"1,000.00","2,510.00","2,200.00",Rs./Quintal,779.00,Metric Tonnes,01-01-2026
Maharashtra,Pune,Junnar(Otur) ,Vegetables,Onion,Other,Local,"1,300.00","2,510.00","2,000.00",Rs./Quintal,729.40,Metric Tonnes,28-12-2025
Maharashtra,Pune,Junnar(Otur) ,Vegetables,Onion,Other,Local,"1,000.00","2,510.00","2,000.00",Rs./Quintal,915.10,Metric Tonnes,25-12-2025
Maharashtra,Pune,Junnar(Otur) ,Vegetables,Onion,Other,Local,"1,000.00","2,100.00","1,700.00",Rs./Quintal,"1,000.00",Metric Tonnes,21-12-2025
Maharashtra,Pune,Junnar(Otur) ,Vegetables,Onion,Other,Local,"1,000.00","2,900.00","2,200.00",Rs./Quintal,"1,069.20",Metric Tonnes,18-12-2025
Maharashtra,Pune,Junnar(Otur) ,Vegetables,Onion,Other,Local,900.00,"1,900.00","1,600.00",Rs./Quintal,"1,090.60",Metric Tonnes,04-12-2025
Maharashtra,Pune,Junnar(Otur) ,Vegetables,Onion,Other,Local,800.00,"1,810.00","1,400.00",Rs./Quintal,"1,288.00",Metric Tonnes,27-11-2025
Maharashtra,Pune,Junnar(Otur) ,Vegetables,Onion,Other,Local,800.00,"2,210.00","1,800.00",Rs./Quintal,"1,505.60",Metric Tonnes,20-11-2025
Maharashtra,Pune,Junnar(Otur) ,Vegetables,Onion,Other,Local,"1,000.00","2,110.00","1,600.00",Rs./Quintal,"1,456.20",Metric Tonnes,13-11-2025
Maharashtra,Pune,Khed(Chakan) ,Vegetables,Onion,Other,Local,"2,000.00","4,000.00","3,200.00",Rs./Quintal,20.00,Metric Tonnes,27-09-2026
Maharashtra,Pune,Khed(Chakan) ,Vegetables,Onion,Other,Local,"1,500.00","4,675.00","3,000.00",Rs./Quintal,105.00,Metric Tonnes,26-09-2026
Maharashtra,Pune,Khed(Chakan) ,Vegetables,Onion,Other,Local,"2,500.00","4,500.00","3,500.00",Rs./Quintal,45.00,Metric Tonnes,25-09-2026
Maharashtra,Pune,Khed(Chakan) ,Vegetables,Onion,Other,Local,"2,000.00","4,500.00","3,500.00",Rs./Quintal,40.00,Metric Tonnes,24-09-2026
Maharashtra,Pune,Khed(Chakan) ,Vegetables,Onion,Other,Local,"1,700.00","4,800.00","3,500.00",Rs./Quintal,100.00,Metric Tonnes,23-09-2026
Maharashtra,Pune,Khed(Chakan) ,Vegetables,Onion,Other,Local,"2,000.00","4,500.00","3,600.00",Rs./Quintal,30.00,Metric Tonnes,22-09-2026
Maharashtra,Pune,Khed(Chakan) ,Vegetables,Onion,Other,Local,"2,000.00","4,600.00","3,500.00",Rs./Quintal,25.00,Metric Tonnes,20-09-2026
Maharashtra,Pune,Khed(Chakan) ,Vegetables,Onion,Other,Local,"1,800.00","4,800.00","3,500.00",Rs./Quintal,125.00,Metric Tonnes,19-09-2026
Maharashtra,Pune,Khed(Chakan) ,Vegetables,Onion,Other,Local,"2,000.00","4,600.00","3,500.00",Rs./Quintal,50.00,Metric Tonnes,18-09-2026
Maharashtra,Pune,Khed(Chakan) ,Vegetables,Onion,Other,Local,"2,000.00","5,000.00","3,500.00",Rs./Quintal,130.00,Metric Tonnes,17-09-2026
Maharashtra,Pune,Khed(Chakan) ,Vegetables,Onion,Other,Local,"2,000.00","5,000.00","3,500.00",Rs./Quintal,120.00,Metric Tonnes,16-09-2026
Maharashtra,Pune,Khed(Chakan) ,Vegetables,Onion,Other,Local,"1,700.00","5,000.00","4,000.00",Rs./Quintal,35.00,Metric Tonnes,15-09-2026
Maharashtra,Pune,Khed(Chakan) ,Vegetables,Onion,Other,Local,"2,000.00","4,500.00","3,800.00",Rs./Quintal,25.00,Metric Tonnes,06-09-2026
Maharashtra,Pune,Khed(Chakan) ,Vegetables,Onion,Other,Local,"1,500.00","5,200.00","4,000.00",Rs./Quintal,175.00,Metric Tonnes,05-09-2026
Maharashtra,Pune,Khed(Chakan) ,Vegetables,Onion,Other,Local,"2,000.00","4,700.00","3,800.00",Rs./Quintal,35.00,Metric Tonnes,04-09-2026
Maharashtra,Pune,Khed(Chakan) ,Vegetables,Onion,Other,Local,"2,300.00","4,500.00","3,500.00",Rs./Quintal,22.50,Metric Tonnes,03-09-2026
Maharashtra,Pune,Khed(Chakan) ,Vegetables,Onion,Other,Local,"2,300.00","5,000.00","4,000.00",Rs./Quintal,125.00,Metric Tonnes,02-09-2026
Maharashtra,Pune,Khed(Chakan) ,Vegetables,Onion,Other,Local,"1,600.00","4,000.00","3,000.00",Rs./Quintal,22.50,Metric Tonnes,01-09-2026
Maharashtra,Pune,Khed(Chakan) ,Vegetables,Onion,Other,Local,"1,500.00","4,000.00","3,000.00",Rs./Quintal,120.00,Metric Tonnes,29-08-2026
Maharashtra,Pune,Khed(Chakan) ,Vegetables,Onion,Other,Local,"1,500.00","4,000.00","3,300.00",Rs./Quintal,20.00,Metric Tonnes,28-08-2026
Maharashtra,Pune,Khed(Chakan) ,Vegetables,Onion,Other,Local,"1,500.00","4,000.00","3,400.00",Rs./Quintal,10.00,Metric Tonnes,27-08-2026
Maharashtra,Pune,Khed(Chakan) ,Vegetables,Onion,Other,Local,"1,500.00","4,100.00","3,400.00",Rs./Quintal,125.00,Metric Tonnes,26-08-2026
Maharashtra,Pune,Khed(Chakan) ,Vegetables,Onion,Other,Local,"1,500.00","4,200.00","3,500.00",Rs./Quintal,30.00,Metric Tonnes,25-08-2026
Maharashtra,Pune,Khed(Chakan) ,Vegetables,Onion,Other,Local,"1,500.00","4,000.00","3,200.00",Rs./Quintal,25.00,Metric Tonnes,23-08-2026
Maharashtra,Pune,Khed(Chakan) ,Vegetables,Onion,Other,Local,"1,500.00","4,000.00","3,400.00",Rs./Quintal,210.00,Metric Tonnes,22-08-2026
Maharashtra,Pune,Khed(Chakan) ,Vegetables,Onion,Other,Local,"2,000.00","4,500.00","3,600.00",Rs./Quintal,9.00,Metric Tonnes,21-08-2026
Maharashtra,Pune,Khed(Chakan) ,Vegetables,Onion,Other,Local,"2,000.00","4,700.00","3,800.00",Rs./Quintal,35.00,Metric Tonnes,20-08-2026
Maharashtra,Pune,Khed(Chakan) ,Vegetables,Onion,Other,Local,"1,700.00","4,600.00","4,000.00",Rs./Quintal,140.00,Metric Tonnes,19-08-2026
Maharashtra,Pune,Khed(Chakan) ,Vegetables,Onion,Other,Local,"1,000.00","2,600.00","2,000.00",Rs./Quintal,20.00,Metric Tonnes,18-08-2026
Maharashtra,Pune,Khed(Chakan) ,Vegetables,Onion,Other,Local,"1,000.00","3,200.00","2,600.00",Rs./Quintal,50.00,Metric Tonnes,14-08-2026
Maharashtra,Pune,Khed(Chakan) ,Vegetables,Onion,Other,Local,"1,000.00","2,800.00","2,300.00",Rs./Quintal,25.00,Metric Tonnes,13-08-2026
Maharashtra,Pune,Khed(Chakan) ,Vegetables,Onion,Other,Local,"1,000.00","2,700.00","2,200.00",Rs./Quintal,150.00,Metric Tonnes,12-08-2026
Maharashtra,Pune,Khed(Chakan) ,Vegetables,Onion,Other,Local,"1,000.00","2,700.00","2,200.00",Rs./Quintal,30.00,Metric Tonnes,11-08-2026
Maharashtra,Pune,Khed(Chakan) ,Vegetables,Onion,Other,Local,"1,000.00","2,600.00","2,000.00",Rs./Quintal,15.00,Metric Tonnes,09-08-2026
Maharashtra,Pune,Khed(Chakan) ,Vegetables,Onion,Other,Local,"1,000.00","2,650.00","2,000.00",Rs./Quintal,125.00,Metric Tonnes,08-08-2026
Maharashtra,Pune,Khed(Chakan) ,Vegetables,Onion,Other,Local,"1,200.00","2,650.00","2,000.00",Rs./Quintal,125.00,Metric Tonnes,07-08-2026
Maharashtra,Pune,Khed(Chakan) ,Vegetables,Onion,Other,Local,"1,000.00","2,700.00","2,200.00",Rs./Quintal,25.00,Metric Tonnes,06-08-2026
Maharashtra,Pune,Khed(Chakan) ,Vegetables,Onion,Other,Local,"1,200.00","2,600.00","2,100.00",Rs./Quintal,100.00,Metric Tonnes,05-08-2026
Maharashtra,Pune,Khed(Chakan) ,Vegetables,Onion,Other,Local,"1,000.00","2,600.00","2,000.00",Rs./Quintal,30.00,Metric Tonnes,04-08-2026
Maharashtra,Pune,Khed(Chakan) ,Vegetables,Onion,Other,Local,"1,000.00","2,500.00","1,800.00",Rs./Quintal,15.00,Metric Tonnes,31-07-2026
Maharashtra,Pune,Khed(Chakan) ,Vegetables,Onion,Other,Local,"1,000.00","2,500.00","1,800.00",Rs./Quintal,20.00,Metric Tonnes,30-07-2026
Maharashtra,Pune,Khed(Chakan) ,Vegetables,Onion,Other,Local,"1,000.00","2,500.00","2,000.00",Rs./Quintal,100.00,Metric Tonnes,29-07-2026
Maharashtra,Pune,Khed(Chakan) ,Vegetables,Onion,Other,Local,"1,000.00","2,500.00","2,000.00",Rs./Quintal,25.00,Metric Tonnes,28-07-2026
Maharashtra,Pune,Khed(Chakan) ,Vegetables,Onion,Other,Local,"1,000.00","2,400.00","1,800.00",Rs./Quintal,22.50,Metric Tonnes,26-07-2026
Maharashtra,Pune,Khed(Chakan) ,Vegetables,Onion,Other,Local,"1,000.00","2,500.00","1,800.00",Rs./Quintal,15.00,Metric Tonnes,24-07-2026
Maharashtra,Pune,Khed(Chakan) ,Vegetables,Onion,Other,Local,"1,000.00","2,500.00","2,000.00",Rs./Quintal,20.00,Metric Tonnes,23-07-2026
Maharashtra,Pune,Khed(Chakan) ,Vegetables,Onion,Other,Local,"1,000.00","2,500.00","2,200.00",Rs./Quintal,100.00,Metric Tonnes,22-07-2026
Maharashtra,Pune,Khed(Chakan) ,Vegetables,Onion,Other,Local,"1,000.00","2,600.00","1,800.00",Rs./Quintal,17.50,Metric Tonnes,21-07-2026
Maharashtra,Pune,Khed(Chakan) ,Vegetables,Onion,Other,Local,"1,000.00","2,600.00","1,800.00",Rs./Quintal,20.00,Metric Tonnes,19-07-2026
Maharashtra,Pune,Khed(Chakan) ,Vegetables,Onion,Other,Local,"1,000.00","2,700.00","2,000.00",Rs./Quintal,15.00,Metric Tonnes,17-07-2026
Maharashtra,Pune,Khed(Chakan) ,Vegetables,Onion,Other,Local,"1,000.00","2,600.00","1,800.00",Rs./Quintal,20.00,Metric Tonnes,16-07-2026
Maharashtra,Pune,Khed(Chakan) ,Vegetables,Onion,Other,Local,"1,000.00","2,600.00","2,000.00",Rs./Quintal,125.00,Metric Tonnes,15-07-2026
Maharashtra,Pune,Khed(Chakan) ,Vegetables,Onion,Other,Local,"1,000.00","2,700.00","2,000.00",Rs./Quintal,25.00,Metric Tonnes,14-07-2026
Maharashtra,Pune,Khed(Chakan) ,Vegetables,Onion,Other,Local,"1,000.00","2,700.00","1,800.00",Rs./Quintal,22.50,Metric Tonnes,12-07-2026
Maharashtra,Pune,Khed(Chakan) ,Vegetables,Onion,Other,Local,"1,000.00","2,700.00","2,000.00",Rs./Quintal,150.00,Metric Tonnes,11-07-2026
Maharashtra,Pune,Khed(Chakan) ,Vegetables,Onion,Other,Local,"1,000.00","3,000.00","2,200.00",Rs./Quintal,20.00,Metric Tonnes,10-07-2026
Maharashtra,Pune,Khed(Chakan) ,Vegetables,Onion,Other,Local,"1,000.00","3,000.00","2,000.00",Rs./Quintal,20.00,Metric Tonnes,09-07-2026
Maharashtra,Pune,Khed(Chakan) ,Vegetables,Onion,Other,Local,"1,200.00","3,000.00","2,500.00",Rs./Quintal,140.00,Metric Tonnes,08-07-2026
Maharashtra,Pune,Khed(Chakan) ,Vegetables,Onion,Other,Local,"1,000.00","2,600.00","2,000.00",Rs./Quintal,20.00,Metric Tonnes,07-07-2026
Maharashtra,Pune,Khed(Chakan) ,Vegetables,Onion,Other,Local,"1,000.00","2,600.00","1,700.00",Rs./Quintal,20.00,Metric Tonnes,05-07-2026
Maharashtra,Pune,Khed(Chakan) ,Vegetables,Onion,Other,Local,"1,000.00","2,600.00","1,800.00",Rs./Quintal,100.00,Metric Tonnes,04-07-2026
Maharashtra,Pune,Khed(Chakan) ,Vegetables,Onion,Other,Local,"1,000.00","2,600.00","1,700.00",Rs./Quintal,37.50,Metric Tonnes,03-07-2026
Maharashtra,Pune,Khed(Chakan) ,Vegetables,Onion,Other,Local,800.00,"2,200.00","1,700.00",Rs./Quintal,100.00,Metric Tonnes,02-07-2026
Maharashtra,Pune,Khed(Chakan) ,Vegetables,Onion,Other,Local,"1,000.00","2,500.00","1,800.00",Rs./Quintal,125.00,Metric Tonnes,01-07-2026
Maharashtra,Pune,Khed(Chakan) ,Vegetables,Onion,Other,Local,"1,000.00","2,600.00","1,800.00",Rs./Quintal,25.00,Metric Tonnes,30-06-2026
Maharashtra,Pune,Khed(Chakan) ,Vegetables,Onion,Other,Local,"1,000.00","2,600.00","2,000.00",Rs./Quintal,25.00,Metric Tonnes,28-06-2026
Maharashtra,Pune,Khed(Chakan) ,Vegetables,Onion,Other,Local,"1,000.00","2,600.00","2,000.00",Rs./Quintal,120.00,Metric Tonnes,27-06-2026
Maharashtra,Pune,Khed(Chakan) ,Vegetables,Onion,Other,Local,"1,200.00","2,200.00","1,600.00",Rs./Quintal,10.00,Metric Tonnes,26-06-2026
Maharashtra,Pune,Khed(Chakan) ,Vegetables,Onion,Other,Local,"1,200.00","2,100.00","1,600.00",Rs./Quintal,10.00,Metric Tonnes,25-06-2026
Maharashtra,Pune,Khed(Chakan) ,Vegetables,Onion,Other,Local,"1,200.00","2,400.00","1,800.00",Rs./Quintal,90.00,Metric Tonnes,24-06-2026
Maharashtra,Pune,Khed(Chakan) ,Vegetables,Onion,Other,Local,"1,000.00","2,000.00","1,500.00",Rs./Quintal,17.50,Metric Tonnes,23-06-2026
Maharashtra,Pune,Khed(Chakan) ,Vegetables,Onion,Other,Local,"1,000.00","2,000.00","1,500.00",Rs./Quintal,10.00,Metric Tonnes,19-06-2026
Maharashtra,Pune,Khed(Chakan) ,Vegetables,Onion,Other,Local,"1,000.00","2,000.00","1,600.00",Rs./Quintal,15.00,Metric Tonnes,18-06-2026
Maharashtra,Pune,Khed(Chakan) ,Vegetables,Onion,Other,Local,"1,000.00","1,800.00","1,400.00",Rs./Quintal,75.00,Metric Tonnes,17-06-2026
Maharashtra,Pune,Khed(Chakan) ,Vegetables,Onion,Other,Local,"1,000.00","1,700.00","1,300.00",Rs./Quintal,20.00,Metric Tonnes,16-06-2026
Maharashtra,Pune,Khed(Chakan) ,Vegetables,Onion,Other,Local,"1,000.00","1,600.00","1,300.00",Rs./Quintal,20.00,Metric Tonnes,14-06-2026
Maharashtra,Pune,Khed(Chakan) ,Vegetables,Onion,Other,Local,"1,000.00","1,600.00","1,300.00",Rs./Quintal,10.00,Metric Tonnes,12-06-2026
Maharashtra,Pune,Khed(Chakan) ,Vegetables,Onion,Other,Local,"1,000.00","1,600.00","1,300.00",Rs./Quintal,20.00,Metric Tonnes,11-06-2026
Maharashtra,Pune,Khed(Chakan) ,Vegetables,Onion,Other,Local,"1,000.00","1,700.00","1,300.00",Rs./Quintal,90.00,Metric Tonnes,10-06-2026
Maharashtra,Pune,Khed(Chakan) ,Vegetables,Onion,Other,Local,"1,000.00","1,600.00","1,300.00",Rs./Quintal,20.00,Metric Tonnes,09-06-2026
Maharashtra,Pune,Khed(Chakan) ,Vegetables,Onion,Other,Local,"1,000.00","1,600.00","1,300.00",Rs./Quintal,20.00,Metric Tonnes,07-06-2026
Maharashtra,Pune,Khed(Chakan) ,Vegetables,Onion,Other,Local,"1,000.00","1,700.00","1,300.00",Rs./Quintal,120.00,Metric Tonnes,06-06-2026
Maharashtra,Pune,Khed(Chakan) ,Vegetables,Onion,Other,Local,"1,000.00","1,600.00","1,200.00",Rs./Quintal,10.00,Metric Tonnes,05-06-2026
Maharashtra,Pune,Khed(Chakan) ,Vegetables,Onion,Other,Local,"1,000.00","1,600.00","1,300.00",Rs./Quintal,17.50,Metric Tonnes,04-06-2026
Maharashtra,Pune,Khed(Chakan) ,Vegetables,Onion,Other,Local,"1,000.00","1,700.00","1,300.00",Rs./Quintal,100.00,Metric Tonnes,03-06-2026
Maharashtra,Pune,Khed(Chakan) ,Vegetables,Onion,Other,Local,800.00,"1,600.00","1,200.00",Rs./Quintal,20.00,Metric Tonnes,02-06-2026
Maharashtra,Pune,Khed(Chakan) ,Vegetables,Onion,Other,Local,800.00,"1,600.00","1,200.00",Rs./Quintal,20.00,Metric Tonnes,31-05-2026
Maharashtra,Pune,Khed(Chakan) ,Vegetables,Onion,Other,Local,800.00,"1,500.00","1,200.00",Rs./Quintal,15.00,Metric Tonnes,29-05-2026
Maharashtra,Pune,Khed(Chakan) ,Vegetables,Onion,Other,Local,800.00,"1,300.00","1,000.00",Rs./Quintal,175.00,Metric Tonnes,27-05-2026
Maharashtra,Pune,Khed(Chakan) ,Vegetables,Onion,Other,Local,800.00,"1,200.00","1,000.00",Rs./Quintal,25.00,Metric Tonnes,26-05-2026
Maharashtra,Pune,Khed(Chakan) ,Vegetables,Onion,Other,Local,800.00,"1,300.00","1,000.00",Rs./Quintal,20.00,Metric Tonnes,24-05-2026
Maharashtra,Pune,Khed(Chakan) ,Vegetables,Onion,Other,Local,700.00,"1,300.00","1,100.00",Rs./Quintal,100.00,Metric Tonnes,23-05-2026
Maharashtra,Pune,Khed(Chakan) ,Vegetables,Onion,Other,Local,500.00,"1,200.00",800.00,Rs./Quintal,12.50,Metric Tonnes,22-05-2026
Maharashtra,Pune,Khed(Chakan) ,Vegetables,Onion,Other,Local,500.00,"1,200.00",800.00,Rs./Quintal,12.50,Metric Tonnes,21-05-2026
Maharashtra,Pune,Khed(Chakan) ,Vegetables,Onion,Other,Local,500.00,"1,200.00","1,000.00",Rs./Quintal,325.00,Metric Tonnes,16-05-2026
Maharashtra,Pune,Khed(Chakan) ,Vegetables,Onion,Other,Local,800.00,"1,200.00","1,000.00",Rs./Quintal,15.00,Metric Tonnes,15-05-2026
Maharashtra,Pune,Khed(Chakan) ,Vegetables,Onion,Other,Local,800.00,"1,200.00","1,000.00",Rs./Quintal,20.00,Metric Tonnes,14-05-2026
Maharashtra,Pune,Khed(Chakan) ,Vegetables,Onion,Other,Local,700.00,"1,200.00","1,000.00",Rs./Quintal,300.00,Metric Tonnes,13-05-2026
Maharashtra,Pune,Khed(Chakan) ,Vegetables,Onion,Other,Local,800.00,"1,200.00","1,000.00",Rs./Quintal,15.00,Metric Tonnes,12-05-2026
Maharashtra,Pune,Khed(Chakan) ,Vegetables,Onion,Other,Local,600.00,"1,300.00","1,000.00",Rs./Quintal,650.00,Metric Tonnes,09-05-2026
Maharashtra,Pune,Khed(Chakan) ,Vegetables,Onion,Other,Local,800.00,"1,300.00","1,200.00",Rs./Quintal,25.00,Metric Tonnes,08-05-2026
Maharashtra,Pune,Khed(Chakan) ,Vegetables,Onion,Other,Local,800.00,"1,300.00","1,000.00",Rs./Quintal,20.00,Metric Tonnes,07-05-2026
Maharashtra,Pune,Khed(Chakan) ,Vegetables,Onion,Other,Local,800.00,"1,300.00","1,000.00",Rs./Quintal,550.00,Metric Tonnes,06-05-2026
Maharashtra,Pune,Khed(Chakan) ,Vegetables,Onion,Other,Local,700.00,"1,300.00","1,000.00",Rs./Quintal,17.50,Metric Tonnes,05-05-2026
Maharashtra,Pune,Khed(Chakan) ,Vegetables,Onion,Other,Local,500.00,"1,100.00",800.00,Rs./Quintal,12.50,Metric Tonnes,30-04-2026
Maharashtra,Pune,Khed(Chakan) ,Vegetables,Onion,Other,Local,600.00,"1,200.00",900.00,Rs./Quintal,250.00,Metric Tonnes,29-04-2026
Maharashtra,Pune,Khed(Chakan) ,Vegetables,Onion,Other,Local,500.00,"1,000.00",800.00,Rs./Quintal,10.00,Metric Tonnes,28-04-2026
Maharashtra,Pune,Khed(Chakan) ,Vegetables,Onion,Other,Local,500.00,"1,000.00",800.00,Rs./Quintal,12.50,Metric Tonnes,26-04-2026
Maharashtra,Pune,Khed(Chakan) ,Vegetables,Onion,Other,Local,500.00,"1,000.00",800.00,Rs./Quintal,425.00,Metric Tonnes,25-04-2026
Maharashtra,Pune,Khed(Chakan) ,Vegetables,Onion,Other,Local,500.00,900.00,750.00,Rs./Quintal,11.50,Metric Tonnes,24-04-2026
Maharashtra,Pune,Khed(Chakan) ,Vegetables,Onion,Other,Local,900.00,"1,300.00","1,100.00",Rs./Quintal,20.00,Metric Tonnes,23-04-2026
Maharashtra,Pune,Khed(Chakan) ,Vegetables,Onion,Other,Local,500.00,"1,150.00",700.00,Rs./Quintal,550.00,Metric Tonnes,22-04-2026
Maharashtra,Pune,Khed(Chakan) ,Vegetables,Onion,Other,Local,900.00,"1,300.00","1,100.00",Rs./Quintal,20.00,Metric Tonnes,21-04-2026
Maharashtra,Pune,Khed(Chakan) ,Vegetables,Onion,Other,Local,900.00,"1,300.00","1,100.00",Rs./Quintal,25.00,Metric Tonnes,19-04-2026
Maharashtra,Pune,Khed(Chakan) ,Vegetables,Onion,Other,Local,500.00,"1,200.00",800.00,Rs./Quintal,900.00,Metric Tonnes,18-04-2026
Maharashtra,Pune,Khed(Chakan) ,Vegetables,Onion,Other,Local,900.00,"1,300.00","1,100.00",Rs./Quintal,20.00,Metric Tonnes,17-04-2026
Maharashtra,Pune,Khed(Chakan) ,Vegetables,Onion,Other,Local,900.00,"1,300.00","1,100.00",Rs./Quintal,20.00,Metric Tonnes,16-04-2026
Maharashtra,Pune,Khed(Chakan) ,Vegetables,Onion,Other,Local,900.00,"1,300.00","1,100.00",Rs./Quintal,25.00,Metric Tonnes,14-04-2026
Maharashtra,Pune,Khed(Chakan) ,Vegetables,Onion,Other,Local,"1,000.00","1,300.00","1,200.00",Rs./Quintal,30.00,Metric Tonnes,12-04-2026
Maharashtra,Pune,Khed(Chakan) ,Vegetables,Onion,Other,Local,700.00,"1,200.00",900.00,Rs./Quintal,"1,250.00",Metric Tonnes,11-04-2026
Maharashtra,Pune,Khed(Chakan) ,Vegetables,Onion,Other,Local,900.00,"1,300.00","1,100.00",Rs./Quintal,20.00,Metric Tonnes,10-04-2026
Maharashtra,Pune,Khed(Chakan) ,Vegetables,Onion,Other,Local,900.00,"1,300.00","1,100.00",Rs./Quintal,20.00,Metric Tonnes,09-04-2026
Maharashtra,Pune,Khed(Chakan) ,Vegetables,Onion,Other,Local,800.00,"1,300.00","1,000.00",Rs./Quintal,750.00,Metric Tonnes,08-04-2026
Maharashtra,Pune,Khed(Chakan) ,Vegetables,Onion,Other,Local,"1,000.00","1,300.00","1,200.00",Rs./Quintal,25.00,Metric Tonnes,07-04-2026
Maharashtra,Pune,Khed(Chakan) ,Vegetables,Onion,Other,Local,"1,000.00","1,400.00","1,200.00",Rs./Quintal,25.00,Metric Tonnes,05-04-2026
Maharashtra,Pune,Khed(Chakan) ,Vegetables,Onion,Other,Local,"1,000.00","1,400.00","1,200.00",Rs./Quintal,20.00,Metric Tonnes,03-04-2026
Maharashtra,Pune,Khed(Chakan) ,Vegetables,Onion,Other,Local,700.00,"1,300.00","1,000.00",Rs./Quintal,25.00,Metric Tonnes,02-04-2026
Maharashtra,Pune,Khed(Chakan) ,Vegetables,Onion,Other,Local,800.00,"1,400.00","1,200.00",Rs./Quintal,700.00,Metric Tonnes,01-04-2026
Maharashtra,Pune,Khed(Chakan) ,Vegetables,Onion,Other,Local,"1,000.00","1,300.00","1,200.00",Rs./Quintal,25.00,Metric Tonnes,31-03-2026
Maharashtra,Pune,Khed(Chakan) ,Vegetables,Onion,Other,Local,800.00,"1,300.00","1,100.00",Rs./Quintal,950.00,Metric Tonnes,28-03-2026
Maharashtra,Pune,Khed(Chakan) ,Vegetables,Onion,Other,Local,"1,000.00","1,300.00","1,200.00",Rs./Quintal,20.00,Metric Tonnes,27-03-2026
Maharashtra,Pune,Khed(Chakan) ,Vegetables,Onion,Other,Local,"1,000.00","1,300.00","1,200.00",Rs./Quintal,25.00,Metric Tonnes,26-03-2026
Maharashtra,Pune,Khed(Chakan) ,Vegetables,Onion,Other,Local,800.00,"1,300.00","1,000.00",Rs./Quintal,900.00,Metric Tonnes,25-03-2026
Maharashtra,Pune,Khed(Chakan) ,Vegetables,Onion,Other,Local,"1,000.00","1,300.00","1,200.00",Rs./Quintal,50.00,Metric Tonnes,24-03-2026
Maharashtra,Pune,Khed(Chakan) ,Vegetables,Onion,Other,Local,"1,000.00","1,400.00","1,200.00",Rs./Quintal,30.00,Metric Tonnes,22-03-2026
Maharashtra,Pune,Khed(Chakan) ,Vegetables,Onion,Other,Local,"1,000.00","1,400.00","1,200.00",Rs./Quintal,850.00,Metric Tonnes,18-03-2026
Maharashtra,Pune,Khed(Chakan) ,Vegetables,Onion,Other,Local,"1,000.00","1,400.00","1,200.00",Rs./Quintal,30.00,Metric Tonnes,17-03-2026
Maharashtra,Pune,Khed(Chakan) ,Vegetables,Onion,Other,Local,"1,000.00","1,400.00","1,200.00",Rs./Quintal,30.00,Metric Tonnes,15-03-2026
Maharashtra,Pune,Khed(Chakan) ,Vegetables,Onion,Other,Local,"1,000.00","1,400.00","1,200.00",Rs./Quintal,17.50,Metric Tonnes,13-03-2026
Maharashtra,Pune,Khed(Chakan) ,Vegetables,Onion,Other,Local,"1,000.00","1,400.00","1,200.00",Rs./Quintal,25.00,Metric Tonnes,12-03-2026
Maharashtra,Pune,Khed(Chakan) ,Vegetables,Onion,Other,Local,700.00,"1,300.00","1,000.00",Rs./Quintal,"1,000.00",Metric Tonnes,11-03-2026
Maharashtra,Pune,Khed(Chakan) ,Vegetables,Onion,Other,Local,"1,000.00","1,400.00","1,200.00",Rs./Quintal,30.00,Metric Tonnes,10-03-2026
Maharashtra,Pune,Khed(Chakan) ,Vegetables,Onion,Other,Local,"1,000.00","1,400.00","1,200.00",Rs./Quintal,25.00,Metric Tonnes,08-03-2026
Maharashtra,Pune,Khed(Chakan) ,Vegetables,Onion,Other,Local,800.00,"1,300.00","1,000.00",Rs./Quintal,20.00,Metric Tonnes,06-03-2026
Maharashtra,Pune,Khed(Chakan) ,Vegetables,Onion,Other,Local,800.00,"1,300.00","1,000.00",Rs./Quintal,20.00,Metric Tonnes,05-03-2026
Maharashtra,Pune,Khed(Chakan) ,Vegetables,Onion,Other,Local,700.00,"1,200.00","1,000.00",Rs./Quintal,700.00,Metric Tonnes,04-03-2026
Maharashtra,Pune,Khed(Chakan) ,Vegetables,Onion,Other,Local,"1,000.00","1,400.00","1,200.00",Rs./Quintal,25.00,Metric Tonnes,03-03-2026
Maharashtra,Pune,Khed(Chakan) ,Vegetables,Onion,Other,Local,"1,000.00","1,500.00","1,200.00",Rs./Quintal,25.00,Metric Tonnes,01-03-2026
Maharashtra,Pune,Khed(Chakan) ,Vegetables,Onion,Other,Local,800.00,"1,300.00","1,000.00",Rs./Quintal,30.00,Metric Tonnes,27-02-2026
Maharashtra,Pune,Khed(Chakan) ,Vegetables,Onion,Other,Local,800.00,"1,200.00","1,000.00",Rs./Quintal,25.00,Metric Tonnes,26-02-2026
Maharashtra,Pune,Khed(Chakan) ,Vegetables,Onion,Other,Local,"1,000.00","1,500.00","1,200.00",Rs./Quintal,850.00,Metric Tonnes,25-02-2026
Maharashtra,Pune,Khed(Chakan) ,Vegetables,Onion,Other,Local,800.00,"1,500.00","1,200.00",Rs./Quintal,30.00,Metric Tonnes,24-02-2026
Maharashtra,Pune,Khed(Chakan) ,Vegetables,Onion,Other,Local,"1,000.00","1,500.00","1,300.00",Rs./Quintal,30.00,Metric Tonnes,22-02-2026
Maharashtra,Pune,Khed(Chakan) ,Vegetables,Onion,Other,Local,"1,000.00","1,500.00","1,200.00",Rs./Quintal,900.00,Metric Tonnes,21-02-2026
Maharashtra,Pune,Khed(Chakan) ,Vegetables,Onion,Other,Local,"1,000.00","1,500.00","1,200.00",Rs./Quintal,25.00,Metric Tonnes,20-02-2026
Maharashtra,Pune,Khed(Chakan) ,Vegetables,Onion,Other,Local,"1,000.00","1,500.00","1,200.00",Rs./Quintal,30.00,Metric Tonnes,19-02-2026
Maharashtra,Pune,Khed(Chakan) ,Vegetables,Onion,Other,Local,800.00,"1,500.00","1,200.00",Rs./Quintal,900.00,Metric Tonnes,18-02-2026
Maharashtra,Pune,Khed(Chakan) ,Vegetables,Onion,Other,Local,900.00,"1,400.00","1,200.00",Rs./Quintal,25.00,Metric Tonnes,17-02-2026
Maharashtra,Pune,Khed(Chakan) ,Vegetables,Onion,Other,Local,"1,000.00","1,500.00","1,250.00",Rs./Quintal,30.00,Metric Tonnes,15-02-2026
Maharashtra,Pune,Khed(Chakan) ,Vegetables,Onion,Other,Local,"1,000.00","1,600.00","1,200.00",Rs./Quintal,25.00,Metric Tonnes,13-02-2026
Maharashtra,Pune,Khed(Chakan) ,Vegetables,Onion,Other,Local,"1,000.00","1,500.00","1,200.00",Rs./Quintal,25.00,Metric Tonnes,12-02-2026
Maharashtra,Pune,Khed(Chakan) ,Vegetables,Onion,Other,Local,800.00,"1,500.00","1,200.00",Rs./Quintal,750.00,Metric Tonnes,11-02-2026
Maharashtra,Pune,Khed(Chakan) ,Vegetables,Onion,Other,Local,800.00,"1,500.00","1,200.00",Rs./Quintal,25.00,Metric Tonnes,10-02-2026
Maharashtra,Pune,Khed(Chakan) ,Vegetables,Onion,Other,Local,900.00,"1,200.00","1,000.00",Rs./Quintal,30.00,Metric Tonnes,08-02-2026
Maharashtra,Pune,Khed(Chakan) ,Vegetables,Onion,Other,Local,800.00,"1,500.00","1,200.00",Rs./Quintal,25.00,Metric Tonnes,06-02-2026
Maharashtra,Pune,Khed(Chakan) ,Vegetables,Onion,Other,Local,"1,000.00","1,500.00","1,200.00",Rs./Quintal,25.00,Metric Tonnes,05-02-2026
Maharashtra,Pune,Khed(Chakan) ,Vegetables,Onion,Other,Local,"1,000.00","1,600.00","1,200.00",Rs./Quintal,750.00,Metric Tonnes,04-02-2026
Maharashtra,Pune,Khed(Chakan) ,Vegetables,Onion,Other,Local,"1,000.00","1,500.00","1,200.00",Rs./Quintal,30.00,Metric Tonnes,03-02-2026
Maharashtra,Pune,Khed(Chakan) ,Vegetables,Onion,Other,Local,800.00,"1,500.00","1,300.00",Rs./Quintal,17.50,Metric Tonnes,30-01-2026
Maharashtra,Pune,Khed(Chakan) ,Vegetables,Onion,Other,Local,"1,000.00","1,700.00","1,300.00",Rs./Quintal,800.00,Metric Tonnes,28-01-2026
Maharashtra,Pune,Khed(Chakan) ,Vegetables,Onion,Other,Local,"1,000.00","1,700.00","1,400.00",Rs./Quintal,25.00,Metric Tonnes,27-01-2026
Maharashtra,Pune,Khed(Chakan) ,Vegetables,Onion,Other,Local,"1,000.00","1,800.00","1,400.00",Rs./Quintal,20.00,Metric Tonnes,23-01-2026
Maharashtra,Pune,Khed(Chakan) ,Vegetables,Onion,Other,Local,"1,000.00","1,800.00","1,400.00",Rs./Quintal,22.50,Metric Tonnes,22-01-2026
Maharashtra,Pune,Khed(Chakan) ,Vegetables,Onion,Other,Local,"1,000.00","1,800.00","1,500.00",Rs./Quintal,500.00,Metric Tonnes,21-01-2026
Maharashtra,Pune,Khed(Chakan) ,Vegetables,Onion,Other,Local,"1,000.00","1,800.00","1,400.00",Rs./Quintal,25.00,Metric Tonnes,20-01-2026
Maharashtra,Pune,Khed(Chakan) ,Vegetables,Onion,Other,Local,"1,000.00","1,800.00","1,400.00",Rs./Quintal,30.00,Metric Tonnes,18-01-2026
Maharashtra,Pune,Khed(Chakan) ,Vegetables,Onion,Other,Local,"1,000.00","1,800.00","1,400.00",Rs./Quintal,20.00,Metric Tonnes,16-01-2026
Maharashtra,Pune,Khed(Chakan) ,Vegetables,Onion,Other,Local,"1,000.00","1,800.00","1,500.00",Rs./Quintal,20.00,Metric Tonnes,15-01-2026
Maharashtra,Pune,Khed(Chakan) ,Vegetables,Onion,Other,Local,"1,000.00","1,800.00","1,500.00",Rs./Quintal,400.00,Metric Tonnes,14-01-2026
Maharashtra,Pune,Khed(Chakan) ,Vegetables,Onion,Other,Local,"1,000.00","1,800.00","1,400.00",Rs./Quintal,15.00,Metric Tonnes,13-01-2026
Maharashtra,Pune,Khed(Chakan) ,Vegetables,Onion,Other,Local,"1,000.00","1,800.00","1,400.00",Rs./Quintal,15.00,Metric Tonnes,12-01-2026
Maharashtra,Pune,Khed(Chakan) ,Vegetables,Onion,Other,Local,"1,000.00","1,800.00","1,500.00",Rs./Quintal,15.00,Metric Tonnes,11-01-2026
Maharashtra,Pune,Khed(Chakan) ,Vegetables,Onion,Other,Local,"1,200.00","1,700.00","1,500.00",Rs./Quintal,200.00,Metric Tonnes,09-01-2026
Maharashtra,Pune,Khed(Chakan) ,Vegetables,Onion,Other,Local,"1,000.00","1,800.00","1,500.00",Rs./Quintal,20.00,Metric Tonnes,08-01-2026
Maharashtra,Pune,Khed(Chakan) ,Vegetables,Onion,Other,Local,"1,200.00","2,000.00","1,500.00",Rs./Quintal,450.00,Metric Tonnes,07-01-2026
Maharashtra,Pune,Khed(Chakan) ,Vegetables,Onion,Other,Local,"1,000.00","2,100.00","1,500.00",Rs./Quintal,22.50,Metric Tonnes,06-01-2026
Maharashtra,Pune,Khed(Chakan) ,Vegetables,Onion,Other,Local,"1,200.00","1,800.00","1,500.00",Rs./Quintal,15.00,Metric Tonnes,04-01-2026
Maharashtra,Pune,Khed(Chakan) ,Vegetables,Onion,Other,Local,"1,200.00","2,000.00","1,500.00",Rs./Quintal,15.00,Metric Tonnes,02-01-2026
Maharashtra,Pune,Khed(Chakan) ,Vegetables,Onion,Other,Local,"1,000.00","1,800.00","1,100.00",Rs./Quintal,15.00,Metric Tonnes,01-01-2026
Maharashtra,Pune,Khed(Chakan) ,Vegetables,Onion,Other,Local,"1,200.00","2,300.00","1,800.00",Rs./Quintal,400.00,Metric Tonnes,31-12-2025
Maharashtra,Pune,Khed(Chakan) ,Vegetables,Onion,Other,Local,"1,000.00","1,900.00","1,500.00",Rs./Quintal,22.50,Metric Tonnes,30-12-2025
Maharashtra,Pune,Khed(Chakan) ,Vegetables,Onion,Other,Local,"1,000.00","1,700.00","1,200.00",Rs./Quintal,20.00,Metric Tonnes,28-12-2025
Maharashtra,Pune,Khed(Chakan) ,Vegetables,Onion,Other,Local,"1,000.00","1,800.00","1,400.00",Rs./Quintal,20.00,Metric Tonnes,26-12-2025
Maharashtra,Pune,Khed(Chakan) ,Vegetables,Onion,Other,Local,800.00,"1,600.00","1,200.00",Rs./Quintal,25.00,Metric Tonnes,25-12-2025
Maharashtra,Pune,Khed(Chakan) ,Vegetables,Onion,Other,Local,"1,200.00","1,800.00","1,500.00",Rs./Quintal,450.00,Metric Tonnes,24-12-2025
Maharashtra,Pune,Khed(Chakan) ,Vegetables,Onion,Other,Local,700.00,"2,800.00","1,800.00",Rs./Quintal,25.00,Metric Tonnes,23-12-2025
Maharashtra,Pune,Khed(Chakan) ,Vegetables,Onion,Other,Local,"1,000.00","1,800.00","1,400.00",Rs./Quintal,10.00,Metric Tonnes,12-12-2025
Maharashtra,Pune,Khed(Chakan) ,Vegetables,Onion,Other,Local,"1,000.00","2,000.00","1,600.00",Rs./Quintal,22.50,Metric Tonnes,11-12-2025
Maharashtra,Pune,Khed(Chakan) ,Vegetables,Onion,Other,Local,800.00,"1,800.00","1,000.00",Rs./Quintal,100.00,Metric Tonnes,10-12-2025
Maharashtra,Pune,Khed(Chakan) ,Vegetables,Onion,Other,Local,800.00,"1,600.00","1,200.00",Rs./Quintal,20.00,Metric Tonnes,09-12-2025
Maharashtra,Pune,Khed(Chakan) ,Vegetables,Onion,Other,Local,700.00,"1,500.00","1,000.00",Rs./Quintal,25.00,Metric Tonnes,07-12-2025
Maharashtra,Pune,Khed(Chakan) ,Vegetables,Onion,Other,Local,800.00,"1,400.00","1,200.00",Rs./Quintal,25.00,Metric Tonnes,03-12-2025
Maharashtra,Pune,Khed(Chakan) ,Vegetables,Onion,Other,Local,800.00,"1,400.00","1,100.00",Rs./Quintal,30.00,Metric Tonnes,30-11-2025
Maharashtra,Pune,Khed(Chakan) ,Vegetables,Onion,Other,Local,700.00,"1,400.00","1,000.00",Rs./Quintal,50.00,Metric Tonnes,28-11-2025
Maharashtra,Pune,Khed(Chakan) ,Vegetables,Onion,Other,Local,800.00,"1,400.00","1,200.00",Rs./Quintal,25.00,Metric Tonnes,27-11-2025
Maharashtra,Pune,Khed(Chakan) ,Vegetables,Onion,Other,Local,800.00,"1,500.00","1,200.00",Rs./Quintal,110.00,Metric Tonnes,26-11-2025
Maharashtra,Pune,Khed(Chakan) ,Vegetables,Onion,Other,Local,600.00,"1,500.00","1,200.00",Rs./Quintal,30.00,Metric Tonnes,25-11-2025
Maharashtra,Pune,Khed(Chakan) ,Vegetables,Onion,Other,Local,"1,000.00","1,500.00","1,200.00",Rs./Quintal,30.00,Metric Tonnes,23-11-2025
Maharashtra,Pune,Khed(Chakan) ,Vegetables,Onion,Other,Local,700.00,"1,500.00","1,200.00",Rs./Quintal,15.00,Metric Tonnes,21-11-2025
Maharashtra,Pune,Khed(Chakan) ,Vegetables,Onion,Other,Local,700.00,"1,500.00","1,200.00",Rs./Quintal,20.00,Metric Tonnes,20-11-2025
Maharashtra,Pune,Khed(Chakan) ,Vegetables,Onion,Other,Local,800.00,"1,600.00","1,200.00",Rs./Quintal,100.00,Metric Tonnes,19-11-2025
Maharashtra,Pune,Khed(Chakan) ,Vegetables,Onion,Other,Local,800.00,"1,500.00","1,200.00",Rs./Quintal,30.00,Metric Tonnes,18-11-2025
Maharashtra,Pune,Khed(Chakan) ,Vegetables,Onion,Other,Local,"1,000.00","1,500.00","1,200.00",Rs./Quintal,30.00,Metric Tonnes,16-11-2025
Maharashtra,Pune,Khed(Chakan) ,Vegetables,Onion,Other,Local,700.00,"1,500.00","1,200.00",Rs./Quintal,20.00,Metric Tonnes,14-11-2025
Maharashtra,Pune,Khed(Chakan) ,Vegetables,Onion,Other,Local,700.00,"1,500.00","1,200.00",Rs./Quintal,26.00,Metric Tonnes,13-11-2025
Maharashtra,Pune,Khed(Chakan) ,Vegetables,Onion,Other,Local,800.00,"1,500.00","1,200.00",Rs./Quintal,80.00,Metric Tonnes,12-11-2025
Maharashtra,Pune,Khed(Chakan) ,Vegetables,Onion,Other,Local,700.00,"1,400.00","1,100.00",Rs./Quintal,19.00,Metric Tonnes,11-11-2025
Maharashtra,Pune,Khed(Chakan) ,Vegetables,Onion,Other,Local,700.00,"1,500.00","1,200.00",Rs./Quintal,20.00,Metric Tonnes,07-11-2025
Maharashtra,Pune,Pune(Khadiki) ,Vegetables,Onion,Local,Local,"1,200.00","2,400.00","1,800.00",Rs./Quintal,0.60,Metric Tonnes,27-09-2026
Maharashtra,Pune,Pune(Khadiki) ,Vegetables,Onion,Local,Local,"1,000.00","2,400.00","1,700.00",Rs./Quintal,1.10,Metric Tonnes,25-09-2026
Maharashtra,Pune,Pune(Khadiki) ,Vegetables,Onion,Local,Local,"1,000.00","2,400.00","1,700.00",Rs./Quintal,0.70,Metric Tonnes,24-09-2026
Maharashtra,Pune,Pune(Khadiki) ,Vegetables,Onion,Local,Local,"1,000.00","2,400.00","1,700.00",Rs./Quintal,0.70,Metric Tonnes,23-09-2026
Maharashtra,Pune,Pune(Khadiki) ,Vegetables,Onion,Local,Local,"1,200.00","2,200.00","1,700.00",Rs./Quintal,1.10,Metric Tonnes,22-09-2026
Maharashtra,Pune,Pune(Khadiki) ,Vegetables,Onion,Local,Local,"1,000.00","2,600.00","1,800.00",Rs./Quintal,0.60,Metric Tonnes,20-09-2026
Maharashtra,Pune,Pune(Khadiki) ,Vegetables,Onion,Local,Local,"1,000.00","2,400.00","1,700.00",Rs./Quintal,1.00,Metric Tonnes,19-09-2026
Maharashtra,Pune,Pune(Khadiki) ,Vegetables,Onion,Local,Local,"1,200.00","2,200.00","1,700.00",Rs./Quintal,1.10,Metric Tonnes,18-09-2026
Maharashtra,Pune,Pune(Khadiki) ,Vegetables,Onion,Local,Local,"1,000.00","2,200.00","1,600.00",Rs./Quintal,0.50,Metric Tonnes,17-09-2026
Maharashtra,Pune,Pune(Khadiki) ,Vegetables,Onion,Local,Local,"1,000.00","2,300.00","1,650.00",Rs./Quintal,1.10,Metric Tonnes,16-09-2026
Maharashtra,Pune,Pune(Khadiki) ,Vegetables,Onion,Local,Local,"1,000.00","2,200.00","1,600.00",Rs./Quintal,0.70,Metric Tonnes,15-09-2026
Maharashtra,Pune,Pune(Khadiki) ,Vegetables,Onion,Local,Local,900.00,"2,200.00","1,550.00",Rs./Quintal,1.00,Metric Tonnes,14-09-2026
Maharashtra,Pune,Pune(Khadiki) ,Vegetables,Onion,Local,Local,"1,000.00","1,700.00","1,350.00",Rs./Quintal,1.00,Metric Tonnes,13-09-2026
Maharashtra,Pune,Pune(Khadiki) ,Vegetables,Onion,Local,Local,"1,000.00","1,700.00","1,350.00",Rs./Quintal,1.50,Metric Tonnes,12-09-2026
Maharashtra,Pune,Pune(Khadiki) ,Vegetables,Onion,Local,Local,"1,000.00","1,800.00","1,400.00",Rs./Quintal,1.00,Metric Tonnes,11-09-2026
Maharashtra,Pune,Pune(Khadiki) ,Vegetables,Onion,Local,Local,"1,000.00","1,700.00","1,350.00",Rs./Quintal,0.80,Metric Tonnes,10-09-2026
Maharashtra,Pune,Pune(Khadiki) ,Vegetables,Onion,Local,Local,"1,000.00","2,200.00","1,600.00",Rs./Quintal,0.80,Metric Tonnes,09-09-2026
Maharashtra,Pune,Pune(Khadiki) ,Vegetables,Onion,Local,Local,"1,000.00","1,700.00","1,350.00",Rs./Quintal,1.20,Metric Tonnes,08-09-2026
Maharashtra,Pune,Pune(Khadiki) ,Vegetables,Onion,Local,Local,"1,000.00","1,700.00","1,350.00",Rs./Quintal,1.10,Metric Tonnes,07-09-2026
Maharashtra,Pune,Pune(Khadiki) ,Vegetables,Onion,Local,Local,"1,000.00","1,700.00","1,350.00",Rs./Quintal,0.90,Metric Tonnes,06-09-2026
Maharashtra,Pune,Pune(Khadiki) ,Vegetables,Onion,Local,Local,800.00,"1,700.00","1,250.00",Rs./Quintal,1.20,Metric Tonnes,05-09-2026
Maharashtra,Pune,Pune(Khadiki) ,Vegetables,Onion,Local,Local,"1,000.00","1,800.00","1,400.00",Rs./Quintal,0.80,Metric Tonnes,04-09-2026
Maharashtra,Pune,Pune(Khadiki) ,Vegetables,Onion,Local,Local,"1,000.00","1,600.00","1,300.00",Rs./Quintal,0.70,Metric Tonnes,03-09-2026
Maharashtra,Pune,Pune(Khadiki) ,Vegetables,Onion,Local,Local,800.00,"1,600.00","1,200.00",Rs./Quintal,1.20,Metric Tonnes,02-09-2026
Maharashtra,Pune,Pune(Khadiki) ,Vegetables,Onion,Local,Local,800.00,"1,600.00","1,200.00",Rs./Quintal,0.80,Metric Tonnes,01-09-2026
Maharashtra,Pune,Pune(Khadiki) ,Vegetables,Onion,Local,Local,"1,000.00","1,700.00","1,350.00",Rs./Quintal,1.10,Metric Tonnes,31-08-2026
Maharashtra,Pune,Pune(Khadiki) ,Vegetables,Onion,Local,Local,"1,000.00","1,800.00","1,400.00",Rs./Quintal,0.70,Metric Tonnes,30-08-2026
Maharashtra,Pune,Pune(Khadiki) ,Vegetables,Onion,Local,Local,"1,000.00","1,800.00","1,400.00",Rs./Quintal,1.00,Metric Tonnes,29-08-2026
Maharashtra,Pune,Pune(Khadiki) ,Vegetables,Onion,Local,Local,"1,000.00","2,000.00","1,500.00",Rs./Quintal,0.80,Metric Tonnes,28-08-2026
Maharashtra,Pune,Pune(Khadiki) ,Vegetables,Onion,Local,Local,"1,000.00","1,600.00","1,300.00",Rs./Quintal,1.30,Metric Tonnes,27-08-2026
Maharashtra,Pune,Pune(Khadiki) ,Vegetables,Onion,Local,Local,700.00,"1,400.00","1,050.00",Rs./Quintal,1.10,Metric Tonnes,26-08-2026
Maharashtra,Pune,Pune(Khadiki) ,Vegetables,Onion,Local,Local,700.00,"1,400.00","1,050.00",Rs./Quintal,0.60,Metric Tonnes,25-08-2026
Maharashtra,Pune,Pune(Khadiki) ,Vegetables,Onion,Local,Local,700.00,"1,400.00","1,150.00",Rs./Quintal,1.50,Metric Tonnes,24-08-2026
Maharashtra,Pune,Pune(Khadiki) ,Vegetables,Onion,Local,Local,700.00,"1,400.00","1,050.00",Rs./Quintal,0.80,Metric Tonnes,23-08-2026
Maharashtra,Pune,Pune(Khadiki) ,Vegetables,Onion,Local,Local,900.00,"1,400.00","1,150.00",Rs./Quintal,0.80,Metric Tonnes,22-08-2026
Maharashtra,Pune,Pune(Khadiki) ,Vegetables,Onion,Local,Local,800.00,"1,300.00","1,050.00",Rs./Quintal,0.90,Metric Tonnes,21-08-2026
Maharashtra,Pune,Pune(Khadiki) ,Vegetables,Onion,Local,Local,700.00,"1,400.00","1,050.00",Rs./Quintal,0.90,Metric Tonnes,20-08-2026
Maharashtra,Pune,Pune(Khadiki) ,Vegetables,Onion,Local,Local,700.00,"1,400.00","1,050.00",Rs./Quintal,1.10,Metric Tonnes,19-08-2026
Maharashtra,Pune,Pune(Khadiki) ,Vegetables,Onion,Local,Local,900.00,"1,400.00","1,150.00",Rs./Quintal,1.40,Metric Tonnes,18-08-2026
Maharashtra,Pune,Pune(Khadiki) ,Vegetables,Onion,Local,Local,900.00,"1,400.00","1,150.00",Rs./Quintal,1.20,Metric Tonnes,17-08-2026
Maharashtra,Pune,Pune(Khadiki) ,Vegetables,Onion,Local,Local,"1,000.00","1,400.00","1,200.00",Rs./Quintal,0.90,Metric Tonnes,16-08-2026
Maharashtra,Pune,Pune(Khadiki) ,Vegetables,Onion,Local,Local,700.00,"1,300.00","1,000.00",Rs./Quintal,1.00,Metric Tonnes,14-08-2026
Maharashtra,Pune,Pune(Khadiki) ,Vegetables,Onion,Local,Local,800.00,"1,400.00","1,100.00",Rs./Quintal,0.70,Metric Tonnes,13-08-2026
Maharashtra,Pune,Pune(Khadiki) ,Vegetables,Onion,Local,Local,"1,000.00","1,600.00","1,300.00",Rs./Quintal,0.70,Metric Tonnes,12-08-2026
Maharashtra,Pune,Pune(Khadiki) ,Vegetables,Onion,Local,Local,700.00,"1,300.00","1,000.00",Rs./Quintal,1.40,Metric Tonnes,11-08-2026
Maharashtra,Pune,Pune(Khadiki) ,Vegetables,Onion,Local,Local,700.00,"1,300.00","1,000.00",Rs./Quintal,1.40,Metric Tonnes,10-08-2026
Maharashtra,Pune,Pune(Khadiki) ,Vegetables,Onion,Local,Local,700.00,"1,300.00","1,000.00",Rs./Quintal,0.70,Metric Tonnes,09-08-2026
Maharashtra,Pune,Pune(Khadiki) ,Vegetables,Onion,Local,Local,700.00,"1,400.00","1,050.00",Rs./Quintal,1.10,Metric Tonnes,08-08-2026
Maharashtra,Pune,Pune(Khadiki) ,Vegetables,Onion,Local,Local,900.00,"1,500.00","1,200.00",Rs./Quintal,0.90,Metric Tonnes,07-08-2026
Maharashtra,Pune,Pune(Khadiki) ,Vegetables,Onion,Local,Local,800.00,"1,400.00","1,100.00",Rs./Quintal,0.70,Metric Tonnes,06-08-2026
Maharashtra,Pune,Pune(Khadiki) ,Vegetables,Onion,Local,Local,700.00,"1,300.00","1,000.00",Rs./Quintal,0.60,Metric Tonnes,05-08-2026
Maharashtra,Pune,Pune(Khadiki) ,Vegetables,Onion,Local,Local,700.00,"1,400.00","1,050.00",Rs./Quintal,1.30,Metric Tonnes,04-08-2026
Maharashtra,Pune,Pune(Khadiki) ,Vegetables,Onion,Local,Local,800.00,"1,300.00","1,050.00",Rs./Quintal,1.30,Metric Tonnes,03-08-2026
Maharashtra,Pune,Pune(Khadiki) ,Vegetables,Onion,Local,Local,700.00,"1,300.00","1,000.00",Rs./Quintal,1.20,Metric Tonnes,02-08-2026
Maharashtra,Pune,Pune(Khadiki) ,Vegetables,Onion,Local,Local,800.00,"1,300.00","1,050.00",Rs./Quintal,1.10,Metric Tonnes,01-08-2026
Maharashtra,Pune,Pune(Khadiki) ,Vegetables,Onion,Local,Local,900.00,"1,300.00","1,100.00",Rs./Quintal,1.30,Metric Tonnes,31-07-2026
Maharashtra,Pune,Pune(Khadiki) ,Vegetables,Onion,Local,Local,700.00,"1,300.00","1,000.00",Rs./Quintal,0.80,Metric Tonnes,30-07-2026
Maharashtra,Pune,Pune(Khadiki) ,Vegetables,Onion,Local,Local,700.00,"1,300.00","1,000.00",Rs./Quintal,1.20,Metric Tonnes,29-07-2026
Maharashtra,Pune,Pune(Khadiki) ,Vegetables,Onion,Local,Local,800.00,"1,300.00","1,050.00",Rs./Quintal,0.90,Metric Tonnes,28-07-2026
Maharashtra,Pune,Pune(Khadiki) ,Vegetables,Onion,Local,Local,900.00,"1,400.00","1,050.00",Rs./Quintal,1.30,Metric Tonnes,27-07-2026
Maharashtra,Pune,Pune(Khadiki) ,Vegetables,Onion,Local,Local,800.00,"1,300.00","1,050.00",Rs./Quintal,1.40,Metric Tonnes,26-07-2026
Maharashtra,Pune,Pune(Khadiki) ,Vegetables,Onion,Local,Local,700.00,"1,300.00","1,000.00",Rs./Quintal,1.00,Metric Tonnes,25-07-2026
Maharashtra,Pune,Pune(Khadiki) ,Vegetables,Onion,Local,Local,900.00,"1,400.00","1,150.00",Rs./Quintal,1.10,Metric Tonnes,24-07-2026
Maharashtra,Pune,Pune(Khadiki) ,Vegetables,Onion,Local,Local,700.00,"1,400.00","1,050.00",Rs./Quintal,1.10,Metric Tonnes,23-07-2026
Maharashtra,Pune,Pune(Khadiki) ,Vegetables,Onion,Local,Local,900.00,"1,400.00","1,150.00",Rs./Quintal,1.20,Metric Tonnes,22-07-2026
Maharashtra,Pune,Pune(Khadiki) ,Vegetables,Onion,Local,Local,800.00,"1,400.00","1,100.00",Rs./Quintal,1.50,Metric Tonnes,21-07-2026
Maharashtra,Pune,Pune(Khadiki) ,Vegetables,Onion,Local,Local,700.00,"1,400.00","1,050.00",Rs./Quintal,1.30,Metric Tonnes,20-07-2026
Maharashtra,Pune,Pune(Khadiki) ,Vegetables,Onion,Local,Local,800.00,"1,400.00","1,100.00",Rs./Quintal,1.40,Metric Tonnes,19-07-2026
Maharashtra,Pune,Pune(Khadiki) ,Vegetables,Onion,Local,Local,700.00,"1,300.00","1,000.00",Rs./Quintal,0.80,Metric Tonnes,18-07-2026
Maharashtra,Pune,Pune(Khadiki) ,Vegetables,Onion,Local,Local,700.00,"1,400.00","1,050.00",Rs./Quintal,1.80,Metric Tonnes,17-07-2026
Maharashtra,Pune,Pune(Khadiki) ,Vegetables,Onion,Local,Local,700.00,"1,200.00",950.00,Rs./Quintal,1.70,Metric Tonnes,16-07-2026
Maharashtra,Pune,Pune(Khadiki) ,Vegetables,Onion,Local,Local,800.00,"1,400.00","1,100.00",Rs./Quintal,1.40,Metric Tonnes,15-07-2026
Maharashtra,Pune,Pune(Khadiki) ,Vegetables,Onion,Local,Local,900.00,"1,300.00","1,100.00",Rs./Quintal,1.30,Metric Tonnes,14-07-2026
Maharashtra,Pune,Pune(Khadiki) ,Vegetables,Onion,Local,Local,900.00,"1,200.00","1,000.00",Rs./Quintal,1.20,Metric Tonnes,13-07-2026
Maharashtra,Pune,Pune(Khadiki) ,Vegetables,Onion,Local,Local,700.00,"1,300.00","1,000.00",Rs./Quintal,1.50,Metric Tonnes,12-07-2026
Maharashtra,Pune,Pune(Khadiki) ,Vegetables,Onion,Local,Local,700.00,"1,200.00",950.00,Rs./Quintal,0.70,Metric Tonnes,11-07-2026
Maharashtra,Pune,Pune(Khadiki) ,Vegetables,Onion,Local,Local,700.00,"1,100.00",900.00,Rs./Quintal,0.70,Metric Tonnes,10-07-2026
Maharashtra,Pune,Pune(Khadiki) ,Vegetables,Onion,Local,Local,700.00,"1,100.00",900.00,Rs./Quintal,0.60,Metric Tonnes,09-07-2026
Maharashtra,Pune,Pune(Khadiki) ,Vegetables,Onion,Local,Local,700.00,"1,200.00",950.00,Rs./Quintal,0.50,Metric Tonnes,08-07-2026
Maharashtra,Pune,Pune(Khadiki) ,Vegetables,Onion,Local,Local,700.00,"1,200.00",950.00,Rs./Quintal,1.00,Metric Tonnes,07-07-2026
Maharashtra,Pune,Pune(Khadiki) ,Vegetables,Onion,Local,Local,800.00,"1,100.00",900.00,Rs./Quintal,1.70,Metric Tonnes,06-07-2026
Maharashtra,Pune,Pune(Khadiki) ,Vegetables,Onion,Local,Local,700.00,"1,200.00",950.00,Rs./Quintal,8.00,Metric Tonnes,05-07-2026
Maharashtra,Pune,Pune(Khadiki) ,Vegetables,Onion,Local,Local,700.00,"1,100.00",900.00,Rs./Quintal,1.60,Metric Tonnes,04-07-2026
Maharashtra,Pune,Pune(Khadiki) ,Vegetables,Onion,Local,Local,700.00,"1,200.00",950.00,Rs./Quintal,1.30,Metric Tonnes,03-07-2026
Maharashtra,Pune,Pune(Khadiki) ,Vegetables,Onion,Local,Local,700.00,"1,100.00",900.00,Rs./Quintal,1.80,Metric Tonnes,02-07-2026
Maharashtra,Pune,Pune(Khadiki) ,Vegetables,Onion,Local,Local,700.00,"1,100.00",900.00,Rs./Quintal,0.60,Metric Tonnes,01-07-2026
Maharashtra,Pune,Pune(Khadiki) ,Vegetables,Onion,Local,Local,700.00,"1,100.00",900.00,Rs./Quintal,1.20,Metric Tonnes,30-06-2026
Maharashtra,Pune,Pune(Khadiki) ,Vegetables,Onion,Local,Local,700.00,"1,100.00",900.00,Rs./Quintal,1.40,Metric Tonnes,28-06-2026
Maharashtra,Pune,Pune(Khadiki) ,Vegetables,Onion,Local,Local,700.00,"1,100.00",900.00,Rs./Quintal,0.90,Metric Tonnes,27-06-2026
Maharashtra,Pune,Pune(Khadiki) ,Vegetables,Onion,Local,Local,800.00,"1,200.00","1,000.00",Rs./Quintal,0.80,Metric Tonnes,26-06-2026
Maharashtra,Pune,Pune(Khadiki) ,Vegetables,Onion,Local,Local,700.00,"1,100.00",900.00,Rs./Quintal,0.80,Metric Tonnes,25-06-2026
Maharashtra,Pune,Pune(Khadiki) ,Vegetables,Onion,Local,Local,700.00,"1,200.00",950.00,Rs./Quintal,1.30,Metric Tonnes,24-06-2026
Maharashtra,Pune,Pune(Khadiki) ,Vegetables,Onion,Local,Local,700.00,"1,100.00",900.00,Rs./Quintal,0.90,Metric Tonnes,23-06-2026
Maharashtra,Pune,Pune(Khadiki) ,Vegetables,Onion,Local,Local,600.00,"1,200.00",900.00,Rs./Quintal,1.50,Metric Tonnes,22-06-2026
Maharashtra,Pune,Pune(Khadiki) ,Vegetables,Onion,Local,Local,700.00,"1,100.00",900.00,Rs./Quintal,0.80,Metric Tonnes,18-06-2026
Maharashtra,Pune,Pune(Khadiki) ,Vegetables,Onion,Local,Local,700.00,"1,100.00",900.00,Rs./Quintal,1.30,Metric Tonnes,17-06-2026
Maharashtra,Pune,Pune(Khadiki) ,Vegetables,Onion,Local,Local,700.00,"1,100.00",900.00,Rs./Quintal,1.50,Metric Tonnes,16-06-2026
Maharashtra,Pune,Pune(Khadiki) ,Vegetables,Onion,Local,Local,700.00,"1,100.00",900.00,Rs./Quintal,1.00,Metric Tonnes,15-06-2026
Maharashtra,Pune,Pune(Khadiki) ,Vegetables,Onion,Local,Local,700.00,"1,200.00",950.00,Rs./Quintal,1.60,Metric Tonnes,14-06-2026
Maharashtra,Pune,Pune(Khadiki) ,Vegetables,Onion,Local,Local,700.00,"1,100.00",900.00,Rs./Quintal,0.60,Metric Tonnes,12-06-2026
Maharashtra,Pune,Pune(Khadiki) ,Vegetables,Onion,Local,Local,700.00,"1,200.00",950.00,Rs./Quintal,0.90,Metric Tonnes,11-06-2026
Maharashtra,Pune,Pune(Khadiki) ,Vegetables,Onion,Local,Local,700.00,"1,000.00",850.00,Rs./Quintal,1.00,Metric Tonnes,10-06-2026
Maharashtra,Pune,Pune(Khadiki) ,Vegetables,Onion,Local,Local,700.00,"1,100.00",900.00,Rs./Quintal,1.30,Metric Tonnes,09-06-2026
Maharashtra,Pune,Pune(Khadiki) ,Vegetables,Onion,Local,Local,600.00,"1,200.00",900.00,Rs./Quintal,1.80,Metric Tonnes,07-06-2026
Maharashtra,Pune,Pune(Khadiki) ,Vegetables,Onion,Local,Local,700.00,"1,100.00",900.00,Rs./Quintal,1.20,Metric Tonnes,04-06-2026
Maharashtra,Pune,Pune(Khadiki) ,Vegetables,Onion,Local,Local,700.00,"1,100.00",900.00,Rs./Quintal,1.20,Metric Tonnes,03-06-2026
Maharashtra,Pune,Pune(Khadiki) ,Vegetables,Onion,Local,Local,700.00,"1,100.00",900.00,Rs./Quintal,1.20,Metric Tonnes,02-06-2026
Maharashtra,Pune,Pune(Khadiki) ,Vegetables,Onion,Local,Local,700.00,"1,100.00",900.00,Rs./Quintal,1.10,Metric Tonnes,01-06-2026
Maharashtra,Pune,Pune(Khadiki) ,Vegetables,Onion,Local,Local,600.00,"1,100.00",850.00,Rs./Quintal,1.20,Metric Tonnes,31-05-2026
Maharashtra,Pune,Pune(Khadiki) ,Vegetables,Onion,Local,Local,700.00,"1,100.00",900.00,Rs./Quintal,1.50,Metric Tonnes,30-05-2026
Maharashtra,Pune,Pune(Khadiki) ,Vegetables,Onion,Local,Local,700.00,"1,000.00",850.00,Rs./Quintal,0.90,Metric Tonnes,28-05-2026
Maharashtra,Pune,Pune(Khadiki) ,Vegetables,Onion,Local,Local,600.00,"1,000.00",800.00,Rs./Quintal,1.30,Metric Tonnes,25-05-2026
Maharashtra,Pune,Pune(Khadiki) ,Vegetables,Onion,Local,Local,600.00,"1,000.00",800.00,Rs./Quintal,1.80,Metric Tonnes,24-05-2026
Maharashtra,Pune,Pune(Khadiki) ,Vegetables,Onion,Local,Local,600.00,"1,000.00",800.00,Rs./Quintal,1.30,Metric Tonnes,23-05-2026
Maharashtra,Pune,Pune(Khadiki) ,Vegetables,Onion,Local,Local,600.00,"1,000.00",800.00,Rs./Quintal,1.10,Metric Tonnes,18-05-2026
Maharashtra,Pune,Pune(Khadiki) ,Vegetables,Onion,Local,Local,600.00,"1,000.00",800.00,Rs./Quintal,1.50,Metric Tonnes,17-05-2026
Maharashtra,Pune,Pune(Khadiki) ,Vegetables,Onion,Local,Local,600.00,"1,000.00",800.00,Rs./Quintal,2.10,Metric Tonnes,16-05-2026
Maharashtra,Pune,Pune(Khadiki) ,Vegetables,Onion,Local,Local,600.00,900.00,750.00,Rs./Quintal,1.80,Metric Tonnes,15-05-2026
Maharashtra,Pune,Pune(Khadiki) ,Vegetables,Onion,Local,Local,600.00,"1,000.00",800.00,Rs./Quintal,1.70,Metric Tonnes,14-05-2026
Maharashtra,Pune,Pune(Khadiki) ,Vegetables,Onion,Local,Local,600.00,"1,000.00",800.00,Rs./Quintal,1.30,Metric Tonnes,13-05-2026
Maharashtra,Pune,Pune(Khadiki) ,Vegetables,Onion,Local,Local,600.00,"1,000.00",800.00,Rs./Quintal,1.00,Metric Tonnes,08-05-2026
Maharashtra,Pune,Pune(Khadiki) ,Vegetables,Onion,Local,Local,600.00,"1,000.00",800.00,Rs./Quintal,1.40,Metric Tonnes,07-05-2026
Maharashtra,Pune,Pune(Khadiki) ,Vegetables,Onion,Local,Local,600.00,"1,100.00",850.00,Rs./Quintal,1.60,Metric Tonnes,03-05-2026
Maharashtra,Pune,Pune(Khadiki) ,Vegetables,Onion,Local,Local,600.00,"1,100.00",850.00,Rs./Quintal,1.90,Metric Tonnes,29-04-2026
Maharashtra,Pune,Pune(Khadiki) ,Vegetables,Onion,Local,Local,600.00,"1,100.00",850.00,Rs./Quintal,2.20,Metric Tonnes,28-04-2026
Maharashtra,Pune,Pune(Khadiki) ,Vegetables,Onion,Local,Local,600.00,"1,100.00",850.00,Rs./Quintal,1.70,Metric Tonnes,27-04-2026
Maharashtra,Pune,Pune(Khadiki) ,Vegetables,Onion,Local,Local,600.00,"1,000.00",800.00,Rs./Quintal,2.30,Metric Tonnes,26-04-2026
Maharashtra,Pune,Pune(Khadiki) ,Vegetables,Onion,Local,Local,600.00,"1,100.00",850.00,Rs./Quintal,1.00,Metric Tonnes,25-04-2026
Maharashtra,Pune,Pune(Khadiki) ,Vegetables,Onion,Local,Local,600.00,"1,100.00",850.00,Rs./Quintal,1.30,Metric Tonnes,23-04-2026
Maharashtra,Pune,Pune(Khadiki) ,Vegetables,Onion,Local,Local,700.00,"1,000.00",850.00,Rs./Quintal,1.40,Metric Tonnes,22-04-2026
Maharashtra,Pune,Pune(Khadiki) ,Vegetables,Onion,Local,Local,600.00,"1,100.00",850.00,Rs./Quintal,2.20,Metric Tonnes,20-04-2026
Maharashtra,Pune,Pune(Khadiki) ,Vegetables,Onion,Local,Local,700.00,"1,000.00",900.00,Rs./Quintal,1.80,Metric Tonnes,19-04-2026
Maharashtra,Pune,Pune(Khadiki) ,Vegetables,Onion,Local,Local,600.00,"1,100.00",850.00,Rs./Quintal,1.60,Metric Tonnes,18-04-2026
Maharashtra,Pune,Pune(Khadiki) ,Vegetables,Onion,Local,Local,600.00,"1,100.00",850.00,Rs./Quintal,1.40,Metric Tonnes,17-04-2026
Maharashtra,Pune,Pune(Khadiki) ,Vegetables,Onion,Local,Local,600.00,"1,000.00",800.00,Rs./Quintal,1.70,Metric Tonnes,16-04-2026
Maharashtra,Pune,Pune(Khadiki) ,Vegetables,Onion,Local,Local,600.00,"1,100.00",850.00,Rs./Quintal,1.90,Metric Tonnes,14-04-2026
Maharashtra,Pune,Pune(Khadiki) ,Vegetables,Onion,Local,Local,600.00,"1,100.00",850.00,Rs./Quintal,2.00,Metric Tonnes,13-04-2026
Maharashtra,Pune,Pune(Khadiki) ,Vegetables,Onion,Local,Local,600.00,"1,000.00",800.00,Rs./Quintal,1.10,Metric Tonnes,11-04-2026
Maharashtra,Pune,Pune(Khadiki) ,Vegetables,Onion,Local,Local,600.00,"1,000.00",800.00,Rs./Quintal,1.70,Metric Tonnes,10-04-2026
Maharashtra,Pune,Pune(Khadiki) ,Vegetables,Onion,Local,Local,700.00,"1,100.00",900.00,Rs./Quintal,1.20,Metric Tonnes,09-04-2026
Maharashtra,Pune,Pune(Khadiki) ,Vegetables,Onion,Local,Local,700.00,"1,000.00",850.00,Rs./Quintal,1.80,Metric Tonnes,08-04-2026
Maharashtra,Pune,Pune(Khadiki) ,Vegetables,Onion,Local,Local,700.00,"1,000.00",850.00,Rs./Quintal,2.50,Metric Tonnes,07-04-2026
Maharashtra,Pune,Pune(Khadiki) ,Vegetables,Onion,Local,Local,700.00,"1,100.00",900.00,Rs./Quintal,1.00,Metric Tonnes,06-04-2026
Maharashtra,Pune,Pune(Khadiki) ,Vegetables,Onion,Local,Local,700.00,"1,000.00",850.00,Rs./Quintal,0.80,Metric Tonnes,05-04-2026
Maharashtra,Pune,Pune(Khadiki) ,Vegetables,Onion,Local,Local,600.00,"1,000.00",850.00,Rs./Quintal,1.00,Metric Tonnes,03-04-2026
Maharashtra,Pune,Pune(Khadiki) ,Vegetables,Onion,Local,Local,700.00,"1,100.00",900.00,Rs./Quintal,1.60,Metric Tonnes,02-04-2026
Maharashtra,Pune,Pune(Khadiki) ,Vegetables,Onion,Local,Local,700.00,"1,100.00",900.00,Rs./Quintal,1.10,Metric Tonnes,31-03-2026
Maharashtra,Pune,Pune(Khadiki) ,Vegetables,Onion,Local,Local,700.00,"1,100.00",900.00,Rs./Quintal,1.50,Metric Tonnes,30-03-2026
Maharashtra,Pune,Pune(Khadiki) ,Vegetables,Onion,Local,Local,700.00,"1,000.00",850.00,Rs./Quintal,1.30,Metric Tonnes,29-03-2026
Maharashtra,Pune,Pune(Khadiki) ,Vegetables,Onion,Local,Local,700.00,"1,100.00",900.00,Rs./Quintal,0.90,Metric Tonnes,28-03-2026
Maharashtra,Pune,Pune(Khadiki) ,Vegetables,Onion,Local,Local,700.00,"1,300.00","1,000.00",Rs./Quintal,1.40,Metric Tonnes,26-03-2026
Maharashtra,Pune,Pune(Khadiki) ,Vegetables,Onion,Local,Local,700.00,"1,100.00",900.00,Rs./Quintal,0.70,Metric Tonnes,25-03-2026
Maharashtra,Pune,Pune(Khadiki) ,Vegetables,Onion,Local,Local,700.00,"1,100.00",900.00,Rs./Quintal,1.20,Metric Tonnes,23-03-2026
Maharashtra,Pune,Pune(Khadiki) ,Vegetables,Onion,Local,Local,700.00,"1,100.00",900.00,Rs./Quintal,1.90,Metric Tonnes,22-03-2026
Maharashtra,Pune,Pune(Khadiki) ,Vegetables,Onion,Local,Local,700.00,"1,000.00",850.00,Rs./Quintal,0.70,Metric Tonnes,21-03-2026
Maharashtra,Pune,Pune(Khadiki) ,Vegetables,Onion,Local,Local,700.00,"1,100.00",900.00,Rs./Quintal,1.20,Metric Tonnes,20-03-2026
Maharashtra,Pune,Pune(Khadiki) ,Vegetables,Onion,Local,Local,700.00,"1,100.00",900.00,Rs./Quintal,0.80,Metric Tonnes,19-03-2026
Maharashtra,Pune,Pune(Khadiki) ,Vegetables,Onion,Local,Local,700.00,"1,300.00",900.00,Rs./Quintal,1.10,Metric Tonnes,18-03-2026
Maharashtra,Pune,Pune(Khadiki) ,Vegetables,Onion,Local,Local,700.00,"1,300.00","1,000.00",Rs./Quintal,1.70,Metric Tonnes,17-03-2026
Maharashtra,Pune,Pune(Khadiki) ,Vegetables,Onion,Local,Local,700.00,"1,100.00",900.00,Rs./Quintal,1.90,Metric Tonnes,16-03-2026
Maharashtra,Pune,Pune(Khadiki) ,Vegetables,Onion,Local,Local,700.00,"1,100.00",900.00,Rs./Quintal,0.90,Metric Tonnes,15-03-2026
Maharashtra,Pune,Pune(Khadiki) ,Vegetables,Onion,Local,Local,700.00,"1,100.00",900.00,Rs./Quintal,1.80,Metric Tonnes,14-03-2026
Maharashtra,Pune,Pune(Khadiki) ,Vegetables,Onion,Local,Local,700.00,"1,100.00",900.00,Rs./Quintal,1.40,Metric Tonnes,11-03-2026
Maharashtra,Pune,Pune(Khadiki) ,Vegetables,Onion,Local,Local,700.00,"1,100.00",900.00,Rs./Quintal,1.60,Metric Tonnes,09-03-2026
Maharashtra,Pune,Pune(Khadiki) ,Vegetables,Onion,Local,Local,600.00,"1,100.00",850.00,Rs./Quintal,1.70,Metric Tonnes,08-03-2026
Maharashtra,Pune,Pune(Khadiki) ,Vegetables,Onion,Local,Local,600.00,"1,100.00",900.00,Rs./Quintal,1.50,Metric Tonnes,07-03-2026
Maharashtra,Pune,Pune(Khadiki) ,Vegetables,Onion,Local,Local,700.00,"1,100.00",800.00,Rs./Quintal,1.40,Metric Tonnes,05-03-2026
Maharashtra,Pune,Pune(Khadiki) ,Vegetables,Onion,Local,Local,700.00,"1,100.00",900.00,Rs./Quintal,1.00,Metric Tonnes,02-03-2026
Maharashtra,Pune,Pune(Khadiki) ,Vegetables,Onion,Local,Local,600.00,"1,100.00",850.00,Rs./Quintal,1.30,Metric Tonnes,01-03-2026
Maharashtra,Pune,Pune(Khadiki) ,Vegetables,Onion,Local,Local,700.00,"1,200.00",950.00,Rs./Quintal,1.90,Metric Tonnes,27-02-2026
Maharashtra,Pune,Pune(Khadiki) ,Vegetables,Onion,Local,Local,"1,000.00","1,200.00","1,100.00",Rs./Quintal,0.80,Metric Tonnes,26-02-2026
Maharashtra,Pune,Pune(Khadiki) ,Vegetables,Onion,Local,Local,600.00,"1,100.00",850.00,Rs./Quintal,1.40,Metric Tonnes,24-02-2026
Maharashtra,Pune,Pune(Khadiki) ,Vegetables,Onion,Local,Local,700.00,"1,100.00",900.00,Rs./Quintal,1.20,Metric Tonnes,23-02-2026
Maharashtra,Pune,Pune(Khadiki) ,Vegetables,Onion,Local,Local,700.00,"1,200.00",950.00,Rs./Quintal,1.80,Metric Tonnes,22-02-2026
Maharashtra,Pune,Pune(Khadiki) ,Vegetables,Onion,Local,Local,700.00,"1,200.00",950.00,Rs./Quintal,1.70,Metric Tonnes,21-02-2026
Maharashtra,Pune,Pune(Khadiki) ,Vegetables,Onion,Local,Local,700.00,"1,100.00",900.00,Rs./Quintal,1.80,Metric Tonnes,17-02-2026
Maharashtra,Pune,Pune(Khadiki) ,Vegetables,Onion,Local,Local,800.00,"1,300.00","1,050.00",Rs./Quintal,1.40,Metric Tonnes,13-02-2026
Maharashtra,Pune,Pune(Khadiki) ,Vegetables,Onion,Local,Local,800.00,"1,300.00","1,050.00",Rs./Quintal,1.90,Metric Tonnes,12-02-2026
Maharashtra,Pune,Pune(Khadiki) ,Vegetables,Onion,Local,Local,700.00,"1,300.00","1,000.00",Rs./Quintal,1.40,Metric Tonnes,11-02-2026
Maharashtra,Pune,Pune(Khadiki) ,Vegetables,Onion,Local,Local,800.00,"1,300.00","1,050.00",Rs./Quintal,1.60,Metric Tonnes,10-02-2026
Maharashtra,Pune,Pune(Khadiki) ,Vegetables,Onion,Local,Local,700.00,"1,100.00",900.00,Rs./Quintal,1.20,Metric Tonnes,09-02-2026
Maharashtra,Pune,Pune(Khadiki) ,Vegetables,Onion,Local,Local,800.00,"1,100.00",900.00,Rs./Quintal,1.10,Metric Tonnes,08-02-2026
Maharashtra,Pune,Pune(Khadiki) ,Vegetables,Onion,Local,Local,800.00,"1,100.00",950.00,Rs./Quintal,1.10,Metric Tonnes,07-02-2026
Maharashtra,Pune,Pune(Khadiki) ,Vegetables,Onion,Local,Local,700.00,"1,100.00",900.00,Rs./Quintal,1.00,Metric Tonnes,06-02-2026
Maharashtra,Pune,Pune(Khadiki) ,Vegetables,Onion,Local,Local,600.00,"1,200.00",900.00,Rs./Quintal,1.40,Metric Tonnes,05-02-2026
Maharashtra,Pune,Pune(Khadiki) ,Vegetables,Onion,Local,Local,600.00,"1,200.00",900.00,Rs./Quintal,1.50,Metric Tonnes,04-02-2026
Maharashtra,Pune,Pune(Khadiki) ,Vegetables,Onion,Local,Local,700.00,"1,200.00",950.00,Rs./Quintal,0.90,Metric Tonnes,02-02-2026
Maharashtra,Pune,Pune(Khadiki) ,Vegetables,Onion,Local,Local,800.00,"1,100.00",950.00,Rs./Quintal,0.50,Metric Tonnes,01-02-2026
Maharashtra,Pune,Pune(Khadiki) ,Vegetables,Onion,Local,Local,600.00,"1,200.00",900.00,Rs./Quintal,1.20,Metric Tonnes,31-01-2026
Maharashtra,Pune,Pune(Khadiki) ,Vegetables,Onion,Local,Local,700.00,"1,100.00",900.00,Rs./Quintal,1.30,Metric Tonnes,30-01-2026
Maharashtra,Pune,Pune(Khadiki) ,Vegetables,Onion,Local,Local,800.00,"1,200.00","1,000.00",Rs./Quintal,1.40,Metric Tonnes,28-01-2026
Maharashtra,Pune,Pune(Khadiki) ,Vegetables,Onion,Local,Local,600.00,"1,300.00","1,050.00",Rs./Quintal,0.80,Metric Tonnes,27-01-2026
Maharashtra,Pune,Pune(Khadiki) ,Vegetables,Onion,Local,Local,700.00,"1,300.00","1,000.00",Rs./Quintal,1.90,Metric Tonnes,25-01-2026
Maharashtra,Pune,Pune(Khadiki) ,Vegetables,Onion,Local,Local,600.00,"1,200.00",900.00,Rs./Quintal,0.80,Metric Tonnes,24-01-2026
Maharashtra,Pune,Pune(Khadiki) ,Vegetables,Onion,Local,Local,600.00,"1,200.00",900.00,Rs./Quintal,1.40,Metric Tonnes,21-01-2026
Maharashtra,Pune,Pune(Khadiki) ,Vegetables,Onion,Local,Local,700.00,"1,200.00",950.00,Rs./Quintal,1.50,Metric Tonnes,20-01-2026
Maharashtra,Pune,Pune(Khadiki) ,Vegetables,Onion,Local,Local,700.00,"1,200.00",950.00,Rs./Quintal,1.50,Metric Tonnes,18-01-2026
Maharashtra,Pune,Pune(Khadiki) ,Vegetables,Onion,Local,Local,700.00,"1,100.00",900.00,Rs./Quintal,1.40,Metric Tonnes,17-01-2026
Maharashtra,Pune,Pune(Khadiki) ,Vegetables,Onion,Local,Local,700.00,"1,100.00",900.00,Rs./Quintal,1.60,Metric Tonnes,16-01-2026
Maharashtra,Pune,Pune(Khadiki) ,Vegetables,Onion,Local,Local,700.00,"1,100.00",900.00,Rs./Quintal,1.80,Metric Tonnes,14-01-2026
Maharashtra,Pune,Pune(Khadiki) ,Vegetables,Onion,Local,Local,700.00,"1,200.00",950.00,Rs./Quintal,2.00,Metric Tonnes,13-01-2026
Maharashtra,Pune,Pune(Khadiki) ,Vegetables,Onion,Local,Local,700.00,"1,100.00",900.00,Rs./Quintal,1.20,Metric Tonnes,12-01-2026
Maharashtra,Pune,Pune(Khadiki) ,Vegetables,Onion,Local,Local,700.00,"1,100.00",900.00,Rs./Quintal,1.20,Metric Tonnes,11-01-2026
Maharashtra,Pune,Pune(Khadiki) ,Vegetables,Onion,Local,Local,700.00,"1,200.00",950.00,Rs./Quintal,1.80,Metric Tonnes,10-01-2026
Maharashtra,Pune,Pune(Khadiki) ,Vegetables,Onion,Local,Local,600.00,"1,200.00",900.00,Rs./Quintal,2.30,Metric Tonnes,07-01-2026
Maharashtra,Pune,Pune(Khadiki) ,Vegetables,Onion,Local,Local,700.00,"1,200.00",950.00,Rs./Quintal,2.50,Metric Tonnes,06-01-2026
Maharashtra,Pune,Pune(Khadiki) ,Vegetables,Onion,Local,Local,700.00,"1,200.00",950.00,Rs./Quintal,1.70,Metric Tonnes,04-01-2026
Maharashtra,Pune,Pune(Khadiki) ,Vegetables,Onion,Local,Local,600.00,"1,200.00",900.00,Rs./Quintal,3.00,Metric Tonnes,03-01-2026
Maharashtra,Pune,Pune(Khadiki) ,Vegetables,Onion,Local,Local,700.00,"1,100.00",900.00,Rs./Quintal,1.40,Metric Tonnes,01-01-2026
Maharashtra,Pune,Pune(Khadiki) ,Vegetables,Onion,Local,Local,700.00,"1,200.00",950.00,Rs./Quintal,2.60,Metric Tonnes,31-12-2025
Maharashtra,Pune,Pune(Khadiki) ,Vegetables,Onion,Local,Local,700.00,"1,200.00",950.00,Rs./Quintal,1.90,Metric Tonnes,30-12-2025
Maharashtra,Pune,Pune(Khadiki) ,Vegetables,Onion,Local,Local,700.00,"1,200.00",950.00,Rs./Quintal,2.70,Metric Tonnes,26-12-2025
Maharashtra,Pune,Pune(Khadiki) ,Vegetables,Onion,Local,Local,700.00,"1,300.00","1,000.00",Rs./Quintal,0.90,Metric Tonnes,25-12-2025
Maharashtra,Pune,Pune(Khadiki) ,Vegetables,Onion,Local,Local,700.00,"1,200.00",950.00,Rs./Quintal,1.80,Metric Tonnes,23-12-2025
Maharashtra,Pune,Pune(Khadiki) ,Vegetables,Onion,Local,Local,800.00,"1,200.00","1,000.00",Rs./Quintal,2.50,Metric Tonnes,22-12-2025
Maharashtra,Pune,Pune(Khadiki) ,Vegetables,Onion,Local,Local,700.00,"1,200.00",950.00,Rs./Quintal,1.90,Metric Tonnes,21-12-2025
Maharashtra,Pune,Pune(Khadiki) ,Vegetables,Onion,Local,Local,700.00,"1,300.00","1,000.00",Rs./Quintal,2.60,Metric Tonnes,18-12-2025
Maharashtra,Pune,Pune(Khadiki) ,Vegetables,Onion,Local,Local,700.00,"1,300.00","1,000.00",Rs./Quintal,2.30,Metric Tonnes,16-12-2025
Maharashtra,Pune,Pune(Khadiki) ,Vegetables,Onion,Local,Local,700.00,"1,300.00","1,000.00",Rs./Quintal,2.60,Metric Tonnes,15-12-2025
Maharashtra,Pune,Pune(Khadiki) ,Vegetables,Onion,Local,Local,700.00,"1,300.00","1,000.00",Rs./Quintal,3.00,Metric Tonnes,14-12-2025
Maharashtra,Pune,Pune(Khadiki) ,Vegetables,Onion,Local,Local,600.00,"1,200.00",900.00,Rs./Quintal,1.20,Metric Tonnes,13-12-2025
Maharashtra,Pune,Pune(Khadiki) ,Vegetables,Onion,Local,Local,500.00,"1,000.00",750.00,Rs./Quintal,1.50,Metric Tonnes,11-12-2025
Maharashtra,Pune,Pune(Khadiki) ,Vegetables,Onion,Local,Local,700.00,"1,200.00",950.00,Rs./Quintal,3.30,Metric Tonnes,10-12-2025
Maharashtra,Pune,Pune(Khadiki) ,Vegetables,Onion,Local,Local,600.00,"1,600.00","1,100.00",Rs./Quintal,1.00,Metric Tonnes,09-12-2025
Maharashtra,Pune,Pune(Khadiki) ,Vegetables,Onion,Local,Local,700.00,"1,200.00",950.00,Rs./Quintal,1.50,Metric Tonnes,07-12-2025
Maharashtra,Pune,Pune(Khadiki) ,Vegetables,Onion,Local,Local,700.00,"1,200.00",950.00,Rs./Quintal,1.60,Metric Tonnes,06-12-2025
Maharashtra,Pune,Pune(Khadiki) ,Vegetables,Onion,Local,Local,600.00,"1,200.00",900.00,Rs./Quintal,1.80,Metric Tonnes,29-11-2025
Maharashtra,Pune,Pune(Khadiki) ,Vegetables,Onion,Local,Local,600.00,"1,200.00",900.00,Rs./Quintal,1.20,Metric Tonnes,28-11-2025
Maharashtra,Pune,Pune(Khadiki) ,Vegetables,Onion,Local,Local,600.00,"1,200.00",900.00,Rs./Quintal,2.30,Metric Tonnes,27-11-2025
Maharashtra,Pune,Pune(Khadiki) ,Vegetables,Onion,Local,Local,700.00,"1,200.00",950.00,Rs./Quintal,3.70,Metric Tonnes,26-11-2025
Maharashtra,Pune,Pune(Khadiki) ,Vegetables,Onion,Local,Local,600.00,"1,300.00",950.00,Rs./Quintal,2.60,Metric Tonnes,24-11-2025
Maharashtra,Pune,Pune(Khadiki) ,Vegetables,Onion,Local,Local,500.00,"1,200.00",850.00,Rs./Quintal,1.90,Metric Tonnes,23-11-2025
Maharashtra,Pune,Pune(Khadiki) ,Vegetables,Onion,Local,Local,700.00,"1,200.00",950.00,Rs./Quintal,1.50,Metric Tonnes,22-11-2025
Maharashtra,Pune,Pune(Khadiki) ,Vegetables,Onion,Local,Local,700.00,"1,300.00","1,000.00",Rs./Quintal,2.00,Metric Tonnes,20-11-2025
Maharashtra,Pune,Pune(Khadiki) ,Vegetables,Onion,Local,Local,800.00,"1,000.00",900.00,Rs./Quintal,0.60,Metric Tonnes,18-11-2025
Maharashtra,Pune,Pune(Khadiki) ,Vegetables,Onion,Local,Local,"1,000.00","1,200.00","1,100.00",Rs./Quintal,2.30,Metric Tonnes,13-11-2025
Maharashtra,Pune,Pune(Khadiki) ,Vegetables,Onion,Local,Local,900.00,"1,300.00","1,100.00",Rs./Quintal,0.50,Metric Tonnes,12-11-2025
Maharashtra,Pune,Pune(Khadiki) ,Vegetables,Onion,Local,Local,700.00,"1,200.00",900.00,Rs./Quintal,2.30,Metric Tonnes,10-11-2025
Maharashtra,Pune,Pune(Khadiki) ,Vegetables,Onion,Local,Local,700.00,"1,200.00",950.00,Rs./Quintal,4.20,Metric Tonnes,09-11-2025
Maharashtra,Pune,Pune(Manjri) ,Vegetables,Onion,Local,Local,"3,000.00","5,000.00","4,000.00",Rs./Quintal,13.20,Metric Tonnes,27-09-2026
Maharashtra,Pune,Pune(Manjri) ,Vegetables,Onion,Local,Local,"3,000.00","5,000.00","4,000.00",Rs./Quintal,7.00,Metric Tonnes,25-09-2026
Maharashtra,Pune,Pune(Manjri) ,Vegetables,Onion,Local,Local,"3,000.00","5,000.00","4,000.00",Rs./Quintal,10.80,Metric Tonnes,24-09-2026
Maharashtra,Pune,Pune(Manjri) ,Vegetables,Onion,Local,Local,"3,000.00","5,000.00","4,000.00",Rs./Quintal,11.40,Metric Tonnes,23-09-2026
Maharashtra,Pune,Pune(Manjri) ,Vegetables,Onion,Local,Local,"3,000.00","5,000.00","4,000.00",Rs./Quintal,9.10,Metric Tonnes,22-09-2026
Maharashtra,Pune,Pune(Manjri) ,Vegetables,Onion,Local,Local,"3,000.00","5,000.00","4,000.00",Rs./Quintal,11.60,Metric Tonnes,21-09-2026
Maharashtra,Pune,Pune(Manjri) ,Vegetables,Onion,Local,Local,"3,000.00","5,000.00","4,000.00",Rs./Quintal,10.60,Metric Tonnes,20-09-2026
Maharashtra,Pune,Pune(Manjri) ,Vegetables,Onion,Local,Local,"4,000.00","5,000.00","4,500.00",Rs./Quintal,11.30,Metric Tonnes,19-09-2026
Maharashtra,Pune,Pune(Manjri) ,Vegetables,Onion,Local,Local,"3,000.00","5,000.00","4,000.00",Rs./Quintal,7.20,Metric Tonnes,18-09-2026
Maharashtra,Pune,Pune(Manjri) ,Vegetables,Onion,Local,Local,"2,000.00","5,000.00","3,000.00",Rs./Quintal,12.20,Metric Tonnes,16-09-2026
Maharashtra,Pune,Pune(Manjri) ,Vegetables,Onion,Local,Local,"3,000.00","5,000.00","4,000.00",Rs./Quintal,8.80,Metric Tonnes,15-09-2026
Maharashtra,Pune,Pune(Manjri) ,Vegetables,Onion,Local,Local,"2,000.00","5,000.00","3,000.00",Rs./Quintal,6.60,Metric Tonnes,14-09-2026
Maharashtra,Pune,Pune(Manjri) ,Vegetables,Onion,Local,Local,"2,000.00","4,000.00","3,000.00",Rs./Quintal,10.40,Metric Tonnes,13-09-2026
Maharashtra,Pune,Pune(Manjri) ,Vegetables,Onion,Local,Local,"2,000.00","4,000.00","3,000.00",Rs./Quintal,12.90,Metric Tonnes,12-09-2026
Maharashtra,Pune,Pune(Manjri) ,Vegetables,Onion,Local,Local,"3,000.00","5,000.00","4,000.00",Rs./Quintal,10.90,Metric Tonnes,11-09-2026
Maharashtra,Pune,Pune(Manjri) ,Vegetables,Onion,Local,Local,"2,000.00","5,000.00","3,000.00",Rs./Quintal,12.00,Metric Tonnes,10-09-2026
Maharashtra,Pune,Pune(Manjri) ,Vegetables,Onion,Local,Local,"2,000.00","5,000.00","3,000.00",Rs./Quintal,11.20,Metric Tonnes,09-09-2026
Maharashtra,Pune,Pune(Manjri) ,Vegetables,Onion,Local,Local,"3,000.00","5,000.00","4,000.00",Rs./Quintal,9.80,Metric Tonnes,08-09-2026
Maharashtra,Pune,Pune(Manjri) ,Vegetables,Onion,Local,Local,"3,000.00","5,000.00","4,000.00",Rs./Quintal,14.00,Metric Tonnes,07-09-2026
Maharashtra,Pune,Pune(Manjri) ,Vegetables,Onion,Local,Local,"2,000.00","5,000.00","4,000.00",Rs./Quintal,14.60,Metric Tonnes,06-09-2026
Maharashtra,Pune,Pune(Manjri) ,Vegetables,Onion,Local,Local,"3,000.00","5,000.00","4,000.00",Rs./Quintal,8.70,Metric Tonnes,05-09-2026
Maharashtra,Pune,Pune(Manjri) ,Vegetables,Onion,Local,Local,"2,000.00","4,000.00","3,000.00",Rs./Quintal,7.90,Metric Tonnes,04-09-2026
Maharashtra,Pune,Pune(Manjri) ,Vegetables,Onion,Local,Local,"2,500.00","4,500.00","3,500.00",Rs./Quintal,10.00,Metric Tonnes,03-09-2026
Maharashtra,Pune,Pune(Manjri) ,Vegetables,Onion,Local,Local,"3,000.00","5,000.00","4,000.00",Rs./Quintal,12.30,Metric Tonnes,02-09-2026
Maharashtra,Pune,Pune(Manjri) ,Vegetables,Onion,Local,Local,"3,000.00","5,000.00","4,000.00",Rs./Quintal,12.10,Metric Tonnes,01-09-2026
Maharashtra,Pune,Pune(Manjri) ,Vegetables,Onion,Local,Local,"3,000.00","4,500.00","4,000.00",Rs./Quintal,12.10,Metric Tonnes,31-08-2026
Maharashtra,Pune,Pune(Manjri) ,Vegetables,Onion,Local,Local,"2,000.00","4,000.00","3,000.00",Rs./Quintal,12.10,Metric Tonnes,30-08-2026
Maharashtra,Pune,Pune(Manjri) ,Vegetables,Onion,Local,Local,"2,600.00","4,000.00","3,000.00",Rs./Quintal,11.50,Metric Tonnes,29-08-2026
Maharashtra,Pune,Pune(Manjri) ,Vegetables,Onion,Local,Local,"3,000.00","4,000.00","3,500.00",Rs./Quintal,7.00,Metric Tonnes,28-08-2026
Maharashtra,Pune,Pune(Manjri) ,Vegetables,Onion,Local,Local,"2,600.00","4,000.00","3,000.00",Rs./Quintal,9.80,Metric Tonnes,27-08-2026
Maharashtra,Pune,Pune(Manjri) ,Vegetables,Onion,Local,Local,"2,600.00","4,000.00","3,000.00",Rs./Quintal,9.80,Metric Tonnes,26-08-2026
Maharashtra,Pune,Pune(Manjri) ,Vegetables,Onion,Local,Local,"1,700.00","4,000.00","3,000.00",Rs./Quintal,10.50,Metric Tonnes,25-08-2026
Maharashtra,Pune,Pune(Manjri) ,Vegetables,Onion,Local,Local,"2,000.00","4,000.00","3,000.00",Rs./Quintal,10.70,Metric Tonnes,24-08-2026
Maharashtra,Pune,Pune(Manjri) ,Vegetables,Onion,Local,Local,"2,000.00","4,000.00","3,000.00",Rs./Quintal,9.90,Metric Tonnes,23-08-2026
Maharashtra,Pune,Pune(Manjri) ,Vegetables,Onion,Local,Local,"2,000.00","3,500.00","2,600.00",Rs./Quintal,7.30,Metric Tonnes,22-08-2026
Maharashtra,Pune,Pune(Manjri) ,Vegetables,Onion,Local,Local,"2,500.00","5,000.00","3,500.00",Rs./Quintal,7.60,Metric Tonnes,21-08-2026
Maharashtra,Pune,Pune(Manjri) ,Vegetables,Onion,Local,Local,"2,500.00","3,500.00","3,000.00",Rs./Quintal,7.20,Metric Tonnes,20-08-2026
Maharashtra,Pune,Pune(Manjri) ,Vegetables,Onion,Local,Local,"2,000.00","5,000.00","3,500.00",Rs./Quintal,5.30,Metric Tonnes,19-08-2026
Maharashtra,Pune,Pune(Manjri) ,Vegetables,Onion,Local,Local,"2,500.00","4,000.00","3,000.00",Rs./Quintal,7.70,Metric Tonnes,18-08-2026
Maharashtra,Pune,Pune(Manjri) ,Vegetables,Onion,Local,Local,"2,000.00","4,000.00","3,000.00",Rs./Quintal,9.10,Metric Tonnes,17-08-2026
Maharashtra,Pune,Pune(Manjri) ,Vegetables,Onion,Local,Local,"3,000.00","4,000.00","3,500.00",Rs./Quintal,6.80,Metric Tonnes,16-08-2026
Maharashtra,Pune,Pune(Manjri) ,Vegetables,Onion,Local,Local,"1,700.00","2,600.00","2,100.00",Rs./Quintal,11.90,Metric Tonnes,14-08-2026
Maharashtra,Pune,Pune(Manjri) ,Vegetables,Onion,Local,Local,"1,700.00","2,600.00","2,200.00",Rs./Quintal,8.60,Metric Tonnes,13-08-2026
Maharashtra,Pune,Pune(Manjri) ,Vegetables,Onion,Local,Local,"1,800.00","2,700.00","2,200.00",Rs./Quintal,8.30,Metric Tonnes,12-08-2026
Maharashtra,Pune,Pune(Manjri) ,Vegetables,Onion,Local,Local,"1,700.00","2,600.00","2,200.00",Rs./Quintal,10.40,Metric Tonnes,11-08-2026
Maharashtra,Pune,Pune(Manjri) ,Vegetables,Onion,Local,Local,"1,300.00","2,200.00","1,800.00",Rs./Quintal,12.00,Metric Tonnes,10-08-2026
Maharashtra,Pune,Pune(Manjri) ,Vegetables,Onion,Local,Local,"1,100.00","2,200.00","1,700.00",Rs./Quintal,9.00,Metric Tonnes,09-08-2026
Maharashtra,Pune,Pune(Manjri) ,Vegetables,Onion,Local,Local,"1,000.00","2,200.00","1,800.00",Rs./Quintal,10.20,Metric Tonnes,08-08-2026
Maharashtra,Pune,Pune(Manjri) ,Vegetables,Onion,Local,Local,"1,300.00","2,100.00","1,800.00",Rs./Quintal,6.00,Metric Tonnes,07-08-2026
Maharashtra,Pune,Pune(Manjri) ,Vegetables,Onion,Local,Local,"1,300.00","2,200.00","1,700.00",Rs./Quintal,7.60,Metric Tonnes,06-08-2026
Maharashtra,Pune,Pune(Manjri) ,Vegetables,Onion,Local,Local,"1,300.00","2,200.00","1,700.00",Rs./Quintal,11.10,Metric Tonnes,05-08-2026
Maharashtra,Pune,Pune(Manjri) ,Vegetables,Onion,Local,Local,"1,700.00","2,200.00","2,000.00",Rs./Quintal,8.90,Metric Tonnes,04-08-2026
Maharashtra,Pune,Pune(Manjri) ,Vegetables,Onion,Local,Local,"1,500.00","2,500.00","2,200.00",Rs./Quintal,12.10,Metric Tonnes,03-08-2026
Maharashtra,Pune,Pune(Manjri) ,Vegetables,Onion,Local,Local,"1,700.00","2,500.00","2,200.00",Rs./Quintal,12.40,Metric Tonnes,02-08-2026
Maharashtra,Pune,Pune(Manjri) ,Vegetables,Onion,Local,Local,"1,500.00","2,600.00","2,200.00",Rs./Quintal,8.90,Metric Tonnes,01-08-2026
Maharashtra,Pune,Pune(Manjri) ,Vegetables,Onion,Local,Local,"1,500.00","2,600.00","2,200.00",Rs./Quintal,5.70,Metric Tonnes,31-07-2026
Maharashtra,Pune,Pune(Manjri) ,Vegetables,Onion,Local,Local,"1,300.00","2,600.00","2,000.00",Rs./Quintal,9.90,Metric Tonnes,30-07-2026
Maharashtra,Pune,Pune(Manjri) ,Vegetables,Onion,Local,Local,"1,300.00","2,400.00","1,800.00",Rs./Quintal,8.00,Metric Tonnes,29-07-2026
Maharashtra,Pune,Pune(Manjri) ,Vegetables,Onion,Local,Local,"1,500.00","2,500.00","2,200.00",Rs./Quintal,11.70,Metric Tonnes,28-07-2026
Maharashtra,Pune,Pune(Manjri) ,Vegetables,Onion,Local,Local,"1,000.00","2,200.00","1,700.00",Rs./Quintal,12.40,Metric Tonnes,27-07-2026
Maharashtra,Pune,Pune(Manjri) ,Vegetables,Onion,Local,Local,"1,500.00","2,500.00","2,200.00",Rs./Quintal,11.50,Metric Tonnes,26-07-2026
Maharashtra,Pune,Pune(Manjri) ,Vegetables,Onion,Local,Local,"1,100.00","2,500.00","2,200.00",Rs./Quintal,6.30,Metric Tonnes,25-07-2026
Maharashtra,Pune,Pune(Manjri) ,Vegetables,Onion,Local,Local,"1,100.00","2,500.00","2,200.00",Rs./Quintal,10.10,Metric Tonnes,24-07-2026
Maharashtra,Pune,Pune(Manjri) ,Vegetables,Onion,Local,Local,"1,300.00","3,000.00","1,700.00",Rs./Quintal,12.30,Metric Tonnes,23-07-2026
Maharashtra,Pune,Pune(Manjri) ,Vegetables,Onion,Local,Local,"1,500.00","2,800.00","2,200.00",Rs./Quintal,8.80,Metric Tonnes,22-07-2026
Maharashtra,Pune,Pune(Manjri) ,Vegetables,Onion,Local,Local,"1,500.00","2,800.00","2,200.00",Rs./Quintal,10.40,Metric Tonnes,21-07-2026
Maharashtra,Pune,Pune(Manjri) ,Vegetables,Onion,Local,Local,"1,100.00","2,500.00","2,000.00",Rs./Quintal,10.90,Metric Tonnes,20-07-2026
Maharashtra,Pune,Pune(Manjri) ,Vegetables,Onion,Local,Local,"1,500.00","2,600.00","2,200.00",Rs./Quintal,13.00,Metric Tonnes,19-07-2026
Maharashtra,Pune,Pune(Manjri) ,Vegetables,Onion,Local,Local,"1,500.00","2,500.00","2,200.00",Rs./Quintal,11.00,Metric Tonnes,18-07-2026
Maharashtra,Pune,Pune(Manjri) ,Vegetables,Onion,Local,Local,"1,500.00","2,500.00","2,200.00",Rs./Quintal,12.80,Metric Tonnes,17-07-2026
Maharashtra,Pune,Pune(Manjri) ,Vegetables,Onion,Local,Local,"1,500.00","2,600.00","2,200.00",Rs./Quintal,10.00,Metric Tonnes,16-07-2026
Maharashtra,Pune,Pune(Manjri) ,Vegetables,Onion,Local,Local,"1,500.00","2,500.00","2,200.00",Rs./Quintal,11.20,Metric Tonnes,15-07-2026
Maharashtra,Pune,Pune(Manjri) ,Vegetables,Onion,Local,Local,"1,700.00","2,700.00","2,200.00",Rs./Quintal,8.50,Metric Tonnes,14-07-2026
Maharashtra,Pune,Pune(Manjri) ,Vegetables,Onion,Local,Local,"1,700.00","3,000.00","2,200.00",Rs./Quintal,10.00,Metric Tonnes,13-07-2026
Maharashtra,Pune,Pune(Manjri) ,Vegetables,Onion,Local,Local,"1,500.00","2,500.00","2,000.00",Rs./Quintal,14.70,Metric Tonnes,12-07-2026
Maharashtra,Pune,Pune(Manjri) ,Vegetables,Onion,Local,Local,"1,700.00","3,000.00","2,200.00",Rs./Quintal,1.50,Metric Tonnes,11-07-2026
Maharashtra,Pune,Pune(Manjri) ,Vegetables,Onion,Local,Local,"2,000.00","3,000.00","2,500.00",Rs./Quintal,14.00,Metric Tonnes,10-07-2026
Maharashtra,Pune,Pune(Manjri) ,Vegetables,Onion,Local,Local,"1,500.00","3,000.00","2,200.00",Rs./Quintal,10.00,Metric Tonnes,09-07-2026
Maharashtra,Pune,Pune(Manjri) ,Vegetables,Onion,Local,Local,"1,500.00","3,000.00","2,200.00",Rs./Quintal,9.00,Metric Tonnes,08-07-2026
Maharashtra,Pune,Pune(Manjri) ,Vegetables,Onion,Local,Local,"1,500.00","3,000.00","2,000.00",Rs./Quintal,11.40,Metric Tonnes,07-07-2026
Maharashtra,Pune,Pune(Manjri) ,Vegetables,Onion,Local,Local,"2,000.00","3,200.00","2,800.00",Rs./Quintal,4.70,Metric Tonnes,06-07-2026
Maharashtra,Pune,Pune(Manjri) ,Vegetables,Onion,Local,Local,"1,000.00","2,000.00","1,700.00",Rs./Quintal,9.50,Metric Tonnes,05-07-2026
Maharashtra,Pune,Pune(Manjri) ,Vegetables,Onion,Local,Local,"1,200.00","2,200.00","1,600.00",Rs./Quintal,7.70,Metric Tonnes,04-07-2026
Maharashtra,Pune,Pune(Manjri) ,Vegetables,Onion,Local,Local,"1,200.00","2,200.00","1,600.00",Rs./Quintal,8.50,Metric Tonnes,03-07-2026
Maharashtra,Pune,Pune(Manjri) ,Vegetables,Onion,Local,Local,"1,500.00","2,500.00","2,000.00",Rs./Quintal,8.70,Metric Tonnes,02-07-2026
Maharashtra,Pune,Pune(Manjri) ,Vegetables,Onion,Local,Local,900.00,"2,500.00","1,700.00",Rs./Quintal,10.40,Metric Tonnes,01-07-2026
Maharashtra,Pune,Pune(Manjri) ,Vegetables,Onion,Local,Local,"1,500.00","2,800.00","2,200.00",Rs./Quintal,14.10,Metric Tonnes,30-06-2026
Maharashtra,Pune,Pune(Manjri) ,Vegetables,Onion,Local,Local,"1,000.00","3,100.00","2,000.00",Rs./Quintal,8.70,Metric Tonnes,29-06-2026
Maharashtra,Pune,Pune(Manjri) ,Vegetables,Onion,Local,Local,"1,500.00","3,000.00","2,200.00",Rs./Quintal,10.60,Metric Tonnes,28-06-2026
Maharashtra,Pune,Pune(Manjri) ,Vegetables,Onion,Local,Local,"1,100.00","3,000.00","1,600.00",Rs./Quintal,10.00,Metric Tonnes,27-06-2026
Maharashtra,Pune,Pune(Manjri) ,Vegetables,Onion,Local,Local,"1,100.00","2,400.00","1,600.00",Rs./Quintal,11.50,Metric Tonnes,26-06-2026
Maharashtra,Pune,Pune(Manjri) ,Vegetables,Onion,Local,Local,800.00,"2,200.00","1,500.00",Rs./Quintal,10.10,Metric Tonnes,25-06-2026
Maharashtra,Pune,Pune(Manjri) ,Vegetables,Onion,Local,Local,700.00,"2,400.00","1,500.00",Rs./Quintal,8.40,Metric Tonnes,24-06-2026
Maharashtra,Pune,Pune(Manjri) ,Vegetables,Onion,Local,Local,"1,100.00","1,700.00","1,500.00",Rs./Quintal,8.00,Metric Tonnes,23-06-2026
Maharashtra,Pune,Pune(Manjri) ,Vegetables,Onion,Local,Local,800.00,"1,700.00","1,400.00",Rs./Quintal,10.20,Metric Tonnes,22-06-2026
Maharashtra,Pune,Pune(Manjri) ,Vegetables,Onion,Local,Local,800.00,"1,600.00","1,500.00",Rs./Quintal,6.00,Metric Tonnes,21-06-2026
Maharashtra,Pune,Pune(Manjri) ,Vegetables,Onion,Local,Local,"1,500.00","2,200.00","1,700.00",Rs./Quintal,15.10,Metric Tonnes,20-06-2026
Maharashtra,Pune,Pune(Manjri) ,Vegetables,Onion,Local,Local,"1,100.00","2,200.00","1,700.00",Rs./Quintal,10.50,Metric Tonnes,19-06-2026
Maharashtra,Pune,Pune(Manjri) ,Vegetables,Onion,Local,Local,"1,100.00","2,200.00","1,700.00",Rs./Quintal,8.00,Metric Tonnes,18-06-2026
Maharashtra,Pune,Pune(Manjri) ,Vegetables,Onion,Local,Local,900.00,"1,800.00","1,500.00",Rs./Quintal,11.00,Metric Tonnes,17-06-2026
Maharashtra,Pune,Pune(Manjri) ,Vegetables,Onion,Local,Local,"1,000.00","1,700.00","1,300.00",Rs./Quintal,12.00,Metric Tonnes,16-06-2026
Maharashtra,Pune,Pune(Manjri) ,Vegetables,Onion,Local,Local,800.00,"1,600.00","1,300.00",Rs./Quintal,14.40,Metric Tonnes,15-06-2026
Maharashtra,Pune,Pune(Manjri) ,Vegetables,Onion,Local,Local,800.00,"1,600.00","1,300.00",Rs./Quintal,14.40,Metric Tonnes,14-06-2026
Maharashtra,Pune,Pune(Manjri) ,Vegetables,Onion,Local,Local,800.00,"1,600.00","1,300.00",Rs./Quintal,14.40,Metric Tonnes,13-06-2026
Maharashtra,Pune,Pune(Manjri) ,Vegetables,Onion,Local,Local,800.00,"1,700.00","1,300.00",Rs./Quintal,13.40,Metric Tonnes,12-06-2026
Maharashtra,Pune,Pune(Manjri) ,Vegetables,Onion,Local,Local,900.00,"1,700.00","1,300.00",Rs./Quintal,12.50,Metric Tonnes,11-06-2026
Maharashtra,Pune,Pune(Manjri) ,Vegetables,Onion,Local,Local,900.00,"1,700.00","1,300.00",Rs./Quintal,15.40,Metric Tonnes,10-06-2026
Maharashtra,Pune,Pune(Manjri) ,Vegetables,Onion,Local,Local,"1,100.00","2,000.00","1,500.00",Rs./Quintal,11.40,Metric Tonnes,09-06-2026
Maharashtra,Pune,Pune(Manjri) ,Vegetables,Onion,Local,Local,800.00,"1,700.00","1,400.00",Rs./Quintal,11.00,Metric Tonnes,08-06-2026
Maharashtra,Pune,Pune(Manjri) ,Vegetables,Onion,Local,Local,700.00,"1,700.00","1,400.00",Rs./Quintal,13.50,Metric Tonnes,07-06-2026
Maharashtra,Pune,Pune(Manjri) ,Vegetables,Onion,Local,Local,800.00,"1,700.00","1,300.00",Rs./Quintal,16.30,Metric Tonnes,06-06-2026
Maharashtra,Pune,Pune(Manjri) ,Vegetables,Onion,Local,Local,900.00,"1,700.00","1,300.00",Rs./Quintal,10.80,Metric Tonnes,05-06-2026
Maharashtra,Pune,Pune(Manjri) ,Vegetables,Onion,Local,Local,"1,100.00","1,700.00","1,500.00",Rs./Quintal,13.80,Metric Tonnes,04-06-2026
Maharashtra,Pune,Pune(Manjri) ,Vegetables,Onion,Local,Local,800.00,"1,700.00","1,300.00",Rs./Quintal,14.60,Metric Tonnes,03-06-2026
Maharashtra,Pune,Pune(Manjri) ,Vegetables,Onion,Local,Local,700.00,"1,800.00","1,400.00",Rs./Quintal,14.20,Metric Tonnes,02-06-2026
Maharashtra,Pune,Pune(Manjri) ,Vegetables,Onion,Local,Local,800.00,"2,000.00","1,500.00",Rs./Quintal,9.50,Metric Tonnes,01-06-2026
Maharashtra,Pune,Pune(Manjri) ,Vegetables,Onion,Local,Local,700.00,"1,500.00","1,300.00",Rs./Quintal,9.90,Metric Tonnes,31-05-2026
Maharashtra,Pune,Pune(Manjri) ,Vegetables,Onion,Local,Local,800.00,"2,000.00","1,200.00",Rs./Quintal,9.70,Metric Tonnes,30-05-2026
Maharashtra,Pune,Pune(Manjri) ,Vegetables,Onion,Local,Local,800.00,"1,500.00","1,100.00",Rs./Quintal,12.20,Metric Tonnes,29-05-2026
Maharashtra,Pune,Pune(Manjri) ,Vegetables,Onion,Local,Local,900.00,"1,500.00","1,100.00",Rs./Quintal,10.40,Metric Tonnes,28-05-2026
Maharashtra,Pune,Pune(Manjri) ,Vegetables,Onion,Local,Local,800.00,"1,500.00","1,100.00",Rs./Quintal,9.60,Metric Tonnes,27-05-2026
Maharashtra,Pune,Pune(Manjri) ,Vegetables,Onion,Local,Local,600.00,"1,100.00",900.00,Rs./Quintal,11.40,Metric Tonnes,26-05-2026
Maharashtra,Pune,Pune(Manjri) ,Vegetables,Onion,Local,Local,600.00,"1,100.00",900.00,Rs./Quintal,9.50,Metric Tonnes,25-05-2026
Maharashtra,Pune,Pune(Manjri) ,Vegetables,Onion,Local,Local,500.00,"1,000.00",800.00,Rs./Quintal,12.50,Metric Tonnes,24-05-2026
Maharashtra,Pune,Pune(Manjri) ,Vegetables,Onion,Local,Local,600.00,"1,100.00",800.00,Rs./Quintal,9.40,Metric Tonnes,23-05-2026
Maharashtra,Pune,Pune(Manjri) ,Vegetables,Onion,Local,Local,400.00,900.00,700.00,Rs./Quintal,5.10,Metric Tonnes,22-05-2026
Maharashtra,Pune,Pune(Manjri) ,Vegetables,Onion,Local,Local,600.00,"1,100.00",900.00,Rs./Quintal,14.20,Metric Tonnes,21-05-2026
Maharashtra,Pune,Pune(Manjri) ,Vegetables,Onion,Local,Local,500.00,"1,000.00",800.00,Rs./Quintal,9.20,Metric Tonnes,20-05-2026
Maharashtra,Pune,Pune(Manjri) ,Vegetables,Onion,Local,Local,500.00,900.00,700.00,Rs./Quintal,10.40,Metric Tonnes,19-05-2026
Maharashtra,Pune,Pune(Manjri) ,Vegetables,Onion,Local,Local,500.00,900.00,700.00,Rs./Quintal,12.20,Metric Tonnes,18-05-2026
Maharashtra,Pune,Pune(Manjri) ,Vegetables,Onion,Local,Local,400.00,"1,100.00",800.00,Rs./Quintal,12.40,Metric Tonnes,16-05-2026
Maharashtra,Pune,Pune(Manjri) ,Vegetables,Onion,Local,Local,400.00,"1,100.00",800.00,Rs./Quintal,10.50,Metric Tonnes,15-05-2026
Maharashtra,Pune,Pune(Manjri) ,Vegetables,Onion,Local,Local,600.00,"1,100.00",900.00,Rs./Quintal,12.20,Metric Tonnes,14-05-2026
Maharashtra,Pune,Pune(Manjri) ,Vegetables,Onion,Local,Local,700.00,"1,100.00",900.00,Rs./Quintal,12.40,Metric Tonnes,13-05-2026
Maharashtra,Pune,Pune(Manjri) ,Vegetables,Onion,Local,Local,700.00,"1,100.00",900.00,Rs./Quintal,11.00,Metric Tonnes,12-05-2026
Maharashtra,Pune,Pune(Manjri) ,Vegetables,Onion,Local,Local,700.00,"1,100.00",900.00,Rs./Quintal,10.80,Metric Tonnes,11-05-2026
Maharashtra,Pune,Pune(Manjri) ,Vegetables,Onion,Local,Local,700.00,"1,300.00","1,000.00",Rs./Quintal,11.30,Metric Tonnes,10-05-2026
Maharashtra,Pune,Pune(Manjri) ,Vegetables,Onion,Local,Local,400.00,"1,300.00",900.00,Rs./Quintal,14.10,Metric Tonnes,09-05-2026
Maharashtra,Pune,Pune(Manjri) ,Vegetables,Onion,Local,Local,700.00,"1,100.00",900.00,Rs./Quintal,9.50,Metric Tonnes,08-05-2026
Maharashtra,Pune,Pune(Manjri) ,Vegetables,Onion,Local,Local,600.00,"1,000.00",800.00,Rs./Quintal,8.00,Metric Tonnes,07-05-2026
Maharashtra,Pune,Pune(Manjri) ,Vegetables,Onion,Local,Local,700.00,"1,000.00",900.00,Rs./Quintal,11.20,Metric Tonnes,06-05-2026
Maharashtra,Pune,Pune(Manjri) ,Vegetables,Onion,Local,Local,500.00,"1,100.00",800.00,Rs./Quintal,13.80,Metric Tonnes,05-05-2026
Maharashtra,Pune,Pune(Manjri) ,Vegetables,Onion,Local,Local,900.00,"1,300.00","1,100.00",Rs./Quintal,15.30,Metric Tonnes,04-05-2026
Maharashtra,Pune,Pune(Manjri) ,Vegetables,Onion,Local,Local,700.00,"1,200.00","1,000.00",Rs./Quintal,13.60,Metric Tonnes,03-05-2026
Maharashtra,Pune,Pune(Manjri) ,Vegetables,Onion,Local,Local,800.00,"1,300.00","1,000.00",Rs./Quintal,19.30,Metric Tonnes,02-05-2026
Maharashtra,Pune,Pune(Manjri) ,Vegetables,Onion,Local,Local,400.00,"1,000.00",800.00,Rs./Quintal,7.40,Metric Tonnes,30-04-2026
Maharashtra,Pune,Pune(Manjri) ,Vegetables,Onion,Local,Local,400.00,"1,000.00",700.00,Rs./Quintal,6.10,Metric Tonnes,29-04-2026
Maharashtra,Pune,Pune(Manjri) ,Vegetables,Onion,Local,Local,500.00,"1,000.00",700.00,Rs./Quintal,8.70,Metric Tonnes,28-04-2026
Maharashtra,Pune,Pune(Manjri) ,Vegetables,Onion,Local,Local,400.00,"1,000.00",700.00,Rs./Quintal,9.10,Metric Tonnes,27-04-2026
Maharashtra,Pune,Pune(Manjri) ,Vegetables,Onion,Local,Local,400.00,"1,000.00",700.00,Rs./Quintal,10.20,Metric Tonnes,26-04-2026
Maharashtra,Pune,Pune(Manjri) ,Vegetables,Onion,Local,Local,500.00,900.00,700.00,Rs./Quintal,9.00,Metric Tonnes,25-04-2026
Maharashtra,Pune,Pune(Manjri) ,Vegetables,Onion,Local,Local,600.00,"1,100.00",800.00,Rs./Quintal,7.30,Metric Tonnes,24-04-2026
Maharashtra,Pune,Pune(Manjri) ,Vegetables,Onion,Local,Local,400.00,"1,000.00",800.00,Rs./Quintal,6.50,Metric Tonnes,23-04-2026
Maharashtra,Pune,Pune(Manjri) ,Vegetables,Onion,Local,Local,500.00,900.00,700.00,Rs./Quintal,7.00,Metric Tonnes,22-04-2026
Maharashtra,Pune,Pune(Manjri) ,Vegetables,Onion,Local,Local,500.00,900.00,700.00,Rs./Quintal,10.00,Metric Tonnes,21-04-2026
Maharashtra,Pune,Pune(Manjri) ,Vegetables,Onion,Local,Local,400.00,900.00,700.00,Rs./Quintal,9.30,Metric Tonnes,20-04-2026
Maharashtra,Pune,Pune(Manjri) ,Vegetables,Onion,Local,Local,400.00,900.00,800.00,Rs./Quintal,8.20,Metric Tonnes,19-04-2026
Maharashtra,Pune,Pune(Manjri) ,Vegetables,Onion,Local,Local,500.00,900.00,800.00,Rs./Quintal,10.50,Metric Tonnes,18-04-2026
Maharashtra,Pune,Pune(Manjri) ,Vegetables,Onion,Local,Local,500.00,"1,100.00",700.00,Rs./Quintal,10.70,Metric Tonnes,17-04-2026
Maharashtra,Pune,Pune(Manjri) ,Vegetables,Onion,Local,Local,"1,000.00","1,300.00","1,100.00",Rs./Quintal,6.00,Metric Tonnes,15-04-2026
Maharashtra,Pune,Pune(Manjri) ,Vegetables,Onion,Local,Local,700.00,"1,100.00",900.00,Rs./Quintal,4.00,Metric Tonnes,14-04-2026
Maharashtra,Pune,Pune(Manjri) ,Vegetables,Onion,Local,Local,"1,000.00","1,400.00","1,200.00",Rs./Quintal,5.30,Metric Tonnes,13-04-2026
Maharashtra,Pune,Pune(Manjri) ,Vegetables,Onion,Local,Local,"1,000.00","1,300.00","1,200.00",Rs./Quintal,5.70,Metric Tonnes,12-04-2026
Maharashtra,Pune,Pune(Manjri) ,Vegetables,Onion,Local,Local,"1,000.00","1,300.00","1,200.00",Rs./Quintal,4.00,Metric Tonnes,11-04-2026
Maharashtra,Pune,Pune(Manjri) ,Vegetables,Onion,Local,Local,"1,000.00","1,200.00","1,100.00",Rs./Quintal,8.10,Metric Tonnes,10-04-2026
Maharashtra,Pune,Pune(Manjri) ,Vegetables,Onion,Local,Local,700.00,"1,200.00",900.00,Rs./Quintal,4.60,Metric Tonnes,09-04-2026
Maharashtra,Pune,Pune(Manjri) ,Vegetables,Onion,Local,Local,"1,000.00","1,200.00","1,100.00",Rs./Quintal,3.30,Metric Tonnes,08-04-2026
Maharashtra,Pune,Pune(Manjri) ,Vegetables,Onion,Local,Local,900.00,"1,300.00","1,100.00",Rs./Quintal,5.30,Metric Tonnes,07-04-2026
Maharashtra,Pune,Pune(Manjri) ,Vegetables,Onion,Local,Local,800.00,"1,200.00","1,100.00",Rs./Quintal,7.10,Metric Tonnes,06-04-2026
Maharashtra,Pune,Pune(Manjri) ,Vegetables,Onion,Local,Local,900.00,"1,300.00","1,100.00",Rs./Quintal,9.80,Metric Tonnes,05-04-2026
Maharashtra,Pune,Pune(Manjri) ,Vegetables,Onion,Local,Local,"1,000.00","1,400.00","1,200.00",Rs./Quintal,4.60,Metric Tonnes,04-04-2026
Maharashtra,Pune,Pune(Manjri) ,Vegetables,Onion,Local,Local,900.00,"1,100.00","1,000.00",Rs./Quintal,3.10,Metric Tonnes,03-04-2026
Maharashtra,Pune,Pune(Manjri) ,Vegetables,Onion,Local,Local,700.00,"1,200.00",900.00,Rs./Quintal,4.00,Metric Tonnes,02-04-2026
Maharashtra,Pune,Pune(Manjri) ,Vegetables,Onion,Local,Local,900.00,"1,500.00","1,200.00",Rs./Quintal,6.00,Metric Tonnes,01-04-2026
Maharashtra,Pune,Pune(Manjri) ,Vegetables,Onion,Local,Local,"1,000.00","1,500.00","1,200.00",Rs./Quintal,5.50,Metric Tonnes,31-03-2026
Maharashtra,Pune,Pune(Manjri) ,Vegetables,Onion,Local,Local,900.00,"1,600.00","1,200.00",Rs./Quintal,5.90,Metric Tonnes,30-03-2026
Maharashtra,Pune,Pune(Manjri) ,Vegetables,Onion,Local,Local,"1,000.00","1,600.00","1,200.00",Rs./Quintal,9.80,Metric Tonnes,29-03-2026
Maharashtra,Pune,Pune(Manjri) ,Vegetables,Onion,Local,Local,900.00,"1,500.00","1,200.00",Rs./Quintal,6.50,Metric Tonnes,28-03-2026
Maharashtra,Pune,Pune(Manjri) ,Vegetables,Onion,Local,Local,700.00,"1,100.00",900.00,Rs./Quintal,7.30,Metric Tonnes,25-03-2026
Maharashtra,Pune,Pune(Manjri) ,Vegetables,Onion,Local,Local,650.00,"1,100.00",900.00,Rs./Quintal,6.30,Metric Tonnes,24-03-2026
Maharashtra,Pune,Pune(Manjri) ,Vegetables,Onion,Local,Local,900.00,"1,300.00","1,000.00",Rs./Quintal,7.60,Metric Tonnes,23-03-2026
Maharashtra,Pune,Pune(Manjri) ,Vegetables,Onion,Local,Local,800.00,"1,300.00","1,000.00",Rs./Quintal,7.90,Metric Tonnes,22-03-2026
Maharashtra,Pune,Pune(Manjri) ,Vegetables,Onion,Local,Local,700.00,"1,300.00","1,000.00",Rs./Quintal,7.10,Metric Tonnes,21-03-2026
Maharashtra,Pune,Pune(Manjri) ,Vegetables,Onion,Local,Local,800.00,"1,300.00","1,000.00",Rs./Quintal,5.20,Metric Tonnes,20-03-2026
Maharashtra,Pune,Pune(Manjri) ,Vegetables,Onion,Local,Local,700.00,"1,300.00","1,000.00",Rs./Quintal,4.90,Metric Tonnes,19-03-2026
Maharashtra,Pune,Pune(Manjri) ,Vegetables,Onion,Local,Local,700.00,"1,300.00","1,100.00",Rs./Quintal,8.40,Metric Tonnes,18-03-2026
Maharashtra,Pune,Pune(Manjri) ,Vegetables,Onion,Local,Local,700.00,"1,500.00","1,100.00",Rs./Quintal,7.50,Metric Tonnes,16-03-2026
Maharashtra,Pune,Pune(Manjri) ,Vegetables,Onion,Local,Local,800.00,"1,500.00","1,000.00",Rs./Quintal,7.00,Metric Tonnes,15-03-2026
Maharashtra,Pune,Pune(Manjri) ,Vegetables,Onion,Local,Local,900.00,"1,500.00","1,000.00",Rs./Quintal,8.00,Metric Tonnes,14-03-2026
Maharashtra,Pune,Pune(Manjri) ,Vegetables,Onion,Local,Local,900.00,"1,500.00","1,100.00",Rs./Quintal,7.00,Metric Tonnes,13-03-2026
Maharashtra,Pune,Pune(Manjri) ,Vegetables,Onion,Local,Local,700.00,"1,300.00","1,000.00",Rs./Quintal,7.00,Metric Tonnes,12-03-2026
Maharashtra,Pune,Pune(Manjri) ,Vegetables,Onion,Local,Local,800.00,"1,300.00","1,100.00",Rs./Quintal,6.00,Metric Tonnes,11-03-2026
Maharashtra,Pune,Pune(Manjri) ,Vegetables,Onion,Local,Local,700.00,"1,400.00","1,200.00",Rs./Quintal,7.20,Metric Tonnes,10-03-2026
Maharashtra,Pune,Pune(Manjri) ,Vegetables,Onion,Local,Local,800.00,"1,500.00","1,300.00",Rs./Quintal,7.10,Metric Tonnes,09-03-2026
Maharashtra,Pune,Pune(Manjri) ,Vegetables,Onion,Local,Local,600.00,"1,000.00",900.00,Rs./Quintal,9.90,Metric Tonnes,08-03-2026
Maharashtra,Pune,Pune(Manjri) ,Vegetables,Onion,Local,Local,650.00,"1,100.00",900.00,Rs./Quintal,8.40,Metric Tonnes,07-03-2026
Maharashtra,Pune,Pune(Manjri) ,Vegetables,Onion,Local,Local,600.00,"1,200.00",900.00,Rs./Quintal,7.50,Metric Tonnes,06-03-2026
Maharashtra,Pune,Pune(Manjri) ,Vegetables,Onion,Local,Local,650.00,"1,300.00","1,000.00",Rs./Quintal,6.70,Metric Tonnes,05-03-2026
Maharashtra,Pune,Pune(Manjri) ,Vegetables,Onion,Local,Local,700.00,"1,300.00","1,000.00",Rs./Quintal,7.10,Metric Tonnes,04-03-2026
Maharashtra,Pune,Pune(Manjri) ,Vegetables,Onion,Local,Local,800.00,"1,300.00","1,100.00",Rs./Quintal,3.90,Metric Tonnes,03-03-2026
Maharashtra,Pune,Pune(Manjri) ,Vegetables,Onion,Local,Local,500.00,"1,000.00",900.00,Rs./Quintal,6.20,Metric Tonnes,02-03-2026
Maharashtra,Pune,Pune(Manjri) ,Vegetables,Onion,Local,Local,650.00,"1,100.00",900.00,Rs./Quintal,8.60,Metric Tonnes,01-03-2026
Maharashtra,Pune,Pune(Manjri) ,Vegetables,Onion,Local,Local,600.00,"1,300.00","1,000.00",Rs./Quintal,6.50,Metric Tonnes,28-02-2026
Maharashtra,Pune,Pune(Manjri) ,Vegetables,Onion,Local,Local,600.00,"1,300.00","1,100.00",Rs./Quintal,7.60,Metric Tonnes,27-02-2026
Maharashtra,Pune,Pune(Manjri) ,Vegetables,Onion,Local,Local,700.00,"1,300.00","1,100.00",Rs./Quintal,6.60,Metric Tonnes,26-02-2026
Maharashtra,Pune,Pune(Manjri) ,Vegetables,Onion,Local,Local,800.00,"1,300.00","1,100.00",Rs./Quintal,8.30,Metric Tonnes,25-02-2026
Maharashtra,Pune,Pune(Manjri) ,Vegetables,Onion,Local,Local,800.00,"1,400.00","1,100.00",Rs./Quintal,4.40,Metric Tonnes,24-02-2026
Maharashtra,Pune,Pune(Manjri) ,Vegetables,Onion,Local,Local,900.00,"1,400.00","1,100.00",Rs./Quintal,6.10,Metric Tonnes,23-02-2026
Maharashtra,Pune,Pune(Manjri) ,Vegetables,Onion,Local,Local,500.00,"1,300.00",900.00,Rs./Quintal,7.50,Metric Tonnes,22-02-2026
Maharashtra,Pune,Pune(Manjri) ,Vegetables,Onion,Local,Local,400.00,"1,300.00",900.00,Rs./Quintal,8.00,Metric Tonnes,21-02-2026
Maharashtra,Pune,Pune(Manjri) ,Vegetables,Onion,Local,Local,600.00,"1,300.00","1,200.00",Rs./Quintal,6.50,Metric Tonnes,20-02-2026
Maharashtra,Pune,Pune(Manjri) ,Vegetables,Onion,Local,Local,600.00,"1,300.00","1,000.00",Rs./Quintal,5.00,Metric Tonnes,19-02-2026
Maharashtra,Pune,Pune(Manjri) ,Vegetables,Onion,Local,Local,700.00,"1,300.00","1,000.00",Rs./Quintal,6.90,Metric Tonnes,18-02-2026
Maharashtra,Pune,Pune(Manjri) ,Vegetables,Onion,Local,Local,600.00,"1,100.00",900.00,Rs./Quintal,6.10,Metric Tonnes,17-02-2026
Maharashtra,Pune,Pune(Manjri) ,Vegetables,Onion,Local,Local,600.00,"1,100.00",900.00,Rs./Quintal,6.50,Metric Tonnes,16-02-2026
Maharashtra,Pune,Pune(Manjri) ,Vegetables,Onion,Local,Local,600.00,"1,600.00","1,400.00",Rs./Quintal,5.50,Metric Tonnes,15-02-2026
Maharashtra,Pune,Pune(Manjri) ,Vegetables,Onion,Local,Local,700.00,"1,700.00","1,400.00",Rs./Quintal,6.40,Metric Tonnes,14-02-2026
Maharashtra,Pune,Pune(Manjri) ,Vegetables,Onion,Local,Local,400.00,"1,500.00",900.00,Rs./Quintal,6.60,Metric Tonnes,13-02-2026
Maharashtra,Pune,Pune(Manjri) ,Vegetables,Onion,Local,Local,700.00,"1,600.00","1,300.00",Rs./Quintal,7.60,Metric Tonnes,12-02-2026
Maharashtra,Pune,Pune(Manjri) ,Vegetables,Onion,Local,Local,700.00,"1,700.00","1,300.00",Rs./Quintal,8.80,Metric Tonnes,11-02-2026
Maharashtra,Pune,Pune(Manjri) ,Vegetables,Onion,Local,Local,600.00,"1,600.00","1,200.00",Rs./Quintal,6.90,Metric Tonnes,10-02-2026
Maharashtra,Pune,Pune(Manjri) ,Vegetables,Onion,Local,Local,600.00,"1,700.00","1,300.00",Rs./Quintal,8.20,Metric Tonnes,09-02-2026
Maharashtra,Pune,Pune(Manjri) ,Vegetables,Onion,Local,Local,600.00,"1,700.00","1,100.00",Rs./Quintal,7.60,Metric Tonnes,08-02-2026
Maharashtra,Pune,Pune(Manjri) ,Vegetables,Onion,Local,Local,900.00,"1,800.00","1,300.00",Rs./Quintal,6.70,Metric Tonnes,07-02-2026
Maharashtra,Pune,Pune(Manjri) ,Vegetables,Onion,Local,Local,800.00,"1,700.00","1,300.00",Rs./Quintal,4.90,Metric Tonnes,06-02-2026
Maharashtra,Pune,Pune(Manjri) ,Vegetables,Onion,Local,Local,500.00,"1,600.00","1,200.00",Rs./Quintal,7.40,Metric Tonnes,05-02-2026
Maharashtra,Pune,Pune(Manjri) ,Vegetables,Onion,Local,Local,900.00,"1,600.00","1,300.00",Rs./Quintal,6.20,Metric Tonnes,04-02-2026
Maharashtra,Pune,Pune(Manjri) ,Vegetables,Onion,Local,Local,900.00,"1,800.00","1,200.00",Rs./Quintal,6.90,Metric Tonnes,03-02-2026
Maharashtra,Pune,Pune(Manjri) ,Vegetables,Onion,Local,Local,900.00,"1,600.00","1,200.00",Rs./Quintal,6.50,Metric Tonnes,02-02-2026
Maharashtra,Pune,Pune(Manjri) ,Vegetables,Onion,Local,Local,400.00,"1,300.00",900.00,Rs./Quintal,10.90,Metric Tonnes,01-02-2026
Maharashtra,Pune,Pune(Manjri) ,Vegetables,Onion,Local,Local,500.00,"1,200.00","1,000.00",Rs./Quintal,7.10,Metric Tonnes,31-01-2026
Maharashtra,Pune,Pune(Manjri) ,Vegetables,Onion,Local,Local,500.00,"1,300.00","1,000.00",Rs./Quintal,9.90,Metric Tonnes,30-01-2026
Maharashtra,Pune,Pune(Manjri) ,Vegetables,Onion,Local,Local,400.00,"1,100.00",700.00,Rs./Quintal,6.60,Metric Tonnes,28-01-2026
Maharashtra,Pune,Pune(Manjri) ,Vegetables,Onion,Local,Local,400.00,"1,200.00",800.00,Rs./Quintal,11.00,Metric Tonnes,27-01-2026
Maharashtra,Pune,Pune(Manjri) ,Vegetables,Onion,Local,Local,500.00,"1,000.00",700.00,Rs./Quintal,9.50,Metric Tonnes,25-01-2026
Maharashtra,Pune,Pune(Manjri) ,Vegetables,Onion,Local,Local,400.00,"1,000.00",600.00,Rs./Quintal,12.30,Metric Tonnes,24-01-2026
Maharashtra,Pune,Pune(Manjri) ,Vegetables,Onion,Local,Local,650.00,"1,600.00","1,200.00",Rs./Quintal,7.40,Metric Tonnes,23-01-2026
Maharashtra,Pune,Pune(Manjri) ,Vegetables,Onion,Local,Local,400.00,900.00,700.00,Rs./Quintal,9.60,Metric Tonnes,22-01-2026
Maharashtra,Pune,Pune(Manjri) ,Vegetables,Onion,Local,Local,400.00,"1,000.00",700.00,Rs./Quintal,8.90,Metric Tonnes,21-01-2026
Maharashtra,Pune,Pune(Manjri) ,Vegetables,Onion,Local,Local,700.00,"1,500.00","1,000.00",Rs./Quintal,6.10,Metric Tonnes,20-01-2026
Maharashtra,Pune,Pune(Manjri) ,Vegetables,Onion,Local,Local,500.00,"1,200.00","1,000.00",Rs./Quintal,12.20,Metric Tonnes,19-01-2026
Maharashtra,Pune,Pune(Manjri) ,Vegetables,Onion,Local,Local,600.00,"1,200.00","1,000.00",Rs./Quintal,11.50,Metric Tonnes,18-01-2026
Maharashtra,Pune,Pune(Manjri) ,Vegetables,Onion,Local,Local,500.00,"1,000.00",800.00,Rs./Quintal,12.70,Metric Tonnes,17-01-2026
Maharashtra,Pune,Pune(Manjri) ,Vegetables,Onion,Local,Local,400.00,"1,200.00",900.00,Rs./Quintal,9.20,Metric Tonnes,16-01-2026
Maharashtra,Pune,Pune(Manjri) ,Vegetables,Onion,Local,Local,400.00,"1,200.00",800.00,Rs./Quintal,4.50,Metric Tonnes,14-01-2026
Maharashtra,Pune,Pune(Manjri) ,Vegetables,Onion,Local,Local,600.00,"1,800.00","1,200.00",Rs./Quintal,5.90,Metric Tonnes,13-01-2026
Maharashtra,Pune,Pune(Manjri) ,Vegetables,Onion,Local,Local,500.00,"1,600.00","1,000.00",Rs./Quintal,5.90,Metric Tonnes,12-01-2026
Maharashtra,Pune,Pune(Manjri) ,Vegetables,Onion,Local,Local,600.00,"1,600.00","1,000.00",Rs./Quintal,10.20,Metric Tonnes,11-01-2026
Maharashtra,Pune,Pune(Manjri) ,Vegetables,Onion,Local,Local,500.00,"1,700.00","1,200.00",Rs./Quintal,9.60,Metric Tonnes,10-01-2026
Maharashtra,Pune,Pune(Manjri) ,Vegetables,Onion,Local,Local,500.00,"1,800.00","1,500.00",Rs./Quintal,6.60,Metric Tonnes,09-01-2026
Maharashtra,Pune,Pune(Manjri) ,Vegetables,Onion,Local,Local,400.00,"1,600.00","1,000.00",Rs./Quintal,7.80,Metric Tonnes,08-01-2026
Maharashtra,Pune,Pune(Manjri) ,Vegetables,Onion,Local,Local,600.00,"1,800.00","1,400.00",Rs./Quintal,5.70,Metric Tonnes,07-01-2026
Maharashtra,Pune,Pune(Manjri) ,Vegetables,Onion,Local,Local,500.00,"1,800.00","1,200.00",Rs./Quintal,7.20,Metric Tonnes,06-01-2026
Maharashtra,Pune,Pune(Manjri) ,Vegetables,Onion,Local,Local,700.00,"1,500.00","1,300.00",Rs./Quintal,6.10,Metric Tonnes,05-01-2026
Maharashtra,Pune,Pune(Manjri) ,Vegetables,Onion,Local,Local,700.00,"1,600.00","1,400.00",Rs./Quintal,5.70,Metric Tonnes,04-01-2026
Maharashtra,Pune,Pune(Manjri) ,Vegetables,Onion,Local,Local,600.00,"1,500.00","1,300.00",Rs./Quintal,8.30,Metric Tonnes,03-01-2026
Maharashtra,Pune,Pune(Manjri) ,Vegetables,Onion,Local,Local,700.00,"1,600.00","1,400.00",Rs./Quintal,6.20,Metric Tonnes,02-01-2026
Maharashtra,Pune,Pune(Manjri) ,Vegetables,Onion,Local,Local,"1,000.00","1,600.00","1,400.00",Rs./Quintal,6.70,Metric Tonnes,01-01-2026
Maharashtra,Pune,Pune(Manjri) ,Vegetables,Onion,Local,Local,"1,000.00","1,600.00","1,300.00",Rs./Quintal,4.60,Metric Tonnes,31-12-2025
Maharashtra,Pune,Pune(Manjri) ,Vegetables,Onion,Local,Local,900.00,"1,600.00","1,400.00",Rs./Quintal,6.20,Metric Tonnes,30-12-2025
Maharashtra,Pune,Pune(Manjri) ,Vegetables,Onion,Local,Local,"1,000.00","1,600.00","1,300.00",Rs./Quintal,8.10,Metric Tonnes,29-12-2025
Maharashtra,Pune,Pune(Manjri) ,Vegetables,Onion,Local,Local,"1,000.00","1,600.00","1,300.00",Rs./Quintal,8.40,Metric Tonnes,28-12-2025
Maharashtra,Pune,Pune(Manjri) ,Vegetables,Onion,Local,Local,600.00,"1,400.00","1,000.00",Rs./Quintal,9.30,Metric Tonnes,27-12-2025
Maharashtra,Pune,Pune(Manjri) ,Vegetables,Onion,Local,Local,600.00,"1,200.00",900.00,Rs./Quintal,5.20,Metric Tonnes,26-12-2025
Maharashtra,Pune,Pune(Manjri) ,Vegetables,Onion,Local,Local,"1,000.00","1,700.00","1,400.00",Rs./Quintal,5.70,Metric Tonnes,25-12-2025
Maharashtra,Pune,Pune(Manjri) ,Vegetables,Onion,Local,Local,"1,000.00","1,700.00","1,400.00",Rs./Quintal,7.30,Metric Tonnes,24-12-2025
Maharashtra,Pune,Pune(Manjri) ,Vegetables,Onion,Local,Local,"1,000.00","1,600.00","1,300.00",Rs./Quintal,8.40,Metric Tonnes,23-12-2025
Maharashtra,Pune,Pune(Manjri) ,Vegetables,Onion,Local,Local,"1,000.00","1,700.00","1,400.00",Rs./Quintal,7.40,Metric Tonnes,22-12-2025
Maharashtra,Pune,Pune(Manjri) ,Vegetables,Onion,Local,Local,"1,000.00","1,800.00","1,400.00",Rs./Quintal,7.60,Metric Tonnes,21-12-2025
Maharashtra,Pune,Pune(Manjri) ,Vegetables,Onion,Local,Local,"1,000.00","1,700.00","1,400.00",Rs./Quintal,7.40,Metric Tonnes,20-12-2025
Maharashtra,Pune,Pune(Manjri) ,Vegetables,Onion,Local,Local,"1,000.00","1,800.00","1,400.00",Rs./Quintal,6.80,Metric Tonnes,19-12-2025
Maharashtra,Pune,Pune(Manjri) ,Vegetables,Onion,Local,Local,"1,000.00","1,600.00","1,300.00",Rs./Quintal,7.00,Metric Tonnes,18-12-2025
Maharashtra,Pune,Pune(Manjri) ,Vegetables,Onion,Local,Local,"1,600.00","2,000.00","1,800.00",Rs./Quintal,7.30,Metric Tonnes,17-12-2025
Maharashtra,Pune,Pune(Manjri) ,Vegetables,Onion,Local,Local,"1,000.00","1,800.00","1,400.00",Rs./Quintal,5.30,Metric Tonnes,16-12-2025
Maharashtra,Pune,Pune(Manjri) ,Vegetables,Onion,Local,Local,800.00,"2,000.00","1,400.00",Rs./Quintal,7.00,Metric Tonnes,15-12-2025
Maharashtra,Pune,Pune(Manjri) ,Vegetables,Onion,Local,Local,"1,000.00","1,800.00","1,400.00",Rs./Quintal,8.90,Metric Tonnes,14-12-2025
Maharashtra,Pune,Pune(Manjri) ,Vegetables,Onion,Local,Local,800.00,"2,000.00","1,400.00",Rs./Quintal,5.60,Metric Tonnes,13-12-2025
Maharashtra,Pune,Pune(Manjri) ,Vegetables,Onion,Local,Local,"1,000.00","1,600.00","1,300.00",Rs./Quintal,6.90,Metric Tonnes,12-12-2025
Maharashtra,Pune,Pune(Manjri) ,Vegetables,Onion,Local,Local,800.00,"1,600.00","1,200.00",Rs./Quintal,6.30,Metric Tonnes,11-12-2025
Maharashtra,Pune,Pune(Manjri) ,Vegetables,Onion,Local,Local,600.00,"1,300.00","1,000.00",Rs./Quintal,7.90,Metric Tonnes,09-12-2025
Maharashtra,Pune,Pune(Manjri) ,Vegetables,Onion,Local,Local,400.00,"1,200.00",800.00,Rs./Quintal,7.80,Metric Tonnes,08-12-2025
Maharashtra,Pune,Pune(Manjri) ,Vegetables,Onion,Local,Local,400.00,"1,300.00",900.00,Rs./Quintal,8.90,Metric Tonnes,07-12-2025
Maharashtra,Pune,Pune(Manjri) ,Vegetables,Onion,Local,Local,600.00,"1,500.00","1,000.00",Rs./Quintal,10.00,Metric Tonnes,06-12-2025
Maharashtra,Pune,Pune(Manjri) ,Vegetables,Onion,Local,Local,"1,000.00","2,000.00","1,500.00",Rs./Quintal,8.30,Metric Tonnes,05-12-2025
Maharashtra,Pune,Pune(Manjri) ,Vegetables,Onion,Local,Local,800.00,"1,800.00","1,300.00",Rs./Quintal,7.50,Metric Tonnes,04-12-2025
Maharashtra,Pune,Pune(Manjri) ,Vegetables,Onion,Local,Local,400.00,"1,200.00",800.00,Rs./Quintal,7.60,Metric Tonnes,03-12-2025
Maharashtra,Pune,Pune(Manjri) ,Vegetables,Onion,Local,Local,800.00,"1,800.00","1,300.00",Rs./Quintal,6.00,Metric Tonnes,02-12-2025
Maharashtra,Pune,Pune(Manjri) ,Vegetables,Onion,Local,Local,400.00,"1,000.00",700.00,Rs./Quintal,7.00,Metric Tonnes,01-12-2025
Maharashtra,Pune,Pune(Manjri) ,Vegetables,Onion,Local,Local,400.00,"1,000.00",700.00,Rs./Quintal,8.30,Metric Tonnes,30-11-2025
Maharashtra,Pune,Pune(Manjri) ,Vegetables,Onion,Local,Local,400.00,"1,000.00",700.00,Rs./Quintal,10.30,Metric Tonnes,29-11-2025
Maharashtra,Pune,Pune(Manjri) ,Vegetables,Onion,Local,Local,400.00,"1,000.00",700.00,Rs./Quintal,9.60,Metric Tonnes,28-11-2025
Maharashtra,Pune,Pune(Manjri) ,Vegetables,Onion,Local,Local,400.00,"1,000.00",700.00,Rs./Quintal,8.40,Metric Tonnes,27-11-2025
Maharashtra,Pune,Pune(Manjri) ,Vegetables,Onion,Local,Local,400.00,"1,000.00",800.00,Rs./Quintal,10.00,Metric Tonnes,26-11-2025
Maharashtra,Pune,Pune(Manjri) ,Vegetables,Onion,Local,Local,400.00,"1,000.00",700.00,Rs./Quintal,9.20,Metric Tonnes,25-11-2025
Maharashtra,Pune,Pune(Manjri) ,Vegetables,Onion,Local,Local,400.00,"1,000.00",700.00,Rs./Quintal,10.20,Metric Tonnes,24-11-2025
Maharashtra,Pune,Pune(Manjri) ,Vegetables,Onion,Local,Local,400.00,"1,000.00",700.00,Rs./Quintal,10.20,Metric Tonnes,23-11-2025
Maharashtra,Pune,Pune(Manjri) ,Vegetables,Onion,Local,Local,400.00,"1,200.00",800.00,Rs./Quintal,9.90,Metric Tonnes,22-11-2025
Maharashtra,Pune,Pune(Manjri) ,Vegetables,Onion,Local,Local,400.00,"1,200.00",800.00,Rs./Quintal,7.70,Metric Tonnes,21-11-2025
Maharashtra,Pune,Pune(Manjri) ,Vegetables,Onion,Local,Local,400.00,"1,200.00",800.00,Rs./Quintal,7.70,Metric Tonnes,20-11-2025
Maharashtra,Pune,Pune(Manjri) ,Vegetables,Onion,Local,Local,400.00,"1,200.00",800.00,Rs./Quintal,8.10,Metric Tonnes,19-11-2025
Maharashtra,Pune,Pune(Manjri) ,Vegetables,Onion,Local,Local,400.00,"1,200.00",800.00,Rs./Quintal,8.70,Metric Tonnes,18-11-2025
Maharashtra,Pune,Pune(Manjri) ,Vegetables,Onion,Local,Local,800.00,"1,200.00","1,000.00",Rs./Quintal,10.40,Metric Tonnes,17-11-2025
Maharashtra,Pune,Pune(Manjri) ,Vegetables,Onion,Local,Local,600.00,"1,000.00",800.00,Rs./Quintal,7.70,Metric Tonnes,16-11-2025
Maharashtra,Pune,Pune(Manjri) ,Vegetables,Onion,Local,Local,400.00,"1,600.00","1,000.00",Rs./Quintal,7.80,Metric Tonnes,15-11-2025
Maharashtra,Pune,Pune(Manjri) ,Vegetables,Onion,Local,Local,400.00,"1,200.00",800.00,Rs./Quintal,6.30,Metric Tonnes,14-11-2025
Maharashtra,Pune,Pune(Manjri) ,Vegetables,Onion,Local,Local,700.00,"1,200.00","1,000.00",Rs./Quintal,5.70,Metric Tonnes,13-11-2025
Maharashtra,Pune,Pune(Manjri) ,Vegetables,Onion,Local,Local,600.00,"1,200.00",900.00,Rs./Quintal,8.20,Metric Tonnes,12-11-2025
Maharashtra,Pune,Pune(Manjri) ,Vegetables,Onion,Local,Local,400.00,"1,200.00",800.00,Rs./Quintal,7.20,Metric Tonnes,11-11-2025
Maharashtra,Pune,Pune(Manjri) ,Vegetables,Onion,Local,Local,400.00,"1,200.00",800.00,Rs./Quintal,9.80,Metric Tonnes,10-11-2025
Maharashtra,Pune,Pune(Manjri) ,Vegetables,Onion,Local,Local,400.00,"1,400.00",900.00,Rs./Quintal,10.50,Metric Tonnes,09-11-2025
Maharashtra,Pune,Pune(Manjri) ,Vegetables,Onion,Local,Local,400.00,"1,200.00",800.00,Rs./Quintal,7.60,Metric Tonnes,08-11-2025
Maharashtra,Pune,Pune(Manjri) ,Vegetables,Onion,Local,Local,400.00,"1,200.00",800.00,Rs./Quintal,8.10,Metric Tonnes,07-11-2025
Maharashtra,Pune,Pune(Moshi) ,Vegetables,Onion,Local,Local,"2,500.00","4,000.00","3,250.00",Rs./Quintal,48.00,Metric Tonnes,28-09-2026
Maharashtra,Pune,Pune(Moshi) ,Vegetables,Onion,Local,Local,"2,000.00","4,500.00","3,250.00",Rs./Quintal,85.30,Metric Tonnes,27-09-2026
Maharashtra,Pune,Pune(Moshi) ,Vegetables,Onion,Local,Local,"2,000.00","4,500.00","3,250.00",Rs./Quintal,46.00,Metric Tonnes,25-09-2026
Maharashtra,Pune,Pune(Moshi) ,Vegetables,Onion,Local,Local,"2,000.00","4,000.00","3,000.00",Rs./Quintal,81.80,Metric Tonnes,24-09-2026
Maharashtra,Pune,Pune(Moshi) ,Vegetables,Onion,Local,Local,"2,000.00","4,500.00","3,250.00",Rs./Quintal,42.60,Metric Tonnes,22-09-2026
Maharashtra,Pune,Pune(Moshi) ,Vegetables,Onion,Local,Local,"2,000.00","4,500.00","3,250.00",Rs./Quintal,52.80,Metric Tonnes,21-09-2026
Maharashtra,Pune,Pune(Moshi) ,Vegetables,Onion,Local,Local,"2,000.00","4,500.00","3,250.00",Rs./Quintal,60.70,Metric Tonnes,20-09-2026
Maharashtra,Pune,Pune(Moshi) ,Vegetables,Onion,Local,Local,"2,000.00","4,500.00","3,250.00",Rs./Quintal,73.00,Metric Tonnes,19-09-2026
Maharashtra,Pune,Pune(Moshi) ,Vegetables,Onion,Local,Local,"2,400.00","4,400.00","3,400.00",Rs./Quintal,37.20,Metric Tonnes,18-09-2026
Maharashtra,Pune,Pune(Moshi) ,Vegetables,Onion,Local,Local,"2,200.00","4,500.00","3,350.00",Rs./Quintal,82.20,Metric Tonnes,17-09-2026
Maharashtra,Pune,Pune(Moshi) ,Vegetables,Onion,Local,Local,"2,500.00","4,500.00","3,500.00",Rs./Quintal,39.50,Metric Tonnes,15-09-2026
Maharashtra,Pune,Pune(Moshi) ,Vegetables,Onion,Local,Local,"2,500.00","4,500.00","3,500.00",Rs./Quintal,25.60,Metric Tonnes,14-09-2026
Maharashtra,Pune,Pune(Moshi) ,Vegetables,Onion,Local,Local,"2,500.00","4,200.00","3,350.00",Rs./Quintal,65.50,Metric Tonnes,13-09-2026
Maharashtra,Pune,Pune(Moshi) ,Vegetables,Onion,Local,Local,"2,000.00","4,500.00","3,250.00",Rs./Quintal,44.00,Metric Tonnes,12-09-2026
Maharashtra,Pune,Pune(Moshi) ,Vegetables,Onion,Local,Local,"2,000.00","4,500.00","3,250.00",Rs./Quintal,32.50,Metric Tonnes,11-09-2026
Maharashtra,Pune,Pune(Moshi) ,Vegetables,Onion,Local,Local,"2,500.00","4,500.00","3,500.00",Rs./Quintal,95.70,Metric Tonnes,10-09-2026
Maharashtra,Pune,Pune(Moshi) ,Vegetables,Onion,Local,Local,"2,500.00","4,000.00","3,250.00",Rs./Quintal,37.50,Metric Tonnes,08-09-2026
Maharashtra,Pune,Pune(Moshi) ,Vegetables,Onion,Local,Local,"2,000.00","4,800.00","3,400.00",Rs./Quintal,49.70,Metric Tonnes,07-09-2026
Maharashtra,Pune,Pune(Moshi) ,Vegetables,Onion,Local,Local,"3,000.00","4,000.00","3,500.00",Rs./Quintal,35.00,Metric Tonnes,06-09-2026
Maharashtra,Pune,Pune(Moshi) ,Vegetables,Onion,Local,Local,"2,500.00","4,500.00","3,500.00",Rs./Quintal,46.50,Metric Tonnes,05-09-2026
Maharashtra,Pune,Pune(Moshi) ,Vegetables,Onion,Local,Local,"2,500.00","4,500.00","3,500.00",Rs./Quintal,55.20,Metric Tonnes,04-09-2026
Maharashtra,Pune,Pune(Moshi) ,Vegetables,Onion,Local,Local,"2,000.00","4,500.00","3,250.00",Rs./Quintal,83.60,Metric Tonnes,03-09-2026
Maharashtra,Pune,Pune(Moshi) ,Vegetables,Onion,Local,Local,"1,200.00","2,500.00","1,850.00",Rs./Quintal,36.00,Metric Tonnes,01-09-2026
Maharashtra,Pune,Pune(Moshi) ,Vegetables,Onion,Local,Local,"1,500.00","2,500.00","2,000.00",Rs./Quintal,47.30,Metric Tonnes,31-08-2026
Maharashtra,Pune,Pune(Moshi) ,Vegetables,Onion,Local,Local,"1,000.00","2,500.00","1,750.00",Rs./Quintal,51.50,Metric Tonnes,30-08-2026
Maharashtra,Pune,Pune(Moshi) ,Vegetables,Onion,Local,Local,700.00,"2,500.00","1,600.00",Rs./Quintal,46.30,Metric Tonnes,29-08-2026
Maharashtra,Pune,Pune(Moshi) ,Vegetables,Onion,Local,Local,"1,500.00","3,500.00","2,500.00",Rs./Quintal,27.50,Metric Tonnes,28-08-2026
Maharashtra,Pune,Pune(Moshi) ,Vegetables,Onion,Local,Local,"2,000.00","3,000.00","2,500.00",Rs./Quintal,100.10,Metric Tonnes,27-08-2026
Maharashtra,Pune,Pune(Moshi) ,Vegetables,Onion,Local,Local,"1,500.00","3,500.00","2,500.00",Rs./Quintal,48.10,Metric Tonnes,25-08-2026
Maharashtra,Pune,Pune(Moshi) ,Vegetables,Onion,Local,Local,"1,000.00","3,000.00","2,000.00",Rs./Quintal,48.40,Metric Tonnes,24-08-2026
Maharashtra,Pune,Pune(Moshi) ,Vegetables,Onion,Local,Local,"1,500.00","3,500.00","2,500.00",Rs./Quintal,66.70,Metric Tonnes,23-08-2026
Maharashtra,Pune,Pune(Moshi) ,Vegetables,Onion,Local,Local,"1,500.00","3,000.00","2,250.00",Rs./Quintal,48.10,Metric Tonnes,22-08-2026
Maharashtra,Pune,Pune(Moshi) ,Vegetables,Onion,Local,Local,"2,500.00","2,500.00","2,500.00",Rs./Quintal,63.00,Metric Tonnes,21-08-2026
Maharashtra,Pune,Pune(Moshi) ,Vegetables,Onion,Local,Local,"1,500.00","3,000.00","2,250.00",Rs./Quintal,84.00,Metric Tonnes,20-08-2026
Maharashtra,Pune,Pune(Moshi) ,Vegetables,Onion,Local,Local,"1,000.00","3,000.00","2,000.00",Rs./Quintal,60.00,Metric Tonnes,18-08-2026
Maharashtra,Pune,Pune(Moshi) ,Vegetables,Onion,Local,Local,"1,000.00","2,000.00","1,500.00",Rs./Quintal,69.30,Metric Tonnes,17-08-2026
Maharashtra,Pune,Pune(Moshi) ,Vegetables,Onion,Local,Local,"1,000.00","3,000.00","2,000.00",Rs./Quintal,99.00,Metric Tonnes,16-08-2026
Maharashtra,Pune,Pune(Moshi) ,Vegetables,Onion,Local,Local,"1,000.00","3,000.00","2,000.00",Rs./Quintal,48.50,Metric Tonnes,14-08-2026
Maharashtra,Pune,Pune(Moshi) ,Vegetables,Onion,Local,Local,"1,000.00","3,000.00","2,000.00",Rs./Quintal,76.80,Metric Tonnes,13-08-2026
Maharashtra,Pune,Pune(Moshi) ,Vegetables,Onion,Local,Local,"1,000.00","2,500.00","1,750.00",Rs./Quintal,61.00,Metric Tonnes,11-08-2026
Maharashtra,Pune,Pune(Moshi) ,Vegetables,Onion,Local,Local,"1,000.00","2,400.00","1,700.00",Rs./Quintal,58.00,Metric Tonnes,10-08-2026
Maharashtra,Pune,Pune(Moshi) ,Vegetables,Onion,Local,Local,"1,000.00","2,400.00","1,700.00",Rs./Quintal,69.80,Metric Tonnes,09-08-2026
Maharashtra,Pune,Pune(Moshi) ,Vegetables,Onion,Local,Local,"1,000.00","2,000.00","1,500.00",Rs./Quintal,44.00,Metric Tonnes,08-08-2026
Maharashtra,Pune,Pune(Moshi) ,Vegetables,Onion,Local,Local,"1,000.00","2,500.00","1,750.00",Rs./Quintal,64.70,Metric Tonnes,07-08-2026
Maharashtra,Pune,Pune(Moshi) ,Vegetables,Onion,Local,Local,"1,000.00","2,500.00","1,750.00",Rs./Quintal,87.50,Metric Tonnes,06-08-2026
Maharashtra,Pune,Pune(Moshi) ,Vegetables,Onion,Local,Local,"1,000.00","2,500.00","1,750.00",Rs./Quintal,56.80,Metric Tonnes,04-08-2026
Maharashtra,Pune,Pune(Moshi) ,Vegetables,Onion,Local,Local,"1,000.00","2,500.00","1,750.00",Rs./Quintal,74.90,Metric Tonnes,03-08-2026
Maharashtra,Pune,Pune(Moshi) ,Vegetables,Onion,Local,Local,"1,000.00","2,500.00","1,750.00",Rs./Quintal,67.80,Metric Tonnes,02-08-2026
Maharashtra,Pune,Pune(Moshi) ,Vegetables,Onion,Local,Local,"1,000.00","3,000.00","2,000.00",Rs./Quintal,31.50,Metric Tonnes,01-08-2026
Maharashtra,Pune,Pune(Moshi) ,Vegetables,Onion,Local,Local,"1,000.00","2,500.00","1,750.00",Rs./Quintal,42.50,Metric Tonnes,31-07-2026
Maharashtra,Pune,Pune(Moshi) ,Vegetables,Onion,Local,Local,800.00,"1,500.00","1,150.00",Rs./Quintal,78.20,Metric Tonnes,30-07-2026
Maharashtra,Pune,Pune(Moshi) ,Vegetables,Onion,Local,Local,"1,000.00","2,500.00","1,750.00",Rs./Quintal,43.80,Metric Tonnes,28-07-2026
Maharashtra,Pune,Pune(Moshi) ,Vegetables,Onion,Local,Local,"1,000.00","2,200.00","1,600.00",Rs./Quintal,47.30,Metric Tonnes,27-07-2026
Maharashtra,Pune,Pune(Moshi) ,Vegetables,Onion,Local,Local,"1,000.00","1,600.00","1,300.00",Rs./Quintal,54.20,Metric Tonnes,26-07-2026
Maharashtra,Pune,Pune(Moshi) ,Vegetables,Onion,Local,Local,"1,000.00","2,200.00","1,600.00",Rs./Quintal,31.20,Metric Tonnes,25-07-2026
Maharashtra,Pune,Pune(Moshi) ,Vegetables,Onion,Local,Local,800.00,"2,300.00","1,550.00",Rs./Quintal,51.80,Metric Tonnes,24-07-2026
Maharashtra,Pune,Pune(Moshi) ,Vegetables,Onion,Local,Local,"1,000.00","2,000.00","1,500.00",Rs./Quintal,45.70,Metric Tonnes,23-07-2026
Maharashtra,Pune,Pune(Moshi) ,Vegetables,Onion,Local,Local,800.00,"2,000.00","1,400.00",Rs./Quintal,47.20,Metric Tonnes,21-07-2026
Maharashtra,Pune,Pune(Moshi) ,Vegetables,Onion,Local,Local,800.00,"2,000.00","1,400.00",Rs./Quintal,53.60,Metric Tonnes,20-07-2026
Maharashtra,Pune,Pune(Moshi) ,Vegetables,Onion,Local,Local,800.00,"2,000.00","1,400.00",Rs./Quintal,58.40,Metric Tonnes,19-07-2026
Maharashtra,Pune,Pune(Moshi) ,Vegetables,Onion,Local,Local,"1,000.00","2,000.00","1,500.00",Rs./Quintal,"5,600.00",Metric Tonnes,18-07-2026
Maharashtra,Pune,Pune(Moshi) ,Vegetables,Onion,Local,Local,900.00,"2,000.00","1,450.00",Rs./Quintal,49.10,Metric Tonnes,17-07-2026
Maharashtra,Pune,Pune(Moshi) ,Vegetables,Onion,Local,Local,"1,000.00","2,200.00","1,600.00",Rs./Quintal,74.80,Metric Tonnes,16-07-2026
Maharashtra,Pune,Pune(Moshi) ,Vegetables,Onion,Local,Local,"1,000.00","2,000.00","1,500.00",Rs./Quintal,35.80,Metric Tonnes,14-07-2026
Maharashtra,Pune,Pune(Moshi) ,Vegetables,Onion,Local,Local,800.00,"2,000.00","1,400.00",Rs./Quintal,85.70,Metric Tonnes,13-07-2026
Maharashtra,Pune,Pune(Moshi) ,Vegetables,Onion,Local,Local,"1,000.00","2,500.00","1,750.00",Rs./Quintal,93.00,Metric Tonnes,12-07-2026
Maharashtra,Pune,Pune(Moshi) ,Vegetables,Onion,Local,Local,"1,000.00","2,200.00","1,600.00",Rs./Quintal,106.20,Metric Tonnes,11-07-2026
Maharashtra,Pune,Pune(Moshi) ,Vegetables,Onion,Local,Local,"1,000.00","2,000.00","1,500.00",Rs./Quintal,98.30,Metric Tonnes,10-07-2026
Maharashtra,Pune,Pune(Moshi) ,Vegetables,Onion,Local,Local,"1,000.00","2,200.00","1,600.00",Rs./Quintal,42.80,Metric Tonnes,09-07-2026
Maharashtra,Pune,Pune(Moshi) ,Vegetables,Onion,Local,Local,"1,000.00","2,000.00","1,500.00",Rs./Quintal,16.70,Metric Tonnes,07-07-2026
Maharashtra,Pune,Pune(Moshi) ,Vegetables,Onion,Local,Local,"1,000.00","2,000.00","1,500.00",Rs./Quintal,36.50,Metric Tonnes,06-07-2026
Maharashtra,Pune,Pune(Moshi) ,Vegetables,Onion,Local,Local,"1,000.00","1,800.00","1,400.00",Rs./Quintal,28.70,Metric Tonnes,05-07-2026
Maharashtra,Pune,Pune(Moshi) ,Vegetables,Onion,Local,Local,"1,000.00","2,000.00","1,500.00",Rs./Quintal,26.70,Metric Tonnes,04-07-2026
Maharashtra,Pune,Pune(Moshi) ,Vegetables,Onion,Local,Local,800.00,"2,000.00","1,400.00",Rs./Quintal,37.00,Metric Tonnes,03-07-2026
Maharashtra,Pune,Pune(Moshi) ,Vegetables,Onion,Local,Local,800.00,"2,000.00","1,400.00",Rs./Quintal,86.40,Metric Tonnes,02-07-2026
Maharashtra,Pune,Pune(Moshi) ,Vegetables,Onion,Local,Local,700.00,"1,500.00","1,100.00",Rs./Quintal,65.30,Metric Tonnes,30-06-2026
Maharashtra,Pune,Pune(Moshi) ,Vegetables,Onion,Local,Local,800.00,"1,500.00","1,150.00",Rs./Quintal,57.10,Metric Tonnes,29-06-2026
Maharashtra,Pune,Pune(Moshi) ,Vegetables,Onion,Local,Local,800.00,"2,000.00","1,400.00",Rs./Quintal,84.10,Metric Tonnes,28-06-2026
Maharashtra,Pune,Pune(Moshi) ,Vegetables,Onion,Local,Local,"1,000.00","2,000.00","1,500.00",Rs./Quintal,68.30,Metric Tonnes,27-06-2026
Maharashtra,Pune,Pune(Moshi) ,Vegetables,Onion,Local,Local,800.00,"1,800.00","1,300.00",Rs./Quintal,88.40,Metric Tonnes,26-06-2026
Maharashtra,Pune,Pune(Moshi) ,Vegetables,Onion,Local,Local,800.00,"2,000.00","1,400.00",Rs./Quintal,74.40,Metric Tonnes,25-06-2026
Maharashtra,Pune,Pune(Moshi) ,Vegetables,Onion,Local,Local,700.00,"1,200.00",950.00,Rs./Quintal,40.80,Metric Tonnes,23-06-2026
Maharashtra,Pune,Pune(Moshi) ,Vegetables,Onion,Local,Local,700.00,"1,400.00","1,050.00",Rs./Quintal,74.30,Metric Tonnes,22-06-2026
Maharashtra,Pune,Pune(Moshi) ,Vegetables,Onion,Local,Local,"1,000.00","1,500.00","1,250.00",Rs./Quintal,76.20,Metric Tonnes,21-06-2026
Maharashtra,Pune,Pune(Moshi) ,Vegetables,Onion,Local,Local,700.00,"1,800.00","1,250.00",Rs./Quintal,54.00,Metric Tonnes,20-06-2026
Maharashtra,Pune,Pune(Moshi) ,Vegetables,Onion,Local,Local,800.00,"1,800.00","1,300.00",Rs./Quintal,71.10,Metric Tonnes,19-06-2026
Maharashtra,Pune,Pune(Moshi) ,Vegetables,Onion,Local,Local,800.00,"1,800.00","1,300.00",Rs./Quintal,90.10,Metric Tonnes,18-06-2026
Maharashtra,Pune,Pune(Moshi) ,Vegetables,Onion,Local,Local,700.00,"1,400.00","1,050.00",Rs./Quintal,67.90,Metric Tonnes,16-06-2026
Maharashtra,Pune,Pune(Moshi) ,Vegetables,Onion,Local,Local,600.00,"1,500.00","1,050.00",Rs./Quintal,72.30,Metric Tonnes,15-06-2026
Maharashtra,Pune,Pune(Moshi) ,Vegetables,Onion,Local,Local,500.00,"1,400.00",950.00,Rs./Quintal,57.90,Metric Tonnes,14-06-2026
Maharashtra,Pune,Pune(Moshi) ,Vegetables,Onion,Local,Local,600.00,"1,400.00","1,000.00",Rs./Quintal,90.80,Metric Tonnes,13-06-2026
Maharashtra,Pune,Pune(Moshi) ,Vegetables,Onion,Local,Local,500.00,"1,400.00",950.00,Rs./Quintal,68.20,Metric Tonnes,12-06-2026
Maharashtra,Pune,Pune(Moshi) ,Vegetables,Onion,Local,Local,600.00,"1,400.00","1,000.00",Rs./Quintal,108.20,Metric Tonnes,11-06-2026
Maharashtra,Pune,Pune(Moshi) ,Vegetables,Onion,Local,Local,600.00,"1,400.00","1,000.00",Rs./Quintal,58.40,Metric Tonnes,09-06-2026
Maharashtra,Pune,Pune(Moshi) ,Vegetables,Onion,Local,Local,500.00,"1,200.00",850.00,Rs./Quintal,64.30,Metric Tonnes,08-06-2026
Maharashtra,Pune,Pune(Moshi) ,Vegetables,Onion,Local,Local,600.00,"1,400.00","1,000.00",Rs./Quintal,77.70,Metric Tonnes,07-06-2026
Maharashtra,Pune,Pune(Moshi) ,Vegetables,Onion,Local,Local,500.00,"1,400.00",950.00,Rs./Quintal,53.50,Metric Tonnes,06-06-2026
Maharashtra,Pune,Pune(Moshi) ,Vegetables,Onion,Local,Local,600.00,"1,400.00","1,000.00",Rs./Quintal,91.40,Metric Tonnes,05-06-2026
Maharashtra,Pune,Pune(Moshi) ,Vegetables,Onion,Local,Local,600.00,"1,400.00","1,000.00",Rs./Quintal,131.30,Metric Tonnes,04-06-2026
Maharashtra,Pune,Pune(Moshi) ,Vegetables,Onion,Local,Local,500.00,"1,400.00",950.00,Rs./Quintal,78.20,Metric Tonnes,02-06-2026
Maharashtra,Pune,Pune(Moshi) ,Vegetables,Onion,Local,Local,600.00,"1,300.00",950.00,Rs./Quintal,57.30,Metric Tonnes,01-06-2026
Maharashtra,Pune,Pune(Moshi) ,Vegetables,Onion,Local,Local,800.00,"1,000.00",900.00,Rs./Quintal,64.80,Metric Tonnes,31-05-2026
Maharashtra,Pune,Pune(Moshi) ,Vegetables,Onion,Local,Local,600.00,"1,000.00",800.00,Rs./Quintal,63.80,Metric Tonnes,30-05-2026
Maharashtra,Pune,Pune(Moshi) ,Vegetables,Onion,Local,Local,600.00,"1,000.00",800.00,Rs./Quintal,48.60,Metric Tonnes,29-05-2026
Maharashtra,Pune,Pune(Moshi) ,Vegetables,Onion,Local,Local,500.00,"1,200.00",850.00,Rs./Quintal,96.10,Metric Tonnes,28-05-2026
Maharashtra,Pune,Pune(Moshi) ,Vegetables,Onion,Local,Local,400.00,"1,000.00",700.00,Rs./Quintal,67.20,Metric Tonnes,26-05-2026
Maharashtra,Pune,Pune(Moshi) ,Vegetables,Onion,Local,Local,500.00,"1,000.00",750.00,Rs./Quintal,68.50,Metric Tonnes,25-05-2026
Maharashtra,Pune,Pune(Moshi) ,Vegetables,Onion,Local,Local,400.00,"1,000.00",700.00,Rs./Quintal,82.10,Metric Tonnes,24-05-2026
Maharashtra,Pune,Pune(Moshi) ,Vegetables,Onion,Local,Local,400.00,"1,000.00",700.00,Rs./Quintal,65.00,Metric Tonnes,23-05-2026
Maharashtra,Pune,Pune(Moshi) ,Vegetables,Onion,Local,Local,400.00,"1,000.00",700.00,Rs./Quintal,73.20,Metric Tonnes,22-05-2026
Maharashtra,Pune,Pune(Moshi) ,Vegetables,Onion,Local,Local,400.00,"1,000.00",700.00,Rs./Quintal,96.30,Metric Tonnes,21-05-2026
Maharashtra,Pune,Pune(Moshi) ,Vegetables,Onion,Local,Local,400.00,"1,000.00",700.00,Rs./Quintal,71.30,Metric Tonnes,19-05-2026
Maharashtra,Pune,Pune(Moshi) ,Vegetables,Onion,Local,Local,400.00,"1,000.00",700.00,Rs./Quintal,53.50,Metric Tonnes,18-05-2026
Maharashtra,Pune,Pune(Moshi) ,Vegetables,Onion,Local,Local,400.00,"1,000.00",700.00,Rs./Quintal,58.00,Metric Tonnes,17-05-2026
Maharashtra,Pune,Pune(Moshi) ,Vegetables,Onion,Local,Local,500.00,"1,000.00",750.00,Rs./Quintal,64.50,Metric Tonnes,16-05-2026
Maharashtra,Pune,Pune(Moshi) ,Vegetables,Onion,Local,Local,400.00,"1,000.00",700.00,Rs./Quintal,48.60,Metric Tonnes,15-05-2026
Maharashtra,Pune,Pune(Moshi) ,Vegetables,Onion,Local,Local,400.00,"1,000.00",700.00,Rs./Quintal,71.90,Metric Tonnes,14-05-2026
Maharashtra,Pune,Pune(Moshi) ,Vegetables,Onion,Local,Local,500.00,"1,000.00",750.00,Rs./Quintal,51.70,Metric Tonnes,12-05-2026
Maharashtra,Pune,Pune(Moshi) ,Vegetables,Onion,Local,Local,500.00,"1,000.00",750.00,Rs./Quintal,56.60,Metric Tonnes,11-05-2026
Maharashtra,Pune,Pune(Moshi) ,Vegetables,Onion,Local,Local,500.00,"1,000.00",750.00,Rs./Quintal,60.80,Metric Tonnes,10-05-2026
Maharashtra,Pune,Pune(Moshi) ,Vegetables,Onion,Local,Local,400.00,"1,000.00",700.00,Rs./Quintal,69.30,Metric Tonnes,09-05-2026
Maharashtra,Pune,Pune(Moshi) ,Vegetables,Onion,Local,Local,400.00,"1,000.00",700.00,Rs./Quintal,78.00,Metric Tonnes,08-05-2026
Maharashtra,Pune,Pune(Moshi) ,Vegetables,Onion,Local,Local,500.00,900.00,700.00,Rs./Quintal,90.10,Metric Tonnes,04-05-2026
Maharashtra,Pune,Pune(Moshi) ,Vegetables,Onion,Local,Local,400.00,900.00,650.00,Rs./Quintal,77.00,Metric Tonnes,03-05-2026
Maharashtra,Pune,Pune(Moshi) ,Vegetables,Onion,Local,Local,400.00,"1,000.00",700.00,Rs./Quintal,74.50,Metric Tonnes,02-05-2026
Maharashtra,Pune,Pune(Moshi) ,Vegetables,Onion,Local,Local,400.00,"1,000.00","1,000.00",Rs./Quintal,88.70,Metric Tonnes,30-04-2026
Maharashtra,Pune,Pune(Moshi) ,Vegetables,Onion,Local,Local,400.00,"1,000.00",700.00,Rs./Quintal,33.60,Metric Tonnes,28-04-2026
Maharashtra,Pune,Pune(Moshi) ,Vegetables,Onion,Local,Local,400.00,"1,000.00",700.00,Rs./Quintal,56.00,Metric Tonnes,27-04-2026
Maharashtra,Pune,Pune(Moshi) ,Vegetables,Onion,Local,Local,400.00,"1,000.00",700.00,Rs./Quintal,46.30,Metric Tonnes,26-04-2026
Maharashtra,Pune,Pune(Moshi) ,Vegetables,Onion,Local,Local,500.00,"1,000.00",750.00,Rs./Quintal,48.40,Metric Tonnes,24-04-2026
Maharashtra,Pune,Pune(Moshi) ,Vegetables,Onion,Local,Local,300.00,"1,000.00",650.00,Rs./Quintal,69.70,Metric Tonnes,23-04-2026
Maharashtra,Pune,Pune(Moshi) ,Vegetables,Onion,Local,Local,500.00,"1,000.00",750.00,Rs./Quintal,58.30,Metric Tonnes,21-04-2026
Maharashtra,Pune,Pune(Moshi) ,Vegetables,Onion,Local,Local,900.00,"1,000.00",950.00,Rs./Quintal,41.50,Metric Tonnes,20-04-2026
Maharashtra,Pune,Pune(Moshi) ,Vegetables,Onion,Local,Local,400.00,"1,000.00",700.00,Rs./Quintal,64.10,Metric Tonnes,19-04-2026
Maharashtra,Pune,Pune(Moshi) ,Vegetables,Onion,Local,Local,400.00,"1,000.00",700.00,Rs./Quintal,81.70,Metric Tonnes,18-04-2026
Maharashtra,Pune,Pune(Moshi) ,Vegetables,Onion,Local,Local,400.00,"1,000.00",700.00,Rs./Quintal,81.80,Metric Tonnes,17-04-2026
Maharashtra,Pune,Pune(Moshi) ,Vegetables,Onion,Local,Local,300.00,"1,000.00",650.00,Rs./Quintal,121.10,Metric Tonnes,16-04-2026
Maharashtra,Pune,Pune(Moshi) ,Vegetables,Onion,Local,Local,500.00,"1,200.00",850.00,Rs./Quintal,77.10,Metric Tonnes,14-04-2026
Maharashtra,Pune,Pune(Moshi) ,Vegetables,Onion,Local,Local,500.00,"1,200.00",850.00,Rs./Quintal,71.20,Metric Tonnes,13-04-2026
Maharashtra,Pune,Pune(Moshi) ,Vegetables,Onion,Local,Local,500.00,"1,200.00",850.00,Rs./Quintal,76.20,Metric Tonnes,12-04-2026
Maharashtra,Pune,Pune(Moshi) ,Vegetables,Onion,Local,Local,400.00,"1,200.00",800.00,Rs./Quintal,85.60,Metric Tonnes,11-04-2026
Maharashtra,Pune,Pune(Moshi) ,Vegetables,Onion,Local,Local,500.00,"1,200.00","1,100.00",Rs./Quintal,73.70,Metric Tonnes,10-04-2026
Maharashtra,Pune,Pune(Moshi) ,Vegetables,Onion,Local,Local,300.00,"1,000.00",650.00,Rs./Quintal,97.20,Metric Tonnes,09-04-2026
Maharashtra,Pune,Pune(Moshi) ,Vegetables,Onion,Local,Local,500.00,"1,200.00",850.00,Rs./Quintal,50.50,Metric Tonnes,07-04-2026
Maharashtra,Pune,Pune(Moshi) ,Vegetables,Onion,Local,Local,500.00,"1,200.00",850.00,Rs./Quintal,85.50,Metric Tonnes,06-04-2026
Maharashtra,Pune,Pune(Moshi) ,Vegetables,Onion,Local,Local,400.00,"1,000.00",700.00,Rs./Quintal,50.80,Metric Tonnes,05-04-2026
Maharashtra,Pune,Pune(Moshi) ,Vegetables,Onion,Local,Local,400.00,"1,000.00",700.00,Rs./Quintal,45.10,Metric Tonnes,04-04-2026
Maharashtra,Pune,Pune(Moshi) ,Vegetables,Onion,Local,Local,400.00,"1,000.00",700.00,Rs./Quintal,45.50,Metric Tonnes,03-04-2026
Maharashtra,Pune,Pune(Moshi) ,Vegetables,Onion,Local,Local,300.00,"1,000.00",650.00,Rs./Quintal,66.20,Metric Tonnes,02-04-2026
Maharashtra,Pune,Pune(Moshi) ,Vegetables,Onion,Local,Local,700.00,"1,200.00",950.00,Rs./Quintal,48.70,Metric Tonnes,31-03-2026
Maharashtra,Pune,Pune(Moshi) ,Vegetables,Onion,Local,Local,400.00,"1,000.00",700.00,Rs./Quintal,75.20,Metric Tonnes,30-03-2026
Maharashtra,Pune,Pune(Moshi) ,Vegetables,Onion,Local,Local,400.00,"1,200.00",800.00,Rs./Quintal,80.00,Metric Tonnes,29-03-2026
Maharashtra,Pune,Pune(Moshi) ,Vegetables,Onion,Local,Local,300.00,"1,100.00",700.00,Rs./Quintal,86.40,Metric Tonnes,28-03-2026
Maharashtra,Pune,Pune(Moshi) ,Vegetables,Onion,Local,Local,400.00,"1,200.00",800.00,Rs./Quintal,81.60,Metric Tonnes,27-03-2026
Maharashtra,Pune,Pune(Moshi) ,Vegetables,Onion,Local,Local,600.00,"1,000.00",800.00,Rs./Quintal,134.70,Metric Tonnes,26-03-2026
Maharashtra,Pune,Pune(Moshi) ,Vegetables,Onion,Local,Local,300.00,"1,200.00",750.00,Rs./Quintal,88.10,Metric Tonnes,24-03-2026
Maharashtra,Pune,Pune(Moshi) ,Vegetables,Onion,Local,Local,400.00,"1,000.00",700.00,Rs./Quintal,63.70,Metric Tonnes,23-03-2026
Maharashtra,Pune,Pune(Moshi) ,Vegetables,Onion,Local,Local,400.00,"1,200.00",800.00,Rs./Quintal,93.20,Metric Tonnes,22-03-2026
Maharashtra,Pune,Pune(Moshi) ,Vegetables,Onion,Local,Local,400.00,"1,200.00",800.00,Rs./Quintal,61.80,Metric Tonnes,21-03-2026
Maharashtra,Pune,Pune(Moshi) ,Vegetables,Onion,Local,Local,400.00,"1,200.00",800.00,Rs./Quintal,56.20,Metric Tonnes,20-03-2026
Maharashtra,Pune,Pune(Moshi) ,Vegetables,Onion,Local,Local,400.00,"1,200.00",800.00,Rs./Quintal,68.00,Metric Tonnes,19-03-2026
Maharashtra,Pune,Pune(Moshi) ,Vegetables,Onion,Local,Local,400.00,"1,200.00",800.00,Rs./Quintal,68.50,Metric Tonnes,17-03-2026
Maharashtra,Pune,Pune(Moshi) ,Vegetables,Onion,Local,Local,400.00,"1,200.00",800.00,Rs./Quintal,66.50,Metric Tonnes,16-03-2026
Maharashtra,Pune,Pune(Moshi) ,Vegetables,Onion,Local,Local,400.00,"1,200.00",800.00,Rs./Quintal,100.90,Metric Tonnes,15-03-2026
Maharashtra,Pune,Pune(Moshi) ,Vegetables,Onion,Local,Local,400.00,"1,000.00",700.00,Rs./Quintal,66.50,Metric Tonnes,14-03-2026
Maharashtra,Pune,Pune(Moshi) ,Vegetables,Onion,Local,Local,400.00,"1,000.00",700.00,Rs./Quintal,65.50,Metric Tonnes,13-03-2026
Maharashtra,Pune,Pune(Moshi) ,Vegetables,Onion,Local,Local,400.00,"1,200.00",800.00,Rs./Quintal,106.80,Metric Tonnes,12-03-2026
Maharashtra,Pune,Pune(Moshi) ,Vegetables,Onion,Local,Local,300.00,"1,200.00",750.00,Rs./Quintal,70.10,Metric Tonnes,10-03-2026
Maharashtra,Pune,Pune(Moshi) ,Vegetables,Onion,Local,Local,300.00,"1,200.00",750.00,Rs./Quintal,63.60,Metric Tonnes,09-03-2026
Maharashtra,Pune,Pune(Moshi) ,Vegetables,Onion,Local,Local,400.00,"1,200.00",800.00,Rs./Quintal,78.50,Metric Tonnes,08-03-2026
Maharashtra,Pune,Pune(Moshi) ,Vegetables,Onion,Local,Local,300.00,"1,000.00",650.00,Rs./Quintal,70.00,Metric Tonnes,07-03-2026
Maharashtra,Pune,Pune(Moshi) ,Vegetables,Onion,Local,Local,300.00,"1,000.00",650.00,Rs./Quintal,70.00,Metric Tonnes,06-03-2026
Maharashtra,Pune,Pune(Moshi) ,Vegetables,Onion,Local,Local,400.00,"1,200.00",800.00,Rs./Quintal,79.30,Metric Tonnes,05-03-2026
Maharashtra,Pune,Pune(Moshi) ,Vegetables,Onion,Local,Local,400.00,"1,000.00",700.00,Rs./Quintal,63.00,Metric Tonnes,01-03-2026
Maharashtra,Pune,Pune(Moshi) ,Vegetables,Onion,Local,Local,500.00,"1,000.00",750.00,Rs./Quintal,90.80,Metric Tonnes,28-02-2026
Maharashtra,Pune,Pune(Moshi) ,Vegetables,Onion,Local,Local,400.00,"1,000.00",700.00,Rs./Quintal,62.60,Metric Tonnes,27-02-2026
Maharashtra,Pune,Pune(Moshi) ,Vegetables,Onion,Local,Local,400.00,"1,000.00",700.00,Rs./Quintal,118.70,Metric Tonnes,26-02-2026
Maharashtra,Pune,Pune(Moshi) ,Vegetables,Onion,Local,Local,350.00,"1,100.00",725.00,Rs./Quintal,53.90,Metric Tonnes,23-02-2026
Maharashtra,Pune,Pune(Moshi) ,Vegetables,Onion,Local,Local,400.00,"1,200.00",800.00,Rs./Quintal,82.70,Metric Tonnes,22-02-2026
Maharashtra,Pune,Pune(Moshi) ,Vegetables,Onion,Local,Local,500.00,"1,200.00",850.00,Rs./Quintal,54.70,Metric Tonnes,21-02-2026
Maharashtra,Pune,Pune(Moshi) ,Vegetables,Onion,Local,Local,500.00,"1,000.00",750.00,Rs./Quintal,46.60,Metric Tonnes,20-02-2026
Maharashtra,Pune,Pune(Moshi) ,Vegetables,Onion,Local,Local,400.00,"1,200.00",800.00,Rs./Quintal,100.00,Metric Tonnes,19-02-2026
Maharashtra,Pune,Pune(Moshi) ,Vegetables,Onion,Local,Local,500.00,"1,300.00",900.00,Rs./Quintal,50.80,Metric Tonnes,17-02-2026
Maharashtra,Pune,Pune(Moshi) ,Vegetables,Onion,Local,Local,400.00,"1,200.00",800.00,Rs./Quintal,62.90,Metric Tonnes,16-02-2026
Maharashtra,Pune,Pune(Moshi) ,Vegetables,Onion,Local,Local,500.00,"1,000.00","1,000.00",Rs./Quintal,70.30,Metric Tonnes,15-02-2026
Maharashtra,Pune,Pune(Moshi) ,Vegetables,Onion,Local,Local,500.00,"1,200.00",850.00,Rs./Quintal,62.10,Metric Tonnes,14-02-2026
Maharashtra,Pune,Pune(Moshi) ,Vegetables,Onion,Local,Local,400.00,"1,200.00",800.00,Rs./Quintal,43.50,Metric Tonnes,13-02-2026
Maharashtra,Pune,Pune(Moshi) ,Vegetables,Onion,Local,Local,500.00,"1,200.00",850.00,Rs./Quintal,98.50,Metric Tonnes,12-02-2026
Maharashtra,Pune,Pune(Moshi) ,Vegetables,Onion,Local,Local,500.00,"1,200.00",850.00,Rs./Quintal,54.80,Metric Tonnes,10-02-2026
Maharashtra,Pune,Pune(Moshi) ,Vegetables,Onion,Local,Local,400.00,"1,200.00",800.00,Rs./Quintal,60.20,Metric Tonnes,09-02-2026
Maharashtra,Pune,Pune(Moshi) ,Vegetables,Onion,Local,Local,500.00,"1,200.00",850.00,Rs./Quintal,61.80,Metric Tonnes,08-02-2026
Maharashtra,Pune,Pune(Moshi) ,Vegetables,Onion,Local,Local,400.00,"1,200.00",800.00,Rs./Quintal,63.70,Metric Tonnes,07-02-2026
Maharashtra,Pune,Pune(Moshi) ,Vegetables,Onion,Local,Local,500.00,"1,300.00",900.00,Rs./Quintal,"6,730.00",Metric Tonnes,06-02-2026
Maharashtra,Pune,Pune(Moshi) ,Vegetables,Onion,Local,Local,500.00,"1,200.00",850.00,Rs./Quintal,123.10,Metric Tonnes,05-02-2026
Maharashtra,Pune,Pune(Moshi) ,Vegetables,Onion,Local,Local,500.00,"1,400.00",950.00,Rs./Quintal,54.50,Metric Tonnes,03-02-2026
Maharashtra,Pune,Pune(Moshi) ,Vegetables,Onion,Local,Local,500.00,"1,500.00","1,000.00",Rs./Quintal,68.00,Metric Tonnes,02-02-2026
Maharashtra,Pune,Pune(Moshi) ,Vegetables,Onion,Local,Local,500.00,"1,500.00","1,000.00",Rs./Quintal,88.70,Metric Tonnes,01-02-2026
Maharashtra,Pune,Pune(Moshi) ,Vegetables,Onion,Local,Local,500.00,"1,500.00","1,000.00",Rs./Quintal,82.70,Metric Tonnes,31-01-2026
Maharashtra,Pune,Pune(Moshi) ,Vegetables,Onion,Local,Local,500.00,"1,600.00","1,050.00",Rs./Quintal,129.70,Metric Tonnes,30-01-2026
Maharashtra,Pune,Pune(Moshi) ,Vegetables,Onion,Local,Local,800.00,"1,500.00","1,150.00",Rs./Quintal,78.50,Metric Tonnes,27-01-2026
Maharashtra,Pune,Pune(Moshi) ,Vegetables,Onion,Local,Local,800.00,"1,500.00","1,150.00",Rs./Quintal,65.10,Metric Tonnes,25-01-2026
Maharashtra,Pune,Pune(Moshi) ,Vegetables,Onion,Local,Local,800.00,"1,500.00","1,150.00",Rs./Quintal,36.00,Metric Tonnes,24-01-2026
Maharashtra,Pune,Pune(Moshi) ,Vegetables,Onion,Local,Local,500.00,"1,600.00","1,050.00",Rs./Quintal,53.30,Metric Tonnes,23-01-2026
Maharashtra,Pune,Pune(Moshi) ,Vegetables,Onion,Local,Local,300.00,"1,500.00",900.00,Rs./Quintal,118.60,Metric Tonnes,22-01-2026
Maharashtra,Pune,Pune(Moshi) ,Vegetables,Onion,Local,Local,700.00,"1,500.00","1,100.00",Rs./Quintal,71.60,Metric Tonnes,20-01-2026
Maharashtra,Pune,Pune(Moshi) ,Vegetables,Onion,Local,Local,500.00,"1,400.00",950.00,Rs./Quintal,50.50,Metric Tonnes,19-01-2026
Maharashtra,Pune,Pune(Moshi) ,Vegetables,Onion,Local,Local,500.00,"1,500.00","1,000.00",Rs./Quintal,60.90,Metric Tonnes,18-01-2026
Maharashtra,Pune,Pune(Moshi) ,Vegetables,Onion,Local,Local,500.00,"1,500.00","1,000.00",Rs./Quintal,64.30,Metric Tonnes,17-01-2026
Maharashtra,Pune,Pune(Moshi) ,Vegetables,Onion,Local,Local,500.00,"1,500.00","1,050.00",Rs./Quintal,138.60,Metric Tonnes,16-01-2026
Maharashtra,Pune,Pune(Moshi) ,Vegetables,Onion,Local,Local,500.00,"1,500.00","1,000.00",Rs./Quintal,59.00,Metric Tonnes,13-01-2026
Maharashtra,Pune,Pune(Moshi) ,Vegetables,Onion,Local,Local,500.00,"1,500.00","1,000.00",Rs./Quintal,51.70,Metric Tonnes,12-01-2026
Maharashtra,Pune,Pune(Moshi) ,Vegetables,Onion,Local,Local,500.00,"1,400.00",950.00,Rs./Quintal,84.60,Metric Tonnes,11-01-2026
Maharashtra,Pune,Pune(Moshi) ,Vegetables,Onion,Local,Local,500.00,"1,500.00","1,000.00",Rs./Quintal,51.40,Metric Tonnes,10-01-2026
Maharashtra,Pune,Pune(Moshi) ,Vegetables,Onion,Local,Local,500.00,"1,500.00","1,000.00",Rs./Quintal,61.40,Metric Tonnes,09-01-2026
Maharashtra,Pune,Pune(Moshi) ,Vegetables,Onion,Local,Local,500.00,"1,600.00","1,050.00",Rs./Quintal,93.30,Metric Tonnes,08-01-2026
Maharashtra,Pune,Pune(Moshi) ,Vegetables,Onion,Local,Local,500.00,"1,500.00","1,000.00",Rs./Quintal,57.30,Metric Tonnes,06-01-2026
Maharashtra,Pune,Pune(Moshi) ,Vegetables,Onion,Local,Local,500.00,"1,600.00","1,050.00",Rs./Quintal,68.00,Metric Tonnes,05-01-2026
Maharashtra,Pune,Pune(Moshi) ,Vegetables,Onion,Local,Local,500.00,"1,600.00","1,050.00",Rs./Quintal,77.40,Metric Tonnes,04-01-2026
Maharashtra,Pune,Pune(Moshi) ,Vegetables,Onion,Local,Local,500.00,"1,800.00","1,150.00",Rs./Quintal,67.20,Metric Tonnes,03-01-2026
Maharashtra,Pune,Pune(Moshi) ,Vegetables,Onion,Local,Local,500.00,"1,600.00","1,050.00",Rs./Quintal,57.00,Metric Tonnes,02-01-2026
Maharashtra,Pune,Pune(Moshi) ,Vegetables,Onion,Local,Local,500.00,"1,500.00","1,000.00",Rs./Quintal,64.60,Metric Tonnes,01-01-2026
Maharashtra,Pune,Pune(Moshi) ,Vegetables,Onion,Local,Local,500.00,"1,500.00","1,000.00",Rs./Quintal,60.80,Metric Tonnes,30-12-2025
Maharashtra,Pune,Pune(Moshi) ,Vegetables,Onion,Local,Local,500.00,"1,600.00","1,050.00",Rs./Quintal,76.60,Metric Tonnes,28-12-2025
Maharashtra,Pune,Pune(Moshi) ,Vegetables,Onion,Local,Local,400.00,"1,800.00","1,100.00",Rs./Quintal,84.90,Metric Tonnes,27-12-2025
Maharashtra,Pune,Pune(Moshi) ,Vegetables,Onion,Local,Local,400.00,"1,500.00",950.00,Rs./Quintal,56.30,Metric Tonnes,26-12-2025
Maharashtra,Pune,Pune(Moshi) ,Vegetables,Onion,Local,Local,500.00,"1,800.00","1,150.00",Rs./Quintal,94.20,Metric Tonnes,25-12-2025
Maharashtra,Pune,Pune(Moshi) ,Vegetables,Onion,Local,Local,700.00,"1,800.00","1,250.00",Rs./Quintal,53.50,Metric Tonnes,23-12-2025
Maharashtra,Pune,Pune(Moshi) ,Vegetables,Onion,Local,Local,600.00,"1,800.00","1,200.00",Rs./Quintal,84.00,Metric Tonnes,22-12-2025
Maharashtra,Pune,Pune(Moshi) ,Vegetables,Onion,Local,Local,500.00,"2,000.00","1,250.00",Rs./Quintal,72.70,Metric Tonnes,21-12-2025
Maharashtra,Pune,Pune(Moshi) ,Vegetables,Onion,Local,Local,600.00,"2,000.00","1,300.00",Rs./Quintal,76.00,Metric Tonnes,20-12-2025
Maharashtra,Pune,Pune(Moshi) ,Vegetables,Onion,Local,Local,700.00,"2,300.00","1,500.00",Rs./Quintal,69.40,Metric Tonnes,19-12-2025
Maharashtra,Pune,Pune(Moshi) ,Vegetables,Onion,Local,Local,700.00,"2,300.00","1,500.00",Rs./Quintal,99.30,Metric Tonnes,18-12-2025
Maharashtra,Pune,Pune(Moshi) ,Vegetables,Onion,Local,Local,"1,000.00","2,300.00","1,650.00",Rs./Quintal,84.80,Metric Tonnes,16-12-2025
Maharashtra,Pune,Pune(Moshi) ,Vegetables,Onion,Local,Local,700.00,"2,200.00","1,450.00",Rs./Quintal,66.70,Metric Tonnes,15-12-2025
Maharashtra,Pune,Pune(Moshi) ,Vegetables,Onion,Local,Local,800.00,"2,300.00","1,550.00",Rs./Quintal,52.10,Metric Tonnes,14-12-2025
Maharashtra,Pune,Pune(Moshi) ,Vegetables,Onion,Local,Local,700.00,"2,000.00","1,350.00",Rs./Quintal,37.80,Metric Tonnes,13-12-2025
Maharashtra,Pune,Pune(Moshi) ,Vegetables,Onion,Local,Local,700.00,"2,300.00","1,500.00",Rs./Quintal,41.80,Metric Tonnes,12-12-2025
Maharashtra,Pune,Pune(Moshi) ,Vegetables,Onion,Local,Local,600.00,"1,000.00",800.00,Rs./Quintal,63.90,Metric Tonnes,11-12-2025
Maharashtra,Pune,Pune(Moshi) ,Vegetables,Onion,Local,Local,500.00,"1,400.00",950.00,Rs./Quintal,41.80,Metric Tonnes,09-12-2025
Maharashtra,Pune,Pune(Moshi) ,Vegetables,Onion,Local,Local,500.00,"1,200.00",850.00,Rs./Quintal,27.00,Metric Tonnes,08-12-2025
Maharashtra,Pune,Pune(Moshi) ,Vegetables,Onion,Local,Local,300.00,"1,200.00",750.00,Rs./Quintal,62.00,Metric Tonnes,07-12-2025
Maharashtra,Pune,Pune(Moshi) ,Vegetables,Onion,Local,Local,500.00,"1,000.00",750.00,Rs./Quintal,60.20,Metric Tonnes,06-12-2025
Maharashtra,Pune,Pune(Moshi) ,Vegetables,Onion,Local,Local,700.00,"1,500.00","1,100.00",Rs./Quintal,29.30,Metric Tonnes,05-12-2025
Maharashtra,Pune,Pune(Moshi) ,Vegetables,Onion,Local,Local,300.00,"1,500.00",900.00,Rs./Quintal,105.20,Metric Tonnes,04-12-2025
Maharashtra,Pune,Pune(Moshi) ,Vegetables,Onion,Local,Local,400.00,"1,400.00",900.00,Rs./Quintal,35.80,Metric Tonnes,02-12-2025
Maharashtra,Pune,Pune(Moshi) ,Vegetables,Onion,Local,Local,400.00,"1,400.00",900.00,Rs./Quintal,54.10,Metric Tonnes,01-12-2025
Maharashtra,Pune,Pune(Moshi) ,Vegetables,Onion,Local,Local,400.00,"1,500.00",950.00,Rs./Quintal,79.70,Metric Tonnes,30-11-2025
Maharashtra,Pune,Pune(Moshi) ,Vegetables,Onion,Local,Local,400.00,"1,400.00",900.00,Rs./Quintal,59.00,Metric Tonnes,29-11-2025
Maharashtra,Pune,Pune(Moshi) ,Vegetables,Onion,Local,Local,400.00,"1,500.00",950.00,Rs./Quintal,46.80,Metric Tonnes,28-11-2025
Maharashtra,Pune,Pune(Moshi) ,Vegetables,Onion,Local,Local,500.00,"1,400.00",950.00,Rs./Quintal,100.00,Metric Tonnes,27-11-2025
Maharashtra,Pune,Pune(Moshi) ,Vegetables,Onion,Local,Local,400.00,"1,400.00",900.00,Rs./Quintal,68.10,Metric Tonnes,25-11-2025
Maharashtra,Pune,Pune(Moshi) ,Vegetables,Onion,Local,Local,400.00,"1,500.00",950.00,Rs./Quintal,46.60,Metric Tonnes,24-11-2025
Maharashtra,Pune,Pune(Moshi) ,Vegetables,Onion,Local,Local,400.00,"1,400.00",900.00,Rs./Quintal,54.00,Metric Tonnes,23-11-2025
Maharashtra,Pune,Pune(Moshi) ,Vegetables,Onion,Local,Local,400.00,"1,400.00",900.00,Rs./Quintal,72.00,Metric Tonnes,22-11-2025
Maharashtra,Pune,Pune(Moshi) ,Vegetables,Onion,Local,Local,500.00,"1,400.00",950.00,Rs./Quintal,62.00,Metric Tonnes,21-11-2025
Maharashtra,Pune,Pune(Moshi) ,Vegetables,Onion,Local,Local,300.00,"1,600.00",950.00,Rs./Quintal,112.00,Metric Tonnes,20-11-2025
Maharashtra,Pune,Pune(Moshi) ,Vegetables,Onion,Local,Local,700.00,"1,600.00","1,150.00",Rs./Quintal,63.20,Metric Tonnes,18-11-2025
Maharashtra,Pune,Pune(Moshi) ,Vegetables,Onion,Local,Local,300.00,"1,600.00",950.00,Rs./Quintal,80.30,Metric Tonnes,17-11-2025
Maharashtra,Pune,Pune(Moshi) ,Vegetables,Onion,Local,Local,500.00,"1,600.00","1,050.00",Rs./Quintal,46.20,Metric Tonnes,16-11-2025
Maharashtra,Pune,Pune(Moshi) ,Vegetables,Onion,Local,Local,500.00,"1,800.00","1,150.00",Rs./Quintal,85.90,Metric Tonnes,15-11-2025
Maharashtra,Pune,Pune(Moshi) ,Vegetables,Onion,Local,Local,700.00,"1,600.00","1,150.00",Rs./Quintal,47.90,Metric Tonnes,14-11-2025
Maharashtra,Pune,Pune(Moshi) ,Vegetables,Onion,Local,Local,700.00,"1,500.00","1,100.00",Rs./Quintal,119.70,Metric Tonnes,13-11-2025
Maharashtra,Pune,Pune(Moshi) ,Vegetables,Onion,Local,Local,700.00,"1,500.00","1,100.00",Rs./Quintal,61.70,Metric Tonnes,11-11-2025
Maharashtra,Pune,Pune(Moshi) ,Vegetables,Onion,Local,Local,500.00,"1,500.00","1,000.00",Rs./Quintal,42.00,Metric Tonnes,10-11-2025
Maharashtra,Pune,Pune(Moshi) ,Vegetables,Onion,Local,Local,400.00,"1,600.00","1,000.00",Rs./Quintal,70.30,Metric Tonnes,09-11-2025
Maharashtra,Pune,Pune(Moshi) ,Vegetables,Onion,Local,Local,500.00,"1,600.00",500.00,Rs./Quintal,47.50,Metric Tonnes,08-11-2025
Maharashtra,Pune,Pune(Moshi) ,Vegetables,Onion,Local,Local,500.00,"1,600.00","1,050.00",Rs./Quintal,77.40,Metric Tonnes,07-11-2025
Maharashtra,Pune,Pune(Pimpri) ,Vegetables,Onion,Local,Local,"3,000.00","4,800.00","3,900.00",Rs./Quintal,1.60,Metric Tonnes,28-09-2026
Maharashtra,Pune,Pune(Pimpri) ,Vegetables,Onion,Local,Local,"2,300.00","4,700.00","3,500.00",Rs./Quintal,3.10,Metric Tonnes,27-09-2026
Maharashtra,Pune,Pune(Pimpri) ,Vegetables,Onion,Local,Local,"3,200.00","4,800.00","4,000.00",Rs./Quintal,2.60,Metric Tonnes,26-09-2026
Maharashtra,Pune,Pune(Pimpri) ,Vegetables,Onion,Local,Local,"3,000.00","4,800.00","3,900.00",Rs./Quintal,3.10,Metric Tonnes,25-09-2026
Maharashtra,Pune,Pune(Pimpri) ,Vegetables,Onion,Local,Local,"3,500.00","4,500.00","4,000.00",Rs./Quintal,3.00,Metric Tonnes,24-09-2026
Maharashtra,Pune,Pune(Pimpri) ,Vegetables,Onion,Local,Local,"2,000.00","4,700.00","3,350.00",Rs./Quintal,1.40,Metric Tonnes,23-09-2026
Maharashtra,Pune,Pune(Pimpri) ,Vegetables,Onion,Local,Local,"3,500.00","5,200.00","4,350.00",Rs./Quintal,0.40,Metric Tonnes,22-09-2026
Maharashtra,Pune,Pune(Pimpri) ,Vegetables,Onion,Local,Local,"2,000.00","4,600.00","3,300.00",Rs./Quintal,1.50,Metric Tonnes,21-09-2026
Maharashtra,Pune,Pune(Pimpri) ,Vegetables,Onion,Local,Local,"3,000.00","5,500.00","4,250.00",Rs./Quintal,1.40,Metric Tonnes,20-09-2026
Maharashtra,Pune,Pune(Pimpri) ,Vegetables,Onion,Local,Local,"4,200.00","4,600.00","4,400.00",Rs./Quintal,0.70,Metric Tonnes,19-09-2026
Maharashtra,Pune,Pune(Pimpri) ,Vegetables,Onion,Local,Local,"2,100.00","4,600.00","3,350.00",Rs./Quintal,1.30,Metric Tonnes,18-09-2026
Maharashtra,Pune,Pune(Pimpri) ,Vegetables,Onion,Local,Local,"2,700.00","4,700.00","3,700.00",Rs./Quintal,1.60,Metric Tonnes,17-09-2026
Maharashtra,Pune,Pune(Pimpri) ,Vegetables,Onion,Local,Local,"2,200.00","4,700.00","3,450.00",Rs./Quintal,2.00,Metric Tonnes,16-09-2026
Maharashtra,Pune,Pune(Pimpri) ,Vegetables,Onion,Local,Local,"3,500.00","4,500.00","4,000.00",Rs./Quintal,0.20,Metric Tonnes,15-09-2026
Maharashtra,Pune,Pune(Pimpri) ,Vegetables,Onion,Local,Local,"2,500.00","4,500.00","3,500.00",Rs./Quintal,0.50,Metric Tonnes,14-09-2026
Maharashtra,Pune,Pune(Pimpri) ,Vegetables,Onion,Local,Local,"2,500.00","4,700.00","3,600.00",Rs./Quintal,3.30,Metric Tonnes,13-09-2026
Maharashtra,Pune,Pune(Pimpri) ,Vegetables,Onion,Local,Local,"2,500.00","5,000.00","3,750.00",Rs./Quintal,1.10,Metric Tonnes,12-09-2026
Maharashtra,Pune,Pune(Pimpri) ,Vegetables,Onion,Local,Local,"2,500.00","4,900.00","3,700.00",Rs./Quintal,3.30,Metric Tonnes,11-09-2026
Maharashtra,Pune,Pune(Pimpri) ,Vegetables,Onion,Local,Local,"3,000.00","5,000.00","4,000.00",Rs./Quintal,2.10,Metric Tonnes,10-09-2026
Maharashtra,Pune,Pune(Pimpri) ,Vegetables,Onion,Local,Local,"2,100.00","4,700.00","3,400.00",Rs./Quintal,2.00,Metric Tonnes,09-09-2026
Maharashtra,Pune,Pune(Pimpri) ,Vegetables,Onion,Local,Local,"2,500.00","3,500.00","3,000.00",Rs./Quintal,0.20,Metric Tonnes,08-09-2026
Maharashtra,Pune,Pune(Pimpri) ,Vegetables,Onion,Local,Local,"2,400.00","4,600.00","3,500.00",Rs./Quintal,1.70,Metric Tonnes,07-09-2026
Maharashtra,Pune,Pune(Pimpri) ,Vegetables,Onion,Local,Local,"3,000.00","4,500.00","3,750.00",Rs./Quintal,2.90,Metric Tonnes,06-09-2026
Maharashtra,Pune,Pune(Pimpri) ,Vegetables,Onion,Local,Local,"2,500.00","4,000.00","3,250.00",Rs./Quintal,1.20,Metric Tonnes,05-09-2026
Maharashtra,Pune,Pune(Pimpri) ,Vegetables,Onion,Local,Local,"2,000.00","4,000.00","3,000.00",Rs./Quintal,3.30,Metric Tonnes,04-09-2026
Maharashtra,Pune,Pune(Pimpri) ,Vegetables,Onion,Local,Local,"2,500.00","4,200.00","3,350.00",Rs./Quintal,4.90,Metric Tonnes,03-09-2026
Maharashtra,Pune,Pune(Pimpri) ,Vegetables,Onion,Local,Local,"2,000.00","4,400.00","3,200.00",Rs./Quintal,5.80,Metric Tonnes,02-09-2026
Maharashtra,Pune,Pune(Pimpri) ,Vegetables,Onion,Local,Local,"1,500.00","4,000.00","2,750.00",Rs./Quintal,2.50,Metric Tonnes,01-09-2026
Maharashtra,Pune,Pune(Pimpri) ,Vegetables,Onion,Local,Local,"2,500.00","4,000.00","3,250.00",Rs./Quintal,2.70,Metric Tonnes,31-08-2026
Maharashtra,Pune,Pune(Pimpri) ,Vegetables,Onion,Local,Local,"3,600.00","4,400.00","4,000.00",Rs./Quintal,0.80,Metric Tonnes,30-08-2026
Maharashtra,Pune,Pune(Pimpri) ,Vegetables,Onion,Local,Local,"1,800.00","4,000.00","2,900.00",Rs./Quintal,1.30,Metric Tonnes,29-08-2026
Maharashtra,Pune,Pune(Pimpri) ,Vegetables,Onion,Local,Local,"2,200.00","3,700.00","2,950.00",Rs./Quintal,1.70,Metric Tonnes,28-08-2026
Maharashtra,Pune,Pune(Pimpri) ,Vegetables,Onion,Local,Local,"1,600.00","3,800.00","2,700.00",Rs./Quintal,2.40,Metric Tonnes,27-08-2026
Maharashtra,Pune,Pune(Pimpri) ,Vegetables,Onion,Local,Local,"3,200.00","3,800.00","3,500.00",Rs./Quintal,1.80,Metric Tonnes,26-08-2026
Maharashtra,Pune,Pune(Pimpri) ,Vegetables,Onion,Local,Local,"2,200.00","3,700.00","2,950.00",Rs./Quintal,1.60,Metric Tonnes,25-08-2026
Maharashtra,Pune,Pune(Pimpri) ,Vegetables,Onion,Local,Local,"1,600.00","3,400.00","2,500.00",Rs./Quintal,1.00,Metric Tonnes,24-08-2026
Maharashtra,Pune,Pune(Pimpri) ,Vegetables,Onion,Local,Local,"1,500.00","3,500.00","2,500.00",Rs./Quintal,2.20,Metric Tonnes,23-08-2026
Maharashtra,Pune,Pune(Pimpri) ,Vegetables,Onion,Local,Local,"2,500.00","3,500.00","3,000.00",Rs./Quintal,0.90,Metric Tonnes,22-08-2026
Maharashtra,Pune,Pune(Pimpri) ,Vegetables,Onion,Local,Local,"2,000.00","3,700.00","2,850.00",Rs./Quintal,1.90,Metric Tonnes,21-08-2026
Maharashtra,Pune,Pune(Pimpri) ,Vegetables,Onion,Local,Local,"2,300.00","3,700.00","3,000.00",Rs./Quintal,1.90,Metric Tonnes,20-08-2026
Maharashtra,Pune,Pune(Pimpri) ,Vegetables,Onion,Local,Local,"2,300.00","3,700.00","3,000.00",Rs./Quintal,1.50,Metric Tonnes,19-08-2026
Maharashtra,Pune,Pune(Pimpri) ,Vegetables,Onion,Local,Local,"2,700.00","3,300.00","3,000.00",Rs./Quintal,1.60,Metric Tonnes,18-08-2026
Maharashtra,Pune,Pune(Pimpri) ,Vegetables,Onion,Local,Local,"2,000.00","3,700.00","2,850.00",Rs./Quintal,1.50,Metric Tonnes,17-08-2026
Maharashtra,Pune,Pune(Pimpri) ,Vegetables,Onion,Local,Local,"2,000.00","3,500.00","2,750.00",Rs./Quintal,2.10,Metric Tonnes,16-08-2026
Maharashtra,Pune,Pune(Pimpri) ,Vegetables,Onion,Local,Local,"1,500.00","3,000.00","2,250.00",Rs./Quintal,1.40,Metric Tonnes,15-08-2026
Maharashtra,Pune,Pune(Pimpri) ,Vegetables,Onion,Local,Local,"1,500.00","2,500.00","2,000.00",Rs./Quintal,0.40,Metric Tonnes,14-08-2026
Maharashtra,Pune,Pune(Pimpri) ,Vegetables,Onion,Local,Local,"1,500.00","2,500.00","2,000.00",Rs./Quintal,1.60,Metric Tonnes,13-08-2026
Maharashtra,Pune,Pune(Pimpri) ,Vegetables,Onion,Local,Local,"1,500.00","2,500.00","2,000.00",Rs./Quintal,2.40,Metric Tonnes,12-08-2026
Maharashtra,Pune,Pune(Pimpri) ,Vegetables,Onion,Local,Local,"1,000.00","2,500.00","1,750.00",Rs./Quintal,0.80,Metric Tonnes,11-08-2026
Maharashtra,Pune,Pune(Pimpri) ,Vegetables,Onion,Local,Local,"1,500.00","2,500.00","2,000.00",Rs./Quintal,1.70,Metric Tonnes,10-08-2026
Maharashtra,Pune,Pune(Pimpri) ,Vegetables,Onion,Local,Local,"1,500.00","2,500.00","2,000.00",Rs./Quintal,1.00,Metric Tonnes,09-08-2026
Maharashtra,Pune,Pune(Pimpri) ,Vegetables,Onion,Local,Local,"1,000.00","2,500.00","1,750.00",Rs./Quintal,3.20,Metric Tonnes,08-08-2026
Maharashtra,Pune,Pune(Pimpri) ,Vegetables,Onion,Local,Local,"1,000.00","2,500.00","1,750.00",Rs./Quintal,2.40,Metric Tonnes,07-08-2026
Maharashtra,Pune,Pune(Pimpri) ,Vegetables,Onion,Local,Local,"2,000.00","2,300.00","2,150.00",Rs./Quintal,0.50,Metric Tonnes,06-08-2026
Maharashtra,Pune,Pune(Pimpri) ,Vegetables,Onion,Local,Local,"1,300.00","2,300.00","1,800.00",Rs./Quintal,2.10,Metric Tonnes,05-08-2026
Maharashtra,Pune,Pune(Pimpri) ,Vegetables,Onion,Local,Local,"1,700.00","2,300.00","2,000.00",Rs./Quintal,0.30,Metric Tonnes,04-08-2026
Maharashtra,Pune,Pune(Pimpri) ,Vegetables,Onion,Local,Local,"1,800.00","2,350.00","2,070.00",Rs./Quintal,0.90,Metric Tonnes,03-08-2026
Maharashtra,Pune,Pune(Pimpri) ,Vegetables,Onion,Local,Local,"1,500.00","2,600.00","2,050.00",Rs./Quintal,2.60,Metric Tonnes,02-08-2026
Maharashtra,Pune,Pune(Pimpri) ,Vegetables,Onion,Local,Local,"2,500.00","2,600.00","2,550.00",Rs./Quintal,0.70,Metric Tonnes,01-08-2026
Maharashtra,Pune,Pune(Pimpri) ,Vegetables,Onion,Local,Local,"2,300.00","2,300.00","2,300.00",Rs./Quintal,0.20,Metric Tonnes,31-07-2026
Maharashtra,Pune,Pune(Pimpri) ,Vegetables,Onion,Local,Local,"1,600.00","2,500.00","2,050.00",Rs./Quintal,0.30,Metric Tonnes,30-07-2026
Maharashtra,Pune,Pune(Pimpri) ,Vegetables,Onion,Local,Local,"1,500.00","2,800.00","2,150.00",Rs./Quintal,1.30,Metric Tonnes,29-07-2026
Maharashtra,Pune,Pune(Pimpri) ,Vegetables,Onion,Local,Local,"1,500.00","2,500.00","2,000.00",Rs./Quintal,0.50,Metric Tonnes,28-07-2026
Maharashtra,Pune,Pune(Pimpri) ,Vegetables,Onion,Local,Local,"2,000.00","2,200.00","2,100.00",Rs./Quintal,0.30,Metric Tonnes,27-07-2026
Maharashtra,Pune,Pune(Pimpri) ,Vegetables,Onion,Local,Local,"1,600.00","2,600.00","2,100.00",Rs./Quintal,0.60,Metric Tonnes,26-07-2026
Maharashtra,Pune,Pune(Pimpri) ,Vegetables,Onion,Local,Local,"1,100.00","2,400.00","1,750.00",Rs./Quintal,0.60,Metric Tonnes,24-07-2026
Maharashtra,Pune,Pune(Pimpri) ,Vegetables,Onion,Local,Local,"1,200.00","2,000.00","1,600.00",Rs./Quintal,1.10,Metric Tonnes,23-07-2026
Maharashtra,Pune,Pune(Pimpri) ,Vegetables,Onion,Local,Local,"1,200.00","2,300.00","1,750.00",Rs./Quintal,1.10,Metric Tonnes,22-07-2026
Maharashtra,Pune,Pune(Pimpri) ,Vegetables,Onion,Local,Local,"1,500.00","1,900.00","1,700.00",Rs./Quintal,1.40,Metric Tonnes,21-07-2026
Maharashtra,Pune,Pune(Pimpri) ,Vegetables,Onion,Local,Local,"2,200.00","2,200.00","2,200.00",Rs./Quintal,0.20,Metric Tonnes,20-07-2026
Maharashtra,Pune,Pune(Pimpri) ,Vegetables,Onion,Local,Local,"1,000.00","2,500.00","1,750.00",Rs./Quintal,2.30,Metric Tonnes,19-07-2026
Maharashtra,Pune,Pune(Pimpri) ,Vegetables,Onion,Local,Local,"1,100.00","2,400.00","1,750.00",Rs./Quintal,1.30,Metric Tonnes,18-07-2026
Maharashtra,Pune,Pune(Pimpri) ,Vegetables,Onion,Local,Local,"1,400.00","2,500.00","1,950.00",Rs./Quintal,1.10,Metric Tonnes,17-07-2026
Maharashtra,Pune,Pune(Pimpri) ,Vegetables,Onion,Local,Local,"1,000.00","2,400.00","1,700.00",Rs./Quintal,1.50,Metric Tonnes,16-07-2026
Maharashtra,Pune,Pune(Pimpri) ,Vegetables,Onion,Local,Local,"1,500.00","2,500.00","2,000.00",Rs./Quintal,0.20,Metric Tonnes,15-07-2026
Maharashtra,Pune,Pune(Pimpri) ,Vegetables,Onion,Local,Local,"1,300.00","2,500.00","1,900.00",Rs./Quintal,1.90,Metric Tonnes,14-07-2026
Maharashtra,Pune,Pune(Pimpri) ,Vegetables,Onion,Local,Local,"2,400.00","2,700.00","2,550.00",Rs./Quintal,0.80,Metric Tonnes,13-07-2026
Maharashtra,Pune,Pune(Pimpri) ,Vegetables,Onion,Local,Local,"1,500.00","2,600.00","2,050.00",Rs./Quintal,5.00,Metric Tonnes,12-07-2026
Maharashtra,Pune,Pune(Pimpri) ,Vegetables,Onion,Local,Local,"2,500.00","2,700.00","2,600.00",Rs./Quintal,1.70,Metric Tonnes,11-07-2026
Maharashtra,Pune,Pune(Pimpri) ,Vegetables,Onion,Local,Local,"1,200.00","2,800.00","1,200.00",Rs./Quintal,3.10,Metric Tonnes,10-07-2026
Maharashtra,Pune,Pune(Pimpri) ,Vegetables,Onion,Local,Local,"2,500.00","2,600.00","2,550.00",Rs./Quintal,0.50,Metric Tonnes,09-07-2026
Maharashtra,Pune,Pune(Pimpri) ,Vegetables,Onion,Local,Local,"1,600.00","1,800.00","1,700.00",Rs./Quintal,1.00,Metric Tonnes,07-07-2026
Maharashtra,Pune,Pune(Pimpri) ,Vegetables,Onion,Local,Local,"1,000.00","2,300.00","1,650.00",Rs./Quintal,2.00,Metric Tonnes,05-07-2026
Maharashtra,Pune,Pune(Pimpri) ,Vegetables,Onion,Local,Local,"1,900.00","2,200.00","2,050.00",Rs./Quintal,0.50,Metric Tonnes,04-07-2026
Maharashtra,Pune,Pune(Pimpri) ,Vegetables,Onion,Local,Local,"2,200.00","2,200.00","2,200.00",Rs./Quintal,0.10,Metric Tonnes,03-07-2026
Maharashtra,Pune,Pune(Pimpri) ,Vegetables,Onion,Local,Local,"1,650.00","2,400.00","2,025.00",Rs./Quintal,1.20,Metric Tonnes,02-07-2026
Maharashtra,Pune,Pune(Pimpri) ,Vegetables,Onion,Local,Local,"1,000.00","2,000.00","1,500.00",Rs./Quintal,2.00,Metric Tonnes,01-07-2026
Maharashtra,Pune,Pune(Pimpri) ,Vegetables,Onion,Local,Local,"1,300.00","2,200.00","1,750.00",Rs./Quintal,0.80,Metric Tonnes,30-06-2026
Maharashtra,Pune,Pune(Pimpri) ,Vegetables,Onion,Local,Local,"1,100.00","2,000.00","1,550.00",Rs./Quintal,1.20,Metric Tonnes,29-06-2026
Maharashtra,Pune,Pune(Pimpri) ,Vegetables,Onion,Local,Local,"1,200.00","2,100.00","1,650.00",Rs./Quintal,3.20,Metric Tonnes,28-06-2026
Maharashtra,Pune,Pune(Pimpri) ,Vegetables,Onion,Local,Local,"1,100.00","2,200.00","1,650.00",Rs./Quintal,0.90,Metric Tonnes,27-06-2026
Maharashtra,Pune,Pune(Pimpri) ,Vegetables,Onion,Local,Local,"2,000.00","2,200.00","2,100.00",Rs./Quintal,0.60,Metric Tonnes,26-06-2026
Maharashtra,Pune,Pune(Pimpri) ,Vegetables,Onion,Local,Local,700.00,"1,800.00","1,250.00",Rs./Quintal,1.40,Metric Tonnes,25-06-2026
Maharashtra,Pune,Pune(Pimpri) ,Vegetables,Onion,Local,Local,"1,700.00","2,000.00","1,850.00",Rs./Quintal,1.50,Metric Tonnes,24-06-2026
Maharashtra,Pune,Pune(Pimpri) ,Vegetables,Onion,Local,Local,"1,800.00","1,800.00","1,800.00",Rs./Quintal,0.40,Metric Tonnes,23-06-2026
Maharashtra,Pune,Pune(Pimpri) ,Vegetables,Onion,Local,Local,700.00,"2,000.00","1,350.00",Rs./Quintal,1.60,Metric Tonnes,22-06-2026
Maharashtra,Pune,Pune(Pimpri) ,Vegetables,Onion,Local,Local,800.00,"2,200.00","1,500.00",Rs./Quintal,3.80,Metric Tonnes,21-06-2026
Maharashtra,Pune,Pune(Pimpri) ,Vegetables,Onion,Local,Local,"1,000.00","2,000.00","1,500.00",Rs./Quintal,1.00,Metric Tonnes,20-06-2026
Maharashtra,Pune,Pune(Pimpri) ,Vegetables,Onion,Local,Local,"1,600.00","1,600.00","1,600.00",Rs./Quintal,0.40,Metric Tonnes,19-06-2026
Maharashtra,Pune,Pune(Pimpri) ,Vegetables,Onion,Local,Local,800.00,"2,000.00","1,400.00",Rs./Quintal,2.80,Metric Tonnes,18-06-2026
Maharashtra,Pune,Pune(Pimpri) ,Vegetables,Onion,Local,Local,"1,200.00","1,800.00","1,500.00",Rs./Quintal,1.60,Metric Tonnes,17-06-2026
Maharashtra,Pune,Pune(Pimpri) ,Vegetables,Onion,Local,Local,600.00,"1,900.00","1,250.00",Rs./Quintal,1.10,Metric Tonnes,16-06-2026
Maharashtra,Pune,Pune(Pimpri) ,Vegetables,Onion,Local,Local,"1,600.00","2,000.00","1,800.00",Rs./Quintal,0.90,Metric Tonnes,15-06-2026
Maharashtra,Pune,Pune(Pimpri) ,Vegetables,Onion,Local,Local,"1,400.00","2,000.00","1,700.00",Rs./Quintal,2.10,Metric Tonnes,14-06-2026
Maharashtra,Pune,Pune(Pimpri) ,Vegetables,Onion,Local,Local,"1,400.00","1,600.00","1,500.00",Rs./Quintal,1.00,Metric Tonnes,13-06-2026
Maharashtra,Pune,Pune(Pimpri) ,Vegetables,Onion,Local,Local,900.00,"1,600.00","1,250.00",Rs./Quintal,0.80,Metric Tonnes,12-06-2026
Maharashtra,Pune,Pune(Pimpri) ,Vegetables,Onion,Local,Local,"1,000.00","1,600.00","1,300.00",Rs./Quintal,1.10,Metric Tonnes,11-06-2026
Maharashtra,Pune,Pune(Pimpri) ,Vegetables,Onion,Local,Local,800.00,"1,800.00","1,300.00",Rs./Quintal,2.10,Metric Tonnes,10-06-2026
Maharashtra,Pune,Pune(Pimpri) ,Vegetables,Onion,Local,Local,600.00,"1,800.00","1,200.00",Rs./Quintal,1.20,Metric Tonnes,09-06-2026
Maharashtra,Pune,Pune(Pimpri) ,Vegetables,Onion,Local,Local,"1,400.00","1,800.00","1,600.00",Rs./Quintal,1.20,Metric Tonnes,08-06-2026
Maharashtra,Pune,Pune(Pimpri) ,Vegetables,Onion,Local,Local,"1,200.00","1,800.00","1,500.00",Rs./Quintal,3.10,Metric Tonnes,07-06-2026
Maharashtra,Pune,Pune(Pimpri) ,Vegetables,Onion,Local,Local,"1,400.00","2,200.00","1,800.00",Rs./Quintal,2.10,Metric Tonnes,06-06-2026
Maharashtra,Pune,Pune(Pimpri) ,Vegetables,Onion,Local,Local,"1,200.00","1,400.00","1,300.00",Rs./Quintal,0.50,Metric Tonnes,05-06-2026
Maharashtra,Pune,Pune(Pimpri) ,Vegetables,Onion,Local,Local,"1,400.00","1,400.00","1,400.00",Rs./Quintal,0.60,Metric Tonnes,04-06-2026
Maharashtra,Pune,Pune(Pimpri) ,Vegetables,Onion,Local,Local,800.00,"1,500.00","1,150.00",Rs./Quintal,1.30,Metric Tonnes,03-06-2026
Maharashtra,Pune,Pune(Pimpri) ,Vegetables,Onion,Local,Local,"1,400.00","1,600.00","1,500.00",Rs./Quintal,0.50,Metric Tonnes,02-06-2026
Maharashtra,Pune,Pune(Pimpri) ,Vegetables,Onion,Local,Local,800.00,"1,500.00","1,150.00",Rs./Quintal,1.70,Metric Tonnes,01-06-2026
Maharashtra,Pune,Pune(Pimpri) ,Vegetables,Onion,Local,Local,700.00,"1,400.00","1,050.00",Rs./Quintal,3.90,Metric Tonnes,31-05-2026
Maharashtra,Pune,Pune(Pimpri) ,Vegetables,Onion,Local,Local,"1,200.00","1,200.00","1,200.00",Rs./Quintal,0.40,Metric Tonnes,30-05-2026
Maharashtra,Pune,Pune(Pimpri) ,Vegetables,Onion,Local,Local,800.00,"1,400.00","1,100.00",Rs./Quintal,1.80,Metric Tonnes,29-05-2026
Maharashtra,Pune,Pune(Pimpri) ,Vegetables,Onion,Local,Local,500.00,"1,400.00",950.00,Rs./Quintal,1.10,Metric Tonnes,28-05-2026
Maharashtra,Pune,Pune(Pimpri) ,Vegetables,Onion,Local,Local,"1,000.00","1,200.00","1,100.00",Rs./Quintal,0.60,Metric Tonnes,27-05-2026
Maharashtra,Pune,Pune(Pimpri) ,Vegetables,Onion,Local,Local,600.00,"1,200.00",900.00,Rs./Quintal,1.10,Metric Tonnes,26-05-2026
Maharashtra,Pune,Pune(Pimpri) ,Vegetables,Onion,Local,Local,"1,000.00","1,200.00","1,100.00",Rs./Quintal,1.10,Metric Tonnes,25-05-2026
Maharashtra,Pune,Pune(Pimpri) ,Vegetables,Onion,Local,Local,900.00,"1,200.00","1,050.00",Rs./Quintal,4.20,Metric Tonnes,24-05-2026
Maharashtra,Pune,Pune(Pimpri) ,Vegetables,Onion,Local,Local,600.00,"1,200.00",900.00,Rs./Quintal,2.90,Metric Tonnes,23-05-2026
Maharashtra,Pune,Pune(Pimpri) ,Vegetables,Onion,Local,Local,800.00,"1,300.00","1,050.00",Rs./Quintal,1.30,Metric Tonnes,22-05-2026
Maharashtra,Pune,Pune(Pimpri) ,Vegetables,Onion,Local,Local,800.00,"1,200.00","1,000.00",Rs./Quintal,5.30,Metric Tonnes,21-05-2026
Maharashtra,Pune,Pune(Pimpri) ,Vegetables,Onion,Local,Local,800.00,"1,200.00","1,000.00",Rs./Quintal,3.90,Metric Tonnes,20-05-2026
Maharashtra,Pune,Pune(Pimpri) ,Vegetables,Onion,Local,Local,"1,000.00","1,200.00","1,100.00",Rs./Quintal,3.90,Metric Tonnes,19-05-2026
Maharashtra,Pune,Pune(Pimpri) ,Vegetables,Onion,Local,Local,"1,200.00","1,200.00","1,200.00",Rs./Quintal,0.70,Metric Tonnes,18-05-2026
Maharashtra,Pune,Pune(Pimpri) ,Vegetables,Onion,Local,Local,"1,000.00","1,200.00","1,100.00",Rs./Quintal,1.70,Metric Tonnes,17-05-2026
Maharashtra,Pune,Pune(Pimpri) ,Vegetables,Onion,Local,Local,800.00,"1,200.00","1,000.00",Rs./Quintal,1.40,Metric Tonnes,16-05-2026
Maharashtra,Pune,Pune(Pimpri) ,Vegetables,Onion,Local,Local,550.00,"1,400.00",970.00,Rs./Quintal,2.20,Metric Tonnes,15-05-2026
Maharashtra,Pune,Pune(Pimpri) ,Vegetables,Onion,Local,Local,600.00,"1,000.00",800.00,Rs./Quintal,0.70,Metric Tonnes,14-05-2026
Maharashtra,Pune,Pune(Pimpri) ,Vegetables,Onion,Local,Local,500.00,"1,200.00",850.00,Rs./Quintal,2.40,Metric Tonnes,13-05-2026
Maharashtra,Pune,Pune(Pimpri) ,Vegetables,Onion,Local,Local,800.00,"1,200.00","1,000.00",Rs./Quintal,1.00,Metric Tonnes,12-05-2026
Maharashtra,Pune,Pune(Pimpri) ,Vegetables,Onion,Local,Local,600.00,"1,200.00",900.00,Rs./Quintal,2.20,Metric Tonnes,11-05-2026
Maharashtra,Pune,Pune(Pimpri) ,Vegetables,Onion,Local,Local,600.00,"1,400.00","1,000.00",Rs./Quintal,1.40,Metric Tonnes,10-05-2026
Maharashtra,Pune,Pune(Pimpri) ,Vegetables,Onion,Local,Local,700.00,"1,400.00","1,050.00",Rs./Quintal,1.60,Metric Tonnes,09-05-2026
Maharashtra,Pune,Pune(Pimpri) ,Vegetables,Onion,Local,Local,650.00,"1,400.00","1,020.00",Rs./Quintal,0.80,Metric Tonnes,08-05-2026
Maharashtra,Pune,Pune(Pimpri) ,Vegetables,Onion,Local,Local,500.00,"1,000.00",750.00,Rs./Quintal,0.70,Metric Tonnes,07-05-2026
Maharashtra,Pune,Pune(Pimpri) ,Vegetables,Onion,Local,Local,800.00,"1,300.00","1,050.00",Rs./Quintal,0.80,Metric Tonnes,06-05-2026
Maharashtra,Pune,Pune(Pimpri) ,Vegetables,Onion,Local,Local,800.00,"1,000.00",900.00,Rs./Quintal,0.90,Metric Tonnes,05-05-2026
Maharashtra,Pune,Pune(Pimpri) ,Vegetables,Onion,Local,Local,"1,000.00","1,100.00","1,050.00",Rs./Quintal,0.60,Metric Tonnes,04-05-2026
Maharashtra,Pune,Pune(Pimpri) ,Vegetables,Onion,Local,Local,500.00,"1,200.00",850.00,Rs./Quintal,2.60,Metric Tonnes,03-05-2026
Maharashtra,Pune,Pune(Pimpri) ,Vegetables,Onion,Local,Local,800.00,"1,100.00",950.00,Rs./Quintal,2.60,Metric Tonnes,02-05-2026
Maharashtra,Pune,Pune(Pimpri) ,Vegetables,Onion,Local,Local,800.00,900.00,850.00,Rs./Quintal,1.00,Metric Tonnes,01-05-2026
Maharashtra,Pune,Pune(Pimpri) ,Vegetables,Onion,Local,Local,900.00,"1,400.00","1,150.00",Rs./Quintal,2.00,Metric Tonnes,30-04-2026
Maharashtra,Pune,Pune(Pimpri) ,Vegetables,Onion,Local,Local,700.00,900.00,800.00,Rs./Quintal,0.90,Metric Tonnes,29-04-2026
Maharashtra,Pune,Pune(Pimpri) ,Vegetables,Onion,Local,Local,800.00,800.00,800.00,Rs./Quintal,0.20,Metric Tonnes,28-04-2026
Maharashtra,Pune,Pune(Pimpri) ,Vegetables,Onion,Local,Local,600.00,800.00,700.00,Rs./Quintal,0.40,Metric Tonnes,27-04-2026
Maharashtra,Pune,Pune(Pimpri) ,Vegetables,Onion,Local,Local,"1,100.00","1,200.00","1,150.00",Rs./Quintal,1.50,Metric Tonnes,26-04-2026
Maharashtra,Pune,Pune(Pimpri) ,Vegetables,Onion,Local,Local,"1,000.00","1,200.00","1,100.00",Rs./Quintal,1.90,Metric Tonnes,25-04-2026
Maharashtra,Pune,Pune(Pimpri) ,Vegetables,Onion,Local,Local,500.00,"1,100.00",800.00,Rs./Quintal,1.10,Metric Tonnes,24-04-2026
Maharashtra,Pune,Pune(Pimpri) ,Vegetables,Onion,Local,Local,500.00,"1,000.00",750.00,Rs./Quintal,2.10,Metric Tonnes,23-04-2026
Maharashtra,Pune,Pune(Pimpri) ,Vegetables,Onion,Local,Local,500.00,"1,200.00",850.00,Rs./Quintal,2.20,Metric Tonnes,22-04-2026
Maharashtra,Pune,Pune(Pimpri) ,Vegetables,Onion,Local,Local,500.00,"1,000.00",750.00,Rs./Quintal,0.30,Metric Tonnes,21-04-2026
Maharashtra,Pune,Pune(Pimpri) ,Vegetables,Onion,Local,Local,600.00,900.00,750.00,Rs./Quintal,1.90,Metric Tonnes,20-04-2026
Maharashtra,Pune,Pune(Pimpri) ,Vegetables,Onion,Local,Local,800.00,"1,000.00",900.00,Rs./Quintal,4.80,Metric Tonnes,19-04-2026
Maharashtra,Pune,Pune(Pimpri) ,Vegetables,Onion,Local,Local,"1,000.00","1,400.00","1,200.00",Rs./Quintal,2.00,Metric Tonnes,18-04-2026
Maharashtra,Pune,Pune(Pimpri) ,Vegetables,Onion,Local,Local,500.00,"1,200.00",850.00,Rs./Quintal,1.90,Metric Tonnes,17-04-2026
Maharashtra,Pune,Pune(Pimpri) ,Vegetables,Onion,Local,Local,500.00,"1,200.00",850.00,Rs./Quintal,1.80,Metric Tonnes,16-04-2026
Maharashtra,Pune,Pune(Pimpri) ,Vegetables,Onion,Local,Local,"1,000.00","1,100.00","1,050.00",Rs./Quintal,1.60,Metric Tonnes,15-04-2026
Maharashtra,Pune,Pune(Pimpri) ,Vegetables,Onion,Local,Local,"1,100.00","1,100.00","1,100.00",Rs./Quintal,0.50,Metric Tonnes,14-04-2026
Maharashtra,Pune,Pune(Pimpri) ,Vegetables,Onion,Local,Local,700.00,"1,400.00","1,050.00",Rs./Quintal,1.30,Metric Tonnes,13-04-2026
Maharashtra,Pune,Pune(Pimpri) ,Vegetables,Onion,Local,Local,700.00,"1,400.00","1,050.00",Rs./Quintal,3.20,Metric Tonnes,12-04-2026
Maharashtra,Pune,Pune(Pimpri) ,Vegetables,Onion,Local,Local,"1,000.00","1,400.00","1,200.00",Rs./Quintal,1.80,Metric Tonnes,11-04-2026
Maharashtra,Pune,Pune(Pimpri) ,Vegetables,Onion,Local,Local,500.00,"1,400.00",950.00,Rs./Quintal,2.00,Metric Tonnes,10-04-2026
Maharashtra,Pune,Pune(Pimpri) ,Vegetables,Onion,Local,Local,700.00,"1,400.00","1,050.00",Rs./Quintal,0.80,Metric Tonnes,09-04-2026
Maharashtra,Pune,Pune(Pimpri) ,Vegetables,Onion,Local,Local,"1,100.00","1,400.00","1,250.00",Rs./Quintal,1.40,Metric Tonnes,08-04-2026
Maharashtra,Pune,Pune(Pimpri) ,Vegetables,Onion,Local,Local,650.00,"1,400.00","1,030.00",Rs./Quintal,0.80,Metric Tonnes,07-04-2026
Maharashtra,Pune,Pune(Pimpri) ,Vegetables,Onion,Local,Local,"1,300.00","1,300.00","1,300.00",Rs./Quintal,0.10,Metric Tonnes,06-04-2026
Maharashtra,Pune,Pune(Pimpri) ,Vegetables,Onion,Local,Local,"1,100.00","1,200.00","1,150.00",Rs./Quintal,0.90,Metric Tonnes,05-04-2026
Maharashtra,Pune,Pune(Pimpri) ,Vegetables,Onion,Local,Local,"1,100.00","1,400.00","1,250.00",Rs./Quintal,1.60,Metric Tonnes,04-04-2026
Maharashtra,Pune,Pune(Pimpri) ,Vegetables,Onion,Local,Local,"1,000.00","1,200.00","1,100.00",Rs./Quintal,0.70,Metric Tonnes,03-04-2026
Maharashtra,Pune,Pune(Pimpri) ,Vegetables,Onion,Local,Local,"1,100.00","1,550.00","1,325.00",Rs./Quintal,1.60,Metric Tonnes,02-04-2026
Maharashtra,Pune,Pune(Pimpri) ,Vegetables,Onion,Local,Local,"1,200.00","1,400.00","1,300.00",Rs./Quintal,0.60,Metric Tonnes,01-04-2026
Maharashtra,Pune,Pune(Pimpri) ,Vegetables,Onion,Local,Local,"1,130.00","1,300.00","1,200.00",Rs./Quintal,2.70,Metric Tonnes,30-03-2026
Maharashtra,Pune,Pune(Pimpri) ,Vegetables,Onion,Local,Local,"1,150.00","1,400.00","1,270.00",Rs./Quintal,1.80,Metric Tonnes,29-03-2026
Maharashtra,Pune,Pune(Pimpri) ,Vegetables,Onion,Local,Local,"1,100.00","1,200.00","1,150.00",Rs./Quintal,0.60,Metric Tonnes,28-03-2026
Maharashtra,Pune,Pune(Pimpri) ,Vegetables,Onion,Local,Local,"1,200.00","1,300.00","1,250.00",Rs./Quintal,0.90,Metric Tonnes,27-03-2026
Maharashtra,Pune,Pune(Pimpri) ,Vegetables,Onion,Local,Local,"1,000.00","1,000.00","1,000.00",Rs./Quintal,0.10,Metric Tonnes,26-03-2026
Maharashtra,Pune,Pune(Pimpri) ,Vegetables,Onion,Local,Local,"1,100.00","1,200.00","1,150.00",Rs./Quintal,1.80,Metric Tonnes,25-03-2026
Maharashtra,Pune,Pune(Pimpri) ,Vegetables,Onion,Local,Local,"1,100.00","1,300.00","1,200.00",Rs./Quintal,0.50,Metric Tonnes,24-03-2026
Maharashtra,Pune,Pune(Pimpri) ,Vegetables,Onion,Local,Local,"1,200.00","1,300.00","1,250.00",Rs./Quintal,0.50,Metric Tonnes,23-03-2026
Maharashtra,Pune,Pune(Pimpri) ,Vegetables,Onion,Local,Local,"1,200.00","1,600.00","1,400.00",Rs./Quintal,0.80,Metric Tonnes,21-03-2026
Maharashtra,Pune,Pune(Pimpri) ,Vegetables,Onion,Local,Local,"1,000.00","1,600.00","1,300.00",Rs./Quintal,1.10,Metric Tonnes,20-03-2026
Maharashtra,Pune,Pune(Pimpri) ,Vegetables,Onion,Local,Local,"1,400.00","1,600.00","1,500.00",Rs./Quintal,0.80,Metric Tonnes,19-03-2026
Maharashtra,Pune,Pune(Pimpri) ,Vegetables,Onion,Local,Local,"1,300.00","1,600.00","1,450.00",Rs./Quintal,0.70,Metric Tonnes,18-03-2026
Maharashtra,Pune,Pune(Pimpri) ,Vegetables,Onion,Local,Local,"1,600.00","1,600.00","1,600.00",Rs./Quintal,0.40,Metric Tonnes,17-03-2026
Maharashtra,Pune,Pune(Pimpri) ,Vegetables,Onion,Local,Local,"1,100.00","1,600.00","1,350.00",Rs./Quintal,0.80,Metric Tonnes,16-03-2026
Maharashtra,Pune,Pune(Pimpri) ,Vegetables,Onion,Local,Local,"1,100.00","1,600.00","1,350.00",Rs./Quintal,2.00,Metric Tonnes,15-03-2026
Maharashtra,Pune,Pune(Pimpri) ,Vegetables,Onion,Local,Local,"1,600.00","1,600.00","1,600.00",Rs./Quintal,0.40,Metric Tonnes,14-03-2026
Maharashtra,Pune,Pune(Pimpri) ,Vegetables,Onion,Local,Local,"1,400.00","1,600.00","1,500.00",Rs./Quintal,0.70,Metric Tonnes,13-03-2026
Maharashtra,Pune,Pune(Pimpri) ,Vegetables,Onion,Local,Local,"1,400.00","1,600.00","1,500.00",Rs./Quintal,0.60,Metric Tonnes,12-03-2026
Maharashtra,Pune,Pune(Pimpri) ,Vegetables,Onion,Local,Local,"1,200.00","1,600.00","1,400.00",Rs./Quintal,1.00,Metric Tonnes,11-03-2026
Maharashtra,Pune,Pune(Pimpri) ,Vegetables,Onion,Local,Local,"1,000.00","1,600.00","1,300.00",Rs./Quintal,1.00,Metric Tonnes,10-03-2026
Maharashtra,Pune,Pune(Pimpri) ,Vegetables,Onion,Local,Local,"1,000.00","1,400.00","1,200.00",Rs./Quintal,0.70,Metric Tonnes,09-03-2026
Maharashtra,Pune,Pune(Pimpri) ,Vegetables,Onion,Local,Local,"1,100.00","1,600.00","1,350.00",Rs./Quintal,0.90,Metric Tonnes,08-03-2026
Maharashtra,Pune,Pune(Pimpri) ,Vegetables,Onion,Local,Local,"1,200.00","1,600.00","1,400.00",Rs./Quintal,0.60,Metric Tonnes,07-03-2026
Maharashtra,Pune,Pune(Pimpri) ,Vegetables,Onion,Local,Local,"1,100.00","1,600.00","1,350.00",Rs./Quintal,0.70,Metric Tonnes,06-03-2026
Maharashtra,Pune,Pune(Pimpri) ,Vegetables,Onion,Local,Local,"1,000.00","1,400.00","1,200.00",Rs./Quintal,1.50,Metric Tonnes,05-03-2026
Maharashtra,Pune,Pune(Pimpri) ,Vegetables,Onion,Local,Local,"1,200.00","1,600.00","1,400.00",Rs./Quintal,0.90,Metric Tonnes,04-03-2026
Maharashtra,Pune,Pune(Pimpri) ,Vegetables,Onion,Local,Local,"1,300.00","1,600.00","1,450.00",Rs./Quintal,0.90,Metric Tonnes,03-03-2026
Maharashtra,Pune,Pune(Pimpri) ,Vegetables,Onion,Local,Local,"1,600.00","1,600.00","1,600.00",Rs./Quintal,0.50,Metric Tonnes,02-03-2026
Maharashtra,Pune,Pune(Pimpri) ,Vegetables,Onion,Local,Local,700.00,"1,400.00","1,050.00",Rs./Quintal,1.10,Metric Tonnes,01-03-2026
Maharashtra,Pune,Pune(Pimpri) ,Vegetables,Onion,Local,Local,"1,400.00","1,600.00","1,500.00",Rs./Quintal,0.60,Metric Tonnes,28-02-2026
Maharashtra,Pune,Pune(Pimpri) ,Vegetables,Onion,Local,Local,"1,600.00","1,600.00","1,600.00",Rs./Quintal,2.10,Metric Tonnes,27-02-2026
Maharashtra,Pune,Pune(Pimpri) ,Vegetables,Onion,Local,Local,"1,400.00","1,600.00","1,500.00",Rs./Quintal,1.10,Metric Tonnes,26-02-2026
Maharashtra,Pune,Pune(Pimpri) ,Vegetables,Onion,Local,Local,"1,100.00","1,500.00","1,300.00",Rs./Quintal,1.20,Metric Tonnes,25-02-2026
Maharashtra,Pune,Pune(Pimpri) ,Vegetables,Onion,Local,Local,"1,200.00","1,600.00","1,400.00",Rs./Quintal,1.30,Metric Tonnes,24-02-2026
Maharashtra,Pune,Pune(Pimpri) ,Vegetables,Onion,Local,Local,"1,400.00","1,600.00","1,500.00",Rs./Quintal,0.60,Metric Tonnes,23-02-2026
Maharashtra,Pune,Pune(Pimpri) ,Vegetables,Onion,Local,Local,900.00,"1,600.00","1,250.00",Rs./Quintal,2.40,Metric Tonnes,22-02-2026
Maharashtra,Pune,Pune(Pimpri) ,Vegetables,Onion,Local,Local,"1,300.00","1,600.00","1,450.00",Rs./Quintal,1.00,Metric Tonnes,21-02-2026
Maharashtra,Pune,Pune(Pimpri) ,Vegetables,Onion,Local,Local,"1,500.00","1,700.00","1,600.00",Rs./Quintal,1.30,Metric Tonnes,20-02-2026
Maharashtra,Pune,Pune(Pimpri) ,Vegetables,Onion,Local,Local,900.00,"1,400.00","1,150.00",Rs./Quintal,1.30,Metric Tonnes,19-02-2026
Maharashtra,Pune,Pune(Pimpri) ,Vegetables,Onion,Local,Local,800.00,"1,600.00","1,200.00",Rs./Quintal,1.90,Metric Tonnes,18-02-2026
Maharashtra,Pune,Pune(Pimpri) ,Vegetables,Onion,Local,Local,"1,600.00","1,600.00","1,600.00",Rs./Quintal,1.70,Metric Tonnes,17-02-2026
Maharashtra,Pune,Pune(Pimpri) ,Vegetables,Onion,Local,Local,"1,500.00","1,600.00","1,550.00",Rs./Quintal,0.70,Metric Tonnes,16-02-2026
Maharashtra,Pune,Pune(Pimpri) ,Vegetables,Onion,Local,Local,600.00,"1,600.00","1,100.00",Rs./Quintal,1.60,Metric Tonnes,15-02-2026
Maharashtra,Pune,Pune(Pimpri) ,Vegetables,Onion,Local,Local,"1,200.00","1,400.00","1,300.00",Rs./Quintal,0.70,Metric Tonnes,14-02-2026
Maharashtra,Pune,Pune(Pimpri) ,Vegetables,Onion,Local,Local,"1,400.00","1,400.00","1,400.00",Rs./Quintal,0.50,Metric Tonnes,13-02-2026
Maharashtra,Pune,Pune(Pimpri) ,Vegetables,Onion,Local,Local,"1,400.00","1,600.00","1,500.00",Rs./Quintal,0.90,Metric Tonnes,12-02-2026
Maharashtra,Pune,Pune(Pimpri) ,Vegetables,Onion,Local,Local,"1,300.00","1,500.00","1,400.00",Rs./Quintal,0.80,Metric Tonnes,11-02-2026
Maharashtra,Pune,Pune(Pimpri) ,Vegetables,Onion,Local,Local,"1,600.00","1,600.00","1,600.00",Rs./Quintal,0.80,Metric Tonnes,10-02-2026
Maharashtra,Pune,Pune(Pimpri) ,Vegetables,Onion,Local,Local,"1,000.00","1,600.00","1,300.00",Rs./Quintal,1.40,Metric Tonnes,09-02-2026
Maharashtra,Pune,Pune(Pimpri) ,Vegetables,Onion,Local,Local,"1,400.00","1,600.00","1,500.00",Rs./Quintal,0.60,Metric Tonnes,08-02-2026
Maharashtra,Pune,Pune(Pimpri) ,Vegetables,Onion,Local,Local,"1,600.00","1,600.00","1,600.00",Rs./Quintal,0.40,Metric Tonnes,07-02-2026
Maharashtra,Pune,Pune(Pimpri) ,Vegetables,Onion,Local,Local,900.00,"1,600.00","1,250.00",Rs./Quintal,1.20,Metric Tonnes,06-02-2026
Maharashtra,Pune,Pune(Pimpri) ,Vegetables,Onion,Local,Local,"1,400.00","1,400.00","1,400.00",Rs./Quintal,0.60,Metric Tonnes,05-02-2026
Maharashtra,Pune,Pune(Pimpri) ,Vegetables,Onion,Local,Local,"1,400.00","1,600.00","1,500.00",Rs./Quintal,0.70,Metric Tonnes,04-02-2026
Maharashtra,Pune,Pune(Pimpri) ,Vegetables,Onion,Local,Local,900.00,"1,600.00","1,250.00",Rs./Quintal,1.30,Metric Tonnes,03-02-2026
Maharashtra,Pune,Pune(Pimpri) ,Vegetables,Onion,Local,Local,900.00,"1,600.00","1,250.00",Rs./Quintal,1.10,Metric Tonnes,02-02-2026
Maharashtra,Pune,Pune(Pimpri) ,Vegetables,Onion,Local,Local,"1,200.00","1,600.00","1,400.00",Rs./Quintal,1.30,Metric Tonnes,01-02-2026
Maharashtra,Pune,Pune(Pimpri) ,Vegetables,Onion,Local,Local,"1,500.00","1,600.00","1,550.00",Rs./Quintal,3.10,Metric Tonnes,31-01-2026
Maharashtra,Pune,Pune(Pimpri) ,Vegetables,Onion,Local,Local,"1,400.00","1,600.00","1,500.00",Rs./Quintal,1.10,Metric Tonnes,30-01-2026
Maharashtra,Pune,Pune(Pimpri) ,Vegetables,Onion,Local,Local,"1,200.00","1,300.00","1,250.00",Rs./Quintal,0.80,Metric Tonnes,28-01-2026
Maharashtra,Pune,Pune(Pimpri) ,Vegetables,Onion,Local,Local,800.00,"1,600.00","1,200.00",Rs./Quintal,2.30,Metric Tonnes,27-01-2026
Maharashtra,Pune,Pune(Pimpri) ,Vegetables,Onion,Local,Local,"1,000.00","1,600.00","1,300.00",Rs./Quintal,0.70,Metric Tonnes,26-01-2026
Maharashtra,Pune,Pune(Pimpri) ,Vegetables,Onion,Local,Local,900.00,"1,600.00","1,250.00",Rs./Quintal,4.20,Metric Tonnes,25-01-2026
Maharashtra,Pune,Pune(Pimpri) ,Vegetables,Onion,Local,Local,800.00,"1,600.00","1,200.00",Rs./Quintal,1.70,Metric Tonnes,24-01-2026
Maharashtra,Pune,Pune(Pimpri) ,Vegetables,Onion,Local,Local,"1,000.00","1,700.00","1,350.00",Rs./Quintal,1.30,Metric Tonnes,23-01-2026
Maharashtra,Pune,Pune(Pimpri) ,Vegetables,Onion,Local,Local,800.00,"1,600.00","1,200.00",Rs./Quintal,2.60,Metric Tonnes,22-01-2026
Maharashtra,Pune,Pune(Pimpri) ,Vegetables,Onion,Local,Local,"1,300.00","1,700.00","1,500.00",Rs./Quintal,1.60,Metric Tonnes,21-01-2026
Maharashtra,Pune,Pune(Pimpri) ,Vegetables,Onion,Local,Local,"1,200.00","1,700.00","1,450.00",Rs./Quintal,1.00,Metric Tonnes,20-01-2026
Maharashtra,Pune,Pune(Pimpri) ,Vegetables,Onion,Local,Local,"1,400.00","1,600.00","1,500.00",Rs./Quintal,1.60,Metric Tonnes,19-01-2026
Maharashtra,Pune,Pune(Pimpri) ,Vegetables,Onion,Local,Local,800.00,"1,600.00","1,200.00",Rs./Quintal,3.10,Metric Tonnes,18-01-2026
Maharashtra,Pune,Pune(Pimpri) ,Vegetables,Onion,Local,Local,"1,400.00","1,600.00","1,500.00",Rs./Quintal,1.80,Metric Tonnes,17-01-2026
Maharashtra,Pune,Pune(Pimpri) ,Vegetables,Onion,Local,Local,"1,200.00","2,000.00","1,600.00",Rs./Quintal,1.00,Metric Tonnes,16-01-2026
Maharashtra,Pune,Pune(Pimpri) ,Vegetables,Onion,Local,Local,"1,400.00","1,600.00","1,500.00",Rs./Quintal,1.20,Metric Tonnes,14-01-2026
Maharashtra,Pune,Pune(Pimpri) ,Vegetables,Onion,Local,Local,"1,600.00","1,600.00","1,600.00",Rs./Quintal,0.40,Metric Tonnes,13-01-2026
Maharashtra,Pune,Pune(Pimpri) ,Vegetables,Onion,Local,Local,800.00,"1,700.00","1,250.00",Rs./Quintal,1.00,Metric Tonnes,12-01-2026
Maharashtra,Pune,Pune(Pimpri) ,Vegetables,Onion,Local,Local,"1,000.00","1,600.00","1,300.00",Rs./Quintal,1.90,Metric Tonnes,11-01-2026
Maharashtra,Pune,Pune(Pimpri) ,Vegetables,Onion,Local,Local,"1,200.00","2,000.00","1,600.00",Rs./Quintal,1.10,Metric Tonnes,10-01-2026
Maharashtra,Pune,Pune(Pimpri) ,Vegetables,Onion,Local,Local,"1,200.00","1,800.00","1,500.00",Rs./Quintal,0.30,Metric Tonnes,09-01-2026
Maharashtra,Pune,Pune(Pimpri) ,Vegetables,Onion,Local,Local,"1,400.00","1,800.00","1,600.00",Rs./Quintal,0.90,Metric Tonnes,08-01-2026
Maharashtra,Pune,Pune(Pimpri) ,Vegetables,Onion,Local,Local,"1,400.00","1,800.00","1,600.00",Rs./Quintal,0.40,Metric Tonnes,07-01-2026
Maharashtra,Pune,Pune(Pimpri) ,Vegetables,Onion,Local,Local,"1,600.00","1,600.00","1,600.00",Rs./Quintal,1.20,Metric Tonnes,06-01-2026
Maharashtra,Pune,Pune(Pimpri) ,Vegetables,Onion,Local,Local,900.00,"1,600.00","1,250.00",Rs./Quintal,0.40,Metric Tonnes,05-01-2026
Maharashtra,Pune,Pune(Pimpri) ,Vegetables,Onion,Local,Local,"1,300.00","1,800.00","1,550.00",Rs./Quintal,2.40,Metric Tonnes,04-01-2026
Maharashtra,Pune,Pune(Pimpri) ,Vegetables,Onion,Local,Local,"1,500.00","1,800.00","1,650.00",Rs./Quintal,1.30,Metric Tonnes,03-01-2026
Maharashtra,Pune,Pune(Pimpri) ,Vegetables,Onion,Local,Local,"1,300.00","1,800.00","1,550.00",Rs./Quintal,0.70,Metric Tonnes,02-01-2026
Maharashtra,Pune,Pune(Pimpri) ,Vegetables,Onion,Local,Local,"1,300.00","1,600.00","1,450.00",Rs./Quintal,2.00,Metric Tonnes,01-01-2026
Maharashtra,Pune,Pune(Pimpri) ,Vegetables,Onion,Local,Local,"1,200.00","1,800.00","1,500.00",Rs./Quintal,2.20,Metric Tonnes,31-12-2025
Maharashtra,Pune,Pune(Pimpri) ,Vegetables,Onion,Local,Local,"1,300.00","1,800.00","1,550.00",Rs./Quintal,0.90,Metric Tonnes,30-12-2025
Maharashtra,Pune,Pune(Pimpri) ,Vegetables,Onion,Local,Local,"1,200.00","1,800.00","1,500.00",Rs./Quintal,1.90,Metric Tonnes,29-12-2025
Maharashtra,Pune,Pune(Pimpri) ,Vegetables,Onion,Local,Local,700.00,"1,700.00","1,200.00",Rs./Quintal,2.90,Metric Tonnes,28-12-2025
Maharashtra,Pune,Pune(Pimpri) ,Vegetables,Onion,Local,Local,"1,500.00","1,900.00","1,700.00",Rs./Quintal,1.50,Metric Tonnes,27-12-2025
Maharashtra,Pune,Pune(Pimpri) ,Vegetables,Onion,Local,Local,"1,400.00","2,000.00","1,700.00",Rs./Quintal,0.80,Metric Tonnes,26-12-2025
Maharashtra,Pune,Pune(Pimpri) ,Vegetables,Onion,Local,Local,800.00,"2,000.00","1,400.00",Rs./Quintal,2.00,Metric Tonnes,25-12-2025
Maharashtra,Pune,Pune(Pimpri) ,Vegetables,Onion,Local,Local,"1,600.00","2,000.00","1,800.00",Rs./Quintal,1.20,Metric Tonnes,24-12-2025
Maharashtra,Pune,Pune(Pimpri) ,Vegetables,Onion,Local,Local,"1,100.00","2,100.00","1,600.00",Rs./Quintal,2.10,Metric Tonnes,23-12-2025
Maharashtra,Pune,Pune(Pimpri) ,Vegetables,Onion,Local,Local,"1,200.00","2,000.00","1,600.00",Rs./Quintal,0.40,Metric Tonnes,22-12-2025
Maharashtra,Pune,Pune(Pimpri) ,Vegetables,Onion,Local,Local,"1,100.00","2,200.00","1,650.00",Rs./Quintal,4.50,Metric Tonnes,21-12-2025
Maharashtra,Pune,Pune(Pimpri) ,Vegetables,Onion,Local,Local,"1,400.00","2,100.00","1,750.00",Rs./Quintal,1.30,Metric Tonnes,20-12-2025
Maharashtra,Pune,Pune(Pimpri) ,Vegetables,Onion,Local,Local,"1,300.00","2,400.00","1,850.00",Rs./Quintal,1.50,Metric Tonnes,19-12-2025
Maharashtra,Pune,Pune(Pimpri) ,Vegetables,Onion,Local,Local,"1,600.00","2,500.00","2,050.00",Rs./Quintal,1.20,Metric Tonnes,18-12-2025
Maharashtra,Pune,Pune(Pimpri) ,Vegetables,Onion,Local,Local,"2,000.00","2,700.00","2,350.00",Rs./Quintal,0.60,Metric Tonnes,16-12-2025
Maharashtra,Pune,Pune(Pimpri) ,Vegetables,Onion,Local,Local,"1,700.00","2,400.00","2,050.00",Rs./Quintal,0.80,Metric Tonnes,15-12-2025
Maharashtra,Pune,Pune(Pimpri) ,Vegetables,Onion,Local,Local,"1,300.00","2,300.00","1,800.00",Rs./Quintal,2.80,Metric Tonnes,14-12-2025
Maharashtra,Pune,Pune(Pimpri) ,Vegetables,Onion,Local,Local,700.00,"2,200.00","1,450.00",Rs./Quintal,2.20,Metric Tonnes,13-12-2025
Maharashtra,Pune,Pune(Pimpri) ,Vegetables,Onion,Local,Local,"1,000.00","1,800.00","1,400.00",Rs./Quintal,0.70,Metric Tonnes,12-12-2025
Maharashtra,Pune,Pune(Pimpri) ,Vegetables,Onion,Local,Local,"1,000.00","1,400.00","1,200.00",Rs./Quintal,1.40,Metric Tonnes,11-12-2025
Maharashtra,Pune,Pune(Pimpri) ,Vegetables,Onion,Local,Local,"1,200.00","1,600.00","1,400.00",Rs./Quintal,1.20,Metric Tonnes,10-12-2025
Maharashtra,Pune,Pune(Pimpri) ,Vegetables,Onion,Local,Local,800.00,"1,800.00","1,300.00",Rs./Quintal,1.20,Metric Tonnes,09-12-2025
Maharashtra,Pune,Pune(Pimpri) ,Vegetables,Onion,Local,Local,"1,000.00","1,600.00","1,300.00",Rs./Quintal,1.40,Metric Tonnes,08-12-2025
Maharashtra,Pune,Pune(Pimpri) ,Vegetables,Onion,Local,Local,"1,000.00","1,800.00","1,400.00",Rs./Quintal,5.10,Metric Tonnes,07-12-2025
Maharashtra,Pune,Pune(Pimpri) ,Vegetables,Onion,Local,Local,"1,400.00","1,500.00","1,450.00",Rs./Quintal,1.90,Metric Tonnes,06-12-2025
Maharashtra,Pune,Pune(Pimpri) ,Vegetables,Onion,Local,Local,800.00,"1,400.00","1,100.00",Rs./Quintal,2.20,Metric Tonnes,05-12-2025
Maharashtra,Pune,Pune(Pimpri) ,Vegetables,Onion,Local,Local,800.00,"1,400.00","1,100.00",Rs./Quintal,1.40,Metric Tonnes,04-12-2025
Maharashtra,Pune,Pune(Pimpri) ,Vegetables,Onion,Local,Local,"1,200.00","1,800.00","1,500.00",Rs./Quintal,2.10,Metric Tonnes,03-12-2025
Maharashtra,Pune,Pune(Pimpri) ,Vegetables,Onion,Local,Local,"1,200.00","1,800.00","1,500.00",Rs./Quintal,1.30,Metric Tonnes,02-12-2025
Maharashtra,Pune,Pune(Pimpri) ,Vegetables,Onion,Local,Local,700.00,"1,500.00","1,100.00",Rs./Quintal,1.30,Metric Tonnes,01-12-2025
Maharashtra,Pune,Pune(Pimpri) ,Vegetables,Onion,Local,Local,800.00,"1,400.00","1,100.00",Rs./Quintal,1.30,Metric Tonnes,30-11-2025
Maharashtra,Pune,Pune(Pimpri) ,Vegetables,Onion,Local,Local,800.00,"1,500.00","1,150.00",Rs./Quintal,4.90,Metric Tonnes,29-11-2025
Maharashtra,Pune,Pune(Pimpri) ,Vegetables,Onion,Local,Local,700.00,"1,800.00","1,250.00",Rs./Quintal,2.90,Metric Tonnes,28-11-2025
Maharashtra,Pune,Pune(Pimpri) ,Vegetables,Onion,Local,Local,800.00,"1,400.00","1,100.00",Rs./Quintal,2.50,Metric Tonnes,27-11-2025
Maharashtra,Pune,Pune(Pimpri) ,Vegetables,Onion,Local,Local,700.00,"1,500.00","1,100.00",Rs./Quintal,3.10,Metric Tonnes,26-11-2025
Maharashtra,Pune,Pune(Pimpri) ,Vegetables,Onion,Local,Local,"1,200.00","1,700.00","1,450.00",Rs./Quintal,1.40,Metric Tonnes,25-11-2025
Maharashtra,Pune,Pune(Pimpri) ,Vegetables,Onion,Local,Local,"1,200.00","1,600.00","1,400.00",Rs./Quintal,0.90,Metric Tonnes,24-11-2025
Maharashtra,Pune,Pune(Pimpri) ,Vegetables,Onion,Local,Local,600.00,"1,700.00","1,150.00",Rs./Quintal,3.60,Metric Tonnes,23-11-2025
Maharashtra,Pune,Pune(Pimpri) ,Vegetables,Onion,Local,Local,"1,300.00","1,700.00","1,500.00",Rs./Quintal,2.60,Metric Tonnes,22-11-2025
Maharashtra,Pune,Pune(Pimpri) ,Vegetables,Onion,Local,Local,"1,400.00","1,600.00","1,500.00",Rs./Quintal,0.70,Metric Tonnes,21-11-2025
Maharashtra,Pune,Pune(Pimpri) ,Vegetables,Onion,Local,Local,"1,000.00","1,600.00","1,300.00",Rs./Quintal,0.80,Metric Tonnes,20-11-2025
Maharashtra,Pune,Pune(Pimpri) ,Vegetables,Onion,Local,Local,"1,200.00","1,600.00","1,400.00",Rs./Quintal,1.60,Metric Tonnes,19-11-2025
Maharashtra,Pune,Pune(Pimpri) ,Vegetables,Onion,Local,Local,"1,200.00","1,800.00","1,500.00",Rs./Quintal,1.40,Metric Tonnes,18-11-2025
Maharashtra,Pune,Pune(Pimpri) ,Vegetables,Onion,Local,Local,"1,200.00","1,500.00","1,350.00",Rs./Quintal,0.50,Metric Tonnes,17-11-2025
Maharashtra,Pune,Pune(Pimpri) ,Vegetables,Onion,Local,Local,800.00,"1,600.00","1,200.00",Rs./Quintal,3.20,Metric Tonnes,16-11-2025
Maharashtra,Pune,Pune(Pimpri) ,Vegetables,Onion,Local,Local,"1,200.00","1,600.00","1,400.00",Rs./Quintal,1.40,Metric Tonnes,15-11-2025
Maharashtra,Pune,Pune(Pimpri) ,Vegetables,Onion,Local,Local,"1,400.00","1,500.00","1,450.00",Rs./Quintal,0.70,Metric Tonnes,14-11-2025
Maharashtra,Pune,Pune(Pimpri) ,Vegetables,Onion,Local,Local,"1,400.00","1,600.00","1,500.00",Rs./Quintal,1.50,Metric Tonnes,13-11-2025
Maharashtra,Pune,Pune(Pimpri) ,Vegetables,Onion,Local,Local,500.00,"1,800.00","1,150.00",Rs./Quintal,2.70,Metric Tonnes,12-11-2025
Maharashtra,Pune,Pune(Pimpri) ,Vegetables,Onion,Local,Local,600.00,"1,600.00","1,100.00",Rs./Quintal,2.50,Metric Tonnes,11-11-2025
Maharashtra,Pune,Pune(Pimpri) ,Vegetables,Onion,Local,Local,"1,000.00","1,400.00","1,200.00",Rs./Quintal,1.10,Metric Tonnes,10-11-2025
Maharashtra,Pune,Pune(Pimpri) ,Vegetables,Onion,Local,Local,"1,000.00","1,600.00","1,300.00",Rs./Quintal,2.70,Metric Tonnes,09-11-2025
Maharashtra,Pune,Pune(Pimpri) ,Vegetables,Onion,Local,Local,600.00,"1,500.00","1,050.00",Rs./Quintal,2.70,Metric Tonnes,08-11-2025
Maharashtra,Pune,Pune(Pimpri) ,Vegetables,Onion,Local,Local,"1,000.00","1,500.00","1,250.00",Rs./Quintal,2.70,Metric Tonnes,07-11-2025

