tree
version=v4
num_class=1
num_tree_per_iteration=1
label_index=0
max_feature_idx=22
objective=quantile
feature_names=market commodity horizon dow month festival_3d monsoon days_since_last_report reports_last_7d is_synthetic y_lag_1 y_lag_2 y_lag_3 y_lag_7 y_lag_14 y_roll_mean_7 y_roll_std_7 y_roll_mean_14 y_roll_std_14 y_roll_mean_28 y_roll_std_28 price_lag_1 price_roll_mean_7
feature_infos=-1:12:15:14:1:10:11:13:2:3:4:0:5:9:6:8:7 -1:1:2:0 [1:3] [0:6] [1:12] [0:1] [0:1] [0:237] [0:7] [0:1] [0.095310179804324865:7.988814408402658] [0.095310179804324865:7.988814408402658] [0.095310179804324865:7.988814408402658] [0.095310179804324865:7.988814408402658] [0.095310179804324865:7.988814408402658] [0.095310179804324865:7.3925420299867994] [0:1.9105761664089691] [0.17883722213590794:7.5241500202573981] [0:1.9105761664089691] [0.18652458360207724:7.4218844185920219] [0:2.6080860754631385] [6.3985949345352076:8.6700859375193797] [6.4721247620406297:8.5840755827772313]
tree_sizes=2717 2879 2916 2884 2876 2896 2905 2884 2926 2934 2939 2881 2902 2865 2919 2909 2941 2917 2895 2896 2889 2921 2882 2877 2882 2921 2937 2860 2929 2884 2886 2894 2898 2919 2882 2906 2945 2858 2925 2865 2902 2876 2956 2907 2916 2938 2954 2988 2904 2934 2967 2909 2905 2974 2941 2910 2916 2892 2946 2922 2948 2974 2906 2957 2954 2968 2943 2930 2939 3057 2931 2931 2883 2951 2969 2951 3016 3022 2936 2939 2958 3000 2973 2970 2945 2972 2961 2937 2968 2974 2937 2919 2943 2942 2957 2871 2913 2982 2966 2988 2921 2992 2945 2965 2924 2929 2892 2938 2984 2927 2925 2975 2946 2945 2961 3020 2949 2952 2929 2917 2981 2946 2959 2981 3003 2942 2951 2954 2965 2966 2958 2978 3021 2967 2974 2914 2981 2854 2928 2992 2980 3010 2996 2963 2941 2957 2952 2959 2931 2971 2959 2929 3001 2922 2931 2902 2934 2953 2930 2990 2937 2901 2910 2952 2924 2914 2968 2948 2991 2985 2939 2935 2965 2980 2928 2932 2879 2960 2925 2927 2931 2945 2954 2915 2933 2938 2975 2943 2890 2961 2959 2996 2973 2890 2931 2946 2986 2913 2915 2907 2961 2964 2971 3013 2912 2903 2940 2944 3011 2967 2953 2923 2897 2957 2921 2918 2943 2951 2959 2923 2970 2964 2908 2905 2929 2960 2932 2937 2962 2945 2950 2926 2982 2938 2972 2940 2966 2957 2932 2907 2943 2949 2929 2924 2939 2959 2911 2921 2868 2917 2982 2919 2901 2980 2978 2966 2921 2928 2935 2938 2957 2919 2959 2945 2950 2912 2911 3024 2924 2926 2975 3002 2936 2918 2943 2908 2947 2916 3023 2937 2913 2912 2944 2919 2947 2905 2961 2947 2928 2928 2958 2922 2915 2922 2879 2988 2934 2914 2956 2876

Tree=0
num_leaves=31
num_cat=2
split_feature=17 17 17 19 3 10 10 10 11 17 3 17 11 17 3 0 1 21 4 4 17 21 4 16 21 4 21 3 4 17
split_gain=3555.42 267.749 183.883 56.3859 27.9333 22.2171 19.9146 16.2868 14.4417 14.1863 14.6172 11.8318 9.29539 8.93019 7.3563 6.77296 16.2987 5.99305 5.72198 5.51687 5.27084 5.16133 4.98972 4.87925 6.26962 5.30553 4.55075 4.44536 4.41571 4.38571
threshold=5.1099692542212702 5.3839915683099138 4.9118171987191985 5.3033408224100134 1.0000000180025095e-35 5.117694321542273 4.804430712924959 5.9476431908061516 5.9346294703076508 5.0288862528669664 1.0000000180025095e-35 5.562564128225838 5.2190032302309168 4.7371316092141962 1.0000000180025095e-35 0 1 7.36232791083878 11.500000000000002 10.500000000000002 5.2522737637064054 7.4682278018910955 1.5000000000000002 0.24841938629383864 7.0770759345065919 1.5000000000000002 7.0913259685875696 4.5000000000000009 9.5000000000000018 5.1549069257636209
decision_type=10 10 8 10 2 8 8 10 10 10 2 10 8 10 2 1 1 10 2 2 10 8 2 10 8 2 8 2 2 10
left_child=2 4 13 6 29 26 -4 8 9 15 -11 17 21 -1 28 16 -8 -3 22 20 -14 -7 27 24 -12 -26 -6 -17 -15 -2
right_child=1 11 3 -5 5 12 7 -9 -10 10 23 -13 19 14 -16 18 -18 -19 -20 -21 -22 -23 -24 -25 25 -27 -28 -29 -30 -31
leaf_value=5.1427040100097656 5.1931346260690585 5.2050025791704231 5.1722701900467287 5.2811337471008297 5.1908549070358276 5.191951488442248 5.2642974206898199 5.272513479710585 5.2721710908867978 5.1996438264846798 5.1933978319168093 5.2673605181534642 5.1906152009963993 5.1804123647928666 5.1730211496353151 5.1843450966905378 5.2200385093688961 5.1907242995316834 5.1903084516525269 5.1978579293137814 5.1947367841065129 5.1888183125573191 5.1803725004196171 5.1874828338623047 5.1885185480117801 5.1835659027099608 5.1850157153858873 5.1753866672515869 5.1848434232098386 5.2057068642365518
leaf_weight=49945 57 665 446 99 58 181 43 30 26 110 33 3281 429 168 1650 86 62 31 103 188 414 352 1186 108 136 527 408 27 69 270
leaf_count=49945 57 665 446 99 58 181 43 30 26 110 33 3281 429 168 1650 86 62 31 103 188 414 352 1186 108 136 527 408 27 69 270
internal_value=5.17784 5.21331 5.17374 5.18573 5.19995 5.19777 5.18447 5.18623 5.18578 5.18538 5.19029 5.22122 5.20062 5.17304 5.17642 5.1824 5.19415 5.2153 5.18138 5.2034 5.20167 5.19526 5.1805 5.18796 5.18642 5.18536 5.18819 5.19054 5.18466 5.21352
internal_weight=61188 6334 54854 3022 2357 2030 2923 2477 2447 2421 914 3977 1564 51832 1887 1507 105 696 1402 1031 843 533 1299 804 696 663 466 113 237 327
internal_count=61188 6334 54854 3022 2357 2030 2923 2477 2447 2421 914 3977 1564 51832 1887 1507 105 696 1402 1031 843 533 1299 804 696 663 466 113 237 327
cat_boundaries=0 1 2
cat_threshold=1153 1
is_linear=0
shrinkage=1


Tree=1
num_leaves=31
num_cat=2
split_feature=17 17 15 19 10 15 11 3 3 17 15 10 17 3 15 0 1 7 18 3 20 11 20 16 11 15 16 3 16 16
split_gain=3455.38 304.727 169.405 44.1091 28.9028 24.6424 19.7003 17.6994 15.787 13.029 12.2894 10.9774 11.8474 10.9545 9.4052 7.15918 10.1499 7.82567 6.07612 6.01274 4.69389 4.36077 4.33525 3.98076 4.17242 3.95767 3.58059 3.55611 3.59333 3.53114
threshold=5.1948718096963313 4.9932779339093747 5.3858881555287166 5.580795933134751 4.9441392393500641 4.8503889125149806 5.1044291273294844 1.0000000180025095e-35 1.0000000180025095e-35 5.562564128225838 5.2026258078976602 5.9476431908061516 5.0509390481780256 1.0000000180025095e-35 5.2026258078976602 0 1 1.5000000000000002 0.21087283585420588 1.5000000000000002 0.22869609200840738 5.9346294703076508 0.15558476246201519 0.25274268810412398 5.0076307291855597 5.2026258078976602 0.28739094969709911 1.0000000180025095e-35 0.29775233996439043 0.18711107711784367
decision_type=10 8 8 10 8 10 10 2 2 10 10 10 10 2 8 1 1 10 10 2 8 10 10 8 8 10 8 2 8 10
left_child=1 5 7 4 20 -1 11 25 29 27 -9 12 15 -14 19 16 17 -6 22 -8 -3 -16 -12 24 -15 -2 -18 -4 -29 -7
right_child=2 3 9 -5 6 8 14 10 -10 -11 18 -13 13 23 21 -17 26 -19 -20 -21 -22 -23 -24 -25 -26 -27 -28 28 -30 -31
leaf_value=-0.030839752220026641 0.012824442513028078 0.0063361080288993612 0.032839356380762741 0.098126120567321798 0.0042566302850357658 0.018004313682691259 0.016063748138282676 0.0080840855051687293 -0.00021545827213103851 0.085327848306499157 0.014376229955397999 0.083490634041226613 0.02004882154257254 0.0034954976084047226 0.014841420162595795 -0.0020418576757943283 0.005646620988845808 0.082665470495355206 0.016659461278584673 0.008553765698026905 -0.0052096191984355757 0.089868039475676523 0.013518270581661662 0.01311335563659668 0.010312765252895468 0.026075969483556484 -0.0019062173366546809 0.024033617592057077 0.0192254983859955 0.0086139555947301657
leaf_weight=50993 44 300 126 93 70 106 115 266 1212 3290 64 27 123 235 209 334 213 94 315 377 343 31 527 86 440 153 176 600 60 80
leaf_count=50993 44 300 126 93 70 106 115 266 1212 3290 64 27 123 235 209 334 213 94 315 377 343 31 527 86 440 153 176 600 60 80
internal_value=-3.94434e-05 -0.00375847 0.0379752 0.0110594 0.0100646 -0.0046822 0.0124704 0.0227575 0.00186695 0.0430864 0.0204266 0.00965517 0.00917278 0.0132692 0.0193852 0.00509019 0.00849911 0.0190854 0.0232009 0.0154268 0.000598755 0.0275 0.0202115 0.0110315 0.00974074 0.0366244 0.0042545 0.0373028 0.0358333 0.0154301
internal_weight=61102 55657 5445 3266 3173 52391 2530 1369 1398 4076 1172 1798 1771 884 732 887 553 164 906 492 643 240 591 761 675 197 389 786 660 186
internal_count=61102 55657 5445 3266 3173 52391 2530 1369 1398 4076 1172 1798 1771 884 732 887 553 164 906 492 643 240 591 761 675 197 389 786 660 186
cat_boundaries=0 1 2
cat_threshold=21937 1
is_linear=0
shrinkage=0.05


Tree=2
num_leaves=31
num_cat=1
split_feature=19 15 15 15 19 15 10 11 3 3 20 19 15 15 3 10 1 21 6 3 3 22 10 6 21 3 11 12 10 18
split_gain=3262.15 305.819 179.098 44.1276 31.1172 26.5249 21.1343 17.1481 16.9601 14.1243 11.6925 10.7653 9.80449 8.49807 9.95119 8.17694 9.09456 8.14785 7.43654 7.71506 6.91535 6.71007 6.45993 5.63142 5.48178 4.67174 4.48906 4.48755 4.23661 4.17791
threshold=5.2202981734410914 4.9409232816077919 5.4358939636785086 5.1698006157004412 4.9489614632067545 5.2026258078976602 5.9476431908061516 5.9346294703076508 1.0000000180025095e-35 1.0000000180025095e-35 0.20854805055979644 5.7111600628976094 5.0425340140882158 4.7002717051434439 1.0000000180025095e-35 4.8214904308549711 0 7.3353079303995088 1.0000000180025095e-35 1.5000000000000002 1.0000000180025095e-35 7.2241014616247208 4.9941670439731238 1.0000000180025095e-35 7.1635595375945957 1.0000000180025095e-35 5.0660699512590419 4.7828977861650346 4.8524207364111538 0.24338753699263674
decision_type=10 10 8 10 8 10 10 10 2 2 10 10 10 10 2 8 1 8 2 2 2 8 8 2 8 2 8 8 10 10
left_child=1 4 5 8 13 18 7 15 23 -7 20 21 24 -1 28 -6 27 -11 19 -2 -5 -4 -14 -3 -10 -12 -24 -17 -15 -21
right_child=2 3 11 10 6 9 -8 -9 12 17 25 -13 22 14 -16 16 -18 -19 -20 29 -22 -23 26 -25 -26 -27 -28 -29 -30 -31
leaf_value=-0.032817753599936154 0.021083936983310195 0.017103135691933575 0.029426738903564332 0.017295160618826879 -0.011052895851144459 0.029159974987908878 0.085282985752095183 0.085695292266884687 0.012169995667030094 0.019758989676321861 0.019665865104155734 0.083673593685668832 0.0021413154166010193 0.0041833879312072495 -0.0050670147407595239 -0.018824737959525537 0.00064213271254858211 0.012793465528069512 -0.0024876682046054647 0.0026192748542614758 0.010956873812839591 0.025258071641324965 0.0053380797003586044 0.0040080170317657801 0.0011964932169856149 0.013914235692798907 0.0083012773346415342 0.068969621917198298 0.011321545076124285 0.013335856695669973
leaf_weight=49416 74 254 905 38 400 162 32 23 61 307 58 2829 212 223 1793 33 496 503 79 127 300 141 270 45 889 421 570 220 58 57
leaf_count=49416 74 254 905 38 400 162 32 23 61 307 58 2829 212 223 1793 33 496 503 79 127 300 141 270 45 889 421 570 220 58 57
internal_value=-0.000174275 -0.00369831 0.0377662 0.011517 -0.00459863 0.0217762 0.00334717 0.00225256 0.00797262 0.0259671 0.0214994 0.0431677 0.00631369 -0.00478443 -0.00164899 0.00139687 0.0044793 0.0232716 0.00968843 0.0137984 0.0143787 0.0388337 0.00963878 0.0190803 0.00263158 0.026524 0.0116071 0.0121937 0.00709964 0.00831522
internal_weight=60996 55812 5184 3118 52694 1309 1204 1172 2301 972 817 3875 2002 51490 2074 1149 749 810 337 258 338 1046 1052 299 950 479 840 253 281 184
internal_count=60996 55812 5184 3118 52694 1309 1204 1172 2301 972 817 3875 2002 51490 2074 1149 749 810 337 258 338 1046 1052 299 950 479 840 253 281 184
cat_boundaries=0 1
cat_threshold=1
is_linear=0
shrinkage=0.05


Tree=3
num_leaves=31
num_cat=2
split_feature=17 17 17 19 15 11 15 0 15 22 12 15 19 18 7 20 16 19 1 15 20 11 15 4 20 11 20 22 20 18
split_gain=3174.33 258.397 198.205 41.5117 30.3081 19.5535 19.2885 13.5085 12.8757 12.8255 9.1245 8.30927 7.29843 6.55107 6.23743 6.63559 5.82285 5.0914 5.08979 4.94803 4.65531 4.62648 4.52095 4.33101 5.26075 4.52416 4.09629 3.7524 3.74339 4.26985
threshold=5.1948718096963313 5.0288862528669664 5.4349565514883293 5.7998686218808322 4.8066754833930174 5.0848146443748545 5.2319977108069962 0 5.6812087940181319 7.3757572569444241 5.5572140130888288 5.2026258078976602 4.7645800298670693 0.23185387513656047 14.500000000000002 0.17044525160913074 0.29775233996439043 4.9742748134897781 1 5.0425340140882158 0.18484024260506246 6.1256675353647996 5.3858881555287166 7.5000000000000009 0.23784109553745092 4.9491143746184694 0.20319582080373555 7.2332588551723314 0.15314208129995657 0.21153369192025109
decision_type=10 8 10 10 10 10 8 1 8 8 10 8 8 10 10 10 10 10 1 10 10 10 10 2 10 8 10 10 10 10
left_child=1 4 6 5 -1 7 13 17 16 20 12 -7 -9 -2 15 -14 27 -3 -16 -6 -8 26 -22 24 -17 -25 -13 -4 -11 -30
right_child=2 3 8 -5 19 11 9 10 -10 28 -12 21 14 -15 18 23 -18 -19 -20 -21 22 -23 -24 25 -26 -27 -28 -29 29 -31
leaf_value=-0.028961838110796292 0.0071034426337686536 -0.050643654051676285 0.026252824277819692 0.089803062516316257 0.00027910468206235887 0.010052284307335669 0.014500218860325022 -0.026526405928191867 0.078683963836590473 0.01441928269004133 0.076720255439643517 0.0095677039380268614 0.0080386948175986024 0.013806076691741779 0.045033135877035772 0.0093474738998985517 0.015037582547238576 0.008547489751795409 0.082466967064913063 0.0078664920511379716 0.019929279957310919 0.08158982831888012 0.021861012278820775 0.0051428186819009077 0.00011099939321493677 0.017049011353141474 0.012284087820107415 0.016350513927158517 0.010589995881331291 0.017627507849511261
leaf_weight=50429 304 263 744 88 2080 527 111 106 2864 48 28 93 404 115 45 501 37 146 67 249 415 24 278 44 125 119 139 106 281 118
leaf_count=50429 304 263 744 88 2080 527 111 106 2864 48 28 93 404 115 45 501 37 146 67 249 415 24 278 44 125 119 139 106 281 118
internal_value=-0.000243687 -0.00381212 0.0362747 0.0112192 -0.00458679 0.0100893 0.0219461 0.00728355 0.042654 0.025056 0.00952726 0.0167114 0.0090326 0.0126611 0.0100575 0.00899832 0.0373901 -0.00082339 0.0213393 0.000989694 0.0288308 0.0241016 0.0303535 0.0116667 0.00977636 0.0189264 0.0219397 0.0382353 0.0182662 0.0166792
internal_weight=60898 55477 5421 2719 52758 2631 1670 1848 3751 1251 1439 783 1411 419 1305 1193 887 409 112 2329 804 256 693 789 626 163 232 850 447 399
internal_count=60898 55477 5421 2719 52758 2631 1670 1848 3751 1251 1439 783 1411 419 1305 1193 887 409 112 2329 804 256 693 789 626 163 232 850 447 399
cat_boundaries=0 1 2
cat_threshold=35356 4
is_linear=0
shrinkage=0.05


Tree=4
num_leaves=31
num_cat=0
split_feature=19 17 17 15 17 10 3 10 3 15 3 15 22 11 20 3 15 22 4 15 22 21 5 19 11 10 22 5 12 15
split_gain=3098.1 383.005 76.5418 48.1012 32.6153 19.2446 15.1703 14.5247 12.6377 11.3435 11.3108 11.0997 11.0952 10.8634 9.24138 7.50435 6.22118 6.04018 6.76151 5.97121 5.78243 6.39387 5.75558 5.48126 5.7666 6.11788 4.96028 4.5565 4.81034 4.5419
threshold=5.3033408224100134 5.0288862528669664 5.4882827256271991 5.2319977108069962 4.7939339057433896 4.7912346429027162 1.0000000180025095e-35 5.8756326429401939 1.0000000180025095e-35 4.9187778076663804 1.0000000180025095e-35 5.8242681372474658 7.2146147614933112 5.9346294703076508 0.25363552503345449 5.5000000000000009 5.3858881555287166 7.6077954645864674 9.5000000000000018 5.2026258078976602 7.7951766239799731 7.4958196445301075 1.0000000180025095e-35 4.7981860151977438 5.0660699512590419 5.0610114511903843 7.3193239077873331 1.0000000180025095e-35 4.7828977861650346 5.0425340140882158
decision_type=10 8 8 10 10 8 2 10 2 10 2 8 8 10 10 2 10 10 2 10 10 10 2 8 8 8 10 2 8 10
left_child=1 4 12 5 -1 -3 17 8 9 -7 -5 -4 16 20 22 19 -2 18 -6 -14 21 23 -12 -10 -25 -26 -16 28 -27 -8
right_child=2 3 11 10 6 7 29 -9 13 -11 14 -13 15 -15 26 -17 -18 -19 -20 -21 -22 -23 -24 24 25 27 -28 -29 -30 -31
leaf_value=-0.027458218518183711 0.018799782033194212 -0.0091597883046588887 0.02540545653484896 0.022962104774158047 0.0075902608473656348 0.024490488371091246 -0.00073942530002781752 0.07915963373509656 -0.025200085631782266 0.015806683931011586 0.013390429413561257 0.076550023535081654 0.0088280332546805448 0.071511542846054793 0.019441290177033912 0.011417107793299951 0.022122878422789729 0.0026352798427902173 0.01707151750826923 0.015444280856134446 0.014577876842737054 0.0002741062436461538 0.0065672067378631906 0.0042028377513547736 0.0044436760708650765 -0.0047021629874165159 0.0138499559545892 0.0047765510565006865 0.015421455828981287 0.0050517824141771729
leaf_weight=50457 192 277 1090 131 132 81 1855 35 92 230 529 2590 64 20 123 83 235 94 68 300 118 286 96 472 224 36 70 112 764 210
leaf_count=50457 192 277 1090 131 132 81 1855 35 92 230 529 2590 64 20 123 83 235 94 68 300 118 286 96 472 224 36 70 112 764 210
internal_value=-0.000250222 -0.00344723 0.0394225 0.0121131 -0.00453613 0.00876046 0.00121026 0.0101619 0.00970226 0.0191158 0.0218177 0.0425815 0.0261213 0.00832392 0.0196333 0.0206152 0.0318852 0.0118367 0.01675 0.0237088 0.00797528 0.00733635 0.01668 0.0085 0.0091791 0.0111092 0.0291969 0.0129276 0.01425 -0.000302665
internal_weight=61066 56512 4554 3696 52816 2747 2359 2470 2435 311 949 3680 874 2124 818 447 427 294 200 364 2104 1986 625 1700 1608 1136 193 912 800 2065
internal_count=61066 56512 4554 3696 52816 2747 2359 2470 2435 311 949 3680 874 2124 818 447 427 294 200 364 2104 1986 625 1700 1608 1136 193 912 800 2065
is_linear=0
shrinkage=0.05


Tree=5
num_leaves=31
num_cat=2
split_feature=19 15 15 19 0 15 15 3 4 3 18 3 5 22 21 15 22 22 15 15 3 15 22 3 12 22 4 0 18 4
split_gain=2902.35 342.194 78.8627 52.1584 28.029 26.286 21.6898 21.24 10.4692 10.2666 10.9072 10.1254 10.1039 10.0212 8.10583 7.70549 7.67882 7.37295 7.30188 7.22023 6.84959 6.56453 5.5556 5.28547 4.99476 4.84269 4.71022 4.71402 7.10334 6.75017
threshold=5.3033408224100134 5.0425340140882158 5.4358939636785086 4.7807438950647336 0 5.3858881555287166 5.9125930327791441 1.0000000180025095e-35 8.5000000000000018 1.0000000180025095e-35 0.18704872128241259 1.0000000180025095e-35 1.0000000180025095e-35 7.529983428174635 7.187279092263295 5.1698006157004412 7.3447932028912124 7.5759050247173869 4.6874181093742253 5.2026258078976602 1.0000000180025095e-35 5.2026258078976602 7.8879552508210917 1.0000000180025095e-35 5.3430516693126791 7.3869654066411661 3.5000000000000004 1 0.11872896377552521 8.5000000000000018
decision_type=10 10 8 8 1 10 8 2 2 2 8 2 2 8 10 10 8 10 10 10 2 10 10 2 8 10 2 1 10 2
left_child=1 3 11 18 8 7 14 15 13 10 -6 25 19 -5 23 -3 -7 -14 -1 -9 -20 -13 26 -4 -25 -2 -11 28 29 -28
right_child=2 5 6 4 9 16 -8 12 -10 22 -12 21 17 -15 -16 -17 -18 -19 20 -21 -22 -23 -24 24 -26 -27 27 -29 -30 -31
leaf_value=-0.02955486812517796 0.02506264750931983 0.017265220145862726 0.034682855021290537 0.0184303904091641 0.013604456266816296 0.020078483386057631 0.073383434905125042 0.007110361344535597 0.057570500225705923 0.0053181513049110236 0.0025058927444928797 0.0038289352261438162 0.001018740514999201 0.072803798478004389 0.014938092759031091 0.020498125932595621 0.012315073800812143 0.013639336444792073 0.004147945345854373 0.011164320250471791 -0.0031030069121916284 0.013344133894295972 0.032766579649202328 0.013815852542143282 0.021330869162497958 0.019422535982614026 0.071166914628028613 -0.0038564560669144864 -0.00069787701652323738 -0.018737048756220263
leaf_weight=49025 90 170 248 20 172 160 2328 1068 38 566 247 75 358 75 168 146 54 37 205 695 1277 470 28 49 1054 24 66 1989 163 32
leaf_count=49025 90 170 248 20 172 160 2328 1068 38 566 247 75 358 75 168 146 54 37 205 695 1277 470 28 49 1054 24 66 1989 163 32
internal_value=-0.000399939 -0.00347502 0.0382201 -0.00434327 0.00165489 0.013936 0.0409579 0.0124818 0.0233217 0.000698135 0.00800716 0.0222382 0.010709 0.0339474 0.0363101 0.0245886 0.0307477 0.00348101 -0.00474657 0.0123284 -0.0012888 0.0194037 -0.000376232 0.0375981 0.0361151 0.0357895 -0.000596592 -0.00162222 0.00459409 0.0154082
internal_weight=61097 56591 4506 53903 3396 2688 3847 2474 133 3263 419 659 2158 95 1519 316 214 395 50507 1763 1482 545 2844 1351 1103 114 2816 2250 261 98
internal_count=61097 56591 4506 53903 3396 2688 3847 2474 133 3263 419 659 2158 95 1519 316 214 395 50507 1763 1482 545 2844 1351 1103 114 2816 2250 261 98
cat_boundaries=0 1 2
cat_threshold=1153 320
is_linear=0
shrinkage=0.05


Tree=6
num_leaves=31
num_cat=3
split_feature=19 17 17 15 17 15 3 0 3 21 3 18 3 20 1 0 3 6 9 3 3 20 17 17 17 6 19 22 20 5
split_gain=2793.01 323.321 84.4202 44.6199 28.7465 28.666 18.9991 16.3135 13.9591 14.3466 12.7865 12.6798 14.1344 12.0342 7.86483 14.4122 7.0854 6.55496 5.98402 5.48426 5.31943 4.62837 4.51791 4.38904 4.32861 4.29483 4.20961 4.04448 4.00757 3.98633
threshold=5.3033408224100134 5.0288862528669664 5.762431302985469 5.2026258078976602 5.3416074948625889 4.7002717051434439 1.0000000180025095e-35 0 1.0000000180025095e-35 7.2643801604146994 1.0000000180025095e-35 0.27592934021199472 1.0000000180025095e-35 0.25363552503345449 1 2 5.5000000000000009 1.0000000180025095e-35 1.0000000180025095e-35 4.5000000000000009 1.5000000000000002 0.45923723657429233 5.9189097126612138 4.4345721222397936 5.4349565514883293 1.0000000180025095e-35 1.825960715199596 7.2753205005933177 0.23271262531457168 1.0000000180025095e-35
decision_type=10 8 8 10 10 10 2 1 2 10 2 8 2 10 1 1 2 2 2 2 2 10 8 10 10 2 10 10 10 2
left_child=1 5 4 7 20 21 -5 18 -6 24 -7 12 17 19 15 16 26 -9 -3 -8 -2 -1 -4 -23 28 29 -13 -15 -10 -14
right_child=2 3 22 6 8 10 13 11 9 -11 -12 14 25 27 -16 -17 -18 -19 -20 -21 -22 23 -24 -25 -26 -27 -28 -29 -30 -31
leaf_value=-0.027638794158854996 0.01799624973100963 0.050443560178637437 0.024934483462562145 0.023207709506635421 0.027981473204099796 0.0079273474274297664 0.0093026897851649429 0.014046145000983112 0.010942686872606768 0.0089562309774007358 -0.0014067661882680915 0.064217551614438192 0.0067470268552032552 0.018491985791972799 -0.011990976406311589 -0.048851069544158854 0.083602925076691065 -0.0014360774981777233 -0.10280934648905507 0.010486473194937646 0.0071871344017652135 -0.010907937263408218 0.0696846284435758 0.0046569348665602027 0.019087557809542324 -0.0013085679064350224 -0.010571264486057547 0.0129310797849993 0.018117846036564623 0.00096780356339468533
leaf_weight=47648 117 195 474 155 251 444 558 193 111 148 3037 89 1042 107 437 139 25 23 20 215 204 1522 2211 58 902 121 24 113 79 218
leaf_count=47648 117 195 474 155 251 444 558 193 111 148 3037 89 1042 107 437 139 25 23 20 215 204 1522 2211 58 902 121 24 113 79 218
internal_value=-0.000448424 -0.00347295 0.0374728 0.0108683 0.0291336 -0.00447258 0.0190418 0.0071536 0.0320557 0.029879 -8.76197e-05 0.00583585 0.00833751 0.0165005 0.000322128 0.00691336 0.0176351 0.0202315 0.0201111 0.013564 0.0155607 -0.00478265 0.0431006 -0.00212025 0.031859 0.00647719 0.0135841 0.0268182 0.025 0.00734127
internal_weight=60880 56383 4497 3674 1812 52709 1148 2526 1491 1240 3481 2311 1597 993 714 277 138 216 215 773 321 49228 2685 1580 1092 1381 113 220 190 1260
internal_count=60880 56383 4497 3674 1812 52709 1148 2526 1491 1240 3481 2311 1597 993 714 277 138 216 215 773 321 49228 2685 1580 1092 1381 113 220 190 1260
cat_boundaries=0 1 2 3
cat_threshold=1057 1 12736
is_linear=0
shrinkage=0.05


Tree=7
num_leaves=31
num_cat=3
split_feature=19 15 15 17 0 15 22 1 1 3 3 3 21 20 3 22 4 10 10 15 3 4 5 3 20 3 5 4 19 22
split_gain=2628.5 300.888 87.3439 49.9617 25.8983 23.0677 18.261 17.6445 13.5401 13.1749 13.0278 12.3303 10.6098 9.58182 9.05306 6.68442 6.52024 6.34806 5.61673 5.41071 5.29984 5.27572 5.20616 4.81201 4.79008 4.37436 3.90761 3.96372 3.86478 3.86088
threshold=5.3033408224100134 5.0425340140882158 5.6148017707253004 4.6146097938783095 0 5.2319977108069962 7.2891989357453655 1 2 1.0000000180025095e-35 1.0000000180025095e-35 1.0000000180025095e-35 6.9851790688787379 0.25969483435351343 1.0000000180025095e-35 7.7951766239799731 10.500000000000002 4.8366785749611774 5.0610114511903843 4.9187778076663804 1.5000000000000002 10.500000000000002 1.0000000180025095e-35 1.0000000180025095e-35 0.50374338890686676 4.5000000000000009 1.0000000180025095e-35 2.5000000000000004 5.8733478586983567 7.4143715998875424
decision_type=10 10 8 8 1 10 10 1 1 2 2 2 10 10 2 10 2 10 8 8 2 2 2 2 10 2 2 2 10 10
left_child=1 3 6 24 8 14 9 12 -5 -2 17 -7 26 22 21 18 -11 -6 -16 -12 -8 -3 29 -14 -1 -20 -4 -28 -9 -13
right_child=2 5 7 4 10 11 20 28 -10 16 19 13 23 -15 15 -17 -18 -19 25 -21 -22 -23 -24 -25 -26 -27 27 -29 -30 -31
leaf_value=-0.028858787930221341 0.026020484896747798 0.01140693955278598 0.028781845390335778 0.068371493061567187 0.0032211023619250993 0.019628707763488611 0.017754410485814498 0.064374082262845314 0.032963763684398149 0.01409269301596517 -0.0032666411311691994 0.012542634225546601 0.03042955794136248 0.016318540013893434 0.0013302116657209044 0.01134508398049874 0.018972303729068593 0.011989146347495724 0.0065394641957696731 0.0012532974221905423 0.0057904728846085102 0.027421502901333546 0.0028297259232092833 0.016413350324229324 -0.008858219258627854 0.0066972002715577246 0.02089673199571894 0.019341917745054005 0.070715520388706571 0.0074514836527533341
leaf_weight=46779 166 177 798 68 551 131 105 40 86 578 3100 446 55 148 394 71 180 157 733 1791 226 41 101 389 1408 326 54 66 1778 92
leaf_count=46779 166 177 798 68 551 131 105 40 86 578 3100 446 55 148 394 71 180 157 733 1791 226 41 101 389 1408 326 54 66 1778 92
internal_value=-0.000579587 -0.0034841 0.0364882 -0.00429366 0.000110376 0.0129323 0.0253187 0.0408962 0.0196951 0.0289286 -0.000462651 0.0193464 0.0365932 0.0169822 0.00955224 0.00818898 0.0261346 0.00587571 0.00745698 -0.00138111 0.0152417 0.0190826 0.0143271 0.0302477 -0.00481945 0.00935316 0.0396623 0.03125 0.0441199 0.0162825
internal_weight=61035 56600 4435 53940 5753 2660 1255 3180 154 924 5599 918 1362 787 1742 1524 758 708 1453 4891 331 218 639 444 48187 1059 918 120 1818 538
internal_count=61035 56600 4435 53940 5753 2660 1255 3180 154 924 5599 918 1362 787 1742 1524 758 708 1453 4891 331 218 639 444 48187 1059 918 120 1818 538
cat_boundaries=0 1 2 3
cat_threshold=1153 2 1
is_linear=0
shrinkage=0.05


Tree=8
num_leaves=31
num_cat=1
split_feature=17 17 17 19 17 3 10 17 3 3 11 3 10 21 3 6 10 20 0 11 22 19 20 12 21 22 21 22 21 12
split_gain=2533.78 188.457 174.204 47.3375 41.2586 28.0177 20.5179 16.1714 13.7415 13.4265 12.7147 11.1722 10.4403 9.75599 9.19373 8.09067 7.12898 6.87696 6.05149 6.03446 5.71235 5.50971 5.4388 4.76433 4.72962 4.59088 4.44768 6.7004 4.02283 4.00118
threshold=5.2224786970239867 4.9118171987191985 5.4349565514883293 5.8733478586983567 6.0286767469432521 1.0000000180025095e-35 5.198773198077598 4.5739438457108097 1.0000000180025095e-35 1.0000000180025095e-35 5.3168937220106933 1.0000000180025095e-35 5.9476431908061516 6.9851790688787379 1.0000000180025095e-35 1.0000000180025095e-35 4.8214904308549711 0.23851164220470378 0 5.9346294703076508 7.2594212792525505 4.9212799377510965 0.50374338890686676 5.3736566962149777 7.2452983069657719 7.1285440037678027 7.42446352143262 7.2418399199301708 7.1312986703816295 5.0648077231336464
decision_type=10 8 10 10 10 2 10 10 2 2 10 2 10 8 2 2 8 10 1 10 8 10 10 8 10 10 10 10 10 8
left_child=1 7 5 6 8 -2 10 22 -4 -9 11 15 14 23 29 21 -13 -7 -18 -12 25 -3 -1 -10 -15 -19 27 -16 -20 -8
right_child=2 3 4 -5 -6 17 12 9 13 -11 19 16 -14 24 26 -17 18 20 28 -21 -22 -23 -24 -25 -26 -27 -28 -29 -30 -31
leaf_value=-0.028929186622699544 0.020907296481450025 0.014397353848458956 0.029929919110333842 0.070029299943782736 0.064582811253869651 0.0094158312836511437 0.010364126808608161 0.0042002115143368272 0.0099752312974818892 -0.0036240229310964423 0.0097501574258714759 -0.0051404834885356646 0.063492072915657186 0.017512803089269429 0.0072037190420790476 -0.001886233161526402 0.03543140657768535 0.01219853349595121 0.0050599171779693647 0.065740451651391751 0.011170225151061502 0.012464737834362258 -0.0085462430542497803 0.022466206777330151 0.011974521567742924 0.017170331449195442 0.002843998090641885 0.011095692347275246 -0.00035248160972552986 0.021523309504960366
leaf_weight=46115 213 76 323 81 1862 819 22 559 21 3675 204 446 31 1006 347 112 136 179 1410 22 178 226 1413 455 90 36 166 111 711 52
leaf_count=46115 213 76 323 81 1862 819 22 559 21 3675 204 446 31 1006 347 112 136 179 1410 22 178 226 1413 455 90 36 166 111 711 52
internal_value=-0.000614352 -0.00371412 0.0328329 0.00653383 0.0384788 0.0179474 0.00578094 -0.00453634 0.033285 -0.00157534 0.00412354 0.00329323 0.0133813 0.031355 0.0121203 0.010942 0.00212172 0.0150082 0.00326318 0.0155752 0.0204453 0.0151987 -0.00480012 0.0373319 0.0287591 0.0259302 0.0101442 0.0126856 0.00255514 0.0287838
internal_weight=61097 55915 5182 4153 3757 1425 4072 51762 1895 4234 3343 3117 729 1572 698 414 2703 1212 2257 226 393 302 47528 476 1096 215 624 458 2121 74
internal_count=61097 55915 5182 4153 3757 1425 4072 51762 1895 4234 3343 3117 729 1572 698 414 2703 1212 2257 226 393 302 47528 476 1096 215 624 458 2121 74
cat_boundaries=0 1
cat_threshold=1057
is_linear=0
shrinkage=0.05


Tree=9
num_leaves=31
num_cat=1
split_feature=17 17 15 15 19 15 3 3 3 10 22 11 15 10 3 10 19 20 6 15 19 4 4 19 17 22 0 7 4 20
split_gain=2384.11 271.679 87.3966 31.6475 30.2899 32.1123 21.8054 18.4516 15.7022 15.1861 13.4218 12.9631 10.6505 10.4097 7.26606 6.42292 6.30092 6.02068 5.13898 4.67968 4.22525 4.18768 6.64289 4.75156 3.95964 4.5483 3.95768 5.37998 5.78127 4.40282
threshold=5.3416074948625889 5.0288862528669664 5.8242681372474658 4.5778836646858947 5.9477535360787455 5.2026258078976602 1.0000000180025095e-35 1.0000000180025095e-35 1.0000000180025095e-35 5.9476431908061516 7.2458451752548045 5.9346294703076508 6.1901450660578208 4.804430712924959 1.0000000180025095e-35 5.3970308138328162 4.9212799377510965 0.50374338890686676 1.0000000180025095e-35 4.9187778076663804 4.2426872219521732 1.5000000000000002 10.500000000000002 5.7998686218808322 5.562564128225838 7.0335327081261996 0 14.500000000000002 2.5000000000000004 0.21359385934393346
decision_type=10 8 8 10 10 10 2 2 2 10 8 10 8 8 2 8 10 10 2 10 10 2 2 10 10 10 1 10 2 8
left_child=1 3 6 17 5 9 -2 -7 -5 11 15 13 -4 -3 16 -8 -15 -1 -18 -10 -19 -17 23 -23 -24 -26 27 28 29 -16
right_child=2 4 12 8 -6 7 10 -9 19 -11 -12 -13 -14 14 26 21 18 20 -20 -21 -22 22 24 -25 25 -27 -28 -29 -30 -31
leaf_value=-0.02748272729156458 0.026021101782209611 -0.0066760479711563516 0.027040395365323738 0.0054275054991955512 0.069084279582459371 0.017761498385957808 0.01190845295334122 0.0089405582373782606 -0.0033808897149953058 0.065001358634763293 0.0075094406658517262 0.060964695422254515 0.063392268476892125 0.010498525747907373 0.0096940842272424527 0.01952782593647431 0.016425073991947939 -0.01025764092350996 -0.0030660898175523432 0.0010329552456972647 0.0058550227575893121 0.014387835171305645 0.018767052833534983 0.016733091196177188 0.013010153536537228 0.013604010135486462 0.0043118716818385172 0.070524258328565834 0.0066663432573861314 -0.0044511292307375825
leaf_weight=46018 300 305 695 695 69 164 159 1061 3595 29 256 25 1758 83 122 170 190 1319 22 1054 115 505 151 140 26 93 1535 63 233 28
leaf_count=46018 300 305 695 695 69 164 159 1061 3595 29 256 25 1758 83 122 170 190 1319 22 1054 115 505 151 140 26 93 1535 63 233 28
internal_value=-0.000711569 -0.00341869 0.035395 -0.00436264 0.00926572 0.00867876 0.0270278 0.0153673 -0.000714822 0.00556926 0.0245667 0.00516884 0.0415349 0.00482177 0.00598418 0.0267122 0.0133051 -0.00477346 0.0178774 -0.00176275 -0.00158299 0.0280876 0.0267486 0.0239922 0.0333333 0.0265126 0.00489399 0.00903509 0.00701044 0.0146667
internal_weight=60978 56725 4253 52796 3929 3860 1800 1225 5344 2635 1500 2606 2453 2581 2276 1244 295 47452 212 4649 1434 1085 915 645 270 119 1981 446 383 150
internal_count=60978 56725 4253 52796 3929 3860 1800 1225 5344 2635 1500 2606 2453 2581 2276 1244 295 47452 212 4649 1434 1085 915 645 270 119 1981 446 383 150
cat_boundaries=0 1
cat_threshold=1219
is_linear=0
shrinkage=0.05


Tree=10
num_leaves=31
num_cat=1
split_feature=19 17 15 15 19 17 22 10 3 3 11 3 3 3 5 10 22 10 16 11 4 11 18 18 5 17 16 21 0 22
split_gain=2235.32 221.334 114.842 42.6725 21.0732 18.9342 18.8974 18.3668 17.4595 14.4748 13.9057 11.9464 10.9774 10.8054 10.5177 9.8917 9.78265 8.80219 7.44807 7.33536 6.74166 6.23485 5.73295 5.30873 5.08883 5.01326 4.97899 4.8988 4.76344 5.87365
threshold=5.3033408224100134 4.9118171987191985 5.7415769669592089 5.2319977108069962 6.221232420594963 4.516304471252055 7.209173515076059 5.9476431908061516 1.0000000180025095e-35 1.0000000180025095e-35 5.9346294703076508 1.5000000000000002 1.0000000180025095e-35 1.0000000180025095e-35 1.0000000180025095e-35 5.0176108530468104 7.4143715998875424 4.9777676311404191 0.54460740460303125 5.0076307291855597 2.5000000000000004 5.3478215331469032 0.1851480014264677 0.48701553199783937 1.0000000180025095e-35 5.562564128225838 0.20936632530837349 6.9579728820873044 0 7.4582680198718174
decision_type=10 8 8 10 10 10 10 10 2 2 10 2 2 2 2 10 8 8 10 8 2 8 10 10 2 10 8 10 1 8
left_child=1 5 6 7 14 23 13 10 -5 -7 12 -8 15 -2 25 26 22 -14 -11 -19 -16 -15 -10 -1 28 -4 -3 -27 -21 -30
right_child=2 3 4 8 -6 9 11 -9 16 18 -12 -13 17 21 20 -17 -18 19 -20 24 -22 -23 -24 -25 -26 27 -28 -29 29 -31
leaf_value=-0.027934090461593276 0.02270363590578324 0.01296688333070645 0.049406388631249479 0.019205649159159677 0.061313548415339009 0.0035890142470950456 0.014738856065058368 0.061407558505390196 0.0073252491832523654 -0.0041772764586025524 0.058678681413210157 0.0068588609589578485 -0.0011450985678386197 0.011148540837507923 0.016520161607601586 0.013910670152381703 0.0067260019054055393 -6.1117369444239203e-05 0.022995853722199342 0.0046042434530121539 0.015155449629112234 0.015493008029765396 0.013037909709900045 -0.0093609341276216004 -0.00041726226024152186 0.02623553572566828 0.0046543642194522379 0.023821837772992068 0.010680396337215254 0.0099587470951492396
leaf_weight=44963 206 174 44 126 1638 707 166 30 143 4478 23 338 951 144 66 128 341 644 36 650 113 867 340 1463 256 686 200 184 121 787
leaf_count=44963 206 174 44 126 1638 707 166 30 143 4478 23 338 951 144 66 128 341 644 36 650 113 867 340 1463 256 686 200 184 121 787
internal_value=-0.000814828 -0.00349985 0.0332974 0.00664021 0.0396723 -0.00446464 0.0231813 0.00435923 0.0161579 -0.00160985 0.00406202 0.0150397 0.00383406 0.026553 0.0342955 0.0107371 0.0135073 0.00281754 -0.00265175 0.00439788 0.0232123 0.0244263 0.0180849 -0.00478568 0.00602536 0.0364661 0.00663101 0.0372988 0.00709884 0.00943355
internal_weight=61013 56561 4452 4914 2731 51647 1721 3964 950 5221 3934 504 3911 1217 1093 502 824 3409 4514 2458 179 1011 483 46426 1814 914 374 870 1558 908
internal_count=61013 56561 4452 4914 2731 51647 1721 3964 950 5221 3934 504 3911 1217 1093 502 824 3409 4514 2458 179 1011 483 46426 1814 914 374 870 1558 908
cat_boundaries=0 1
cat_threshold=12860
is_linear=0
shrinkage=0.05


Tree=11
num_leaves=31
num_cat=4
split_feature=17 17 17 0 3 17 17 17 3 3 21 0 1 4 4 18 21 18 3 20 4 10 20 4 1 4 18 4 21 4
split_gain=2120.92 236.244 95.409 30.2457 28.6863 25.1814 19.8356 19.7146 17.057 13.6285 10.2913 9.97993 52.8208 7.78725 14.0528 7.48313 7.38181 6.93223 6.53572 5.65425 5.53506 5.04678 4.99492 4.81635 4.65551 4.61067 7.14032 4.56056 4.42948 4.42757
threshold=5.3416074948625889 4.942722095149457 6.1894746966337371 0 1.0000000180025095e-35 5.1099692542212702 4.4230150178392789 5.4349565514883293 1.0000000180025095e-35 1.0000000180025095e-35 6.8559353916022578 1 2 5.5000000000000009 2.5000000000000004 0.30286776512357921 6.9329354586516123 0.39646372405684654 1.0000000180025095e-35 0.50374338890686676 8.5000000000000018 5.117694321542273 0.23851164220470378 11.500000000000002 3 9.5000000000000018 0.27867358657057523 7.5000000000000009 7.2452983069657719 10.500000000000002
decision_type=10 8 10 1 2 10 10 10 2 2 8 1 1 2 2 10 8 8 2 10 2 8 10 2 1 2 8 2 10 2
left_child=1 6 4 20 -2 11 19 22 -7 -8 -9 12 27 14 -12 -11 -10 18 23 -1 -3 -18 -6 -13 -16 -14 -27 -5 -26 -23
right_child=2 3 -4 5 7 8 9 10 16 15 13 17 25 -15 24 -17 21 -19 -20 -21 -22 29 -24 -25 28 26 -28 -29 -30 -31
leaf_value=-0.030509191681525796 0.023743145723031382 0.057916325927508762 0.057507837781483544 0.049942349294463353 0.0078530672013473971 0.014889895698454784 0.0030298789525514775 0.023329738938849404 0.01754899713696749 -0.0052978154292689988 0.017547244580599176 0.0086486004051681883 -0.0077713819648816051 0.020688224030592606 0.030502130593679858 0.0056225477369448188 0.0034852019876285101 -0.02298636320401224 0.0022512130415173349 -0.0072834949192756362 0.045142618657888448 0.006952762971897908 0.013061486034728521 0.016935140525697164 0.011802935563582074 0.011332287568062809 -0.0031526998734984282 0.067873404384085553 0.0009804462665897744 0.011909115103083899
leaf_weight=43226 446 81 1642 57 227 281 1026 224 28 6078 449 187 224 358 42 300 448 447 1506 1403 25 1123 169 22 617 45 62 83 50 222
leaf_count=43226 446 81 1642 57 227 281 1026 224 28 6078 449 187 224 358 42 300 448 447 1506 1403 25 1123 169 22 617 45 62 83 50 222
internal_value=-0.00089021 -0.00342898 0.0332931 0.00713592 0.0273005 0.00648577 -0.00441191 0.0248923 0.0105804 -0.00201513 0.0271839 0.00324155 0.00976091 0.0257058 0.0237133 -0.00287551 0.00881109 0.00176795 0.00322157 -0.00480954 0.0325 0.00841327 0.0148232 0.0115072 0.01933 -0.000921451 0.00761682 0.0357143 0.0183133 0.00994424
internal_weight=61098 56874 4224 4841 2582 4735 52033 2136 2102 7404 1740 2633 471 1516 1158 6378 1821 2162 1715 44629 106 1793 396 209 709 331 107 140 667 1345
internal_count=61098 56874 4224 4841 2582 4735 52033 2136 2102 7404 1740 2633 471 1516 1158 6378 1821 2162 1715 44629 106 1793 396 209 709 331 107 140 667 1345
cat_boundaries=0 1 2 3 4
cat_threshold=1025 448 1 4
is_linear=0
shrinkage=0.05


Tree=12
num_leaves=31
num_cat=4
split_feature=17 17 9 15 0 3 15 3 15 3 21 20 18 1 3 0 1 21 21 15 18 21 15 16 5 15 15 21 17 16
split_gain=1963.46 223.708 105.095 32.8573 28.9723 28.0997 24.7561 20.6601 18.6966 12.5918 9.33529 6.81288 9.60774 11.8753 9.88033 7.81936 26.3735 6.44898 6.36147 5.6228 6.29773 5.31238 5.25888 5.24353 5.0004 7.00145 3.96834 3.7699 3.30508 3.16049
threshold=5.3416074948625889 5.0288862528669664 1.0000000180025095e-35 4.4397644847182365 0 1.0000000180025095e-35 5.2026258078976602 1.0000000180025095e-35 5.6148017707253004 1.0000000180025095e-35 6.9329354586516123 0.28893830064179232 0.083732771817098886 1 1.0000000180025095e-35 2 3 7.3014850739969832 6.9329354586516123 4.8707446384268431 0.30286776512357921 7.1061961336042883 5.6812087940181319 0.49189434376591595 1.0000000180025095e-35 5.8242681372474658 5.3858881555287166 7.5205054857687132 6.6246840048595494 0.20335483264774901
decision_type=10 8 2 10 1 2 10 2 8 2 8 8 10 1 2 1 1 10 8 10 10 10 10 10 2 10 10 8 10 10
left_child=1 3 28 23 -3 22 11 -5 17 -8 -10 12 13 -6 27 16 -13 -7 -11 20 -9 24 -4 -1 -12 29 -20 -14 -2 -26
right_child=2 4 5 7 6 8 9 19 10 18 21 15 14 -15 -16 -17 -18 -19 26 -21 -22 -23 -24 -25 25 -27 -28 -29 -30 -31
leaf_value=-0.02851851529028937 0.041152811125687451 0.050764685516106293 0.018330719204173552 0.0045095906251402963 -0.087644016951305651 0.012629929699427341 0.014519756566233159 -0.0054702181591717918 0.020217753824294464 0.015029965598120549 0.016569807387467241 0.058756761596935041 0.014522897957008174 0.056614274748948645 0.0045721329438201163 -0.02381549796479333 -0.013476780356910467 0.0038546507370401219 0.0064863795639412084 0.00029613802474700923 0.0052279484326965527 0.0086111868166518415 0.025321467738383244 -0.0068971374921282802 0.011025267758091845 0.006525249245329344 0.0098711274279594443 0.0093102540933673039 0.06141916453491128 0.0055383961292546705
leaf_weight=43526 1015 106 240 1101 30 779 162 5241 354 24 536 101 107 69 1548 386 189 119 944 1455 264 92 204 1252 81 71 102 138 686 27
leaf_count=43526 1015 106 240 1101 30 779 162 5241 354 24 536 101 107 69 1548 386 189 119 944 1455 264 92 204 1252 81 71 102 138 686 27
internal_value=-0.000970403 -0.00341308 0.0320005 -0.00426664 0.00813364 0.0254834 0.00733596 -0.001328 0.0230233 0.0131818 0.0272136 0.00455997 0.00609936 0.0212626 0.00526213 0.000251478 0.00633333 0.0176058 0.011215 -0.00233477 -0.0030654 0.0242441 0.0368919 -0.00479566 0.0256993 0.0184637 0.010631 0.0145918 0.0415902 0.0264815
internal_weight=60949 56745 4204 52839 3906 2503 3800 8061 2059 1232 1161 2568 1892 99 1793 676 290 898 1070 6960 5505 807 444 44778 715 179 1046 245 1701 108
internal_count=60949 56745 4204 52839 3906 2503 3800 8061 2059 1232 1161 2568 1892 99 1793 676 290 898 1070 6960 5505 807 444 44778 715 179 1046 245 1701 108
cat_boundaries=0 1 2 3 4
cat_threshold=1025 4 480 1
is_linear=0
shrinkage=0.05


Tree=13
num_leaves=31
num_cat=5
split_feature=17 17 17 0 15 17 15 22 5 4 4 10 4 11 22 15 20 18 20 21 4 4 1 4 0 1 4 5 0 22
split_gain=1867.68 200.085 117.281 27.0107 30.5532 24.5819 19.8056 15.0434 9.83307 9.63651 10.7164 8.94515 8.83636 8.36954 7.33714 7.40079 6.63561 6.02131 6.00052 4.7899 4.80277 6.22518 5.3569 4.45578 4.43145 22.5248 5.00769 4.24214 4.19889 4.17145
threshold=5.3416074948625889 4.9118171987191985 5.762431302985469 0 5.1698006157004412 6.1894746966337371 4.3849687340988766 7.2502308708025875 1.0000000180025095e-35 11.500000000000002 1.5000000000000002 5.7409176684237311 9.5000000000000018 5.9346294703076508 7.3757572569444241 5.3858881555287166 0.23633787159157035 0.23048092751201613 0.50374338890686676 7.5503982927968831 7.5000000000000009 3.5000000000000004 1 8.5000000000000018 2 3 7.5000000000000009 1.0000000180025095e-35 4 6.9333148313351005
decision_type=10 8 10 1 10 10 10 8 2 2 2 10 2 10 8 10 8 10 10 10 2 2 1 2 1 1 2 2 1 10
left_child=1 6 7 12 11 8 18 9 -4 10 29 13 -3 16 15 -6 19 -17 -1 20 21 27 -22 -8 25 26 -18 -5 -25 -2
right_child=2 3 5 4 14 -7 23 -9 -10 -11 -12 -13 -14 -15 -16 17 24 -19 -20 -21 22 -23 -24 28 -26 -27 -28 -29 -30 -31
leaf_value=-0.029276360659197743 0.01068165573810494 0.049454112134958067 0.021094178514383555 0.0060416989714530481 0.0094807609141864466 0.051686398492203627 -0.0040926798996555828 0.0073976454217205799 0.013369702850643459 0.018529784254321592 0.012645403733974048 0.053783558641460338 0.041697560342644116 0.051915198302101812 0.0069497043326639547 0.016562962860304845 0.047481728578847665 0.0083935403000408148 -0.0065522806175218667 -0.00098287439707584411 0.056340003006910604 0.00068940932045202428 0.0095101870245588964 0.003161756010650807 -0.0020859094702316188 -0.0025323043108282659 0.069481998204813822 0.0018344797622189919 -0.0017023402272937902 0.021075871080657213
leaf_weight=42273 55 88 792 650 554 1645 6058 309 166 300 902 21 20 20 773 37 39 75 1320 349 21 733 270 461 976 269 31 179 1438 120
leaf_count=42273 55 88 792 650 554 1645 6058 309 166 300 902 21 20 20 773 37 39 75 1320 349 21 733 270 461 976 269 31 179 1438 120
internal_value=-0.00103489 -0.00344321 0.0307776 0.00599902 0.00541542 0.0374318 -0.00437827 0.0205042 0.0310647 0.0227415 0.0205339 0.00293985 0.0297458 0.00274668 0.011574 0.0154204 0.00256326 0.0271429 -0.00479699 0.0042416 0.00525364 0.00415493 0.0111512 -0.00208433 -0.000247149 0.00459885 0.03 0.00712304 2.89614e-05 0.0318571
internal_weight=60944 56655 4289 5105 4997 2603 51550 1686 958 1377 1077 3558 108 3537 1439 666 3517 112 43593 2202 1853 1562 291 7957 1315 339 70 829 1899 175
internal_count=60944 56655 4289 5105 4997 2603 51550 1686 958 1377 1077 3558 108 3537 1439 666 3517 112 43593 2202 1853 1562 291 7957 1315 339 70 829 1899 175
cat_boundaries=0 1 2 3 4 5
cat_threshold=1025 1 448 1 8480
is_linear=0
shrinkage=0.05


Tree=14
num_leaves=31
num_cat=2
split_feature=19 19 9 10 3 19 11 4 3 19 3 3 10 4 11 3 12 0 1 19 20 8 4 4 4 4 18 12 19 20
split_gain=1681.5 149.386 136.921 31.3738 27.9018 20.5495 19.3797 11.7901 11.3869 10.5836 15.3309 10.1634 8.32864 7.88867 7.32377 7.44645 7.22643 6.68196 16.9518 6.5391 6.08673 5.99022 5.82265 5.55935 5.52576 6.26185 5.27875 5.2053 4.28075 3.70353
threshold=5.3033408224100134 4.6843934102748923 1.0000000180025095e-35 5.1798152828593382 1.0000000180025095e-35 5.5031769044739338 5.2686310230160958 2.5000000000000004 1.0000000180025095e-35 4.3387651444748281 1.0000000180025095e-35 1.0000000180025095e-35 5.6901905068651129 10.500000000000002 5.9346294703076508 1.0000000180025095e-35 5.2075717157724162 0 1 6.4685105199238286 0.41599754642998393 3.5000000000000004 9.5000000000000018 3.5000000000000004 10.500000000000002 3.5000000000000004 0.30286776512357921 5.1019982538326518 3.7904663329770987 0.18528005116041427
decision_type=10 8 2 10 2 10 10 2 2 10 2 2 10 2 10 2 8 1 1 10 10 2 2 2 2 2 8 8 10 10
left_child=1 9 19 6 16 24 8 -7 22 20 -11 27 -13 -9 15 -8 -4 18 -10 21 -1 -2 -3 -19 25 29 -12 -5 -22 -6
right_child=2 3 4 11 5 7 14 13 17 10 26 12 -14 -15 -16 -17 -18 23 -20 -21 28 -23 -24 -25 -26 -27 -28 -29 -30 -31
leaf_value=-0.028789272019243219 0.034753624816773812 0.0039943738498525293 0.013406269673790544 0.004464012069730061 0.0042193838625659936 0.017336219613659557 0.015781636598295956 0.010734443794891814 0.057770566120275382 0.0035781958610058063 -0.0071444122633483433 0.0067078332484152283 0.024822782366721127 0.017012833775553998 0.049101625026079315 0.0056780646079704873 0.020690103279443095 0.0032238785970320465 -0.089724005216653871 0.05215483773812566 -0.046702005663142511 0.036737610555376367 0.013566520220786983 -0.0016099400213207692 0.0099696404593522369 0.0025063249249249364 0.0065105269914118432 0.013480367208137726 0.0014083235285311834 0.012016917997062927
leaf_weight=41055 291 596 37 27 62 571 48 705 54 898 5126 1082 57 168 23 448 415 1108 87 1163 1035 367 150 3483 145 293 168 100 925 258
leaf_count=41055 291 596 37 27 62 571 48 705 54 898 5126 1082 57 168 23 448 415 1108 87 1163 1035 367 150 3483 145 293 168 100 925 258
internal_value=-0.00118427 -0.00352223 0.0283184 0.00317155 0.0210738 0.0187511 0.00166166 0.0222507 0.000786782 -0.00451023 -0.00257752 0.0103239 0.00882792 0.0185968 0.010896 0.00961693 0.0323894 -0.000118344 0.0102318 0.038877 -0.00478845 0.0348936 0.00652815 -0.00045751 0.0120844 0.0100082 -0.00360219 0.0237402 -0.00206633 0.0148437
internal_weight=60945 56470 4475 7263 2654 2202 5997 1444 5478 49207 6192 1266 1139 873 519 496 452 4732 141 1821 43015 658 746 4591 758 613 5294 127 1960 320
internal_count=60945 56470 4475 7263 2654 2202 5997 1444 5478 49207 6192 1266 1139 873 519 496 452 4732 141 1821 43015 658 746 4591 758 613 5294 127 1960 320
cat_boundaries=0 1 2
cat_threshold=1217 1
is_linear=0
shrinkage=0.05


Tree=15
num_leaves=31
num_cat=0
split_feature=19 17 17 15 15 3 3 3 11 15 10 10 4 17 15 11 20 19 18 4 11 18 11 9 10 8 15 19 4 20
split_gain=1559.28 238.348 78.6754 35.6268 34.3464 21.4003 19.8007 17.4145 14.9239 14.7106 8.54655 7.2569 7.02774 6.8336 5.90551 5.54235 5.30622 5.15968 5.41599 4.87414 4.70619 4.53187 4.52522 4.33489 4.29438 4.07687 4.049 3.91125 3.89811 3.8786
threshold=5.5031769044739338 5.0288862528669664 6.3351973872634852 5.2319977108069962 4.3628846293212957 1.0000000180025095e-35 1.0000000180025095e-35 1.0000000180025095e-35 5.9346294703076508 6.0061243209059318 6.1211761295203759 4.9250771420394015 1.5000000000000002 4.6616813552681053 5.3858881555287166 5.4140983747433262 0.41599754642998393 6.5421829244547771 0.18742467203567834 9.5000000000000018 5.0076307291855597 0.21486314405250742 3.3724534417258418 1.0000000180025095e-35 5.5128237041180936 4.5000000000000009 5.7415769669592089 3.4010955402500698 10.500000000000002 0.15314208129995657
decision_type=10 8 10 10 10 2 2 2 10 8 10 8 2 10 10 8 10 10 10 2 8 10 10 2 8 2 8 8 2 10
left_child=1 4 7 8 16 28 19 26 10 12 11 -3 -9 23 29 -14 -1 18 -11 -6 -13 -16 -18 -8 -17 -20 -2 -22 -5 -7
right_child=2 3 -4 5 6 14 13 9 -10 17 -12 20 15 -15 21 24 22 -19 25 -21 27 -23 -24 -25 -26 -27 -28 -29 -30 -31
leaf_value=-0.02750177642060039 0.019007211247872014 -0.0024627274935287396 0.048128474300628277 0.011711992549959895 0.0025073521541772088 0.0082509799223516207 0.0031943451933881166 0.01497417392618537 0.042635710954825171 0.02250369975811136 0.050704267208823699 0.00031883072452709694 0.0051365205718011753 -0.00086652910344956608 0.0095553007871055588 0.0085706162255727598 -0.01968309074140653 0.050915262188665891 0.024806099453755115 0.0084018782461411541 -0.093304406273849561 0.010013275411783385 0.0030057860010364924 -0.0064588807483373593 0.012341330456658072 0.027193534853318324 0.022290237278996629 0.006897015749266714 0.015515352098477098 0.0061012886547722866
leaf_weight=41415 143 479 1364 215 1105 50 197 253 29 265 23 470 95 3463 320 129 1190 50 112 272 80 227 655 4555 733 162 205 1774 68 925
leaf_count=41415 143 479 1364 215 1105 50 197 253 29 265 23 470 95 3463 320 129 1190 50 112 272 80 227 655 4555 733 162 205 1774 68 925
internal_value=-0.00124732 -0.00322211 0.0311008 0.00761802 -0.00417789 0.0131163 -0.00147102 0.0251351 0.00414186 0.0231545 0.00377565 0.00352658 0.02 -0.0024011 0.0107687 0.0180408 -0.00477809 0.029635 0.0282096 0.0040777 0.00468158 0.0149269 -0.00215447 -0.00363216 0.0193039 0.0331387 0.0353736 0.00581445 0.025742 0.0084359
internal_weight=61023 57512 3511 4660 52852 1805 9592 2147 2855 1799 2826 2803 1210 8215 1522 957 43260 589 539 1377 2324 547 1845 4752 862 274 348 1854 283 975
internal_count=61023 57512 3511 4660 52852 1805 9592 2147 2855 1799 2826 2803 1210 8215 1522 957 43260 589 539 1377 2324 547 1845 4752 862 274 348 1854 283 975
is_linear=0
shrinkage=0.05


Tree=16
num_leaves=31
num_cat=1
split_feature=19 17 19 17 17 3 3 3 0 19 21 11 10 10 19 18 22 18 6 3 16 17 21 9 22 21 10 22 19 11
split_gain=1479.96 218.261 75.8014 33.5922 25.6811 20.067 19.4917 19.1815 15.4483 10.6024 8.70962 8.3386 7.62454 7.52025 7.50249 7.17175 6.68035 7.84763 5.33933 6.48972 5.29832 5.11198 5.06771 5.05924 4.20988 4.11914 3.91856 3.85291 3.73454 3.67958
threshold=5.5031769044739338 4.9118171987191985 6.221232420594963 5.1948718096963313 4.2005196590587133 1.0000000180025095e-35 1.0000000180025095e-35 1.0000000180025095e-35 0 6.5421829244547771 7.0179539710052294 5.4140983747433262 4.804430712924959 3.2007097802444995 0.39097435247853674 0.38078518602177597 7.3193239077873331 0.19333133214227269 1.0000000180025095e-35 1.0000000180025095e-35 0.49189434376591595 4.6616813552681053 7.5307481636617268 1.0000000180025095e-35 7.0286742025408255 7.3195336942884106 5.198773198077598 7.4455327777320006 5.3963942238749913 5.2686310230160958
decision_type=10 8 10 10 10 2 2 2 1 10 10 8 8 8 10 10 8 10 2 2 10 10 8 2 10 8 8 8 10 8
left_child=1 4 5 8 20 24 26 -6 13 27 11 -7 -10 -3 -15 21 17 -8 19 22 -1 -9 -14 -12 -2 -18 -5 -4 29 -28
right_child=2 3 9 6 7 10 16 15 12 -11 23 -13 18 14 -16 -17 25 -19 -20 -21 -22 -23 -24 -25 -26 -27 28 -29 -30 -31
leaf_value=-0.032618777824790078 0.020989912055277671 -0.11059350303989786 0.033919711156109686 0.011228491248583229 0.0023472205356220178 0.0010321170820051784 0.0075156827434497801 -0.0067470658364664794 -0.0047172305137492985 0.048386751653153294 0.025314876178025081 0.01571856870192764 0.011210679094184627 0.049310975167613812 -0.1622284313674951 0.0068321927743557921 0.0099712076124957184 0.0089478420088473128 -0.0012285199441479002 0.0037042267398258557 -0.0059022110260036793 -0.0017835503996590516 0.0076701309353890638 0.010300361510683941 0.019039112151170962 0.004711071472102763 0.010849492996591993 0.033122660980778693 0.01300895182226487 0.014247600358914489
leaf_weight=38790 187 28 190 64 1726 40 377 7376 439 928 36 1023 129 121 20 322 29 515 596 2323 1109 2432 201 493 125 752 40 520 75 116
leaf_count=38790 187 28 190 64 1726 40 377 7376 439 928 36 1023 129 121 20 322 29 515 596 2323 1109 2432 201 493 125 752 40 520 75 116
internal_value=-0.0012763 -0.00320598 0.0300932 0.00596996 -0.00423872 0.0233088 0.0112856 -0.00219551 0.00325771 0.0379792 0.0210364 0.0236453 0.00254462 0.0176257 0.0233688 -0.00302567 0.00919605 0.0121525 0.00338719 0.00434791 -0.00484586 -0.00326672 0.0109091 0.0157939 0.0349038 0.00581946 0.0231356 0.0333803 0.0261688 0.0305769
internal_weight=61122 57580 3542 5825 51755 1904 1968 11856 3857 1638 1592 1063 3688 169 141 10130 1673 892 3249 2653 39899 9808 330 529 312 781 295 710 231 156
internal_count=61122 57580 3542 5825 51755 1904 1968 11856 3857 1638 1592 1063 3688 169 141 10130 1673 892 3249 2653 39899 9808 330 529 312 781 295 710 231 156
cat_boundaries=0 1
cat_threshold=1089
is_linear=0
shrinkage=0.05


Tree=17
num_leaves=31
num_cat=1
split_feature=19 17 17 15 15 3 0 4 3 3 6 4 17 4 18 15 16 3 15 4 4 5 17 4 21 4 16 3 17 4
split_gain=1369.2 196.199 83.3511 34.3251 23.3405 18.9855 16.2206 19.141 16.0101 13.1012 10.3938 10.1265 7.28929 6.63883 6.45846 5.96144 5.55846 5.96232 5.5499 5.52138 5.1695 4.81639 5.62493 4.75781 4.44934 4.44126 4.26192 4.21632 3.87049 3.8252
threshold=5.5031769044739338 5.0288862528669664 6.3351973872634852 4.2928951667288073 5.2319977108069962 1.0000000180025095e-35 0 8.5000000000000018 1.0000000180025095e-35 1.0000000180025095e-35 1.0000000180025095e-35 2.5000000000000004 6.6246840048595494 9.5000000000000018 0.29772930221405935 4.6382221590158137 0.099989820067725679 1.0000000180025095e-35 5.7415769669592089 4.5000000000000009 5.5000000000000009 1.0000000180025095e-35 6.0286767469432521 7.5000000000000009 7.3353079303995088 6.5000000000000009 0.49189434376591595 3.5000000000000004 5.562564128225838 10.500000000000002
decision_type=10 8 10 10 10 2 1 2 2 2 2 2 10 2 10 10 10 2 8 2 2 2 8 2 10 2 8 2 8 2
left_child=1 3 9 26 6 -5 7 20 -6 18 11 -11 27 19 15 -7 -8 -18 -2 21 -3 22 -13 25 29 -12 -1 -4 -15 -10
right_child=2 4 12 5 8 14 16 -9 24 10 23 13 -14 28 -16 -17 17 -19 -20 -21 -22 -23 -24 -25 -26 -27 -28 -29 -30 -31
leaf_value=-0.027474693486773252 0.017936917410343454 0.03991659369939754 0.02365438909972126 0.0031293687425604901 0.012564518016853474 -0.0062888701115858718 -0.00089727678147755662 -0.10898369125695191 0.0069713206612788186 0.015493350700792217 0.032320411315829738 0.0098575153055914643 0.048309724903872114 0.017176955031690665 0.0034150812304177603 -0.0012014137838482907 0.0096181390156351698 0.0037721091823980386 0.018220005444839479 0.0055501312920960668 0.052071638268417569 0.0043424385632630349 0.022317996748938022 0.040322167868002405 0.0026355652254519708 0.010397559819737024 -0.0098270179624680518 0.036708077135490493 0.01898823832033451 0.0097839616647818831
leaf_weight=40163 132 50 457 1567 265 5290 842 54 864 591 46 356 712 38 525 3669 238 1564 178 165 65 172 55 108 318 59 1630 273 178 300
leaf_count=40163 132 50 457 1567 265 5290 842 54 864 591 46 356 712 38 525 3669 238 1564 178 165 65 172 55 108 318 59 1630 273 178 300
internal_value=-0.00140618 -0.00326232 0.0288636 -0.004121 0.0066886 -0.00164284 0.00386953 0.0184637 0.0112278 0.0224543 0.0207919 0.019373 0.0380999 0.0162137 -0.00248524 -0.0028011 0.00285607 0.00443396 0.0319355 0.013984 0.031087 0.0162693 0.0192092 0.0311502 0.00920378 0.0235714 -0.00477628 0.034589 0.0239352 0.0106357
internal_weight=60924 57404 3520 52844 4560 11051 2813 169 1747 2078 1768 1555 1442 964 9484 8959 2644 1802 310 748 115 583 411 213 1482 105 41793 730 216 1164
internal_count=60924 57404 3520 52844 4560 11051 2813 169 1747 2078 1768 1555 1442 964 9484 8959 2644 1802 310 748 115 583 411 213 1482 105 41793 730 216 1164
cat_boundaries=0 1
cat_threshold=1089
is_linear=0
shrinkage=0.05


Tree=18
num_leaves=31
num_cat=0
split_feature=19 19 17 19 15 19 17 10 3 3 11 15 9 3 3 10 8 3 22 15 6 20 15 11 22 3 3 20 22 19
split_gain=1209.56 138.325 120.554 23.0986 22.4118 16.5271 15.2655 14.8364 13.1653 11.2459 9.31752 9.10747 8.6789 8.50689 7.76919 6.94152 6.90175 7.04161 6.89984 5.18001 4.9801 4.67685 4.57456 4.34835 3.75151 3.72829 9.61574 7.1784 4.61744 4.03787
threshold=5.3033408224100134 6.221232420594963 4.6616813552681053 5.7111600628976094 5.1698006157004412 6.5421829244547771 4.1049247626816685 5.8039292413744041 1.0000000180025095e-35 1.0000000180025095e-35 5.9346294703076508 5.2849379267195546 1.0000000180025095e-35 1.0000000180025095e-35 1.0000000180025095e-35 4.9777676311404191 3.5000000000000004 5.5000000000000009 7.2241014616247208 6.5670474351590027 1.0000000180025095e-35 0.88159751347231186 5.3469972434114252 4.831907193385331 6.787808469102651 3.5000000000000004 1.5000000000000002 0.50374338890686676 7.310261908962798 4.5823042707595167
decision_type=10 10 8 10 10 10 10 10 2 2 10 10 2 2 2 8 2 2 10 10 2 10 10 8 8 2 2 10 8 10
left_child=2 3 6 11 7 16 -1 10 -8 -5 15 -2 25 -13 22 -4 20 19 -15 -18 -3 24 -6 -17 -11 26 -10 -28 -29 -27
right_child=1 5 4 9 14 -7 8 -9 12 21 -12 13 -14 18 -16 23 17 -19 -20 -21 -22 -23 -24 -25 -26 29 27 28 -30 -31
leaf_value=-0.03395680331011524 0.0018544583080291614 0.022575021672208397 -0.0013390298306536399 0.017301973863393612 0.0097494135593695561 0.044504302543850169 0.0011105789371919084 0.038106986456718617 -0.012016846068613172 0.016732024636124512 0.033841517744686314 0.01624557332574451 -0.007109488475520509 0.0098886565659394247 0.0058988742728865893 -0.0013422018665401134 0.019154057123899518 0.039025200527669307 0.0043198264115566886 0.020666678849560239 0.031352585943119994 0.038803738566273012 0.014652324355258067 0.0038893458464020663 0.012372790692231872 -0.0058474959848741218 0.0031025796374633432 0.015225180722104168 0.013695933883364523 0.018239108007530015
leaf_weight=37240 227 81 2700 179 120 929 1723 35 124 85 20 246 8991 882 1193 747 351 96 272 78 82 26 39 2801 894 350 109 44 25 23
leaf_count=37240 227 81 2700 179 120 929 1723 35 124 85 20 246 8991 882 1193 747 351 96 272 78 82 26 39 2801 894 350 109 44 25 23
internal_value=-0.00149163 0.0236698 -0.00347115 0.0169673 0.0023612 0.0353216 -0.00438925 0.0011082 -0.00278734 0.0222804 0.000926929 0.0131008 -0.00350507 0.0146071 0.00820266 0.000817861 0.0294477 0.0322381 0.0128076 0.0294988 0.0204601 0.0202239 0.0185849 0.0022717 0.019668 0.00196296 0.00609271 0.0135393 0.0261594 -0.0013807
internal_weight=60712 4428 56284 2811 7655 1617 48629 6303 11389 1184 6268 1627 9666 1400 1352 6248 688 525 1154 429 163 1005 159 3548 979 675 302 178 69 373
internal_count=60712 4428 56284 2811 7655 1617 48629 6303 11389 1184 6268 1627 9666 1400 1352 6248 688 525 1154 429 163 1005 159 3548 979 675 302 178 69 373
is_linear=0
shrinkage=0.05


Tree=19
num_leaves=31
num_cat=3
split_feature=19 17 17 17 15 19 0 1 3 9 4 4 17 3 3 5 15 21 20 3 1 4 19 3 4 3 3 3 21 15
split_gain=1133.42 129.858 120.034 29.0575 25.1184 16.0035 12.3812 13.7669 11.2661 11.3019 11.0568 10.2805 9.30754 9.12532 7.02119 6.2456 6.42358 5.89745 5.89552 4.99362 4.76469 7.08354 6.84168 6.67521 4.61674 4.37862 4.35479 4.23446 4.23114 4.14472
threshold=5.3033408224100134 6.4529511674468329 4.6616813552681053 5.69261258501448 5.1698006157004412 4.0574680972664856 0 1 1.0000000180025095e-35 1.0000000180025095e-35 10.500000000000002 3.5000000000000004 6.6246840048595494 1.0000000180025095e-35 1.0000000180025095e-35 1.0000000180025095e-35 5.8242681372474658 6.9329354586516123 0.24719497187218722 2.5000000000000004 2 2.5000000000000004 6.6279510328210458 3.5000000000000004 2.5000000000000004 2.5000000000000004 1.0000000180025095e-35 3.5000000000000004 7.0179539710052294 5.4358939636785086
decision_type=10 10 8 8 10 10 1 1 2 2 2 2 10 2 2 2 10 8 8 2 1 2 10 2 2 2 2 2 10 10
left_child=2 3 5 10 6 -1 7 -4 -7 -10 11 -2 19 -6 18 20 27 -15 -8 -3 23 28 -23 -5 -16 -9 -13 -17 -22 -28
right_child=1 12 4 15 13 8 14 25 9 -11 -12 26 -14 17 24 16 -18 -19 -20 -21 21 22 -24 -25 -26 -27 29 -29 -30 -31
leaf_value=-0.034481548822710061 0.010276114841996163 0.020340478894376346 0.045792149497710447 0.016936080465649584 0.011806388120883356 0.00064911484522229819 0.0067131002316361422 0.03071317141735171 0.0030891981870237121 -0.0072442375438703695 0.011573918359068226 0.010638319576448174 0.043710341471244307 0.011990682788091789 0.0039369346854007132 0.012695044859357258 0.0043090228238989057 0.0058293566009716621 -0.0036014439868127558 0.032818189298349336 0.01554720356612363 0.016240621538133587 0.04277553445336571 0.034252971072472695 -0.00061300846163059308 -0.0084483786988136123 0.00012012126049426964 0.0059119994030840317 0.0061299548366504052 0.007413101560630621
leaf_weight=36283 526 214 62 200 182 1915 612 21 761 9898 304 131 708 23 844 61 122 1172 191 260 506 629 33 120 4570 74 325 45 33 259
leaf_count=36283 526 214 62 200 182 1915 612 21 761 9898 304 131 708 23 844 61 122 1172 191 260 506 629 33 120 4570 74 325 45 33 259
internal_value=-0.00151791 0.0227033 -0.00343308 0.0176017 0.00234744 -0.00435015 0.00102447 0.0144611 -0.00281295 -0.00344732 0.0126052 0.0105117 0.0369205 0.00847131 0.000660831 0.0220154 0.0142982 0.00688284 0.00502491 0.0314979 0.0231723 0.0217277 0.0182628 0.0285937 1.47753e-05 0.00342105 0.00660839 0.0233019 0.0259833 0.00476027
internal_weight=61084 4476 56608 3294 7751 48857 6374 157 12574 10659 1545 1241 1182 1377 6217 1749 228 1195 803 474 1521 1201 662 320 5414 95 715 106 539 584
internal_count=61084 4476 56608 3294 7751 48857 6374 157 12574 10659 1545 1241 1182 1377 6217 1749 228 1195 803 474 1521 1201 662 320 5414 95 715 106 539 584
cat_boundaries=0 1 2 3
cat_threshold=1153 1 4
is_linear=0
shrinkage=0.05


Tree=20
num_leaves=31
num_cat=3
split_feature=17 17 17 15 0 15 10 4 3 3 15 20 14 17 3 1 0 11 11 20 16 9 10 3 4 4 4 21 3 5
split_gain=1012.66 123.462 121.672 23.4832 18.7854 17.6397 15.2026 13.9069 12.1385 10.505 8.76177 7.87142 6.9842 6.80534 6.60778 6.03939 5.88478 5.07347 4.98355 4.81704 4.4728 4.14626 4.13431 3.97316 3.93626 3.87883 4.67341 4.00786 3.861 3.42578
threshold=5.3416074948625889 6.4529511674468329 4.8182055855888093 4.2596191310426716 0 6.0061243209059318 4.9777676311404191 1.5000000000000002 1.0000000180025095e-35 1.0000000180025095e-35 5.2319977108069962 0.41599754642998393 5.7913352667430251 6.6246840048595494 1.0000000180025095e-35 1 2 5.5324008383334258 5.726847694536235 0.25247161733642037 0.10215111184194405 1.0000000180025095e-35 5.6901905068651129 1.5000000000000002 10.500000000000002 7.5000000000000009 9.5000000000000018 6.7469993277013458 2.5000000000000004 1.0000000180025095e-35
decision_type=10 10 8 10 1 8 8 2 2 2 10 10 10 10 2 1 1 8 10 10 10 2 10 2 2 2 2 8 2 2
left_child=2 5 3 11 15 7 -6 19 -5 24 12 -1 18 28 -12 -4 23 -11 22 20 -2 -10 -8 -13 -9 27 -27 -7 -3 -29
right_child=1 13 4 8 6 25 10 9 21 17 14 16 -14 -15 -16 -17 -18 -19 -20 -21 -22 -23 -24 -25 -26 26 -28 29 -30 -31
leaf_value=-0.025078175841718588 0.012405261441708879 0.016918353125450276 0.039993411771456669 0.0022516189644444032 -0.0012546442510823917 0.015118063836081075 0.0034758996421245178 0.01289759423492768 0.0015447367074353673 0.0058130497101840668 0.010537655058126724 -0.02558198026625429 0.044212584999378086 0.042123684184669413 0.0054427176899701901 0.021246499101705198 -0.088508253835502079 0.0089271382431473367 0.036722703683669207 -0.0014361523957666337 0.013510908884738918 -0.0045538563068722024 0.037028177773170683 0.0049317458903226814 0.015882623240441478 0.03265850194003677 0.017676375442798858 0.016845899420439382 0.031015896745028582 0.0032193130697958702
leaf_weight=39352 51 219 67 1393 1611 35 3302 248 579 478 133 288 22 686 814 40 688 1086 22 21 327 7643 22 741 68 128 45 525 250 26
leaf_count=39352 51 219 67 1393 1611 35 3302 248 579 478 133 288 22 686 814 40 688 1086 22 21 327 7643 22 741 68 128 45 525 250 26
internal_value=-0.00163028 0.0220808 -0.0033832 -0.00418219 0.00332919 0.0167907 0.00292621 0.0145919 -0.00195788 0.0127926 0.00447856 -0.00470294 0.00328385 0.0359957 0.00872756 0.0232051 -0.00138905 0.0111125 0.00309922 0.0230702 0.0243651 -0.00268913 0.00294224 0.0010154 0.0211076 0.0233926 0.0299711 0.0214505 0.0313539 0.0204083
internal_weight=60910 4193 56717 50684 6033 3038 5926 2279 9615 1880 4315 41069 3368 1155 947 107 1717 1564 3346 399 378 8222 3324 1029 316 759 173 586 469 551
internal_count=60910 4193 56717 50684 6033 3038 5926 2279 9615 1880 4315 41069 3368 1155 947 107 1717 1564 3346 399 378 8222 3324 1029 316 759 173 586 469 551
cat_boundaries=0 1 2 3
cat_threshold=1025 1 40
is_linear=0
shrinkage=0.05


Tree=21
num_leaves=31
num_cat=1
split_feature=17 17 17 0 19 17 3 17 17 9 3 3 4 9 21 4 22 10 22 4 10 20 20 4 19 4 3 8 4 22
split_gain=941.645 114.387 109.895 23.6605 21.0972 17.5444 17.1815 15.2768 11.5562 11.3687 11.3478 11.0212 10.706 7.14562 6.9696 6.99105 5.842 5.78936 5.00045 4.66548 4.63077 4.44851 4.26596 4.14244 4.09772 4.09053 4.0484 6.15521 4.98 4.00936
threshold=5.3416074948625889 6.3351973872634852 4.629500642030357 0 5.9477535360787455 5.0509390481780256 1.0000000180025095e-35 4.0961710432832144 6.6246840048595494 1.0000000180025095e-35 1.0000000180025095e-35 1.0000000180025095e-35 1.5000000000000002 1.0000000180025095e-35 6.840011483758766 10.500000000000002 7.9807886712132605 6.4629505714118585 7.1738766047423335 10.500000000000002 5.1798152828593382 0.22527459634459646 0.55529988472415648 2.5000000000000004 6.8973898855664819 9.5000000000000018 5.5000000000000009 3.5000000000000004 7.5000000000000009 7.5719940652990205
decision_type=10 10 8 1 10 10 2 10 10 2 2 2 2 2 8 2 10 8 8 2 8 10 10 2 10 2 2 2 2 8
left_child=2 6 7 17 5 25 23 22 16 -8 -9 19 21 -12 -14 18 26 -4 -16 -7 -13 -11 -1 -2 -10 -5 -3 28 -28 -27
right_child=1 8 3 4 -6 11 9 10 24 12 13 20 14 -15 15 -17 -18 -19 -20 -21 -22 -23 -24 -25 -26 29 27 -29 -30 -31
leaf_value=-0.030914168020091639 0.017450298176446343 0.019163426972433728 0.010561602789210246 -0.0011788692899478961 0.040661816342807383 0.0063896579506809012 0.021982410744341332 0.00088339102157184541 0.034944592130664323 0.011250596546899519 0.0019785922843599925 0.00035600995739018819 0.013317429553098534 -0.0064025710198732074 0.0069577215524019749 0.0091624589119864552 0.0027856408447909996 0.033047698794244171 0.0029909058409094413 0.019304799553304528 0.0043160518043174126 0.0066520035003629603 -0.00761865470983779 0.014051308603851967 0.045284833959810956 0.0055223790466195147 0.015896211119975502 0.034395620760261737 0.035503914772712621 8.1049362148633011e-05
leaf_weight=36265 178 538 27 4068 57 322 300 1653 484 241 677 897 182 8847 891 335 21 82 291 64 1558 84 889 307 223 444 26 103 23 932
leaf_count=36265 178 538 27 4068 57 322 300 1653 484 241 677 897 182 8847 891 335 21 82 291 64 1558 84 889 307 223 444 26 103 23 932
internal_value=-0.00172016 0.0210468 -0.00341499 0.00184534 0.00152538 0.00131865 0.0152029 -0.0043348 0.0326234 0.0134165 -0.00271406 0.00450369 0.0120702 -0.00337778 0.0104797 0.00937047 0.0281224 0.0239916 0.00756345 0.0123575 0.00326884 0.0203846 -0.00482236 0.0237629 0.0371499 -0.000343499 0.028913 0.0361184 0.0215306 0.00201308
internal_weight=61009 4227 56782 8451 8342 8285 2809 48331 1418 2324 11177 2841 2024 9524 1699 1517 711 109 1182 386 2455 325 37154 485 707 5444 690 152 49 1376
internal_count=61009 4227 56782 8451 8342 8285 2809 48331 1418 2324 11177 2841 2024 9524 1699 1517 711 109 1182 386 2455 325 37154 485 707 5444 690 152 49 1376
cat_boundaries=0 1
cat_threshold=1025
is_linear=0
shrinkage=0.05


Tree=22
num_leaves=31
num_cat=4
split_feature=19 17 17 17 15 3 0 1 19 4 1 3 3 18 19 21 3 20 4 15 15 10 21 5 3 1 21 4 3 4
split_gain=826.085 140.25 85.9189 29.2773 22.2758 16.4911 12.8282 20.4444 11.7194 11.2689 12.263 8.80567 7.74073 6.82393 6.72722 6.18443 6.15597 5.36043 5.02339 9.00375 5.00453 4.86499 4.85318 4.57539 4.1273 4.12421 4.0775 3.98354 3.83667 4.74105
threshold=5.5031769044739338 4.9118171987191985 6.4529511674468329 4.0961710432832144 5.2319977108069962 1.0000000180025095e-35 0 1 6.8973898855664819 1.5000000000000002 2 1.0000000180025095e-35 5.5000000000000009 0.29772930221405935 6.3643298203788214 7.1061961336042883 1.0000000180025095e-35 0.55529988472415648 7.5000000000000009 5.6812087940181319 4.5135944882806394 4.775334723569407 6.7469993277013458 1.0000000180025095e-35 5.5000000000000009 3 7.36232791083878 9.5000000000000018 1.0000000180025095e-35 10.500000000000002
decision_type=10 8 8 10 10 2 1 1 10 2 1 2 2 10 10 10 2 10 2 10 8 8 8 2 2 1 10 2 2 2
left_child=1 3 9 17 6 -5 7 -3 14 23 12 -6 -11 20 -4 16 -12 -1 22 -20 -7 -8 -18 -2 25 -16 -13 -22 29 -23
right_child=2 4 8 5 11 13 21 -9 -10 10 15 26 -14 -15 24 -17 18 -19 19 -21 27 28 -24 -25 -26 -27 -28 -29 -30 -31
leaf_value=-0.029368459619087073 0.01558128210963902 0.04850763220143478 0.017455420092388551 0.001937602203676896 0.010866661315088785 -0.0073137284567184437 -0.0058998466481858802 0.010848221743872255 0.04309582219064554 0.014938236956757037 0.01426333663472148 0.006222103211576225 0.031910105260376256 0.0024474738375048766 0.014362623381316065 0.0055562850166328897 0.013254181764024384 -0.0040488256252971663 0.020883290207124275 0.010399812353332582 -0.0038079713409991363 0.0044703999971943053 0.0081654510250413776 0.0059050479325177931 0.033711158773748952 0.032153800662820781 0.00122150649749476 0.0006549503764819583 0.0022749079225892819 0.010213442759129521
leaf_weight=36195 233 63 61 2094 284 7122 389 98 225 275 204 1257 58 910 294 322 43 922 100 96 3352 372 857 86 219 453 255 1006 3038 71
leaf_count=36195 233 63 61 2094 284 7122 389 98 225 275 204 1257 58 910 294 322 43 922 100 96 3352 372 857 86 219 453 255 1006 3038 71
internal_value=-0.00178938 -0.0032317 0.0217016 -0.00406203 0.00412133 -0.00215548 0.0020578 0.0154678 0.0322204 0.0159103 0.0144885 0.00875278 0.0232282 -0.00284907 0.0299562 0.0126942 0.0142308 -0.00480602 0.0127463 0.02 -0.00317944 0.00145618 0.0111667 0.0246238 0.0309731 0.0292035 0.00723545 -0.00184488 0.00205257 0.00639955
internal_weight=60954 57428 3526 51601 5827 14484 4031 161 1252 2274 1955 1796 333 12390 1027 1622 1300 37117 1096 196 11480 3870 900 319 966 747 1512 4358 3481 443
internal_count=60954 57428 3526 51601 5827 14484 4031 161 1252 2274 1955 1796 333 12390 1027 1622 1300 37117 1096 196 11480 3870 900 319 966 747 1512 4358 3481 443
cat_boundaries=0 1 2 3 4
cat_threshold=1089 1 4 4
is_linear=0
shrinkage=0.05


Tree=23
num_leaves=31
num_cat=5
split_feature=19 17 19 17 15 1 4 3 3 19 18 3 4 4 0 1 3 3 22 4 4 3 1 15 20 3 17 11 22 0
split_gain=789.728 123.8 86.3693 26.1901 22.0911 13.1149 13.2518 12.3795 11.1862 11.0817 10.3842 10.0056 9.1853 9.25772 8.94036 20.7462 6.80361 5.22319 6.51756 6.53292 5.033 4.64106 6.51617 4.25607 4.1311 4.07559 4.71846 4.00889 3.95237 3.94563
threshold=5.5031769044739338 4.8182055855888093 6.4685105199238286 3.9797735582337657 5.2319977108069962 0 2.5000000000000004 1.0000000180025095e-35 5.5000000000000009 6.8973898855664819 0.30286776512357921 1.0000000180025095e-35 7.5000000000000009 9.5000000000000018 1 2 1.0000000180025095e-35 1.0000000180025095e-35 7.5830452371426995 10.500000000000002 8.5000000000000018 5.5000000000000009 3 4.5135944882806394 0.55529988472415648 1.0000000180025095e-35 5.6226606939367292 4.875960099855571 7.3499099245453996 4
decision_type=10 8 10 10 10 1 2 2 2 10 10 2 2 2 1 1 2 2 8 2 2 2 1 8 10 2 10 8 10 1
left_child=1 3 5 24 14 8 11 -5 20 21 23 -7 -8 -14 15 -3 -6 18 19 -16 -2 22 -4 -9 -1 -15 -27 -19 29 -18
right_child=2 4 9 7 16 6 12 10 -10 -11 -12 -13 13 25 17 -17 28 27 -20 -21 -22 -23 -24 -25 -26 26 -28 -29 -30 -31
leaf_value=-0.033038028543345102 0.012789955060725423 0.043023006010208066 0.016061431037320693 0.00077436699182511506 0.0092543887979100129 0.015870611874947146 0.0069572885570529618 -0.0076476730288632059 0.030314599997357441 0.040865801152288134 0.0027959617423825942 0.010529054506358727 0.025155136458943402 0.016235155740196568 0.0050395445519718684 -0.0036283339819524005 0.00062942072942133713 -0.0030035720322551512 -0.00033893408553986224 0.017692079877422866 0.020648401762668033 0.032038490507356021 0.030020248378982501 -0.002565494207579757 -0.0075999434444726788 0.014956789551686167 0.0048349577993014306 0.0016709896373002337 0.0026143862200571169 0.006551351702489671
leaf_weight=33835 266 62 249 2394 276 128 980 9194 80 232 1082 575 73 31 267 106 173 837 301 55 48 216 471 3621 747 81 119 3391 368 959
leaf_count=33835 266 62 249 2394 276 128 980 9194 80 232 1082 575 73 31 267 106 173 837 301 55 48 216 471 3621 747 81 119 3391 368 959
internal_value=-0.0018285 -0.00323733 0.0210637 -0.00408399 0.00310154 0.0156006 0.0139482 -0.0024311 0.023934 0.0322003 -0.00300317 0.0194666 0.0109268 0.0185197 0.00140566 0.0124157 0.00789414 0.000996707 0.00527287 0.0102174 0.0196815 0.0297756 0.0278472 -0.00340031 -0.00486265 0.0136147 0.011 0.000368968 0.00656667 0.00803003
internal_weight=61217 57668 3549 50873 6795 2381 1987 16291 394 1168 13897 703 1284 304 5019 168 1776 4851 623 322 314 936 720 12815 34582 231 200 4228 1500 1132
internal_count=61217 57668 3549 50873 6795 2381 1987 16291 394 1168 13897 703 1284 304 5019 168 1776 4851 623 322 314 936 720 12815 34582 231 200 4228 1500 1132
cat_boundaries=0 1 2 3 4 5
cat_threshold=4 1089 1 4 4112
is_linear=0
shrinkage=0.05


Tree=24
num_leaves=31
num_cat=3
split_feature=19 17 17 17 19 17 3 1 3 3 18 18 20 19 10 10 3 10 3 21 22 10 3 3 1 20 21 21 1 22
split_gain=662.472 118.017 76.0678 20.8447 18.9703 18.756 11.0067 9.81138 9.86803 9.47851 9.31346 7.18036 7.06294 6.66761 6.49146 6.18363 6.175 5.88869 5.64331 5.4769 5.37165 4.65344 4.46203 11.6187 8.69451 4.3599 4.3586 4.12426 4.1219 3.92975
threshold=5.5031769044739338 4.6146097938783095 6.4529511674468329 5.1745259913720156 6.8973898855664819 3.9677598014188575 1.0000000180025095e-35 0 1.0000000180025095e-35 5.5000000000000009 0.29772930221405935 0.86035176332203034 0.22674082810889806 6.5421829244547771 6.34625020363129 6.2417363821990248 1.0000000180025095e-35 5.2499145928934299 5.5000000000000009 6.9916366572685495 7.6330447501235712 5.0392226984798958 3.5000000000000004 1.5000000000000002 1 0.37760582121227615 6.7793534025787148 7.3300774504429578 2 7.2381598430909628
decision_type=10 8 8 10 10 10 2 1 2 2 10 10 10 10 10 8 2 8 2 8 8 8 2 2 1 10 8 8 1 8
left_child=1 5 7 14 12 -1 -7 9 19 -2 -8 26 13 -4 16 -14 20 -5 25 -9 -3 -18 23 -12 29 28 -10 -19 -17 -25
right_child=2 3 4 17 -6 6 10 8 11 -11 22 -13 15 -15 -16 18 21 27 -20 -21 -22 -23 -24 24 -26 -27 -28 -29 -30 -31
leaf_value=-0.031494464518521607 0.013407109345946553 0.0072996970107285682 0.0027801686691678739 0.0020948699581236725 0.038799536654977644 0.00054285773814504172 -0.0061430668659925389 0.015769065485541311 0.012609479356328291 0.028798869997489575 -0.019049536007000725 0.036437992735947417 0.016457153435545418 0.020761502257024722 0.02963982365098396 0.014226528285178432 -0.001322689502035838 0.0082115382066327812 0.031338546622783167 0.011775549443585697 0.00039535123561549115 0.00168593619404207 -0.0030633264388244684 0.015157697620357322 0.0016174908911476217 0.035608578910770121 0.007543839033429478 0.0052202612148561905 0.028407088454272068 0.015917039275828281
leaf_weight=34382 286 499 45 682 234 2031 10826 87 83 61 178 23 46 149 21 213 3096 578 171 207 425 3125 540 29 127 99 1543 956 293 89
leaf_count=34382 286 499 45 682 234 2031 10826 87 83 61 178 23 46 149 21 213 3096 578 171 207 425 3125 540 29 127 99 1543 956 293 89
internal_value=-0.00195455 -0.00324517 0.0190395 0.00188552 0.02896 -0.00424381 -0.00268813 0.0136245 0.0122414 0.0213689 -0.00327382 0.0107368 0.0260039 0.0174227 0.000574936 0.0280292 0.000493351 0.00612365 0.0290851 0.0206803 0.00430736 -7.31406e-05 0.00143821 0.00528369 0.0123469 0.0268182 0.0103444 0.00784224 0.0249407 0.0221186
internal_weight=61124 57584 3540 9382 1250 48202 13820 2290 1943 347 11789 1649 1016 194 7166 822 7145 2216 776 294 924 6221 963 423 245 605 1626 1534 506 118
internal_count=61124 57584 3540 9382 1250 48202 13820 2290 1943 347 11789 1649 1016 194 7166 822 7145 2216 776 294 924 6221 963 423 245 605 1626 1534 506 118
cat_boundaries=0 1 2 3
cat_threshold=4 4 4
is_linear=0
shrinkage=0.05


Tree=25
num_leaves=31
num_cat=2
split_feature=17 17 17 17 17 17 3 9 0 3 10 8 22 22 5 10 3 10 6 0 20 3 18 3 3 8 22 11 22 20
split_gain=601.767 105.484 82.114 20.375 18.7772 16.0751 11.1291 10.9649 10.7208 8.96801 8.52366 8.4711 7.70406 7.6925 7.42947 7.02197 6.37305 6.34855 6.21849 5.69855 5.57209 5.32737 4.95384 4.76382 14.1485 5.62313 4.63196 4.04164 4.01976 4.01264
threshold=5.4349565514883293 4.6146097938783095 6.3351973872634852 3.906532382791867 6.9178878908645638 5.0509390481780256 1.0000000180025095e-35 1.0000000180025095e-35 0 5.5000000000000009 4.9941670439731238 3.5000000000000004 7.0727205833414422 7.9291277697283098 1.0000000180025095e-35 6.5731213125784222 1.0000000180025095e-35 5.8756326429401939 1.0000000180025095e-35 1 0.3051445340616154 1.0000000180025095e-35 0.27110298160417784 3.5000000000000004 1.5000000000000002 3.5000000000000004 7.2927725840299074 5.4140983747433262 7.1230286278281127 0.24160776167348494
decision_type=10 8 10 10 10 8 2 2 1 2 8 2 8 8 2 8 2 10 2 1 10 2 8 2 2 2 10 10 8 10
left_child=1 3 14 -1 9 -3 -5 23 15 12 -10 20 -4 -6 16 -7 28 19 -18 21 -11 22 -12 24 -8 -26 27 -23 -2 -14
right_child=2 5 4 6 13 8 7 -9 10 11 17 -13 29 -15 -16 -17 18 -19 -20 -21 -22 26 -24 -25 25 -27 -28 -29 -30 -31
leaf_value=-0.032707533975243223 0.014560196636097117 -0.00019341958971628146 0.028984214478290894 0.00051571485123780292 0.02284538206422684 -0.0032455535963052287 -0.018157368203971829 -0.0062479320690464087 -0.0016382020398200759 0.017713571830844321 0.0096828509558730437 0.029245723185212281 0.015646298108823689 0.037030799265481827 0.0038729976096919675 0.027702804483612842 0.0087387819307302057 0.02732667186174062 0.021079807237486127 0.0002644577045416492 0.01899257507809889 0.0059050819956241018 -0.00048856946547924695 -0.0025707321665193548 -0.0092283572453406137 0.011881422610310558 0.0028705635472345936 0.0090946735983113945 0.011858942845783108 0.01936530136702741
leaf_weight=33204 235 4985 169 2239 36 26 199 11598 625 62 257 160 162 198 326 75 1531 29 160 759 36 1035 59 626 36 218 1144 194 94 586
leaf_count=33204 235 4985 169 2239 36 26 199 11598 625 62 257 160 162 198 326 75 1531 29 160 759 36 1035 59 626 36 218 1144 194 94 586
internal_value=-0.00199409 -0.00326464 0.0173968 -0.004202 0.0269375 0.00164454 -0.00266694 -0.00324091 0.0039222 0.0243617 0.00348735 0.0325969 0.0220447 0.0398718 0.0116667 0.0193243 0.012797 0.00446218 0.0115582 0.00426624 0.0210204 0.00533716 0.0114557 0.00158017 0.00548565 0.0133071 0.00454488 0.00667616 0.0191641 0.0198663
internal_weight=61063 57308 3755 48120 1409 9188 14916 12677 4203 1175 4102 258 917 234 2346 101 2020 3477 1691 3448 98 2689 316 1079 453 254 2373 1229 329 748
internal_count=61063 57308 3755 48120 1409 9188 14916 12677 4203 1175 4102 258 917 234 2346 101 2020 3477 1691 3448 98 2689 316 1079 453 254 2373 1229 329 748
cat_boundaries=0 1 2
cat_threshold=1025 25058
is_linear=0
shrinkage=0.05


Tree=26
num_leaves=31
num_cat=1
split_feature=19 19 17 15 19 15 3 15 11 3 16 3 10 3 8 10 3 22 12 21 5 16 21 3 3 1 16 17 10 19
split_gain=536.582 104.254 65.6573 28.3875 19.8463 13.2687 10.5571 8.74393 8.3498 6.66115 6.02782 6.45263 5.54543 5.47025 9.88049 5.68103 4.73166 4.65711 4.38034 3.98091 3.82617 3.46261 3.42699 3.25237 9.84802 8.09088 2.97841 3.05985 2.88651 2.84963
threshold=5.5031769044739338 4.3985116868594849 6.4529511674468329 5.0799675709968595 6.8973898855664819 3.9837069911317831 1.0000000180025095e-35 5.3858881555287166 6.1256675353647996 1.0000000180025095e-35 0.35392292465127667 1.0000000180025095e-35 5.0610114511903843 5.5000000000000009 3.5000000000000004 7.0425887464538537 5.5000000000000009 7.3757572569444241 5.7815147161943807 6.9426395642594496 1.0000000180025095e-35 0.180049039751257 7.1143627789662496 1.5000000000000002 3.5000000000000004 0 0.54460740460303125 3.5491226644229208 5.1645001779740367 5.3963942238749913
decision_type=10 8 8 8 10 10 2 10 10 2 10 2 8 2 2 10 2 8 10 8 2 10 10 2 2 1 10 10 10 10
left_child=1 5 8 6 13 26 -3 12 9 22 11 -7 -5 15 -15 -4 -10 19 20 -11 -14 -18 -2 -12 25 -25 -1 -28 -8 -9
right_child=2 3 4 7 -6 10 28 29 16 17 23 -13 18 14 -16 -17 21 -19 -20 -21 -22 -23 -24 24 -26 -27 27 -29 -30 -31
leaf_value=-0.028392940414756221 0.013019564149581817 0.0032761412498967949 0.019266909691571188 -0.00096369442711611512 0.035232648732854879 0.00031711665195568707 -0.0019618506060725457 0.0075237915235324337 0.011037105504082323 0.0095683740104044492 -0.014734321722496856 -0.0066139862906712922 0.0051466372805999009 0.017032564869365434 0.029001705784571716 0.0296519434141174 0.018902220652534621 0.01569299334288812 0.042149695353105289 0.0055073059420163301 -0.001056835820511381 0.022545007846806221 0.0045507237726793636 0.014245659059120508 -0.0016464866542460037 0.0015103563834375944 -0.048969896683829256 0.0070482152130150154 0.0023975640102488049 0.0057965141516907225
leaf_weight=34207 249 1285 731 647 229 1306 7720 375 301 317 229 7304 2222 116 125 60 31 236 20 1017 364 51 61 90 369 79 408 311 328 289
leaf_count=34207 249 1285 731 647 229 1306 7720 375 301 317 229 7304 2222 116 125 60 31 236 20 1017 364 51 61 90 369 79 408 311 328 289
internal_value=-0.002075 -0.00323467 0.0168644 0.000656603 0.0260071 -0.00439846 -0.00084271 0.004229 0.0117698 0.0103989 -0.00272849 -0.00310685 0.0031617 0.0230523 0.0296473 0.021043 0.0184987 0.00907643 0.00419033 0.00793103 0.00401005 0.0291463 0.0170968 0.0015189 0.00364312 0.0136391 -0.00484682 -0.00166203 -0.00151466 0.00945783
internal_weight=61077 57553 3524 13250 1261 44303 9333 3917 2263 1880 9377 8610 3253 1032 241 791 383 1570 2606 1334 2586 82 310 767 538 169 34926 719 8048 664
internal_count=61077 57553 3524 13250 1261 44303 9333 3917 2263 1880 9377 8610 3253 1032 241 791 383 1570 2606 1334 2586 82 310 767 538 169 34926 719 8048 664
cat_boundaries=0 1
cat_threshold=4
is_linear=0
shrinkage=0.05


Tree=27
num_leaves=31
num_cat=4
split_feature=19 19 19 19 0 4 10 19 0 9 11 4 1 4 21 20 4 20 21 19 16 0 16 16 14 18 18 4 22 22
split_gain=486.755 83.9039 78.0727 23.8138 13.9067 15.7936 12.8838 11.9113 10.4226 9.43704 8.22426 7.16189 6.53904 5.80577 5.9435 5.51871 4.01068 5.98509 3.7734 3.46239 3.64062 3.34587 3.1213 3.02727 2.95739 2.87371 2.79705 4.57143 2.76738 3.89787
threshold=5.3033408224100134 4.3985116868594849 6.4685105199238286 6.8973898855664819 0 1.5000000000000002 4.9777676311404191 3.8481501327506042 1 1.0000000180025095e-35 5.0660699512590419 7.5000000000000009 2 7.5000000000000009 6.840011483758766 0.37760582121227615 7.5000000000000009 0.43549546574823322 7.5307481636617268 5.580795933134751 0.098855282711496933 3 0.20335483264774901 0.42794893317630228 6.2010160986626692 0.52706834992406637 0.19826019369828154 2.5000000000000004 6.8477059045357782 7.0727205833414422
decision_type=10 8 10 10 1 2 8 10 1 2 10 2 1 2 8 10 2 10 8 10 10 1 8 10 8 10 8 2 8 8
left_child=1 7 4 11 16 19 25 -1 12 -9 18 -4 -8 14 -7 28 26 22 21 -6 -21 -10 -18 -17 -22 -3 27 -2 -13 -30
right_child=2 6 3 -5 5 13 8 9 10 -11 -12 15 -14 -15 -16 23 17 -19 -20 20 24 -23 -24 -25 -26 -27 -28 -29 29 -31
leaf_value=-0.031047950357366808 0.012679784348010165 -0.0016039301328024552 0.014232186637094416 0.033455761853647563 0.0080251625922381949 0.010997671517030645 0.03816080872550906 0.0012922317891915125 0.0052562561806137635 -0.0062001288569367326 0.0041336806020326458 0.01311564595012317 0.016565580502234861 0.0080274381480373129 0.0042868445189945033 0.031578047114910433 0.017567585579466399 0.031993708861436175 -0.0004122055190230612 0.0097033773354816624 0.01063113169005853 0.00019959259144160572 0.021417757454465926 0.027623422758230789 0.010581039367482571 0.010827094529130839 0.011117597081354277 0.018113295424602872 0.026452962645355661 0.020194517339362464
leaf_weight=32124 25 6085 282 233 88 214 63 1433 365 10777 1648 21 59 394 1720 54 29 48 3504 43 206 457 99 40 69 37 295 56 105 432
leaf_count=32124 25 6085 282 233 88 214 63 1433 365 10777 1648 21 59 394 1720 54 29 48 3504 43 206 457 99 40 69 37 295 56 105 432
internal_value=-0.00211991 -0.00337318 0.0137963 0.0249057 0.00985088 0.00828353 0.000295465 -0.00438422 0.00192257 -0.00305487 0.00160929 0.0213383 0.0158333 0.0067268 0.00559979 0.0242178 0.017153 0.0236932 0.000466943 0.0174138 0.0198428 0.00351581 0.0180469 0.0354255 0.0177273 -0.00132473 0.0145479 0.0227778 0.0223297 0.0230261
internal_weight=61005 56552 4453 1167 3286 2734 12218 44334 6096 12210 5974 934 122 2328 1934 652 552 176 4326 406 318 822 128 94 275 6122 376 81 558 537
internal_count=61005 56552 4453 1167 3286 2734 12218 44334 6096 12210 5974 934 122 2328 1934 652 552 176 4326 406 318 822 128 94 275 6122 376 81 558 537
cat_boundaries=0 1 2 3 4
cat_threshold=1089 1089 1 16672
is_linear=0
shrinkage=0.05


Tree=28
num_leaves=31
num_cat=3
split_feature=19 15 15 19 15 3 19 0 1 18 3 19 16 15 6 18 3 22 0 3 3 15 5 3 19 3 21 19 11 15
split_gain=440.953 88.3758 73.7853 24.5821 14.8798 12.8477 10.3479 8.18449 9.06219 8.00867 7.82167 5.25137 4.98932 4.81252 4.6552 4.59121 4.78881 8.58914 4.33327 4.21556 4.14531 4.03174 3.8859 3.85458 3.63699 3.90666 3.61011 3.51278 3.30178 3.26337
threshold=5.2202981734410914 6.3330339825089217 4.2289466311251118 6.7675469401803143 5.3858881555287166 1.0000000180025095e-35 4.6843934102748923 0 1 0.52706834992406637 1.0000000180025095e-35 6.8973898855664819 0.2144780554057826 3.8919418764695686 1.0000000180025095e-35 0.18163310307962779 5.5000000000000009 6.9957956303836344 2 1.0000000180025095e-35 1.0000000180025095e-35 5.0799675709968595 1.0000000180025095e-35 2.5000000000000004 3.4206309845815674 1.5000000000000002 6.9211648441999065 5.3379199760018698 6.3527164057087582 6.67651830715086
decision_type=10 8 8 10 10 2 8 1 1 10 2 10 10 10 2 8 2 10 1 2 2 10 2 2 10 2 8 10 10 8
left_child=2 4 9 15 20 14 -7 8 -8 13 12 -5 27 -1 18 23 29 -18 -4 -15 -2 -9 28 -3 -11 -26 -22 -6 -12 -17
right_child=1 3 5 11 10 6 7 21 -10 24 22 -13 -14 19 -16 16 17 -19 -20 -21 26 -23 -24 -25 25 -27 -28 -29 -30 -31
leaf_value=-0.029143015207509927 0.0086887059656403504 0.0019333466599918304 0.0056148501608708924 0.026523148444135058 0.013851937251850521 -0.0031091317413975972 0.042993120029507843 -0.00051210617485809363 -0.00010415313368963772 -0.079934899222527639 0.0074958840785327068 0.031709418976449875 0.010766100077622872 -0.00059092627831129271 -0.00071633924417217366 0.012026871203813278 0.023137871939620129 0.025478167502752558 0.0010292778774058764 -0.009135457190066143 0.0095544119791232136 0.0026875771083891813 0.0026956498797261318 0.01397869705845417 -0.020193948755886544 0.0082482086851084716 0.0012170862623912333 0.010792014950188032 0.01311768305565595 0.023245292715044698
leaf_weight=31882 166 67 975 237 20 7806 62 4180 60 292 1659 232 134 1060 624 469 94 112 617 6042 23 1410 296 133 207 546 952 256 60 248
leaf_count=31882 166 67 975 237 20 7806 62 4180 60 292 1659 232 134 1060 624 469 94 112 617 6042 23 1410 296 133 207 546 952 256 60 248
internal_value=-0.00214877 0.0118379 -0.00344252 0.0216332 0.00746495 -0.000541504 -0.00111999 0.000497198 0.012803 -0.0045828 0.00968041 0.0312473 0.0159756 -0.0046986 0.00298736 0.017618 0.0191062 0.0258252 0.00442211 -0.00352154 0.00275635 0.000205356 0.0083995 0.01075 -0.000263159 0.0015737 0.00151282 0.0198188 0.00931064 0.0171757
internal_weight=60921 5158 55763 1592 3566 15734 13518 5712 122 40029 2425 469 410 38984 2216 1123 923 206 1592 7102 1141 5590 2015 200 1045 753 975 276 1719 717
internal_count=60921 5158 55763 1592 3566 15734 13518 5712 122 40029 2425 469 410 38984 2216 1123 923 206 1592 7102 1141 5590 2015 200 1045 753 975 276 1719 717
cat_boundaries=0 1 2 3
cat_threshold=1089 1 28944
is_linear=0
shrinkage=0.05


Tree=29
num_leaves=31
num_cat=5
split_feature=17 17 17 17 17 17 0 1 0 3 3 9 22 3 3 20 0 3 20 21 3 22 3 3 1 20 21 22 10 10
split_gain=394.426 78.6038 77.9519 16.0035 14.8916 11.6457 10.0392 14.3456 8.73102 12.666 9.05229 8.05502 7.0868 6.06223 5.91026 5.20657 4.84168 4.78128 5.25247 4.71364 4.69251 3.83068 3.75144 14.6486 4.91034 7.06368 3.60809 3.2784 3.15804 3.11068
threshold=5.2778212490090786 6.4529511674468329 4.3217155170341419 6.9178878908645638 4.9118171987191985 3.8083303435622575 0 1 2 5.5000000000000009 1.0000000180025095e-35 1.0000000180025095e-35 7.9291277697283098 1.0000000180025095e-35 1.0000000180025095e-35 0.37760582121227615 3 1.0000000180025095e-35 0.26738497684723445 6.9329354586516123 2.5000000000000004 8.0634244052159101 1.5000000000000002 3.5000000000000004 4 0.31442048973412534 6.8238298961993875 7.0727205833414422 4.4479312383686205 4.775334723569407
decision_type=10 10 8 10 8 10 1 1 1 2 2 2 8 2 2 10 1 2 8 8 2 10 2 2 1 10 8 8 10 8
left_child=2 8 5 15 13 -1 7 -6 9 -2 26 22 -5 -4 28 20 -15 18 -8 -12 21 -3 -7 24 -24 -26 -10 -22 -13 -19
right_child=1 3 4 12 6 11 17 -9 10 -11 19 14 -14 16 -16 -17 -18 29 -20 -21 27 -23 23 -25 25 -27 -28 -29 -30 -31
leaf_value=-0.030084414957540908 0.010495487391861725 0.012341258312114828 0.0016839180190989682 0.017937654478216984 0.034816566904299372 -0.012861677770799305 0.0064500332651921469 -0.0068430478084630531 0.015398500874253502 0.024358556674253087 0.0077452321759991297 -0.00101946980787843 0.030216419335851532 0.001029318837574511 -0.0081519235188384342 0.025346276555223715 -0.0029374851923841747 -0.0036777062473265301 -0.0052826306118871668 0.0040767411653763273 0.024931498486459796 0.018235424048738836 0.013639404411331508 -0.0023717386179142458 0.010335692220705716 0.0018269998343094064 0.0083819141945316918 0.018323571565876939 0.0052468398470530931 0.0020218660467016662
leaf_weight=31140 319 321 1320 36 103 406 440 96 40 95 496 1455 195 1428 8354 107 6574 360 111 2053 70 51 99 623 34 127 483 388 33 3529
leaf_count=31140 319 321 1320 36 103 406 440 96 40 95 496 1455 195 1428 8354 107 6574 360 111 2053 70 51 99 623 34 127 483 388 33 3529
internal_value=-0.00217505 0.0118135 -0.0033328 0.0230394 -9.34759e-05 -0.00440266 0.00222138 0.0129426 0.00805221 0.0149292 0.00705386 -0.00301456 0.0348268 -0.00124544 -0.00350132 0.0201334 -0.00176331 0.00170786 0.00607078 0.00584739 0.0187952 0.0146237 0.000702093 0.00253114 0.0125 0.0071118 0.0130688 0.0221834 -0.000598119 0.00109411
internal_weight=60886 4654 56232 1168 13961 42271 4639 199 3486 414 3072 11131 231 9322 9842 937 8002 4440 551 2549 830 372 1289 883 260 161 523 458 1488 3889
internal_count=60886 4654 56232 1168 13961 42271 4639 199 3486 414 3072 11131 231 9322 9842 937 8002 4440 551 2549 830 372 1289 883 260 161 523 458 1488 3889
cat_boundaries=0 1 2 3 4 5
cat_threshold=1089 1 65 290 4
is_linear=0
shrinkage=0.05


Tree=30
num_leaves=31
num_cat=3
split_feature=19 19 17 0 17 10 4 4 20 22 16 22 0 1 22 4 20 21 10 16 17 18 4 18 22 17 13 20 4 18
split_gain=369.593 75.3312 65.4897 25.2893 11.0576 10.9284 9.90518 9.83167 7.44648 6.00752 6.50629 5.49493 5.38733 10.4505 4.16568 3.96483 6.03415 3.89488 3.8102 2.99155 2.89552 2.72109 2.53925 3.25925 2.73319 3.12275 2.43847 2.75924 2.39441 3.44422
threshold=5.2202981734410914 6.7675469401803143 4.3217155170341419 0 3.7243371609626954 5.0392226984798958 2.5000000000000004 7.5000000000000009 0.28893830064179232 7.1684836116924275 0.098855282711496933 8.2112770302313347 1 2 6.8477059045357782 7.5000000000000009 0.45923723657429233 7.1697347800601152 6.4629505714118585 0.086261561519081154 4.942722095149457 0.36627613582909252 8.5000000000000018 0.25880394993938111 7.2927725840299074 6.4529511674468329 6.6899100095835946 0.29641873691418785 4.5000000000000009 0.30940750373250603
decision_type=10 10 8 1 10 10 2 2 10 8 10 10 1 1 8 2 10 10 10 8 10 8 2 8 10 10 8 10 2 10
left_child=2 3 4 15 -1 12 9 -8 -6 10 -5 14 13 17 -3 28 19 -4 -7 -17 -14 -18 23 -21 -24 -26 27 -25 29 -2
right_child=1 11 5 6 8 18 7 -9 -10 -11 -12 -13 20 -15 -16 16 21 -19 -20 22 -22 -23 24 26 25 -27 -28 -29 -30 -31
leaf_value=-0.032941930984108449 0.011012140868476744 0.017172271346905077 0.042733863088279422 0.0095989515585543517 -0.007057858686098469 0.0028797857208427923 0.0025728478876130491 0.0079799348696672663 -5.6818138775133506e-05 0.0022848503934284367 0.0079146157895616884 0.0060112701963834338 -0.0022208824093834976 0.00051531933488264774 0.028011584912277156 -0.003647762433272206 0.0065736691165110273 -0.060468767166582699 0.025361104701514564 0.018359152118683261 0.0012281561076388299 0.033455646629990225 0.015740386480202224 0.010157068346553602 0.0092792827240000091 0.017617554512317037 0.022431789616403377 0.0046573693407783124 0.010383961489768815 0.0024328922285550107
leaf_weight=29468 125 37 106 91 11406 1745 1806 604 1694 152 840 31 8043 2200 394 20 21 20 20 57 1278 28 99 22 57 183 69 40 435 38
leaf_count=29468 125 37 106 91 11406 1745 1806 604 1694 152 840 31 8043 2200 394 20 21 20 20 57 1278 28 99 22 57 183 69 40 435 38
internal_value=-0.00223372 0.0105855 -0.00341283 0.00868679 -0.00437277 -0.000366091 0.00647588 0.00470954 -0.00316412 0.0104663 0.011971 0.0298485 -0.000921698 0.00122859 0.0313109 0.0149751 0.0179866 0.0152381 0.00330028 0.0164808 -0.00145804 0.0347959 0.0172011 0.0218617 0.0146165 0.0175 0.0175191 0.0103226 0.0122241 0.0173926
internal_weight=61129 5149 55980 4687 42568 13412 3493 2410 13100 1083 931 462 11647 2326 431 1194 596 126 1765 547 9321 49 527 188 339 240 131 62 598 163
internal_count=61129 5149 55980 4687 42568 13412 3493 2410 13100 1083 931 462 11647 2326 431 1194 596 126 1765 547 9321 49 527 188 339 240 131 62 598 163
cat_boundaries=0 1 2 3
cat_threshold=1089 1507 1
is_linear=0
shrinkage=0.05


Tree=31
num_leaves=31
num_cat=3
split_feature=19 19 15 0 20 17 21 17 17 15 4 4 0 4 7 10 4 20 22 22 20 10 13 4 5 14 17 4 1 17
split_gain=343.004 80.6419 67.3482 24.3501 10.3986 9.56331 9.29228 6.90051 6.64688 5.88445 5.65573 7.28745 5.48962 7.53237 5.3294 4.73726 4.45671 5.82162 3.87238 3.55254 3.52457 3.31529 3.16765 3.10798 3.09922 2.98619 2.87868 3.80134 4.3137 2.77674
threshold=5.2202981734410914 6.7675469401803143 4.2289466311251118 0 0.41599754642998393 5.0509390481780256 6.9329354586516123 3.22107889818863 6.9178878908645638 3.8086533480735443 6.5000000000000009 3.5000000000000004 1 8.5000000000000018 67.500000000000014 6.863384981551234 7.5000000000000009 0.50374338890686676 8.0634244052159101 7.7730403856773265 0.2019167180857307 5.198773198077598 7.0441196053674329 4.5000000000000009 1.0000000180025095e-35 6.6560836357821769 6.7504783557224748 8.5000000000000018 2 6.7504783557224748
decision_type=10 10 8 1 10 10 8 10 8 10 2 2 1 2 10 10 2 10 8 8 10 8 8 2 2 8 8 2 1 10
left_child=2 3 4 16 9 12 -5 -6 15 -1 11 21 13 14 23 29 25 20 -10 -15 -18 -8 -17 -4 -23 -2 27 28 -22 -3
right_child=1 8 5 6 7 -7 10 -9 18 -11 -12 -13 -14 19 -16 22 17 -19 -20 -21 26 24 -24 -25 -26 -27 -28 -29 -30 -31
leaf_value=-0.027925681888974065 0.0082526775719724433 0.016942326268660497 0.0011441971396002522 0.0081591263546158931 -0.084597327487901844 0.0031311292468522399 -0.0003370348979494244 0.0044492629316660853 0.023322444337455957 -0.0070923011405639551 0.0073114619256396569 0.00079597164521474396 -0.0020138616184287843 0.0040168622872074969 0.046604954928523151 0.026088346677430936 0.014312085103429118 0.030118578975640367 0.027307460557925812 0.001604284958101836 0.015269085804962787 0.0068180560112647733 0.018777957864911078 -0.0038742627419486478 0.0011379671445109392 0.011796659866034877 0.026665680339535591 0.013835195171440213 0.021560419598707678 0.021102246331140485
leaf_weight=29959 303 28 972 596 514 2002 148 953 44 8557 618 1084 9424 607 50 43 48 31 204 1004 91 781 24 1818 256 296 43 310 83 113
leaf_count=29959 303 28 972 596 514 2002 148 953 44 8557 618 1084 9424 607 50 43 48 31 204 1004 91 781 24 1818 256 296 43 310 83 113
internal_value=-0.00223051 0.0101244 -0.00336824 0.00817193 -0.00446227 -0.000613152 0.00599341 -0.000330608 0.0301974 -0.00461964 0.0048372 0.00368224 -0.00107928 0.00036875 -0.00117958 0.0236058 0.0143004 0.0174422 0.0357258 0.00310056 0.0163043 0.0063924 0.0345522 -0.00146954 0.00739151 0.0113606 0.0174858 0.0163843 0.0222988 0.0184043
internal_weight=61004 5144 55860 4688 39983 15877 3483 1467 456 38516 2887 2269 13875 4451 2840 208 1205 606 248 1611 575 1185 67 2790 1037 599 527 484 174 141
internal_count=61004 5144 55860 4688 39983 15877 3483 1467 456 38516 2887 2269 13875 4451 2840 208 1205 606 248 1611 575 1185 67 2790 1037 599 527 484 174 141
cat_boundaries=0 1 2 3
cat_threshold=1089 9651 4
is_linear=0
shrinkage=0.05


Tree=32
num_leaves=31
num_cat=3
split_feature=17 15 17 0 3 17 17 3 0 20 3 3 17 0 10 21 15 22 21 22 10 3 3 10 20 16 3 16 16 20
split_gain=315.032 69.9995 65.6888 18.3055 31.2154 10.7079 10.6223 8.38088 8.21542 8.18214 8.11034 7.63368 6.07654 5.93901 5.6622 5.58718 5.2519 4.8969 4.21037 4.14051 3.95771 3.88817 3.57633 3.50507 3.25632 4.95705 3.58594 3.85506 3.09447 4.58558
threshold=5.2522737637064054 4.1851470945032689 6.6246840048595494 0 5.5000000000000009 5.0288862528669664 6.9178878908645638 1.0000000180025095e-35 1 0.41599754642998393 2.5000000000000004 1.0000000180025095e-35 3.22107889818863 2 6.863384981551234 6.9329354586516123 3.7600901033888623 8.0634244052159101 6.8238298961993875 7.6822742569406195 6.5731213125784222 1.5000000000000002 1.0000000180025095e-35 5.0610114511903843 0.3051445340616154 0.28442632780832716 5.5000000000000009 0.34328457233221316 0.16770332948239139 0.24255609861047803
decision_type=10 8 10 1 2 8 10 2 1 10 2 2 10 1 10 8 10 8 8 10 8 2 2 8 10 10 2 10 10 10
left_child=1 9 3 4 28 7 14 -3 19 16 17 18 -11 -9 24 -13 -1 -8 -5 20 -7 -14 -18 -10 25 -4 27 -26 29 -2
right_child=2 5 6 11 -6 8 10 13 23 12 -12 15 21 -15 -16 -17 22 -19 -20 -21 -22 -23 -24 -25 26 -27 -28 -29 -30 -31
leaf_value=-0.028445341417114457 0.0085217956733161741 0.0018201505623685115 0.013596480848257642 0.010920035853735528 0.020784522715050612 -0.0065666835942561758 0.0014514970706062337 0.00087589145323389286 -0.0012659870628444021 -0.080093092206919403 0.029059214376502718 0.0073907229686361268 -0.014787742973144667 -0.0026062521949068674 0.020772682645362854 0.0030048661318215894 -0.0012507557067926054 0.019209742902649166 0.0072229173694295301 0.024157209727003394 0.023281720002238961 0.0082534506528436895 -0.0086413870753214352 0.0024411747066906886 0.016892817987438313 0.020723167684524424 0.020585942847595975 0.01097382928500534 0.0078090765534218985 0.018499767954726718
leaf_weight=29008 58 1957 167 39 194 42 26 2058 803 541 145 501 261 9769 99 2315 1303 61 513 21 139 651 7233 2147 85 23 40 40 528 91
leaf_count=29008 58 1957 167 39 194 42 26 2058 803 541 145 501 261 9769 99 2315 1303 61 513 21 139 651 7233 2147 85 23 40 40 528 91
internal_value=-0.00225016 -0.00331763 0.0098731 0.00755013 0.0140125 -0.000633563 0.0242274 -0.00123477 0.00199556 -0.00448329 0.032931 0.00582001 -0.000801791 -0.00173628 0.0197797 0.00478338 -0.00462577 0.0208621 0.0112138 0.0115094 0.00964088 0.0016886 -0.00353562 0.00130067 0.016831 0.0123684 0.0219697 0.0178 0.00910635 0.0154698
internal_weight=60858 55933 4925 4239 871 16936 686 13784 3152 38997 232 3368 1453 11827 454 2816 37544 87 552 202 181 912 8536 2950 355 190 165 125 677 149
internal_count=60858 55933 4925 4239 871 16936 686 13784 3152 38997 232 3368 1453 11827 454 2816 37544 87 552 202 181 912 8536 2950 355 190 165 125 677 149
cat_boundaries=0 1 2 3
cat_threshold=65 1089 290
is_linear=0
shrinkage=0.05


Tree=33
num_leaves=31
num_cat=2
split_feature=19 19 15 19 15 3 15 3 1 3 10 3 20 4 20 18 4 3 20 19 10 15 1 3 19 10 4 18 4 15
split_gain=285.398 72.3853 66.0258 17.4191 12.5422 11.9821 9.5548 6.81992 6.22117 13.8814 6.20554 6.05194 6.00595 5.1924 4.70672 4.25933 4.16672 4.67297 4.44402 3.66626 4.53008 4.64856 3.87049 3.6638 3.60734 3.55918 3.41634 4.48103 3.29421 3.28721
threshold=5.175662303572496 6.4685105199238286 4.01670762840289 6.7675469401803143 5.3858881555287166 1.0000000180025095e-35 4.4997992098757793 3.5000000000000004 0 5.5000000000000009 6.863384981551234 1.0000000180025095e-35 0.55529988472415648 3.5000000000000004 0.88159751347231186 0.29347447952164951 8.5000000000000018 2.5000000000000004 0.23078313948336807 3.741234258493868 4.9078639478274591 5.2319977108069962 1 2.5000000000000004 3.4206309845815674 4.4710670380125306 9.5000000000000018 0.21829292393276237 7.5000000000000009 3.7214206042546736
decision_type=10 10 8 10 8 2 8 2 1 2 8 2 10 2 10 10 2 2 10 8 8 8 1 2 10 10 2 10 2 10
left_child=2 4 12 7 16 25 15 28 9 -6 -5 -10 29 -11 -13 -7 -2 18 -18 -8 -21 -22 -23 26 -14 -4 27 -12 -3 -1
right_child=1 3 5 10 8 6 19 -9 11 13 23 14 24 -15 -16 -17 17 -19 -20 20 21 22 -24 -25 -26 -27 -28 -29 -30 -31
leaf_value=-0.029015371518805112 0.0008693755397032564 0.0055093802197190046 0.0010027023722968948 0.014175577422390145 0.0057641475049850822 -0.0046328622951312603 -0.061971444615662646 0.015738506436218904 0.0085650727045586111 0.012976580744343776 0.0081138139511099296 0.004896306409322853 -0.060179349690057476 0.01937108387004052 0.021357575094790873 0.00086490468625574505 0.013928158575334868 0.0030070545693563805 0.0051241116114177088 -0.0015783915852151398 0.00025042241251492671 -0.00013387907633163776 0.017115992890612726 0.026134049429518538 0.0073974446066334748 0.0040892200550673823 0.022092138311411231 0.013548440544049425 0.012916656805844751 -0.0080061818522744049
leaf_weight=28540 1379 147 2060 100 422 8235 423 253 371 23 30 2001 246 80 25 790 36 111 47 3563 3725 288 454 220 468 838 45 53 280 5865
leaf_count=28540 1379 147 2060 100 422 8235 423 253 371 23 30 2001 246 80 25 790 36 111 47 3563 3725 288 454 220 468 838 45 53 280 5865
internal_value=-0.00223568 0.00849813 -0.00332327 0.0198227 0.00565628 -0.00105909 -0.00155281 0.0147794 0.00759411 0.0125238 0.0274777 0.00651439 -0.00463695 0.0289806 0.00543929 -0.00268421 0.00205658 0.00891752 0.0178916 -0.000344849 -0.000105854 0.000954778 0.00456873 0.0306322 -9.80404e-05 0.00191856 0.0239062 0.0178916 0.0109251 -0.00473114
internal_weight=61118 5623 55495 1128 4495 20376 17478 680 2922 525 448 2397 35119 103 2026 9025 1573 194 83 8453 8030 4467 742 348 714 2898 128 83 427 34405
internal_count=61118 5623 55495 1128 4495 20376 17478 680 2922 525 448 2397 35119 103 2026 9025 1573 194 83 8453 8030 4467 742 348 714 2898 128 83 427 34405
cat_boundaries=0 1 2
cat_threshold=4 4
is_linear=0
shrinkage=0.05


Tree=34
num_leaves=31
num_cat=3
split_feature=19 19 17 0 17 19 21 4 8 4 0 4 4 22 22 4 4 20 9 10 8 4 17 20 0 22 22 16 20 14
split_gain=265.332 75.5371 64.8616 16.4768 13.6511 8.96187 7.6369 6.16373 5.95307 5.95147 5.13213 5.55817 6.38942 4.81849 4.54318 4.51387 5.10964 4.95868 4.47278 4.60493 4.27995 4.09091 3.74179 3.60637 3.89022 3.367 3.30856 3.62683 3.10062 2.82652
threshold=5.175662303572496 6.6279510328210458 3.8808413948757017 0 4.629500642030357 6.8973898855664819 6.8951763685906764 7.5000000000000009 5.5000000000000009 3.5000000000000004 1 2.5000000000000004 9.5000000000000018 7.6744606843420984 7.5650061734369833 7.5000000000000009 5.5000000000000009 0.37760582121227615 1.0000000180025095e-35 4.2520600549241934 1.5000000000000002 10.500000000000002 5.562564128225838 0.55529988472415648 2 6.8600225336995715 7.0664970724375769 0.23724561631217869 0.2089691190471831 6.840279078092153
decision_type=10 10 8 1 8 10 8 2 2 2 1 2 2 8 8 2 2 10 2 8 2 2 10 10 1 8 8 10 10 8
left_child=2 3 23 20 18 15 -5 9 -7 -8 13 -12 -13 -6 28 16 -3 25 -4 -20 -2 -15 -9 -1 -25 -17 27 -22 -14 -28
right_child=1 5 4 6 10 8 7 22 -10 -11 11 12 14 21 -16 17 -18 -19 19 -21 26 -23 -24 24 -26 -27 29 -29 -30 -31
leaf_value=-0.022050965400322111 0.041034198297635487 0.023033122177667051 0.0010601098359944495 0.0079830982186632378 -0.06933089049879855 0.024493536068262014 0.0034173078906284578 0.0063889307712440549 0.0135334018642506 0.00029426258597162685 0.0028575984497637898 -0.0016485490837159309 0.0058552806441680783 0.023612603805986301 -4.2104685897816329e-05 0.0054524277124392562 -0.00084856525626631927 0.023360228867941042 -0.0063203866828283849 -0.0018808871776970935 0.0074542175473410535 -0.098805924158178779 0.0072123061523778386 0.0065931124752835208 -0.05756642794704514 0.017210062692082195 0.0083085639375900747 0.019193988609952497 0.0025848406010411783 0.012448240696843558
leaf_weight=32130 20 49 1369 398 39 180 1553 478 58 1307 1123 4073 190 90 909 27 51 66 5385 9014 24 20 266 334 329 270 507 28 549 326
leaf_count=32130 20 49 1369 398 39 180 1553 478 58 1307 1123 4073 190 90 909 27 51 66 5385 9014 24 20 266 334 329 270 507 28 549 326
internal_value=-0.00225892 0.00810628 -0.00330525 0.00591298 -0.00125456 0.0234593 0.00449651 0.00378191 0.0313445 0.00272727 0.000584154 0.000376421 -0.000254327 0.00946541 0.00237257 0.019406 0.01 0.0219972 -0.00207002 -0.00232968 0.0119945 0.0154545 0.00783602 -0.0047286 -0.00107843 0.0192424 0.0116102 0.0238462 0.00528417 0.0108463
internal_weight=61162 5608 55554 4907 22761 701 4002 3604 238 2860 6993 6844 5721 149 1648 463 100 363 15768 14399 905 110 744 32793 663 297 885 52 739 833
internal_count=61162 5608 55554 4907 22761 701 4002 3604 238 2860 6993 6844 5721 149 1648 463 100 363 15768 14399 905 110 744 32793 663 297 885 52 739 833
cat_boundaries=0 1 2 3
cat_threshold=65 1153 40
is_linear=0
shrinkage=0.05


Tree=35
num_leaves=31
num_cat=5
split_feature=19 15 19 15 10 21 11 4 18 4 18 10 15 22 4 4 19 0 1 15 16 19 4 22 5 0 5 22 0 0
split_gain=234.869 62.3209 60.1234 19.0409 9.72345 7.23919 5.68725 5.63768 5.60408 5.12164 5.4004 4.71646 4.21487 3.77345 3.72191 5.68291 5.76116 7.33061 7.87202 3.70148 3.6376 3.46401 3.03668 4.45279 3.96645 2.90431 3.57343 3.17956 2.89237 2.83168
threshold=5.175662303572496 3.9606242369756273 6.7675469401803143 6.0061243209059318 4.4479312383686205 6.9072550288153467 4.4514359160488262 7.5000000000000009 0.52706834992406637 7.5000000000000009 0.48701553199783937 6.863384981551234 3.6900273862196395 7.0610034672085593 2.5000000000000004 9.5000000000000018 1.0000000180025095e-35 0 1 5.3858881555287166 0.33496445879915576 3.4206309845815674 9.5000000000000018 7.0610034672085593 1.0000000180025095e-35 2 1.0000000180025095e-35 7.5366126131751026 3 4
decision_type=10 8 10 8 8 8 8 2 10 2 10 8 10 8 2 2 10 1 1 10 10 10 2 10 2 1 2 10 1 1
left_child=1 8 3 5 20 -2 29 19 12 -5 13 -4 -1 -11 28 16 17 18 -16 -7 -3 -10 23 -13 -24 26 27 -17 -8 -6
right_child=2 4 11 9 6 7 14 -9 21 10 -12 22 -14 -15 15 25 -18 -19 -20 -21 -22 -23 24 -25 -26 -27 -28 -29 -30 -31
leaf_value=-0.028115094128262543 0.0074973808938155031 -0.0044699338708776631 0.019306165254647272 0.0074580031370826312 0.0010224428619827273 0.00033375799240409213 0.0025112242983700048 0.0057843226498870658 -0.05473761132314179 0.01818391655530565 0.019681532122930417 0.02195652680525071 -0.0069894467090866556 0.013577516909573539 0.0078917126949188173 0.0039337791239424267 -0.0016111152748666847 -0.0023228850509458888 0.042352267209566537 0.003149926179597438 0.002295848967858657 0.0067481549401521863 0.021784693531983229 0.014993838394234064 0.016482655602111287 0.00097676040434550122 -0.0021290093627033993 0.0099237387725783152 -0.00035940584624603655 -0.0037269641650293272
leaf_weight=27756 320 7357 89 914 699 1319 1356 595 290 38 45 193 5479 589 56 449 5456 207 64 1314 469 436 86 48 36 1638 128 60 654 2818
leaf_count=27756 320 7357 89 914 699 1319 1356 595 290 38 45 193 5479 589 56 449 5456 207 64 1314 469 436 86 48 36 1638 128 60 654 2818
internal_value=-0.00227599 -0.00326176 0.00749552 0.00595637 -0.00114918 0.00392052 -0.00034045 0.00320942 -0.00459365 0.0105107 0.0138244 0.0249779 -0.00468858 0.0126236 0.000264202 -0.000215936 -0.00104876 0.00539755 0.0146154 0.0022161 -0.00255303 -0.000247935 0.0275069 0.0242531 0.0339344 0.0019011 0.00473725 0.00668959 0.00218905 -0.00207137
internal_weight=60958 55372 5586 5134 21411 3548 13585 3228 33961 1586 672 452 33235 627 10068 8058 5783 327 120 2633 7826 726 363 241 122 2275 637 509 2010 3517
internal_count=60958 55372 5586 5134 21411 3548 13585 3228 33961 1586 672 452 33235 627 10068 8058 5783 327 120 2633 7826 726 363 241 122 2275 637 509 2010 3517
cat_boundaries=0 1 2 3 4 5
cat_threshold=321 4 8576 28690 56
is_linear=0
shrinkage=0.05


Tree=36
num_leaves=31
num_cat=2
split_feature=19 15 19 15 3 15 3 16 9 3 10 21 10 4 4 19 9 4 3 20 4 3 20 19 10 15 1 3 3 1
split_gain=218.413 65.2096 49.2896 18.0279 14.1446 9.82904 9.55973 10.7444 7.63377 5.69979 4.94447 4.82533 4.40607 5.09618 4.07466 4.04631 5.4065 3.90329 3.86278 3.83087 3.82427 3.47121 3.45863 3.4372 3.32193 3.56166 3.82807 3.11426 10.2598 5.11665
threshold=5.175662303572496 3.8919418764695686 6.7675469401803143 6.0061243209059318 1.0000000180025095e-35 4.4748027294980863 5.5000000000000009 0.17557432855736216 1.0000000180025095e-35 1.0000000180025095e-35 6.863384981551234 6.9426395642594496 4.2143470814835746 9.5000000000000018 11.500000000000002 3.5070362416689993 1.0000000180025095e-35 9.5000000000000018 2.5000000000000004 0.23575218616614071 7.5000000000000009 1.0000000180025095e-35 0.30999332304362531 3.4206309845815674 4.9589909993432917 5.3469972434114252 0 1.5000000000000002 3.5000000000000004 1
decision_type=10 8 10 8 2 8 2 10 2 2 8 8 8 2 2 10 2 2 2 8 2 2 10 8 8 8 1 2 2 1
left_child=1 15 3 9 12 8 -5 -8 27 14 -4 -11 -3 -14 -2 -1 -17 18 -12 -15 -13 -18 -9 -7 -25 -26 -27 -6 29 -29
right_child=2 4 10 6 5 23 7 22 -10 11 17 20 13 19 -16 16 21 -19 -20 -21 -22 -23 -24 24 25 26 -28 28 -30 -31
leaf_value=-0.035240611833195871 0.0062989921952617796 -0.0023449191751113208 0.016419893704643335 0.0076896445993846173 -0.01399838411292716 -0.060977275572595226 0.0094406487371300474 0.01732509335168957 -0.0048396935040319645 0.0060023479532678621 0.013739932821730083 0.0010005004958247438 0.0015347021972411021 0.0074912513012982797 0.010877514730679817 0.0036114897396871239 -0.0016571368801963566 0.020344028060982629 0.022210419395515758 0.00060102150376241577 0.0044747023186374442 -0.012105414874151314 0.019199585757484431 -0.001396575422239927 0.00014198178205595717 0.02491084810917632 0.00022093254144515129 0.013281535155804334 -0.0021330730927491088 0.0022620376307786023
leaf_weight=24758 513 861 107 1237 189 396 202 105 9738 397 97 2114 1933 349 69 477 1096 122 162 170 541 6303 44 4206 3745 253 273 107 606 154
leaf_count=24758 513 861 107 1237 189 396 202 105 9738 397 97 2114 1933 349 69 477 1096 122 162 170 541 6303 44 4206 3745 253 273 107 606 154
internal_value=-0.00225475 -0.00321088 0.00705779 0.00563769 -0.00117058 -0.00167972 0.0100819 0.0173647 -0.00269316 0.00369565 0.0222541 0.00283093 0.00185179 0.0029323 0.00823024 -0.00464761 -0.00366049 0.0249213 0.0214479 0.00733141 0.00206215 -0.00399311 0.0275503 -0.000446862 -0.000234164 0.000748067 0.00460076 0.0013447 0.00261246 0.0109004
internal_weight=61324 55614 5710 5222 22980 19667 1588 351 10794 3634 488 3052 3313 2452 582 32634 7876 381 259 519 2655 7399 149 8873 8477 4271 526 1056 867 261
internal_count=61324 55614 5710 5222 22980 19667 1588 351 10794 3634 488 3052 3313 2452 582 32634 7876 381 259 519 2655 7399 149 8873 8477 4271 526 1056 867 261
cat_boundaries=0 1 2
cat_threshold=1 4
is_linear=0
shrinkage=0.05


Tree=37
num_leaves=31
num_cat=6
split_feature=17 17 17 0 3 3 17 0 3 21 0 4 3 15 1 6 7 1 18 17 1 4 8 4 21 18 17 3 3 4
split_gain=203.984 49.6373 48.6134 19.0564 12.3567 12.3103 9.52383 7.36156 7.34703 6.84142 8.33935 5.22048 5.0721 4.99716 4.96248 4.56076 4.55098 5.72601 4.17143 4.09074 3.78404 4.05999 3.64515 3.56854 3.23334 3.20702 3.59216 3.49161 7.35518 3.14783
threshold=5.0288862528669664 3.7631492991486435 6.6246840048595494 0 5.5000000000000009 1.0000000180025095e-35 6.9178878908645638 1 2.5000000000000004 7.3585123255376939 2 8.5000000000000018 1.0000000180025095e-35 4.2289466311251118 3 1.0000000180025095e-35 2.5000000000000004 4 0.38078518602177597 5.6226606939367292 5 7.5000000000000009 3.5000000000000004 3.5000000000000004 6.8238298961993875 0.52706834992406637 3.22107889818863 4.5000000000000009 5.5000000000000009 10.500000000000002
decision_type=8 10 10 1 2 2 10 1 2 10 1 2 2 8 1 2 10 1 10 10 1 2 2 2 8 10 10 2 2 2
left_child=1 25 3 4 20 -3 18 11 15 10 12 14 24 -9 -7 -8 -14 -18 -4 -19 21 -2 -20 -12 -5 -1 -27 -28 -29 -26
right_child=2 5 6 9 -6 7 8 13 -10 -11 23 -13 16 -15 -16 -17 17 19 22 -21 -22 -23 -24 -25 29 26 27 28 -30 -31
leaf_value=-0.022198986929179477 0.011937665365244522 0.0011920143496036268 0.010851568472462514 0.0092998306724162965 0.016958304486351772 -0.0051762606391277067 0.013500069848952169 -0.0073146218018123451 0.021213728869015663 -0.00082349108039890409 0.0027951320526512034 0.0014425630353530165 0.0037563013347331219 -0.001910973491339493 0.0015139953852932387 -0.0015964383370721553 -0.018534974712615299 0.034944696423220338 0.021354171416445591 0.0072105885073904729 0.0060624391186125705 0.022127150911159257 0.018214650919893518 -0.00083758270264993576 0.0059418205564405286 -0.052039755506524669 -0.0031644958334632782 0.043988421195586561 -0.029790847377092117 0.009983357926306129
leaf_weight=29760 130 3262 367 24 205 2896 57 5999 145 1108 1343 1948 2207 7234 1170 26 34 54 28 36 617 59 71 1162 319 352 196 41 44 96
leaf_count=29760 130 3262 367 24 205 2896 57 5999 145 1108 1343 1948 2207 7234 1170 26 34 54 28 36 617 59 71 1162 319 352 196 41 44 96
internal_value=-0.00228152 -0.00341216 0.00511375 0.00392616 0.0102791 -0.00163246 0.0177666 -0.00211384 0.0261403 0.00289926 0.00365403 -0.000659032 0.00553957 -0.00277241 -0.00167978 0.0142771 0.00463106 0.0139516 0.0136695 0.0205556 0.00759305 0.0137831 0.0227778 0.00154075 0.0104897 -0.0047302 -0.00120853 0.00300712 0.0114706 0.00945783
internal_weight=60990 52902 8088 7394 1011 22509 694 19247 228 6383 5275 6014 2770 13233 4066 83 2331 124 466 90 806 189 99 2505 439 30393 633 281 85 415
internal_count=60990 52902 8088 7394 1011 22509 694 19247 228 6383 5275 6014 2770 13233 4066 83 2331 124 466 90 806 189 99 2505 439 30393 633 281 85 415
cat_boundaries=0 1 2 3 4 5 6
cat_threshold=65 314 17664 2 4 1
is_linear=0
shrinkage=0.05


Tree=38
num_leaves=31
num_cat=1
split_feature=17 19 15 17 3 3 11 15 3 22 3 9 22 20 19 20 6 12 1 5 16 11 15 20 19 16 3 3 3 11
split_gain=186.533 53.2331 43.2965 14.5542 10.8351 10.7296 7.1928 6.1986 6.14214 7.20053 5.76877 5.28519 4.78814 5.20505 4.71162 4.79135 4.40727 4.25653 3.97153 3.9659 3.82311 3.61209 3.27789 3.26429 3.19888 3.18179 3.14689 6.23615 3.05102 2.8772
threshold=4.8918756977063316 6.221232420594963 3.6578604755155895 6.9178878908645638 1.0000000180025095e-35 1.0000000180025095e-35 4.4514359160488262 5.3858881555287166 2.5000000000000004 8.1463259676937962 5.5000000000000009 1.0000000180025095e-35 8.0634244052159101 0.23921015674681909 6.7675469401803143 0.39471388743317015 1.0000000180025095e-35 5.847449563961403 0 1.0000000180025095e-35 0.20024217511175577 6.2436811147474751 4.1851470945032689 0.29641873691418785 6.7675469401803143 0.21016712278446203 1.5000000000000002 3.5000000000000004 1.5000000000000002 3.2676641749753856
decision_type=8 10 8 8 2 2 10 10 2 8 2 2 8 10 10 10 2 10 1 2 10 10 10 10 10 8 2 2 2 10
left_child=2 4 -1 8 16 -4 11 17 14 10 18 20 28 -14 -3 23 19 21 -10 25 -7 -6 -13 -16 -15 -2 -22 29 -5 -28
right_child=1 3 5 12 7 6 -8 -9 9 -11 -12 22 13 24 15 -17 -18 -19 -20 -21 26 -23 -24 -25 -26 -27 27 -29 -30 -31
leaf_value=-0.02598361545373189 0.0079031677689286439 0.005503926780184314 0.00053182723029033662 -0.0028175718560128128 0.00056537036523489435 -0.0065820792503136832 -0.00048511790147779082 0.0040878051464353195 0.0069458732573944503 0.00822676440057446 0.015610922299706937 -0.0074239421576850033 0.018607753936135368 0.00646081494915137 0.015236973106584565 0.017553485110219313 -0.0040605185214327702 0.03240778095722581 0.013646360922639376 0.0002651672594211314 -0.0077123077565607783 0.016402836691829136 -0.0026717750204561094 0.00075699256572815871 0.018688713782826306 0.0059631117173977368 0.002254084416577692 5.0775745397628001e-06 0.013582023039442904 0.01095225264582611
leaf_weight=27513 542 478 3539 23 4782 442 4422 1998 188 300 171 8777 126 20 23 23 151 38 111 160 194 31 5617 47 94 287 107 621 26 156
leaf_count=27513 542 478 3539 23 4782 442 4422 1998 188 300 171 8777 126 20 23 23 151 38 111 160 194 31 5617 47 94 287 107 621 26 156
internal_value=-0.00229375 0.00409658 -0.00348992 0.0123313 0.00241645 -0.00193194 -0.00237412 0.00166521 0.010138 0.0130519 0.0169149 -0.0028698 0.0225086 0.0254167 0.00620841 0.0165054 0.00692982 0.000699855 0.0127258 0.00814459 -6.57907e-05 0.000568251 -0.0031659 0.01 0.0331579 0.00953558 0.00153989 0.00280543 0.0082653 0.00925855
internal_weight=61007 9619 51388 1630 7989 23875 20336 6849 1341 770 470 15914 289 240 571 93 1140 4851 299 989 1520 4813 14394 70 114 829 1078 884 49 263
internal_count=61007 9619 51388 1630 7989 23875 20336 6849 1341 770 470 15914 289 240 571 93 1140 4851 299 989 1520 4813 14394 70 114 829 1078 884 49 263
cat_boundaries=0 1
cat_threshold=4
is_linear=0
shrinkage=0.05


Tree=39
num_leaves=31
num_cat=6
split_feature=17 15 17 17 3 0 3 10 20 20 22 3 0 1 8 15 16 15 20 1 3 10 3 0 3 0 3 15 3 15
split_gain=172.393 48.3715 44.8956 12.5165 9.31684 7.97591 7.21411 6.96031 5.98023 5.82122 5.79013 5.80992 5.0892 14.0103 6.77883 4.66901 3.94392 3.80309 3.35587 3.33886 5.42936 4.61475 3.23283 10.6527 4.04217 5.0254 4.55229 3.22928 3.15154 3.64786
threshold=4.9118171987191985 3.6792459048721899 6.1894746966337371 6.9178878908645638 1.0000000180025095e-35 0 1.0000000180025095e-35 5.2499145928934299 0.37760582121227615 0.23921015674681909 8.0634244052159101 2.5000000000000004 1 2 1.5000000000000002 4.2289466311251118 0.30945627065796083 5.3130000837265898 0.9914006578055915 3 1.5000000000000002 4.4479312383686205 3.5000000000000004 4 4.5000000000000009 5 5.5000000000000009 4.7581106046526864 2.5000000000000004 6.3330339825089217
decision_type=8 8 10 10 2 1 2 8 10 10 8 2 1 1 2 10 8 10 8 1 2 10 2 1 2 1 2 10 2 10
left_child=1 -1 6 8 -3 19 16 -8 28 -5 11 -11 13 14 -9 -7 -2 -15 -16 21 -21 -6 23 -22 -24 26 27 -26 -4 -30
right_child=2 4 3 9 5 15 7 12 -10 10 -12 -13 -14 17 18 -17 -18 -19 -20 20 22 -23 24 -25 25 -27 -28 -29 29 -31
leaf_value=-0.023528307228194968 0.0055988011384097069 0.00068675423172153349 0.0057449642761276763 0.018682618292182519 -0.0038737935706686212 -0.0070559142721302332 -0.00040595654145107914 0.03387194976056232 0.013536543996695807 -0.0016222399208976044 0.018196438084446466 0.019549828118736796 0.0022169720298974142 -0.0019099210902788271 0.0023896282281933149 -0.0021292575921979247 -0.0049773549897461199 0.0044313314458126916 0.02629195978791667 -0.007215431363836739 0.011347099676739227 0.0011459863144542071 -0.012148029832712704 -0.0010378215935681983 0.015824905817679164 -0.00046555663576995421 0.0018773148614402949 0.010682516354016207 0.011560240053095146 0.011211060165855347
leaf_weight=27967 955 3468 529 87 3192 7413 2320 111 159 24 96 21 3089 242 63 6646 138 796 25 333 203 1098 320 292 66 408 116 35 251 452
leaf_count=27967 955 3468 529 87 3192 7413 2320 111 159 24 96 21 3089 242 63 6646 138 796 25 333 203 1098 320 292 66 408 116 35 251 452
internal_value=-0.00226176 -0.00339498 0.00398162 0.0115534 -0.00172743 -0.00213995 0.0023976 0.00177851 0.00977354 0.0224123 0.0286879 0.0138889 0.00296348 0.0056656 0.0178643 -0.00279302 0.00616194 0.0033815 0.0075 -0.000619958 0.00120417 -0.00137529 0.00253472 0.00580808 0.000820105 0.00316 0.00909692 0.0172772 0.00859578 0.0107895
internal_weight=60915 51557 9358 1619 23590 20122 7739 6646 1391 228 141 45 4326 1237 199 14059 1093 1038 88 6063 1773 4290 1440 495 945 625 217 101 1232 703
internal_count=60915 51557 9358 1619 23590 20122 7739 6646 1391 228 141 45 4326 1237 199 14059 1093 1038 88 6063 1773 4290 1440 495 945 625 217 101 1232 703
cat_boundaries=0 1 2 3 4 5 6
cat_threshold=314 1345 1 2 8 32
is_linear=0
shrinkage=0.05


Tree=40
num_leaves=31
num_cat=1
split_feature=19 15 15 17 3 17 3 4 18 3 20 15 22 15 18 3 22 3 18 3 15 1 22 16 4 10 10 22 10 21
split_gain=163.519 50.5013 46.9162 12.7607 12.0567 7.9893 7.34056 6.63053 6.35757 6.075 4.67209 4.66571 4.28214 4.45597 3.88929 3.86891 4.10979 4.36978 3.60185 3.52688 7.43704 3.70838 4.69174 3.42286 3.54241 3.39223 3.2869 3.24768 3.10385 3.0048
threshold=4.9489614632067545 3.6069616255242427 6.3330339825089217 6.9178878908645638 1.0000000180025095e-35 4.4230150178392789 1.0000000180025095e-35 7.5000000000000009 0.41688388630935902 2.5000000000000004 0.28893830064179232 5.3469972434114252 7.0610034672085593 6.67651830715086 0.12545847286491588 2.5000000000000004 7.0335327081261996 5.5000000000000009 0.27867358657057523 5.5000000000000009 6.8714462753740619 0 8.1463259676937962 0.21016712278446203 9.5000000000000018 4.3573494417676164 6.863384981551234 7.2927725840299074 5.6901905068651129 7.0418489178672781
decision_type=10 8 8 10 2 8 2 2 8 2 10 10 8 10 10 2 10 2 10 2 8 1 8 10 2 10 10 10 10 8
left_child=1 -1 6 7 -3 10 23 15 12 -5 25 -8 13 -9 -11 -4 -17 18 -18 21 -21 22 27 24 29 -6 -15 -14 -7 -2
right_child=2 4 3 9 5 28 11 8 -10 14 -12 -13 19 26 -16 16 17 -19 -20 20 -22 -23 -24 -25 -26 -27 -28 -29 -30 -31
leaf_value=-0.026365942827326006 0.0072835065564630279 0.00096359071110799449 5.3636052463299167e-05 0.0096183656251605035 -0.0061082196567771811 -0.001207821245984012 0.00072164751833317181 0.017573341266372888 0.014978528681913473 0.023127564196465056 -0.00097953201512681622 0.0035824273979537012 0.0059464359380574242 0.0039288721314444186 0.017375420956185033 0.0053101768996548877 0.0056346917501799024 0.010981228296996015 -0.00047956642144774645 0.016274345020257368 0.0043931910520549552 0.0042567546178582669 0.0075136537429695716 0.0019879870984345943 0.0064112144995324962 -0.00097951265887381888 0.020062981700534031 0.021242890405975524 0.012068611945863176 0.0044998777834793051
leaf_weight=26648 119 3834 201 80 11881 7037 3415 30 142 20 1847 2305 24 43 140 193 60 54 41 83 56 245 134 347 102 1508 20 47 38 419
leaf_count=26648 119 3834 201 80 11881 7037 3415 30 142 20 1847 2305 24 43 140 193 60 54 41 83 56 245 134 347 102 1508 20 47 38 419
internal_value=-0.00230827 -0.00333501 0.00420673 0.011863 -0.00177376 -0.00221886 0.00236544 0.0100036 0.0128398 0.0225 -0.00286361 0.00167832 0.0108358 0.0208065 0.028125 0.00574681 0.00893678 0.015 0.00886138 0.00926146 0.016223 0.00711111 0.0120732 0.00634752 0.00851562 -0.00318881 0.013254 0.0224648 -0.00083039 0.00689591
internal_weight=61113 52793 8320 1613 26145 22311 6707 1373 824 240 15236 5720 682 93 160 549 348 155 101 589 139 450 205 987 640 13389 63 71 7075 538
internal_count=61113 52793 8320 1613 26145 22311 6707 1373 824 240 15236 5720 682 93 160 549 348 155 101 589 139 450 205 987 640 13389 63 71 7075 538
cat_boundaries=0 1
cat_threshold=1
is_linear=0
shrinkage=0.05


Tree=41
num_leaves=31
num_cat=6
split_feature=17 17 17 17 3 9 10 10 0 3 22 1 0 8 3 4 18 3 4 0 4 22 3 20 16 3 0 22 3 1
split_gain=152.996 49.2937 36.4736 11.7452 10.1593 10.0193 7.74711 6.60976 6.43815 6.11239 8.51596 5.92567 7.79605 9.39303 5.47314 5.39115 6.78903 4.89222 4.74428 6.78207 6.07182 5.30351 4.61537 4.5907 3.83258 3.68898 9.28058 3.60631 3.55986 5.2545
threshold=4.9118171987191985 3.6012286823152846 6.1894746966337371 6.9178878908645638 1.0000000180025095e-35 1.0000000180025095e-35 4.1720766135341369 5.3334431393934336 0 3.5000000000000004 8.1463259676937962 1 2 1.5000000000000002 1.5000000000000002 9.5000000000000018 0.38078518602177597 2.5000000000000004 9.5000000000000018 3 2.5000000000000004 7.5532848675795057 2.5000000000000004 0.23921015674681909 0.15847548689142002 3.5000000000000004 4 7.8879552508210917 4.5000000000000009 5
decision_type=8 10 10 10 2 2 8 8 1 2 8 1 1 2 2 2 10 2 2 1 2 10 2 10 10 2 1 10 2 1
left_child=1 -1 7 9 -3 14 -7 -2 -9 15 28 12 13 -10 -6 24 -17 27 20 21 -8 -20 -5 -24 -4 26 -16 -13 29 -11
right_child=2 4 3 22 5 6 18 8 11 10 -12 17 -14 -15 25 16 -18 -19 19 -21 -22 -23 23 -25 -26 -27 -28 -29 -30 -31
leaf_value=-0.025514207003403545 0.00050966720888293482 0.000725647911868994 0.015322531080707642 0.010604378728473857 -0.0059736179812669571 -0.007158866390191517 -0.00028379503213875259 -0.0019674699559100342 0.036271913543110261 0.002514573943929262 0.0064808853128565701 0.0041510664643952854 0.0072429894001433742 0.0054688357678383884 0.011027865582865528 0.0088662570919133109 0.019355366648585982 0.001642904417578315 0.0013370340371826684 -0.0024480358901858585 -0.0044197922692735103 0.0042749718901253309 0.015979445306644191 0.019243770366510492 0.0030300661016519036 0.0012314626972348905 0.00019578086660870911 0.021347851418995492 0.013475649522815436 0.0088659722689783983
leaf_weight=26582 3074 3646 198 75 363 6884 2591 588 79 86 205 1795 235 64 214 127 29 1864 1149 1721 6928 105 64 85 498 1008 299 21 185 55
leaf_count=26582 3074 3646 198 75 363 6884 2591 588 79 86 205 1795 235 64 214 127 29 1864 1149 1721 6928 105 64 85 498 1008 299 21 185 55
internal_value=-0.00225077 -0.00331812 0.00364158 0.0104947 -0.00171993 -0.00213809 -0.00247652 0.00221502 0.00340508 0.0087744 0.0129849 0.00410767 0.0100794 0.0188562 0.00134289 0.00615023 0.0145513 0.00350543 -0.00173443 8.40217e-06 -0.00227913 0.00279272 0.0211161 0.0262081 0.00426724 0.00265943 0.00611111 0.00535242 0.0180061 0.0120213
internal_weight=60817 51490 9327 1607 24908 21262 19378 7720 4646 1383 531 4058 378 143 1884 852 156 3680 12494 2975 9519 1254 224 149 696 1521 513 1816 326 141
internal_count=60817 51490 9327 1607 24908 21262 19378 7720 4646 1383 531 4058 378 143 1884 852 156 3680 12494 2975 9519 1254 224 149 696 1521 513 1816 326 141
cat_boundaries=0 1 2 3 4 5 6
cat_threshold=6684 1 321 8474 8 4
is_linear=0
shrinkage=0.05


Tree=42
num_leaves=31
num_cat=1
split_feature=15 19 15 19 17 3 9 4 18 4 3 18 22 3 20 4 0 4 7 17 20 22 3 22 14 4 4 5 16 22
split_gain=143.743 66.549 22.3166 17.1502 9.2376 8.5943 9.77377 8.14188 7.2523 6.95219 4.54255 5.0461 3.65258 4.70587 6.10163 3.58468 6.19557 4.23306 4.26284 3.76512 4.46718 4.16665 3.51203 3.48966 3.4421 3.15375 6.03624 3.50488 3.57647 3.28517
threshold=4.2492330197457377 5.7998686218808322 3.4569125994163072 6.8973898855664819 5.0288862528669664 1.0000000180025095e-35 1.0000000180025095e-35 7.5000000000000009 0.41688388630935902 9.5000000000000018 2.5000000000000004 0.20185239069713845 8.1463259676937962 3.5000000000000004 0.30999332304362531 8.5000000000000018 0 2.5000000000000004 14.500000000000002 4.3809986435628465 0.31442048973412534 7.5650061734369833 1.5000000000000002 7.9556151798710015 3.7693060380574024 10.500000000000002 3.5000000000000004 1.0000000180025095e-35 0.2010799832459246 7.9148106124164155
decision_type=8 10 10 10 10 2 2 2 10 2 2 8 10 2 10 2 1 2 10 8 10 8 2 10 8 2 2 2 10 10
left_child=2 4 -1 7 15 -4 22 -3 12 10 -5 -12 13 -9 -15 17 19 -2 -19 20 23 -21 -7 24 -17 26 27 28 -6 -28
right_child=1 3 5 9 25 6 -8 8 -10 -11 11 -13 -14 14 -16 16 -18 18 -20 21 -22 -23 -24 -25 -26 -27 29 -29 -30 -31
leaf_value=-0.030382197729740934 0.00054134533701920523 0.0045484321580222227 0.00016991119482849076 0.0084629318043944191 0.0040160269021527828 -0.0099497980329724747 -0.0063917964937042718 0.0089951229687693056 0.014482783766220614 0.015455656614089364 0.019873193735256311 0.016731448315357247 0.00022599127309766624 0.01028250323502773 0.016741377804198997 -0.0068520087741327333 -0.0031936490350867931 -0.0024608730757890011 0.020280462800254195 0.0038384705215457277 -0.004044786355571389 0.00017105878413376961 0.0050333659941543566 -0.001169581015189677 0.0071629483485474259 0.0032700467742139646 -0.00090163182469606628 -0.00044915302833094982 0.00069304605098671019 0.0041376443149989117
leaf_weight=23879 2554 1492 2433 66 1064 225 12816 434 89 56 44 67 88 179 71 20 1016 7100 164 514 61 1647 974 43 147 847 1950 399 525 28
leaf_count=23879 2554 1492 2433 66 1064 225 12816 434 89 56 44 67 88 179 71 20 1016 7100 164 514 61 1647 974 43 147 847 1950 399 525 28
internal_value=-0.00222341 0.00116743 -0.003961 0.00866976 9.43071e-05 -0.00254378 -0.00301998 0.00738844 0.0112602 0.0216094 0.0167514 0.0229279 0.00970207 0.0109357 0.0164 -0.000586463 0.000800463 -0.00107354 -0.00168915 0.00216626 0.00773063 0.00147848 0.00129691 0.0111905 0.0144611 0.0019707 0.00137922 0.00332495 0.00437697 -0.000576341
internal_weight=60992 20665 40327 2586 18079 16448 14015 2353 861 233 177 111 772 684 250 13266 3448 9818 7264 2432 271 2161 1199 210 167 4813 3966 1988 1589 1978
internal_count=60992 20665 40327 2586 18079 16448 14015 2353 861 233 177 111 772 684 250 13266 3448 9818 7264 2432 271 2161 1199 210 167 4813 3966 1988 1589 1978
cat_boundaries=0 1
cat_threshold=25010
is_linear=0
shrinkage=0.05


Tree=43
num_leaves=31
num_cat=2
split_feature=19 19 17 19 3 1 3 9 11 4 3 4 4 3 11 22 17 20 3 3 1 20 17 21 11 19 21 20 19 12
split_gain=142.237 51.0012 31.2141 14.9386 9.47477 10.6514 7.8957 8.04336 7.6731 6.00816 7.5476 6.97822 5.32035 5.63001 5.30398 4.12023 4.27803 4.0469 4.02818 5.31356 6.42759 4.31956 3.71235 3.61507 3.41906 2.77459 2.64437 2.61836 2.54602 2.52955
threshold=4.4109106075456959 5.7998686218808322 3.4901666301183458 6.7675469401803143 5.5000000000000009 0 1.0000000180025095e-35 1.0000000180025095e-35 4.765160831526714 9.5000000000000018 1.0000000180025095e-35 2.5000000000000004 9.5000000000000018 2.5000000000000004 4.1263272823678223 6.8800161457020499 6.9178878908645638 0.18173927266263612 1.5000000000000002 3.5000000000000004 1 0.74679248621259686 3.7146759534172795 7.3300774504429578 6.576190629359485 4.9489614632067545 6.8951763685906764 0.24429961809192768 6.6279510328210458 4.9701604012907392
decision_type=8 10 10 10 2 1 2 2 8 2 2 2 2 2 10 10 8 10 2 2 1 10 10 8 10 10 10 8 10 8
left_child=2 8 -1 4 26 -6 -4 18 -2 11 23 -10 13 -5 -9 16 -14 -7 -8 20 21 -20 -21 25 -19 -11 28 29 -3 -25
right_child=1 3 6 12 5 17 7 14 9 10 -12 -13 15 -15 -16 -17 -18 24 19 22 -22 -23 -24 27 -26 -27 -28 -29 -30 -31
leaf_value=-0.027987412165000714 -0.0013837257029368157 0.0053801475375124556 0.00022816561545230051 0.0077324724431813282 0.012468792517295471 -0.0045221671534952865 -0.011618418887956547 -0.0062068987205112216 0.002367140521022602 0.0099499933478404308 0.0019252312737169507 -0.00023699110315046797 0.0059378556804686039 0.016276778146526834 -0.0019165270028682476 0.014682873783384887 0.0129331004558145 0.0061336640759175037 0.01145024398751027 0.027758263040841658 0.0017705363348419563 0.0011015796367051852 -0.0023214299724994957 0.0047499782825935815 0.014034564411744261 0.0083001261599600588 0.0032448968531632264 -0.0030658278523637153 0.014063445184400326 0.0094053385131103659
leaf_weight=24865 4160 751 2944 121 135 64 275 11330 2029 21 1777 5617 43 195 3775 70 39 207 88 79 259 33 774 76 28 64 838 58 89 85
leaf_count=24865 4160 751 2944 121 135 64 275 11330 2029 21 1777 5617 43 195 3775 70 39 207 88 79 259 33 774 76 28 64 838 58 89 85
internal_value=-0.00224663 0.00172253 -0.00371798 0.00817829 0.00638731 0.0129723 -0.0022235 -0.00264642 0.00052315 0.00129176 0.00367371 0.000643473 0.0162607 0.0125633 -0.00299404 0.0239474 0.0163415 0.00770903 0.000835543 0.00205596 0.00697368 0.0164876 -0.000134819 0.0109539 0.0107447 0.0197059 0.00468415 0.00755708 0.00666667 0.0108385
internal_weight=60889 16467 44422 2580 2112 434 19557 16613 13887 9727 2081 7646 468 316 15105 152 82 299 1508 1233 380 121 853 304 235 85 1678 219 840 161
internal_count=60889 16467 44422 2580 2112 434 19557 16613 13887 9727 2081 7646 468 316 15105 152 82 299 1508 1233 380 121 853 304 235 85 1678 219 840 161
cat_boundaries=0 1 2
cat_threshold=4 4
is_linear=0
shrinkage=0.05


Tree=44
num_leaves=31
num_cat=5
split_feature=19 19 17 17 3 0 10 3 3 1 16 0 4 18 18 1 3 19 18 18 3 17 4 3 20 10 0 4 17 21
split_gain=129.308 43.3916 33.2142 14.9113 8.83483 8.33234 7.16561 6.22452 4.65657 8.03933 5.23783 4.39192 4.42776 4.23318 4.15489 3.79803 4.08841 6.27034 3.73535 3.69801 3.68452 3.66334 3.37659 5.24903 3.49091 3.2869 3.23003 2.72071 2.9936 2.59578
threshold=4.3985116868594849 5.7998686218808322 3.4448044581610175 6.7504783557224748 1.0000000180025095e-35 0 5.1645001779740367 1.0000000180025095e-35 4.5000000000000009 1 0.19656600021641632 2 2.5000000000000004 0.24940260553609722 0.16879407067728303 3 4.5000000000000009 4.7444378396016313 0.19389451279843228 0.29772930221405935 1.5000000000000002 4.0961710432832144 9.5000000000000018 3.5000000000000004 0.2130441960976632 4.0698807254103899 4 10.500000000000002 3.4901666301183458 6.9851790688787379
decision_type=8 10 10 10 2 1 10 2 2 1 10 1 2 10 8 1 2 8 10 10 2 10 2 2 10 10 1 2 10 10
left_child=2 6 -1 8 27 13 7 14 29 -10 -11 15 -13 25 -2 -9 -17 -18 -12 -19 -15 -22 23 -5 -24 -6 -14 -4 -29 -3
right_child=1 3 4 22 5 -7 -8 11 9 10 18 12 26 20 -16 16 17 19 -20 -21 21 -23 24 -25 -26 -27 -28 28 -30 -31
leaf_value=-0.028175480140124699 0.0049270444986768058 0.0056987567368476273 -0.00030831362304208244 0.012866387200966264 -0.0051846473690708994 -0.0060496058513163364 0.0019816674201910286 0.030434159684996989 0.01096660790895216 0.0048240541309830867 0.0087811333534246749 0.0009699974825905681 -0.00034045017779234937 -0.0068906957973564253 0.00087826674902071248 -0.0022425211473188693 0.017140183023389603 -0.0029782980411568703 0.0058136647498409719 0.013926909260448301 0.004895315617659218 -0.0010569784191578591 0.010396900050532443 0.01763194908376144 0.012454073686823518 -0.00069615198571038256 -0.003297415637563013 0.0051074030890493061 0.001937585614933293 0.0025100330760658173
leaf_weight=24267 494 925 2474 193 4317 8601 2591 86 129 283 20 1847 3955 377 1177 437 47 103 90 50 962 673 22 146 110 2136 3360 32 490 670
leaf_count=24267 494 925 2474 193 4317 8601 2591 86 129 283 20 1847 3955 377 1177 437 47 103 90 50 962 673 22 146 110 2136 3360 32 490 670
internal_value=-0.00225534 0.00148939 -0.00366904 0.00744204 -0.00216379 -0.00260342 0.000400437 -0.0001324 0.00565186 0.00975096 0.00619593 -0.000609511 -0.00090602 -0.00148378 0.00269 0.00311732 0.00182888 0.00775 0.0154545 0.00284314 0.000516897 0.00154434 0.0154883 0.0128466 0.0222727 -0.00210987 -0.00145933 0.000340453 0.00362069 0.00431034
internal_weight=61064 16735 44329 2588 20062 17066 14147 11556 2117 522 393 9885 9162 8465 1671 723 637 200 110 153 2012 1635 471 339 132 6453 7315 2996 522 1595
internal_count=61064 16735 44329 2588 20062 17066 14147 11556 2117 522 393 9885 9162 8465 1671 723 637 200 110 153 2012 1635 471 339 132 6453 7315 2996 522 1595
cat_boundaries=0 1 2 3 4 5
cat_threshold=4922 4 1249 1 16642
is_linear=0
shrinkage=0.05


Tree=45
num_leaves=31
num_cat=0
split_feature=15 19 15 17 3 19 20 4 3 8 3 5 3 3 4 4 11 4 3 20 5 18 16 10 21 17 20 18 6 17
split_gain=125.415 42.0465 25.2631 10.8207 8.7 7.90625 7.45252 5.80015 5.73093 11.1922 4.46676 4.42227 4.12555 3.96059 3.81733 3.80624 3.591 3.57016 3.55146 3.46662 3.38687 3.30666 3.95343 2.47134 2.39606 2.39157 3.79376 2.63718 2.3246 3.23319
threshold=4.2289466311251118 6.221232420594963 3.4411494780650762 5.1745259913720156 1.0000000180025095e-35 6.7675469401803143 0.29641873691418785 9.5000000000000018 5.5000000000000009 3.5000000000000004 2.5000000000000004 1.0000000180025095e-35 1.0000000180025095e-35 1.0000000180025095e-35 8.5000000000000018 1.5000000000000002 6.2436811147474751 8.5000000000000018 1.5000000000000002 0.12680550947762625 1.0000000180025095e-35 0.1693104362854235 0.13421526936873684 2.4203582520096725 6.8238298961993875 6.9178878908645638 0.23921015674681909 0.18850333311877435 1.0000000180025095e-35 6.4529511674468329
decision_type=8 10 10 10 2 10 10 2 2 2 2 2 2 2 2 2 10 2 2 10 2 8 10 8 8 8 10 8 2 10
left_child=2 3 -1 12 -4 8 14 10 19 -10 -7 13 21 24 -6 -14 17 -17 -8 -3 -9 22 -2 -20 -5 -12 27 -27 -11 -30
right_child=1 5 4 11 6 7 18 20 9 28 25 -13 15 -15 -16 16 -18 -19 23 -21 -22 -23 -24 -25 -26 26 -28 -29 29 -31
leaf_value=-0.026859594597403703 0.0002592818247392716 0.011232691386401719 0.00029173397787524987 0.0085621983273925176 -0.0076040344568482649 0.0022731394793110197 -0.0083504027811568925 0.014392030574687227 0.0044192521974100851 0.0092268639804808771 0.011840766215151045 -0.0016171644181076064 0.0013433868113876786 0.002344384984169447 -0.0036240684695960108 -0.0019203005733225487 0.010500027492236368 0.00020427291460785904 0.049333135553011935 0.0044111454267846874 0.010991217937554393 0.00052047823958977272 0.0055950277568690317 0.0015414508243575909 0.0044944638164697683 -0.0030925771935858219 0.017113462455042115 0.0035241992177289295 0.013439769128053905 0.011317299214243716
leaf_weight=23798 323 20 2380 34 7575 126 264 100 123 58 76 584 1315 2912 4813 8554 27 3244 21 861 51 1474 325 1116 505 26 56 34 27 66
leaf_count=23798 323 20 2380 34 7575 126 264 100 123 58 76 584 1315 2912 4813 8554 27 3244 21 861 51 1474 325 1116 505 26 56 34 27 66
internal_value=-0.0022548 0.000881649 -0.00389659 0.000231382 -0.00237151 0.00860837 -0.00285336 0.0140832 0.00638528 0.0127007 0.0102516 0.00253408 -0.000377409 0.00321501 -0.00324427 -0.000707764 -0.000991545 -0.00103323 0.000603139 0.00442111 0.0221523 0.00166824 0.00464506 0.00181618 0.00715213 0.0150521 0.019569 0.0108333 0.0218212 0.0267204
internal_weight=60888 20921 39967 19297 16169 1624 13789 469 1155 274 318 4035 15262 3451 12388 13140 11825 11798 1401 881 151 2122 648 1137 539 192 116 60 151 93
internal_count=60888 20921 39967 19297 16169 1624 13789 469 1155 274 318 4035 15262 3451 12388 13140 11825 11798 1401 881 151 2122 648 1137 539 192 116 60 151 93
is_linear=0
shrinkage=0.05


Tree=46
num_leaves=31
num_cat=1
split_feature=15 19 15 19 15 3 9 4 10 3 22 8 3 5 22 4 4 20 18 22 1 3 22 4 22 21 4 3 3 19
split_gain=125.368 42.9101 16.3366 11.227 10.8875 7.64022 6.30921 6.27046 4.94541 4.74727 9.49454 5.10804 4.51767 3.89423 3.87347 3.60872 5.59185 5.43977 3.56647 3.3918 3.23037 2.96781 2.83838 3.02686 3.03488 4.71496 2.64142 2.58968 2.55169 2.54066
threshold=4.0498552367579128 5.8733478586983567 3.4117806925189247 6.7675469401803143 5.0609166892865858 1.0000000180025095e-35 1.0000000180025095e-35 9.5000000000000018 4.2420456599555605 4.5000000000000009 7.0170562669902381 3.5000000000000004 1.0000000180025095e-35 1.0000000180025095e-35 6.8700249670414779 8.5000000000000018 2.5000000000000004 0.9914006578055915 0.44388055589350456 6.9957956303836344 0 1.0000000180025095e-35 6.8600225336995715 7.5000000000000009 7.817154515001401 7.4958196445301075 10.500000000000002 2.5000000000000004 1.5000000000000002 6.8973898855664819
decision_type=8 10 10 10 10 2 2 2 8 2 10 2 2 2 10 2 2 8 8 10 1 2 10 2 10 10 2 2 2 10
left_child=2 4 -1 9 8 -4 28 18 -2 22 -11 -12 -10 21 29 16 -14 -18 19 27 -19 26 -3 -24 25 -25 -6 -5 -7 -9
right_child=1 3 5 7 13 6 -8 14 12 10 11 -13 15 -15 -16 -17 17 20 -20 -21 -22 -23 23 24 -26 -27 -28 -29 -30 -31
leaf_value=-0.026510724389088126 -0.003578232186352481 0.0058119658977272906 0.00010311822678676918 0.00082234042988139737 0.0037593739617102734 -0.014228616146926063 -0.0067781309925309483 0.0033092233028261275 0.0019166823596609445 0.0044308597209628472 0.0040618807835798576 0.010679909088444356 0.0007269088727581191 -0.0013923228845932993 0.012606424881140077 0.00050605644080776318 -0.0028448848871198886 -0.0032625099681031357 0.010361911685549697 -0.00044143222242841142 0.023468370453333377 0.001831242998130063 -0.00023923249512934806 0.0070478987907106041 0.00021045060395823482 0.019077590810307313 0.0072003897913928659 0.014482463567428258 0.0063309163465354772 0.018293078435809608
leaf_weight=23261 3707 479 1882 69 433 149 9883 52 2024 268 43 144 2393 720 66 3332 6535 94 35 85 198 3300 567 207 166 20 127 136 609 28
leaf_count=23261 3707 479 1882 69 433 149 9883 52 2024 268 43 144 2393 720 66 3332 6535 94 35 85 198 3300 567 207 166 20 127 136 609 28
internal_value=-0.00222923 0.000470111 -0.00413229 0.00688161 -0.000193108 -0.00267628 -0.00319566 0.0137898 -0.000739212 0.00516367 0.00961538 0.018262 -0.000324507 0.0019869 0.0223973 -0.000677981 -0.00118764 -0.00191666 0.00992308 0.00810345 0.00476027 0.00261658 0.00375608 0.0021875 0.0055598 0.00931718 0.00598214 0.0115854 0.00120053 0.015
internal_weight=61012 25228 35784 2365 22863 12523 10641 471 18283 1894 455 187 14576 4580 146 12552 9220 6827 325 290 292 3860 1439 960 393 227 560 205 758 80
internal_count=61012 25228 35784 2365 22863 12523 10641 471 18283 1894 455 187 14576 4580 146 12552 9220 6827 325 290 292 3860 1439 960 393 227 560 205 758 80
cat_boundaries=0 1
cat_threshold=4
is_linear=0
shrinkage=0.05


Tree=47
num_leaves=31
num_cat=1
split_feature=17 19 17 4 3 0 9 21 18 3 4 10 3 4 17 4 4 7 22 18 3 19 18 4 16 17 19 22 16 4
split_gain=114.503 36.3637 27.5067 9.63694 7.43905 6.92836 6.61938 6.12511 5.44765 5.10092 4.47214 4.24865 3.87434 9.05592 4.06922 3.68843 3.47614 3.08902 3.05119 3.03463 2.90775 2.884 2.88058 2.79683 2.62179 3.13214 2.54951 5.67355 2.46154 2.34309
threshold=4.2340608020697994 5.7998686218808322 3.3752564347961651 7.5000000000000009 1.0000000180025095e-35 0 1.0000000180025095e-35 7.4835255518698434 0.41688388630935902 1.0000000180025095e-35 2.5000000000000004 4.0456790075238596 3.5000000000000004 8.5000000000000018 6.9178878908645638 8.5000000000000018 10.500000000000002 13.500000000000002 7.9962054421664908 0.16368352821588047 1.5000000000000002 6.8973898855664819 0.097779792343852492 10.500000000000002 0.2593095314440127 6.7504783557224748 6.3643298203788214 7.6164412619675632 0.54460740460303125 8.5000000000000018
decision_type=8 10 10 2 2 1 2 10 10 2 2 10 2 2 10 2 2 10 8 10 2 10 8 2 10 10 10 10 8 2
left_child=2 5 -1 21 23 22 20 9 12 16 -11 -8 24 -14 -15 17 -7 -12 -13 -16 -6 26 -2 -4 25 -5 27 -3 -10 -9
right_child=1 3 4 8 6 7 11 29 28 10 15 18 13 14 19 -17 -18 -19 -20 -21 -22 -23 -24 -25 -26 -27 -28 -29 -30 -31
leaf_value=-0.026296337957536543 0.0065459371239264584 0.003374573566090288 -0.00086095779692859265 0.0060875247797032052 -0.010439216100006239 0.0026268722063535919 -0.0063086724571744315 -0.0023033715552171537 0.0097602300018232377 0.0019287335612471245 -0.00096083098924166989 -0.0031050017218076978 0.010696439394534333 0.0082081769460864255 0.017378424514019119 0.0014835023124432688 0.0052092339778161472 0.024864918093862532 0.0019340000227818397 0.011846936060003416 0.0043820032298601637 0.015136196573490628 -0.0024947339302140966 0.0037858544204567969 0.0015602248030858947 0.011133865809239368 -0.00015281570915313614 0.012305433551521409 0.012352914008096466 0.0002406446164696526
leaf_weight=23086 25 1066 2138 249 247 1196 10817 2203 52 2049 4995 2067 113 217 20 2224 268 77 592 23 1061 80 3670 457 182 121 388 26 52 1214
leaf_count=23086 25 1066 2138 249 247 1196 10817 2203 52 2049 4995 2067 113 217 20 2224 268 77 592 23 1061 80 3670 457 182 121 388 26 52 1214
internal_value=-0.00222673 0.000816674 -0.00376931 0.00635573 -0.00226682 1.64599e-05 -0.00270022 0.0005177 0.0101118 0.0011014 0.000671481 -0.00302983 0.00889189 0.0128284 0.00769231 9.18299e-05 0.00384563 -0.000652604 -0.00123919 0.0217442 0.000695717 0.0038782 -0.00190958 0.000202311 0.00623188 0.00864865 0.00337838 0.00461538 0.0209615 -0.00132719
internal_weight=60975 20510 40465 2589 17379 17921 14784 14226 1029 10809 9345 13476 925 373 260 7296 1464 5072 2659 43 1308 1560 3695 2595 552 370 1480 1092 104 3417
internal_count=60975 20510 40465 2589 17379 17921 14784 14226 1029 10809 9345 13476 925 373 260 7296 1464 5072 2659 43 1308 1560 3695 2595 552 370 1480 1092 104 3417
cat_boundaries=0 1
cat_threshold=35340
is_linear=0
shrinkage=0.05


Tree=48
num_leaves=31
num_cat=6
split_feature=15 19 15 19 15 3 20 10 0 0 20 6 0 6 7 22 3 1 22 6 20 15 20 1 3 3 22 0 22 20
split_gain=110.244 34.6151 20.2683 8.69499 8.27559 5.72036 7.26466 4.88986 4.84385 4.08586 4.78098 3.5795 3.89861 3.23851 2.82364 3.47789 2.68448 5.56051 4.48808 2.63656 3.84002 3.13204 2.42711 5.2342 2.28957 2.27508 3.71536 2.22989 2.202 2.37541
threshold=4.0498552367579128 5.7998686218808322 3.3790911369959642 6.6279510328210458 4.7793538882125821 1.0000000180025095e-35 0.37760582121227615 6.863384981551234 0 1 0.41599754642998393 1.0000000180025095e-35 2 1.0000000180025095e-35 14.500000000000002 7.9024391682957491 4.5000000000000009 3 7.3869654066411661 1.0000000180025095e-35 0.23921015674681909 6.8714462753740619 0.14250100601520646 4 1.5000000000000002 1.0000000180025095e-35 6.9640298977886435 5 6.8600225336995715 0.11948999318083389
decision_type=8 10 10 10 10 2 10 8 1 1 10 2 1 2 10 8 2 1 8 2 10 10 8 1 2 2 10 1 8 10
left_child=2 4 -1 16 8 -4 27 -5 14 -9 19 12 -10 25 -2 -16 28 18 -18 20 -11 -21 23 -14 -8 26 -6 -7 -3 -30
right_child=1 3 5 7 13 6 24 9 11 10 -12 -13 22 -15 15 -17 17 -19 -20 21 -22 -23 -24 -25 -26 -27 -28 -29 29 -31
leaf_value=-0.025169144560483692 0.00086352083366439164 0.0047694016410001275 8.6759061788743719e-05 0.0066688761556319871 -0.0011725773920091527 -0.0037709662105838066 -0.016297841460109316 0.0037391889599982077 0.00016189767508390692 0.015534073656100168 0.010850122364065021 -0.0033999612644486062 0.0090605966009031126 -0.0021638742339948019 -0.0041308739021315771 0.02641659050625389 0.011480562978911609 0.0044358695717383141 0.0079624489091080185 0.010333272566569424 0.011358843235767857 -0.00085465955190087116 -0.0024839328108952475 -0.0067091496703208997 0.008349579966851128 0.0010029251836341823 0.0043513349449562358 -0.006787315333763322 0.0036221948683241249 0.0024740106249690526
leaf_weight=22906 2040 204 1932 175 209 3635 101 159 4350 92 20 3714 40 992 32 59 32 339 92 108 102 43 5076 68 439 5495 718 6826 21 1212
leaf_count=22906 2040 204 1932 175 209 3635 101 159 4350 92 20 3714 40 992 32 59 32 339 92 108 102 43 5076 68 439 5495 718 6826 21 1212
internal_value=-0.00223343 0.000287097 -0.00401923 0.00575414 -0.000336289 -0.00243679 -0.00287747 0.0105222 -0.00099779 0.0129389 0.0158 -0.00135315 -0.000841201 0.00103588 0.00121205 0.00983516 0.004 0.00731101 0.016371 0.0148551 0.0187113 0.00990066 -0.0017655 0.00564815 0.00277778 0.00144659 0.00373786 -0.00316939 0.00293319 0.00213706
internal_weight=61231 25392 35839 2599 22793 12933 11001 699 15379 524 365 13248 9534 7414 2131 91 1900 463 124 345 194 151 5184 108 540 6422 927 10461 1437 1233
internal_count=61231 25392 35839 2599 22793 12933 11001 699 15379 524 365 13248 9534 7414 2131 91 1900 463 124 345 194 151 5184 108 540 6422 927 10461 1437 1233
cat_boundaries=0 1 2 3 4 5 6
cat_threshold=433 1216 28674 4 2 20506
is_linear=0
shrinkage=0.05


Tree=49
num_leaves=31
num_cat=0
split_feature=15 19 15 4 18 17 3 9 4 4 3 22 3 4 16 19 4 22 20 3 22 17 20 21 11 21 22 20 18 18
split_gain=110.849 31.9583 20.1847 9.23017 7.90042 6.78472 6.75486 5.8416 3.87695 4.76785 3.85508 3.07016 3.00842 3.44729 4.09723 3.02443 3.79577 3.08529 2.9288 2.86976 3.37093 3.33167 3.01414 2.84921 2.768 2.73019 2.56485 2.52505 2.49913 2.84912
threshold=4.0498552367579128 5.7998686218808322 3.3790911369959642 7.5000000000000009 0.41688388630935902 4.6616813552681053 1.0000000180025095e-35 1.0000000180025095e-35 2.5000000000000004 8.5000000000000018 1.0000000180025095e-35 8.2112770302313347 3.5000000000000004 8.5000000000000018 0.21193900777733954 6.7675469401803143 9.5000000000000018 7.8093368026043093 0.43549546574823322 1.0000000180025095e-35 7.6238938917445429 5.2224786970239867 0.25969483435351343 7.4392654507645917 4.58649679096587 6.8951763685906764 6.9047434918550303 0.22807970176922179 0.2342529676416687 0.18850333311877435
decision_type=8 10 10 2 10 10 2 2 2 2 2 10 2 2 8 10 2 8 10 2 8 10 10 8 10 10 8 10 8 10
left_child=2 5 -1 25 11 10 -4 -8 -7 -10 -2 12 15 27 -15 17 -17 23 -6 20 21 22 -11 -5 -12 28 -18 -14 29 -3
right_child=1 3 6 4 18 8 7 -9 9 19 24 -13 13 14 -16 16 26 -19 -20 -21 -22 -23 -24 -25 -26 -27 -28 -29 -30 -31
leaf_value=-0.023723063831635541 0.0013732060084660162 0.0028594167922503301 0.00013645326718059883 0.0041499416594288178 0.011181123034845815 0.0026874949592589356 0.0029953502852823992 -0.0055883830259157684 -0.00052356961597958124 0.010708131434382442 -0.0020455155494233514 -0.0024986862754247867 0.0018693557426600637 0.010815814672294533 0.0085057323395971145 0.0098078085583556129 0.0068728623684236661 -0.00050421221929284222 0.011225431338532252 0.0013621555932854142 -0.001877581407559838 0.0025496352318599854 -0.0058069015472883255 0.016728630710669001 0.00044417812865947965 0.00059165776469092353 0.01280056907744428 0.0098214085174406704 0.0017496041038209131 0.0077786308111941179
leaf_weight=22904 2095 348 1929 113 63 1756 769 10182 4850 113 10165 88 24 34 156 93 20 178 41 1900 78 107 21 51 1569 640 55 87 288 294
leaf_count=22904 2095 348 1929 113 63 1756 769 10182 4850 113 10165 88 24 34 156 93 20 178 41 1900 78 107 21 51 1569 640 55 87 288 294
internal_value=-0.0022087 0.000329606 -0.00399816 0.00561018 0.00935693 -0.000270152 -0.0024146 -0.00289517 0.00081303 0.000290705 -0.000961387 0.00784761 0.00881011 0.0127741 0.00868421 0.00647059 0.0119643 0.00377193 0.0224038 0.00221045 0.00659874 0.00952282 0.0147761 0.00871951 -0.00131413 0.00321656 0.0203333 0.0197748 0.00494624 0.00668224
internal_weight=61011 25227 35784 2573 1003 22654 12880 10951 8825 7069 13829 899 811 301 190 510 168 342 104 2219 319 241 134 164 11734 1570 75 111 930 642
internal_count=61011 25227 35784 2573 1003 22654 12880 10951 8825 7069 13829 899 811 301 190 510 168 342 104 2219 319 241 134 164 11734 1570 75 111 930 642
is_linear=0
shrinkage=0.05


Tree=50
num_leaves=31
num_cat=3
split_feature=15 19 15 12 4 3 9 18 10 3 17 0 4 3 17 20 4 3 21 18 4 0 5 0 21 22 13 4 20 21
split_gain=109.989 28.6583 19.62 7.41129 7.06886 6.13373 5.95843 4.65371 4.02631 4.08177 3.33545 2.93043 3.45995 2.83604 3.67425 2.97903 2.84967 2.84288 2.67795 2.62514 2.61389 3.06955 2.216 2.05344 2.05258 3.10433 2.44034 2.04706 2.59517 2.26778
threshold=4.0498552367579128 5.7998686218808322 3.3790911369959642 4.7668636845243713 7.5000000000000009 1.0000000180025095e-35 1.0000000180025095e-35 0.41688388630935902 4.1720766135341369 1.0000000180025095e-35 2.9497840272291929 0 1.5000000000000002 2.5000000000000004 6.9178878908645638 0.24160776167348494 8.5000000000000018 5.5000000000000009 6.9851790688787379 0.38078518602177597 8.5000000000000018 1 1.0000000180025095e-35 2 7.0854828791590796 7.0335327081261996 5.2488644483296856 9.5000000000000018 0.9914006578055915 7.6523082194052021
decision_type=8 10 10 10 2 2 2 10 8 2 10 1 2 2 10 10 2 2 10 8 2 1 2 1 8 10 10 2 8 8
left_child=2 3 -1 8 18 -4 -7 13 -2 -10 -5 27 -13 19 16 -16 17 -15 -3 -6 -8 -22 24 -24 25 -12 -27 28 -11 -30
right_child=1 4 5 10 7 6 20 -9 9 11 22 12 -14 14 15 -17 -18 -19 -20 -21 21 -23 23 -25 -26 26 -28 -29 29 -31
leaf_value=-0.022724534140877741 -0.0037093704132732525 0.0038519664426697343 0.00010154487084701458 0.027994020601556965 0.0032981591080915897 0.0029107883028056444 -0.0071268409096311887 0.010715103418384652 0.0019330708349521973 -0.00081818550425105283 0.0014449243879888522 0.0011084305298321509 -0.0024941944877555299 0.0081301546395381175 0.011692252289592128 0.010275023938679784 0.009208095203879026 0.0077401797330369131 0.00023771086967001268 0.0087221085619220359 -0.0011394219788243528 -0.0056067876878865578 0.002839526954513184 -0.0023020992405694491 0.00089310196111908502 0.0041729054472162989 0.0086513354749546741 0.0015903541186314135 -0.010872292265054047 0.019392658711910864
leaf_weight=22871 2712 1083 1911 21 336 748 6154 107 2056 3559 424 929 6238 90 25 57 318 64 490 37 1784 2238 156 619 4249 153 92 1204 43 154
leaf_count=22871 2712 1083 1911 21 336 748 6154 107 2056 3559 424 929 6238 90 25 57 318 64 490 37 1784 2238 156 619 4249 153 92 1204 43 154
internal_value=-0.00221201 0.000316068 -0.00399737 -0.000256315 0.00528001 -0.0024328 -0.00288997 0.00849129 -0.000782777 -0.000445253 0.00130031 -0.000794509 -0.00144002 0.00735167 0.00962094 0.0193902 0.00792373 0.0135065 0.0031691 0.00398123 -0.00320657 -0.00221532 0.00122694 -0.00125807 0.00161854 0.00419282 0.00867347 0.000140844 -0.000433974 0.00515228
internal_weight=60922 25216 35706 22609 2607 12835 10924 1034 16895 14183 5714 12127 7167 927 554 82 472 154 1573 373 10176 4022 5693 775 4918 669 245 4960 3756 197
internal_count=60922 25216 35706 22609 2607 12835 10924 1034 16895 14183 5714 12127 7167 927 554 82 472 154 1573 373 10176 4022 5693 775 4918 669 245 4960 3756 197
cat_boundaries=0 1 2 3
cat_threshold=17843 6170 8224
is_linear=0
shrinkage=0.05


Tree=51
num_leaves=31
num_cat=4
split_feature=19 19 11 4 6 0 5 9 20 4 3 0 3 20 3 1 16 12 11 22 19 4 20 4 0 11 3 8 3 16
split_gain=102.427 35.5302 13.6437 7.088 6.99114 7.93426 4.98099 4.65675 4.39451 4.39418 5.67742 4.11456 4.02343 4.5341 3.47912 3.05089 2.85148 3.59724 2.73438 2.37284 2.77965 2.30107 2.79304 2.28619 3.05693 2.22228 2.17654 2.07654 2.00708 2
threshold=3.4206309845815674 5.7998686218808322 4.2143470814835746 7.5000000000000009 1.0000000180025095e-35 0 1.0000000180025095e-35 1.0000000180025095e-35 0.37760582121227615 8.5000000000000018 5.5000000000000009 1 1.0000000180025095e-35 0.37760582121227615 1.0000000180025095e-35 2 0.20579254240477252 6.576190629359485 7.046951502574438 6.8600225336995715 6.8973898855664819 1.5000000000000002 0.19977119896578269 8.5000000000000018 3 6.576190629359485 5.5000000000000009 4.5000000000000009 1.5000000000000002 0.16385376209859798
decision_type=8 10 8 2 2 1 2 2 10 2 2 1 2 10 2 1 8 10 8 8 10 2 10 2 1 10 2 2 2 10
left_child=-1 2 12 19 5 -4 14 11 9 10 -5 15 -2 23 -7 -6 17 25 -19 -3 -21 22 -16 -14 -25 -11 -10 -22 -15 -12
right_child=1 3 4 8 7 6 -8 -9 26 16 29 -13 13 28 21 -17 -18 18 -20 20 27 -23 -24 24 -26 -27 -28 -29 -30 -31
leaf_value=-0.020473021083583599 -7.882902588947962e-05 0.0044630530282361519 -0.001582589581278102 0.0052734666038830522 -0.00021732593098151566 0.0039332629012840785 -0.00197502386796569 -0.0032739262433180804 0.0095151534482613709 -0.001661336396444617 0.010488068995502066 -2.4308717972628651e-05 -0.0061384045906146137 -0.014597626912059567 0.0043389447392133572 0.029299827890076947 0.0031197831604553184 0.011908175391117723 0.008659532722209146 0.0015427826248254339 0.013591757152928041 0.0006679357929139664 0.00063021754340484768 0.0016906737691428321 -0.0033265269689145721 0.014976271126518887 0.014338477906352814 0.0042298238210499136 0.0071958776941523986 0.0086831451616099214
leaf_weight=23682 1607 245 5320 176 45 1330 1686 4624 151 76 36 1014 6330 116 440 67 418 28 36 1211 36 7621 515 385 3102 32 37 45 429 36
leaf_count=23682 1607 245 5320 176 45 1330 1686 4624 151 76 36 1014 6330 116 440 67 418 28 36 1211 36 7621 515 385 3102 32 37 45 429 36
internal_value=-0.00223126 -0.000594721 -0.00101513 0.00508584 -0.000293885 0.000218187 0.000951559 -0.0018 0.00830409 0.00675418 0.0123387 0.00108348 -0.00238073 -0.00274175 0.00137997 0.0097541 0.00440678 0.00982558 0.0192187 0.00293754 0.00208204 0.00101096 0.00332461 -0.00298818 -0.00196014 0.00425926 0.0152128 0.0110494 0.00169725 0.0241667
internal_weight=60876 37194 34631 2563 22662 16912 11592 5750 1026 838 248 1126 11969 10362 9906 112 590 172 64 1537 1292 8576 955 9817 3487 108 188 81 545 72
internal_count=60876 37194 34631 2563 22662 16912 11592 5750 1026 838 248 1126 11969 10362 9906 112 590 172 64 1537 1292 8576 955 9817 3487 108 188 81 545 72
cat_boundaries=0 1 2 3 4
cat_threshold=36365 1345 4 18
is_linear=0
shrinkage=0.05


Tree=52
num_leaves=31
num_cat=7
split_feature=19 19 10 6 0 4 17 16 16 0 17 18 18 4 22 11 0 19 0 22 1 18 19 1 22 1 4 4 5 4
split_gain=104.706 31.4383 13.757 6.33205 6.6422 6.30718 4.73247 4.64322 3.92724 3.45972 4.35663 3.18726 3.10695 2.86842 3.0365 2.57922 2.4485 2.39342 3.75643 3.92353 3.73802 2.74994 3.06519 2.4994 2.43939 2.32311 2.57312 2.16722 2.15642 2.79054
threshold=3.4920856375674085 5.7998686218808322 4.1720766135341369 1.0000000180025095e-35 0 7.5000000000000009 3.2868912674091288 0.83200656777263282 0.40382029817242554 1 4.266521787157699 0.44388055589350456 0.30286776512357921 8.5000000000000018 7.4582680198718174 3.8210030072102503 2 4.2987280153083072 3 7.0879035308073073 4 0.23344814287128704 4.2554816283074279 5 7.5830452371426995 6 7.5000000000000009 4.5000000000000009 1.0000000180025095e-35 1.5000000000000002
decision_type=8 10 8 2 1 2 10 8 10 1 10 10 10 2 10 8 1 10 1 8 1 10 10 1 10 1 2 2 2 2
left_child=6 2 8 4 -4 -3 -1 16 13 25 -11 -7 15 -2 -15 -6 -5 18 19 -17 -20 23 -23 24 -22 -9 -27 -25 29 -19
right_child=1 5 3 7 12 11 -8 9 -10 10 -12 -13 -14 14 -16 17 -18 28 20 -21 21 22 -24 27 -26 26 -28 -29 -30 -31
leaf_value=-0.023666422489121208 -0.0052553503815658334 0.0025454027332849219 -0.0013225789902295917 -0.0010321300732373006 -0.0041889716038750182 0.0071126722508144547 -0.0046078015594031912 0.008881516082527038 0.0048115423500591963 -0.0041946785589280699 0.011126733202703352 0.0095961586184011519 0.0051775384952474825 0.00072452708855765262 -0.0034902438378379254 0.006479899797594918 -0.0052717618692888985 0.0018867967449942879 -0.0038696288384963405 0.00034368670795119116 0.002375459660231513 0.0086007447865760183 -0.00033350144912416992 0.018682787303641528 0.0040392859851118307 0.025461839645006829 0.030314919481429337 0.0103322434266306 -0.0012091387902724248 0.00064510845010796927
leaf_weight=21861 6526 1568 5441 2902 372 967 3102 41 523 245 38 63 378 1283 2137 107 2522 938 90 1249 231 76 26 23 22 47 38 26 1363 6953
leaf_count=21861 6526 1568 5441 2902 372 967 3102 41 523 245 38 63 378 1283 2137 107 2522 938 90 1249 231 76 26 23 22 47 38 26 1363 6953
internal_value=-0.00214428 -0.000426165 -0.000835939 -0.000155224 0.000325237 0.00487298 -0.00463546 -0.00157981 -0.00233977 0.00355746 0.000290101 0.00791262 0.000988704 -0.00256184 -0.00138889 0.000842627 -0.00196718 0.000979826 0.00262162 0.00122255 0.00630952 0.0084901 0.0155882 0.00609271 0.00409091 0.0100735 0.0155882 0.0164286 0.000651609 0.000968824
internal_weight=61158 36195 33597 23128 17295 2598 24963 5833 10469 409 283 1030 11854 9946 3420 11476 5424 11104 1850 1356 494 404 102 302 253 126 85 49 9254 7891
internal_count=61158 36195 33597 23128 17295 2598 24963 5833 10469 409 283 1030 11854 9946 3420 11476 5424 11104 1850 1356 494 404 102 302 253 126 85 49 9254 7891
cat_boundaries=0 1 2 3 4 5 6 7
cat_threshold=36360 1473 16680 20512 4 2 4
is_linear=0
shrinkage=0.05


Tree=53
num_leaves=31
num_cat=0
split_feature=15 19 3 15 4 9 20 3 4 22 20 4 21 19 7 7 4 4 17 4 14 10 21 3 11 17 17 4 22 17
split_gain=96.9762 31.5734 10.4329 9.69993 8.29603 3.88258 3.82676 4.35729 3.77953 4.29599 3.90446 3.68977 3.42479 2.9989 2.85782 3.01103 2.8704 3.84294 3.7134 2.76388 2.71841 2.61473 2.69858 2.59628 2.58956 2.58828 2.46187 2.81778 2.25776 2.18365
threshold=3.3321867428506171 5.1981435483643859 1.0000000180025095e-35 4.1851470945032689 7.5000000000000009 1.0000000180025095e-35 0.30999332304362531 2.5000000000000004 9.5000000000000018 7.2927725840299074 0.18316000845153305 8.5000000000000018 6.9916366572685495 3.4920856375674085 12.500000000000002 43.500000000000007 2.5000000000000004 8.5000000000000018 4.0961710432832144 3.5000000000000004 3.5070566484845265 3.8033229670845743 7.2060062339413085 1.5000000000000002 5.7927084978359131 5.2522737637064054 6.9178878908645638 8.5000000000000018 7.6453381021304203 3.8083303435622575
decision_type=8 10 2 8 2 2 10 2 2 10 8 2 10 8 10 10 2 2 8 2 10 10 10 2 10 10 10 2 10 8
left_child=-1 2 8 5 12 20 -6 -8 19 10 -10 -7 25 -5 16 -16 28 24 -19 -2 23 -13 -23 -4 -18 -3 27 -9 -15 -12
right_child=1 4 3 13 6 11 7 26 9 -11 29 21 -14 14 15 -17 17 18 -20 -21 -22 22 -24 -25 -26 -27 -28 -29 -30 -31
leaf_value=-0.021102347847514261 0.0017471350476600017 -0.0022693388457662748 -0.019203330580876157 -0.056304151665878245 0.0045688087605772615 -0.0057539846749929948 0.0042562881308339448 0.0072583495953257643 0.0096937923625693024 0.00053847731816547833 0.0092458360477890612 -0.0039169286985142934 -0.00019636592969720751 0.00065234685255362117 0.019918954967559535 0.017833477606842115 -0.0019369465174194527 0.0071096699974206928 7.984632068394356e-05 -0.0010905573190151854 -0.0019664690108853532 0.0023174476901430302 -0.0022188487411067006 0.0073371697430019813 0.0062395190889550419 0.0030139472649173718 0.016256235315002289 0.0088624252435319916 0.010028991416761564 0.0015381816137888249
leaf_weight=22242 1236 232 99 392 1255 7972 155 59 66 724 146 3256 1483 2880 26 112 7208 68 3452 2463 596 609 1332 444 22 2048 40 110 20 228
leaf_count=22242 1236 232 99 392 1255 7972 155 59 66 724 146 3256 1483 2880 26 112 7208 68 3452 2463 596 609 1332 444 22 2048 40 110 20 228
internal_value=-0.00218655 -0.000675523 -0.00124899 -0.00161437 0.00287811 -0.00253285 0.00587091 0.0103846 0.000891424 0.00337629 0.00727273 -0.00277508 0.00159049 -0.000687589 -0.000564985 0.0065942 -0.000637364 -0.00101395 0.000340908 0.000109488 0.000267778 -0.0017385 -0.000285936 0.00282689 -0.00167358 0.00280702 0.0150957 0.0124556 0.000758619 0.00529412
internal_weight=60975 38733 33351 28488 5382 14308 1619 364 4863 1164 440 13169 3763 14180 13788 138 13650 10750 3520 3699 1139 5197 1941 543 7230 2280 209 169 2900 374
internal_count=60975 38733 33351 28488 5382 14308 1619 364 4863 1164 440 13169 3763 14180 13788 138 13650 10750 3520 3699 1139 5197 1941 543 7230 2280 209 169 2900 374
is_linear=0
shrinkage=0.05


Tree=54
num_leaves=31
num_cat=4
split_feature=19 19 15 3 4 0 4 0 9 3 20 6 0 17 6 7 3 4 18 18 19 22 18 0 17 19 3 22 19 20
split_gain=97.0201 25.5045 11.5692 10.1546 6.19312 5.37998 3.63958 4.22709 3.8291 3.54703 3.44282 3.1879 3.00418 3.00413 3.00036 2.91433 2.79271 4.47541 3.21677 3.20209 2.7349 3.54338 3.33494 2.93008 4.39755 2.93713 2.88632 2.88537 3.1141 2.59593
threshold=3.299090838645887 5.580795933134751 4.2289466311251118 1.0000000180025095e-35 7.5000000000000009 0 9.5000000000000018 1 1.0000000180025095e-35 4.5000000000000009 0.37760582121227615 1.0000000180025095e-35 2 3.4901666301183458 1.0000000180025095e-35 211.50000000000003 2.5000000000000004 8.5000000000000018 0.22574665529244506 0.23941655026006151 4.2987280153083072 7.4386413238464133 0.30286776512357921 3 4.3550821619619784 4.0477735893838558 4.5000000000000009 7.3059396759154565 4.2786636355695213 0.21359385934393346
decision_type=8 10 8 2 2 1 2 1 2 2 10 2 1 10 2 10 2 2 10 8 8 8 10 1 8 10 2 10 10 10
left_child=-1 2 3 11 -3 6 8 9 -5 -8 16 13 -4 -2 20 -16 -6 18 -18 29 21 27 -22 -23 25 -25 -24 28 -14 -19
right_child=1 4 12 5 10 -7 7 -9 -10 -11 -12 -13 14 -15 15 -17 17 19 -20 -21 22 23 26 24 -26 -27 -28 -29 -30 -31
leaf_value=-0.020831556054808954 0.0024074560132470559 0.0020574274638817734 -0.0013740396878734633 0.0013871999413997364 0.0023738185698302492 -0.0047859897691013356 0.0044406351681039744 -3.8979918229999923e-05 -0.0050031168275523298 -0.0017811208263221038 0.01050785284417818 -0.0025803080319974549 0.0028978074720838799 0.0012136551888920274 -0.0013600832499487041 0.020598646565720503 0.0045287480959491427 0.0049446983472697607 0.0083794970275448809 -9.3790192571789767e-05 0.00023010687377883018 -0.00038642425597470298 0.0028076568265108966 -0.0039887654904079027 -0.0028673158425367856 0.0066831229258422073 0.011932413738469245 0.0091214596264012002 0.0077069041809594736 0.0087442220550657535
leaf_weight=22131 270 2199 3772 1000 393 9151 69 1733 3608 40 182 1011 139 1476 3581 27 61 71 99 188 8861 504 182 28 64 93 95 25 42 135
leaf_count=22131 270 2199 3772 1000 393 9151 69 1733 3608 40 182 1011 139 1476 3581 27 61 71 99 188 8861 504 182 28 64 93 95 25 42 135
internal_value=-0.00213539 -0.000637997 -0.00102751 -0.00190326 0.00354868 -0.0023976 -0.00128483 0.000591747 -0.00203776 0.00970588 0.0065589 0.000894087 -0.000104234 0.00218786 0.000241373 -0.000995012 0.00534847 0.00763538 0.0146875 0.00477157 0.000686234 0.00332402 0.000427882 0.00160377 0.00679487 0.0127686 0.00583032 0.00907767 0.00687845 0.00907767
internal_weight=61230 39099 35771 18358 3328 15601 6450 1842 4608 109 1129 2757 17413 1746 13641 3608 947 554 160 394 10033 895 9138 689 185 121 277 206 181 206
internal_count=61230 39099 35771 18358 3328 15601 6450 1842 4608 109 1129 2757 17413 1746 13641 3608 947 554 160 394 10033 895 9138 689 185 121 277 206 181 206
cat_boundaries=0 1 2 3 4
cat_threshold=4414 16 35340 20512
is_linear=0
shrinkage=0.05


Tree=55
num_leaves=31
num_cat=6
split_feature=17 19 3 19 10 0 4 17 4 20 13 15 4 4 0 4 4 0 20 0 1 7 17 3 0 19 8 20 21 3
split_gain=95.3404 28.6294 15.6358 13.4609 7.77689 4.21653 3.59822 5.33547 4.01747 3.28208 3.06905 2.85226 3.18149 3.16886 2.61356 2.50799 2.78795 4.09782 3.9081 3.99787 3.76025 4.44256 3.09178 2.50334 2.9493 2.80922 2.48944 2.46109 2.39369 2.59476
threshold=3.2350912840078494 4.6843934102748923 1.0000000180025095e-35 6.5421829244547771 3.9541237218239575 0 9.5000000000000018 3.4901666301183458 3.5000000000000004 0.27871691395946291 6.2540210822950124 5.3858881555287166 8.5000000000000018 2.5000000000000004 1 1.5000000000000002 8.5000000000000018 2 0.9914006578055915 3 4 1.5000000000000002 4.5315947604843929 5.5000000000000009 5 6.8973898855664819 5.5000000000000009 0.18999503396995504 7.3300774504429578 1.0000000180025095e-35
decision_type=8 10 2 10 8 1 2 8 2 10 8 8 2 2 1 2 2 1 8 1 1 10 10 2 1 8 2 8 8 2
left_child=-1 2 6 11 9 -6 8 26 -2 -4 -5 12 13 -3 -10 27 18 22 -17 20 -20 -22 -18 -12 -25 -26 -8 -7 29 -14
right_child=1 3 4 10 5 15 7 -9 14 -11 23 -13 28 -15 -16 16 17 -19 19 -21 21 -23 -24 24 25 -27 -28 -29 -30 -31
leaf_value=-0.022845920310631731 0.0025155841678676238 0.0017828469741009779 -0.0059328824839024403 0.0073814036969709774 -0.00299647344890854 0.0044804184039663273 0.0031305774741454649 0.0022580056858150202 0.000221664453295177 -8.837515870439497e-05 0.0054696126730598279 0.0022411966900767674 0.0081688919535149694 -0.00067276767730472349 -0.0037058555942926178 -0.0023419175738076908 0.0033375312730393744 -0.0011435123624778558 -0.0010598577620220041 -0.0295494641721076 0.0060200196114000189 0.025968467131176495 -0.00059081094154168445 0.011597051553820917 -0.0015812864752011227 0.013972087190530603 0.0074846352898390034 -8.9378772834959474e-06 0.0014624019278903476 0.0048198330420540399
leaf_weight=20785 1126 1241 7829 28 5494 302 92 860 1380 773 685 3216 41 4170 787 5603 714 2782 55 106 73 55 350 109 74 29 67 645 1193 250
leaf_count=20785 1126 1241 7829 28 5494 302 92 860 1380 773 685 3216 41 4170 787 5603 714 2782 55 106 73 55 350 109 74 29 67 645 1193 250
internal_value=-0.00209509 -0.000671461 -0.001494 0.00149692 -0.00197752 -0.00133167 0.00128479 0.00388125 0.000481323 -0.00319228 0.00727027 0.000968746 0.000395213 -0.000167253 -0.000777574 -0.000750352 -0.000989938 5.72011e-05 -0.00167346 0.00399654 0.00821243 0.0133594 0.00268156 0.00676143 0.0115094 0.00384956 0.0122956 0.00170538 0.00244609 0.00651203
internal_weight=60914 40129 29093 11036 24781 16179 4312 1019 3293 8602 925 10111 6895 5411 2167 10685 9738 3846 5892 289 183 128 1064 897 212 103 159 947 1484 291
internal_count=60914 40129 29093 11036 24781 16179 4312 1019 3293 8602 925 10111 6895 5411 2167 10685 9738 3846 5892 289 183 128 1064 897 212 103 159 947 1484 291
cat_boundaries=0 1 2 3 4 5 6
cat_threshold=44036 63489 402 353 4 1
is_linear=0
shrinkage=0.05


Tree=56
num_leaves=31
num_cat=5
split_feature=17 17 17 15 4 20 4 21 5 14 1 22 14 0 1 7 18 18 8 4 15 22 0 20 18 22 20 15 0 18
split_gain=97.6702 25.3057 7.11742 6.7797 6.66048 5.1519 4.82969 3.90855 3.37371 2.83836 2.78461 4.80811 2.82692 2.65626 6.53804 3.82103 2.68351 2.37406 2.27181 2.18916 3.98786 3.09018 2.14562 3.46303 4.71684 2.32061 2.96635 3.76923 2.11412 2.98536
threshold=3.2350912840078494 4.9932779339093747 6.5343007620472831 4.2289466311251118 9.5000000000000018 0.41599754642998393 1.5000000000000002 6.840011483758766 1.0000000180025095e-35 6.6560836357821769 0 7.5796323616643475 3.1548682217568849 1 2 12.500000000000002 0.48701553199783937 0.28521776831708823 5.5000000000000009 8.5000000000000018 4.9629698287255364 7.5900356477558892 3 0.21854257808740443 0.19602568087632102 7.7206433739998763 0.174552095959878 3.8522045163712524 4 0.20710933942900647
decision_type=8 10 10 8 2 10 2 8 2 8 1 10 8 1 1 10 8 10 2 2 8 10 1 10 10 8 10 10 1 10
left_child=-1 3 7 4 5 6 8 -3 22 -4 11 17 -13 14 15 -5 -15 -6 -14 -16 21 -21 23 24 25 26 -2 -28 29 -11
right_child=1 2 9 13 10 -7 -8 -9 -10 28 -12 12 18 16 19 -17 -18 -19 -20 20 -22 -23 -24 -25 -26 -27 27 -29 -30 -31
leaf_value=-0.021703624295100133 -0.0021676334437737833 0.0048344047449009522 0.0015999053409254495 0.012336406015280079 0.00011073792262873401 0.0040011198610615771 -0.0045376410431879266 0.0011990546062783062 -0.0055395978169565391 0.012481742588100898 -0.0019027766369405922 0.008265963184493106 0.0062096108322002783 -0.00028390284835101833 -0.0013080842833712719 0.022420206719547059 -0.010232005744292097 0.0033269355380085835 -0.00031192656444495082 0.0088260337287657392 -0.0052398385296897549 0.0035513715518904749 -0.00040350968732342612 -0.001558982551621031 0.0077469726125805787 -0.00026137957297158999 0.0014058043735384095 0.011778545410030592 0.0036156806213993409 0.0062084143294910514
leaf_weight=20678 30 273 237 181 2460 772 11871 6569 397 176 2799 23 70 10655 999 43 602 36 69 83 129 192 647 199 56 114 26 26 155 368
leaf_count=20678 30 273 237 181 2460 772 11871 6569 397 176 2799 23 70 10655 999 43 602 36 69 83 129 192 647 199 56 114 26 26 155 368
internal_value=-0.00202798 -0.000593314 0.00196837 -0.00120678 -0.00179255 -0.00236526 -0.00259464 0.00140894 8.36108e-05 0.00605769 -0.000308779 0.000850262 0.00919753 -0.000315897 0.00156689 0.00950893 -0.000588889 0.000308492 0.00651079 0.000310049 0.00341584 0.00681818 0.00151184 0.00411063 0.00809524 0.00443877 0.0108537 0.0180769 0.00766094 0.00907942
internal_weight=60935 40257 7778 32479 19595 14138 13366 6842 1495 936 5457 2658 162 12884 1627 224 11257 2496 139 1403 404 275 1098 451 252 196 82 52 699 544
internal_count=60935 40257 7778 32479 19595 14138 13366 6842 1495 936 5457 2658 162 12884 1627 224 11257 2496 139 1403 404 275 1098 451 252 196 82 52 699 544
cat_boundaries=0 1 2 3 4 5
cat_threshold=2 481 1 21544 257
is_linear=0
shrinkage=0.05


Tree=57
num_leaves=31
num_cat=7
split_feature=15 19 3 19 0 3 0 15 6 18 0 4 4 1 20 16 18 16 0 20 19 11 3 3 0 3 3 16 0 20
split_gain=94.3314 20.3979 10.6903 9.86742 6.81938 5.14748 6.48292 4.81734 5.06089 4.37483 4.21019 4.38773 6.52787 4.27323 3.43271 3.2201 3.08556 2.79856 3.61368 2.95923 2.67548 2.55224 2.53467 2.40464 2.59367 2.97035 6.27224 7.10065 2.47533 2.75645
threshold=3.2366990115173526 4.3750751739979075 1.0000000180025095e-35 5.8733478586983567 0 4.5000000000000009 1 3.3790911369959642 1.0000000180025095e-35 0.21023938165642156 2 2.5000000000000004 8.5000000000000018 3 0.211733846489326 0.26749809761683452 0.22752425059376871 0.08137023754284288 4 0.30999332304362531 3.7056329547551115 3.2676641749753856 1.5000000000000002 3.5000000000000004 5 4.5000000000000009 5.5000000000000009 0.45700099694432722 6 0.23502067271265167
decision_type=8 8 2 10 1 2 1 8 2 10 1 2 2 1 10 10 8 10 1 10 10 10 2 2 1 2 2 10 1 10
left_child=-1 2 7 10 16 17 9 8 14 -7 13 -12 -13 -3 -2 -11 -4 18 -5 -20 -6 -16 -18 28 25 -25 27 -27 -24 -30
right_child=1 3 4 5 20 6 -8 -9 -10 15 11 12 -14 -15 21 -17 22 -19 19 -21 -22 -23 23 24 -26 26 -28 -29 29 -31
leaf_value=-0.02100230870923623 0.0027858635459720119 0.020346476936800518 -0.0021176652158332288 -0.00028292150490452644 -0.0065540252365931849 0.011332657889687715 0.0029614169673811194 0.00023806902543446946 -0.00059905232181016736 0.0031215666597952546 0.0016038694228112174 -0.0010696384932661364 0.0012182306563749794 -0.0016100865582304219 0.0052936874359907904 0.0077467612952440744 -0.0047503891923760602 0.0017202161000137045 0.0088735000805757452 0.014327028877073556 -0.0024619382518681681 0.0075082094757857503 -0.00078356220472643005 -0.0037563953497420839 -0.0016668992167971491 0.0080613141002700631 -0.001401247754282529 0.044279913616773754 -0.0023544662020738337 0.005979506946351471
leaf_weight=20673 141 122 5562 120 5278 52 359 3120 144 73 3130 8381 3169 100 49 92 474 1484 140 38 6336 25 223 130 1073 66 113 42 137 423
leaf_count=20673 141 122 5562 120 5278 52 359 3120 144 73 3130 8381 3169 100 49 92 474 1484 140 38 6336 25 223 130 1073 66 113 42 137 423
internal_value=-0.00205724 -0.000657209 -0.0016211 0.000646001 -0.00206904 0.0036514 0.00776042 0.000935612 0.00642061 0.0143833 0.000170446 6.46687e-05 -0.000385283 0.00685345 0.0112791 0.0110606 -0.000965105 0.00232323 0.00674497 0.0109574 -0.00284928 0.02 0.000427078 0.00113955 -8.42709e-05 0.00358726 0.00721719 0.0158333 0.00336526 0.00508772
internal_weight=61269 40596 23336 17260 19857 2358 576 3479 359 217 14902 14680 11550 222 215 165 8243 1782 298 178 11614 74 2681 2207 1424 351 221 108 783 560
internal_count=61269 40596 23336 17260 19857 2358 576 3479 359 217 14902 14680 11550 222 215 165 8243 1782 298 178 11614 74 2681 2207 1424 351 221 108 783 560
cat_boundaries=0 1 2 3 4 5 6 7
cat_threshold=4410 1 1217 1 193 34 288
is_linear=0
shrinkage=0.05


Tree=58
num_leaves=31
num_cat=4
split_feature=17 17 3 11 19 0 18 17 4 0 18 0 19 6 20 4 5 4 4 20 22 8 20 4 13 4 17 4 0 21
split_gain=90.9157 18.8996 12.2633 8.07336 5.65762 4.24778 3.00668 2.94307 3.32402 2.85855 2.76141 2.67671 3.05002 2.58517 2.87988 2.44787 2.41404 2.7267 4.3417 2.41558 2.22494 2.13849 1.94749 2.73704 2.5131 1.91426 2.45455 1.88709 1.93005 2.14041
threshold=3.2077925467912709 4.8182055855888093 1.0000000180025095e-35 3.7623615564016326 6.4685105199238286 0 0.38078518602177597 3.4901666301183458 9.5000000000000018 1 0.27592934021199472 2 2.4775397058864321 1.0000000180025095e-35 0.15988533686105186 8.5000000000000018 1.0000000180025095e-35 3.5000000000000004 8.5000000000000018 0.24160776167348494 7.9148106124164155 5.5000000000000009 0.37760582121227615 7.5000000000000009 6.463106358918961 2.5000000000000004 3.3429269330856992 8.5000000000000018 3 7.7619577958985593
decision_type=8 10 2 8 10 1 10 8 2 1 8 1 8 2 10 2 2 2 2 10 10 2 10 2 10 2 10 2 1 8
left_child=-1 2 7 6 16 -5 -4 8 9 25 13 12 -12 14 -7 -14 17 19 21 -3 -18 -19 -6 -24 -25 26 -2 -15 29 -29
right_child=1 4 3 5 22 10 -8 -9 -10 -11 11 -13 15 27 -16 -17 20 18 -20 -21 -22 -23 23 24 -26 -27 -28 28 -30 -31
leaf_value=-0.02062993405204885 0.0035760574559446784 0.002471538758607244 -0.0059815750378623793 -0.0025328325914216799 0.0044057871667978537 0.0019101688167648232 0.0020093441459212436 0.00042287162147411648 0.0072932394067946734 -0.0014413273130046589 -0.11663541676267748 0.00035473366400109757 0.022150906379239058 -0.0040630647316851776 -0.0005702802238251773 0.009347970928875033 -0.0015746531199406827 0.00053718271757561035 0.0027723571854576358 -0.00067494552932315793 0.0030198664233112922 -0.0019309718808845338 -0.0032989723786438262 0.0097896961234073196 0.0051993472018177639 0.0013241296014580614 0.0011610096076976079 0.0058641986536331044 -0.00087251936785549778 0.0042916115393213496
leaf_weight=20300 22 2222 6259 8117 959 747 324 3916 190 254 40 1895 83 2654 5769 54 1115 1783 1529 426 24 1209 24 61 49 182 44 37 678 159
leaf_count=20300 22 2222 6259 8117 959 747 324 3916 190 254 40 1895 83 2654 5769 54 1115 1783 1529 426 24 1209 24 61 49 182 44 37 678 159
internal_value=-0.00205603 -0.000696266 -0.00128469 -0.00169414 0.00127061 -0.00119928 -0.0032151 0.00109809 0.00410405 0.00197211 -0.000604487 0.00105695 0.0067647 -0.000947831 -0.000357583 0.0106934 0.000825709 0.00116543 0.000419154 0.00243958 -0.00131256 -0.000688504 0.00465233 0.0102985 0.0136364 0.00565891 0.0131818 -0.00203798 -2.28845e-05 0.0042233
internal_weight=61125 40825 31424 26816 9401 20233 6583 4608 692 502 12116 2072 177 10044 6516 137 8308 7169 4521 2648 1139 2992 1093 134 110 248 66 3528 874 196
internal_count=61125 40825 31424 26816 9401 20233 6583 4608 692 502 12116 2072 177 10044 6516 137 8308 7169 4521 2648 1139 2992 1093 134 110 248 66 3528 874 196
cat_boundaries=0 1 2 3 4
cat_threshold=44549 10249 320 258
is_linear=0
shrinkage=0.05


Tree=59
num_leaves=31
num_cat=2
split_feature=15 19 3 10 15 3 0 15 0 8 18 4 4 22 12 19 16 16 18 4 4 4 4 18 4 12 5 19 17 18
split_gain=90.1303 20.6436 13.8225 7.90146 7.33603 5.27173 4.97282 4.2597 3.74424 3.48238 3.45846 3.43589 4.70868 3.50798 2.94597 3.72124 2.57673 3.20231 2.38551 2.36551 2.53346 2.35278 2.38636 2.33198 2.26612 2.18094 2.15545 2.102 2.07774 1.85243
threshold=3.1556169387095263 4.6843934102748923 1.0000000180025095e-35 3.7123510648765321 6.0061243209059318 5.5000000000000009 0 3.3790911369959642 1 5.5000000000000009 0.25191135374732038 2.5000000000000004 9.5000000000000018 7.4424803299715094 4.2231771657130812 3.9867310826263345 0.20253293354406279 0.19581454868989626 0.38078518602177597 9.5000000000000018 3.5000000000000004 7.5000000000000009 8.5000000000000018 0.17365979338305623 7.5000000000000009 5.2890240331101435 1.0000000180025095e-35 3.2704297058390699 4.6989911478179476 0.52706834992406637
decision_type=8 10 2 8 8 2 1 8 1 2 10 2 2 10 10 10 10 10 10 2 2 2 2 10 2 10 2 8 10 10
left_child=-1 2 7 14 19 16 9 11 -5 10 -7 -2 -13 23 -4 -16 17 18 -6 20 26 -12 -23 -14 -11 27 -3 -10 -21 -22
right_child=1 4 3 8 5 6 -8 -9 25 24 21 12 13 -15 15 -17 -18 -19 -20 28 29 22 -24 -25 -26 -27 -28 -29 -30 -31
leaf_value=-0.022242225210316758 0.0095039476946515052 0.0016735985934169828 -0.0060119491539100652 -0.0026964244462459536 0.0031270476961450079 0.013028212054283329 0.0044672350123208301 0.0004235964162525971 -0.010662012645780136 -0.00099141098709305017 0.0011885543692164548 0.0010878887658260889 0.0027683731261599017 0.00036428264643110608 0.014963342248861129 -0.0018787557198652804 0.00014530655957871122 0.0029246735007917705 0.016114485725407874 0.0077210167982570202 -0.00082397767060059593 0.0063357033134171514 0.0062806462815378772 0.011488842083537456 0.0069102472294384322 0.026637643514924765 -0.0013376691965963003 -0.00071915917395331695 0.0018166822329901758 0.0038691248723993904
leaf_weight=18999 81 2534 6309 7458 790 56 256 4023 406 43 30 357 26 43 38 77 765 21 45 26 4025 22 20 50 56 23 665 12039 1757 35
leaf_count=18999 81 2534 6309 7458 790 56 256 4023 406 43 30 357 26 43 38 77 765 21 45 26 4025 22 20 50 56 23 665 12039 1757 35
internal_value=-0.00202579 -0.0007351 -0.00139994 -0.00184061 0.00110981 0.00376901 0.00835404 0.00113537 -0.00134899 0.0135654 0.0196094 0.00523339 0.00361344 0.0122269 -0.00336551 0.00456522 0.00240284 0.00428738 0.00380239 0.000491041 9.02316e-05 0.0123611 0.02 0.0186842 0.00712121 -0.000816638 0.00114254 -0.000845722 0.00212283 -0.000738917
internal_weight=61075 42076 30930 26350 11146 2104 483 4580 19926 227 128 557 476 119 6424 115 1621 856 835 9042 7259 72 42 76 99 12468 3199 12445 1783 4060
internal_count=61075 42076 30930 26350 11146 2104 483 4580 19926 227 128 557 476 119 6424 115 1621 856 835 9042 7259 72 42 76 99 12468 3199 12445 1783 4060
cat_boundaries=0 1 2
cat_threshold=1 44037
is_linear=0
shrinkage=0.05


Tree=60
num_leaves=31
num_cat=4
split_feature=17 15 3 19 0 18 19 10 22 3 16 16 0 0 16 15 21 16 3 20 19 22 10 0 17 18 11 16 18 14
split_gain=89.9322 20.3285 12.4498 9.69988 5.2654 4.23688 3.3256 2.93556 2.76811 2.36382 4.29632 2.9873 3.25108 2.22321 2.20115 3.332 2.20211 2.018 1.87062 2.53715 2.59671 2.30849 1.85406 1.78656 1.84834 1.74312 4.82537 3.3025 1.65827 1.95814
threshold=3.1269190487323377 4.2289466311251118 1.0000000180025095e-35 5.580795933134751 0 0.24940260553609722 3.2200858450383332 7.0425887464538537 7.2458451752548045 4.5000000000000009 0.18548706787857702 0.077678328505804153 1 2 0.048305358276157256 4.3055236778972175 7.4924816717705616 0.2018545772508353 1.5000000000000002 0.23851164220470378 3.8831592975797329 7.7817507789010163 3.7693060380574024 3 4.1786752112963663 0.20908229570051798 5.9346294703076508 0.25576970435384078 0.26219386518239224 5.9950826125784218
decision_type=8 8 2 10 1 10 10 10 8 2 10 10 1 1 8 10 10 8 2 10 10 8 8 1 8 10 8 10 10 10
left_child=-1 2 6 13 5 22 8 9 -2 11 -11 12 -5 -3 15 -15 23 -9 -7 -20 21 -21 -4 -16 -25 26 -12 -27 -14 -30
right_child=1 3 4 7 -6 18 -8 17 -10 10 25 -13 28 14 16 -17 -18 -19 19 20 -22 -23 -24 24 -26 27 -28 -29 29 -31
leaf_value=-0.022506349434877816 0.0061716188354987624 0.0013372750390161948 -0.0047286036557758872 0.010652174132984107 -0.0047284070259420545 -0.0034458307423516753 0.00046107975772605452 0.0059706366309201899 0.0040080278643673641 0.0013684150267891937 0.0048603913006411599 0.0011448498053082867 0.00023715710073496447 0.0059943109142584971 0.00037692689653228908 0.002846526277413261 -0.0014514713994598491 0.0076584088521027896 -0.0053365825370051776 0.0039506167891959374 0.00027767866096234308 0.0062098553627519763 -0.0019118126700626824 0.0036485524077539662 -0.0012871914279962253 -1.7911667283732059e-05 0.0064342565809080337 0.0057563367019745869 0.015767819388695852 0.0157016421030374
leaf_weight=18909 26 2205 2687 111 8259 343 3000 38 241 447 46 2059 179 20 8102 109 3210 89 179 302 805 216 5452 161 3492 97 56 152 39 23
leaf_count=18909 26 2205 2687 111 8259 343 3000 38 241 447 46 2059 179 20 8102 109 3210 89 179 302 805 216 5452 161 3492 97 56 152 39 23
internal_value=-0.00197645 -0.000691068 -0.00176662 0.000430093 -0.00227567 -0.0014979 0.00107591 0.00289868 0.00642322 0.00260361 0.0049624 0.00182289 0.00607954 -4.59576e-05 -0.000262845 0.00624031 -0.000319079 0.0103543 0.000663955 0.00142477 0.00218065 0.00494208 -0.0019898 -2.12795e-06 -0.000918647 0.00910256 0.0146078 0.00684739 0.00237052 0.00951613
internal_weight=61054 42145 21510 20635 18243 9984 3267 3336 267 3209 798 2411 352 17299 15094 129 14965 127 1845 1502 1323 518 8139 11755 3653 351 102 249 241 62
internal_count=61054 42145 21510 20635 18243 9984 3267 3336 267 3209 798 2411 352 17299 15094 129 14965 127 1845 1502 1323 518 8139 11755 3653 351 102 249 241 62
cat_boundaries=0 1 2 3 4
cat_threshold=22842 256 163 29968
is_linear=0
shrinkage=0.05


Tree=61
num_leaves=31
num_cat=0
split_feature=15 17 10 15 6 10 4 20 21 20 20 12 12 18 16 22 18 8 21 4 18 19 22 4 4 18 4 5 10 7
split_gain=88.8812 16.511 7.04542 5.25864 4.39428 3.28649 2.87451 2.45717 2.35642 2.33338 2.33264 2.20421 2.0794 2.10513 1.94795 3.33808 2.12726 2.0327 1.87654 1.85305 2.49746 3.44349 2.18606 1.84102 2.46671 2.07067 2.05897 2.8835 1.842 1.80235
threshold=3.3321867428506171 5.1549069257636209 3.9009615468842616 3.1054154838662731 1.0000000180025095e-35 7.0425887464538537 9.5000000000000018 0.15475571794242246 6.840011483758766 0.27871691395946291 0.37760582121227615 6.2328408473994257 3.8722415940098038 0.1567292926596783 0.071227776272452081 7.0444142073398774 0.24940260553609722 1.5000000000000002 7.1796889219034155 11.500000000000002 0.10026396948982759 4.1745783708561381 7.2542076304344159 9.5000000000000018 2.5000000000000004 0.15826425273202482 10.500000000000002 1.0000000180025095e-35 4.2143470814835746 66.500000000000014
decision_type=8 10 8 10 2 10 2 8 10 10 10 10 8 10 10 8 10 2 8 2 10 10 8 2 2 8 2 2 8 10
left_child=3 2 9 -1 7 8 -5 19 14 -2 -10 29 -9 -14 15 -3 -17 -18 -8 20 21 -4 -21 24 25 -15 27 -25 -27 -6
right_child=1 5 4 6 11 -7 18 12 10 -11 -12 -13 13 23 -16 16 17 -19 -20 22 -22 -23 -24 26 -26 28 -28 -29 -30 -31
leaf_value=-0.022972524794335116 -0.0034319604724517561 0.0076734802627453028 -0.0083608638651415188 -0.0060477617033426398 -0.0021740928780730035 0.0058138471472720527 0.013667376006503217 -0.0019590829202941794 0.00065169727996563197 0.0002122556363421341 0.0071127071740360931 0.019097557008522156 -0.0012249122749279661 0.004368999406914988 0.0020562156680193379 0.0024469702130231587 0.0181444716096088 0.010053058015986575 -0.00087977968476181617 0.0096684185646240817 0.00029563355736640217 0.006607229363424773 0.0025869974622480057 0.0033951597359445059 -0.0010735584246916456 -0.001720514215520462 0.00032653289160163067 -0.0006016666066416005 0.0012156204483412857 0.019523748123159459
leaf_weight=18099 7380 32 46 3125 7275 119 34 1975 3169 798 91 20 3047 64 2124 261 20 89 846 49 1003 74 177 880 4650 379 2316 383 2422 51
leaf_count=18099 7380 32 46 3125 7275 119 34 1975 3169 798 91 20 3047 64 2124 261 20 89 846 49 1003 74 177 880 4650 379 2316 383 2422 51
internal_value=-0.00197285 -0.000534017 -0.00096987 -0.00450462 -0.000550362 0.00190093 -0.00286517 -0.00011881 0.00173177 -0.0022426 0.000843557 -0.00157637 -0.000290396 -7.81428e-05 0.00287807 0.00606965 0.00472973 0.0105963 -0.00034091 0.00193106 0.00109973 0.00791667 0.00606195 0.000241571 -0.000202929 0.000951133 0.00117491 0.00279889 0.000747946 -0.00162162
internal_weight=60998 38894 32989 22104 24811 5905 4005 17465 5786 8178 3260 7346 16116 14141 2526 402 370 109 880 1349 1123 120 226 11094 7515 2865 3579 1263 2801 7326
internal_count=60998 38894 32989 22104 24811 5905 4005 17465 5786 8178 3260 7346 16116 14141 2526 402 370 109 880 1349 1123 120 226 11094 7515 2865 3579 1263 2801 7326
is_linear=0
shrinkage=0.05


Tree=62
num_leaves=31
num_cat=5
split_feature=17 19 3 11 19 0 4 19 0 20 4 20 17 20 12 21 0 3 16 10 6 6 20 17 20 17 0 1 4 17
split_gain=87.5823 15.4965 14.8684 8.21886 5.47433 3.89946 3.89879 6.76965 3.28468 3.40807 3.17486 3.10746 3.72772 3.92 3.04762 2.88163 2.75809 4.10854 3.42742 2.66532 2.60441 2.44737 2.22856 2.10745 1.99571 1.97531 1.96738 8.07823 4.03202 1.94162
threshold=3.1269190487323377 4.6843934102748923 1.0000000180025095e-35 3.7268967972519356 6.6279510328210458 0 9.5000000000000018 3.2084248542732854 1 0.23575218616614071 3.5000000000000004 0.22310102463233586 3.5340029486121778 0.19432323993358555 3.3339870432574523 6.840011483758766 2 5.5000000000000009 0.1518741664055428 7.0425887464538537 1.0000000180025095e-35 1.0000000180025095e-35 0.37760582121227615 3.6960590084404825 0.16314298002127295 3.7243371609626954 3 4 7.5000000000000009 3.7332793107460898
decision_type=8 10 2 8 10 1 2 8 1 8 2 10 10 10 8 8 1 2 8 10 2 2 10 10 10 10 1 1 2 8
left_child=-1 2 6 22 15 -5 10 14 -9 11 -2 12 13 -10 -8 -3 17 -17 -19 -6 -7 24 -4 -13 -20 -14 27 28 -22 -11
right_child=1 4 3 5 19 20 7 8 9 29 -12 23 25 -15 -16 16 -18 18 21 -21 26 -23 -24 -25 -26 -27 -28 -29 -30 -31
leaf_value=-0.020465507568204755 0.0023010747769229233 0.0029614734750334358 -0.0052707206558006469 -0.0023936254077950364 0.0046998150169847682 -6.607506408256279e-05 0.0087236055501367597 8.7363409215315358e-05 0.011271885286902639 0.0053887777707802148 -0.00069317935172195845 0.012546459078466316 -0.0021307512564717724 0.00080840708180376193 0.0082405649936210471 0.0010597397953380026 3.7668481159853916e-05 -0.00029555349865625794 0.0030259496046559568 0.0067417259146247029 0.015136141358312783 0.0091629491366002035 0.0010053918254551177 0.014436211353842722 0.0015976082705633666 0.0036415932230464917 -0.0024523893901962578 -0.0010854125753783569 0.050392615881696835 -0.0026073636575866407
leaf_weight=18884 1187 301 6658 7371 581 7991 42 587 25 25 2318 22 49 25 42 2013 7677 123 22 113 22 111 323 31 162 122 3721 358 23 127
leaf_count=18884 1187 301 6658 7371 581 7991 42 587 25 25 2318 22 49 25 42 2013 7677 123 22 113 22 111 323 31 162 122 3721 358 23 127
internal_value=-0.0019397 -0.000672485 -0.00124545 -0.00170155 0.000930828 -0.00117418 0.00137766 0.00397903 0.00284798 0.00612385 0.00056348 0.00959854 0.00699095 0.019 0.017619 0.000644153 0.000500592 0.00196436 0.00648325 0.00523055 -0.00062062 0.00940678 -0.00317362 0.0204717 0.00586956 0.00347953 -0.00164161 0.00165859 0.0216667 0.000263157
internal_weight=61056 42172 31069 26467 11103 19486 4602 1097 1013 426 3505 274 221 50 84 10409 10108 2431 418 694 12115 295 6981 53 184 171 4124 403 45 152
internal_count=61056 42172 31069 26467 11103 19486 4602 1097 1013 426 3505 274 221 50 84 10409 10108 2431 418 694 12115 295 6981 53 184 171 4124 403 45 152
cat_boundaries=0 1 2 3 4 5
cat_threshold=44037 48128 99 448 1
is_linear=0
shrinkage=0.05


Tree=63
num_leaves=31
num_cat=4
split_feature=15 19 10 4 4 1 17 0 22 13 22 10 13 5 4 20 13 0 4 19 22 4 4 20 1 22 4 18 20 22
split_gain=87.163 14.5861 8.39009 4.59688 5.71105 4.35365 3.56669 4.17089 3.15403 2.89755 2.76494 2.51926 3.19647 2.38032 3.19435 2.42715 3.4922 2.31993 2.3851 8.12371 2.49413 2.16385 2.52737 2.67806 2.05018 2.67531 4.50373 2.5771 2.18482 1.8408
threshold=3.1556169387095263 5.580795933134751 3.9009615468842616 8.5000000000000018 2.5000000000000004 0 4.2771138669526083 1 7.8601623693972398 4.8640668325288843 7.3281589041290216 7.0425887464538537 6.2540210822950124 1.0000000180025095e-35 10.500000000000002 0.17939946364634748 4.9491143746184694 2 4.5000000000000009 4.3387651444748281 6.9957956303836344 9.5000000000000018 1.5000000000000002 0.28351284083692374 3 7.3010305087821354 1.5000000000000002 0.15965122143328719 0.19473765231402998 6.9904878644666093
decision_type=8 10 8 2 2 1 8 1 8 10 8 10 10 2 2 8 10 1 2 8 8 2 2 10 1 10 2 10 10 8
left_child=-1 2 9 4 24 13 -6 8 -8 21 -7 -3 -13 14 -5 16 -16 18 19 20 -9 22 -2 -24 -4 28 -27 -28 29 -26
right_child=1 11 3 5 6 10 7 17 -10 -11 -12 12 -14 -15 15 -17 -18 -19 -20 -21 -22 -23 23 -25 25 26 27 -29 -30 -31
leaf_value=-0.018287451801916089 0.00021994928241832008 0.0021931129206772325 -0.00063963744276771765 0.0032468375471677402 -0.003196859069764232 0.0025570097952313381 -0.0043304853597734751 0.0078794674241792709 0.01781140159264721 0.016805876268607255 -0.0012656539529304501 0.0097699256509708125 0.0021827415947688581 -0.0020103674866377634 0.0038337659979559876 0.00026650377849079388 0.0085040833596322345 -0.002058118043396433 -0.0012013952455377844 0.00046368603726639152 0.0074009276890375083 -0.00092378377974275817 -0.0051663320013670272 0.00025940801813518545 -0.0015423722858318965 0.0010014963216632921 0.013008363983823434 0.0066795975247099628 -0.0005089969097621808 0.0026718162255328554
leaf_weight=19086 745 3181 1448 1255 5701 312 37 20 88 21 3669 62 71 586 510 2182 26 2494 3886 2267 51 2778 6254 621 368 352 22 162 1842 1018
leaf_count=19086 745 3181 1448 1255 5701 312 37 20 88 21 3669 62 71 586 510 2182 26 2494 3886 2267 51 2778 6254 621 368 352 22 162 1842 1018
internal_value=-0.00191238 -0.000639916 -0.000912438 -0.000465791 -0.000884796 0.000503512 -0.0013937 -0.000765013 0.00796296 -0.00212545 -0.000704598 0.00254375 0.00928571 0.00155845 0.00199723 0.00103385 0.00404851 -0.00089826 -0.000380174 0.000881094 0.0175352 -0.00216292 -0.00259843 -0.00289818 0.000535302 0.00115037 0.00442164 0.0107609 0.000607186 0.00210678
internal_weight=61115 42029 38715 28296 19756 8540 14544 8843 125 10419 3981 3314 133 4559 3973 2718 536 8718 6224 2338 71 10398 7620 6875 5212 3764 536 184 3228 1386
internal_count=61115 42029 38715 28296 19756 8540 14544 8843 125 10419 3981 3314 133 4559 3973 2718 536 8718 6224 2338 71 10398 7620 6875 5212 3764 536 184 3228 1386
cat_boundaries=0 1 2 3 4
cat_threshold=2 193 21810 4
is_linear=0
shrinkage=0.05


Tree=64
num_leaves=31
num_cat=3
split_feature=17 19 3 0 19 17 18 0 22 4 4 21 4 22 22 4 18 4 3 18 18 18 5 4 22 21 17 3 0 16
split_gain=84.1889 13.1412 9.69062 7.0874 5.07986 3.34632 3.05096 3.0491 3.44964 2.80598 3.63694 2.64256 3.25626 3.47983 4.2999 3.07906 2.74513 2.54516 4.41119 3.82224 2.91379 2.34791 2.75805 2.44971 6.17732 2.54255 2.28313 4.39078 3.02268 2.24766
threshold=3.1269190487323377 4.3750751739979075 1.0000000180025095e-35 0 5.580795933134751 3.3586614963430654 0.19826019369828154 1 7.2458451752548045 2.5000000000000004 8.5000000000000018 7.3978678142472596 8.5000000000000018 7.3237029743979276 7.3948778242817061 2.5000000000000004 0.18163310307962779 7.5000000000000009 4.5000000000000009 0.16131088046875022 0.19225288237905261 0.22201607938153692 1.0000000180025095e-35 1.5000000000000002 7.0124397280683555 6.9092540304800165 2.9497840272291929 1.0000000180025095e-35 2 0.17557432855736216
decision_type=8 10 2 1 10 8 8 1 10 2 2 10 2 10 10 2 10 2 2 8 8 8 2 2 10 10 10 2 1 10
left_child=26 2 5 -4 9 11 -5 8 -8 -3 -11 12 13 15 -15 -2 -14 21 -19 -20 -21 22 23 24 25 -6 -1 28 -28 -18
right_child=1 4 3 6 17 -7 7 -9 -10 10 -12 -13 16 14 -16 -17 29 18 19 20 -22 -23 -24 -25 -26 -27 27 -29 -30 -31
leaf_value=-0.027178818137754114 0.0044003224487483969 0.0013171593235270253 -0.003822631134674011 -0.0021044935625563668 0.0076186839638763375 0.00028103873404159314 0.0055301872592376546 -0.00056519959080295057 -0.0068112382538625185 -0.00091568089419298386 0.00099502740615339488 -0.0011751494293513966 0.003801225259379338 0.0040117622203943437 -0.00083858473845656312 -0.0024620990606466055 0.011030938961041178 0.0022984803794909416 -0.0053296105940592404 0.0068593965155512417 0.0058086836241708429 -0.00094326818125507999 -0.0024653884498362713 0.0022480417689288044 0.0077731091913822619 -0.0023386684565434848 0.0032792507099021376 -0.0083533610194465088 -0.0014711441112648549 0.0018210540086635669
leaf_weight=15951 68 2820 9217 6596 85 3259 393 5358 123 7512 2935 137 71 40 38 159 37 841 50 32 200 759 230 1009 33 55 129 2407 345 47
leaf_count=15951 68 2820 9217 6596 85 3259 393 5358 123 7512 2935 137 71 40 38 159 37 841 50 32 200 759 230 1009 33 55 129 2407 345 47
internal_value=-0.00190249 -0.000659558 -0.00137083 -0.00178148 0.000437472 0.000938795 -0.0010016 -0.000173648 0.00346007 1.12943e-06 -0.000376664 0.00438023 0.00619565 0.00319672 0.0123077 6.60781e-05 0.0120968 0.0021949 0.00412734 0.00953901 0.0122414 0.0011953 0.00240085 0.00337563 0.00887283 0.00428571 -0.00468139 -0.00338598 0.00101266 0.0182143
internal_weight=60936 42104 25543 21687 16561 3856 12470 5874 516 13267 10447 597 460 305 78 227 155 3294 1123 282 232 2171 1412 1182 173 140 18832 2881 474 84
internal_count=60936 42104 25543 21687 16561 3856 12470 5874 516 13267 10447 597 460 305 78 227 155 3294 1123 282 232 2171 1412 1182 173 140 18832 2881 474 84
cat_boundaries=0 1 2 3
cat_threshold=42501 386 34828
is_linear=0
shrinkage=0.05


Tree=65
num_leaves=31
num_cat=3
split_feature=15 17 10 18 0 17 16 7 22 7 12 21 21 22 19 5 6 13 0 0 15 22 10 18 18 16 18 15 16 22
split_gain=85.0118 12.5608 7.11921 2.93056 2.67341 2.62655 2.29553 2.14011 2.95682 4.07208 2.02755 2.00713 2.94448 1.94619 1.86965 1.83341 1.78559 2.41086 3.35023 2.30883 1.84989 1.82403 1.66877 1.51485 2.97466 2.39232 1.4964 2.37444 1.48371 2.59322
threshold=3.1556169387095263 5.0509390481780256 3.8033229670845743 0.38078518602177597 0 2.9989756118214324 0.45700099694432722 14.500000000000002 7.9024391682957491 79.500000000000014 6.2328408473994257 7.9346925149137215 7.0770759345065919 8.1049945641650982 3.2839770061635307 1.0000000180025095e-35 1.0000000180025095e-35 4.1001606043369554 1 2 3.4117806925189247 6.8600225336995715 6.863384981551234 0.30286776512357921 0.33761116690489307 0.26749809761683452 0.10026396948982759 4.7793538882125821 0.069137856720281762 7.0444142073398774
decision_type=8 10 8 10 1 10 10 10 8 10 10 10 10 8 8 2 2 8 1 1 8 10 10 10 10 10 8 10 10 8
left_child=5 2 6 11 -4 -1 -2 10 -9 -10 14 12 28 -13 -6 16 17 18 -16 -19 21 -20 -5 26 25 -25 27 -21 29 -3
right_child=1 3 4 22 7 -7 -8 8 9 -11 -12 13 -14 -15 15 -17 -18 19 20 23 -22 -23 -24 24 -26 -27 -28 -29 -30 -31
leaf_value=-0.023795318330189996 -0.0031558918337945652 0.006306922352900173 -0.001270616425780185 0.0053076017425160993 -0.0065252556418657947 -0.0053889510282490788 0.0054210871909510941 -0.0061834555946028149 0.018085877187471414 0.0097547821553635953 0.017286251773729246 0.0055202109237224104 -0.00029605875462658028 0.00075772542866298304 0.0061809021979796095 -0.0017776752623748218 -0.0008324156580755915 0.0075244257452307343 0.00039695971778803426 0.001102137074179395 0.0011729396911627791 0.010951774499522511 0.007562979762832993 -0.0031313864846921075 0.0013696614824222518 0.0088391615123805372 -0.00027223015364647894 0.0053092147349695137 0.0012971283809819099 0.0036671621756743118
leaf_weight=16407 8698 49 9849 178 389 2701 307 42 36 58 23 87 2365 95 127 1853 5204 107 35 85 1623 20 61 30 339 72 6007 25 3914 345
leaf_count=16407 8698 49 9849 178 389 2701 307 42 36 58 23 87 2365 95 127 1853 5204 107 35 85 1623 20 61 30 339 72 6007 25 3914 345
internal_value=-0.00190255 -0.000645243 -0.00103481 0.00127291 -0.000614104 -0.00466768 -0.00224598 -0.000216041 0.00602941 0.0109574 -0.000269466 0.00108315 0.000941854 0.00626374 -0.000290903 -0.000205128 -5.1204e-06 0.000442738 0.00206371 3.74975e-06 0.00142772 0.0104545 0.00671548 -0.000120281 0.00270975 0.0101961 -0.000324507 0.00545454 0.00172005 0.00464467
internal_weight=61131 42023 34929 7094 25924 19108 9005 16075 136 94 15939 6855 6673 182 15916 15527 13674 8470 1805 6665 1678 55 239 6558 441 102 6117 110 4308 394
internal_count=61131 42023 34929 7094 25924 19108 9005 16075 136 94 15939 6855 6673 182 15916 15527 13674 8470 1805 6665 1678 55 239 6558 441 102 6117 110 4308 394
cat_boundaries=0 1 2 3
cat_threshold=44548 18 320
is_linear=0
shrinkage=0.05


Tree=66
num_leaves=31
num_cat=4
split_feature=17 3 15 9 4 19 0 15 6 15 10 18 15 18 18 0 13 18 10 4 18 15 20 22 1 19 19 4 1 20
split_gain=84.133 14.6951 18.5845 5.64583 5.57394 5.0269 3.63582 3.08595 3.09983 2.98093 2.46831 2.25846 2.40039 2.80225 5.93187 2.21863 3.25187 2.0863 2.05172 2.04408 1.96504 2.34067 1.95668 2.02205 2.055 2.32422 1.80569 1.80451 1.95736 1.81589
threshold=3.0591755259884361 1.0000000180025095e-35 4.1851470945032689 1.0000000180025095e-35 9.5000000000000018 6.221232420594963 0 3.3790911369959642 1.0000000180025095e-35 3.6069616255242427 6.690966369884559 0.26428525681267145 5.6812087940181319 0.22425845981013456 0.18945635374295586 1 6.2540210822950124 0.10026396948982759 4.9078639478274591 1.5000000000000002 0.24940260553609722 3.9606242369756273 0.211733846489326 7.4455327777320006 2 3.1859795238145137 3.0572451967142649 10.500000000000002 3 0.1688350286661103
decision_type=8 2 8 2 2 10 1 8 2 10 8 8 8 10 10 1 10 8 10 2 10 10 10 10 1 10 10 2 1 10
left_child=-1 7 3 -3 9 17 20 8 22 -5 -7 12 27 14 -14 16 -12 -4 -19 -11 -6 -22 26 24 25 -24 -2 -9 29 -29
right_child=1 2 5 4 6 10 -8 11 -10 19 15 -13 13 -15 -16 -17 -18 18 -20 -21 21 -23 23 -25 -26 -27 -28 28 -30 -31
leaf_value=-0.019864600755274877 -0.0019614423803666911 0.0014272444087717155 0.0033845646856989556 -0.006285872882955186 0.00036675361073159186 0.00029806463549482209 -0.0024192425509522671 0.00078626766572208228 0.00026847376674354884 -0.00014236417210649116 0.0088774045341395054 -0.0027065396808674713 0.0017200227729112555 -0.0034003366813862707 0.0065712179698267708 0.0005580911071773895 0.0032603909761954376 -0.00049187686123741247 0.00045430286062542131 -0.0033799357245519416 0.00080627271390944417 0.0056353778002666693 0.0088846478073612237 -0.0016501180298341808 0.0092885439908736971 0.0034597627114539144 0.0036057512497900015 0.010082366172713447 0.00016518580473853681 0.0035996805267766866
leaf_weight=17574 50 1170 230 5763 1622 519 3062 3722 329 904 252 692 150 65 96 274 427 12399 4464 5763 91 53 39 26 25 64 302 51 344 362
leaf_count=17574 50 1170 230 5763 1622 519 3062 3722 329 904 252 692 150 65 96 274 427 12399 4464 5763 91 53 39 26 25 64 302 51 344 362
internal_value=-0.00184318 -0.000659202 -0.00103979 -0.00216464 -0.00239251 7.67561e-05 -0.000950705 0.00156957 0.0044012 -0.00295254 0.00288043 0.00113827 0.00152401 0.0057717 0.00821138 0.00439139 0.00588534 -0.000164688 -0.000229201 -0.00223264 0.000855855 0.00645833 0.00685771 0.0115584 0.0141406 0.0110194 0.00480114 0.00122907 0.00345442 0.00577482
internal_weight=60884 43310 36993 18428 17258 18565 4828 6317 835 12430 1472 5482 4790 311 246 953 679 17093 16863 6667 1766 144 506 154 128 103 352 4479 757 413
internal_count=60884 43310 36993 18428 17258 18565 4828 6317 835 12430 1472 5482 4790 311 246 953 679 17093 16863 6667 1766 144 506 154 128 103 352 4479 757 413
cat_boundaries=0 1 2 3 4
cat_threshold=4634 257 2 2
is_linear=0
shrinkage=0.05


Tree=67
num_leaves=31
num_cat=6
split_feature=17 15 3 0 0 3 7 15 4 4 4 9 15 4 0 17 4 22 0 22 0 22 0 22 20 20 17 5 4 13
split_gain=80.7773 14.2084 12.6772 4.40432 3.75623 3.61976 3.96175 3.27534 2.96705 3.73954 2.90415 3.31771 2.72414 2.55043 3.48797 5.29436 3.37752 2.45796 2.43761 2.41349 2.35911 2.28858 2.2874 2.21585 2.50916 2.08717 3.5637 2.06864 1.9374 1.90064
threshold=3.0301202147609669 4.1851470945032689 1.0000000180025095e-35 0 1 5.5000000000000009 14.500000000000002 3.7104108567944776 9.5000000000000018 1.5000000000000002 9.5000000000000018 1.0000000180025095e-35 3.3174581366390856 8.5000000000000018 2 4.4345721222397936 2.5000000000000004 7.4424803299715094 3 7.9350447526416268 4 7.6200751214569946 5 7.9556151798710015 0.3051445340616154 0.15475571794242246 4.5739438457108097 1.0000000180025095e-35 1.5000000000000002 6.3527164057087582
decision_type=8 8 2 1 1 2 10 10 2 2 2 2 10 2 1 8 2 8 1 10 1 8 1 10 10 8 10 2 2 8
left_child=20 2 7 -4 5 6 -3 8 9 27 11 -5 17 16 15 23 -6 -10 -12 29 -1 -19 -14 24 -15 26 -17 -2 -13 -7
right_child=1 4 3 10 13 19 -8 -9 12 -11 18 28 22 14 -16 25 -18 21 -20 -21 -22 -23 -24 -25 -26 -27 -28 -29 -30 -31
leaf_value=-0.0039454448677533008 0.0064071244976082412 0.0011941600729859728 -0.0042162835482461988 0.0010955226130072611 0.00084450679858930641 0.005283669724560635 0.016117287386286427 -0.00051012075846629875 0.010899197517896413 0.00039199829937639218 0.0010677218811128819 0.00040794247085415493 -0.00023403600717223131 0.0062037597227222775 -0.0011139976696068188 0.0058055465773690293 -0.00074545728483308273 -0.0019443427244318938 -0.0017654415569509669 0.010656155372392442 -0.021197370454297017 0.0069032980073265165 0.0089975383838271777 -0.001831078588795504 -0.001766659532655919 0.00074726608295589921 0.0033040363103798032 -0.0015301706669652805 -0.0039182878366997654 0.0048241401372665551
leaf_weight=596 113 1205 8153 977 4406 22 28 1544 38 1195 1428 544 176 285 1380 27 10613 37 1838 34 16589 82 121 77 52 2876 212 27 5964 258
leaf_count=596 113 1205 8153 977 4406 22 28 1544 38 1195 1428 544 176 285 1380 27 10613 37 1838 34 16589 82 121 77 52 2876 212 27 5964 258
internal_value=-0.00181347 -0.00067167 -0.00155754 -0.00205882 0.000245633 0.00261079 0.00140714 0.00128563 0.00274175 0.00155431 -0.00138974 -0.00193387 0.00623348 6.06869e-05 0.00105011 0.00188047 -0.000262668 0.0115605 -0.00014697 0.00742038 -0.00471778 0.00802521 0.00341751 0.00719807 0.00894659 0.00117977 0.00566945 0.00928571 -0.00234173 0.00589286
internal_weight=60897 43712 22237 18904 21475 1547 1233 3333 1789 1335 10751 7485 454 19928 4909 3529 15019 157 3266 314 17185 119 297 414 337 3115 239 140 6508 280
internal_count=60897 43712 22237 18904 21475 1547 1233 3333 1789 1335 10751 7485 454 19928 4909 3529 15019 157 3266 314 17185 119 297 414 337 3115 239 140 6508 280
cat_boundaries=0 1 2 3 4 5 6
cat_threshold=42053 65 24882 4626 41216 42016
is_linear=0
shrinkage=0.05


Tree=68
num_leaves=31
num_cat=7
split_feature=19 11 3 3 9 6 0 20 4 17 4 0 0 18 1 19 18 5 10 17 3 5 0 19 11 0 0 19 21 21
split_gain=79.8188 11.9328 7.88162 5.17214 6.03772 5.08622 3.65274 3.00255 2.59867 2.6391 2.47464 2.4511 2.2158 1.90028 2.69355 3.55695 1.86667 1.85847 1.87969 1.85579 6.10853 1.84751 1.71924 1.6152 1.58246 1.61179 1.55059 2.18834 4.48448 1.53442
threshold=3.030963279203744 3.9189981260915085 1.0000000180025095e-35 1.0000000180025095e-35 1.0000000180025095e-35 1.0000000180025095e-35 0 0.37760582121227615 9.5000000000000018 3.3259895840207929 7.5000000000000009 1 2 0.14681618189089815 3 6.8973898855664819 0.16729898281911051 1.0000000180025095e-35 3.7340910832294019 2.892896404036394 1.0000000180025095e-35 1.0000000180025095e-35 4 3.0707383140684787 3.2088234484024345 5 6 3.6263788719700867 7.3128869425964504 6.8951763685906764
decision_type=8 8 2 2 2 2 1 10 2 10 2 1 1 8 1 8 10 2 10 10 2 2 1 8 10 1 1 8 10 8
left_child=19 2 8 -3 11 6 21 10 12 -10 -4 13 23 -5 -15 -16 -17 18 -8 -1 24 -6 -12 -2 25 -21 27 28 -7 -23
right_child=1 3 7 4 5 26 17 -9 9 -11 22 -13 -14 14 15 16 -18 -19 -20 20 -22 29 -24 -25 -26 -27 -28 -29 -30 -31
leaf_value=-0.025729919648562152 0.008158302152177976 0.0012573895988593872 -0.005556869276298726 -0.0014050145464600912 0.00042810358826180081 0.009955397072597667 -0.0026599359313061108 0.0038652538599261961 0.0077818667478512932 0.0011113566451354717 -0.00074171137944010514 0.0013207503456142719 -0.0014808263017349781 -0.15648407369547468 0.0080653456850663767 0.017124642122684188 0.0035779992775582998 -0.0050402888254670718 -0.00010943962877822058 0.0020472883779083738 -0.0079850089315516518 0.0023814910630598467 -0.0036379849170470623 0.0011648919055977818 0.0052201171798065896 -0.00054714146512717984 -0.0044936543902812081 -0.0015592494152514825 -0.0094746344646742652 -0.0015722267456822121
leaf_weight=15314 26 4714 5379 60 10066 20 2015 390 98 304 1862 3612 565 22 53 28 20 849 2733 110 1652 20 2892 659 21 181 2852 2637 29 1832
leaf_count=15314 26 4714 5379 60 10066 20 2015 390 98 304 1862 3612 565 22 53 28 20 849 2733 110 1652 20 2892 659 21 181 2852 2637 29 1832
internal_value=-0.00181308 -0.000676431 -0.00200616 -0.000163489 -0.000431691 -0.000735914 -0.0003183 -0.00251022 0.0012046 0.00470149 -0.00267591 0.00141634 7.99988e-05 0.0069171 0.0108537 0.0143069 0.0241667 -0.00137061 -0.000987786 -0.00469036 -0.00324338 0.000176894 -0.00184476 0.00197842 0.00317308 0.00221649 -0.0020567 -0.00117953 0.00928571 -0.0012743
internal_weight=61015 43737 12175 31562 26848 23053 17515 10523 1652 402 10133 3795 1250 183 123 101 48 5597 4748 17278 1964 11918 4754 685 312 291 5538 2686 49 1852
internal_count=61015 43737 12175 31562 26848 23053 17515 10523 1652 402 10133 3795 1250 183 123 101 48 5597 4748 17278 1964 11918 4754 685 312 291 5538 2686 49 1852
cat_boundaries=0 1 2 3 4 5 6 7
cat_threshold=29458 256 43013 4 6675 8268 18690
is_linear=0
shrinkage=0.05


Tree=69
num_leaves=31
num_cat=1
split_feature=19 10 3 17 3 12 19 9 3 9 10 6 5 3 17 10 19 0 13 10 16 13 22 21 10 3 22 18 6 21
split_gain=79.371 12.338 7.71418 5.78957 4.91919 3.31409 2.97257 2.55275 2.93182 2.52312 2.4119 2.37372 2.31561 1.95108 8.34215 1.93797 1.75156 1.88107 1.71355 1.62444 1.52167 1.48237 3.15402 1.45718 1.96735 2.68689 3.9193 1.43178 1.37388 1.34519
threshold=3.030963279203744 3.9009615468842616 1.0000000180025095e-35 5.4882827256271991 1.0000000180025095e-35 3.7340910832294019 3.8004122263779458 1.0000000180025095e-35 1.5000000000000002 1.0000000180025095e-35 3.4226313317757437 1.0000000180025095e-35 1.0000000180025095e-35 1.0000000180025095e-35 2.7903970078838785 2.8593355435749763 5.4362002644239515 0 3.2288241951254264 4.4479312383686205 0.033163987312117678 4.1001606043369554 7.0389040788336867 7.09878869107194 6.5731213125784222 5.5000000000000009 7.3711512530782164 0.65620078068784171 1.0000000180025095e-35 7.4958196445301075
decision_type=8 8 2 10 2 8 8 2 2 2 10 2 2 2 10 8 8 1 10 10 10 8 10 10 10 2 10 8 2 10
left_child=13 2 6 4 29 -6 18 8 -7 27 -11 12 16 14 -1 -16 17 20 -2 -13 -9 22 -22 -5 -25 -26 -27 -4 -20 -3
right_child=1 3 9 23 5 7 -8 11 -10 10 -12 19 -14 -15 15 -17 -18 -19 28 -21 21 -23 -24 24 25 26 -28 -29 -30 -31
leaf_value=-0.019116258539333499 0.0022685590316948384 0.0016938763122730368 0.0054927027424391322 0.0024398948887626101 -0.0035109263713108529 -0.0026608401699355689 -0.0029251626808427605 0.0078564386364272706 0.002490005655456708 -0.0054936500270501539 -0.0027930901638097538 -0.0026867820796364537 -0.0020842851965435106 -0.019632366099648003 -0.0039848401593817195 0.0023979901036134434 -0.0027299597406849688 -0.00068169362384241407 0.0022083911659760425 -0.00014535441111226659 0.0059363641422608138 0.0002061541192699798 0.00087513013013718966 -0.00088266546383584737 0.00095584422366837621 -0.00059414999272647652 0.0069935762040844122 -0.0032477802036079795 -0.0015387437267643037 -0.00071608439855604404
leaf_weight=2289 624 3294 270 2542 2778 342 427 54 1647 4187 5488 3372 2205 14444 134 367 249 4661 518 1320 115 6815 599 659 263 22 32 279 235 809
leaf_count=2289 624 3294 270 2542 2778 342 427 54 1647 4187 5488 3372 2205 14444 134 367 249 4661 518 1320 115 6815 599 659 263 22 32 279 235 809
internal_value=-0.00179473 -0.000663837 -0.00202777 -0.000147588 -0.000385705 -0.000657575 0.000986695 -0.000446467 0.00125943 -0.00255966 -0.00274677 -0.000621456 -0.000308887 -0.00466926 -0.00345878 0.00238523 -4.52265e-05 3.92017e-05 0.00211692 -0.0016006 0.000524824 0.000465532 0.00263305 0.00176521 0.00012295 0.00335962 0.0135185 0.000737704 0.000511287 0.00121496
internal_weight=61040 43806 12028 31778 28260 24157 1804 21379 1989 10224 9675 19390 14698 17234 2790 501 12493 12244 1377 4692 7583 7529 714 3518 976 317 54 549 753 4103
internal_count=61040 43806 12028 31778 28260 24157 1804 21379 1989 10224 9675 19390 14698 17234 2790 501 12493 12244 1377 4692 7583 7529 714 3518 976 317 54 549 753 4103
cat_boundaries=0 1
cat_threshold=28950
is_linear=0
shrinkage=0.05


Tree=70
num_leaves=31
num_cat=6
split_feature=17 10 3 9 3 0 4 5 4 1 0 3 0 0 1 3 18 17 18 18 18 15 18 19 4 4 10 15 18 3
split_gain=77.3142 11.178 6.27673 6.60239 5.82507 4.10055 2.42765 2.96876 2.66823 3.17854 2.3398 2.26667 7.23142 3.80346 3.62167 3.34829 5.22335 3.10083 3.09341 4.39462 2.90909 2.22995 2.17847 2.16079 2.14964 3.39554 2.13596 1.99287 1.91406 1.75007
threshold=2.9684130377110103 3.7340910832294019 1.0000000180025095e-35 1.0000000180025095e-35 1.0000000180025095e-35 0 4.5000000000000009 1.0000000180025095e-35 8.5000000000000018 1 2 4.5000000000000009 3 4 5 5.5000000000000009 0.35294744700051911 6.3351973872634852 0.24678853408246834 0.16778569860920892 0.20710933942900647 3.5546327611652129 0.44388055589350456 3.3153156736968712 8.5000000000000018 2.5000000000000004 3.4672959664678489 4.0889126555983983 0.10717202013270737 2.5000000000000004
decision_type=8 8 2 2 2 1 2 2 2 1 1 2 1 1 1 2 10 10 8 10 10 10 10 8 2 2 10 10 10 2
left_child=10 4 -3 11 23 6 7 27 -8 -10 -1 13 15 14 -4 16 -13 -16 19 -17 -21 -7 -6 26 25 -23 -2 -5 29 -29
right_child=1 2 3 5 22 21 8 -9 9 -11 -12 12 -14 -15 17 18 -18 -19 -20 20 -22 24 -24 -25 -26 -27 -28 28 -30 -31
leaf_value=-0.0049159771371527286 0.0011440603927595605 0.0011993369882818297 -0.10542115915114102 0.0056311002180763695 -0.0041034608096330366 -0.0045085383851246495 -0.0018408510916534269 -0.0018128165286903056 0.0012308560118505288 -0.0014574499965063687 -0.020858895736550837 0.0054771289883966956 -0.000137242206419578 0.00010433062208612319 0.021391260938021933 -0.0005082594878373655 0.017499824493491228 0.0058187212973610479 0.0020831877064351311 0.009539075491336757 0.0082892667726563504 -0.00018751904451463387 0.0053006106724140349 -0.00055034650362736101 8.5967352329709826e-05 -0.0026700217104032226 0.0096866025857234011 0.0049928070155299915 0.00077593720109084513 -0.00030427953453594298
leaf_weight=469 577 4968 29 98 8387 2006 4536 1050 2572 2022 15832 86 761 2624 30 39 56 50 228 44 44 2474 286 902 2371 4531 35 52 3848 44
leaf_count=469 577 4968 29 98 8387 2006 4536 1050 2572 2022 15832 86 761 2624 30 39 56 50 228 44 44 2474 286 902 2371 4531 35 52 3848 44
internal_value=-0.00176664 -0.000692739 -0.000263723 -0.000539788 -0.00214833 -0.000834636 -0.000267708 0.000606833 -0.000755751 9.35992e-05 -0.00471474 0.00135179 0.00310811 0.000543358 0.00928571 0.00772189 0.0143662 0.015625 0.00528169 0.0115354 0.0177273 -0.00154143 -0.00264787 0.000713341 -0.00121907 -0.00165953 0.00300653 0.00122217 0.00104716 0.00802083
internal_weight=61051 44750 34563 29595 10187 25604 14222 5092 9130 4594 16301 3991 1258 2733 109 497 142 80 355 127 88 11382 8673 1514 9376 7005 612 4042 3944 96
internal_count=61051 44750 34563 29595 10187 25604 14222 5092 9130 4594 16301 3991 1258 2733 109 497 142 80 355 127 88 11382 8673 1514 9376 7005 612 4042 3944 96
cat_boundaries=0 1 2 3 4 5 6
cat_threshold=20754 2 41216 33 256 4
is_linear=0
shrinkage=0.05


Tree=71
num_leaves=31
num_cat=6
split_feature=15 10 3 3 19 15 19 16 1 0 7 22 3 15 6 0 19 18 16 22 0 3 0 0 16 6 17 22 3 18
split_gain=78.4222 10.1725 5.93805 5.12386 5.70716 5.07527 3.02684 3.36852 2.85852 4.81698 8.5196 2.69505 2.58911 2.55782 2.29393 2.35837 2.29206 2.16541 1.96771 1.90871 1.68947 1.63523 3.46498 2.94063 1.95874 2.53667 3.17838 1.7709 1.81797 2.64348
threshold=2.9691948370067043 3.7025350203600906 1.0000000180025095e-35 1.0000000180025095e-35 4.9489614632067545 3.0201009479500907 3.4010955402500698 0.26962185472643446 0 1 12.500000000000002 7.9148106124164155 1.5000000000000002 3.3622321346783779 1.0000000180025095e-35 2 6.5421829244547771 0.094293945564146622 0.42794893317630228 7.7730403856773265 3 3.5000000000000004 4 5 0.33496445879915576 1.0000000180025095e-35 4.3317079059638326 7.0879035308073073 4.5000000000000009 0.24818219883102835
decision_type=8 8 2 2 8 8 10 8 1 1 10 10 2 8 2 1 10 8 10 10 1 2 1 1 8 2 10 8 2 10
left_child=-1 2 13 5 6 -3 -5 14 9 10 -6 17 -9 20 15 -8 -13 -10 -4 -16 -2 23 27 24 -14 -26 -27 -23 29 -29
right_child=1 3 18 4 8 -7 7 12 11 -11 -12 16 21 -15 19 -17 -18 -19 -20 -21 -22 22 -24 -25 25 26 -28 28 -30 -31
leaf_value=-0.019054256458837959 0.0026978419906063134 0.0097296885245173447 -0.0040104906539047665 -0.004704873661368951 0.0047066525928265747 0.00097481241800279571 5.4709091334202985e-05 -0.0022681136547630771 0.0031044054416882565 -0.00018213632340057493 0.016955256864283754 0.0049304070796133987 0.0027873369885719605 -0.00082673793318487716 -0.0030821049941084006 -0.0013058972141409774 -0.002037885472582472 -3.6999061202639686e-05 0.0052647531705657773 -0.00039039171052626404 0.00056043456130103035 0.01233528705329515 -0.0015798364051598666 0.00041120269787807157 0.010081551080833692 0.0077716404258850354 0.011146928730849664 0.0083788953155414982 0.0074423476932382942 -0.009826799852639994
leaf_weight=15966 312 33 7927 1908 826 5102 6890 543 48 924 22 36 185 753 3702 5919 20 5715 252 1595 383 34 949 457 83 54 20 20 238 95
leaf_count=15966 312 33 7927 1908 826 5102 6890 543 48 924 22 36 185 753 3702 5919 20 5715 252 1595 383 34 949 457 83 54 20 20 238 95
internal_value=-0.00170715 -0.000639917 -0.00208113 -0.00024818 -0.000495824 0.00121227 -0.000892827 -0.000717861 0.000690949 0.00244921 0.00513986 0.000155524 0.000937265 0.000870165 -0.000962666 -0.000600751 0.0110714 4.94522e-05 -0.00260362 -0.00183783 0.00305755 0.00172131 0.000651196 0.00351064 0.00693182 0.011242 0.017973 0.00457179 0.00364023 -0.00152174
internal_weight=61011 45045 9627 35418 30283 5135 22692 20784 7591 1772 848 5819 2678 1448 18106 12809 56 5763 8179 5297 695 2135 1336 799 342 157 74 387 353 115
internal_count=61011 45045 9627 35418 30283 5135 22692 20784 7591 1772 848 5819 2678 1448 18106 12809 56 5763 8179 5297 695 2135 1336 799 342 157 74 387 353 115
cat_boundaries=0 1 2 3 4 5 6
cat_threshold=1 321 29458 40996 1586 20490
is_linear=0
shrinkage=0.05


Tree=72
num_leaves=31
num_cat=9
split_feature=17 3 15 9 4 4 4 1 20 0 1 0 3 0 6 1 8 17 4 20 0 22 1 3 20 17 8 18 22 0
split_gain=77.7008 10.7532 12.3376 4.24418 3.48467 3.39055 3.43002 2.88307 2.826 2.58335 2.53892 2.52494 5.37323 3.51867 3.30163 3.02701 2.87512 2.30625 2.2693 3.27439 2.11466 2.05489 2.01611 2.0008 3.14657 1.97525 2.3792 1.97281 4.71754 1.95483
threshold=2.9684130377110103 1.0000000180025095e-35 3.9606242369756273 1.0000000180025095e-35 9.5000000000000018 9.5000000000000018 3.5000000000000004 0 0.19231317167912967 1 2 3 4.5000000000000009 4 1.0000000180025095e-35 5 1.5000000000000002 3.0591755259884361 11.500000000000002 0.21359385934393346 6 7.0879035308073073 7 5.5000000000000009 0.34931248956310962 3.7857769637007945 2.5000000000000004 0.17365979338305623 7.7353786311527761 8
decision_type=8 2 8 2 2 2 2 1 10 1 1 1 2 1 2 1 2 8 2 10 1 8 1 2 10 10 2 10 8 1
left_child=20 5 3 -3 29 6 17 8 27 -6 -8 12 15 22 25 16 -4 -2 -15 -20 21 -1 -14 24 -24 -13 -27 -7 -29 -5
right_child=1 2 11 4 9 7 10 -9 -10 -11 -12 14 13 18 -16 -17 -18 -19 19 -21 -22 -23 23 -25 -26 26 -28 28 -30 -31
leaf_value=0.02443101463022463 0.0041205088230777216 0.0033604485146184245 0.010229658299187859 -0.00042639553341505717 0.0010369521359490503 0.0061343282607588681 0.0010701376046554107 0.00079422692033443787 0.0031442485410732948 -0.0021981261078512695 -0.00098430287929160464 -0.012566662461209886 -0.00045540441999664398 0.00077636106341968415 -0.001823613649734017 -0.0011203994206580247 0.0010925415727017561 0.0018799076039380813 -0.0019537439825495456 0.0077937171938122357 -0.018871903271249147 -0.0065498410706389225 0.0056448985502800461 0.0044135280830024069 0.012234630189211219 0.0081922465066466468 -4.5775255493805869e-05 0.0021694626175099295 0.0080337540618480117 -0.0042495296847658483
leaf_weight=54 54 651 102 809 1137 149 1119 725 552 2854 2161 311 83 757 4259 2094 634 1698 29 23 15790 391 84 362 61 76 14074 41 38 9842
leaf_count=54 54 651 102 809 1137 149 1119 725 552 2854 2161 311 83 757 4259 2094 634 1698 29 23 15790 391 84 362 61 76 14074 41 38 9842
internal_value=-0.00169174 -0.000617366 -0.000937714 -0.00203786 -0.0022135 0.00125669 0.000633942 0.00333887 0.00544872 -0.000953396 -0.000320123 -0.000204585 0.000897616 0.00343459 -0.000453819 -0.000353358 0.00240489 0.00242009 0.00122711 0.0113462 -0.00465507 -0.00115385 0.00633333 0.00762327 0.0125862 -9.37015e-05 -7.06833e-06 0.0101316 0.016519 -0.00268566
internal_weight=61014 44779 38242 15293 14642 6537 5032 1505 780 3991 3280 22949 4229 1399 18720 2830 736 1752 809 52 16235 445 590 507 145 14461 14150 228 79 10651
internal_count=61014 44779 38242 15293 14642 6537 5032 1505 780 3991 3280 22949 4229 1399 18720 2830 736 1752 809 52 16235 445 590 507 145 14461 14150 228 79 10651
cat_boundaries=0 1 2 3 4 5 6 7 8 9
cat_threshold=2 6674 4 353 33 1 41216 2 16386
is_linear=0
shrinkage=0.05


Tree=73
num_leaves=31
num_cat=4
split_feature=17 10 3 3 9 11 0 1 20 17 15 15 3 15 17 17 1 17 6 20 0 5 16 20 15 17 21 18 22 18
split_gain=74.3915 10.8077 5.70925 4.06051 5.57312 3.81307 2.74684 4.08574 2.89495 2.69209 2.68959 2.47652 10.1657 3.40573 2.47659 2.35818 2.69982 2.12805 2.06306 1.91419 1.98164 1.98813 1.80698 1.72563 1.85293 2.85188 1.67268 1.67185 2.32508 3.06018
threshold=2.9325604742654234 3.7025350203600906 1.0000000180025095e-35 1.0000000180025095e-35 1.0000000180025095e-35 3.9288796390704568 0 1 0.39471388743317015 6.3351973872634852 3.3790911369959642 2.817549960551311 1.0000000180025095e-35 2.9509247329409987 2.892896404036394 2.8138908115741263 2 6.7504783557224748 1.0000000180025095e-35 0.20539928535066906 3 1.0000000180025095e-35 0.27396439657888022 0.23851164220470378 3.2231327943875088 3.2628288020669345 7.42446352143262 0.20125433526630007 7.3138938179872799 0.21829292393276237
decision_type=8 8 2 2 2 8 1 1 8 8 8 10 2 10 10 10 1 10 2 8 1 2 8 8 10 10 8 10 10 10
left_child=11 2 10 23 6 -6 7 9 -9 -5 -2 -1 13 15 -15 16 -13 -10 19 20 -7 22 -22 24 25 -3 27 -26 -29 -30
right_child=1 3 -4 4 5 18 -8 8 17 -11 -12 12 -14 14 -16 -17 -18 -19 -20 -21 21 -23 -24 -25 26 -27 -28 28 29 -31
leaf_value=-0.023284604551681423 0.0016358435017171454 0.0025384226752429243 -0.00382698336351522 0.0034568116802710727 -0.0022455243450400578 -0.00071822295185071904 0.00034484177039537588 0.003481294354678627 0.016888460333602948 -0.00091153338621440547 -0.00079935238067422936 0.0029147742922057684 -0.007187373820266108 0.012755118868148028 0.0053518873504452766 0.0012434303840301198 0.0094084388886040097 0.002829057306225939 -0.0016552012003393922 -0.000568797248045359 0.00079681107396074023 -0.0016251198043188706 0.0040319903464212789 -0.00068306706460238202 0.0017182148269724693 0.0066582153147927443 0.00059407310644625272 0.00182014391217201 0.0077746879099560504 0.0021775213260442779
leaf_weight=14435 773 196 8462 131 5404 2447 2770 508 52 513 735 29 1117 24 21 128 20 45 4551 7526 4925 1045 145 1290 586 21 2687 224 44 53
leaf_count=14435 773 196 8462 131 5404 2447 2770 508 52 513 735 29 1117 24 21 128 20 45 4551 7526 4925 1045 145 1290 586 21 2687 224 44 53
internal_value=-0.00171138 -0.00067833 -0.0021314 -0.000266332 -0.00048766 -0.000755099 0.00124533 0.00318109 0.00615702 0.000434781 0.000702917 -0.00466718 -0.00261016 0.00716216 0.0194444 0.00403955 0.0133673 0.0140722 -0.000445517 -0.000179638 0.000331697 0.000812244 0.00122288 0.00103803 0.00157308 0.00605991 0.00130217 0.00315876 0.00605919 0.0125258
internal_weight=60907 45133 9970 35163 30062 26043 4019 1249 605 644 1508 15774 1339 222 45 177 49 97 20639 16088 8562 6115 5070 5101 3811 217 3594 907 321 97
internal_count=60907 45133 9970 35163 30062 26043 4019 1249 605 644 1508 15774 1339 222 45 177 49 97 20639 16088 8562 6115 5070 5101 3811 217 3594 907 321 97
cat_boundaries=0 1 2 3 4
cat_threshold=257 4 2 35329
is_linear=0
shrinkage=0.05


Tree=74
num_leaves=31
num_cat=1
split_feature=19 3 15 19 18 5 15 3 14 17 15 11 22 11 20 22 22 18 3 3 18 20 18 18 6 1 20 5 22 20
split_gain=75.6809 9.22907 12.1805 4.53488 3.5306 2.5026 2.44847 7.21563 2.20586 2.08562 4.4541 2.00611 1.88383 1.79513 1.73244 1.7131 2.26534 1.67543 1.60385 4.88214 2.12298 1.5394 2.01997 1.6225 1.48968 2.64311 1.9588 1.75845 2.26563 2.06054
threshold=2.9347786018053079 1.0000000180025095e-35 3.6184012925536506 6.6279510328210458 0.35294744700051911 1.0000000180025095e-35 2.7947679695351417 1.0000000180025095e-35 2.8650498914867879 2.892896404036394 2.9509247329409987 4.2952422722565382 7.5719940652990205 3.1591235665908397 0.17831740372374327 7.5796323616643475 7.5098870194537222 0.13421397996896264 4.5000000000000009 5.5000000000000009 0.65620078068784171 0.24255609861047803 0.1630065495790459 0.1567292926596783 1.0000000180025095e-35 0 0.22196092556693586 1.0000000180025095e-35 7.6853976673691857 0.22629573399627537
decision_type=8 2 8 10 10 2 10 2 8 10 10 8 8 8 8 8 10 10 2 2 10 8 8 10 2 1 10 2 10 10
left_child=6 8 4 5 13 11 -1 9 12 10 15 14 -2 -3 17 16 -8 -4 20 -20 -6 24 23 -23 26 -26 -10 28 29 -28
right_child=1 2 3 -5 18 -7 7 -9 21 -11 -12 -13 -14 -15 -16 -17 -18 -19 19 -21 -22 22 -24 -25 25 -27 27 -29 -30 -31
leaf_value=-0.02336046431275032 0.0081577459943287522 -0.0059596705666981001 -0.0029152392841250083 0.0038523228717524359 0.016576050401242666 -0.0019456666586747159 0.0039262234615670558 -0.0065417340452563269 0.0012916465231846851 -6.6141598169404989e-05 0.012790750997621982 9.7857502496820434e-06 0.0020190427782524408 -0.0029924008424174536 -0.0015548110933794933 -1.2451994762441993e-05 0.01311882943672802 0.0012738727951725004 0.04214010066610429 -0.027160901557485573 -0.01561714512360482 0.0024304408709193859 -0.00084691015246399996 0.0056618109673751572 0.0015517917989032065 -0.0010569997248958958 0.0059551393636909514 -0.00094002717416570136 0.010659781437997675 0.0022216021965895615
leaf_weight=14148 22 2484 554 631 69 3587 38 1429 3094 129 22 16609 39 6928 6062 79 20 1449 39 36 87 64 1292 31 505 981 127 78 26 370
leaf_count=14148 22 2484 554 631 69 3587 38 1429 3094 129 22 16609 39 6928 6062 79 20 1449 39 36 87 64 1292 31 505 981 127 78 26 370
internal_value=-0.00165733 -0.000613764 -0.000910213 -0.000396651 -0.00244893 -0.000490253 -0.00462811 -0.00284508 0.00110952 0.004375 0.00820755 -0.000310855 0.0105738 -0.00259881 -0.000957844 0.00485401 0.0113793 0.000317023 0.00365801 0.00966667 0.00076923 0.00102162 -0.000457824 0.00657895 0.00141768 8.07525e-05 0.00195534 0.00456739 0.00561185 0.00485915
internal_weight=61029 45164 38535 28892 9643 28261 15865 1717 6629 288 159 24674 61 9412 8065 137 58 2003 231 75 156 6568 1387 95 5181 1486 3695 601 523 497
internal_count=61029 45164 38535 28892 9643 28261 15865 1717 6629 288 159 24674 61 9412 8065 137 58 2003 231 75 156 6568 1387 95 5181 1486 3695 601 523 497
cat_boundaries=0 1
cat_threshold=4
is_linear=0
shrinkage=0.05


Tree=75
num_leaves=31
num_cat=4
split_feature=15 10 3 0 7 4 4 11 0 0 15 11 15 20 15 3 10 4 20 4 22 20 22 21 20 15 3 0 10 22
split_gain=72.6288 8.1666 5.01057 4.45575 3.51021 2.5966 3.44519 2.50437 2.3443 2.09978 2.08506 1.99848 2.03024 1.86032 1.83104 4.02697 1.92411 1.81672 3.27118 3.08054 1.93626 3.1089 3.05856 1.90951 1.87865 1.97039 3.05199 1.76044 1.73468 1.61501
threshold=2.9691948370067043 3.6901278942132305 1.0000000180025095e-35 0 14.500000000000002 1.5000000000000002 8.5000000000000018 4.2520600549241934 1 2 3.39606785014707 3.9090179933940408 3.5713279898677994 0.16714246814388528 2.7426654007115117 1.0000000180025095e-35 3.0468977391027221 8.5000000000000018 0.33282533689406946 2.5000000000000004 6.8600225336995715 0.45923723657429233 7.0504592595030253 7.2960741707616021 0.26246659162086078 5.8242681372474658 5.5000000000000009 3 3.4672959664678489 7.9350447526416268
decision_type=8 8 2 1 10 2 2 10 1 1 8 10 8 8 10 2 10 2 10 2 8 10 10 10 8 8 2 1 10 10
left_child=8 2 10 4 17 27 7 -7 -1 -8 28 -4 -13 -14 -10 16 -16 19 24 -3 -20 22 -22 -24 25 -19 -27 -5 -2 -28
right_child=1 3 11 5 -6 6 9 -9 14 -11 -12 12 13 -15 15 -17 -18 18 20 -21 21 -23 23 -25 -26 26 29 -29 -30 -31
leaf_value=-0.003721581099721023 0.0013024872890617478 0.0013761016373086245 -0.0034840051241158488 -0.0017375709732986317 0.01379418582929072 -0.0022210137773001548 0.0007660245387793585 -0.00030029137889033052 -0.023847050681976678 -0.00046899657460608001 -0.00095501979070439788 0.010832018212877378 0.0062641130789830484 -0.0023056825941665904 0.00039658689092398301 -0.0085347400816403914 0.0076256230724617673 0.0011363830007333955 -0.0043760775715025388 -0.0004912666877931644 0.008988771155982872 -0.0077162852542655485 -0.0010897233654732069 0.0058056579885544593 -0.0015346354817885851 0.0061673980198452419 0.0062351443397069342 0.0013301877709847431 0.010043392619679584 0.012700753728705744
leaf_weight=485 671 1792 7661 536 47 9762 3325 4756 12964 4052 688 53 21 337 390 2155 22 2657 37 5886 48 36 34 27 561 164 37 1815 35 20
leaf_count=485 671 1792 7661 536 47 9762 3325 4756 12964 4052 688 53 21 337 390 2155 22 2657 37 5886 48 36 34 27 561 164 37 1815 35 20
internal_value=-0.00168026 -0.000652272 -0.00195753 -0.000305126 0.000512503 -0.000687666 -0.000857503 -0.00130459 -0.0045723 2.23656e-05 0.000810616 -0.00243558 0.000961069 -0.000391063 -0.00467827 -0.00346124 0.00106796 0.000456234 0.00137945 2.08376e-05 0.00791209 0.0105172 0.0147248 0.00729508 0.00103373 0.00154969 0.00608597 0.000891109 0.00271955 0.0160526
internal_weight=61074 45058 9466 35592 11346 24246 21895 14518 16016 7377 1394 8072 411 358 15531 2567 412 11299 3621 7678 182 145 109 61 3439 2878 221 2351 706 57
internal_count=61074 45058 9466 35592 11346 24246 21895 14518 16016 7377 1394 8072 411 358 15531 2567 412 11299 3621 7678 182 145 109 61 3439 2878 221 2351 706 57
cat_boundaries=0 1 2 3 4
cat_threshold=16643 45312 8888 2132
is_linear=0
shrinkage=0.05


Tree=76
num_leaves=31
num_cat=2
split_feature=17 11 4 10 4 17 3 10 4 4 1 18 19 20 4 3 8 18 20 18 5 16 5 4 1 11 4 5 18 20
split_gain=76.2425 8.29905 4.05454 2.76748 2.74393 2.65629 7.85779 3.85632 2.23647 3.47716 3.53944 3.12375 2.527 2.13634 2.10378 2.09477 1.91393 1.88576 1.88064 3.53145 2.02951 1.91914 1.8326 3.64249 2.17389 1.86454 2.01581 1.73735 1.73297 2.30392
threshold=2.9684130377110103 4.2143470814835746 8.5000000000000018 3.7340910832294019 1.5000000000000002 2.7395121577917076 1.0000000180025095e-35 3.0978349487009709 8.5000000000000018 3.5000000000000004 0 0.097779792343852492 4.8398441780746202 0.28145102723360033 2.5000000000000004 1.0000000180025095e-35 5.5000000000000009 0.083732771817098886 0.25030425166315762 0.29772930221405935 1.0000000180025095e-35 0.033163987312117678 1.0000000180025095e-35 10.500000000000002 1 4.5586024129704636 9.5000000000000018 1.0000000180025095e-35 0.11872896377552521 0.14141919676553347
decision_type=8 8 2 8 2 10 2 10 2 2 1 8 8 10 2 2 2 10 8 10 2 10 2 2 1 8 2 2 10 10
left_child=5 2 4 -3 27 -1 7 -7 9 11 17 14 -12 15 -5 -6 -14 -11 19 20 21 -13 23 25 -25 26 -10 -2 -4 -30
right_child=1 3 28 8 13 6 -8 -9 22 10 12 18 16 -15 -16 -17 -18 -19 -20 -21 -22 -23 -24 24 -26 -27 -28 -29 29 -31
leaf_value=-0.022986922516926911 0.0011790388880831681 -0.0014379456816305525 -0.0030894746070245075 0.004182194202414921 -0.00050780966625547529 0.0020562956997353331 -0.0071791928390592345 0.0082163833187031271 0.0012338984204867246 0.006201883244719493 -0.00097405977273343951 0.0058481094991438831 0.0028211334611503492 8.7796066864320461e-05 0.007715547677461518 -0.0040654946141323043 -0.00062249411855920978 -0.0022642630763613967 -0.0013567761267003467 0.0063710629978649463 -0.0010289559512628714 0.0010401244031483007 -0.0012806136492497253 0.00080086387722657032 -0.0019182034899525404 0.0022291290462302577 0.0045041387600020496 -0.0044118007053526361 0.0043316418945901873 -0.00033948494730854278
leaf_weight=13390 960 3185 507 47 1179 465 2368 21 198 23 3353 37 1644 851 20 7738 818 4038 849 24 1326 5317 976 2163 1033 2060 197 337 260 5694
leaf_count=13390 960 3185 507 47 1179 465 2368 21 198 23 3353 37 1644 851 20 7738 818 4038 849 24 1326 5317 976 2163 1033 2060 197 337 260 5694
internal_value=-0.00162808 -0.000564751 -0.0014139 -1.97756e-05 -0.00199503 -0.00456292 -0.003178 0.00261317 0.000163121 -0.000133174 -0.00075233 0.00066929 3.86918e-05 -0.00228194 0.0114179 -0.00251037 0.00125508 -0.001885 0.000573943 0.000854712 0.000785927 0.00121965 0.000945374 0.00129092 0.000178347 0.00273931 0.00588607 0.000165766 -0.000418667 -0.000179712
internal_weight=61078 44834 17526 27308 11065 16244 2854 486 24123 17496 9876 7620 5815 9768 67 8917 2462 4061 7553 6704 6680 5354 6627 5651 3196 2455 395 1297 6461 5954
internal_count=61078 44834 17526 27308 11065 16244 2854 486 24123 17496 9876 7620 5815 9768 67 8917 2462 4061 7553 6704 6680 5354 6627 5651 3196 2455 395 1297 6461 5954
cat_boundaries=0 1 2
cat_threshold=2 2
is_linear=0
shrinkage=0.05


Tree=77
num_leaves=31
num_cat=4
split_feature=10 11 3 12 4 4 5 9 0 3 11 0 18 0 4 0 21 10 3 18 22 4 22 4 12 5 22 22 22 18
split_gain=54.9939 19.4875 5.78413 7.04632 2.99983 4.00893 3.88324 3.45602 3.36435 2.97981 3.67928 2.34209 2.41625 2.07251 1.99841 1.99824 1.91797 1.89145 2.60563 1.85174 1.82357 1.76622 2.61367 1.64527 1.60838 1.59983 1.97972 1.84954 1.73386 1.81684
threshold=3.0130778934489566 3.1112881340356844 1.0000000180025095e-35 3.7340910832294019 8.5000000000000018 4.5000000000000009 1.0000000180025095e-35 1.0000000180025095e-35 0 1.0000000180025095e-35 2.7694539157329841 1 0.10717202013270737 2 6.5000000000000009 3 7.738270210091982 2.8593355435749763 1.0000000180025095e-35 0.58853041335788392 7.5427045077072217 8.5000000000000018 7.4105883894742961 10.500000000000002 2.6706884280042424 1.0000000180025095e-35 7.9807886712132605 7.9218342021687134 7.8694373632161971 0.18362755262131791
decision_type=8 8 2 8 2 2 2 2 1 2 10 1 8 1 2 1 10 10 2 10 10 2 10 2 10 2 10 10 10 10
left_child=17 9 15 14 5 6 11 -7 23 10 -2 20 -13 -8 -4 16 -3 19 -19 -1 -5 -17 -23 25 -16 26 27 28 29 -6
right_child=1 2 3 4 8 7 13 -9 -10 -11 -12 12 -14 -15 24 21 -18 18 -20 -21 -22 22 -24 -25 -26 -27 -28 -29 -30 -31
leaf_value=-0.017980409440081373 -0.0085362163382085941 0.0015787842079216562 -0.004481809772811967 -0.00091496790603164092 0.00082384555174748117 0.00052297684036319144 0.0015462282119877108 -0.0022821723590060179 -0.00015459262085807567 -0.0090845137664822741 0.0024966633274956847 0.0036187601559320819 0.0007888976400374705 -0.0025812576523874965 -0.027378316720278618 -0.0010674768914943167 -0.00095420235892153217 0.0016862917483083156 -0.0063731284870940791 0.00053935720748405247 0.0093802236584675409 0.0022847280677230001 -0.0031283417511264403 0.00041579104253217466 -0.0013575344618078804 4.7322953742644382e-05 -0.0010720853468853141 0.0048597623869851402 -0.0033835064288646813 0.004753732606298057
leaf_weight=11046 384 3374 3150 2361 300 1966 320 7299 5889 4526 319 130 6236 1928 335 1596 532 263 1417 196 36 539 203 1257 4114 431 172 33 68 666
leaf_count=11046 384 3374 3150 2361 300 1966 320 7299 5889 4526 319 130 6236 1928 335 1596 532 263 1417 196 36 539 203 1257 4114 431 172 33 68 666
internal_value=-0.00158514 -0.000808074 -0.000457087 -0.000696494 -0.000342363 -0.000677156 -3.22417e-05 -0.00144361 0.00042763 -0.00369 -0.000661452 0.00044334 0.000944164 -0.00188612 -0.00205224 0.000949711 0.00163943 -0.00448151 -0.00291667 -0.00471535 -0.000886997 -0.000208689 0.00180593 0.00180967 -0.00136997 0.00284431 0.00375706 0.00455951 0.00418762 0.00473085
internal_weight=61086 48164 42935 36691 29092 20276 11011 9265 8816 5229 703 8763 6366 2248 7599 6244 3906 12922 1680 11242 2397 2338 742 2927 4449 1670 1239 1067 1034 966
internal_count=61086 48164 42935 36691 29092 20276 11011 9265 8816 5229 703 8763 6366 2248 7599 6244 3906 12922 1680 11242 2397 2338 742 2927 4449 1670 1239 1067 1034 966
cat_boundaries=0 1 2 3 4
cat_threshold=823 11909 8705 61701
is_linear=0
shrinkage=0.05


Tree=78
num_leaves=31
num_cat=7
split_feature=19 10 3 3 9 0 0 6 20 15 3 22 0 20 20 22 15 21 1 7 20 19 16 0 0 22 21 22 16 0
split_gain=74.7244 7.82255 4.10704 3.98886 3.97145 2.91382 2.75687 2.35221 2.3284 2.02067 5.79145 1.97597 1.93743 3.36154 1.80651 1.83712 2.9728 2.1284 1.47006 4.2946 1.66162 1.42524 1.55561 1.43829 1.36446 2.58885 1.33304 1.3307 2.01218 1.307
threshold=2.9347786018053079 3.4827761888541775 1.0000000180025095e-35 1.0000000180025095e-35 1.0000000180025095e-35 0 1 1.0000000180025095e-35 0.39471388743317015 2.7143594315817698 1.0000000180025095e-35 7.6782349296283661 2 0.39471388743317015 0.1579858349985985 7.6200751214569946 4.34208598460327 7.6214400807672282 3 1.5000000000000002 0.43549546574823322 3.1142396788843061 0.1097506468239272 4 5 7.2502308708025875 7.5041161529300959 7.6116287643274676 0.095670107006095115 6
decision_type=8 8 2 2 2 1 1 2 10 10 2 10 1 8 8 8 10 8 1 10 8 8 10 1 1 8 10 8 10 1
left_child=6 2 21 26 12 7 11 -6 -4 -8 27 -1 13 -5 15 -7 17 -17 -15 20 -20 22 -2 -24 25 -9 29 28 -11 -3
right_child=1 3 8 4 5 14 9 24 -10 10 -12 -13 -14 18 -16 16 -18 -19 19 -21 -22 -23 23 -25 -26 -27 -28 -29 -30 -31
leaf_value=-0.0043124406067238915 0.005391478787577824 0.0015737319281132454 -0.0037073591429570745 0.0016097265983160396 3.8454555498218775e-05 -0.0019332515940394595 -0.022607835112899145 0.0090533483169625752 0.0051488755630423192 0.0091068166032906624 -0.0067289980085420663 0.0071523772405683757 0.00022561165009974738 0.0036077051402935456 -0.0016295242902487736 0.0041697368561006897 0.018747335557588944 0.0010483325486657204 0.0098102008494286366 0.03971161096344137 -0.00078516740758531947 -0.00030476016061405336 -0.0012176051955503074 0.0022286803527508223 -0.0028554152152128762 -0.00066170615066263446 -0.00053838921663858371 -0.00074260367962236196 0.0020335814536713054 0.00031457749142623344
leaf_weight=363 43 2640 5812 1077 12961 696 12713 32 232 20 2269 20 2798 91 8777 23 27 394 37 25 31 720 120 157 2804 2689 1187 211 181 1800
leaf_count=363 43 2640 5812 1077 12961 696 12713 32 232 20 2269 20 2798 91 8777 23 27 394 37 25 31 720 120 157 2804 2689 1187 211 181 1800
internal_value=-0.00159393 -0.000559295 -0.00208498 -0.00027554 -0.000488572 -0.000697639 -0.00455632 -0.000326018 -0.00258438 -0.00465918 -0.00341477 -0.000292622 0.000974377 0.00259245 -0.00138864 0.000482455 0.00299549 0.00195444 0.00885869 0.0132796 0.0067647 0.000817307 0.00359375 0.00222022 -0.00119005 -0.000386307 0.000953438 0.00203883 0.00495025 0.00135135
internal_weight=60950 45173 7084 38089 32462 28403 15777 18486 6044 15394 2681 383 4059 1261 9917 1140 444 417 184 93 68 1040 320 277 5525 2721 5627 412 201 4440
internal_count=60950 45173 7084 38089 32462 28403 15777 18486 6044 15394 2681 383 4059 1261 9917 1140 444 417 184 93 68 1040 320 277 5525 2721 5627 412 201 4440
cat_boundaries=0 1 2 3 4 5 6 7
cat_threshold=29458 8448 257 4 1120 16642 61701
is_linear=0
shrinkage=0.05


Tree=79
num_leaves=31
num_cat=5
split_feature=19 3 15 4 0 1 7 15 3 4 16 4 0 0 4 17 20 5 19 20 3 15 0 16 16 20 15 17 15 17
split_gain=75.1659 7.15624 7.49484 3.33935 3.23686 3.55929 5.95248 3.08684 8.17001 2.77274 2.49087 2.43578 2.33065 2.29079 2.24319 3.50642 2.22574 2.20468 2.21571 2.79514 2.14583 2.64345 2.06239 2.75028 3.04556 2.10248 2.04188 1.95411 1.86207 3.1518
threshold=2.9347786018053079 1.0000000180025095e-35 3.6069616255242427 9.5000000000000018 0 1 12.500000000000002 2.6657963447535873 1.0000000180025095e-35 1.5000000000000002 0.45700099694432722 8.5000000000000018 2 3 1.5000000000000002 3.1269190487323377 0.25030425166315762 1.0000000180025095e-35 5.580795933134751 0.23008331276966018 2.5000000000000004 4.2928951667288073 4 0.15248362129925641 0.12375922257180294 0.18173927266263612 5.6812087940181319 6.5343007620472831 4.6874181093742253 4.8182055855888093
decision_type=8 2 8 2 1 1 10 10 2 2 10 2 1 1 2 10 10 2 10 10 2 8 1 10 10 10 10 8 8 8
left_child=7 14 3 10 5 6 -4 13 -9 16 -3 28 -5 -1 15 -2 17 18 20 -20 -6 22 -22 24 -24 -26 -17 -13 -7 -30
right_child=1 2 4 12 9 11 -8 8 -10 -11 -12 27 -14 -15 -16 26 -18 -19 19 -21 21 -23 23 -25 25 -27 -28 -29 29 -31
leaf_value=-0.0024474161750810603 0.0081516649229683696 -0.0039156863780470111 0.0029508564437340495 -0.0028006454569350766 -0.00019616082394810226 -0.0041683440617541825 0.013545733801528417 0.0026489910656067716 -0.0066250318322991124 -0.00076364129935255318 0.012924363057985272 0.0026293007749036905 0.00086667866401089625 -0.023676796227329412 0.00066214683051782255 0.0014920667273601524 -0.0036997167816165627 -0.00097872332350612545 0.0082091024590308405 -0.0022509902690219311 0.00066309143495253491 0.00097141545196640353 0.0034909602239219344 0.0059067967721394962 0.0081936831225846146 0.010553560601466609 0.0039491185504944215 -0.0045961099872583308 0.0087224807052180171 -8.5227240243502882e-05
leaf_weight=272 35 7084 806 776 621 847 24 542 2881 21565 162 1216 1432 12158 6002 512 158 532 55 26 140 519 68 166 20 27 64 142 43 1981
leaf_count=272 35 7084 806 776 621 847 24 542 2881 21565 162 1216 1432 12158 6002 512 158 532 55 26 140 519 68 166 20 27 64 142 43 1981
internal_value=-0.00152819 -0.000485642 -0.000747202 -0.00196954 -0.000348116 0.000799959 0.00379518 -0.00448906 -0.00315951 -0.000591251 -0.00248827 0.000213997 -0.000267211 -0.00485519 0.00103357 0.0039198 0.00104631 0.00146274 0.00236906 0.0104321 0.00195067 0.00345745 0.00640142 0.0087457 0.015 0.0247872 0.00298611 0.00195876 -0.000611286 0.000212449
internal_weight=60876 45023 38410 9454 28956 5059 830 15853 3423 23897 7246 4229 2208 12430 6613 611 2332 2174 1642 81 1561 940 421 281 115 47 576 1358 2871 2024
internal_count=60876 45023 38410 9454 28956 5059 830 15853 3423 23897 7246 4229 2208 12430 6613 611 2332 2174 1642 81 1561 940 421 281 115 47 576 1358 2871 2024
cat_boundaries=0 1 2 3 4 5
cat_threshold=323 1 9217 8448 3072
is_linear=0
shrinkage=0.05


Tree=80
num_leaves=31
num_cat=3
split_feature=19 10 4 15 1 3 17 3 4 1 20 19 18 18 10 20 3 16 22 20 18 17 16 10 18 22 4 1 16 20
split_gain=76.4091 7.03725 3.84896 4.36723 3.61621 3.61452 2.76761 5.41405 2.53491 4.62621 3.58429 3.33072 3.80652 2.33963 2.10907 2.0943 3.62565 2.13448 2.12764 6.66166 3.2598 2.35919 2.55713 2.47514 2.0056 1.99068 1.87107 2.76658 1.85128 1.7721
threshold=2.9347786018053079 3.4672959664678489 8.5000000000000018 4.1176572757958896 0 1.0000000180025095e-35 2.7395121577917076 1.0000000180025095e-35 2.5000000000000004 1 0.21803504582199171 3.8004122263779458 0.20125433526630007 0.10026396948982759 2.8931418480839728 0.18316000845153305 3.5000000000000004 0.27180650294788927 7.2542076304344159 0.15928358963865982 0.14225906296648486 3.6508887375564698 0.1518741664055428 3.5395079442083337 0.52706834992406637 7.4616602422099954 2.5000000000000004 2 0.2655878061902322 0.15045170147726675
decision_type=8 8 2 8 1 2 10 2 2 1 10 10 10 8 8 8 2 10 8 10 10 10 10 10 10 8 2 1 8 10
left_child=6 5 3 8 15 -2 -1 14 9 10 11 -3 -13 29 -8 16 18 -17 19 -4 -20 22 -22 -24 -7 -16 -15 -28 -29 -5
right_child=1 2 4 13 -6 24 7 -9 -10 -11 -12 12 -14 26 25 17 -18 -19 20 -21 21 -23 23 -25 -26 -27 27 28 -30 -31
leaf_value=-0.019269667274220238 0.00088430678213059831 0.0033294403763601552 0.0096065220094130096 0.0055738748960103097 -0.00032291745150655934 -0.0033863421837263628 -0.0022805646735346136 -0.0055222495912453252 -0.0023551399921785295 -0.00094824347413171922 -0.0020972959055837698 0.013343538319517831 0.0081093112013742412 0.00058948391286724232 0.0086591901811887851 0.00046722327164026173 0.00021477957558938931 0.002721663351376647 -7.2620660578236418e-05 -0.0002204813144023466 0.0080138845452136422 0.0037262112032076405 -0.0011262355622083478 0.00950671237771019 0.0055361445922380943 0.0011181714325785332 -0.0011836750865934112 -0.00035124737935658099 0.002193418961831665 0.0014482077337768574
leaf_weight=13390 1004 149 55 91 6025 5646 169 2022 7173 1828 122 36 26 4631 52 4042 695 422 275 60 46 343 39 25 190 168 5306 4778 2050 134
leaf_count=13390 1004 149 55 91 6025 5646 169 2022 7173 1828 122 36 26 4631 52 4042 695 422 275 60 46 343 39 25 190 168 5306 4778 2050 134
internal_value=-0.00151348 -0.000467019 -0.000203516 -0.000542092 0.000537539 -0.00194445 -0.00450636 -0.00294691 -0.00141097 9.02348e-05 0.00551051 0.00945498 0.0191935 -6.47452e-05 0.00245501 0.0014062 0.0029974 0.000857974 0.00520166 0.0115217 0.0042033 0.00681015 0.0131818 0.00671875 -0.00242118 0.00568182 -0.000132718 -0.000459042 0.000206501 0.005
internal_weight=60992 45191 38351 26324 12027 6840 15801 2411 9334 2161 333 211 62 16990 389 6002 1538 4464 843 115 728 453 110 64 5836 220 16765 12134 6828 225
internal_count=60992 45191 38351 26324 12027 6840 15801 2411 9334 2161 333 211 62 16990 389 6002 1538 4464 843 115 728 453 110 64 5836 220 16765 12134 6828 225
cat_boundaries=0 1 2 3
cat_threshold=2 1 2
is_linear=0
shrinkage=0.05


Tree=81
num_leaves=31
num_cat=0
split_feature=19 3 15 15 3 19 9 5 20 20 3 19 10 17 7 7 16 15 6 3 10 19 6 3 11 6 13 13 10 16
split_gain=74.7085 6.03173 8.09089 2.79484 5.99314 2.42684 1.78499 1.68524 1.68976 1.89589 2.45577 1.72861 1.66703 2.17549 1.76934 3.01907 1.75806 1.61967 1.61606 1.70925 1.59814 1.58538 1.99564 2.07071 1.58025 1.57492 2.43978 1.5092 1.46507 1.34643
threshold=2.9347786018053079 1.0000000180025095e-35 3.3476689571004905 2.6293212718915737 1.0000000180025095e-35 5.0260785061584121 1.0000000180025095e-35 1.0000000180025095e-35 0.15928358963865982 0.28617235448294148 1.5000000000000002 3.9066994841172051 4.2420456599555605 4.1681968713725563 12.500000000000002 26.500000000000004 0.11614702447121632 3.3790911369959642 1.0000000180025095e-35 3.5000000000000004 2.8931418480839728 3.4206309845815674 1.0000000180025095e-35 3.5000000000000004 3.8846512804974966 1.0000000180025095e-35 3.6014124977339228 3.2600159261750652 3.4827761888541775 0.23724561631217869
decision_type=8 2 8 10 2 10 2 2 8 10 2 10 10 8 10 10 10 8 2 2 8 10 2 2 10 2 8 8 8 8
left_child=3 25 6 -1 20 7 -3 8 -4 12 -11 18 14 16 17 -16 -14 21 19 24 -5 22 23 -10 -12 26 -2 -25 -19 -7
right_child=1 2 5 4 -6 29 -8 -9 9 10 11 -13 13 -15 15 -17 -18 28 -20 -21 -22 -23 -24 27 -26 -27 -28 -29 -30 -31
leaf_value=-0.022928866386608449 0.003113364404706059 0.020591817905882867 0.00060563316388131949 -0.0012602585839070046 -0.0065248740590334482 -3.2811327232963242e-05 -0.0031909022730578808 -0.0023023815772220983 0.0018702586543576016 -0.0030942938243511894 -0.0039659798905610699 0.00060711951374104269 0.0038638352875513776 -0.00029860975473688201 0.013608952685795206 0.0044652061121582959 0.0020423487105958016 -0.0045650975282514493 0.0023444518453128171 0.0098792849905551192 0.0037247665374435172 -0.002858395047761704 -0.00093456055790467241 0.0010911662300978843 0.01086033867343235 -0.00017326061449200159 0.00080620693430632931 0.0066803686033647201 -0.0010948829102506482 0.0013594619195418677
leaf_weight=11878 746 37 2477 346 3238 4541 5828 3254 58 395 54 1393 27 5012 20 116 515 1066 274 124 278 97 66 20 27 2028 3784 26 11268 1947
leaf_count=11878 746 37 2477 346 3238 4541 5828 3254 58 395 54 1393 27 5012 20 116 515 1066 274 124 278 97 66 20 27 2028 3784 26 11268 1947
internal_value=-0.00151871 -0.000485621 -0.000723566 -0.00448539 -0.00331694 -0.00041752 -0.00243393 -0.000631254 -0.000480791 -0.00062944 0.00073445 0.00149038 -0.000798481 -7.56224e-05 -0.00111369 0.00455882 0.00293358 -0.00117491 0.00408142 0.00743902 0.00116987 0.0026779 0.00558823 0.00990384 0.00179012 0.000916437 0.00143488 0.0178261 -0.00125831 0.000448519
internal_weight=60940 45200 38642 15740 3862 32777 5865 26289 23035 20558 2267 1872 18291 5554 12737 136 542 12601 479 205 624 267 170 104 81 6558 4530 46 12334 6488
internal_count=60940 45200 38642 15740 3862 32777 5865 26289 23035 20558 2267 1872 18291 5554 12737 136 542 12601 479 205 624 267 170 104 81 6558 4530 46 12334 6488
is_linear=0
shrinkage=0.05


Tree=82
num_leaves=31
num_cat=4
split_feature=19 10 15 3 3 15 4 4 1 1 22 1 21 18 17 22 4 8 22 0 22 4 18 22 10 22 22 22 22 3
split_gain=72.7507 6.07421 3.58426 7.43617 3.32154 3.00682 2.87447 4.16965 3.64912 3.06744 2.25815 2.23641 2.21901 2.0451 2.03621 3.17527 3.64918 2.82911 2.59831 1.79301 2.15249 1.78591 2.51741 2.21491 1.774 1.74755 1.74425 1.73091 1.74568 1.7043
threshold=2.9347786018053079 3.4226313317757437 2.6988383602488448 1.0000000180025095e-35 1.0000000180025095e-35 5.0799675709968595 1.5000000000000002 8.5000000000000018 0 1 7.5532848675795057 2 7.0770759345065919 0.14225906296648486 4.5315947604843929 7.9094006885392307 9.5000000000000018 5.5000000000000009 7.717604205605082 3 7.0879035308073073 4.5000000000000009 0.20372994569372693 7.4880138386949682 3.0978349487009709 7.4683611146345923 7.6606010360734489 7.0124397280683555 7.3499099245453996 2.5000000000000004
decision_type=8 8 10 2 2 8 2 2 1 1 8 1 10 10 10 8 2 2 10 1 8 2 8 8 8 10 10 8 8 2
left_child=2 4 19 24 -2 6 11 9 10 -8 -9 26 -7 -12 15 16 -15 -17 -18 20 -1 22 23 -11 -4 -26 -3 -13 -29 -19
right_child=1 5 3 -5 -6 12 7 8 -10 21 13 27 -14 14 -16 17 18 29 -20 -21 -22 -23 -24 -25 25 -27 -28 28 -30 -31
leaf_value=0.039160639741222289 0.00081994195943657232 -0.0013383812493500795 0.00052671789481753886 -0.0055142790320430761 -0.0031039335927594085 0.0011859644330502685 -0.0020860304587177738 -0.00021154256402015106 -0.00063827392014052407 -0.0011192181239607407 -0.00039954112051500916 -0.00085846001685672382 -0.00048592354431522606 0.0033969634654864678 -0.00033632240790837191 -1.1496345689434814e-05 0.0033753292122869791 0.0028050324835275477 0.0057987754585101386 -0.019292912630997083 -0.0062826590195950152 -0.0012808104671883569 0.0016816044268414699 0.0025147522448596554 0.0065272706662105329 0.00031844809403499565 0.0075651749505105019 0.0034326108454866447 0.001589113231766447 0.0024798170805918362
leaf_weight=40 960 736 329 2548 5353 4830 9208 1739 5001 1753 591 436 2565 276 551 870 124 452 55 12537 242 5597 1487 222 76 62 45 236 1372 617
leaf_count=40 960 736 329 2548 5353 4830 9208 1739 5001 1753 591 436 2565 276 551 870 124 452 55 12537 242 5597 1487 222 76 62 45 236 1372 617
internal_value=-0.00151289 -0.000488731 -0.00442845 -0.00287728 -0.00192698 -0.000254496 -0.000468313 -0.000618892 0.000186842 -0.00107215 0.00110426 0.0010531 0.000652467 0.00182975 0.00236842 0.00299916 0.00675824 0.00211707 0.0123184 -0.00479328 -0.000719179 -0.000418922 0.000473713 -0.000696204 0.00292291 0.00768116 -0.00122279 0.0019227 0.00268035 0.00384004
internal_weight=60910 45076 15834 3015 6313 38763 31368 28543 10276 18267 5275 2825 7395 3536 2945 2394 455 1939 179 12819 282 9059 3462 1975 467 138 781 2044 1608 1069
internal_count=60910 45076 15834 3015 6313 38763 31368 28543 10276 18267 5275 2825 7395 3536 2945 2394 455 1939 179 12819 282 9059 3462 1975 467 138 781 2044 1608 1069
cat_boundaries=0 1 2 3 4
cat_threshold=2 2 4 8448
is_linear=0
shrinkage=0.05


Tree=83
num_leaves=31
num_cat=0
split_feature=19 15 3 17 3 4 4 17 18 9 17 7 16 3 19 20 18 3 18 20 16 4 17 4 12 15 14 17 18 20
split_gain=72.7239 5.46045 6.65559 3.65482 8.96699 3.15414 2.62399 1.95555 1.84611 1.82084 1.79254 1.57251 1.54297 2.40294 1.6753 1.49999 1.79444 1.90476 1.4348 2.29457 3.39518 2.59853 1.79156 1.88036 1.63794 1.69707 1.65381 1.4859 1.40974 2.41698
threshold=2.9347786018053079 3.9606242369756273 1.0000000180025095e-35 2.6194486892349915 1.0000000180025095e-35 8.5000000000000018 2.5000000000000004 3.7631492991486435 0.65620078068784171 1.0000000180025095e-35 5.1745259913720156 212.50000000000003 0.096785684030065183 4.5000000000000009 6.8973898855664819 0.21694528715732217 0.23941655026006151 2.5000000000000004 0.1630065495790459 0.19432323993358555 0.18867996087555983 2.5000000000000004 3.5340029486121778 5.5000000000000009 3.319624092958199 3.3790911369959642 3.2128557283207999 3.7243371609626954 0.13059420011497619 0.18956014971378857
decision_type=8 8 2 10 2 2 2 10 10 2 10 10 10 2 10 10 10 2 10 10 10 2 10 2 8 10 8 10 10 10
left_child=3 2 7 8 -5 6 15 18 -1 -8 11 -3 -12 28 -15 16 -4 -18 -2 20 21 -20 23 -23 26 -26 -25 -22 29 -14
right_child=1 10 5 4 -6 -7 9 -9 -10 -11 12 -13 13 14 -16 -17 17 -19 19 -21 27 22 -24 24 25 -27 -28 -29 -30 -31
leaf_value=-0.021236766841392397 -3.0738143225521974e-05 -0.00014213475638351767 5.2218348611485376e-05 0.0016883172338374398 -0.0060580209224274355 -0.00072496760558252919 0.00067376467919764949 -0.0015658053050148499 -0.0023575837291651249 -0.0039777083849338356 0.0031436182216265326 0.006598564936308682 -0.00012508454073620968 0.001922111052163162 0.0077599840505267956 -0.0035388678697284362 -0.0019583744430612749 0.0084016038527419123 0.006342325216590939 0.00084478681002315016 -0.00023953791156696531 0.00072676379881649988 -0.00087810416752035674 0.0046736646985686891 -0.00011603873675278422 0.0084837342788748309 0.010631299288275046 0.0039658911151415439 -0.00037393319571583396 0.0076456902829339412
leaf_weight=11562 678 21031 1321 673 3347 5656 438 655 245 7567 802 22 139 1133 32 624 21 35 52 987 210 70 65 20 32 22 38 22 3482 70
leaf_count=11562 678 21031 1321 673 3347 5656 438 655 245 7567 802 22 139 1133 32 624 21 35 52 987 210 70 65 20 32 22 38 22 3482 70
internal_value=-0.00144478 -0.000423891 -0.00108383 -0.00436185 -0.0030597 -0.00148832 -0.00202179 0.0011382 -0.0048052 -0.00242661 3.35056e-05 -0.000178836 0.000823611 0.000488055 0.00246781 -0.0004023 0.000519244 0.00928571 0.00185337 0.00270751 0.00535781 0.0088796 0.00674089 0.00928571 0.0133036 0.00703704 0.0191379 0.000818964 -0.00013682 0.00385167
internal_weight=61051 45224 18513 15827 4020 15662 10006 2851 11807 8005 26711 21053 5658 4856 1165 2001 1377 56 2196 1518 531 299 247 182 112 54 58 232 3691 209
internal_count=61051 45224 18513 15827 4020 15662 10006 2851 11807 8005 26711 21053 5658 4856 1165 2001 1377 56 2196 1518 531 299 247 182 112 54 58 232 3691 209
is_linear=0
shrinkage=0.05


Tree=84
num_leaves=31
num_cat=7
split_feature=19 11 0 10 4 4 22 0 19 0 15 1 20 20 4 13 18 20 1 0 4 20 19 22 13 18 5 1 18 14
split_gain=73.402 5.76577 3.32087 2.57554 2.07508 3.06824 1.97226 1.86139 3.34151 2.83396 3.18044 2.57486 2.65027 2.43 1.78345 1.76539 1.76071 2.01935 1.74685 1.63651 1.61057 1.81743 1.55043 1.51889 1.49962 1.49142 1.48919 1.4487 1.55203 2.61687
threshold=2.9347786018053079 3.9189981260915085 0 3.8297271732458493 6.5000000000000009 1.5000000000000002 7.4716973985623012 1 6.7675469401803143 2 6.5670474351590027 3 0.29641873691418785 0.15558476246201519 10.500000000000002 4.5266678115830095 0.20435004058587078 0.19188790323590313 4 5 2.5000000000000004 0.18316000845153305 4.0574680972664856 7.4616602422099954 3.6014124977339228 0.10717202013270737 1.0000000180025095e-35 6 0.16424689071167567 5.3487727817861055
decision_type=8 8 1 8 2 2 8 1 8 1 10 1 8 10 2 10 10 10 1 1 2 8 8 10 10 8 2 1 10 10
left_child=2 4 6 -3 5 23 14 8 15 10 11 12 13 -10 -1 -5 20 -18 -7 24 27 -22 -23 -2 -6 -17 -21 -9 29 -29
right_child=1 3 -4 7 19 18 -8 16 9 -11 -12 -13 -14 -15 -16 25 17 -19 -20 26 21 22 -24 -25 -26 -27 -28 28 -30 -31
leaf_value=-0.0017201765027920956 -0.00050230842304562688 -0.0014007472769827006 -0.014464839784983217 0.00094267568154440123 -0.00085924603012615421 -0.0039463733852870648 -0.0054311411672837151 -0.001751557041363561 0.041918154786828192 -0.0026592756839159066 0.0017572699623354376 0.0046582196864125482 0.012876313567672116 -0.0053627889740671354 0.0041099258045875645 0.0031532511637836283 0.0014996065946292743 0.00013061602978643391 -0.0015384072670823472 0.00017695690583590466 -5.0042039117216979e-05 0.00020952560548570054 -0.0024916900731374418 0.0028547697256481566 -0.0041365420915710181 -0.00023870064762434901 -0.0021871312376585956 0.0021709875137010796 -0.00026852529260913487 0.0090347808033381799
leaf_weight=267 730 4445 12793 4665 1922 3279 2647 681 20 154 287 70 114 30 58 127 634 5512 1678 4140 2961 890 3498 185 806 6246 611 727 849 22
leaf_count=267 730 4445 12793 4665 1922 3279 2647 681 20 154 287 70 114 30 58 127 634 5512 1678 4140 2961 890 3498 185 806 6246 611 727 849 22
internal_value=-0.00142413 -0.000401145 -0.00436251 -3.63284e-05 -0.00127369 -0.00197718 -0.00282026 0.000144249 0.000621427 0.00403704 0.00573446 0.0101709 0.0135976 0.004 0.000846153 0.000413117 -0.000210341 0.000450698 -0.00246823 -0.000721354 -0.000632531 -0.000992653 -0.00163856 0.000683059 -0.00169467 -0.000127884 -0.000158581 0.000528739 0.00135169 0.00301068
internal_weight=61048 45283 15765 31932 13351 5872 2972 27487 11713 675 521 234 164 50 325 11038 15774 6146 4957 7479 9628 7349 4388 915 2728 6373 4751 2279 1598 749
internal_count=61048 45283 15765 31932 13351 5872 2972 27487 11713 675 521 234 164 50 325 11038 15774 6146 4957 7479 9628 7349 4388 915 2728 6373 4751 2279 1598 749
cat_boundaries=0 1 2 3 4 5 6 7
cat_threshold=13608 16867 385 1 2 50180 4
is_linear=0
shrinkage=0.05


Tree=85
num_leaves=31
num_cat=0
split_feature=19 10 3 3 12 15 18 15 4 18 15 11 16 3 3 14 17 3 16 4 9 4 20 19 13 14 10 10 16 13
split_gain=70.8449 7.56455 3.89678 2.94861 3.21293 2.47312 2.15544 2.03138 2.2424 3.2705 2.25879 1.95201 1.94303 1.90473 2.40492 1.83407 1.66782 6.5354 1.7685 1.56042 1.60383 1.90612 1.81962 1.57003 1.77084 1.55045 1.53165 1.50628 1.49783 1.59309
threshold=2.7778940510464234 3.4226313317757437 1.0000000180025095e-35 1.0000000180025095e-35 3.4980204219247493 3.7104108567944776 0.52706834992406637 3.3790911369959642 7.5000000000000009 0.24338753699263674 3.0349795743195105 4.648708373426703 0.0662399235822798 4.5000000000000009 5.5000000000000009 2.8003208578683441 2.6194486892349915 1.0000000180025095e-35 0.1779024073785179 7.5000000000000009 1.0000000180025095e-35 3.5000000000000004 0.18776835760393193 3.8831592975797329 3.7577049642608613 5.0294569948337191 4.1720766135341369 2.8593355435749763 0.25274268810412398 2.6426160634996907
decision_type=8 8 2 2 8 8 10 8 2 10 10 8 10 2 2 8 10 2 10 2 2 2 10 8 10 10 8 10 10 10
left_child=16 2 7 5 -5 15 27 8 12 10 -10 19 -2 -8 -15 -3 -1 18 -18 20 23 22 -22 24 -6 -21 -7 -4 29 -20
right_child=1 3 6 4 11 26 13 -9 9 -11 -12 -13 -14 14 -16 -17 17 -19 28 25 21 -23 -24 -25 -26 -27 -28 -29 -30 -31
leaf_value=-0.019458188193990977 0.0019205074616753402 0.0070181185951921719 -0.0080611375438858334 -0.002628013798514189 0.0077167218077594975 -0.0017474882004161092 -0.0018995284860063228 -0.0046720416698287134 0.0037524341865462305 0.0066234115968862575 0.00034733950184568036 0.00016214763966934797 -0.00054594635292786603 0.036374542288392646 0.0012937217803875509 0.0015570969567595845 0.00022219172620128181 -0.0072395755745416753 0.0057128760888143244 -0.00012429834573262784 0.00092272161627250616 -0.0027946962459820032 -0.00086899566959021803 0.00010894309742727075 0.019570695739470179 0.0048136512919833094 0.0008400752015864278 -0.00230236413755169 -0.0043080166138640035 0.0053204131593285733
leaf_weight=11763 24 53 1178 3151 62 1106 122 219 123 29 223 15646 579 33 36 1132 219 1792 55 6271 1406 4561 2180 345 28 31 3465 5177 20 56
leaf_count=11763 24 53 1178 3151 62 1106 122 219 123 29 223 15646 579 33 36 1132 219 1792 55 6271 1406 4561 2180 345 28 31 3465 5177 20 56
internal_value=-0.00139601 -0.000471599 -0.00190043 -0.000191065 -0.000369794 0.000854759 -0.00238008 0.000722639 0.00169734 0.00473333 0.0033815 -0.000212907 -0.000190714 0.0028534 0.00949275 0.00289029 -0.00453254 -0.0032493 0.003 -0.000622818 -0.00106153 -0.00121947 -0.000356945 0.00189655 0.00777778 -2.539e-05 0.000327061 -0.00253737 0.00759542 0.00986486
internal_weight=61085 47180 7743 39437 33681 5756 6546 1197 978 375 346 30530 603 191 69 1185 13905 2142 350 14884 8582 8147 3586 435 90 6302 4571 6355 131 111
internal_count=61085 47180 7743 39437 33681 5756 6546 1197 978 375 346 30530 603 191 69 1185 13905 2142 350 14884 8582 8147 3586 435 90 6302 4571 6355 131 111
is_linear=0
shrinkage=0.05


Tree=86
num_leaves=31
num_cat=5
split_feature=17 3 10 11 13 4 0 10 4 3 15 12 15 20 22 4 20 0 20 5 0 1 20 12 20 4 18 0 20 11
split_gain=70.3052 6.48771 7.41136 2.94936 2.67622 2.5562 2.39238 2.24512 2.06731 2.05684 5.25676 2.30345 3.27468 1.91881 1.81507 1.80877 1.77534 1.89479 1.77473 2.60686 1.97367 2.9441 2.116 1.64876 1.6188 1.6583 2.02885 1.8328 2.15111 1.98635
threshold=2.8138908115741263 1.0000000180025095e-35 3.3481466162208831 4.6205511668131125 2.8931418480839728 9.5000000000000018 0 4.4584086369496969 9.5000000000000018 1.0000000180025095e-35 2.6124510710747839 2.8763815484389119 2.817549960551311 0.25969483435351343 7.8046260165063872 1.5000000000000002 0.28145102723360033 1 0.19895899550013732 1.0000000180025095e-35 2 3 0.14484696803004968 2.8063815381345165 0.16314298002127295 11.500000000000002 0.19769074135224665 4 0.21547238831793344 4.1470948151514717
decision_type=8 2 8 10 8 2 1 10 2 2 10 10 10 8 8 2 8 1 10 2 1 1 10 10 8 2 10 1 8 10
left_child=6 4 -3 5 23 7 -1 15 14 10 -8 -12 -13 -10 -6 18 -17 -18 19 20 -4 -22 -23 -2 -7 26 27 28 29 -26
right_child=1 2 3 -5 8 24 9 -9 13 -11 11 12 -14 -15 -16 16 17 -19 -20 -21 21 22 -24 -25 25 -27 -28 -29 -30 -31
leaf_value=0.0013239341529219795 0.0041201368995940346 -0.0028612359812385134 0.00091332069928491168 0.00034693770117218223 0.0007920109283444045 0.0018027120630253282 -0.010635042475355546 0.00019769370165241193 0.0029911118206287449 -0.015155495206556192 0.00014812493074764177 -0.00050763368305059 0.0044595895048387549 -0.0015763840487491177 -0.00060199195163955976 -0.0018504127056056391 -0.002988332259292258 0.0013022689205826046 -0.0014291749031303199 -0.0036331755355319263 -0.0075703973652753616 -0.006965320846681897 0.0067479923145609333 0.0068175156978565162 0.001594750726914853 -0.0011861144697924411 0.0012896008230769886 -0.0015172064250232821 -0.0016171815655605438 0.0063498301325191527
leaf_weight=242 79 5484 382 7986 3444 941 1859 3601 1308 11707 405 22 20 203 1727 12662 414 1287 842 216 54 25 225 72 250 1958 1850 1334 252 51
leaf_count=242 79 5484 382 7986 3444 941 1859 3601 1308 11707 405 22 20 203 1727 12662 414 1287 842 216 54 25 225 72 250 1958 1850 1334 252 51
internal_value=-0.00136219 -0.000423072 -0.000667354 -0.0003947 0.00100029 -0.000649865 -0.00443529 -0.000935662 0.00085154 -0.00451865 -0.00315698 0.00171141 0.0128571 0.00247849 0.000376135 -0.00118799 -0.00137263 0.000144032 0.000332568 0.00187361 0.00338192 0.00630573 0.0088 0.00758278 0.000198914 -0.000118526 0.000499062 -0.000654479 0.00174955 0.00463455
internal_weight=60902 46647 39814 34330 6833 26344 14255 19708 6682 14013 2306 447 42 1511 5171 16107 14363 1701 1744 902 686 304 250 151 6636 5695 3737 1887 553 301
internal_count=60902 46647 39814 34330 6833 26344 14255 19708 6682 14013 2306 447 42 1511 5171 16107 14363 1701 1744 902 686 304 250 151 6636 5695 3737 1887 553 301
cat_boundaries=0 1 2 3 4 5
cat_threshold=256 45590 43521 4 2458
is_linear=0
shrinkage=0.05


Tree=87
num_leaves=31
num_cat=5
split_feature=19 10 4 14 3 0 3 17 0 1 22 3 17 12 20 17 13 0 3 10 20 18 4 0 21 19 15 3 18 3
split_gain=64.9992 5.37588 4.54943 4.07757 2.8243 2.1482 2.15556 4.78272 2.07972 2.06414 5.83186 3.03203 2.99746 2.90255 2.90221 4.07595 2.04064 2.01311 1.94009 1.92969 1.82274 1.7653 2.01648 1.7185 1.92362 2.72871 1.6417 1.90273 1.63796 2.05596
threshold=2.7778940510464234 3.0978349487009709 9.5000000000000018 4.2319299614794561 1.0000000180025095e-35 0 1.0000000180025095e-35 2.6194486892349915 1 2 7.5532848675795057 1.0000000180025095e-35 4.2998352000710129 4.2520600549241934 0.18358392924436467 3.5340029486121778 4.5047970590520068 3 1.0000000180025095e-35 3.4061835480678275 0.74679248621259686 0.38078518602177597 4.5000000000000009 4 7.42446352143262 2.7070280850697608 3.39606785014707 3.5000000000000004 0.11998766260827202 4.5000000000000009
decision_type=8 8 2 8 2 1 2 10 1 1 10 2 10 10 10 10 10 1 2 8 10 10 2 1 10 10 10 2 10 2
left_child=5 4 3 18 -2 -1 7 -7 16 10 11 14 13 28 15 19 -5 -11 -3 -4 -6 22 -10 24 25 -9 27 -23 -12 -30
right_child=1 2 9 8 20 6 -8 23 21 17 12 -13 -14 -15 -16 -17 -18 -19 -20 -21 -22 26 -24 -25 -26 -27 -28 -29 29 -31
leaf_value=-0.00021265768000733304 0.00047602565179001729 5.8855248867742493e-05 0.0059419406804846397 0.0011689501843649044 -0.0043658992032073653 -0.0096620225208627463 -0.014843206120801172 0.0080392388201709145 -0.00013989881100068282 0.0020265924477742814 -0.0048831365456006911 0.00020842489766919678 0.0018696202140682829 0.0066264172839426809 0.0029650383075800896 0.0024454778857457161 -0.00027370231078273669 -0.00057408312380432419 -0.0018232470547081268 0.01041038466541053 0.019723576409832279 -0.001229901990836382 -0.0020731000222878712 -0.00075539961036846705 -0.0039963854019567369 0.003701182609567478 0.00098483141834037453 0.024036517361761264 0.0081993208721847441 0.0006032957302147101
leaf_weight=279 616 1831 30 3270 3045 1842 11422 41 6877 451 31 4552 205 21 553 95 4387 4237 10933 21 87 20 5047 240 23 45 677 23 136 46
leaf_count=279 616 1831 30 3270 3045 1842 11422 41 6877 451 31 4552 205 21 553 95 4387 4237 10933 21 87 20 5047 240 23 45 677 23 136 46
internal_value=-0.00139998 -0.000515036 -0.000358287 -0.000644943 -0.00233191 -0.00440613 -0.0044935 -0.00306025 -0.000204671 0.000555019 0.00119508 0.00073224 0.00673121 0.0105983 0.00379828 0.0100685 0.000445414 -0.000221844 -0.00134519 0.0214706 -0.00294061 -0.000598231 -0.000743879 0.00230659 0.00718487 0.0112791 0.00180555 0.0112791 0.00884976 0.0106593
internal_weight=61083 47191 43443 33065 3748 13892 13613 2191 20301 10378 5690 5251 439 234 699 146 7657 4688 12764 51 3132 12644 11924 349 109 86 720 43 213 182
internal_count=61083 47191 43443 33065 3748 13892 13613 2191 20301 10378 5690 5251 439 234 699 146 7657 4688 12764 51 3132 12644 11924 349 109 86 720 43 213 182
cat_boundaries=0 1 2 3 4 5
cat_threshold=8448 17217 2 161 6
is_linear=0
shrinkage=0.05


Tree=88
num_leaves=31
num_cat=4
split_feature=19 3 15 5 15 3 19 0 3 9 3 20 18 16 22 0 21 0 22 18 20 12 16 20 7 18 14 7 12 0
split_gain=66.4718 4.66663 7.6309 2.68554 2.67789 5.23345 2.52271 2.37912 2.28274 4.38926 5.41953 4.27209 2.60324 4.92308 2.47362 2.07944 2.111 2.0329 2.09511 2.00319 2.00092 1.88727 1.78261 2.53917 1.73831 1.72032 1.63098 1.58762 1.53036 1.50407
threshold=2.7994681498712319 1.0000000180025095e-35 3.2366990115173526 1.0000000180025095e-35 2.5999521792358911 1.0000000180025095e-35 3.1142396788843061 0 4.5000000000000009 1.0000000180025095e-35 5.5000000000000009 0.34931248956310962 0.23743431034386211 0.15248362129925641 7.4582680198718174 1 7.3014850739969832 2 7.0879035308073073 0.10289115423334889 0.17831740372374327 3.2445416716933457 0.23021212215492851 0.18358392924436467 12.500000000000002 0.19494527364236944 4.2745803703905905 2.5000000000000004 4.8594246571534079 3
decision_type=8 2 8 2 10 2 8 1 2 2 2 10 10 10 8 1 10 1 8 8 8 10 10 10 10 8 10 10 10 1
left_child=4 6 -3 7 17 -6 21 8 15 10 11 25 13 27 -13 -4 19 18 -1 -17 29 -2 -22 -24 -21 -10 -18 -12 -15 -9
right_child=1 2 3 -5 5 -7 -8 20 9 -11 12 14 -14 28 -16 16 26 -19 -20 24 22 -23 23 -25 -26 -27 -28 -29 -30 -31
leaf_value=0.040004786524916423 0.0017627202176636156 -0.0027350085196389388 -0.0020365752057974295 -0.0018088965477341895 0.0013066991602892182 -0.0050556171740418843 0.00032931802765453463 0.0011932721626444337 0.035766230368724561 0.00030164016885994886 -0.001523295388562004 0.0079135046789208709 -0.001019002899552475 0.011652238043781732 0.017229413622254348 0.0044286690294011548 -0.0022233118431444275 -0.018426397936190737 -0.0062258842045071006 0.00077733532651875581 -0.0010958922814188494 0.0052441914039846023 0.0088584561189719614 -2.3969184315797502e-05 0.0083253836371839675 -3.2619778075371501e-05 0.00024286454966995579 0.013755972947695223 0.0068473780765775268 -0.00027989770235056945
leaf_weight=33 706 5650 1163 4418 463 2271 6137 1650 23 2759 116 42 275 21 32 74 895 11167 209 3596 10700 39 58 3640 27 55 1719 40 57 2810
leaf_count=33 706 5650 1163 4418 463 2271 6137 1650 23 2759 116 42 275 21 32 74 895 11167 209 3596 10700 39 58 3640 27 55 1719 40 57 2810
internal_value=-0.00133577 -0.000426321 -0.000634105 -0.00035265 -0.0043389 -0.00293343 0.000775936 -0.000181838 0.000406272 0.00147661 0.00513616 0.0134211 0.00266208 0.00653846 0.022027 -8.29554e-05 0.000276063 -0.0046757 -3.96837e-05 0.00104544 -0.000521519 0.00352349 -0.000808447 0.000137911 0.000879105 0.00525641 -0.000811019 0.00141026 0.0167949 0.000403586
internal_weight=60845 46702 39820 34170 14143 2734 6882 29752 10894 3420 661 152 509 234 74 7474 6311 11409 242 3697 18858 745 14398 3698 3623 78 2614 156 78 4460
internal_count=60845 46702 39820 34170 14143 2734 6882 29752 10894 3420 661 152 509 234 74 7474 6311 11409 242 3697 18858 745 14398 3698 3623 78 2614 156 78 4460
cat_boundaries=0 1 2 3 4
cat_threshold=16739 32 256 5144
is_linear=0
shrinkage=0.05


Tree=89
num_leaves=31
num_cat=0
split_feature=17 10 3 5 3 15 15 10 15 3 20 14 19 20 18 22 14 10 19 18 18 17 3 20 20 17 20 18 20 17
split_gain=66.1506 6.77226 3.93949 3.7644 2.2388 2.79977 2.15369 1.71596 1.69254 3.58874 1.60981 1.58326 1.74763 1.75908 2.46872 1.99569 1.84091 1.6569 1.50735 1.43987 1.43066 2.32373 2.02703 2.52204 2.0023 1.36725 1.66862 1.36356 1.68468 2.24561
threshold=2.7395121577917076 3.3481466162208831 1.0000000180025095e-35 1.0000000180025095e-35 1.0000000180025095e-35 4.4748027294980863 3.7104108567944776 3.8188100212386229 2.5232046155697452 1.0000000180025095e-35 0.16193163050410544 2.8183938029159621 3.6725530146898087 0.24719497187218722 0.16368352821588047 7.817154515001401 3.882593664424943 3.590438430051266 3.9498206142782863 0.65620078068784171 0.10717202013270737 4.757706904332033 4.5000000000000009 0.14963395780947539 0.17403613627853767 3.9906350348771094 0.18316000845153305 0.14225906296648486 0.14141919676553347 3.2991555738808249
decision_type=8 8 2 2 2 8 8 8 10 2 10 8 10 10 10 10 10 8 10 10 8 10 2 10 10 8 10 10 10 10
left_child=8 2 -2 4 6 10 11 -8 19 -10 27 -3 -13 14 -14 16 17 -16 -5 -1 21 -7 23 -23 -25 26 -20 -6 29 -29
right_child=1 3 -4 18 5 20 7 -9 9 -11 -12 12 13 -15 15 -17 -18 -19 25 -21 -22 22 -24 24 -26 -27 -28 28 -30 -31
leaf_value=-0.021538622069863102 0.00052201099629179933 0.0075823077872868676 -0.0028219536496817666 -0.0035302442140776589 -0.00041736701432767715 -0.0022158517150828237 -0.0032012513150073921 0.00081046656925779946 0.00029551555639328203 -0.0063618423149808256 -0.00069809944311663734 0.0013396926990688429 0.0005952801521427756 -0.0049208783499386189 0.003072603197624433 -1.1174867790032795e-05 0.0075904215705501852 0.0079991730495816826 0.0062302269488774507 -0.0016671897715509875 0.00030136305257588269 0.005766351880302889 -0.0017179653820558001 -0.0013195303127811133 0.009034150013788966 -0.00096200914281881406 0.00062897613596766058 -0.0040144309416774663 0.0010057769573305543 0.0057901435059380633
leaf_weight=10315 1119 52 6076 1771 1295 85 307 3696 455 2487 16229 934 48 46 20 20 28 29 27 224 11088 59 74 40 49 3197 89 38 925 114
leaf_count=10315 1119 52 6076 1771 1295 85 307 3696 455 2487 16229 934 48 46 20 20 28 29 27 224 11088 59 74 40 49 3197 89 38 925 114
internal_value=-0.00133796 -0.000459911 -0.00187283 -0.000207403 -2.35968e-05 -0.00018936 0.000936292 0.000383461 -0.00442883 -0.00336846 -0.000567444 0.00281648 0.00242222 0.0067801 0.00948276 0.0140722 0.0177273 0.0235714 -0.00147915 -0.00472483 0.000427818 0.00379479 0.00648649 0.00986486 0.00455056 -0.000849684 0.00448276 0.00064924 0.00196379 0.0068421
internal_weight=60936 47455 7195 40260 35176 29996 5180 4003 13481 2942 18601 1177 1125 191 145 97 77 49 5084 10539 11395 307 222 148 89 3313 116 2372 1077 152
internal_count=60936 47455 7195 40260 35176 29996 5180 4003 13481 2942 18601 1177 1125 191 145 97 77 49 5084 10539 11395 307 222 148 89 3313 116 2372 1077 152
is_linear=0
shrinkage=0.05


Tree=90
num_leaves=31
num_cat=4
split_feature=17 10 3 5 0 3 17 0 6 18 20 3 17 10 16 17 1 7 0 20 14 13 19 13 20 14 14 20 14 3
split_gain=64.8557 5.88115 4.37769 2.7603 2.44535 1.84102 3.98106 1.78441 2.04416 2.06844 3.29473 2.11655 2.74719 2.20158 2.04323 1.95105 1.92833 1.85917 1.73232 1.94234 1.6 1.5677 1.56753 1.47575 1.93958 1.46922 1.38481 2.55931 2.20821 1.3621
threshold=2.7092104844359741 3.3481466162208831 1.0000000180025095e-35 1.0000000180025095e-35 0 1.0000000180025095e-35 2.4314891578321411 1 1.0000000180025095e-35 0.19225288237905261 0.20494447644402089 1.0000000180025095e-35 3.8320910867947391 4.2420456599555605 inf 6.5343007620472831 2 14.500000000000002 3 0.25030425166315762 3.7220716903991282 3.319624092958199 3.9498206142782863 4.5266678115830095 0.31985824193441265 2.7819152571143779 4.9575860112324746 0.19935580627653263 5.1558893318666792 4.5000000000000009
decision_type=8 8 2 2 1 2 10 1 2 10 8 2 10 10 8 10 1 10 1 10 10 8 10 8 10 10 10 10 10 2
left_child=4 2 -2 7 -1 6 -6 17 9 10 26 12 16 -14 -13 -16 20 -3 19 -4 -11 25 -5 24 -15 -18 -9 -28 -29 -21
right_child=1 3 18 22 5 -7 -8 8 -10 11 -12 14 13 23 15 -17 21 -19 -20 29 -22 -23 -24 -25 -26 -27 27 28 -30 -31
leaf_value=0.0016630240280791409 0.00087162052448687378 0.0006115604241187407 -0.0018557569757354005 -0.0031862534817815717 -0.016244654290855975 -0.015359235350372626 0.00018055239143176791 -3.6889218324767308e-05 -0.00092902906347076375 0.0036510145986558165 -0.0013309711214385528 0.00021076421148772122 -0.0011488817558719759 0.0043599729431909881 0.0014569924013298938 0.017499901612769805 0.0092724393051908053 0.009891737228211352 -0.0031800981482206364 0.00011061027542006216 0.0069525442578233371 0.0038415316878682502 -0.00059093800734750048 0.0015728789696383219 -0.0054448040631321394 0.0064079060836502895 0.0014569855583158231 0.0004711192333063233 0.0077053723299941763 0.0075736443878013596
leaf_weight=239 1156 5298 2123 1805 1472 10551 582 6685 9423 36 3457 8146 568 120 49 30 23 39 3916 230 24 249 3358 402 32 62 779 28 30 103
leaf_count=239 1156 5298 2123 1805 1472 10551 582 6685 9423 36 3457 8146 568 120 49 30 23 39 3916 230 24 249 3358 402 32 62 779 28 30 103
internal_value=-0.00129026 -0.000448508 -0.0017322 -0.000210739 -0.00444721 -0.00454023 -0.0031743 -5.35525e-05 -0.0002028 7.48058e-05 -0.000395757 0.000605173 0.0023219 0.0010606 0.000288753 0.00829114 0.0059137 0.000788291 -0.00224576 -0.00118816 0.0141667 0.00443114 -0.00129092 0.00330325 0.0075 0.0102941 0.000191437 0.00210872 0.0122414 0.00235736
internal_weight=61015 48171 7528 40643 12844 12605 2054 35480 30143 20720 10979 9741 1516 1122 8225 79 394 5337 6372 2456 60 334 5163 554 152 85 7522 837 58 333
internal_count=61015 48171 7528 40643 12844 12605 2054 35480 30143 20720 10979 9741 1516 1122 8225 79 394 5337 6372 2456 60 334 5163 554 152 85 7522 837 58 333
cat_boundaries=0 1 2 3 4
cat_threshold=256 259 1 45600
is_linear=0
shrinkage=0.05


Tree=91
num_leaves=31
num_cat=5
split_feature=17 10 0 3 22 3 3 9 12 15 15 0 17 3 8 15 0 3 0 3 18 8 15 18 20 17 18 14 0 18
split_gain=62.5246 5.4704 2.952 2.72438 2.68834 2.35871 2.16871 3.02918 2.31864 2.0747 1.87234 1.7496 1.6415 1.59694 1.5258 1.3959 1.39037 1.32794 5.10403 2.39456 4.60056 2.65334 2.28028 1.87893 1.77917 2.66291 1.48379 1.47262 1.36037 2.66161
threshold=2.7559077817012523 3.3481466162208831 0 1.0000000180025095e-35 7.5333103791389329 1.0000000180025095e-35 1.0000000180025095e-35 1.0000000180025095e-35 3.4980204219247493 3.5434477597917606 3.5287150247471364 1 2.6194486892349915 1.0000000180025095e-35 3.5000000000000004 2.7947679695351417 2 4.5000000000000009 3 5.5000000000000009 0.30940750373250603 4.5000000000000009 3.7600901033888623 0.52706834992406637 0.2463252880771851 6.7504783557224748 0.18111483655225002 6.840279078092153 4 0.36627613582909252
decision_type=8 8 1 2 8 2 2 2 8 8 10 1 10 2 2 8 1 2 1 2 10 2 10 10 10 10 8 8 1 10
left_child=2 5 3 15 14 -2 9 11 -9 10 -3 -8 -4 -14 -5 -1 -10 22 19 20 -19 -22 28 -23 25 26 -21 -28 29 -13
right_child=1 6 12 4 -6 -7 7 8 16 -11 -12 17 13 -15 -16 -17 -18 18 -20 24 21 23 -24 -25 -26 -27 27 -29 -30 -31
leaf_value=0.00049045772900479037 0.00029480186056139067 0.0017260591302237602 -0.018024191030291455 0.050387670510049998 -0.0074681236698112404 -0.0023199842552954933 -0.01153950889273124 -0.0022939020067818615 -0.00017969970825717498 0.0002230576901488919 0.0054552120168365574 0.0038293557219848343 0.00025766441038221178 -0.0048190380945792753 0.0013392750771594234 0.068826236203037766 -0.00098796904930592436 0.0023866206239676179 -0.00028985648293173563 -0.00084369741249313472 0.01446964170619457 0.0050654526521765435 -0.00037759498006481444 0.037186766054793548 0.0019495560837205753 0.010285204868155207 0.0034985341895718545 0.0020376882899338102 0.0012993356136850561 0.013686818157171297
leaf_weight=314 1064 822 10219 21 1702 5869 301 3300 20145 5031 37 241 191 1063 86 21 6829 75 715 37 26 26 2032 20 273 24 24 34 283 63
leaf_count=314 1064 822 10219 21 1702 5869 301 3300 20145 5031 37 241 191 1063 86 21 6829 75 715 37 26 26 2032 20 273 24 24 34 283 63
internal_value=-0.0013244 -0.000464451 -0.00430969 -0.00256268 -0.00334163 -0.00176186 -0.000241461 -0.000393057 -0.000567155 0.00064516 0.00291618 0.000869668 -0.00462989 -0.00292664 0.00434579 0.00156716 -0.000414104 0.00115503 0.00249601 0.00611111 0.0116667 0.0206944 0.000517372 0.0134783 0.00418367 0.00928571 0.00552631 0.0105172 0.00326235 0.00550955
internal_weight=60888 47271 13617 2144 1809 6933 40338 34448 30274 5890 859 4174 11473 1254 107 335 26974 3873 1254 539 147 72 2619 46 392 119 95 58 587 304
internal_count=60888 47271 13617 2144 1809 6933 40338 34448 30274 5890 859 4174 11473 1254 107 335 26974 3873 1254 539 147 72 2619 46 392 119 95 58 587 304
cat_boundaries=0 1 2 3 4 5
cat_threshold=11520 8852 31506 33 1289
is_linear=0
shrinkage=0.05


Tree=92
num_leaves=31
num_cat=7
split_feature=17 11 4 0 4 4 1 22 0 15 0 5 5 4 1 17 22 4 20 4 0 18 22 12 20 21 14 22 18 1
split_gain=61.4692 5.6961 2.826 2.80381 2.35553 3.67608 3.04627 2.23761 2.21905 2.05142 2.00564 1.94216 1.93693 2.35652 1.84453 4.33056 2.70435 3.82297 2.04693 2.25766 2.6832 3.18589 3.25055 2.1664 1.87228 2.37871 1.81395 1.83106 1.64681 1.64663
threshold=2.7092104844359741 3.7268967972519356 8.5000000000000018 0 8.5000000000000018 4.5000000000000009 1 7.6927953069092547 2 5.0799675709968595 3 1.0000000180025095e-35 1.0000000180025095e-35 10.500000000000002 4 3.6627816165200731 7.3010305087821354 1.5000000000000002 0.20494447644402089 1.5000000000000002 5 0.19602568087632102 7.4182038033315258 4.0935105336717532 0.21803504582199171 7.3300774504429578 3.1419924481000066 7.6927953069092547 0.35294744700051911 6
decision_type=8 8 2 1 2 2 1 10 1 8 1 2 2 2 1 10 10 2 8 2 1 10 10 8 10 10 8 10 10 1
left_child=3 2 -2 28 5 7 -7 11 29 -8 26 14 13 -10 15 -3 -17 -18 19 20 21 -16 23 -23 25 -19 27 -4 -1 -6
right_child=1 4 10 -5 8 6 9 -9 12 -11 -12 -13 -14 -15 18 16 17 24 -20 -21 -22 22 -24 -25 -26 -27 -28 -29 -30 -31
leaf_value=-0.0058522798815517025 -0.0021292772732449065 0.014881946580502925 0.0017329386294415963 -0.015004339587911853 0.0009674310947047249 -0.002258009302371685 -0.0010410086793759209 0.0052542128617771239 0.0024618952593928899 0.0014189174863562513 -0.00098845048553435283 -0.0010899251664715473 -0.00064452774134806908 0.00047928336549896665 0.0020765732058987494 4.1478638651481619e-05 0.00078301344741588856 0.0078870100270642049 -0.00043656029124886585 0.00016752343470277238 0.00056599690475394909 0.0068170972080198039 -0.00098954315404533775 0.0065493070396528269 0.0018959896374281867 0.0079436669223983177 2.8021779837702794e-06 0.0038704202183482018 0.0016449173029191742 -0.00088586648823558078
leaf_weight=2038 8043 48 459 10606 1624 4593 5095 51 2375 1581 2797 2639 971 2546 453 1004 282 62 3882 3934 727 23 32 53 118 30 1275 36 239 3233
leaf_count=2038 8043 48 459 10606 1624 4593 5095 51 2375 1581 2797 2639 971 2546 453 1004 282 62 3882 3934 727 23 32 53 118 30 1275 36 239 3233
internal_value=-0.00120783 -0.000384232 -0.00129659 -0.00427424 -5.88314e-05 -0.000328566 -0.000993435 0.000233167 0.000558655 -0.000311565 -0.000303264 0.000193045 0.00120976 0.00161451 0.000493988 0.00209197 0.00161765 0.00465447 0.000222978 0.000869398 0.00268633 0.00524518 0.0130556 0.0186842 0.0097619 0.0151087 0.00101123 0.00358586 -0.00263883 -0.000233204
internal_weight=60849 47966 12610 12883 35356 24607 11269 13338 10749 6676 4567 13287 5892 4921 10648 1544 1496 492 9104 5222 1288 561 108 76 210 92 1770 495 2277 4857
internal_count=60849 47966 12610 12883 35356 24607 11269 13338 10749 6676 4567 13287 5892 4921 10648 1544 1496 492 9104 5222 1288 561 108 76 210 92 1770 495 2277 4857
cat_boundaries=0 1 2 3 4 5 6 7
cat_threshold=11552 2 54336 6696 1 19564 2
is_linear=0
shrinkage=0.05


Tree=93
num_leaves=31
num_cat=4
split_feature=17 11 3 17 3 10 1 4 22 4 4 1 20 1 18 16 17 10 4 17 22 21 4 1 18 22 22 13 10 12
split_gain=59.7139 6.26656 3.66654 3.40555 7.16094 2.74805 1.84181 2.50282 2.61819 1.69644 2.43533 2.47582 2.0609 1.97298 1.58446 1.55748 1.76641 2.09095 1.55416 1.96 1.52462 2.18433 1.52589 1.47995 2.29434 2.06902 3.31065 1.77282 2.55808 1.44172
threshold=2.7092104844359741 3.3446254749081765 1.0000000180025095e-35 2.45282209224679 1.0000000180025095e-35 3.8533334468069413 0 3.5000000000000004 7.7244432386377797 2.5000000000000004 8.5000000000000018 1 0.24073364466774302 2 0.65620078068784171 0.0662399235822798 4.4589735965018376 4.9589909993432917 10.500000000000002 2.5836794958511393 7.9659354933390452 7.9380886632124499 9.5000000000000018 3 0.097779792343852492 6.9957956303836344 6.9715427466828741 3.4420180961807723 3.9991172922100291 2.5217125584596238
decision_type=8 8 2 10 2 8 1 2 10 2 2 1 8 1 10 10 10 10 2 10 10 8 2 1 10 8 10 8 8 10
left_child=3 2 -2 14 6 20 18 -8 -9 12 11 15 13 -7 -1 16 -11 -18 -5 -20 22 -22 -3 25 -25 26 -12 28 -26 -10
right_child=1 5 -4 4 -6 9 7 8 29 10 23 -13 -14 -15 -16 -17 17 -19 19 -21 21 -23 -24 24 27 -27 -28 -29 -30 -31
leaf_value=-0.021903645595790302 0.00056760654340264451 -0.0014969817279607946 -0.0025188229851089415 -0.0016143483080809846 -0.0056727356333740458 -0.00029901957609034771 0.005250932168038052 -0.00013153060663689402 0.0016357728904425545 -0.0023708333006429538 0.00075713542640783735 7.9652155230384931e-05 -0.00093941493563644068 0.0014056859416797973 -0.001525673762614885 -0.0012459001797369557 0.0059112041579430707 -0.0023969056156658286 -0.0012548792285763854 0.010281696978296275 0.0033389950296066929 0.0017047185940667377 2.4342523905724476e-05 -0.007676410007979465 0.0080766653648243307 -0.0010742206136503693 0.018256313967833771 0.00069243113070140442 0.0021968967484701026 0.0033105633685548124
leaf_weight=9320 1027 6573 6387 260 2818 1330 38 151 30 134 177 8747 815 3771 226 6976 76 44 25 20 21 158 2528 226 33 1687 28 6918 315 27
leaf_count=9320 1027 6573 6387 260 2818 1330 38 151 30 134 177 8747 815 3771 226 6976 76 44 25 20 21 158 2528 226 33 1687 28 6918 315 27
internal_value=-0.00121177 -0.000399305 -0.00173591 -0.00422958 -0.00286287 -0.000154968 0.00235027 0.0055691 0.00341346 6.9219e-05 -0.000108633 -0.000484135 0.000831642 0.00120466 -0.00471192 -0.00116874 0.00267716 0.00708333 -0.000245903 0.00833333 -0.000910562 0.00365922 -0.00100044 0.000530689 0.000846235 -0.000718817 0.00402439 0.00100055 0.00448276 0.0125439
internal_weight=60886 47971 7414 12915 3369 40557 551 246 208 31277 25361 15977 5916 5101 9546 7230 254 120 305 45 9280 179 9101 9384 7492 1892 205 7266 348 57
internal_count=60886 47971 7414 12915 3369 40557 551 246 208 31277 25361 15977 5916 5101 9546 7230 254 120 305 45 9280 179 9101 9384 7492 1892 205 7266 348 57
cat_boundaries=0 1 2 3 4
cat_threshold=2 2 4 1
is_linear=0
shrinkage=0.05


Tree=94
num_leaves=31
num_cat=6
split_feature=17 15 3 10 5 0 7 3 0 4 4 17 0 19 1 0 21 15 4 18 20 16 3 16 16 19 0 19 19 18
split_gain=60.2731 5.00509 7.22452 4.93031 2.63518 2.97284 3.27383 2.45025 2.33257 2.20795 3.69035 2.68595 2.48417 2.3439 2.16865 2.12474 2.22743 2.05755 2.00957 1.92089 2.10065 1.92857 1.91365 1.82297 2.34227 1.65363 1.61626 2.3034 3.16425 1.58001
threshold=2.7559077817012523 2.3749973891355465 1.0000000180025095e-35 3.3481466162208831 1.0000000180025095e-35 0 14.500000000000002 1.0000000180025095e-35 1 8.5000000000000018 3.5000000000000004 4.1137456023630543 2 3.9754473301912214 3 4 7.4474598198239752 3.4117806925189247 7.5000000000000009 0.19276517476952368 0.14013478690039172 0.30164210994313539 1.0000000180025095e-35 0.14922106423315204 0.063518764296661798 3.1142396788843061 5 4.0965254309614947 4.0079496663579084 0.44388055589350456
decision_type=8 10 2 8 2 1 10 2 1 2 2 8 1 10 1 1 8 8 2 10 10 10 2 10 8 8 1 8 10 10
left_child=1 8 15 7 5 6 29 25 -1 10 -7 12 23 17 -12 -3 -17 22 -18 20 -15 -21 -14 24 -11 -2 27 28 -13 -5
right_child=3 2 -4 4 -6 9 -8 -9 -10 11 14 26 13 19 -16 16 18 -19 -20 21 -22 -23 -24 -25 -26 -27 -28 -29 -30 -31
leaf_value=0.00075082391692159233 0.0014660221057585367 -0.0048074702936309792 -0.0053330283612028698 0.00058953885542056893 -0.0011878019842050554 0.00039311789829857995 0.0088322333932269719 -0.0020580305972608261 -0.025015139892986583 -0.0077746390808028825 -0.0025314307763409302 -0.012144389551195754 0.0055902813634971429 0.0092007085014252296 -0.00052546164484020181 0.0037753185558398691 -0.0017169598081064243 -0.0011909646773944791 0.0020037185040211393 0.0044514821967079439 -0.00013110775564422175 0.012668569539707375 0.00045662498090396101 0.00093288539453960048 0.0043120504470227075 -0.00060130522612169906 -0.0019737283966947249 3.359448243622874e-05 0.0066112192039490649 0.0041448916322244893
leaf_weight=224 563 142 3987 10377 5117 6400 36 5918 8545 61 4613 23 151 20 6221 66 210 1731 344 21 96 21 700 1449 705 511 1552 1129 41 52
leaf_count=224 563 142 3987 10377 5117 6400 36 5918 8545 61 4613 23 151 20 6221 66 210 1731 344 21 96 21 700 1449 705 511 1552 1129 41 52
internal_value=-0.00112952 -0.00407531 -0.00276795 -0.000291321 -7.97228e-05 7.35885e-05 0.000780428 -0.00151745 -0.00478333 -0.000223301 -0.000537891 0.000480518 0.00117558 0.000163635 -0.00110024 0.00169291 0.00293651 -0.000197522 0.00194946 0.00607595 0.00275862 0.0152381 0.00181551 0.00241573 0.00439948 0.000679701 -0.000774136 0.000610971 0.00984375 0.000729215
internal_weight=61026 13518 4749 47508 40516 35399 10465 6992 8769 24934 17234 7700 4955 2740 10834 762 620 2582 554 158 116 42 851 2215 766 1074 2745 1193 64 10429
internal_count=61026 13518 4749 47508 40516 35399 10465 6992 8769 24934 17234 7700 4955 2740 10834 762 620 2582 554 158 116 42 851 2215 766 1074 2745 1193 64 10429
cat_boundaries=0 1 2 3 4 5 6
cat_threshold=16643 8448 6168 2 129 8880
is_linear=0
shrinkage=0.05


Tree=95
num_leaves=31
num_cat=6
split_feature=17 17 3 3 17 0 5 8 13 0 17 10 1 0 7 3 0 6 3 22 17 17 13 17 21 18 22 16 1 20
split_gain=55.5849 5.37777 10.5255 3.76953 4.48162 2.50838 2.13434 2.19131 2.15566 2.01116 2.68962 1.90686 2.63616 4.83848 2.2163 2.28244 1.75267 1.65975 2.04174 1.54589 1.40175 2.23416 1.364 1.5793 1.36602 1.36175 1.36111 1.28546 1.24149 1.23988
threshold=2.8138908115741263 2.336786707039876 1.0000000180025095e-35 1.0000000180025095e-35 3.5629152080023023 0 1.0000000180025095e-35 2.5000000000000004 3.5395079442083337 1 3.6395152801985167 3.0796111151707293 2 3 13.500000000000002 4.5000000000000009 4 1.0000000180025095e-35 2.5000000000000004 7.4914482325919058 5.8522381856380674 4.6823838090563195 3.0130778934489566 2.6522880190058764 7.3929553077427315 0.26053812731586862 7.0822593881946565 0.11146315110279305 5 0.21747447138687695
decision_type=8 10 2 2 10 1 2 2 8 1 10 10 1 1 10 2 1 2 2 8 10 10 8 10 10 10 8 10 1 10
left_child=1 5 16 25 11 17 7 20 9 10 26 12 13 14 15 -5 -3 -1 -19 22 21 -6 23 24 -18 -2 -9 -21 -23 -28
right_child=3 2 -4 4 6 -7 -8 8 -10 -11 -12 -13 -14 -15 -16 -17 19 18 -20 27 -22 28 -24 -25 -26 -27 29 -29 -30 -31
leaf_value=-0.0054436169109839177 0.00075915662572646238 -0.0021022975639401194 -0.0054398061742145726 0.0033768843095194016 0.0014231223171023016 -0.025278214419953749 -0.0014369496687813982 0.0043380080481045056 -0.00018947445621633998 0.00037011867669763321 0.0016478244626352498 -0.00076203406216095171 -0.0029486361078670067 -0.0032822324223551027 0.0069917564439116175 0.0350398349485583 0.0064144579234465572 -0.066400288261701509 0.010395746594769023 -0.0029000044309577346 0.0035313442504115822 0.0074859391496245563 0.003191278338950396 -0.0026758676247585142 0.00088384060880723281 -0.0013730829661507222 0.0086768382912260217 0.0013712137311541895 0.027192109535302197 0.0021832669685996182
leaf_weight=151 6172 258 4948 103 65 8131 3816 36 24123 550 179 5086 4953 432 24 59 25 20 38 94 292 29 42 50 43 706 38 482 24 26
leaf_count=151 6172 258 4948 103 65 8131 3816 36 24123 550 179 5086 4953 432 24 59 25 20 38 94 292 29 42 50 43 706 38 482 24 26
internal_value=-0.00122346 -0.00395323 -0.00280377 -0.000388865 -0.0005755 -0.00477218 -0.000254988 -8.91109e-05 -0.000148687 0.00235826 0.00572664 -0.00145304 -0.00209209 0.000987054 0.0075 0.00580247 0.00189135 0.000707761 0.00793103 0.00310992 0.00353658 0.00813559 0.0075 0.00474576 0.00970588 0.00069206 0.0125 0.00194444 0.0157547 0.016875
internal_weight=60995 14282 5942 46713 39835 8340 29178 25362 24952 829 279 10657 5571 618 186 162 994 209 58 736 410 118 160 118 68 6878 100 576 53 64
internal_count=60995 14282 5942 46713 39835 8340 29178 25362 24952 829 279 10657 5571 618 186 162 994 209 58 736 410 118 160 118 68 6878 100 576 53 64
cat_boundaries=0 1 2 3 4 5 6
cat_threshold=256 3603 1 2400 2177 4
is_linear=0
shrinkage=0.05


Tree=96
num_leaves=31
num_cat=5
split_feature=15 15 3 12 5 4 4 17 17 15 7 22 7 20 0 13 22 13 16 0 4 22 15 0 16 3 14 20 0 1
split_gain=57.407 6.55186 6.64164 3.04146 3.53313 2.89752 3.55493 2.68889 2.33211 2.18996 2.12503 2.15681 2.66117 1.9235 1.75029 1.72751 3.26244 2.42287 1.88468 1.65677 2.49381 1.64687 1.97278 1.55469 1.52801 1.52175 1.76552 1.45064 1.41481 1.54393
threshold=2.8598163862774433 2.3749973891355465 1.0000000180025095e-35 3.8596759698708136 1.0000000180025095e-35 8.5000000000000018 1.5000000000000002 4.757706904332033 3.7735899750590556 4.6874181093742253 13.500000000000002 7.9148106124164155 79.500000000000014 0.16433431259334527 0 3.14630281962196 7.7288513727501433 3.0130778934489566 0.20579254240477252 1 1.5000000000000002 7.4616602422099954 3.1804715513012352 2 0.54460740460303125 2.5000000000000004 3.0032012097360954 0.16125403302618171 3 4
decision_type=8 10 2 10 2 2 2 10 10 10 10 8 10 10 1 8 10 10 10 1 2 8 10 1 10 2 8 8 1 1
left_child=1 14 19 4 5 6 28 10 27 13 -8 -12 -13 -9 24 16 21 18 -18 -3 -21 22 25 -17 -1 26 -7 -5 29 -2
right_child=3 2 -4 8 -6 15 7 9 -10 -11 11 12 -14 -15 -16 23 17 -19 -20 20 -22 -23 -24 -25 -26 -27 -28 -29 -30 -31
leaf_value=0.0070767918346489244 -0.00066625467053285864 -0.0035938084231843248 -0.0049092196533036632 0.0047009630059012177 -0.0025069052739174523 0.0021039877487178935 -0.0015499545320748008 -0.0036792451440306379 4.9141538997108708e-05 0.00011790569284582218 -0.029972017248336653 0.012468098737968669 0.0039047914666331175 0.010846839266116539 -0.022046871006392896 -0.00085783699359908393 0.0086889574002068041 0.0030412741734149886 0.003115646937848987 0.0066556215526230762 0.00075688771878481425 0.00010777746188905276 -0.00032915948260628071 0.00047362741494136557 -0.005171436065434732 0.0028982970653776831 0.0076114326831890622 0.0020200869825998712 -0.00028797522694528016 0.0033551907463241675
leaf_weight=28 202 161 5066 66 3356 20 11927 33 19340 1527 46 38 84 150 8378 2315 26 76 23 39 834 749 91 4318 138 54 29 567 703 576
leaf_count=28 202 161 5066 66 3356 20 11927 33 19340 1527 46 38 84 150 8378 2315 26 76 23 39 834 749 91 4318 138 54 29 567 703 576
internal_value=-0.00117864 -0.0039074 -0.00265574 -0.000315875 -0.00066868 -0.000447428 -0.000845873 -0.00109562 0.000149451 0.000760233 -0.001358 0.00422619 0.00770492 0.00592896 -0.00480103 0.000343461 0.00220974 0.0098 0.0184694 0.00099613 0.00185164 0.0012036 0.00530928 4.29658e-05 0.000397726 0.0100485 0.0164286 0.00313586 0.00148211 0.00293147
internal_weight=60960 14644 6100 46316 26343 22987 15286 13805 19973 1710 12095 168 122 183 8544 7701 1068 125 49 1034 873 943 194 6633 166 103 49 633 1481 778
internal_count=60960 14644 6100 46316 26343 22987 15286 13805 19973 1710 12095 168 122 183 8544 7701 1068 125 49 1034 873 943 194 6633 166 103 49 633 1481 778
cat_boundaries=0 1 2 3 4 5
cat_threshold=256 129 42052 50276 4
is_linear=0
shrinkage=0.05


Tree=97
num_leaves=31
num_cat=4
split_feature=17 10 15 3 0 3 11 10 3 13 21 22 4 20 17 19 4 0 21 4 4 1 8 13 0 13 22 11 3 15
split_gain=55.0916 6.29629 3.67777 4.42502 2.55326 2.4986 2.4922 2.26886 1.89528 1.9749 1.69791 2.72334 2.23769 3.02665 2.08056 2.46175 1.67505 1.65404 2.20737 1.57221 2.45553 3.09788 2.02679 2.00175 1.90635 2.52574 2.06501 1.91171 2.28917 1.85665
threshold=2.6344600837064291 3.1289487232602951 2.3749973891355465 1.0000000180025095e-35 0 1.0000000180025095e-35 3.7268967972519356 2.4466760667407619 1.0000000180025095e-35 3.2007097802444995 7.0770759345065919 7.0124397280683555 1.5000000000000002 0.2044994040655804 4.5870076236495949 4.7232354112300028 6.5000000000000009 1 7.4474598198239752 8.5000000000000018 3.5000000000000004 2 5.5000000000000009 3.6014124977339228 3 4.5266678115830095 7.3711512530782164 4.2231771657130812 1.5000000000000002 4.3849687340988766
decision_type=8 8 10 2 1 2 8 10 2 10 8 10 2 10 10 10 2 1 8 2 2 1 2 8 1 8 8 10 2 10
left_child=2 5 4 7 -1 -2 8 -4 9 -3 11 -8 13 -13 -14 -16 -10 -9 -19 20 22 -22 -12 -21 25 27 -26 -25 -29 -30
right_child=1 6 3 -5 -6 -7 10 17 16 -11 19 12 14 -15 15 -17 -18 18 -20 23 21 -23 -24 24 26 -27 -28 28 29 -31
leaf_value=0.00060792200899836705 0.00036112908192858291 0.0019022105126771651 -0.0020393911967694065 -0.0056960519413844501 -0.021376307163151333 -0.0029765969367914038 2.8684892489157765e-05 -0.0009319171021939653 -0.0025933908232440867 -0.00064224891104019141 -0.00030518441735913571 0.0079123879159684971 -0.00024650430024937607 0.00079015244641007928 0.0070675108996662329 0.0026722808180661495 -0.00055381291683077166 0.0039961671596599746 0.0018083348338503288 0.0022488562697332844 -0.0020118478087902021 -0.0001433850302327136 0.0010591073685327168 0.0015508708930846724 0.0017220070019551116 0.00017261306016984096 -0.00067257008924166977 0.0041551176052431688 0.0038428092528511207 -2.8936260911631674e-05
leaf_weight=203 914 664 267 2645 8498 4474 2414 108 3532 625 4363 89 515 85 27 468 4689 32 122 1158 5496 7613 3165 589 811 2216 4777 70 139 144
leaf_count=203 914 664 267 2645 8498 4474 2414 108 3532 625 4363 89 515 85 27 468 4689 32 122 1158 5496 7613 3165 589 811 2216 4777 70 139 144
internal_value=-0.00114854 -0.00040857 -0.00420421 -0.00274732 -0.00473566 -0.00202116 -0.000209513 0.00142722 -0.000925343 0.000857252 -1.01069e-05 0.00101723 0.00298142 0.00821839 0.00207921 0.00439394 -0.00120484 0.00473282 0.00780488 -0.000131136 -0.000379659 -0.000792968 0.000340063 0.000386711 0.000128057 0.00110795 -0.000426939 0.00328025 0.0061898 0.00418728
internal_weight=60912 49037 11875 3174 8701 5388 43649 529 9510 1289 34139 3598 1184 174 1010 495 8221 262 154 30541 20637 13109 7528 9904 8746 3158 5588 942 353 283
internal_count=60912 49037 11875 3174 8701 5388 43649 529 9510 1289 34139 3598 1184 174 1010 495 8221 262 154 30541 20637 13109 7528 9904 8746 3158 5588 942 353 283
cat_boundaries=0 1 2 3 4
cat_threshold=256 2181 2 8499
is_linear=0
shrinkage=0.05


Tree=98
num_leaves=31
num_cat=3
split_feature=19 15 3 10 16 16 0 11 5 19 22 3 14 10 18 12 22 3 0 16 20 0 14 20 20 20 2 11 16 18
split_gain=54.2691 6.70094 9.52818 4.16212 2.13549 2.15128 1.96604 1.80195 1.79432 1.76126 1.73382 1.69781 2.07864 1.73489 1.68721 2.69111 1.48646 1.39194 2.0362 2.69274 1.38313 1.55076 1.24819 1.77617 1.50106 1.23595 1.22256 1.21212 1.20191 1.45052
threshold=2.7778940510464234 2.3261506853876872 1.0000000180025095e-35 3.0978349487009709 0.180049039751257 0.25576970435384078 0 5.3478215331469032 1.0000000180025095e-35 3.9498206142782863 7.6853976673691857 1.0000000180025095e-35 2.8003208578683441 4.0456790075238596 0.12224464770456957 4.6620228860157811 7.0879035308073073 4.5000000000000009 1 0.1097506468239272 0.18127603255932109 2 2.5764145298997159 0.16193163050410544 0.18271230471141803 0.18870846901719332 1.5000000000000002 2.411429443309669 0.180049039751257 0.13501623571496149
decision_type=8 10 2 8 10 10 1 10 2 8 8 2 8 10 8 8 8 2 1 8 10 1 8 10 10 8 2 10 10 10
left_child=1 6 4 -2 -3 22 16 8 10 20 11 12 -5 -13 15 -11 -1 18 19 -9 21 28 25 -24 -25 -6 -12 -27 29 -10
right_child=3 2 -4 7 5 -7 -8 17 9 14 26 13 -14 -15 -16 -17 -18 -19 -20 -21 -22 -23 23 24 -26 27 -28 -29 -30 -31
leaf_value=0.02687261494665822 -0.0021527927546761347 0.00015934728106494945 -0.004522018216336114 0.007839090348045424 -0.0013900500112120618 -0.0039089722003795126 -0.0222879395741588 0.0065087709966221499 -0.0007680649249869778 0.005525056747577816 -0.00028573001692210314 -0.0010343155948102263 0.0003404068961183544 -5.3950454897629687e-05 -0.00053282079185289753 -0.0076869182128823559 -0.0061434726210163292 0.001851942800910009 -3.6520625219680447e-05 0.0021806517745311372 -0.0034834456808449116 -0.0032535549561404152 0.0035500788086666418 7.8353261471787798e-05 0.0042513458817616118 0.00016478065680001371 0.0005106119874836541 0.0065956506932630917 -0.0030558289149859546 0.0030343997819091252
leaf_weight=24 3769 560 4691 29 52 72 8209 29 59 54 5254 9460 3019 7025 2812 39 212 727 2158 215 1418 470 23 44 85 33 10376 22 83 99
leaf_count=24 3769 560 4691 29 52 72 8209 29 59 54 5254 9460 3019 7025 2812 39 212 727 2158 215 1418 470 23 44 85 33 10376 22 83 99
internal_value=-0.00111515 -0.00384509 -0.0025009 -0.00030205 0.00223906 0.00542296 -0.00473357 -0.000163413 -0.000253378 -0.00113627 -0.000126981 -0.00044105 0.000643043 -0.000641493 -0.000335629 0.00629032 -0.000121952 0.000992329 0.000412155 0.00464567 -0.00222875 -0.000428974 0.00754826 0.0104605 0.00817829 0.00341121 0.000265514 0.00863636 0.00276892 0.00544304
internal_weight=61122 14027 5582 47095 891 331 8445 43326 40197 5034 35163 19533 3048 16485 2905 93 236 3129 2402 244 2129 711 259 152 129 107 15630 55 241 158
internal_count=61122 14027 5582 47095 891 331 8445 43326 40197 5034 35163 19533 3048 16485 2905 93 236 3129 2402 244 2129 711 259 152 129 107 15630 55 241 158
cat_boundaries=0 1 2 3
cat_threshold=8448 8194 32824
is_linear=0
shrinkage=0.05


Tree=99
num_leaves=31
num_cat=3
split_feature=17 11 3 4 4 1 5 20 17 3 1 21 20 3 20 18 20 13 18 18 5 4 4 4 16 8 1 15 18 19
split_gain=52.6707 6.16243 4.01416 2.70436 2.9838 3.64793 2.18639 2.55287 2.18238 4.85268 2.07516 2.77992 2.28298 2.22847 2.34582 2.48889 1.98599 1.97671 1.85784 1.73562 1.57468 1.61972 1.49373 1.45687 1.45 1.41839 1.24919 2.9641 2.25963 1.74507
threshold=2.5306386404159005 3.0657219285807118 1.0000000180025095e-35 8.5000000000000018 3.5000000000000004 0 1.0000000180025095e-35 0.20539928535066906 2.227340308757511 1.0000000180025095e-35 1 7.3724321973710589 0.23008331276966018 1.0000000180025095e-35 0.22246884108699436 0.2059934530183605 0.18609847493475454 4.9326736876967461 0.11434487281692712 0.13882695690958088 1.0000000180025095e-35 11.500000000000002 7.5000000000000009 8.5000000000000018 0.70111597494332201 4.5000000000000009 2 4.0597789107483289 0.20006521009944314 3.8133426371782333
decision_type=8 8 2 2 2 1 2 8 10 2 1 8 8 2 10 10 10 8 10 10 2 2 2 2 10 2 1 8 10 10
left_child=8 2 19 4 6 -6 7 -3 24 22 12 -12 13 14 16 -16 -5 -7 -15 -2 21 25 -10 -4 -1 -20 27 28 -9 -30
right_child=1 3 23 10 5 17 -8 26 9 -11 11 -13 -14 18 15 -17 -18 -19 20 -21 -22 -23 -24 -25 -26 -27 -28 -29 29 -31
leaf_value=-0.026052920785403711 -0.0023712560718712593 0.00074332300066135264 -0.0044347889531717744 0.0041307530186907712 -0.0019563619144637033 -0.00096248704851363207 -0.0012419125141746622 0.0069864349178475728 -0.0021146774901055656 -0.0079078367144624021 0.002534300912884091 -0.00049183611566778996 -0.00034343044768786013 -0.0018918406223917155 0.0014297490555244465 0.0067353223541644471 0.0003751074789144179 0.00050500014295026938 -0.0002706601202402579 0.0012315635844470469 -0.0010856941112861588 0.00024391449947879515 0.002378187056204933 -0.0014078018923247698 -0.0011104063310447595 0.0028849758457835674 -0.00057441591369412773 -8.9847216094326619e-05 0.0078736418522193791 -0.001716012858815733
leaf_weight=7294 143 5278 3219 312 8922 5583 2338 32 226 2567 559 6524 2385 352 28 35 350 4123 304 728 573 1231 294 1563 148 1814 3489 585 24 61
leaf_count=7294 143 5278 3219 312 8922 5583 2338 32 226 2567 559 6524 2385 352 28 35 350 4123 304 728 573 1231 294 1563 148 1814 3489 585 24 61
internal_value=-0.0011512 -0.00048116 -0.00203697 -0.000285289 -0.000552819 -0.000946963 6.90257e-05 0.000407117 -0.00436841 -0.00325073 0.000277527 -0.000333899 0.000864029 0.00147129 0.00403448 0.013254 0.0031571 -0.000276119 0.0010365 0.00108496 0.0013488 0.00176321 0.00115384 -0.00260561 -0.00483204 0.00260151 -0.000514198 0.00141026 0.00867521 0.00441176
internal_weight=61084 50555 5653 44902 30435 18628 11807 9469 10529 3087 14467 7083 7384 4999 725 63 662 9706 4274 871 3922 3349 520 4782 7442 2118 4191 702 117 85
internal_count=61084 50555 5653 44902 30435 18628 11807 9469 10529 3087 14467 7083 7384 4999 725 63 662 9706 4274 871 3922 3349 520 4782 7442 2118 4191 702 117 85
cat_boundaries=0 1 2 3
cat_threshold=2 2 1
is_linear=0
shrinkage=0.05


Tree=100
num_leaves=31
num_cat=5
split_feature=17 15 3 0 4 20 0 4 15 17 3 0 6 22 18 16 3 3 1 4 0 10 18 20 11 15 3 14 3 17
split_gain=52.6508 6.33839 3.50145 3.16447 2.06846 2.75874 2.30488 2.22617 2.81463 1.8468 3.35123 1.82681 1.887 2.05469 1.79135 1.70257 1.93939 1.89657 1.52068 2.40365 1.51194 1.47568 1.61819 1.80921 1.47534 1.41572 1.63807 1.50076 1.46746 1.39183
threshold=2.5103308159198447 2.8598163862774433 1.0000000180025095e-35 0 1.5000000000000002 0.24928179281857679 1 8.5000000000000018 4.2492330197457377 2.336786707039876 1.0000000180025095e-35 2 1.0000000180025095e-35 7.5719940652990205 0.090109003326218615 1.0354534567874298 1.5000000000000002 3.5000000000000004 3 7.5000000000000009 4 5.6901905068651129 0.15870809378111453 0.19510509741964596 2.9780741009902076 4.3055236778972175 1.5000000000000002 2.9831502867222164 2.5000000000000004 2.9497840272291929
decision_type=8 8 2 1 2 10 1 2 8 10 2 1 2 10 10 8 2 2 1 2 1 10 10 10 10 10 2 10 2 10
left_child=3 2 11 15 5 6 21 8 18 -5 -11 -2 13 -13 -9 16 -1 -18 19 -6 -21 22 -3 24 -24 26 -26 -28 -27 -22
right_child=1 4 -4 9 7 -7 -8 14 -10 10 -12 12 -14 -15 -16 -17 17 -19 -20 20 29 -23 23 -25 25 28 27 -29 -30 -31
leaf_value=-0.016153347734607793 -0.00062106072972649689 -0.0001513968870047196 -0.0036022689020577081 -0.019933718769265842 -0.0024213996173135053 -0.0034351991641648617 0.00031071660687817559 -0.0040413312901933602 -0.00011358277321830377 0.0014417486108118487 -0.0075124448787392776 0.0025960946694199914 -0.0054026817224911193 0.0075111444008846692 0.00017040482774125746 -0.017069670451571796 0.023080103272786003 0.0025822150192773025 -0.00057307557939729667 -0.00079707042933331324 0.0033320269814159694 0.0047718192549653232 0.0011013175655184269 0.0018104204857433436 0.0056941559918237787 -0.004686194670778669 0.0059840313581510192 0.0022773581644653681 0.0041778001379676171 0.001170142643310487
leaf_weight=39 438 303 3851 8210 6548 226 2574 437 13152 321 1557 200 64 21 14322 81 53 59 6398 483 20 83 87 510 24 28 22 27 35 658
leaf_count=39 438 303 3851 8210 6548 226 2574 437 13152 321 1557 200 64 21 14322 81 53 59 6398 483 20 83 87 510 24 28 22 27 35 658
internal_value=-0.0011352 -0.000470295 -0.0022453 -0.00438954 -0.000293555 0.000805051 0.00113322 -0.000396022 -0.000663819 -0.00451971 -0.00310969 0.00094744 0.00398305 0.00631222 9.85827e-05 0.00140496 0.00460265 0.00794643 -0.00115439 -0.00162732 0.000469422 0.00301594 0.00252896 0.00379945 0.00755605 0.0108088 0.0155479 0.0103061 0.00531746 0.00197674
internal_weight=60831 50511 4574 10320 45937 3919 3693 42018 27259 10088 1878 723 285 221 14759 232 151 112 14107 7709 1161 1119 1036 733 223 136 73 49 63 678
internal_count=60831 50511 4574 10320 45937 3919 3693 42018 27259 10088 1878 723 285 221 14759 232 151 112 14107 7709 1161 1119 1036 733 223 136 73 49 63 678
cat_boundaries=0 1 2 3 4 5
cat_threshold=256 17992 1249 2 33288
is_linear=0
shrinkage=0.05


Tree=101
num_leaves=31
num_cat=2
split_feature=17 11 4 4 19 1 18 18 22 5 22 17 20 21 15 22 17 1 13 18 18 20 4 20 20 22 15 20 14 5
split_gain=53.287 5.62749 2.64869 4.00735 3.0328 2.59837 2.62445 2.50608 2.44779 2.19687 2.33552 2.10383 2.07649 1.986 1.92095 1.89836 2.16293 4.24252 1.84266 2.04143 2.13338 1.71864 1.80716 2.24255 1.60289 1.58359 2.71531 3.43567 1.42012 1.38769
threshold=2.5306386404159005 2.8763815484389119 8.5000000000000018 4.5000000000000009 4.7807438950647336 0 0.10923732894780416 0.097779792343852492 7.5900356477558892 1.0000000180025095e-35 7.6164412619675632 2.227340308757511 0.23138657851912117 7.433370944532375 4.1372028905779965 7.9148106124164155 4.6989911478179476 1 4.2362777966986256 0.21023938165642156 0.21611161094499012 0.16548724546364724 7.5000000000000009 0.1904643290084555 0.20494447644402089 7.1801450608979955 5.2026258078976602 0.19807158754178258 3.6775648950837558 1.0000000180025095e-35
decision_type=8 8 2 2 8 1 10 8 8 2 10 10 10 8 10 8 8 1 10 10 10 8 2 8 8 8 8 10 10 2
left_child=11 -2 3 7 -5 6 -4 8 28 10 24 -1 25 -7 -11 16 17 -6 19 -16 -21 -17 23 -23 -9 -8 29 -28 -3 -27
right_child=1 2 5 4 15 13 12 9 -10 14 -12 -13 -14 -15 18 21 -18 -19 -20 20 -22 22 -24 -25 -26 26 27 -29 -30 -31
leaf_value=-0.023087233803447349 -0.0028308827413000555 -0.0021207271880636001 -0.0020413227066759937 -0.0018023782653458266 -0.0050938468893425336 0.0017693059831526562 -0.00041534109875149684 0.00042456781871662205 0.0054645760455089704 -0.0032529862147711573 0.0033434775950454704 -0.0055515511418095373 -0.00018724705416890954 -0.00058327216573560517 -5.3500416569775844e-06 -0.0065522640904557873 -0.0005353005911192865 0.010254130867688565 -0.0011746454586609046 0.0061259720332409911 0.0019666427680746124 0.0078447524417172981 0.0078875010334640561 0.0022484379398599176 -0.00032320334979328954 0.0019796943705429459 0.013274879248743224 0.0048639188228737874 0.0040536118067555464 -7.2347379996340333e-05
leaf_weight=7398 3557 58 416 11972 33 737 685 7089 52 1371 210 3051 2341 6509 381 87 2608 39 1320 36 170 51 159 341 5759 3654 23 49 44 694
leaf_count=7398 3557 58 416 11972 33 737 685 7089 52 1371 210 3051 2341 6509 381 87 2608 39 1320 36 170 51 159 341 5759 3654 23 49 44 694
internal_value=-0.001085 -0.000411836 -0.000266381 -0.000525489 -0.00110857 0.000278659 0.000908165 1.51595e-05 0.00636364 -4.46878e-05 0.000245825 -0.00433487 0.00112409 -0.000404362 -0.00120195 0.000229052 -0.000354479 0.00819444 -0.00017567 0.00215502 0.00616505 0.00268025 0.00371143 0.00188775 0.000160335 0.00168952 0.0020362 0.0116667 0.00186274 0.00187672
internal_weight=60894 50445 46888 31780 15290 15108 7862 16490 154 16336 13058 10449 7446 7246 3278 3318 2680 72 1907 587 206 638 551 392 12848 5105 4420 72 102 4348
internal_count=60894 50445 46888 31780 15290 15108 7862 16490 154 16336 13058 10449 7446 7246 3278 3318 2680 72 1907 587 206 638 551 392 12848 5105 4420 72 102 4348
cat_boundaries=0 1 2
cat_threshold=2 2
is_linear=0
shrinkage=0.05


Tree=102
num_leaves=31
num_cat=5
split_feature=17 12 3 0 21 3 20 11 22 17 19 3 3 4 15 0 20 20 12 16 16 20 4 20 22 0 0 11 0 16
split_gain=53.6765 4.65099 3.39718 3.39706 2.41112 1.79094 1.76489 1.76195 1.75705 1.65152 1.56951 2.02917 1.56539 1.54553 4.19827 2.1867 3.0691 2.51758 1.87546 1.64434 1.54355 3.75159 1.48822 2.13324 2.06795 1.44843 1.44833 1.54747 1.43599 2.41998
threshold=2.5661552407454828 3.0978349487009709 1.0000000180025095e-35 0 7.703684628741744 1.0000000180025095e-35 0.23994689228199076 5.3819689126079249 7.6366303815293408 2.2509826345109585 1.6988735511367652 1.0000000180025095e-35 1.0000000180025095e-35 9.5000000000000018 3.26591912350225 1 0.22196092556693586 0.23078313948336807 4.0474272610532234 0.12221112510743697 0.22136980823741234 0.24719497187218722 2.5000000000000004 0.23425439264583511 6.9250723358807749 2 3 3.3446254749081765 4 0.11321428521513857
decision_type=8 8 2 1 8 2 8 10 10 10 10 2 2 2 10 1 10 10 10 8 10 10 2 10 10 1 1 8 1 8
left_child=3 2 25 4 8 6 13 26 -1 -5 -6 20 -11 22 19 16 -16 -18 -19 -15 -12 -22 23 -3 -25 -2 -7 -28 29 -9
right_child=1 5 -4 9 10 7 -8 28 -10 12 11 -13 -14 14 15 -17 17 18 -20 -21 21 -23 -24 24 -26 -27 27 -29 -30 -31
leaf_value=0.0010028909218392245 -0.002950757742873197 0.0012384382357477769 -0.002773517609809885 -0.021408238193842789 0.010174700856234169 -8.0271290801258729e-05 -0.0010380349055225302 0.0059508047524199793 0.0075676878062439978 -0.00044901005317444153 -0.00065138274620512367 -0.0063720789691348052 -0.0068592450777118291 -3.7933582247681903e-06 0.0013466860250665126 -0.00024585542623153711 0.0095860510089591268 0.0092190932259469116 -0.0043393775973054934 0.0055834986050523087 0.010071996382605634 -0.0056958686205623825 -1.3193348249116363e-05 0.00086734375412010102 0.0078325585790496848 0.0011520571343185035 -0.0018159014349138096 -0.00046509406953772545 0.0003553720145612783 0.0019126453054454356
leaf_weight=107 123 973 4770 7369 74 20848 1426 52 56 364 131 935 1847 37 288 610 36 24 28 139 22 21 2845 30 23 857 2938 11517 2417 209
leaf_count=107 123 973 4770 7369 74 20848 1426 52 56 364 131 935 1847 37 288 610 36 24 28 139 22 21 2845 30 23 857 2938 11517 2417 209
internal_value=-0.00101414 -0.000322775 -0.00166087 -0.00419001 -0.00179204 -0.000149641 0.000620064 -0.000280536 0.0038957 -0.00452033 -0.00259087 -0.00306132 -0.00332655 0.00106 0.00265921 0.00138945 0.00432642 0.0126136 0.00557692 0.00977273 0.00189655 0.0101163 0.000579952 0.00221247 0.0119811 0.00102041 -0.000374332 -0.000758729 0.000955936 0.00440959
internal_weight=61116 50190 5750 10926 1346 44440 6459 37981 163 9580 1183 1109 2211 5033 1162 986 376 88 52 176 174 43 3871 1026 53 980 35303 14455 2678 261
internal_count=61116 50190 5750 10926 1346 44440 6459 37981 163 9580 1183 1109 2211 5033 1162 986 376 88 52 176 174 43 3871 1026 53 980 35303 14455 2678 261
cat_boundaries=0 1 2 3 4 5
cat_threshold=3360 16920 65 21306 8224
is_linear=0
shrinkage=0.05


Tree=103
num_leaves=31
num_cat=6
split_feature=17 11 0 4 4 0 7 20 21 21 5 0 20 0 22 14 17 2 16 10 0 22 12 21 22 0 16 16 15 20
split_gain=53.5412 4.67932 2.50893 2.42558 3.70104 2.78568 4.54561 3.13796 2.12643 2.08827 2.06784 2.37281 2.2333 2.76447 2.35603 2.34951 2.57188 1.78004 1.7464 1.69861 1.67717 1.6336 1.62235 1.56735 1.69141 1.39599 1.39654 1.36364 1.23205 1.78624
threshold=2.5306386404159005 2.8763815484389119 0 8.5000000000000018 3.5000000000000004 1 14.500000000000002 0.27871691395946291 7.0702991178594248 7.7005214989659585 1.0000000180025095e-35 2 0.20539928535066906 3 7.6705299098168345 3.8928396664555511 3.0733804234372841 2.5000000000000004 0.15313722344309402 2.393329031016735 4 7.6366303815293408 4.3274382265458655 7.594129543578469 7.5427045077072217 5 0.32810221564706504 0.1260436335064333 3.9379134513163385 0.19432323993358555
decision_type=8 8 1 2 2 1 10 10 8 8 2 1 8 1 10 10 10 2 10 10 1 10 10 8 10 1 10 10 10 10
left_child=2 22 9 4 10 6 8 25 28 21 12 -12 13 15 -14 16 -3 -5 -10 -4 -19 -1 23 24 -2 -7 -27 -18 -6 -30
right_child=1 3 19 17 5 7 -8 -9 18 -11 11 -13 14 -15 -16 -17 27 20 -20 -21 -22 -23 -24 -25 -26 26 -28 -29 29 -31
leaf_value=0.001593621000963664 -0.0021120027208921645 0.0095872210523331343 -0.016234457792559814 -6.0628314905919771e-05 -0.006824835524127968 -0.0014272682669204352 0.010887344331050413 0.00075030455007438148 0.00050819899756395404 -0.005154356305941913 0.00021856736828069134 -0.0029132139635324595 -0.00027647808802156387 0.00066293886351839846 0.0082630082476527044 0.013494273067178276 0.0033811752827793448 0.0017852044682335174 -0.0010933425289464649 -0.0030140378817961463 0.00023070559716810934 0.009087712947169797 0.014464653913161936 -0.0031078026150408089 0.0019230852820906572 -0.0030288585279143309 0.0032838951655362555 0.00040700523161071346 0.0034082330987621071 0.00066524036219414782
leaf_weight=104 896 30 8562 10041 55 6442 72 1531 2795 1000 1374 1089 4246 5201 21 31 55 1996 4756 799 3057 41 26 2508 141 3443 37 165 112 317
leaf_count=104 896 30 8562 10041 55 6442 72 1531 2795 1000 1374 1089 4246 5201 21 31 55 1996 4756 799 3057 41 26 2508 141 3443 37 165 112 317
internal_value=-0.000991337 -0.000314949 -0.00423853 -0.000182009 -0.00042994 -0.000856341 -0.000145991 -0.00135785 -0.000258246 -0.0019697 0.000253029 -0.00104141 0.000580058 0.00124772 -0.000277714 0.00599656 0.0046 0.000339869 -0.000464178 -0.00450913 0.00110528 0.00362069 -0.00205965 -0.00215092 -0.000515912 -0.00168414 -0.00249284 0.00272727 0.00295454 0.00385781
internal_weight=60943 50437 10506 46866 31772 19560 8107 11453 8035 1145 12212 2463 9749 5482 4267 281 250 15094 7551 9361 5053 145 3571 3545 1037 9922 3480 220 484 429
internal_count=60943 50437 10506 46866 31772 19560 8107 11453 8035 1145 12212 2463 9749 5482 4267 281 250 15094 7551 9361 5053 145 3571 3545 1037 9922 3480 220 484 429
cat_boundaries=0 1 2 3 4 5 6
cat_threshold=3360 20945 62224 36 2874 43014
is_linear=0
shrinkage=0.05


Tree=104
num_leaves=31
num_cat=8
split_feature=19 15 0 4 4 4 1 0 0 8 4 5 17 1 0 19 15 18 18 18 18 22 0 15 0 18 17 22 11 15
split_gain=50.7378 7.13893 3.12317 2.46345 2.07559 2.84346 2.61891 2.53285 2.42483 3.22099 2.30759 2.29572 2.09818 1.68262 2.25064 3.47936 2.24036 2.03399 1.6698 2.11892 2.00742 1.80872 1.56385 1.90873 1.54289 1.62912 1.47169 1.46292 1.9962 1.63208
threshold=2.4566454190287481 2.8598163862774433 0 9.5000000000000018 8.5000000000000018 4.5000000000000009 1 2 3 1.5000000000000002 7.5000000000000009 1.0000000180025095e-35 2.892896404036394 4 5 3.741234258493868 3.1178952353063285 0.097779792343852492 0.30286776512357921 0.33761116690489307 0.26053812731586862 7.3711512530782164 6 3.6454136697524295 7 0.2175303959152631 2.3893759592693118 7.9148106124164155 4.6205511668131125 3.13173130219438
decision_type=8 8 1 2 2 2 1 1 1 2 2 2 10 1 1 10 8 10 10 10 8 10 1 10 1 10 8 10 10 10
left_child=2 3 26 -2 5 7 10 18 9 -8 22 -9 -12 14 15 -6 -16 -15 20 21 -3 -20 23 -7 25 -14 -1 -19 29 -29
right_child=1 4 -4 -5 13 6 8 11 -10 -11 12 -13 24 17 16 -17 -18 27 19 -21 -22 -23 -24 -25 -26 -27 -28 28 -30 -31
leaf_value=0.003741404235337642 -0.0037429138594025492 0.00050459438808375993 -0.013857266359059839 -0.00019763802888684838 0.011630584316174634 0.0066984345593748586 0.010564083624673365 -0.0001693908685615668 -0.00073220470186740683 0.0012846504696721424 0.0034812794105294623 -0.0028224252105952413 0.00046125769845888564 -0.0033276828530945258 0.016213719858316506 0.00080716340853592629 -0.0016430097444201531 0.00053767780204966201 0.0032880076047010799 0.00015887792060248658 -0.0010952226825005329 0.013257206142966613 -0.0034792724615596844 -0.0012941424133833318 -0.00092657520924284984 0.0047941285153810138 -0.0055756965625448733 0.0032304557806243188 0.0029133560389894447 0.00023905771195755778
leaf_weight=289 4115 9200 9135 1249 23 21 76 4977 7250 746 26 1282 548 339 24 568 2327 11147 56 100 613 23 3510 1965 792 99 142 27 48 146
leaf_count=289 4115 9200 9135 1249 23 21 76 4977 7250 746 26 1282 548 339 24 568 2327 11147 56 100 613 23 3510 1965 792 99 142 27 48 146
internal_value=-0.000998391 -0.000374974 -0.00434142 -0.00210105 -0.000173406 -0.000403402 -0.000899023 5.50723e-05 -0.000286176 0.00227163 -0.00160968 -0.000732973 0.000153582 0.000317768 -0.000751191 0.00198835 -0.00144219 0.0005864 0.000548889 0.00533519 0.000462141 0.0114557 -0.0020797 -0.000941885 -0.000100766 0.00169711 -0.000124718 0.00070021 0.00472851 0.00222543
internal_weight=60863 51297 9566 5364 45933 31284 15033 16251 8072 822 6961 6259 1465 14649 2942 591 2351 11707 9992 179 9813 79 5496 1986 1439 647 431 11368 221 173
internal_count=60863 51297 9566 5364 45933 31284 15033 16251 8072 822 6961 6259 1465 14649 2942 591 2351 11707 9992 179 9813 79 5496 1986 1439 647 431 11368 221 173
cat_boundaries=0 1 2 3 4 5 6 7 8
cat_threshold=10496 2 62256 321 1 2441 16658 12306
is_linear=0
shrinkage=0.05


Tree=105
num_leaves=31
num_cat=8
split_feature=19 15 0 4 0 5 18 5 12 4 4 4 1 22 20 22 18 0 18 19 1 0 20 18 0 15 1 22 20 22
split_gain=48.8339 6.14746 3.04553 2.93652 2.76019 2.97761 2.63885 2.27777 1.90617 1.74441 2.42311 3.34389 2.5415 2.34646 2.14256 2.35391 1.86569 1.63652 1.89629 1.64709 1.62482 2.1451 2.24306 1.80691 1.64322 1.82406 1.59555 5.37616 2.17883 3.25202
threshold=2.4360282609959056 2.8804568565950608 0 9.5000000000000018 1 1.0000000180025095e-35 0.18362755262131791 1.0000000180025095e-35 4.0935105336717532 1.5000000000000002 7.5000000000000009 4.5000000000000009 2 7.7772946016519908 0.19977119896578269 7.6705299098168345 0.10026396948982759 3 0.1567292926596783 5.580795933134751 4 5 0.43549546574823322 0.11574935278260212 6 2.9153196170674947 7 7.3010305087821354 0.20539928535066906 7.310261908962798
decision_type=8 8 1 2 1 2 10 2 10 2 2 2 1 10 10 10 8 1 10 10 1 1 8 10 1 8 1 10 10 10
left_child=2 3 -1 -2 5 6 -5 9 -9 14 11 16 -13 -14 17 -16 -11 18 19 -3 23 22 -22 -12 -25 -26 27 -18 -29 -30
right_child=1 7 -4 4 -6 -7 -8 8 -10 10 20 12 13 -15 15 -17 26 -19 -20 -21 21 -23 -24 24 25 -27 -28 28 29 -31
leaf_value=-0.0016149712171444515 -0.0036581613183567689 -0.00026003260961011114 -0.013986321914134948 0.0079775334616879277 -0.00040064020368965191 -0.0059907198497088938 0.00055112672244269267 -0.0018915737466369835 3.771195687381388e-05 0.0028915667029271405 -0.0014904223023249406 -0.0023780418110507405 -0.00060734540994585528 0.0043703287762915733 -0.00040309225493480154 0.0076607419869381193 0.00040303146856744351 0.0010161417881229824 0.0056014320279484681 0.010636739698701117 0.0017130976942578682 -0.00041610811659399915 0.0085680131450873252 -6.6850544730710936e-05 0.0036001764165326704 0.0011745778382632587 -8.9380532368214577e-05 0.0076570945020245701 0.011836246162907208 0.0028669386193896475
leaf_weight=637 4485 177 8677 40 1275 29 31 3748 2082 118 552 5430 5848 58 1501 25 1046 986 343 21 547 7293 105 2011 37 5321 8396 53 20 152
leaf_count=637 4485 177 8677 40 1275 29 31 3748 2082 118 552 5430 5848 58 1501 25 1046 986 343 21 547 7293 105 2011 37 5321 8396 53 20 152
internal_value=-0.000969302 -0.000369226 -0.00430213 -0.0018942 0.000127272 0.00772727 0.0140141 -0.000174407 -0.00109777 -3.99612e-05 -0.000134778 -0.000485537 -0.00107004 -0.000352185 0.00110874 -0.000216253 0.000191619 0.00243287 0.00461887 0.00080808 0.000332156 -0.000173066 0.00255287 0.000838908 0.0010456 0.00150149 0.00011534 0.00176632 0.00877778 0.00604651
internal_weight=61044 51730 9314 5860 1375 100 71 45870 5830 40040 36987 21121 11336 5906 3053 1526 9785 1527 541 198 15866 7945 652 7921 7369 5358 9667 1271 225 172
internal_count=61044 51730 9314 5860 1375 100 71 45870 5830 40040 36987 21121 11336 5906 3053 1526 9785 1527 541 198 15866 7945 652 7921 7369 5358 9667 1271 225 172
cat_boundaries=0 1 2 3 4 5 6 7 8
cat_threshold=11520 2048 2 17518 2 385 33805 1
is_linear=0
shrinkage=0.05


Tree=106
num_leaves=31
num_cat=5
split_feature=17 3 19 4 0 19 0 4 22 21 22 12 19 22 8 19 4 15 11 0 0 1 8 15 12 22 19 20 20 17
split_gain=45.5492 5.95195 9.5707 3.05993 2.89779 2.53663 2.39695 2.02696 1.68734 2.65238 2.3259 1.75812 1.61713 1.5991 1.59382 1.58233 1.74655 1.57916 1.56056 1.55922 1.54425 3.49108 1.61852 1.52381 1.51145 2.02882 2.9576 1.46923 1.39473 1.37376
threshold=2.336786707039876 1.0000000180025095e-35 3.3153156736968712 8.5000000000000018 0 3.2704297058390699 1 9.5000000000000018 7.5455931431519216 7.5916093807942433 7.4424803299715094 2.8535883538621087 3.1600290391734425 7.0931538489907586 4.5000000000000009 2.9736796643149819 2.5000000000000004 3.0349795743195105 3.1591235665908397 2 3 4 1.0000000180025095e-35 3.13173130219438 3.0978349487009709 7.1230286278281127 3.2704297058390699 0.24429961809192768 0.25969483435351343 3.2350912840078494
decision_type=8 2 10 2 1 8 1 2 10 8 10 8 10 8 2 8 2 8 8 1 1 1 2 10 10 8 10 10 8 10
left_child=4 5 3 15 13 6 7 14 10 -10 12 -11 -9 -1 18 16 -3 -4 -2 -7 21 22 -17 -13 -5 26 -26 -8 -21 -27
right_child=1 2 17 24 -6 19 27 8 9 11 -12 23 -14 -15 -16 20 -18 -19 -20 28 -22 -23 -24 -25 25 29 -28 -29 -30 -31
leaf_value=0.035186511827151767 0.0042669708027600547 -0.00074534904628807512 0.019288786498447768 -0.0013019374362233547 -0.015444477423012196 0.00070302947981825846 0.00071815403908581535 0.0056980129750264464 0.0068314544149818222 -0.0038863982196290906 -0.002675178995853603 0.006279172606135826 0.0072437692594501009 -0.002232801093960493 0.0011151407389265605 0.0084566439750052829 -0.0055882697268918877 -0.00018497216392009588 0.0012080254357082381 -8.7018256355237615e-05 -0.002770806110346637 -0.00069341270328532149 0.0035917183981899903 0.002263053986550348 0.006901139406874088 0.0010562710025591715 -0.0026369436845327366 -0.0015496706410300584 -0.0061258707982773351 -0.0020892914406169952
leaf_weight=38 40 804 22 3483 8130 3543 1046 93 27 24 76 21 20 169 572 21 3171 32428 50 1772 2696 778 29 21 36 657 21 130 452 450
leaf_count=38 40 804 22 3483 8130 3543 1046 93 27 24 76 21 20 169 572 21 3171 32428 50 1772 2696 778 29 21 36 657 21 130 452 450
internal_value=-0.00097912 -0.000433761 -0.000657683 -0.00185493 -0.00441226 0.000832381 0.00231132 0.00417191 0.00776596 0.0132796 0.00505291 0.00787879 0.00960177 0.00145161 0.00270393 -0.00247967 -0.00316352 -0.000209554 0.00888889 0.00028871 -0.00170829 0.00019093 0.013 0.0140476 -0.000846784 0.000713057 0.00991228 0.000775716 -0.000747539 0.000239385
internal_weight=60820 52483 44596 12146 8337 7887 2120 944 282 93 189 66 113 207 662 7499 3975 32450 90 5767 3524 828 50 42 4647 1164 57 1176 2224 1107
internal_count=60820 52483 44596 12146 8337 7887 2120 944 282 93 189 66 113 207 662 7499 3975 32450 90 5767 3524 828 50 42 4647 1164 57 1176 2224 1107
cat_boundaries=0 1 2 3 4 5
cat_threshold=256 43022 53521 4417 1
is_linear=0
shrinkage=0.05


Tree=107
num_leaves=31
num_cat=5
split_feature=19 15 15 18 6 5 15 0 5 18 0 16 4 20 0 15 22 22 4 4 0 14 0 7 22 21 12 19 11 22
split_gain=45.2228 4.76793 3.7426 2.88037 2.59346 2.12707 2.0037 1.77908 1.73611 2.1127 1.69885 1.75326 1.6742 2.12332 1.84256 2.28018 2.04016 2.12254 1.82257 2.18668 1.98148 2.91411 1.88492 6.2438 1.8721 4.24574 3.27208 3.94887 2.29081 2.00144
threshold=2.4360282609959056 2.8804568565950608 2.1577338487922506 0.41688388630935902 1.0000000180025095e-35 1.0000000180025095e-35 2.4601413292751073 0 1.0000000180025095e-35 0.18362755262131791 1 0.54460740460303125 1.5000000000000002 0.25143458123387469 2 3.0201009479500907 7.1115908693319883 6.9715427466828741 8.5000000000000018 4.5000000000000009 3 3.614962865446246 4 17.500000000000004 7.3447932028912124 7.3836788024854476 3.8722415940098038 4.6260048553765785 4.6788851159450138 7.4143715998875424
decision_type=8 8 10 10 2 2 10 1 2 10 1 8 2 10 1 8 8 10 2 2 1 8 1 10 10 8 10 10 10 8
left_child=2 4 10 -4 7 12 -5 8 9 -2 11 -1 13 14 16 -16 17 -3 19 24 21 -20 23 -21 -14 26 29 28 -28 -26
right_child=1 5 3 6 -6 -7 -8 -9 -10 -11 -12 -13 18 -15 15 -17 -18 -19 20 22 -22 -23 -24 -25 25 -27 27 -29 -30 -31
leaf_value=0.005281644942216523 0.007197895014923442 0.0041650498953621209 -0.0036099238248689979 0.026024571297082646 -0.0044225660373876053 -0.0010106442233851797 -0.0009738251118002958 -0.0011906660309336926 -0.0035058252922687324 -0.00028552305299416563 -0.022509097627870258 -0.0063452346151085283 -6.2341427963452794e-05 -0.0029345117734030841 0.012302943199423795 0.00044568062628360825 0.0017967741517150122 0.010114151316122345 0.0031255307381908601 -3.8027598034451408e-05 0.00010662974412439476 0.001080605033987685 -0.001403856830257409 0.010748539456738943 -0.00019734417953496745 0.0002086436039077602 0.0047117948203249244 -0.001281954429645433 0.0092061464565787472 0.005847744554757125
leaf_weight=22 55 150 2341 24 2433 5920 23 3315 30 35 6748 197 8086 164 20 2095 550 41 359 4523 10082 2017 10060 34 161 1361 117 55 23 38
leaf_count=22 55 150 2341 24 2433 5920 23 3315 30 35 6748 197 8086 164 20 2095 550 41 359 4523 10082 2017 10060 34 161 1361 117 55 23 38
internal_value=-0.000870922 -0.000292322 -0.00407002 -0.00236181 -0.00163429 -0.000120596 0.00989362 -0.000749637 0.005 0.00888889 -0.00465552 -0.000196508 1.05156e-05 0.00114238 0.00146008 0.000694116 0.00358855 0.008089 -8.20794e-05 -0.000332817 0.000410177 0.00170578 -0.000720737 0.000123712 0.000243368 0.00172365 0.00629442 0.0108974 0.0153571 0.00178392
internal_weight=61079 51724 9355 2388 5868 45856 47 3435 120 90 6967 219 39936 3020 2856 2115 741 191 36916 24458 12458 2376 14617 4557 9841 1755 394 195 140 199
internal_count=61079 51724 9355 2388 5868 45856 47 3435 120 90 6967 219 39936 3020 2856 2115 741 191 36916 24458 12458 2376 14617 4557 9841 1755 394 195 140 199
cat_boundaries=0 1 2 3 4 5
cat_threshold=2048 256 17504 786 18881
is_linear=0
shrinkage=0.05


Tree=108
num_leaves=31
num_cat=3
split_feature=17 11 3 0 17 3 21 3 10 18 22 10 16 20 4 4 0 22 3 16 11 0 16 18 17 16 22 20 22 18
split_gain=44.4708 6.40922 5.54527 2.55546 2.20724 4.73673 2.1559 1.95526 2.58428 1.87477 1.85897 1.75947 1.75336 2.77266 1.42116 3.114 2.16257 2.91474 2.90419 1.68187 2.18821 1.63369 2.0109 1.75249 1.72182 1.51252 1.7107 1.42286 1.4217 1.41768
threshold=2.336786707039876 3.0978349487009709 1.0000000180025095e-35 0 2.1067418102295785 1.0000000180025095e-35 7.5608613761493979 1.0000000180025095e-35 2.8361459037824157 0.26053812731586862 7.0778549898090093 2.7504658133048774 0.20748190241596928 0.2089691190471831 7.5000000000000009 4.5000000000000009 1 7.7772946016519908 4.5000000000000009 0.079634556059927725 4.4146146412782903 2 0.24121894790652185 0.30286776512357921 4.757706904332033 0.29775233996439043 7.4143715998875424 0.20363093856289463 7.5455931431519216 0.1693104362854235
decision_type=8 8 2 1 10 2 10 2 8 8 10 10 8 10 2 2 1 10 2 10 8 1 10 10 10 10 8 10 10 10
left_child=3 2 10 -1 -5 12 11 9 -9 -3 -2 -4 -6 -14 15 21 17 19 -19 20 -17 23 27 -10 25 -25 -27 28 -23 -22
right_child=1 7 6 4 5 -7 -8 8 14 -11 -12 -13 13 -15 -16 16 -18 18 -20 -21 29 22 -24 24 -26 26 -28 -29 -30 -31
leaf_value=0.0018341022586995206 -0.00055518472583633083 0.00067191102897989062 -0.0029662444488347808 -0.024178180288389129 0.00086014273284676943 -0.007279830587945609 -0.0048619112202475572 -0.0032447359462830696 0.00029559884275867681 -0.0017141407824500293 0.0014379666061033643 -0.00040630466656995512 0.015968480504810464 -0.0095826764592589 0.00017781773849122806 0.010984441090799322 -0.0021672517840516489 0.0022736740734716054 0.0077920493544545114 -0.00088553860923274396 -0.0024938460447747309 -0.0004532575758693607 0.0009563015874548118 6.6551140062138137e-05 -0.0010997538010865918 0.0048298593480890807 0.069348887132978307 -0.0024394249417888877 0.0061310149956471799 0.011470968012801655
leaf_weight=221 464 5902 3166 6254 238 1581 1564 1366 8460 765 721 1774 42 20 14881 20 5997 120 35 2733 82 2356 688 32 73 38 23 1378 24 61
leaf_count=221 464 5902 3166 6254 238 1581 1564 1366 8460 765 721 1774 42 20 14881 20 5997 120 35 2733 82 2356 688 32 73 38 23 1378 24 61
internal_value=-0.000893025 -0.000355918 -0.00169008 -0.00428195 -0.00442296 -0.00292664 -0.00226322 -0.000128127 -0.000265464 0.000662216 0.0014557 -0.00175101 0.00283333 0.0103226 -0.000186618 -0.000440779 -0.00115385 -6.69728e-05 0.0066129 -0.000424725 0.0045092 5.27834e-05 -0.000724867 0.000453913 0.00554217 0.0100538 0.0146721 -0.00118148 -0.000441178 0.00234266
internal_weight=61079 52723 7689 8356 8135 1881 6504 45034 38367 6667 1185 4940 300 62 37001 22120 9048 3051 155 2896 163 13072 4446 8626 166 93 61 3758 2380 143
internal_count=61079 52723 7689 8356 8135 1881 6504 45034 38367 6667 1185 4940 300 62 37001 22120 9048 3051 155 2896 163 13072 4446 8626 166 93 61 3758 2380 143
cat_boundaries=0 1 2 3
cat_threshold=2304 18505 62242
is_linear=0
shrinkage=0.05


Tree=109
num_leaves=31
num_cat=5
split_feature=17 11 3 0 3 19 19 21 0 21 21 22 16 4 4 0 1 18 21 17 4 22 4 20 22 17 3 22 1 3
split_gain=44.9665 5.70392 6.16513 2.50335 2.26498 2.56957 2.26527 1.9319 1.90697 1.89471 1.56874 1.6753 1.56284 3.02968 1.51317 3.09987 2.34865 3.77811 2.10615 1.53701 1.917 1.47597 1.44169 2.5844 2.41214 1.42332 2.6933 1.2931 1.28953 1.27092
threshold=2.3123544387015813 3.0978349487009709 1.0000000180025095e-35 0 1.0000000180025095e-35 3.741234258493868 3.2200858450383332 7.5644977440381114 1 7.6715938605347134 7.6523082194052021 7.1230286278281127 0.13708031854833932 2.5000000000000004 6.5000000000000009 2 3 0.11872896377552521 8.2949240625415008 3.6743439689979733 9.5000000000000018 7.6238938917445429 7.5000000000000009 0.20811715920725474 7.8342602142240816 2.1067418102295785 1.0000000180025095e-35 7.7730403856773265 4 2.5000000000000004
decision_type=8 8 2 1 2 10 8 8 1 10 8 10 8 2 2 1 1 10 8 8 2 8 2 10 10 10 2 8 1 2
left_child=3 2 10 29 6 14 12 8 -4 -8 11 -2 13 -3 -6 16 18 -18 -16 20 -17 -10 -14 24 27 -5 -27 28 -24 -1
right_child=1 4 7 25 5 -7 9 -9 21 -11 -12 -13 22 -15 15 19 17 -19 -20 -21 -22 -23 23 -25 -26 26 -28 -29 -30 -31
leaf_value=-0.052984310850197794 -0.001433985021401519 0.0092576454902813209 -0.0043192391650339924 -0.02281471157020212 -0.0018334966281841538 -2.298836935037648e-05 0.00048967636377831236 -0.0031107131754351969 0.00014642555287093089 -0.0013497249913706731 0.00041081266186040999 0.0029686892920331356 -0.00071294486879684813 0.0022101505355032066 -0.00010329423779499698 -0.0024861076999995175 -0.0033097445640052343 0.0017911243355717696 0.01111026756513092 -0.0040483923481727229 0.00011102648917473116 0.0044392415603643027 0.0057790568616360371 -0.0006089065923638202 0.0084259964884652698 0.0015289175546382649 -0.0073796403432036155 0.0015926475738698251 0.001749770140611142 0.0049258565845213412
leaf_weight=73 77 31 445 6282 4941 26179 4864 5002 1155 856 761 329 288 259 25 1968 341 2041 40 697 2225 22 30 146 21 279 1363 87 57 142
leaf_count=73 77 31 445 6282 4941 26179 4864 5002 1155 856 761 329 288 259 25 1968 341 2041 40 697 2225 22 30 146 21 279 1363 87 57 142
internal_value=-0.000907483 -0.000375046 -0.00162431 -0.00436725 -0.000159217 -0.000306447 0.000693627 -0.00221468 -0.000715168 0.000323425 0.00172665 0.00423645 0.00299782 0.00603448 -0.000903243 -0.000447732 0.00100325 0.000751468 0.0103846 -0.00117347 -0.000814454 0.00034962 0.00159777 0.00379765 0.0075641 -0.00450845 -0.00320341 0.00563218 0.00994253 0.000999999
internal_weight=61026 52887 7791 8139 45096 38457 6639 6624 1622 5720 1167 406 919 290 12278 7337 2447 2382 65 4890 4193 1177 629 341 195 7924 1642 174 87 215
internal_count=61026 52887 7791 8139 45096 38457 6639 6624 1622 5720 1167 406 919 290 12278 7337 2447 2382 65 4890 4193 1177 629 341 195 7924 1642 174 87 215
cat_boundaries=0 1 2 3 4 5
cat_threshold=256 164 7122 1 2
is_linear=0
shrinkage=0.05


Tree=110
num_leaves=31
num_cat=3
split_feature=15 3 12 0 15 3 10 0 10 20 4 0 15 4 18 20 13 3 3 22 20 22 21 13 21 22 18 18 22 4
split_gain=43.6448 4.51191 4.33465 3.25182 3.14677 4.80644 2.08025 1.86068 2.10727 1.81382 1.61686 2.40858 2.22441 2.57552 2.37221 3.39134 2.38095 1.57683 2.28167 2.025 1.53101 1.25761 4.97754 2.12877 1.64017 1.61639 1.75909 2.27273 1.22685 1.20937
threshold=2.4601413292751073 1.0000000180025095e-35 3.0978349487009709 0 2.0499486540396581 1.0000000180025095e-35 2.6706884280042424 1 4.1720766135341369 0.23851164220470378 9.5000000000000018 2 2.9691948370067043 10.500000000000002 0.21680630580122695 0.22246884108699436 3.8275532567777977 2.5000000000000004 3.5000000000000004 7.0335327081261996 0.14141919676553347 7.706090113893393 7.7228988043671682 3.14630281962196 7.5722457171989133 7.76882214267357 0.18163310307962779 0.14346979027007753 7.5604189661725956 11.500000000000002
decision_type=8 2 8 1 10 2 10 1 10 8 2 1 10 2 10 10 10 2 2 10 10 10 8 8 10 10 10 10 8 2
left_child=3 9 6 17 -5 -6 -3 8 -4 10 20 12 13 -12 -14 -16 -17 -1 19 -19 -2 24 23 -23 -9 -25 27 -27 -15 -30
right_child=1 2 7 4 5 -7 -8 21 -10 -11 11 -13 14 28 15 16 -18 18 -20 -21 -22 22 -24 25 -26 26 -28 -29 29 -31
leaf_value=-0.042886128199883286 -0.0018767382376077793 -0.0029183529222965268 -0.0010515132300410583 -0.023635004567589227 0.0012200452122330054 -0.0058869876441243214 -0.00065720587998609062 -4.3967752921509761e-05 0.00038481381499870287 -0.00075075726050883597 0.0096806191224636587 0.00036262334950463006 0.0016160890503350393 -0.00038911155378959365 0.003171744264011277 0.010561612659795723 0.0015840835754943724 0.016151597525783306 0.0025530803699808408 0.0051876922103433901 0.00056782081972159293 0.004360768929369878 0.00010422566870885717 0.0034181326954709984 -0.0018309024747974259 0.0036568846201410592 0.0012181587597509731 0.012919767819831214 0.0057475219814224271 0.0011430073687574056
leaf_weight=69 212 2898 9844 5709 578 2911 2699 19345 2466 1702 32 694 447 35 85 21 21 20 60 20 4289 30 4074 371 2057 22 54 22 37 22
leaf_count=69 212 2898 9844 5709 578 2911 2699 19345 2466 1702 32 694 447 35 85 21 21 20 60 20 4289 30 4074 371 2057 22 54 22 37 22
internal_value=-0.000851824 -0.000280601 -0.000475367 -0.00399114 -0.0041149 -0.00293637 -0.00177506 -0.000285361 -0.000791397 0.000844411 0.00125954 0.00274749 0.00478873 0.010873 0.00353658 0.00956693 0.0211905 0.00282123 0.007 0.01625 0.00079871 -4.52196e-05 0.000707412 0.00542084 -0.000206057 0.00459488 0.0103061 0.0177273 0.00670213 0.0111017
internal_weight=60846 51479 43882 9367 9198 3489 5597 38285 12310 7597 5895 1394 700 126 574 127 42 169 100 40 4501 25975 4573 499 21402 469 98 44 94 59
internal_count=60846 51479 43882 9367 9198 3489 5597 38285 12310 7597 5895 1394 700 126 574 127 42 169 100 40 4501 25975 4573 499 21402 469 98 44 94 59
cat_boundaries=0 1 2 3
cat_threshold=256 42628 26686
is_linear=0
shrinkage=0.05


Tree=111
num_leaves=31
num_cat=6
split_feature=15 15 15 3 3 19 18 5 0 4 0 22 4 4 0 0 18 16 13 0 0 12 18 16 22 8 12 4 16 18
split_gain=42.9198 3.69096 3.03539 4.99397 3.00887 2.86995 1.97348 1.78844 1.66758 1.64936 2.26261 2.00315 1.84748 2.70867 2.05936 1.93512 1.8609 2.17188 1.75843 2.43345 1.79207 1.64135 1.63994 1.61686 2.2198 2.70001 1.60988 1.52882 2.54917 1.52
threshold=2.4424044485933312 2.8598163862774433 2.0499486540396581 1.0000000180025095e-35 1.0000000180025095e-35 3.4206309845815674 0.17675397859692041 1.0000000180025095e-35 0 1.5000000000000002 1 7.6996564244834094 7.5000000000000009 4.5000000000000009 2 3 0.20238913652909848 0.26344241678398184 2.947063657109513 4 5 4.2231771657130812 0.10026396948982759 0.20936632530837349 7.1285440037678027 5.5000000000000009 5.9266587545491261 6.5000000000000009 0.090529903494157862 0.22118986714707675
decision_type=8 10 10 2 2 10 10 2 1 2 1 10 2 2 1 1 10 10 8 1 1 8 10 10 10 2 10 2 10 10
left_child=2 4 8 23 -2 26 -7 9 -1 10 11 29 13 15 16 22 17 21 19 -14 -20 27 -11 -4 -25 -26 -6 -15 -29 -3
right_child=1 7 3 -5 5 6 -8 -9 -10 12 -12 -13 18 14 -16 -17 -18 -19 20 -21 -22 -23 -24 24 25 -27 -28 28 -30 -31
leaf_value=0.0026895940588982487 0.00083511952106208112 0.0021722623174778772 7.8962223357744864e-05 -0.0058517473356930029 -0.0026465585084542928 -0.0019607789976773243 0.0081789647998058365 -0.0010573285365323647 -0.02289804912288973 0.0028088109694948122 -0.00018035956731872851 0.0070391607737971089 -0.00021789099577831364 -0.0032681172963377504 -0.0022970864547979491 -0.00044335875752644926 -0.0015027765223809186 0.0056129961654767949 -0.00041102366103411059 0.0029040555698793932 0.0005626547288460458 0.00098273859391640795 0.00052566396573731054 -0.0029418170759869873 0.0050372704589255607 0.0027789379643103421 0.010280994032606246 0.0069974991891070233 3.2455119316766821e-05 -0.00030782736913502397
leaf_weight=151 1082 1171 431 2764 5507 297 253 5753 5753 56 1415 26 275 630 5252 4013 2732 37 5741 330 8893 2013 5627 47 35 38 21 22 374 400
leaf_count=151 1082 1171 431 2764 5507 297 253 5753 5753 56 1415 26 275 630 5252 4013 2732 37 5741 330 8893 2013 5627 47 35 38 21 22 374 400
internal_value=-0.000879881 -0.00032165 -0.00402376 -0.00281297 -0.0013757 -0.00180816 0.00163636 -0.00015304 -0.00470359 -3.16622e-05 0.0010923 0.00237399 -0.000125713 -0.000432647 -0.000967451 0.000177392 -0.000316261 0.000526657 0.000292341 0.00293388 0.000183134 0.000380058 0.000770243 0.00153357 0.00666667 0.0121233 -0.00215087 -0.00124756 0.00118687 0.00216104
internal_weight=61139 51920 9219 3315 7160 6078 550 44760 5904 39007 3012 1597 35995 20756 11060 9696 5808 3076 15239 605 14634 3039 5683 551 120 73 5528 1026 396 1571
internal_count=61139 51920 9219 3315 7160 6078 550 44760 5904 39007 3012 1597 35995 20756 11060 9696 5808 3076 15239 605 14634 3039 5683 551 120 73 5528 1026 396 1571
cat_boundaries=0 1 2 3 4 5 6
cat_threshold=256 21611 22793 53558 8205 52228
is_linear=0
shrinkage=0.05


Tree=112
num_leaves=31
num_cat=4
split_feature=17 3 17 4 0 0 19 22 0 4 17 20 22 8 16 18 19 3 0 17 16 16 16 22 22 21 16 21 22 14
split_gain=43.3792 4.84529 6.86295 2.90055 2.47524 1.63449 1.51092 2.74684 2.14029 1.65341 2.29916 1.94676 2.47802 2.12696 1.7106 2.13019 1.50468 2.20151 1.43212 1.38614 2.55879 1.38135 1.35328 1.34415 1.27379 3.91094 1.61298 1.44448 1.9731 2.43867
threshold=2.3123544387015813 1.0000000180025095e-35 2.9325604742654234 9.5000000000000018 0 1 3.2704297058390699 7.9807886712132605 2 7.5000000000000009 2.3625386833851043 0.24349755219591504 7.4360191948720793 4.5000000000000009 0.095670107006095115 0.12440619583057236 1.9520488408827454 1.0000000180025095e-35 3 2.227340308757511 0.1307557319450974 0.099989820067725679 0.073733807284678182 7.0879035308073073 7.817154515001401 7.7619577958985593 0.13708031854833932 7.7171287037418592 7.6887767437181322 3.1068238186635342
decision_type=8 2 10 2 1 1 8 10 1 2 8 10 8 2 8 10 10 2 1 10 10 8 8 8 10 8 10 10 10 8
left_child=4 6 3 5 23 -3 7 8 22 14 -11 12 13 -12 15 -10 -6 19 -4 -18 21 -21 -2 -1 27 26 -26 28 -20 -30
right_child=1 2 18 -5 16 -7 -8 -9 9 10 11 -13 -14 -15 -16 -17 17 -19 24 20 -22 -23 -24 -25 25 -27 -28 -29 29 -31
leaf_value=0.032209871024669899 0.00051916150348376398 0.0026271618940906312 -0.00065773275902432761 -0.00026672884103382736 -0.027414747698332322 -0.0037177416784026198 0.00026023086244136672 0.0051615659330482497 -0.0012827373083752344 0.0049780948416987009 -0.00048540265275537212 -0.0018473774666161761 0.0020093267947757089 0.0078754834212470433 6.1376770615992232e-05 0.0031589817250497671 -0.00091189937461386974 -0.006924249061715182 -0.00014580495935949032 0.00314840948538345 -0.001135160717867125 0.055932291145647961 -0.0011303997934359656 -0.0012045791547974694 -0.00017668410978992604 0.00035089816185838139 0.0041688417502071277 -0.0016904363660223355 0.0074542816011313497 0.0010836656989618068
leaf_weight=32 22 130 10491 1937 5291 5091 5717 26 32 25 20 99 704 47 710 45 311 2215 22198 21 62 24 466 178 22 2420 67 1459 21 1134
leaf_count=32 22 130 10491 1937 5291 5091 5717 26 32 25 20 99 704 47 710 45 311 2215 22198 21 62 24 466 178 22 2420 67 1459 21 1134
internal_value=-0.000856894 -0.00033404 -0.000534802 -0.00195446 -0.00425621 -0.00256752 0.000806899 0.00192167 0.00172811 0.00256501 0.00405028 0.00362069 0.00446822 0.0136567 0.000908512 0.00798701 -0.00439501 -0.00342385 -0.000266054 -9.5695e-05 0.00481308 0.0138889 -0.00118474 0.00113636 -7.51905e-05 0.000998405 0.0112921 -0.000183783 -8.84267e-05 0.00192641
internal_weight=61017 52883 44970 7158 8134 5221 7913 2196 2170 1682 895 870 771 67 787 77 7924 2633 37812 418 107 45 488 210 27321 2509 89 24812 23353 1155
internal_count=61017 52883 44970 7158 8134 5221 7913 2196 2170 1682 895 870 771 67 787 77 7924 2633 37812 418 107 45 488 210 27321 2509 89 24812 23353 1155
cat_boundaries=0 1 2 3 4
cat_threshold=256 4352 193 36036
is_linear=0
shrinkage=0.05


Tree=113
num_leaves=31
num_cat=4
split_feature=17 17 3 4 13 0 17 4 4 2 16 20 4 0 20 10 16 12 1 3 20 3 17 3 16 21 22 12 16 0
split_gain=44.7475 4.5723 4.71539 2.92273 2.39739 2.03757 1.81745 2.51841 1.5358 1.81661 1.48186 1.8742 1.69799 1.646 1.53314 1.4758 1.39345 1.80069 1.53 1.37424 1.349 1.30608 1.36229 3.0557 1.23165 1.21983 1.20816 1.33636 2.38095 1.15298
threshold=2.3123544387015813 2.9684130377110103 1.0000000180025095e-35 9.5000000000000018 2.1916379270371573 0 2.0386160064121421 2.5000000000000004 8.5000000000000018 2.5000000000000004 1.0354534567874298 0.17500467673449904 4.5000000000000009 1 0.19391438442152278 2.4973207021709536 0.10321466973561726 3.9150180173942517 2 1.0000000180025095e-35 0.25030425166315762 3.5000000000000004 3.4299809913640602 5.5000000000000009 1.0354534567874298 7.5804445850845523 7.3869654066411661 4.8422165646651107 0.21637624644913958 3
decision_type=8 10 2 2 8 1 10 2 2 2 8 10 2 1 10 8 10 8 1 2 10 2 10 2 8 10 8 8 10 1
left_child=5 2 -2 15 -5 24 -7 -8 10 -10 12 -12 29 20 -13 -4 17 18 -15 -9 -14 -22 23 -23 -1 -6 -24 28 -28 -3
right_child=1 8 3 4 25 6 7 19 9 -11 11 14 13 16 -16 -17 -18 -19 -20 -21 21 22 26 -25 -26 -27 27 -29 -30 -31
leaf_value=0.0058334488475262607 0.00086715981777121896 0.00032038313464193111 -0.0060394582320135249 0.0061744208656549183 9.1856058316218861e-05 -0.021978715953837137 0.0030089836522126084 -0.00044342137722366284 -4.9900397239227277e-05 0.00091336516932863691 -0.0040035995133556211 0.023104081004784074 -0.0026628722345009119 0.0040005393416405952 0.0054124007507594159 -0.0025044734219130324 -0.00066114838858321646 0.00022037335900844859 0.0017435471317656344 -0.0059328802156358093 -0.0019400941044288847 0.0075851694186567413 -0.0032869954323141506 -0.0026983621065671654 -0.020028282328642791 -0.0024190429509805267 -0.00060166037009607527 -0.0014434366841023327 0.0046674550907854096 -0.00037751952549309889
leaf_weight=124 1443 9169 1202 47 1611 5779 26 340 9325 4678 68 20 3077 75 345 4338 9054 767 180 1751 429 32 83 26 73 407 42 80 54 6292
leaf_count=124 1443 9169 1202 47 1611 5779 26 340 9325 4678 68 20 3077 75 345 4338 9054 767 180 1751 429 32 83 26 73 407 42 80 54 6292
internal_value=-0.000821095 -0.000290857 -0.0013141 -0.00181131 -0.000205812 -0.00428333 -0.00440552 -0.00315777 -7.94605e-05 0.000352423 -0.00028245 0.00262125 -0.000325274 -0.000726312 0.00404109 -0.00240975 -0.00038965 0.00136008 0.005 -0.00335007 -0.0016084 0.000294905 0.00272871 0.00965517 0.0007971 -0.000465809 0.0011776 0.00352273 0.0075 3.52488e-05
internal_weight=60937 52844 9048 7605 2065 8093 7896 2117 43796 14003 29793 433 29360 13899 365 5540 10076 1022 255 2091 3823 746 317 58 197 2018 259 176 96 15461
internal_count=60937 52844 9048 7605 2065 8093 7896 2117 43796 14003 29793 433 29360 13899 365 5540 10076 1022 255 2091 3823 746 317 58 197 2018 259 176 96 15461
cat_boundaries=0 1 2 3 4
cat_threshold=256 34404 4 61730
is_linear=0
shrinkage=0.05


Tree=114
num_leaves=31
num_cat=5
split_feature=19 15 3 0 4 4 3 15 16 20 19 4 0 1 13 8 13 4 13 4 13 0 3 9 3 18 8 0 20 18
split_gain=40.4422 5.12845 4.26174 2.75897 2.15342 1.99643 1.92962 1.91631 1.80709 1.73994 1.71209 2.07831 2.92366 3.32109 2.73508 2.28127 1.99982 1.66192 1.59869 1.58868 1.36464 1.35693 1.58496 4.47466 3.0916 2.96064 3.05799 1.86088 1.5625 1.85527
threshold=2.2480439848960039 2.8598163862774433 1.0000000180025095e-35 0 8.5000000000000018 3.5000000000000004 1.0000000180025095e-35 2.0499486540396581 1.0354534567874298 0.18358392924436467 3.6818499089434149 7.5000000000000009 1 2 3.0657219285807118 4.5000000000000009 3.553917445348898 2.5000000000000004 2.1916379270371573 7.5000000000000009 3.14630281962196 3 4.5000000000000009 1.0000000180025095e-35 5.5000000000000009 0.31861082846214789 4.5000000000000009 4 0.17403613627853767 0.17618291028545999
decision_type=8 8 2 1 2 2 2 10 8 10 10 2 1 1 8 2 8 2 8 2 10 1 2 2 2 10 2 1 10 10
left_child=3 2 19 8 5 -4 -3 -5 -1 -6 11 -8 13 -13 -15 -16 -12 -9 -11 -2 -17 22 27 24 25 -24 -27 -18 -23 -30
right_child=1 6 4 7 9 -7 10 17 -10 18 16 12 -14 14 15 20 21 -19 -20 -21 -22 28 23 -25 -26 26 -28 -29 29 -31
leaf_value=0.0052955186257731155 -0.00024167984391356757 0.00038826943828753268 -0.00088050015719596815 -0.020003240132027325 -0.0022985740761029315 -0.0054673824851293393 -0.001806244271295181 0.0017715290807028433 -0.039141591492325191 0.0067728307402598878 0.002103653652806028 0.017899465535339627 -0.00058845324165874115 0.0035367627830715283 -0.0041213578343277301 0.0036289116145413222 -0.002059329253343675 -0.0037697456062521224 7.1701255408318976e-05 0.0016513383040340981 0.0010680209639327663 0.00056539295009783901 0.0054626225598617094 0.00018436976232053209 0.0023345359477055616 0.012205426851999638 0.0053589237445036738 0.00016548213223863077 -0.0012281229946228161 -0.00026101080586044321
leaf_weight=136 654 6763 848 5951 833 3158 5862 28 98 49 541 43 5182 85 202 176 953 1435 1136 531 503 3424 68 2673 524 23 40 6397 3875 8757
leaf_count=136 654 6763 848 5951 833 3158 5862 28 98 49 541 43 5182 85 202 176 953 1435 1136 531 503 3424 68 2673 524 23 40 6397 3875 8757
internal_value=-0.000828412 -0.000340527 -0.00158066 -0.00422856 -0.00211986 -0.00279081 -0.000146559 -0.00439386 0.00114754 -0.00078791 -0.000280717 -0.000776986 -0.000138105 0.00231109 0.00172878 0.000902382 -6.14127e-05 -0.00277854 0.000443037 0.00116034 0.00229013 -0.000122317 0.00031437 0.00121995 0.00492366 0.0117939 0.0196032 -9.52393e-05 -0.000412674 -0.000669729
internal_weight=60948 53300 7209 7648 6024 4006 46091 7414 234 2018 39328 12053 6191 1009 966 881 27275 1463 1185 1185 679 26734 10678 3328 655 131 63 7350 16056 12632
internal_count=60948 53300 7209 7648 6024 4006 46091 7414 234 2018 39328 12053 6191 1009 966 881 27275 1463 1185 1185 679 26734 10678 3328 655 131 63 7350 16056 12632
cat_boundaries=0 1 2 3 4 5
cat_threshold=256 4562 1 25057 160
is_linear=0
shrinkage=0.05


Tree=115
num_leaves=31
num_cat=1
split_feature=19 11 10 4 4 19 15 8 22 21 14 5 5 1 22 19 14 15 22 20 14 20 19 18 16 4 22 22 8 18
split_gain=40.1366 4.96655 2.21587 2.08834 2.57264 2.65931 1.77913 1.70497 1.52249 1.63163 1.51713 1.51499 1.40546 1.68666 2.5244 2.16451 2.32403 1.85392 1.68458 2.23347 1.7094 1.61068 1.51079 1.66033 1.36423 1.33089 1.90349 2.07273 1.83356 1.7269
threshold=2.2480439848960039 2.4890560511953486 2.4466760667407619 8.5000000000000018 4.5000000000000009 4.8398441780746202 2.0499486540396581 5.5000000000000009 7.9807886712132605 7.9747048723445522 5.0704752451631441 1.0000000180025095e-35 1.0000000180025095e-35 0 7.2970029543267332 4.5823042707595167 4.583435563288619 4.0800390656874965 7.713974606023581 0.21902366370256032 3.882593664424943 0.20406565104219665 3.9754473301912214 0.11290379827155529 0.83200656777263282 10.500000000000002 7.0016259305287063 6.9409926886548261 5.5000000000000009 0.12355285718082533
decision_type=8 8 8 2 2 8 10 2 10 8 10 2 2 1 10 10 10 10 10 10 8 10 8 8 10 2 10 10 2 10
left_child=6 -2 -3 4 12 8 24 10 -6 -10 -7 25 13 14 -4 17 -17 18 19 20 21 -16 -14 -24 -1 26 27 -5 29 -28
right_child=1 2 3 11 5 7 -8 -9 9 -11 -12 -13 22 -15 15 16 -18 -19 -20 -21 -22 -23 23 -25 -26 -27 28 -29 -30 -31
leaf_value=-0.019307836409366286 -0.0036161241682411398 -0.0034317828096779401 0.00038368072587377191 0.0018511716755358406 -0.0013640115301912306 0.0024727771051716277 -0.0036033057453270889 -0.00087870500911566723 0.0039643819453225168 0.00085142705766355978 -0.00015545102067056487 -0.00076395212277182486 -0.0025216681957104673 6.5828130273094159e-05 0.0021351979285228191 0.0087994814438364412 0.0035517925056536698 0.00053231002876331175 -0.0029679899288667529 0.00018591095703450315 0.0072578019187660619 0.0074888313387305233 0.0047437678641907557 -8.0254142238967506e-05 0.00038817254766894128 4.4453050301176069e-05 -0.0011437693460554482 0.0053831086390195943 -0.00040167871734725033 0.0015876239354257722
leaf_weight=6021 2065 1008 1035 1563 13344 1124 1497 993 38 258 772 2552 1378 12152 53 20 29 315 35 69 72 25 30 2126 108 7398 276 73 2207 2281
leaf_count=6021 2065 1008 1035 1563 13344 1124 1497 993 38 258 772 2552 1378 12152 53 20 29 315 35 69 72 25 30 2126 108 7398 276 73 2207 2281
internal_value=-0.000781146 -0.000295642 -0.000198728 -0.000152138 -0.000376167 -0.000822495 -0.00417388 0.000555554 -0.00111437 0.00243243 0.0014346 0.000311925 4.93096e-05 0.000277072 0.00177556 0.00430421 0.0143878 0.00343585 0.00661417 0.00824201 0.0116667 0.00653846 -0.000840409 -1.39158e-05 -0.00455131 0.000518915 0.00104687 0.00251834 0.000541561 0.00145287
internal_weight=60917 53291 51226 50218 33868 16529 7626 2889 13640 296 1896 16350 17339 13805 1653 618 49 569 254 219 150 78 3534 2156 6129 13798 6400 1636 4764 2557
internal_count=60917 53291 51226 50218 33868 16529 7626 2889 13640 296 1896 16350 17339 13805 1653 618 49 569 254 219 150 78 3534 2156 6129 13798 6400 1636 4764 2557
cat_boundaries=0 1
cat_threshold=1
is_linear=0
shrinkage=0.05


Tree=116
num_leaves=31
num_cat=0
split_feature=17 11 3 15 3 20 17 12 16 4 10 3 4 13 20 8 3 2 12 17 3 22 22 16 10 13 12 11 16 22
split_gain=40.926 4.20309 2.49847 2.48593 2.44054 2.32026 1.63406 1.58248 3.46766 1.53667 1.46859 1.40895 1.35969 1.3041 1.29806 1.47871 2.47619 1.27505 1.23325 1.2753 1.6441 2.26601 2.5744 1.18229 1.16273 1.60052 1.27237 2.16986 2.31364 1.13741
threshold=2.3123544387015813 2.8763815484389119 1.0000000180025095e-35 2.0499486540396581 1.0000000180025095e-35 0.41599754642998393 2.9863148931788621 2.8063815381345165 0.095670107006095115 8.5000000000000018 2.6063797390931955 1.0000000180025095e-35 7.5000000000000009 2.7504658133048774 0.50374338890686676 5.5000000000000009 2.5000000000000004 2.5000000000000004 4.0834517661861405 4.1049247626816685 3.5000000000000004 7.7458139813230922 7.8601623693972398 1.0354534567874298 3.2168718141694317 3.0796111151707293 3.0796111151707293 3.2827873905969294 0.20335483264774901 7.8477467098664189
decision_type=8 8 2 10 2 10 8 10 8 2 8 2 2 8 10 2 2 2 10 10 2 10 10 10 10 8 8 8 10 10
left_child=3 2 12 14 6 11 7 29 -9 -4 23 -5 -2 -10 -1 -16 -17 18 -12 20 -20 -22 -23 -6 -19 26 -26 28 -28 -3
right_child=1 4 9 5 10 -7 -8 8 13 -11 17 -13 -14 -15 15 16 -18 24 19 -21 21 22 -24 -25 25 -27 27 -29 -30 -31
leaf_value=-0.017989067957238005 -0.0003117727683344741 0.00043551194810791517 -0.0041273467257991886 0.00042782317022240293 -0.0040763143025553212 0.0036275789534438996 0.0003672070680634778 0.0067095272464765994 0.0051536330213010828 -0.0007753179256950204 -0.000592709445686806 -0.0047503211489627823 0.0016704684636938542 0.0017529772456482209 -0.012194659311553859 -0.032559237982280297 0.010624791190247533 -0.00031998471989296039 -0.00019326734985749164 -0.00010713721227869065 0.0020152333870453241 0.0056767210632206432 -0.0014352117442613405 0.02175538094536579 -0.0023202821450352996 0.00042964445024661627 0.0024731180681158895 0.0021578712437483293 0.0080673967410592271 0.0046513959869294757
leaf_weight=5900 463 407 2884 324 796 49 6439 23 29 1579 17015 1569 381 113 269 26 28 4973 451 8713 360 45 24 27 32 8074 24 83 23 41
leaf_count=5900 463 407 2884 324 796 49 6439 23 29 1579 17015 1569 381 113 269 26 28 4973 451 8713 360 45 24 27 32 8074 24 83 23 41
internal_value=-0.000743412 -0.00023576 -0.00157057 -0.00403858 -8.72276e-05 -0.00247683 0.000771411 0.00323817 0.00742424 -0.00204235 -0.000236222 -0.00275489 0.000924169 0.00450704 -0.00452595 -0.00143963 0.00611111 -0.000193009 -0.000392364 6.09808e-05 0.001875 0.00409091 0.0123913 -0.00232685 0.000208569 0.000573093 0.00549383 0.00769231 0.0162766 0.00169643
internal_weight=61164 52999 5307 8165 47692 1942 7052 613 165 4463 40640 1893 844 142 6223 323 54 39817 26608 9593 880 429 69 823 13209 8236 162 130 47 448
internal_count=61164 52999 5307 8165 47692 1942 7052 613 165 4463 40640 1893 844 142 6223 323 54 39817 26608 9593 880 429 69 823 13209 8236 162 130 47 448
is_linear=0
shrinkage=0.05


Tree=117
num_leaves=31
num_cat=4
split_feature=17 11 17 0 4 4 4 0 7 20 18 20 17 0 14 11 22 21 21 19 0 13 8 21 4 18 17 20 18 22
split_gain=40.8419 3.80245 2.22347 2.0939 1.32435 1.29779 2.05652 2.02339 4.71228 2.48428 1.70087 1.57829 1.42669 2.08422 2.38413 1.68478 1.66062 1.43321 1.54551 2.00586 1.38553 1.8196 1.36626 1.34319 1.34237 1.33063 2.79935 1.32615 1.2836 2.15016
threshold=2.3123544387015813 2.8763815484389119 1.9095899666806975 0 2.5000000000000004 8.5000000000000018 3.5000000000000004 1 43.500000000000007 0.28145102723360033 0.090109003326218615 0.25030425166315762 3.2077925467912709 2 3.0750027876182671 3.3995279310293984 7.4424803299715094 7.0913259685875696 7.2431554487296195 3.0572451967142649 3 3.02771238803343 5.5000000000000009 7.8166184747281777 10.500000000000002 0.1630065495790459 3.8532976938192296 0.29216858344343433 0.10026396948982759 7.5900356477558892
decision_type=8 8 10 1 2 2 2 1 10 10 10 8 10 1 8 8 8 8 10 10 1 8 2 10 2 8 10 10 8 8
left_child=2 -2 3 -1 -4 6 11 8 -8 -9 -7 28 13 14 15 22 17 -15 19 -19 21 -14 -12 -23 -22 26 -11 -28 29 -3
right_child=1 5 4 -5 -6 10 7 9 -10 25 12 -13 20 16 -16 -17 -18 18 -20 -21 24 23 -24 -25 -26 -27 27 -29 -30 -31
leaf_value=0.0024355521808650527 -0.0016987389949297911 7.7437596681713286e-05 0.0028631499578590943 -0.025491359034653049 -0.0040972863574121558 -0.0034623189850055726 -4.7204297521995211e-05 -0.0014339584901736529 0.0081410620283935888 0.003112500970898375 0.0060866404601370395 -0.0012682153984525668 0.008304988775171494 -0.0015350580886311518 0.0015749489989753927 0.0024013620652936912 0.00022054923778245603 0.0030911894181719028 0.0010405151775586922 0.0070679339701957659 0.00082964867954179317 -0.00023603325651673209 0.0048404326054552801 -0.0033310009041370896 -0.00017139385711568216 0.00057751585780907346 0.0051751585066271734 -0.0026432302647545684 0.00027851250814213478 0.0053331203687430684
leaf_weight=152 5190 96 41 5144 2857 450 7169 11098 41 22 28 1126 21 44 162 39 1962 78 127 42 4554 3515 30 551 3832 1481 20 47 10960 61
leaf_count=152 5190 96 41 5144 2857 450 7169 11098 41 22 28 1126 21 44 162 39 1962 78 127 42 4554 3515 30 551 3832 1481 20 47 10960 61
internal_value=-0.000776174 -0.000265993 -0.00406029 -0.00466956 -0.00294686 -0.000125748 -0.00030681 -0.000620788 4.84753e-05 -0.00100095 0.000251052 0.000202972 0.000342007 0.00142914 0.00559479 0.0120103 0.000921342 0.00445017 0.00593117 0.01 0.000123065 -0.000630951 0.0174138 -0.000708314 0.000490709 0.000859871 0.00679775 0.00171642 0.000383645 0.00487261
internal_weight=60940 52746 8194 5296 2898 47556 32121 19878 7210 12668 15435 12243 14985 2512 259 97 2253 291 247 120 12473 4087 58 4066 8386 1570 89 67 11117 157
internal_count=60940 52746 8194 5296 2898 47556 32121 19878 7210 12668 15435 12243 14985 2512 259 97 2253 291 247 120 12473 4087 58 4066 8386 1570 89 67 11117 157
cat_boundaries=0 1 2 3 4
cat_threshold=256 20801 37376 37952
is_linear=0
shrinkage=0.05


Tree=118
num_leaves=31
num_cat=5
split_feature=19 10 15 3 19 4 0 1 3 10 21 12 0 20 21 0 16 21 4 16 18 15 3 3 15 13 0 18 10 12
split_gain=37.4138 4.70414 3.12517 2.79879 3.88882 2.98408 2.68105 2.85233 2.67989 2.13172 2.00349 2.15458 1.96863 1.78198 1.68534 2.05139 1.59815 1.59915 1.56218 1.55547 1.53385 1.5137 2.38026 3.43344 1.45908 1.58026 1.41132 1.37387 1.37215 1.32683
threshold=2.2480439848960039 2.393329031016735 1.9370078856851178 1.0000000180025095e-35 3.3647725724192581 8.5000000000000018 0 1 1.0000000180025095e-35 2.7311101689089869 7.7721209158026889 3.3050518377464333 2 0.41599754642998393 7.7805119870131465 3 0.2110818363198195 7.6886843467073707 4.5000000000000009 0.25771625655043956 0.19276517476952368 1.1883506072082843 2.5000000000000004 3.5000000000000004 3.1956920133183653 3.0796111151707293 4 0.65620078068784171 3.4061835480678275 2.4203582520096725
decision_type=8 8 10 2 10 2 1 1 2 10 8 10 1 10 10 1 8 10 2 10 10 10 2 2 8 8 1 10 8 10
left_child=2 -2 12 19 5 6 7 -5 -4 -8 11 -9 21 -10 15 16 17 -7 -11 26 -21 -1 -23 -24 25 -6 29 -15 -17 -3
right_child=1 3 8 4 24 14 9 10 13 18 -12 -13 -14 27 -16 28 -18 -19 -20 20 -22 22 23 -25 -26 -27 -28 -29 -30 -31
leaf_value=-0.048531861871988401 -0.0037654868627785675 0.00088834654366063369 0.0019290752525632266 0.040176692344314181 0.013913299930532842 0.0015805013815927947 -0.0033510018418686418 0.00771322667522576 -0.0053307069405899021 6.6743341195488212e-05 -0.00012047269484305411 -0.00090329498064254353 -0.022454298291317815 0.012970643742517662 -0.0027336828961313595 0.00023593206654455554 -0.0015960930233315188 0.004157606357886999 -0.002460745674979942 0.00084182109003265925 -0.0013119825754148284 -0.043819773910069304 0.016546705741560631 -0.001813033055252817 -7.6342828433207378e-05 0.0016454371408673404 0.00043758293273073049 -0.0022695276812723536 -0.0017230759609278769 0.0031763662220238398
leaf_weight=71 1444 297 373 22 25 1036 3758 25 1757 1660 281 22 5279 27 454 1738 344 36 1733 20 941 41 31 34 31852 63 6003 39 1057 407
leaf_count=71 1444 297 373 22 25 1036 3758 25 1757 1660 281 22 5279 27 454 1738 344 36 1733 20 941 41 31 34 31852 63 6003 39 1057 407
internal_value=-0.000750782 -0.000280733 -0.00401987 -0.000202226 -0.000355508 -0.00111623 -0.00173377 0.0025 -0.00242714 -0.00194177 0.00140244 0.0109574 -0.00466092 -0.00321723 -0.000123259 0.00018879 0.00173212 0.00269589 -0.00103596 0.000679446 -0.00120187 0.000614972 0.00443396 0.0103846 -6.57495e-05 0.00636364 0.000949007 0.00484848 -0.000597149 0.00305322
internal_weight=60870 53218 7652 51774 44106 12166 7501 350 2196 7151 328 47 5456 1823 4665 4211 1416 1072 3393 7668 961 177 106 65 31940 88 6707 66 2795 704
internal_count=60870 53218 7652 51774 44106 12166 7501 350 2196 7151 328 47 5456 1823 4665 4211 1416 1072 3393 7668 961 177 106 65 31940 88 6707 66 2795 704
cat_boundaries=0 1 2 3 4 5
cat_threshold=4352 1 256 51808 262
is_linear=0
shrinkage=0.05


Tree=119
num_leaves=31
num_cat=5
split_feature=15 15 0 15 13 13 4 21 22 16 0 1 21 22 0 21 14 21 22 4 11 21 13 22 0 12 15 4 18 18
split_gain=36.7607 3.97984 2.3088 2.23483 1.69756 1.76342 1.62684 1.72876 1.99144 1.51349 1.55594 1.27604 1.26356 2.85238 1.60366 1.60999 1.26283 1.24828 2.86459 1.87821 1.93773 1.31291 1.43684 1.20536 1.19757 1.61241 1.20731 1.17977 1.32787 1.52436
threshold=2.272813328039025 2.8598163862774433 0 1.8824026419600772 4.4012161411084394 5.6419070080640097 7.5000000000000009 7.6214400807672282 7.9659354933390452 0.35392292465127667 1 2 7.2060062339413085 7.2014776852350186 3 7.14005668953304 6.840279078092153 7.1312986703816295 7.0822593881946565 1.5000000000000002 5.726847694536235 7.0770759345065919 3.4420180961807723 7.1053622206920322 4 6.3496631920219073 2.7143594315817698 3.5000000000000004 0.18201577956005724 0.24047043704815643
decision_type=8 10 1 10 10 10 2 10 10 10 1 1 8 10 1 10 10 10 10 2 8 10 8 10 1 10 8 2 10 10
left_child=2 4 -1 -4 6 -6 9 8 24 10 -2 -12 13 16 15 -15 17 18 -3 20 23 22 -21 -20 26 -26 -8 28 -13 -30
right_child=1 12 3 -5 5 -7 7 -9 -10 -11 11 27 -14 14 -16 -17 -18 -19 19 21 -22 -23 -24 -25 25 -27 -28 -29 29 -31
leaf_value=0.0031169429279726364 -0.0063521785142782727 -0.00012111623282931972 -0.023318587558010109 -0.004467945913166774 0.0056247199505039388 0.0023635951166763414 0.0002947251318565448 -0.0025752762404471813 0.0051844789919260423 0.0064691041268475349 0.0065200358863607144 -0.0011321635873530406 -0.00016612753298041278 0.0087313053093586983 0.00053271315613915519 0.0023646103866642237 0.0057380061487287259 -0.00141696354669331 0.0024098196912830756 0.0073406778965588908 0.0029504463434203141 0.00088681102882512929 0.0025503758047951278 0.0089330117434896182 0.00018474579315783801 0.0062507674892295978 -0.0050870008426615668 -0.0038419593178123709 0.0044948241993970767 -0.003582042092734751
leaf_weight=168 949 3875 4735 2541 23 127 225 1256 27 33 171 756 38170 49 238 321 44 949 21 23 39 468 302 31 2342 34 321 2211 256 71
leaf_count=168 949 3875 4735 2541 23 127 225 1256 27 33 171 756 38170 49 238 321 44 949 21 23 39 468 302 31 2342 34 321 2211 256 71
internal_value=-0.000761486 -0.000302071 -0.00405293 -0.00418337 -0.00127358 0.004 -0.001365 -0.00065993 1.6943e-06 -0.00203171 -0.00211146 -0.00160432 -0.000110039 0.000542452 0.00379934 0.00578947 0.000198191 0.000133145 0.000463331 0.00303167 0.00983516 0.00225094 0.00469231 0.0161538 -0.000123204 0.000364626 -0.00221223 -0.00182757 -0.000475532 0.00218654
internal_weight=60776 53332 7444 7276 8802 150 8652 4205 2949 4447 4414 3465 44530 6360 608 370 5752 5708 4759 884 91 793 325 52 2922 2376 546 3294 1083 327
internal_count=60776 53332 7444 7276 8802 150 8652 4205 2949 4447 4414 3465 44530 6360 608 370 5752 5708 4759 884 91 793 325 52 2922 2376 546 3294 1083 327
cat_boundaries=0 1 2 3 4 5
cat_threshold=256 11036 1 63488 33368
is_linear=0
shrinkage=0.05


Tree=120
num_leaves=31
num_cat=0
split_feature=17 10 15 3 19 3 4 4 15 15 13 22 17 17 10 4 18 19 22 22 16 20 20 15 17 22 3 13 16 22
split_gain=38.8332 4.70365 2.94846 2.56067 2.51384 2.43416 2.37273 1.78881 1.48264 1.42481 1.41574 1.37894 1.95814 1.20568 1.16872 1.16118 2.01099 2.62157 1.34251 1.21817 1.80321 1.19552 1.12128 1.10959 1.67458 1.32333 1.45873 1.93885 1.27112 1.25146
threshold=2.2509826345109585 2.4466760667407619 1.9370078856851178 1.0000000180025095e-35 3.7190135707104841 1.0000000180025095e-35 7.5000000000000009 4.5000000000000009 3.39606785014707 3.7847215967739634 3.6519552588822624 6.97686529901934 3.6849472732150619 3.6743439689979733 4.0456790075238596 7.5000000000000009 0.24338753699263674 2.8409708835317828 7.4948273845767313 7.0664970724375769 0.083152900679847416 0.23784109553745092 0.28617235448294148 2.6474544130647613 2.7395121577917076 7.3757572569444241 3.5000000000000004 2.7047057070268123 0.19303824277249715 7.4683611146345923
decision_type=8 8 10 2 10 2 2 2 8 10 10 8 10 10 8 2 10 10 8 10 10 10 10 10 10 8 2 10 10 10
left_child=2 -2 -1 8 6 -4 7 23 15 10 11 12 -6 -8 -11 18 21 -18 19 -3 -21 -17 -9 -5 25 26 27 -25 -28 -26
right_child=1 3 5 4 9 -7 13 22 -10 14 -12 -13 -14 -15 -16 16 17 -19 -20 20 -22 -23 -24 24 29 -27 28 -29 -30 -31
leaf_value=-0.019565502118060209 -0.0032268421976356571 -0.0041433105169319251 0.001572963513396591 -0.0027826748958972138 0.012590591196460608 -0.0049621643812858022 -2.4471299574176555e-05 -0.0030998751862177441 0.00018527740653301439 -0.0010849092642110068 -0.00027377106630958452 0.0020022007558304967 0.0026586742531195169 -0.0023742954662022424 2.0806066165004919e-05 0.0017992069564173028 -0.0061417440928716836 0.0048102708352389667 -0.00026412925038109551 0.0019762713425220519 0.0019265784530036068 -0.0019579627969758275 0.0012111178181348828 0.0026980943399146497 -0.00095008082565717757 -0.00066431178410651963 -0.0010962940412394594 0.00061194304675440167 0.0052814018009729336 0.0022286478830513519
leaf_weight=5464 1762 79 372 528 23 1785 8087 3849 5436 3292 1000 1286 39 721 20943 846 22 45 679 29 423 74 277 40 3367 112 77 25 36 261
leaf_count=5464 1762 79 372 528 23 1785 8087 3849 5436 3292 1000 1286 39 721 20943 846 22 45 679 29 423 74 277 40 3367 112 77 25 36 261
internal_value=-0.000723119 -0.000246262 -0.0040618 -0.00015951 -0.000306281 -0.00249652 -0.000773879 -0.00136608 0.000685837 -5.65462e-07 0.00117547 0.00223294 0.00951613 -0.000197549 -0.000114505 0.00178197 0.00305471 0.0114179 0.0007438 0.00262712 0.00362832 0.00244565 -0.00211585 -0.000670267 -0.000380297 0.00327586 0.00595505 0.0119231 0.00252212 -0.000672548
internal_weight=60979 53358 7621 51596 43963 2157 17380 8572 7633 26583 2348 1348 62 8808 24235 2197 987 67 1210 531 452 920 4126 4446 3918 290 178 65 113 3628
internal_count=60979 53358 7621 51596 43963 2157 17380 8572 7633 26583 2348 1348 62 8808 24235 2197 987 67 1210 531 452 920 4126 4446 3918 290 178 65 113 3628
is_linear=0
shrinkage=0.05


Tree=121
num_leaves=31
num_cat=3
split_feature=19 11 15 3 21 0 20 18 0 15 13 21 15 3 3 20 15 3 13 0 8 21 18 20 18 3 6 11 14 16
split_gain=35.9486 3.89659 2.706 1.94444 2.14482 1.78337 1.68338 1.73089 1.6553 1.3838 1.48181 1.50983 1.29573 2.09962 2.61626 1.28766 1.19704 1.152 1.09314 1.09896 1.25779 1.25932 1.17184 1.79934 1.18545 1.29273 1.78591 1.1547 1.13439 1.20707
threshold=2.2253213959404081 3.0978349487009709 1.9370078856851178 1.0000000180025095e-35 7.7347775191887687 0 0.41599754642998393 0.094293945564146622 1 2.2989214154075905 2.1916379270371573 6.9758809989518511 1.1883506072082843 2.5000000000000004 3.5000000000000004 0.68452087192754341 2.4601413292751073 1.0000000180025095e-35 4.8790065624708641 2 4.5000000000000009 7.1320980310634789 0.28153254861416932 0.25473385017476302 0.36627613582909252 2.5000000000000004 1.0000000180025095e-35 3.9693476262081879 3.9444897270009509 0.096785684030065183
decision_type=8 8 10 2 10 1 10 10 1 10 8 10 10 2 2 10 8 2 8 1 2 10 10 10 10 2 2 8 10 10
left_child=2 3 8 5 9 -2 7 -4 12 -5 11 -11 -1 -14 -15 -8 -3 -9 -18 -20 22 -22 -21 -24 -25 -26 -27 28 29 -23
right_child=1 16 6 4 -6 -7 15 17 -10 10 -12 -13 13 14 -16 -17 18 -19 19 20 21 27 23 24 25 26 -28 -29 -30 -31
leaf_value=-0.045872425026781516 -0.00123089309168454 -0.0023273835005850614 0.0057820073408432829 -0.0059633562609522055 -0.0045025118273069797 0.0010218430821458042 0.01008070156919471 -0.00014261166949949776 -0.019176787245710702 0.00044872021669756777 -0.0012960921507709745 0.0081801998340853537 -0.040806353634155239 0.014885066160412384 0.0032877414305006961 0.00086093654577951888 -0.00021307483216346438 -0.004714609821842756 0.00046157034585612609 -0.0013558087099278331 0.00047156352973132975 0.0045636537110531157 0.0022116181930617786 -0.0017842161725814141 -0.013368098310979896 -0.0051253859388393254 0.0097101561647222334 -0.0015001950825550699 0.0061315165760203053 -0.00034811979082579057
leaf_weight=78 359 599 33 478 940 909 27 308 5285 66 5595 20 47 24 50 57 27388 1517 9936 2375 3368 40 42 80 30 31 42 949 24 379
leaf_count=78 359 599 33 478 940 909 27 308 5285 66 5595 20 47 24 50 57 27388 1517 9936 2375 3368 40 42 80 30 31 42 949 24 379
internal_value=-0.00074301 -0.000291707 -0.0040035 -0.00128302 -0.00160516 0.000520504 -0.00239959 -0.0027126 -0.00457148 -0.00126563 -0.00104823 0.00546512 2.39223e-05 0.00326446 0.00851351 0.00452381 -0.000108541 -0.00291781 -7.87766e-05 0.000232422 -0.000230666 0.0002521 -0.00111539 0.00233333 0.000191256 0.00373786 0.00732877 -0.00101293 0.00109481 0.000489259
internal_weight=61076 53650 7426 8367 7099 1268 1942 1858 5484 6159 5681 86 199 121 74 84 45283 1825 44684 17296 7360 4760 2600 225 183 103 73 1392 443 419
internal_count=61076 53650 7426 8367 7099 1268 1942 1858 5484 6159 5681 86 199 121 74 84 45283 1825 44684 17296 7360 4760 2600 225 183 103 73 1392 443 419
cat_boundaries=0 1 2 3
cat_threshold=8385 256 53353
is_linear=0
shrinkage=0.05


Tree=122
num_leaves=31
num_cat=3
split_feature=17 12 17 0 17 21 14 6 4 1 10 20 0 4 16 19 8 20 14 13 16 12 7 20 18 19 19 19 16 18
split_gain=36.6262 3.34698 1.88013 1.75055 2.22194 3.12317 1.58281 1.54575 1.77247 1.67078 1.43784 1.4225 1.37976 1.43922 2.03252 2.93201 2.13019 2.80508 1.4019 1.75326 1.26829 1.27295 1.2669 1.24829 1.16667 1.15846 1.12102 1.22328 1.13678 2.17379
threshold=2.2053488829930443 2.4973207021709536 1.6859861136573693 0 3.2991555738808249 7.7763252526419917 3.1068238186635342 1.0000000180025095e-35 7.5000000000000009 1 3.3339870432574523 0.12680550947762625 2 1.5000000000000002 0.12145139846258247 3.131647476283097 4.5000000000000009 0.15718976614219479 6.5368363466432973 6.3527164057087582 0.095670107006095115 3.7577049642608613 210.50000000000003 0.16193163050410544 0.16687209360626734 3.3322450948876203 2.5843314370124317 2.5278741503459679 0.14358139162026992 0.15266203254419694
decision_type=8 8 10 1 8 8 8 2 2 1 8 10 1 2 8 10 2 10 10 8 8 8 10 10 10 10 10 10 8 10
left_child=2 -2 -1 4 5 6 -3 11 9 -9 -6 -5 13 14 15 16 -13 -18 -15 -20 21 24 -22 26 -11 -8 27 -14 29 -28
right_child=1 3 -4 7 10 -7 25 8 -10 20 -12 12 23 18 -16 -17 17 -19 19 -21 22 -23 -24 -25 -26 -27 28 -29 -30 -31
leaf_value=-0.029756472547866664 -0.002213388321261338 0.0077688941253754159 -0.004572917918225272 -0.0026691818728845672 -0.0045137173511338013 0.00079736993368813541 0.0032124107037382397 -0.0031466374467677412 -0.00021585334307929941 0.0019924759826689107 0.00010325596483441604 -0.0067634363170982308 0.0011079451461026089 -0.0010471656800935239 -0.0001852087818062948 -0.00017975324507039453 0.0023908992756102453 0.0084956006669641929 0.013973919763009105 0.0013350192596051815 -0.0013719924302505637 0.00023211152124499773 0.0067190954996684763 -2.7807996609365332e-05 0.00400807564438844 0.0035956795537358437 0.0010241864774117372 0.0050876545708077444 -0.00015603522108294872 0.0049918839127913103
leaf_weight=4367 2381 37 2846 641 225 797 98 2768 5605 40 14957 24 54 4999 551 84 25 45 37 231 2396 127 27 15452 35 27 853 30 923 262
leaf_count=4367 2381 37 2846 641 225 797 98 2768 5605 40 14957 24 54 4999 551 84 25 45 37 231 2396 127 27 15452 35 27 853 30 923 262
internal_value=-0.000739533 -0.000290429 -0.00408499 -0.000205454 0.000225681 0.00255996 0.00888889 -0.000403051 -0.000894709 -0.00154181 7.83811e-05 -0.000179878 -0.000116675 -0.000770897 0.00131001 0.00595505 0.0120213 0.0164286 -0.00106038 0.00246269 -0.000638096 0.00316832 -0.000955428 0.000106914 0.00833333 0.0062 0.00124411 0.00690476 0.00101079 0.0020852
internal_weight=60944 53731 7213 51350 16141 959 162 35209 10998 5393 15182 24211 23570 5996 729 178 94 70 5267 268 2625 202 2423 17574 75 125 2122 84 2038 1115
internal_count=60944 53731 7213 51350 16141 959 162 35209 10998 5393 15182 24211 23570 5996 729 178 94 70 5267 268 2625 202 2423 17574 75 125 2122 84 2038 1115
cat_boundaries=0 1 2 3
cat_threshold=21248 2 1217
is_linear=0
shrinkage=0.05


Tree=123
num_leaves=31
num_cat=2
split_feature=17 12 15 3 20 4 17 5 4 1 20 20 4 22 21 22 15 12 21 15 17 22 0 21 18 18 21 4 18 18
split_gain=36.3886 3.27498 2.77195 2.64344 2.027 1.74672 2.34467 2.16396 3.11381 2.81653 4.26449 3.41408 2.79404 1.83195 1.66081 2.57671 1.62978 1.61093 1.67411 1.54616 1.51021 2.76904 2.13508 2.10024 2.01081 2.41271 2.80972 2.29492 2.03292 1.75809
threshold=2.2509826345109585 2.4973207021709536 1.732699490957611 1.0000000180025095e-35 0.39471388743317015 9.5000000000000018 4.2562109993753978 1.0000000180025095e-35 4.5000000000000009 0 0.21803504582199171 0.1891321608964224 7.5000000000000009 7.9350447526416268 7.7259920460477414 7.709737310803578 2.6474544130647613 4.1470948151514717 7.420279414536318 4.2816072461906787 4.4134370990528575 7.0879035308073073 1 7.401536421578423 0.24133305821145803 0.2049003777893518 6.9579728820873044 3.5000000000000004 0.15918393348918078 0.20125433526630007
decision_type=8 8 10 2 10 2 10 2 2 1 10 8 2 8 8 8 10 8 10 8 10 8 1 10 10 10 10 2 10 10
left_child=2 -2 -1 -4 -5 6 7 8 9 10 11 -3 -10 14 15 -14 -11 18 -13 -12 21 24 23 -23 25 27 -27 -8 -29 -25
right_child=1 5 3 4 -6 -7 20 -9 12 16 19 17 13 -15 -16 -17 -18 -19 -20 -21 -22 22 -24 29 -26 26 -28 28 -30 -31
leaf_value=-0.027297742901262523 -0.0019460112965630487 0.0021107545789555765 0.00041031297184395576 -0.0061463964581068625 0.003640514709354831 0.00030497452411324603 0.00075806221776225397 -0.002335233102372207 -0.0019308985019593468 -0.0028929633132153171 -0.00056944348026623009 0.013846166824080504 -0.00024249485584152265 0.00092147608584367251 -0.0011070313807332584 0.0051190099884701268 0.00020627063195291707 0.0063869881043734618 0.0065230603424802002 0.0065609751908863399 -4.0832606352491361e-05 0.0038609686028353665 -0.00025171412842465096 0.0030288625969905505 -0.0064546269842383668 0.0069800592634222131 0.0028481671028628788 0.0057745876567311212 0.0040212261727062956 -0.0046375591189077416
leaf_weight=4513 2038 127 535 2528 120 12593 144 2509 8192 479 255 32 1010 1814 2648 231 5777 78 28 29 12873 377 1643 147 49 35 45 25 48 159
leaf_count=4513 2038 127 535 2528 120 12593 144 2509 8192 479 255 32 1010 1814 2648 231 5777 78 28 29 12873 377 1643 147 49 35 45 25 48 159
internal_value=-0.000700792 -0.000237427 -0.00391502 -0.00278511 -0.00343278 -0.000159407 -0.000325645 -0.000643932 -0.000475847 0.00040044 0.00383424 0.00839623 -0.000905003 -5.52353e-05 -0.000667268 0.000842062 9.91037e-05 0.0138406 0.02 -0.000422536 0.000149565 0.00123129 0.000610489 0.00293651 0.00540462 0.00695286 0.014375 0.00421659 0.0114384 -9.80404e-05
internal_weight=61081 53385 7696 3183 2648 51347 38754 23209 20700 6805 549 265 13895 5703 3889 1241 6256 138 60 284 15545 2672 2326 683 346 297 80 217 73 306
internal_count=61081 53385 7696 3183 2648 51347 38754 23209 20700 6805 549 265 13895 5703 3889 1241 6256 138 60 284 15545 2672 2326 683 346 297 80 217 73 306
cat_boundaries=0 1 2
cat_threshold=1 18688
is_linear=0
shrinkage=0.05


Tree=124
num_leaves=31
num_cat=1
split_feature=17 10 17 20 12 22 19 19 17 4 20 2 11 4 1 4 22 21 21 21 13 15 21 22 13 20 14 14 22 10
split_gain=33.1042 2.90388 2.68305 1.61748 1.49086 1.6891 1.6218 1.48613 1.28495 1.24965 1.69657 1.27296 1.22631 1.13133 1.13077 1.12399 1.04645 2.21659 1.19921 1.11135 1.01953 0.988611 0.981908 3.72226 1.46875 0.953532 0.916583 1.85088 0.916201 1.10592
threshold=2.2053488829930443 2.4723189657945519 1.6859861136573693 0.39471388743317015 4.1051192955703621 6.8190282484417066 3.8481501327506042 3.7904663329770987 3.7146759534172795 9.5000000000000018 0.10623661859141505 2.5000000000000004 2.6282787161499033 9.5000000000000018 0 8.5000000000000018 7.9350447526416268 7.9140694967992617 7.8420823540509881 7.7645082756109991 4.3074375509485252 3.4993475819648627 7.3456875251650819 7.3413551738901131 4.1486745952966562 0.2099659094733812 3.0468977391027221 2.9678437658194921 7.1474495090472105 1.7664051342320239
decision_type=8 8 10 10 10 8 10 8 10 2 10 2 8 2 1 2 10 8 10 10 10 10 8 10 10 10 10 10 8 10
left_child=2 13 -1 15 5 -3 7 8 -6 12 -11 -12 -7 21 -9 -4 19 18 -18 -14 22 -2 23 -8 25 -25 27 -19 29 -5
right_child=1 4 3 28 6 9 20 14 -10 10 11 -13 16 -15 -16 -17 17 26 -20 -21 -22 -23 -24 24 -26 -27 -28 -29 -30 -31
leaf_value=-0.027413277054463905 -0.0035025732733966058 -0.0020658847156466691 -0.0075615627796391449 0.0031941561795973366 0.0060277779999372335 -0.0023790436048741603 0.00086483595893737254 0.0074835820758918231 -0.00084748521005286847 -0.0060713069349277666 -0.00013659979587195929 0.00091610081374332488 -0.00033743395796085999 0.00014534176416298135 0.0032323090200420674 -0.0024226623244746979 -0.00023670931593943196 0.0015471609927217959 0.0058810211107516172 -0.0014753328921844515 -0.0001759555206808347 0.021844837743660847 0.00014842129194758057 0.0051802467528514681 0.0060711348969270697 -0.0006071496760367321 -0.00050279193572549767 0.004320410728311113 -0.00023852748816890329 1.8264041753648323e-06
leaf_weight=4309 1816 449 1326 21 66 1704 1608 27 103 194 6074 3018 21108 463 90 1314 21 209 50 1952 9428 24 4893 50 33 31 462 27 142 20
leaf_count=4309 1816 449 1326 21 66 1704 1608 27 103 194 6074 3018 21108 463 90 1314 21 209 50 1952 9428 24 4893 50 33 31 462 27 142 20
internal_value=-0.000712087 -0.000288498 -0.00391335 -0.0027152 -0.000210963 -0.000393843 0.000184027 0.00391608 0.000917159 -0.000354549 0.000142148 0.00024087 -0.000535191 -0.00202562 0.00824786 -0.0030303 -0.000442529 0.00137191 0.00978873 -0.000503037 0.000117496 -0.00258152 0.000593347 0.00162021 0.0103509 0.00672839 0.000515758 0.00305085 0.0018306 0.00841463
internal_weight=61032 53900 7132 2823 51597 35268 16329 286 169 34819 9286 9092 25533 2303 117 2640 23829 769 71 23060 16043 1840 6615 1722 114 81 698 236 183 41
internal_count=61032 53900 7132 2823 51597 35268 16329 286 169 34819 9286 9092 25533 2303 117 2640 23829 769 71 23060 16043 1840 6615 1722 114 81 698 236 183 41
cat_boundaries=0 1
cat_threshold=4
is_linear=0
shrinkage=0.05


Tree=125
num_leaves=31
num_cat=4
split_feature=17 11 3 0 12 19 3 3 19 17 4 4 5 12 0 13 18 0 20 21 18 12 3 0 13 21 3 20 17 4
split_gain=33.0729 2.99925 3.03548 2.87394 2.77044 2.51674 1.78855 1.53216 1.97851 2.11778 2.21037 1.52647 1.74868 1.5035 1.69315 1.59021 1.50022 1.57442 2.50852 1.49369 1.74929 1.43858 1.39077 1.3587 2.16602 1.65383 1.32999 3.39525 1.3943 1.17897
threshold=2.2053488829930443 2.7504658133048774 1.0000000180025095e-35 0 3.3339870432574523 1.6988735511367652 1.0000000180025095e-35 1.0000000180025095e-35 3.3804106313429494 3.3429269330856992 9.5000000000000018 8.5000000000000018 1.0000000180025095e-35 3.4827761888541775 1 2.8931418480839728 0.22574665529244506 2 0.24531937147008046 7.4392654507645917 0.20435004058587078 5.9266587545491261 5.5000000000000009 3 2.5989721962006249 7.4474598198239752 3.5000000000000004 0.23713149256477692 3.3259895840207929 7.5000000000000009
decision_type=8 8 2 1 10 10 2 2 10 8 2 2 2 8 1 10 10 1 8 10 10 10 2 1 10 8 2 10 10 2
left_child=3 2 23 -1 -4 -5 11 13 21 10 22 -7 19 14 -3 -16 17 18 -15 20 -13 29 26 24 25 -2 28 -28 -10 -9
right_child=1 7 4 5 -6 6 -8 8 9 -11 -12 12 -14 16 15 -17 -18 -19 -20 -21 -22 -23 -24 -25 -26 -27 27 -29 -30 -31
leaf_value=0.0035363092559408307 0.0034863551809892822 -0.00148549886637038 -0.002444681582166102 -0.026523226439837889 0.016134576138427361 -0.0038753993381539587 -0.0055823154202623466 -0.0015425806676857712 -0.00036346420102107563 -9.6981390724558135e-05 0.0043133933797822877 0.0080084199210818541 -0.0065673386582429452 0.0014830755015863527 0.0024266728157297229 0.00041926449286916538 -0.0010130678140711203 0.00024555622824731018 0.0089245717033682569 -0.007059218257362089 -0.0016041278066101527 0.0097655532107237715 -0.0048774988797067884 -0.00044761618526802159 -0.00066045171641416751 0.0022127368233726013 -0.0020146549491124239 0.0066758664262350255 0.0051103074120043852 -0.00034411121989507304
leaf_weight=195 26 201 3974 4172 26 263 2341 4959 121 31439 26 104 53 130 692 729 1459 4033 36 36 28 20 47 398 127 235 35 34 26 5061
leaf_count=195 26 201 3974 4172 26 263 2341 4959 121 31439 26 104 53 130 692 729 1459 4033 36 36 28 20 47 398 127 235 35 34 26 5061
internal_value=-0.000710026 -0.00028458 -0.00147932 -0.00389461 -0.0020375 -0.00405809 -0.00291151 -0.000168 -0.000284669 -9.10879e-05 0.00416955 -0.000144629 0.00291855 0.000501372 0.0018434 0.00244235 0.000116648 0.000596569 0.00522727 0.00541667 0.00787879 -0.000896416 0.00279468 0.00136132 0.00341708 0.00611111 0.00449074 0.0102174 0.00180272 -0.000923155
internal_weight=61026 53834 4786 7192 4000 6997 2825 49048 41768 31728 289 484 221 7280 1622 1421 5658 4199 166 168 132 10040 263 786 388 261 216 69 147 10020
internal_count=61026 53834 4786 7192 4000 6997 2825 49048 41768 31728 289 484 221 7280 1622 1421 5658 4199 166 168 132 10040 263 786 388 261 216 69 147 10020
cat_boundaries=0 1 2 3 4
cat_threshold=256 81 1 1058
is_linear=0
shrinkage=0.05


Tree=126
num_leaves=31
num_cat=0
split_feature=17 10 19 18 4 13 14 19 7 22 21 21 15 10 22 18 8 18 15 12 12 8 10 4 21 13 18 20 11 18
split_gain=33.7731 2.95829 2.73343 2.25766 1.69429 2.05749 1.98467 1.38105 1.42657 1.33781 3.83892 2.14613 1.75996 5.42507 1.57501 1.30332 1.32622 1.29533 1.29937 1.21314 1.18347 1.16684 1.11296 1.07913 1.0684 1.00534 0.979024 0.976411 1.72977 1.34577
threshold=2.2509826345109585 2.4973207021709536 1.5262132077423278 0.38078518602177597 9.5000000000000018 2.3174615720687197 4.2217108890024422 2.2480439848960039 3.5000000000000004 7.7496080878853908 7.7763252526419917 7.5840105595480862 3.4411494780650762 3.275254371572224 7.8245625345908385 0.21680630580122695 4.5000000000000009 0.44388055589350456 1.576928449564091 2.6497083809956692 2.5915093710922874 5.5000000000000009 2.0731521505764063 1.5000000000000002 7.7099810294433491 4.615615321433844 0.38078518602177597 0.25969483435351343 4.1470948151514717 0.19225288237905261
decision_type=8 8 10 10 2 8 8 10 10 10 8 10 10 10 10 10 2 10 8 8 8 2 10 2 10 8 10 10 10 10
left_child=2 26 -1 22 6 15 19 -7 9 11 12 -9 13 -11 24 16 -6 -5 -19 -3 -17 27 -4 -21 25 -14 -2 28 -12 -30
right_child=1 4 3 17 5 7 -8 8 -10 10 21 -13 14 -15 -16 20 -18 18 -20 23 -22 -23 -24 -25 -26 -27 -28 -29 29 -31
leaf_value=-0.030139936777207044 -0.0023887091810704756 -0.0021017112049764126 -0.0063117796804142735 0.0031502888835613983 -0.0064309983932682559 -0.0060565924253847556 -9.7051178533383718e-06 0.00032810240425672606 0.013031958579054856 8.0160373126403166e-05 0.0013819985759817651 -0.0014669729250697044 0.00036647700514620771 0.0075429965379081075 0.0045495913509722543 0.0058928208972702893 0.0035955476094847168 0.0046281505887125233 -0.0019973238224603065 0.00039269667931840366 0.011286636152008315 -0.0015681824635853528 -0.0020152796968071983 -0.00065202375099073005 0.00018430633985522815 0.0063054537032478115 0.024913346162350216 -0.00098472867559374873 0.0030611718873104704 0.0058131389397441877
leaf_weight=3808 2093 1248 2602 41 33 206 21886 9002 46 41 476 1629 45 33 33 20 65 69 179 1838 23 517 968 13670 157 23 36 147 34 60
leaf_count=3808 2093 1248 2602 41 33 206 21886 9002 46 41 476 1629 45 33 33 20 65 69 179 1838 23 517 968 13670 157 23 36 147 34 60
internal_value=-0.00068395 -0.000238096 -0.00378701 -0.00284918 -0.000162205 0.00034154 -0.00032633 0.000273515 0.000341827 0.000308681 0.00167305 0.000107703 0.00644578 0.0132432 0.00449612 0.00634752 0.00316326 0.00140138 4.03214e-05 -0.000735857 0.0136046 0.000388978 -0.00319328 -0.000615168 0.003 0.00823529 -0.00206435 0.00169456 0.00263158 0.00882979
internal_weight=61028 53361 7667 3859 51232 12590 38642 12449 12243 12197 1566 10631 332 74 258 141 98 289 248 16756 43 1234 3570 15508 225 68 2129 717 570 94
internal_count=61028 53361 7667 3859 51232 12590 38642 12449 12243 12197 1566 10631 332 74 258 141 98 289 248 16756 43 1234 3570 15508 225 68 2129 717 570 94
is_linear=0
shrinkage=0.05


Tree=127
num_leaves=31
num_cat=6
split_feature=17 17 11 20 16 4 4 1 22 0 21 22 21 22 21 0 22 8 0 20 1 8 22 20 0 20 21 22 20 13
split_gain=33.0569 2.83817 2.60916 1.73587 3.05859 1.52146 2.00115 3.24846 3.07703 2.32691 1.7418 1.91525 1.93802 2.39829 1.7005 1.65694 1.63205 1.61717 1.70716 1.53242 1.48402 1.72447 2.11258 2.0843 1.56852 1.55637 1.49976 1.75671 1.71855 1.62
threshold=2.2053488829930443 1.6859861136573693 2.4890560511953486 0.39471388743317015 0.33496445879915576 2.5000000000000004 7.5000000000000009 0 7.7772946016519908 1 7.7303944306549814 7.8128118534980784 7.811770959483602 7.8562251520982747 7.738270210091982 2 7.9350447526416268 4.5000000000000009 3 0.25030425166315762 4 4.5000000000000009 7.6606010360734489 0.17939946364634748 5 0.19266930750403979 7.4380893258581207 7.4315475935810129 0.17044525160913074 4.1001606043369554
decision_type=8 10 8 10 8 2 2 1 10 1 10 8 10 10 10 1 8 2 1 8 1 2 8 10 1 10 8 10 10 8
left_child=1 -1 -2 -3 -5 19 7 9 14 -7 17 -12 13 -13 15 -9 -14 18 -8 20 21 -4 25 -24 -22 26 27 -23 -29 -30
right_child=2 3 5 4 -6 6 10 8 -10 -11 11 12 16 -15 -16 -17 -18 -19 -20 -21 24 22 23 -25 -26 -27 -28 28 29 -31
leaf_value=-0.023690068278985635 -0.0022290086347033912 -0.0035988555712401431 -0.0023743246178318579 0.012469729853341716 -0.00056949386427693899 -0.00029705793190362511 0.00059381302553310319 -0.0017409221477347988 0.0048146014448208693 -0.0015756552822467054 -0.002638290275930977 0.00053147729477348842 -0.0012844082189626298 0.003267294967740907 -0.0038805525729055934 0.00032645049798694654 0.00097572973319042617 0.00048267774712771358 -0.0011118393076570581 -0.0012436436729120271 0.0015933154086637863 0.0016389738216583836 -0.0033625281925184708 0.0069143220899541323 0.00015496585457947594 -0.0010476804361033056 -0.00042297434765949256 0.0017232627492983097 0.010229449699664056 0.0034530279100476197
leaf_weight=4306 2394 2663 369 30 163 4779 1409 1749 57 7018 1583 313 1673 96 238 8218 923 13146 1983 715 2639 275 34 40 2835 829 549 46 25 25
leaf_count=4306 2394 2663 369 30 163 4779 1409 1749 57 7018 1583 313 1673 96 238 8218 923 13146 1983 715 2639 275 34 40 2835 829 549 46 25 25
internal_value=-0.00061451 -0.0038062 -0.000190883 -0.00258403 0.00199482 -0.000115969 -0.000235615 -0.000568703 8.18542e-05 -0.00113461 0.000112183 -0.000749783 -8.32066e-06 0.00319071 1.71473e-05 0.000116885 -0.000512328 0.000351311 -0.000622053 0.000500536 0.000707017 -0.000392337 0.000238616 0.00851351 0.00114724 -0.000111493 0.00130435 0.00376011 0.00958333 0.016
internal_weight=61122 7162 53960 2856 193 51566 43185 22059 10262 11797 21126 4588 3005 409 10205 9967 2596 16538 3392 8381 7666 2192 1823 74 5474 1749 920 371 96 50
internal_count=61122 7162 53960 2856 193 51566 43185 22059 10262 11797 21126 4588 3005 409 10205 9967 2596 16538 3392 8381 7666 2192 1823 74 5474 1749 920 371 96 50
cat_boundaries=0 1 2 3 4 5 6
cat_threshold=2 20758 1942 50084 4 57867
is_linear=0
shrinkage=0.05


Tree=128
num_leaves=31
num_cat=2
split_feature=17 10 3 0 10 3 17 0 12 3 6 4 21 22 11 18 18 18 20 22 22 20 22 12 18 22 17 18 21 20
split_gain=30.5587 3.47255 3.18371 2.63814 1.8446 1.81798 2.01033 2.15624 1.81203 1.46628 1.41374 1.409 2.13017 1.62579 1.40806 1.37811 1.32437 1.469 1.44257 1.44154 2.1868 2.10277 1.29295 2.98966 1.27895 1.22258 1.62607 1.19955 1.16931 2.06994
threshold=2.1067418102295785 2.4973207021709536 1.0000000180025095e-35 0 1.8945885877146502 1.0000000180025095e-35 2.9863148931788621 1 3.0978349487009709 1.0000000180025095e-35 1.0000000180025095e-35 7.5000000000000009 7.5840105595480862 7.5366126131751026 2.4379801953848275 0.10289115423334889 0.21829292393276237 0.20710933942900647 0.17939946364634748 7.4386413238464133 7.2146147614933112 0.2028090713977285 7.4880138386949682 2.8931418480839728 0.19826019369828154 7.9148106124164155 3.112748358281578 0.15490278945841887 7.829033532565842 0.1132127554558619
decision_type=8 8 2 1 10 2 8 1 8 2 2 2 8 10 8 10 8 10 8 8 10 10 8 10 10 10 10 10 10 10
left_child=3 2 -2 -1 -5 6 7 22 10 -6 -7 -9 13 -13 -14 -11 17 -8 -18 20 -19 -22 23 24 -3 28 -27 -16 -10 -30
right_child=1 5 -4 4 9 8 16 11 25 15 -12 12 14 -15 27 -17 18 19 -20 -21 21 -23 -24 -25 -26 26 -28 -29 29 -31
leaf_value=0.0015532557467637419 0.0011644631013901555 -0.00092551128435930255 -0.0029343554339845463 -0.014239230639793037 0.0023556724538175591 -0.00045866698823326019 0.00023427805459538603 0.0008866839852241788 -0.00014392369353460733 0.0020974447194890347 -0.0023557346415541153 0.00306243048438915 0.0046446005025861884 0.0085926517401069512 0.0075198729217032627 -0.0039078006952640854 0.0089451962576623367 0.00057928828130777976 -0.00060163533669803588 0.0012352101814646326 0.0063444095594875991 0.0052425805908782432 -0.00052940145113406401 0.0071516604630784538 0.0033941453366394935 0.0035449240950907214 0.00064123535228395145 0.00083371391393683748 0.0046732381374849927 -0.0020403283351589268
leaf_weight=184 557 76 2422 5377 134 3562 3985 263 35459 26 2293 29 26 22 35 717 20 93 2010 279 23 66 418 20 20 117 1126 159 26 1354
leaf_count=184 557 76 2422 5377 134 3562 3985 263 35459 26 2293 29 26 22 35 717 20 93 2010 279 23 66 418 20 20 117 1126 159 26 1354
internal_value=-0.000670631 -0.000285532 -0.00194528 -0.00392824 -0.00409802 -0.000189489 0.00052757 0.00253745 -0.000312608 -0.00197834 -0.00113151 0.00474265 0.00736162 0.0165686 0.00522727 -0.00284657 0.000196108 0.000679261 -0.00086207 0.00335141 0.00681319 0.0124157 0.000238969 0.00491379 0.00125 -0.000186704 0.00135559 0.00376289 -0.000238743 -0.00166667
internal_weight=60898 54460 2979 6438 6254 51481 7544 1068 43937 877 5855 534 271 51 220 743 6476 4446 2030 461 182 89 534 116 96 38082 1243 194 36839 1380
internal_count=60898 54460 2979 6438 6254 51481 7544 1068 43937 877 5855 534 271 51 220 743 6476 4446 2030 461 182 89 534 116 96 38082 1243 194 36839 1380
cat_boundaries=0 1 2
cat_threshold=256 1217
is_linear=0
shrinkage=0.05


Tree=129
num_leaves=31
num_cat=4
split_feature=17 0 12 3 5 4 4 15 0 17 3 0 7 15 11 19 0 11 15 16 10 22 3 22 8 21 15 19 16 22
split_gain=30.4746 3.75735 3.27811 2.75373 2.02383 1.94128 2.36583 1.90649 1.72569 2.61587 2.3287 1.63729 2.18599 1.5877 1.57893 1.52567 1.83723 1.35423 1.29012 1.95206 1.26901 1.23963 2.22272 2.42969 1.38836 1.38265 3.21514 1.34209 1.88365 2.27935
threshold=1.9515034185280318 0 2.4973207021709536 1.0000000180025095e-35 1.0000000180025095e-35 3.5000000000000004 7.5000000000000009 3.1054154838662731 1 3.2486435641454716 1.0000000180025095e-35 2 11.500000000000002 3.2366990115173526 4.1149635162302234 4.3985116868594849 3 3.3586362549537383 1.1883506072082843 0.62074930850543708 2.6844345112494912 7.7772946016519908 4.5000000000000009 7.8298015162687227 5.5000000000000009 7.09878869107194 4.396159351511038 4.7645800298670693 0.16770332948239139 7.5604189661725956
decision_type=8 1 8 2 2 2 2 8 1 8 2 1 10 10 10 8 1 8 10 10 10 10 2 10 2 8 10 10 10 8
left_child=1 18 3 -2 5 -4 7 -7 9 10 -8 12 21 20 -6 -16 -17 -15 -1 -20 -12 24 -23 -24 27 26 -26 -9 29 -29
right_child=2 -3 4 -5 14 6 8 11 -10 -11 13 -13 -14 17 15 16 -18 -19 19 -21 -22 22 23 -25 25 -27 -28 28 -30 -31
leaf_value=-0.037371186274701811 0.00083511018067987256 -0.013828450047767005 0.00046727777183751935 -0.0028557124305339399 -0.0013055001020508283 -0.0023444060778399223 0.0029757491404078678 1.7419297314040646e-05 0.00065652891158088519 -0.00059131484931133351 -0.00089944248919664443 -0.00094678031867017763 0.0064691219940723951 -1.2050067212302494e-05 0.0018070298005306942 -0.0027324388743615404 0.00033093903272486349 0.0055215583906881461 0.01297209343038251 0.0036861123771222103 0.000970442560956861 0.0011522949849921381 0.0063309059825227016 0.0015134806009435336 0.0040641383147117221 -0.0011717535427763412 0.00024353390324105114 0.0017270280391283857 0.00031297234499546688 0.0072765434732488107
leaf_weight=36 599 5330 10371 3019 4537 3021 371 1944 8546 7239 999 8239 21 50 565 553 910 66 23 108 902 255 21 29 23 1985 102 299 567 131
leaf_count=36 599 5330 10371 3019 4537 3021 371 1944 8546 7239 999 8239 21 50 565 553 910 66 23 108 902 255 21 29 23 1985 102 299 567 131
internal_value=-0.000566949 -0.0041177 -0.0002144 -0.00166943 -0.000112667 6.5281e-06 -0.000172365 -0.000603175 0.000222031 -0.000237108 0.00119765 -0.000351059 0.000327639 0.000528011 -0.000932979 0.000226823 -0.000625428 0.0062069 0.00319209 0.00568702 0.000181482 0.000265122 0.00336065 0.013 7.82011e-05 -0.000900475 0.0042 0.000780346 0.00227181 0.00476744
internal_weight=60861 5497 55364 3618 51746 45181 34810 16637 18173 9627 2388 13616 5377 2017 6565 2028 1463 116 167 131 1901 5356 305 50 5051 2110 125 2941 997 430
internal_count=60861 5497 55364 3618 51746 45181 34810 16637 18173 9627 2388 13616 5377 2017 6565 2028 1463 116 167 131 1901 5356 305 50 5051 2110 125 2941 997 430
cat_boundaries=0 1 2 3 4
cat_threshold=256 56452 51265 39178
is_linear=0
shrinkage=0.05


Tree=130
num_leaves=31
num_cat=4
split_feature=19 11 0 16 5 4 17 4 10 18 18 11 17 18 18 12 0 16 18 15 11 12 1 21 16 0 17 15 16 16
split_gain=29.5153 5.08924 1.85621 1.7377 1.70009 1.93699 3.26648 2.14845 1.50958 1.41201 1.3207 1.36075 1.31284 1.66269 1.59321 1.4101 1.20477 1.11061 1.05142 1.48444 1.50727 1.03629 0.987713 2.86995 1.3617 1.53845 1.50214 2.11469 3.21584 1.43597
threshold=1.825960715199596 2.4890560511953486 0 0.62074930850543708 1.0000000180025095e-35 8.5000000000000018 2.6344600837064291 4.5000000000000009 4.1720766135341369 0.11290379827155529 0.38078518602177597 1.9946771741822351 2.3893759592693118 0.10289115423334889 0.083732771817098886 4.8422165646651107 1 0.32059180350169209 0.10026396948982759 3.39606785014707 3.5452966845082465 4.4722098956529583 2 7.433370944532375 0.13358541444737163 3 3.2350912840078494 3.2366990115173526 0.20579254240477252 0.17373912217124918
decision_type=8 8 1 8 2 2 8 2 10 10 10 10 8 10 10 10 1 10 8 10 10 8 1 8 8 1 10 10 10 10
left_child=2 10 3 -1 5 6 -3 18 16 -10 11 -2 13 -7 15 -14 -6 -15 19 -8 21 -21 24 -24 -16 -26 27 -27 -29 -28
right_child=1 4 -4 -5 8 12 7 -9 9 -11 -12 -13 14 17 22 -17 -18 -19 -20 20 -22 -23 23 -25 25 26 29 28 -30 -31
leaf_value=0.01202590624969951 -0.0056636410624589829 -0.0028295621842198563 -0.017698923589497009 -0.0052189085329034891 -0.0028297294903102 0.052194829952372117 -0.0012785493080691816 -0.00048899345830691451 0.0034675422787926766 0.00010608202871384625 0.0018655806508665975 -0.0018850897951222596 -0.0038994059070692651 0.0014383941231636316 -9.189400563417131e-05 0.00889977957562634 -0.00074300458241856706 0.0030001629775748165 0.00022518654273220767 0.012367256902162772 0.00061257276448158896 0.003870422949139972 0.0017080382461986858 -0.00027244633794295652 -0.0010102337556858179 0.0022933394949806668 0.0021324038528132503 0.005756437786322826 -0.001217610707115708 0.00026626414969255739
leaf_weight=24 885 1669 4630 114 953 24 53 15719 27 1931 122 3094 337 453 2048 20 3645 30 13588 23 82 36 672 5579 334 1044 1313 61 34 2480
leaf_count=24 885 1669 4630 114 953 24 53 15719 27 1931 122 3094 337 453 2048 20 3645 30 13588 23 82 36 672 5579 334 1044 1313 61 34 2480
internal_value=-0.000551751 -0.000231621 -0.00432886 0.00141892 -9.8266e-05 9.9771e-06 -0.000211743 -8.99981e-05 -0.00085113 0.000311541 -0.00192758 -0.0020847 0.000488945 0.00298816 0.00039793 -0.00289916 -0.00134624 0.0023499 0.000365693 0.00402062 0.00670213 0.0127966 0.000484702 2.31951e-05 0.000879135 0.00130459 0.0015257 0.00312116 0.0102632 0.00105062
internal_weight=61024 56256 4768 138 52155 45599 31170 29501 6556 1958 4101 3979 14429 507 13922 357 4598 483 13782 194 141 59 13565 6251 7314 5266 4932 1139 95 3793
internal_count=61024 56256 4768 138 52155 45599 31170 29501 6556 1958 4101 3979 14429 507 13922 357 4598 483 13782 194 141 59 13565 6251 7314 5266 4932 1139 95 3793
cat_boundaries=0 1 2 3 4
cat_threshold=256 1030 2 193
is_linear=0
shrinkage=0.05


Tree=131
num_leaves=31
num_cat=7
split_feature=17 19 3 15 3 20 5 6 19 15 0 0 0 16 4 5 1 22 0 3 4 4 0 15 12 14 19 0 22 3
split_gain=27.9818 5.06438 3.19963 3.26299 2.31712 2.47721 1.85898 1.78555 1.69589 1.53819 1.74709 1.5235 1.45934 1.45758 1.45575 1.67241 1.47494 1.41877 1.35659 2.35231 1.22599 2.93391 1.9288 1.34807 2.39872 1.50292 1.33912 1.26644 1.37416 1.21338
threshold=2.2053488829930443 1.5262132077423278 1.0000000180025095e-35 2.6474544130647613 1.0000000180025095e-35 0.3051445340616154 1.0000000180025095e-35 1.0000000180025095e-35 3.9498206142782863 2.7306723536836066 0 1 2 0.25576970435384078 8.5000000000000018 1.0000000180025095e-35 3 7.6853976673691857 4 4.5000000000000009 4.5000000000000009 6.5000000000000009 5 3.8677285354332587 3.7025350203600906 4.1084114818439872 3.3647725724192581 6 7.5427045077072217 2.5000000000000004
decision_type=10 8 2 8 2 10 2 2 10 10 1 1 1 10 2 2 1 10 1 2 2 2 1 10 10 10 10 1 10 2
left_child=1 -1 13 7 14 -6 9 18 11 10 -5 -8 -10 -2 -3 16 -16 -12 19 29 27 26 23 24 25 -23 -22 -11 -29 -4
right_child=2 4 3 6 5 -7 8 -9 12 20 17 -13 -14 -15 15 -17 -18 -19 -20 -21 21 22 -24 -25 -26 -27 -28 28 -30 -31
leaf_value=-0.025485260049437897 0.00067191345464196655 -0.0030703068453580458 0.0041748694039445812 -0.0019221902744346873 -0.0052602102722246087 0.001473164909707328 -0.0012035299047646769 -0.0035557396554063135 0.0010419689298831192 0.00062706590252962363 0.0025450863104087701 -0.0037833595457333032 -0.00081246909536807218 -0.00065690878463781793 -0.011953414732106591 -0.0056652785734040258 0.0030084106618623661 -0.0031541076322774957 -0.00084172522430256695 0.0051713598574085456 -0.0033202852858243512 0.00053185824610125707 -0.00020702401922709736 8.4381005536728306e-05 0.0051523600840491096 0.008255388883702525 -0.00099374076694740544 -0.00017648913690952389 0.0075162204915276394 -0.0014956267309460245
leaf_weight=3872 6909 355 26 325 3118 380 1603 2134 942 5714 872 818 1955 1076 30 59 193 128 1800 37 1172 1717 11587 2554 367 52 5797 5381 39 47
leaf_count=3872 6909 355 26 325 3118 380 1603 2134 942 5714 872 818 1955 1076 30 59 193 128 1800 37 1172 1717 11587 2554 367 52 5797 5381 39 47
internal_value=-0.000583781 -0.00333895 -0.00016795 -0.000331397 -0.00212213 -0.00262722 -0.000197817 -0.00168645 -0.00106995 -6.79189e-05 0.00160377 -0.00204668 -0.000253712 0.000754539 0.00065149 0.00333333 0.0053139 0.00262376 -0.000575917 0.00458333 -0.000132346 -0.000338984 2.85667e-05 0.000882978 0.0018118 0.00104861 -0.00119745 0.000299083 -0.00024862 -0.000205481
internal_weight=61059 8007 53052 45067 4135 3498 41023 4044 5318 35705 1325 2421 2897 7985 637 282 223 1000 1910 110 34380 23246 16277 4690 2136 1769 6969 11134 5420 73
internal_count=61059 8007 53052 45067 4135 3498 41023 4044 5318 35705 1325 2421 2897 7985 637 282 223 1000 1910 110 34380 23246 16277 4690 2136 1769 6969 11134 5420 73
cat_boundaries=0 1 2 3 4 5 6 7
cat_threshold=8325 64584 10787 1 2049 2826 54368
is_linear=0
shrinkage=0.05


Tree=132
num_leaves=31
num_cat=2
split_feature=17 11 16 3 3 10 11 17 5 16 20 18 0 15 22 20 22 8 18 20 0 16 18 6 12 6 13 22 21 11
split_gain=26.7705 6.31203 2.85986 2.13919 2.00584 2.61888 1.41759 2.31481 1.55117 1.33382 1.27126 1.26708 1.25411 1.99704 1.32241 1.25614 1.54821 1.16737 2.08871 1.13618 1.21256 1.43503 1.74109 1.24548 1.17 1.12572 1.64375 1.31086 1.51417 1.15158
threshold=1.6185541135781356 2.4890560511953486 0.83200656777263282 1.0000000180025095e-35 1.0000000180025095e-35 2.3655488712929413 3.9189981260915085 3.6508887375564698 1.0000000180025095e-35 0.24841938629383864 0.19591485697408559 0.9874826742476992 0 3.6900273862196395 7.9807886712132605 0.15475571794242246 6.9640298977886435 4.5000000000000009 0.24433042869926144 0.14484696803004968 1 0.18268102936320682 0.15870809378111453 1.0000000180025095e-35 3.6775648950837558 1.0000000180025095e-35 4.0190816740948883 6.8190282484417066 6.8238298961993875 3.6775648950837558
decision_type=8 8 10 2 2 8 10 8 2 8 10 10 1 8 8 8 10 2 10 10 1 10 10 2 10 2 8 8 8 8
left_child=2 3 -1 -2 -3 -6 8 -8 12 10 -9 -5 13 14 17 16 -15 18 -7 -16 21 22 -21 24 -22 27 -27 -14 29 -29
right_child=1 4 -4 11 5 6 7 9 -10 -11 -12 -13 25 15 19 -17 -18 -19 -20 20 23 -23 -24 -25 -26 26 -28 28 -30 -31
leaf_value=-0.022481539558993735 0.00022161160713623447 0.00041256340540819254 0.0073846126114883032 -0.003640846089618302 -0.0034371946340062015 -0.0030978827232048629 0.0064876960431030544 0.00040356523057928011 -0.0013370847471448235 0.00089078087688260448 -0.00040771749749860491 0.0018309006701051436 -0.0025176742899258708 -0.0015340908148275805 0.0032994588304397256 -0.00055246670223365864 0.0022651987293672167 0.00077545328077699481 0.030154346329643075 0.0025481083742293856 0.0025484672927130478 0.0085347433068595907 -0.0024230000376911478 9.0894927847602858e-06 0.0034910371369319157 -0.0019173425968663548 4.3192716513926319e-05 -0.00072483055353175741 -0.000147475295197984 0.0043832565821638981
leaf_weight=4023 730 7876 47 3855 1086 351 144 6004 3300 3130 7599 26 234 159 76 4128 197 1598 33 28 111 59 57 461 21 3689 1968 41 9918 53
leaf_count=4023 730 7876 47 3855 1086 351 144 6004 3300 3130 7599 26 234 159 76 4128 197 1598 33 28 111 59 57 461 21 3689 1968 41 9918 53
internal_value=-0.000578835 -0.000298779 -0.00449632 -0.00207222 -0.000142487 -0.00027281 -0.000212068 0.000146056 -0.0004403 9.17337e-05 -0.000122401 -0.0025393 -0.00029592 0.000247632 0.00129696 -0.000405889 0.00244382 0.000600402 -0.001875 0.00299508 0.00239484 0.00636364 0.00264706 0.00130182 0.00560606 -0.000544525 -0.00111101 -0.000232287 -0.000145826 0.00617021
internal_weight=61002 56932 4070 4611 52321 44445 43359 16877 26482 16733 13603 3881 23182 7279 2795 4484 356 1982 384 813 737 144 85 593 132 15903 5657 10246 10012 94
internal_count=61002 56932 4070 4611 52321 44445 43359 16877 26482 16733 13603 3881 23182 7279 2795 4484 356 1982 384 813 737 144 85 593 132 15903 5657 10246 10012 94
cat_boundaries=0 1 2
cat_threshold=21266 4098
is_linear=0
shrinkage=0.05


Tree=133
num_leaves=31
num_cat=3
split_feature=17 11 5 3 3 17 4 14 17 4 16 16 22 19 16 4 0 20 20 0 11 22 20 3 14 16 13 0 16 17
split_gain=26.3002 5.0214 2.32187 1.98623 1.9734 2.52826 2.2922 1.87524 1.80275 3.50818 1.69924 1.52301 1.36416 1.35872 1.33698 1.67203 1.31188 1.42821 1.6865 1.28555 1.54466 1.39745 1.48221 3.08865 1.77846 1.28403 1.41196 1.24449 1.2516 1.23862
threshold=1.6185541135781356 2.2772541355929321 1.0000000180025095e-35 1.0000000180025095e-35 1.0000000180025095e-35 2.5306386404159005 9.5000000000000018 2.6210322124986196 2.3893759592693118 8.5000000000000018 0.30945627065796083 0.167060670222174 7.7866676176211103 3.9498206142782863 0.13486414812697059 9.5000000000000018 0 0.14141919676553347 0.24255609861047803 1 3.9189981260915085 7.3669003518685772 0.23271262531457168 5.5000000000000009 4.7278301009172088 0.15313722344309402 4.2549029864911114 2 0.27180650294788927 3.2991555738808249
decision_type=8 8 2 2 2 10 2 10 8 2 10 8 8 10 10 2 1 8 8 1 8 10 10 2 10 8 8 1 8 8
left_child=-1 3 4 -2 8 6 -6 10 9 -3 -8 14 -13 -4 15 -11 17 -10 -19 -15 -21 22 25 -24 -25 -22 -27 29 -29 -7
right_child=1 2 13 -5 5 27 7 -9 16 11 -12 12 -14 19 -16 -17 -18 18 -20 20 21 -23 23 24 -26 26 -28 28 -30 -31
leaf_value=-0.020912667797364094 0.00040678838076736029 -0.00083939658188673461 -0.0016558284552838311 -0.0043677458870059385 -0.0035166059989748515 0.00099523231465056621 -0.00022493426389724511 0.0056572875361747292 -0.0023698975707376595 -0.00081053151438707782 0.0045292987634938907 0.0025394760547422981 0.015847151488094312 -0.00074233523385694943 -0.0001805889632650561 0.0083495099008127922 -0.00012825337269914929 0.0013181741038487207 -0.00058067737922587123 0.0037275367958964703 0.0038524006080715486 -0.0018584987789137565 0.000700196726566609 0.0079441197766521639 0.0023957584900982406 0.0063488715806797177 -0.0027831619032542159 -0.00044047635384063277 0.00057796517510667878 5.9328416957630171e-05
leaf_weight=4058 480 175 3436 2486 2460 1477 798 40 173 20 25 33 32 2451 34 27 3205 2833 602 24 134 313 139 21 20 22 258 19083 3306 12934
leaf_count=4058 480 175 3436 2486 2460 1477 798 40 173 20 25 33 32 2451 34 27 3205 2833 602 24 134 313 139 21 20 22 258 19083 3306 12934
internal_value=-0.000593219 -0.000316528 -0.000206659 -0.00231962 -8.22112e-05 -0.000218454 -0.00153927 0.000677867 0.000684047 0.00434579 0.000164033 0.0100685 0.0157692 -0.00106923 0.00549383 0.0109574 0.000511521 0.00116363 0.0013901 -0.000357778 0.00121679 0.000898566 0.00232323 0.00611111 0.0181707 0.000676327 -0.00125 -9.9186e-05 -0.000332382 0.000263157
internal_weight=61099 57041 54075 2966 47257 40123 3323 863 7134 321 823 146 65 6818 81 47 6813 3608 3435 3382 931 907 594 180 41 414 280 36800 22389 14411
internal_count=61099 57041 54075 2966 47257 40123 3323 863 7134 321 823 146 65 6818 81 47 6813 3608 3435 3382 931 907 594 180 41 414 280 36800 22389 14411
cat_boundaries=0 1 2 3
cat_threshold=27942 54570 21250
is_linear=0
shrinkage=0.05


Tree=134
num_leaves=31
num_cat=3
split_feature=19 15 3 18 20 3 15 10 21 20 1 13 5 17 20 1 15 19 12 1 18 18 15 18 19 12 17 20 13 20
split_gain=25.6521 2.90267 2.63177 2.40126 2.01689 1.77661 3.56015 1.63748 1.56087 1.79618 1.99631 1.67203 1.5434 1.76804 1.3357 1.33139 1.30861 1.27457 1.94254 1.6035 1.2745 1.9117 1.25371 1.70335 1.20338 1.18451 2.62812 1.28195 1.17743 1.33724
threshold=1.8617540241664459 2.272813328039025 1.0000000180025095e-35 0.65620078068784171 0.37760582121227615 1.0000000180025095e-35 2.2989214154075905 1.6955735229043272 7.7678988278564489 0.15558476246201519 0 1.6955735229043272 1.0000000180025095e-35 2.4712202941712307 0.16255081713942018 1 3.7104108567944776 3.6818499089434149 3.7123510648765321 2 0.1473495109219943 0.1577975335324818 4.1372028905779965 0.32682788363447385 4.3985116868594849 4.7828977861650346 4.6989911478179476 0.13681872959283028 2.1916379270371573 0.21359385934393346
decision_type=8 8 2 10 10 2 8 10 10 10 1 10 2 10 10 1 8 10 8 1 10 10 10 10 10 8 10 10 8 8
left_child=3 2 8 7 -4 6 -3 -1 9 -2 11 -11 13 15 20 -7 17 -8 19 -19 -15 -22 -14 24 -24 26 27 -23 29 -17
right_child=1 5 4 -5 -6 12 16 -9 -10 10 -12 -13 22 14 -16 28 -18 18 -20 -21 21 25 23 -25 -26 -27 -28 -29 -30 -31
leaf_value=-0.017444532989263503 0.0040312529130856331 0.0044318978244907489 -0.0037308105937970924 0.0026336323794064749 0.0029753041069275677 0.0014183470439721564 0.00057415459118547829 -0.0027449726994461586 -0.0063753378789936479 -0.00011166381344420215 -8.4421634307022811e-05 0.0045547614070484913 -0.0014514939774103548 -3.5659448385846314e-05 -0.00018794480675252763 0.0015521371450897057 -6.4540697573985258e-05 0.0052056216402041377 -9.833169578116496e-05 0.0037713780605210297 0.0018238808533728894 0.0015061434260296149 0.00077108398217336617 0.0014945621962087754 -0.0011309043799801318 -0.0011704297075344485 0.0059079677447519477 0.00037581224869836567 -0.0034469163617300916 -0.0061655219526906072
leaf_weight=4374 60 35 2199 141 93 462 3053 515 75 20 280 27 3301 2990 32150 117 4580 20 93 85 692 31 593 144 1725 541 31 823 1603 63
leaf_count=4374 60 35 2199 141 93 462 3053 515 75 20 280 27 3301 2990 32150 117 4580 20 93 85 692 31 593 144 1725 541 31 823 1603 63
internal_value=-0.000566027 -0.000258205 -0.00184096 -0.00398608 -0.00253491 -0.000176166 0.000517416 -0.00417161 0.00160173 0.00288114 0.00142202 0.0109574 -0.000296692 -0.000185177 -0.000103066 -0.00154789 0.000446302 0.00121347 0.00510101 0.0097619 0.000648002 0.0015864 -0.00106108 -0.00020715 -0.000534945 0.000539971 0.00166667 0.00114754 -0.0021677 0.00166667
internal_weight=60916 55886 2754 5030 2292 53132 7866 4889 462 387 327 47 45266 39503 37258 2245 7831 3251 198 105 5108 2118 5763 2462 2318 1426 885 854 1783 180
internal_count=60916 55886 2754 5030 2292 53132 7866 4889 462 387 327 47 45266 39503 37258 2245 7831 3251 198 105 5108 2118 5763 2462 2318 1426 885 854 1783 180
cat_boundaries=0 1 2 3
cat_threshold=4 1 4
is_linear=0
shrinkage=0.05


Tree=135
num_leaves=31
num_cat=4
split_feature=19 11 18 3 4 12 13 18 21 14 18 19 2 4 19 1 0 14 13 14 21 0 18 18 3 0 19 3 19 19
split_gain=24.6705 3.89155 3.04583 2.22317 1.77909 2.58304 2.33815 1.86303 2.7 1.6 1.41617 1.52194 1.33744 1.28141 1.72561 1.32938 2.15727 1.58058 1.36418 1.44632 1.24672 1.96377 1.94035 1.60308 1.24988 4.42958 2.89952 3.52 1.69284 1.70786
threshold=1.6107626605862575 2.2772541355929321 0.7402812915575453 3.5000000000000004 9.5000000000000018 2.4723189657945519 2.2246089421071029 0.14681618189089815 7.3527615103795085 2.0081915103761951 0.28153254861416932 2.2253213959404081 2.5000000000000004 2.5000000000000004 2.5843314370124317 0 1 3.0325433434892983 2.947063657109513 2.9678437658194921 7.3482656770381407 2 0.17618291028545999 0.26644854995629741 4.5000000000000009 3 4.7444378396016313 5.5000000000000009 3.8250467984035246 3.7904663329770987
decision_type=8 8 10 2 2 8 8 8 10 10 10 10 2 2 8 1 1 8 10 10 8 1 10 10 2 1 8 2 10 10
left_child=2 -2 -1 -4 5 -3 7 8 9 -6 11 -9 -8 14 -7 16 17 18 19 -15 22 24 -17 -24 -22 26 27 -26 29 -27
right_child=1 4 3 -5 6 13 12 10 -10 -11 -12 -13 -14 15 -16 20 -18 -19 -20 -21 21 -23 23 -25 25 28 -28 -29 -30 -31
leaf_value=-0.018677114101609882 -0.0030353673569324829 -0.0023060500786692222 0.021267240068151595 -0.033039506933288575 0.0080540782867166479 0.0043831110701840464 -8.5382166601540374e-05 -0.00047965829627792097 -0.001497808646159368 0.0017057932200859325 0.0054641493087222923 0.003733517739029898 0.0007774539290615639 0.002148593894786307 0.00019698038912746623 -0.0013688633848905143 -0.0012001202499522412 -0.00014813888217773296 0.00051000917474008803 0.0046346518901544806 8.3476154200078784e-05 -0.0007324252933261677 0.0017422053068022018 -0.00013154077866268381 0.034650348309045696 0.0041761159119354458 0.0032890698788136472 0.0085396182588615924 -0.0012999111039010084 0.0058611580705714324
leaf_weight=4021 2991 1928 35 31 20 108 8653 159 20 20 23 77 4249 26 8449 923 8292 6863 71 20 2446 8219 1490 893 43 119 220 41 599 22
leaf_count=4021 2991 1928 35 31 20 108 8653 159 20 20 23 77 4249 26 8449 923 8292 6863 71 20 2446 8219 1490 893 43 119 220 41 599 22
internal_value=-0.000537982 -0.000268849 -0.00429043 0.00636364 -0.000171598 -0.000335035 0.000332424 0.00456113 0.0125 0.02 0.00272201 0.0015678 0.00022787 -0.000246371 0.00029391 -0.000399017 -0.000727476 -7.8685e-05 0.00568376 0.0123913 -6.49363e-05 -0.00030703 0.000792497 0.00154637 0.000685713 0.00213601 0.00710191 0.0152381 -1.1762e-09 0.00492908
internal_weight=61071 56984 4087 66 53993 40772 13221 319 60 40 259 236 12902 38844 8557 30287 15272 6980 117 46 15015 11709 3306 2383 3490 1044 304 84 740 141
internal_count=61071 56984 4087 66 53993 40772 13221 319 60 40 259 236 12902 38844 8557 30287 15272 6980 117 46 15015 11709 3306 2383 3490 1044 304 84 740 141
cat_boundaries=0 1 2 3 4
cat_threshold=2 28946 2409 33
is_linear=0
shrinkage=0.05


Tree=136
num_leaves=31
num_cat=3
split_feature=19 11 3 19 20 15 21 16 4 0 15 5 21 19 21 13 16 16 20 0 5 17 18 13 15 13 20 18 14 0
split_gain=25.2599 4.32255 2.45966 2.63636 2.17183 1.89127 1.7606 1.74807 1.6335 2.04364 1.81807 1.78245 1.31686 1.30511 1.57503 1.39903 1.47078 1.71174 2.08009 1.27417 1.77566 1.20225 1.56666 1.18588 1.18213 1.49969 2.63155 1.14313 1.20132 1.10924
threshold=1.5262132077423278 2.0346842880759621 1.0000000180025095e-35 3.7190135707104841 0.43549546574823322 3.7847215967739634 6.840011483758766 0.25771625655043956 7.5000000000000009 0 2.5021247605642496 1.0000000180025095e-35 7.6918850812030071 2.8409708835317828 7.7678988278564489 2.4292080405593728 0.11321428521513857 0.12994578281550065 0.19084791733286552 1 1.0000000180025095e-35 2.5483244387791779 0.1461741803712461 2.4807225249527423 1.9777724735135342 2.1916379270371573 0.2089691190471831 0.14025502071343002 3.7025350203600906 2
decision_type=8 8 2 10 10 10 8 10 2 1 10 2 10 8 10 10 8 8 10 1 2 10 10 10 10 8 10 8 8 1
left_child=-1 4 7 8 -2 6 -5 13 10 11 -4 24 -11 14 15 16 -3 18 -18 -8 27 22 -12 -24 -10 26 -26 28 -21 -27
right_child=1 2 3 5 -6 -7 19 -9 9 12 21 -13 -14 -15 -16 -17 17 -19 -20 20 -22 -23 23 -25 25 29 -28 -29 -30 -31
leaf_value=-0.0206799991082844 -0.0050374163425677028 0.00041543105950507986 -0.0041467907711073924 0.0054984661878093016 0.0055440374758548841 -8.0133216959931954e-05 -0.0014360619516625504 -0.0010540632458299521 -0.0041345712052763854 -0.00021213592518522575 -0.0032586984692292483 -0.0024036873913320755 -0.0016560506553310568 0.00040452388533447533 -0.0032040415171422157 0.00081928443358347575 0.0073020181034819916 0.0031756041904765623 0.004687672203455593 0.012010910219192171 -0.0043406295838117363 -0.0010853193058766198 0.0045712666347436258 0.0018325972108943227 0.0057469261624214941 0.0042347649524964491 0.0011137354646895896 0.0021237812819068893 0.0059579449639244816 0.00086037280444123572
leaf_weight=3834 1641 169 1868 22 119 24187 564 1042 216 6585 52 310 2183 5899 185 583 33 392 21 20 190 7808 35 50 20 160 39 1299 202 1094
leaf_count=3834 1641 169 1868 22 119 24187 564 1042 216 6585 52 310 2183 5899 185 583 33 392 21 20 190 7808 35 50 20 160 39 1299 202 1094
internal_value=-0.000523825 -0.00025953 -0.000181793 -0.000322362 -0.00269886 6.79536e-06 0.00137788 0.000610282 -0.000749267 -0.00031913 -0.00121421 0.00119254 -0.000636821 0.000884371 0.00226681 0.00292988 0.00459349 0.00609865 0.0144444 0.00124176 0.00191458 -0.000884205 0.00375912 0.00794118 0.00189993 0.00246382 0.0102542 0.00249507 0.00581081 0.00209729
internal_weight=60822 56988 55228 46904 1760 26484 2297 8324 20420 10607 9813 1839 8768 7282 1383 1198 615 446 54 2275 1711 7945 137 85 1529 1313 59 1521 222 1254
internal_count=60822 56988 55228 46904 1760 26484 2297 8324 20420 10607 9813 1839 8768 7282 1383 1198 615 446 54 2275 1711 7945 137 85 1529 1313 59 1521 222 1254
cat_boundaries=0 1 2 3
cat_threshold=4944 12946 16
is_linear=0
shrinkage=0.05


Tree=137
num_leaves=31
num_cat=5
split_feature=17 17 3 16 4 0 4 9 16 0 20 17 0 13 1 16 16 20 20 3 15 16 16 19 11 3 3 17 13 1
split_gain=24.6508 3.23794 5.48332 2.45992 2.1925 1.90781 1.60132 2.21734 1.79951 1.75515 1.59729 2.50939 1.46469 1.37878 1.37713 1.37523 2.19229 2.31404 1.30328 1.69807 1.13071 1.4378 1.12733 1.12506 1.25853 1.09387 1.42707 1.09993 1.30451 1.07447
threshold=1.6185541135781356 2.4712202941712307 1.0000000180025095e-35 0.62074930850543708 8.5000000000000018 0 9.5000000000000018 1.0000000180025095e-35 0.14130453455772127 1 0.15314208129995657 2.2509826345109585 2 1.8945885877146502 3 0.16976577500647766 0.23724561631217869 0.17201293932993555 0.3051445340616154 5.5000000000000009 2.272813328039025 0.22136980823741234 0.2065373484510242 2.2480439848960039 2.4379801953848275 1.5000000000000002 3.5000000000000004 1.9095899666806975 1.9530024665512917 4
decision_type=8 10 2 10 2 1 2 2 10 1 8 8 1 8 1 8 10 10 8 2 10 10 8 10 8 2 2 10 8 1
left_child=3 2 4 -1 20 -6 7 8 12 10 11 -8 14 -7 -4 -15 17 -17 -16 -20 -2 29 -19 -12 -25 -10 27 28 -27 -22
right_child=1 -3 6 -5 5 13 9 -9 25 -11 23 -13 -14 15 18 16 -18 22 19 -21 21 -23 -24 24 -26 26 -28 -29 -30 -31
leaf_value=-0.018547056396217343 -0.001671456899061864 -8.3051258413737703e-05 -0.0045111311367546951 0.0039427943264343174 0.00073167038043295523 0.0050651893952647492 0.0039209467124127779 -0.0050017386913661869 -0.0063124320233993621 -0.0015404378967511059 -0.00065836731037742166 0.00041706574993913758 -0.0072986456700298227 0.00080454856746645326 -0.0072292895742779879 0.0062787160182062839 -0.006764462164086109 0.007092353008292549 0.0056757403064670621 0.029508820332197268 0.003275077392780375 0.0094454293990650952 0.065411772066481397 0.0031757184022932492 0.0027261469164927424 0.0023121437451317549 7.4518765734619979e-05 0.0033142810256099661 0.013772801475270019 -0.0029402747394524456
leaf_weight=3985 431 50183 144 101 246 22 21 2925 70 938 285 41 463 111 29 21 21 25 83 26 97 30 21 25 89 24 191 94 22 46
leaf_count=3985 431 50183 144 101 246 22 21 2925 70 938 285 41 463 111 29 21 21 25 83 26 97 30 21 25 89 24 191 94 22 46
internal_value=-0.000539386 -0.000269199 -0.00131555 -0.00429026 0.00195611 0.00452891 -0.00195613 -0.00245763 -0.000593369 -0.000496785 0.00200637 0.00951613 -0.00204698 0.00777056 0.000821917 0.00680904 0.0114773 0.0158955 0.00442029 0.0069266 -3.31138e-05 0.0033815 0.0221739 0.000889723 0.00508772 0.00210723 0.00330816 0.00714286 0.0134783 0.00129371
internal_weight=60810 56724 6541 4086 1071 467 5470 4071 1146 1399 461 62 745 221 282 199 88 67 138 109 604 173 46 399 114 401 331 140 46 143
internal_count=60810 56724 6541 4086 1071 467 5470 4071 1146 1399 461 62 745 221 282 199 88 67 138 109 604 173 46 399 114 401 331 140 46 143
cat_boundaries=0 1 2 3 4 5
cat_threshold=1860 1345 1377 4 2
is_linear=0
shrinkage=0.05


Tree=138
num_leaves=31
num_cat=0
split_feature=17 17 3 16 6 3 17 22 3 4 21 22 10 17 10 5 17 22 21 22 16 22 16 17 14 21 16 13 14 5
split_gain=23.9595 4.98631 4.55354 3.51368 2.8085 2.76173 3.55216 2.15869 1.68433 1.60689 2.57797 3.17527 2.04649 1.57864 1.48143 1.40161 1.49711 1.37968 1.67203 1.24654 1.76481 1.12585 1.10304 1.10966 1.58767 1.11925 1.08611 1.35583 1.0668 1.06632
threshold=1.2433473899622431 2.6344600837064291 1.0000000180025095e-35 0.32059180350169209 1.0000000180025095e-35 3.5000000000000004 1.7659388084086105 7.1230286278281127 2.5000000000000004 7.5000000000000009 7.7068377846673357 7.5455931431519216 2.2460007439412273 2.0386160064121421 2.4723189657945519 1.0000000180025095e-35 3.8320910867947391 7.4948273845767313 7.1796889219034155 7.4516328444147737 0.086261561519081154 7.8742073581156466 0.11053800722608796 1.7659388084086105 2.2246089421071029 7.7678988278564489 0.18204615749406408 2.5533362411465994 2.0476720312775929 1.0000000180025095e-35
decision_type=8 10 2 10 2 2 10 8 2 2 8 10 8 8 10 2 10 8 8 8 10 10 8 10 10 10 8 8 10 2
left_child=-1 2 9 4 19 6 7 -5 -9 14 11 26 -13 -6 -2 -3 -17 18 -16 -4 -21 -22 -12 -24 25 29 27 28 -11 -25
right_child=1 15 3 5 13 -7 -8 8 -10 10 22 12 -14 -15 17 16 -18 -19 -20 20 21 -23 23 24 -26 -27 -28 -29 -30 -31
leaf_value=-0.029431030428163529 -0.0023954294875802623 4.9586494255419669e-05 -0.0019628852103624468 0.019519036713506459 -0.0070726342591947589 -0.0018182273308299281 0.00069781116357863653 -0.00050961560826751702 0.022963807339929126 0.0018729353170243994 -0.0034753735157498143 0.0065323540390896722 0.0034563584164436453 -0.0029062985203660106 -0.0027397189316604839 -0.0014401209030209337 -5.252389986398471e-05 -0.0011530656815902328 0.0037375364129214545 -0.0036815559425473266 0.00052313948474892909 -0.0075147389800242605 -0.005604166152217799 0.0059743926688091481 -9.7618414335559785e-05 -0.0034908415890122172 -0.0014673731361597316 -0.0012815037950058557 0.0033282133853428757 -0.0011509128140034244
leaf_weight=3122 506 42049 910 32 1562 170 116 33 26 27 110 35 63 2994 20 2516 3661 57 27 559 1634 103 139 163 211 57 64 26 23 40
leaf_count=3122 506 42049 910 32 1562 170 116 33 26 27 110 35 63 2994 20 2516 3661 57 27 559 1634 103 139 163 211 57 64 26 23 40
internal_value=-0.00047703 -0.000247097 -0.00128104 -0.00175636 -0.00198531 0.00295756 0.00683575 0.0142308 0.00855932 0.00118622 0.00246346 0.00697479 0.0138775 -0.00278314 -0.000819673 -3.89843e-05 -0.000742271 0.00461538 0.0109574 -0.00085153 -0.000230837 0.000555554 0.000972221 0.00180328 0.00296178 0.00557692 0.00214286 0.00618421 0.011 0.00731527
internal_weight=61055 57933 9707 8139 7762 377 207 91 59 1568 958 238 98 4556 610 48226 6177 104 47 3206 2296 1737 720 610 471 260 140 76 50 203
internal_count=61055 57933 9707 8139 7762 377 207 91 59 1568 958 238 98 4556 610 48226 6177 104 47 3206 2296 1737 720 610 471 260 140 76 50 203
is_linear=0
shrinkage=0.05


Tree=139
num_leaves=31
num_cat=2
split_feature=19 10 16 12 3 6 10 21 17 16 17 21 13 16 1 18 3 13 19 13 16 11 18 21 1 18 3 17 14 13
split_gain=24.3076 3.8353 2.59469 2.14302 1.71677 1.34386 1.10142 1.08733 1.08205 1.32459 1.07638 1.06424 1.03445 0.923596 0.923561 0.909367 0.862532 1.63859 1.10832 1.02307 0.915699 1.77321 1.90021 1.84469 1.9136 1.88906 1.6493 1.91105 1.6266 1.38039
threshold=1.6107626605862575 2.0731521505764063 0.83200656777263282 3.0657219285807118 1.0000000180025095e-35 1.0000000180025095e-35 2.7504658133048774 7.538228829590838 1.085659778193685 0.34328457233221316 1.4679138009966197 6.7099122394546251 2.6637438719239088 0.21016712278446203 0 0.11290379827155529 1.0000000180025095e-35 4.0664589915953142 4.3261824865251084 4.0543898706079506 0.25576970435384078 4.0386552682304071 0.21486314405250742 7.368024129342877 1 0.20650502880101412 4.5000000000000009 4.6462082008918362 4.7018429702237254 4.9491143746184694
decision_type=8 8 10 8 2 2 10 10 10 10 10 8 10 10 1 10 2 10 10 10 10 10 10 10 1 10 2 10 8 10
left_child=2 -2 8 4 12 7 11 -6 -1 -10 -4 -7 14 -14 -3 -16 17 19 -19 -5 -18 -22 23 25 -25 -23 27 29 -28 -24
right_child=1 3 10 16 5 6 -8 -9 9 -11 -12 -13 13 -15 15 -17 20 18 -20 -21 21 22 26 24 -26 -27 28 -29 -30 -31
leaf_value=-0.033848632387285138 -0.0040049262104669319 -0.0062068284878585046 0.018268975597501177 0.00073612881291435514 -0.00015961374252696241 0.0019581058754613691 -0.00021289271136604995 -0.002638956376618728 -0.0088071056610869551 0.004028848287611483 0.0029573424248867664 -0.0028908705426756338 -0.0010146732293196444 0.0010453107388416042 -0.0017509708419137016 0.0016985409166936233 -0.00013696887343462349 -0.0020830715425550618 0.00012049477753621819 0.0056156447678206945 -0.00025460345663360929 -0.00028891224409826921 0.0011220768096700561 0.0081647066759897389 0.0011865059445791267 0.0058286509655771142 -0.00010375063712046073 -0.0010419108593555985 0.0032346727512384808 0.010930573173639586
leaf_weight=2696 1798 47 22 4095 3700 22 741 544 1142 195 27 2698 430 164 54 786 33627 835 1736 29 3086 126 660 44 28 68 260 797 413 20
leaf_count=2696 1798 47 22 4095 3700 22 741 544 1142 195 27 2698 430 164 54 786 33627 835 1736 29 3086 126 660 44 28 68 260 797 413 20
internal_value=-0.000464774 -0.00019698 -0.00419157 -0.000122706 -0.000819727 -0.0011194 -0.00185062 -0.000523093 -0.00433052 -0.00316754 0.0072449 -0.00231618 0.000739364 -0.000875422 0.00182074 0.00220238 1.70205e-05 0.000541448 -0.000449243 0.00115907 -7.27094e-05 0.000525262 0.00153973 0.00552631 0.0123611 0.00298969 0.00104651 0.000111712 0.00309807 0.00205882
internal_weight=60890 56808 4082 55010 9186 7705 3461 4244 4033 1337 49 2720 1481 594 887 840 45824 6695 2571 4124 39129 5502 2416 266 72 194 2150 1477 673 680
internal_count=60890 56808 4082 55010 9186 7705 3461 4244 4033 1337 49 2720 1481 594 887 840 45824 6695 2571 4124 39129 5502 2416 266 72 194 2150 1477 673 680
cat_boundaries=0 1 2
cat_threshold=1 4
is_linear=0
shrinkage=0.05


Tree=140
num_leaves=31
num_cat=3
split_feature=19 11 16 6 10 20 0 14 14 16 4 0 22 22 20 14 22 20 0 22 21 11 15 19 16 16 16 22 19 22
split_gain=24.279 3.38183 1.85493 1.73594 1.73687 1.43025 1.40522 1.31299 1.4075 1.52256 1.36595 1.55287 1.46925 1.8946 1.2522 1.17637 1.74432 2.17324 1.15256 1.28184 1.27638 1.74591 1.84001 1.16932 1.50851 1.14142 1.23736 1.71854 1.08897 2.89286
threshold=1.6107626605862575 2.0346842880759621 0.83200656777263282 1.0000000180025095e-35 2.0346842880759621 0.12680550947762625 0 4.583435563288619 4.6086639511127609 0.25158421967653605 7.5000000000000009 1 7.2458451752548045 7.2195552980168936 0.43549546574823322 4.7591779066044522 7.6887767437181322 0.12341968903822842 2 6.8190282484417066 6.840011483758766 5.4516820002590256 3.7214206042546736 1.9078085657652095 0.097852279238174536 0.12221112510743697 0.14636830020036409 7.894228617244706 2.6518080195784055 7.4549160472174609
decision_type=8 8 10 2 8 10 1 8 8 10 2 1 10 10 10 8 10 10 1 8 8 8 10 10 10 8 8 10 10 10
left_child=2 14 -1 5 -5 6 15 10 9 -9 11 -6 13 -12 -2 16 17 -3 25 -20 21 -21 -23 24 -22 -7 27 28 29 -27
right_child=1 3 -4 4 7 18 -8 8 -10 -11 12 -13 -14 -15 -16 -17 -18 -19 19 20 23 22 -24 -25 -26 26 -28 -29 -30 -31
leaf_value=-0.015263001988263991 -0.0038298024384289145 0.0075357819634378894 0.011263645866563039 -0.0047930253786987037 -0.00075975929590311878 -0.00042382112087103232 -0.0034927350343489645 0.0047918275223934144 -3.4037411136852773e-06 -0.0048463111469755548 0.00057036555963876359 -0.0026709050491141983 -0.00062048607696803932 0.0093263904051379253 0.00088836961887953526 -0.00058403520664558378 -0.0011517485421841231 -0.00020718446597642803 -0.0021766090942936058 -0.00042408437266838289 0.0032495302720206135 0.0064995040980101726 0.003380091666152859 -5.9839338283540165e-05 0.0021689665101376435 0.0037803747039271483 0.00036188211204209842 0.0092490414304268777 0.0014346094086080284 0.001060288800238706
leaf_weight=4017 1541 26 47 576 2704 1782 612 56 6701 20 1441 2708 4498 38 101 170 21 20 554 127 20 32 72 24981 89 21 6588 21 1151 63
leaf_count=4017 1541 26 47 576 2704 1782 612 56 6701 20 1441 2708 4498 38 101 170 21 20 554 127 20 32 72 24981 89 21 6588 21 1151 63
internal_value=-0.000503965 -0.000236544 -0.00423721 -0.000169899 -0.000560774 3.16357e-05 -0.00199647 -0.000475064 7.59911e-05 0.0068421 -0.000802969 -0.00137842 -0.000281915 0.00108519 -0.0024726 0.0012753 0.0069403 0.0123913 8.01374e-05 -9.36848e-05 -4.16662e-05 0.00365801 0.00846154 -7.57286e-05 0.00509174 0.000546906 0.000806985 0.00224522 0.00200405 0.0075
internal_weight=60798 56734 4064 55092 18742 36350 849 18166 6777 76 11389 5412 5977 1479 1642 237 67 46 35501 25875 25321 231 104 25090 109 9626 7844 1256 1235 84
internal_count=60798 56734 4064 55092 18742 36350 849 18166 6777 76 11389 5412 5977 1479 1642 237 67 46 35501 25875 25321 231 104 25090 109 9626 7844 1256 1235 84
cat_boundaries=0 1 2 3
cat_threshold=4425 40704 16674
is_linear=0
shrinkage=0.05


Tree=141
num_leaves=31
num_cat=5
split_feature=19 10 0 20 0 10 13 20 19 22 20 18 19 19 5 13 3 19 15 0 18 0 19 18 18 18 0 6 20 4
split_gain=23.6444 4.09624 1.69484 1.44867 3.00311 1.43775 2.14991 2.23896 1.99583 1.34898 1.89349 1.34684 1.61833 1.33675 1.4468 1.40551 1.74971 1.93378 2.58141 1.60349 2.33891 1.48454 1.47595 2.00232 1.52591 2.36056 1.41347 2.08977 1.79785 2.39784
threshold=1.3719323805451646 2.1101948345363803 0 0.16255081713942018 1 3.9655633231297664 3.9843432343412792 0.17548942900139411 3.895038212030197 7.0504592595030253 0.24073364466774302 0.14803186349015404 6.3643298203788214 4.8646512741949923 1.0000000180025095e-35 3.6775648950837558 1.0000000180025095e-35 3.6036002860399909 3.7214206042546736 2 0.10026396948982759 3 3.6614976230544989 0.13957663036385376 0.24047043704815643 0.24940260553609722 4 1.0000000180025095e-35 0.1763504235424127 10.500000000000002
decision_type=8 8 1 8 1 10 8 10 10 10 8 8 10 10 2 10 2 10 8 1 10 1 10 10 10 8 1 2 10 2
left_child=-1 -2 9 4 -4 13 7 8 -7 10 -3 12 -6 14 15 16 19 26 22 20 -5 -17 23 -19 -25 -26 28 -28 -18 -30
right_child=1 2 3 5 11 6 -8 -9 -10 -11 -12 -13 -14 -15 -16 21 17 18 -20 -21 -22 -23 -24 24 25 -27 27 -29 29 -31
leaf_value=-0.025426024320643975 -0.0031682794397121469 -0.00062037717156299913 0.0013281437801966579 0.0084966263363648771 -0.00089212560775632672 0.0062842032942741835 -1.4130601568062916e-05 0.00076410939326763039 0.0026918041990823724 -0.003350819538912031 0.0096331404080537558 0.00043337780149751526 0.022138542474605418 0.00068582525128060943 -0.0014126283354202115 0.00068087800903100153 -0.0025182029378372061 0.0051685740774620242 -0.00031883638722282739 1.2923813487509e-06 0.0014070032679469261 -0.0010390554441726885 0.0028306021134827451 -0.002627949330974082 0.0088864813144268473 -0.0062848336801617543 -0.00022325314767914306 -0.0023534177129113224 0.00093141263610285871 0.0074613402498802028
leaf_weight=3361 2483 613 2567 38 2868 47 14990 1396 102 719 67 1992 28 2394 3421 1104 192 37 1670 1621 1007 5473 794 324 23 26 6238 4523 961 32
leaf_count=3361 2483 613 2567 38 2868 47 14990 1396 102 719 67 1992 28 2394 3421 1104 192 37 1670 1621 1007 5473 794 324 23 26 6238 4523 961 32
internal_value=-0.000491811 -0.000254547 -0.00016529 -0.000120459 0.000526491 -0.0002244 0.000149681 0.00192557 0.00775168 -0.00187722 -0.000294119 -0.000202125 -0.000890885 -0.000431422 -0.000530128 -0.000393344 -0.000158986 -0.000371121 0.000793318 0.00102025 0.00253554 -0.00101642 0.00255814 0.00012195 -0.000978553 0.0072449 -0.000651265 -0.0008314 0.000983262 0.00184793
internal_weight=61111 57750 55267 53868 7455 46413 16535 1545 149 1399 680 4888 2896 29878 27484 24063 17486 14820 2874 2666 1045 6577 1204 410 373 49 11946 10761 1185 993
internal_count=61111 57750 55267 53868 7455 46413 16535 1545 149 1399 680 4888 2896 29878 27484 24063 17486 14820 2874 2666 1045 6577 1204 410 373 49 11946 10761 1185 993
cat_boundaries=0 1 2 3 4 5
cat_threshold=128 36956 59393 266 4864
is_linear=0
shrinkage=0.05


Tree=142
num_leaves=31
num_cat=0
split_feature=17 20 15 10 6 4 13 10 6 14 17 13 5 18 21 10 13 21 22 21 20 18 20 22 9 15 13 18 18 13
split_gain=23.6329 3.08869 4.00128 1.88556 2.15811 1.89203 1.6785 1.84952 1.58951 1.54612 1.4869 1.42604 1.34263 1.57602 1.33061 1.16772 1.84546 1.83632 1.54288 1.92217 2.37337 1.13134 1.18416 1.09298 1.55728 1.88277 1.29517 1.28315 1.92146 1.44638
threshold=1.6185541135781356 0.43549546574823322 0.95078470657871428 2.7504658133048774 1.0000000180025095e-35 7.5000000000000009 3.5395079442083337 3.9328050649669928 1.0000000180025095e-35 2.3465905316554028 2.6522880190058764 3.9843432343412792 1.0000000180025095e-35 0.2342529676416687 7.4590507938006292 4.1720766135341369 4.4914412637342096 7.0179539710052294 6.9409926886548261 6.9426395642594496 0.15475571794242246 0.16538147858536881 0.21747447138687695 8.0634244052159101 1.0000000180025095e-35 2.3261506853876872 1.8325494627242667 0.13322124362611487 0.16729898281911051 2.1916379270371573
decision_type=8 10 10 10 2 2 10 10 2 8 8 10 2 10 10 10 10 8 10 10 10 10 10 10 2 8 8 10 10 10
left_child=1 -1 -3 4 -2 10 9 -8 -4 14 -6 12 13 -9 -5 -13 17 18 -17 -20 -21 -19 -23 24 25 26 -7 -28 -29 -30
right_child=3 2 8 6 5 23 7 11 -10 -11 -12 15 -14 -15 -16 16 -18 21 19 20 -22 22 -24 -25 -26 -27 27 28 29 -31
leaf_value=-0.015619962825776766 -9.6075243358489167e-05 -0.020107009569601191 0.0063508377469379367 0.0051590962038498712 -0.0040975267293808255 -0.0088685380455499532 -0.0011132480027128419 0.001955490323256173 0.019005809796071315 0.00025431866854335757 -0.0015408927945361698 -0.0015359664181012166 -0.0016071560589847645 -0.0013608427443202085 0.002761690296260038 -0.0021341351487997643 -0.0003227934565466729 -0.0003293080826827072 0.0069065993575284082 0.0059043538766377045 0.0010011128857258173 0.001693148823132527 -5.6019017007160247e-05 -0.0032893140660170983 -0.00069631066268638093 0.00039011877475651177 -0.0024300560829486773 0.0061997200302981587 0.0045502111062556546 -0.0011526697794782992
leaf_weight=3788 13407 163 109 44 1948 22 4647 1025 36 15229 2442 1682 175 382 43 62 7621 931 38 22 131 1209 1001 207 3970 760 23 31 59 33
leaf_count=3788 13407 163 109 44 1948 22 4647 1025 36 15229 2442 1682 175 382 43 62 7621 931 38 22 131 1209 1001 207 3970 760 23 31 59 33
internal_value=-0.000464567 -0.0041333 0.000681817 -0.000201597 -0.000552791 -0.00112954 3.32913e-05 -0.000281624 0.00672414 0.000422433 -0.00189066 3.48972e-07 0.00141593 0.00192964 0.00706896 -0.000176027 1.1347e-05 0.000981142 0.00507905 0.00730366 0.00480392 0.000651065 0.00126697 -0.000475026 -0.000324623 0.0015194 0.00630952 0.0080137 0.0100406 0.00641304
internal_weight=61240 4096 308 57144 22902 9495 34242 18926 145 15316 4390 14279 1582 1407 87 12697 11015 3394 253 191 153 3141 2210 5105 4898 928 168 146 123 92
internal_count=61240 4096 308 57144 22902 9495 34242 18926 145 15316 4390 14279 1582 1407 87 12697 11015 3394 253 191 153 3141 2210 5105 4898 928 168 146 123 92
is_linear=0
shrinkage=0.05


Tree=143
num_leaves=31
num_cat=1
split_feature=17 11 20 8 3 10 18 13 21 20 3 4 21 21 16 21 1 17 11 14 21 4 4 21 13 20 16 16 18 4
split_gain=23.2832 2.58209 2.36249 1.80187 1.44461 1.5647 2.10175 1.50882 1.13598 1.09291 1.07485 1.39584 1.90807 1.07158 0.992637 0.98651 1.19976 1.36518 1.27462 1.54236 1.76505 1.20053 1.07958 1.88021 0.998071 1.46616 0.935737 2.2968 1.543 1.27709
threshold=1.6185541135781356 2.0346842880759621 0.43549546574823322 3.5000000000000004 1.0000000180025095e-35 2.7311101689089869 0.36627613582909252 3.614962865446246 7.4380893258581207 0.25143458123387469 1.0000000180025095e-35 8.5000000000000018 7.42446352143262 7.5307481636617268 0.18143793934285937 7.6964398604364357 0 2.3123544387015813 2.0731521505764063 2.4024201905583298 7.5880704486643262 9.5000000000000018 6.5000000000000009 7.4474598198239752 2.287458571408536 0.1334870210937267 0.25576970435384078 0.24247223527297687 0.30286776512357921 6.5000000000000009
decision_type=8 8 10 2 2 8 10 10 10 8 2 2 8 8 10 10 1 8 10 8 10 2 2 10 8 10 8 10 10 2
left_child=2 10 -1 -4 7 6 9 26 -5 15 11 -2 -13 -9 -12 16 21 18 -18 20 -20 -6 -19 -24 25 -17 27 28 -3 -29
right_child=1 4 3 8 5 -7 -8 13 -10 -11 14 12 -14 -15 -16 24 17 22 19 -21 -22 -23 23 -25 -26 -27 -28 29 -30 -31
leaf_value=-0.015222557705644147 -0.0019331132024336423 0.00071831197739125952 -0.022181031333112652 0.0015736303823712307 -0.002612576785050307 -0.00010284195894811994 0.008491466440002645 0.00067820229207447716 0.021883036897434094 -0.0062259666508269898 -0.0052032081519927022 0.011581220509046551 0.00072456339000185558 -0.00059969032582024551 -0.0013107960803271273 0.0016683551009928591 5.4488577646989985e-05 -0.0012954698256500041 0.0058942660768386383 -0.00082402819077715306 0.0049563975253863971 0.00031527560181848302 0.001042260883256819 0.00067934908785813829 -0.003442608642997102 -0.0013725269119457917 -0.00043587329891895706 0.0024101384897950323 0.0029253371804586793 0.0014612262813025391
leaf_weight=3773 134 3854 108 171 1382 42317 106 1183 21 422 866 21 80 2504 505 33 75 434 38 21 29 624 36 279 889 286 602 69 24 85
leaf_count=3773 134 3854 108 171 1382 42317 106 1183 21 422 866 21 80 2504 505 33 75 434 38 21 29 624 36 279 889 286 602 69 24 85
internal_value=-0.000451937 -0.000190518 -0.00410386 0.000166665 -0.000133113 -0.000240682 -0.00111087 0.0004741 0.00307292 -0.00127309 -0.00216688 0.000957446 0.00539604 -0.000280717 -0.00270241 -0.00102521 -0.00052776 0.000975876 0.0051227 0.00920454 0.0129104 -0.00121137 7.343e-05 0.00230159 -0.00222682 0.000172413 0.00107466 0.00134921 0.0011114 0.00733766
internal_weight=60971 56898 4073 300 55292 46971 4654 8321 192 4548 1606 235 101 3687 1371 4126 2918 912 163 88 67 2006 749 315 1208 319 4634 4032 3878 154
internal_count=60971 56898 4073 300 55292 46971 4654 8321 192 4548 1606 235 101 3687 1371 4126 2918 912 163 88 67 2006 749 315 1208 319 4634 4032 3878 154
cat_boundaries=0 1
cat_threshold=2
is_linear=0
shrinkage=0.05


Tree=144
num_leaves=31
num_cat=2
split_feature=19 17 4 1 3 16 3 5 17 19 14 1 3 17 16 16 16 4 20 11 5 14 4 16 12 19 15 13 20 4
split_gain=22.2623 3.1558 2.47704 1.74771 2.79048 1.57577 1.5694 1.33279 1.89131 1.96033 1.45455 1.34392 1.24376 1.42972 1.13294 1.11026 2.19122 1.39014 1.46587 1.08297 1.13081 1.10733 1.29903 1.24911 1.08262 1.02756 0.98721 1.98685 1.09402 0.96103
threshold=1.3719323805451646 2.4314891578321411 9.5000000000000018 0 1.0000000180025095e-35 0.49189434376591595 1.0000000180025095e-35 1.0000000180025095e-35 2.0001672539776378 2.2480439848960039 2.0081915103761951 1 1.5000000000000002 1.3590600817079415 0.17373912217124918 0.15576161262964644 0.16049154836324736 7.5000000000000009 0.2072422462311273 5.3478215331469032 1.0000000180025095e-35 6.6560836357821769 2.5000000000000004 0.07533061981670687 2.4024201905583298 6.3643298203788214 1.6515603426022272 2.1222436103259104 0.17403613627853767 9.5000000000000018
decision_type=8 10 2 1 2 10 2 2 8 10 8 1 2 8 10 10 10 2 10 10 2 8 2 10 10 10 10 10 10 2
left_child=-1 2 3 12 15 24 7 8 10 -10 -4 -11 -2 -14 25 -5 -17 -18 26 20 -3 22 23 -21 -6 -8 -19 28 -28 -22
right_child=1 19 6 4 5 -7 14 -9 9 11 -12 -13 13 -15 -16 16 17 18 -20 21 29 -23 -24 -25 -26 -27 27 -29 -30 -31
leaf_value=-0.022489776344764466 -0.003765350162245567 -2.4181379696066175e-05 0.0019945457005529107 -0.00082894720205018259 -0.0046089523886046792 0.0057797706442873622 -0.0015141104039914383 -0.003356271474997475 -0.00015172976569092025 0.0051750080822005641 0.0063381518571412609 0.0083563253984645838 0.012728018703034289 0.00051446586518307652 0.001008508647777639 0.0065923193310753808 -0.0022234835579215354 -0.0028671902487814298 -0.0023209475371603868 0.004225913989853944 -0.00087559171935642848 0.0013665084808889174 -0.00054306496679507824 0.0012361758931129594 -0.00015650558868227557 0.011327554639462408 0.0052218359731437845 0.0021118854382264677 0.011319460534014482 5.9654891579686295e-05
leaf_weight=3379 306 41684 22 369 3141 141 808 48 86 23 22 21 25 703 456 25 139 21 48 21 4271 1162 1391 573 292 20 26 54 29 1764
leaf_count=3379 306 41684 22 369 3141 141 808 48 86 23 22 21 25 703 456 25 139 21 48 21 4271 1162 1391 573 292 20 26 54 29 1764
internal_value=-0.000433929 -0.000202892 -0.00121246 -0.00171931 -0.00216453 -0.00273363 0.000577688 0.00445946 0.00649425 0.00346154 0.0154545 0.0120455 0.000125724 0.00125 -9.34591e-05 0.000696201 0.00274854 0.0016246 0.00455056 -6.74333e-05 -0.00012668 0.000830949 0.000113349 0.00207071 -0.0029464 -0.00119565 0.00730769 0.00922018 0.0159091 -0.000766364
internal_weight=61070 57691 6825 5319 4285 3574 1506 222 174 130 44 44 1034 728 1284 711 342 317 178 50866 47719 3147 1985 594 3433 828 130 109 55 6035
internal_count=61070 57691 6825 5319 4285 3574 1506 222 174 130 44 44 1034 728 1284 711 342 317 178 50866 47719 3147 1985 594 3433 828 130 109 55 6035
cat_boundaries=0 1 2
cat_threshold=1 2
is_linear=0
shrinkage=0.05


Tree=145
num_leaves=31
num_cat=2
split_feature=15 20 11 10 15 8 22 3 20 0 15 21 0 15 21 22 4 20 16 18 15 16 15 4 18 20 20 21 18 22
split_gain=20.8421 3.82993 3.12592 1.24566 1.18813 1.0851 1.24944 1.0102 0.965625 1.25384 1.6744 0.852346 0.836911 1.10502 1.61973 1.30087 1.19527 2.30859 1.48485 3.00374 1.476 1.58387 1.45973 1.06506 1.1257 1.33983 3.35846 0.964398 1.07104 0.893813
threshold=1.732699490957611 0.43549546574823322 2.2772541355929321 1.8945885877146502 1.4089773654025259 3.5000000000000004 7.4315475935810129 1.0000000180025095e-35 0.14141919676553347 0 4.0597789107483289 7.713561252735313 1 2.5804970343947198 7.3248194686520547 7.76882214267357 2.5000000000000004 0.19266930750403979 0.18791024488926619 0.18656515087096573 5.2849379267195546 0.21934808670827979 4.4397644847182365 7.5000000000000009 0.19168758923558551 0.23078313948336807 0.2237115002022316 7.7099810294433491 0.11574935278260212 7.1920262201373175
decision_type=8 10 8 8 10 2 10 2 10 1 10 10 1 8 10 10 2 10 10 10 10 10 10 2 10 10 10 10 10 10
left_child=1 4 -2 -4 -1 -3 -7 8 9 10 -5 -6 13 14 -10 -16 17 18 19 22 -19 -22 -15 29 -25 26 -26 -14 -29 -18
right_child=2 5 3 7 11 6 -8 -9 12 -11 -12 -13 27 16 15 -17 23 20 -20 -21 21 -23 -24 24 25 -27 -28 28 -30 -31
leaf_value=-0.020196033933083335 -0.002258836951926582 -0.021284558770935665 -0.0044898224390570833 -0.00017114498283252833 -0.0023674123964301011 0.0025646683075480617 0.016815861201109387 -0.00016820534516361304 0.00069645524784165715 -0.0033909574403974429 0.0062255234193021106 -0.00637830752150924 0.00095702484252675507 0.00079809943496317044 0.00347774464434214 0.0010103939697489385 -0.0025560883334347991 -0.0006582520935132243 -0.00052977815162479449 0.0079252714614258292 0.0024869801825538932 -0.0042145226069817228 0.0068202771629306469 -0.00061806710894727116 0.0030805680849731783 -0.00072342967124078663 0.0086147214062244383 0.0027431314956709273 -0.00052763635193886352 -0.00013208294601819729
leaf_weight=3130 2755 46 361 199 614 192 27 45722 219 210 25 259 3967 86 32 37 632 267 44 23 23 20 23 438 228 328 21 24 653 504
leaf_count=3130 2755 46 361 199 614 192 27 45722 219 210 25 259 3967 86 32 37 632 267 44 23 23 20 23 438 228 328 21 24 653 504
internal_value=-0.00047039 -0.00384021 -0.000217362 -0.000133677 -0.00422558 0.00198113 0.00344749 -0.000114008 0.000404222 -0.0018894 0.00076923 -0.0025945 0.000535737 -0.00012777 0.0028125 0.00949275 -0.000449375 0.00179012 0.00636364 0.00901515 -0.000806453 0.0077907 0.00555046 -0.000955371 0.000221674 0.00167244 0.00443775 0.000951868 -0.000790252 -0.00200704
internal_weight=61109 4268 56841 54086 4003 265 219 53725 8003 434 224 873 7569 2925 288 69 2637 486 176 132 310 43 109 2151 1015 577 249 4644 677 1136
internal_count=61109 4268 56841 54086 4003 265 219 53725 8003 434 224 873 7569 2925 288 69 2637 486 176 132 310 43 109 2151 1015 577 249 4644 677 1136
cat_boundaries=0 1 2
cat_threshold=42123 9929
is_linear=0
shrinkage=0.05


Tree=146
num_leaves=31
num_cat=5
split_feature=19 12 20 3 4 10 1 10 4 4 1 0 19 18 4 20 20 18 10 2 14 18 14 0 12 13 0 19 3 16
split_gain=22.4743 2.78223 1.87254 2.32576 1.76803 1.35451 1.34764 1.26239 1.23074 1.3658 1.27173 2.36832 1.94182 3.11613 1.37757 1.34127 1.30591 1.8677 1.57745 1.21419 1.12095 1.81143 1.10014 1.4097 1.21861 1.91244 1.17121 2.28362 1.90001 1.48227
threshold=1.3719323805451646 2.2565274485401434 0.37760582121227615 1.0000000180025095e-35 7.5000000000000009 1.7664051342320239 0 1.638949582658831 9.5000000000000018 2.5000000000000004 1 2 3.0572451967142649 0.14974312425714867 8.5000000000000018 0.19345480293864609 0.28617235448294148 0.16590897573710187 4.8524207364111538 1.5000000000000002 5.0909855994417521 0.10923732894780416 4.5690246049807213 3 3.7577049642608613 4.4914412637342096 4 3.7810763882279015 1.5000000000000002 0.13297135312957145
decision_type=8 8 10 2 2 8 1 10 2 2 1 1 10 10 2 10 10 10 10 2 10 10 10 1 10 8 1 10 2 10
left_child=-1 2 3 4 -2 -3 7 -6 9 -7 11 12 13 -11 16 -15 18 -18 -13 -10 -14 -22 23 24 -21 26 -26 -28 -29 -30
right_child=1 5 -4 -5 6 8 -8 -9 19 10 -12 14 20 15 -16 -17 17 -19 -20 22 21 -23 -24 -25 25 -27 27 28 29 -31
leaf_value=-0.020556179431482271 -0.0020856112289289594 -0.0040177746994774135 0.0033937253258860007 -0.0032751688559906505 0.00061764608205784751 0.00023323814959725915 -0.00037418106983145129 0.0059435529101072634 -0.00031210479834088933 0.0027006917860924497 -3.7457402782016498e-05 -0.0016436849620294494 0.00021095330652230656 -0.0028138670764365306 0.00019623742026273684 0.0032751655059531795 0.0041195994037220287 0.00020056605703723946 0.008980377471785761 0.0004920511138809836 0.0045604025797925177 -0.0012172036783948494 -0.00056619335506286094 0.00033399756393581704 0.0015320975948512963 0.00086176431373205661 0.0056457821598461235 0.0058976181833218042 0.005136419139285222 0.0021170833717017181
leaf_weight=3343 186 416 225 2536 70 8491 101 124 4390 26 15620 8167 5459 42 1151 21 33 229 20 1557 44 1338 1139 5196 216 513 25 33 24 124
leaf_count=3343 186 416 225 2536 70 8491 101 124 4390 26 15620 8167 5459 42 1151 21 33 229 20 1557 44 1338 1139 5196 216 513 25 33 24 124
internal_value=-0.000431244 -0.000199598 -0.00162246 -0.00195061 0.00123701 -0.000114605 0.00364407 0.00608247 -9.26522e-05 -0.000228957 -0.000377917 -0.000683607 2.16126e-05 0.00735955 -0.00119147 0.00134921 -0.00141378 0.00206107 -0.00152498 0.000326472 -7.38208e-05 -0.00134588 0.000664437 0.000879291 0.00185452 0.00328877 0.00578199 0.00842592 0.00687845 0.00445946
internal_weight=60859 57516 3242 3017 481 54274 295 194 53858 40641 32150 16530 6930 89 9600 63 8449 262 8187 13217 6841 1382 8827 7688 2492 935 422 206 181 148
internal_count=60859 57516 3242 3017 481 54274 295 194 53858 40641 32150 16530 6930 89 9600 63 8449 262 8187 13217 6841 1382 8827 7688 2492 935 422 206 181 148
cat_boundaries=0 1 2 3 4 5
cat_threshold=2 2 28946 9050 520
is_linear=0
shrinkage=0.05


Tree=147
num_leaves=31
num_cat=2
split_feature=19 11 20 10 16 16 16 17 11 12 12 13 16 16 18 20 20 20 14 20 14 0 20 19 17 18 11 0 14 11
split_gain=22.3508 3.48239 1.80307 1.23908 0.972065 1.61553 0.946928 1.46697 0.913093 0.913043 0.800098 1.56668 1.3074 1.36765 1.91851 1.87235 2.06032 1.28853 1.20511 1.15928 1.49792 1.15522 1.0908 1.23835 2 2.39776 1.02403 1.35176 1.59563 0.941737
threshold=1.3719323805451646 2.4638441866376652 0.37760582121227615 1.8945885877146502 0.36539995063569125 0.29775233996439043 0.49189434376591595 1.085659778193685 1.9530024665512917 2.0731521505764063 4.1812862005521803 4.6076669418093283 0.033163987312117678 0.22238978182317706 0.21680630580122695 0.2463252880771851 0.25030425166315762 0.25363552503345449 4.7018429702237254 0.19473765231402998 4.3751276949566895 0 0.19591485697408559 4.2037368319541004 4.1892363810948288 0.20185239069713845 4.5996548789135385 1 4.4170315617662324 4.5179768254712531
decision_type=8 8 10 8 8 10 10 10 10 8 10 10 8 8 10 8 8 8 8 10 10 1 10 10 8 10 10 1 8 8
left_child=6 2 8 -3 5 9 -1 -8 -2 -4 -5 12 -12 21 15 19 -17 -18 -19 20 -15 22 23 24 25 -14 -16 28 -28 -22
right_child=1 3 4 10 -6 -7 7 -9 -10 -11 11 -13 13 14 26 16 17 18 -20 -21 29 -23 -24 -25 -26 -27 27 -29 -30 -31
leaf_value=-0.0198059392411414 -0.0035767372187533661 -0.0034500957514371844 -0.0044948556014448599 -0.00015377649428729458 0.00019716699939998476 0.0044037620170806731 -0.020103345607911462 0.0074028132124381047 -0.00087739109233896128 0.0020482425538313632 0.0081855562886669602 -0.00025051609449296738 -0.00064486288417604321 0.0035028773710765633 -0.00015246443615940771 0.010496264096240847 -0.00028366395639330019 0.0078790715175127233 0.0018762052318246113 0.00066383485812768282 0.0017235084429361881 0.00047893943979970322 -0.0015250069659406877 -0.00029089516700181911 0.0041125355812912136 0.0031685129849554948 0.0069613480474680026 -0.00093663991830244197 0.0015349191202109899 -0.0011278624214645227
leaf_weight=3278 1489 525 48 37017 195 21 58 46 3187 21 27 6732 103 176 1112 21 20 29 60 323 20 4606 747 469 21 23 56 139 314 85
leaf_count=3278 1489 525 48 37017 195 21 58 46 3187 21 27 6732 103 176 1112 21 20 29 60 323 20 4606 747 469 21 23 56 139 314 85
internal_value=-0.000458274 -0.000226271 -0.00149264 -0.00010689 0.00236842 0.00666667 -0.00440864 0.00028846 -0.00172797 0.00297101 -8.25348e-05 0.000224424 0.000681953 0.000646323 0.00166667 0.00378746 0.00923077 0.00646789 0.00904494 0.00261589 0.00496441 0.000243758 -0.00103059 0.000519479 0.00452381 0.00214286 0.000706353 0.00256385 0.00407895 0.000238094
internal_weight=60968 57586 4961 52625 285 90 3382 104 4676 69 52100 15083 8351 8324 2355 734 130 109 89 604 281 5969 1363 616 147 126 1621 509 370 105
internal_count=60968 57586 4961 52625 285 90 3382 104 4676 69 52100 15083 8351 8324 2355 734 130 109 89 604 281 5969 1363 616 147 126 1621 509 370 105
cat_boundaries=0 1 2
cat_threshold=11305 22569
is_linear=0
shrinkage=0.05


Tree=148
num_leaves=31
num_cat=4
split_feature=17 17 0 22 7 3 17 0 6 21 16 17 20 0 0 16 20 21 21 21 20 3 13 20 13 15 16 20 13 13
split_gain=20.7939 3.93261 2.0313 1.47004 1.42788 1.26853 1.21131 1.11201 1.59253 3.37209 1.79242 1.29861 1.16171 1.09499 1.08435 1.13844 1.37784 2.54261 1.87629 1.2266 1.67459 1.1638 1.12461 1.29271 1.11173 1.06561 1.59699 1.05937 1.04005 0.963863
threshold=1.2433473899622431 2.2509826345109585 0 7.0879035308073073 154.00000000000003 1.0000000180025095e-35 2.4909604095070006 1 1.0000000180025095e-35 7.6850137757493098 0.1478240770366461 2.0680179343923668 0.14728099724828764 2 3 0.23724561631217869 0.18358392924436467 7.4630761014662355 7.3929553077427315 7.0044280632177705 0.24349755219591504 5.5000000000000009 3.1884144917545725 0.2019167180857307 2.3174615720687197 2.5021247605642496 0.14196697834662361 0.17150460953679933 1.4468497739944199 3.3050518377464333
decision_type=8 10 1 8 10 2 10 1 2 8 8 8 10 1 1 10 10 8 10 8 10 2 10 10 8 8 10 10 8 10
left_child=13 2 4 28 -2 6 25 8 11 10 -10 27 -11 -1 -7 -16 17 18 -17 20 21 22 -18 -24 -21 -3 -27 -5 -4 -19
right_child=1 5 3 7 -6 14 -8 -9 9 12 -12 -13 -14 -15 15 16 19 29 -20 24 -22 -23 23 -25 -26 26 -28 -29 -30 -31
leaf_value=-0.0050301351132489604 0.00020802142352401026 0.0016622167449980335 0.0033918596782431033 0.0085697142367248246 0.004905886156087752 0.00010264973659010105 0.00021918097514008725 -0.0035456888900079887 0.0096513837526552189 0.00023033110436166781 0.0029733060964252443 -0.00019334706973880443 -0.0059116562083716944 -0.020934717013169856 -0.00044503931553199121 0.0023592011225005496 -0.0027199428879800991 -0.0040098008658322323 0.0034705824814042887 0.0058444773801078417 -0.00024950130026585971 0.0078480903893705534 -0.0035195785757130222 0.0085402266834437579 -8.9514522376334704e-05 0.038221443247253163 0.0013964399414924536 0.0033090243694979711 -2.1374757069294999e-05 0.0034614103347929202
leaf_weight=393 832 350 57 23 26 17194 7386 2684 20 212 22 267 706 2682 22272 94 36 89 30 60 159 25 20 58 4352 25 34 172 332 111
leaf_count=393 832 350 57 23 26 17194 7386 2684 20 212 22 267 706 2682 22272 94 36 89 30 60 159 25 20 58 4352 25 34 172 332 111
internal_value=-0.000392192 -0.000178498 -0.00146927 -0.00189234 0.000760367 -4.63727e-05 0.000542013 -0.00217487 -0.00101955 -0.0021875 0.0116667 0.00138528 -0.00282135 -0.00439838 -0.000149439 -0.00034522 0.000333729 0.00348765 0.0091129 0.000116772 0.00322148 0.00723021 0.00508772 0.00846154 -9.29296e-05 0.00319071 0.00940678 0.00448718 0.00104113 -1.19209e-09
internal_weight=60723 57648 5353 4495 858 52295 7795 4106 1422 960 42 462 918 3075 44500 27306 5034 324 124 4710 298 139 114 78 4412 409 59 195 389 200
internal_count=60723 57648 5353 4495 858 52295 7795 4106 1422 960 42 462 918 3075 44500 27306 5034 324 124 4710 298 139 114 78 4412 409 59 195 389 200
cat_boundaries=0 1 2 3 4
cat_threshold=17697 66 768 17242
is_linear=0
shrinkage=0.05


Tree=149
num_leaves=31
num_cat=0
split_feature=19 10 20 22 20 4 19 16 17 22 21 22 20 17 22 21 9 22 21 20 22 21 22 5 17 20 16 12 21 22
split_gain=21.315 3.09788 1.30718 1.57182 1.18889 1.13786 2.39098 1.20288 1.15246 1.10368 1.48359 2.50248 2.53908 2.11592 1.99301 2.19045 1.67589 1.54274 5.39485 1.88221 1.71087 1.565 4.02917 1.32899 1.64748 1.26577 1.65134 1.33671 1.23901 1.1538
threshold=1.3719323805451646 2.1101948345363803 0.41599754642998393 7.1684836116924275 0.37760582121227615 7.5000000000000009 2.5278741503459679 0.073733807284678182 2.141783758450956 7.3711512530782164 7.486893503676848 7.5455931431519216 0.22042739065967856 3.1798038589302595 7.5568597874269337 7.5916093807942433 1.0000000180025095e-35 7.7416500986752217 7.713561252735313 0.093465955454494168 7.8879552508210917 7.7763252526419917 7.821313935033487 1.0000000180025095e-35 3.2077925467912709 0.2237115002022316 0.2110818363198195 3.9444897270009509 7.6603498904385932 7.6782349296283661
decision_type=8 8 10 8 10 2 8 8 10 10 8 10 10 10 10 8 2 10 8 10 10 8 10 2 10 10 10 8 10 10
left_child=2 4 -1 -4 -2 6 7 8 -3 -7 11 13 -13 -11 16 29 -12 28 23 20 -20 22 -21 24 -19 26 27 -26 -17 -16
right_child=1 5 3 -5 -6 9 -8 -9 -10 10 14 12 -14 -15 15 17 -18 18 19 21 -22 -23 -24 -25 25 -27 -28 -29 -30 -31
leaf_value=-0.017962693699008582 -0.0030196449546061616 -0.0077911033115454602 0.061782713679071261 -0.014288315010361286 0.0015303444624739835 0.00038175633941897786 -0.00017097591882794772 -0.0031584882666618984 0.0056306397789637882 0.0020628892640294971 0.0034547312953853585 0.0021623669696979901 0.0067576454895484726 -0.00062586330296924859 0.0020732319825920885 -0.00020013358191778492 -0.0020021537512412741 0.0017822944609250551 -0.0074423335181659604 5.9475945864655394e-05 0.0081703566949361522 -0.00028740413629376897 0.003604105129681354 -0.00063072751893665535 0.0069025390696484806 0.0034701704727694441 -0.0035618632349889603 0.003366182510951539 -0.0027682178193533797 0.010667763518678439
leaf_weight=3072 2262 30 31 267 221 9472 30331 1512 68 399 31 83 31 637 612 2117 1515 68 34 531 29 5715 130 48 46 35 25 75 1520 41
leaf_count=3072 2262 30 31 267 221 9472 30331 1512 68 399 31 83 31 637 612 2117 1515 68 34 531 29 5715 130 48 46 35 25 75 1520 41
internal_value=-0.000437628 -0.000211567 -0.00430267 -0.00114094 -0.00193919 -0.000133764 -0.000327323 -0.00220497 0.00316326 0.000132792 -0.000153769 0.00156522 0.00859649 0.000791505 -0.00031101 -7.52778e-05 -0.00199224 -0.000252098 0.000195961 -0.000107937 0.00849206 -0.000192912 0.00211044 0.00678451 0.00825301 0.0107459 0.00869863 0.0111157 -0.00108194 0.00273354
internal_weight=60988 57618 3370 298 2483 55135 31941 1610 98 23194 13722 1150 114 1036 12572 11026 1546 10373 6736 6439 63 6376 661 297 249 181 146 121 3637 653
internal_count=60988 57618 3370 298 2483 55135 31941 1610 98 23194 13722 1150 114 1036 12572 11026 1546 10373 6736 6439 63 6376 661 297 249 181 146 121 3637 653
is_linear=0
shrinkage=0.05


Tree=150
num_leaves=31
num_cat=3
split_feature=19 11 10 21 13 0 0 21 18 14 12 22 14 14 18 21 10 10 12 3 13 11 12 14 6 0 13 10 21 13
split_gain=20.6166 2.53662 1.52979 1.65045 1.5278 1.95385 1.23491 1.15743 1.12789 1.12028 0.991318 1.13434 1.70613 1.92998 1.08957 0.977059 1.42289 1.69581 0.956478 0.914786 2.01989 1.4192 1.14524 1.2 0.947814 1.10145 1.31408 0.911752 0.908231 1.13836
threshold=1.3719323805451646 1.9946771741822351 2.8763815484389119 7.6950756036740886 3.0468977391027221 0 1 7.6886843467073707 0.41688388630935902 2.5055176070587919 3.0657219285807118 7.9442769941788063 3.0750027876182671 2.7440554690903465 0.1491481961732358 7.4835255518698434 3.1717820198074476 4.158101222371581 2.998226044309511 1.0000000180025095e-35 2.4024201905583298 2.3655488712929413 2.3465905316554028 2.5055176070587919 1.0000000180025095e-35 2 2.2565274485401434 1.5580892133149293 7.5334262586520984 2.8361459037824157
decision_type=8 8 10 10 8 1 1 10 10 10 8 8 10 8 10 8 10 10 10 2 8 8 8 8 2 1 8 10 8 10
left_child=8 9 3 6 5 15 -3 19 -1 -2 18 14 13 -13 -12 16 -4 -18 28 20 21 22 -8 -24 25 -21 -27 -23 29 -7
right_child=1 2 4 -5 -6 10 7 -9 -10 -11 11 12 -14 -15 -16 -17 17 -19 -20 24 -22 27 23 -25 -26 26 -28 -29 -30 -31
leaf_value=-0.017107182573793758 -0.0027127819647150323 0.00092858697121275292 -0.0017621211389318024 -0.0020844967280864283 1.6851569971305533e-05 -4.6212383311454013e-05 0.0031473163362760099 0.0046859296081925277 -0.0051058284042743377 0.0033357214865546757 -0.0020518950773029429 -0.00014494414193981387 0.00079786287924391648 0.004971715649574172 0.0023530796946599291 -0.0015711726171316936 0.0051085271326199349 -0.0070862308265636446 -0.0031897498198461584 -0.00064997250279829992 -4.5744779604086427e-05 -0.0019620275943961038 0.0080918782916641844 0.00014263346317037659 -0.0012884429391178385 0.0018317079116442166 -1.1323337688798805e-05 0.0036680134405780011 -0.00022489799318237136 0.0056732663920070672
leaf_weight=3048 1809 1707 110 1982 31116 58 78 61 271 47 74 38 77 112 412 521 69 22 60 4208 2691 79 49 21 5556 262 6075 207 182 64
leaf_count=3048 1809 1707 110 1982 31116 58 78 61 271 47 74 38 77 112 412 521 69 22 60 4208 2691 79 49 21 5556 262 6075 207 182 64
internal_value=-0.000384503 -0.000164252 -0.000103864 -0.000416958 0.000114688 0.00153141 -0.00028675 -0.000400841 -0.00421663 -0.00198276 0.00286568 0.00397616 0.00689427 0.01 0.00261317 -0.000491804 0.00246269 0.00708791 0.00076923 -0.000422866 0.000359999 0.00352534 0.0075 0.0121429 -0.00057481 -0.00029635 0.000120528 0.00146853 0.00190789 0.0052459
internal_weight=61066 57747 55891 22976 32915 1799 20994 19287 3319 1856 1077 713 227 150 486 722 201 91 364 19226 3125 434 148 70 16101 10545 6337 286 304 122
internal_count=61066 57747 55891 22976 32915 1799 20994 19287 3319 1856 1077 713 227 150 486 722 201 91 364 19226 3125 434 148 70 16101 10545 6337 286 304 122
cat_boundaries=0 1 2 3
cat_threshold=10315 264 11412
is_linear=0
shrinkage=0.05


Tree=151
num_leaves=31
num_cat=3
split_feature=19 11 21 3 4 20 0 19 10 4 20 0 18 20 16 10 21 18 12 10 20 15 12 12 10 15 4 1 4 18
split_gain=19.7421 3.00012 1.53161 1.72433 1.80077 1.54927 1.52672 2.25103 1.16887 1.08758 2.04548 1.72464 1.82325 2.84498 1.91677 2 1.30988 2.54996 1.9394 1.51411 1.94078 2.58073 3.58187 1.48688 1.33741 1.11823 1.03084 1.36983 1.45958 1.84419
threshold=1.1973424675218436 2.4638441866376652 7.6950756036740886 1.0000000180025095e-35 7.5000000000000009 0.37760582121227615 0 1.825960715199596 1.8945885877146502 1.5000000000000002 0.25143458123387469 1 0.18314549297096708 0.16193163050410544 0.08137023754284288 4.3141489885596025 7.2309250788684549 0.22060641972206246 3.9787461999340556 3.7123510648765321 0.18829948893597495 4.3628846293212957 4.1149635162302234 4.9130223976967367 3.9425517400786041 5.6812087940181319 7.5000000000000009 2 3.5000000000000004 0.097779792343852492
decision_type=8 8 10 2 2 10 1 10 8 2 10 1 10 10 8 8 8 10 10 8 10 10 8 10 10 10 2 1 2 10
left_child=-1 2 3 4 -2 -5 7 -6 -3 10 11 12 14 -14 15 -10 17 18 -15 -18 21 22 -21 -20 -24 -16 27 28 29 -11
right_child=1 8 -4 5 6 -7 -8 -9 9 26 -12 -13 13 16 25 -17 19 -19 23 20 -22 -23 24 -25 -26 -27 -28 -29 -30 -31
leaf_value=-0.017146390996562112 -0.0011302776887525318 -0.0023855124435432349 -0.0034128130811138836 -0.0019400340418865133 0.0097263534150419696 0.0030173795221770335 -0.00016038848319829032 0.0031089690964346134 0.004097530236322651 0.0049996720671732914 -0.0025737163689992289 5.0109318984628172e-05 0.0075732929536722303 0.0074545786008975911 -0.00029526843517246729 0.00215994384897287 -0.002117675513334001 0.00069035163222640476 9.7841722366958341e-06 0.0013398008209528974 0.0013414471171281344 -0.0048420952852381086 0.0043249295965856983 0.0028420119249235997 0.0069168883002859553 0.0086962816863719872 8.7647405724780767e-05 7.4882935530743821e-05 -0.0011043942932221485 -1.943945555377529e-05
leaf_weight=3097 275 573 1235 2965 28 255 117 184 27 42 212 2268 29 27 840 54 145 76 28 34 461 34 21 22 22 43 21645 12074 9176 5085
leaf_count=3097 275 573 1235 2965 28 255 117 184 27 42 212 2268 29 27 840 54 145 76 28 34 461 34 21 22 22 43 21645 12074 9176 5085
internal_value=-0.000367795 -0.000160096 -0.00132339 -0.000828976 0.00162252 -0.00128882 0.00411854 0.00648649 -4.89263e-05 -2.43495e-05 0.000733363 0.000979181 0.00210091 0.00373192 0.000601659 0.00796296 0.00321839 0.0074183 0.0138312 0.00232217 0.00347902 0.00941441 0.0144805 0.008 0.0240698 -7.36139e-05 -9.28753e-05 -0.000302727 -0.000633784 4.19337e-05
internal_weight=61094 57997 5059 3824 604 3220 329 212 52938 52365 4343 4131 1863 899 964 81 870 153 77 717 572 111 77 50 43 883 48022 26377 14303 5127
internal_count=61094 57997 5059 3824 604 3220 329 212 52938 52365 4343 4131 1863 899 964 81 870 153 77 717 572 111 77 50 43 883 48022 26377 14303 5127
cat_boundaries=0 1 2 3
cat_threshold=135 50792 2
is_linear=0
shrinkage=0.05


Tree=152
num_leaves=31
num_cat=1
split_feature=19 11 20 21 17 20 4 4 1 18 10 15 10 18 18 10 20 20 3 15 15 10 19 20 19 20 12 17 15 17
split_gain=19.2212 2.1813 2.06626 1.38386 1.34847 1.33303 1.30737 2.25938 2.64716 1.95774 1.7721 1.59503 1.58653 1.32943 1.15316 1.39466 1.84692 1.15281 1.29118 1.60127 1.1216 1.70043 1.38941 1.26292 1.16365 1.96381 2.46855 1.21658 1.11395 2.7578
threshold=1.3719323805451646 1.9530024665512917 0.26574297009537695 7.829033532565842 0.97947445047639825 0.14728099724828764 7.5000000000000009 4.5000000000000009 0 0.35294744700051911 5.6901905068651129 2.7947679695351417 7.0425887464538537 0.21911234261070467 0.13248910369330341 4.5406315226282787 0.1334870210937267 0.41599754642998393 3.5000000000000004 1.0131368810475263 3.4411494780650762 3.1112881340356844 3.4782247315582269 0.20147039237462674 3.3804106313429494 0.17779998816342255 3.2902640870623023 3.2991555738808249 4.5135944882806394 4.516304471252055
decision_type=8 8 10 10 10 10 2 2 1 10 10 10 10 10 8 10 8 10 2 8 8 10 10 8 10 10 10 10 10 10
left_child=4 2 -2 6 -1 14 7 -3 9 10 11 -9 -10 28 -5 16 -16 -6 19 -19 21 -8 23 -22 27 26 -26 -23 -13 -30
right_child=1 3 -4 5 17 -7 20 8 12 -11 -12 13 -14 -15 15 -17 -18 18 -20 -21 22 24 -24 -25 25 -27 -28 -29 29 -31
leaf_value=-0.023996601706820067 -0.0031110320498223126 7.6768726286411269e-05 0.0024050732395268387 -0.00066491682043837022 -0.0070719673281785913 -0.001467839308668326 0.00023065571388517392 -0.0037884687416171979 -4.1787723459273457e-05 0.0034505319928054509 0.00064217699908526878 -0.0012834553781577629 0.0069878133702305882 -0.0025255747265628455 0.0023901510849064743 0.0028792169523363825 0.00025796951321600575 0.0075083087484397841 -0.0090237281104751862 0.004571506882427097 0.0024915576074521044 0.0015715455226212247 9.0336628568791089e-05 -0.0031377772941376977 0.0074137881612635183 0.0023807360940329386 0.0018514947159726223 -0.0012731312465177006 0.0034546342688020187 0.00032712925914577277
leaf_weight=2378 1357 17846 270 175 781 3185 6692 1643 6781 31 23 3189 26 1157 36 21 155 22 73 47 224 1112 11415 934 27 132 29 252 21 868
leaf_count=2378 1357 17846 270 175 781 3185 6692 1643 6781 31 23 3189 26 1157 36 21 155 22 73 47 224 1112 11415 934 27 132 29 252 21 868
internal_value=-0.000365506 -0.000152863 -0.00195759 -0.000100405 -0.00407604 -0.00105263 -3.5496e-05 -0.000238247 -0.000720214 -0.00140796 -0.00146428 -0.00151061 -1.98337e-05 -0.00108405 0.00171835 0.00419811 0.0028534 -0.00245396 0.00169014 0.0065942 0.000272132 0.000725375 -2.50549e-05 -0.0016753 0.00221649 0.00590425 0.01375 0.00170821 -0.000659638 0.000905511
internal_weight=60902 57601 1627 55974 3301 3572 52402 31585 13739 6932 6901 6878 6807 5235 387 212 191 923 142 69 20817 8244 12573 1158 1552 188 56 1364 4078 889
internal_count=60902 57601 1627 55974 3301 3572 52402 31585 13739 6932 6901 6878 6807 5235 387 212 191 923 142 69 20817 8244 12573 1158 1552 188 56 1364 4078 889
cat_boundaries=0 1
cat_threshold=2
is_linear=0
shrinkage=0.05


Tree=153
num_leaves=31
num_cat=5
split_feature=17 17 22 15 22 0 19 3 1 20 4 17 3 0 19 11 3 15 4 14 0 11 3 22 21 18 19 21 0 18
split_gain=18.2776 3.70858 1.38272 1.3894 1.34879 1.25622 1.46474 1.52869 1.73851 1.77103 1.26031 1.38653 1.18121 1.12492 1.31659 1.68055 1.73193 1.21348 1.89108 1.55921 1.4199 1.66391 2.07471 1.28507 2.45166 1.83978 2.86172 1.52289 1.32597 1.31079
threshold=1.085659778193685 1.9515034185280318 7.6606010360734489 1.5060664234458241 7.5491713278409565 0 1.9078085657652095 1.0000000180025095e-35 1 0.21359385934393346 8.5000000000000018 1.8664855882846567 1.0000000180025095e-35 2 2.0404405782224484 1.9946771741822351 3.5000000000000004 2.6474544130647613 9.5000000000000018 2.7440554690903465 3 2.393329031016735 4.5000000000000009 7.8562251520982747 7.8166184747281777 0.15440704864040866 3.0440208617448872 7.8676800295477261 4 0.24940260553609722
decision_type=8 10 10 8 10 1 10 2 1 10 2 8 2 1 10 10 2 8 2 10 1 8 2 10 8 10 10 10 1 10
left_child=-1 2 3 4 -2 6 7 10 9 -9 11 -5 -3 -14 15 -15 -17 18 -16 20 21 -20 -23 27 -25 26 -26 -19 29 -27
right_child=1 12 -4 5 -6 -7 -8 8 -10 -11 -12 -13 13 14 17 16 -18 23 19 -21 -22 22 -24 24 25 28 -28 -29 -30 -31
leaf_value=-0.018897368270991102 0.00060115894028046164 0.00031707109489220503 -0.0044968809931037529 -0.0077990716440497505 0.017525050945518098 -0.0048098127750028918 -0.003870691781903907 0.0071361581078408969 -0.0027050636965749802 -0.0012846608828595775 0.0096566343994813619 0.0070765036918945066 -0.00052036891180326126 0.00087773363892297291 -0.0018901549789549549 0.0042268617511613147 0.0064412135467414424 1.6783500175431545e-06 0.004558573900146818 0.0055989893166743208 -0.0002476066786457752 -0.0017423519693355134 0.0057821757820776046 0.0026959958402786666 0.0028518317134755924 0.00091697207825893595 0.0013237765385926876 -0.0034886548676508334 -0.0010300581718442809 0.0026951515885746077
leaf_weight=2622 438 8108 1095 38 30 1080 359 93 503 79 37 24 11266 94 2157 29 34 30092 24 20 566 58 29 86 26 437 364 243 1028 75
leaf_count=2622 438 8108 1095 38 30 1080 359 93 503 79 37 24 11266 94 2157 29 34 30092 24 20 566 58 29 86 26 437 364 243 1028 75
internal_value=-0.000343836 -0.000160823 -0.00167638 -0.0010649 0.00141026 -0.00158834 -0.000406825 0.000813952 -3.70382e-05 0.00430232 0.00661616 0.00225806 -5.62713e-05 -0.000153128 -1.44194e-05 0.00455414 0.010873 -3.47974e-05 -0.00102313 0.00124103 0.000834563 0.0057438 0.00304598 5.23929e-05 0.0012748 0.000906735 0.00397436 -2.88458e-05 0.000129869 0.00218391
internal_weight=61134 58512 3776 2681 468 2213 1133 774 675 172 99 62 54736 46628 35362 157 63 35205 2854 697 677 111 87 32351 2016 1930 390 30335 1540 512
internal_count=61134 58512 3776 2681 468 2213 1133 774 675 172 99 62 54736 46628 35362 157 63 35205 2854 697 677 111 87 32351 2016 1930 390 30335 1540 512
cat_boundaries=0 1 2 3 4 5
cat_threshold=17797 1 33924 2049 27136
is_linear=0
shrinkage=0.05


Tree=154
num_leaves=31
num_cat=2
split_feature=17 11 22 3 18 20 17 16 4 20 18 0 3 22 22 16 20 22 0 22 18 20 22 17 12 18 22 3 18 17
split_gain=16.7519 2.55263 1.55769 1.49511 1.17273 1.16715 1.99937 2.04546 1.8335 1.09618 1.51156 1.49097 2.28453 1.53435 1.6042 1.64681 1.45794 2.42424 1.43191 2.12817 1.36003 1.30882 1.10623 1.99975 1.92857 1.05334 1.0158 0.957586 1.15238 1.29465
threshold=1.085659778193685 2.4890560511953486 7.7654179155020984 1.0000000180025095e-35 0.23522111377738136 0.18437894897842405 2.2509826345109585 0.11053800722608796 3.5000000000000004 0.1334870210937267 0.11998766260827202 0 1.5000000000000002 7.2842197354997866 7.6330447501235712 0.086261561519081154 0.14963395780947539 7.8383419129156611 1 7.8562251520982747 0.15213475398700937 0.22093703575117724 7.0071185044739961 3.2486435641454716 3.0130778934489566 0.090109003326218615 7.6238938917445429 4.5000000000000009 0.11434487281692712 4.266521787157699
decision_type=8 8 10 2 10 8 8 10 2 10 8 1 2 8 10 10 10 10 1 10 10 10 10 10 8 10 10 2 10 10
left_child=-1 2 3 5 -5 6 7 -2 -7 18 11 12 -11 22 -15 -16 17 -17 19 -3 -20 25 -13 24 -24 -14 -9 28 29 -25
right_child=1 9 -4 4 -6 8 -8 26 -10 10 -12 13 21 14 15 16 -18 -19 20 -21 -22 -23 23 27 -26 -27 -28 -29 -30 -31
leaf_value=-0.018624979265363585 -0.00035182177545285248 -7.6610477232870369e-05 -0.0031954926719994004 -0.0017724423727534999 0.00075024944291208074 0.0024194699846257594 -0.0005546752812748757 0.0053541172746809657 -0.00071751779997827111 0.0087448556259055524 -6.4733761228982686e-05 3.7687848796039843e-05 0.0044529539448857304 -0.00055230593146480351 -0.00045231290309587739 0.0024716221181608853 0.0016420672785351115 0.0039711484983524234 -0.00245737320864218 0.0032643333889207601 0.004406429701258349 0.0059495607727688225 0.00087004997346756862 0.00045712403803073448 0.0075245858915677713 -0.003920773316043495 0.0085576826502601882 -0.0010537803124046885 -0.0014685643683167709 0.005714695532939372
leaf_weight=2630 49 744 1511 2743 681 30 107 84 379 29 48313 168 21 1261 160 33 273 27 1221 43 44 21 21 65 21 51 26 71 70 75
leaf_count=2630 49 744 1511 2743 681 30 107 84 379 29 48313 168 21 1261 160 33 273 27 1221 43 44 21 21 65 21 51 26 71 70 75
internal_value=-0.000374107 -0.000198143 -0.00121212 -0.000706271 -0.00113026 0.00144444 0.00402256 0.00757862 -0.000232275 -9.0269e-05 -4.43974e-05 0.00118927 0.00636364 0.00087583 0.00018814 0.00260649 0.00460961 0.0116667 -0.0012232 0.000457966 -0.0022549 0.00306451 0.0033503 0.00506192 0.0152381 -0.00013889 0.0113636 0.00354092 0.00523809 0.00785714
internal_weight=60972 58342 5610 4099 3424 675 266 159 409 52732 50680 2367 122 2245 1754 493 333 60 2052 787 1265 93 491 323 42 72 110 281 210 140
internal_count=60972 58342 5610 4099 3424 675 266 159 409 52732 50680 2367 122 2245 1754 493 333 60 2052 787 1265 93 491 323 42 72 110 281 210 140
cat_boundaries=0 1 2
cat_threshold=260 5225
is_linear=0
shrinkage=0.05


Tree=155
num_leaves=31
num_cat=4
split_feature=19 10 21 3 18 18 20 5 0 15 21 14 15 20 0 17 15 17 21 14 18 20 19 1 0 8 10 4 15 17
split_gain=16.6255 3.2097 0.990858 1.5166 2.43988 1.72502 1.39803 0.969211 1.44729 1.28815 2.07239 1.34922 1.28794 1.98536 2.79465 2.7242 1.83051 2.65152 1.70102 1.8077 1.41223 1.66078 1.37672 1.67571 1.58965 1.54526 2.64585 1.43804 3.07856 1.27424
threshold=1.1394101470243041 2.0731521505764063 7.6968941994045439 1.0000000180025095e-35 0.18656515087096573 0.13421397996896264 0.15558476246201519 1.0000000180025095e-35 0 2.5804970343947198 7.8073066661710877 2.0081915103761951 4.1372028905779965 0.18693743409656047 1 3.5881876046907277 3.4117806925189247 3.5028603384082597 6.6637708581706061 2.841993923664011 0.13248910369330341 0.16496058877492517 4.3985116868594849 2 3 4.5000000000000009 4.2039457932625757 2.5000000000000004 5.1230641424964292 2.279737197911007
decision_type=8 8 10 2 8 10 10 2 1 8 8 10 10 8 1 8 10 10 10 10 10 10 10 1 1 2 10 2 10 10
left_child=-1 2 3 4 5 -2 -7 8 -3 10 11 -9 13 14 15 16 18 -18 19 20 -11 -22 23 -14 27 26 -25 28 -24 -13
right_child=1 7 -4 -5 -6 6 -8 9 -10 12 -12 29 22 -15 -16 -17 17 -19 -20 -21 21 -23 24 25 -26 -27 -28 -29 -30 -31
leaf_value=-0.015107295112936004 -0.00069376933989888151 -0.001727781575718097 -0.0050324345733578305 -0.0024227115545006231 -0.003282865819914044 0.0083593856640990297 0.0052867403211774308 -0.00027310996324350102 3.4894078315085836e-05 0.00020727247527991822 -9.5806146401757874e-05 0.00033317837293604885 -0.0039111287544036635 -0.0022105292150307516 -0.001603685673199751 -0.00075963267594522069 0.016926719462313358 0.0027876159492748434 -0.0013869067383839228 0.00094116555691120649 0.0087277784848944912 0.0009486264074040732 0.0077255827439116831 0.004302890545302464 -0.0011862969468530047 0.00085991562018648306 0.0066239775472692998 0.00091045172180922529 -0.002018724722078482 0.0038567379567442648
leaf_weight=2866 64 1227 771 1462 171 27 98 46 47256 21 453 44 157 2074 960 258 21 33 78 83 21 30 20 61 1521 486 37 453 31 66
leaf_count=2866 64 1227 771 1462 171 27 98 46 47256 21 453 44 157 2074 960 258 21 33 78 83 21 30 20 61 1521 486 37 453 31 66
internal_value=-0.000340418 -0.000156817 -0.00187621 -0.0012404 0.00166667 0.00558201 0.009 -7.63942e-05 2.78329e-06 -0.000628416 0.00156814 0.00653846 -0.000839245 -0.00146549 -8.30577e-05 0.00274775 0.00614982 0.0144444 0.00422747 0.00725806 0.0130556 0.017549 -2.89238e-05 0.00181511 -0.000703705 0.00304794 0.00877551 0.00171206 0.00970588 0.00954545
internal_weight=60896 58030 2593 1822 360 189 125 55437 48483 6954 609 156 6345 3579 1505 545 287 54 233 155 72 51 2766 741 2025 584 98 504 51 110
internal_count=60896 58030 2593 1822 360 189 125 55437 48483 6954 609 156 6345 3579 1505 545 287 54 233 155 72 51 2766 741 2025 584 98 504 51 110
cat_boundaries=0 1 2 3 4
cat_threshold=128 49384 1 8737
is_linear=0
shrinkage=0.05


Tree=156
num_leaves=31
num_cat=6
split_feature=19 0 22 20 18 21 22 21 0 22 13 14 0 16 20 0 1 8 19 16 19 20 0 13 22 16 18 22 18 22
split_gain=16.385 2.1669 1.3537 1.78684 1.20087 1.19909 2.0129 1.83295 1.70107 2.02669 2.04537 1.5936 1.28015 1.47263 1.22802 1.85102 1.24536 1.26078 1.11142 1.09529 1.07305 1.05059 1.62283 1.13824 1.35846 1.12914 2.04128 1.65291 2.4652 1.49865
threshold=1.1973424675218436 0 7.0504592595030253 0.24073364466774302 0.44388055589350456 7.7347775191887687 7.7654179155020984 7.7838487994305918 1 7.8093368026043093 3.5793425944504444 4.2217108890024422 2 0.83200656777263282 0.12680550947762625 3 4 1.0000000180025095e-35 2.7994681498712319 0.14067088342130357 5.580795933134751 0.16314298002127295 5 2.4024201905583298 7.8383419129156611 0.19656600021641632 0.1502520008701477 7.3010305087821354 0.12224464770456957 7.6164412619675632
decision_type=8 1 10 8 10 10 10 10 1 10 8 8 1 8 10 1 1 2 10 8 10 10 1 8 8 8 10 8 10 8
left_child=4 2 3 18 -1 14 -7 8 9 -8 -11 -9 13 -13 15 16 -3 -18 -2 -10 -5 22 25 24 -24 26 27 28 -16 -29
right_child=1 5 -4 20 -6 6 7 11 19 10 -12 12 -14 -15 21 -17 17 -19 -20 -21 -22 -23 23 -25 -26 -27 -28 29 -30 -31
leaf_value=-0.014373751821157778 0.00016872105933997975 -0.0042012500973431502 -0.0025500798640347754 0.011725084340652378 -1.6541256585741667e-05 -0.0028003328016004522 0.0012553429944286956 -0.0015002166243714284 0.0026611572005228895 0.0065125886730778605 0.0026752944963298617 0.00099036379120194572 -0.0011038384916831807 0.0074885078323609468 0.0036187318612157515 -0.003667186225077819 0.00623559628801406 0.0025968226362116384 -0.0044016597403218668 -0.00046244242312298362 -0.0041426912191593205 -3.982156170715488e-05 0.0056140387934747295 -0.00040052629756433597 0.00047022082683020042 -0.0010372046719961669 0.0025415251448644284 -0.0017527075362818905 0.00046271343877374549 0.0013144104547030046
leaf_weight=2906 478 130 1410 38 176 1489 48 2455 145 24 30 1136 899 28 72 831 28 296 139 327 22 41893 26 2533 140 362 1122 580 148 1123
leaf_count=2906 478 130 1410 38 176 1489 48 2455 145 24 30 1136 899 28 72 831 28 296 139 327 22 41893 26 2533 140 362 1122 580 148 1123
internal_value=-0.000344399 -0.000155475 -0.00173343 9.60106e-05 -0.00389682 -9.61981e-05 -0.000730133 -0.000257267 0.00240418 0.00794643 0.0153704 -0.000595397 0.000428986 0.00151618 -1.15668e-05 -0.00153697 0.00103448 0.00271605 -0.000705026 0.0010166 0.00833333 2.92703e-05 0.00064199 -0.00027501 0.00373494 0.00136523 0.00168309 0.000694227 0.00477273 0.000167351
internal_weight=61034 57952 2087 677 3082 55865 6581 5092 574 102 54 4518 2063 1164 49284 1285 454 324 617 472 60 47999 6106 2699 166 3407 3045 1923 220 1703
internal_count=61034 57952 2087 677 3082 55865 6581 5092 574 102 54 4518 2063 1164 49284 1285 454 324 617 472 60 47999 6106 2699 166 3407 3045 1923 220 1703
cat_boundaries=0 1 2 3 4 5 6
cat_threshold=128 33024 25131 21825 4 36990
is_linear=0
shrinkage=0.05


Tree=157
num_leaves=31
num_cat=2
split_feature=17 11 21 13 18 16 0 15 12 3 16 18 10 18 13 18 12 0 21 18 18 16 21 16 18 19 6 16 12 18
split_gain=16.623 2.69807 1.21781 1.6995 1.16914 1.67024 1.21836 2.78314 2.37401 1.04061 1.37048 1.5005 1.23002 1.67047 1.21271 1.41074 2.17302 1.32493 1.53224 1.7445 2.0064 2.10228 2.20234 1.78687 1.24841 1.17048 1.57168 1.12146 2.27367 0.998029
threshold=1.085659778193685 2.0346842880759621 7.8246458109522381 0.89587973461402759 0.10026396948982759 0.1140816572104489 0 4.2289466311251118 4.7497032431000639 1.0000000180025095e-35 0.25576970435384078 0.1491481961732358 2.0346842880759621 0.48701553199783937 4.5946145443816286 0.30286776512357921 3.7340910832294019 1 7.5041161529300959 0.19333133214227269 0.22259931785299969 0.15847548689142002 7.3128869425964504 0.19444409010287347 0.1630065495790459 2.2003109637474538 1.0000000180025095e-35 0.171738806074233 4.3366367185024837 0.24556566040034877
decision_type=8 8 10 8 8 8 1 10 8 2 8 10 8 10 10 10 8 1 8 10 10 10 10 10 10 10 2 10 10 10
left_child=-1 2 3 -2 5 6 -3 -8 -9 10 11 27 13 -11 15 17 -17 18 19 23 21 -21 -23 -13 -16 -20 29 -6 -29 -27
right_child=1 4 -4 -5 9 -7 7 8 -10 12 -12 14 -14 -15 24 16 -18 -19 25 20 -22 22 -24 -25 -26 26 -28 28 -30 -31
leaf_value=-0.016219677955390709 0.012254687718680692 -0.00066966435326857785 -0.0055996841661601435 -0.0014059334567016687 -0.00056474434574858878 0.0024385969805676756 0.00039249657835663775 0.0086538972086028388 0.0010576710275052685 -0.0034326510373818594 -0.00078001833762316103 -0.00052517818067688129 -0.00013284727677643888 0.01153019310647348 0.0026782952570053847 0.0028090939402577019 0.0021900934050640259 0.00050570778757500932 0.0061930567442451566 0.0075539973967402689 0.00303822504342485 -0.002012729741728041 0.0069016236433032986 0.0031525391107591742 -0.00060249833584243148 0.0028145071619228887 -0.00080368844660943595 -0.00011199160149760633 0.0097783769721431473 -0.0031747738142865328
leaf_weight=2647 39 520 448 2088 1425 172 382 23 32 809 1219 106 45551 74 90 20 36 3274 35 25 58 26 32 36 829 460 379 100 32 45
leaf_count=2647 39 520 448 2088 1425 172 382 23 32 809 1219 106 45551 74 90 20 36 3274 35 25 58 26 32 36 829 460 379 100 32 45
internal_value=-0.000331248 -0.000155488 -0.00173787 -0.00123884 -8.24532e-05 0.00151018 0.000694879 0.00260626 0.0131818 -0.000115349 0.00040294 0.000672088 -0.000207177 -0.00205549 0.00106311 0.00139894 0.00928571 0.00130027 0.00271452 0.00595406 0.00989362 0.0148795 0.00965517 0.00204225 -0.000593037 0.00174646 0.0013914 -0.000696854 0.00371212 0.00321782
internal_weight=61012 58365 2575 2127 55790 1129 957 437 55 54661 8227 7008 46434 883 5451 4532 56 4476 1202 283 141 83 58 142 919 919 884 1557 132 505
internal_count=61012 58365 2575 2127 55790 1129 957 437 55 54661 8227 7008 46434 883 5451 4532 56 4476 1202 283 141 83 58 142 919 919 884 1557 132 505
cat_boundaries=0 1 2
cat_threshold=29842 16915
is_linear=0
shrinkage=0.05


Tree=158
num_leaves=31
num_cat=5
split_feature=17 10 21 17 3 21 4 3 3 22 14 18 9 3 0 0 17 22 0 19 17 8 8 0 22 7 21 22 1 8
split_gain=15.2695 2.93923 1.50686 1.35208 1.32593 1.58732 3.14815 1.09965 1.07295 2.07851 1.86556 1.01017 1.00167 1.77478 1.61361 1.4783 1.47062 1.31673 1.08267 2.52214 1.96599 1.25606 1.12059 1.08897 1.07896 1.15199 1.02772 1.85058 1.58336 1.80161
threshold=0.97947445047639825 2.0731521505764063 7.713561252735313 1.6859861136573693 3.5000000000000004 7.6180053372426011 7.5000000000000009 1.0000000180025095e-35 2.5000000000000004 7.0822593881946565 2.7819152571143779 0.26053812731586862 1.0000000180025095e-35 1.5000000000000002 0 1 1.9515034185280318 7.1345285928811171 2 2.0404405782224484 2.0680179343923668 4.5000000000000009 5.5000000000000009 3 7.209173515076059 2.5000000000000004 7.5916093807942433 7.5796323616643475 4 4.5000000000000009
decision_type=8 8 10 8 2 10 2 2 2 10 8 8 2 2 1 1 10 10 1 10 10 2 2 1 10 10 8 10 1 2
left_child=-1 2 3 4 5 8 -7 11 -2 10 -10 -3 13 14 17 24 -14 -9 19 20 -18 23 26 -20 25 -15 27 -21 29 -29
right_child=1 7 -4 -5 -6 6 -8 12 9 -11 -12 -13 16 15 -16 -17 18 -19 21 22 -22 -23 -24 -25 -26 -27 -28 28 -30 -31
leaf_value=-0.017462742928079256 -0.00013249054899654706 0.00037984050126390966 -0.0049951538127956047 -0.0017187361814248485 -0.002229288225855153 -0.014895818769808318 0.0091098305941101059 0.0062969526651472391 0.010392732738840038 -0.0038848931001839908 0.0015038326224490446 -0.0012684953632335094 -0.0035128359503163358 0.0014665989636511089 -0.003628165268478411 0.001255301672715931 0.0077210976948011191 -0.0015514991074134668 0.0020685971609200704 0.00048192783604152653 -0.00011531796465550078 -0.00028881927375684922 -0.00031677387146618829 -0.001730897134503198 -0.0023235441529605117 -0.0049766715134788369 -2.1942557256991983e-05 -0.0025831947817087269 0.0028332494156306496 0.0088643164726051743
leaf_weight=2404 267 7372 880 1419 298 20 34 214 23 24 24 900 562 259 544 3622 28 166 180 4645 21 12785 12345 2259 190 166 8999 23 212 52
leaf_count=2404 267 7372 880 1419 298 20 34 214 23 24 24 900 562 259 544 3622 28 166 180 4645 21 12785 12345 2259 190 166 8999 23 212 52
internal_value=-0.000304168 -0.000143766 -0.00167113 -0.000945947 0.000869564 0.00278061 0.0107407 -6.1574e-05 0.00150887 0.00697183 0.0130851 0.00047026 -0.000154638 0.000502808 -0.00148269 0.000935802 -0.000235213 0.00102564 -0.000200848 -6.64634e-06 0.0113265 -0.000536302 -2.77832e-05 -0.00157647 -0.00132 5.88223e-05 0.000279591 0.000859691 0.0047561 0.011
internal_weight=60937 58533 2989 2109 690 392 54 55544 338 71 47 8272 47272 5161 924 4237 42111 380 41549 26325 49 15224 26276 2439 615 425 13931 4932 287 75
internal_count=60937 58533 2989 2109 690 392 54 55544 338 71 47 8272 47272 5161 924 4237 42111 380 41549 26325 49 15224 26276 2439 615 425 13931 4932 287 75
cat_boundaries=0 1 2 3 4 5
cat_threshold=1089 10896 62274 4 2
is_linear=0
shrinkage=0.05


Tree=159
num_leaves=31
num_cat=1
split_feature=17 17 13 2 12 22 19 12 4 1 8 12 10 7 5 12 19 22 22 15 18 15 13 18 16 20 10 19 19 18
split_gain=15.3246 3.0869 1.70477 1.55671 1.38889 1.2779 1.97464 1.17761 1.06108 1.34108 1.25339 1.18779 1.03522 0.990004 0.987994 1.10826 1.80787 0.950414 1.03817 2.10277 2.28437 0.857389 0.846163 0.988678 1.17765 0.965218 1.27481 1.14912 1.78015 1.42444
threshold=0.97947445047639825 2.2509826345109585 2.1222436103259104 1.5000000000000002 2.5217125584596238 7.2060895108880647 1.3719323805451646 1.2382692000587421 7.5000000000000009 0 3.5000000000000004 1.5580892133149293 2.393329031016735 13.500000000000002 1.0000000180025095e-35 3.1591235665908397 2.4775397058864321 7.9962054421664908 7.8827131585094232 2.0499486540396581 0.14803186349015404 2.3261506853876872 3.0468977391027221 0.29772930221405935 0.24982971556684377 0.18776835760393193 4.4584086369496969 4.0965254309614947 3.9498206142782863 0.15440704864040866
decision_type=8 10 8 2 8 8 8 8 2 1 2 8 8 10 2 8 10 10 10 8 10 8 10 10 8 10 10 10 10 10
left_child=-1 5 3 -3 -5 6 7 -2 9 -7 13 -10 -4 -11 -14 -16 -17 18 21 -20 -21 -13 -18 25 -25 27 -27 28 -24 -30
right_child=1 2 12 4 -6 8 -8 -9 11 10 -12 17 14 -15 15 16 22 -19 19 20 -22 -23 23 24 -26 26 -28 -29 29 -31
leaf_value=-0.017762480853783135 0.004766871324807305 -0.0020694006616964141 -0.0015102691125045912 0.0043376744870948364 0.0016122568208902376 -0.0049496530029581633 -0.00039497567358734464 0.020074766502156227 -0.0036957352130326687 -0.0099914637688729262 0.00038271672325444176 -3.3610189436450161e-05 4.4937601844457633e-05 0.0028719578549925243 -0.0019201761511075501 0.0029041138658331667 0.00042110302635985374 -0.0044567919339539705 -0.0023121147249833178 0.0082418947435336076 0.0021938543371755859 -0.0035900026899504788 0.00043063738720348574 0.0031799038593225814 0.00048895741810784949 -0.0023471166106135226 0.00012280586381444689 -0.0009093134991770438 0.0059890513193802293 0.00031960485125389607
leaf_weight=2392 25 61 1202 50 40 1030 525 65 575 432 524 1992 44491 96 981 44 1477 171 94 32 37 524 577 35 230 1650 647 768 36 51
leaf_count=2392 25 61 1202 50 40 1030 525 65 575 432 524 1992 44491 96 981 44 1477 171 94 32 37 524 577 35 230 1650 647 768 36 51
internal_value=-0.000324877 -0.000164381 -4.01235e-05 0.0052649 0.00944444 -0.00122672 0.000934958 0.00777778 -0.00146813 -0.00235831 -0.00110266 -0.000927008 -5.54727e-05 -0.00282197 -2.12811e-05 -0.000597292 -0.000321851 -0.000508773 -0.00027809 0.00358896 0.0102174 -0.000528618 -0.000403035 -0.000781173 0.00216981 -0.000990883 -0.00162604 2.79318e-05 0.0015512 0.00821839
internal_weight=60854 58462 52340 151 90 6122 615 90 5507 2082 1052 3425 52189 528 50987 6496 5515 2850 2679 163 69 2516 5471 3994 265 3729 2297 1432 664 87
internal_count=60854 58462 52340 151 90 6122 615 90 5507 2082 1052 3425 52189 528 50987 6496 5515 2850 2679 163 69 2516 5471 3994 265 3729 2297 1432 664 87
cat_boundaries=0 1
cat_threshold=2
is_linear=0
shrinkage=0.05


Tree=160
num_leaves=31
num_cat=1
split_feature=17 17 16 22 3 0 7 17 4 18 17 22 16 20 18 8 10 16 4 18 17 11 3 10 16 22 10 11 22 2
split_gain=16.1268 2.16832 2.01667 2.6089 2.30889 1.78613 1.62065 1.45912 1.83825 2.1417 2.81667 1.6958 1.81934 1.41832 1.39133 1.36478 1.20217 1.11263 2.49719 3.1713 1.1043 0.905484 1.13219 1.27426 1.2595 1.77912 1.4804 1.28174 0.980397 0.950287
threshold=0.97947445047639825 1.9515034185280318 0.15646335363704211 7.709737310803578 3.5000000000000004 0 43.500000000000007 1.9095899666806975 7.5000000000000009 0.17815298222661588 1.8664855882846567 7.5455931431519216 0.23724561631217869 0.15928358963865982 0.29772930221405935 3.5000000000000004 5.3334431393934336 0.091624312347096185 9.5000000000000018 0.16245704906006089 1.2433473899622431 5.3819689126079249 4.5000000000000009 5.1419558687004043 0.096785684030065183 6.949962127663512 5.8756326429401939 6.7093041543570164 6.8477059045357782 1.5000000000000002
decision_type=8 10 10 10 2 1 10 10 2 10 10 10 10 10 10 2 10 8 2 10 8 10 2 8 10 10 8 10 8 2
left_child=-1 2 5 4 7 6 -2 8 14 10 13 15 -13 -10 -4 -11 17 18 20 -20 -7 28 24 -24 25 26 -23 -28 -3 -30
right_child=1 21 3 -5 -6 16 -8 -9 9 11 -12 12 -14 -15 -16 -17 -18 -19 19 -21 -22 22 23 -25 -26 -27 27 -29 29 -31
leaf_value=-0.016874356811093984 0.0017470663502219671 -0.0011590844280423352 -0.004247435203720752 -0.0042895259937912322 -0.0018556339072600932 0.0042112000887545844 0.0078297983745075194 -0.0030478505858594056 0.0058369147428886103 0.016564723661707439 0.0068984903240997047 0.0058737803697904659 0.0089789227813839075 0.0037377920197472834 0.0063630442335400605 -4.2618691783863264e-05 0.0031091164246017534 -0.0040741428466365007 0.011643058106269177 -0.00061391457703259902 -0.0033793276574574007 0.0061562615721143755 0.0049300707835560455 0.0011219288545920474 -0.00010664082002371347 -5.7865101536366157e-05 2.6975964239954075e-05 0.011197071961485776 -0.00028969055695407937 6.2321576265611091e-05
leaf_weight=2415 98 865 164 493 527 28 21 83 21 30 20 21 20 39 187 142 21 1777 22 21 208 22 20 681 2049 105 61 25 16989 33826
leaf_count=2415 98 865 164 493 527 28 21 83 21 30 20 21 20 39 187 142 21 1777 22 21 208 22 20 681 2049 105 61 25 16989 33826
internal_value=-0.000291882 -0.000126823 -0.00125919 8.58496e-06 0.00122009 -0.00226776 0.00352713 0.00304677 0.00385093 0.00677474 0.01375 0.00415493 0.0132927 0.00833333 0.00141026 0.00197674 -0.00260422 -0.00273833 0.000197131 0.0112791 -0.00182204 -4.51122e-05 0.000804926 0.00256063 0.00026083 0.00392019 0.00842592 0.00546512 -9.38479e-05 -6.54346e-05
internal_weight=61001 58586 3943 1747 1254 2196 119 727 644 293 80 213 41 60 351 172 2077 2056 279 43 236 54643 2963 701 2262 213 108 86 51680 50815
internal_count=61001 58586 3943 1747 1254 2196 119 727 644 293 80 213 41 60 351 172 2077 2056 279 43 236 54643 2963 701 2262 213 108 86 51680 50815
cat_boundaries=0 1
cat_threshold=17409
is_linear=0
shrinkage=0.05


Tree=161
num_leaves=31
num_cat=4
split_feature=10 11 0 4 1 22 18 0 18 13 21 13 22 22 22 13 18 0 3 22 22 21 12 2 8 12 14 13 3 22
split_gain=11.7704 2.65186 1.93949 1.11101 1.33299 4.82723 1.97372 1.9942 1.90299 2.29412 1.86693 1.50129 1.36424 1.76139 2.403 1.35713 4.20421 1.43377 1.42757 1.44986 1.33238 2.00083 1.22964 1.26752 1.21433 1.16577 1.15388 1.12659 1.11427 1.10802
threshold=1.4468497739944199 1.9946771741822351 0 9.5000000000000018 1 7.5532848675795057 0.18201577956005724 2 0.13059420011497619 2.9096258622311582 7.5722457171989133 3.2445416716933457 7.383413583983871 6.8600225336995715 6.9904878644666093 2.1916379270371573 0.14858784706998612 3 1.0000000180025095e-35 6.9957956303836344 7.5866603333635654 7.6683274085491524 3.0978349487009709 2.5000000000000004 5.5000000000000009 2.3748949377990178 2.9365093959507509 2.8931418480839728 1.5000000000000002 7.209173515076059
decision_type=8 8 1 2 1 10 10 1 10 8 8 8 8 10 10 8 10 1 2 8 10 10 10 2 2 8 10 8 2 10
left_child=2 -2 -1 25 5 15 8 20 28 -10 -9 -11 13 -6 -15 16 -5 -17 29 -20 -8 -22 -13 -24 -21 26 -3 -16 -7 -19
right_child=1 3 -4 4 12 6 7 10 9 11 -12 22 -14 14 27 17 -18 18 19 24 21 -23 23 -25 -26 -27 -28 -29 -30 -31
leaf_value=0.0001161617336868406 -0.0020824188429417688 -0.0016205694752517417 -0.011265128411457249 0.0047328429585970925 -0.0063247798976333843 0.0026511689508037905 -0.00042966990202407765 0.0035165168469183748 0.0064939812110065692 -0.00083633093786604745 -0.00069014780089288489 0.0042259823556277483 -0.0004912034332480987 0.0069151354584865744 0.0019317565705704667 -0.00035953427851366667 0.00019281532209452525 0.001552696959049169 0.0057258391583457219 -0.00042534149844941199 0.0060023226571793951 0.0027719808464795092 0.0053594037657414169 0.0096154888252350038 0.00086767100712858113 -0.0001574203882129828 0.0056019443349474363 0.00042266575498111828 -0.0010072067639526484 0.0056242751209338721
leaf_weight=331 2171 2291 2507 74 82 23 26 63 48 33 221 50 5502 79 42 2689 230 415 31 1667 50 30 46 27 1854 39868 49 265 51 127
leaf_count=331 2171 2291 2507 74 82 23 26 63 48 33 221 50 5502 79 42 2689 230 415 31 1667 50 30 46 27 1854 39868 49 265 51 127
internal_value=-0.000375932 -0.000222361 -0.00352009 -0.000155813 0.000234971 0.00066731 0.00473054 0.0024359 0.00794964 0.0104412 0.00010204 0.0075 -0.000326634 0.00226496 0.00367876 0.000284322 0.00355263 0.000137843 0.00072612 0.000363174 0.00793103 0.011875 0.0100406 0.0141781 0.000268388 -0.000282886 -0.00136752 0.00167752 0.00108108 0.00311808
internal_weight=60942 58104 2838 55933 13725 7755 668 390 278 204 284 156 5970 468 386 7087 304 6783 4094 3552 106 80 123 73 3521 42208 2340 307 74 542
internal_count=60942 58104 2838 55933 13725 7755 668 390 278 204 284 156 5970 468 386 7087 304 6783 4094 3552 106 80 123 73 3521 42208 2340 307 74 542
cat_boundaries=0 1 2 3 4
cat_threshold=768 2 12288 41413
is_linear=0
shrinkage=0.05


Tree=162
num_leaves=31
num_cat=3
split_feature=17 19 21 3 20 16 13 1 0 22 16 13 0 3 22 16 3 15 20 4 19 16 19 8 16 16 20 4 15 21
split_gain=15.5178 1.76769 1.71814 1.37143 1.84471 1.65766 1.65405 1.54116 2.02822 2.98516 1.60921 1.5061 1.6408 1.4754 2.07475 1.33304 0.927976 0.926594 1.61844 0.99095 1.72774 2.03651 1.59526 1.00676 1.47139 0.905245 0.873076 0.83083 1.80027 0.771949
threshold=0.97947445047639825 2.2480439848960039 7.3128869425964504 1.0000000180025095e-35 0.15863290857943615 0.093014923718650749 2.0081915103761951 0 1 6.9250723358807749 0.22136980823741234 1.1150072000796054 2 2.5000000000000004 7.9094006885392307 0.30536158441184891 5.5000000000000009 1.0131368810475263 0.41599754642998393 9.5000000000000018 2.0404405782224484 0.083152900679847416 1.9520488408827454 4.5000000000000009 0.18397338479741662 0.18548706787857702 0.20811715920725474 9.5000000000000018 2.0499486540396581 7.5840105595480862
decision_type=8 10 10 2 8 10 8 1 1 8 8 8 1 2 8 10 2 10 10 2 10 10 10 2 10 10 8 2 8 10
left_child=-1 2 3 4 5 -2 -7 8 9 26 16 -6 25 -11 -15 17 -10 -9 19 -19 21 -21 -23 -24 -25 -13 -5 -14 -29 -3
right_child=1 29 -4 7 11 6 -8 15 10 13 -12 12 27 14 -16 -17 -18 18 -20 20 -22 22 23 24 -26 -27 -28 28 -30 -31
leaf_value=-0.015467382549966414 -0.0015601031324574098 7.9214271039561879e-05 -0.002636245995551457 0.002775220653018278 0.017375318285660576 0.002274221559563945 0.0047426629465677781 -0.016015794521637434 0.0026284469765773416 0.00012024491748761863 -0.0052718800691126068 0.0076278014940590463 -0.0021006102377700018 0.0053228947911223325 0.010668824298636121 0.0042142366388763057 -0.0019928724502277563 -0.0026197558729485629 0.013059023735778436 0.0061303071424544386 -0.00088372289654230045 -0.0021200778531289431 -0.0019396333059960029 0.0051293105400615005 0.0011512920683230067 -0.002310795843275757 -0.00084316078692638909 0.014448760740406944 -0.0033039972981002697 -0.00028762746182022609
leaf_weight=2394 25 41933 2073 35 35 40 34 356 87 53 325 78 309 38 89 233 22 1324 24 25 276 111 24 38 50 23 136 32 50 10681
leaf_count=2394 25 41933 2073 35 35 40 34 356 87 53 325 78 309 38 89 233 22 1324 24 25 276 111 24 38 50 23 136 32 50 10681
internal_value=-0.000239776 -7.84691e-05 -0.000895712 -0.000273762 0.00186901 0.00813131 0.0118919 -0.000687001 0.00124204 0.00400277 -0.00105856 0.000692598 -2.03264e-05 0.00861111 0.0115354 -0.00130232 0.00417431 -0.00167864 -0.00123398 -0.00140152 0.00043893 0.00346774 0.00195067 0.00616071 0.00863636 0.00536036 -0.000614036 -0.00150873 0.00292683 1.38734e-05
internal_weight=60953 58559 5945 3872 626 99 74 3246 785 351 434 527 492 180 127 2461 109 2228 1872 1848 524 248 223 112 88 101 171 391 82 52614
internal_count=60953 58559 5945 3872 626 99 74 3246 785 351 434 527 492 180 127 2461 109 2228 1872 1848 524 248 223 112 88 101 171 391 82 52614
cat_boundaries=0 1 2 3
cat_threshold=1 1477 8321
is_linear=0
shrinkage=0.05


Tree=163
num_leaves=31
num_cat=3
split_feature=19 11 21 16 0 21 19 16 17 14 20 4 18 4 14 4 13 14 2 4 19 5 14 0 0 22 14 11 16 20
split_gain=15.0028 2.67078 1.37362 0.995009 1.43203 1.09556 1.02583 0.917974 1.38395 1.16997 0.891824 1.47384 0.804031 0.761498 1.27824 1.26897 1.0974 0.732867 0.707479 1.00515 1.33717 1.01253 0.78366 1.37512 1.16414 1.14169 1.13075 0.982174 1.81731 0.949743
threshold=0.99854142980386429 2.4890560511953486 7.8619196447433657 0.083152900679847416 0 7.3014850739969832 2.5983912609934676 0.12695017986424842 2.0386160064121421 2.4807225249527423 0.15399426465472238 8.5000000000000018 0.25880394993938111 3.5000000000000004 2.5989721962006249 7.5000000000000009 2.5533362411465994 2.1222436103259104 2.5000000000000004 8.5000000000000018 1.825960715199596 1.0000000180025095e-35 3.2561697533634875 1 2 7.5532848675795057 4.0046017712347277 3.7025350203600906 0.16845762785711946 0.15475571794242246
decision_type=8 8 10 10 1 8 8 10 10 10 10 2 10 2 8 2 8 8 2 2 8 2 8 1 1 10 8 10 10 8
left_child=12 2 3 -2 5 6 17 8 -6 -10 11 -9 -1 14 16 -15 -7 -5 -3 -20 -21 22 23 -22 25 26 27 -24 -29 -28
right_child=1 18 -4 4 7 13 -8 10 9 -11 -12 -13 -14 15 -16 -17 -18 -19 19 20 21 -23 24 -25 -26 -27 29 28 -30 -31
leaf_value=-0.019928575472844677 -0.0036898447210900673 -9.9972430742251936e-05 -0.0036753042799334726 0.0017759547085921742 0.0027501819838296067 0.0012393219805833557 0.0076399407189195745 -0.00011634867498338672 0.00063289210890740135 0.0037276644532590417 -0.00017659035408437924 0.0062129478751252317 -0.008942311630375465 -0.0036031766165009489 -0.00072612680348465371 -0.0004610286328490183 0.0053476367181336465 -0.00040093449625627249 -6.2187351400136087e-06 0.0064844483040102738 0.003104645721957666 -0.00063401006729202282 0.0017171042898536189 0.00034801291747373921 0.00024879871265783986 0.0041109183566923934 0.0077091676839181281 0.00014618799725655811 0.0063917552695110375 -9.8528716889811365e-05
leaf_weight=1457 414 35173 768 146 21 77 20 48 114 35 734 28 933 1203 87 1848 22 204 11838 94 351 893 69 630 3249 69 38 24 28 361
leaf_count=1457 414 35173 768 146 21 77 20 48 114 35 734 28 933 1203 87 1848 22 204 11838 94 351 893 69 630 3249 69 38 24 28 361
internal_value=-0.000280111 -0.000121703 -0.00114318 -0.000840833 -0.000628953 -0.00108792 0.00148649 0.0010606 0.00441176 0.00271812 0.000370369 0.00552631 -0.00416318 -0.00138554 0.00172043 -0.00157489 0.00560606 0.000857142 -1.01305e-05 0.000248242 0.000787116 0.000689775 0.000976342 0.00223751 0.000653985 0.00267946 0.00192308 0.00615702 0.0113462 0.000639097
internal_weight=60976 58586 5769 5001 4587 3607 370 980 170 149 810 76 2390 3237 186 3051 99 350 52817 17644 5806 5712 4819 981 3838 589 520 121 52 399
internal_count=60976 58586 5769 5001 4587 3607 370 980 170 149 810 76 2390 3237 186 3051 99 350 52817 17644 5806 5712 4819 981 3838 589 520 121 52 399
cat_boundaries=0 1 2 3
cat_threshold=1222 39520 770
is_linear=0
shrinkage=0.05


Tree=164
num_leaves=31
num_cat=3
split_feature=17 11 3 1 6 19 14 17 10 0 9 17 13 18 3 18 3 18 21 18 5 22 13 14 0 18 3 3 22 22
split_gain=12.8546 2.06731 1.20238 1.37121 1.60317 1.70015 2.03314 1.55753 1.718 1.54363 1.36885 1.62703 1.33003 1.19596 2.69154 3.36618 3.46182 1.17125 1.06149 1.13105 1.71761 1.39694 1.23372 1.23241 0.861316 0.845198 0.884199 1.15653 1.14792 1.20026
threshold=1.085659778193685 2.8931418480839728 1.0000000180025095e-35 0 1.0000000180025095e-35 2.6726803258902661 2.7245741281253104 2.5483244387791779 2.5915093710922874 1 1.0000000180025095e-35 2.3893759592693118 2.0856528016791152 0.28521776831708823 4.5000000000000009 0.30940750373250603 5.5000000000000009 0.13421397996896264 7.7456519200333256 0.19168758923558551 1.0000000180025095e-35 7.5455931431519216 1.6955735229043272 1.8000241202036604 2 0.13421397996896264 3.5000000000000004 1.5000000000000002 6.8051636299120153 7.0822593881946565
decision_type=8 8 2 1 2 8 10 10 8 1 2 10 8 10 2 10 2 10 10 10 2 10 8 10 1 10 2 2 8 8
left_child=13 2 10 25 5 6 24 8 -8 -6 -2 17 -11 -1 -15 16 -16 -12 19 20 22 -21 -19 -24 -5 -4 27 -27 -29 -30
right_child=1 -3 3 4 9 -7 7 -9 -10 12 11 -13 -14 14 15 -17 -18 18 -20 21 -22 -23 23 -25 -26 26 -28 28 29 -31
leaf_value=-0.014898554030937117 -0.0045673952989092551 -2.60693235642688e-05 -0.00584723378824328 0.00072574338844005762 -0.0046795386579710357 -0.0020686038254359384 0.0075180576595732518 0.0018180958728460821 0.0061686026293828779 0.002463539558067343 -0.0011996480568302219 -0.00011313945833887613 -0.0014516847656979616 -0.0094813872818672821 -0.0051308217289494406 -0.0049964824656208084 0.0092532824034964878 0.0092763020076997438 -0.00018112188049066794 -0.0021944992255435096 -0.0021097754814445395 0.0036704724790260039 0.00013138433951964332 0.004634666298675514 -0.00079690468640861807 -0.0013108965288620416 -0.00015820682959432502 -0.0033447950471740696 0.0030043585638289154 0.0043883751636025706
leaf_weight=1770 245 48782 81 979 1361 1295 21 85 20 159 90 764 2264 611 31 188 34 21 78 70 22 28 42 116 1027 82 319 37 61 108
leaf_count=1770 245 48782 81 979 1361 1295 21 85 20 159 90 764 2264 611 31 188 34 21 78 70 22 28 42 116 1027 82 319 37 61 108
internal_value=-0.000330724 -0.00017599 -0.000856001 -0.00110077 -0.00130426 -0.000520865 0.000347091 0.00650794 0.0145122 -0.00201374 0.000453928 0.00113322 -0.00123921 -0.00374715 -0.00222222 0.00211462 0.0119231 0.00345824 0.0046817 0.00603679 0.00818408 0.00163265 0.00980447 0.00829114 -3.98816e-05 0.00103198 0.00167216 0.00368055 0.00567961 0.00742603
internal_weight=60791 58157 9375 7899 7211 3427 2132 126 41 3784 1476 1231 2423 2634 864 253 65 467 377 299 201 98 179 158 2006 688 607 288 206 169
internal_count=60791 58157 9375 7899 7211 3427 2132 126 41 3784 1476 1231 2423 2634 864 253 65 467 377 299 201 98 179 158 2006 688 607 288 206 169
cat_boundaries=0 1 2 3
cat_threshold=1 196 2115
is_linear=0
shrinkage=0.05


Tree=165
num_leaves=31
num_cat=4
split_feature=17 10 3 22 21 19 12 10 5 15 19 0 8 3 19 22 0 12 19 10 10 0 22 0 21 17 3 14 22 19
split_gain=12.4709 1.50485 1.4466 5.05949 1.01646 1.38189 1.38498 1.21064 0.981085 1.29056 1.96934 1.44727 2.11892 1.67354 1.69899 1.72823 1.39005 1.25488 1.18462 1.15714 1.10268 1.07054 1.29646 1.00089 0.887487 1.05729 0.849116 0.837244 0.82887 1.20491
threshold=0.97947445047639825 2.0731521505764063 5.5000000000000009 8.1463259676937962 7.8369622166328723 1.5262132077423278 1.638949582658831 1.2382692000587421 1.0000000180025095e-35 4.1473757583591544 4.4109106075456959 0 4.5000000000000009 4.5000000000000009 4.1329032323687267 7.5455931431519216 1 4.4134039869337842 6.8973898855664819 4.1828129192956256 2.2137389487888997 2 7.9148106124164155 3 7.1312986703816295 5.2522737637064054 5.5000000000000009 4.4290293104806002 7.0664970724375769 2.2480439848960039
decision_type=8 8 2 10 10 8 10 10 2 10 10 1 2 2 10 8 1 8 10 10 8 1 10 1 8 10 2 10 10 10
left_child=2 4 -1 -4 5 6 7 -2 23 16 11 12 19 -14 -15 17 20 -16 21 -11 -10 22 24 28 25 -12 -17 -26 29 -3
right_child=1 8 3 -5 -6 -7 -8 -9 9 10 18 -13 13 14 15 26 -18 -19 -20 -21 -22 -23 -24 -25 27 -27 -28 -29 -30 -31
leaf_value=-0.014647735558652897 -0.0034312328908215096 0.010133721821808876 -0.0061631067757872632 0.0094318573457040297 -0.0052272024220676155 -0.0014731065401511244 0.0058862088708244997 0.0015858673814880876 0.0052757194348208398 0.0060007529944789955 0.007254891161366764 9.1839701674115593e-05 0.00017125998443569883 -0.009931847545963747 0.0050737451266868365 0.0051880663220647133 -0.0018063243318703786 -0.0035670319007361307 0.0062657388975247228 0.007953335404075064 -0.00021994713652825654 -0.00086670960100200035 0.0024473752916554766 1.3560899983222435e-05 0.0024074295941324368 0.00083445031379868098 0.0046354151079475853 -0.0018487861197362659 -0.0021608482752878892 -0.00035058104454337982
leaf_weight=2005 291 31 352 22 568 1775 54 272 22 24 23 428 178 20 20 24 2254 21 22 21 1956 1506 22 47561 115 58 25 256 643 569
leaf_count=2005 291 31 352 22 568 1775 54 272 22 24 23 428 178 20 20 24 2254 21 22 21 1956 1506 22 47561 115 58 25 256 643 569
internal_value=-0.000295071 -0.000151382 -0.00384405 -0.000989306 -0.00125 -0.000798496 0.00123987 0.000506216 -9.31032e-05 -0.000646892 0.000193629 0.00235874 0.00476676 0.00333333 0.00818182 0.0111111 -0.00119565 0.00353658 -0.000629372 0.015 -0.000221329 -0.000757577 0.00130165 -1.37296e-05 0.000752211 0.00549383 0.017449 -0.00028302 -0.00140862 -8.33345e-05
internal_weight=61138 58759 2379 374 2960 2392 617 563 55799 6995 2763 761 333 288 110 90 4232 41 2002 45 1978 1980 474 48804 452 81 49 371 1243 600
internal_count=61138 58759 2379 374 2960 2392 617 563 55799 6995 2763 761 333 288 110 90 4232 41 2002 45 1978 1980 474 48804 452 81 49 371 1243 600
cat_boundaries=0 1 2 3 4
cat_threshold=4642 59592 8752 128
is_linear=0
shrinkage=0.05


Tree=166
num_leaves=31
num_cat=4
split_feature=19 0 22 5 13 19 4 7 7 12 14 0 20 22 12 3 22 22 21 22 21 19 16 0 0 21 22 14 13 14
split_gain=12.854 1.92492 2.40171 1.64124 1.58448 1.65371 1.21621 1.15297 3.23605 1.06277 1.20822 1.72676 1.06133 1.86912 1.14241 1.04901 3.64227 1.03977 3.11604 3.42255 2.86454 1.57522 1.72876 1.99489 1.39725 1.36844 2.30485 1.48384 2.62811 1.12829
threshold=0.99854142980386429 0 7.2970029543267332 1.0000000180025095e-35 2.2565274485401434 2.5983912609934676 7.5000000000000009 12.500000000000002 67.500000000000014 4.0136762511407644 4.0046017712347277 1 0.13168923177153322 7.8992337253721931 6.1169952452434861 5.5000000000000009 8.1463259676937962 7.717604205605082 7.7303944306549814 7.7353786311527761 7.5840105595480862 2.9736796643149819 0.2010799832459246 2 3 7.6565736289552815 7.76882214267357 3.614962865446246 3.9070099585665958 3.240635401824949
decision_type=8 1 10 2 8 10 2 10 10 10 10 1 10 10 10 2 10 8 8 10 10 10 10 1 1 10 10 8 10 10
left_child=15 2 7 4 5 -3 -4 -2 -9 -5 11 -11 13 14 -6 -1 -17 20 19 24 -14 -20 -23 -24 29 27 -27 -21 -29 -19
right_child=1 3 6 9 12 -7 -8 8 -10 10 -12 -13 17 -15 -16 16 -18 18 21 25 -22 22 23 -25 -26 26 -28 28 -30 -31
leaf_value=-0.013808246680761756 -0.00029121377705113201 0.0013690458447671089 -0.0058732755299179514 -0.00090469144642359037 -0.0017050978756407654 0.010193373044400373 -0.0014371905091612814 0.009788190000497389 -0.039551228118777648 0.0019633091801248945 -0.00072138147587189885 -5.6925055473979415e-05 6.0768667044516653e-05 0.0019125552133121108 0.0072208015999049736 -0.0065814558272688124 0.0090315134725473169 0.007266244053493476 -0.00089994839056949496 0.0018220251159763029 -0.0014395683285093239 0.00060051397697686237 0.00060695350916774044 -0.0011739340632040591 -0.0043597660682105372 0.0024356949626308543 0.0050594654109332657 0.0062715818571213878 0.0020021547791337071 0.0028819591386118537
leaf_weight=2061 5393 1134 806 4176 1399 22 1263 20 23 270 1482 474 21612 32 25 340 21 36 2210 29 3775 8880 1807 2711 248 254 170 23 20 76
leaf_count=2061 5393 1134 806 4176 1399 22 1263 20 23 270 1482 474 21612 32 25 340 21 36 2210 29 3775 8880 1807 2711 248 254 170 23 20 76
internal_value=-0.000315997 -0.000167896 -0.000914838 -5.7495e-05 5.02653e-05 0.00187716 -0.00236588 -0.00036424 0.0077907 -0.000805999 7.6369e-05 0.00172043 1.49972e-06 -0.00132555 -0.0015941 -0.00388522 -0.00139889 4.76679e-05 0.000357142 0.00329439 -0.000153032 0.000196052 0.000400059 -0.000396194 -0.000416668 0.0059879 0.00490566 0.0123611 0.0182558 0.00401639
internal_weight=60792 58370 7505 50865 44463 1156 2069 5436 43 6402 2226 744 43307 1456 1424 2422 361 41851 16464 856 25387 15608 13398 4518 360 496 424 72 43 112
internal_count=60792 58370 7505 50865 44463 1156 2069 5436 43 6402 2226 744 43307 1456 1424 2422 361 41851 16464 856 25387 15608 13398 4518 360 496 424 72 43 112
cat_boundaries=0 1 2 3 4
cat_threshold=196 43536 41506 20480
is_linear=0
shrinkage=0.05


Tree=167
num_leaves=31
num_cat=3
split_feature=17 10 20 4 17 17 18 0 22 19 20 12 4 16 17 20 4 19 17 18 18 12 16 0 17 22 14 4 0 19
split_gain=13.3585 1.74942 1.36699 1.18325 1.45465 1.5623 2.85927 2.19906 1.83704 1.54864 3.8462 1.48989 2.04991 1.37586 2.36901 1.91071 1.37772 1.37453 1.74523 2.88054 1.6722 1.75212 1.27189 1.22469 1.21919 2.42459 2.8138 1.14714 1.94592 1.85876
threshold=0.97947445047639825 1.9530024665512917 0.43549546574823322 9.5000000000000018 4.2771138669526083 4.4134370990528575 0.10026396948982759 0 7.1738766047423335 4.2987280153083072 0.19850062017738795 4.392595394795749 8.5000000000000018 0.033163987312117678 5.4882827256271991 0.21646737977512179 5.5000000000000009 2.4922154901092211 2.5661552407454828 0.19445092744404294 0.10026396948982759 2.4973207021709536 0.22439293054928017 1 4.3217155170341419 7.4424803299715094 4.2870286698710576 4.5000000000000009 2 4.3078753362326685
decision_type=8 8 10 2 10 10 10 1 8 10 10 10 2 10 10 10 2 8 10 10 8 8 10 1 10 8 10 2 1 8
left_child=-1 2 -2 4 27 6 -6 11 9 10 -9 24 -13 14 15 -7 -17 18 20 -20 21 -5 -12 -15 25 26 -8 -3 29 -29
right_child=1 3 -4 17 5 13 7 8 -10 -11 22 12 -14 23 -16 16 -18 -19 19 -21 -22 -23 -24 -25 -26 -27 -28 28 -30 -31
leaf_value=-0.011975158346734922 -0.0019173978407196479 9.6464158396006963e-06 0.0088804106434089026 0.0023593593972017061 0.0059367341486227035 -0.00015973038081548073 0.0051727614526747949 0.0080372407379018535 -0.00055036519720178022 0.00084531390914900607 0.0037433090716472552 0.0040459361916744463 0.0055823275668083171 -0.0033960944931312621 0.0023880073406450774 0.0014665206960638114 0.017820713663265281 7.3360827153106089e-05 0.0011855626121871988 0.009170147054067445 0.00053234444198421878 0.058886710844724216 -0.0040810470139633964 -2.7809065228910141e-05 0.00028812117647713587 -0.0044452839082582858 0.006745399125203483 -0.0035490660593975199 -0.00044133591541839094 0.0020731296928257919
leaf_weight=2411 2199 9241 182 37 23 23 51 22 1215 391 41 130 22 330 284 23 25 12098 49 25 1475 21 43 12161 282 58 29 1387 16482 143
leaf_count=2411 2199 9241 182 37 23 23 51 22 1215 391 41 130 22 330 284 23 25 12098 49 25 1475 21 43 12161 282 58 29 1387 16482 143
internal_value=-0.000294978 -0.000144636 -0.00147207 -8.83083e-05 -0.000218838 0.000173892 0.00137191 0.00119527 0.000284552 0.00284708 0.00820755 0.0038488 0.00815789 -4.12592e-05 0.00302817 0.0111972 0.016875 0.000315577 0.00168948 0.00918919 0.00132746 0.00965517 0.00333333 -0.000128494 0.00238095 0.00623188 0.011875 -0.000437201 -0.000669555 -0.00237013
internal_weight=60903 58492 2381 56111 42406 15153 2307 2284 1712 497 106 572 152 12846 355 71 48 13705 1607 74 1533 58 84 12491 420 138 80 27253 18012 1530
internal_count=60903 58492 2381 56111 42406 15153 2307 2284 1712 497 106 572 152 12846 355 71 48 13705 1607 74 1533 58 84 12491 420 138 80 27253 18012 1530
cat_boundaries=0 1 2 3
cat_threshold=18688 3136 16576
is_linear=0
shrinkage=0.05


Tree=168
num_leaves=31
num_cat=3
split_feature=19 11 21 22 21 22 22 21 22 22 21 19 11 13 0 22 0 14 14 16 0 5 19 20 16 15 19 22 17 14
split_gain=12.1412 2.80807 1.09618 3.33297 3.45364 2.81426 2.65303 2.24536 2.31594 1.57152 1.43416 1.32573 1.28354 1.24363 1.1445 1.20182 1.12701 1.09255 1.57295 1.08588 1.28519 1.07026 1.16633 1.05804 1.05439 1.02472 1.83212 4.55219 2.48422 1.69503
threshold=0.93133848842873446 1.9530024665512917 7.5916093807942433 7.652573181639684 7.7005214989659585 7.7416500986752217 7.7353786311527761 7.829033532565842 7.821313935033487 7.8742073581156466 7.7763252526419917 4.1631560090855411 2.8063815381345165 3.1289487232602951 0 7.9350447526416268 1 3.9269111325907873 2.8875862353714372 0.22765854515599779 2 1.0000000180025095e-35 6.8973898855664819 0.43549546574823322 0.36539995063569125 3.7308987379550511 3.8250467984035246 7.7654179155020984 3.8083303435622575 3.9049978834167329
decision_type=8 8 10 10 10 10 10 10 10 10 10 8 8 8 1 10 1 8 10 10 1 2 10 10 8 8 10 8 10 10
left_child=-1 23 16 -4 6 -6 -5 8 -7 -9 17 -8 -11 -14 -15 -16 21 18 -10 25 -21 22 -3 -2 -25 26 -18 -28 29 -29
right_child=1 2 3 4 5 7 11 9 10 12 -12 -13 13 14 15 -17 19 -19 -20 20 -22 -23 -24 24 -26 -27 27 28 -30 -31
leaf_value=-0.012962701034318014 -0.0022043528024730543 0.00047477268337996594 -0.0023044663542432309 0.00083637471718725042 -0.0027479770846581529 4.5228079137306376e-05 0.0047823716962445426 -0.0022872811843754125 0.0012692039578905598 -0.0021099632737636288 0.0014770731977118096 -0.00019435378335345239 0.0023144241499482212 0.00081600207876536632 -0.0032128418518524459 0.00025960839704693188 7.3914844708695548e-07 0.0025885212182161972 0.0037227382830246286 -0.0010684485046420576 0.0004840679721919627 -0.00068156355972971889 0.0045790666179960403 0.015379319649574636 0.0020618970423094125 -0.00036520393411473514 -0.0027284056210863873 0.0035922757688279707 0.001091353094984136 0.0096534300997466408
leaf_weight=2199 2348 8027 2362 1296 1515 1616 289 1311 22 384 612 67 324 596 442 457 13653 83 43 874 7169 1177 38 24 157 13897 76 34 34 21
leaf_count=2199 2348 8027 2362 1296 1515 1616 289 1311 22 384 612 67 324 596 442 457 13653 83 43 874 7169 1177 38 24 157 13897 76 34 34 21
internal_value=-0.000283498 -0.000147419 -7.43556e-05 -0.000511867 -7.56333e-05 -0.000536801 0.00199152 -4.2446e-05 0.00114478 -0.000845192 0.00342105 0.00581461 -2.95064e-05 0.000525013 -8.36132e-05 -0.00120462 3.66655e-05 0.00783784 0.0126923 -9.0585e-05 0.000420862 0.000528533 0.000734655 -0.00177738 0.00190608 -0.000239041 6.58549e-05 0.00530303 0.0129775 0.0195455
internal_weight=61147 58948 56419 11419 9057 7405 1652 5890 2376 3514 760 356 2203 1819 1495 899 45000 148 65 35758 8043 9242 8065 2529 181 27715 13818 165 89 55
internal_count=61147 58948 56419 11419 9057 7405 1652 5890 2376 3514 760 356 2203 1819 1495 899 45000 148 65 35758 8043 9242 8065 2529 181 27715 13818 165 89 55
cat_boundaries=0 1 2 3
cat_threshold=25120 16642 208
is_linear=0
shrinkage=0.05


Tree=169
num_leaves=31
num_cat=1
split_feature=17 10 17 22 22 19 21 22 2 14 13 17 10 10 0 17 12 10 6 22 21 17 19 8 13 21 22 21 15 17
split_gain=10.6571 1.26138 1.08311 1.463 1.25781 1.04503 1.17744 1.03057 0.91599 0.780253 0.762067 1.31618 0.935876 0.769372 0.89344 1.28947 1.2191 0.740783 1.10542 0.962802 1.84403 2.27627 2.12925 1.85806 1.3707 1.00028 1.8604 1.3772 0.928784 2.78803
threshold=0.97947445047639825 2.0731521505764063 0.66334028263208344 7.6606010360734489 7.6964628549598944 2.0404405782224484 7.713561252735313 8.1049945641650982 1.5000000000000002 1.8484238118815568 2.1222436103259104 2.3123544387015813 2.6844345112494912 2.3655488712929413 0 2.17603811855711 1.2382692000587421 2.6063797390931955 1.0000000180025095e-35 7.8128118534980784 7.7619577958985593 3.0989743585780736 2.9736796643149819 5.5000000000000009 2.7757039971150994 7.738270210091982 7.7288513727501433 7.6340953976550443 3.9379134513163385 3.9906350348771094
decision_type=8 8 10 10 10 8 10 10 2 8 8 10 8 8 1 10 8 10 2 10 8 10 8 2 10 10 10 10 8 10
left_child=2 5 -1 -4 -5 6 -2 8 9 -3 11 13 -13 -10 -15 16 -16 18 -12 25 -21 22 -22 24 -24 26 -19 -28 -27 -30
right_child=1 7 3 4 -6 -7 -8 -9 10 -11 17 12 -14 14 15 -17 -18 19 -20 20 21 -23 23 -25 -26 28 27 -29 29 -31
leaf_value=-0.025700833470602216 2.6538218136010911e-05 -0.0033117278190991544 -0.0064208608460134889 0.013763533097881345 -0.00061711177768375425 -0.003164305169745875 -0.0037580273769791451 -0.0017271920752691347 0.0021811388883917092 -0.00027039989692336056 4.3196022753925024e-05 0.0038470855231910496 0.0025645200302677161 -0.0009820406169518557 0.0076336530358757622 0.0083540367627853145 -0.00021637589771264683 8.4420631503435815e-05 -0.00080953201680295645 0.0036847612690922363 -0.001377715549714179 0.00019486501399793295 0.0058166143719814304 0.00032809559191111445 0.0043362588781704035 -0.0035620029135335026 0.0049550239826062423 0.0018449407792851102 0.0041074938229383271 -0.00086782447198267831
leaf_weight=1200 1594 230 905 24 246 697 698 441 237 18181 7807 23 30 313 38 21 229 19854 4596 96 72 1656 33 32 34 631 45 403 48 603
leaf_count=1200 1594 230 905 24 246 697 698 441 237 18181 7807 23 30 313 38 21 229 19854 4596 96 72 1656 33 32 34 631 45 403 48 603
internal_value=-0.000284922 -0.00015194 -0.00356842 -0.00248936 0.00074074 -0.00115256 -0.000636999 -9.8199e-05 -7.89695e-05 -0.000366901 6.50786e-05 0.00150954 0.00915094 0.00102625 7.4874e-05 0.00204698 0.00117977 2.92386e-05 -0.0002834 0.000194196 0.00126625 0.000911329 0.00640351 0.0111616 0.0158955 9.8683e-05 0.000184217 0.00337053 -0.00125585 6.91232e-05
internal_weight=61017 58642 2375 1175 270 2989 2292 55653 55212 18411 36801 891 53 838 601 288 267 35910 12403 23507 1923 1827 171 99 67 21584 20302 448 1282 651
internal_count=61017 58642 2375 1175 270 2989 2292 55653 55212 18411 36801 891 53 838 601 288 267 35910 12403 23507 1923 1827 171 99 67 21584 20302 448 1282 651
cat_boundaries=0 1
cat_threshold=134
is_linear=0
shrinkage=0.05


Tree=170
num_leaves=31
num_cat=4
split_feature=17 3 17 1 4 16 17 8 18 3 21 0 18 21 5 21 0 22 21 4 0 17 18 18 20 22 10 16 4 10
split_gain=10.8978 1.54396 2.43933 1.62457 1.7856 1.65589 1.51283 1.34006 1.25298 2.59705 1.66469 1.23401 2.18115 1.44726 1.21187 1.17312 1.80277 1.52153 2.48203 1.32622 1.68112 1.34484 2.64193 1.24769 2.01489 1.48438 1.57273 1.46944 1.24268 2.11091
threshold=0.93207400194416079 1.0000000180025095e-35 2.4712202941712307 0 8.5000000000000018 0.38548845472946741 3.8083303435622575 2.5000000000000004 0.26428525681267145 5.5000000000000009 7.8242459708669569 1 0.15554438812437851 7.7763252526419917 1.0000000180025095e-35 7.7763252526419917 2 7.6238938917445429 7.6950756036740886 9.5000000000000018 3 3.6849472732150619 0.19445092744404294 0.17134596565543411 0.15475571794242246 7.6744606843420984 1.7664051342320239 0.21545584948502569 9.5000000000000018 3.3928277196600067
decision_type=8 2 10 1 2 10 8 2 10 2 10 1 10 10 2 10 1 8 8 2 1 10 10 10 10 10 10 10 2 10
left_child=8 6 3 -3 5 11 15 -6 -1 -10 -11 12 13 -5 -4 16 -2 -18 28 20 23 -21 -23 24 -20 26 -26 -25 29 -19
right_child=1 2 14 4 7 -7 -8 -9 9 10 -12 -13 -14 -15 -16 -17 17 18 19 21 -22 22 -24 27 25 -27 -28 -29 -30 -31
leaf_value=-0.01840105585629126 -6.2568811573534221e-05 0.00018516468574779167 -2.0308601346852979e-05 0.00028944159475539363 -0.015079377272292548 0.0056738915475583792 -0.00014849110857761841 -0.00011983351097192669 -0.0079077450651925847 0.0023000111706777552 0.0094010297620581666 -0.0043168356087337203 -0.0032943309780497582 0.0028584549750202515 -0.00068428086175625728 -0.00069953335464013173 0.00047693550014661005 0.0065351958081485409 -0.00059752282313240703 0.0039606975386195986 -0.00025581422609768776 0.0024791671615725405 0.0085588494765267125 -0.00081557229758406251 0.0068884202687710602 0.0004917796636091208 0.0055739532070326944 0.0011565174717317335 0.0018916107313546552 0.0049590645611461738
leaf_weight=1339 1303 1434 37448 301 192 184 4242 2194 665 110 20 2358 387 50 5466 560 1302 54 50 318 497 29 26 144 27 34 51 96 53 34
leaf_count=1339 1303 1434 37448 301 192 184 4242 2194 665 110 20 2358 387 50 5466 560 1302 54 50 318 497 29 26 144 27 34 51 96 53 34
internal_value=-0.000295074 -0.000167761 -0.000275324 -0.0011338 -0.0015143 -0.00227134 0.000442176 -0.000473597 -0.00380506 -0.00223271 0.00423077 -0.00254522 -0.000721926 0.00212251 -0.000133291 0.00107252 0.00137133 0.00210092 0.00324487 0.00254717 0.00150723 0.00505362 0.0122727 0.00385922 0.00734568 0.0110714 0.0148718 0.00166667 0.00953901 0.0131818
internal_weight=60968 58834 50014 7100 5666 3280 8820 2386 2134 795 130 3096 738 351 42914 4578 4018 2715 1413 1272 899 373 55 402 162 112 78 240 141 88
internal_count=60968 58834 50014 7100 5666 3280 8820 2386 2134 795 130 3096 738 351 42914 4578 4018 2715 1413 1272 899 373 55 402 162 112 78 240 141 88
cat_boundaries=0 1 2 3 4
cat_threshold=1 43 1345 32788
is_linear=0
shrinkage=0.05


Tree=171
num_leaves=31
num_cat=4
split_feature=19 3 17 4 16 0 0 20 4 0 20 0 18 3 20 19 17 20 16 11 12 13 17 18 11 3 13 17 16 16
split_gain=11.1078 1.43952 1.62229 1.88995 1.41441 1.24511 1.14515 1.14455 1.12685 1.05665 0.985558 0.974243 0.967132 2.42025 1.56957 0.910359 1.55581 1.40575 1.2298 1.89928 1.14966 1.03339 0.98089 1.069 0.853789 1.06509 1.40833 0.846261 1.42788 0.811021
threshold=0.99854142980386429 1.0000000180025095e-35 2.4712202941712307 7.5000000000000009 0.25771625655043956 0 1 0.43549546574823322 4.5000000000000009 2 0.13848967628942307 3 0.27867358657057523 4.5000000000000009 0.26738497684723445 2.2253213959404081 2.3893759592693118 0.1334870210937267 0.16770332948239139 2.4638441866376652 2.3174615720687197 2.0081915103761951 1.163641880210937 0.25692531750634323 0.50031594015395309 5.5000000000000009 0.89587973461402759 2.0680179343923668 0.11507260580265445 0.11690461389193145
decision_type=8 2 10 2 8 1 1 10 2 1 10 1 10 2 10 10 10 8 10 8 10 10 8 10 10 2 8 10 10 10
left_child=12 4 3 6 10 7 8 -6 -3 15 27 -12 -1 -14 -15 17 18 -5 -17 -20 -21 -18 23 -19 -16 -26 -27 28 -2 -11
right_child=1 2 -4 9 5 -7 -8 -9 -10 29 11 -13 13 14 24 16 21 22 19 20 -22 -23 -24 -25 25 26 -28 -29 -30 -31
leaf_value=-0.014309894429394766 -0.0016147823191291152 0.0021185822859668903 -5.3010975679378757e-05 0.0032261770556225216 -1.0122190813857874e-05 -0.0027856202796609063 -0.0041954079711938068 0.0050906052790792864 -0.0029881061373449734 -0.002155302257682728 0.0014132056443517931 0.00028119277863989224 -0.007159782157706341 0.012010947775503007 -0.0051934019295908421 0.0024578540976638781 0.0030218037341479369 0.0057123674634427558 0.0068545150005067312 -0.0017518123715100226 0.0041597265460897098 -0.0012751196338239613 -0.00028134796233057296 0.00077724787275420908 -0.0041605726681195124 0.0099335207061437194 0.0077704763791185379 -0.00098050994700048439 0.0019599363720518275 -0.00020924893206517018
leaf_weight=1601 22 364 42833 23 640 635 1297 35 1053 801 2377 4883 557 23 109 121 34 23 26 28 21 111 1147 41 44 24 30 312 26 1789
leaf_count=1601 22 364 42833 23 640 635 1297 35 1053 801 2377 4883 557 23 109 121 34 23 26 28 21 111 1147 41 44 24 30 312 26 1789
internal_value=-0.000233493 -9.73717e-05 -0.000202367 -0.000915105 0.000487121 -0.00103054 -0.00194178 0.000474451 -0.00093553 -0.0002461 0.00074803 0.000874654 -0.00357622 -0.00214104 0.00217391 0.000772869 0.00306451 0.000145866 0.00596939 0.011 0.00520408 -0.00086207 -8.67064e-05 0.0059375 0.0007971 0.00418367 0.00888889 -0.00180556 0.004375 -0.000865386
internal_weight=61030 58642 49712 6879 8930 1310 2714 675 1417 4165 7620 7260 2388 787 230 1575 341 1234 196 75 49 145 1211 64 207 98 54 360 48 2590
internal_count=61030 58642 49712 6879 8930 1310 2714 675 1417 4165 7620 7260 2388 787 230 1575 341 1234 196 75 49 145 1211 64 207 98 54 360 48 2590
cat_boundaries=0 1 2 3 4
cat_threshold=27157 1891 19289 4534
is_linear=0
shrinkage=0.05


Tree=172
num_leaves=31
num_cat=3
split_feature=17 11 18 3 11 19 3 10 20 18 19 14 4 2 20 0 3 10 20 10 0 15 10 10 14 4 22 0 20 16
split_gain=9.69789 1.57062 1.25197 2.78864 1.19382 1.44304 1.04264 1.38306 1.14035 1.28271 2.40632 1.06607 0.969042 1.73365 1.68364 1.46657 1.59895 1.59796 1.80319 1.2931 1.28037 1.95904 1.89407 1.26451 1.06389 1.05886 1.30988 1.47956 1.18573 1.26463
threshold=0.84960189335342784 2.0346842880759621 0.25494137523073096 5.5000000000000009 0.50031594015395309 0.7314894522355665 1.0000000180025095e-35 1.4468497739944199 0.18398938479031626 0.15440704864040866 1.9078085657652095 2.6210322124986196 8.5000000000000018 1.5000000000000002 0.2558916165358352 0 4.5000000000000009 4.3247944697202341 0.39471388743317015 5.5128237041180936 1 2.0866176628412769 2.0731521505764063 7.0425887464538537 1.4701097818118665 4.5000000000000009 7.6200751214569946 2 0.14141919676553347 0.077678328505804153
decision_type=8 8 10 2 10 10 2 8 8 10 10 10 2 2 8 1 2 10 10 10 1 8 8 10 8 2 10 1 8 8
left_child=2 6 -1 -4 -5 -6 7 -2 9 -9 -11 -8 23 -14 20 16 -16 -18 19 -19 21 22 -15 25 -22 -3 27 28 -27 -30
right_child=1 12 3 4 5 -7 11 8 -10 10 -12 -13 13 14 15 -17 17 18 -20 -21 24 -23 -24 -25 -26 26 -28 -29 29 -31
leaf_value=-0.020647535743138469 -0.0051754876776469623 8.1485611259408958e-05 -0.010448677945304644 -7.1024764341364943e-05 0.009778664040063079 0.0040038203645453426 -0.0016052565535454527 0.002751781998846885 5.8706745478899623e-05 0.012551886868777075 0.001292807970647007 0.00730648717678047 -0.00029693160586469729 4.2861127167614108e-05 -0.00046597505865917456 -0.0014695523642392801 0.00083489199259063765 0.0065051669867964811 0.0043161939135158102 -0.0037128525593094486 0.0063491004508707642 0.00099813295631714883 0.0069717216496596873 0.0057288779666406393 0.00027287584217878901 -0.004023156479013008 0.00010016828958285915 -0.0014715079245572215 0.0019051067222237929 -0.00010901585428037952
leaf_weight=1220 173 17851 570 58 31 24 2607 80 194 24 27 32 6274 63 723 1188 183 58 23 29 21 3857 68 63 6248 211 6474 7019 210 5265
leaf_count=1220 173 17851 570 58 31 24 2607 80 194 24 27 32 6274 63 723 1188 183 58 23 29 21 3857 68 63 6248 211 6474 7019 210 5265
internal_value=-0.000199449 -8.60692e-05 -0.00371256 -0.00199854 0.00517699 0.0104545 -0.00117469 0.000923694 0.00284615 0.00645038 0.0126471 -0.00157067 -2.48991e-05 0.000268213 0.0006095 -0.000644284 0.000750486 0.00387372 0.00863636 0.00534483 0.000878911 0.00157829 0.00759542 -0.000172945 0.0004308 -0.000184986 -0.000442934 -0.0007379 -0.000136939 4.56502e-06
internal_weight=60868 58965 1903 683 113 55 3137 498 325 131 51 2639 55828 18735 12461 2204 1016 293 110 87 10257 3988 131 37093 6269 37030 19179 12705 5686 5475
internal_count=60868 58965 1903 683 113 55 3137 498 325 131 51 2639 55828 18735 12461 2204 1016 293 110 87 10257 3988 131 37093 6269 37030 19179 12705 5686 5475
cat_boundaries=0 1 2 3
cat_threshold=6449 2923 19738
is_linear=0
shrinkage=0.05


Tree=173
num_leaves=31
num_cat=1
split_feature=19 10 4 5 21 2 4 19 18 16 19 0 4 18 16 16 14 14 16 3 21 17 8 17 4 21 16 18 17 3
split_gain=10.3327 1.50955 1.17977 1.08384 1.37771 1.03653 1.35956 1.55422 1.77377 1.00336 1.0263 0.98777 0.96619 0.928476 1.25405 0.915881 1.75412 1.04558 0.913043 0.873123 0.85894 0.834578 0.943996 1.29549 0.993813 1.65873 0.836275 1.41003 0.828066 1.04478
threshold=0.93133848842873446 2.0731521505764063 8.5000000000000018 1.0000000180025095e-35 7.6918850812030071 2.5000000000000004 9.5000000000000018 2.0404405782224484 0.16687209360626734 0.14196697834662361 2.0404405782224484 0 3.5000000000000004 0.11574935278260212 0.071227776272452081 0.83200656777263282 4.263383606925256 5.0909855994417521 0.19011846772953064 4.5000000000000009 7.713561252735313 1.085659778193685 6.5000000000000009 1.6859861136573693 7.5000000000000009 6.8029500104663247 0.17046032594912675 0.1860939747411606 0.57204744202512514 5.5000000000000009
decision_type=8 8 2 2 8 2 2 8 8 10 10 1 2 8 10 10 8 8 10 2 10 10 2 10 2 10 10 10 10 2
left_child=28 2 9 5 -5 15 12 8 -8 -2 20 13 -7 14 -6 -3 -17 -18 -10 -16 21 -11 24 -24 -23 26 -26 -28 -1 -30
right_child=1 3 -4 4 11 6 7 -9 18 10 -12 -13 -14 -15 19 16 17 -19 -20 -21 -22 22 23 -25 25 -27 27 -29 29 -31
leaf_value=-0.027261251779285168 -0.003777854652838523 -0.00010202367501746942 3.4404066438017622e-06 0.00013730930874875202 -0.0080211217622185582 0.00067961219436129183 0.0071636328483780341 0.00079705283426561788 -0.0024442977896058917 -0.005525543911467784 -0.0038627021822374937 -0.00062810123163178227 -0.00011849920846447489 -0.0026225769282965869 0.00039020350574251611 -0.0057844457516708541 0.010014390721906961 0.008085498601173793 0.0047453462856083721 0.0024399186239164638 -0.0051658576135414254 -0.00090664093836468848 0.0054134017421402642 -0.00024122997222250574 -0.0047177441524102089 0.004174189628442319 0.0048148764273548356 -0.0022219848447130328 -0.0062793599469188185 0.00077958165467670662
leaf_weight=987 710 32211 1257 2500 29 3508 22 3686 21 171 262 3185 8878 1238 23 103 45 99 48 22 185 380 35 44 47 35 23 31 1011 183
leaf_count=987 710 32211 1257 2500 29 3508 22 3686 21 171 262 3185 8878 1238 23 103 45 99 48 22 185 380 35 44 47 35 23 31 1011 183
internal_value=-0.000245086 -0.000119733 -0.00117925 -5.91547e-05 -0.00064099 2.45767e-05 0.000351728 0.00118215 0.00763736 -0.00195788 -0.00108409 -0.00116411 9.84971e-05 -0.00231468 0.00310811 -0.000138334 0.00289474 0.00645833 0.00369565 0.00833333 -0.000320716 0.000417753 0.00130252 0.0063924 0.000523255 0.00419118 0.000940593 0.00518518 -0.00362449 -0.00273869
internal_weight=60979 58798 3180 55618 6997 48621 16163 3777 91 1923 1213 4497 12386 1312 74 32458 247 144 69 45 951 766 595 79 516 136 101 54 2181 1194
internal_count=60979 58798 3180 55618 6997 48621 16163 3777 91 1923 1213 4497 12386 1312 74 32458 247 144 69 45 951 766 595 79 516 136 101 54 2181 1194
cat_boundaries=0 1
cat_threshold=7428
is_linear=0
shrinkage=0.05


Tree=174
num_leaves=31
num_cat=6
split_feature=17 12 22 20 20 20 20 18 0 0 22 10 1 22 18 0 22 21 22 18 6 12 20 11 0 17 12 21 22 0
split_gain=10.6322 1.50088 0.973786 0.967324 1.18548 0.864039 1.2964 1.19506 3.47045 1.13254 1.80929 1.60725 1.07313 1.13875 1.06133 1.90882 2.00127 3.27085 2.13909 1.24006 3.96323 2.18412 1.44423 1.35893 1.13927 1.05145 1.01937 0.876239 3.25765 3.6714
threshold=0.84960189335342784 1.9946771741822351 8.1463259676937962 0.43549546574823322 0.50374338890686676 0.16769247503786797 0.17201293932993555 0.10289115423334889 0 1 7.894228617244706 4.4914412637342096 2 7.7031620672916246 0.13421397996896264 3 7.5455931431519216 7.6918850812030071 7.5981708063727007 0.16687209360626734 1.0000000180025095e-35 4.5986488423568286 0.16193163050410544 2.7694539157329841 4 4.9932779339093747 2.1101948345363803 7.3527615103795085 7.3447932028912124 5
decision_type=8 8 10 10 10 8 10 8 1 1 10 10 1 10 10 1 8 8 10 10 2 8 10 10 1 10 8 8 10 1
left_child=-1 3 5 -2 -5 14 9 8 -8 10 11 12 13 -7 24 16 -16 18 -18 -19 21 -21 -22 -24 25 -3 -26 28 -9 -30
right_child=1 2 -4 4 -6 6 7 27 -10 -11 -12 -13 -14 -15 15 -17 17 19 -20 20 22 -23 23 -25 26 -27 -28 -29 29 -31
leaf_value=-0.013517687858116717 -0.0013676624101200503 0.00083478765618453295 -0.0025787399359870062 0.014371609102713751 -0.0007706997088943252 0.0067197015885453477 0.0062555484392787537 5.9433443533865571e-05 -0.00033702624491520512 -0.0018271668980366124 0.0077597369830851581 0.0030924827356984185 -0.0024704573642053396 -0.0056109114188976133 -0.0003908112691850709 0.00026710958656113849 0.0047125118972292188 0.0011901501725583325 0.0065868303108513986 0.0085003197315385286 -0.0038723758657248871 0.0039957618920942349 -0.0013144409728336741 0.0062953424498677071 0.0029946481657617749 0.0029348376308186803 -0.00073538145255795672 -0.00014716093745853893 0.0046540831837385659 0.00064153729755140536
leaf_weight=1909 2664 955 333 62 124 107 118 8738 296 1603 24 153 563 36 272 5633 35 413 41 46 57 27 33 25 36 20 2582 33368 115 595
leaf_count=1909 2664 955 333 62 124 107 118 8738 296 1603 24 153 563 36 272 5633 35 413 41 46 57 27 33 25 36 20 2582 33368 115 595
internal_value=-0.00022736 -0.000108678 -5.19363e-05 -0.00122807 0.00225806 -3.58746e-05 -0.000128621 -6.4771e-05 0.00260869 -0.00123894 0.000207166 -0.000168802 -0.00117564 0.00269231 0.000380834 0.000758127 0.00282065 0.00430576 0.0140789 0.00306988 0.00643617 0.0155479 0.000652173 0.0062069 -0.000310327 0.00114213 -0.00085236 -9.06215e-05 0.000334461 0.00359155
internal_weight=60983 59074 56224 2850 186 55891 45716 43230 414 2486 883 859 706 143 10175 6582 949 677 76 601 188 73 115 58 3593 975 2618 42816 9448 710
internal_count=60983 59074 56224 2850 186 55891 45716 43230 414 2486 883 859 706 143 10175 6582 949 677 76 601 188 73 115 58 3593 975 2618 42816 9448 710
cat_boundaries=0 1 2 3 4 5 6
cat_threshold=10656 4585 1 2096 33820 5120
is_linear=0
shrinkage=0.05


Tree=175
num_leaves=31
num_cat=2
split_feature=19 10 3 18 18 18 20 3 20 1 21 3 21 17 18 21 21 13 16 3 4 12 16 1 19 18 19 10 20 20
split_gain=8.91952 1.52949 1.21416 2.53168 1.18688 1.13549 1.08798 1.24713 1.15222 1.1329 1.00124 0.977709 1.43462 1.16064 1.16365 1.00165 0.929294 1.09841 1.02227 1.20134 0.920637 1.02539 1.20604 1.1361 1.77466 1.91386 1.08074 0.912912 1.34167 0.878347
threshold=0.84284383274061991 2.0731521505764063 5.5000000000000009 0.27867358657057523 0.30286776512357921 0.38078518602177597 0.22629573399627537 1.0000000180025095e-35 0.16255081713942018 0 7.8676800295477261 4.5000000000000009 7.8040473435334432 1.2433473899622431 0.26053812731586862 7.1697347800601152 7.6180053372426011 2.287458571408536 0.14130453455772127 1.0000000180025095e-35 6.5000000000000009 3.1717820198074476 0.13642859347233316 1 4.0650003306297053 0.19389451279843228 3.7904663329770987 4.4121918651280314 0.18082789662103546 0.15988533686105186
decision_type=8 8 2 10 10 10 10 2 8 1 8 2 10 10 10 10 10 10 8 2 2 10 10 1 10 10 10 10 10 10
left_child=2 6 -1 -4 -5 -6 7 8 9 -2 -11 15 -13 14 -14 -8 -3 18 20 -20 -18 29 23 -23 25 26 -25 -26 -29 -22
right_child=1 16 3 4 5 -7 11 -9 -10 10 -12 12 13 -15 -16 -17 17 -19 19 -21 21 22 -24 24 27 -27 -28 28 -30 -31
leaf_value=-0.014040793165064134 -0.0040486153575159389 7.3186865696604612e-05 -0.012710688592414055 0.0091026771855170739 -0.0072377685486719528 0.0089534340419874705 0.00049405625521314227 -0.0026089825725607134 -0.0010793654204612933 0.0060471745732067822 0.0011418819299845086 0.00017264223639376977 0.021379644600295879 -0.0057926663581649484 0.0081946104219913635 -0.004348784747100265 -0.0024617613639912601 -0.00061612212347527187 0.0015545448617897036 -0.00071854132753400952 0.0015863977656323646 -0.0021222990011051813 0.0086534976082139042 0.0048890315175143398 -0.0066568458053534426 -0.000747116204863218 0.0074009556721296998 -0.0024621071641773612 0.0013352289005966762 -0.00066235802014222311
leaf_weight=1633 27 45734 205 28 43 30 439 1624 247 43 76 322 22 22 53 449 128 7029 319 1575 184 93 36 58 41 23 26 41 28 350
leaf_count=1633 27 45734 205 28 43 30 439 1624 247 43 76 322 22 22 53 449 128 7029 319 1575 184 93 36 58 41 23 26 41 28 350
internal_value=-0.000141808 -3.21258e-05 -0.0034786 -0.000588236 0.00589109 0.00253425 -0.00107401 -0.00180218 0.00072519 0.00424657 0.00634454 4.9731e-05 0.00204057 0.00737113 0.0103333 -0.000889641 3.00895e-05 -0.000408319 0.000410061 -0.000274552 0.00169643 0.00227273 0.00439306 0.0033871 0.00536866 0.00995327 0.0134524 0.00090909 0.00442029 0.000898875
internal_weight=60928 58989 1939 306 101 73 3324 2017 393 146 119 1307 419 97 75 888 55665 9931 2902 1894 1008 880 346 310 217 107 84 110 69 534
internal_count=60928 58989 1939 306 101 73 3324 2017 393 146 119 1307 419 97 75 888 55665 9931 2902 1894 1008 880 346 310 217 107 84 110 69 534
cat_boundaries=0 1 2
cat_threshold=4 1
is_linear=0
shrinkage=0.05


Tree=176
num_leaves=31
num_cat=5
split_feature=17 11 18 0 22 1 12 18 13 19 10 10 0 0 19 15 3 22 11 22 14 19 22 17 15 0 18 14 11 12
split_gain=8.0189 2.3934 1.00135 1.63604 1.31065 1.1763 1.6739 1.07548 1.68495 1.06835 1.55104 0.973471 0.944356 0.884046 1.02947 0.988444 0.902664 0.841415 0.894777 0.83494 0.834767 0.785455 0.729167 0.68552 0.662282 0.913249 1.10304 1.198 0.854398 0.787712
threshold=0.66334028263208344 2.0731521505764063 0.075026567186903079 0 7.9024391682957491 1 3.2168718141694317 0.10026396948982759 1.9530024665512917 4.4866430376791087 6.5731213125784222 2.2460007439412273 2 3 3.1725542488414775 3.3052338593473496 3.5000000000000004 7.6705299098168345 3.2827873905969294 7.2891989357453655 2.7047057070268123 2.5983912609934676 7.5759050247173869 3.7976635993937076 2.0499486540396581 4 0.58853041335788392 2.1575426144600005 1.9530024665512917 2.3748949377990178
decision_type=8 8 10 1 10 1 10 10 10 10 8 8 1 1 10 10 2 10 10 10 10 10 10 8 8 1 10 8 10 10
left_child=-1 20 3 -3 5 9 -7 8 11 10 -5 -4 -10 16 -15 -16 22 18 -12 21 24 -14 -13 -18 25 26 27 -2 -29 -26
right_child=1 2 7 4 -6 6 -8 -9 12 -11 17 13 19 14 15 -17 23 -19 -20 -21 -22 -23 -24 -25 29 -27 -28 28 -30 -31
leaf_value=-0.019563377221739609 -0.00083270690793015153 -0.012158201029894768 0.0068177748704548388 -0.010707034387863551 0.0067640071120889742 -0.0050624814403408243 0.0055200615660565052 -5.0606688230104847e-05 -0.0010156528047720412 -0.0013177850345505969 0.0089179954510177333 0.0064126577961044129 -0.0026901828544031942 -0.0016049614229428995 0.00093126731622668367 6.0009995186612074e-05 -0.0012898266550459725 -0.0072800155190994907 -0.0011021242070313375 -0.00015234998482350042 0.0070794627721186823 0.0034696868416365643 0.0047071022196388274 0.0044511117681621647 -0.0034186418197927025 -0.0013632536743830828 -0.0034791971998021295 0.0058728687886764122 0.0033338113786728616 0.00091550402109880481
leaf_weight=1167 26 374 34 36 20 324 28 53987 285 114 98 28 25 69 21 74 36 21 23 203 29 110 20 23 440 3204 54 20 23 32
leaf_count=1167 26 374 34 36 20 324 28 53987 285 114 98 28 25 69 21 74 36 21 23 203 29 110 20 23 440 3204 54 20 23 32
internal_value=-0.000252512 -0.00017238 -8.963e-05 -0.00162813 -0.000103859 -0.000496896 -0.00244318 -6.05493e-05 0.00162715 0.00184931 0.00426966 0.00467213 0.000136435 0.00367159 0.00103448 0.00447368 0.00696581 0.00661972 0.00822314 0.00189655 -0.00138192 0.005 0.0127083 0.00347458 -0.00144643 -0.00119778 0.00289474 0.00731884 0.0124419 -0.00319915
internal_weight=60948 59781 55953 1038 664 644 352 54915 928 292 178 305 623 271 164 95 107 142 121 338 3828 135 48 59 3799 3327 123 69 43 472
internal_count=60948 59781 55953 1038 664 644 352 54915 928 292 178 305 623 271 164 95 107 142 121 338 3828 135 48 59 3799 3327 123 69 43 472
cat_boundaries=0 1 2 3 4 5
cat_threshold=14874 1 5842 35168 257
is_linear=0
shrinkage=0.05


Tree=177
num_leaves=31
num_cat=0
split_feature=17 17 21 22 11 18 16 18 4 4 19 16 16 21 18 19 4 21 17 14 20 17 8 11 17 14 22 21 22 21
split_gain=8.75407 1.9381 1.69167 1.25625 1.55002 2.02976 1.31739 1.4474 1.22862 1.96779 1.75838 1.45403 1.40713 1.91001 1.34719 1.28582 3.26697 1.22983 1.19301 1.90779 2.13956 2.83075 1.15546 1.10998 1.50868 1.10111 1.0987 3.2729 1.77436 1.77015
threshold=0.97947445047639825 0.66334028263208344 7.829033532565842 7.9350447526416268 2.7694539157329841 0.17365979338305623 0.20253293354406279 0.1567292926596783 7.5000000000000009 4.5000000000000009 2.2480439848960039 0.07533061981670687 0.091624312347096185 7.5041161529300959 0.16245704906006089 2.0404405782224484 9.5000000000000018 7.5916093807942433 2.7704779163557571 4.158101222371581 0.1891321608964224 3.743665025588625 6.5000000000000009 3.4610361497884656 3.0989743585780736 0.89587973461402759 7.6116287643274676 7.6739205252747036 7.6782349296283661 7.5840105595480862
decision_type=10 8 10 10 8 10 10 10 2 2 10 8 10 8 10 10 2 8 10 10 10 10 2 10 10 8 10 8 10 10
left_child=1 -1 8 -4 -5 6 7 23 9 22 -11 15 13 -12 17 16 -10 -15 -16 20 21 -20 -2 24 -6 -13 -14 28 29 -28
right_child=2 -3 3 4 5 -7 -8 -9 11 10 12 25 26 14 18 -17 -18 -19 19 -21 -22 -23 -24 -25 -26 -27 27 -29 -30 -31
leaf_value=-0.018585208360652628 0.00011123210718419524 -0.0028638698224698589 -0.0016179291161684405 -0.0026507178084776107 0.0031335516489279119 -0.00032598170817332714 0.0045052960635244754 -0.0018033375267386489 -0.0015164670422122951 -0.0029950052422771261 -0.001169257703480192 0.0021469109854504198 -0.0010684324642041311 0.0040301906945419642 -0.0047948100207098228 -0.0015804480499092813 0.0060441334460469296 6.348133344479311e-05 0.0022820294139727624 0.00020726643683679973 0.0043071340919738459 0.021216638259027282 0.012086172213013086 0.0047527813920725083 -0.00024613257707285004 0.00027716406960442036 0.0040058517449559862 -0.00067893878427520513 0.0051939291335913705 0.00052249247898648833
leaf_weight=1201 17947 2055 2671 390 58 641 31 98 68 1174 375 35 9385 33 45 834 36 474 23 128 136 24 30 56 76 20399 73 1913 116 367
leaf_count=1201 17947 2055 2671 390 58 641 31 98 68 1174 375 35 9385 33 45 834 36 474 23 128 136 24 30 56 76 20399 73 1913 116 367
internal_value=-0.000174244 -0.00269656 -3.17522e-05 -0.00102089 0.000222221 0.00130208 0.00456113 0.00350694 4.2431e-05 -0.000152437 -0.000590917 0.00033642 -0.000424688 0.00117932 0.00247393 -0.00158849 0.00365384 0.000818539 0.00483146 0.00593247 0.00920765 0.0184043 0.000195526 0.00605263 0.00358209 0.000424781 -0.000592206 0.000346293 0.00372302 0.00227273
internal_weight=60892 3256 57636 4021 1350 960 319 288 53615 32243 14266 21372 13092 1238 863 938 104 507 356 311 183 47 17977 190 134 20434 11854 2469 556 440
internal_count=60892 3256 57636 4021 1350 960 319 288 53615 32243 14266 21372 13092 1238 863 938 104 507 356 311 183 47 17977 190 134 20434 11854 2469 556 440
is_linear=0
shrinkage=0.05


Tree=178
num_leaves=31
num_cat=3
split_feature=19 17 16 0 3 1 20 14 18 22 11 19 20 3 15 19 0 15 4 18 4 22 18 6 17 18 15 16 20 16
split_gain=8.31309 2.0835 1.6551 1.90472 2.00205 2.56919 2.10034 1.43325 1.05724 1.06294 0.998648 1.24216 1.48709 0.93076 1.88028 1.61944 1.57803 1.59904 1.46203 1.80683 2.21244 3.8381 1.33894 1.33828 1.5654 1.55553 2.71273 2.52468 2.132 1.403
threshold=0.66878461008926693 2.0386160064121421 0.16445745282866528 0 1.0000000180025095e-35 1 0.15633066921988018 2.0081915103761951 0.13421397996896264 7.9291277697283098 1.2382692000587421 1.9078085657652095 0.16051907351282377 1.0000000180025095e-35 3.7104108567944776 3.6725530146898087 2 2.3749973891355465 10.500000000000002 0.22884631309414641 7.5000000000000009 7.1521800483865086 0.1461741803712461 1.0000000180025095e-35 2.6522880190058764 0.17968379390210054 2.9153196170674947 0.22344703616260722 0.20012647096082256 0.1307557319450974
decision_type=8 10 10 1 2 1 10 10 8 8 8 10 10 2 8 10 1 10 2 10 2 10 10 2 10 10 10 10 10 10
left_child=-1 2 3 4 6 -6 8 -8 -2 -10 -4 -12 -13 14 15 16 23 22 19 20 21 -17 -18 24 -3 26 -26 -27 -29 -28
right_child=1 13 10 -5 5 -7 7 -9 9 -11 11 12 -14 -15 -16 18 17 -19 -20 -21 -22 -23 -24 -25 25 27 29 28 -30 -31
leaf_value=-0.017020642912070956 0.00014357177925837224 -0.0020897220969966221 -0.0030240562618575662 -0.0048325854680271877 0.0037541355308910946 -0.0028626853951768633 -0.00044019831293799186 0.0099538804987321736 0.0069352858488110321 0.0019021870216245126 0.00096507162965097997 0.0025991095305389258 -0.0017588533489001038 -5.96145855552046e-05 -0.00012783548111870759 0.0025045829151224782 -0.0006982678906639647 -9.8483056047011855e-06 0.0083671807199777511 -0.0059944189800748716 -0.0038055211277702797 0.0051014710736050177 0.0023497799931107588 0.00027664778193061166 0.007773166581421769 -0.00075138082913491823 -0.00023575057003771696 0.0051204147682753507 0.0059425892515346324 0.0053383520272860755
leaf_weight=1205 25 68 1062 1307 229 1174 104 20 23 20 1319 23 317 46231 4486 65 96 2260 22 58 46 28 245 377 27 137 42 23 70 67
leaf_count=1205 25 68 1062 1307 229 1174 104 20 23 20 1319 23 317 46231 4486 65 96 2260 22 58 46 28 245 377 27 137 42 23 70 67
internal_value=-0.000182753 -0.000100133 -0.00101636 -0.001847 -0.000669783 -0.0013293 0.00411458 0.000241934 0.0111765 0.0159302 -0.000130468 0.000635924 -0.00205882 -5.33718e-06 0.00048848 0.00133434 0.00106682 0.000457678 0.00550228 0.00413705 0.00723021 0.0116667 0.00365103 0.00297807 0.00490783 0.00620218 0.0104412 0.00369565 0.0100538 0.0069266
internal_weight=61176 59971 5623 2902 1595 1403 192 124 68 43 2721 1659 340 54348 8117 3631 3412 2601 219 197 139 93 341 811 434 366 136 230 93 109
internal_count=61176 59971 5623 2902 1595 1403 192 124 68 43 2721 1659 340 54348 8117 3631 3412 2601 219 197 139 93 341 811 434 366 136 230 93 109
cat_boundaries=0 1 2 3
cat_threshold=17889 1 2572
is_linear=0
shrinkage=0.05


Tree=179
num_leaves=31
num_cat=6
split_feature=15 17 0 7 1 3 21 0 21 22 21 22 13 3 15 22 4 21 0 20 4 22 21 21 19 0 1 4 8 4
split_gain=8.47363 1.33597 2.1807 1.53637 1.25486 2.2683 1.54435 1.52033 1.13414 2.62892 1.67134 1.60866 1.46816 1.40947 1.46789 1.52464 1.31638 1.21708 1.12386 1.19971 1.0962 2.09413 2.38513 1.89351 1.71913 1.53034 1.79567 1.79682 1.30441 2.16828
threshold=0.72869838617104832 1.085659778193685 0 43.500000000000007 1 5.5000000000000009 7.9140694967992617 2 7.7005214989659585 7.7416500986752217 7.829033532565842 7.8342602142240816 1.4468497739944199 3.5000000000000004 1.6515603426022272 7.76882214267357 8.5000000000000018 7.713561252735313 3 0.14616023002980796 7.5000000000000009 7.6402257824975424 7.6739205252747036 7.6297328117108929 5.0260785061584121 4 5 4.5000000000000009 2.5000000000000004 6.5000000000000009
decision_type=8 10 1 10 1 2 10 1 10 10 10 10 8 2 8 10 2 10 1 10 2 10 8 10 10 1 1 2 2 2
left_child=-1 2 3 -2 5 7 -7 -4 12 -10 11 17 13 14 15 16 -3 -11 -12 -20 21 23 -23 25 -24 26 28 -28 29 -14
right_child=1 8 4 -5 -6 6 -8 -9 9 10 18 -13 20 -15 -16 -17 -18 -19 19 -21 -22 22 24 -25 -26 -27 27 -29 -30 -31
leaf_value=-0.014197238997331274 0.0018251102029712548 0.0064684749793298361 0.0034604345498443325 0.0039153005819457356 -0.0061490426823773928 0.002555861136515963 0.010749084233804496 -0.0035904483842521505 -0.0025299213005889986 0.0026624246890397116 -0.0015385138693752179 0.0020464894862930777 0.02056112547026755 -0.00027390786315495684 -0.0046224277940120169 -0.0019868494382441616 0.01113602299029872 -7.7257164200021522e-05 0.0013886751377053276 -0.00023871770364760153 0.00021300712336141958 0.0027081200244478527 -6.4073402105948888e-05 -0.0036755703626907008 0.0023386561522137704 -5.0752600830006781e-06 -0.00021192975256120327 -0.0026951185077785473 0.00052719319537702046 -0.0082802722741585622
leaf_weight=1411 80 94 120 33 961 153 23 715 1851 106 1622 623 34 201 42 27 55 1769 195 2090 18266 442 1089 501 58 22021 3566 2393 567 29
leaf_count=1411 80 94 120 33 961 153 23 715 1851 106 1622 623 34 201 42 27 55 1769 195 2090 18266 442 1089 501 58 22021 3566 2393 567 29
internal_value=-0.000178044 -8.75677e-05 -0.00133094 0.0051626 -0.00172049 -0.000499507 0.00465909 -0.00158683 -4.25924e-05 -0.00058503 -0.000105388 0.000904723 4.80903e-05 0.00299523 0.00577982 0.00778409 0.0097651 0.000173332 -0.000751217 -3.26809e-05 2.28718e-05 -0.00015961 0.00160793 -0.00025609 0.000405404 -0.000202728 -0.000870588 -0.00114029 0.00166667 0.00849206
internal_weight=61137 59726 2085 113 1972 1011 176 835 57641 8256 6405 2498 49385 419 218 176 149 1875 3907 2285 48966 30700 1589 29111 1147 28610 6589 5959 630 63
internal_count=61137 59726 2085 113 1972 1011 176 835 57641 8256 6405 2498 49385 419 218 176 149 1875 3907 2285 48966 30700 1589 29111 1147 28610 6589 5959 630 63
cat_boundaries=0 1 2 3 4 5 6
cat_threshold=33 1 960 35268 229 1
is_linear=0
shrinkage=0.05


Tree=180
num_leaves=31
num_cat=0
split_feature=17 11 3 15 17 14 21 22 21 16 22 18 19 5 16 16 20 22 15 19 10 15 16 22 11 19 18 20 18 20
split_gain=7.34037 2.34132 1.14761 1.91576 1.42114 1.34611 1.21697 1.21221 2.2049 1.92594 1.70496 1.15952 2.11485 1.28497 1.15227 1.12818 1.01689 1.00804 0.98574 2.17527 1.44915 1.48457 1.78003 3.14906 1.36205 1.26181 2.11554 1.07226 1.26001 1.42013
threshold=0.57204744202512514 1.4468497739944199 1.0000000180025095e-35 2.3749973891355465 2.4712202941712307 2.4292080405593728 7.8073066661710877 7.5333103791389329 7.6918850812030071 0.16976577500647766 7.6927953069092547 0.19168758923558551 1.3719323805451646 1.0000000180025095e-35 0.16445745282866528 0.25771625655043956 0.14141919676553347 7.7458139813230922 3.6986029576093418 3.6818499089434149 3.7123510648765321 3.39606785014707 0.24392161462556625 7.4914482325919058 3.9693476262081879 3.7303661449742616 0.18362755262131791 0.23713149256477692 0.18656515087096573 0.19345480293864609
decision_type=8 8 2 8 10 8 10 10 8 10 10 10 10 2 10 8 10 10 10 10 10 10 10 8 8 10 10 10 10 10
left_child=-1 -2 3 6 -4 -5 7 11 10 -10 14 13 -13 -3 -9 16 -7 -11 19 20 21 22 -18 -24 -20 26 -21 28 -27 -30
right_child=1 2 4 5 -6 15 -8 8 9 17 -12 12 -14 -15 -16 -17 18 -19 24 25 -22 -23 23 -25 -26 27 -28 -29 29 -31
leaf_value=-0.021344359944040252 -0.0024257192692832222 0.0031859556424939811 -0.00067915055927112486 -0.0025044559026959822 -3.9009534772477039e-05 -0.001265026813526419 -0.0012711950562230617 0.00077344024810930678 -0.00018464769546112578 0.0043842231144089324 0.006449286336075135 0.013967438671519223 -0.0020184243243250833 -0.0028330932244297492 0.0045095135884623159 -0.00076910110204066575 0.00077660456424596567 0.0033796014422985826 -0.0022213883447776799 0.0038907626209886284 0.0058989369173652068 -0.00067275534318803098 0.0042454854818956009 0.0013074691601247393 0.0002629698200260746 -0.0027041543649989255 0.0041222759700015009 -0.0042806341576831523 0.0088732027249924291 0.005947423088188462
leaf_weight=958 2074 286 6418 174 42806 308 138 24 104 23 21 34 217 44 20 1151 1775 30 505 21 38 467 27 52 3207 32 26 24 20 22
leaf_count=958 2074 286 6418 174 42806 308 138 24 104 23 21 34 217 44 20 1151 1775 30 505 21 38 467 27 52 3207 32 26 24 20 22
internal_value=-0.000188056 -0.000118827 -5.98143e-05 0.000466438 -0.000153788 0.000210854 0.0025983 0.00334371 0.00648649 0.00328025 0.0142308 0.00214286 -0.000418328 0.00409091 0.00863636 0.000309445 0.00056407 0.0110377 0.000703023 0.00146965 0.00110428 0.000945712 0.00158037 0.00892405 0.000185882 0.00741379 0.0141489 0.00418367 0.00716216 0.0128571
internal_weight=61046 60088 58014 8790 49224 7849 941 803 222 157 65 581 251 330 44 7675 6524 53 6216 2504 2359 2321 1854 79 3712 145 47 98 74 42
internal_count=61046 60088 58014 8790 49224 7849 941 803 222 157 65 581 251 330 44 7675 6524 53 6216 2504 2359 2321 1854 79 3712 145 47 98 74 42
is_linear=0
shrinkage=0.05


Tree=181
num_leaves=31
num_cat=1
split_feature=17 11 20 21 22 21 18 22 21 21 3 8 10 17 3 17 21 12 1 11 19 18 22 12 2 18 20 12 3 17
split_gain=7.77809 1.55314 1.03264 0.98301 3.22579 2.90354 2.21987 1.86807 2.37282 1.44919 1.24105 1.50675 1.43176 2.41252 1.57156 1.56597 1.56311 1.82167 2.01973 1.69535 1.12633 1.17697 1.08365 1.55201 1.20793 1.16667 1.07547 1.07131 1.04575 1.33492
threshold=0.66334028263208344 2.0346842880759621 0.39471388743317015 7.5916093807942433 7.6366303815293408 7.6422842685530812 0.20435004058587078 7.7577775806756346 7.7645082756109991 7.7259920460477414 2.5000000000000004 5.5000000000000009 2.6497083809956692 3.0989743585780736 3.5000000000000004 3.2350912840078494 7.829033532565842 3.7123510648765321 0 3.4610361497884656 6.8973898855664819 0.20968681342344311 7.6705299098168345 4.8327040063029694 2.5000000000000004 0.12355285718082533 0.17044525160913074 6.7056389075909655 4.5000000000000009 2.8746193403812268
decision_type=8 8 10 10 10 10 8 10 10 10 2 2 8 8 2 10 10 10 1 10 10 10 10 8 2 10 10 10 2 10
left_child=-1 2 -2 20 -5 6 22 9 -9 -7 -10 12 -12 28 15 -15 17 -16 -19 -18 -3 27 25 26 -25 -6 -24 -22 -14 -30
right_child=1 3 -4 4 5 7 -8 8 10 -11 11 -13 13 14 16 -17 19 18 -20 -21 21 -23 23 24 -26 -27 -28 -29 29 -31
leaf_value=-0.016556246227755513 -0.0011563125571336867 2.1609008483133086e-05 0.00079743304018492728 -0.0024261537873358275 0.0087805057708311828 -0.00031229400491514291 -0.00080155596984203591 0.0018215002745198294 -0.00077051089011139645 -0.0023685673366993505 -0.0010711952627890794 -0.00052694476015633642 0.0014045496512857518 0.0091155896543041737 0.0017346670257881607 -0.0026498522797609174 -0.00080491579362778069 0.008440416622322866 0.0021579294171993561 0.0044780653815536522 0.002883811762131973 -0.0011005670629301691 0.0040673971682197779 0.0058958746907759848 0.0017873386674083836 0.00035022309149547703 0.00043832053957775077 0.0067697155654409119 0.0026262476366995598 0.0073474254442862531
leaf_weight=1188 3278 44672 387 1928 21 1860 197 751 2272 1322 241 1460 40 27 91 201 215 27 35 215 61 77 57 43 24 168 64 32 21 24
leaf_count=1188 3278 44672 387 1928 21 1860 197 751 2272 1322 241 1460 40 27 91 201 215 27 35 215 61 77 57 43 24 168 64 32 21 24
internal_value=-0.000194185 -0.000114612 -0.00111187 -4.9515e-05 -0.000466208 -8.31923e-05 0.00336237 -0.000307886 0.000240212 -0.00127593 -0.000163279 0.000583364 0.00194811 0.0028683 0.00202836 -0.00149123 0.0034048 0.0077451 0.0143548 0.00186046 5.55271e-05 0.00411765 0.00561008 0.00829787 0.014403 0.00293651 0.00491735 0.00790322 0.0108824 0.0161111
internal_weight=60999 59811 3665 56146 11304 9376 574 8802 5620 3182 4869 2597 1137 896 811 228 583 153 62 430 44842 170 377 188 67 189 121 93 85 45
internal_count=60999 59811 3665 56146 11304 9376 574 8802 5620 3182 4869 2597 1137 896 811 228 583 153 62 430 44842 170 377 188 67 189 121 93 85 45
cat_boundaries=0 1
cat_threshold=4
is_linear=0
shrinkage=0.05


Tree=182
num_leaves=31
num_cat=6
split_feature=17 0 12 1 20 3 3 4 16 14 4 1 4 0 3 0 0 17 21 8 21 14 12 16 14 21 15 15 17 5
split_gain=7.58561 3.29321 1.78915 1.5364 1.47363 1.43676 1.22956 1.14793 0.945666 0.999666 0.847075 1.67725 2.91749 1.71873 1.4921 1.85939 1.16145 2.47371 1.63512 1.48183 1.40042 1.50609 1.82702 2.06157 1.29538 1.29456 1.26774 1.26301 1.22261 1.15811
threshold=0.66334028263208344 0 1.8945885877146502 1 0.39471388743317015 5.5000000000000009 1.5000000000000002 7.5000000000000009 0.45700099694432722 0.76519735254682386 7.5000000000000009 2 3.5000000000000004 3 1.5000000000000002 4 5 3.9579391248874569 7.6340953976550443 2.5000000000000004 7.3456875251650819 5.0152908854698248 2.788088175025528 0.17498372725912459 2.2565274485401434 7.433370944532375 2.5999521792358911 2.5021247605642496 5.762431302985469 1.0000000180025095e-35
decision_type=10 1 8 1 10 2 2 2 8 8 2 1 2 1 2 1 1 8 10 2 8 8 8 10 8 8 8 10 10 2
left_child=1 6 4 5 7 -3 -1 -2 9 -6 11 12 -4 -14 15 -15 17 18 24 28 21 22 23 -18 -13 -21 27 -22 -19 -12
right_child=2 3 10 -5 8 -7 -8 -9 -10 -11 29 16 13 14 -16 -17 20 19 -20 25 26 -23 -24 -25 -26 -27 -28 -29 -30 -31
leaf_value=0.0059687154391021855 -0.0045181015660440502 -0.0052301317164966978 0.00014047349567059103 -0.023766940268115756 -0.005318460711281856 0.002592588893364868 0.00059312430282296592 -0.00068219600522118843 -0.00044164209003533846 0.0086036943955147289 0.0002072709568420394 -0.0013776031303801128 -1.9480739294025903e-05 0.00047729385647609274 -0.0022808147266719912 -0.0016843990173107783 0.00084025962952407804 0.00081188652979597071 -0.00061298393274040379 0.0006724374397486687 0.00023772489517187866 -0.00055264883342982329 0.0015911393488938165 0.0055373614076702693 0.0024434247092531558 -0.00049749695730798543 -0.00087018408448142563 0.0031525745145328868 0.017365406033846783 -0.00052540481546596194
leaf_weight=29 1060 537 7762 1253 38 134 91 1643 192 117 20205 114 2682 1171 5070 1304 25 31 323 2326 521 732 945 27 1173 3233 4511 149 26 3474
leaf_count=29 1060 537 7762 1253 38 134 91 1643 192 117 20205 114 2682 1171 5070 1304 25 31 323 2326 521 732 945 27 1173 3233 4511 149 26 3474
internal_value=-0.000219877 -0.00321429 -0.000115881 -0.00370734 -0.00129508 -0.00179583 0.00461538 -0.00168887 0.00177233 0.00467742 -5.14312e-05 -0.000218678 -0.000538942 -0.00109367 -0.00147915 -0.000474749 0.000188878 0.000631563 0.00236025 0.000137107 -0.000274568 0.0009572 0.00222166 0.0113462 0.00315851 5.48648e-05 -0.000686162 0.00134328 0.00815789 0.000175471
internal_weight=60898 2044 58854 1924 3050 671 120 2703 347 155 55804 32125 17989 10227 7545 2475 14136 7226 1610 5616 6910 1729 997 52 1287 5559 5181 670 57 23679
internal_count=60898 2044 58854 1924 3050 671 120 2703 347 155 55804 32125 17989 10227 7545 2475 14136 7226 1610 5616 6910 1729 997 52 1287 5559 5181 670 57 23679
cat_boundaries=0 1 2 3 4 5 6
cat_threshold=33 1 2 20738 3668 51308
is_linear=0
shrinkage=0.05


Tree=183
num_leaves=31
num_cat=6
split_feature=15 15 0 16 1 0 16 7 11 14 0 14 16 12 1 13 3 13 15 18 3 22 11 0 18 10 18 6 13 9
split_gain=6.54805 1.06935 1.47879 1.54093 1.77939 1.57623 1.32569 1.10855 1.05679 1.01109 1.15994 1.07593 1.56006 1.99693 1.52553 1.42058 1.18528 1.02213 1.76981 1.00756 0.982476 1.41962 0.968597 0.841418 1.36389 0.832237 1.05351 0.815345 1.61626 1.41291
threshold=0.72869838617104832 1.8413295456476775 0 0.15847548689142002 1 2 0.0662399235822798 6.5000000000000009 1.4468497739944199 3.0610489973715933 3 3.0179798934972673 0.16904681020202458 3.4388129570003128 4 3.275254371572224 2.5000000000000004 2.287458571408536 2.4424044485933312 0.21416587639540816 4.5000000000000009 7.6606010360734489 2.0731521505764063 5 0.27110298160417784 4.3888779169685508 0.15554438812437851 1.0000000180025095e-35 2.1916379270371573 1.0000000180025095e-35
decision_type=8 10 1 10 1 1 10 10 8 10 1 10 10 8 1 8 2 8 10 10 2 10 10 1 8 10 8 2 10 2
left_child=19 2 7 4 5 -4 23 -2 -5 10 27 17 13 14 -13 16 -16 18 22 -1 -21 -22 -12 24 -7 26 -6 -3 29 -29
right_child=1 9 3 8 25 6 -8 -9 -10 -11 11 12 -14 -15 15 -17 -18 -19 -20 20 21 -23 -24 -25 -26 -27 -28 28 -30 -31
leaf_value=-0.019875233531618842 0.0017015562160669689 3.0808854220588159e-05 -0.006438546481701452 -0.0012555714551882018 -0.001317389863746751 -0.00096855939651942658 0.0045785128818189042 0.0039388439936391987 0.001276128943147018 -0.00016156759072473981 0.0020986494516265991 0.0012428896139500744 0.00013544365167917992 -0.00044144026049566576 0.0057764830538246667 0.00085042279752377097 0.0049987234504726315 0.00022136291678774632 0.008032105685701443 -0.0080893245307256858 -0.0030861115128717554 0.01444633501806647 -0.00097355359270474373 -0.0023632621859124348 0.006203848293093582 0.00079044102031942368 -0.00702132820327603 0.0018454475405733661 -0.0019310273656042778 -0.000356114778543191
leaf_weight=836 214 6871 310 1180 695 157 34 21 982 31839 39 41 198 51 20 20 22 11661 45 403 134 22 89 213 148 36 973 333 1599 1663
leaf_count=836 214 6871 310 1180 695 157 34 21 982 31839 39 41 198 51 20 20 22 11661 45 403 134 22 89 213 148 36 973 333 1599 1663
internal_value=-0.000216028 -0.000136577 -0.000839211 -0.00103208 -0.00186282 -1.16021e-05 0.00158363 0.00295918 -5.088e-05 -7.2582e-05 0.000182764 0.000514102 0.00323864 0.00701299 0.0110194 0.0159677 0.0211905 0.000433496 0.00424855 -0.00360215 -0.00195886 0.00141026 0.00125 0.000984555 0.00261905 -0.0027993 -0.00296163 -0.000203323 -0.000813631 0.000135269
internal_weight=60849 59454 4963 4728 2566 862 552 235 2162 54491 22652 12186 352 154 103 62 42 11834 173 1395 559 156 128 518 305 1704 1668 10466 3595 1996
internal_count=60849 59454 4963 4728 2566 862 552 235 2162 54491 22652 12186 352 154 103 62 42 11834 173 1395 559 156 128 518 305 1704 1668 10466 3595 1996
cat_boundaries=0 1 2 3 4 5 6
cat_threshold=17409 1 10270 2247 4 320
is_linear=0
shrinkage=0.05


Tree=184
num_leaves=31
num_cat=0
split_feature=17 12 20 3 4 22 14 20 21 12 8 14 11 3 11 20 20 22 20 4 21 12 10 4 22 12 10 20 22 22
split_gain=7.30863 1.68555 1.1132 1.64348 1.05752 1.22546 1.01806 0.962608 1.61616 1.21831 0.954322 1.05786 1.72165 0.952115 0.92803 0.890955 1.13373 1.06706 1.04879 1.59928 1.87755 1.30145 1.01213 0.982762 1.07601 0.843753 1.174 0.820292 1.12738 1.86568
threshold=0.57204744202512514 2.4973207021709536 0.41599754642998393 3.5000000000000004 7.5000000000000009 7.1920262201373175 2.841993923664011 0.13506479866416818 7.7999581943401042 1.9530024665512917 3.5000000000000004 2.4292080405593728 1.2382692000587421 2.5000000000000004 2.5610883344145821 0.1334870210937267 0.15558476246201519 7.6606010360734489 0.15399426465472238 2.5000000000000004 7.7413163396585984 2.545523582195059 5.7409176684237311 5.5000000000000009 7.2842197354997866 2.0731521505764063 2.3075602584206303 0.14963395780947539 7.2542076304344159 7.2241014616247208
decision_type=8 8 10 2 2 10 10 10 10 10 2 8 8 2 8 10 10 8 10 2 8 10 10 2 8 10 10 10 10 10
left_child=-1 2 4 10 6 25 -2 8 -7 -10 -4 13 -13 -12 -8 22 17 27 21 -20 -21 -19 23 -3 -25 26 -6 -17 29 -29
right_child=1 15 3 -5 5 7 14 -9 9 -11 11 12 -14 -15 -16 16 -18 18 19 20 -22 -23 -24 24 -26 -27 -28 28 -30 -31
leaf_value=-0.017710262855004124 -0.0026031533555923776 -0.00223360525039651 -0.014032481789301646 -0.0018284342965431098 0.00079217307079188599 -0.0003921931886258421 0.0081297184848391317 -0.0010078874797089599 -0.0039564199886741713 0.0034911672080891135 -0.0013600189063631433 0.015757400316769851 0.0078376671475684778 0.0099785655444766148 -0.0005192447731939496 -0.00047347781360013782 -2.2777656857009332e-05 0.0022706147129580635 0.015982297153551147 0.005341732142774557 0.00049053705454096483 0.00021477702180802013 0.0015890619339450883 0.0057916310578635015 -0.00057425185324259844 -0.00020040844969047698 0.0039470720011482857 0.001521119727318279 -0.00025866935090120355 0.0046757150919675234
leaf_weight=968 2539 566 31 154 773 99 33 2385 23 43 58 25 70 27 55 1223 47356 572 32 27 156 1082 50 23 1425 583 22 229 469 32
leaf_count=968 2539 566 31 154 773 99 33 2385 23 43 58 25 70 27 55 1223 47356 572 32 27 156 1082 50 23 1425 583 22 229 469 32
internal_value=-0.000173402 -0.000104054 -0.000838151 0.00184931 -0.000987797 -0.000468433 -0.00176437 -0.00111765 0.00257576 0.00863636 0.00471564 0.00611111 0.00973684 0.00205882 0.00352273 -8.64099e-06 3.24346e-05 0.000860805 0.00171482 0.005 0.00319672 0.00128779 -0.00102713 -0.00120159 -0.000511051 0.000732945 0.00179245 4.35216e-05 0.00136986 0.00400383
internal_weight=61130 60162 6920 365 6555 3928 2627 2550 165 66 211 180 95 85 88 53242 51178 3822 1869 215 183 1654 2064 2014 1448 1378 795 1953 730 261
internal_count=61130 60162 6920 365 6555 3928 2627 2550 165 66 211 180 95 85 88 53242 51178 3822 1869 215 183 1654 2064 2014 1448 1378 795 1953 730 261
is_linear=0
shrinkage=0.05


Tree=185
num_leaves=31
num_cat=1
split_feature=17 17 3 22 17 18 21 22 21 3 22 8 12 18 22 12 3 15 20 15 15 17 22 20 17 1 22 12 16 21
split_gain=7.30205 1.55461 1.23724 2.14016 1.58801 1.08796 1.04821 2.12483 1.44513 1.89409 2.70655 1.4377 1.32274 1.28187 1.23793 1.1344 1.06148 2.12716 3.0369 1.31364 2.82646 1.11806 0.990058 0.924318 1.06004 0.899007 1.00421 1.81498 1.15512 1.15652
threshold=0.57204744202512514 1.085659778193685 4.5000000000000009 7.6606010360734489 0.78030284570564545 0.14025502071343002 7.713561252735313 7.7416500986752217 7.829033532565842 3.5000000000000004 7.7996082877823012 5.5000000000000009 3.3928277196600067 0.13811850233665654 7.8992337253721931 3.5793425944504444 1.0000000180025095e-35 2.2989214154075905 0.16193163050410544 2.015405756877946 1.8824026419600772 1.6859861136573693 7.1230286278281127 0.31442048973412534 0.97947445047639825 0 7.8639748664619056 3.8340608795899409 0.19954189254837323 7.7838487994305918
decision_type=8 10 2 10 8 8 10 10 10 2 10 2 10 10 10 8 2 8 10 10 10 10 8 8 10 1 10 8 10 10
left_child=-1 2 -2 5 -5 -4 16 -8 9 25 -11 12 14 -13 -12 -10 17 18 19 20 21 -3 -20 24 -6 26 28 -28 -9 -30
right_child=1 6 3 4 23 -7 7 8 15 10 11 13 -14 -15 -16 -17 -18 -19 22 -21 -22 -23 -24 -25 -26 -27 27 -29 29 -31
leaf_value=-0.016694116858530689 -0.0031030681103284665 0.0052163698811993489 0.0017492391137841638 0.0086062796073751377 0.0083655034795369534 -0.0022697048833899753 -0.0025996878527415842 -0.00041927136446499457 -0.0012501521023476616 -0.00053511281714564913 0.0022616909784672437 0.0030406018466451329 0.0050536096911793418 0.0010601362206886485 0.0049146545518982971 -3.6189577972603976e-05 -1.9579013054079255e-05 0.00018652844222415038 -0.0031904434220125671 0.00234267807220591 0.0044445360919229777 0.0029013030571903011 0.0014535522484828433 -0.0041589318663577774 -0.0043906396278553502 -0.0012477655913074358 -0.00025721495584515321 0.0033379855633176021 0.0038294506048849328 -0.0012144375363196268
leaf_weight=978 1798 20 24 34 25 540 1498 370 1609 444 98 49 64 220 24 2221 42263 6872 88 60 24 38 432 48 21 868 51 39 38 34
leaf_count=978 1798 20 24 34 25 540 1498 370 1609 444 98 49 64 220 24 2221 42263 6872 88 60 24 38 432 48 21 868 51 39 38 34
internal_value=-0.000152074 -8.21189e-05 -0.00130522 0.000491328 0.00632812 -0.000833335 -2.90831e-05 -0.000574932 -0.000162344 0.00082862 0.00261958 0.00532967 0.00870968 0.00299256 0.00565574 -0.000757181 5.45202e-05 0.000601273 0.00330816 0.00978873 0.0139024 0.00793103 0.00153846 0.00297872 0.00804348 -0.00032143 0.00129699 0.00611111 0.000316741 0.00611111
internal_weight=60892 59914 2490 692 128 564 57424 7627 6129 2299 899 455 186 269 122 3830 49797 7534 662 142 82 58 520 94 46 1400 532 90 442 72
internal_count=60892 59914 2490 692 128 564 57424 7627 6129 2299 899 455 186 269 122 3830 49797 7534 662 142 82 58 520 94 46 1400 532 90 442 72
cat_boundaries=0 1
cat_threshold=2
is_linear=0
shrinkage=0.05


Tree=186
num_leaves=31
num_cat=2
split_feature=17 11 22 22 18 20 10 17 19 19 11 11 20 0 4 22 20 18 5 15 22 18 4 11 0 22 20 17 17 4
split_gain=6.55818 1.21218 1.1042 1.04478 1.05013 1.65326 1.17523 1.40879 2.27604 1.13838 1.2239 0.997131 0.992469 0.886867 1.69693 1.51666 1.83779 1.23253 1.08144 1.49951 1.13764 1.10753 1.421 1.29787 1.1223 1.71018 1.04486 1.71502 1.22189 2.11182
threshold=0.57204744202512514 1.4468497739944199 8.1463259676937962 7.9350447526416268 0.11732062685325419 0.1873572517097368 2.6844345112494912 3.0733804234372841 3.0835691057020234 4.4976419653833952 6.8744049572285642 4.5996548789135385 0.21646737977512179 0 7.5000000000000009 7.1345285928811171 0.24255609861047803 0.16245704906006089 1.0000000180025095e-35 1.1883506072082843 7.6853976673691857 0.12224464770456957 7.5000000000000009 3.2827873905969294 1 7.8992337253721931 0.18870846901719332 4.0781319041642385 4.5315947604843929 2.5000000000000004
decision_type=8 8 10 10 10 8 10 10 10 10 10 10 10 1 2 10 10 10 2 8 8 8 2 8 1 10 8 10 10 2
left_child=-1 12 3 13 5 -5 -6 8 -8 -9 11 -11 -2 14 15 16 -3 -16 -15 -20 -21 22 23 -22 25 26 -23 -28 29 -29
right_child=1 2 -4 4 6 -7 7 9 -10 10 -12 -13 -14 18 17 -17 -18 -19 19 20 21 24 -24 -25 -26 -27 27 28 -30 -31
leaf_value=-0.015980121318403519 -0.0047548870282034875 -0.00069119895728645981 -0.0023942275568901521 0.00060861767999370294 -0.00039144723178348694 0.0064968052264716613 0.0010544694966726708 7.8368519390757934e-05 0.0043677911023720191 0.0011731766282869994 -0.001715663407970414 0.0055321978753291564 -0.00079537652368243139 2.482536231932618e-05 0.0012904077499321894 -0.0054347216739716875 0.013788803094358471 -0.00061158684105820204 0.0070592017254373154 -4.2530074631267252e-05 0.0010570385612174494 0.0005456062587749828 -2.8458403476080729e-05 0.0029903369552659333 -0.0017554003236277739 0.0031995488132331492 -0.0053835215936485718 0.0067393196339096536 -0.00086656362515981117 0.00058946425696972278
leaf_weight=958 537 628 350 45 641 24 60 475 41 58 22 46 1537 47612 418 523 26 376 50 3426 21 608 185 32 1499 22 516 21 273 127
leaf_count=958 537 628 350 45 641 24 60 475 41 58 22 46 1537 47612 418 523 26 376 50 3426 21 608 185 32 1499 22 516 21 273 127
internal_value=-0.000164905 -9.95876e-05 -5.72055e-05 -4.02435e-05 0.00130311 0.00731884 0.000994042 0.00240741 0.00787129 0.00148918 0.00571428 0.00798077 -0.00128737 -7.38972e-05 -0.00111308 -0.00232371 -0.000718656 0.000667505 -3.60293e-05 -0.000626845 -0.000690937 -0.00135291 0.00193277 0.00915094 -0.00160796 -0.000656311 -0.000857606 -0.00190502 0.000463182 0.00412162
internal_weight=61157 60199 58125 57775 1412 69 1343 702 101 601 126 104 2074 56363 1971 1177 654 794 54392 6780 6730 3304 238 53 3066 1567 1545 937 421 148
internal_count=61157 60199 58125 57775 1412 69 1343 702 101 601 126 104 2074 56363 1971 1177 654 794 54392 6780 6730 3304 238 53 3066 1567 1545 937 421 148
cat_boundaries=0 1 2
cat_threshold=128 25202
is_linear=0
shrinkage=0.05


Tree=187
num_leaves=31
num_cat=4
split_feature=17 12 3 15 0 10 16 21 0 20 18 21 19 17 10 15 19 0 21 4 20 16 21 8 13 17 16 4 4 0
split_gain=6.63612 1.17344 0.927177 1.54153 1.11316 1.49068 1.06647 1.12851 1.28263 1.17525 1.3208 1.78395 1.0598 1.9688 1.97108 1.2753 1.31191 1.33141 1.57789 1.30909 1.14761 1.36097 1.42908 1.07336 0.951029 0.950451 1.52979 0.929714 0.901233 1.60104
threshold=0.57204744202512514 1.9946771741822351 1.0000000180025095e-35 3.4117806925189247 0 3.4672959664678489 0.21016712278446203 7.433370944532375 1 0.26393508618388611 0.21087283585420588 7.3128869425964504 4.8913083482902637 4.8182055855888093 4.7591779066044522 4.7581106046526864 3.4920856375674085 2 7.7259920460477414 4.5000000000000009 0.21902366370256032 0.167060670222174 7.1635595375945957 5.5000000000000009 3.5681222583105501 4.8678554602903299 0.13358541444737163 5.5000000000000009 8.5000000000000018 3
decision_type=8 8 2 8 1 10 10 8 1 10 10 10 10 8 10 8 8 1 8 2 10 10 8 2 10 10 8 2 2 1
left_child=-1 -2 3 4 5 -3 -5 8 -8 10 11 -10 15 14 -14 28 -17 18 -18 -20 -19 25 -23 -15 -6 -22 -27 -11 -4 -30
right_child=1 2 12 6 24 -7 7 -9 9 27 -12 -13 13 23 -16 16 17 20 19 -21 21 22 -24 -25 -26 26 -28 -29 29 -31
leaf_value=-0.015644131705683465 -0.0010643997755304425 0.0015066349636086273 -0.00024437868404975229 0.00023097727144112597 0.0003887314237414766 0.0087004251500771186 -0.0017307794168980742 -0.0015821965342743913 0.0015636637495443067 0.0077774592591571476 -0.0007364173872010959 0.0055668918433130115 0.0074838367726561611 0.0008237205084979433 0.0071481013131352569 -0.012940936140071189 -0.0057317939205716205 -0.0016690294737757021 0.0052875015228888997 0.0042432736957247717 0.00023507816345631939 0.0036052018928517701 -0.002304250350936037 -0.00019365807537924127 0.0040298605564217166 0.0022969670108215728 0.0070297289169357711 0.0028338601304458131 0.00072618335144370523 -5.3514297575837808e-05
leaf_weight=945 3605 566 24725 3661 2426 21 241 1180 54 22 146 27 69 4270 21 313 38 1145 22 88 199 33 439 3158 26 56 34 32 2811 10615
leaf_count=945 3605 566 24725 3661 2426 21 241 1180 54 22 146 27 69 4270 21 313 38 1145 22 88 199 33 439 3158 26 56 34 32 2811 10615
internal_value=-0.000154786 -8.93538e-05 -3.34893e-05 0.000451082 0.00135077 0.00329146 -5.8737e-05 -0.00109283 0.000842911 0.0030756 0.00160793 0.00672839 -0.000118246 0.000426974 0.00777778 -0.00021941 -0.00134559 -0.000886077 0.0035443 0.00681818 -0.00124217 0.000256241 -0.00139831 0.000337909 0.000869211 0.00295848 0.00722222 0.00981481 -0.000149539 0.000180246
internal_weight=60988 60043 56438 8402 3039 587 5363 1702 522 281 227 81 48036 7518 90 40518 2367 2054 148 110 1906 761 472 7428 2452 289 90 54 38151 13426
internal_count=60988 60043 56438 8402 3039 587 5363 1702 522 281 227 81 48036 7518 90 40518 2367 2054 148 110 1906 761 472 7428 2452 289 90 54 38151 13426
cat_boundaries=0 1 2 3 4
cat_threshold=43008 9480 193 2370
is_linear=0
shrinkage=0.05


Tree=188
num_leaves=31
num_cat=3
split_feature=19 10 3 20 13 3 13 20 21 10 0 19 14 0 21 13 12 4 21 6 20 16 4 1 20 4 5 16 16 8
split_gain=6.06201 1.27399 1.08026 1.17707 1.0643 0.93299 2.40496 1.87191 1.86815 1.15655 1.48382 1.21826 1.16376 1.04491 0.982464 1.07962 1.24113 0.98209 1.03746 0.934274 1.00087 0.878429 0.981417 0.847505 1.81391 1.1186 1.67853 1.41867 1.03958 1.82035
threshold=0.51903292904686993 1.5580892133149293 4.5000000000000009 0.41599754642998393 1.5580892133149293 1.0000000180025095e-35 1.8945885877146502 0.20578939231964596 7.6918850812030071 3.0657219285807118 0 5.8733478586983567 2.8875862353714372 1 7.4280360173618503 3.1884144917545725 3.4547369007380513 8.5000000000000018 7.5880704486643262 1.0000000180025095e-35 0.36257150575749592 0.15509560754715032 8.5000000000000018 2 0.19807158754178258 8.5000000000000018 1.0000000180025095e-35 0.19581454868989626 0.30164210994313539 6.5000000000000009
decision_type=8 8 2 10 8 2 8 8 8 10 1 8 8 1 10 8 8 2 10 2 10 10 2 1 8 2 2 10 10 2
left_child=-1 2 3 -2 -5 6 7 8 -3 10 11 -7 13 14 15 16 -11 18 -16 20 -9 -10 -23 24 -4 -26 27 -27 29 -29
right_child=1 5 23 4 -6 9 -8 19 21 12 -12 -13 -14 -15 17 -17 -18 -19 -20 -21 -22 22 -24 -25 25 26 -28 28 -30 -31
leaf_value=-0.018330069587126543 -0.004008234035689234 0.0068742569832409344 0.0091402860175255601 0.0080648579303866808 -0.0033055645465637075 4.6980673267520918e-05 0.00015193416332904609 0.015464238968738376 0.0011592977270952613 0.0020783504179274948 -0.00048325141995720315 0.0020197144862944927 1.4982533058159135e-05 -0.001435851743382351 0.00042697562351252396 0.0029952369379529775 0.0082669372123370735 -0.00075174445126258193 0.0034213544850652602 -0.0010866718777543152 -0.0089401784082227143 0.0047740406085051215 0.0094122869571111184 -0.0027637200076795557 -0.00091906868779415495 -0.0051708015098102817 -0.0055779064773578751 0.0073009679689152764 0.0013960162005280479 0.0082735552737873384
leaf_weight=722 1587 27 21 87 93 5123 8398 20 70 47 16903 552 26051 136 41 39 28 79 30 88 22 21 20 373 164 27 38 33 44 21
leaf_count=722 1587 27 21 87 93 5123 8398 20 70 47 16903 552 26051 136 41 39 28 79 30 88 22 21 20 373 164 27 38 33 44 21
internal_value=-0.000168707 -0.00011407 -0.00122187 -0.00188738 0.00194444 -6.62981e-05 0.000411954 0.00507463 0.00913043 -0.00015083 -0.000413678 0.000285839 7.3531e-05 0.00275 0.00448905 0.00815789 0.0116667 0.002 0.0062676 0.00076923 0.00690476 0.00626126 0.0120732 0.000409153 0.00218391 0.00126911 0.00420245 0.007 0.00979592 0.0144444
internal_weight=60905 60183 2488 1767 180 57695 8666 268 138 49029 22578 5675 26451 400 264 114 75 150 71 130 42 111 41 721 348 327 163 125 98 54
internal_count=60905 60183 2488 1767 180 57695 8666 268 138 49029 22578 5675 26451 400 264 114 75 150 71 130 42 111 41 721 348 327 163 125 98 54
cat_boundaries=0 1 2 3
cat_threshold=20745 46120 1
is_linear=0
shrinkage=0.05


Tree=189
num_leaves=31
num_cat=3
split_feature=19 17 12 0 20 21 22 14 21 22 0 0 19 16 13 15 16 20 20 22 21 4 11 22 22 11 17 13 20 13
split_gain=6.06455 1.52741 1.88176 1.66799 1.19646 1.00925 1.75052 1.40917 1.1437 1.73274 1.07104 0.95058 1.24331 2.39202 1.14012 0.938576 1.42446 0.932321 1.48623 1.3941 3.99274 1.45013 2.05372 1.42106 2.7276 4.10546 1.31939 1.46107 1.19462 1.14747
threshold=0.51903292904686993 0.97947445047639825 4.8327040063029694 0 0.45923723657429233 7.7347775191887687 7.7416500986752217 4.2870286698710576 7.8561258855626024 7.821313935033487 1 2 1.5262132077423278 0.11690461389193145 4.5266678115830095 4.0276360894939636 0.19084500003462704 0.11948999318083389 0.16193163050410544 7.6282265712538537 7.637475410727137 8.5000000000000018 5.0848146443748545 7.2542076304344159 7.1920262201373175 3.9899091162083553 4.2340608020697994 4.0543898706079506 0.16125403302618171 4.4914412637342096
decision_type=8 10 10 1 10 10 10 8 10 10 1 1 10 10 10 10 10 10 10 10 8 2 8 10 10 8 10 8 10 8
left_child=-1 2 3 4 -2 11 -7 8 9 -8 15 12 13 -3 17 16 -9 -13 19 23 21 -21 -23 24 -19 -26 27 -27 -22 -25
right_child=1 5 -4 -5 -6 6 7 10 -10 -11 -12 14 -14 -15 -16 -17 -18 18 -20 20 28 22 -24 29 25 26 -28 -29 -30 -31
leaf_value=-0.017366896461891608 0.00011631840457415413 -0.0015487343059046954 0.005420548350432622 -0.0057760914693794291 0.01413498166215792 -0.0028349224718774999 -0.0010099735369330438 0.0041509460793489336 -0.0014244883150756084 0.0012041588048156639 7.9311378283230342e-05 -0.0011942465311744123 -0.00021097357161410256 0.0067114050309957833 -0.00027688650534076289 0.000938753242648061 0.00089342212208149557 0.00094081805093419063 0.00014353160352851711 0.0057811224014412731 0.0013555807576491833 0.00094601422254502994 0.0096837355121480954 -0.001547771517315734 0.007146196147179572 0.00047208786132721587 -0.0029529752209204226 0.0044377236173908886 0.0036217194849931635 0.00091830972566600924
leaf_weight=705 763 60 37 1699 20 1019 845 41 1912 734 2239 218 16630 85 7816 251 40 1060 22729 32 552 39 24 864 27 23 40 20 26 322
leaf_count=705 763 60 37 1699 20 1019 845 41 1912 734 2239 218 16630 85 7816 251 40 1060 22729 32 552 39 24 864 27 23 40 20 26 322
internal_value=-0.000176766 -0.000122743 -0.00132791 -0.00149476 0.000422445 -7.00817e-05 -0.00062915 -0.000306831 -0.000961044 3.4831e-05 0.000581485 8.20574e-06 -0.000299376 0.00431034 0.000160936 0.00318713 0.00796296 0.000320294 0.000347852 0.00138825 0.00339524 0.0128947 0.00849206 0.000814939 0.00205128 0.00954545 0.00403614 0.0101163 0.00183391 -0.000404723
internal_weight=60872 60167 2519 2482 783 57648 7081 6062 3491 1579 2571 50567 16775 145 33792 332 81 25976 25758 3029 673 95 63 2356 1170 110 83 43 578 1186
internal_count=60872 60167 2519 2482 783 57648 7081 6062 3491 1579 2571 50567 16775 145 33792 332 81 25976 25758 3029 673 95 63 2356 1170 110 83 43 578 1186
cat_boundaries=0 1 2 3
cat_threshold=17443 8736 9441
is_linear=0
shrinkage=0.05


Tree=190
num_leaves=31
num_cat=3
split_feature=17 10 3 22 18 14 3 15 20 22 17 18 14 17 22 0 20 17 15 18 2 6 10 0 20 0 22 11 15 20
split_gain=6.02623 1.18563 1.12807 1.7062 1.41518 1.07873 1.07535 2.07697 2.9603 2.26007 1.22868 3.36597 1.08899 1.05306 1.05625 1.03158 1.04866 1.69153 1.77161 1.71661 1.00683 1.07266 1.40584 1.52296 1.1966 0.92437 1.22194 1.5617 0.881737 1.06257
threshold=0.57204744202512514 1.4468497739944199 1.5000000000000002 7.9962054421664908 0.30286776512357921 0.55920745798214477 1.0000000180025095e-35 2.015405756877946 0.18528005116041427 7.7496080878853908 1.8664855882846567 0.15870809378111453 1.8000241202036604 1.3590600817079415 7.1957483061525211 0 0.19591485697408559 4.4921201574197687 4.5661465959132714 0.15918393348918078 1.5000000000000002 1.0000000180025095e-35 2.4723189657945519 1 0.20053849998576853 2 7.0124397280683555 6.576190629359485 2.5804970343947198 0.17103898289623834
decision_type=8 8 2 10 8 8 2 8 10 8 10 10 8 10 10 1 8 10 10 10 2 2 10 1 10 1 8 8 8 10
left_child=-1 2 -2 -4 -5 -6 7 8 9 12 -11 -12 -3 14 -10 16 17 19 -19 -9 -8 -22 23 -23 -25 26 27 -24 29 -21
right_child=1 6 3 4 5 -7 20 15 13 10 11 -13 -14 -15 -16 -17 -18 18 -20 28 21 22 25 24 -26 -27 -28 -29 -30 -31
leaf_value=-0.013795191915705902 -0.0060439611380441972 0.0085246657341594458 -0.0013566620813045866 0.0070240718805255889 0.0026429775236355146 -0.0055053706238631685 -0.00036044285864530182 -0.00099351596699101519 0.014572959417647309 0.00042705258289940716 0.0052140234262854314 -0.00092029558162186212 0.0039397356698589667 -0.0013452306595936566 -3.3610290870091012e-05 0.00043516798371398888 -0.0010111832005336853 0.0033852296293265189 -0.001465176392362114 -0.00058076322295480673 0.0001477392446201985 -7.8668657613897053e-05 0.0026094048707259849 -0.0012354940720915618 -0.0035207836345111988 0.00067417177887833411 -0.00040047239061693921 -0.0051714735671317211 0.0005594016066163193 0.0054344801120204357
leaf_weight=966 601 25 1316 94 23 51 16478 488 32 89 26 22 26 183 40 5509 1509 25 22 44 21178 2373 39 1429 1104 2542 4159 46 532 77
leaf_count=966 601 25 1316 94 23 51 16478 488 32 89 26 22 26 183 40 5509 1509 25 22 44 21178 2373 39 1429 1104 2542 4159 46 532 77
internal_value=-0.000150538 -8.75482e-05 -0.00125899 -0.000518869 0.00422619 -0.000945947 -4.54346e-05 0.000468839 0.00380361 0.00856383 0.00521898 0.0116667 0.017549 0.000294116 0.00541667 0.000288812 -0.000511638 0.000597642 0.00989362 0.000214723 -0.000135569 2.43371e-05 -0.000360076 -0.00100489 -0.00185411 0.0001061 -0.000345558 0.00558823 0.00189127 0.0057438
internal_weight=61048 60082 2085 1484 168 74 57997 8649 443 188 137 48 51 255 72 8206 2697 1188 47 1141 49348 32870 11692 4906 2533 6786 4244 85 653 121
internal_count=61048 60082 2085 1484 168 74 57997 8649 443 188 137 48 51 255 72 8206 2697 1188 47 1141 49348 32870 11692 4906 2533 6786 4244 85 653 121
cat_boundaries=0 1 2 3
cat_threshold=3784 52532 55349
is_linear=0
shrinkage=0.05


Tree=191
num_leaves=31
num_cat=1
split_feature=19 15 19 10 22 4 19 1 20 4 11 21 22 21 22 3 15 20 5 4 22 22 18 11 21 11 22 20 20 20
split_gain=5.93143 1.19808 1.77253 1.33034 1.08323 2.0212 1.04149 1.05948 0.926718 1.02581 0.957121 0.914117 1.90669 1.38922 1.71201 0.9588 1.05549 1.55973 1.06778 2.18233 1.70318 0.949702 1.19999 1.73561 1.46481 1.15833 0.98777 0.89451 0.855187 0.842842
threshold=0.59131735898104476 0.80617661151178799 3.4782247315582269 4.7000256136009968 7.6606010360734489 7.5000000000000009 0.7314894522355665 0 0.18173927266263612 8.5000000000000018 6.3527164057087582 7.7005214989659585 7.7387374327485459 7.7763252526419917 7.7996082877823012 1.0000000180025095e-35 2.2989214154075905 0.16496058877492517 1.0000000180025095e-35 8.5000000000000018 7.7951766239799731 7.8430810326515106 0.20238913652909848 2.788088175025528 7.8619196447433657 5.1921231314970049 7.8879552508210917 0.16378970741583015 0.25247161733642037 0.39471388743317015
decision_type=8 10 10 10 10 2 10 1 10 2 10 10 10 10 10 2 10 10 2 2 8 10 10 8 10 10 10 10 10 10
left_child=-1 2 3 4 6 -6 7 -2 -4 10 28 15 -13 14 -14 16 17 18 19 -3 -21 -15 23 24 27 -25 -24 -23 -10 -17
right_child=1 11 8 -5 5 -7 -8 -9 9 -11 -12 12 13 21 -16 29 -18 -19 -20 20 -22 22 26 25 -26 -27 -28 -29 -30 -31
leaf_value=-0.011392849660253673 0.00028512770452324403 0.0011640864142636845 -0.0015970387190818753 0.0017334415435227052 0.015147108651122494 -0.00045291838585479502 -0.0099079268683025194 -0.011579519461445476 0.0067119055814922075 -0.00011016276166351045 0.0074725098797667868 -0.0022374347767544047 0.00018636556988097731 -0.0012433127914110616 0.0026954381817080614 -7.70110444518618e-05 0.00021182980127982967 0.0011930216579641639 -0.00076532907972226636 0.0073725969853083804 0.0040997714045827157 0.0022382916791518028 -0.0024865649605937852 0.00084800004596953548 -0.0022427671872399502 0.0045922454490892198 -0.00026576646956346809 6.131423847162636e-05 0.0020913214714953772 0.0011188192960420956
leaf_weight=981 405 86 175 57 22 191 670 449 53 160 20 1681 787 1900 286 39872 6736 591 25 20 38 52 397 1414 553 35 1114 87 174 1687
leaf_count=981 405 86 175 57 22 191 670 449 53 160 20 1681 787 1900 286 39872 6736 591 25 20 38 52 397 1414 553 35 1114 87 174 1687
internal_value=-0.000175238 -0.000111908 -0.00121212 -0.00198997 -0.00223662 0.00110329 -0.00270341 -0.00154567 0.00118557 0.00249386 0.00451417 -6.63355e-05 -0.00055141 -0.000169813 0.00147717 1.57974e-05 0.000536285 0.00230263 0.00653846 0.00819444 0.0156897 -0.000488114 -1.64305e-05 0.000744978 -0.00131503 0.00172878 -0.0010953 0.00327338 0.00359031 -7.8083e-05
internal_weight=60718 59737 2376 1794 1737 213 1524 854 582 407 247 57361 8306 6625 1073 49055 7496 760 169 144 58 5552 3652 2141 692 1449 1511 139 227 41559
internal_count=60718 59737 2376 1794 1737 213 1524 854 582 407 247 57361 8306 6625 1073 49055 7496 760 169 144 58 5552 3652 2141 692 1449 1511 139 227 41559
cat_boundaries=0 1
cat_threshold=1
is_linear=0
shrinkage=0.05


Tree=192
num_leaves=31
num_cat=2
split_feature=15 18 3 14 8 6 21 14 4 19 16 0 15 20 0 16 19 3 10 16 16 16 14 3 16 10 14 11 15 14
split_gain=5.40018 1.20322 1.1307 1.10808 1.75227 1.54667 0.874615 1.22674 1.15162 1.95172 1.43323 1.93497 1.26112 1.6605 1.18792 1.16975 1.05672 1.99894 1.84379 1.78489 1.54286 1.16915 1.60721 1.04557 1.03309 1.02498 0.974806 1.54378 0.969446 1.01734
threshold=0.72869838617104832 0.11998766260827202 4.5000000000000009 0.43773436867694998 6.5000000000000009 1.0000000180025095e-35 7.738270210091982 4.2217108890024422 7.5000000000000009 2.4566454190287481 0.11614702447121632 0 2.4601413292751073 0.39471388743317015 1 0.1937192088922656 1.9078085657652095 3.5000000000000004 1.1150072000796054 0.15048832239652254 0.23495564419039391 0.2110818363198195 1.7316163862908043 2.5000000000000004 0.18791024488926619 7.0425887464538537 0.89587973461402759 1.2382692000587421 4.0397692109288039 3.9049978834167329
decision_type=8 10 2 10 2 2 10 8 2 8 10 1 8 10 1 10 10 2 8 10 10 10 10 2 10 10 10 8 8 10
left_child=1 -1 -3 -4 5 -5 8 23 9 12 11 -10 13 -2 16 -15 17 18 -12 -20 21 22 -21 -8 -18 -11 27 -22 29 -13
right_child=6 2 3 4 -6 -7 7 -9 10 25 14 28 -14 15 -16 -17 24 -19 19 20 26 -23 -24 -25 -26 -27 -28 -29 -30 -31
leaf_value=-0.016534781587196522 -0.001857187446894932 -0.0066922064576088632 -0.0051112637110515245 0.0022950130429507665 -0.0058014071994718606 0.014347439627319727 -0.0017980779800892196 5.8926875085342654e-05 0.00035480844181483463 -3.5408983744689344e-05 -0.0013871970266604583 -0.00058552044649771073 -0.0074195708570199059 0.011205603825529381 0.00011355237207071141 0.001556221184957433 0.0012531862432433648 -0.00075368076432734551 -0.00089711944916151662 0.0017832220346955991 -0.00091510436784991321 0.0068543138440543619 0.0060871269292960056 -0.00019754794507180758 0.00017104002723526395 0.006018964554683915 0.00067395317419985715 0.0055343310462798983 -0.0031909613578680624 0.0036184471091702144
leaf_weight=591 2064 567 100 39 53 42 2028 3034 2238 29590 73 1103 322 22 9104 357 2809 241 51 34 23 22 28 2097 3280 38 67 50 841 83
leaf_count=591 2064 567 100 39 53 42 2028 3034 2238 29590 73 1103 322 22 9104 357 2809 241 51 34 23 22 28 2097 3280 38 67 50 841 83
internal_value=-0.000125512 -0.00320402 -0.00194132 0.000982905 0.00395522 0.00858025 -5.36095e-05 -0.000572008 1.71613e-05 -0.000167167 0.000315009 -0.000498243 -0.00143761 -0.00104994 0.000534785 0.00199208 0.00104067 0.00306451 0.0054885 0.00736364 0.00928571 0.0146429 0.011129 -0.00113333 0.000846607 -4.86039e-05 0.00607143 0.0100685 -0.00161267 -0.000699833
internal_weight=60991 1392 801 234 134 81 59599 7159 52440 32393 20047 4265 2765 2443 15782 379 6678 589 348 275 224 84 62 4125 6089 29628 140 73 2027 1186
internal_count=60991 1392 801 234 134 81 59599 7159 52440 32393 20047 4265 2765 2443 15782 379 6678 589 348 275 224 84 62 4125 6089 29628 140 73 2027 1186
cat_boundaries=0 1 2
cat_threshold=57763 4893
is_linear=0
shrinkage=0.05


Tree=193
num_leaves=31
num_cat=6
split_feature=17 10 5 16 0 1 3 3 20 0 16 1 16 19 19 1 18 16 14 0 16 15 16 20 16 10 6 20 12 19
split_gain=5.31902 1.36897 1.18559 1.0931 1.37733 1.69578 1.3887 1.57309 1.28763 1.19906 1.15741 1.60211 1.29639 1.1837 1.25735 1.08659 1.60666 1.08169 1.61912 1.08113 1.06294 1.05834 0.900935 1.52622 1.42226 0.904479 0.9372 1.15951 1.06765 0.874351
threshold=0.57204744202512514 1.4468497739944199 1.0000000180025095e-35 0.18204615749406408 0 1 1.0000000180025095e-35 3.5000000000000004 0.23078313948336807 2 0.14067088342130357 3 0.17250231952573475 4.3985116868594849 2.8603491792596305 4 0.1491481961732358 0.16049154836324736 4.5416976211131983 5 0.10598658673812807 1.4089773654025259 0.15248362129925641 0.15718976614219479 0.1478240770366461 4.6732959059578052 1.0000000180025095e-35 0.18956014971378857 3.6415248988725928 5.1385379563179958
decision_type=8 8 2 8 1 1 2 2 10 1 10 1 10 10 10 1 8 10 10 1 10 8 10 10 10 10 2 10 8 10
left_child=-1 -2 19 4 8 -6 10 -8 -4 15 11 13 -12 14 -7 29 -17 -10 -19 -3 -13 -11 24 -24 25 26 -9 28 -28 -5
right_child=1 2 3 9 5 6 7 22 17 21 12 20 -14 -15 -16 16 -18 18 -20 -21 -22 -23 23 -25 -26 -27 27 -29 -30 -31
leaf_value=-0.011587122596070604 -0.0019281730790276183 -0.00083335505881899127 -0.00093295219997029479 0.00055626174174451624 -0.0046132759579868609 0.0029502939387697413 -0.00063331874070110268 0.00051964849712409064 0.00029122781649170261 0.0072905235319678024 -0.001322366700773897 0.0027951349088468757 0.0037357766777125143 0.0060064826101720913 -0.0020089702179852762 0.0017163623599922816 -0.0015542496594668188 0.0041047587507531645 -0.0022669335322851258 6.3737454947985537e-05 0.0065043145682772002 -0.0021539360822346197 0.0016439748964096322 -0.0012786469260369405 0.0032250309877441432 0.0064541591861534235 -0.00050527451191355603 0.0042587817513855108 0.0040967118834342392 0.001976224892422971
leaf_weight=950 2073 1725 1499 424 213 34 772 433 213 42 83 20 25 20 38 24 1087 35 27 48962 23 1824 30 178 44 23 34 23 20 78
leaf_count=950 2073 1725 1499 424 213 34 772 433 213 42 83 20 25 20 38 24 1087 35 27 48962 23 1824 30 178 44 23 34 23 20 78
internal_value=-0.000130052 -7.13036e-05 -2.61431e-05 -0.000623453 -3.56495e-05 0.000857636 0.00136111 0.000812459 -0.00104821 -0.0012633 0.00487654 0.00796296 0.00101852 0.00423913 0.00125 -0.000255701 -0.00112961 0.00209091 0.00790322 5.94815e-05 0.0159302 -0.00212154 0.00238853 -0.000432693 0.00340554 0.00269231 0.0022549 0.00733766 0.00333333 0.00167331
internal_weight=60976 60026 57953 7266 3787 2013 1800 1557 1774 3479 243 135 108 92 72 1613 1111 275 62 50687 43 1866 785 208 577 533 510 77 54 502
internal_count=60976 60026 57953 7266 3787 2013 1800 1557 1774 3479 243 135 108 92 72 1613 1111 275 62 50687 43 1866 785 208 577 533 510 77 54 502
cat_boundaries=0 1 2 3 4 5 6
cat_threshold=17703 1 51372 2 4 128
is_linear=0
shrinkage=0.05


Tree=194
num_leaves=31
num_cat=3
split_feature=19 4 12 20 20 1 0 20 22 21 20 17 0 17 19 21 18 16 20 18 22 12 21 19 3 19 10 21 22 17
split_gain=5.08969 1.08455 1.39884 1.2939 1.23079 1.93692 1.42413 1.29321 2.96113 1.59124 1.82106 1.54353 1.13686 1.06708 2.48709 2.14736 1.87208 1.19282 1.40996 1.05131 1.04874 2.36723 2.1717 1.61958 2.59662 3.37429 1.4552 1.17549 1.75491 1.16847
threshold=0.51903292904686993 8.5000000000000018 1.9530024665512917 0.33934841540469468 0.20053849998576853 0 1 0.15237931488301329 7.5940226630704704 7.6776319655965102 0.1768367233435926 3.9579391248874569 2 3.2350912840078494 3.0572451967142649 7.2236602439240736 0.20968681342344311 0.32810221564706504 0.30999332304362531 0.20006521009944314 7.7539231484427225 3.1112881340356844 7.7303944306549814 3.4338268747807352 1.0000000180025095e-35 3.3804106313429494 3.3792910951838295 7.4750557094823042 7.4516328444147737 3.2759893361630765
decision_type=8 2 8 10 8 1 1 10 8 8 10 10 1 10 10 10 10 10 10 8 8 8 8 10 2 10 8 8 10 10
left_child=-1 2 3 -2 5 -3 7 8 -7 10 -9 -12 13 14 17 16 -16 -6 -19 20 27 -22 -23 24 26 29 -24 28 -8 -26
right_child=1 4 -4 -5 12 6 19 9 -10 -11 11 -13 -14 -15 15 -17 -18 18 -20 -21 21 22 23 -25 25 -27 -28 -29 -30 -31
leaf_value=-0.014685130561286142 -0.0030535473203297555 0.00097095577779195738 -7.4567503319377068e-05 0.0012010244879120098 -0.00030486320899875358 -0.00068840888008083064 -0.0016603511733135211 0.0061773236914608835 0.012118944545882776 -0.00093477963899488517 0.0065154036593867114 -0.001850485218308727 0.00016487663672136395 -0.00093776441451794363 0.010626430905606004 0.0012940023042206977 0.0083108144969876226 0.0039826015460318392 -0.00047859092828328334 -0.0023723897305039793 -0.0023000527874510904 0.0052945748328124473 0.00083346080421061472 4.356933613381842e-05 0.0034479616001556346 0.007965941881610648 0.042632202418748759 -0.0010244503875108228 0.0021164683599734203 -0.0047810015239877204
leaf_weight=709 1869 5181 37581 426 1048 43 102 26 46 287 21 51 7559 2194 22 65 20 20 23 631 331 83 22 585 79 42 24 1644 88 91
leaf_count=709 1869 5181 37581 426 1048 43 102 26 46 287 21 51 7559 2194 22 65 20 20 23 631 331 83 22 585 79 42 24 1644 88 91
internal_value=-8.31526e-05 -3.35538e-05 -0.000185075 -0.00138344 0.000263675 0.00068412 -0.000114396 0.00243802 0.00792135 0.00123377 0.00673469 0.00263889 -9.63394e-05 -0.00085538 0.000342236 0.00761682 0.0164286 -0.00037122 0.0077907 -0.000444803 -6.63228e-05 0.00104614 0.00234341 0.00158363 0.00488372 0.00254717 0.0156522 -0.000828791 0.00289474 -0.000588236
internal_weight=60913 60204 39876 2295 20328 9377 4196 474 89 385 98 72 10951 3392 1198 107 42 1091 43 3722 3091 1257 926 843 258 212 46 1834 190 170
internal_count=60913 60204 39876 2295 20328 9377 4196 474 89 385 98 72 10951 3392 1198 107 42 1091 43 3722 3091 1257 926 843 258 212 46 1834 190 170
cat_boundaries=0 1 2 3
cat_threshold=2 2336 51268
is_linear=0
shrinkage=0.05


Tree=195
num_leaves=31
num_cat=0
split_feature=15 10 20 16 16 22 14 22 22 18 16 10 21 20 13 4 18 14 13 12 20 12 22 16 3 20 20 3 18 15
split_gain=4.6519 1.0322 0.939667 0.937611 1.07005 1.60043 1.16552 0.837303 0.937771 1.30778 1.90932 1.72546 0.985089 1.55971 1.36773 0.970558 1.20672 0.897474 1.16036 1.80776 0.889496 0.907991 0.915048 0.711754 1.22657 1.41502 0.943875 1.94056 1.68574 2.17746
threshold=0.56408292293427376 2.0731521505764063 0.1132127554558619 0.15919421920255453 0.2466251438986474 7.3499099245453996 0.43773436867694998 8.1049945641650982 7.9148106124164155 0.17365979338305623 0.2110818363198195 4.4824372608287417 7.829033532565842 0.14963395780947539 2.4024201905583298 8.5000000000000018 0.13157786646847522 1.9530024665512917 3.7577049642608613 2.3174615720687197 0.28145102723360033 3.7807740687317635 7.9807886712132605 0.23242581409102883 1.5000000000000002 0.55529988472415648 0.39471388743317015 3.5000000000000004 0.44388055589350456 4.7581106046526864
decision_type=8 8 10 10 10 8 10 10 10 10 8 10 10 10 10 2 10 10 8 8 10 10 10 10 2 10 10 2 10 10
left_child=3 2 -2 -1 5 6 -5 8 12 10 17 -11 23 14 -14 -16 -17 18 19 -10 21 -13 -23 -3 25 -25 -26 28 29 -28
right_child=1 7 -4 4 -6 -7 -8 -9 9 11 -12 20 13 -15 15 16 -18 -19 -20 -21 -22 22 -24 24 26 -27 27 -29 -30 -31
leaf_value=-0.013950874033221834 -0.014633681663639962 -5.4561720114169529e-05 -0.00056586130279995836 -0.00010738835675994218 -0.0080947981804357031 -0.0055599152604909061 0.011164917773776317 -0.0015714314415258075 0.0009594301872456883 -0.00039575300666250019 0.006447896602409138 0.011391630753478453 0.0023390506641735582 -0.0013304402308331421 -0.0035072331141241253 -0.0017453536397307263 0.0020207893255867709 0.00069181384577048782 0.0012921259257269464 0.0064285061137545106 -0.00013999325301979041 0.0023438779969281007 -0.0008730814185825543 -3.0818602542409585e-05 0.00034079554067154168 -0.013535118430323618 0.010885724251537518 0.00044851413790926843 0.0077404355357313347 0.0018691871445978955
leaf_weight=718 132 41608 3988 20 86 75 29 432 26 806 26 23 124 1804 83 30 32 486 92 37 51 41 23 2850 5987 305 38 719 312 25
leaf_count=718 132 41608 3988 20 86 75 29 432 26 806 26 23 124 1804 83 30 32 486 92 37 51 41 23 2850 5987 305 38 719 312 25
internal_value=-0.000139983 -8.57202e-05 -0.000849516 -0.00365302 -0.000714287 0.00225806 0.00928571 -2.94865e-05 -1.24274e-05 0.00117629 0.00287106 -2.11876e-05 -4.79453e-05 -0.00111674 0.00243494 -0.00086207 0.00387097 0.00233229 0.00564516 0.010873 0.00514493 0.00821839 0.00515625 -5.20912e-06 0.000368307 -0.000451665 0.000733652 0.00208409 0.005 0.0124603
internal_weight=61008 60080 4120 928 210 124 49 55960 55528 1611 667 944 53917 2073 269 145 62 641 155 63 138 87 64 51844 10236 3155 7081 1094 375 63
internal_count=61008 60080 4120 928 210 124 49 55960 55528 1611 667 944 53917 2073 269 145 62 641 155 63 138 87 64 51844 10236 3155 7081 1094 375 63
is_linear=0
shrinkage=0.05


Tree=196
num_leaves=31
num_cat=0
split_feature=19 10 16 16 3 16 13 22 18 9 3 16 16 19 19 10 4 18 22 20 3 13 20 10 13 3 22 19 3 22
split_gain=5.18776 1.07912 0.925051 0.790355 0.760134 1.27174 1.80223 0.672341 0.715147 0.693311 1.53465 1.53464 2.04904 1.33431 2.77765 2.73359 1.2485 1.91615 1.38827 1.15693 1.11574 2.00872 1.1675 1.2689 1.15211 1.10359 1.16994 1.43734 2.00645 1.65595
threshold=0.59131735898104476 1.4468497739944199 0.11690461389193145 0.1626292022999592 3.5000000000000004 0.26122812655043331 0.66750053336617021 8.1463259676937962 0.48701553199783937 1.0000000180025095e-35 4.5000000000000009 0.10786344083701947 0.11690461389193145 4.4227821285757249 4.7444378396016313 4.5146981330305147 7.5000000000000009 0.090109003326218615 7.1230286278281127 0.10623661859141505 1.0000000180025095e-35 2.4292080405593728 0.16193163050410544 3.0796111151707293 5.5915465080447468 3.5000000000000004 7.8245625345908385 1.9078085657652095 2.5000000000000004 6.9146786144020833
decision_type=8 8 10 10 2 10 8 10 10 2 2 10 10 10 10 8 2 8 10 10 2 8 10 10 10 2 8 8 2 10
left_child=3 2 -2 -1 -5 6 -6 9 -9 10 16 -12 -13 -14 15 -15 18 -18 -3 -11 21 -21 -22 -24 -25 26 27 -19 -29 -30
right_child=1 7 -4 4 5 -7 -8 8 -10 19 11 12 13 14 -16 -17 17 25 -20 20 22 -23 23 24 -26 -27 -28 28 29 -31
leaf_value=-0.014183445432070086 -0.0050572864840836059 6.9012244618785252e-05 -0.00087211214632074369 -0.0053185603620059616 0.048485095721728003 -0.0059947679274901938 -0.0016450385199985994 -0.0020091819328804813 0.0016735710146093302 -0.0033002935804751577 -0.00097744457301624454 0.0031904642073108005 0.000921812764252199 0.02398476810286684 0.0021704136507682318 0.013688534078066401 0.025151877129834233 0.0033508167025575 -0.0023098388706974961 0.0017274261352742679 0.00023559738930292466 0.00013006500392712735 -0.00051094197509734206 1.5343151978882148e-05 -0.00089990808318764432 -0.0029105320446201899 -0.00023459478873797228 -1.3595962140892373e-05 -0.002839628233557703 0.0078789740472883993
leaf_weight=760 296 1388 1773 122 21 46 31 309 38 289 506 22 847 20 363 31 30 148 839 639 6533 7213 15862 20145 632 433 750 629 41 200
leaf_count=760 296 1388 1773 122 21 46 31 309 38 289 506 22 847 20 363 31 30 148 839 639 6533 7213 15862 20145 632 433 750 629 41 200
internal_value=-0.000167007 -0.000108044 -0.00123006 -0.00377551 -0.00113636 0.00214286 0.0075 -6.7955e-05 -0.00226225 -5.47267e-05 0.000442611 0.00167971 0.00259938 0.00233545 0.00466183 0.0155882 -5.3837e-05 0.000782159 -0.000891335 -0.000115274 -9.74063e-05 0.000450839 -0.00019712 -0.000306915 -4.98159e-05 0.000611085 0.00116516 0.00226915 0.00149425 0.00537344
internal_weight=60956 59976 2069 980 220 98 52 57907 347 57560 6247 1789 1283 1261 414 51 4458 2231 2227 51313 51024 7852 43172 36639 20777 2201 1768 1018 870 241
internal_count=60956 59976 2069 980 220 98 52 57907 347 57560 6247 1789 1283 1261 414 51 4458 2231 2227 51313 51024 7852 43172 36639 20777 2201 1768 1018 870 241
is_linear=0
shrinkage=0.05


Tree=197
num_leaves=31
num_cat=5
split_feature=19 17 0 16 1 0 20 4 10 0 20 17 20 17 16 0 10 4 12 3 22 20 11 16 3 12 13 3 11 17
split_gain=4.71244 1.41012 1.77799 1.73751 1.68291 1.9331 3.80975 1.60621 1.1024 1.04035 1.05862 0.898308 1.06288 1.39823 2.27496 1.1507 1.00541 1.04087 1.8495 3.10303 0.993778 0.957114 1.43761 1.37836 1.26633 1.14755 0.968618 1.26112 0.941347 1.49129
threshold=0.51903292904686993 1.8664855882846567 0 0.14358139162026992 1 2 0.62949767933356837 7.5000000000000009 1.638949582658831 3 0.24719497187218722 4.9932779339093747 0.16654550837508375 2.0386160064121421 0.10490293557320822 4 4.7278301009172088 2.5000000000000004 4.9348335160300456 3.5000000000000004 7.4018455359823703 0.1768367233435926 5.726847694536235 0.21545584948502569 4.5000000000000009 5.0648077231336464 4.9130223976967367 2.5000000000000004 4.9348335160300456 4.8429211838875812
decision_type=8 10 1 10 1 1 8 2 10 1 8 10 10 10 10 1 8 2 8 2 10 10 10 10 2 8 10 2 10 10
left_child=-1 2 -2 4 5 6 -4 -8 -5 10 -3 12 13 14 -11 -15 -13 18 19 -18 -16 -20 23 24 25 -23 -27 -28 -17 -30
right_child=1 9 3 8 -6 -7 7 -9 -10 11 -12 16 -14 15 20 28 17 -19 21 -21 -22 22 -24 -25 -26 26 27 -29 29 -31
leaf_value=-0.011692081849506786 0.002800971758837402 0.00027896289823399869 -0.0024685730485970994 -0.00044894214739391898 -0.004050767002611531 -0.0015890129868923629 0.0031906531393307604 0.013319461164651708 0.0021110841166951042 0.0047325910718563997 -0.00042825697570056154 0.0053953643138995866 -0.00025673827941547709 0.0015833436810528271 0.0028294380178898459 -5.4162727095165286e-05 0.0067016743324838854 1.6510202098178913e-05 -0.0023431245925245917 -0.00066854652388427451 -0.0080963864042033953 -0.0033893095523851238 0.0069481487932381032 -0.0010498861160202154 -0.00038429606288194391 0.0012537893271876252 0.0019266229880048865 0.0091278525389834452 0.0039034913233581478 -0.00099675418295513962
leaf_weight=701 129 15653 56 2558 1483 507 26 22 413 28 2882 26 26716 625 49 5737 24 2661 112 20 33 32 31 216 149 68 106 62 24 27
leaf_count=701 129 15653 56 2558 1483 507 26 22 413 28 2882 26 26716 625 49 5737 24 2661 112 20 33 32 31 216 149 68 106 62 24 27
internal_value=-0.000139435 -9.2188e-05 -0.000879863 -0.00102956 -0.00213467 7.36486e-05 0.00596491 0.016875 -0.000254124 -1.8181e-05 0.000287138 -0.000172218 -0.000252566 0.000319637 0.00590909 0.000223763 0.000588821 0.000515655 0.00207317 0.0120455 0.00170732 0.00150773 0.00222891 0.00171406 0.00339328 0.00544776 0.00665254 0.00869047 1.72354e-06 0.0067647
internal_weight=61176 60475 5194 5065 2094 611 104 48 2971 55281 18535 36746 33239 6523 110 6413 3507 3481 820 44 82 776 664 633 417 268 236 168 5788 51
internal_count=61176 60475 5194 5065 2094 611 104 48 2971 55281 18535 36746 33239 6523 110 6413 3507 3481 820 44 82 776 664 633 417 268 236 168 5788 51
cat_boundaries=0 1 2 3 4 5
cat_threshold=16417 1 192 21252 88
is_linear=0
shrinkage=0.05


Tree=198
num_leaves=31
num_cat=5
split_feature=15 6 20 0 12 20 16 1 16 18 0 17 22 20 20 1 11 15 19 18 19 22 20 15 20 18 16 1 12 17
split_gain=4.53129 1.19816 1.37395 1.51664 1.27932 1.19161 1.33544 1.17396 1.15789 1.1428 1.32484 1.40968 1.27813 1.64869 1.71652 1.5158 1.31868 1.27303 1.1263 3.72308 1.09126 1.21928 1.04606 1.04566 1.6018 1.04347 1.01076 0.984769 1.31548 0.976817
threshold=0.56408292293427376 1.0000000180025095e-35 0.12680550947762625 0 2.4723189657945519 0.14250100601520646 0.10409730861785273 1 0.15919421920255453 0.20185239069713845 2 6.7504783557224748 7.8562251520982747 0.18127603255932109 0.18870846901719332 3 3.8846512804974966 4.7365307973927111 3.030963279203744 0.14974312425714867 3.0440208617448872 7.9556151798710015 0.27871691395946291 4.8707446384268431 0.1891321608964224 0.19663081040388877 0.26344241678398184 4 3.9579514811989376 4.4054348808900974
decision_type=8 2 10 1 8 8 10 1 10 10 1 10 10 8 10 1 8 10 10 10 10 10 10 10 10 10 10 1 10 10
left_child=8 2 3 27 5 6 -3 -8 -1 10 11 12 17 15 16 -14 -15 -6 19 -17 -16 29 26 24 -19 -12 -10 -2 -29 -22
right_child=1 4 -4 -5 9 -7 7 -9 22 -11 25 -13 13 14 20 18 -18 23 -20 -21 21 -23 -24 -25 -26 -27 -28 28 -30 -31
leaf_value=-0.012034330205892375 -0.0021357225528252071 -0.0025656516177951678 6.5217379985188913e-05 -0.003311431274105537 -0.00014653411975635655 -0.0012761637632801987 0.0038501873279931883 0.001035924527052455 0.0027398388060785521 -0.0006444140517297205 -0.00033566782518860896 0.0058198727062459057 0.0014450513199051795 0.0017500996435965374 0.0029141587064885075 0.0019509830759677081 0.0052645454692905377 -0.0030891089780016169 -0.0022110599822569464 -0.003090958046361161 0.0042781119691480676 -0.0010649266614600574 -0.0064538789348660419 0.00070849316430322828 0.0070450462189220664 0.0012543987701329352 -0.021829172153185049 0.0012327575525269249 0.0046946757033508668 4.5480018539222788e-05
leaf_weight=751 80 110 37520 649 2459 3805 20 256 83 7076 6355 44 28 26 24 20 30 66 243 32 147 114 100 377 144 337 29 136 39 76
leaf_count=751 80 110 37520 649 2459 3805 20 256 83 7076 6355 44 28 26 24 20 30 66 243 32 147 114 100 377 144 337 29 136 39 76
internal_value=-0.000143522 -8.91016e-05 7.88558e-05 -0.00184735 -0.000385287 -0.00117037 0.00147668 0.00333333 -0.00354621 -0.000198319 0.000132103 0.000872395 0.000771261 0.00263513 0.00471223 -4.64408e-05 0.0128571 0.000318449 -0.0011017 0.00557692 0.00344875 0.00271513 -0.00028302 0.00241056 0.00523809 -0.000292451 0.00303571 0.00141509 0.00357143 0.00486547
internal_weight=61176 60213 38424 904 21789 4191 386 276 963 17598 10522 3830 3786 740 417 323 56 3046 295 52 361 337 212 587 210 6692 112 255 175 223
internal_count=61176 60213 38424 904 21789 4191 386 276 963 17598 10522 3830 3786 740 417 323 56 3046 295 52 361 337 212 587 210 6692 112 255 175 223
cat_boundaries=0 1 2 3 4 5
cat_threshold=20553 1 20745 4 4
is_linear=0
shrinkage=0.05


Tree=199
num_leaves=31
num_cat=4
split_feature=19 5 22 18 0 19 19 19 19 8 18 17 21 3 0 14 7 18 21 14 3 0 3 14 3 18 22 0 16 22
split_gain=4.4742 1.10419 1.62559 1.38733 1.37482 1.51425 2.261 1.83344 1.2082 1.98717 1.92823 1.14626 2.62721 2.89743 2.00637 1.43546 1.16545 1.14083 1.3496 1.0239 1.01821 0.98535 1.1961 1.37085 0.952786 0.878062 0.872108 0.852504 1.40344 1.38732
threshold=0.51903292904686993 1.0000000180025095e-35 7.6853976673691857 0.12224464770456957 0 4.3750751739979075 5.8733478586983567 5.9477535360787455 4.2786636355695213 5.5000000000000009 0.17968379390210054 0.97947445047639825 7.8040473435334432 5.5000000000000009 1 0.66750053336617021 8.5000000000000018 0.24133305821145803 7.0107629273287992 1.011435595095721 1.0000000180025095e-35 2 3.5000000000000004 2.5989721962006249 2.5000000000000004 0.24133305821145803 7.6705299098168345 3 0.32810221564706504 7.0170562669902381
decision_type=8 2 8 8 1 8 10 10 10 2 10 10 10 2 1 8 10 10 10 8 2 1 2 8 2 8 10 1 10 8
left_child=-1 11 4 21 26 8 20 -8 19 10 -10 12 14 15 16 24 -2 18 -12 -6 -7 22 -4 -24 -14 -21 -3 28 -13 -30
right_child=1 2 3 -5 5 6 7 -9 9 -11 17 27 13 -15 -16 -17 -18 -19 -20 25 -22 -23 23 -25 -26 -27 -28 -29 29 -31
leaf_value=-0.010505761246736828 0.00018861526407706484 -0.00083061652580349683 -0.00034479342395619776 -0.001261017552476485 0.0063595690954335732 0.0010015697365907551 0.0050304854532273874 -0.00073405028921584526 0.00016692956891015934 -0.0010686764927076594 0.0083415635828036159 0.00019700085457127707 0.0021006112374692873 0.010282831677765713 -0.0039921525855383553 -0.00062612749254849502 0.0034374275182427918 0.0089523928597742917 0.0035924675995678773 0.0011017519986656608 -0.0029000235359214633 -0.00058367151787431788 0.0017732766483563979 0.0045802003795583036 0.0016976575074903084 -0.00053153310297489754 0.0026067789731250303 -3.7165837607935797e-05 -0.00065633321979870055 0.0037890476424153234
leaf_weight=720 86 1690 52 3479 59 64 34 35 42 67 25 13579 23 33 1958 144 22 27 23 1020 457 154 30 41 27 244 27 36355 77 393
leaf_count=720 86 1690 52 3479 59 64 34 35 42 67 25 13579 23 33 1958 144 22 27 23 1020 457 154 30 41 27 244 27 36355 77 393
internal_value=-0.000109615 -6.2805e-05 -0.000627478 -0.00136582 9.96317e-05 0.000956335 -0.00118644 0.00731884 0.00180159 0.00559782 0.00952991 1.8311e-05 -0.00107501 0.00403084 -0.00163601 0.00170103 0.00474576 0.0143333 0.0189583 0.00127362 -0.00231286 0.00203971 0.00515037 0.00978873 0.009 0.0009731 -0.00094673 6.8049e-05 0.000398676 0.00308511
internal_weight=60987 60267 7570 3756 3814 2097 590 69 1507 184 117 52697 2293 227 2066 194 108 75 48 1323 521 277 123 71 50 1264 1717 50404 14049 470
internal_count=60987 60267 7570 3756 3814 2097 590 69 1507 184 117 52697 2293 227 2066 194 108 75 48 1323 521 277 123 71 50 1264 1717 50404 14049 470
cat_boundaries=0 1 2 3 4
cat_threshold=25635 17409 6340 1798
is_linear=0
shrinkage=0.05


Tree=200
num_leaves=31
num_cat=1
split_feature=19 21 22 21 12 20 22 21 22 21 22 4 16 13 13 19 12 13 14 12 1 18 10 14 22 12 21 22 3 10
split_gain=4.48727 1.17413 2.52228 3.10589 1.86483 1.93903 1.78359 3.21454 1.71823 1.86156 1.65667 1.5946 1.26776 2.13459 2.01264 1.94137 1.68295 1.225 1.21614 1.20789 1.49682 1.16029 1.10692 1.10079 1.06404 1.03488 1.01263 1.42709 1.68832 1.13259
threshold=0.51903292904686993 7.4835255518698434 7.5719940652990205 7.5880704486643262 3.3050518377464333 0.17301705667378378 7.6366303815293408 7.6776319655965102 7.7387374327485459 7.713561252735313 7.6705299098168345 7.5000000000000009 0.14281077641637094 1.9530024665512917 3.7340910832294019 4.1329032323687267 3.6519552588822624 4.4385249341350947 6.3146338230338506 4.0262437516319016 0 0.11998766260827202 5.5457631913340579 0.66750053336617021 7.6116287643274676 0.61482027553725704 7.8619196447433657 7.821313935033487 3.5000000000000004 4.0935105336717532
decision_type=8 10 10 10 10 10 10 10 10 10 10 2 8 8 8 10 8 8 10 10 1 8 10 8 10 8 10 10 2 8
left_child=-1 25 18 4 -4 11 -5 10 22 -10 21 17 14 -14 -12 16 -16 -6 -3 24 -21 -8 -9 -11 -7 -2 27 -25 -29 -30
right_child=1 2 3 6 5 19 7 8 9 23 12 -13 13 -15 15 -17 -18 -19 -20 20 -22 -23 -24 26 -26 -27 -28 28 29 -31
leaf_value=-0.010832549394850439 -0.0050333862007791857 -0.0016725452565345264 0.00088837261223836646 -0.0019117266199930511 0.0031774760075590951 0.0019618735037047904 0.0057449503580711539 -0.0018264946751133894 0.0032013392864159934 0.0024632519173314457 0.0010319321052490202 0.0047427505145653092 0.0078644622778520339 0.00089722820157184995 0.0067627338836142919 0.00082129705690486181 0.0092417694370306499 0.0041849725621284231 0.0021644268046887593 0.006396629561896571 -0.0015085247248345819 -0.00018535370254545787 0.0020706595615965248 -0.00042158162553286214 0.0062444560433948708 4.5994865287269693e-05 -0.00068143293314334226 0.00012602883663944209 0.0028145230178094989 -0.00031534796182191736
leaf_weight=727 385 3496 562 1344 20 71 21 2106 288 74 104 71 22 541 29 37 33 20 24 23 160 554 20 1881 56 43658 3319 786 376 126
leaf_count=727 385 3496 562 1344 20 71 21 2106 288 74 104 71 22 541 29 37 33 20 24 23 160 554 20 1881 56 43658 3319 786 376 126
internal_value=-0.00013244 -8.52903e-05 -0.000449766 -0.000120216 0.00257884 0.00509501 -0.000347742 -0.000124553 -0.000465687 -8.02932e-05 0.00215884 0.0107658 0.00368146 0.00246003 0.00706896 0.0121717 0.0175806 0.01875 -0.00163352 0.00306451 0.00046448 0.000130434 -0.00170743 -0.000252973 0.00681102 4.84742e-05 -0.000322134 0.000317134 0.00159938 0.00386454
internal_weight=60934 60207 16164 12644 983 421 11661 10317 8976 6850 1341 111 766 563 203 99 62 40 3520 310 183 575 2126 6562 127 44043 6488 3169 1288 502
internal_count=60934 60207 16164 12644 983 421 11661 10317 8976 6850 1341 111 766 563 203 99 62 40 3520 310 183 575 2126 6562 127 44043 6488 3169 1288 502
cat_boundaries=0 1
cat_threshold=2
is_linear=0
shrinkage=0.05


Tree=201
num_leaves=31
num_cat=0
split_feature=11 16 6 4 22 21 12 13 5 11 17 21 18 12 10 18 22 21 21 22 3 21 18 10 18 12 15 3 22 22
split_gain=3.82476 0.997631 0.924976 1.32375 1.78249 3.32809 1.80762 2.11831 1.46132 1.22267 1.35308 1.98417 1.1934 1.17145 0.983315 0.951941 1.15346 0.976183 0.92219 1.69676 0.939575 0.988256 1.61659 0.880782 0.86787 0.859741 1.23209 0.878806 1.38512 1.62909
threshold=0.61482027553725704 0.14196697834662361 1.0000000180025095e-35 7.5000000000000009 7.5866603333635654 7.5763535537980751 2.9780741009902076 4.9326736876967461 1.0000000180025095e-35 1.9530024665512917 2.279737197911007 7.6950756036740886 0.17724170104204104 2.6706884280042424 1.6955735229043272 0.27592934021199472 7.9291277697283098 7.7645082756109991 7.6739205252747036 7.7416500986752217 1.5000000000000002 7.7413163396585984 0.18461602162454208 2.6497083809956692 0.17675397859692041 4.875960099855571 4.6382221590158137 1.0000000180025095e-35 7.7866676176211103 7.2241014616247208
decision_type=8 10 2 2 10 8 10 8 2 8 8 8 10 8 10 8 8 8 10 10 2 10 10 10 10 10 10 2 10 10
left_child=1 -1 -2 4 13 6 -6 -8 25 -7 11 -11 -13 -4 -14 17 -17 24 -12 20 21 22 -20 -21 -10 26 -5 28 29 -27
right_child=2 -3 3 8 5 9 7 -9 15 10 18 12 14 -15 -16 16 -18 -19 19 23 -22 -23 -24 -25 -26 27 -28 -29 -30 -31
leaf_value=-0.012168142697598722 3.8966511023811997e-05 -0.0027675905690087259 -0.0027371196200756454 0.00017167236699673974 0.0012937444607707047 -0.0046844443418849148 0.0048498179035727342 0.007782353456950066 -0.0023636518207388064 0.012626412283389832 0.00037558782388097612 -0.0020103292252634012 0.00012074866872826808 -0.0011980002264460644 0.0025825946692480434 -0.00056927548256498542 0.0030586947610060141 -0.0026805229232598135 0.0034558865520477942 -0.0016835471354171066 -0.0033875409665464771 -0.0052150539001259676 -0.0017878360945423116 0.00086370998136720836 0.0011527843008703523 0.0018214611700399968 -0.0011021580078593458 0.00098978052647833467 -0.0059870586703964605 0.0061686682000619284
leaf_weight=589 38136 455 1192 9104 79 234 53 23 88 36 1585 155 25 5024 28 154 66 995 70 185 594 71 101 680 173 22 447 430 23 28
leaf_count=589 38136 455 1192 9104 79 234 53 23 88 36 1585 155 25 5024 28 154 66 995 70 185 594 71 101 680 173 22 447 430 23 28
internal_value=-0.000131894 -0.00313219 -7.95149e-05 -0.000340412 -0.000757278 7.78248e-05 0.00725806 0.0127632 2.60179e-05 -0.000217855 1.41631e-05 0.00360656 0.00173077 -0.00128378 0.00820755 -0.00144309 0.00159091 -0.00197452 -0.000252588 -0.00106114 -0.00266747 -4.13235e-05 0.00201754 0.000491328 0.000747125 0.000241694 0.000135587 0.00225646 0.00732877 0.012
internal_weight=60845 1044 59801 21665 10135 3919 155 76 11530 3764 3530 244 208 6216 53 1476 220 1256 3286 1701 836 242 171 865 261 10054 9551 503 73 50
internal_count=60845 1044 59801 21665 10135 3919 155 76 11530 3764 3530 244 208 6216 53 1476 220 1256 3286 1701 836 242 171 865 261 10054 9551 503 73 50
is_linear=0
shrinkage=0.05


Tree=202
num_leaves=31
num_cat=5
split_feature=15 18 10 4 4 0 15 0 21 0 10 10 13 10 13 7 22 14 5 0 16 18 0 3 22 22 22 21 20 20
split_gain=4.43086 0.807797 0.796372 0.975554 1.68878 1.73005 1.12357 2.52896 1.47937 1.96653 1.18307 1.14365 2.08542 1.4888 1.12375 1.10229 1.21907 1.07148 1.2074 1.31347 1.05095 1.04121 1.36548 2.50459 1.34312 1.22554 1.0019 1.59772 1.2197 1.6635
threshold=0.56408292293427376 0.12440619583057236 3.9328050649669928 7.5000000000000009 4.5000000000000009 0 3.4250859991035747 1 7.8330057325829623 2 3.3621084911301438 3.4672959664678489 3.2902640870623023 3.6014124977339228 3.2007097802444995 2.5000000000000004 7.7772946016519908 2.8183938029159621 1.0000000180025095e-35 3 0.053288739064242217 0.10923732894780416 4 1.0000000180025095e-35 7.2542076304344159 7.3323252377490435 7.6402257824975424 7.5976471353672901 0.16548724546364724 0.16255081713942018
decision_type=8 10 10 2 2 1 8 1 10 1 8 10 8 10 10 10 10 8 2 1 8 8 1 2 10 8 10 8 10 10
left_child=1 -1 3 4 17 -6 8 -8 9 14 -9 15 -13 -14 -5 -11 -17 20 19 -19 -2 22 25 -24 -25 -7 -23 -28 29 -29
right_child=2 -3 -4 6 5 21 7 10 -10 11 -12 12 13 -15 -16 16 -18 18 -20 -21 -22 26 23 24 -26 -27 27 28 -30 -31
leaf_value=-0.011688359107235719 0.0039226903523397099 -0.0032566311633127052 0.00010819459525514811 2.0504149935585691e-05 -0.0037943459057116278 0.001324226389583495 0.00115638510309363 -0.0054861421843516965 -0.00075518262940299941 0.00069073484623473921 -0.00062527722676803386 0.00023616134427036515 0.0055070956332590936 0.0015315914248075191 -0.0028280900380279932 0.0036156887731594099 -0.0044780665495985569 -0.00050685426121085887 -0.0010079225056309783 0.00053002023603979911 0.00051841080803648122 -0.0011865980804522439 0.0034935169857640523 -0.0032095898552557157 0.0036753229687956769 -0.0029563103650733277 0.0024730095794666912 0.0011413019881081007 -0.00025537619817536688 0.0031487740439272052
leaf_weight=601 24 340 19002 4315 1272 28 1988 282 1864 4792 5636 97 52 33 310 43 20 2548 1869 4610 1350 7444 23 36 82 207 30 172 1775 66
leaf_count=601 24 340 19002 4315 1272 28 1988 282 1864 4792 5636 97 52 33 310 43 20 2548 1869 4610 1350 7444 23 36 82 207 30 172 1775 66
internal_value=-0.000160974 -0.00356536 -0.000107555 -0.000231645 -0.000463411 -0.000891335 2.52149e-05 -0.000433849 0.000340099 0.000588904 -0.000951418 0.00127105 0.00516483 0.0108824 -0.00015642 0.0011277 0.00769841 -5.28915e-06 -0.00020328 9.22033e-05 0.00129549 -0.000664946 0.00191489 0.00559603 0.00305085 -0.000510205 -0.000767894 0.000212921 4.22243e-05 0.00340336
internal_weight=60911 941 59970 40968 21536 11135 19432 7906 11526 9662 5918 5037 182 85 4625 4855 63 10401 9027 7158 1374 9863 376 141 118 235 9487 2043 2013 238
internal_count=60911 941 59970 40968 21536 11135 19432 7906 11526 9662 5918 5037 182 85 4625 4855 63 10401 9027 7158 1374 9863 376 141 118 235 9487 2043 2013 238
cat_boundaries=0 1 2 3 4 5
cat_threshold=400 8587 9283 10450 17958
is_linear=0
shrinkage=0.05


Tree=203
num_leaves=31
num_cat=2
split_feature=20 1 10 21 12 18 21 22 22 21 22 21 21 1 15 12 9 3 22 22 12 21 22 18 21 10 21 18 21 22
split_gain=3.85113 1.11568 1.06171 1.4428 1.18519 1.03298 1.00371 4.3608 2.12768 1.55225 4.03726 2.26979 1.46923 1.42704 1.38104 1.80917 1.369 1.31987 1.25934 1.24927 1.75671 1.70513 2.6794 1.64188 1.41779 1.27675 1.2626 1.25056 1.2382 1.31058
threshold=0.10623661859141505 0 1.4468497739944199 7.792555322464783 5.5218607579475298 0.097779792343852492 7.6776319655965102 7.6705299098168345 7.709737310803578 7.5840105595480862 7.5427045077072217 7.4835255518698434 7.5085129726564706 1 4.8503889125149806 2.8302634829926228 1.0000000180025095e-35 4.5000000000000009 7.6164412619675632 7.4315475935810129 4.4936796537301396 7.3724321973710589 7.3367643333817103 0.52706834992406637 7.4380893258581207 4.3247944697202341 7.3128869425964504 0.094293945564146622 7.2858491316125846 7.2241014616247208
decision_type=8 1 10 8 10 10 10 10 8 10 10 10 8 1 10 10 2 2 10 10 10 10 10 8 8 10 8 8 10 10
left_child=1 -1 3 -2 -5 -6 7 9 -8 10 11 19 -12 14 15 -14 17 -13 -11 21 24 22 27 -23 -21 -25 -24 -4 29 -29
right_child=2 -3 6 4 5 -7 8 -9 -10 18 12 16 13 -15 -16 -17 -18 -19 -20 20 -22 23 26 25 -26 -27 -28 28 -30 -31
leaf_value=0.020415541751615321 -0.0029213024212743858 -0.0055426609013246144 0.0010794915894452276 -0.00020584134838308194 0.0053700072917615277 0.0012135398797230282 -0.002593703350863185 0.0023373950821998753 -3.4724794548066496e-05 -0.0024010599574165042 0.0034710882533543273 0.00077229610740965529 0.0022245151059322116 0.00089186142982080317 -0.0031585779002429645 0.0048854527203504626 -0.0017895463382295237 0.0078185903237452566 6.9558307767323874e-05 0.0018157707614164216 -0.0013454093555334771 -0.0016264937267330773 0.0037921570017578274 -0.0004111897585329873 0.00044383271220972031 0.0017107963027465332 0.00099615140524691287 2.5405359614482134e-06 -0.001084664111808877 0.0013599787568411873
leaf_weight=35 1881 703 158 16135 42 739 1537 906 6969 1397 329 72 133 936 31 122 1771 27 929 774 286 1657 313 23 836 24 881 18280 1359 1539
leaf_count=35 1881 703 158 16135 42 739 1537 906 6969 1397 329 72 133 936 31 122 1771 27 929 774 286 1657 313 23 836 24 881 18280 1359 1539
internal_value=-0.000122815 -0.00371274 -7.87217e-05 -0.000390223 -0.000244149 0.00165813 6.30907e-05 0.000188664 -0.000420881 9.14441e-05 0.000189333 5.17845e-05 0.00267247 0.00187398 0.00496503 0.00617647 -0.00163102 0.00409091 -0.00115219 0.000172215 0.00140823 7.55125e-05 0.000190855 -0.00144953 0.00204969 0.00776596 0.00249581 6.18661e-05 2.88023e-05 0.000128916
internal_weight=60824 738 60086 18797 16916 781 41289 32783 8506 31877 29551 28000 1551 1222 286 255 1870 99 2326 26130 1896 24234 22530 1704 1610 47 1194 21336 21178 19819
internal_count=60824 738 60086 18797 16916 781 41289 32783 8506 31877 29551 28000 1551 1222 286 255 1870 99 2326 26130 1896 24234 22530 1704 1610 47 1194 21336 21178 19819
cat_boundaries=0 1 2
cat_threshold=1 2
is_linear=0
shrinkage=0.05


Tree=204
num_leaves=31
num_cat=3
split_feature=20 0 0 11 15 18 10 18 16 15 8 19 18 15 16 18 16 20 12 19 11 22 22 20 22 3 16 1 12 10
split_gain=4.65513 1.438 0.765823 1.5414 1.27808 1.38801 1.27799 1.02442 0.976441 2.33918 1.70095 1.19909 1.23852 1.12548 2.1422 1.04931 0.961585 1.38593 1.64035 1.13655 0.941455 1.21947 1.14286 1.01233 2.21506 1.55947 1.07833 1.07855 0.934799 1.26572
threshold=0.1132127554558619 0 1 1.2382692000587421 2.3749973891355465 0.10717202013270737 2.545523582195059 0.26053812731586862 0.13565292845310103 2.0866176628412769 5.5000000000000009 2.1405766427426953 0.16245704906006089 2.3261506853876872 0.19954189254837323 0.11110287642591478 0.11237918353120988 0.19084791733286552 2.287458571408536 2.3636342620824942 3.2523087303165323 7.1285440037678027 7.0071185044739961 0.17730797629109049 7.7618744627317833 1.0000000180025095e-35 0.10215111184194405 2 2.0731521505764063 1.2382692000587421
decision_type=8 1 1 8 8 8 8 10 10 10 2 10 10 10 10 10 10 10 8 10 10 8 10 10 10 2 10 1 8 10
left_child=1 -1 3 -2 8 20 -7 -8 9 10 28 -11 15 -10 -15 -13 19 18 -18 -17 23 22 -22 26 25 -25 -6 -28 -4 -30
right_child=2 -3 4 -5 5 6 7 -9 13 11 -12 12 -14 14 -16 16 17 -19 -20 -21 21 -23 -24 24 -26 -27 27 -29 29 -31
leaf_value=0.0014481209101455893 -0.003902527571060588 -0.0052655278562583844 0.0042485744476223756 -0.00012204791820244259 -0.00011668015641177554 -0.002530085176633608 4.1053517505754553e-05 -0.0005824686412461812 0.00013334163264596893 -0.0058958279122879008 0.00039259047090418322 -0.0018838460994573946 -0.0031578190066140072 -0.00024769844833551685 0.0038670568925098119 -0.0055396758183904006 0.0058629611462727611 -0.0043703640052477153 0.0030924616304758542 0.0033761186807542763 0.0013570137599229126 -0.00028494192547511395 0.0033655647466106827 0.039863699124239121 0.0050875428130682382 0.00044956806930655471 0.0042978208545502933 0.00078985421735424137 -0.0044575273602877642 0.0036795297915840743
leaf_weight=106 1108 845 53 20078 207 742 31770 2796 1884 70 61 67 70 51 45 52 35 24 34 21 42 447 21 24 20 92 40 75 20 26
leaf_count=106 1108 845 53 20078 207 742 31770 2796 1884 70 61 67 70 51 45 52 35 24 34 21 42 447 21 24 20 92 40 75 20 26
internal_value=-0.000109642 -0.00358044 -5.46073e-05 -0.000296284 7.74493e-05 1.92846e-06 -4.92818e-05 -5.20862e-06 0.00116793 0.00306754 0.008125 0.000898122 0.00226072 0.000656564 0.0059375 0.00401287 0.00614458 0.00951613 0.0131159 0.00184931 0.00186983 0.000392156 0.00690476 0.00351528 0.00713235 0.00448276 0.00198758 0.00586956 0.0121717 0.00695652
internal_weight=60926 951 59975 21186 38789 36276 35308 34566 2513 533 160 373 303 1980 96 233 166 93 69 73 968 510 63 458 136 116 322 115 99 46
internal_count=60926 951 59975 21186 38789 36276 35308 34566 2513 533 160 373 303 1980 96 233 166 93 69 73 968 510 63 458 136 116 322 115 99 46
cat_boundaries=0 1 2 3
cat_threshold=38145 1276 4
is_linear=0
shrinkage=0.05


Tree=205
num_leaves=31
num_cat=3
split_feature=20 17 22 0 1 22 3 7 21 10 17 22 16 17 22 16 17 1 10 16 20 13 16 20 20 20 20 5 22 13
split_gain=4.16285 0.897969 0.925968 0.834906 1.53252 1.79647 1.86298 2.06895 1.97448 1.36329 1.1195 4.33947 3.92817 2.10674 2.1945 1.28929 1.10806 1.4277 2.72727 1.04655 1.19174 1.01418 0.973726 0.9531 1.24361 0.846582 1.28518 0.927863 1.24099 1.0519
threshold=0.1132127554558619 2.5997657130431286 7.7996082877823012 0 1 7.9962054421664908 2.5000000000000004 14.500000000000002 7.8997098975859652 1.638949582658831 5.8522381856380674 6.9250723358807749 0.28442632780832716 2.3123544387015813 7.7996082877823012 0.19084500003462704 0.44554892477815072 2 4.4361594679825211 0.15439080692150287 0.23271262531457168 2.287458571408536 0.10598658673812807 0.37760582121227615 0.18036293831814498 0.33282533689406946 0.26738497684723445 1.0000000180025095e-35 6.9715427466828741 6.5691306072248832
decision_type=8 10 10 1 1 10 2 10 10 10 8 8 8 10 10 10 10 1 8 8 8 10 8 10 8 10 10 2 10 10
left_child=1 2 -1 4 5 6 19 8 10 22 11 -8 13 14 15 -13 17 18 -5 -2 21 -21 -6 24 -12 26 27 28 -26 -30
right_child=3 -3 -4 16 9 -7 7 -9 -10 -11 23 12 -14 -15 -16 -17 -18 -19 -20 20 -22 -23 -24 -25 25 -27 -28 -29 29 -31
leaf_value=-0.0077056111865365928 -0.0019047647104248906 -0.00021031635247117575 0.001231340421925201 -0.021929447541773402 0.00024897742074665822 -0.0011253878875001095 -0.0021400852509112791 0.0084657305804717847 0.0092979140388124385 -9.0268018740292247e-05 -0.0045172481729883647 0.0022504718482380778 0.02488687254420097 -0.0037573129028004395 -0.0033722091919291606 0.0055432097307891864 7.3907154485746484e-05 -0.0088151680093046768 0.005975270560860683 0.0059787432106624336 -0.00020062223511167472 5.2647719403598614e-06 -0.0011204883732223374 -0.0016971057895488397 0.00023482784087931359 0.0052382998395375559 -0.00062420074504439141 0.0063455098231173833 0.00039996238145248176 0.0079644694671176502
leaf_weight=700 157 247 24 24 925 327 127 24 36 11629 54 24 29 33 23 21 40170 464 20 71 329 58 4961 84 121 40 98 24 35 25
leaf_count=700 157 247 24 24 925 327 127 24 36 11629 54 24 29 33 23 21 40170 464 20 71 329 58 4961 84 121 40 98 24 35 25
internal_value=-0.000104592 -0.00335222 -0.00424033 -5.19759e-05 -0.000323126 0.00109195 0.00186483 0.00345865 0.00301033 -0.000463889 0.00245257 0.00511673 0.0115385 0.00688119 0.0119118 0.0183333 7.64341e-05 -0.0022441 0.00636364 -0.000203253 0.00100437 0.00507752 -0.00108393 0.0010291 0.0020529 0.00316326 0.00226072 0.00451219 0.00328729 0.00916667
internal_weight=60904 971 724 59933 19255 1740 1413 798 774 17515 738 257 130 101 68 45 40678 508 44 615 458 129 5886 481 397 343 303 205 181 60
internal_count=60904 971 724 59933 19255 1740 1413 798 774 17515 738 257 130 101 68 45 40678 508 44 615 458 129 5886 481 397 343 303 205 181 60
cat_boundaries=0 1 2 3
cat_threshold=3269 1 2
is_linear=0
shrinkage=0.05


Tree=206
num_leaves=31
num_cat=1
split_feature=20 17 10 1 3 4 21 4 20 22 18 12 7 21 14 14 22 18 20 21 14 15 20 10 18 22 21 17 10 10
split_gain=4.2661 0.936406 2.09831 1.43621 1.91233 1.33923 1.30569 1.02168 1.68896 1.12012 1.00941 0.87931 0.853333 0.817538 1.41409 0.956899 0.805546 0.8912 2.33564 1.13805 1.06498 0.998869 0.76326 0.760206 0.759926 0.676439 0.675153 1.30162 0.685069 0.628922
threshold=0.10623661859141505 0.84960189335342784 4.7000256136009968 0 5.5000000000000009 4.5000000000000009 7.8040473435334432 5.5000000000000009 0.39471388743317015 7.0504592595030253 0.28931598434681755 3.14630281962196 3.5000000000000004 7.8619196447433657 4.297965215976812 4.3392493925598785 7.9148106124164155 0.16590897573710187 0.22196092556693586 8.0874863237131702 4.615615321433844 4.1372028905779965 0.13681872959283028 4.4824372608287417 0.13577602423321827 7.9350447526416268 7.8772075409878433 0.57204744202512514 0.61482027553725704 4.7278301009172088
decision_type=8 10 10 1 2 2 10 2 8 10 10 10 10 10 8 8 10 10 10 10 8 10 10 10 10 10 10 10 10 8
left_child=-1 2 3 4 5 12 11 -6 9 -9 -11 -5 -2 29 22 -16 -17 18 19 -18 21 -19 24 -23 -15 -24 -7 -28 -29 -3
right_child=1 13 -4 6 7 26 -8 8 -10 10 -12 -13 -14 14 15 16 17 20 -20 -21 -22 23 25 -25 -26 -27 27 28 -30 -31
leaf_value=-0.004320954821832276 0.00068992252440118029 0.00011955574852072521 0.0014670271819627815 -0.0067450665510343346 -0.0027675946623182783 -0.0032893989781276793 0.0067047648263863363 -0.0022708951726545757 0.01415534681404184 0.015022942210260307 0.0073725447856797764 0.0057314422126592763 0.0060461847745870373 -0.001439839984342437 0.0028830793698194205 -0.00083077619105023474 -0.00021621652708944889 0.0075844253036478661 0.0056289905529240177 0.0036745804583153381 -0.00014486730237735134 -0.0034494254952594644 -0.002212563092656905 0.0019482862875501489 0.0026999186477625371 -0.00073627164599444949 0.0016164135437249318 0.00044687725786089625 -0.0021818970733422645 -7.7313613110232597e-05
leaf_weight=754 30 31525 67 1019 32 764 26 39 43 29 38 20 20 36 27 692 108 31 32 24 406 32 1096 22 26 836 22 28 51 23093
leaf_count=754 30 31525 67 1019 32 764 26 39 43 29 38 20 20 36 27 692 108 31 32 24 406 32 1096 22 26 836 22 28 51 23093
internal_value=-6.87258e-05 -2.1923e-05 -0.00102783 -0.00129801 -2.73735e-05 -0.000956285 -0.00260563 0.00466851 0.00640939 0.00301887 0.0069403 -0.00288258 0.007 1.6727e-05 -0.000739312 0.000494904 0.000308091 0.00156488 0.0047561 0.00181818 0.00049898 0.00558823 -0.00158977 0.00148148 0.00387097 -0.00176501 -0.00141619 0.00242574 -0.000569621 6.33479e-05
internal_weight=60968 60214 2228 2161 1096 915 1065 181 149 106 67 1039 50 57986 3368 1374 1347 655 164 132 491 85 1994 54 62 1932 865 101 79 54618
internal_count=60968 60214 2228 2161 1096 915 1065 181 149 106 67 1039 50 57986 3368 1374 1347 655 164 132 491 85 1994 54 62 1932 865 101 79 54618
cat_boundaries=0 1
cat_threshold=1
is_linear=0
shrinkage=0.05


Tree=207
num_leaves=31
num_cat=1
split_feature=20 3 15 11 19 21 18 1 12 11 20 18 21 19 13 19 11 18 22 20 12 14 18 22 22 20 20 22 3 19
split_gain=3.67743 1.00732 1.26558 1.69675 1.44703 3.21905 1.07545 0.954356 0.905704 0.903915 0.907852 0.874232 1.06778 0.886694 0.881912 0.878808 0.985353 1.2791 2.85921 1.47595 1.13615 1.20797 0.881817 2.31217 0.873247 0.86631 1.16752 0.843575 0.783127 1.17119
threshold=0.1132127554558619 1.0000000180025095e-35 3.3790911369959642 1.1150072000796054 0.93133848842873446 7.7645082756109991 0.075026567186903079 0 6.1169952452434861 3.4160846460127714 0.19266930750403979 0.14280720997253413 7.9140694967992617 2.0404405782224484 1.7664051342320239 3.3804106313429494 2.3655488712929413 0.20908229570051798 7.5981708063727007 0.1873572517097368 2.947063657109513 2.7245741281253104 0.16980203927100404 7.2594212792525505 7.8342602142240816 0.18358392924436467 0.17201293932993555 7.2842197354997866 2.5000000000000004 2.3888144588781941
decision_type=8 2 8 8 10 8 10 1 10 10 10 10 10 10 10 10 8 10 8 10 10 8 10 10 8 10 10 8 2 10
left_child=7 2 3 -2 5 -5 8 -1 -3 10 11 13 15 14 -6 16 22 19 -19 -18 21 -21 23 -13 -11 26 -24 -15 29 -8
right_child=1 6 -4 4 9 -7 28 -9 -10 24 -12 12 -14 27 -16 -17 17 18 -20 20 -22 -23 25 -25 -26 -27 -28 -29 -30 -31
leaf_value=-0.0079563590965686052 -0.0032340367162774658 -0.0017789802921808597 -2.7873557239790768e-05 -0.0076758308385253791 0.00051454397286386012 0.0090448056706493741 -0.0015241212817932958 -0.00027543984016460357 0.0042206375269456921 0.0067147710585015027 0.00014370747931023947 0.0052785460835208763 -0.0025613037817176576 0.0014748485537903564 0.0026981926018888576 0.0072039805563808464 0.0003221837259512855 0.0057394619064972978 -0.0016553572322671865 0.0058545510380425859 0.0053980637486165184 -0.0027167310293918553 -0.00020800171363147388 0.00044821807839381521 0.0015374002526520785 -0.0010301091519485295 0.0042007045338129274 -0.00076613061151629752 2.4774119381797888e-05 -0.00015380331107670079
leaf_weight=696 238 849 5540 28 58 32 2139 277 30 22 1613 43 63 47 34 22 605 36 38 22 29 41 47 48 28 25 38 356 32222 15754
leaf_count=696 238 849 5540 28 58 32 2139 277 30 22 1613 43 63 47 34 22 605 36 38 22 29 41 47 48 28 25 38 356 32222 15754
internal_value=-0.000100788 -5.13776e-05 0.000434661 0.00117706 0.00147328 0.00916667 -0.000137664 -0.00315005 -0.00187145 0.0013297 0.00122433 0.00208763 0.00289971 0.000353534 0.00478261 0.0032998 0.00307613 0.00226329 0.00851351 0.00159971 0.0075 0.00373016 0.00619403 0.00983516 0.008 0.00318182 0.00558823 -0.000657569 -0.000107255 -0.000372493
internal_weight=61020 60047 9053 3513 3275 60 50994 973 879 3215 3165 1552 1057 495 92 994 972 771 74 697 92 63 201 91 50 110 85 403 50115 17893
internal_count=61020 60047 9053 3513 3275 60 50994 973 879 3215 3165 1552 1057 495 92 994 972 771 74 697 92 63 201 91 50 110 85 403 50115 17893
cat_boundaries=0 1
cat_threshold=4
is_linear=0
shrinkage=0.05


Tree=208
num_leaves=31
num_cat=1
split_feature=19 20 16 0 15 19 12 15 21 21 16 22 21 14 10 21 20 22 20 3 15 3 10 16 18 20 22 11 14 4
split_gain=3.49254 1.23859 1.54846 1.06951 1.5878 1.24819 1.88538 2.16528 1.25082 1.13338 1.21159 1.213 1.17096 1.1327 1.2251 1.15978 1.47604 1.06093 1.54248 1.16026 1.04313 1.26424 2.0343 3.05785 0.995746 1.73133 2.30957 1.38684 1.33908 1.36336
threshold=0.59131735898104476 0.19551736874838563 0.26122812655043331 0 1.0131368810475263 4.0650003306297053 4.1149635162302234 3.7214206042546736 7.738270210091982 7.1232697219018464 0.060240719854579274 7.1345285928811171 7.0488206249888608 4.2420456599555605 4.1919246049003025 7.4380893258581207 0.19122896668260173 7.7458139813230922 0.2103717626212854 5.5000000000000009 2.2506461034778953 5.5000000000000009 1.1150072000796054 0.33496445879915576 0.2059934530183605 0.17882707714542459 7.5900356477558892 2.7245741281253104 4.3950660578969041 5.5000000000000009
decision_type=8 10 8 1 10 10 10 10 10 8 10 10 10 8 10 10 10 8 10 2 8 2 8 10 10 8 8 8 8 2
left_child=1 -1 -3 13 -5 6 8 -8 -6 10 -7 -12 -13 14 20 16 -16 18 19 -9 21 -2 23 -23 25 -15 -27 -28 29 -26
right_child=3 2 -4 4 5 9 7 17 -10 -11 11 12 -14 24 15 -17 -18 -19 -20 -21 -22 22 -24 -25 28 26 27 -29 -30 -31
leaf_value=-0.0095643854587479163 8.4457874174143739e-05 0.0021015360452107715 -0.0056383433148269706 -0.0026220831565369591 5.4035890820912729e-05 0.0044794386311252715 0.011990649839836484 0.00082511354189699444 -0.00056222915860430875 -0.0005913361211269478 3.0343981119002678e-06 -0.0029372080367445876 0.0040689932765198564 -4.2951072407567066e-05 0.0061239809246115082 -0.00074774663636683963 0.0027106895651965342 0.0022095532061530915 -0.0015161766419801283 0.0036467984062780734 -0.00067825357908602379 0.010838641999272668 0.00071431128864157334 -0.0077551101908505246 -0.00049379572781971877 0.00035691744787097181 -0.0035384260186654298 0.0019986256857425595 -0.00014684511709117442 0.0030117578430892255
leaf_weight=742 957 144 110 2122 21035 24 22 228 3910 10841 1886 32 104 2839 23 157 203 322 322 40 5443 36 129 21 70 2191 93 2179 4731 117
leaf_count=742 957 144 110 2122 21035 24 22 228 3910 10841 1886 32 104 2839 23 157 203 322 322 40 5443 36 129 21 70 2191 93 2179 4731 117
internal_value=-0.000155798 -0.00309237 -7.87413e-05 -0.000107114 -0.000251603 -0.000178766 2.14448e-05 0.00222698 -6.11357e-05 -0.000580819 0.000498533 0.000365973 0.00492647 0.000200791 -0.000307793 0.00244125 0.00473451 0.00185307 0.000593219 0.00339552 -0.00046766 0.000905511 0.00467742 0.0125439 0.000490997 0.000861407 0.00147546 0.00259243 -5.89683e-05 0.00409091
internal_weight=61073 996 254 60077 40888 38766 25879 934 24945 12887 2046 2022 136 19189 6969 383 226 912 590 268 6586 1143 186 57 12220 7302 4463 2272 4918 187
internal_count=61073 996 254 60077 40888 38766 25879 934 24945 12887 2046 2022 136 19189 6969 383 226 912 590 268 6586 1143 186 57 12220 7302 4463 2272 4918 187
cat_boundaries=0 1
cat_threshold=16675
is_linear=0
shrinkage=0.05


Tree=209
num_leaves=31
num_cat=3
split_feature=15 18 18 11 17 0 10 11 18 16 17 0 15 19 22 15 11 15 15 22 0 17 19 22 10 22 13 11 11 16
split_gain=3.66842 1.00606 0.89168 1.0142 0.7615 1.74576 1.06947 0.797302 0.716383 1.93688 1.25744 1.23137 1.1768 1.00686 0.98979 0.903125 1.01731 1.154 1.0667 0.798422 0.79024 1.24767 1.65638 1.82294 1.23503 1.14714 1.08269 1.6143 1.01491 1.01379
threshold=0.56408292293427376 0.12440619583057236 0.2311501846349146 0.71754226264466137 0.84960189335342784 0 5.0176108530468104 1.4468497739944199 0.10026396948982759 0.13224922612865417 6.1894746966337371 1 2.0866176628412769 5.3033408224100134 7.5759050247173869 2.6474544130647613 4.392595394795749 4.2289466311251118 3.6986029576093418 7.3193239077873331 2 3.7541189563790121 3.8721344591757378 7.8383419129156611 3.9768735385689742 8.1049945641650982 4.2856531531851125 4.2143470814835746 4.612642077680893 0.057105600265797189
decision_type=8 10 10 8 10 1 8 8 10 8 10 1 10 10 10 10 10 10 10 10 1 10 10 8 8 10 8 8 10 10
left_child=1 -1 3 -3 5 6 7 -2 9 11 -11 12 -6 -13 15 -14 17 18 19 -17 21 22 29 -24 -23 -22 27 -26 -29 -10
right_child=4 2 -4 -5 8 -7 -8 -9 20 10 -12 13 14 -15 -16 16 -18 -19 -20 -21 25 24 23 -25 26 -27 -28 28 -30 -31
leaf_value=-0.0090861661858105177 0.0002630753106629173 -0.0015572081577708797 -0.0066709736545843348 0.0069839841917682614 0.013325994215250884 -0.0040516060270282686 0.0024496858258669096 -0.0034751353507620885 -0.0034912384692580081 0.0039637662739924247 0.00012490078696323928 -0.00028306967493435829 -0.0019310481223694888 0.002527197949665974 -0.00018993860380627205 0.00083866794903560225 -0.0013536678088707276 0.0056708782486316065 -0.0018528992310398432 0.0034947567894901121 -0.00011885748504547338 -0.0011209578587494384 -0.00066300180516025659 0.0070050171486394771 -0.00033518728526833486 -0.0022430127416540112 -6.4053990972018276e-05 0.00097645588647188363 0.0039013636694462334 0.00040221303238626967
leaf_weight=600 238 103 195 40 20 1288 229 76 284 56 40 742 30 24 109 42 32 21 42 25 26600 2381 33 39 1822 372 14369 2274 212 8587
leaf_count=600 238 103 195 40 20 1288 229 76 284 56 40 742 30 24 109 42 32 21 42 25 26600 2381 33 39 1822 372 14369 2274 212 8587
internal_value=-8.49417e-05 -0.00318763 -0.00100592 0.00199301 -3.64258e-05 -0.00104042 0.00132911 -0.000541402 -4.81583e-06 0.00121302 0.00802083 0.000611774 0.0031571 -0.000489692 0.00247508 0.00463542 0.00611111 0.00807692 0.00600917 0.00992537 -3.01032e-05 0.000146445 0.000641282 0.00819444 -6.3635e-05 -0.000226448 7.30834e-05 0.000768337 0.00159694 0.000579979
internal_weight=60925 938 338 143 59987 1831 543 314 58156 1183 96 1087 321 766 301 192 162 130 109 67 56973 30001 8943 72 21058 26972 18677 4308 2486 8871
internal_count=60925 938 338 143 59987 1831 543 314 58156 1183 96 1087 321 766 301 192 162 130 109 67 56973 30001 8943 72 21058 26972 18677 4308 2486 8871
cat_boundaries=0 1 2 3
cat_threshold=17667 41289 23322
is_linear=0
shrinkage=0.05


Tree=210
num_leaves=31
num_cat=0
split_feature=17 22 6 4 17 15 21 22 21 22 20 19 22 19 18 22 10 20 20 22 14 15 13 14 17 19 17 17 15 22
split_gain=3.58571 2.06115 1.04768 1.20845 1.21733 2.2888 1.20001 1.99058 1.31553 1.2607 1.10849 1.08861 1.9152 1.05926 1.03628 1.05578 2.22174 2.66199 2.50109 1.03186 0.98661 0.957443 1.0589 0.954009 1.0776 1.90045 0.950735 1.10587 2.46816 2.33767
threshold=0.57204744202512514 7.7910411298438413 1.0000000180025095e-35 6.5000000000000009 2.6522880190058764 2.6124510710747839 7.4835255518698434 7.5427045077072217 7.5676041407385624 7.649181676899004 0.43549546574823322 2.9208729114498135 7.6164412619675632 3.6146936004153427 0.10026396948982759 7.4856669195115328 3.1289487232602951 0.17831740372374327 0.17201293932993555 7.3237029743979276 3.7220716903991282 3.9174279137576593 4.0315818468248299 3.240635401824949 3.6012286823152846 3.030963279203744 6.3351973872634852 4.6616813552681053 4.7581106046526864 7.6164412619675632
decision_type=8 10 2 2 8 8 10 10 10 10 10 8 8 8 8 10 10 10 10 10 10 10 8 8 8 10 10 10 10 10
left_child=1 -1 6 4 10 -6 14 -8 9 23 -4 12 -7 -13 19 -16 -17 18 -18 -2 -20 -19 -23 -9 25 -25 27 -15 29 -29
right_child=2 -3 3 -5 5 11 7 8 -10 -11 -12 13 -14 26 15 16 17 21 20 -21 -22 22 -24 24 -26 -27 -28 28 -30 -31
leaf_value=-0.0062497705862759583 0.0018203607395247104 0.0017603303793417774 -0.0030460291103209763 -0.00010091754732858077 0.0091402098785894666 0.0026104823815895181 -0.0017995247959671223 -0.0014953496958388366 -0.00028188224270573876 0.0072866043440821234 0.0043774499131506482 -0.0025899743490611048 -0.0011052677729697473 -0.0010683663270814826 4.438239402520556e-05 0.00032238079552512975 0.0023785088519901044 -0.0011532571851124761 0.0070811560977863302 -0.00087825523578693727 0.0043391512028661009 0.009685545676124202 0.0010456360033236228 0.00073760925125777345 0.0013456964573041756 0.006076199195334986 -0.003382062358198597 0.0091268685159693972 -6.7862808101382883e-05 -0.0020812732708564139
leaf_weight=930 417 25 1051 16654 22 122 1580 199 4047 38 36 850 99 2001 28646 2353 61 90 21 182 22 40 204 61 393 31 111 124 584 67
leaf_count=930 417 25 1051 16654 22 122 1580 199 4047 38 36 850 99 2001 28646 2353 61 90 21 182 22 40 204 61 393 31 111 124 584 67
internal_value=-0.000127824 -0.00316754 -7.95274e-05 -0.000357029 -0.00103316 -0.000628142 7.7503e-05 -0.000550482 -4.08903e-05 0.00192521 -0.0025161 -0.000717535 0.00269231 -0.000919188 0.000201959 0.000162705 0.00109101 0.00436073 0.0113462 0.0022621 0.0205814 0.00218563 0.00381147 0.00143275 0.00262886 0.0075 -0.000462419 -0.000280981 0.00132258 0.00625654
internal_weight=61061 955 60106 21721 5067 3980 38385 6349 4769 722 1087 3958 221 3737 32036 31437 2791 438 104 599 43 334 244 684 485 92 2887 2776 775 191
internal_count=61061 955 60106 21721 5067 3980 38385 6349 4769 722 1087 3958 221 3737 32036 31437 2791 438 104 599 43 334 244 684 485 92 2887 2776 775 191
is_linear=0
shrinkage=0.05


Tree=211
num_leaves=31
num_cat=3
split_feature=15 5 0 20 10 16 0 22 20 20 16 13 20 2 16 20 14 11 16 7 7 13 3 14 3 19 16 19 0 14
split_gain=4.21899 1.15841 1.01503 0.998454 1.42407 0.933297 0.886814 1.04471 1.76156 1.80769 1.50065 1.08241 1.3241 0.87958 0.854958 0.855257 1.96019 1.00404 1.19066 0.845384 3.13147 1.25581 0.9124 1.16986 1.36516 1.08 0.984545 0.790818 0.882123 1.24641
threshold=0.56408292293427376 1.0000000180025095e-35 0 0.16125403302618171 3.02771238803343 0.053288739064242217 1 7.8992337253721931 0.17882707714542459 0.1930481238249758 0.23021212215492851 3.9367151421110935 0.28351284083692374 2.5000000000000004 0.13856406651322906 0.15718976614219479 3.1548682217568849 3.6068546981106837 0.2018545772508353 12.500000000000002 67.500000000000014 2.6637438719239088 1.0000000180025095e-35 2.4552969699580154 4.5000000000000009 1.6107626605862575 0.094341966004242869 3.5223359158145295 2 5.4580950195381774
decision_type=8 2 1 10 10 8 1 10 10 10 10 8 10 2 8 8 8 10 8 10 10 8 2 10 2 8 8 8 1 10
left_child=-1 2 3 4 19 -5 7 14 -9 -10 -11 -12 -13 -4 -3 16 -16 -17 -19 21 -21 22 25 -24 -25 -2 -27 -20 -29 -30
right_child=1 6 13 5 -6 -7 -8 8 9 10 11 12 -14 -15 15 17 -18 18 27 20 -22 -23 23 24 -26 26 -28 28 29 -31
leaf_value=-0.006036334608278046 0.0039648469282489536 0.0004412034353504814 -1.7674876996954828e-05 0.0014345650124490362 0.002829265077916138 -0.0011889561604340937 -0.00060194588522152553 -0.0029644722490586462 0.0078757132700709009 -0.0063603339833422663 0.001280823543633836 0.0028033676433193346 0.0025102948415645244 0.00028835850205430287 0.0078279589495734506 -0.0015093059425658317 8.4439942421734302e-05 -0.0015546080591741591 0.0069949808950509748 0.0086561110715192516 -0.036724430323934576 -0.0010796315935288504 -0.00050091883193440412 0.00026456091161867779 0.0051462043502536184 0.0033509386990161847 -0.00051304072217679632 -0.00043139896554725819 0.0019359922944356582 -0.0025346700473025453
leaf_weight=938 25 1014 32419 46 22 2832 3717 57 29 44 38 20 21 16193 32 1270 163 512 22 21 25 475 349 50 31 20 55 268 267 41
leaf_count=938 25 1014 32419 46 22 2832 3717 57 29 44 38 20 21 16193 32 1270 163 512 22 21 25 475 349 50 31 20 55 268 267 41
internal_value=-7.34246e-05 -2.14733e-05 6.1544e-05 -0.000708156 0.000591798 -0.00119528 -0.00060213 -6.30264e-05 0.0033732 0.00618421 0.00353658 0.00765823 0.0132927 0.000124222 -0.000263306 -0.000747574 0.0024359 -0.0010084 9.00889e-05 0.000328258 0.00695652 2.48744e-05 0.00169811 0.000697673 0.00611111 0.006 0.003 0.00160535 0.00125 0.00301887
internal_weight=61016 60078 52563 3951 1073 2878 7515 3798 209 152 123 79 41 48612 3589 2575 195 2380 1110 1051 46 1005 530 430 81 100 75 598 576 308
internal_count=61016 60078 52563 3951 1073 2878 7515 3798 209 152 123 79 41 48612 3589 2575 195 2380 1110 1051 46 1005 530 430 81 100 75 598 576 308
cat_boundaries=0 1 2 3
cat_threshold=192 59632 32816
is_linear=0
shrinkage=0.05


Tree=212
num_leaves=31
num_cat=5
split_feature=17 17 0 21 21 14 15 11 20 0 20 0 21 0 1 11 3 18 22 14 2 20 6 16 22 14 17 21 16 3
split_gain=2.62471 1.05372 1.86281 1.31175 1.05265 1.40226 1.04257 0.782236 0.752183 1.56888 1.60998 2.12149 1.49732 1.45536 1.244 1.13621 1.14522 1.11607 1.95885 1.71083 1.70068 1.4667 1.17642 2.26602 1.57085 1.05136 1.03274 1.01164 2.18099 3.35452
threshold=0.44554892477815072 0.84960189335342784 0 7.8040473435334432 7.7838487994305918 0.66750053336617021 0.80617661151178799 0.50031594015395309 0.16255081713942018 1 0.15045170147726675 2 7.4544305137553399 3 4 3.5452966845082465 5.5000000000000009 0.14974312425714867 7.3757572569444241 4.1375633628724646 2.5000000000000004 0.15863290857943615 1.0000000180025095e-35 0.1612209117481985 7.7817507789010163 4.4607221147531124 6.4529511674468329 7.4515319607578041 0.12297464781052515 2.5000000000000004
decision_type=8 10 1 10 8 10 8 8 10 1 10 1 10 1 1 8 2 10 8 8 2 10 2 10 10 10 10 8 10 2
left_child=-1 2 4 -4 -2 7 -5 -6 9 12 13 -12 26 -11 27 -14 -17 -13 19 21 -21 -19 23 24 25 -20 -3 28 29 -15
right_child=1 8 3 6 5 -7 -8 -9 -10 10 11 17 15 14 -16 16 -18 18 22 20 -22 -23 -24 -25 -26 -27 -28 -29 -30 -31
leaf_value=-0.008735979726146717 -0.0018760610149759814 -0.00077602767182357256 -0.004508156041772929 0.0084587686777961232 0.0024643993283546863 -0.0009815117521360182 2.543087874390237e-05 0.0022403412137241402 -5.098166714119471e-05 -0.001390887002136223 0.0027652318323241332 -0.00051679174956462506 0.0020648776678710897 0.0054673690145633155 -0.00015011139382604125 -0.00051816893150722135 0.0019120889068600603 0.0043171596892471091 0.0038968568228603994 -0.0030249499952000776 0.0029346392103649405 0.0023746387078784244 -0.0013801860356801436 -0.00055274869572833013 0.007708705035443123 -0.0014335366270053641 0.034279148905994941 0.00098514828155380429 0.00010258108121570628 0.00012711497726965342
leaf_weight=495 278 1914 1511 21 30 95 45 328 49587 783 856 589 160 36 1326 616 96 33 170 49 21 29 236 295 21 56 20 1101 103 51
leaf_count=495 278 1914 1511 21 30 95 45 328 49587 783 856 589 160 36 1326 616 96 33 170 49 21 29 236 295 21 56 20 1101 103 51
internal_value=-6.07877e-05 -3.10982e-05 -0.00107886 -0.00203844 0.0010054 0.00250552 0.00484848 0.00393855 1.04893e-05 0.000443288 0.000915003 0.00192144 -0.000525569 0.000220587 0.000786067 0.00119266 0.000337077 0.000765406 0.00186813 0.0075 0.00214286 0.0135484 0.000912595 0.00219557 0.00572874 0.00451327 -0.001303 0.00189388 0.00526316 0.011092
internal_weight=60951 60456 2308 1577 731 453 66 358 58148 8561 5755 2355 2806 3400 2617 872 712 1499 910 132 70 62 778 542 247 226 1934 1291 190 87
internal_count=60951 60456 2308 1577 731 453 66 358 58148 8561 5755 2355 2806 3400 2617 872 712 1499 910 132 70 62 778 542 247 226 1934 1291 190 87
cat_boundaries=0 1 2 3 4 5
cat_threshold=17699 27393 4272 160 2
is_linear=0
shrinkage=0.05


Tree=213
num_leaves=31
num_cat=4
split_feature=19 12 0 18 19 10 16 21 22 21 22 22 0 21 22 22 22 21 21 12 18 18 16 19 12 0 19 18 0 15
split_gain=2.41236 0.853436 0.939965 1.90038 1.4262 0.905261 1.40942 0.668272 2.14621 3.67127 1.82761 1.67112 1.57015 1.55249 1.6558 1.58248 1.51448 1.83288 1.51117 1.42962 1.17163 1.29187 1.11364 1.10021 1.03601 1.01549 1.3371 0.995209 1.3612 1.57147
threshold=0.45293870108526374 0.81068324164968719 0 0.26644854995629741 0.66878461008926693 0.89587973461402759 0.42794893317630228 7.4380893258581207 7.5427045077072217 7.5763535537980751 7.6402257824975424 7.6200751214569946 1 7.6776319655965102 7.7577775806756346 7.7730403856773265 7.7288513727501433 7.713561252735313 7.486893503676848 3.7459677241450726 0.15554438812437851 0.14094883597040297 0.14196697834662361 0.84284383274061991 4.2420456599555605 2 2.2003109637474538 0.21416587639540816 3 2.1577338487922506
decision_type=8 8 1 8 10 8 10 10 10 10 10 10 1 10 10 10 10 10 10 8 8 10 10 8 10 1 8 10 1 10
left_child=-1 2 3 4 -2 -5 -7 -3 12 10 18 -11 -9 14 -13 -16 25 20 19 -10 21 -18 -23 -19 -21 26 -15 28 -25 -30
right_child=1 7 -4 5 -6 6 -8 8 9 11 -12 13 -14 16 15 -17 17 23 -20 24 -22 22 -24 27 -26 -27 -28 -29 29 -31
leaf_value=-0.0084205497450409884 0.0084897663602951975 2.899027995449361e-05 -0.0039171516231360929 -0.0054797414211694567 0.00020026655830684997 -0.0009994767518751392 0.012603871759730682 9.7055741393000362e-05 -0.00048199153038209027 -0.0021374559132602161 0.0050805458086125542 0.00053672491405791999 -0.0018366867166925264 0.0067382866530081966 0.0071794175887373761 0.00072228663355880073 0.0046070749836535883 0.0025709290750014005 0.0012285670110915585 0.0057169540661688271 0.0004352314406749997 0.0044910933608691269 0.0050146301604258557 -0.00036555980485506964 0.0019604524535906643 -0.0017784945068986719 -2.8363140620095181e-05 -0.00080889465675486642 0.0050430195167990664 0.00037085057836676349
leaf_weight=495 39 41741 716 167 42 151 22 1134 45 1507 115 1607 2849 34 22 46 76 67 1108 46 247 22 22 2480 49 1755 113 1946 66 2196
leaf_count=495 39 41741 716 167 42 151 22 1134 45 1507 115 1607 2849 34 22 46 76 67 1108 46 247 22 22 2480 49 1755 113 1946 66 2196
internal_value=-0.000109562 -8.10867e-05 -0.001438 0.000452435 0.00734568 -0.00117647 0.00135838 -5.50667e-05 -0.000313926 -1.43722e-05 0.00244681 -0.000289203 -0.00133442 -6.96339e-05 0.00132836 0.00897059 -0.000329124 5.61521e-06 0.00189102 0.00678571 0.00344687 0.0075 0.0143182 -0.000181348 0.0102632 -0.00158255 0.00232484 -0.000245217 0.000145507 0.00102993
internal_weight=60925 60430 1137 421 81 340 173 59293 17552 13569 1363 12206 3983 10699 1675 68 9024 7122 1248 140 367 120 44 6755 95 1902 147 6688 4742 2262
internal_count=60925 60430 1137 421 81 340 173 59293 17552 13569 1363 12206 3983 10699 1675 68 9024 7122 1248 140 367 120 44 6755 95 1902 147 6688 4742 2262
cat_boundaries=0 1 2 3 4
cat_threshold=514 8299 269 36038
is_linear=0
shrinkage=0.05


Tree=214
num_leaves=31
num_cat=5
split_feature=17 7 18 0 1 20 7 22 13 16 20 0 18 22 21 16 14 17 4 13 11 0 22 16 16 22 1 22 13 4
split_gain=2.3314 0.788389 1.05477 2.11928 1.33157 1.78406 1.38575 1.25706 0.951878 0.913292 0.859036 1.21977 1.30216 1.45242 1.78182 1.35118 1.35971 1.15919 2.16179 1.60023 2.65891 1.12078 1.90241 1.4724 1.20521 1.72048 1.86777 3.37942 1.61044 1.58601
threshold=0.44554892477815072 211.50000000000003 0.075026567186903079 0 1 0.62949767933356837 1.5000000000000002 7.8879552508210917 4.4491008295452064 0.060240719854579274 0.16314298002127295 2 0.20435004058587078 7.8562251520982747 7.8369622166328723 0.14560964084177919 5.0909855994417521 3.8532976938192296 5.5000000000000009 5.3035536024188419 5.0222343756580097 3 7.3757572569444241 0.18204615749406408 0.13154439646611091 7.2891989357453655 4 7.1801450608979955 4.2549029864911114 10.500000000000002
decision_type=8 10 10 1 1 8 10 10 10 8 10 1 10 10 8 8 8 10 2 10 10 1 10 10 10 8 1 10 10 2
left_child=-1 2 3 4 7 9 -7 -2 -5 -6 21 12 13 -12 -15 16 -14 -18 19 20 -19 22 24 -24 25 26 -4 28 -28 -29
right_child=1 -3 10 8 5 6 -8 -9 -10 -11 11 -13 15 14 -16 -17 17 18 -20 -21 -22 -23 23 -25 -26 -27 27 29 -30 -31
leaf_value=-0.0080118023536833623 -0.0088148608982219021 0.0014343615757566094 -0.0020350069829975282 -0.0070412590777570554 0.0056892089201677105 0.00077046737829405737 0.013382854173087412 0.0047653386427867952 0.0022111719403686437 -0.0013812798430239499 0.0004191388439832399 -0.00017527287676287782 1.7195748834870669e-05 0.0044649177468245723 0.0014391102478179226 -0.00030694591128458759 0.0045820237513645289 0.0011320358107547699 -0.0028155502989166822 0.00032552554717098068 0.0068612402245713444 -0.00014819377654862512 0.00026540514400155436 -0.0014517990236196784 0.0020935570190855814 -0.00018387455917500813 0.0031135921736375888 0.0053773642415955074 -0.00077603080585910648 0.0057710020516369281
leaf_weight=468 212 31 135 604 28 60 74 20 21 121 4705 40441 331 36 360 4160 21 43 83 41 21 4102 1896 360 1276 892 77 28 84 32
leaf_count=468 212 31 135 604 28 60 74 20 21 121 4705 40441 331 36 360 4160 21 43 83 41 21 4102 1896 360 1276 892 77 28 84 32
internal_value=-9.57009e-05 -6.84148e-05 -7.25155e-05 -0.00157895 0.000809523 0.00312721 0.00731343 -0.00198276 -0.00350394 -0.000637585 -4.34692e-05 -0.000123603 0.000376617 0.000930209 0.00383838 -0.000223405 0.00212963 0.00528708 0.00404255 0.00880952 0.01375 0.000409816 0.000929018 -0.000124115 0.00187401 0.00076923 0.00370786 0.00653846 0.00276397 0.0166667
internal_weight=60763 60295 60264 1140 515 283 134 232 625 149 59124 50242 9801 5101 396 4700 540 209 188 105 64 8882 4780 2256 2524 1248 356 221 161 60
internal_count=60763 60295 60264 1140 515 283 134 232 625 149 59124 50242 9801 5101 396 4700 540 209 188 105 64 8882 4780 2256 2524 1248 356 221 161 60
cat_boundaries=0 1 2 3 4 5
cat_threshold=16865 4 17152 36990 4
is_linear=0
shrinkage=0.05


Tree=215
num_leaves=31
num_cat=2
split_feature=17 16 0 19 10 20 19 20 0 4 19 10 10 7 15 14 18 4 16 17 18 19 15 22 10 17 4 10 14 16
split_gain=2.74113 0.83827 1.49617 1.30817 2.82246 1.40104 1.23927 1.52761 1.39461 1.28089 2.46648 1.24671 1.25599 1.13864 1.54815 1.14453 1.10223 1.80854 1.84665 1.65283 1.07326 1.05273 3.22795 1.74975 1.73346 1.65123 1.63514 1.01928 1.08007 1.31931
threshold=0.44554892477815072 0.11507260580265445 0 4.8913083482902637 4.9250771420394015 0.25689033324766813 3.2311444933658016 0.18437894897842405 1 4.5000000000000009 2.9347786018053079 4.7591779066044522 1.8325494627242667 43.500000000000007 2.9153196170674947 2.7819152571143779 0.20070433587910907 5.5000000000000009 0.073733807284678182 6.5343007620472831 0.1577975335324818 3.6933604584204658 3.6986029576093418 7.0224450090678365 3.6014124977339228 3.6960590084404825 7.5000000000000009 3.1884144917545725 2.5297127291328443 0.10490293557320822
decision_type=8 10 1 10 8 10 10 10 1 2 10 10 8 10 10 8 8 2 8 10 8 10 8 8 8 10 2 10 8 10
left_child=-1 2 -2 5 -5 6 7 11 9 10 -9 12 20 14 -14 -16 -6 18 -18 -20 -4 -8 23 -23 -25 -24 -26 28 29 -10
right_child=1 -3 3 4 16 -7 21 8 27 -11 -12 -13 13 -15 15 -17 17 -19 19 -21 -22 22 25 24 26 -27 -28 -29 -30 -31
leaf_value=-0.0076112122359991933 -0.00086916463770342345 1.7856305911149656e-05 0.0054479635867704466 0.010466275906609536 -7.109421373197764e-05 -0.0037497985347002011 -0.0011573393332631923 -0.0012604444952498445 0.0027182095277935147 -0.00052155987372011091 0.0067679245877224625 0.0021933163392254262 -0.0015291657144693145 0.0032173118946880945 0.0046948839574508508 0.00043894274081232148 0.0057823968434093445 0.00187978331995401 3.0256779407304101e-05 0.014488032978788297 -0.00042392085710892761 -0.0033630483702776696 0.0013268038203817719 -0.00045995801009942466 0.010698314719171346 -0.00052317816195085118 0.0076893848775303449 0.0060136312114651286 0.0013232465852730138 0.0043538683083097695
leaf_weight=480 5052 48564 34 26 504 409 1041 45 38 330 39 35 822 71 23 389 20 233 71 22 25 22 22 29 37 2275 37 39 216 25
leaf_count=480 5052 48564 34 26 504 409 1041 45 38 330 39 35 822 71 23 389 20 233 71 22 25 22 22 29 37 2275 37 39 216 25
internal_value=-9.06121e-05 -6.075e-05 -0.00043626 4.42723e-05 0.00184931 -0.000219058 -1.25146e-05 0.000936179 0.00278688 0.000778301 0.00630952 -3.2167e-05 -0.000271262 -0.000593871 -0.000948137 0.0015534 0.00135294 0.00352601 0.00871681 0.00575269 0.00686441 -0.000596305 -2.47741e-05 0.0078 0.010534 -0.000450589 0.0145946 0.00521341 0.004319 0.0100794
internal_weight=60975 60495 11931 6879 876 6003 5594 2131 732 414 84 1399 1364 1305 1234 412 850 346 113 93 59 3463 2422 125 103 2297 74 318 279 63
internal_count=60975 60495 11931 6879 876 6003 5594 2131 732 414 84 1399 1364 1305 1234 412 850 346 113 93 59 3463 2422 125 103 2297 74 318 279 63
cat_boundaries=0 1 2
cat_threshold=17078 1096
is_linear=0
shrinkage=0.05


Tree=216
num_leaves=31
num_cat=2
split_feature=19 18 18 3 11 15 22 4 22 22 19 19 20 18 22 13 10 14 15 16 3 0 22 22 14 10 0 3 13 20
split_gain=2.54486 0.796709 1.82435 0.76331 0.916161 1.50605 1.18835 1.64791 2.06571 2.61303 1.8916 1.62429 2.19916 1.6038 1.42405 1.35344 1.19612 0.811168 0.790689 1.80593 0.736908 1.4203 1.16007 2.06083 1.82542 1.13267 1.30424 1.44054 2.38788 2.24171
threshold=0.45293870108526374 0.13577602423321827 0.21023938165642156 1.0000000180025095e-35 1.1150072000796054 1.9777724735135342 7.8879552508210917 7.5000000000000009 7.7618744627317833 7.6782349296283661 1.8617540241664459 1.9078085657652095 0.25832666522998599 0.17308258950001096 7.713974606023581 1.8945885877146502 1.1150072000796054 2.0856528016791152 2.3749973891355465 0.25274268810412398 2.5000000000000004 0 6.9146786144020833 6.787808469102651 2.1222436103259104 0.89587973461402759 1 3.5000000000000004 3.5793425944504444 0.55529988472415648
decision_type=8 10 10 2 8 8 10 2 8 10 10 10 10 10 8 8 10 8 8 10 2 1 8 10 8 10 1 2 10 8
left_child=1 -1 -3 4 -2 6 7 14 9 11 -10 12 13 -9 -6 16 -16 -7 19 -19 21 -5 23 -23 -25 26 27 28 -22 -30
right_child=3 2 -4 20 5 17 -8 8 10 -11 -12 -13 -14 -15 15 -17 -18 18 -20 -21 25 22 -24 24 -26 -27 -28 -29 29 -31
leaf_value=-0.0073505941142000715 -0.0027771745167966986 0.0066108391144331854 -0.013955343719388447 0.00021427138713004759 -0.0030991108176507947 -0.001258766192753202 -0.002262146270315353 0.00090287068199493357 -0.00062702278659869468 0.0056614395844217548 0.0050752312354249967 -0.0035170944042965391 0.00062162665105656349 0.017029450081968777 -8.6701555172819062e-05 -0.0023724038718024097 0.0054044888760633059 0.00073151711358674569 8.7586717420933436e-05 0.011356066028571012 -5.1180704366690572e-05 -0.0023639775653416695 -0.0006876715172018554 0.0058957465152243193 0.00166246446197163 0.00013434828294551167 -0.00066543205111896722 -0.00023340149671415632 0.002944842810443004 0.010474442962579615
leaf_weight=429 263 22 37 6077 95 136 63 21 98 20 31 26 37 32 29 36 47 374 7758 24 813 110 11589 22 307 22523 5902 3511 458 25
leaf_count=429 263 22 37 6077 95 136 63 21 98 20 31 26 37 32 29 36 47 374 7758 24 813 110 11589 22 307 22523 5902 3511 458 25
internal_value=-7.18226e-05 -0.00366803 0.00177966 -4.27801e-05 0.000379537 0.000466182 0.00303738 0.0038983 0.00650943 0.0108088 0.00197674 0.00793103 0.0111111 0.0176415 0.000555554 0.004375 0.00815789 0.000300288 0.000364148 0.00253769 -0.000117558 -0.000374207 -0.000688654 0.00183371 0.00381459 2.22665e-05 -0.000401066 0.000210711 0.0016358 0.00442029
internal_weight=60915 488 59 60427 9090 8827 535 472 265 136 129 116 90 53 207 112 76 8292 8156 398 51337 18105 12028 439 329 33232 10709 4807 1296 483
internal_count=60915 488 59 60427 9090 8827 535 472 265 136 129 116 90 53 207 112 76 8292 8156 398 51337 18105 12028 439 329 33232 10709 4807 1296 483
cat_boundaries=0 1 2
cat_threshold=20224 12571
is_linear=0
shrinkage=0.05


Tree=217
num_leaves=31
num_cat=5
split_feature=17 17 0 4 21 22 1 3 22 22 0 18 15 19 11 4 16 18 3 13 22 22 4 21 18 4 15 0 19 0
split_gain=2.77249 1.12144 1.56853 2.14821 1.31039 1.79319 1.12378 1.80779 1.39282 1.14113 1.04202 1.18426 0.970017 2.86996 1.645 1.60055 1.61107 2.41832 1.39662 1.27407 1.44781 3.30522 1.22213 1.76401 2.11471 2.48921 2.04848 1.29394 1.55787 1.1887
threshold=0.44554892477815072 0.84960189335342784 0 6.5000000000000009 7.738270210091982 7.7539231484427225 1 5.5000000000000009 7.0504592595030253 7.6606010360734489 2 0.12224464770456957 3.6986029576093418 3.6725530146898087 3.9288796390704568 11.500000000000002 0.091624312347096185 0.16687209360626734 1.0000000180025095e-35 2.287458571408536 7.6927953069092547 7.7496080878853908 8.5000000000000018 7.1479525075447619 0.14411435333736525 1.5000000000000002 3.4411494780650762 3 0.99854142980386429 4
decision_type=8 10 1 2 10 10 1 2 10 10 1 8 10 10 8 2 8 10 2 8 8 8 2 8 10 2 10 1 10 1
left_child=-1 2 3 -2 12 -6 7 10 -9 -8 -4 -12 13 18 -14 16 17 -15 19 20 -3 -22 23 24 -20 26 -26 28 -24 -21
right_child=1 4 6 -5 5 -7 9 8 -10 -11 11 -13 14 15 -16 -17 -18 -19 22 29 21 -23 27 -25 25 -27 -28 -29 -30 -31
leaf_value=-0.0069149759701445214 0.0019702324534036841 0.00014002890259365709 0.0062749625002416209 -6.6763141888050433e-05 -0.0023121625492503067 -0.00014999653183171574 -0.0054335642606683499 -0.0018413439752325541 0.012720558665304083 0.0028581693810124059 0.007390727380327736 -0.0036403731914274348 -0.00098263810012973359 0.00094840885683480545 -8.8263481849545688e-06 0.0070987920930444676 0.0012865142644582714 0.0062099942820163373 -0.0014638055089056861 -0.00077267799396836816 0.0048008589483260833 0.0031571119803860629 0.002231423835551135 -0.00048397321017743422 0.0018661662759859234 0.00099889359438948061 0.0083164648020579383 0.00069590653420375083 -0.0003647450053746786 0.00050201489974132361
leaf_weight=487 39 272 114 74 1194 5854 1037 91 87 52 32 747 3404 75 24570 33 1535 33 179 524 34 325 48 10325 55 601 33 4243 2628 2316
leaf_count=487 39 272 114 74 1194 5854 1037 91 87 52 32 747 3404 75 24570 33 1535 33 179 524 34 325 48 10325 55 601 33 4243 2628 2316
internal_value=-0.000113122 -8.29024e-05 -0.00117246 0.00434959 -4.04089e-05 -0.000679627 -0.00147466 -0.000331467 0.00426966 -0.00261249 -0.0012486 -0.0018948 4.75268e-05 0.000286125 -0.000150856 0.00227924 0.00206025 0.00796296 0.000131352 0.00105013 0.00308241 0.00516713 -4.47229e-05 -0.000367642 0.00179723 0.00305515 0.0109091 0.000477669 -0.000383471 0.00059859
internal_weight=61041 60554 2273 113 58281 7048 2160 1071 178 1089 893 779 51233 23259 27974 1676 1643 108 21583 3471 631 359 18112 11193 868 689 88 6919 2676 2840
internal_count=61041 60554 2273 113 58281 7048 2160 1071 178 1089 893 779 51233 23259 27974 1676 1643 108 21583 3471 631 359 18112 11193 868 689 88 6919 2676 2840
cat_boundaries=0 1 2 3 4 5
cat_threshold=17409 1 480 8349 337
is_linear=0
shrinkage=0.05


Tree=218
num_leaves=31
num_cat=3
split_feature=17 20 0 4 21 17 22 17 2 6 4 17 17 0 16 17 16 10 11 22 18 21 10 22 18 16 16 4 0 16
split_gain=2.87128 1.01686 1.44749 1.72977 1.00005 1.36324 1.68596 0.941731 0.763983 0.80406 0.896117 1.06414 2.04109 1.25105 1.19762 1.04084 1.57541 0.856506 1.05861 0.809606 2.5011 2.22317 0.745328 1.02066 1.33129 1.01436 0.74209 0.915002 0.741152 0.905933
threshold=0.44554892477815072 0.1334870210937267 0 11.500000000000002 7.8073066661710877 2.2053488829930443 7.8383419129156611 2.0386160064121421 1.5000000000000002 1.0000000180025095e-35 6.5000000000000009 4.6616813552681053 4.6989911478179476 1 0.10490293557320822 6.3351973872634852 0.063518764296661798 2.0731521505764063 3.1717820198074476 7.6077954645864674 0.24678853408246834 7.6214400807672282 4.9078639478274591 7.6402257824975424 0.12760260774714532 0.17046032594912675 0.14130453455772127 7.5000000000000009 2 0.13856406651322906
decision_type=8 10 1 2 10 8 10 8 2 2 2 10 10 1 8 10 10 10 8 10 10 8 8 10 8 10 10 2 1 8
left_child=-1 2 3 7 26 6 -6 -2 -3 -10 11 13 -13 14 17 16 -14 18 -11 -16 21 -21 23 -9 -25 -26 -4 -28 29 -12
right_child=1 8 4 -5 5 -7 -8 22 9 10 28 12 15 -15 19 -17 -18 -19 -20 20 -22 -23 -24 24 25 -27 27 -29 -30 -31
leaf_value=-0.0065173731199820069 0.0036109398563074074 -0.00016974332154785429 -0.0026259878516228536 0.0024689497477891199 0.0032967787672083153 -0.00084291044723502581 -0.0020111500448363666 -0.0020091315343117059 0.00018392504650245725 0.0051769381915870456 0.00044858163586065578 0.020314609627945152 0.018574477219620647 -0.0023788167160254253 -0.0020089186118737311 -0.0031359406426122965 0.00054982947495542747 0.0010227380300713369 0.001145392620574726 0.004114216694945441 0.0095803208465024409 -0.0008739153532609401 0.00096740309236168517 -0.0014879124352219287 0.0032420897021996583 -0.004164229974340356 -0.0022611193138980957 0.003615250343927367 0.0002768054391065213 -0.00054660484137513776
leaf_weight=478 23 19325 1372 28 27 91 30 273 24626 26 1354 25 20 1189 1076 77 459 99 28 31 22 230 387 117 57 22 133 136 5817 3317
leaf_count=478 23 19325 1372 28 27 91 30 273 24626 26 1354 25 20 1189 1076 77 459 99 28 31 22 230 387 117 57 22 133 136 5817 3317
internal_value=-9.40155e-05 -6.34767e-05 -0.00101261 0.000616138 -0.00183157 0.00209459 0.00815789 0.000233218 -1.9145e-05 0.000109906 -0.00019608 -0.000917125 0.0010241 -0.00133469 -0.000367938 0.000395682 0.00126305 0.00382353 0.00888889 -0.000842532 0.0015371 0.000172413 -3.50479e-05 -0.00137527 0.00137755 0.0063924 -0.00219683 0.00020446 2.95564e-05 -0.00043901
internal_weight=60895 60417 2696 907 1789 148 57 879 57721 38396 13770 3282 581 2701 1512 556 479 153 54 1359 283 261 856 469 196 79 1641 269 10488 4671
internal_count=60895 60417 2696 907 1789 148 57 879 57721 38396 13770 3282 581 2701 1512 556 479 153 54 1359 283 261 856 469 196 79 1641 269 10488 4671
cat_boundaries=0 1 2 3
cat_threshold=38217 60933 46432
is_linear=0
shrinkage=0.05


Tree=219
num_leaves=31
num_cat=4
split_feature=19 4 19 0 7 0 19 18 10 16 18 18 16 1 0 22 16 14 19 10 18 19 22 22 19 16 13 22 11 18
split_gain=2.15696 1.02392 2.16942 1.94327 1.57128 1.02466 0.938251 1.515 2.38704 1.81516 1.52484 1.35068 1.16865 1.10948 1.26902 1.80148 1.28727 1.19344 1.13259 1.02976 1.38667 1.01149 2.48665 1.36104 0.981566 1.30797 1.02943 0.956044 0.92816 0.922853
threshold=0.45293870108526374 7.5000000000000009 2.2480439848960039 0 210.50000000000003 1 3.2435661391822683 0.10289115423334889 2.7113724724615449 0.15714426134452428 0.083732771817098886 0.23522111377738136 0.073733807284678182 2 3 7.6705299098168345 0.16904681020202458 2.7819152571143779 2.3121120680485041 3.0796111151707293 0.19389451279843228 3.131647476283097 7.7416500986752217 7.9962054421664908 2.7222384969744486 0.25416096920969417 2.4292080405593728 7.4424803299715094 3.1112881340356844 0.11732062685325419
decision_type=8 2 10 1 10 1 8 8 8 10 10 10 8 1 1 8 10 8 10 10 10 10 8 10 10 10 8 10 10 8
left_child=-1 2 3 4 -2 -3 7 8 27 21 -10 13 -8 -11 15 16 -15 -17 -19 24 -21 -9 -23 -24 25 26 -18 -7 -26 -14
right_child=1 5 -4 -5 -6 6 12 9 10 11 -12 -13 29 14 -16 17 19 18 -20 20 -22 22 23 -25 28 -27 -28 -29 -30 -31
leaf_value=-0.0061915044639829055 -6.4442151650284877e-05 0.00035751616221881401 -5.7442823342596599e-05 -0.0029033652731957809 0.0064493288665978289 0.0034486406052678452 -0.0038226716472859789 -0.00050093497726298036 0.00012816720300837809 -0.00032169528553114337 0.0046930419152255562 -0.00046015009919054824 0.00087199060860409638 0.0065201664430549955 0.0003682405632309393 0.00034394507606706184 0.0020013961019213875 0.0039995973966138318 0.0010797011542322812 0.011136015753240422 0.0060616069264619633 0.0074811594468377086 -0.00088240915067346222 0.0039964525776508093 -0.00059448649734447937 -0.0017913913561691198 0.0030896157003274926 -0.0028986819995614893 0.0019180101962128584 -0.00016910354264427303
leaf_weight=473 1178 11921 31221 1989 26 26 297 2241 37 481 67 534 337 33 945 456 32 36 229 24 26 21 188 28 67 23 37 58 21 7991
leaf_count=473 1178 11921 31221 1989 26 26 297 2241 37 481 67 534 337 33 945 456 32 36 229 24 26 21 188 28 67 23 37 58 21 7991
internal_value=-5.10308e-05 -2.47659e-05 -0.000203988 -0.00144535 0.000148269 0.00021104 -7.54663e-05 0.000427806 0.00484042 0.000274805 0.00990384 0.00111413 -0.0004029 0.00161826 0.00215396 0.0034004 0.00697719 0.00214286 0.00481132 0.00565217 0.012 -0.000722358 0.00238397 0.000787036 0.00388889 0.0075 0.010942 -0.00142857 0.000113635 -0.000292989
internal_weight=61043 60570 34414 3193 1204 26156 14235 5610 188 5422 104 2944 8625 2410 1929 984 263 721 265 230 50 2478 237 216 180 92 69 84 88 8328
internal_count=61043 60570 34414 3193 1204 26156 14235 5610 188 5422 104 2944 8625 2410 1929 984 263 721 265 230 50 2478 237 216 180 92 69 84 88 8328
cat_boundaries=0 1 2 3 4
cat_threshold=9795 11059 4 1036
is_linear=0
shrinkage=0.05


Tree=220
num_leaves=31
num_cat=2
split_feature=17 0 10 13 17 16 19 10 22 19 13 3 17 21 13 11 22 4 16 0 20 22 21 20 4 22 16 16 20 16
split_gain=2.65798 1.09619 1.54934 1.0473 1.00997 1.19211 1.57299 1.17338 0.91408 0.91079 0.876 2.56918 0.854656 0.828085 0.874494 1.03752 0.841297 0.808251 0.807088 0.781801 1.31663 0.710859 0.9 0.692308 0.684776 0.792153 1.06212 0.783998 0.897394 0.752331
threshold=0.44554892477815072 0 1.4468497739944199 2.4024201905583298 2.8138908115741263 0.1518741664055428 1.3719323805451646 4.7000256136009968 8.1463259676937962 2.742734812691404 2.8931418480839728 1.0000000180025095e-35 0.50813495080208704 7.6106052043540453 2.8931418480839728 2.8535883538621087 7.6282265712538537 7.5000000000000009 0.069137856720281762 1 0.16433431259334527 7.9659354933390452 8.060539847134601 0.19635060602394208 4.5000000000000009 7.4386413238464133 0.24841938629383864 0.17110976664910324 0.22869609200840738 0.18867996087555983
decision_type=8 1 8 8 10 8 10 10 10 10 8 2 8 10 8 8 10 2 8 1 10 10 8 10 2 10 10 8 10 8
left_child=-1 2 -2 12 5 6 -5 21 -4 13 11 -6 -3 14 -8 16 -16 -9 -14 20 -13 24 -23 -17 25 26 -7 -26 29 -29
right_child=1 3 8 4 10 7 9 17 -10 -11 -12 19 18 -15 15 23 -18 -19 -20 -21 -22 22 -24 -25 27 -27 -28 28 -30 -31
leaf_value=-0.0060561554981700847 -0.0027418029269672033 0.01619188955070688 -0.00010393848292937216 0.0099459182695001841 0.0030147389437008964 -0.0020152928547867576 0.00019036920168345284 0.00026031046046978625 -0.0038537746860182612 -0.0042425016752423361 2.282944538756897e-05 0.002474209880935893 0.0017957161916746654 -0.00090357468155189725 0.00033944263227550942 0.0017446494544788957 0.0025220412871320044 0.0031402848478176387 0.00063862130068748969 -0.00043293807540685145 0.00060084605668623582 -0.0036193954978514034 0.0031145719327667493 0.0040654352338655051 -0.0025259853354621877 0.0014318988223188955 0.0054839205569368809 0.0011509838275368324 -0.004418596758957517 -0.0014569165389224296
leaf_weight=488 1600 22 13351 21 78 388 494 34 121 166 38871 28 43 285 170 26 25 22 2213 297 292 20 20 26 331 58 104 184 484 770
leaf_count=488 1600 22 13351 21 78 388 494 34 121 166 38871 28 43 285 170 26 25 22 2213 297 292 20 20 26 331 58 104 184 484 770
internal_value=-9.51972e-05 -6.55733e-05 -0.000434957 5.69444e-05 1.85092e-06 -0.000796583 0.000482274 -0.00143892 -0.000260542 0.000243287 7.50633e-05 0.00183453 0.00110184 0.000799219 0.00168016 0.00410931 0.0024359 0.00571428 0.0010062 0.000753645 0.00242424 -0.00160873 0.005 0.0103846 -0.00172273 -0.000181819 -0.000833335 -0.00220181 -0.0016968 -0.000807129
internal_weight=61032 60544 15072 45472 43194 3628 1213 2415 13472 1192 39566 695 2278 1026 741 247 195 56 2256 617 320 2359 40 52 2319 550 492 1769 1438 954
internal_count=61032 60544 15072 45472 43194 3628 1213 2415 13472 1192 39566 695 2278 1026 741 247 195 56 2256 617 320 2359 40 52 2319 550 492 1769 1438 954
cat_boundaries=0 1 2
cat_threshold=1236 6696
is_linear=0
shrinkage=0.05


Tree=221
num_leaves=31
num_cat=1
split_feature=17 1 22 20 5 16 3 22 22 19 12 12 3 19 17 22 18 21 11 10 11 8 16 22 16 18 11 22 21 21
split_gain=2.71569 1.65337 1.18744 1.13376 0.943802 1.05958 1.45719 1.4765 1.21903 1.67193 1.59646 1.33861 1.27486 1.2164 3.42389 3.14684 1.68896 1.2049 1.17682 1.50225 1.10193 1.00606 0.942719 0.908333 0.88635 0.867811 0.824916 0.810261 2.21816 2.07957
threshold=0.44554892477815072 0 7.817154515001401 0.74679248621259686 1.0000000180025095e-35 0.17855405956481626 3.5000000000000004 7.6705299098168345 7.0016259305287063 2.8603491792596305 2.3465905316554028 3.6519552588822624 5.5000000000000009 4.3985116868594849 4.158772239505665 6.7169497294216205 0.1955281414568196 8.060539847134601 4.1919246049003025 3.7921120732446352 3.02771238803343 4.5000000000000009 0.15714426134452428 7.0286742025408255 0.18791024488926619 0.20770222847380074 3.4889017966466533 7.6366303815293408 7.6776319655965102 7.5424785042809779
decision_type=10 1 10 10 2 8 2 8 10 10 10 8 2 10 10 10 10 10 10 8 8 2 10 10 10 10 10 8 8 10
left_child=1 3 -3 -1 27 6 7 23 9 10 21 -11 20 14 15 -13 -16 -9 -7 -20 -12 -8 -15 25 -21 -6 -27 29 -29 -2
right_child=4 2 -4 -5 5 18 8 17 -10 11 12 13 -14 22 16 -17 -18 -19 19 24 -22 -23 -24 -25 -26 26 -28 28 -30 -31
leaf_value=-0.00037759667212209437 -6.8880241175693206e-06 -0.0065190478184372937 0.0035120072743332655 0.01245817026711564 -0.002443751818381466 -0.0014090222287525813 0.001645325496448467 -0.0020997311741641576 -2.9457552266304627e-05 -0.0014555041312508607 0.0028752800952283335 -0.00096823099287973811 0.00028370740702804881 -0.0019070586329900511 0.0045068031226236059 0.0057565443854368844 0.0080884961044044822 0.0046810838937858283 0.004600580975952959 -0.0033242236082893875 0.0022562171668895517 0.00022305818810310486 0.0051531681260981533 0.00080570488533744937 0.00022526875401504695 0.0014511507804996363 -0.00087825672409859185 0.0012063735987801693 4.9917632259417269e-05 -0.0014386126366982047
leaf_weight=381 23044 860 41 26 224 2717 23 1053 934 123 31 111 26 116 35 21 20 20 22 116 26 103 41 838 899 27 33 1513 24474 3118
leaf_count=381 23044 860 41 26 224 2717 23 1053 934 123 31 111 26 116 35 21 20 20 22 116 26 103 41 838 899 27 33 1513 24474 3118
internal_value=-0.000108661 -0.00236239 -0.00355716 0.000282554 -5.92897e-05 -0.000581427 6.56911e-06 -0.000831436 0.00114907 0.00276627 0.00648325 0.00110278 0.0118675 0.00270349 0.00542781 0.0010606 0.0159091 -0.0021575 -0.00117741 0.000255544 0.0160526 0.00293651 -0.000541402 0.000436719 -2.46317e-05 -0.00200704 0.00333333 1.63941e-05 0.000214144 -0.000180033
internal_weight=61016 1308 901 407 59708 7559 3805 2195 1610 676 209 467 83 344 187 132 55 1073 3754 1037 57 126 157 1122 1015 284 60 52149 25987 26162
internal_count=61016 1308 901 407 59708 7559 3805 2195 1610 676 209 467 83 344 187 132 55 1073 3754 1037 57 126 157 1122 1015 284 60 52149 25987 26162
cat_boundaries=0 1
cat_threshold=1
is_linear=0
shrinkage=0.05


Tree=222
num_leaves=31
num_cat=4
split_feature=17 0 7 15 3 9 0 3 18 22 18 21 8 18 22 14 5 22 22 0 15 17 3 19 10 22 17 15 0 21
split_gain=1.82369 0.754573 1.29748 1.02989 0.999028 3.07285 1.79223 5.5609 4.4477 2.87817 1.47795 1.23449 1.63149 1.55568 1.19547 1.72997 1.30382 1.19421 2.79245 1.15325 1.2994 2.14604 1.30398 1.94403 1.06402 1.39988 1.03047 2.28561 0.972983 0.885697
threshold=0.44554892477815072 0 211.50000000000003 6.1901450660578208 4.5000000000000009 1.0000000180025095e-35 1 5.5000000000000009 0.58853041335788392 7.1521800483865086 0.33761116690489307 8.1623724378548381 4.5000000000000009 0.22496173788046278 7.5018240826039584 3.8033229670845743 1.0000000180025095e-35 7.2891989357453655 7.4055454517705597 2 3.3790911369959642 3.409824096289054 2.5000000000000004 5.175662303572496 3.1112881340356844 7.0879035308073073 4.5437275060124227 4.7365307973927111 3 7.306866856852122
decision_type=8 1 8 8 2 2 1 2 10 10 10 8 2 10 10 8 2 10 10 1 10 10 2 10 10 8 10 10 1 10
left_child=-1 3 -3 4 19 6 7 8 11 -10 14 12 -6 -14 15 -8 -17 -12 -19 20 21 24 23 -22 25 -2 -9 -28 -5 -21
right_child=1 2 -4 28 5 -7 10 26 9 -11 17 -13 13 -15 -16 16 -18 18 -20 29 22 -23 -24 -25 -26 -27 27 -29 -30 -31
leaf_value=-0.0052531690749533962 0.0018074886900901019 -0.00013524422835559674 0.011488152239514281 -0.021228436710739373 0.0063777180563530005 7.4122605232469156e-05 0.002474013169374767 -0.034469899260633242 0.060351176162705071 0.0046930957373068349 -0.0019807123643427161 -0.00031477251733572856 0.03841052833218575 -1.2115899305830774e-05 0.00091452080434009696 -0.00018812695976063552 0.00093903847094124911 0.0077495457498474585 -0.00056175100664810739 0.00020303767203070272 -0.00067267392622812885 0.0037292941220652305 -0.0049333842122708657 0.0022735882924449758 0.001260776924472922 -0.0011985703346788423 0.0664118014041859 -0.00075644409245177182 -0.00012591920188878146 -0.00022193863211984497
leaf_weight=487 26 34771 20 279 25 5563 250 69 23 22 347 23 20 44 311 121 20 41 155 10161 777 25 515 35 132 502 23 70 512 5493
leaf_count=487 26 34771 20 279 25 5563 250 69 23 22 347 23 20 44 311 121 20 41 155 10161 777 25 515 35 132 502 23 70 512 5493
internal_value=-0.0001045 -7.99184e-05 -0.00023146 0.0001262 0.000182913 0.000682614 0.00264066 0.00594225 0.0128344 0.0261111 0.00173307 0.0075 0.0101685 0.0059375 0.00326211 0.0051023 0.000673758 -0.000211788 0.00290816 -1.86811e-05 -0.00114243 0.000620437 -0.00206104 -0.000812809 7.57564e-05 -0.000928031 -0.000370372 0.00306451 -0.00164981 0.000126403
internal_weight=60862 60375 34791 25584 24793 7127 1564 319 157 45 1245 112 89 64 702 391 141 543 196 17666 2012 685 1327 812 660 528 162 93 791 15654
internal_count=60862 60375 34791 25584 24793 7127 1564 319 157 45 1245 112 89 64 702 391 141 543 196 17666 2012 685 1327 812 660 528 162 93 791 15654
cat_boundaries=0 1 2 3 4
cat_threshold=17198 32 32 518
is_linear=0
shrinkage=0.05


Tree=223
num_leaves=31
num_cat=5
split_feature=17 0 3 16 1 0 0 6 17 16 8 17 3 17 21 22 14 0 19 21 16 16 22 17 3 16 21 19 19 14
split_gain=2.50983 3.20735 1.20568 1.03525 1.02082 1.51258 0.80636 1.2697 1.29241 1.58844 1.23992 2.9081 1.17854 1.11935 1.02686 1.19758 1.07931 0.957665 1.11799 1.07713 0.824645 0.795047 1.55277 1.74071 1.1664 0.814905 1.73238 1.33066 0.792339 2.8492
threshold=0.57204744202512514 0 1.0000000180025095e-35 0.27904304377711392 1 2 3 1.0000000180025095e-35 1.8664855882846567 0.090529903494157862 1.5000000000000002 5.8522381856380674 1.0000000180025095e-35 3.7631492991486435 7.7068377846673357 7.6330447501235712 3.1548682217568849 4 1.5262132077423278 7.8561258855626024 0.12695017986424842 0.26962185472643446 6.9146786144020833 3.8083303435622575 1.5000000000000002 0.10321466973561726 7.368024129342877 2.0404405782224484 3.8481501327506042 3.8362207101621992
decision_type=10 1 2 8 1 1 1 2 10 8 2 10 2 10 8 10 8 1 10 8 10 10 8 10 2 10 10 10 10 8
left_child=1 2 -1 -4 -3 -6 7 8 9 -2 11 -9 13 14 15 -12 -17 -14 19 20 -19 25 23 -23 -24 26 27 -10 -29 -30
right_child=6 4 3 -5 5 -7 -8 10 21 -11 12 -13 17 -15 -16 16 -18 18 -20 -21 -22 22 24 -25 -26 -27 -28 28 29 -31
leaf_value=0.0041623124250118578 0.005379218459929668 -0.0051104531112065588 0.0023864686366663335 0.000214215501185134 0.003617910791106899 -0.003007270309308412 2.7053834199691813e-05 0.01742044034871032 0.0047560556863369529 0.0020853993562780161 0.00084547628090982433 -0.0065385302947775798 -0.00074780198453214806 -0.0044103681557345724 0.00035833590234794484 0.0062108710129437786 0.0015830235634273452 -0.0034518724359337001 -0.003851949243827825 -0.0020608221569749464 0.0019976095370181279 0.0080425864362666383 -0.0019503036072297166 0.0008370861162996353 0.0021830764756261812 -0.00019821176910540602 -0.0013019806894427925 0.00016572095035995139 0.0056886719097471892 0.0023780843193244592
leaf_weight=27 20 1092 42 164 148 336 41834 21 42 153 88 36 3971 78 630 23 39 33 984 133 67 25 229 46 666 8433 383 781 21 359
leaf_count=27 20 1092 42 164 148 336 41834 21 42 153 88 36 3971 78 630 23 39 33 984 133 67 25 229 46 666 8433 383 781 21 359
internal_value=-0.000125116 -0.00195965 0.00343621 0.00228155 -0.00276167 -0.00086777 -6.8958e-05 -0.000356379 -3.94348e-05 0.00424855 -0.000936426 0.00640351 -0.00100562 0.000710955 0.00128205 0.005 0.0103226 -0.00128952 -0.00251426 0.000579398 0.0045 -0.000106965 0.00126294 0.00838028 0.000698323 -0.000239047 0.000800755 0.00173317 0.00141688 0.00328947
internal_weight=60904 1809 233 206 1576 484 59095 17261 11158 173 6103 57 6046 858 780 150 62 5188 1217 233 100 10985 966 71 895 10019 1586 1203 1161 380
internal_count=60904 1809 233 206 1576 484 59095 17261 11158 173 6103 57 6046 858 780 150 62 5188 1217 233 100 10985 966 71 895 10019 1586 1203 1161 380
cat_boundaries=0 1 2 3 4 5
cat_threshold=35 4 448 34016 33824
is_linear=0
shrinkage=0.05


Tree=224
num_leaves=31
num_cat=5
split_feature=20 0 22 10 5 0 4 0 22 18 3 3 15 0 18 0 16 13 18 13 15 16 22 18 15 4 10 3 22 12
split_gain=1.84058 3.16819 1.11907 0.905452 0.869815 1.07423 1.0225 1.81768 1.72942 1.72804 2.21038 5.6869 1.43586 2.07464 3.3131 1.69554 1.43123 1.31406 1.73743 1.01611 1.00554 1.00355 0.983381 0.930481 0.911136 1.12985 1.08663 1.01127 1.50863 3.165
threshold=0.1132127554558619 0 7.8562251520982747 4.42304842926875 1.0000000180025095e-35 1 7.5000000000000009 2 7.2418399199301708 0.39646372405684654 4.5000000000000009 5.5000000000000009 3.0752707175678493 3 0.18314549297096708 4 0.1937192088922656 2.3748949377990178 0.86035176332203034 0.66750053336617021 5.9125930327791441 0.0662399235822798 7.2060895108880647 0.58853041335788392 6.8714462753740619 10.500000000000002 3.1717820198074476 5.5000000000000009 7.8430810326515106 4.1689878061477064
decision_type=10 1 10 10 2 1 2 1 10 10 2 2 8 1 10 1 10 10 10 10 8 8 8 10 10 2 8 2 10 10
left_child=1 2 -1 -3 6 -6 7 8 9 -2 16 -12 13 14 -8 24 -11 18 19 -16 -9 -17 -18 -13 25 26 -14 -28 -29 -30
right_child=4 3 -4 -5 5 -7 12 20 -10 10 11 23 15 -15 17 21 22 -19 -20 -21 -22 -23 -24 -25 -26 -27 27 28 29 -31
leaf_value=0.00081559445752885356 -0.00036749906826347568 -0.0038950687828118477 0.0033324585747858161 0.0011547349824652089 -0.00070916767120976119 -0.00010093437452034656 0.0078827693962024974 7.2762479573909277e-05 -0.0022489436577667692 0.0062095168340610954 0.029542612749251296 0.01972689871721281 -0.0047067280297305759 0.00050804314747055672 0.0035637935866441152 -0.0026671065253702489 0.045889425849047406 -0.00042729103685175125 -0.0035166429007922511 0.023614512517994631 -0.0015162792329407944 -9.1720654746910819e-05 -0.0048835297645715 -0.0072157519060859826 -0.0015084759138684178 -5.7259089553300473e-05 0.0013028258468113494 0.0014720004083513443 0.0052738476683550986 0.00093038056031046412
leaf_weight=289 4966 1306 21 34 1978 5502 30 22892 1407 38 26 22 124 7208 33 271 36 51 33 21 687 9364 137 29 97 1857 2076 366 49 57
leaf_count=289 4966 1306 21 34 1978 5502 30 22892 1407 38 26 22 124 7208 33 271 36 51 33 21 687 9364 137 29 97 1857 2076 366 49 57
internal_value=-4.97496e-05 -0.00169697 0.0028125 -0.00274074 -3.96029e-06 -0.000508023 6.87191e-05 -0.000119049 -0.0008477 -0.000432053 0.00333333 0.0105844 0.000331145 0.000897504 0.00623595 3.82149e-05 0.000687203 0.00333333 0.00706896 0.0125926 8.71157e-05 -0.000339555 -0.00124278 0.000882352 0.000823985 0.00092846 0.00158683 0.00180926 0.0038983 0.00915094
internal_weight=61007 1650 310 1340 59357 7480 51877 30240 6661 5254 288 77 21637 7376 168 14261 211 138 87 54 23579 9635 173 51 4626 4529 2672 2548 472 106
internal_count=61007 1650 310 1340 59357 7480 51877 30240 6661 5254 288 77 21637 7376 168 14261 211 138 87 54 23579 9635 173 51 4626 4529 2672 2548 472 106
cat_boundaries=0 1 2 3 4 5
cat_threshold=17697 1797 241 33024 8979
is_linear=0
shrinkage=0.05


Tree=225
num_leaves=31
num_cat=2
split_feature=17 0 11 22 1 18 13 20 18 18 11 12 20 20 18 15 13 3 16 11 16 8 16 11 22 13 12 12 15 16
split_gain=2.14514 0.991936 1.00442 1.05188 1.03748 1.84953 1.23813 0.907428 1.55885 1.17253 1.5133 1.61831 0.845233 1.47318 1.54188 1.83838 1.18382 0.959241 1.39246 1.32695 0.915713 1.27293 0.884606 1.29614 1.34011 1.07881 1.54155 0.877612 0.841909 2.9552
threshold=0.44554892477815072 0 1.2382692000587421 8.0634244052159101 1 0.58853041335788392 2.1916379270371573 0.22093703575117724 0.11110287642591478 0.25191135374732038 2.5610883344145821 3.4061835480678275 0.1930481238249758 0.19084791733286552 0.1851480014264677 3.1692256715336309 3.7693060380574024 1.0000000180025095e-35 0.12994578281550065 1.9530024665512917 0.11146315110279305 4.5000000000000009 0.23619863241220559 2.4638441866376652 7.4549160472174609 2.5297127291328443 1.011435595095721 2.8302634829926228 2.0499486540396581 0.13565292845310103
decision_type=8 1 8 10 1 8 10 10 10 10 10 8 10 10 10 10 10 2 8 8 10 2 10 8 10 8 10 8 8 8
left_child=-1 2 -2 4 6 7 -4 9 -9 12 -11 -12 13 17 -15 -16 -17 18 20 -20 -6 -22 -14 24 25 26 -24 -23 29 -3
right_child=1 28 3 -5 5 -7 -8 8 -10 10 11 -13 22 14 15 16 -18 -19 19 -21 21 27 23 -25 -26 -27 -28 -29 -30 -31
leaf_value=-0.0045920885781600921 -0.0022747054970227798 0.003047197701227123 0.0011439280485307398 -0.002831945452176229 0.00084654375750544851 -0.033607229012430517 -0.0013644357146246867 0.0077752314250477839 0.00018061461316073025 -0.0016706326188140894 0.0028094012976575245 0.0015146998842390895 -0.0010155804597301349 -0.00011267887979534025 0.00084724387394431364 0.008138675683097514 0.0041530450257282765 -0.00047324547922748236 0.0040377947650822353 -0.00053951596970983745 0.0050381252067937532 0.0044038881896165628 0.0010636159969231208 -0.00017156462551973082 -0.0036546896408665729 6.2389644898328168e-05 0.0034493827202946737 2.2840951474015043e-05 2.428480170443136e-05 0.00039007469491307827
leaf_weight=487 1242 130 907 207 233 209 285 21 3160 56 21 39 2676 168 91 32 31 4473 60 524 21 27 21 444 37 29 23 40 43948 1364
leaf_count=487 1242 130 907 207 233 209 285 21 3160 56 21 39 2676 168 91 32 31 4473 60 524 21 27 21 444 37 29 23 40 43948 1364
internal_value=-5.21272e-05 -2.55304e-05 -0.000376816 -0.00025479 -0.000201058 -0.000336122 0.00120805 -0.000256401 0.000469977 -0.00051183 0.00448276 0.01 -0.000576709 -0.000210528 0.00307453 0.00668831 0.013254 -0.000407216 0.00107735 -0.000376714 0.00372274 0.00806818 -0.00122291 0.000595667 0.00545454 0.00938356 0.0143182 0.00470149 9.10839e-05 0.00125837
internal_weight=61006 60519 15077 13835 13628 12436 1192 12227 3181 9046 116 60 8930 5700 322 154 63 5378 905 584 321 88 3230 554 110 73 44 67 45442 1494
internal_count=61006 60519 15077 13835 13628 12436 1192 12227 3181 9046 116 60 8930 5700 322 154 63 5378 905 584 321 88 3230 554 110 73 44 67 45442 1494
cat_boundaries=0 1 2
cat_threshold=1236 1
is_linear=0
shrinkage=0.05


Tree=226
num_leaves=31
num_cat=1
split_feature=17 10 1 3 20 22 22 2 18 20 11 6 3 5 19 19 18 10 14 11 13 4 3 16 16 17 10 13 11 3
split_gain=2.08116 1.6128 1.36153 1.45998 1.51739 1.08621 0.80481 0.785877 0.676188 0.738304 0.693229 0.6433 1.05632 1.43549 0.951249 0.650133 0.661311 0.479858 1.53385 1.82035 0.728412 0.755182 0.844575 0.651199 1.388 1.76024 0.718062 0.791348 1.28219 0.938956
threshold=0.66334028263208344 5.1419558687004043 0 5.5000000000000009 0.28893830064179232 7.817154515001401 7.0879035308073073 2.5000000000000004 0.075026567186903079 0.075384356921519874 4.426641248793044 1.0000000180025095e-35 3.5000000000000004 1.0000000180025095e-35 4.0965254309614947 0.51903292904686993 0.13059420011497619 3.14630281962196 2.7819152571143779 2.9096258622311582 3.1884144917545725 2.5000000000000004 5.5000000000000009 0.087731648258860345 0.086261561519081154 2.6522880190058764 2.7504658133048774 4.8790065624708641 3.0796111151707293 1.0000000180025095e-35
decision_type=10 10 1 2 10 10 10 2 10 10 10 2 2 2 8 8 8 10 8 10 8 2 2 8 8 10 8 8 10 2
left_child=1 2 3 11 6 8 -5 -2 10 -10 -4 12 13 14 -1 -13 -17 23 19 -19 21 -20 -23 24 26 -26 -9 -28 29 -29
right_child=7 -3 5 4 -6 -7 -8 17 9 -11 -12 15 -14 -15 -16 16 -18 18 20 -21 -22 22 -24 -25 25 -27 27 28 -30 -31
leaf_value=0.010187260709984628 -9.2807284109735081e-05 0.0015183128732358822 -0.0072434219210725601 -4.9829206228484444e-05 0.011041465228363989 0.0052651697729419397 0.016186152350275353 -0.00096488917401278793 0.0014940536929831606 -0.0036926734618792389 0.0030873895130781297 0.0013717745460132475 -0.012660843745979214 -0.0062270962700977216 0.0044511271039505374 0.0044236486832636944 -0.0046593534656979036 -0.0051485725948310062 0.0044766171135779643 0.0052420669435741321 0.00024122609750385212 0.0015629156312858196 -0.0027283228465353722 -5.4602897681533576e-05 -0.00038451422860316041 0.0048127465682889651 0.00027929132245247486 -0.00035055610305278107 0.0010292343396402326 0.0049905160131229649
leaf_weight=26 39397 55 640 74 20 38 27 207 34 589 20 30 52 27 44 24 377 21 34 33 9434 279 62 8962 21 22 346 21 85 65
leaf_count=26 39397 55 640 74 20 38 27 207 34 589 20 30 52 27 44 24 377 21 34 33 9434 279 62 8962 21 22 346 21 85 65
internal_value=-7.41832e-05 -0.00162976 -0.00185955 -7.84605e-05 0.00491735 -0.00280469 0.00242574 -1.94116e-05 -0.00305144 -0.00186999 -0.00416667 -0.00112069 0.00171141 0.00479381 0.00857143 -0.00209977 -0.00263092 0.000239382 0.000485145 0.00888889 0.000438881 0.0026 0.00189149 -9.76581e-06 0.00138853 0.0101163 0.000870165 0.00186654 0.00464912 0.00895349
internal_weight=61066 2077 2022 701 121 1321 101 58989 1283 623 660 580 149 97 70 431 401 19592 9863 54 9809 375 341 9729 767 43 724 517 171 86
internal_count=61066 2077 2022 701 121 1321 101 58989 1283 623 660 580 149 97 70 431 401 19592 9863 54 9809 375 341 9729 767 43 724 517 171 86
cat_boundaries=0 1
cat_threshold=1
is_linear=0
shrinkage=0.05


Tree=227
num_leaves=31
num_cat=5
split_feature=17 0 4 17 19 21 7 3 15 17 4 22 21 4 4 1 22 0 15 10 21 3 0 19 22 0 15 15 10 4
split_gain=2.37955 3.21276 1.48306 1.32183 1.15348 1.67972 1.28025 1.25487 0.986301 0.747865 0.747888 0.902555 0.659546 0.523238 1.02483 2.66977 2.20737 1.84489 1.70352 1.8259 1.52559 1.37585 1.36909 1.33683 1.28921 1.25599 1.37148 1.19554 1.68006 1.12146
threshold=0.84960189335342784 0 7.5000000000000009 0.57204744202512514 0.7314894522355665 7.4958196445301075 22.500000000000004 5.5000000000000009 0.87437180834179562 0.50813495080208704 4.5000000000000009 7.1173105413534152 7.8040473435334432 3.5000000000000004 7.5000000000000009 1 7.7996082877823012 2 2.1955324224632569 2.0731521505764063 7.2960741707616021 1.5000000000000002 3 4.5547221044546111 7.3447932028912124 4 3.7511782060446772 4.2928951667288073 4.2828964306261508 4.5000000000000009
decision_type=10 1 2 8 10 10 10 2 8 8 2 10 10 2 2 1 10 1 8 10 10 2 1 10 8 1 10 10 10 2
left_child=1 2 9 -4 5 6 7 -5 -6 -1 11 -11 -3 -2 15 17 20 23 19 -19 -17 27 -23 -15 -22 26 -26 28 -20 -29
right_child=13 12 3 4 8 -7 -8 -9 -10 10 -12 -13 -14 14 -16 16 -18 18 21 -21 24 22 -24 -25 25 -27 -28 29 -30 -31
leaf_value=0.037507361065041767 0.00011945764266205259 -0.0039484590015431758 0.0012717350491998649 0.0059731260180422192 -0.008353896671284387 -0.0001827316758610457 -0.0018331152006076927 0.037301406788057663 0.0019560215462220282 0.0015997499683896633 -0.0039383962689513996 -0.030061231821716279 0.0015299798283116375 -0.0019899505990765456 4.4191470583640019e-05 0.00060642450292902855 0.0039292164384457824 0.00022030923324301029 0.00074380749126566614 0.0029826259955854318 -0.0023924703227761277 0.00013364590415303803 -0.0018261923971229341 0.002253063457304466 0.0024549073819962602 -0.00046846872423039748 0.00028345310030879894 -0.0014523993362154618 0.0044696535935265271 0.00037768020148399163
leaf_weight=24 13356 1908 26 78 73 100 26 20 73 68 256 31 70 3885 25151 4568 42 134 1045 48 580 1465 3243 23 238 2891 839 283 26 497
leaf_count=24 13356 1908 26 78 73 100 26 20 73 68 256 31 70 3885 25151 4568 42 134 1045 48 580 1465 3243 23 238 2891 839 283 26 497
internal_value=-0.000112746 -0.00154922 0.00117834 0.00333333 0.00256757 0.00482143 0.00870968 0.0113265 -0.000890412 -0.00104222 -0.00161972 0.00207071 -0.00261067 -4.49304e-05 -0.000126564 -0.000395568 0.000230398 -0.000933892 -0.000430308 0.00434066 0.000177708 -0.000563349 -0.00101742 -0.00179684 -0.000470538 -0.000148691 0.00130175 0.000591571 0.001676 -0.000897437
internal_weight=61067 2753 775 396 370 224 124 98 146 379 355 99 1978 58314 44958 19807 9158 10649 6741 182 9116 6559 4708 3908 4548 3968 1077 1851 1071 780
internal_count=61067 2753 775 396 370 224 124 98 146 379 355 99 1978 58314 44958 19807 9158 10649 6741 182 9116 6559 4708 3908 4548 3968 1077 1851 1071 780
cat_boundaries=0 1 2 3 4 5
cat_threshold=17795 2 33001 28672 34888
is_linear=0
shrinkage=0.05


Tree=228
num_leaves=31
num_cat=5
split_feature=17 21 22 21 0 3 0 17 3 19 0 20 0 17 17 20 13 21 16 17 0 20 4 18 17 16 3 16 13 18
split_gain=2.1314 0.857059 2.20991 1.8031 1.10248 0.966225 1.61414 0.971302 1.21075 1.16424 0.920222 0.870898 1.94149 1.64996 2.39972 1.01586 0.828717 0.876802 0.814423 0.799561 1.68218 1.52481 1.73077 0.838627 1.85061 2.1844 0.821578 0.878021 1.22669 1.07268
threshold=0.44554892477815072 7.6641119454010447 7.7387374327485459 7.713561252735313 0 2.5000000000000004 1 0.84960189335342784 3.5000000000000004 0.7314894522355665 2 0.15314208129995657 3 2.4712202941712307 3.3429269330856992 0.17500467673449904 3.9288796390704568 7.703684628741744 0.11053800722608796 0.84960189335342784 4 0.075384356921519874 6.5000000000000009 0.094293945564146622 2.336786707039876 0.073733807284678182 1.0000000180025095e-35 0.25771625655043956 1.4468497739944199 0.15266203254419694
decision_type=8 10 8 10 1 2 1 8 2 10 1 10 1 8 10 10 8 10 10 10 1 8 2 10 10 10 2 8 8 10
left_child=-1 19 4 16 -3 10 -7 8 -8 -10 -5 12 -9 -14 18 -13 -4 -18 -15 20 -2 22 -22 24 25 -21 27 29 -29 -25
right_child=1 2 3 5 -6 6 7 11 9 -11 -12 15 13 14 -16 -17 17 -19 -20 23 21 -23 -24 26 -26 -27 -28 28 -30 -31
leaf_value=-0.003994045963740026 0.00071685646250788484 -0.0021121220486749054 0.0031669131759533456 1.61786952208557e-05 -0.00039632278900203672 -0.00062571129069239533 0.0016664891317692402 -0.00033877887885459508 -0.0033260791450991606 0.0088052821162883498 -0.0011720197066644638 -0.0012311734971627419 0.0027558466439792464 0.0023468734570428668 0.0043418334655515476 0.00064268641545797787 -0.00075940964897097327 0.00392429536184915 -0.00097982711706289536 0.013021537358780389 0.0018723267936038752 -0.0034682388964593319 -0.010363638693802208 -0.00015756355634441923 0.00020774538570102338 -0.00019853693014766345 -4.6185479145468411e-05 0.010295491469532231 -0.00062205476768797637 0.00071601241911944176
leaf_weight=463 576 1702 199 1481 1111 1185 24 136 28 37 1715 298 30 28 29 1669 131 41 52 52 32 1418 20 1538 528 47 40669 45 979 4701
leaf_count=463 576 1702 199 1481 1111 1185 24 136 28 37 1715 298 30 28 29 1669 131 41 52 52 32 1418 20 1538 528 47 40669 45 979 4701
internal_value=-0.00010859 -8.27271e-05 -0.000508287 -3.74147e-05 -0.00169392 -0.000224971 0.000346984 0.0011085 0.00623595 0.00269231 -0.000854194 0.000909901 0.00354545 0.00741611 0.00509174 0.000541432 0.00335579 0.000813952 0.000624999 4.9283e-07 -0.000967743 -0.00185811 0.00653846 4.12888e-05 0.00185805 0.00813131 1.75236e-05 0.000507365 -0.000849611 0.000730084
internal_weight=60964 60501 9896 7083 2813 6712 3516 2331 89 65 3196 2242 275 139 109 1967 371 172 80 50605 2046 1470 52 48559 627 99 47932 7263 1024 6239
internal_count=60964 60501 9896 7083 2813 6712 3516 2331 89 65 3196 2242 275 139 109 1967 371 172 80 50605 2046 1470 52 48559 627 99 47932 7263 1024 6239
cat_boundaries=0 1 2 3 4 5
cat_threshold=59042 33252 57633 24578 17699
is_linear=0
shrinkage=0.05


Tree=229
num_leaves=31
num_cat=1
split_feature=17 12 7 22 22 4 7 3 22 12 20 20 4 20 14 11 22 3 14 22 19 22 3 1 12 14 15 8 21 20
split_gain=1.76913 2.12292 0.912708 0.757835 0.713899 0.586459 0.824004 0.91746 0.564419 0.550839 1.1316 1.23327 1.18499 1.54205 2.33335 0.905017 0.87103 0.824908 1.8468 1.58075 0.747023 0.629762 0.625 0.551085 0.544355 2.07032 1.00278 0.960939 0.817404 0.662339
threshold=0.44554892477815072 4.8327040063029694 12.500000000000002 7.7817507789010163 7.8827131585094232 8.5000000000000018 67.500000000000014 1.0000000180025095e-35 6.7605885350312329 1.9946771741822351 0.075384356921519874 0.26574297009537695 7.5000000000000009 0.14141919676553347 1.4701097818118665 1.4468497739944199 6.9250723358807749 5.5000000000000009 1.5789255615152133 8.1463259676937962 0.78532962047901178 7.2542076304344159 2.5000000000000004 0 2.0731521505764063 2.4807225249527423 2.2506461034778953 5.5000000000000009 6.8029500104663247 0.18776835760393193
decision_type=10 10 10 10 8 2 10 2 8 8 10 10 2 10 8 10 8 2 10 10 10 10 2 1 8 10 8 2 10 10
left_child=1 2 3 -1 -4 6 -6 -8 -2 10 -10 12 -12 14 -14 -16 22 -13 19 20 21 -19 -15 -18 25 26 27 28 29 -11
right_child=8 -3 4 -5 5 -7 7 -9 9 24 11 17 13 16 15 -17 23 18 -20 -21 -22 -23 -24 -25 -26 -27 -28 -29 -30 -31
leaf_value=-0.0038420065090706726 -0.00081236759756486698 0.0052970209718708116 -0.057916539926500414 0.0034364922145887901 0.0063915144925480536 -0.067149762709481253 0.011861449910244348 -0.0012936721894682677 0.0015231576187309693 0.0030505688991354098 -0.0029345540174383496 -1.2755438728259442e-06 0.0053689493958250243 0.0044683277313224924 -0.00087515048180932756 0.0010251510547712556 -0.0022883096116313464 0.00046506953405590776 0.0060091068583712831 0.0089765747776519838 -0.00081035155083419906 0.01075945794436891 -0.0039319822192501247 -0.00049908469732849747 -2.9828211451782468e-05 0.0045040791119017936 0.0022871457006092841 -0.0013910568698284928 0.0048218221848090213 -0.006314442117115255
leaf_weight=1040 346 37 43 39 52 24 20 70 39 59 1153 1140 23 20 64 77 245 35 23 20 110 21 20 968 55066 20 36 184 38 43
leaf_count=1040 346 37 43 39 52 24 20 70 39 59 1153 1140 23 20 64 77 245 35 23 20 110 21 20 968 55066 20 36 184 38 43
internal_value=-0.000136309 -0.0019434 -0.00228261 -0.0028684 0.000741626 0.00222891 0.0034507 0.000555554 -9.62355e-05 -8.45073e-05 -0.000654372 -0.00073871 -0.00138132 -0.000412845 0.00414634 0.00173759 -0.00100958 0.000485544 0.0033732 0.00172043 0.000120481 0.00482143 0.00625 -0.00124897 -4.38276e-05 0.0018421 0.000972221 9.25914e-05 0.00321428 0.000882352
internal_weight=61075 1325 1288 1079 209 166 142 90 59750 59404 3958 3919 2570 1417 164 141 1253 1349 209 186 166 56 40 1213 55446 380 360 324 140 102
internal_count=61075 1325 1288 1079 209 166 142 90 59750 59404 3958 3919 2570 1417 164 141 1253 1349 209 186 166 56 40 1213 55446 380 360 324 140 102
cat_boundaries=0 1
cat_threshold=4
is_linear=0
shrinkage=0.05


Tree=230
num_leaves=31
num_cat=5
split_feature=17 0 20 22 20 20 12 4 0 4 4 5 0 15 22 13 16 1 17 8 21 3 21 21 20 16 0 20 16 14
split_gain=1.49698 2.23516 1.38055 1.44415 0.763365 1.34419 1.60983 1.17338 1.03216 1.10587 1.64272 1.63319 1.56422 1.24067 1.10633 1.85758 1.42869 1.00067 1.48995 0.960911 1.07844 0.931923 1.70029 1.95926 0.92602 0.903654 0.899834 1.66638 1.29366 2.21227
threshold=0.57204744202512514 0 0.25363552503345449 7.8879552508210917 0.19977119896578269 0.19935580627653263 3.3792910951838295 3.5000000000000004 1 3.5000000000000004 8.5000000000000018 1.0000000180025095e-35 2 6.1901450660578208 7.4424803299715094 2.5989721962006249 0.042200590385709842 3 3.476429984282468 6.5000000000000009 8.2949240625415008 1.0000000180025095e-35 7.6886843467073707 7.8676800295477261 0.15399426465472238 0.18143793934285937 4 0.14963395780947539 0.091624312347096185 3.6283320724249073
decision_type=10 1 8 10 10 10 10 2 1 2 2 2 1 10 8 8 10 1 10 2 8 2 10 10 10 10 1 10 10 10
left_child=1 2 -1 -4 5 8 7 -7 19 14 11 12 21 -14 16 -16 24 18 -12 -2 -21 22 25 -24 -10 -11 28 -28 29 -17
right_child=4 -3 3 -5 -6 6 -8 -9 9 10 17 -13 13 -15 15 26 -18 -19 -20 20 -22 -23 23 -25 -26 -27 27 -29 -30 -31
leaf_value=0.0015659949325948096 0.00032074955136120317 -0.0034750139940039116 -0.00016414810839791697 0.0032689211493821153 -0.00013010642155403075 0.0045164887950253276 -0.00073300934662234548 0.0028655539064109019 0.0012358620248699222 -0.00091915191001587678 0.0013389229350973747 -0.0030729247782450182 -0.00012034275364720211 0.0043645010938075145 0.0037733698139930738 0.0039297969035134361 -0.00024368230525097269 0.00036536761778697421 -0.0023777942418588623 -0.001843675792850855 0.0011856084898361219 -0.0020473911153601749 0.0028337052753139155 -0.0013838620717383202 0.0036845088559975918 0.00075211986746078635 0.0037355338967824483 -8.6761085112139496e-05 0.0010069509021078508 0.0015905853688803239
leaf_weight=47 9926 1463 333 22 31402 34 105 97 24 249 235 430 4482 25 33 25 2265 4988 585 223 24 2057 45 27 25 65 111 1165 657 51
leaf_count=47 9926 1463 333 22 31402 34 105 97 24 249 235 430 4482 25 33 25 2265 4988 585 223 24 2057 45 27 25 65 111 1165 657 51
internal_value=-9.3108e-05 -0.00148794 0.00179612 0.000774647 -4.92809e-05 0.000140771 0.0038983 0.00759542 0.000108777 -0.00012362 -0.000351836 -0.000846885 -0.000661872 -0.000107373 0.000567033 0.00141528 -0.000181505 0.000277203 -0.00134146 0.000509181 -0.00257085 -0.00167754 0.000569947 0.0075 0.0082653 -0.00101911 0.001222 0.000404353 0.00260431 0.00881579
internal_weight=61220 1865 402 355 59355 27953 236 131 27717 17544 13188 7380 6950 4507 4356 2042 2314 5808 820 10173 247 2443 386 72 49 314 2009 1276 733 76
internal_count=61220 1865 402 355 59355 27953 236 131 27717 17544 13188 7380 6950 4507 4356 2042 2314 5808 820 10173 247 2443 386 72 49 314 2009 1276 733 76
cat_boundaries=0 1 2 3 4 5
cat_threshold=17699 14364 1696 1 34336
is_linear=0
shrinkage=0.05


Tree=231
num_leaves=31
num_cat=1
split_feature=15 19 12 10 11 4 3 19 22 7 19 19 20 3 22 21 22 10 4 20 1 15 22 21 22 15 20 22 21 8
split_gain=1.29567 2.23824 1.38854 1.42127 1.12587 1.04854 1.67654 1.63104 0.876961 0.934088 0.758302 0.933626 0.813346 0.714928 0.985193 0.938274 0.928644 0.694231 0.553582 1.98407 0.728358 1.13932 1.01502 1.05736 1.02832 1.41552 1.55059 1.96761 1.15906 1.09714
threshold=0.56408292293427376 3.4782247315582269 4.8327040063029694 6.1211761295203759 4.9701604012907392 5.5000000000000009 4.5000000000000009 6.4685105199238286 7.0879035308073073 12.500000000000002 5.8733478586983567 4.3985116868594849 0.32646872099654201 3.5000000000000004 7.3793419050083164 7.3300774504429578 7.7817507789010163 0.37096867236468872 1.5000000000000002 0.25143458123387469 0 5.1452285230707346 7.0389040788336867 7.0268706613697072 7.0931538489907586 3.9494408180997103 0.1915732971535308 7.604148315271285 6.9916366572685495 5.5000000000000009
decision_type=10 10 10 10 8 2 2 10 10 10 10 10 10 2 10 10 10 8 2 10 1 10 10 10 10 10 10 10 10 2
left_child=1 2 3 8 -3 6 7 -6 9 -1 11 -7 -13 16 15 17 -10 -15 19 20 21 -2 23 -22 28 26 -26 -28 -24 -29
right_child=18 4 -4 -5 5 10 -8 -9 13 -11 -12 12 -14 14 -16 -17 -18 -19 -20 -21 22 -23 24 -25 25 -27 27 29 -30 -31
leaf_value=-0.007149997693722549 -0.00053336210944933697 0.0056759895073728497 0.0058601565924892261 0.0016487951721782829 0.0057363006089502918 -0.000622030892006576 -0.0074482002750157084 0.01411691280933877 -0.0037521806599797669 0.00012480799031904148 -0.00086151208076358987 0.010839615866709113 0.0043690936789197105 0.0062441492436612657 -0.0030977265056583731 0.011734990067755871 0.0011405076004337052 8.7640229080576673e-05 -5.5445571168477256e-05 -0.0026137741503661988 0.00060443105760142916 0.0030960026719732011 0.0067049360103447744 -0.0046069209133084961 0.00060948137230141608 8.3302260898106118e-06 0.013507616639369877 -0.00080216870717557051 0.001662360047808573 0.0076140130962986914
leaf_weight=895 1109 32 23 23 60 42 37 21 449 148 353 25 22 24 179 23 78 156 53936 208 2218 22 51 81 129 386 29 35 81 25
leaf_count=895 1109 32 23 23 60 42 37 21 449 148 353 25 22 24 179 23 78 156 53936 208 2218 22 51 81 129 386 29 35 81 25
internal_value=-0.000102628 -0.00119691 -0.001997 -0.00213924 0.00150338 0.000982142 0.00516949 0.00919753 -0.00228484 -0.00327421 -0.000135748 0.00398876 0.00882979 -0.00114962 0.000497381 0.00288177 -0.00234345 0.00166667 -5.40228e-05 0.000486967 0.000724915 -0.000358091 0.0011285 0.000611134 0.00274456 0.00187086 0.00509174 0.0101685 0.00674242 0.005
internal_weight=60900 2590 1998 1975 592 560 118 81 1952 1043 442 89 47 909 382 203 527 180 58310 4374 4166 1131 3035 2299 736 604 218 89 132 60
internal_count=60900 2590 1998 1975 592 560 118 81 1952 1043 442 89 47 909 382 203 527 180 58310 4374 4166 1131 3035 2299 736 604 218 89 132 60
cat_boundaries=0 1
cat_threshold=4
is_linear=0
shrinkage=0.05


Tree=232
num_leaves=31
num_cat=1
split_feature=15 19 10 12 16 7 1 20 22 17 3 14 18 22 21 21 4 20 18 4 4 7 22 22 20 14 17 18 18 16
split_gain=1.46237 1.56484 1.19675 1.14393 0.994033 1.19565 0.993255 0.831624 0.770032 0.72292 0.693258 1.30239 1.02403 1.64623 0.612688 0.942308 0.607236 0.592053 1.1362 0.821161 1.4509 1.37388 1.07805 1.52958 1.52323 1.31716 1.27811 1.15394 1.01555 1.32783
threshold=0.72869838617104832 3.4782247315582269 4.42304842926875 4.8327040063029694 0.086261561519081154 12.500000000000002 0 0.093465955454494168 7.8827131585094232 3.6743439689979733 4.5000000000000009 0.43773436867694998 0.17255224580516146 7.5400371273792564 7.3142198319787717 7.4958196445301075 8.5000000000000018 0.16769247503786797 0.21299679527479637 4.5000000000000009 8.5000000000000018 3.5000000000000004 6.9957956303836344 6.8477059045357782 0.22807970176922179 6.840279078092153 1.5348418611238417 0.15826425273202482 0.16778569860920892 0.18791024488926619
decision_type=10 10 10 10 10 10 1 10 8 8 2 10 10 10 8 10 2 10 10 2 2 10 10 10 10 10 10 10 10 10
left_child=1 2 3 4 5 -1 -3 -6 -7 -8 -9 -12 -13 -14 -4 -16 -10 18 -2 21 -21 -19 23 24 27 26 -25 -22 29 -29
right_child=17 6 14 -5 7 8 9 10 16 -11 11 12 13 -15 15 -17 -18 19 -20 20 22 -23 -24 25 -26 -27 -28 28 -30 -31
leaf_value=-0.0054565423921535605 0.00015918649732639401 0.0020421425718498139 -0.00058687532532472326 0.0061580399424844348 0.0005345856198226862 -0.065164915866093118 0.0066681435257540918 -0.0027327470255205425 0.0020078388022326085 8.5890053277339821e-05 -0.002655496974553544 0.006435435957990579 -0.002186434137921012 0.012202324508495836 0.0052371938127112917 0.00027592114466762216 -0.063654220649881299 9.8127034328335467e-05 0.0029818593474179112 -0.00048195503079578205 -0.00040495539671986575 0.0059033436353082731 -8.612448177008901e-05 0.008007545389971343 -0.00052216894734177983 0.0056391908280531162 0.00092460402988547982 0.0046942543159716292 0.0012197449718085412 -0.0086455881487614555
leaf_weight=1206 10579 30 21 20 116 48 20 625 142 545 117 24 79 24 26 26 25 14647 30 16825 639 23 11367 40 1401 33 352 167 1760 36
leaf_count=1206 10579 30 21 20 116 48 20 625 142 545 117 24 79 24 26 26 25 14647 30 16825 639 23 11367 40 1401 33 352 167 1760 36
internal_value=-0.000110916 -0.00117001 -0.00171869 -0.00190849 -0.00200748 -0.00285363 0.00113445 -0.000786803 0.000581394 0.000663716 -0.00131761 0.000942622 0.00444882 0.00228155 0.00458904 0.0075 0.00218563 -5.43199e-05 0.000283249 -0.00013005 -0.000269774 0.00018064 7.43894e-05 0.000736223 0.000433424 0.00358823 0.00278061 0.00114911 0.00174987 0.00509852
internal_weight=60993 3094 2499 2426 2406 1421 595 985 215 565 869 244 127 103 73 52 167 57899 10609 47290 32620 14670 15795 4428 4003 425 392 2602 1963 203
internal_count=60993 3094 2499 2426 2406 1421 595 985 215 565 869 244 127 103 73 52 167 57899 10609 47290 32620 14670 15795 4428 4003 425 392 2602 1963 203
cat_boundaries=0 1
cat_threshold=2
is_linear=0
shrinkage=0.05


Tree=233
num_leaves=31
num_cat=0
split_feature=17 11 22 12 22 22 10 18 4 22 11 18 22 4 11 15 15 4 22 22 18 11 22 16 10 14 12 15 14 16
split_gain=1.40284 0.819065 0.880645 1.02134 0.745606 0.82361 0.816471 0.714617 1.01816 1.40631 1.61278 1.48675 0.976827 1.60284 0.949681 0.841604 0.988334 1.04556 0.673866 0.752056 1.37418 0.846352 0.896993 0.651035 0.696338 1.0866 0.646447 0.64468 0.763305 0.64255
threshold=0.44554892477815072 1.9946771741822351 6.9567568975958656 1.2382692000587421 7.0778549898090093 7.1002466405118581 0.61482027553725704 0.10026396948982759 3.5000000000000004 7.5532848675795057 4.796203598077895 0.094293945564146622 7.310261908962798 8.5000000000000018 4.2420456599555605 5.1452285230707346 3.6986029576093418 5.5000000000000009 8.1463259676937962 7.8879552508210917 0.10289115423334889 2.1804014991111278 7.9291277697283098 0.087731648258860345 0.37096867236468872 1.0000000180025095e-35 2.0731521505764063 2.1185707877034909 2.5055176070587919 0.087731648258860345
decision_type=8 8 8 8 8 8 10 8 2 8 10 10 8 2 8 10 10 2 10 10 10 8 10 10 8 10 10 8 10 8
left_child=23 2 3 -2 -4 6 -6 8 9 -3 11 -11 13 14 -10 16 17 -14 19 -9 -21 22 -22 -1 25 -25 -5 28 -7 -19
right_child=1 7 4 26 5 27 -8 18 12 10 -12 -13 15 -15 -16 -17 -18 29 -20 20 21 -23 -24 24 -26 -27 -28 -29 -30 -31
leaf_value=-0.004734310976336498 0.0034739692893775175 0.00060005169151501874 -0.004880552090647308 -0.00020023785853539989 0.010350576830384496 -0.00049100445338665511 -0.0089613055526706949 -1.3288725564086638e-05 0.0020675785931331559 0.0043301035126046663 -0.00091380687589500071 0.0075516512579503568 -0.00507350371699802 0.0044537290786983248 -0.00019074069061452529 0.0092526157192467356 -0.0024063455481657678 -0.00022548862866430749 -0.001631408262176836 0.0029423080927213179 0.0027987938764744017 0.00031045753829945426 0.0016310439992677532 0.0044727638307661003 -0.0030398832449325302 -0.002531599991481278 0.0029809483809638835 -0.0035079019497078062 0.0054220503772612815 0.0012373306459552563
leaf_weight=259 27 122 242 134 61 3320 27 52602 33 38 20 20 70 39 93 20 223 237 315 35 28 2292 69 34 146 58 21 187 22 261
leaf_count=259 27 122 242 134 61 3320 27 52602 33 38 20 20 70 39 93 20 223 237 315 35 28 2292 69 34 146 58 21 187 22 261
internal_value=-4.05384e-05 -1.88261e-05 -0.000706509 0.00269231 -0.000866806 -0.000687035 0.00409091 3.03437e-05 0.00125 0.0045 0.00974359 0.0139655 0.000584015 0.00409091 0.00134921 -0.000129471 -0.000385589 0.00072183 4.42591e-06 1.76268e-05 0.000878712 0.000734616 0.00530928 -0.00268612 -0.000798321 0.00260869 0.00112903 -0.000806179 -0.000646321 0.0015261
internal_weight=61055 60558 4041 182 3859 3617 88 56517 1176 200 78 58 976 165 126 811 791 568 55341 55026 2424 2389 97 497 238 92 155 3529 3342 498
internal_count=61055 60558 4041 182 3859 3617 88 56517 1176 200 78 58 976 165 126 811 791 568 55341 55026 2424 2389 97 497 238 92 155 3529 3342 498
is_linear=0
shrinkage=0.05


Tree=234
num_leaves=31
num_cat=2
split_feature=19 16 10 19 15 0 7 22 7 10 0 13 18 18 22 3 15 21 3 10 18 12 12 16 12 16 18 10 15 12
split_gain=1.31829 0.914086 0.841072 0.730431 1.18689 1.74378 1.58989 1.5061 1.89134 1.02863 0.835858 0.809853 1.00616 1.10589 1.12002 1.17629 1.19857 1.16346 1.01102 0.818533 0.726665 0.772842 1.12851 1.12361 0.712212 1.01661 1.05153 0.848826 1.87768 1.17954
threshold=0.45293870108526374 0.11146315110279305 0.37096867236468872 1.9520488408827454 1.9777724735135342 0 13.500000000000002 7.8781747310856804 67.500000000000014 4.7000256136009968 1 4.6076669418093283 0.11110287642591478 0.11998766260827202 7.817154515001401 1.5000000000000002 3.6184012925536506 7.538228829590838 3.5000000000000004 4.5406315226282787 0.21547635445835003 5.2361759346246854 5.3085151609053911 0.25771625655043956 4.6467917456629975 0.25274268810412398 0.35294744700051911 4.6572880276235962 4.4397644847182365 4.5168851219807813
decision_type=8 10 8 10 8 1 10 8 10 10 1 10 8 8 8 2 10 8 2 8 8 8 8 10 8 8 10 10 10 10
left_child=1 -1 -3 4 -2 -6 9 -8 -9 -7 11 12 -5 14 15 -14 -17 18 -18 -13 -21 -22 23 -23 25 26 27 -15 -29 -30
right_child=3 2 -4 10 5 6 7 8 -10 -11 -12 19 13 24 -16 16 17 -19 -20 20 21 22 -24 -25 -26 -27 -28 28 29 -31
leaf_value=-0.0033096454071849914 -0.00015561511646287481 0.0025615661116685112 -0.0026244002211336629 -0.00087666452739815237 -0.0074373999853557492 -0.0030634872020993491 -0.03712678153016781 0.0075054488936249653 0.00097993210594279055 0.0023385545654797577 -9.5643448721486691e-05 -0.0018783286252547601 -0.0013519474183553565 0.00011786918497458431 0.00013760910308782681 -0.00074971566875106101 0.0026516241621468428 0.0064488275032912427 -0.00049317174807017171 0.00016209507562882261 -0.0013703179253265572 0.0024146027462524327 -0.00027750709914137954 0.0065680089548942576 0.00072744161967145976 -0.00075905079523614076 0.0033406505600457395 0.005779392774085128 0.0037919140619867564 -0.0013897471472661728
leaf_weight=353 4617 43 83 499 603 345 25 32 46 47 32931 500 46 8116 181 20 21 52 31 3925 689 45 970 22 5453 1066 26 30 88 103
leaf_count=353 4617 43 83 499 603 345 25 32 46 47 32931 500 46 8116 181 20 21 52 31 3925 689 45 970 22 5453 1066 26 30 88 103
internal_value=-9.0809e-05 -0.00270355 0.00095238 -7.01329e-05 -0.00060805 -0.00208561 0.000148514 0.00567961 0.00910256 -0.00130102 -1.40487e-05 0.000225413 0.000415712 0.000488084 0.00326211 0.00617647 0.00870968 0.0108654 0.00557692 -0.000260934 -8.93659e-05 -0.000944381 -8.19684e-05 0.00619403 0.000422657 0.000159613 0.000344971 0.000313661 0.00337104 0.0015445
internal_weight=61008 479 126 60529 5715 1098 495 103 78 392 54814 21883 15732 15233 351 170 124 104 52 6151 5651 1726 1037 67 14882 9429 8363 8337 221 191
internal_count=61008 479 126 60529 5715 1098 495 103 78 392 54814 21883 15732 15233 351 170 124 104 52 6151 5651 1726 1037 67 14882 9429 8363 8337 221 191
cat_boundaries=0 1 2
cat_threshold=39702 21332
is_linear=0
shrinkage=0.05


Tree=235
num_leaves=31
num_cat=5
split_feature=16 0 7 7 18 0 13 4 15 18 22 0 20 15 21 0 21 4 20 18 13 20 16 21 22 14 10 0 22 21
split_gain=1.58312 2.73176 1.22324 1.15703 1.01852 0.930789 1.04195 0.97347 1.3147 1.09992 2.03865 0.97111 0.927868 0.901699 1.4509 2.03296 2.25159 1.49735 1.39518 1.35787 1.56075 1.23835 1.47763 1.37737 1.1865 1.18382 1.14584 1.09146 1.07507 1.0331
threshold=0.060240719854579274 0 17.500000000000004 65.500000000000014 0.13421397996896264 1 5.8830437593364602 7.5000000000000009 2.2989214154075905 0.10026396948982759 7.529983428174635 2 0.075384356921519874 3.4411494780650762 7.811770959483602 3 7.713561252735313 8.5000000000000018 0.18036293831814498 0.35294744700051911 1.1150072000796054 0.16255081713942018 0.12221112510743697 6.9072550288153467 7.3586323379086602 1.2382692000587421 3.2288241951254264 4 7.2891989357453655 7.7805119870131465
decision_type=10 1 10 10 10 1 10 2 10 10 10 1 10 10 8 1 10 2 10 10 8 10 10 10 10 10 10 1 10 10
left_child=1 2 -1 -4 -3 6 -2 8 11 10 -10 -7 -13 14 15 16 18 21 -9 24 -21 22 -17 -23 28 -24 -18 -15 -16 -28
right_child=5 4 3 -5 -6 7 -8 13 9 -11 -12 12 -14 27 19 17 26 -19 -20 20 -22 23 25 -25 -26 -27 29 -29 -30 -31
leaf_value=-7.7316437565444696e-05 0.00015951306315258886 -0.0043321131571604221 0.0057462440003971313 0.00032152417535135887 -0.001093619594179506 -0.00033973279658733373 -0.0011085862312336526 0.0049983591704672939 0.00037317438179062341 -0.00017292112166631096 0.0074034074062903814 0.0018139604363127861 -0.0035966473959673285 0.00021913904982757203 0.00026463751533332611 -0.0010204610471634338 0.0071739955271008906 0.00022448586224013787 0.0013493789595345898 -0.001654465797801949 0.0066347293956666902 0.0038325979812916253 0.00095621663422372841 0.00046037401857488197 -0.00037609629687617037 0.0048848648243281266 0.0031275757141039865 -0.00067578700951269213 0.0022455697604220489 -0.0012119086593178085
leaf_weight=1664 23998 824 25 62 518 1349 504 21 196 16009 37 41 1053 2639 3124 36 32 2049 20 35 55 24 31 294 2581 32 64 3341 35 58
leaf_count=1664 23998 824 25 62 518 1349 504 21 196 16009 37 41 1053 2639 3124 36 32 2049 20 35 55 24 31 294 2581 32 64 3341 35 58
internal_value=-6.67491e-05 -0.00116877 0.000139124 0.00591954 -0.00285503 -7.6324e-06 0.000226011 -0.000180306 -0.000418786 -0.000256127 0.00315451 -0.00150021 -0.00259964 0.000127495 0.00045872 0.00142615 0.00621951 0.00101777 0.0169512 1.71515e-05 0.00611111 0.003753 0.00863636 0.0022327 -7.83984e-05 0.013254 0.00376623 -0.000342811 0.000571382 0.00155738
internal_weight=60751 3093 1751 87 1342 57658 24502 33156 18685 16242 233 2443 1094 14471 8491 2661 195 2466 41 5830 90 417 99 318 5740 63 154 5980 3159 122
internal_count=60751 3093 1751 87 1342 57658 24502 33156 18685 16242 233 2443 1094 14471 8491 2661 195 2466 41 5830 90 417 99 318 5740 63 154 5980 3159 122
cat_boundaries=0 1 2 3 4 5
cat_threshold=50657 29442 1092 32768 89
is_linear=0
shrinkage=0.05


Tree=236
num_leaves=31
num_cat=2
split_feature=17 0 16 21 10 21 0 13 10 20 18 16 17 17 21 19 10 10 18 18 20 3 3 19 21 21 21 16 18 18
split_gain=1.60772 1.79148 0.81417 1.69993 0.835193 0.765209 1.98979 1.43744 1.58281 0.990008 1.00795 0.948098 1.20282 1.09442 1.99059 0.8919 0.817299 0.900097 0.723149 1.24709 1.49509 1.01909 0.902063 0.844571 1.19421 1.04727 0.824941 0.941282 1.79964 1.53191
threshold=0.44554892477815072 0 0.087731648258860345 7.1320980310634789 4.42304842926875 7.368024129342877 1 4.4134039869337842 4.8524207364111538 0.1295962939268642 0.097779792343852492 0.13154439646611091 2.4314891578321411 2.5306386404159005 6.9758809989518511 0.51903292904686993 2.8593355435749763 2.7757039971150994 0.25494137523073096 0.24556566040034877 0.22674082810889806 4.5000000000000009 1.5000000000000002 4.4331328840636575 7.2452983069657719 6.999878463891597 6.9092540304800165 0.21352623303197624 0.20545209332682526 0.22259931785299969
decision_type=10 1 10 8 10 8 1 8 10 10 10 8 10 10 10 10 8 10 10 10 10 2 2 10 10 10 10 10 10 10
left_child=1 -1 4 -4 -3 6 11 8 9 -8 -11 16 -13 14 -14 -7 17 -2 19 22 -21 -20 26 -24 25 -25 -12 28 -28 -30
right_child=5 2 3 -5 -6 15 7 -9 -10 10 18 12 13 -15 -16 -17 -18 -19 21 20 -22 -23 23 24 -26 -27 27 -29 29 -31
leaf_value=0.00034533752942076485 -0.00025664162072101528 -0.0049295520214977413 0.0080776634190163812 -0.0025010840948326406 0.0012045852579099644 0.0081333738720445314 0.0054287394543742484 6.8159744286349765e-05 0.0081713592704959655 0.0024683699937714226 -0.00097583636078777964 -0.001791175031372318 0.0015189364884636066 2.0217522122610531e-05 -0.00023052401898308717 -9.4093048668206179e-05 -0.001318074442887486 0.003126550503138792 -0.0017781152474890542 0.00089097369935775377 0.0048297451843975457 0.0014317568477692439 0.00050587186946291027 0.0037074534104948789 0.0077019274303507176 -0.0017658748247916301 0.0020912616631726167 0.00020048653384100996 0.0034248847156767427 0.0026172595829729093
leaf_weight=437 580 654 23 198 25 53 20 4531 23 43 96 443 31 2786 51 46772 757 25 406 54 62 131 2073 24 22 75 338 152 47 47
leaf_count=437 580 654 23 198 25 53 20 4531 23 43 96 443 31 2786 51 46772 757 25 406 54 62 131 2073 24 22 75 338 152 47 47
internal_value=-0.000106513 -0.00182124 -0.00307692 -0.000475114 -0.00396907 -6.8074e-05 0.000274244 0.000745645 0.00149045 0.00140668 0.00134454 -0.000547727 -9.21184e-05 0.000282426 0.00597561 -0.000161774 -0.00165933 -0.000289257 0.00125177 0.00155518 0.00663793 -0.000437618 0.00135003 0.000856881 0.00491735 0.00257576 0.00294118 0.00364726 0.00483796 0.0109574
internal_weight=60979 1337 900 221 679 59642 12817 8144 3613 3590 3570 4673 3311 2868 82 46825 1362 605 3527 2990 116 537 2874 2194 121 99 680 584 432 94
internal_count=60979 1337 900 221 679 59642 12817 8144 3613 3590 3570 4673 3311 2868 82 46825 1362 605 3527 2990 116 537 2874 2194 121 99 680 584 432 94
cat_boundaries=0 1 2
cat_threshold=17833 2489
is_linear=0
shrinkage=0.05


Tree=237
num_leaves=31
num_cat=0
split_feature=19 10 21 10 2 10 13 14 15 19 12 19 22 4 11 12 4 19 11 11 12 19 3 14 8 10 22 21 10 15
split_gain=1.47128 1.80383 1.11054 0.724279 0.704393 0.866423 1.55096 1.42448 1.27135 1.08519 0.959798 0.86568 2.9081 0.793967 1.01547 0.850942 0.797128 0.786356 0.757619 0.892702 0.85062 1.0092 0.766084 1.50734 1.03576 1.38765 0.739892 0.740801 0.725109 0.683138
threshold=0.45293870108526374 4.7000256136009968 7.36232791083878 0.37096867236468872 2.5000000000000004 3.7921120732446352 4.4254450759737338 3.0468977391027221 3.6900273862196395 3.761402269473844 3.3481466162208831 3.8361441247995693 7.8430810326515106 7.5000000000000009 3.9189981260915085 2.4203582520096725 2.5000000000000004 3.8481501327506042 4.1051192955703621 3.9899091162083553 4.7970293620971312 4.5319043093221127 3.5000000000000004 4.0404158334296962 5.5000000000000009 4.0935105336717532 7.8601623693972398 7.9015624361563814 3.6775648950837558 3.6675619867909668
decision_type=10 10 10 10 2 10 8 8 8 10 8 10 8 2 10 10 2 10 10 10 8 10 2 8 2 10 10 10 10 10
left_child=1 3 -3 -1 -2 8 7 -7 11 -10 -9 13 -13 14 15 -6 -17 -8 19 26 21 22 23 -20 25 -24 -12 -28 -18 -15
right_child=4 2 -4 -5 5 6 17 10 9 -11 18 12 -14 29 -16 16 28 -19 20 -21 -22 -23 24 -25 -26 -27 27 -29 -30 -31
leaf_value=-0.0015170808834414919 -0.00010564091540361681 -1.4249180633104389e-05 0.0024544420728100989 -0.0040389207499146595 -0.00070630996530161297 0.0052553110147953372 0.0020474599857463588 0.011628216809023241 -0.0032879404660982716 -0.00028134119181450498 0.00086543651630462863 -0.0051680227966701912 0.0090708859693783665 0.00027893628222156841 0.0075088463249423226 0.0014936698958317759 -0.00020256771356425352 7.8004013685172938e-07 0.0049568274810733301 -0.0015481279298017539 0.00053854064672442955 0.010747698295509023 -0.0028626139113854861 0.0026641068876806172 0.00051880036360491878 0.0053488525867419166 0.0035370589287841321 0.0032522375578961111 0.0049007100628741355 0.0037567912084689892
leaf_weight=655 39875 31 30 408 2032 20 157 20 561 3206 1130 36 21 4548 23 533 1753 4580 41 191 309 31 26 114 245 37 21 56 27 65
leaf_count=655 39875 31 30 408 2032 20 157 20 561 3206 1130 36 21 4548 23 533 1753 4580 41 191 309 31 26 114 245 37 21 56 27 65
internal_value=-9.39435e-05 -0.00188612 0.00647541 -0.00236595 -6.01775e-05 0.000183742 0.000631985 0.00171575 -6.05244e-05 -0.000832228 0.00159613 0.000261119 0.00640351 0.000222134 -0.00026099 -0.000316457 0.000339385 0.000119273 0.00149705 0.00079399 0.00272104 0.0040081 0.00342332 0.00629032 0.00198052 0.00769841 0.0012966 0.00603896 -0.000168541 0.0006796
internal_weight=60782 1124 61 1063 59658 19783 6978 2241 12805 3767 2221 9038 57 8981 4368 4345 2313 4737 2201 1398 803 494 463 155 308 63 1207 77 1780 4613
internal_count=60782 1124 61 1063 59658 19783 6978 2241 12805 3767 2221 9038 57 8981 4368 4345 2313 4737 2201 1398 803 494 463 155 308 63 1207 77 1780 4613
is_linear=0
shrinkage=0.05


Tree=238
num_leaves=31
num_cat=3
split_feature=15 0 8 14 16 18 10 0 18 12 13 18 16 12 1 20 18 14 4 14 16 16 20 10 13 13 20 18 11 12
split_gain=1.40321 2.24487 0.838465 0.760532 0.743878 0.808563 0.88996 0.708292 1.12951 2.6212 1.07391 1.3033 0.957484 1.12777 0.857813 1.08036 2.09761 0.76708 0.757895 1.16197 0.930761 1.35715 1.9711 1.56322 1.30052 0.716559 1.00792 0.882257 0.787042 0.917165
threshold=0.56408292293427376 0 6.5000000000000009 3.1068238186635342 0.060240719854579274 0.27110298160417784 0.61482027553725704 1 0.097779792343852492 2.7113724724615449 3.5681222583105501 0.090109003326218615 0.060240719854579274 4.2420456599555605 2 0.17150460953679933 0.18897204067090725 5.5043147383295343 2.5000000000000004 4.9763887958736062 0.14281077641637094 0.13782739160431842 0.2072422462311273 3.2168718141694317 2.6210322124986196 3.14630281962196 0.15045170147726675 0.19052342956548726 2.9626890809900615 4.2333813413084371
decision_type=10 1 2 8 10 10 10 1 10 10 10 10 10 10 1 10 10 10 2 10 10 10 10 10 8 10 10 10 10 8
left_child=1 3 -3 -1 -4 6 -6 8 9 -2 11 -11 13 -9 15 -15 -17 -14 19 20 21 24 23 -23 -10 27 -27 28 -26 -30
right_child=7 2 4 -5 5 -7 -8 12 18 10 -12 -13 17 14 -16 16 -18 -19 -20 -21 -22 22 -24 -25 25 26 -28 -29 29 -31
leaf_value=-0.022734454953880368 -0.00018456065419411919 -0.0032179325300945383 -0.0027597607668649105 0.0011475980435722791 0.00058266879537348371 -0.0082246743829369317 0.0030651196852053615 -0.001593250421568171 0.0054702360485013105 0.00062458627670849238 0.0024584380085619648 0.0094153266326523974 8.7388116128563035e-05 -0.00067720593850423868 -0.00085724470942497456 0.0049539160023175091 -0.00098059695448084335 -0.00074687619992524048 -0.00029341893440653727 0.0073127112074331396 -0.00022693545342686544 0.0024840602993337624 -0.002379414458375877 0.004372142414376291 -0.00013488294594815324 0.0030641249429087993 -0.0010975385309388494 0.0076270464169698668 0.0017107589663925553 -0.0003300465854922619
leaf_weight=50 186 1526 49 770 134 35 27 668 36 49 42 27 39489 44 85 41 30 1568 13735 20 1471 24 34 34 152 26 325 43 53 45
leaf_count=50 186 1526 49 770 134 35 27 668 36 49 42 27 39489 44 85 41 30 1568 13735 20 1471 24 34 34 152 26 325 43 53 45
internal_value=-5.98519e-05 -0.00119838 -0.00219259 0.000963854 0.000510203 0.00188775 0.00338509 -9.18937e-06 -0.000288746 0.00273026 0.00855932 0.0121053 9.95576e-05 -0.00154378 0.00175 0.00456522 0.00838028 0.000134324 -0.000346294 0.000501545 0.00039456 0.00180052 0.0075 0.0131034 0.00102941 0.000512421 -0.0010114 0.00233788 0.0012 0.00469388
internal_weight=60818 2591 1771 820 245 196 161 58227 16302 304 118 76 41925 868 200 115 71 41057 15998 2263 2243 772 92 58 680 644 351 293 250 98
internal_count=60818 2591 1771 820 245 196 161 58227 16302 304 118 76 41925 868 200 115 71 41057 15998 2263 2243 772 92 58 680 644 351 293 250 98
cat_boundaries=0 1 2 3
cat_threshold=19873 32969 2
is_linear=0
shrinkage=0.05


Tree=239
num_leaves=31
num_cat=2
split_feature=17 1 22 20 4 20 20 20 1 15 22 20 11 12 19 15 22 19 21 22 15 21 19 15 22 20 20 21 22 11
split_gain=1.91846 1.0991 1.14492 0.927957 0.748169 2.10293 0.981479 1.07687 0.81382 1.2047 1.43553 1.9507 2.10916 3.38203 1.36824 2.07333 1.31662 1.95049 2.4326 1.11364 1.59028 2.38509 1.1248 1.09515 1.03158 1.018 1.4953 0.978809 0.823618 0.806273
threshold=0.44554892477815072 0 7.817154515001401 0.74679248621259686 1.5000000000000002 0.24928179281857679 0.14141919676553347 0.14250100601520646 1 2.9874599719912367 7.0335327081261996 0.23138657851912117 3.934762014627561 3.4226313317757437 4.2786636355695213 4.4496836204982175 7.3948778242817061 4.2786636355695213 7.0044280632177705 6.9957956303836344 2.7143594315817698 6.8643255847119082 3.0198392898138304 5.1452285230707346 6.9567568975958656 0.19432323993358555 0.1930481238249758 7.2156074906907826 7.6705299098168345 4.3366367185024837
decision_type=10 1 10 10 2 10 10 10 1 8 10 10 8 10 10 10 10 10 10 10 10 10 10 10 10 10 10 8 10 8
left_child=1 2 -1 -3 5 6 -2 -8 23 19 11 25 13 -13 -14 -16 17 18 -12 20 21 -10 -22 27 -17 26 -11 -9 -29 -19
right_child=4 3 -4 -5 -6 -7 7 8 9 10 16 12 14 -15 15 24 -18 29 -20 -21 22 -23 -24 -25 -26 -27 -28 28 -30 -31
leaf_value=-0.0033207787737365361 -0.0008888707792882735 -0.00030458974253190415 0.0039476799558086119 0.011793992705033996 -1.0354484484586946e-05 -0.0022197422695615721 0.002674252868737017 0.008984844389293388 0.0046354491045975952 0.00058757289023029602 0.011098695493105153 -0.00012620364906042146 -0.0019895735804577397 0.0078056606911907113 0.004523389628217662 -0.0005437584675559179 0.00093447353997339912 -0.0045614218453446254 0.0067863983212744367 -0.00094304439473460316 0.00054390783586915888 0.00017357530215039694 0.010565782301500095 0.0029264975083944586 0.0050879202731450987 -0.00068327236426985296 0.0026213334279153247 -0.00068582473244622512 0.0056330656083807456 0.0015273101417551099
leaf_weight=819 211 477 38 24 55324 235 24 35 25 809 24 27 78 28 23 90 389 24 37 33 114 21 32 22 24 818 29 978 33 163
leaf_count=819 211 477 38 24 55324 235 24 35 25 809 24 27 78 28 23 90 389 24 37 33 114 21 32 22 24 818 29 978 33 163
internal_value=-1.21307e-05 -0.0018704 -0.00295799 -9.98123e-06 3.01748e-05 0.000663429 0.000927645 0.00110825 0.00104253 0.00149211 0.00118416 0.000503633 0.00444444 0.0131818 0.0022093 0.00521898 0.00324176 0.00608871 0.0138525 0.005 0.00645833 0.0145652 0.00390411 -0.000131087 0.00245614 -0.00013889 0.00108592 -0.00036329 -0.000647875 0.00355615
internal_weight=61008 1358 857 501 59650 4326 4091 3880 3856 2788 2563 1926 270 55 215 137 637 248 61 225 192 46 146 1068 114 1656 838 1046 1011 187
internal_count=61008 1358 857 501 59650 4326 4091 3880 3856 2788 2563 1926 270 55 215 137 637 248 61 225 192 46 146 1068 114 1656 838 1046 1011 187
cat_boundaries=0 1 2
cat_threshold=4 4
is_linear=0
shrinkage=0.05


Tree=240
num_leaves=31
num_cat=3
split_feature=19 0 0 16 5 22 12 13 19 21 22 16 18 18 18 19 20 3 18 18 3 21 0 19 21 16 22 16 13 11
split_gain=1.51303 1.98912 1.09949 1.42959 1.06346 0.909748 0.884328 1.20619 0.80781 1.69046 1.06251 1.06074 2.02014 1.21753 0.876907 0.786744 1.69138 0.7392 0.683776 0.885305 1.77798 1.06115 0.682094 1.33298 1.22909 1.21905 1.14809 1.08801 0.827736 0.755295
threshold=0.45293870108526374 0 1 0.048305358276157256 1.0000000180025095e-35 7.8298015162687227 4.0834517661861405 0.89587973461402759 1.5262132077423278 7.8638434622605518 7.6200751214569946 0.12695017986424842 0.1618241185049695 0.14803186349015404 0.075026567186903079 1.7752109638396372 0.19122896668260173 1.0000000180025095e-35 0.52706834992406637 0.32682788363447385 4.5000000000000009 7.3456875251650819 2 3.5902571650531945 7.5840105595480862 0.15248362129925641 7.9350447526416268 0.14636830020036409 3.0657219285807118 3.934762014627561
decision_type=10 1 1 8 2 8 8 8 10 8 10 10 10 10 8 10 10 2 8 10 2 10 1 10 8 8 10 10 8 10
left_child=1 5 3 -2 -4 -1 22 -8 9 11 14 -5 13 -13 -10 16 -16 -7 19 -9 -21 -22 29 24 28 26 27 -26 -24 -6
right_child=2 -3 4 8 6 17 7 18 10 -11 -12 12 -14 -15 15 -17 -18 -19 -20 20 21 -23 23 -25 25 -27 -28 -29 -30 -31
leaf_value=-0.0074467542868690484 0.0038937842219737675 -0.0033401482955402353 2.3297745789673965e-05 -0.0025283204187012166 -0.0017642654113029206 0.009238466123972118 0.011329862546463098 -0.00011421534999830603 0.0026618665594652859 -0.0017452508715822285 -0.0037507479504330756 0.0036902184678307402 -0.0002413977120895687 0.0022695057323708408 -0.0024779804524345988 -0.00082638225347807844 0.0058071762758280521 0.0018011881824467055 -0.0082801270446392333 -0.0003267563129468969 0.0064568163273355369 -0.00014226022777813138 -0.0015058711407887758 -0.001719226882583086 5.0662703625312776e-05 -0.0015125646401184974 0.0063561205363565007 0.0029834057537968307 0.0048104596929567853 0.0005571172890549836
leaf_weight=38 43 890 50582 39 1402 24 41 3810 22 141 279 20 37 22 36 1344 32 184 73 110 40 23 25 783 342 435 26 38 57 50
leaf_count=38 43 890 50582 39 1402 24 41 3810 22 141 279 20 37 22 36 1344 32 184 73 110 40 23 25 783 342 435 26 38 57 50
internal_value=-0.000111335 -0.00191902 -7.70245e-05 -0.00122222 -3.69089e-05 0.00203125 -0.000603034 -0.00011838 -0.00142495 0.0011776 -0.00181845 0.00559322 0.00892405 0.0164286 -0.00126918 -0.00142351 0.00382353 0.00341346 -0.000204636 -0.000116747 0.0033815 0.0100794 -0.00123179 -0.000541959 0.000742144 0.000172413 0.00214286 0.00144737 0.00658536 -0.00202462
internal_weight=60988 1136 59852 2015 57837 246 7255 4097 1972 259 1713 118 79 42 1434 1412 68 208 4056 3983 173 63 3158 1706 923 841 406 380 82 1452
internal_count=60988 1136 59852 2015 57837 246 7255 4097 1972 259 1713 118 79 42 1434 1412 68 208 4056 3983 173 63 3158 1706 923 841 406 380 82 1452
cat_boundaries=0 1 2 3
cat_threshold=25985 128 9750
is_linear=0
shrinkage=0.05


Tree=241
num_leaves=31
num_cat=1
split_feature=17 10 22 21 1 20 16 8 22 21 6 13 16 16 3 14 6 11 22 15 14 18 21 3 6 15 10 22 13 17
split_gain=1.16698 1.60292 1.16183 1.08289 0.972547 1.20705 0.979117 0.65803 0.628957 1.16761 1.26887 1.56574 1.09745 1.50635 0.792394 0.704489 0.763775 0.64048 0.597189 0.971837 1.23854 0.9 0.662686 0.56165 0.548677 1.12343 1.66981 1.5707 2.46138 2.0459
threshold=0.57204744202512514 4.42304842926875 7.894228617244706 7.2643801604146994 0 0.39471388743317015 0.071227776272452081 6.5000000000000009 6.8190282484417066 6.840011483758766 1.0000000180025095e-35 2.7504658133048774 0.15978141030228932 0.14922106423315204 3.5000000000000004 1.9095150692894911 1.0000000180025095e-35 2.7694539157329841 7.2891989357453655 0.49759830500727281 0.43773436867694998 0.094293945564146622 7.1320980310634789 1.0000000180025095e-35 1.0000000180025095e-35 3.4250859991035747 3.3481466162208831 7.0335327081261996 2.9258425522898488 2.5306386404159005
decision_type=10 10 10 8 1 10 10 2 8 8 2 8 8 10 2 8 2 10 8 10 10 10 8 2 2 10 10 8 10 10
left_child=1 2 4 -3 5 -1 -6 18 15 10 11 -10 13 14 17 16 -2 -13 19 20 22 -22 -8 -9 25 26 27 28 29 -11
right_child=8 3 -4 -5 6 -7 7 23 9 24 -12 12 -14 -15 -16 -17 -18 -19 -20 -21 21 -23 -24 -25 -26 -27 -28 -29 -30 -31
leaf_value=-0.00049329529626051464 -0.0029672345014770635 -0.010154701465124618 0.0014821741754681478 0.0024982083642311748 -0.0041931958781422632 0.011157824796160004 0.0018860100977836219 -0.0031676800570977718 0.0070851080756978123 0.0031216557731623524 -0.0022058608700095124 0.00015619164934107686 0.00036955630946191936 0.0063533531929523632 -0.003596232615009061 -0.00086257873200476585 0.0015392326957230881 0.0033574393577575526 -0.0021242657026860554 -0.0032101979255816219 0.01027505457708828 0.0068185911469062473 -0.0036414529671078585 0.0023329572144857092 -0.00017452222532263607 -8.214681803826222e-05 0.0018222173594200258 5.3261760794718142e-05 0.0056332454308948045 -0.00016497326316654564
leaf_weight=484 26 20 31 68 698 31 29 20 23 146 115 33 170 27 35 852 21 28 187 78 20 20 53 86 21089 24768 898 10563 33 320
leaf_count=484 26 20 31 68 698 31 29 20 23 146 115 33 170 27 35 852 21 28 187 78 20 20 53 86 21089 24768 898 10563 33 320
internal_value=-0.000110872 -0.00135617 -0.0016897 0.00522727 -0.00186401 -4.85449e-05 -0.00264904 -0.000943206 -7.24478e-05 -5.21918e-05 0.0025406 0.00417721 0.00319113 0.00678862 0.00385417 -0.00138487 0.00457447 0.00729508 -0.00189923 -1.19209e-09 0.00278688 0.01 -0.000731709 0.00254717 -7.15199e-05 4.51959e-05 0.000443143 0.000274813 0.00301603 0.00208154
internal_weight=60972 1825 1737 88 1706 515 1191 493 59147 58248 431 316 293 123 96 899 47 61 387 200 122 40 82 106 57817 36728 11960 11062 499 466
internal_count=60972 1825 1737 88 1706 515 1191 493 59147 58248 431 316 293 123 96 899 47 61 387 200 122 40 82 106 57817 36728 11960 11062 499 466
cat_boundaries=0 1
cat_threshold=1
is_linear=0
shrinkage=0.05


Tree=242
num_leaves=31
num_cat=4
split_feature=17 0 22 16 14 10 21 21 22 0 22 21 18 22 0 16 15 14 12 14 12 20 18 20 22 16 22 21 0 18
split_gain=2.02748 1.6521 0.797511 0.975193 1.10437 0.69404 0.643407 0.595551 2.27548 3.81219 2.83094 1.84936 1.41381 1.26224 1.27361 2.9424 1.34285 1.50204 1.40358 1.12446 1.12259 1.12224 1.11804 1.09895 1.07139 1.27432 1.07135 3.19955 1.87538 1.52587
threshold=0.66334028263208344 0 7.894228617244706 0.2593095314440127 0.55920745798214477 1.8945885877146502 7.6715938605347134 7.3482656770381407 7.3281589041290216 1 7.4315475935810129 7.2762105016326224 0.21829292393276237 7.0931538489907586 2 0.069137856720281762 4.4272715656063477 4.1375633628724646 3.9693476262081879 6.840279078092153 4.2231771657130812 0.29216858344343433 0.18945635374295586 0.25030425166315762 7.3367643333817103 0.12848018747739567 7.5796323616643475 7.5880704486643262 3 0.17255224580516146
decision_type=10 1 8 8 8 10 8 8 10 1 10 10 10 8 1 10 10 10 10 10 10 10 10 10 10 10 8 8 1 10
left_child=1 2 3 4 -1 -5 -4 8 19 10 11 20 24 14 -9 -16 17 21 -19 -2 -10 23 -18 -17 -13 -26 -15 28 29 -28
right_child=7 -3 6 5 -6 -7 -8 13 9 -11 -12 12 -14 26 15 16 22 18 -20 -21 -22 -23 -24 -25 25 -27 27 -29 -30 -31
leaf_value=-0.0078040181808134729 2.3196718072776721e-06 -0.0024154253043555214 -0.0024854561440321465 -0.008537791184177964 0.0041262459249180612 0.0017437864323959799 0.0015257992550362131 -0.00026773357921150209 0.0032247940224710636 -0.00087357373045057838 0.0047273215473129767 -0.0024391117052920529 -0.00048279425322685142 -0.00037933236704226964 0.0056977885967845303 0.001463059927106347 -0.0017859312333513057 0.0054811970230700469 0.0030478652797564535 0.0042403404767930889 0.0071212279394714112 -0.0031763970223179479 0.0013302771961789597 0.0029918502168207292 -1.4807061313637299e-05 0.0032458921431035427 0.0049628596421580837 -5.4817804886314744e-05 0.0009107995952657397 0.0019573151511897832
leaf_weight=23 10618 1538 47 131 40 20 253 778 63 446 43 55 153 12801 28 153 337 53 76 47 49 95 380 23 95 262 161 31384 567 238
leaf_count=23 10618 1538 47 131 40 20 253 778 63 446 43 55 153 12801 28 153 337 53 76 47 49 95 380 23 95 262 161 31384 567 238
internal_value=-9.24434e-05 -0.00163743 0.00082061 -0.00149533 0.00373016 -0.0036755 0.0025 -3.86227e-05 0.000278504 0.00237564 0.00458904 0.00386263 0.00269911 -0.000118326 0.00113624 0.00218615 0.00180394 0.004125 0.00856589 4.92252e-05 0.00973214 0.00201107 0.000509064 0.004375 0.0042233 0.00522409 -0.000171758 -1.85483e-05 0.00281573 0.0053912
internal_weight=60957 2052 514 214 63 151 300 58905 11831 1166 720 677 565 47074 1923 1145 1117 400 129 10665 112 271 717 176 412 357 45151 32350 966 399
internal_count=60957 2052 514 214 63 151 300 58905 11831 1166 720 677 565 47074 1923 1145 1117 400 129 10665 112 271 717 176 412 357 45151 32350 966 399
cat_boundaries=0 1 2 3 4
cat_threshold=17571 64656 19588 51200
is_linear=0
shrinkage=0.05


Tree=243
num_leaves=31
num_cat=5
split_feature=19 0 1 4 16 10 3 0 16 18 3 15 15 19 19 19 4 21 2 16 4 13 15 13 11 22 0 21 0 16
split_gain=1.17886 2.46706 2.03273 1.69899 1.25722 0.899658 0.884741 0.643787 1.63355 1.03992 0.988375 1.16733 1.05442 1.05665 0.969818 0.954616 1.04797 1.52969 0.679226 0.662205 0.65814 0.819004 0.977988 0.65625 0.605193 0.642606 0.915084 0.664407 0.601753 0.85573
threshold=0.45293870108526374 0 1 7.5000000000000009 0.098855282711496933 4.8366785749611774 1.5000000000000002 2 0.060240719854579274 0.1366241067216433 1.0000000180025095e-35 2.3261506853876872 2.1955324224632569 2.1083501142415377 1.5262132077423278 2.2253213959404081 8.5000000000000018 7.5205054857687132 1.5000000000000002 0.11614702447121632 1.5000000000000002 2.6210322124986196 2.5804970343947198 1.011435595095721 1.638949582658831 7.5687726057983067 3 7.6715938605347134 4 0.11774942923812606
decision_type=10 1 1 2 10 10 2 1 8 10 2 8 8 10 10 10 2 8 2 8 2 8 10 10 10 8 1 8 1 10
left_child=1 2 3 -1 -3 6 -4 8 9 -2 11 15 14 -14 23 16 -10 -18 19 24 21 22 -15 -12 25 -9 27 -27 29 -21
right_child=7 4 5 -5 -6 -7 -8 18 10 -11 12 -13 13 20 -16 -17 17 -19 -20 28 -22 -23 -24 -25 -26 26 -28 -29 -30 -31
leaf_value=0.0031788258697599339 7.9524438529887838e-05 -0.0035021255090354922 0.0013986098968457362 0.017698887562588497 0.00099810568521830896 0.00365262522242239 -0.01315521314180741 0.00075094049483181166 -0.0011600786325629145 0.0036477777788288517 0.0017917427481986365 -0.0018214622470316987 0.00097757018861605385 -9.6744782301298564e-06 -0.0031038423299451414 0.0037359825653482284 -9.8661281034475811e-05 0.0042651687730787405 7.0921551532759317e-05 0.0026536243600542731 -0.00077442291324901621 -0.00015237941941607052 0.0052663704986907981 -0.0016444892076331601 -0.00069566294486745998 0.0056353871889767175 -0.0013090370640490255 0.00016673815533721134 -0.00013408252488621015 0.00024752655622350446
leaf_weight=55 52 707 49 44 120 21 143 507 74 43 50 116 34 25 612 21 37 45 38410 44 654 79 22 160 2195 20 323 236 13001 2832
leaf_count=55 52 707 49 44 120 21 143 507 74 43 50 116 34 25 612 21 37 45 38410 44 654 79 22 160 2195 20 323 236 13001 2832
internal_value=-2.64292e-05 -0.00161984 0.00214286 0.00813131 -0.00302868 -0.000539907 -0.00161458 4.02619e-06 -0.000870208 0.00552631 -0.00118974 0.00148464 -0.00166871 -0.000393122 -0.00293187 0.00403955 0.00269231 0.00658536 3.4908e-05 -0.000208269 -0.000769232 0.00253968 0.00776596 -1.19209e-09 -0.000854923 0.000110496 -0.00102764 0.00120301 -7.46375e-05 0.000578654
internal_weight=60731 1139 312 99 827 213 192 59592 2024 95 1929 293 1636 814 822 177 156 82 57568 19158 780 126 47 210 3281 1086 579 256 15877 2876
internal_count=60731 1139 312 99 827 213 192 59592 2024 95 1929 293 1636 814 822 177 156 82 57568 19158 780 126 47 210 3281 1086 579 256 15877 2876
cat_boundaries=0 1 2 3 4 5
cat_threshold=16833 1 128 16950 16386
is_linear=0
shrinkage=0.05


Tree=244
num_leaves=31
num_cat=3
split_feature=17 0 0 20 22 22 18 6 17 3 20 17 14 4 20 21 11 12 16 16 12 15 22 22 21 3 18 0 6 11
split_gain=1.73483 1.429 0.948252 1.02075 1.19458 1.42399 1.6295 2.71456 2.28643 1.7349 1.23274 2.68074 5.06154 1.93634 1.46746 1.43159 1.24219 1.08576 1.52137 0.972901 0.910002 1.02727 0.961106 1.66091 1.94462 1.48926 1.38703 3.06469 4.25653 2.46325
threshold=0.44554892477815072 0 1 0.16255081713942018 6.8477059045357782 7.0071185044739961 0.19333133214227269 1.0000000180025095e-35 2.5483244387791779 3.5000000000000004 0.20099723675328682 4.4452737579402974 4.0262437516319016 9.5000000000000018 0.19122896668260173 6.9664956628600487 6.576190629359485 2.287458571408536 0.1612209117481985 0.063518764296661798 3.1591235665908397 2.7143594315817698 7.310261908962798 7.1345285928811171 7.3128869425964504 1.5000000000000002 0.1693104362854235 2 1.0000000180025095e-35 3.5307615141790158
decision_type=10 1 1 10 8 8 10 2 10 2 10 10 10 2 10 10 8 10 8 8 8 8 10 10 8 2 10 1 2 8
left_child=1 -1 -2 20 -5 6 -6 8 9 -8 11 12 14 -12 -10 16 -15 18 -7 -19 21 -4 23 26 -25 -26 -22 28 29 -28
right_child=2 -3 3 4 5 17 7 -9 10 -11 13 -13 -14 15 -16 -17 -18 19 -20 -21 22 -23 -24 24 25 -27 27 -29 -30 -31
leaf_value=-0.0028374943978737022 9.9581605507763728e-05 5.94444374694246e-05 0.00015249111192541809 -0.0017613259227578293 -0.00020955459907781118 -0.0011028511559454501 0.011127535436324614 -0.00052023233306846813 -0.0034965687601962135 0.0020200015887168583 8.2778272968356183e-05 -0.0015708032236906107 0.0096262950418224396 0.0044202954263614196 0.0027398432948919482 0.0097048316724726302 -0.00029093192789527724 -0.0020533146543498986 -0.00019244440137666398 -4.6264753668253257e-05 0.00032065967284454353 -0.0012034832807557164 6.5578846782148904e-05 0.0017536635450050349 0.008201273105072562 0.0053036308140250845 0.0019351934911566431 -0.0017247609788137157 -0.0060451966085370455 0.0086098030480876667
leaf_weight=798 26917 515 1264 546 724 3308 26 250 28 21 299 53 26 25 35 25 32 280 5294 16581 1075 687 1685 119 24 71 23 111 29 55
leaf_count=798 26917 515 1264 546 724 3308 26 250 28 21 299 53 26 25 35 25 32 280 5294 16581 1075 687 1685 119 24 71 23 111 29 55
internal_value=-4.1527e-05 -0.0018393 -1.9303e-06 -0.000182842 -0.000303598 -0.000256786 0.00121762 0.0027439 0.00464912 0.0152128 0.00369981 0.00767606 0.0129775 0.00221785 0.00531746 0.00902439 0.00464912 -0.00034619 -0.000803303 -0.000112984 0.000463736 -0.000386982 0.000983708 0.00190113 0.00598131 0.0113158 0.00122583 0.00486238 0.0103846 0.0174359
internal_weight=60926 1313 59613 32696 27553 27007 1544 820 570 47 523 142 89 381 63 82 57 25463 8602 16861 5143 1951 3192 1507 214 95 1293 218 107 78
internal_count=60926 1313 59613 32696 27553 27007 1544 820 570 47 523 142 89 381 63 82 57 25463 8602 16861 5143 1951 3192 1507 214 95 1293 218 107 78
cat_boundaries=0 1 2 3
cat_threshold=39508 27398 1264
is_linear=0
shrinkage=0.05


Tree=245
num_leaves=31
num_cat=5
split_feature=17 0 16 20 3 17 15 21 15 10 21 20 22 0 20 22 10 0 20 15 10 0 2 13 0 17 16 13 10 4
split_gain=1.34255 1.22746 0.711086 1.00479 0.852735 0.948505 1.28988 0.686499 0.954545 0.683186 0.630337 0.947491 0.965429 0.865376 0.814856 0.762757 0.733924 0.80134 0.729265 0.684398 1.13815 0.610449 0.604933 0.631809 0.587856 1.20446 1.67671 0.845 1.4013 1.08667
threshold=0.84960189335342784 0 0.086261561519081154 0.093465955454494168 4.5000000000000009 0.44554892477815072 0.65678636490743469 7.3128869425964504 0.56408292293427376 4.4824372608287417 7.8619196447433657 0.14728099724828764 7.9094006885392307 1 0.16314298002127295 7.8046260165063872 4.5266678115830095 2 0.13681872959283028 2.3261506853876872 1.9946771741822351 3 2.5000000000000004 0.76519735254682386 4 1.4679138009966197 0.19011846772953064 3.6775648950837558 2.2772541355929321 5.5000000000000009
decision_type=10 1 10 10 2 10 10 10 10 10 10 10 10 1 10 8 8 1 10 10 8 1 2 10 1 10 8 10 10 2
left_child=1 -1 9 -4 -5 -6 7 8 -7 -3 24 15 13 14 -13 -12 17 -17 -19 20 -16 -14 -8 -24 -2 26 -26 28 29 -27
right_child=10 2 3 4 5 6 22 -9 -10 -11 11 12 21 -15 19 16 -18 18 -20 -21 -22 -23 23 -25 25 27 -28 -29 -30 -31
leaf_value=0.00012867286475674994 0.00010850414488069926 -0.0029846489542293686 0.0011751986281001681 -0.0020848431658007953 -0.001434883094440582 -0.002312320050310266 -0.0045493035364925971 0.0073840927137149015 0.0050867034051190986 0.0026908144193706126 0.0034407323007594557 -0.0056061110248065028 0.00071006096559771592 -0.0019764978080896878 -0.00075712794736231676 -0.0015384057513722596 0.0022192368125707176 0.002274514087273579 0.00017928342157291213 -0.00029277918617936349 0.0027084658393127146 -0.00096812352436654876 -0.0054637294697998991 0.010645854693111179 0.0031207376304001021 0.00012923914746126297 0.00032126061360538728 -0.00028870483029125505 0.00017492047772446086 -0.00043985187826035832
leaf_weight=729 20127 1065 117 615 52 33 64 38 21 23 22 77 952 853 55 105 29 57 97 323 42 735 29 20 186 2249 479 12614 13821 5544
leaf_count=729 20127 1065 117 615 52 33 64 38 21 23 22 77 952 853 55 105 29 57 97 323 42 735 29 20 186 2249 479 12614 13821 5544
internal_value=-8.27992e-05 -0.00115111 -0.00176569 -0.000803843 -0.00138762 0.00103113 0.00256097 0.00695652 0.00333333 -0.00265625 -3.14402e-05 -0.000697641 -0.000966415 -0.00196296 -0.000266273 0.00193548 0.00125 0.000405404 0.00262195 0.000595237 0.00427835 -0.00016894 -0.0010177 0.00316326 9.08641e-06 -0.000115034 0.00199248 -0.000156014 3.37732e-05 -0.000502375
internal_weight=61173 2806 2077 989 872 257 205 92 54 1088 58367 3347 3037 1350 497 310 288 259 154 420 97 1687 113 49 55020 34893 665 34228 21614 7793
internal_count=61173 2806 2077 989 872 257 205 92 54 1088 58367 3347 3037 1350 497 310 288 259 154 420 97 1687 113 49 55020 34893 665 34228 21614 7793
cat_boundaries=0 1 2 3 4 5
cat_threshold=17699 17468 16676 49515 20742
is_linear=0
shrinkage=0.05


Tree=246
num_leaves=31
num_cat=5
split_feature=17 0 1 22 0 18 20 16 16 20 3 0 18 20 11 18 22 22 10 20 11 16 22 18 16 22 16 22 0 22
split_gain=1.65235 1.32847 1.12477 1.384 1.05986 1.15407 1.07079 0.989663 0.908583 0.764321 0.693833 0.94704 0.946784 2.10102 1.14964 1.60444 1.31562 1.0374 1.26287 1.59635 1.90837 0.93596 1.51231 0.903135 1.73401 1.31829 1.59078 2.00006 1.30013 1.71068
threshold=0.57204744202512514 0 1 7.817154515001401 2 0.26644854995629741 0.74679248621259686 0.053288739064242217 0.13297135312957145 0.093465955454494168 1.0000000180025095e-35 3 0.22259931785299969 0.18082789662103546 5.7927084978359131 0.19445092744404294 6.9904878644666093 7.9442769941788063 2.4973207021709536 0.23921015674681909 1.638949582658831 0.233781613334448 7.8298015162687227 0.20650502880101412 0.25771625655043956 7.1285440037678027 0.14856852637567491 7.3711512530782164 4 7.4948273845767313
decision_type=10 1 1 10 1 8 10 10 8 10 2 1 10 10 10 10 8 10 8 10 10 10 8 10 8 10 10 10 1 10
left_child=1 7 3 8 5 -4 -6 -1 -3 -9 12 -12 14 -14 16 -16 -2 18 19 21 -21 -18 -23 -20 25 -25 27 -27 29 -28
right_child=10 2 4 -5 6 -7 -8 9 -10 -11 11 -13 13 -15 15 -17 17 -19 23 20 -22 22 -24 24 -26 26 28 -29 -30 -31
leaf_value=-0.0043610448632672334 -0.0015679463999762368 0.0081206000449173914 0.0061354351235395239 0.0078041154635654702 0.002341798668331741 -0.0025733037317517593 0.010913156548211785 0.00034144398764591213 -0.011314002177371392 -0.0019709769417144301 -0.00070350822148481252 -3.8998547919520758e-05 0.0072349386346002055 -0.00043017596584902221 0.00063499850243607908 0.0046095102247339622 0.0010681444072657869 -0.0021749683744735787 8.0167695434380879e-05 0.0029763679861920375 0.0058645126957437531 -0.00011136792476725259 0.0031029625885085803 -2.9254518709239147e-05 -0.0036735471763948407 0.0061198553146878023 0.0056346225076022698 0.0033908487094409614 0.00015061468695240236 0.0015865932383281917
leaf_weight=368 370 21 37 31 221 197 20 267 304 366 1657 48567 23 2408 64 36 681 150 4433 47 28 26 21 223 97 39 51 45 184 72
leaf_count=368 370 21 37 31 221 197 20 267 304 366 1657 48567 23 2408 64 36 681 150 4433 47 28 26 21 223 97 39 51 45 184 72
internal_value=-8.22235e-05 -0.00156114 -6.53995e-05 -0.00219101 0.00152631 -0.00090164 0.00376494 -0.00277448 -0.00315385 -0.00160348 -3.64741e-05 -0.000108913 0.000367858 -0.000475114 0.000679914 0.006 0.000597648 0.00077333 0.000876912 0.00272104 0.00966667 0.00200549 0.00882979 0.000589035 0.00224332 0.00322475 0.00497442 0.0110714 0.00330619 0.00703007
internal_weight=61054 1832 831 356 475 234 241 1001 325 633 59222 50224 8998 2431 6567 100 6467 6097 5947 803 75 728 47 5144 711 614 391 84 307 123
internal_count=61054 1832 831 356 475 234 241 1001 325 633 59222 50224 8998 2431 6567 100 6467 6097 5947 803 75 728 47 5144 711 614 391 84 307 123
cat_boundaries=0 1 2 3 4 5
cat_threshold=39444 4 8203 128 7170
is_linear=0
shrinkage=0.05


Tree=247
num_leaves=31
num_cat=4
split_feature=17 0 10 20 11 0 20 10 15 13 5 21 5 13 15 19 22 21 20 0 4 8 14 11 0 13 10 15 11 22
split_gain=1.76609 1.35868 0.943871 0.626794 0.625531 0.982139 1.12636 0.82121 1.13874 0.787722 0.617347 0.675808 0.565074 0.898208 1.01258 1.85703 1.70242 0.903927 1.00575 1.61566 0.929455 2.10978 1.39655 0.8947 0.827349 1.02666 0.723202 0.832151 0.948148 0.70146
threshold=0.44554892477815072 0 0.43773436867694998 0.74679248621259686 1.2382692000587421 1 0.075384356921519874 1.1150072000796054 0.80617661151178799 1.2382692000587421 1.0000000180025095e-35 8.2949240625415008 1.0000000180025095e-35 4.1596637236431482 2.5804970343947198 2.3636342620824942 6.984129480003336 7.6968941994045439 0.18127603255932109 2 9.5000000000000018 5.5000000000000009 3.240635401824949 4.2420456599555605 3 3.7921120732446352 3.7577049642608613 4.0276360894939636 3.8405264268624557 6.8190282484417066
decision_type=10 1 10 10 8 1 10 10 10 8 2 8 2 8 8 10 10 8 10 1 2 2 10 10 1 10 8 10 8 8
left_child=1 2 -1 -3 5 7 -7 8 -2 10 11 -10 29 17 15 -15 -17 24 19 20 26 22 -22 -21 25 -14 -19 28 -28 -6
right_child=4 3 -4 -5 12 6 -8 -9 9 -11 -12 -13 13 14 -16 16 -18 18 -20 23 21 -23 -24 -25 -26 -27 27 -29 -30 -31
leaf_value=0.0018311835595674248 -0.00036279067167550296 -0.0020160620850487769 -0.00028188252371865992 0.0081676838694022032 -0.0010193796832312552 0.0017091448940071974 -0.0018833779888752129 -0.0032220336988609422 0.005623329537955273 0.00021433347201199723 0.0002954690980747873 0.0031215146569868414 0.0012775696877454939 0.00041645162673688112 -3.6074922148818474e-05 0.0034584798197787011 0.00036180039673810538 -0.0020515286811262573 -0.0017338979757395218 -0.0015373933791154356 0.0055627073371321001 -0.0035843469580158511 0.0032199523438710374 0.0048344024754104955 -0.00038469302939383781 -0.0033458755543878541 -0.00055660718298032813 -0.0043577697035187607 0.0081799664568157678 3.3771301373130965e-05
leaf_weight=46 302 1211 56 31 739 38 1349 83 66 74 28 32 288 158 3650 25 30 63 1450 601 29 43 29 23 739 76 27 22 45 49604
leaf_count=46 302 1211 56 31 739 38 1349 83 66 74 28 32 288 158 3650 25 30 63 1450 601 29 43 29 23 739 76 27 22 45 49604
internal_value=-8.26004e-05 -0.001875 0.00348214 -0.00232428 -4.219e-05 -0.000917851 -0.00163565 0.000798318 0.0015737 0.0045 0.00690476 0.00877551 -1.22321e-05 -0.000423405 9.96623e-05 0.0034507 0.0113636 -0.00101165 -0.00156947 -0.000238096 0.00302239 0.00688119 0.0131034 -0.00160883 0.000167723 0.00208556 0.000732483 0.00351064 0.00611111 4.73738e-05
internal_weight=60957 1344 102 1242 59613 1972 1387 585 502 200 126 98 57641 7298 3863 213 55 3435 2332 882 258 101 58 624 1103 364 157 94 72 50343
internal_count=60957 1344 102 1242 59613 1972 1387 585 502 200 126 98 57641 7298 3863 213 55 3435 2332 882 258 101 58 624 1103 364 157 94 72 50343
cat_boundaries=0 1 2 3 4
cat_threshold=16387 322 57400 5132
is_linear=0
shrinkage=0.05


Tree=248
num_leaves=31
num_cat=7
split_feature=15 0 18 18 0 18 1 1 18 3 4 22 4 4 0 22 21 18 22 1 15 22 13 16 16 13 0 20 3 18
split_gain=1.028 1.7066 0.695145 0.770147 0.716756 1.93864 1.69035 1.38947 1.49131 1.53064 0.919817 0.903297 0.651895 1.16823 2.42256 1.29687 2.01747 2.15699 1.69767 1.28484 1.22847 1.71569 1.49318 1.2849 1.2039 1.26567 1.16214 2.90708 1.56649 1.99788
threshold=0.56408292293427376 0 0.10289115423334889 0.075026567186903079 1 0.26644854995629741 2 3 0.44388055589350456 3.5000000000000004 10.500000000000002 7.7866676176211103 7.5000000000000009 5.5000000000000009 4 7.5866603333635654 7.6523082194052021 0.35294744700051911 7.6782349296283661 5 4.0800390656874965 7.5217678258413265 3.8448136837992268 0.093014923718650749 0.12848018747739567 4.8790065624708641 6 0.18484024260506246 4.5000000000000009 0.17921583145216438
decision_type=10 1 8 10 1 8 1 1 10 2 2 8 2 2 1 8 8 10 10 1 10 8 10 10 10 8 1 10 2 10
left_child=1 -1 3 -3 5 11 -7 8 -6 -10 -8 -4 13 19 -15 26 18 -18 24 20 21 22 -2 -23 25 -17 27 28 29 -16
right_child=12 2 4 -5 7 6 10 -9 9 -11 -12 -13 -14 14 15 16 17 -19 -20 -21 -22 23 -24 -25 -26 -27 -28 -29 -30 -31
leaf_value=-0.0020576410311656025 0.0073458374381260381 -0.0091938846150164712 0.034418785357006397 0.0029450082393752252 5.2530183216751788e-05 -0.0036896201839384333 0.0017472906233797999 -0.0072057205164800901 -0.00022850149305773672 0.015103995560009907 0.00043894713218855662 0.0022288495872628609 9.5468835329860487e-05 -0.0023146996211088023 0.0046847176531479321 0.0026235327322219329 -0.00020541753193915017 0.0036993361194544308 0.0063292202108143616 -4.0138733332571752e-05 0.00019311474728603398 0.0018517879514644228 0.0016137165633758725 0.0010182768600795361 0.00053314842432301824 0.0081706413659233465 -0.0017988727048091745 -0.00077965149624803856 -6.7993310715871216e-05 0.0090314839353322126
leaf_weight=1599 43 28 24 26 404 127 22 297 20 23 29 38 25233 1215 82 82 4183 22 60 20290 2233 21 49 678 488 29 2762 843 47 23
leaf_count=1599 43 28 24 26 404 127 22 297 20 23 29 38 25233 1215 82 82 4183 22 60 20290 2233 21 49 678 488 29 2762 843 47 23
internal_value=-3.35967e-05 -0.000999243 0.00058206 0.00611111 0.000284552 0.0026 5.61786e-05 -0.000490717 0.00126398 0.0101163 0.0077451 0.0103226 1.00188e-05 -0.000135748 -0.000592722 -0.000296027 0.000242597 -0.000160524 0.00281487 5.70461e-05 0.00101852 0.00271176 0.00913043 0.00186695 0.00201168 0.00671171 -0.000994145 0.000472636 0.0068421 0.0102381
internal_weight=61020 2637 1038 54 984 240 178 744 447 43 51 62 58383 33150 9836 8621 4864 4205 659 23314 3024 791 92 699 599 111 3757 995 152 105
internal_count=61020 2637 1038 54 984 240 178 744 447 43 51 62 58383 33150 9836 8621 4864 4205 659 23314 3024 791 92 699 599 111 3757 995 152 105
cat_boundaries=0 1 2 3 4 5 6 7
cat_threshold=45652 16387 1 1 224 1 8968
is_linear=0
shrinkage=0.05


Tree=249
num_leaves=31
num_cat=5
split_feature=16 0 20 0 3 14 13 20 4 4 10 13 20 1 7 3 15 15 14 14 5 10 14 7 0 21 15 20 0 16
split_gain=1.11209 2.52131 1.3284 1.01967 1.09818 1.63085 1.25149 0.999449 0.861788 0.851319 1.48989 0.820571 1.31902 0.983115 1.36111 0.864286 0.800752 1.08482 0.905887 0.757925 0.741056 0.884107 0.672918 0.591759 0.615777 0.912984 1.02785 0.580174 1.14144 1.10628
threshold=0.060240719854579274 0 0.25473385017476302 1 1.0000000180025095e-35 1.6581827230727291 1.5580892133149293 0.17044525160913074 7.5000000000000009 6.5000000000000009 4.8524207364111538 2.1222436103259104 0.19188790323590313 2 2.5000000000000004 2.5000000000000004 3.1956920133183653 2.9153196170674947 4.615615321433844 5.6762399569743787 1.0000000180025095e-35 2.3655488712929413 2.1575426144600005 211.50000000000003 3 7.8242459708669569 4.2392483507558962 0.16255081713942018 4 0.18329851883182166
decision_type=10 1 10 1 2 8 10 10 2 2 10 8 8 1 10 2 8 10 10 10 2 8 10 10 1 10 10 10 1 10
left_child=1 2 8 4 5 6 -2 23 19 10 16 -10 -13 -14 15 -15 17 -9 -18 -1 21 22 -7 24 25 26 -3 28 29 -5
right_child=3 7 -4 27 -6 20 -8 9 11 -11 -12 12 13 14 -16 -17 18 -19 -20 -21 -22 -23 -24 -25 -26 -27 -28 -29 -30 -31
leaf_value=1.0700396574390027e-05 0.0011986647255644279 -0.0043370541622432162 -0.0015871557980458957 0.0010627810045121186 -0.0011133454902496483 -0.00031319883989390691 0.0048529387143073331 -0.0021328255606528905 0.0041525293271538685 -0.0014844029664976344 0.0045422054057027931 -0.00040406863472860853 0.00020406061930022918 -0.0022459651600354662 0.035230817052482571 0.0028858987112165019 -0.0019268778011944682 0.0037076747021631187 0.0056833958990336235 0.0025099436639848083 0.002553363713609153 -0.0022037070880797697 0.00089137155207164075 0.00021607383537920884 -0.0022622116726638084 0.0081639170538250674 0.0029765564290293199 -8.4920340140946476e-06 4.1713769881218638e-06 -0.00054743724133537552
leaf_weight=328 32 200 221 2309 1493 75 24 32 25 622 30 139 45 21 27 60 326 24 46 30 28 103 42 26 914 21 22 48240 5217 440
leaf_count=328 32 200 221 2309 1493 75 24 32 25 622 30 139 45 21 27 60 326 24 46 30 28 103 42 26 914 21 22 48240 5217 440
internal_value=-3.44997e-05 -0.000948086 0.00129139 1.52566e-05 -0.00115385 0.00157895 0.00928571 -0.00183238 0.00240741 -0.000740742 0.000895195 0.00430599 0.00356164 0.0067647 0.00935185 0.00611111 0.000140186 0.00571428 -0.000698926 0.000726256 -0.000161292 -0.00113636 0.00183761 -0.00284446 -0.0030121 -0.000652175 -0.00162162 5.28307e-05 0.000448153 0.00127039
internal_weight=61162 3159 896 58003 1797 304 56 2263 675 1080 458 317 292 153 108 81 428 56 372 358 248 220 117 1183 1157 243 222 56206 7966 2749
internal_count=61162 3159 896 58003 1797 304 56 2263 675 1080 458 317 292 153 108 81 428 56 372 358 248 220 117 1183 1157 243 222 56206 7966 2749
cat_boundaries=0 1 2 3 4 5
cat_threshold=16769 128 4 32840 37960
is_linear=0
shrinkage=0.05


Tree=250
num_leaves=31
num_cat=1
split_feature=16 17 11 20 12 10 15 4 20 15 12 1 22 4 10 18 18 20 16 17 16 17 18 20 15 22 11 22 14 11
split_gain=1.33779 1.87035 1.46669 1.40092 1.24143 1.25638 0.84492 0.836838 1.13057 1.91005 1.19884 0.905204 2.24359 1.81887 1.33086 1.06908 1.14129 1.68455 2.10861 0.967276 1.04334 1.07971 3.63522 1.08965 1.02488 1.38876 1.31796 1.03052 0.951744 1.13981
threshold=0.060240719854579274 4.2005196590587133 4.3181543361532002 0.17150460953679933 6.1169952452434861 4.3457513688000082 5.9125930327791441 7.5000000000000009 0.075384356921519874 0.44496106164119226 1.9530024665512917 0 7.7772946016519908 3.5000000000000004 4.0118679309056704 0.35294744700051911 0.22259931785299969 0.28617235448294148 0.1937192088922656 2.7395121577917076 0.069137856720281762 2.7092104844359741 0.19717967832577296 0.22042739065967856 2.9338088100982183 7.2753205005933177 3.0657219285807118 7.5455931431519216 3.7921120732446352 2.7694539157329841
decision_type=10 10 8 10 10 10 10 2 10 10 8 1 10 2 10 10 10 10 10 10 10 8 10 10 10 10 10 10 8 8
left_child=1 4 -3 -4 5 -1 -5 8 9 -2 -10 13 19 -12 -14 16 17 -15 28 20 -13 -22 -23 -24 25 -21 -27 -28 29 -19
right_child=7 2 3 6 -6 -7 -8 -9 10 -11 11 12 14 15 -16 -17 -18 18 -20 24 21 22 23 -25 -26 26 27 -29 -30 -31
leaf_value=-0.00173786197035594 -0.0029674095582662777 0.0064381471988118515 -0.0020815757637011145 0.0029719817240645716 0.0016362268823672359 0.00039415848000382404 -0.0079824969932650886 0.00010451348422745076 -0.0015359556438661161 0.0019933619761981799 9.2491706146926962e-05 0.0080562795516118894 0.0034102818045954665 -0.00064099024290978422 0.0021161647272715115 0.0024283923087927125 -0.0018324549370454951 -0.0042539761565015899 0.0052180333980279851 0.0013453421323932535 0.00029152772125287836 -0.00013344410730783114 0.0047077155746846448 0.0093276255778468042 5.6090214435653526e-05 -0.0034181830237495631 -0.0057571223577456134 0.0055192306516388895 -0.0019646222669928506 0.0052104730796051603
leaf_weight=2235 27 21 252 504 30 90 39 24827 1760 21 7683 24 29 7873 37 29 1834 23 27 58 1383 106 21 32 11436 502 20 22 70 44
leaf_count=2235 27 21 252 504 30 90 39 24827 1760 21 7683 24 29 7873 37 29 1834 23 27 58 1383 106 21 32 11436 502 20 22 70 44
internal_value=-5.80598e-05 -0.00105803 0.0010049 0.000660376 -0.00177282 -0.00190323 0.00209024 -3.28339e-06 -0.000168024 0.0075 -0.000179173 -0.000107671 0.000197512 -0.000344937 0.00939394 -0.00079293 -0.000821093 -0.000564266 0.00445122 0.000152895 0.00132184 0.00116083 0.00506289 0.0157547 8.29511e-07 -0.00200997 -0.00279412 0.00571428 0.00193431 0.00619403
internal_weight=61059 3171 816 795 2355 2325 543 57888 33061 48 33013 31253 13670 17583 66 9900 9871 8037 164 13604 1566 1542 159 53 12038 602 544 42 137 67
internal_count=61059 3171 816 795 2355 2325 543 57888 33061 48 33013 31253 13670 17583 66 9900 9871 8037 164 13604 1566 1542 159 53 12038 602 544 42 137 67
cat_boundaries=0 1
cat_threshold=2
is_linear=0
shrinkage=0.05


Tree=251
num_leaves=31
num_cat=4
split_feature=15 0 4 14 8 22 14 19 17 22 17 17 20 3 4 0 1 19 18 11 5 19 0 22 22 19 17 17 18 15
split_gain=1.17241 1.80091 0.853669 0.691395 0.654685 0.712868 0.826084 0.652987 1.80912 0.947104 0.642 0.857143 0.611841 0.686131 0.609162 0.575342 0.554651 0.501713 0.569731 0.43265 0.403471 1.62415 0.817373 1.53086 1.78441 1.12978 2.30947 0.879964 1.89048 1.26615
threshold=0.56408292293427376 0 5.5000000000000009 4.8198781771200681 6.5000000000000009 7.1474495090472105 1.0000000180025095e-35 4.5823042707595167 5.8522381856380674 7.3193239077873331 4.3694918735642361 6.0286767469432521 0.33282533689406946 1.5000000000000002 6.5000000000000009 1 2 4.1424230842610088 0.10289115423334889 6.7093041543570164 1.0000000180025095e-35 6.8973898855664819 3 7.8992337253721931 7.9556151798710015 2.9208729114498135 2.8746193403812268 4.9118171987191985 0.26869646652294316 5.0799675709968595
decision_type=10 1 2 10 2 10 10 10 8 8 10 10 10 2 2 1 1 8 8 10 2 10 1 10 10 10 10 10 10 10
left_child=1 2 12 10 7 -6 -7 9 -9 -3 16 -12 13 -1 -8 17 -4 18 -11 -10 -2 22 23 25 -25 26 -22 -27 29 -29
right_child=20 4 3 -5 5 6 14 8 19 15 11 -13 -14 -15 -16 -17 -18 -19 -20 -21 21 -23 -24 24 -26 27 -28 28 -30 -31
leaf_value=0.016936207358304735 7.7002206571880941e-06 -0.00043107814022075303 0.0010036643927060123 -0.0038659290765198045 -0.0015365936745262226 0.001483094902723381 0.0021518156335323989 0.014821610900761343 -0.0011372141928649192 0.052055324868964442 0.009339448571497681 0.00015014130965513856 0.0097475101235710692 9.0947284549555788e-05 -0.0013546529234196405 -0.0055455122155270153 -0.00037666250745707462 0.00011689958732030041 -0.010187024941582296 0.003128140602368816 0.00072939624330413009 0.0059968670973363745 -0.00042550071997243442 0.0057688057444046058 0.0015621383752496036 -0.0010823325930718814 0.0018133132476581889 0.0018273043640929427 0.0050784422376975421 -0.00061467388182889326
leaf_weight=21 50822 411 31 42 69 30 54 25 283 20 24 32 21 44 98 822 119 207 213 39 268 22 5516 41 59 964 35 101 34 368
leaf_count=21 50822 411 31 42 69 30 54 25 283 20 24 32 21 44 98 822 119 207 213 39 268 22 5516 41 59 964 35 101 34 368
internal_value=-8.50674e-05 -0.00112284 0.00226744 0.000846773 -0.00162429 0.000776891 0.00241758 -0.00193069 4.32265e-05 -0.00234011 0.00203883 0.00660714 0.00662791 0.00423077 0.000921051 -0.00301902 0.000333332 -0.00144445 -0.00306867 -0.000962734 -3.86411e-05 -0.000383371 -0.000423776 0.000478722 0.0065 0.000141242 0.00292079 -0.000432857 0.00126242 0.000437099
internal_weight=60835 2605 334 248 2271 251 182 2020 347 1673 206 56 86 65 152 1262 150 440 233 322 58230 7408 7386 1870 100 1770 303 1467 503 469
internal_count=60835 2605 334 248 2271 251 182 2020 347 1673 206 56 86 65 152 1262 150 440 233 322 58230 7408 7386 1870 100 1770 303 1467 503 469
cat_boundaries=0 1 2 3 4
cat_threshold=17441 8392 4 24736
is_linear=0
shrinkage=0.05


Tree=252
num_leaves=31
num_cat=3
split_feature=15 0 18 4 10 19 19 22 3 19 10 11 18 9 3 0 3 3 0 19 6 11 17 18 3 22 4 3 10 8
split_gain=1.32541 1.37197 1.25303 1.07821 0.735683 0.902042 0.682941 0.715286 0.959217 0.916042 0.912296 0.828878 1.02113 0.554273 2.75695 1.90399 1.87626 3.26531 7.34193 2.2028 4.00132 3.83797 1.70255 1.79765 2.0502 3.92868 1.58354 1.26274 2.54841 2.86255
threshold=0.56408292293427376 0 0.36627613582909252 6.5000000000000009 4.3888779169685508 6.221232420594963 3.4782247315582269 7.0389040788336867 3.5000000000000004 0.39097435247853674 0.61482027553725704 0.50031594015395309 0.083732771817098886 1.0000000180025095e-35 4.5000000000000009 1 3.5000000000000004 1.5000000000000002 2 3.9867310826263345 1.0000000180025095e-35 4.426641248793044 3.613659730124632 0.48701553199783937 2.5000000000000004 7.2060895108880647 3.5000000000000004 5.5000000000000009 2.3075602584206303 4.5000000000000009
decision_type=10 1 8 2 10 10 10 10 2 10 10 8 10 2 2 1 2 2 1 10 2 8 10 10 2 8 2 2 10 2
left_child=1 2 -1 -4 6 -6 7 -3 -9 -10 11 12 -11 14 16 -16 17 -2 19 20 -19 -21 23 -20 25 -25 -26 28 -17 -30
right_child=13 4 3 -5 5 -7 -8 8 9 10 -12 -13 -14 -15 15 27 -18 18 22 21 -22 -23 -24 24 26 -27 -28 -29 29 -31
leaf_value=-0.00076187872285164325 -0.00084110242312029513 -0.005374136259207042 0.0031334820065832356 0.0018489339458297297 0.0024289487800726972 -0.0042168074066286096 0.00020413717416323978 -0.0020801004634099637 -0.0039892719510891605 0.00066391176928931464 0.010316795086104686 -0.00066879984294875927 3.9552057223719846e-05 -5.176931925404998e-05 -0.00021554842929645695 0.0015540289287373356 -0.0025615018405511481 0.0092530966313000042 0.00050657882311554408 0.0010417288942716869 0.010706269606953868 0.0081711974066447264 -0.0006455840975717965 0.081986727718997079 0.015243666693373393 0.014878535941385421 -0.0010155609420470987 0.0010800567973807715 0.011813642822991528 0.0037931737453182168
leaf_weight=94 1991 900 52 78 76 40 388 569 112 47 29 133 87 51145 603 386 1073 27 847 91 36 45 756 25 26 51 70 847 56 120
leaf_count=94 1991 900 52 78 76 40 388 569 112 47 29 133 87 51145 603 386 1073 27 847 91 36 45 756 25 26 51 70 847 56 120
internal_value=-9.62183e-05 -0.00119962 0.00247863 0.00576923 -0.00154956 0.00232759 -0.00175497 -0.00214971 -0.0012129 0.000637254 0.00209459 0.00117977 0.00395522 -4.68265e-05 0.000368793 0.0019334 -0.000256055 0.0002459 0.00168693 0.0105502 0.0188095 0.0075 0.000630251 0.00196761 0.00662791 0.0127632 0.00177083 0.00292812 0.00478648 0.00977273
internal_weight=60800 2605 224 130 2381 116 2265 1877 977 408 296 267 134 58195 7050 2012 5038 3965 1974 199 63 136 1775 1019 172 76 96 1409 562 176
internal_count=60800 2605 224 130 2381 116 2265 1877 977 408 296 267 134 58195 7050 2012 5038 3965 1974 199 63 136 1775 1019 172 76 96 1409 562 176
cat_boundaries=0 1 2 3
cat_threshold=17409 1048 8
is_linear=0
shrinkage=0.05


Tree=253
num_leaves=31
num_cat=3
split_feature=18 0 22 19 22 16 18 12 21 5 19 15 0 11 18 21 22 15 11 4 14 16 17 14 18 18 0 19 19 18
split_gain=1.37018 1.32252 1.29902 0.673499 0.682736 0.620908 0.934974 0.876587 0.783445 0.810973 0.772038 1.35445 0.892722 1.29636 0.972707 0.950122 0.955973 1.48654 1.23631 0.838851 1.30167 1.26158 1.19925 1.62909 1.13612 0.763183 0.798755 2.31932 1.58958 1.35283
threshold=0.063548617724958581 0 7.8879552508210917 6.0595264723483862 7.1173105413534152 0.11614702447121632 0.097779792343852492 3.5395079442083337 7.829033532565842 1.0000000180025095e-35 2.3888144588781941 2.3261506853876872 1 4.648708373426703 0.44388055589350456 7.0044280632177705 7.4549160472174609 4.4597835067154046 4.4744917000096054 5.5000000000000009 3.9693476262081879 0.060240719854579274 5.0114459768288615 4.4408848180575804 0.094293945564146622 0.15440704864040866 2 2.5983912609934676 3.9206159188215048 0.18314549297096708
decision_type=10 1 10 8 10 10 10 8 10 2 10 8 1 10 10 10 10 10 10 2 10 10 10 8 10 10 1 10 10 10
left_child=1 2 3 -1 -5 10 7 -7 -8 -10 11 -2 15 14 25 19 -17 -18 -19 21 24 22 23 -12 -21 -14 27 -27 -29 -30
right_child=5 -3 -4 4 -6 6 8 -9 9 -11 12 -13 13 -15 -16 16 17 18 -20 20 -22 -23 -24 -25 -26 26 -28 28 29 -31
leaf_value=-0.0083382647717452057 -0.00024480115017247342 -0.0046590543117293109 0.0022614783374292945 0.00074088301197906597 -0.0075447047859615868 -7.2506544983115141e-05 3.6819527641253722e-05 0.0017477045386523127 -0.0001707791779000191 -0.0017955103828197563 0.0036866107701884463 -0.0052166414578306772 -0.00028084052751425415 -0.00088562579817004364 0.0053462385143131187 -0.0016202101325721308 -0.00032109185175841485 0.0038071647628619915 0.0029354736759440556 0.00088281815671996302 -0.0023339545294244531 0.0012384910765520854 0.012828121519722497 -0.0041603781974719842 0.0013883336845676286 0.0085555633391670421 -0.00011809126095235284 -0.00065799304452451933 0.0036364180914592163 0.00030470745087171142
leaf_weight=135 1751 576 20 313 62 21 45038 24 2934 594 22 452 3657 832 34 379 190 25 34 22 242 481 44 28 370 22 2015 380 215 187
leaf_count=135 1751 576 20 313 62 21 45038 24 2934 594 22 452 3657 832 34 379 190 25 34 22 242 481 44 28 370 22 2015 380 215 187
internal_value=-9.15739e-05 -0.00183544 -1.17002e-09 -0.000490197 0.000599999 -5.94248e-05 1.84103e-05 0.00722222 1.17354e-05 -0.000705784 -0.000391848 -0.00123241 -0.000190109 -0.000436617 -0.000199694 0.000793177 -0.000780256 0.0016265 0.00855932 0.00161704 0.000362775 0.003 0.00829787 0.003 0.00214286 -0.000243979 0.000374245 0.00169533 0.00126598 0.00345771
internal_weight=61099 1106 530 510 375 59993 48611 45 48566 3528 11382 2203 9179 7342 6510 1837 628 249 59 1209 634 575 94 50 392 6476 2819 804 782 402
internal_count=61099 1106 530 510 375 59993 48611 45 48566 3528 11382 2203 9179 7342 6510 1837 628 249 59 1209 634 575 94 50 392 6476 2819 804 782 402
cat_boundaries=0 1 2 3
cat_threshold=17889 8532 49280
is_linear=0
shrinkage=0.05


Tree=254
num_leaves=31
num_cat=0
split_feature=17 22 11 6 16 22 18 16 21 22 21 11 11 18 5 16 20 22 21 15 17 14 11 16 17 11 19 22 17 22
split_gain=1.23018 1.54007 0.590943 0.640002 0.579283 0.66375 1.01225 0.646407 0.572088 1.64019 0.9051 0.829277 1.12241 1.40192 0.791642 0.612135 1.00669 1.67751 1.16667 1.48338 2.42352 0.974212 0.989538 0.961118 0.972898 0.844837 1.40526 1.20989 1.52895 1.94196
threshold=0.84960189335342784 7.709737310803578 4.2420456599555605 1.0000000180025095e-35 0.18329851883182166 7.8383419129156611 0.32682788363447385 0.27396439657888022 7.7413163396585984 7.7654179155020984 7.7678988278564489 2.8763815484389119 3.7388586794858525 0.16687209360626734 1.0000000180025095e-35 0.11614702447121632 0.16314298002127295 7.6238938917445429 7.5804445850845523 3.4993475819648627 3.3429269330856992 2.9041613269650628 2.7047057070268123 0.13224922612865417 2.5306386404159005 3.9693476262081879 3.8721344591757378 7.717604205605082 4.0869169644439145 7.7206433739998763
decision_type=10 10 10 2 10 10 8 10 10 10 10 8 8 10 2 10 10 8 10 10 10 8 8 10 10 10 10 10 10 10
left_child=1 2 -1 -4 -3 -6 7 -7 15 -10 11 -11 13 -13 -12 -2 17 -17 21 20 -20 -19 23 -23 -25 -18 -27 -28 -29 -30
right_child=8 4 3 -5 5 6 -8 -9 9 10 14 12 -14 -15 -16 16 25 18 19 -21 -22 22 -24 24 -26 26 27 28 29 -31
leaf_value=-0.0013026738652482605 -0.00017017543394810906 -7.5317939211467318e-05 0.0036230690419340353 -0.0030834133473859535 0.0040738496918577135 0.0071038202403241324 -0.0023843197673875769 0.00050592517666554716 -0.0020973413844544704 -0.0018901056336715642 8.7760122127761432e-06 0.00015604164454249977 0.001413151390205045 0.0056554182040042325 -0.0011360406960979736 -5.5986570262117525e-05 -7.6842335999833297e-05 -7.6557176945345683e-05 0.0016312440699472253 0.00098999578308310208 0.010191734379411156 0.0011566864374285295 0.0012290052605042983 0.000946009110514972 0.0037169559612878359 0.0017102964761979709 7.2052703277850202e-05 0.0039469752046114087 0.0087689399449714794 0.00051224296004994546
leaf_weight=2424 9819 130 42 26 27 21 46 52 1309 52 4445 20 184 32 776 2421 24011 675 153 249 21 22 1153 102 29 643 11452 90 29 570
leaf_count=2424 9819 130 42 26 27 21 46 52 1309 52 4445 20 184 32 776 2421 24011 675 153 249 21 22 1153 102 29 643 11452 90 29 570
internal_value=-8.64412e-05 -0.00111633 -0.00150883 0.00308823 0.00242754 0.00458904 0.00298319 0.00664383 -3.75074e-05 -0.00046788 -8.98542e-05 0.00263889 0.0038983 0.0103846 -0.000240377 1.95365e-05 0.000103315 0.000782382 0.00171797 0.00410165 0.00764368 0.00120898 0.00200612 0.00578431 0.0041603 1.42671e-05 0.000342615 0.000221974 0.00225689 0.00134391
internal_weight=61025 2768 2492 68 276 146 119 73 58257 6818 5509 288 236 52 5221 51439 41620 4825 2404 423 174 1981 1306 153 131 36795 12784 12141 689 599
internal_count=61025 2768 2492 68 276 146 119 73 58257 6818 5509 288 236 52 5221 51439 41620 4825 2404 423 174 1981 1306 153 131 36795 12784 12141 689 599
is_linear=0
shrinkage=0.05


Tree=255
num_leaves=31
num_cat=3
split_feature=17 0 7 3 18 8 21 20 21 1 11 22 9 3 18 10 13 0 16 13 20 11 13 16 5 20 20 20 10 16
split_gain=1.23763 1.10666 1.81947 0.990736 0.919883 1.16959 1.39824 0.747921 1.53061 0.745739 0.658261 0.599623 0.75471 1.68221 1.42429 1.328 1.44441 0.947957 1.38698 1.15429 0.921204 0.913714 1.4344 1.11721 1.10152 1.00053 0.953029 3.35068 1.14808 1.06641
threshold=0.84960189335342784 0 2.5000000000000004 4.5000000000000009 0.27110298160417784 6.5000000000000009 7.6011523970629087 0.075384356921519874 7.2452983069657719 1 4.765160831526714 8.1049945641650982 1.0000000180025095e-35 1.5000000000000002 0.090109003326218615 6.690966369884559 6.2540210822950124 2 0.19084500003462704 2.3174615720687197 0.55529988472415648 1.2382692000587421 4.2745803703905905 0.10598658673812807 1.0000000180025095e-35 0.1132127554558619 0.19391438442152278 0.17730797629109049 2.0731521505764063 0.1612209117481985
decision_type=10 1 10 2 10 2 10 8 8 1 10 10 2 2 10 10 10 1 8 8 10 10 10 8 2 10 10 10 10 10
left_child=1 2 9 10 7 6 -6 8 -5 -1 -3 12 13 14 -2 20 -17 18 -14 -19 -16 25 23 -23 26 -15 27 28 -25 -30
right_child=11 3 -4 4 5 -7 -8 -9 -10 -11 -12 -13 17 21 15 16 -18 19 -20 -21 -22 22 -24 24 -26 -27 -28 -29 29 -31
leaf_value=0.0010457636368666828 0.04996272692576044 -0.0015116413490875464 0.00078302792719789544 0.00097304762992667419 0.0053400144136732291 -0.001766415532958992 0.0093442952244190049 -0.00086918817257028403 -0.00068105963923446964 -0.0036587964717303858 0.0031793515779813247 -0.0010515275788108285 -7.3257735746517442e-05 0.0055818100685524584 -0.00033977173041714853 0.0062799562933589783 -0.00044568157867302239 0.0006879255156626218 -0.0014379794678249039 2.9044357834794342e-06 -0.010704544584005569 -0.0007947578374017328 0.00010835264325122839 -0.0012909780696107383 -0.0003318478722215313 5.0755122452999236e-05 0.0027725627359840937 0.0076660305336799231 0.0013809711270273098 -0.00086245662019079081
leaf_weight=22 20 1856 40 28 92 57 22 521 21 42 28 597 5612 27 1256 57 71 1226 2125 42327 368 109 1008 69 135 2000 1140 41 31 21
leaf_count=22 20 1856 40 28 92 57 22 521 21 42 28 597 5612 27 1256 57 71 1226 2125 42327 368 109 1008 69 135 2000 1140 41 31 21
internal_value=-3.84634e-05 -0.00107915 0.00377193 -0.00128084 0.000263157 0.00347953 0.00640351 -0.000701756 0.00520408 -0.00109375 -0.00189491 1.0301e-05 2.66282e-05 0.000540688 -0.000767496 -0.000918951 0.00398437 -3.70455e-05 -0.000546664 5.35993e-05 -0.00130542 0.00104671 0.0016758 0.0026326 0.00300278 0.000254069 0.00344854 0.00703704 0.00285124 0.00846154
internal_weight=60969 2729 104 2625 741 171 114 570 49 64 1884 58240 57643 6353 1772 1752 128 51290 7737 43553 1624 4581 2554 1546 1437 2027 1302 162 121 52
internal_count=60969 2729 104 2625 741 171 114 570 49 64 1884 58240 57643 6353 1772 1752 128 51290 7737 43553 1624 4581 2554 1546 1437 2027 1302 162 121 52
cat_boundaries=0 1 2 3
cat_threshold=1025 4 225
is_linear=0
shrinkage=0.05


Tree=256
num_leaves=31
num_cat=3
split_feature=15 0 18 0 22 22 3 22 14 22 22 13 14 14 13 22 17 14 18 18 8 22 7 18 0 22 5 3 16 16
split_gain=2.0606 0.873043 0.667297 1.56379 1.21062 1.81704 1.70205 2.3141 1.02894 0.948078 0.881015 0.851579 0.840325 0.664772 0.778755 0.661172 0.647299 1.42843 1.1585 1.07386 0.724874 0.677939 0.629814 0.620711 0.692517 0.962035 1.64933 0.873779 0.809347 0.659549
threshold=0.56408292293427376 0 0.10026396948982759 1 7.3010305087821354 7.6330447501235712 3.5000000000000004 7.8518846853189395 3.882593664424943 7.529983428174635 7.9291277697283098 2.0476720312775929 4.4514359160488262 3.0179798934972673 3.1112881340356844 7.8879552508210917 4.516304471252055 4.8036110406102424 0.27327504463913893 0.38078518602177597 5.5000000000000009 7.0389040788336867 43.500000000000007 0.11574935278260212 2 7.7539231484427225 1.0000000180025095e-35 3.5000000000000004 0.12848018747739567 0.08137023754284288
decision_type=10 1 10 1 8 8 2 8 10 10 8 8 8 10 10 10 10 8 10 10 2 10 10 10 1 10 2 2 10 10
left_child=1 22 3 4 12 8 7 -7 -6 11 -8 -5 -2 -13 -15 -9 20 -18 -19 -20 -3 -22 -1 24 25 29 27 28 -27 -4
right_child=2 16 23 9 5 6 10 15 -10 -11 -12 13 -14 14 -16 -17 17 18 19 -21 21 -23 -24 -25 -26 26 -28 -29 -30 -31
leaf_value=0.00057090100074636072 0.0033968844005740073 -0.0031160220956796612 -0.0025159848565085735 0.0046863807417080504 -0.0040947557086885777 0.0027339497187917946 -0.0052827124510243092 -0.0001461957510117233 0.0057941590345949269 -0.0012427558995119436 0.00020816387781107907 -0.00018924632697826701 0.01114060914565302 0.0017734196694275926 0.00025491567247968992 0.0010313496806841945 0.0048259137689341093 -0.0020730045565870198 0.0076914652454073201 0.00020378153451773887 -0.0042777606831508296 0.00011622515940376229 0.00071468307797818969 -1.3211037300596544e-05 -0.00099116678941303096 0.0010878694806973218 0.0041556973713501293 -0.0012916859481209467 0.0019432986167111828 2.9207807683448982e-05
leaf_weight=210 32 1561 113 22 91 26 33 28 39 307 41 281 21 38 168 24 23 204 29 49 71 457 20 55282 1034 46 24 55 22 435
leaf_count=210 32 1561 113 22 91 26 33 28 39 307 41 281 21 38 168 24 23 204 29 49 71 457 20 55282 1034 46 24 55 22 435
internal_value=-8.52182e-05 -0.00145579 -2.33842e-05 0.00116855 0.00398551 0.00280142 0.00651316 0.0116667 -0.00153846 -3.63208e-05 0.00108108 0.00128684 0.0110377 0.000852155 0.00300971 0.00557692 -0.00173461 0.000409835 -0.000567377 0.00461538 -0.00205601 -0.000454547 0.00145833 -4.74482e-05 -0.000980337 0.000248226 0.00384354 0.00150406 0.00529412 -0.00071168
internal_weight=60786 2624 58162 1151 335 282 152 78 130 816 74 509 53 487 206 52 2394 305 282 78 2089 528 230 57011 1729 695 147 123 68 548
internal_count=60786 2624 58162 1151 335 282 152 78 130 816 74 509 53 487 206 52 2394 305 282 78 2089 528 230 57011 1729 695 147 123 68 548
cat_boundaries=0 1 2 3
cat_threshold=17409 35656 31360
is_linear=0
shrinkage=0.05


Tree=257
num_leaves=31
num_cat=3
split_feature=16 0 3 10 7 20 20 0 3 3 12 8 18 21 11 4 11 20 18 15 11 16 21 4 15 1 18 4 3 21
split_gain=0.880145 1.4641 0.929087 1.39523 1.01762 0.863959 1.89611 0.734477 0.939884 0.687828 1.491 0.951512 1.39254 1.62329 0.943664 0.772473 0.667263 1.13106 1.09041 0.916366 1.23243 1.17749 0.990347 1.68828 0.820057 1.18214 1.6305 1.6135 1.63263 3.09536
threshold=0.42794893317630228 0 1.5000000000000002 6.690966369884559 2.5000000000000004 0.39471388743317015 0.41599754642998393 1 3.5000000000000004 3.5000000000000004 4.0935105336717532 4.5000000000000009 0.52706834992406637 7.0904933289280381 0.50031594015395309 7.5000000000000009 1.9530024665512917 0.41599754642998393 0.44388055589350456 2.7306723536836066 2.8063815381345165 0.40382029817242554 7.5608613761493979 10.500000000000002 2.6474544130647613 2 0.2311501846349146 1.5000000000000002 3.5000000000000004 7.4474598198239752
decision_type=8 1 2 10 10 8 8 1 2 2 8 2 8 10 10 2 8 10 10 10 8 10 8 2 10 1 10 2 2 10
left_child=16 -2 3 4 -3 7 -7 8 -4 10 14 12 13 -11 -8 -13 17 -1 -19 21 22 24 23 -21 -18 26 27 -26 -29 -30
right_child=1 2 5 -5 -6 6 9 -9 -10 11 -12 15 -14 -15 -16 -17 19 18 -20 20 -22 -23 -24 -25 25 -27 -28 28 29 -31
leaf_value=-0.00042217263896846165 -0.0046693145352003241 -0.0063016548337301555 0.001935148225829705 0.0049163103377973874 0.00051914199558167145 0.0077916391265791364 0.0015648336591317159 -0.00159538166519017 -0.0047625009711384407 0.0031822879892105631 4.1895818322568133e-05 -3.3952800764063113e-05 0.00016040025475843006 0.011231229992024944 0.01027330534855748 -0.0089099632683450666 8.9844978244504935e-05 0.0051457751991284689 -0.00032943768042799533 -0.0011448266905763095 -3.154977792967467e-05 0.051207295243715124 -0.0016296332172895459 0.0062941319047795461 0.0068845317773333723 -0.00019036083339327454 -0.001342153603467027 0.0010138314652343901 0.0031414334083972976 0.0047393704131202738
leaf_weight=3752 703 566 93 23 137 39 70 382 84 41 436 288 309 23 96 246 7419 41 51 255 43808 29 836 29 26 469 118 322 218 36
leaf_count=3752 703 566 93 23 137 39 70 382 84 41 436 288 309 23 96 246 7419 41 51 255 43808 29 836 29 26 469 118 322 218 36
internal_value=-0.000105424 -0.000871042 -0.000357018 -0.00190083 -0.0022973 0.000173231 0.000781653 -0.00151163 0.00114973 0.00050033 0.00181063 -0.000369351 0.00156836 0.00828125 0.00584337 -0.00172285 -5.82673e-05 -0.00069459 0.00478261 -1.26027e-05 -0.000103278 0.00045907 -0.00174107 0.000809858 0.000425185 0.00164424 0.00291667 0.0039701 0.00342014 0.00641732
internal_weight=60945 3536 2833 726 703 2107 1548 559 177 1509 602 907 373 64 166 534 57409 3844 92 53565 44928 8637 1120 284 8608 1189 720 602 576 254
internal_count=60945 3536 2833 726 703 2107 1548 559 177 1509 602 907 373 64 166 534 57409 3844 92 53565 44928 8637 1120 284 8608 1189 720 602 576 254
cat_boundaries=0 1 2 3
cat_threshold=45588 18688 2
is_linear=0
shrinkage=0.05


Tree=258
num_leaves=31
num_cat=0
split_feature=16 19 22 20 3 22 20 3 5 21 15 20 20 22 20 17 17 19 20 19 20 16 20 8 13 22 19 21 15 19
split_gain=0.952643 1.66822 1.15963 0.94652 1.4694 0.87334 2.07171 0.719124 0.834473 0.616806 0.707944 0.59754 0.756249 0.930909 1.05348 1.02273 0.815803 0.585488 0.791988 0.8239 0.578102 0.850166 0.775894 1.00065 1.50904 1.465 1.58137 1.53292 1.34013 1.27451
threshold=0.060240719854579274 4.2554816283074279 7.9148106124164155 0.41599754642998393 3.5000000000000004 7.0444142073398774 0.19084791733286552 4.5000000000000009 1.0000000180025095e-35 7.8166184747281777 2.7143594315817698 0.33934841540469468 0.1873572517097368 7.2060895108880647 0.24255609861047803 5.0892813180516905 4.2562109993753978 3.0835691057020234 0.39471388743317015 3.2311444933658016 0.16255081713942018 0.24513984974665745 0.14843832582306135 4.5000000000000009 3.4127951604637503 7.2542076304344159 3.5521142051895231 7.0854828791590796 2.5232046155697452 3.131647476283097
decision_type=10 10 10 10 2 8 8 2 2 8 8 10 10 10 10 10 10 8 10 8 10 10 10 2 10 8 10 8 10 10
left_child=1 2 9 5 -5 6 -3 11 -9 10 -1 12 16 14 15 -14 -7 -11 19 -19 21 22 -2 -24 25 26 27 -25 -29 -27
right_child=20 3 -4 4 -6 7 -8 8 -10 17 -12 -13 13 -15 -16 -17 -18 18 -20 -21 -22 -23 23 24 -26 29 -28 28 -30 -31
leaf_value=-0.00027693514045563726 -5.0913625621270588e-06 0.0046565215815586435 0.00050468488512493779 -0.00069001863033588552 0.0077342951596121312 0.0018866740192439676 -0.0006138990053831296 -0.001958016759987879 0.0048832983250117878 -0.0018300550835836872 -0.0035829523209931187 -0.0040863491521575057 0.0086164681587529244 -0.00060228762687889771 0.0018793154996574011 0.0046554919070076221 -0.00076280768947803413 0.003347102205310701 0.0094496143876459208 -0.00048182956689264076 -3.0255564862836461e-05 -0.0037084136862173436 -0.00074794906672278347 0.0008405481001317475 0.00015097476631232003 0.00024337591501482478 0.00056982020661121757 0.0067687652013239371 0.0059480854165931971 0.0024365715337633762
leaf_weight=251 4432 21 37 38 43 41 30 222 27 591 581 37 20 60 101 44 188 39 32 700 49306 90 563 83 1479 1186 91 29 48 488
leaf_count=251 4432 21 37 38 43 41 30 222 27 591 581 37 20 60 101 44 188 39 32 700 49306 90 563 83 1479 1186 91 29 48 488
internal_value=-3.76051e-05 -0.000891074 -0.00161587 0.000963302 0.00611111 0.000436156 0.0067647 -1.19209e-09 -0.00218876 -0.0017639 -0.00283654 0.00110998 0.00160793 0.00366667 0.00560606 0.010625 -0.000414848 -0.00110866 -0.000201039 -0.000534507 8.21751e-06 0.000389326 0.000441123 0.000949079 0.00127203 0.0021948 0.00575697 0.00875 0.0138312 0.00166069
internal_weight=60898 3103 2231 872 81 791 51 740 249 2194 832 491 454 225 165 64 229 1362 771 739 57795 8489 8399 3967 3404 1925 251 160 77 1674
internal_count=60898 3103 2231 872 81 791 51 740 249 2194 832 491 454 225 165 64 229 1362 771 739 57795 8489 8399 3967 3404 1925 251 160 77 1674
is_linear=0
shrinkage=0.05


Tree=259
num_leaves=31
num_cat=2
split_feature=16 0 18 17 22 10 15 4 16 3 21 20 17 4 3 3 22 8 12 22 12 13 22 20 4 18 0 4 8 20
split_gain=0.978446 1.78731 0.977947 0.859766 1.19093 0.774368 0.948535 0.810431 1.12271 0.763025 0.708824 0.619799 0.582419 1.11925 0.583101 0.577809 1.28822 0.871847 0.575272 0.666116 0.565231 0.567533 1.12856 0.593407 0.556071 0.538472 0.522172 0.699334 0.536272 0.751473
threshold=0.060240719854579274 0 0.090109003326218615 3.6012286823152846 7.6822742569406195 4.1720766135341369 4.5661465959132714 10.500000000000002 0.048305358276157256 3.5000000000000004 7.8166184747281777 0.14963395780947539 5.0509390481780256 6.5000000000000009 3.5000000000000004 1.0000000180025095e-35 7.5866603333635654 1.0000000180025095e-35 0.43773436867694998 7.4683611146345923 0.50031594015395309 0.66750053336617021 7.2014776852350186 0.17939946364634748 5.5000000000000009 0.075026567186903079 1 7.5000000000000009 4.5000000000000009 0.1132127554558619
decision_type=10 1 8 10 8 10 10 2 8 2 8 10 10 2 2 2 8 2 8 10 8 8 10 10 2 10 1 2 2 10
left_child=1 12 3 4 -3 10 7 8 -7 -10 -4 -5 -1 14 -14 16 -12 -18 19 -2 21 22 23 -20 -17 -22 27 -26 29 -29
right_child=18 2 5 11 -6 6 -8 -9 9 -11 15 -13 13 -15 -16 24 17 -19 20 -21 25 -23 -24 -25 26 -27 -28 28 -30 -31
leaf_value=-0.0018378303461771724 -0.0032783215978570424 -7.3456434073709183e-05 -0.0030448716810252707 -0.003776242503375344 0.017514372366824911 0.002723578103384429 -0.00047419231307067704 0.0054890870519956614 -0.0044638562832051542 0.0012592808217594207 0.004255422317679179 0.0013418367733936951 0.012146733325617822 -0.0010530354066959951 0.0044845338352107441 -0.0016815170764602164 0.0045262854501139224 -0.0079241161574369716 0.0099333162707484924 0.00042543099297249418 -0.001064069302362077 -9.9965968247333543e-05 0.004666718493755005 -0.0058301930529211614 -0.00204696943358327 -1.5236719160370745e-05 -0.00083728001914272422 0.013323019326474519 0.0044040554143703311 0.00010623955822565267
leaf_weight=1358 300 24 281 27 28 21 124 21 51 58 20 41 23 149 35 248 28 43 28 131 122 67 38 24 88 56922 204 76 32 148
leaf_count=1358 300 24 281 27 28 21 124 21 51 58 20 41 23 149 35 248 28 43 28 131 122 67 38 24 88 56922 204 76 32 148
internal_value=-9.46358e-05 -0.000955884 0.000244754 0.00458333 0.00942308 -0.000114346 0.00227273 0.00493377 0.00346154 0.00142202 -0.000676371 0.000882352 -0.00214286 0.000314008 0.0062069 1.69097e-05 0.00379121 0.000633802 -4.78913e-05 -0.00186775 -3.41789e-05 0.00296178 0.00555555 0.00076923 -0.000414574 -4.24246e-05 0.000474451 0.00163842 0.00300781 0.00214286
internal_weight=60760 3128 1563 120 52 1443 275 151 130 109 1168 68 1565 207 58 887 91 71 57632 431 57201 157 90 52 796 57044 548 344 256 224
internal_count=60760 3128 1563 120 52 1443 275 151 130 109 1168 68 1565 207 58 887 91 71 57632 431 57201 157 90 52 796 57044 548 344 256 224
cat_boundaries=0 1 2
cat_threshold=7764 16778
is_linear=0
shrinkage=0.05


Tree=260
num_leaves=31
num_cat=3
split_feature=18 10 21 0 13 1 0 6 3 13 21 17 16 3 11 17 10 10 20 18 18 19 18 18 3 16 3 18 20 3
split_gain=0.862752 1.48586 0.983538 0.879339 0.810752 0.776924 0.721769 0.860702 1.14376 1.17555 1.15977 1.14053 2.37477 1.08471 1.10717 1.88729 1.01279 0.987922 1.55285 0.952668 0.945698 1.80855 0.881626 0.878201 1.0893 0.872511 1.62682 0.832035 1.00928 0.818274
threshold=0.075026567186903079 4.42304842926875 7.368024129342877 0 0.55920745798214477 1 2 1.0000000180025095e-35 1.0000000180025095e-35 2.5533362411465994 7.7068377846673357 1.8664855882846567 0.089136910814750711 2.5000000000000004 1.4468497739944199 1.4679138009966197 5.8039292413744041 3.275254371572224 0.16937552149538712 0.16424689071167567 0.44388055589350456 4.2889258201807507 0.11574935278260212 0.9874826742476992 3.5000000000000004 0.042200590385709842 4.5000000000000009 0.17195607825428069 0.55529988472415648 4.5000000000000009
decision_type=10 10 10 1 10 1 1 2 2 8 8 10 8 2 10 10 10 10 10 10 10 10 10 8 2 8 2 10 8 2
left_child=1 2 3 4 -1 -5 7 11 9 10 19 12 -2 -10 16 -16 -15 -17 -19 -9 -11 -22 -12 25 -25 26 -13 -14 -29 -8
right_child=6 -3 -4 5 -6 -7 29 8 13 20 22 23 27 14 15 17 -18 18 -20 -21 21 -23 -24 24 -26 -27 -28 28 -30 -31
leaf_value=-0.0017222435327073707 0.0058694912245534437 0.00096806743320902635 -0.0056988339150698814 -0.011508361974634035 0.001629288936789454 0.00069407942338941273 6.4792424101861294e-05 0.0032406423974790351 -0.0016635459229779139 -0.00075749221282352249 0.0015415804690571138 -0.0002615160899552249 -0.00036685334955477905 -0.0022007096784603312 0.0034897816429309172 -0.00092671134279669997 0.0059980538444973849 0.0051075127558512859 0.00069373063849724232 0.00050376441127221233 -0.00066857549310358436 0.011031173947394982 0.001059064806330222 -0.00062131191571749233 0.023656824695555374 -0.00011316315247473591 0.0033006789336263026 0.007158865192173027 -0.026395023104786405 -0.00018413231798998939
leaf_weight=438 20 108 257 176 29 355 33321 28 1575 438 21 39 56 875 28 1367 29 24 738 25 52 20 211 41 32 8096 28 88 32 12421
leaf_count=438 20 108 257 176 29 355 33321 28 1575 438 21 39 56 875 28 1367 29 24 738 25 52 20 211 41 32 8096 28 88 32 12421
internal_value=-0.000124493 -0.00136831 -0.00185259 -0.00114229 -0.00269392 0.000268021 -9.60502e-05 -0.000411952 -0.00090315 0.000849055 0.00342105 -9.60638e-05 0.00367347 -0.00120363 -0.000655016 -3.94078e-05 -0.00212389 -0.00020902 0.00123359 0.0100943 -0.000588236 0.00472222 0.00189655 -0.000185771 0.00527397 -0.000234596 0.00544776 0.00181818 0.00416667 -2.19762e-07
internal_weight=60968 1363 1255 998 467 531 59605 13863 5431 795 285 8432 196 4636 3061 2157 904 2129 762 53 510 72 232 8236 73 8163 67 176 120 45742
internal_count=60968 1363 1255 998 467 531 59605 13863 5431 795 285 8432 196 4636 3061 2157 904 2129 762 53 510 72 232 8236 73 8163 67 176 120 45742
cat_boundaries=0 1 2 3
cat_threshold=2590 4 233
is_linear=0
shrinkage=0.05


Tree=261
num_leaves=31
num_cat=0
split_feature=17 22 11 3 4 16 4 12 14 10 21 21 18 3 15 22 18 22 4 21 15 16 18 3 17 17 8 14 14 13
split_gain=0.838814 0.903178 0.876604 0.789367 1.02278 0.846924 0.723084 0.72782 0.734818 0.617558 0.610945 0.645825 0.575848 0.941344 1.79815 1.02201 0.980824 1.18023 0.95031 1.84639 1.3038 1.71842 0.9375 0.911739 0.853483 1.17007 1.22315 1.3231 1.65977 1.15298
threshold=0.84960189335342784 7.6606010360734489 4.2420456599555605 5.5000000000000009 5.5000000000000009 0.073733807284678182 8.5000000000000018 1.2382692000587421 0.66750053336617021 5.1419558687004043 7.6739205252747036 7.7838487994305918 0.26053812731586862 4.5000000000000009 6.67651830715086 6.7605885350312329 0.25073101553017441 7.8430810326515106 7.5000000000000009 7.29063383029479 3.0752707175678493 0.2655878061902322 0.16687209360626734 4.5000000000000009 3.112748358281578 3.7631492991486435 5.5000000000000009 4.3751276949566895 4.7591779066044522 6.463106358918961
decision_type=10 10 10 2 2 8 2 8 10 10 8 8 10 2 10 8 10 8 2 10 10 10 10 2 10 10 2 8 8 8
left_child=1 2 3 9 -5 -6 7 8 -7 -1 -3 -12 13 16 15 22 -2 18 24 20 -20 -22 -15 -14 -18 -26 27 -27 -29 -30
right_child=12 10 -4 4 5 6 -8 -9 -10 -11 11 -13 23 14 -16 -17 17 -19 19 -21 21 -23 -24 -25 25 26 -28 28 29 -31
leaf_value=-0.0016935012833710053 4.8936786043778441e-05 0.0016034569312035518 0.0018108957463589166 -0.0042007579082283591 0.0010309524886472133 -0.0023110465490124152 -0.0010633937475146222 0.003394721471452001 0.0099537222314019305 0.0011662530288783439 -0.00044737279865947029 0.00048680484902599786 -0.00042042747575033422 0.0015576108881632483 0.0059536512040305276 -0.00019072927034936285 -0.0035519532058873949 -0.00025682983885638543 0.0030415428537550735 0.00096920807471823154 0.00088121793887090756 0.0048467780576472094 0.0010690189066126258 0.00026195837560820379 0.0027691101232248817 -0.0022477591515595234 -0.0012672980431066808 0.012190968086104544 -0.00056282120438314097 0.0024636092445616121
leaf_weight=1888 36155 42 71 127 29 52 78 64 24 29 109 278 4924 24 39 13975 45 348 23 135 53 23 40 1908 48 39 178 26 63 38
leaf_count=1888 36155 42 71 127 29 52 78 64 24 29 109 278 4924 24 39 13975 45 348 23 135 53 23 40 1908 48 39 178 26 63 38
internal_value=-8.66542e-05 -0.000933358 -0.00131668 -0.00148625 0.000614972 0.00248988 0.00142202 0.00357143 0.000263157 -0.00189619 0.00117715 0.000555554 -4.59691e-05 1.15106e-05 -0.000336697 -0.00036648 0.000143379 0.00167321 0.00289866 0.00547008 0.0106566 0.0075 0.0059375 -0.000477167 0.00152174 0.00227041 0.00125 0.00433735 0.00681102 0.00391089
internal_weight=60875 2791 2362 2291 374 247 218 140 76 1917 429 387 58084 51252 14078 14039 37174 1019 671 234 99 76 64 6832 437 392 344 166 127 101
internal_count=60875 2791 2362 2291 374 247 218 140 76 1917 429 387 58084 51252 14078 14039 37174 1019 671 234 99 76 64 6832 437 392 344 166 127 101
is_linear=0
shrinkage=0.05


Tree=262
num_leaves=31
num_cat=0
split_feature=5 15 19 19 8 20 15 10 22 20 22 15 17 15 15 22 19 16 22 17 3 17 16 18 17 15 20 17 22 20
split_gain=0.856869 0.863528 1.43634 1.56053 1.19897 1.47198 1.27803 1.21254 0.968404 1.32598 1.02302 0.899343 0.83172 1.20612 1.31805 0.924824 0.88402 0.886603 0.850252 1.03846 1.59923 1.13034 0.830762 1.38684 1.23707 0.916345 0.860788 0.824405 0.784772 0.778245
threshold=1.0000000180025095e-35 4.1473757583591544 4.4109106075456959 6.8973898855664819 5.5000000000000009 0.23994689228199076 4.1771321972055926 4.0578530801286421 7.6606010360734489 0.18082789662103546 7.4386413238464133 4.1571738135803882 1.3590600817079415 3.2786594398700153 3.6069616255242427 7.5940226630704704 2.9529086540822473 0.086261561519081154 7.4914482325919058 3.8320910867947391 3.5000000000000004 3.9677598014188575 0.18548706787857702 0.17195607825428069 3.7976635993937076 3.1804715513012352 0.17882707714542459 0.38982304423899722 7.6116287643274676 0.19935580627653263
decision_type=2 10 10 10 2 10 10 8 8 8 10 10 8 10 10 10 10 10 10 10 2 10 8 10 10 10 10 8 8 10
left_child=27 8 4 -4 5 6 -3 -8 10 22 29 -6 -12 15 -15 16 17 -14 -16 -20 21 -21 23 26 25 -25 -10 -1 -29 -2
right_child=1 2 3 -5 11 -7 7 -9 9 -11 12 -13 13 14 18 -17 -18 -19 19 20 -22 -23 -24 24 -26 -27 -28 28 -30 -31
leaf_value=-0.0023629050803779697 0.00019776396172447561 -0.0041737069795196565 -0.00031117316094609514 0.0052074752163274165 0.0040609005931758358 -0.00035917423512203325 -0.0077844431354415159 0.0033425884327179106 -6.2567346217027228e-05 -0.001842158992921263 0.0023862780787847065 -0.00057294475855502547 0.004946377591334386 0.0080979607809537058 0.0056238202070015364 -0.0017767724101834038 -0.0029296950949388827 0.00093549853175975374 -0.0023058529902981748 0.0056622096255853488 -0.0045575067244041168 0.00029824686640797521 -0.0037338013945555793 0.0018232310270342299 -0.013226328930831161 0.0046134118524464992 0.0063940119430549256 -8.9678018721910257e-05 0.00011625687658328177 -0.0013118730614157569
leaf_weight=226 615 25 1969 23 20 142 20 242 649 1875 42 308 20 56 36 119 119 194 104 39 52 36 197 59 22 36 20 25381 27694 599
leaf_count=226 615 25 1969 23 20 142 20 242 649 1875 42 308 20 56 36 119 119 194 104 39 52 36 197 59 22 36 20 25381 27694 599
internal_value=-6.6379e-05 -0.000561667 0.000147325 -0.00055723 0.00200132 0.00374126 0.00580139 0.00683206 -0.00096032 -0.00155354 -0.000125555 -0.000274391 0.00124235 0.000870967 0.00320433 -0.000796461 0.000555554 0.00247663 0.00174157 0.000627704 0.00366142 0.00833333 -6.61253e-05 0.000661576 0.00568376 0.00815789 -0.000216743 4.59534e-06 1.7427e-05 -0.00104613
internal_weight=60939 7638 2749 1992 757 429 287 262 4889 2858 2031 328 817 775 323 452 333 214 267 231 127 75 983 786 117 95 669 53301 53075 1214
internal_count=60939 7638 2749 1992 757 429 287 262 4889 2858 2031 328 817 775 323 452 333 214 267 231 127 75 983 786 117 95 669 53301 53075 1214
is_linear=0
shrinkage=0.05


Tree=263
num_leaves=31
num_cat=2
split_feature=16 0 8 22 22 3 3 22 19 18 17 14 14 3 19 14 10 20 16 0 17 14 18 10 16 12 12 14 19 13
split_gain=0.946482 1.16144 0.99573 1.81436 0.959277 0.954532 0.950684 0.944766 0.935262 1.46927 1.82779 1.39566 0.881117 0.843079 1.06276 1.25895 0.831448 0.676531 0.671937 0.972589 0.800865 1.52381 0.678566 1.21987 0.645638 0.73394 0.868103 0.982126 1.89361 0.950968
threshold=0.42794893317630228 0 4.5000000000000009 7.894228617244706 6.787808469102651 4.5000000000000009 5.5000000000000009 7.1474495090472105 1.9520488408827454 0.52706834992406637 5.8522381856380674 4.595624645735267 3.7220716903991282 5.5000000000000009 4.0650003306297053 5.1558893318666792 4.7000256136009968 0.39471388743317015 0.11507260580265445 1 1.6859861136573693 2.0081915103761951 0.10026396948982759 3.7693060380574024 0.10321466973561726 4.4385249341350947 4.2128677904637017 4.5277488930852572 4.5952668861079635 4.4584086369496969
decision_type=8 1 2 10 10 2 2 8 10 8 10 8 8 2 10 10 10 8 10 1 10 8 10 10 10 8 10 8 10 8
left_child=18 2 3 7 5 -4 -3 -2 -8 10 11 -10 -9 14 16 -16 -14 -15 19 20 21 -1 23 -20 25 26 -21 -28 29 -29
right_child=1 6 4 -5 -6 -7 8 12 9 -11 -12 -13 13 17 15 -17 -18 -19 22 24 -22 -23 -24 -25 -26 -27 27 28 -30 -31
leaf_value=0.00011816923779034275 0.0045059431941199754 -0.0028515597613385101 -0.00099244684988635868 0.010072204267875725 -0.0018138858615580926 0.023653632240490635 -0.0067322389542560776 -0.012465398211515412 0.0028613202306110191 -0.00029477173327693926 -0.0011649151337534064 0.014545259660546789 -0.0014269618872105737 -0.0038332095447921838 0.004115758242555295 -0.0011838313094221233 0.0037058418545256547 0.0023810544166141942 -7.0534044849201995e-06 -7.6677058741284865e-05 7.0349920242476053e-05 0.011034742868913976 1.4241441553314953e-05 0.0029396234495021132 -0.00083749484879702468 -0.00054284771299041958 6.5716502723140181e-05 0.0047020900392672231 -0.002815257066189555 0.0023069339083432688
leaf_weight=56 58 1743 73 22 412 29 169 98 35 149 39 24 221 103 193 70 39 64 73 2690 3266 28 46789 32 2073 2286 141 31 25 41
leaf_count=56 58 1743 73 22 412 29 169 98 35 149 39 24 221 103 193 70 39 64 73 2690 3266 28 46789 32 2073 2286 141 31 25 41
internal_value=-9.75909e-05 -0.000890992 0.000244252 0.0012788 -0.00149806 0.00284314 -0.00161134 0.000910164 0.000528845 0.00248988 0.0072449 0.0127966 0.000456852 0.00108696 0.00207457 0.00431559 -0.000192309 -0.00200599 -4.87575e-05 -0.000407541 0.000297618 0.00511905 3.26256e-05 0.00404762 -0.000731124 -0.000435368 8.87966e-05 0.00298319 0.00685567 0.0109722
internal_weight=61072 3541 1382 868 514 102 2159 846 416 247 98 59 788 690 523 263 260 167 57531 10637 3350 84 46894 105 7287 5214 2928 238 97 72
internal_count=61072 3541 1382 868 514 102 2159 846 416 247 98 59 788 690 523 263 260 167 57531 10637 3350 84 46894 105 7287 5214 2928 238 97 72
cat_boundaries=0 1 2
cat_threshold=19745 41289
is_linear=0
shrinkage=0.05


Tree=264
num_leaves=31
num_cat=5
split_feature=16 18 11 7 16 19 0 22 18 21 4 0 4 1 21 22 14 0 17 22 19 16 17 0 19 14 11 16 16 19
split_gain=0.937745 0.98915 1.46667 0.879141 0.878068 0.902401 1.2694 1.24741 1.12495 0.801836 1.01304 1.77088 1.35357 1.33023 1.24676 2.41289 1.89394 1.20954 1.12422 1.13853 1.12082 1.63435 1.06661 1.97411 3.30619 2.68214 1.25938 1.16136 1.06059 1.58419
threshold=0.11690461389193145 0.097779792343852492 3.4889017966466533 213.50000000000003 0.1097506468239272 2.3383409355008915 0 7.8879552508210917 0.44388055589350456 7.829033532565842 7.5000000000000009 1 5.5000000000000009 2 7.0854828791590796 7.1285440037678027 4.5416976211131983 3 0.50813495080208704 7.6402257824975424 2.2806451526061022 0.24841938629383864 4.0961710432832144 4 4.1153965270144548 4.1165948390476315 3.9579514811989376 0.28442632780832716 0.233781613334448 4.017452020531727
decision_type=10 10 8 8 8 8 1 10 10 10 2 1 2 1 8 10 10 1 10 10 10 10 10 1 10 10 10 10 10 10
left_child=3 2 -2 4 -1 -6 7 -7 -8 10 12 -12 13 -3 15 -15 -17 -14 -19 -20 21 -21 26 24 25 -24 -13 28 -28 -30
right_child=1 9 -4 -5 5 6 8 -9 -10 -11 11 22 17 14 -16 16 -18 18 19 20 -22 -23 23 -25 -26 -27 27 -29 29 -31
leaf_value=-7.225943148036534e-05 -0.0011811598123802293 -0.00015599777255024118 0.0027277706153870035 0.013425856581308538 -0.0035949427354269726 1.4476762664815985e-05 -0.001585143964840376 0.0015719871869491191 0.0036763711567678031 -0.00038253733983208799 -0.00014880401298254426 0.00046766187923017507 -0.0018297869670753305 0.0013204643262718961 0.00023431375430811986 0.0022761526979183312 0.0098291156065501081 0.03914665672876616 -0.000751335701670604 0.013732089154171335 0.00043095514319091085 0.0031676053024570676 0.0024439891048966857 -0.00087127728676678778 0.00062044105483690976 0.006651533953099812 0.0020868156039631435 -0.00031314889398902546 0.0023462598473938685 0.011244231588897992
leaf_weight=9209 20 10457 24 20 649 1457 1416 29 26 3511 6199 7410 1595 243 8401 33 22 22 4744 21 1356 28 47 1807 1431 20 519 141 61 24
leaf_count=9209 20 10457 24 20 649 1457 1416 29 26 3511 6199 7410 1595 243 8401 33 22 22 4744 21 1356 28 47 1807 1431 20 519 141 61 24
internal_value=-9.45173e-05 6.64664e-06 0.0075 -0.000474779 -0.000491163 -0.001156 -0.000782105 0.000247325 -0.00183196 -2.09127e-07 5.70859e-05 0.000351378 -0.000135949 8.97879e-05 0.000546613 0.00372483 0.0131818 -0.000692765 -0.000372918 -0.00041389 0.000836298 0.0082653 0.000719266 -3.78227e-05 0.00129973 0.0121642 0.00102698 0.00298658 0.0039404 0.00911765
internal_weight=60942 48136 44 12806 12786 3577 2928 1486 1442 48092 44581 17659 26922 19156 8699 298 55 7766 6171 6149 1405 49 11460 3305 1498 67 8155 745 604 85
internal_count=60942 48136 44 12806 12786 3577 2928 1486 1442 48092 44581 17659 26922 19156 8699 298 55 7766 6171 6149 1405 49 11460 3305 1498 67 8155 745 604 85
cat_boundaries=0 1 2 3 4 5
cat_threshold=26049 58432 2 4320 817
is_linear=0
shrinkage=0.05


Tree=265
num_leaves=31
num_cat=4
split_feature=17 4 0 0 20 13 13 22 12 22 16 17 22 17 0 1 19 17 22 4 11 15 15 11 13 18 16 11 16 16
split_gain=0.828534 0.957772 1.60513 1.45882 1.33429 1.20529 0.951838 0.85161 1.32947 0.841656 1.04946 2.19351 0.781202 1.61962 0.827918 1.60824 2.3123 1.03475 0.78461 1.00595 0.781306 0.761453 0.761319 0.677352 0.652308 1.0562 1.31891 0.765023 0.777437 1.37679
threshold=1.8168401898933053 7.5000000000000009 0 1 0.075384356921519874 1.011435595095721 2.0081915103761951 7.5018240826039584 1.638949582658831 8.1049945641650982 0.49189434376591595 4.1409161575957398 7.8827131585094232 1.163641880210937 2 3 6.221232420594963 1.4679138009966197 7.6402257824975424 10.500000000000002 1.5580892133149293 0.44496106164119226 0.65678636490743469 0.37096867236468872 2.1575426144600005 0.17308258950001096 0.20834230568515286 2.1101948345363803 0.21016712278446203 0.22439293054928017
decision_type=10 2 1 1 8 8 8 8 8 10 10 10 10 10 1 1 10 8 8 2 10 10 8 10 8 10 10 10 10 10
left_child=1 2 -1 5 21 -3 -5 8 23 24 -11 -12 14 -14 15 16 -8 -17 -19 20 -20 -4 -16 -7 25 26 -2 -27 -29 -30
right_child=9 3 4 6 -6 7 12 -9 -10 10 11 -13 13 -15 22 17 -18 18 19 -21 -22 -23 -24 -25 -26 27 -28 28 29 -31
leaf_value=-3.092651341789258e-05 0.00084054843447847044 0.0019933105871158996 -0.0016918288898209776 -2.9031977846979357e-05 -0.0030396878581183131 0.00095305074867494213 0.027242923384122569 -0.0054982584649340225 -0.00077271932715309612 -0.0015097804359409861 0.0039676767235865369 -0.0033572965711401283 0.0039077371349032766 -0.0037304154174156502 0.00062815536275391852 0.0031962073369401055 0.0011323169912601713 0.0038917882020128541 -0.0050898523239868579 0.0046990355124877058 0.0035980360053358275 0.0023565742051396771 -0.0029835000722558272 0.0031799413901561452 -2.2065547916857229e-06 -0.00086476370176002113 0.0039905545924106122 -0.00034475065165524355 0.0027749967365133161 0.0018117840194227103
leaf_weight=1356 772 152 28 1384 1334 21 35 548 83 388 20 33 28 31 103 39 43 38 117 21 51 34 202 20 53379 593 20 129 32 102
leaf_count=1356 772 152 28 1384 1334 21 35 548 83 388 20 33 28 31 103 39 43 38 117 21 51 34 202 20 53379 593 20 129 32 102
internal_value=-4.8745e-05 -0.00062456 -0.00129361 6.85752e-06 -0.00247511 -0.00176259 0.000708848 -0.00269345 0.00104839 1.00947e-05 -0.00216553 0.00443396 0.00220339 0.00771186 0.00170262 0.00333333 0.00974359 0.00157895 0.000286342 -0.00103175 -0.00232143 0.00467742 -0.000238096 0.00841463 2.75307e-05 0.00100728 0.00232323 -0.000210282 0.00203422 0.00470149
internal_weight=61136 5668 2752 2916 1396 824 2092 672 124 55468 441 53 708 59 649 344 78 266 227 189 168 62 305 41 55027 1648 792 856 263 134
internal_count=61136 5668 2752 2916 1396 824 2092 672 124 55468 441 53 708 59 649 344 78 266 227 189 168 62 305 41 55027 1648 792 856 263 134
cat_boundaries=0 1 2 3 4
cat_threshold=8805 47620 16832 1
is_linear=0
shrinkage=0.05


Tree=266
num_leaves=31
num_cat=4
split_feature=16 0 21 2 20 0 17 11 22 14 13 0 15 16 13 22 0 17 19 15 13 21 16 20 20 13 22 16 22 10
split_gain=1.23975 0.991137 1.14074 0.73082 0.705946 1.20979 1.14124 1.7088 0.823416 1.01833 0.698941 0.685309 0.653822 1.29424 0.619171 0.825197 0.902537 1.09594 2.93603 0.940258 1.02754 0.942784 1.14114 0.876082 1.49371 2.13143 0.96 1.28 0.758547 0.745183
threshold=0.49189434376591595 0 7.3978678142472596 2.5000000000000004 0.41599754642998393 1 4.148588410037453 3.9189981260915085 7.2014776852350186 6.5368363466432973 4.1198495226759748 2 1.0131368810475263 0.54460740460303125 5.8175572123585209 7.1002466405118581 3 4.4054348808900974 4.4109106075456959 4.5531164061213056 4.5679872602102902 6.8040598888354813 0.24982971556684377 0.25143458123387469 0.22470413413003998 0.37096867236468872 6.9715427466828741 0.21016712278446203 7.0335327081261996 2.7757039971150994
decision_type=8 1 8 2 10 1 10 8 10 8 8 1 8 10 10 8 1 10 10 10 8 10 10 10 10 10 10 10 10 8
left_child=3 2 -2 4 11 6 7 -6 -8 -10 -9 -1 13 -3 15 16 17 18 29 -19 -21 22 28 24 -18 26 27 -26 -22 -13
right_child=1 12 -4 -5 5 -7 8 10 9 -11 -12 14 -14 -15 -16 -17 23 19 -20 20 21 -23 -24 -25 25 -27 -28 -29 -30 -31
leaf_value=-0.00024835153580838692 -0.0015372414684609295 -0.010864989072340014 0.00076323735692602058 7.596554220796846e-05 0.0031490658355535412 -0.00034238422980143525 -0.0022033455805963525 0.027897260684113995 -9.7062449917097922e-06 0.0050051996256907129 0.0042194525769307396 0.0018128820036921523 -0.0021998751738148523 0.0083627569720739672 -0.0010783069523696304 -5.6859581237802021e-05 -4.3900570990269569e-05 -0.001785102168575372 0.0043969164203667629 0.0034252184162794335 0.00023050489111186027 -3.2499897778377636e-05 0.0040013202593458027 -0.0013743591434566276 0.0048875051486828433 0.00057361082905030226 0.0018218802108477018 0.0030725000309359202 0.0051662370966069557 0.00045420791299823993
leaf_weight=16013 282 20 872 19279 56 232 71 31 64 34 32 49 1891 23 473 18834 1127 223 34 31 97 264 22 334 25 277 25 25 21 182
leaf_count=16013 282 20 872 19279 56 232 71 31 64 34 32 49 1891 23 473 18834 1127 223 34 31 97 264 22 334 25 277 25 25 21 182
internal_value=-0.000121672 -0.0010978 6.87273e-05 -6.95717e-05 -0.0001952 0.00163461 0.00372483 0.00760504 0.00121302 0.00418367 0.013254 -0.000220203 -0.00178498 0.00430232 -3.92249e-05 -1.19209e-09 0.000811402 0.00207395 0.00481132 0.00100304 0.00235632 0.00168317 0.005 0.000156335 0.000679512 0.00352273 0.011 0.015 0.00305085 0.00279221
internal_weight=60943 3088 1154 57855 38576 520 288 119 169 98 63 38056 1934 43 22043 21570 2736 923 265 658 435 404 140 1813 1479 352 75 50 118 231
internal_count=60943 3088 1154 57855 38576 520 288 119 169 98 63 38056 1934 43 22043 21570 2736 923 265 658 435 404 140 1813 1479 352 75 50 118 231
cat_boundaries=0 1 2 3 4
cat_threshold=17697 2121 6347 33568
is_linear=0
shrinkage=0.05


Tree=267
num_leaves=31
num_cat=1
split_feature=17 19 10 12 4 7 4 20 20 20 13 10 4 20 12 3 10 12 20 17 16 17 10 10 22 17 1 22 3 20
split_gain=1.07363 1.77474 1.1582 1.21309 0.585659 0.513053 0.466392 1.4845 0.7452 0.738743 0.611102 0.963681 0.811101 1.78093 1.28061 0.942157 0.819637 0.940942 0.775427 0.871629 0.767849 0.745903 0.896096 1.43084 0.787738 0.783258 0.742842 1.33706 1.21288 0.868853
threshold=0.38982304423899722 6.0595264723483862 4.42304842926875 4.8327040063029694 10.500000000000002 5.5000000000000009 1.5000000000000002 0.25030425166315762 0.14141919676553347 0.14250100601520646 3.6775648950837558 3.9328050649669928 7.5000000000000009 0.075384356921519874 1.8325494627242667 3.5000000000000004 5.4282485120413879 5.7815147161943807 0.33282533689406946 0.66334028263208344 0.053288739064242217 4.1892363810948288 4.3788965451259676 4.5266678115830095 7.9442769941788063 4.2450132889237828 0 7.7730403856773265 1.5000000000000002 0.30999332304362531
decision_type=10 10 10 10 2 10 2 10 10 10 10 8 2 10 8 2 10 8 10 10 10 10 10 10 8 10 1 10 2 10
left_child=1 2 3 -1 -4 -3 7 8 -2 -10 12 -12 13 15 18 -8 20 -18 -15 -20 -14 22 -22 -24 25 -23 28 -28 29 -16
right_child=6 5 4 -5 -6 -7 10 -9 9 -11 11 -13 16 14 26 -17 17 -19 19 -21 21 24 23 -25 -26 -27 27 -29 -30 -31
leaf_value=-0.0043064987480562616 -0.00089651781748270132 0.0013013385641774372 2.6993915051575792e-05 0.0052379952253321684 0.0046586681797612878 0.0065292329104933121 0.0020826473055324244 -0.0020257818147507256 0.0022958284417682615 0.00035524943597952118 -0.00075507557634939054 -6.1068004725324304e-05 -0.00061201433299880965 -0.0021256164758449675 0.0001663960179859555 0.002381142083051561 0.0028891494942352176 0.0012575759132172485 0.0082290408852367207 -0.00025715509497530753 0.00019468549369306345 -0.0052684932814859656 0.0047737997296685014 -0.0030896845174144556 -0.0016055664603092706 4.5708851969539226e-05 0.00013708565371129715 0.0030956322370264545 -0.00054825353395476946 0.0028229709277913023
leaf_weight=937 190 43 67 21 23 23 34 213 24 3890 3102 18796 620 1268 2604 20 39 183 29 346 15021 79 36 37 217 795 6173 23 6003 44
leaf_count=937 190 43 67 21 23 23 34 213 24 3890 3102 18796 620 1268 2604 20 39 183 29 346 15021 79 36 37 217 795 6173 23 6003 44
internal_value=-5.09043e-05 -0.00158887 -0.0020897 -0.00259917 0.00333333 0.00636364 -2.22472e-05 0.00047834 0.00068957 0.000838016 -6.12066e-05 -0.000266692 7.28295e-05 -0.0001765 -0.000206187 0.00888889 0.000315087 0.00333333 -0.00153074 0.000466665 0.000275215 0.000341364 0.000432621 0.0059589 -0.000921174 -0.000251717 -5.96092e-05 0.000358294 -0.000358919 0.000532476
internal_weight=60900 1114 1048 958 90 66 59786 4317 4104 3914 55469 21898 33571 16544 16490 54 17027 222 1643 375 16805 16185 15094 73 1091 874 14847 6196 8651 2648
internal_count=60900 1114 1048 958 90 66 59786 4317 4104 3914 55469 21898 33571 16544 16490 54 17027 222 1643 375 16805 16185 15094 73 1091 874 14847 6196 8651 2648
cat_boundaries=0 1
cat_threshold=2
is_linear=0
shrinkage=0.05


Tree=268
num_leaves=31
num_cat=4
split_feature=18 20 0 16 19 3 18 4 10 3 14 0 3 3 4 0 19 16 3 17 17 4 20 18 21 21 11 1 21 20
split_gain=0.988246 1.39195 1.12769 1.05779 1.05358 1.01369 2.35875 1.20543 0.971405 0.748463 2.3892 0.682737 0.689851 0.631199 0.598895 1.40837 1.7022 1.72561 1.21777 1.59161 1.14536 1.05219 0.881814 1.0996 1.05871 0.890528 1.21753 0.85609 1.30277 1.25904
threshold=0.075026567186903079 0.093465955454494168 0 0.071227776272452081 3.1961271838918113 1.5000000000000002 0.090109003326218615 5.5000000000000009 0.50031594015395309 5.5000000000000009 3.9693476262081879 1 5.5000000000000009 1.5000000000000002 7.5000000000000009 2 2.3636342620824942 0.053288739064242217 4.5000000000000009 3.7332793107460898 4.5037694043461878 5.5000000000000009 0.17831740372374327 0.13059420011497619 6.9758809989518511 7.14005668953304 3.1717820198074476 3 7.7171287037418592 0.24825780883983609
decision_type=10 10 1 10 8 2 10 2 8 2 8 1 2 2 2 1 10 10 2 10 10 2 10 8 10 10 8 1 8 10
left_child=2 3 9 -2 -4 6 -5 -7 -9 -1 -11 13 -13 -6 15 16 -3 18 20 -20 -18 -22 23 25 -25 -19 -27 29 -29 -16
right_child=1 14 4 5 11 7 -8 8 -10 10 -12 12 -14 -15 27 -17 17 22 19 -21 21 -23 -24 24 -26 26 -28 28 -30 -31
leaf_value=-0.0027002925601606028 -0.003748604347411655 -0.0022860014313390311 -0.0019560827681359746 0.011764107311517081 0.0013676046553197569 -0.0033957803332025633 0.00018932729372110341 0.0023200788079776589 9.0113749543486912e-05 0.001006156574990064 -0.0016665873710252088 -0.0010840494241187624 0.0039326525986084953 0.0013011451739569574 0.00035588871575460544 -2.9029627705385476e-06 -0.00068982608103062247 -0.0014507746201558754 0.0034331145670210266 0.013464546534962664 0.010607373691037555 0.0015537812220590811 -0.00072062583854747746 0.0013346134157453519 -0.00099139119183099911 0.0026402984866823595 -0.00054055373594896663 0.00022419353335525151 -0.00029880734424339432 -0.00037909769419654682
leaf_weight=619 36 1423 115 20 24 39 23 40 39 36 96 308 54 116 11297 24627 78 355 27 37 22 32 5835 1137 166 27 28 4872 7501 1718
leaf_count=619 36 1423 115 20 24 39 23 40 39 36 96 308 54 116 11297 24627 78 355 27 37 22 32 5835 1137 166 27 28 4872 7501 1718
internal_value=-8.94706e-05 -5.88604e-05 -0.00141813 0.00413705 0.000183412 0.00586956 0.0124419 0.00347458 0.00702532 -0.0027004 0.000681817 0.0011753 -2.68829e-05 0.004 -7.28274e-05 -0.000210689 -0.00073935 -0.00044809 0.00418367 0.00984375 0.00143939 0.00703704 -0.000568364 0.000429071 0.00113968 -0.00182927 0.00409091 0.000110681 -0.000187102 0.000393775
internal_weight=60747 59379 1368 197 617 161 43 118 79 751 132 502 362 140 59182 33794 9167 7744 196 64 132 54 7548 1713 1303 410 55 25388 12373 13015
internal_count=60747 59379 1368 197 617 161 43 118 79 751 132 502 362 140 59182 33794 9167 7744 196 64 132 54 7548 1713 1303 410 55 25388 12373 13015
cat_boundaries=0 1 2 3 4
cat_threshold=6806 257 249 2
is_linear=0
shrinkage=0.05


Tree=269
num_leaves=31
num_cat=2
split_feature=16 19 0 20 22 12 11 22 0 12 20 20 16 19 3 22 3 17 3 22 20 4 18 11 21 20 20 15 20 4
split_gain=1.01515 1.14286 1.2882 1.11647 0.957654 0.785694 1.07527 1.00292 1.79006 1.4867 1.25597 1.31113 0.9245 1.06681 0.682109 0.665723 0.766318 1.45455 0.669281 0.645491 0.648079 0.781782 0.639771 0.867542 1.09658 1.60513 1.93467 0.987862 1.92083 1.23077
threshold=0.060240719854579274 4.0477735893838558 0 0.14616023002980796 7.8879552508210917 5.9266587545491261 4.4397055722279335 7.2418399199301708 1 4.2231771657130812 0.74679248621259686 0.25473385017476302 0.048305358276157256 4.7645800298670693 3.5000000000000004 7.3793419050083164 4.5000000000000009 3.476429984282468 1.0000000180025095e-35 6.8800161457020499 0.17939946364634748 8.5000000000000018 0.23627878587955128 5.9346294703076508 7.4682278018910955 0.22674082810889806 0.21854257808740443 6.1901450660578208 0.18776835760393193 4.5000000000000009
decision_type=10 10 1 10 10 10 10 8 1 10 10 10 10 10 2 10 2 8 2 10 10 2 10 10 8 10 10 10 10 2
left_child=1 2 4 -3 15 6 7 9 10 -5 11 12 13 -9 -10 16 18 -18 -1 20 -8 -22 23 -2 -25 26 27 28 -26 -29
right_child=22 3 -4 5 -6 -7 19 8 14 -11 -12 -13 -14 -15 -16 -17 17 -19 -20 -21 21 -23 -24 24 25 -27 -28 29 -30 -31
leaf_value=0.0012995757796428844 8.4374517986304347e-06 -0.0014044393233820479 -0.0017900108312357632 0.00027978515798232021 0.0011947661387881625 -0.0020521090104523034 -0.0054430387868922509 0.0074580485584561304 -0.0043719246684566651 0.0041981400653951107 0.009852589635935341 -0.00021694339571290899 0.00095733357049900393 0.0062254327914710358 0.00043349476070662972 -0.0023232331656024715 0.0032778351371933671 -0.000451300940881404 -0.00020641943937877032 -0.00069698048747213887 0.0060187289678391683 -0.00055808703722073287 -0.00020605283827252686 -5.5095269271744164e-05 -0.00073463396969469287 6.0246943130643263e-05 0.0083674223718042881 -0.0032472820347894458 0.0073150503765696852 0.0058807654637080924
leaf_weight=24 45657 186 1580 25 27 100 33 22 124 26 23 67 45 58 106 136 55 45 180 102 65 48 11609 311 22 155 23 36 29 39
leaf_count=24 45657 186 1580 25 27 100 33 22 124 26 23 67 45 58 106 136 55 45 180 102 65 48 11609 311 22 155 23 36 29 39
internal_value=-8.51418e-05 -0.000970102 -0.00165364 0.000388348 0.000660376 0.00116114 0.00172043 0.00306451 0.00230337 0.00970588 0.00544444 0.004375 0.0074 0.010625 -0.000833334 0.000113635 0.00141447 0.005 -0.000343138 -0.000967743 0.00116438 0.0029646 -3.80966e-05 4.51665e-05 0.00191057 0.00404605 0.00775168 0.00531746 0.0106863 0.00166667
internal_weight=60958 3077 2047 1030 467 844 744 496 445 51 215 192 125 80 230 440 304 100 204 248 146 113 57881 46272 615 304 149 126 51 75
internal_count=60958 3077 2047 1030 467 844 744 496 445 51 215 192 125 80 230 440 304 100 204 248 146 113 57881 46272 615 304 149 126 51 75
cat_boundaries=0 1 2
cat_threshold=16545 19554
is_linear=0
shrinkage=0.05


Tree=270
num_leaves=31
num_cat=1
split_feature=18 19 13 8 20 11 20 21 22 12 1 11 11 21 16 16 18 20 13 17 3 18 17 16 12 22 20 16 18 21
split_gain=1.02333 1.05625 1.76948 1.53444 1.02479 0.683091 0.565777 0.801835 2.03777 1.18591 2.00541 2.47372 1.28419 0.871922 0.728991 0.723528 0.740698 1.192 0.717505 1.16491 1.24444 0.710053 1.31693 0.929409 0.843837 0.827835 0.915064 1.84446 2.02381 1.84873
threshold=0.075026567186903079 6.0595264723483862 4.4491008295452064 1.5000000000000002 0.075384356921519874 6.1256675353647996 0.19977119896578269 7.2796635441494049 7.2649933379096119 2.7311101689089869 0 3.2367138130944357 4.796203598077895 7.187279092263295 0.083152900679847416 0.2817388642469601 0.2175303959152631 0.1915732971535308 5.1622111925239924 5.4882827256271991 2.5000000000000004 0.12642143439563333 6.3351973872634852 0.0662399235822798 0.50031594015395309 7.1285440037678027 0.1295962939268642 0.096785684030065183 0.13577602423321827 7.8073066661710877
decision_type=10 10 10 2 10 10 10 8 10 10 1 8 8 10 10 10 10 10 10 10 2 10 10 10 8 8 10 8 10 10
left_child=1 2 5 -3 -2 -1 15 8 13 -10 12 -12 -11 14 -8 21 17 -17 -15 20 -20 22 23 24 -6 -23 27 28 -27 -29
right_child=4 3 -4 -5 6 -7 7 -9 9 10 11 -13 -14 18 -16 16 -18 -19 19 -21 -22 25 -24 -25 -26 26 -28 29 -30 -31
leaf_value=-0.0011886391356451141 0.0013333699363344113 0.0022013761335959478 0.0070761978994363962 -0.012161388083740374 0.0011561787387861064 0.00088634579433157347 -0.0020365094472173163 -0.00017333853185393244 0.00014183659122980101 0.008838981331472635 0.006543052708944912 0.0013114343488854171 0.0075656965628480748 -0.0017332515641952173 0.00034468182315266349 -0.00032346286608611201 -0.0023912853692644371 0.0028340697387116186 0.0035475716254035855 -0.0039194738668034473 -0.0061933379286005169 -0.00023827430446125183 0.025504938725387106 -9.1954115928733729e-05 -0.0015971592623427887 -0.00059717135537802461 0.00016933315007899798 -3.2142217131655366e-05 0.005357056843117671 0.003033630730489525
leaf_weight=1245 38 53 24 30 27 21 167 25660 191 23 29 244 22 848 4237 88 280 20 36 50 20 2965 25 3867 492 21 19829 268 30 44
leaf_count=1245 38 53 24 30 27 21 167 25660 191 23 29 244 22 848 4237 88 280 20 36 50 20 2965 25 3867 492 21 19829 268 30 44
internal_value=-8.16184e-05 -0.00143117 -0.00178295 0.00403614 -5.04876e-05 -0.00203792 -5.57314e-05 -0.00020094 0.000326401 0.0033497 0.00522012 0.00360806 0.015 3.91925e-05 0.000336057 0.000108026 -0.00203608 0.00148148 -0.00133124 0.00254717 0.0075 0.000138203 -0.000443211 -0.000508437 -0.00249518 0.000248952 0.000363509 0.00285124 0.0116667 0.00141026
internal_weight=60894 1373 1290 83 59521 1266 59483 31527 5867 509 318 273 45 5358 4404 27956 388 108 954 106 56 27568 4411 4386 519 23157 20192 363 51 312
internal_count=60894 1373 1290 83 59521 1266 59483 31527 5867 509 318 273 45 5358 4404 27956 388 108 954 106 56 27568 4411 4386 519 23157 20192 363 51 312
cat_boundaries=0 1
cat_threshold=1
is_linear=0
shrinkage=0.05


Tree=271
num_leaves=31
num_cat=3
split_feature=18 0 20 21 3 21 4 0 16 11 5 16 19 4 17 12 20 12 20 14 19 16 20 19 0 11 18 18 13 12
split_gain=0.984547 1.01575 0.969354 0.685601 0.794061 1.01884 1.0614 0.671372 0.724749 0.682538 0.641709 0.751439 0.964599 0.707042 0.954023 0.944837 1.50524 1.45478 1.58889 1.16536 1.1329 1.02697 2.14469 1.00311 1.68295 1.25048 1.51844 1.25346 1.06906 1.80243
threshold=0.075026567186903079 0 0.74679248621259686 7.3142198319787717 3.5000000000000004 7.0904933289280381 7.5000000000000009 1 0.033163987312117678 6.576190629359485 1.0000000180025095e-35 0.54460740460303125 6.8973898855664819 4.5000000000000009 0.72265165861840408 5.2075717157724162 0.21081010517075396 5.3085151609053911 0.19850062017738795 6.5368363466432973 5.2764588039071203 0.25576970435384078 0.22527459634459646 4.1424230842610088 2 3.9787461999340556 0.14225906296648486 0.33761116690489307 4.615615321433844 4.8422165646651107
decision_type=10 1 8 8 2 10 2 1 8 10 2 8 10 2 10 10 10 10 10 10 10 10 10 10 1 10 10 10 8 10
left_child=1 3 -3 4 -1 -6 -7 8 -2 -10 13 12 -12 14 -9 23 17 18 -17 20 -19 -18 -23 25 28 -15 -27 -28 29 -25
right_child=7 2 -4 -5 5 6 -8 10 9 -11 11 -13 -14 15 -16 16 21 19 -20 -21 -22 22 -24 24 -26 26 27 -29 -30 -31
leaf_value=-0.00078619381231528624 0.0033715973296819823 -0.0013018296185847843 0.001286011193202494 -0.0034679070045412473 -0.0013275744425765644 0.00048150323047587394 0.0011175343154718152 -0.0045269781862061305 -0.00024636144516338891 0.010248996012730972 -0.00024331160820639737 -0.0047825538652095075 0.0047967913122648016 -4.5385914567464207e-05 0.00018619921111534464 0.004102364461186783 -0.00082878439070291604 0.0040810737828654194 0.0070368831489890961 0.0055386343167200241 -9.6362301880484291e-06 0.0037172060224901051 0.0006145787117180202 0.00071081740659749296 -0.00097377121674743566 -0.0040945558377352516 0.0014851078633059858 -0.00072260069219635351 -0.00020825430025011384 0.0034377861543057452
leaf_weight=129 28 198 388 565 24 32 25 83 8250 23 6332 168 24 19926 12336 55 756 34 26 26 224 30 452 1127 4628 170 1380 293 3220 38
leaf_count=129 28 198 388 565 24 32 25 83 8250 23 6332 168 24 19926 12336 55 756 34 26 26 224 30 452 1127 4628 170 1380 293 3220 38
internal_value=-0.000143467 -0.00147318 0.000117448 -0.00264331 -0.000238096 0.00364197 0.0072807 -0.000113117 -0.000530022 -0.00055784 -4.55815e-05 -0.000508891 -0.00042165 2.18719e-05 0.000342619 -0.000101128 0.00108234 0.00390411 0.00981481 0.00221831 0.00120155 0.000250403 0.00205394 -0.000162759 -0.000606348 2.09001e-05 0.00126695 0.00172445 9.66996e-05 0.00139485
internal_weight=60990 1361 586 775 210 81 57 59629 8301 8273 51328 6524 6356 44804 12419 32385 1603 365 81 284 258 1238 482 30782 9013 21769 1843 1673 4385 1165
internal_count=60990 1361 586 775 210 81 57 59629 8301 8273 51328 6524 6356 44804 12419 32385 1603 365 81 284 258 1238 482 30782 9013 21769 1843 1673 4385 1165
cat_boundaries=0 1 2 3
cat_threshold=39574 2240 17667
is_linear=0
shrinkage=0.05


Tree=272
num_leaves=31
num_cat=1
split_feature=16 1 11 11 14 17 20 18 10 17 4 10 4 15 18 15 17 10 20 20 16 14 8 20 14 11 20 18 20 14
split_gain=0.997529 0.924234 1.23191 1.36284 0.609277 0.649132 0.574833 0.636891 0.997518 1.02473 0.766653 1.23789 0.871204 0.704503 1.00992 1.29864 0.945486 1.26529 0.757616 0.740505 0.904518 0.931035 0.687533 0.582453 0.568734 0.667698 0.507751 0.503882 0.489609 0.467025
threshold=0.060240719854579274 0 4.1359659174242056 4.3181543361532002 3.0610489973715933 0.38982304423899722 0.1334870210937267 0.083732771817098886 3.1591235665908397 4.4134370990528575 9.5000000000000018 4.3247944697202341 4.5000000000000009 3.2786594398700153 0.12948847067967806 2.8377565993869736 4.158772239505665 4.3573494417676164 0.17150460953679933 0.25473385017476302 0.048305358276157256 5.13078585153833 4.5000000000000009 0.18036293831814498 4.4170315617662324 4.2231771657130812 0.22310102463233586 0.17675397859692041 0.33282533689406946 5.1558893318666792
decision_type=10 1 8 8 8 10 8 10 8 8 2 8 2 8 10 10 10 8 10 10 10 10 2 10 10 10 10 10 10 8
left_child=1 4 28 -4 5 -1 -5 8 -8 -10 12 -12 -11 14 -9 23 -15 -18 -19 20 21 22 27 -16 -6 -26 -22 -20 -3 -2
right_child=29 2 3 6 24 -7 7 13 9 10 11 -13 -14 16 15 -17 17 18 19 -21 26 -23 -24 -25 25 -27 -28 -29 -30 -31
leaf_value=-0.0046923044605289713 -4.1650981286469273e-05 -0.0016633870396762325 0.0030360353386001946 -0.0015693338784082416 -0.0033639788131459114 0.00048712262941561467 -0.011670741932729581 -0.0015048343560748094 0.0076046144955424465 0.0075201864257147619 -0.018342566172639786 0.0064324120719526203 -7.9629571676631319e-05 -0.0030624794466824956 0.0029910654272758729 0.0058616668999828068 0.002891554339810443 -0.0023052227517584151 -0.00017749987932064328 -0.00096674567656838864 -0.0010647953646041616 -0.00070389293922003379 0.0052002434260909353 -0.0023014422659215056 0.0020711675291063981 -0.0025209727731474716 0.0041034080137255773 0.012177531038491382 0.0021264079459034457 0.00010912030792396414
leaf_weight=59 40097 403 32 99 759 277 47 25 22 50 20 75 270 187 28 20 20 123 31 216 61 58 26 25 35 33 20 59 20 17708
leaf_count=59 40097 403 32 99 759 277 47 25 22 50 20 75 270 187 28 20 20 123 31 216 61 58 26 25 35 33 20 59 20 17708
internal_value=-4.5564e-05 -0.000919356 -0.000250388 0.000416115 -0.00203354 -0.000238096 0.00019568 0.000459146 0.00192149 0.0026659 0.00210843 0.00605263 0.000937499 -0.000328144 0.00367347 0.00664383 -0.000817729 0.000130292 -0.000286196 0.000626326 0.00245098 0.00448276 0.00706896 0.00254717 -0.002763 0.00161765 -0.00191358 0.005 -0.00263593 1.29627e-06
internal_weight=60905 3100 1937 1514 1163 336 1482 1383 484 437 415 95 320 899 98 73 801 614 594 471 255 174 116 53 827 68 81 90 423 57805
internal_count=60905 3100 1937 1514 1163 336 1482 1383 484 437 415 95 320 899 98 73 801 614 594 471 255 174 116 53 827 68 81 90 423 57805
cat_boundaries=0 1
cat_threshold=4
is_linear=0
shrinkage=0.05


Tree=273
num_leaves=31
num_cat=7
split_feature=15 0 1 4 8 0 3 1 0 18 6 0 4 4 20 18 4 17 15 19 20 0 18 4 3 13 13 20 18 18
split_gain=0.774768 1.11883 0.826521 0.800401 0.971669 1.12194 0.961803 1.71512 0.733111 0.725484 1.14966 0.674643 1.47161 1.35778 1.88909 1.83758 1.17127 1.36881 1.17031 1.23878 1.1284 1.23673 1.12476 1.76192 1.63559 1.38144 1.10658 0.947667 0.972222 0.887782
threshold=6.8714462753740619 0 1 10.500000000000002 3.5000000000000004 2 5.5000000000000009 3 4 0.44388055589350456 1.0000000180025095e-35 5 7.5000000000000009 3.5000000000000004 0.16125403302618171 0.16424689071167567 11.500000000000002 2.8138908115741263 4.0063110170308454 3.7190135707104841 0.23994689228199076 6 0.20185239069713845 5.5000000000000009 1.0000000180025095e-35 4.0664589915953142 3.1112881340356844 0.17988452337866442 0.20372994569372693 0.18362755262131791
decision_type=8 1 1 2 2 1 2 1 1 10 2 1 2 2 10 10 2 10 10 10 10 1 10 2 2 8 10 10 10 10
left_child=11 3 -3 4 5 6 7 -2 -4 -7 -11 -1 13 14 15 -13 -14 27 19 -17 21 -15 23 26 25 -25 -22 -18 -29 -16
right_child=1 2 8 -5 -6 9 -8 -9 -10 10 -12 12 16 20 29 18 17 -19 -20 -21 22 -23 -24 24 -26 -27 -28 28 -30 -31
leaf_value=3.4474262633341252e-05 -0.0017863573761745495 -0.019920259807903747 -0.0094044736710876334 -0.0045013593796541344 -0.0012303396544266687 -0.00019931363117925427 0.0044733856420067835 0.003910590937634858 -9.3318532970102788e-05 -0.0030986644020458269 0.010721769178305245 0.00044994396644896086 0.0001886781820189606 -0.0018089318317640408 -0.00045435184949820954 0.0026775629106880294 -0.0016761962389260526 -0.0014676765268026198 -0.0021485281597871915 0.0074070188917370276 0.0019341915849696821 -0.00091029902851317277 -0.00063996786660993894 0.0027910300386801367 -0.0021588826349783156 -0.0023106291129959436 0.008277682555674612 0.0021123013562322109 -0.0019373033838721487 9.6920097335926347e-05
leaf_weight=35199 61 451 143 66 180 427 22 55 506 21 28 523 9062 1811 1691 137 78 1123 26 20 152 3969 2108 31 242 20 38 280 80 2521
leaf_count=35199 61 451 143 66 180 427 22 55 506 21 28 523 9062 1811 1691 137 78 1123 26 20 152 3969 2108 31 242 20 38 280 80 2521
internal_value=-9.34171e-05 -0.00107143 -0.00211712 0.000287355 0.000730477 0.00167752 0.00547297 0.00405172 -0.000993838 0.000452674 0.00622449 -6.09881e-05 -0.000265865 -0.000616677 4.26991e-05 0.00243626 0.000172737 -0.00109225 0.00674863 0.00837579 -0.00100406 -0.00139273 -0.000137014 0.00203934 -0.000392493 0.0077451 0.00578947 0.00127854 0.00236111 -0.000358501
internal_weight=61071 1960 1100 860 794 614 138 116 649 476 49 59111 23912 13289 4918 706 10623 1561 183 157 8371 5780 2591 483 293 51 190 438 360 4212
internal_count=61071 1960 1100 860 794 614 138 116 649 476 49 59111 23912 13289 4918 706 10623 1561 183 157 8371 5780 2591 483 293 51 190 438 360 4212
cat_boundaries=0 1 2 3 4 5 6 7
cat_threshold=19625 4 16393 1 33300 64258 168
is_linear=0
shrinkage=0.05


Tree=274
num_leaves=31
num_cat=2
split_feature=15 0 19 19 22 22 3 12 4 12 20 22 3 18 4 20 20 17 10 10 10 3 0 19 16 16 22 18 22 16
split_gain=1.39206 0.780069 0.766956 0.652385 1.1458 1.14355 1.79259 0.867506 1.17513 1.78455 1.21362 0.820039 0.989843 0.768182 0.686459 0.940711 1.05814 1.65806 1.18369 1.05946 2.17778 1.1033 1.04952 0.73501 0.681818 0.659466 0.64842 1.92102 0.814252 1.08709
threshold=6.8714462753740619 0 3.5902571650531945 6.4685105199238286 7.8128118534980784 7.4716973985623012 2.5000000000000004 6.7056389075909655 7.5000000000000009 6.576190629359485 0.23575218616614071 7.3138938179872799 3.5000000000000004 0.30940750373250603 3.5000000000000004 0.24160776167348494 0.23784109553745092 3.1546839245066978 3.4547369007380513 4.3340172004915063 4.6086639511127609 1.0000000180025095e-35 1 2.9347786018053079 0.22900303648678474 0.033163987312117678 7.6164412619675632 0.13157786646847522 7.713974606023581 0.24121894790652185
decision_type=8 1 10 10 8 10 2 10 2 10 10 10 2 10 2 10 10 10 8 8 8 2 1 10 10 10 10 10 10 10
left_child=3 -2 -3 14 5 7 -7 8 10 11 -5 12 13 24 15 16 25 -18 -19 -20 -21 -22 -17 -24 -10 -1 -27 -28 29 -29
right_child=1 2 -4 4 -6 6 -8 -9 9 -11 -12 -13 -14 -15 -16 22 17 18 19 20 21 -23 23 -25 -26 26 27 28 -30 -31
leaf_value=0.0026696182920136458 -0.00021626688670774399 -0.010350307324083098 -0.00014628417440885343 0.001337986154915218 -0.0014060995422868657 0.0029493739584960416 0.0011331920327214303 -0.00091998583942347941 0.0044098422251716935 0.0029792292524330735 -0.0019293201943392454 -0.0016790561265394169 -0.00061613802403391908 0.0042259638581940377 -7.3892013897678191e-05 -0.0062075423485530457 -0.0033588137736652564 0.0073946896672383022 -0.00083070475305529849 0.0053791064807742969 0.0067593285894518452 0.00092123608811576401 0.0011552388846889125 -0.00072772247621571149 0.0073879845205812008 0.00013252063582811058 0.005623352557902782 0.0029171679943741282 -0.0029334603799493798 -0.001034968719605696
leaf_weight=62 793 765 342 31 242 24 30 108 24 29 80 31 31 36 44986 188 49 21 60 27 25 110 245 1390 20 10928 23 103 39 31
leaf_count=62 793 765 342 31 242 24 30 108 24 29 80 31 31 36 44986 188 49 21 60 27 25 110 245 1390 20 10928 23 103 39 31
internal_value=-8.89569e-05 -0.00142105 -0.00226947 -4.60392e-05 0.00148688 0.00299549 0.00981481 0.00205128 0.00351064 0.00611111 -0.000495497 0.00380282 0.00581081 0.00875 -6.40807e-05 0.000251484 0.000419061 0.00339041 0.0050823 0.00400901 0.00611111 0.00351852 -0.000803622 -0.00037994 0.0131818 0.000341497 0.000312836 0.00316326 0.00135838 0.00320895
internal_weight=60873 1900 1107 58973 686 444 54 390 282 171 111 142 111 80 58287 13301 11478 292 243 222 162 135 1823 1635 44 11186 11124 196 173 134
internal_count=60873 1900 1107 58973 686 444 54 390 282 171 111 142 111 80 58287 13301 11478 292 243 222 162 135 1823 1635 44 11186 11124 196 173 134
cat_boundaries=0 1 2
cat_threshold=17577 22
is_linear=0
shrinkage=0.05


Tree=275
num_leaves=31
num_cat=3
split_feature=16 0 19 15 10 20 1 22 4 18 10 19 20 3 22 0 20 20 8 18 12 3 20 12 4 18 18 20 20 20
split_gain=1.01382 1.24945 0.874414 1.20899 1.12235 0.932358 1.32623 1.10036 0.88604 0.87061 0.865887 0.75803 0.702781 0.992847 0.936028 1.29749 0.912356 1.39818 1.51964 0.686434 0.656418 1.50008 0.738796 0.575979 0.54335 0.59196 0.581897 1.13778 0.644003 1.27405
threshold=0.060240719854579274 0 4.0395367579297421 3.5434477597917606 3.3050518377464333 0.17044525160913074 1 7.0560916903112956 2.5000000000000004 0.44388055589350456 4.8732870298266375 4.3261824865251084 0.33934841540469468 4.5000000000000009 7.8298015162687227 2 0.23271262531457168 0.31442048973412534 1.5000000000000002 0.12844594467349613 0.50031594015395309 5.5000000000000009 0.075384356921519874 4.3074375509485252 8.5000000000000018 0.36627613582909252 0.22060641972206246 0.36257150575749592 0.19730220605533069 0.18316000845153305
decision_type=10 1 8 8 8 8 1 10 2 10 8 8 10 2 8 1 8 8 2 10 8 2 10 10 2 10 10 10 10 10
left_child=1 19 3 8 -4 -6 7 23 -3 11 -9 -8 13 14 -13 -16 -17 -18 -19 -1 21 22 -10 -7 25 26 28 -28 29 -21
right_child=-2 2 4 -5 5 6 9 10 20 -11 -12 12 -14 -15 15 16 17 18 -20 24 -22 -23 -24 -25 -26 -27 27 -29 -30 -31
leaf_value=-0.0036889874482991824 -2.2509614262096223e-05 0.0026523121755198439 -0.069666952092199572 -0.0066368613052832483 -0.0013853902318774478 0.0011067179059367918 0.0058743819225189793 0.0021537444350511951 -0.00077100243909664383 0.0028350234795173784 -0.00097492581416278815 -0.0071535416946305096 -0.0038595402987696621 -0.00096311923614340173 -0.00045537072563051507 0.012385247245078347 -0.00067466298447891411 0.0018772521275000594 0.0068284357680265867 -0.00015074679495431209 -0.00030330878443935523 0.00058533075792928401 0.00080285543563216153 0.0049757826776343009 -0.0035518397025590225 -0.010489051249980241 0.011709450919475783 -0.0037953215777235187 -0.0030627683383165913 0.0040618054755984017
leaf_weight=460 57774 67 86 393 250 53 20 23 52 38 64 75 93 197 148 36 55 94 23 110 332 20 40 23 131 50 20 25 79 27
leaf_count=460 57774 67 86 393 250 53 20 23 52 38 64 75 93 197 148 36 55 94 23 110 332 20 40 23 131 50 20 25 79 27
internal_value=-9.59623e-05 -0.000979249 -0.000323906 -0.00151549 0.000516431 0.000914428 0.00163482 0.0057362 8.80614e-05 0.000776636 0.00189655 0.000398109 0.00013176 0.000732483 0.00207656 0.00314607 0.00555046 0.00430232 0.00739316 -0.0025329 -0.000720722 0.00258928 -0.000108697 0.0101316 -0.00115385 -1.60784e-05 0.000938696 0.00611111 -0.00013889 0.00193431
internal_weight=60858 3084 2182 904 1278 1192 942 163 511 779 87 741 721 628 431 356 208 172 117 902 444 112 92 76 442 311 261 45 216 137
internal_count=60858 3084 2182 904 1278 1192 942 163 511 779 87 741 721 628 431 356 208 172 117 902 444 112 92 76 442 311 261 45 216 137
cat_boundaries=0 1 2 3
cat_threshold=39436 2 24658
is_linear=0
shrinkage=0.05


Tree=276
num_leaves=31
num_cat=2
split_feature=16 10 19 14 18 0 18 18 0 11 17 22 19 19 3 22 15 10 18 16 3 16 13 14 12 16 22 17 11 3
split_gain=0.880932 1.12509 1.03542 0.99864 1.59091 1.19627 1.31803 0.687972 0.683478 0.77258 1.05559 1.37717 0.96907 0.934084 1.07209 1.20317 1.87329 1.92857 0.95482 0.847591 1.20713 1.36903 1.05686 0.951452 0.882005 0.694444 0.670865 0.665349 1.41309 1.29129
threshold=0.033163987312117678 4.2231771657130812 4.0868260004448809 4.942713213971726 0.2311501846349146 0 0.32682788363447385 0.063548617724958581 1 2.1459141833778665 2.5306386404159005 7.0286742025408255 2.5104604993704522 1.5262132077423278 5.5000000000000009 7.7539231484427225 0.95078470657871428 1.638949582658831 0.15609172459233256 0.1307557319450974 1.0000000180025095e-35 0.11146315110279305 1.9530024665512917 1.7316163862908043 1.4468497739944199 0.15509560754715032 7.3793419050083164 4.0961710432832144 3.9693476262081879 3.5000000000000004
decision_type=10 8 8 8 8 1 8 8 1 10 10 8 10 10 2 8 10 8 10 10 2 10 8 10 10 10 8 10 10 2
left_child=1 -1 7 4 -4 -5 -7 -3 9 13 11 12 -11 14 15 16 25 -18 -17 20 21 22 23 -15 -23 -2 -9 28 -10 -29
right_child=8 2 3 5 -6 6 -8 26 27 10 -12 -13 -14 19 -16 18 17 -19 -20 -21 -22 24 -24 -25 -26 -27 -28 29 -30 -31
leaf_value=-0.0034013681162784605 0.0095515360822932462 0.0041420346519663335 0.0044657592672708701 -0.0018233483808329804 -0.0042422397052802726 -0.00079692652661774431 0.0021783018306803289 0.00231623935431071 6.220720720504927e-05 0.00058045581213789276 -0.00022194865805426329 0.00045499926296196528 0.001576972218406941 -0.00021701352370254417 -0.0041987945777760636 0.0019601389909323251 0.0065359681681630925 0.051343649862510381 -0.00081817045488850524 -0.0012642104080749408 -0.00022082113413405906 0.0029042113545952042 -0.000703156405894988 0.0035346923276977846 0.0034013252720139042 -0.012525885477699653 -0.0067318207726786627 0.00011834083607864068 0.0011780562152697155 -0.00041107715281631411
leaf_weight=390 20 39 45 300 21 310 397 25 28122 31 2799 897 26 21 53 91 21 21 106 2129 835 20 71 20 31 25 415 12394 2416 8637
leaf_count=390 20 39 45 300 21 310 397 25 28122 31 2799 897 26 21 53 91 21 21 106 2129 835 20 71 20 31 25 415 12394 2416 8637
internal_value=-1.301e-05 -0.00106076 -0.000457475 0.000405404 0.00636364 1.48945e-05 0.00113668 -0.0023904 2.16026e-05 -0.000433791 6.26154e-05 0.00149895 0.00903509 -0.000972865 0.00152819 0.00274648 0.00764368 0.0152381 0.000583755 -0.00124241 -4.00814e-05 0.0038957 0.00080357 0.00719512 0.0106863 0.000555554 -0.00295455 8.54018e-05 0.000234461 -0.000130998
internal_weight=60728 1942 1552 1073 66 1007 707 479 58786 7217 3753 954 57 3464 337 284 87 42 197 3127 998 163 112 41 51 45 440 51569 30538 21031
internal_count=60728 1942 1552 1073 66 1007 707 479 58786 7217 3753 954 57 3464 337 284 87 42 197 3127 998 163 112 41 51 45 440 51569 30538 21031
cat_boundaries=0 1 2
cat_threshold=10900 193
is_linear=0
shrinkage=0.05


Tree=277
num_leaves=31
num_cat=4
split_feature=15 0 16 20 22 16 16 0 22 20 22 12 0 20 0 22 16 17 22 17 20 4 12 22 4 20 3 13 12 12
split_gain=1.06558 1.16156 1.89457 0.831083 0.861347 1.21131 4.22231 0.831033 1.342 0.820215 0.804742 0.804762 0.703659 0.755845 0.995381 1.55714 2.44864 3.55032 1.41232 1.3676 1.18258 1.79326 2.18136 1.11221 1.15901 1.57918 2.38782 1.11566 1.11364 1.10139
threshold=2.015405756877946 0 0.13565292845310103 0.2463252880771851 7.5568597874269337 0.15978141030228932 0.22439293054928017 1 7.1345285928811171 0.15633066921988018 7.2381598430909628 1.8945885877146502 2 0.16193163050410544 3 7.3757572569444241 0.093014923718650749 4.3809986435628465 6.9640298977886435 3.0431079179396279 0.14250100601520646 10.500000000000002 4.2420456599555605 7.8245625345908385 2.5000000000000004 0.14141919676553347 3.5000000000000004 2.6210322124986196 2.7311101689089869 3.2168718141694317
decision_type=10 1 8 10 10 10 10 1 8 8 10 8 1 10 1 10 10 10 8 10 10 2 10 10 2 10 2 10 10 10
left_child=1 2 10 9 7 -6 -7 8 -5 -3 11 -1 -2 14 15 16 17 -14 -18 -17 21 22 -20 24 25 -16 -27 28 -28 -29
right_child=12 3 -4 4 5 6 -8 -9 -10 -11 -12 -13 13 -15 23 19 18 -19 20 -21 -22 -23 -24 -25 -26 26 27 29 -30 -31
leaf_value=0.0030875739599326634 0.00015710786705806201 -0.00011088121659331452 1.3560546318897653e-05 0.055465619326819753 -0.0027672067810714891 0.0053399952785724292 0.00061501927137806473 -0.00098708234413339216 0.0012150904143515729 -0.0012262542380001656 0.0037418757045989599 0.0014043846877909651 0.0058731851544575062 -7.8498933211522089e-05 -0.0014862293171846231 0.0014736519151545911 -0.0042589140196102908 -0.001264571685226803 0.006838320059861739 2.9542798234037808e-05 0.0016117423137611859 0.0014351941029574411 0.00087808496836788924 0.0011193618848772608 -0.00052500632505222749 -4.1537233295797081e-05 0.0086480709473000586 -0.0021083523385001975 0.0032603432855137157 0.0088247114677278363
leaf_weight=21 19270 1273 2121 22 54 33 182 567 383 2637 43 35 42 29697 150 23 93 24 30 1229 424 55 28 209 2096 104 22 27 22 28
leaf_count=21 19270 1273 2121 22 54 33 182 567 383 2637 43 35 42 29697 150 23 93 24 30 1229 424 55 28 209 2096 104 22 27 22 28
internal_value=-3.39668e-05 -0.000597613 0.000358743 -0.00100853 0.00011684 0.00262082 0.00430232 -0.000576133 0.00114458 -0.00136829 0.00712121 0.0110714 4.35842e-05 -9.22403e-05 0.00050369 0.00135853 0.00326149 0.0124242 0.00230159 0.0003115 0.00328678 0.00783186 0.0139655 -0.000127437 -0.000426706 0.00222379 0.00509852 0.0106566 0.0165909 0.00590909
internal_weight=60944 7371 2220 5151 1241 269 215 972 405 3910 99 56 53573 34303 4606 1948 696 66 630 1252 537 113 58 2658 2449 353 203 99 44 55
internal_count=60944 7371 2220 5151 1241 269 215 972 405 3910 99 56 53573 34303 4606 1948 696 66 630 1252 537 113 58 2658 2449 353 203 99 44 55
cat_boundaries=0 1 2 3 4
cat_threshold=18187 2272 18758 36888
is_linear=0
shrinkage=0.05


Tree=278
num_leaves=31
num_cat=0
split_feature=16 22 3 11 13 2 21 10 12 16 19 10 12 13 12 21 22 11 21 19 11 21 4 19 16 16 21 22 10 4
split_gain=1.17612 0.717707 0.729146 0.560606 0.760621 0.555532 0.548237 0.830435 0.779157 0.711877 0.580587 0.563587 0.53605 0.868458 1.28966 1.17096 1.03265 1.02079 0.983282 0.826818 1.33232 1.10156 0.965811 0.941166 0.894697 0.880325 1.47632 1.08924 1.08425 0.887846
threshold=0.060240719854579274 6.8051636299120153 5.5000000000000009 3.7506791646028486 5.9558365305154313 2.5000000000000004 7.8166184747281777 4.2605647171188785 4.4254450759737338 0.042200590385709842 6.8973898855664819 3.1884144917545725 2.2565274485401434 3.3826924688452054 3.7220716903991282 7.4835255518698434 7.5366126131751026 2.8535883538621087 7.5334262586520984 4.0286181077874152 3.7506791646028486 7.1933100198054563 8.5000000000000018 3.5764676993771971 0.13358541444737163 0.17250231952573475 6.8559353916022578 6.949962127663512 4.1149635162302234 1.5000000000000002
decision_type=10 8 2 8 8 2 8 10 8 10 8 10 8 10 8 10 10 8 10 10 8 8 2 10 10 10 8 8 8 2
left_child=6 2 -2 -4 -5 12 7 9 -9 -1 -10 -11 -3 -14 -15 17 -17 -16 -18 20 22 23 -19 -22 -21 26 -26 -28 -27 -29
right_child=1 5 3 4 -6 -7 -8 8 10 11 -12 -13 13 14 15 16 18 19 -20 24 21 -23 -24 -25 25 28 27 29 -30 -31
leaf_value=-0.0031980872974153316 -0.0011906541218926442 -0.00030433592295064135 0.0012565106278887735 -0.0025513427347984962 0.00086367972300084432 0.00013664725031817842 -0.00024148424333973208 0.0024443562306631019 -0.00095748634639616307 0.00029913634516834142 0.00082458870670366305 -0.0020179767481976543 0.00010905615287202058 -0.0011108055418573436 0.010755768975779109 -0.0019588909977105826 0.0025611082797042106 0.00019233646468105357 -0.00041618599953724552 -0.00052789979404201754 0.0057649956959300447 0.0013422446844210995 -0.0031175894098599763 -0.0016199644662151795 0.0046479011497575305 -0.0017676456174816248 -0.0033827760528298383 0.0014376473549343189 1.7616385676947897e-05 0.00037901882155119742
leaf_weight=459 588 3591 31 38 34 19027 2042 31 205 190 40 131 15596 2543 22 600 124 643 3253 2155 29 1561 258 221 38 406 121 253 4841 1747
leaf_count=459 588 3591 31 38 34 19027 2042 31 205 190 40 131 15596 2543 22 600 124 643 3253 2155 29 1561 258 221 38 406 121 253 4841 1747
internal_value=-4.83421e-05 2.59756e-06 -0.00159913 0.00228155 -0.00013889 2.20052e-05 -0.000997419 -0.00192235 0.000434781 -0.00275641 -0.000510205 -0.000950157 -8.84176e-05 -2.77539e-05 -0.000256446 -9.27986e-05 -0.000838573 0.000148433 -0.000498965 0.000129144 0.000899704 0.00168139 -0.000671477 -0.0014 -8.9427e-05 0.000171481 0.0010213 0.000846298 -0.000178198 0.001125
internal_weight=60818 57720 691 103 72 57029 3098 1056 276 780 245 321 38002 34411 18815 16272 3977 12295 3377 12273 2712 1811 901 250 9561 7406 2159 2121 5247 2000
internal_count=60818 57720 691 103 72 57029 3098 1056 276 780 245 321 38002 34411 18815 16272 3977 12295 3377 12273 2712 1811 901 250 9561 7406 2159 2121 5247 2000
is_linear=0
shrinkage=0.05


Tree=279
num_leaves=31
num_cat=2
split_feature=17 0 3 22 0 4 15 17 21 10 15 22 17 10 14 15 10 17 2 16 13 13 3 21 14 15 8 10 17 22
split_gain=1.07276 1.2044 0.734398 1.14301 0.661745 0.718968 1.48006 1.1448 1.40917 1.13161 1.02291 0.981952 1.33636 1.2615 1.06877 0.771239 1.52652 1.77358 1.0091 0.815705 0.769558 1.80757 0.765053 0.816548 1.22777 0.761387 1.60231 0.983323 1.20504 1.18162
threshold=0.38982304423899722 0 2.5000000000000004 7.310261908962798 1 8.5000000000000018 1.5060664234458241 3.9797735582337657 7.433370944532375 3.3792910951838295 2.272813328039025 7.6887767437181322 3.8320910867947391 3.9425517400786041 3.8928396664555511 4.4272715656063477 4.3888779169685508 4.3317079059638326 2.5000000000000004 0.16976577500647766 1.9530024665512917 2.1916379270371573 2.5000000000000004 7.47164758321611 4.297965215976812 2.7306723536836066 3.5000000000000004 2.7311101689089869 2.45282209224679 7.7577775806756346
decision_type=10 1 2 10 1 2 8 10 8 8 8 8 10 10 10 10 10 10 2 10 8 8 2 8 10 8 2 10 10 8
left_child=1 2 -1 -4 5 10 -7 9 -9 -8 -2 14 13 20 -11 16 19 18 -18 25 -13 -22 23 24 -21 26 -12 28 -28 -29
right_child=4 -3 3 -5 -6 6 7 8 -10 11 15 12 -14 -15 -16 -17 17 -19 -20 22 21 -23 -24 -25 -26 -27 27 29 -30 -31
leaf_value=-0.00066029741834447236 -0.0015765347523368622 -0.0031861948917612307 0.0007387155764514851 0.011239725385894779 5.7321408851925523e-06 0.0029171009495582738 -0.00027995462690304376 0.0021473049932440188 -0.0021709769369683989 0.0011406223381086498 0.0032426267701769294 -0.0018450626882593965 -0.0080406585197374623 0.0067447654237769786 0.0054410297484194289 -0.0035384240932260259 -0.003242602089868634 0.0075307443718272016 0.0033401009267415914 0.00037889729413970153 0.0044788976172612828 0.00075476381067629333 -0.0017735752112311755 -0.0010180820926805705 0.004708416923787615 -0.00023363601406916322 0.0018426384818617137 0.0042576231165557558 -0.00025919676522801106 -0.0006860887415000499
leaf_weight=155 1201 680 217 22 51660 41 1212 26 301 434 27 80 99 31 32 245 43 57 29 262 34 350 847 559 26 1626 149 28 441 23
leaf_count=155 1201 680 217 22 51660 41 1212 26 301 434 27 80 99 31 32 245 43 57 29 262 34 350 847 559 26 1626 149 28 441 23
internal_value=-8.1807e-05 -0.00164805 0.000569306 0.00232217 -5.37072e-05 -0.000470597 0.000208332 5.96371e-05 -0.00270642 0.000457745 -0.000793638 0.00165094 0.000303029 0.00136364 0.0033691 -0.000437874 -0.000275687 0.00507752 -0.00013889 -0.000448848 0.000711206 0.00164062 -0.00128099 -0.000218419 0.00194444 0.000165648 0.00158683 0.00108424 0.000508473 0.0077451
internal_weight=60937 1074 394 239 59863 8203 2640 2599 327 2272 5563 1060 594 495 466 4362 4117 129 72 3988 464 384 1694 847 288 2294 668 641 590 51
internal_count=60937 1074 394 239 59863 8203 2640 2599 327 2272 5563 1060 594 495 466 4362 4117 129 72 3988 464 384 1694 847 288 2294 668 641 590 51
cat_boundaries=0 1 2
cat_threshold=16713 2240
is_linear=0
shrinkage=0.05


Tree=280
num_leaves=31
num_cat=2
split_feature=15 0 8 4 20 17 17 18 18 0 20 20 15 11 18 18 20 5 3 8 7 21 3 7 3 20 15 10 4 18
split_gain=0.964821 0.96636 1.30755 1.52219 1.19766 2.27273 0.879703 0.812311 0.786618 0.686641 0.735022 1.35074 1.45709 2.21105 0.703943 0.663794 0.864902 0.778686 0.776502 0.734411 0.66186 0.590068 1.05446 0.571221 0.519721 0.517812 0.508787 0.503113 0.467942 1.00104
threshold=6.8714462753740619 0 3.5000000000000004 5.5000000000000009 0.24429961809192768 6.9178878908645638 6.7504783557224748 0.44388055589350456 0.22574665529244506 1 0.23502067271265167 0.25143458123387469 2.5232046155697452 2.1459141833778665 0.19602568087632102 0.1491481961732358 0.20578939231964596 1.0000000180025095e-35 1.0000000180025095e-35 4.5000000000000009 212.50000000000003 8.1623724378548381 3.5000000000000004 3.5000000000000004 4.5000000000000009 0.22574933844885656 2.4804736515058221 2.5915093710922874 1.5000000000000002 0.11290379827155529
decision_type=8 1 2 2 8 8 10 10 10 1 10 10 10 10 10 10 10 2 2 2 10 8 2 10 2 10 10 10 2 10
left_child=6 2 3 4 5 -2 9 23 -8 10 15 12 13 14 -12 16 28 -17 -19 -18 -3 22 -10 -5 -6 -25 -20 -28 29 -1
right_child=1 20 -4 7 24 -7 8 -9 21 -11 11 -13 -14 -15 -16 17 19 18 26 -21 -22 -23 -24 25 -26 -27 27 -29 -30 -31
leaf_value=-0.0015604616623647698 0.00019645648980465887 -0.0027038646640132613 -0.0011822389745183093 -0.0013168904142962824 0.0031332471640324157 0.0074942779291703515 0.0053789028203948923 0.0027793646653116221 0.00065487407647446874 2.1288431147242294e-05 0.0025258699506289558 -0.0033096826544566022 -0.005552568538334645 0.0030226825004976508 -0.0036822306546585911 -0.0012806800976304805 0.0045015521749728121 0.0034155247818213243 -0.0037319980451171334 -0.00034002465051774202 7.7007979518089906e-05 -0.0016182496678361095 0.0079305204703150421 0.0021894473489902813 -0.0018635498953960669 -0.0044879090652449162 0.0019812474899373851 -0.000767617460310364 -0.00016235416803792816 0.0036072406505026815
leaf_weight=40 22 1269 180 197 67 22 23 26 50 57023 20 41 30 24 23 922 22 29 62 26 21 49 24 51 25 25 27 20 633 24
leaf_count=40 22 1269 180 197 67 22 23 26 50 57023 20 41 30 24 23 922 22 29 62 26 21 49 24 51 25 25 27 20 633 24
internal_value=-7.9498e-06 -0.00111549 0.000519999 0.00201149 0.00639706 0.0131818 2.77428e-05 1.67212e-05 0.00390411 1.81449e-05 -0.000903739 0.00260869 0.00582474 0.00992537 0.00313953 -0.00117729 -3.35582e-05 -0.00198113 0.00152174 0.00645833 -0.00188462 0.00231707 0.00513513 -0.000787547 0.00315217 0.00289474 -0.000412845 0.00351064 -0.000480632 0.00359375
internal_weight=61017 1905 615 435 136 44 59112 299 146 58966 1943 138 97 67 43 1805 745 1060 138 48 1290 123 74 273 92 76 109 47 697 64
internal_count=61017 1905 615 435 136 44 59112 299 146 58966 1943 138 97 67 43 1805 745 1060 138 48 1290 123 74 273 92 76 109 47 697 64
cat_boundaries=0 1 2
cat_threshold=19489 128
is_linear=0
shrinkage=0.05


Tree=281
num_leaves=31
num_cat=4
split_feature=19 15 0 19 0 18 1 18 16 3 12 10 18 13 7 10 17 3 19 21 12 16 19 0 21 15 15 16 10 10
split_gain=0.559768 1.04945 1.32431 1.26609 1.57777 2.24138 2.69749 1.14053 1.20795 0.910323 0.884024 0.879265 0.985341 0.782714 0.707011 0.635517 1.09221 0.775584 0.686893 0.601631 0.930044 0.769304 0.729167 0.62563 1.25176 1.10097 1.22654 1.16682 0.953314 1.2964
threshold=4.9742748134897781 4.6874181093742253 0 2.3383409355008915 1 0.14225906296648486 2 0.28521776831708823 0.19514968492497931 5.5000000000000009 2.998226044309511 4.158101222371581 0.10923732894780416 5.8830437593364602 1.0000000180025095e-35 5.0610114511903843 4.8182055855888093 1.5000000000000002 4.6653714657073353 6.840011483758766 5.4781357058826492 0.16637402513808811 5.9477535360787455 3 7.0854828791590796 5.1026355285079807 5.0609166892865858 0.24841938629383864 5.1645001779740367 4.8914762417536783
decision_type=10 8 1 8 1 8 1 8 8 2 10 8 10 10 10 8 10 2 10 8 8 10 10 1 10 8 10 10 8 10
left_child=1 -1 -3 -4 5 -5 9 8 -8 -7 -10 -6 15 19 -12 16 18 -17 -13 20 -2 -22 -23 25 -25 26 -21 -27 29 -29
right_child=13 2 3 4 11 6 7 -9 10 -11 14 12 -14 -15 -16 17 -18 -19 -20 23 21 22 -24 24 -26 27 -28 28 -30 -31
leaf_value=-2.1228834611382241e-05 0.0056745360825456665 -0.0041869018956292954 -0.016623175551954906 0.0054671680313320807 -0.011940221366645546 0.014220542596491526 -0.00091625870386094737 -0.011028075408111024 0.0030063886888813058 0.032922385195066739 -0.0016404992466748831 0.0041702673947434333 -0.00048447535228283279 -0.00042450371317020818 0.0050077945985590568 0.0037524632564669802 0.0022162871596479463 -0.00025759504255983272 -0.0032374138056091776 0.0012557545232588412 0.003788043917815702 -0.0020712152338333472 0.0013514178630100095 0.000488875107620201 -0.0011896453721552606 -3.0679693351361543e-05 0.0037477325459750036 -0.001388730867390128 0.00066070948582806354 0.0033261094596870413
leaf_weight=48571 22 791 185 21 109 27 86 115 29 20 37 27 2488 1577 23 93 22 194 28 619 50 64 20 2253 836 1889 183 22 445 32
leaf_count=48571 22 791 185 21 109 27 86 115 29 20 37 27 2488 1577 23 93 22 194 28 619 50 64 20 2253 836 1889 183 22 445 32
internal_value=-4.74732e-05 -0.000106497 -0.000855647 -0.000432557 -0.000209402 0.00288043 0.00197329 0.000172413 0.00271428 0.0130851 0.00679775 -0.000590711 -0.000424265 0.000341986 0.00333333 0.00200549 0.00603896 0.000923344 0.00227273 0.000586634 0.00365384 0.00208955 -0.000833335 0.00051043 1.61224e-06 0.000999999 0.00260598 0.000464823 0.00261523 0.00888889
internal_weight=60878 52866 4295 3504 3319 358 337 290 175 47 89 2961 2852 8012 60 364 77 287 55 6435 156 134 84 6279 3089 3190 802 2388 499 54
internal_count=60878 52866 4295 3504 3319 358 337 290 175 47 89 2961 2852 8012 60 364 77 287 55 6435 156 134 84 6279 3089 3190 802 2388 499 54
cat_boundaries=0 1 2 3 4
cat_threshold=2588 384 1 16625
is_linear=0
shrinkage=0.05


Tree=282
num_leaves=31
num_cat=4
split_feature=19 10 15 2 22 22 21 0 7 22 0 13 20 22 21 22 22 8 13 8 21 22 20 21 0 22 19 0 18 18
split_gain=0.931255 1.06269 0.980624 0.626087 0.600318 0.543435 0.541494 0.521937 0.489245 0.574882 0.485772 0.497656 0.452115 0.428044 0.690228 1.06333 1.60697 1.17732 1.09094 0.763851 1.36811 1.05624 1.00709 1.39655 0.905534 1.07617 0.778564 1.12858 0.707297 1.16867
threshold=0.84284383274061991 4.42304842926875 0.95078470657871428 1.5000000000000002 7.652573181639684 8.1049945641650982 7.8198371459131737 0 12.500000000000002 7.817154515001401 1 4.1198495226759748 0.30094449431750619 6.8051636299120153 7.0702991178594248 7.1867670576737392 7.1115908693319883 4.5000000000000009 4.8790065624708641 5.5000000000000009 6.9579728820873044 6.9567568975958656 0.14728099724828764 6.999878463891597 2 7.0504592595030253 5.9477535360787455 3 0.14411435333736525 0.16131088046875022
decision_type=10 10 8 2 10 10 8 1 10 10 1 10 8 8 8 8 10 2 10 2 10 10 10 10 1 10 10 1 10 10
left_child=1 2 4 -3 -1 13 -4 12 9 -9 -7 -12 -8 -2 15 16 19 -18 -19 20 26 -21 23 -22 25 -24 27 28 -15 -30
right_child=5 3 6 -5 -6 10 7 8 -10 -11 11 -13 -14 14 -16 -17 17 18 -20 21 22 -23 24 -25 -26 -27 -28 -29 29 -31
leaf_value=-0.0006147707782218517 -0.00057832928379006256 0.0036353129667619647 -0.01699100057929848 0.00053825483119046157 0.0004765462356673996 -0.0016550849999518694 0.011816209165516062 -0.0048448142942030094 0.0017747111981691805 0.0057224611776991426 -0.00068469588641657266 0.00076173395488407308 -0.019543230142485345 0.0049124509907750545 -1.446318769038199e-05 -0.0050419594171480101 0.0083675454460211667 0.00095486307503117032 0.0078782967205686255 -0.00074352624143688654 -0.00020035643258109752 0.00043743275301913839 -0.0030536610920562346 0.0058886111482222879 0.0004336610772077813 0.0013965279642879015 -0.0045076921533129498 0.00080928280901217749 -0.0015834730957366716 0.0028814291772832719
leaf_weight=1446 701 24 215 45 307 298 30 207 112 32 240 39 167 46 52791 114 21 145 24 849 29 1143 211 29 543 77 85 630 37 219
leaf_count=1446 701 24 215 45 307 298 30 207 112 32 240 39 167 46 52791 114 21 145 24 849 29 1143 211 29 543 77 85 630 37 219
internal_value=-4.81476e-05 -0.00097679 -0.00114468 0.00514493 -0.000493441 -6.95148e-06 -0.00264089 -0.00180657 -0.000567868 -0.00186193 -0.0015338 1.72999e-05 -0.00379227 8.31856e-06 2.34227e-05 0.00064017 0.000772993 0.00526316 0.00387574 0.000554129 0.00126967 -0.000130523 -0.000163106 0.0062069 -0.000607703 -0.00281879 0.00252212 0.00293991 0.00541667 0.00457031
internal_weight=60856 2585 2516 69 1753 58271 763 548 351 239 577 279 197 57694 56993 4202 4088 190 169 3898 1906 1992 889 58 831 288 1017 932 302 256
internal_count=60856 2585 2516 69 1753 58271 763 548 351 239 577 279 197 57694 56993 4202 4088 190 169 3898 1906 1992 889 58 831 288 1017 932 302 256
cat_boundaries=0 1 2 3 4
cat_threshold=2580 1095 52226 51460
is_linear=0
shrinkage=0.05


Tree=283
num_leaves=31
num_cat=3
split_feature=17 0 22 11 10 18 14 1 22 10 7 0 6 15 17 11 22 13 18 22 12 20 18 20 14 20 22 20 12 12
split_gain=0.839716 1.08789 0.774321 0.441164 0.437943 0.863236 0.567881 0.436319 0.788561 0.75941 0.866162 0.407616 0.913708 1.08457 0.836334 1.09157 0.96932 0.866688 0.912954 0.839008 0.799212 0.748884 2.13066 1.07154 0.616997 0.634783 1.32488 0.914502 0.741521 1.0061
threshold=0.38982304423899722 0 7.7866676176211103 4.426641248793044 0.37096867236468872 0.090109003326218615 1.0000000180025095e-35 1 7.9024391682957491 4.3340172004915063 26.500000000000004 2 1.0000000180025095e-35 1.4089773654025259 2.5306386404159005 2.1459141833778665 7.0335327081261996 2.1222436103259104 0.12111998756154095 7.3535830043370618 2.4024201905583298 0.15988533686105186 0.18201577956005724 0.15633066921988018 2.7047057070268123 0.19635060602394208 7.0664970724375769 0.15237931488301329 2.1101948345363803 2.2565274485401434
decision_type=10 1 8 10 8 10 10 1 8 8 10 1 2 8 10 10 8 8 10 8 10 10 10 10 10 10 10 10 10 10
left_child=1 2 -1 4 5 -3 -7 8 -4 -9 -11 12 13 -2 15 -15 20 19 -19 -18 -17 22 23 -16 25 26 27 -20 -29 -30
right_child=11 3 7 -5 -6 6 -8 9 -10 10 -12 -13 -14 14 21 16 17 18 24 -21 -22 -23 -24 -25 -26 -27 -28 28 29 -31
leaf_value=-0.0084944583426794281 0.044107425006452941 -0.0022162736950687282 0.0089856663795157849 0.00090092884264629319 -0.0054101438409292655 0.0019601891470480957 -0.0007352736198999153 -0.01852088439173475 -0.0008874632549894818 0.004048211665358804 -0.0024781891088374777 -4.2345534716709123e-06 -0.001036103666263643 -0.00016717191026799529 -0.00039113267674642364 0.0017496475198476046 0.00099394100847266281 0.0026300338287085123 -0.0021414811958950595 0.0031220204270001068 0.0018705268164003999 -0.00098533095834793831 0.0076947160925544588 0.00290697870976071 0.003836633561249839 -0.002067758287303692 -0.0015293966000062766 0.0029894623899115241 -0.0018831094601836813 0.0022565366142024471
leaf_weight=78 37 47 23 21 584 23 38 23 106 126 28 55574 1446 836 286 21 23 32 20 60 29 919 25 34 28 187 95 30 22 60
leaf_count=78 37 47 23 21 584 23 38 23 106 126 28 55574 1446 836 286 21 23 32 20 60 29 919 25 34 28 187 95 30 22 60
internal_value=-7.40223e-05 -0.00144485 0.000710659 -0.00257953 -0.00283237 9.25914e-05 0.00401639 0.00186274 -0.000348838 0.00347458 0.00474026 -4.886e-05 -0.000523811 1.09318e-05 -0.000105284 0.000717255 0.00233114 0.00173249 0.000907172 0.00644578 0.009 -0.0010443 0.000942028 -0.000156251 0.000316741 -0.000169083 0.00160793 0.00484848 0.00660714 0.00414634
internal_weight=60861 1097 384 713 692 108 61 306 129 177 154 59764 4190 2744 2707 1443 607 557 474 83 50 1264 345 320 442 414 227 132 112 82
internal_count=60861 1097 384 713 692 108 61 306 129 177 154 59764 4190 2744 2707 1443 607 557 474 83 50 1264 345 320 442 414 227 132 112 82
cat_boundaries=0 1 2 3
cat_threshold=16809 4 192
is_linear=0
shrinkage=0.05


Tree=284
num_leaves=31
num_cat=1
split_feature=18 1 10 4 4 22 21 18 22 16 21 21 16 16 20 20 20 18 18 15 13 8 20 18 13 13 16 20 2 18
split_gain=1.14403 0.966312 1.37001 0.949834 0.638969 1.30614 2.7014 1.26886 1.37835 1.54411 1.18592 1.03603 1.14584 1.04837 1.19589 1.69011 1.0147 1.8543 0.976621 0.976 0.964286 0.789191 0.758587 0.737765 0.748691 1.55786 0.707937 0.877477 1.20794 0.667485
threshold=1.0000000180025095e-35 0 4.4914412637342096 9.5000000000000018 4.5000000000000009 7.4856669195115328 7.5128905449542938 0.29772930221405935 7.3367643333817103 0.30536158441184891 7.4924816717705616 7.4280360173618503 0.089136910814750711 0.1307557319450974 0.17593174788614133 0.16769247503786797 0.21646737977512179 0.24047043704815643 0.24047043704815643 1.0131368810475263 4.629374755591936 6.5000000000000009 0.19432323993358555 0.44388055589350456 4.4254450759737338 4.0315818468248299 0.49189434376591595 0.39471388743317015 1.5000000000000002 0.26053812731586862
decision_type=10 1 8 2 2 10 8 10 10 10 10 10 10 10 10 10 10 10 10 8 8 2 10 10 10 10 8 10 2 10
left_child=1 -1 -3 -4 5 7 11 10 23 -10 19 22 -13 -14 15 -15 17 -8 -16 -2 -11 29 -7 24 25 26 27 -9 -29 -21
right_child=4 2 3 -5 -6 6 16 8 9 20 -12 12 13 14 18 -17 -18 -19 -20 21 -22 -23 -24 -25 -26 -27 -28 28 -30 -31
leaf_value=-0.011023362371701062 -0.0029021967774514011 -0.017111020085570267 -0.0001447882376898419 0.0055394143515642858 -8.2056236180541028e-05 0.0027060336464102067 0.00057516575868637218 -0.0011453299197361391 -0.0016216354279117386 0.0075914812906842898 -0.0036742911881030671 0.0033042123437480538 -0.0011191156704255406 0.00050627794503398007 7.7848620887687351e-05 0.0042951606836462326 -0.0012892829853216035 0.0069706016205042798 0.0037444539138052099 6.511518301820411e-05 0.0029679582362445458 0.003768688394148176 0.014376940908800645 -0.00079232315538050289 -0.00049296566598994705 0.006654904922460664 0.0055146890205346197 -0.0010118640436235597 0.0097241708647053601 -0.00076388408179410062
leaf_weight=373 181 124 309 71 41818 27 702 123 29 35 222 37 44 37 125 20 425 33 20 14754 25 20 26 350 71 23 25 24 51 726
leaf_count=373 181 124 309 71 41818 27 702 123 29 35 222 37 44 37 125 20 425 33 20 14754 25 20 26 350 71 23 25 24 51 726
internal_value=-7.14885e-05 -0.00186431 -0.000436509 0.00105263 -4.52716e-05 0.000202422 0.00161765 7.53335e-05 0.00207672 0.00792135 -1.98088e-05 0.00556547 0.00436396 0.00313008 0.00465346 0.0107895 0.000474137 0.00159864 0.00224138 3.15657e-05 0.0125 7.41924e-05 0.0119811 0.00129685 0.00304416 0.00434959 0.00307175 0.00207071 0.00633333 6.13683e-05
internal_weight=60850 877 504 380 59973 18155 1496 16659 756 89 15903 336 283 246 202 57 1160 735 145 15681 60 15500 53 667 317 246 223 198 75 15480
internal_count=60850 877 504 380 59973 18155 1496 16659 756 89 15903 336 283 246 202 57 1160 735 145 15681 60 15500 53 667 317 246 223 198 75 15480
cat_boundaries=0 1
cat_threshold=4
is_linear=0
shrinkage=0.05


Tree=285
num_leaves=31
num_cat=1
split_feature=8 0 4 19 20 3 7 18 15 13 7 11 12 13 2 19 20 18 16 20 22 18 19 15 10 10 4 15 18 11
split_gain=0.584021 1.61658 1.22209 1.544 0.627451 0.8 0.6251 1.18421 0.796274 0.63523 0.491741 0.458557 0.440541 0.982397 0.937729 0.759304 0.692921 1.58625 2.76845 1.48448 0.999907 0.997619 0.950141 0.937696 1.9292 0.899041 0.824603 0.764544 0.736241 0.62516
threshold=1.5000000000000002 0 8.5000000000000018 4.4459982019083588 0.17988452337866442 3.5000000000000004 3.5000000000000004 0.35294744700051911 3.39606785014707 4.6732959059578052 13.500000000000002 4.9130223976967367 4.7668636845243713 4.2647900776135632 2.5000000000000004 4.0079496663579084 0.16378970741583015 0.13811850233665654 0.16581732595521623 0.1688350286661103 7.4549160472174609 0.12111998756154095 5.2202981734410914 5.3130000837265898 5.6321074219196747 5.0610114511903843 3.5000000000000004 4.9187778076663804 0.14803186349015404 5.1254509243678052
decision_type=2 1 2 8 8 2 10 8 8 10 10 10 10 8 2 10 10 8 10 10 8 10 10 10 10 8 2 8 10 8
left_child=1 2 3 -1 -5 10 12 8 -8 -10 -6 -3 -2 14 -14 -15 -17 18 21 20 22 23 -19 27 26 -22 -25 -18 -21 -30
right_child=6 11 -4 4 5 -7 7 -9 9 -11 -12 -13 13 15 -16 16 17 19 -20 28 25 -23 -24 24 -26 -27 -28 -29 29 -31
leaf_value=-0.014538053146541014 -4.7268406663416451e-05 -0.0052557284141495145 -0.001689862300906403 -5.2557160425770865e-05 0.0001729403689947083 0.0060327961745713608 0.006099854636947055 0.0017921323271130167 -0.0045430375065833159 0.00034261738764148437 0.0063434547903415076 0.0026937028545798683 0.0046435735281245274 0.0090561169648263658 -0.0062393984415565944 -0.00035106965236529549 0.0013694513357926511 0.0063930068340326968 0.0076938196016468063 -0.0010474570510544696 0.0034973190968689131 -7.9876618122258353e-05 0.00059074123921004759 0.0044715467034180173 -0.0018279868144237101 -0.0032191859590517584 0.0080325075954269208 -0.0046252555055648781 -0.0003291481369651175 0.00031694011687438456
leaf_weight=40 52580 598 96 21 39 28 26 38 65 32 31 21 50 36 28 764 55 24 34 209 37 207 35 25 22 39 22 46 1644 4135
leaf_count=40 52580 598 96 21 39 28 26 38 65 32 31 21 50 36 28 764 55 24 34 209 37 207 35 25 22 39 22 46 1644 4135
internal_value=-5.54684e-05 -0.00133867 0.00198113 0.00474843 0.00760504 0.00928571 -3.6824e-05 0.00307453 0.000691056 -0.00139175 0.00642857 -0.00269475 -4.51739e-05 0.000315703 0.00589743 0.000256339 0.000220607 0.000387204 0.00339416 0.000185365 0.00537037 0.0021618 0.0102542 0.005 0.00949275 0.00157895 0.0152128 0.00193069 6.84691e-05 0.000173904
internal_weight=61027 874 255 159 119 98 60153 161 123 97 70 619 59992 7412 78 7334 7298 6534 411 6123 135 377 59 170 69 76 47 101 5988 5779
internal_count=61027 874 255 159 119 98 60153 161 123 97 70 619 59992 7412 78 7334 7298 6534 411 6123 135 377 59 170 69 76 47 101 5988 5779
cat_boundaries=0 1
cat_threshold=3137
is_linear=0
shrinkage=0.05


Tree=286
num_leaves=31
num_cat=1
split_feature=0 22 22 17 11 21 16 10 10 18 21 21 13 13 22 16 13 18 19 3 6 17 5 12 19 3 17 7 13 19
split_gain=0.601731 0.721446 0.882633 2.06833 1.67735 1.82561 0.68623 1.28625 1.15809 1.10442 0.846194 1.55909 0.638831 0.712591 0.68609 1.55301 0.626194 1.181 0.995197 0.757856 0.804071 0.623215 1.29775 0.639935 0.617096 1.19094 1.12293 1.06123 0.603053 0.788451
threshold=0 6.8328244094882153 7.0286742025408255 2.5306386404159005 2.5839904324100171 6.9758809989518511 0.042200590385709842 4.0456790075238596 6.0353609422863164 0.15329088537775301 7.1712726506405104 7.5307481636617268 4.0766892672816306 3.9367151421110935 6.892748548630701 0.13358541444737163 2.3174615720687197 0.097779792343852492 1.825960715199596 1.0000000180025095e-35 1.0000000180025095e-35 1.8664855882846567 1.0000000180025095e-35 2.3174615720687197 4.1153965270144548 4.5000000000000009 5.4882827256271991 2.5000000000000004 3.8948763291493691 3.7717562773862179
decision_type=1 8 8 10 10 8 10 8 8 10 10 10 8 10 10 10 8 8 10 2 2 8 2 10 10 2 10 10 10 10
left_child=1 -1 3 4 5 -3 7 -2 9 10 -9 -12 13 14 15 -5 17 18 -4 -19 21 22 -21 -23 -10 26 27 -26 29 -18
right_child=6 2 16 12 -6 -7 -8 8 24 -11 11 -13 -14 -15 -16 -17 28 19 -20 20 -22 23 -24 -25 25 -27 -28 -29 -30 -31
leaf_value=-0.0012057673032514996 -0.0026965999864668241 0.0032023136666130222 -0.00028199774925267003 0.0058496956520161063 0.0021035062747211957 -0.0013949281136751244 3.4245385655826652e-05 0.00018753462852596451 -0.0021556703140400038 -0.0012230843082505121 0.0063841054827717559 0.00098810721096252935 -0.00050651613813554851 0.0035273305942653387 -4.1126280805946684e-05 -8.3867698779556695e-05 -0.00014655560893965812 0.0007338939033390687 0.0048327918223187057 6.6979288381795179e-05 -0.0024218043922131049 -0.0013197752442424106 0.0068975019320810394 0.0012455670038612283 0.00091397386700667609 -0.0021016747231522074 0.00051790529041603425 0.0023710012995275401 -0.00054890280468191343 0.00086392227365393148
leaf_weight=236 376 26 33 28 24 33 48709 27 586 47 20 35 215 23 250 57 4590 296 29 79 799 382 21 59 49 139 144 45 2285 1523
leaf_count=236 376 26 33 28 24 33 48709 27 586 47 20 35 215 23 250 57 4590 296 29 79 799 382 21 59 49 139 144 45 2285 1523
internal_value=-2.32988e-05 -0.000358248 -0.00029855 0.00147866 0.00885542 0.00432203 5.01114e-05 -0.00101499 -0.000146521 0.00430232 0.00780488 0.0113636 0.000410121 0.00170391 0.0011194 0.005 -0.000414027 -0.00128975 0.00548387 -0.00154646 -0.00205224 -0.000563772 0.003 -0.00137188 -0.000742473 0.000835543 0.00298319 0.00723404 -0.000236962 2.20829e-05
internal_weight=61165 10988 10752 656 83 59 50177 1468 1092 129 82 55 573 358 335 85 10096 1698 62 1636 1340 541 100 441 963 377 238 94 8398 6113
internal_count=61165 10988 10752 656 83 59 50177 1468 1092 129 82 55 573 358 335 85 10096 1698 62 1636 1340 541 100 441 963 377 238 94 8398 6113
cat_boundaries=0 1
cat_threshold=232
is_linear=0
shrinkage=0.05


Tree=287
num_leaves=31
num_cat=2
split_feature=17 0 16 13 20 19 16 2 3 18 15 0 18 11 13 20 20 18 16 11 19 15 21 10 16 11 16 20 13 16
split_gain=0.595036 1.14941 0.971322 0.820394 0.733333 0.627436 0.911624 0.513618 0.612247 0.754021 0.846075 1.08061 1.11302 0.900721 1.0295 0.956326 0.988297 0.890221 1.16226 1.66136 0.861587 1.13758 1.77408 0.779545 0.761118 0.730255 1.03285 0.69527 0.681663 0.651212
threshold=0.38982304423899722 0 0.087731648258860345 4.6076669418093283 0.093465955454494168 3.4010955402500698 0.13297135312957145 2.5000000000000004 1.0000000180025095e-35 0.26644854995629741 2.5635201804187724 1 0.11872896377552521 2.7047057070268123 1.8325494627242667 0.17301705667378378 0.20578939231964596 0.25073101553017441 0.25416096920969417 2.8931418480839728 2.2253213959404081 2.2989214154075905 7.7721209158026889 2.5217125584596238 0.18711107711784367 5.7927084978359131 0.15714426134452428 0.23575218616614071 2.1222436103259104 0.25771625655043956
decision_type=10 1 10 10 10 8 8 2 2 10 10 1 10 8 8 10 10 10 10 10 10 8 8 10 10 10 10 10 8 10
left_child=1 2 -1 5 -4 6 -3 8 9 10 11 12 -2 20 -15 -16 -17 25 24 -20 28 22 -22 27 -19 29 -27 -23 -13 -12
right_child=7 3 4 -5 -6 -7 -8 -9 -10 -11 17 13 -14 14 15 16 -18 18 19 -21 21 23 -24 -25 -26 26 -28 -29 -30 -31
leaf_value=-0.0056821602327211456 0.002515286088881177 0.007857454990314764 0.0018292074191805924 0.0055599379118064507 -0.0018463301085329027 0.00011389143101939426 -0.018307427423118992 6.6651116817372476e-05 -0.00014911634584957589 -0.0009285209797136358 5.866488632238138e-05 0.00057653200123490567 -0.00084748107195324748 0.0055741764047790481 -0.00098259999526196444 0.0024024173388901633 7.0358935256986975e-05 0.00083646868585424833 3.8475513408506098e-05 0.0059001265142451598 0.0037459908592395621 -7.689242326895402e-05 0.0017307494819611758 0.0011131069228968418 -0.0020400752248481879 -0.00090142253144213143 0.0028234099181359378 0.0027439193281206475 -0.0012043209639887417 -0.001351611061376691
leaf_weight=318 24 22 40 20 48 512 133 19989 33950 652 3935 189 269 27 42 34 30 51 41 39 20 148 26 30 63 22 34 20 92 283
leaf_count=318 24 22 40 20 48 512 133 19989 33950 652 3935 189 269 27 42 34 30 51 41 39 20 148 26 30 63 22 34 20 92 283
internal_value=-9.27135e-05 -0.00124886 -0.00331731 2.15196e-05 0.00125 -0.000277363 -0.00306452 -7.16559e-05 -0.000175034 0.000287431 0.000480715 0.00183491 -0.000709572 0.00293413 0.00665413 0.00443396 0.00828125 0.000192479 0.00350515 0.008125 0.00204762 0.00422131 0.0113043 0.00257576 0.000263157 4.21139e-05 0.00571428 0.00125 0.000160141 -3.31923e-05
internal_weight=61103 1093 406 687 88 667 155 60010 40021 6071 5419 951 293 658 133 106 64 4468 194 80 525 244 46 198 114 4274 56 168 281 4218
internal_count=61103 1093 406 687 88 667 155 60010 40021 6071 5419 951 293 658 133 106 64 4468 194 80 525 244 46 198 114 4274 56 168 281 4218
cat_boundaries=0 1 2
cat_threshold=35350 517
is_linear=0
shrinkage=0.05


Tree=288
num_leaves=31
num_cat=3
split_feature=18 0 21 21 21 0 16 15 18 11 18 12 14 10 21 15 18 15 11 18 18 13 21 0 12 18 11 14 14 18
split_gain=0.66591 1.23103 0.641267 0.78728 0.578145 0.717955 0.71358 0.799519 1.10043 0.853234 0.649465 0.632488 0.632903 1.23429 1.36127 2.04229 0.88658 0.737531 0.894015 0.64584 1.28278 0.840164 0.539105 1.04055 0.993393 0.593292 0.568182 0.523213 0.959812 0.695942
threshold=0.65620078068784171 0 7.4160777273041623 7.4544305137553399 7.829033532565842 1 0.33496445879915576 1.0131368810475263 0.29347447952164951 1.011435595095721 0.2059934530183605 6.4668442484616646 3.3724534417258418 2.6497083809956692 7.9070995490524689 3.2231327943875088 0.16879407067728303 3.0047002942691345 3.2676641749753856 0.14346979027007753 0.13501623571496149 5.0591078971244956 7.8242459708669569 2 2.0731521505764063 0.11872896377552521 3.4610361497884656 4.4710670380125306 4.629374755591936 0.24940260553609722
decision_type=8 1 8 8 10 1 10 10 10 8 10 8 10 10 10 10 10 10 10 10 10 8 10 1 10 10 8 8 8 10
left_child=4 -2 -3 -4 22 -6 7 8 -7 -10 11 -9 13 -13 15 16 -15 -16 -19 20 21 -14 -1 24 26 -25 -24 -12 29 -29
right_child=1 2 3 -5 5 6 -8 10 9 -11 27 12 19 14 17 -17 -18 18 -20 -21 -22 -23 23 25 -26 -27 -28 28 -30 -31
leaf_value=2.4160005166704344e-05 -0.038848531779565036 -0.0015380593220899097 0.0048210191172438676 -3.6414363160915274e-06 0.00031631910352883477 -8.8888166174349556e-05 -0.0029524434639955142 -0.00046234185942225971 0.0029095605073291312 0.0069303219010732097 -0.0026451751590614494 -0.00024744317937530733 -0.0066524699327974585 0.0025837399289836654 0.0035498197168936383 0.00076466434167533513 0.0073971965147296426 -0.0022026964295303528 0.0011944686247135957 -0.0026948933831047279 0.002173207023802819 0.00098448296915106741 0.0088963011326192287 0.002116332531427284 0.0010010037771142723 -0.00048565189649995986 0.010989981050730714 -0.00067809434746949693 -0.0010447606343344481 0.0050533386400926639
leaf_weight=54616 203 471 20 1112 622 85 198 1592 42 25 610 150 41 20 20 47 22 60 31 180 22 20 22 30 73 227 22 27 385 23
leaf_count=54616 203 471 20 1112 622 85 198 1592 42 25 610 150 41 20 20 47 22 60 31 180 22 20 22 30 73 227 22 27 385 23
internal_value=-1.21288e-05 -0.000957919 -0.000474273 0.000167843 1.67184e-05 -0.000547135 -0.000817176 -0.000649619 0.00289474 0.00768657 -0.000815386 -0.000328799 0.00103589 0.00242857 0.005 0.00960674 0.017619 0.00130631 -0.000604397 -0.000817492 0.00283132 -0.000901641 6.00097e-05 0.00195187 0.00562992 5.61786e-05 0.0120455 -0.00184211 -0.000517243 0.006
internal_weight=61018 1806 1603 1132 59212 4222 3600 3402 152 67 3250 2205 613 350 200 89 42 111 91 263 83 61 54990 374 117 257 44 1045 435 50
internal_count=61018 1806 1603 1132 59212 4222 3600 3402 152 67 3250 2205 613 350 200 89 42 111 91 263 83 61 54990 374 117 257 44 1045 435 50
cat_boundaries=0 1 2 3
cat_threshold=33300 9248 21249
is_linear=0
shrinkage=0.05


Tree=289
num_leaves=31
num_cat=4
split_feature=17 0 4 18 12 18 0 7 16 2 22 21 5 0 18 18 3 13 21 0 18 15 17 16 16 22 3 11 11 16
split_gain=0.897016 1.05564 0.727272 1.8336 0.800843 0.477308 0.407488 0.818182 0.368239 0.417411 0.366423 2.13304 1.10344 1.30147 0.981496 0.991502 2.70679 0.972866 0.959157 3.28586 2.15439 1.28068 2.70264 0.942569 1.30142 0.879101 1.12578 1.22437 0.976449 0.847823
threshold=6.9178878908645638 0 8.5000000000000018 0.18897204067090725 6.4668442484616646 0.31861082846214789 1 12.500000000000002 0.22900303648678474 1.5000000000000002 7.6366303815293408 7.5840105595480862 1.0000000180025095e-35 2 0.15329088537775301 0.15142245600380239 2.5000000000000004 0.89587973461402759 7.637475410727137 3 0.12224464770456957 3.8795405942535317 3.7332793107460898 0.18397338479741662 0.1244681841983228 7.6927953069092547 2.5000000000000004 4.796203598077895 3.3995279310293984 0.83200656777263282
decision_type=8 1 2 8 10 10 1 10 8 2 8 10 2 1 10 10 2 8 8 1 10 8 10 10 8 8 2 8 10 10
left_child=10 -2 3 -3 6 -4 7 8 -5 -10 11 -1 18 -14 15 23 -17 -13 19 20 -12 22 -22 24 -15 26 -16 28 -28 -20
right_child=1 2 5 4 -6 -7 -8 -9 9 -11 12 17 13 14 25 16 -18 -19 29 -21 21 -23 -24 -25 -26 -27 27 -29 -30 -31
leaf_value=1.1708793911557992e-05 -0.0084947700793787297 0.0068586386039957972 -0.001050461934041687 -0.0054723432212983505 -0.0049177648701683513 0.0021288912669160057 -7.511148248927433e-05 0.0067671767233623698 0.0053748371194856214 -0.00013632936318719506 0.010289505670163197 0.0055070386612374143 -0.0011834630213691834 0.0011106540593082822 -0.0052272020451771956 -0.0054759122071988339 0.0062893332684614183 -0.0017420039535362597 9.339950395656286e-05 -0.00052850042640955599 0.0029239439449320068 -0.00067962446777444481 0.0047554369928194196 0.0013978171789448424 -0.00067057446493713443 -0.00072620478938065962 0.00057147268489502205 -2.1358499191456693e-05 0.0037645904762698638 0.0075494909917445275
leaf_weight=27796 337 23 253 20 66 20 272 33 28 51 24 63 1656 287 46 24 23 2143 25190 483 252 71 24 21 258 1543 24 38 22 151
leaf_count=27796 337 23 253 20 66 20 272 33 28 51 24 63 1656 287 46 24 23 2143 25190 483 252 71 24 21 258 1543 24 38 22 151
internal_value=-5.87951e-06 -0.00141886 -0.000360826 0.000780932 0.000106382 -0.0024359 0.000940593 0.00309859 0.0010606 0.00259494 2.00357e-05 -0.000103661 0.000143178 -0.000636734 0.000139372 0.00185155 0.00882979 -0.00160018 0.000260545 0.00190866 0.00536745 0.00451009 0.00605072 0.00127208 0.000871558 -0.00048715 0.00346154 0.00690476 0.0123913 0.000205003
internal_weight=61242 1103 766 493 470 273 404 132 99 79 60139 30002 30137 3942 2286 613 47 2206 26195 854 371 347 276 566 545 1673 130 84 46 25341
internal_count=61242 1103 766 493 470 273 404 132 99 79 60139 30002 30137 3942 2286 613 47 2206 26195 854 371 347 276 566 545 1673 130 84 46 25341
cat_boundaries=0 1 2 3 4
cat_threshold=51860 65 37765 44034
is_linear=0
shrinkage=0.05


Tree=290
num_leaves=31
num_cat=2
split_feature=10 17 3 11 3 10 19 18 11 22 22 19 22 18 4 15 19 4 19 3 0 17 19 22 0 12 17 18 21 6
split_gain=0.804353 0.778147 0.656381 0.716863 0.579405 0.965512 0.744075 0.705858 0.748566 0.659992 1.76855 0.570736 0.650473 0.568116 0.524518 0.496491 2.5512 1.97064 1.5847 1.26798 1.58361 1.94113 2.53607 1.74547 1.42367 1.27813 1.21639 2.92409 1.69119 1.28625
threshold=2.1101948345363803 2.2509826345109585 2.5000000000000004 2.1101948345363803 1.0000000180025095e-35 0.50031594015395309 2.2480439848960039 0.11998766260827202 1.0000000180025095e-35 7.7539231484427225 7.6996564244834094 0.51903292904686993 7.4978390850136956 0.65620078068784171 6.5000000000000009 3.6986029576093418 3.6725530146898087 11.500000000000002 3.6933604584204658 4.5000000000000009 0 3.6960590084404825 3.4782247315582269 7.5455931431519216 1 3.6014124977339228 3.6508887375564698 0.16687209360626734 7.6950756036740886 1.0000000180025095e-35
decision_type=8 8 2 8 2 10 10 10 10 10 10 10 10 10 2 8 10 2 8 2 1 8 10 10 1 10 10 10 8 2
left_child=1 2 4 -4 5 -1 7 8 -7 10 -9 12 14 -5 -6 16 -2 26 19 24 -21 22 -22 -24 25 -17 27 28 -18 -29
right_child=15 -3 3 13 11 6 -8 9 -10 -11 -12 -13 -14 -15 -16 18 17 -19 -20 20 21 -23 23 -25 -26 -27 -28 29 -30 -31
leaf_value=-0.0014697195402348946 2.2441716214248943e-05 -0.0040731011385494471 0.00018368599001450674 -0.0010585892915446777 0.0023754043590653133 0.0024000143101581585 0.0037977449715236034 -0.00010432472249913979 0.00014135507142312123 -0.0013533890128365309 0.0037911934206148151 -0.0018024518669944021 0.00087353273246007577 0.005057404064958854 -0.0013711042044152043 -0.0058106425601855737 0.0055671836623946008 0.0063669271408365261 -2.2199634475791647e-05 -0.0089117660791777891 -0.0015106803351268164 -0.0037932501996074453 0.0079177044531357401 0.0020189518156240585 -0.0033058948997005304 0.0034478838201822009 0.00071836674976312595 0.0084890823715229862 0.0021366875247606884 -0.00020419263200849606
leaf_weight=108 22163 214 1781 784 38 23 25 458 47 171 28 1261 32 21 75 36 42 46 31063 111 73 118 52 27 852 74 1016 63 79 218
leaf_count=108 22163 214 1781 784 38 23 25 458 47 171 28 1261 32 21 75 36 42 46 31063 111 73 118 52 27 852 74 1016 63 79 218
internal_value=-4.41099e-05 -0.000647455 -0.000517314 2.70676e-05 -0.00113857 -0.00011628 0.000518616 0.000226959 0.005 -0.000281584 0.000658435 -0.00176387 0.0012069 -0.00121118 -0.000575222 1.04391e-05 0.000184745 0.00220628 -0.000116646 -0.00179821 0.000643043 0.00267857 0.00651316 0.0127215 -0.00276507 0.0025 0.00187588 0.00420398 0.0107025 0.00140569
internal_weight=61099 5066 4852 2586 2266 860 752 727 70 657 486 1406 145 805 113 56033 23627 1464 32406 1343 381 270 152 79 962 110 1418 402 121 281
internal_count=61099 5066 4852 2586 2266 860 752 727 70 657 486 1406 145 805 113 56033 23627 1464 32406 1343 381 270 152 79 962 110 1418 402 121 281
cat_boundaries=0 1 2
cat_threshold=20817 4120
is_linear=0
shrinkage=0.05


Tree=291
num_leaves=31
num_cat=2
split_feature=13 0 18 20 20 14 20 0 10 22 4 18 21 13 18 22 14 4 12 22 21 3 14 16 3 22 4 18 10 20
split_gain=0.729877 1.48672 1.80231 1.62837 2.15351 1.0206 1.01114 1.00924 1.11249 1.00066 0.896686 0.840227 0.754601 0.732056 1.03214 0.730729 0.729137 0.717714 0.713142 0.713822 1.0185 1.03755 0.690775 0.689842 0.720985 1.69256 1.13425 0.654762 0.630114 1.33463
threshold=3.0468977391027221 0 0.19052342956548726 0.19345480293864609 0.211733846489326 3.3013753505938035 0.13168923177153322 1 3.0657219285807118 7.3138938179872799 3.5000000000000004 0.2175303959152631 8.0070339567118491 1.5580892133149293 0.26053812731586862 7.9659354933390452 0.37096867236468872 8.5000000000000018 3.7220716903991282 7.5217678258413265 7.6739205252747036 3.5000000000000004 3.1419924481000066 0.25771625655043956 4.5000000000000009 7.0778549898090093 3.5000000000000004 0.39646372405684654 3.6519552588822624 0.14013478690039172
decision_type=8 1 8 10 10 8 10 1 8 8 2 10 10 10 10 8 8 2 8 10 8 2 8 8 2 10 2 10 8 10
left_child=1 2 3 5 -5 17 7 8 -2 -10 -11 -4 13 14 15 -13 -3 -1 19 -9 21 -21 -6 -16 26 -26 -25 -27 29 -8
right_child=6 16 11 4 22 -7 28 18 9 10 -12 12 -14 -15 23 -17 -18 -19 -20 20 -22 -23 -24 24 25 27 -28 -29 -30 -31
leaf_value=-0.00086411901226512923 -0.0013271107326724254 -0.0011876091399887654 -0.00046125218195586769 0.0047206246057708645 0.0016383798951178684 0.0040510137472693428 0.0017989469272860891 -0.0015099459934375618 0.0048839891497732008 0.0034783778380928034 0.00020141265667028238 0.011618142466716047 -0.0055334955536679191 0.00022942753378033871 -0.0070981773367693977 0.0061605924109208844 8.6374441478344398e-05 0.0015464535876000317 -0.0023621408154602275 0.0028990999914199444 -5.8217183745319627e-05 -0.00088434869657117549 0.0039051821063739792 0.00770384042710167 -0.0089706356214409987 0.014248779095005718 -0.00069830577223732148 0.0085061459432446297 1.2037458312291445e-05 -0.00024578661385501397
leaf_weight=82 108 218 150 32 47 24 250 252 20 22 423 29 37 227 37 27 12639 23 821 33 143 23 22 30 23 22 92 20 35145 10107
leaf_count=82 108 218 150 32 47 24 250 252 20 22 423 29 37 227 37 27 12639 23 821 33 143 23 22 30 23 22 92 20 35145 10107
internal_value=-1.94685e-05 0.000300775 0.00222698 0.00608696 0.0108416 0.00236434 -0.00011268 -0.00126016 0.00048885 0.00155914 0.00106741 0.000979826 0.00189338 0.00239645 0.00410714 0.0101786 0.000160487 0.000238094 -0.00203588 -0.000454547 0.00178392 0.0075 0.00586956 0.00258928 0.00382353 0.00807692 0.00155738 0.0140476 -6.61521e-05 -0.000408903
internal_weight=61128 13781 924 230 101 129 47347 1845 573 465 445 694 544 507 280 56 12857 105 1272 451 199 56 69 224 187 65 122 42 45502 10357
internal_count=61128 13781 924 230 101 129 47347 1845 573 465 445 694 544 507 280 56 12857 105 1272 451 199 56 69 224 187 65 122 42 45502 10357
cat_boundaries=0 1 2
cat_threshold=37632 1355
is_linear=0
shrinkage=0.05


Tree=292
num_leaves=31
num_cat=3
split_feature=17 0 11 20 8 4 21 21 16 0 17 19 15 16 19 15 16 16 18 3 4 8 8 1 14 20 17 4 14 13
split_gain=0.747338 1.14824 0.833581 0.818137 0.81158 0.533758 0.554187 0.455806 0.454887 0.423413 0.595918 1.51843 1.41229 1.33255 2.15389 1.18791 2.13471 1.95848 1.09197 1.24152 3.65962 2.29953 2.05493 1.20968 1.85192 1.13458 1.02057 1.08871 1.37524 1.64804
threshold=0.38982304423899722 0 4.1263272823678223 0.74679248621259686 6.5000000000000009 8.5000000000000018 7.1712726506405104 7.6968941994045439 0.13297135312957145 1 4.0961710432832144 3.6818499089434149 4.2289466311251118 0.053288739064242217 4.3750751739979075 3.6986029576093418 0.091624312347096185 0.08137023754284288 0.20070433587910907 5.5000000000000009 5.5000000000000009 5.5000000000000009 4.5000000000000009 2 4.0046017712347277 0.19635060602394208 3.8320910867947391 7.5000000000000009 3.6283320724249073 3.8948763291493691
decision_type=10 1 10 8 2 2 8 8 8 1 10 10 8 8 8 8 10 10 10 2 2 2 2 1 8 10 10 2 10 10
left_child=1 3 4 8 -3 6 -5 -8 -1 10 11 -2 -12 14 -14 16 17 -13 -17 25 21 22 -21 24 -22 26 -20 -28 -29 -30
right_child=9 2 -4 5 -6 -7 7 -9 -10 -11 12 15 13 -15 -16 18 -18 -19 19 20 23 -23 -24 -25 -26 -27 27 28 29 -31
leaf_value=0.0056633934364499717 -0.00012952471671994501 -0.0043100081504745102 0.0029355557552041096 -0.014246118006222917 0.0016652335300210049 -0.00091110505413277698 0.00054732803315332733 0.0056713508145872209 -0.0054285100483687804 2.9439941480863601e-05 -0.0016448174963996317 0.0018689534676985199 0.002945049554604146 -8.5408248073173419e-05 -4.0784927227908272e-05 -0.00016895414268015496 0.00082168518189427357 0.0073895588116042396 -0.001455420637308788 0.0068537908664495833 0.0035254546508834451 0.012160238447257382 -0.0046958905033965383 -0.0011109467537099974 -0.00018970068141267287 1.2868937834269783e-05 0.00079107988313031603 0.0041005316474483329 -0.0012901580256646675 0.0016201346774003531
leaf_weight=21 13449 527 21 29 41 94 22 181 150 33817 1829 37 26 5704 48 2488 664 32 53 25 21 31 26 153 26 1179 107 21 34 20
leaf_count=21 13449 527 21 29 41 94 22 181 150 33817 1829 37 26 5704 48 2488 664 32 53 25 21 31 26 153 26 1179 107 21 34 20
internal_value=-6.2916e-05 -0.0013628 -0.00282972 0.000424062 -0.00323944 0.00190184 0.00318965 0.0041133 -0.00236842 -3.93054e-05 -0.000191088 -3.70261e-05 -0.000563298 -0.000179994 0.00648649 0.000714866 0.00257162 0.010942 0.000389578 0.00136792 0.00439716 0.0132927 0.0067647 0.000749999 0.00776596 0.000763789 0.00393617 0.00571428 0.0103333 0.00611111
internal_weight=60876 1086 589 497 568 326 232 203 171 59790 25973 18366 7607 5778 74 4917 733 69 4184 1696 282 82 51 200 47 1414 235 182 75 54
internal_count=60876 1086 589 497 568 326 232 203 171 59790 25973 18366 7607 5778 74 4917 733 69 4184 1696 282 82 51 200 47 1414 235 182 75 54
cat_boundaries=0 1 2 3
cat_threshold=17769 43210 2
is_linear=0
shrinkage=0.05


Tree=293
num_leaves=31
num_cat=3
split_feature=7 0 19 22 20 22 14 22 16 16 21 18 19 12 15 19 18 6 18 20 11 17 1 20 20 17 19 0 18 18
split_gain=0.525215 0.683248 0.741537 0.766724 0.476493 1.04567 1.05597 0.551056 0.533917 0.442769 0.50306 0.541653 0.611705 0.647763 0.440609 1.27003 1.17545 0.992591 0.999758 0.781182 0.658965 0.614577 0.508589 0.507206 0.737961 0.706251 0.501708 0.683219 0.673846 1.38734
threshold=5.5000000000000009 0 6.3643298203788214 7.8781747310856804 0.093465955454494168 7.6927953069092547 0.43773436867694998 7.2332588551723314 0.086261561519081154 0.10598658673812807 7.2706607121800095 0.083732771817098886 0.45293870108526374 2.3748949377990178 0.56408292293427376 3.4782247315582269 0.44388055589350456 1.0000000180025095e-35 0.15918393348918078 0.33934841540469468 4.426641248793044 5.4882827256271991 1 0.3051445340616154 0.24255609861047803 6.3351973872634852 1.3719323805451646 2 0.13248910369330341 0.15965122143328719
decision_type=8 1 8 8 8 10 10 8 10 10 10 8 10 8 10 10 10 2 8 10 10 10 1 10 10 10 10 1 10 10
left_child=4 2 -2 -4 5 6 9 8 -8 10 11 12 -1 -14 15 20 17 18 -17 23 26 -18 -22 24 25 -20 27 -6 -29 -30
right_child=1 -3 3 -5 14 -7 7 -9 -10 -11 -12 -13 13 -15 -16 16 21 -19 19 -21 22 -23 -24 -25 -26 -27 -28 28 29 -31
leaf_value=-0.00034479235528311631 -0.0099723245168100924 -0.0063956901245635096 -0.034478572768305404 0.0040979200486265651 0.0003137533321463232 0.0016080115057164207 0.00043549910944185705 0.0040768309592977975 0.0039990429213938592 0.0033405941373653341 -0.002194823735020291 -0.0010040522834765017 0.0021806585386826916 -0.0002126741394711567 2.3850231712896619e-06 -0.0031618635550829627 0.0086025694083887352 -0.0007885534665924487 0.008771460388138733 -0.00097375139983651201 -0.0008898500949053392 0.00040971598629273369 0.0048217919579962749 0.0029484650444365945 -0.00015094954707747834 0.0033939594314169488 -0.0063710632995141389 -0.0022967787962678453 0.0087001031138745164 -0.00087254879691230742
leaf_weight=109 68 149 30 111 107 33 73 20 28 29 84 41 33 30 58272 51 23 250 35 39 33 29 25 21 39 26 189 550 20 411
leaf_count=109 68 149 30 111 107 33 73 20 28 29 84 41 33 30 58272 51 23 250 35 39 33 29 25 21 39 26 189 550 20 411
internal_value=-1.78824e-05 -0.00192738 2.28299e-05 0.0020922 -6.60185e-06 0.0015625 0.00092841 0.00491735 0.00341584 -0.000552148 -0.00112795 0.000164318 0.00139535 0.00531746 -1.91296e-05 -0.000779222 0.00133528 0.000531452 0.00305687 0.005 -0.00159176 0.00846154 0.00362069 0.00698347 0.0055 0.00893443 -0.00182851 -0.00141544 -0.00182139 -0.00035963
internal_weight=60958 358 209 141 60600 480 447 121 101 326 297 213 172 63 60120 1848 513 461 211 160 1335 52 58 121 100 61 1277 1088 981 431
internal_count=60958 358 209 141 60600 480 447 121 101 326 297 213 172 63 60120 1848 513 461 211 160 1335 52 58 121 100 61 1277 1088 981 431
cat_boundaries=0 1 2 3
cat_threshold=8433 1 17800
is_linear=0
shrinkage=0.05


Tree=294
num_leaves=31
num_cat=5
split_feature=18 0 1 0 21 10 12 3 21 18 0 11 13 10 12 13 21 19 11 16 3 13 10 2 16 13 2 21 11 0
split_gain=0.498267 1.1981 0.740526 0.863782 0.817085 0.813292 0.917566 0.900318 0.722888 0.70289 1.36935 0.727015 0.629371 0.562879 1.2218 1.18632 1.00925 0.853243 0.697189 0.908985 0.680003 1.27191 0.634375 0.560647 0.832661 0.533333 0.522871 0.509752 0.478632 0.471183
threshold=0.075026567186903079 0 1 2 7.486893503676848 3.0978349487009709 0.37096867236468872 5.5000000000000009 7.0107629273287992 0.10026396948982759 3 0.37096867236468872 4.629374755591936 4.1263272823678223 4.8978395214923802 3.4291354369416145 7.5804445850845523 3.1859795238145137 3.2523087303165323 0.091624312347096185 1.5000000000000002 2.3748949377990178 2.8931418480839728 2.5000000000000004 0.094341966004242869 4.0082414506956709 2.5000000000000004 7.6016521472294505 0.37096867236468872 4
decision_type=10 1 1 1 10 10 10 2 10 10 1 8 10 10 10 10 8 10 10 8 2 8 8 2 10 10 2 8 10 1
left_child=1 -1 5 -4 8 6 -3 28 26 10 12 -12 -2 15 16 17 25 20 19 -19 21 -13 -23 -22 27 -15 -5 -25 -8 -11
right_child=9 2 3 4 -6 -7 7 -9 -10 29 11 13 -14 14 -16 -17 -18 18 -20 -21 23 22 -24 24 -26 -27 -28 -29 -30 -31
leaf_value=-0.0079439190957385254 -0.00028457986012701879 -0.0033002158775126567 -0.0015822881680677054 0.00011802132664788062 -0.0013442329267940292 0.0036721410700894727 -0.0025264397573157497 0.00079419904540916394 0.0021949923238904902 -0.00040405858214422117 0.0023001313267971639 0.0021860523192775887 0.0011359471664325791 0.0032739619442280782 -0.0047982491066090663 -0.0012312705721100861 -0.00027138366921440431 0.0027504241535832885 0.0020835009663592767 0.00037957256260738397 -0.0002905924835264294 -0.0016759688889518344 0.0026698934953225529 -0.0033453026892692143 0.0039215952287561806 0.0037821289555178949 0.0042478257483530516 0.0010908428077298297 0.00012029185778193692 -1.6415699605152545e-05
leaf_weight=234 396 298 127 205 58 62 56 36 42 1865 39 42 20 20 22 160 23 27 62 23 169 29 35 23 20 40 97 24 126 56730
leaf_count=234 396 298 127 205 58 62 56 36 42 1865 39 42 20 20 22 160 23 27 62 23 169 29 35 23 20 40 97 24 126 56730
internal_value=-5.7275e-05 -0.00101044 -0.000299912 0.00104915 0.00216019 -0.00153979 -0.00218992 0.000275228 0.00313953 -3.58894e-05 0.00117547 0.00242187 -0.00112676 0.00209318 0.00547619 0.00151466 0.00825301 0.00281938 0.00660714 0.011 0.00157895 0.00490566 0.000468749 8.47446e-05 0.00395522 0.0116667 0.00228477 0.000319148 -0.00115385 -6.01599e-05
internal_weight=61110 1341 1107 529 402 578 516 218 344 59769 1174 758 416 719 105 614 83 454 112 50 342 106 64 236 67 60 302 47 182 58595
internal_count=61110 1341 1107 529 402 578 516 218 344 59769 1174 758 416 719 105 614 83 454 112 50 342 106 64 236 67 60 302 47 182 58595
cat_boundaries=0 1 2 3 4 5
cat_threshold=2566 4 57 4743 128
is_linear=0
shrinkage=0.05


Tree=295
num_leaves=31
num_cat=3
split_feature=21 0 5 15 10 19 15 6 19 14 4 19 22 10 16 11 15 10 22 10 0 12 12 16 12 0 16 15 14 21
split_gain=0.443437 0.747286 0.818687 0.587089 2.16103 1.48389 2.18823 2.15647 1.26036 1.1349 1.09066 1.70354 1.22734 1.07548 1.29383 0.919794 1.34033 1.53896 1.30236 1.24126 1.24548 1.48162 2.17293 1.07238 1.22805 0.941208 1.0622 1.04684 0.93523 1.42042
threshold=7.8997098975859652 0 1.0000000180025095e-35 3.3790911369959642 3.3339870432574523 3.3647725724192581 3.0349795743195105 1.0000000180025095e-35 2.3383409355008915 3.5366009592756238 4.5000000000000009 3.5521142051895231 7.209173515076059 3.4672959664678489 0.21016712278446203 3.5010415791527305 3.6900273862196395 3.7340910832294019 7.9148106124164155 3.614962865446246 1 3.3621084911301438 3.3050518377464333 0.10409730861785273 3.6014124977339228 2 0.077678328505804153 3.6310431825900635 3.6775648950837558 7.2524081849530022
decision_type=10 1 2 8 8 10 10 2 8 10 2 10 8 10 10 8 10 8 10 10 1 8 10 10 8 1 8 10 8 10
left_child=3 -2 -3 5 -5 9 -7 10 -6 13 -8 12 -12 -1 -15 18 19 -18 -10 25 -21 22 -22 24 -23 26 -17 28 -27 -30
right_child=1 2 -4 4 8 6 7 -9 15 -11 11 -13 -14 14 -16 16 17 -19 -20 20 21 23 -24 -25 -26 27 -28 -29 29 -31
leaf_value=4.1186157137509569e-05 0.00042284066045197117 -0.00032442433342141658 -0.0024492849783041598 -0.0021775192802716381 -0.015064780954646671 0.013650202975075588 0.00062558632710215886 -0.0018427410497396076 -0.0010616807695983689 -0.0025923596733635973 -0.0041723500594308361 0.0030564359261446876 0.0031797329626930869 0.0029156261310662713 -0.0022333137715105315 0.0066519158636262239 -0.0013523317033412212 -1.0160869349207169e-05 0.0056073508199770989 -0.0011956397262544334 0.0047816795233580475 0.0050057831362409697 0.0091437560688682144 0.0009277178073488192 0.0023024008396662497 -0.00075761855779986906 -0.0017518288867943571 0.0013704681321189539 0.0012915915322330295 -0.0027232639098533455
leaf_weight=19985 742 1486 295 897 281 22 240 376 1665 177 40 39 228 174 128 26 1414 28371 22 252 36 34 21 695 219 790 605 410 1099 256
leaf_count=19985 742 1486 295 897 281 22 240 376 1665 177 40 39 228 174 128 26 1414 28371 22 252 36 34 21 695 219 790 605 410 1099 256
internal_value=-3.07263e-05 -0.000679748 -0.00123116 -2.73614e-06 -0.00012307 0.000205753 0.00214286 0.0017714 -6.29916e-05 0.000116301 0.00377514 0.00574918 0.00432836 0.000151081 0.00311258 -3.68939e-05 1.92813e-05 -0.000101562 -0.00117665 0.000829393 0.0021599 0.00293103 0.0107895 0.00248945 0.00527668 0.000304456 -0.00141186 0.000730993 0.000291374 0.00108856
internal_weight=61025 2523 1781 58502 37093 21409 945 923 36196 20464 547 307 268 20287 302 35915 34228 29785 1687 4443 1257 1005 57 948 253 3186 631 2555 2145 1355
internal_count=61025 2523 1781 58502 37093 21409 945 923 36196 20464 547 307 268 20287 302 35915 34228 29785 1687 4443 1257 1005 57 948 253 3186 631 2555 2145 1355
cat_boundaries=0 1 2 3
cat_threshold=1593 4400 4621
is_linear=0
shrinkage=0.05


Tree=296
num_leaves=31
num_cat=5
split_feature=17 0 8 1 21 19 10 10 21 21 16 10 20 9 15 11 21 16 0 20 20 0 15 17 12 1 16 4 8 8
split_gain=1.12081 0.854591 1.02664 0.946375 0.879274 0.808279 0.807029 0.661172 0.611916 0.481583 0.535731 0.476946 0.447407 0.771848 1.02742 0.640489 0.480397 0.524859 0.45236 0.784075 0.650131 1.15613 0.891727 1.98276 0.870042 0.782135 0.766694 0.787948 1.33333 1.13225
threshold=0.38982304423899722 0 5.5000000000000009 1 7.4963748916721205 0.39097435247853674 4.3340172004915063 0.37096867236468872 7.3128869425964504 7.6715938605347134 0.13297135312957145 0.37096867236468872 0.093465955454494168 1.0000000180025095e-35 2.1185707877034909 0.50031594015395309 7.1312986703816295 0.0662399235822798 2 0.12341968903822842 0.16255081713942018 3 4.3628846293212957 4.3929474148280105 2.7113724724615449 4 0.1097506468239272 4.5000000000000009 4.5000000000000009 4.5000000000000009
decision_type=10 1 2 1 8 10 8 8 10 10 8 8 10 2 8 8 10 10 1 10 10 1 10 10 10 1 10 2 2 2
left_child=1 2 -1 9 -4 -2 -5 -6 -8 10 -3 -7 13 14 15 16 -13 -18 -14 -20 21 22 -21 -24 25 -23 -25 29 -29 -28
right_child=5 3 4 6 7 11 8 -9 -10 -11 -12 12 18 -15 -16 -17 17 -19 19 20 -22 24 23 26 -26 -27 27 28 -30 -31
leaf_value=-0.0052768020355474354 0.00087782272913666424 0.0068627818002418911 -0.0020308916851435499 -0.027686181159851449 0.0017887393152507818 -0.00065474888815434925 0.00061984011169324762 -0.00034786382975874079 0.0042950863690191937 0.0015680590566436491 -0.0078641361996787378 0.0001978367626667848 9.6763649819357905e-05 -0.0023977447191598734 0.0043182618901411894 -0.00030428523591135366 0.00089296550638227976 0.00059786513836297857 -0.001057497168740021 0.00076357013718027092 -7.408020786762392e-05 0.00095127528093345024 0.0067836297930702521 -0.00062673991171551522 -0.00049548104760984367 -0.00024341452897808913 0.0025860215508364121 0.00017314258328983022 0.0039897607528330825 -0.00087272784311259732
leaf_weight=333 25 20 46 44 24 183 283 28 28 28 292 90 23387 61 26 120 37 28 647 1842 30184 867 24 38 1395 736 40 24 24 75
leaf_count=333 25 20 46 44 24 183 283 28 28 28 292 90 23387 61 26 120 37 28 647 1842 30184 867 24 38 1395 736 40 24 24 75
internal_value=-1.79582e-05 -0.00158082 -0.00329932 -0.000460994 0.00112245 1.14435e-05 0.00133803 0.00557692 0.00223473 -0.00235294 -0.00291667 7.68752e-06 1.55072e-05 0.00176795 0.00280731 0.00190909 0.00403226 0.00730769 4.80626e-06 -0.000106669 -7.50388e-05 0.00044916 0.00135532 0.00433333 -0.000179522 0.000614472 0.00271144 0.00420245 0.00958333 0.00195652
internal_weight=60979 1126 431 695 98 59853 355 52 311 340 312 59828 59645 362 301 275 155 65 59283 35896 35249 5065 2067 225 2998 1603 201 163 48 115
internal_count=60979 1126 431 695 98 59853 355 52 311 340 312 59828 59645 362 301 275 155 65 59283 35896 35249 5065 2067 225 2998 1603 201 163 48 115
cat_boundaries=0 1 2 3 4 5
cat_threshold=35350 4 21253 32888 2
is_linear=0
shrinkage=0.05


Tree=297
num_leaves=31
num_cat=1
split_feature=18 4 19 15 3 16 4 1 18 16 14 15 8 19 15 15 21 18 15 19 22 15 18 16 22 21 22 4 8 8
split_gain=1.09925 0.702741 0.922158 2.68399 2.26616 1.7415 0.841586 0.936532 1.02576 3.37717 1.29512 1.04999 0.880749 1.72918 3.58042 1.03985 1.00833 0.869804 1.10652 1.21495 1.53637 1.38478 1.1763 1.1934 1.76024 0.83311 0.936601 2.41944 0.921053 2.1
threshold=inf 3.5000000000000004 2.5983912609934676 2.6124510710747839 4.5000000000000009 0.11146315110279305 8.5000000000000018 0 0.23048092751201613 0.12695017986424842 4.4408848180575804 3.6578604755155895 5.5000000000000009 3.1961271838918113 2.2506461034778953 3.6184012925536506 7.8510773309598685 0.1577975335324818 5.1230641424964292 5.1034805759930144 7.5333103791389329 5.0799675709968595 0.15329088537775301 0.20335483264774901 7.3193239077873331 7.09878869107194 7.1173105413534152 5.5000000000000009 4.5000000000000009 5.5000000000000009
decision_type=8 2 10 8 2 10 2 1 10 8 8 10 2 10 8 10 8 10 8 8 8 10 10 10 8 8 10 2 2 2
left_child=1 2 3 -1 5 -5 17 8 11 10 -10 12 13 14 -8 -15 -17 18 19 22 21 -21 -3 -24 -25 26 -19 28 -28 -30
right_child=-2 6 -4 4 -6 -7 7 -9 9 -11 -12 -13 -14 15 -16 16 -18 25 -20 20 -22 -23 23 24 -26 -27 27 -29 29 -31
leaf_value=0.00025264943555116471 -0.0008903807555988557 3.4727150722432279e-06 9.4028809158630007e-05 0.0079092439553253551 -8.1036051624629798e-05 0.0022655556018736527 0.0013155807358064726 0.00011816273933383618 0.0024674361783259694 -5.9229560758690545e-05 0.0046172473900386165 -0.0017459383601483261 -0.00084781532645164049 -0.00053763971522446138 0.033252819018699281 0.0036261622767022211 -0.00072937726657797824 8.9802787235740563e-05 -0.0017323322448630587 0.0008738144346158703 -0.0058823123323899964 0.011748412449541971 0.0010741983855311439 0.010707888285614661 -0.00050950950498855217 -0.00038186164933919379 0.016247418558729146 -0.0014800614229821261 -0.0021179802481963305 0.0046200709784447874
leaf_weight=492 863 5849 12925 21 30 28 124 16408 43 1572 29 1032 572 427 25 24 30 1313 463 20 32 26 807 22 21 17671 20 93 21 35
leaf_count=492 863 5849 12925 21 30 28 124 16408 43 1572 29 1032 572 427 25 24 30 1313 463 20 32 26 807 22 21 17671 20 93 21 35
internal_value=-4.16146e-05 -1.62039e-05 0.00030157 0.00226795 0.0108228 0.017449 -0.00010808 0.000134081 -0.000564725 0.00038321 0.0109722 -0.00126231 -0.000257905 0.00103174 0.00573825 -0.000426197 0.00611111 -0.000294208 0.000172651 0.000334217 0.00653846 0.0123913 0.000261978 0.002 0.0101163 -0.000470685 0.000668015 0.0041716 0.0107895 0.0075
internal_weight=61038 60175 13496 571 79 49 46679 20286 3878 1644 72 2234 1202 630 149 481 54 26393 7240 6777 78 46 6699 850 43 19153 1482 169 76 56
internal_count=61038 60175 13496 571 79 49 46679 20286 3878 1644 72 2234 1202 630 149 481 54 26393 7240 6777 78 46 6699 850 43 19153 1482 169 76 56
cat_boundaries=0 1
cat_threshold=1
is_linear=0
shrinkage=0.05


Tree=298
num_leaves=31
num_cat=2
split_feature=17 19 11 2 16 17 11 22 14 19 0 18 17 4 17 22 21 17 11 16 18 0 18 16 12 19 8 22 14 11
split_gain=0.765076 1.33711 0.770766 0.814801 0.746749 1.21489 1.11351 1.10113 1.01613 0.735826 0.728333 0.774647 1.23592 1.78989 1.04097 0.993426 1.55785 0.742691 1.93271 0.92919 1.18035 2.37741 1.15098 1.44887 1.00462 0.92539 1.95173 1.24386 1.17514 1.17307
threshold=0.38982304423899722 6.0595264723483862 4.2420456599555605 2.5000000000000004 0.83200656777263282 4.2450132889237828 5.0848146443748545 7.6366303815293408 1.8000241202036604 6.6279510328210458 0 0.19943023618218311 6.7504783557224748 9.5000000000000018 6.9178878908645638 8.1049945641650982 8.1605182066611786 4.0961710432832144 3.9189981260915085 0.22765854515599779 0.22259931785299969 1 0.21486314405250742 0.25158421967653605 4.3366367185024837 4.3387651444748281 4.5000000000000009 7.5687726057983067 4.676094415855709 5.0424568542892256
decision_type=10 10 10 2 10 10 8 10 10 10 1 10 10 2 10 10 10 10 10 8 10 1 10 10 8 10 2 8 10 8
left_child=1 2 -1 -4 10 7 -7 -6 -9 -3 11 12 15 14 -14 16 -2 18 -12 -19 21 24 -23 -24 -21 26 -26 -28 -27 -30
right_child=4 9 3 -5 5 6 -8 8 -10 -11 17 -13 13 -15 -16 -17 -18 19 -20 20 -22 22 23 -25 25 28 27 -29 29 -31
leaf_value=-0.0019717831193984256 0.00018940995365665977 0.0046739875977555778 -0.00062815003361594364 0.0058370214593747123 -0.00011803659598031084 0.0087075116872402832 0.0010351063605297578 0.0074336733803761048 7.518229112078376e-06 -2.6316897778335238e-05 -4.3111787599699104e-05 -6.5965685550869812e-05 0.030049781742991249 -0.00035019956941933513 0.002375470761280737 -0.0024713558619820584 0.0024553495322449429 -0.00033354630102669857 0.0010915782596601865 0.00083353853283836619 -0.00011826786080242296 -0.0019559929167914701 0.0064781087519263916 -0.0017753450930916672 0.0051185143842019153 0.00047693448963103064 0.0042065882954357842 -0.00013245812153363015 0.0069916621778690659 0.0027239238269342932
leaf_weight=973 12246 26 43 21 335 29 34 25 31 33 21868 9271 22 53 43 83 34 9782 2491 176 2325 408 26 31 25 177 50 51 58 107
leaf_count=973 12246 26 43 21 335 29 34 25 31 33 21868 9271 22 53 43 83 34 9782 2491 176 2325 408 26 31 25 177 50 51 58 107
internal_value=4.35185e-06 -0.00130475 -0.00172131 0.00359375 2.83523e-05 0.00204846 0.00849206 0.00101023 0.0075 0.00601695 1.28934e-05 0.000243083 0.000500359 0.00559322 0.0111538 0.00045175 0.000488598 -0.000120395 4.33093e-05 -0.000422217 0.00028538 0.00162759 -0.00110526 0.00552631 0.00356269 0.00482906 0.00849206 0.00539604 0.00347953 0.00651515
internal_weight=60877 1096 1037 64 59781 454 63 391 56 59 59327 21752 12481 118 65 12363 12280 37575 24359 13216 3434 1109 465 57 644 468 126 101 342 165
internal_count=60877 1096 1037 64 59781 454 63 391 56 59 59327 21752 12481 118 65 12363 12280 37575 24359 13216 3434 1109 465 57 644 468 126 101 342 165
cat_boundaries=0 1 2
cat_threshold=17685 14376
is_linear=0
shrinkage=0.05


Tree=299
num_leaves=31
num_cat=5
split_feature=16 0 14 4 18 21 0 3 10 3 1 13 18 13 13 0 16 22 4 14 18 22 16 22 1 18 12 3 17 3
split_gain=0.523928 1.16525 1.47883 1.16717 1.42768 1.82859 1.62411 1.44351 1.33464 1.47889 1.21109 1.28764 0.98648 0.950488 2.0529 0.963538 1.84208 1.78905 1.06673 1.1692 0.996667 0.833861 0.900692 1.35953 1.66473 1.4239 1.18917 1.12741 2.20909 1.12361
threshold=0.23021212215492851 0 3.7921120732446352 4.5000000000000009 0.19494527364236944 7.5644977440381114 1 1.5000000000000002 2.1459141833778665 2.5000000000000004 2 3.590438430051266 0.1860939747411606 4.2745803703905905 4.2449171637674032 3 0.25274268810412398 6.97686529901934 2.5000000000000004 3.6519552588822624 0.23344814287128704 6.8477059045357782 0.26122812655043331 8.2112770302313347 4 0.30286776512357921 0.61482027553725704 5.5000000000000009 2.7704779163557571 3.5000000000000004
decision_type=10 1 8 2 10 8 1 2 10 2 1 10 10 8 10 1 10 10 2 10 10 8 10 8 1 10 8 2 10 2
left_child=-1 2 -2 13 5 10 8 -6 -7 -10 11 -5 -12 14 15 -3 17 -17 -18 -20 -19 -9 26 24 -24 27 -23 -25 -29 -26
right_child=1 3 -4 4 7 6 -8 21 9 -11 12 -13 -14 -15 -16 16 18 20 19 -21 -22 22 23 25 29 -27 -28 28 -30 -31
leaf_value=-3.5027444023229807e-05 -0.00116498693939423 0.00047942293743452976 7.1388574987639832e-05 0.0016429531511345471 -0.00092684973761377311 0.000333895436706848 -0.0013350217404425246 -0.002546557063797483 0.0011617872981868724 0.0072294804363380958 0.0032271126976623149 -0.0037046554456497669 0.0033789330077376362 0.00057358656480576038 0.0091026469443941469 0.010187633616457043 -0.00066834251099203183 0.0030797082075839418 0.0019803734345115692 0.0081124684263932222 -0.0024045807811637959 0.0064360644260487328 -0.0024869837153452977 0.0027956834007393694 0.0027436949810621474 2.656974661127784e-05 -0.00036816265887556517 0.0086735028536649907 0.0031277123644377516 0.00012234558597546967
leaf_weight=47787 1554 450 3686 23 1556 57 198 82 41 26 30 30 22 1227 25 65 143 52 133 37 23 27 297 231 728 183 1016 22 33 1213
leaf_count=47787 1554 450 3686 23 1556 57 198 82 41 26 30 30 22 1227 25 65 143 52 133 37 23 27 297 231 728 183 1016 22 33 1213
internal_value=5.163e-06 0.000283875 -0.000295239 0.000664159 0.000296645 0.00307962 0.00121118 7.60938e-05 0.00544776 0.0106716 0.00880952 0.00349056 0.0142308 0.00165893 0.00286638 0.00247508 0.00407127 0.00892857 0.00202875 0.00470588 0.00366667 0.000597598 0.000706665 0.00118766 0.000674708 0.00363539 -0.000541708 0.00583916 0.0122727 0.00120814
internal_weight=60997 13210 5240 7970 5815 427 322 5388 124 67 105 53 52 2155 928 903 453 140 313 170 75 3832 3750 2707 2238 469 1043 286 55 1941
internal_count=60997 13210 5240 7970 5815 427 322 5388 124 67 105 53 52 2155 928 903 453 140 313 170 75 3832 3750 2707 2238 469 1043 286 55 1941
cat_boundaries=0 1 2 3 4 5
cat_threshold=57553 2564 2 1066 2
is_linear=0
shrinkage=0.05


end of trees

feature_importances:
price_roll_mean_7=769
dow=733
market=688
y_roll_std_28=675
y_roll_mean_14=638
y_roll_std_14=633
month=629
y_roll_mean_28=552
y_roll_std_7=524
y_roll_mean_7=513
price_lag_1=475
y_lag_1=414
y_lag_2=297
y_lag_7=251
y_lag_3=237
commodity=236
y_lag_14=224
festival_3d=134
reports_last_7d=117
monsoon=89
days_since_last_report=83
is_synthetic=55
horizon=34

parameters:
[boosting: gbdt]
[objective: quantile]
[metric: quantile]
[tree_learner: serial]
[device_type: cpu]
[data_sample_strategy: bagging]
[data: ]
[valid: ]
[num_iterations: 300]
[learning_rate: 0.05]
[num_leaves: 31]
[num_threads: 4]
[seed: 0]
[deterministic: 0]
[force_col_wise: 0]
[force_row_wise: 0]
[histogram_pool_size: -1]
[max_depth: -1]
[min_data_in_leaf: 20]
[min_sum_hessian_in_leaf: 0.001]
[bagging_fraction: 0.8]
[pos_bagging_fraction: 1]
[neg_bagging_fraction: 1]
[bagging_freq: 1]
[bagging_seed: 7719]
[bagging_by_query: 0]
[feature_fraction: 0.8]
[feature_fraction_bynode: 1]
[feature_fraction_seed: 2437]
[extra_trees: 0]
[extra_seed: 11797]
[early_stopping_round: 0]
[early_stopping_min_delta: 0]
[first_metric_only: 0]
[max_delta_step: 0]
[lambda_l1: 0]
[lambda_l2: 0]
[linear_lambda: 0]
[min_gain_to_split: 0]
[drop_rate: 0.1]
[max_drop: 50]
[skip_drop: 0.5]
[xgboost_dart_mode: 0]
[uniform_drop: 0]
[drop_seed: 21238]
[top_rate: 0.2]
[other_rate: 0.1]
[min_data_per_group: 100]
[max_cat_threshold: 32]
[cat_l2: 10]
[cat_smooth: 10]
[max_cat_to_onehot: 4]
[top_k: 20]
[monotone_constraints: ]
[monotone_constraints_method: basic]
[monotone_penalty: 0]
[feature_contri: ]
[forcedsplits_filename: ]
[refit_decay_rate: 0.9]
[cegb_tradeoff: 1]
[cegb_penalty_split: 0]
[cegb_penalty_feature_lazy: ]
[cegb_penalty_feature_coupled: ]
[path_smooth: 0]
[interaction_constraints: ]
[verbosity: -1]
[saved_feature_importance_type: 0]
[use_quantized_grad: 0]
[num_grad_quant_bins: 4]
[quant_train_renew_leaf: 0]
[stochastic_rounding: 1]
[linear_tree: 0]
[max_bin: 255]
[max_bin_by_feature: ]
[min_data_in_bin: 3]
[bin_construct_sample_cnt: 200000]
[data_random_seed: 38]
[is_enable_sparse: 1]
[enable_bundle: 1]
[use_missing: 1]
[zero_as_missing: 0]
[feature_pre_filter: 1]
[pre_partition: 0]
[two_round: 0]
[header: 0]
[label_column: ]
[weight_column: ]
[group_column: ]
[ignore_column: ]
[categorical_feature: 0,1]
[forcedbins_filename: ]
[precise_float_parser: 0]
[parser_config_file: ]
[objective_seed: 8855]
[num_class: 1]
[is_unbalance: 0]
[scale_pos_weight: 1]
[sigmoid: 1]
[boost_from_average: 1]
[reg_sqrt: 0]
[alpha: 0.9]
[fair_c: 1]
[poisson_max_delta_step: 0.7]
[tweedie_variance_power: 1.5]
[lambdarank_truncation_level: 30]
[lambdarank_norm: 1]
[label_gain: ]
[lambdarank_position_bias_regularization: 0]
[eval_at: ]
[multi_error_top_k: 1]
[auc_mu_weights: ]
[num_machines: 1]
[local_listen_port: 12400]
[time_out: 120]
[machine_list_filename: ]
[machines: ]
[gpu_platform_id: -1]
[gpu_device_id: -1]
[gpu_device_id_list: ]
[gpu_use_dp: 0]
[num_gpu: 1]

end of parameters

pandas_categorical:[["Pune", "Pimpri", "Manjri", "Moshi", "Khadki", "Khed(Chakan)", "Manchar", "Junnar", "Otur", "Narayangaon", "Alephata", "Baramati", "Shirur", "Indapur", "Vashi", "Kalyan"], ["Onion", "Tomato", "Potato"]]
