tree
version=v4
num_class=1
num_tree_per_iteration=1
label_index=0
max_feature_idx=22
objective=quantile
feature_names=market commodity horizon dow month festival_3d monsoon days_since_last_report reports_last_7d is_synthetic y_lag_1 y_lag_2 y_lag_3 y_lag_7 y_lag_14 y_roll_mean_7 y_roll_std_7 y_roll_mean_14 y_roll_std_14 y_roll_mean_28 y_roll_std_28 price_lag_1 price_roll_mean_7
feature_infos=-1:0:14:4:5:1:3:2:9:10:6:15:13:7:11:12:8 -1:1:0:2 [1:3] [0:6] [1:12] [0:1] [0:1] [0:2139] [0:7] [0:1] [0.095310179804324865:9.9306648805409203] [0.095310179804324865:9.1675372496508736] [0.095310179804324865:9.9306648805409203] [0.095310179804324865:9.9306648805409203] [0.095310179804324865:9.1675372496508736] [0.095310179804324865:8.1172527553088116] [0:3.5854306930423725] [0.13881586829913975:8.2737290615661614] [0:3.4275755394150873] [0.12431397213420176:8.1655501931097731] [0:3.4275755394150873] [4.3307333402863311:9.3927452586314413] [4.5068097260101831:9.1632077885320147]
tree_sizes=2856 2766 2756 2833 2811 2794 2845 2887 2859 2921 2911 2986 2917 2992 3002 2989 3027 3001 3018 3024 2977 3002 2974 3019 3050 3015 2994 2951 2970 2993 3010 3025 2997 3022 2977 3003 3033 2976 3051 3002 3047 2960 2992 3079 3019 3067 3051 3026 3041 3063 3028 3013 3030 3035 2974 2973 3025 3053 3015 3037 3005 3065 2991 3048 2967 3058 3075 3054 3014 3071 2951 3054 3044 3043 3022 3046 3040 3028 3043 2997 3038 3067 3051 3082 3016 3055 3013 2999 3014 3017 2975 2976 3050 3026 3004 3004 3043 2993 3000 3043 2976 2974 3053 3000 2993 3001 3053 2971 3003 2948 2942 3008 2977 3040 3014 3038 3046 2994 3000 2996 3037 2983 2956 2915 3049 2941 3024 3008 3018 3012 2982 3043 2959 2961 3025 2994 2982 3027 3045 3065 2969 3052 3036 2992 3064 3001 3025 3037 3010 3031 2985 2999 3085 2983 3026 3007 3043 2962 3000 3074 2970 2982 2974 3001 3050 2944 3010 2917 2969 3010 2991 2973 3023 2986 3009 3075 2978 3018 2998 3021 3053 2986 2963 2976 3081 2999 3014 2979 2996 3030 2989 2982 3015 3008 2965 3027 2993 2996 3069 2992 2963 2996 2936 3026 3027 2993 3035 2927 3000 2961 2994 3017 2929 2997 2967 2962 2965 2886 3011 2878 3024 3049 3019 2970 2990 2964 2991 3010 2968 3045 2879 2929 3040 2978 2880 2983 3002 3037 3023 3072 2934 3077 3009 2906 3032 2970 2998 2965 2991 2915 3010 2980 3012 2975 2964 2993 2915 3029 3004 3007 2943 3008 2971 2975 2968 2957 2925 3038 2892 2954 3026 3009 2983 3000 3015 2939 2916 2988 2934 2938 2906 2974 2895 2990 3007 3009 2943 2961 2993 3008 2946 2989 2984 3003 3003 3000 3034 3022 2980 3013

Tree=0
num_leaves=31
num_cat=4
split_feature=19 17 19 20 18 17 10 0 17 18 19 10 3 19 10 0 0 10 16 3 3 17 20 20 1 3 3 20 12 17
split_gain=7790.87 837.094 487.663 138.968 128.964 96.7521 64.1901 99.781 97.7153 51.2984 45.5411 30.8338 26.8692 25.3039 22.3758 20.3982 19.5245 19.3123 16.8953 16.6062 14.8201 13.4568 12.2126 11.6818 11.0841 10.2869 10.2188 9.53649 9.4681 8.86811
threshold=1.0255392914031602 0.78025122936348168 1.3797641028970766 0.11018371921388019 0.17747559858859846 0.91349761680848707 0.71754226264466137 0 0.98730944213345295 0.20194262753500059 0.5627626210639648 0.71754226264466137 1.5000000000000002 1.7639674188252872 0.71754226264466137 1 2 0.71754226264466137 1.0000000180025095e-35 1.5000000000000002 5.5000000000000009 1.0936632069749466 0.39720626636520556 0.51542064908199159 3 5.5000000000000009 5.5000000000000009 0.23409538931324955 0.76519735254682386 1.055825952983239
decision_type=8 10 10 10 10 10 10 1 10 8 10 10 2 10 10 1 1 10 10 2 2 8 10 10 1 2 2 10 10 10
left_child=1 3 6 -1 -3 11 7 8 -2 14 -11 18 16 23 26 24 -7 -14 -6 -13 27 -8 -17 -4 -9 28 -5 -12 -20 -10
right_child=2 4 13 9 5 12 21 15 29 10 20 19 17 -15 -16 22 -18 -19 25 -21 -22 -23 -24 -25 -26 -27 -28 -29 -30 -31
leaf_value=0.68199000507593155 0.67876307815313341 0.69314718246459961 0.71342043876647954 0.67531343549489975 0.69314718246459961 0.69314718246459961 0.69314718246459961 0.69314718246459961 0.69314718246459961 0.66760590150952337 0.67876307815313341 0.68199000507593155 0.69314718246459961 0.79711925983428955 0.68502123653888702 0.77361907958984377 0.69314718246459961 0.69314718246459961 0.69314718246459961 0.69058251678943638 0.68199000507593155 0.69314718246459961 0.69314718246459961 0.69314718246459961 0.69058251678943638 0.69314718246459961 0.68199000507593155 0.67531343549489975 0.69058251678943638 0.69314718246459961
leaf_weight=5083 1128 1493 3575 3498 652 543 1351 623 330 789 426 613 1521 129392 588 926 727 1901 1432 1413 368 4947 33 974 960 430 655 1569 893 1366
leaf_count=5083 1128 1493 3575 3498 652 543 1351 623 330 789 426 613 1521 129392 588 926 727 1901 1432 1413 368 4947 33 974 960 430 655 1569 893 1366
internal_value=0.692638 0.666609 0.697035 0.657881 0.676358 0.674335 0.687229 0.683211 0.676764 0.662033 0.666976 0.669793 0.679594 0.697888 0.658746 0.690447 0.673383 0.681899 0.666888 0.674677 0.670449 0.690653 0.696186 0.694223 0.686973 0.668601 0.657454 0.668749 0.667287 0.684291
internal_weight=170199 24594 145605 12976 11618 10125 11664 5366 2824 7893 3152 5433 4692 133941 4741 2542 1270 3422 3407 2026 2363 6298 959 4549 1583 2755 4153 1995 2325 1696
internal_count=170199 24594 145605 12976 11618 10125 11664 5366 2824 7893 3152 5433 4692 133941 4741 2542 1270 3422 3407 2026 2363 6298 959 4549 1583 2755 4153 1995 2325 1696
cat_boundaries=0 1 2 3 4
cat_threshold=82 772 2 1
is_linear=0
shrinkage=1


Tree=1
num_leaves=31
num_cat=2
split_feature=19 17 18 19 10 12 17 19 17 17 17 17 11 20 17 18 15 15 15 11 3 0 10 10 3 19 0 3 10 3
split_gain=2163.71 1018.07 320.857 181.922 164.978 126.223 78.6454 35.3943 31.1699 29.8714 29.6673 28.4267 28.1041 26.9425 23.9845 22.3201 19.54 17.796 17.0947 15.0413 13.109 16.7272 13.0969 12.902 13.2559 12.058 11.8982 13.0088 11.7983 11.7691
threshold=0.69313598503394624 1.4353722689521928 0.1732905854204623 1.0255392914031602 0.71754226264466137 0.76519735254682386 0.59996186150929509 1.7639674188252872 0.78025122936348168 0.78025122936348168 0.74681446639988591 0.91349761680848707 0.66750053336617021 0.28718428115914996 0.91349761680848707 0.1801625381390938 0.82830221659600056 0.69331376394879285 1.0822341040532628 0.66750053336617021 1.5000000000000002 0 0.66750053336617021 0.66750053336617021 5.5000000000000009 0.51681150891685557 1 1.5000000000000002 0.66750053336617021 1.5000000000000002
decision_type=8 8 10 10 10 10 10 10 10 10 10 10 8 10 10 8 10 10 10 8 2 1 8 8 2 10 1 2 8 2
left_child=6 2 9 4 5 8 15 22 10 12 -4 13 -2 19 17 -1 -10 -7 26 -6 21 -13 -3 -19 -25 -17 27 -5 -14 -16
right_child=1 7 3 18 11 14 -8 -9 16 -11 -12 20 28 -15 29 25 -18 23 -20 -21 -22 -23 -24 24 -26 -27 -28 -29 -30 -31
leaf_value=-0.020981286838650706 -0.010265490040183067 -0.023457610240609123 -0.016942059621214867 0 -0.011028944104909899 -0.014255871027708056 -0.016942059621214867 0.098773473501205453 0 0 -0.0016729783266782761 -0.0081259459257125854 -0.0072342585772275925 -0.013792862175777926 0 -0.024649593606591226 0 -0.014255871027708056 0 0.00012823328375816123 0 0 0.00055785886943340304 0.00012823328375816123 0 -0.024456904966957519 0 0 0.00055785886943340304 0
leaf_weight=1978 139 35 423 538 139 140 1169 128956 1927 2439 260 316 82 842 294 687 1411 276 5692 1519 1870 441 6969 784 119 506 1020 1437 6544 735
leaf_count=1978 139 35 423 538 139 140 1169 128956 1927 2439 260 316 82 842 294 687 1411 276 5692 1519 1870 441 6969 784 119 506 1020 1437 6544 735
internal_value=0.00194644 0.00286116 -0.00557781 -0.00910593 -0.0132324 -0.0186065 -0.0329032 0.0046852 -0.0239853 0.00215884 -0.0142533 -0.00655647 0.00386918 -0.00274 -0.00939523 -0.0369899 -0.0259766 -0.00493177 -0.0036451 0.000958987 -0.0101884 -0.0157398 0.00122359 -0.00293045 -3.87595e-05 -0.0315884 -0.00670284 -0.00895466 0.00433595 -0.0151166
internal_weight=169687 165347 29387 20183 11496 6369 4340 135960 4021 9204 683 5127 6765 2500 2348 3171 3338 1319 8687 1658 2627 757 7004 1179 903 1193 2995 1975 6626 1029
internal_count=169687 165347 29387 20183 11496 6369 4340 135960 4021 9204 683 5127 6765 2500 2348 3171 3338 1319 8687 1658 2627 757 7004 1179 903 1193 2995 1975 6626 1029
cat_boundaries=0 1 2
cat_threshold=2 210
is_linear=0
shrinkage=0.05


Tree=2
num_leaves=31
num_cat=0
split_feature=19 19 18 10 19 12 15 10 18 19 19 3 15 20 19 16 18 20 14 3 3 20 18 3 10 19 20 12 3 19
split_gain=2189.33 970.194 303.473 194.224 158.352 133.207 71.4716 32.1741 31.3777 29.216 25.1578 21.3819 19.2036 23.3559 18.296 13.9876 12.2162 11.5729 11.2961 11.1675 10.2129 9.49548 9.19535 8.73066 8.40176 8.38645 8.34335 7.07472 7.00344 6.85365
threshold=0.69313598503394624 1.48602304971439 0.17534365059637938 0.71754226264466137 1.0255392914031602 0.71754226264466137 0.6326014616045107 0.66750053336617021 0.1801625381390938 1.9547769238740993 0.80899435430513533 5.5000000000000009 1.1466826661742766 0.28300211126765118 0.51681150891685557 0.19053400032929799 0.21793057105011102 0.49064036881144041 0.66750053336617021 1.5000000000000002 4.5000000000000009 0.15998062687623912 1.3443542651790756 1.5000000000000002 1.3986406674150766 1.1049495634879478 0.20828139182542335 1.3986406674150766 1.5000000000000002 0.89677138669543865
decision_type=8 8 10 10 10 10 10 8 8 10 10 2 10 10 10 8 10 8 8 2 2 10 10 2 8 10 10 8 2 10
left_child=6 2 7 4 5 11 8 -2 -1 17 18 15 13 26 -10 21 -7 -3 -9 -8 -16 -4 -6 29 -19 -15 -5 -26 -17 -18
right_child=1 9 3 12 22 16 19 10 14 -11 -12 -13 -14 25 20 28 23 24 -20 -21 -22 -23 -24 -25 27 -27 -28 -29 -30 -31
leaf_value=-0.019932222496718166 -0.0070548125542700298 0.019259593486785888 0 0 0 0 -0.019972837511450056 -0.0072063741274178035 -0.023417113926261664 0.099723953306674967 0 0 0 -0.0099096754104457622 -0.021813955421090422 0 -0.01277962341159582 -0.0052959183417260643 0.00052996592596173402 -0.013130704034119846 -0.012618556303798248 -0.00082587534561753275 -2.7892943471669043e-05 -0.0051462037786841443 -0.010137277543544772 0 0 0.00069131227210164072 0 0
leaf_weight=2101 223 4389 57 1529 3228 841 229 80 661 126546 3319 632 4188 1809 565 692 207 426 6306 616 210 929 27 1147 262 739 2747 3291 1662 197
leaf_count=2101 223 4389 57 1529 3228 841 229 80 661 126546 3319 632 4188 1809 565 692 207 426 6306 616 210 929 27 1147 262 739 2747 3291 1662 197
internal_value=0.00196653 0.00289029 -0.00515413 -0.00861059 -0.0138013 -0.0183894 -0.0329165 0.00202861 -0.0360376 0.00471241 0.00246007 -0.024003 -0.00407646 -0.00571219 -0.0303412 -0.0255988 -0.00906773 0.0018511 0.00429533 -0.0198521 -0.025129 -0.0305984 -0.00483103 -0.0116989 -0.000101784 -0.00950157 -0.00345416 0.00069378 -0.0235047 -0.0180198
internal_weight=169855 165473 30559 20631 9619 6364 4382 9928 3537 134914 9705 3972 11012 6824 1436 3340 2392 8368 6386 845 775 986 3255 1551 3979 2548 4276 3553 2354 404
internal_count=169855 165473 30559 20631 9619 6364 4382 9928 3537 134914 9705 3972 11012 6824 1436 3340 2392 8368 6386 845 775 986 3255 1551 3979 2548 4276 3553 2354 404
is_linear=0
shrinkage=0.05


Tree=3
num_leaves=31
num_cat=3
split_feature=17 19 18 12 17 19 16 20 7 17 17 19 19 22 11 14 16 15 11 0 15 19 17 1 0 20 16 15 17 18
split_gain=2000.65 668.618 179.573 76.6849 67.128 48.3388 48.145 32.1056 31.9909 30.6228 26.4432 40.8955 23.0448 19.6627 17.4405 14.6321 14.3021 14.2685 13.4247 12.3608 11.2487 10.1956 9.86212 8.20039 7.93266 8.68191 7.52064 7.06395 7.72189 14.6738
threshold=0.69052922798166627 1.48602304971439 0.17534365059637938 0.85418893014450203 0.55268407174375156 1.0255392914031602 0.18690688136543657 1.0000000180025095e-35 1.0000000180025095e-35 0.78025122936348168 0.78025122936348168 0.51681150891685557 1.9547769238740993 6.9823099568885416 0.55920745798214477 0.66750053336617021 0.18348113040993175 0.67772355602398038 0.66750053336617021 0 0.86695541705920476 0.93846090247613578 0.5066056068032575 1 2 0.51542064908199159 0.7037746022395065 1.1030352793626377 0.91349761680848707 0.28688478949454005
decision_type=8 8 8 10 10 10 8 10 10 10 10 10 10 10 8 8 10 10 8 1 8 10 10 1 1 10 10 10 10 10
left_child=4 2 9 5 16 6 17 -8 20 15 11 -10 19 -6 -5 -2 -1 -4 -17 -3 -9 -12 23 -18 -7 -26 -22 28 29 -16
right_child=1 12 3 14 13 24 7 8 10 -11 21 -13 -14 -15 27 18 22 -19 -20 -21 26 -23 -24 -25 25 -27 -28 -29 -30 -31
leaf_value=-0.022246258229948579 -0.0072621514598253337 -3.4565613605080929e-05 -0.014206553487038864 -0.013644842020291037 -0.012124070767815343 0 0.0005034676296636454 -0.0081259459257125854 -0.021860881530679763 0 0 -0.0090043530760115838 0.094737755641341223 -0.01575846442776024 0.00012182161957025039 -0.0072328724237158918 -0.01504234198700562 0 0.0005034676296636454 0.020510159275494516 0 0 -0.018894584484173804 -0.022937746618874367 0 -2.7892943471669043e-05 -0.0024873230756433545 0 0 -0.013241518438234928
leaf_weight=1832 101 3569 84 237 508 1267 232 2018 89 2552 744 332 126406 1390 1453 82 46 1337 6543 4793 2189 282 188 473 1906 400 51 4855 3192 423
leaf_count=1832 101 3569 84 237 508 1267 232 2018 89 2552 744 332 126406 1390 1453 82 46 1337 6543 4793 2189 282 188 473 1906 400 51 4855 3192 423
internal_value=0.00233125 0.00322148 -0.00348069 -0.00603077 -0.0308012 -0.00893743 -0.0112544 -0.0132331 -0.0139746 0.00231623 -0.0203974 -0.00984561 0.00473176 -0.0236881 -0.00290354 0.00408564 -0.0361185 -0.00298733 0.00437358 0.00218967 -0.0117919 -0.0247271 -0.0300778 -0.033632 -0.00416597 -0.00590242 -0.00935268 -0.00258339 -0.00388911 -0.00134328
internal_weight=169574 165137 30369 21091 4437 10931 7358 5937 5705 9278 1447 421 134768 1898 10160 6726 2539 1421 6625 8362 4258 1026 707 519 3573 2306 2240 9923 5068 1876
internal_count=169574 165137 30369 21091 4437 10931 7358 5937 5705 9278 1447 421 134768 1898 10160 6726 2539 1421 6625 8362 4258 1026 707 519 3573 2306 2240 9923 5068 1876
cat_boundaries=0 1 2 3
cat_threshold=834 1 548
is_linear=0
shrinkage=0.05


Tree=4
num_leaves=31
num_cat=0
split_feature=19 19 20 17 19 10 17 19 16 12 17 10 22 3 20 19 15 19 10 11 15 10 12 19 12 3 7 17 10 19
split_gain=1976.28 545.41 104.322 73.9878 61.3327 35.3912 33.7014 23.6877 27.618 21.3481 31.1928 17.8068 16.5777 14.4855 14.1851 13.5752 12.7649 11.2764 11.2383 11.2117 16.5649 22.6165 18.9272 16.3574 13.7916 13.3243 10.6891 10.3229 11.2586 12.587
threshold=0.69313598503394624 1.48602304971439 0.18583144032822482 0.55268407174375156 0.76473488021822422 0.66750053336617021 0.78025122936348168 1.0109539540236467 0.18230390763859158 1.011435595095721 0.78025122936348168 0.66750053336617021 6.9863232512415747 1.5000000000000002 0.14013748024560105 0.44493290734620144 0.67772355602398038 2.0460354156292682 0.50031594015395309 0.66750053336617021 0.86695541705920476 0.71754226264466137 0.71754226264466137 1.0255392914031602 0.66750053336617021 1.5000000000000002 1.0000000180025095e-35 1.1356036175575139 0.55920745798214477 0.76473488021822422
decision_type=8 10 10 10 10 10 8 10 8 10 10 8 8 2 10 10 10 10 8 8 8 10 10 10 8 2 10 8 10 10
left_child=3 2 6 14 -4 7 11 8 16 10 -10 -2 -5 -14 -1 -16 -6 -3 -8 -7 24 22 23 -22 -21 -24 -12 28 29 -20
right_child=1 17 4 12 5 19 18 -9 9 -11 26 -13 13 -15 15 -17 -18 -19 27 20 21 -23 25 -25 -26 -27 -28 -29 -30 -31
leaf_value=-0.017823298460384829 -0.0061384487186637322 0.0172432129052002 -0.012240218159784023 -0.011120894805386878 -0.018556014668646648 -0.012650068667921602 -0.016702373288784517 0 -0.011857390760532473 -0.00078408655007094488 -0.015972620092371402 0.00047829424818046087 -0.01818627241448954 -0.01411470529430113 -0.025064563298923894 -0.020767837454145774 1.6517545923960444e-05 0.093745934978872542 0 -0.014762510032134503 0 0 0 0 4.1293767280875526e-05 0 0 0.0001003403402864922 0 0
leaf_weight=1150 124 7183 1147 359 60 383 21 2394 386 481 249 5945 399 946 759 740 635 125318 66 153 604 9465 376 350 2761 1056 850 3139 2086 439
leaf_count=1150 124 7183 1147 359 60 383 21 2394 386 481 249 5945 399 946 759 740 635 125318 66 153 604 9465 376 350 2761 1056 850 3139 2086 439
internal_value=0.00248741 0.00336121 -0.00237263 -0.0307684 -0.00445902 -0.00382047 0.00139594 -0.00744313 -0.0106896 -0.0137182 -0.0166835 0.00399489 -0.0226408 -0.0200929 -0.0359966 -0.0327919 -0.0021223 0.00479661 -0.00134672 -0.00261157 -0.00239248 -0.00322293 -0.00757334 -0.0130293 0.000984901 -0.00393855 -0.0209782 -0.00121291 -0.00354882 -0.0102475
internal_weight=170024 165671 33170 4353 21350 20203 11820 5055 2661 1966 1485 6069 1704 1345 2649 1499 695 132501 5751 15148 14765 11851 2386 954 2914 1432 1099 5730 2591 505
internal_count=170024 165671 33170 4353 21350 20203 11820 5055 2661 1966 1485 6069 1704 1345 2649 1499 695 132501 5751 15148 14765 11851 2386 954 2914 1432 1099 5730 2591 505
is_linear=0
shrinkage=0.05


Tree=5
num_leaves=31
num_cat=5
split_feature=19 19 18 15 10 19 12 0 11 19 3 0 19 11 16 10 15 12 10 12 19 3 10 0 12 19 19 0 0 19
split_gain=1879.64 526.754 122.743 79.3814 58.6634 49.9315 39.7006 36.8776 26.0612 27.122 24.2018 21.8167 21.669 20.2892 16.3665 12.9467 24.0215 16.8929 16.1215 30.1463 18.3215 14.4377 11.9669 10.9749 9.19959 8.52664 8.22875 15.1221 8.07811 7.62843
threshold=0.69313598503394624 1.5448070016787989 0.17133088791590131 0.6326014616045107 0.66750053336617021 0.93846090247613578 1.0816615128302691 0 0.66750053336617021 0.80899435430513533 4.5000000000000009 1 2.3670058240928364 0.66750053336617021 1.0000000180025095e-35 1.1150072000796054 0.86695541705920476 0.66750053336617021 0.71754226264466137 0.71754226264466137 1.0255392914031602 1.5000000000000002 0.29941825054435206 2 0.66750053336617021 0.44493290734620144 0.80899435430513533 3 4 0.37250061371044813
decision_type=8 10 10 10 10 10 10 1 8 8 2 1 10 8 8 10 8 8 10 10 10 2 10 1 8 10 10 1 1 10
left_child=3 2 8 7 5 6 14 25 -2 24 -9 12 -3 -6 -4 16 17 -15 19 20 -18 -21 -8 26 -10 -1 27 -11 -7 -12
right_child=1 11 4 -5 13 28 22 10 9 23 29 -13 -14 15 -16 -17 18 -19 -20 21 -22 -23 -24 -25 -26 -27 -28 -29 -30 -31
leaf_value=-0.020934268784357703 -0.011175691039679862 -0.0042744034380093219 0 -0.014117245006607149 -0.01169527913588083 0 0.00011573053859174066 -0.020263386176245735 -0.0075130886832127297 -0.00097323886581406483 -0.020572205542430746 0.077627284965876023 0.044767058506570756 -0.012440167332983455 -0.011199395089714133 0 0 3.9229078916830366e-05 0 0 0 0 -0.012651303629736719 0.00050272785611450439 0.00045437953577143756 -0.010618321696604255 0 -0.015830166422157177 0 -0.012530843078002797
leaf_weight=1003 218 1644 129 841 551 1299 339 770 85 135 61 124347 5789 211 1802 4971 617 2934 5047 389 372 1158 110 2728 6228 1409 2226 510 1596 294
leaf_count=1003 218 1644 129 841 551 1299 339 770 85 135 61 124347 5789 211 1802 4971 617 2934 5047 389 372 1158 110 2728 6228 1409 2226 510 1596 294
internal_value=0.00242364 0.00327938 -0.00230352 -0.0299132 -0.00457027 -0.00915166 -0.0145168 -0.0331962 0.00171888 0.0020324 -0.0247357 0.00470519 0.00206436 -0.00308308 -0.0176308 -0.00275209 -0.00372949 -5.56437e-05 -0.0052532 -0.00850552 -0.0153236 -0.00414674 -0.00112472 -0.000500982 0.00427927 -0.0368869 -0.00265359 -0.00763566 -0.00474093 -0.0141549
internal_weight=169813 165435 33655 4378 21525 5275 2380 3537 12130 11912 1125 131780 7433 16250 1931 15699 10728 3145 7583 2536 989 1547 449 5599 6313 2412 2871 645 2895 355
internal_count=169813 165435 33655 4378 21525 5275 2380 3537 12130 11912 1125 131780 7433 16250 1931 15699 10728 3145 7583 2536 989 1547 449 5599 6313 2412 2871 645 2895 355
cat_boundaries=0 1 2 3 4 5
cat_threshold=80 322 596 16 8996
is_linear=0
shrinkage=0.05


Tree=6
num_leaves=31
num_cat=5
split_feature=19 19 18 15 17 0 17 15 0 19 19 3 0 3 14 20 3 17 15 17 17 17 20 18 19 3 20 0 1 20
split_gain=1759.49 417.345 83.239 73.0653 45.6213 39.2299 29.5771 32.0942 21.7081 20.3758 18.3185 15.7474 12.1537 11.842 11.5367 11.0278 13.4187 10.6803 10.6274 9.34933 9.09562 8.32673 8.27659 8.17374 8.02058 7.97737 7.85271 12.5576 13.3466 7.77859
threshold=0.69313598503394624 1.5448070016787989 0.18778648180323185 0.6326014616045107 0.74681446639988591 0 0.78025122936348168 0.67772355602398038 1 0.5627626210639648 2.3670058240928364 1.5000000000000002 2 5.5000000000000009 0.66750053336617021 0.26216723260403624 1.0000000180025095e-35 0.4442786027031228 1.0515582053326162 0.91349761680848707 1.1585675402899553 1.0936632069749466 0.40106143004097478 1.9270511509625721 0.84542140545931754 5.5000000000000009 0.59714691507629836 3 4 0.19683398632567253
decision_type=8 10 10 10 10 1 8 8 1 10 10 2 1 2 8 10 2 8 8 10 10 10 10 10 10 2 8 1 1 10
left_child=3 2 6 5 22 17 7 -2 10 13 -3 15 26 -7 -9 19 18 -1 -17 -6 29 -21 -4 -12 -18 -11 -8 -28 -29 -13
right_child=1 8 4 -5 11 9 12 14 -10 25 23 20 -14 -15 -16 16 24 -19 -20 21 -22 -23 -24 -25 -26 -27 27 28 -30 -31
leaf_value=-0.019887555345139821 -0.010189160636491619 -0.0040606832661088553 -0.010763270390298707 -0.01341138283492639 3.7267624970988014e-05 -0.019440044046805771 0 -0.0042692283140177015 0.074596650831763284 -0.01607684700359514 0.058451395019108433 3.9332313335033181e-05 3.9332313335033181e-05 -0.019543595265309206 0.00043166055898286596 -0.0094024689129846711 -0.015586178561844946 -0.01221476328541149 0 0 0 6.411672499996079e-05 -0.019154454686036819 -0.0065127563633378578 0 -0.0039698556200253197 -0.017753907963144973 -0.015410494534808887 -0.0010443215633492574 0
leaf_weight=946 133 1629 731 853 958 492 2185 88 124213 411 4699 1122 4124 95 6722 546 145 1489 1006 820 4583 436 156 1103 1200 86 411 79 71 8272
leaf_count=946 133 1629 731 853 958 492 2185 88 124213 411 4699 1122 4124 95 6722 546 145 1489 1006 820 4583 436 156 1103 1200 86 411 79 71 8272
internal_value=0.00260518 0.00343259 -0.00152451 -0.0287031 -0.00358824 -0.0318855 0.00145986 0.00376134 0.00470489 -0.0230622 0.00207029 -0.00307313 -0.000866084 -0.0295826 0.00423642 -0.00544805 -0.00747843 -0.0355726 -0.00431057 -0.00279133 -0.00220469 -0.00562898 -0.0146731 0.00338849 -0.0111338 -0.0158249 -0.00343614 -0.00872549 -0.020625 -0.00309559
internal_weight=169804 165432 33788 4372 19975 3519 13813 6943 131644 1084 7431 19088 6870 587 6810 5111 2897 2435 1552 2214 13977 1256 887 5802 1345 497 2746 561 150 9394
internal_count=169804 165432 33788 4372 19975 3519 13813 6943 131644 1084 7431 19088 6870 587 6810 5111 2897 2435 1552 2214 13977 1256 887 5802 1345 497 2746 561 150 9394
cat_boundaries=0 1 2 3 4 5
cat_threshold=80 322 80 64 4
is_linear=0
shrinkage=0.05


Tree=7
num_leaves=31
num_cat=4
split_feature=17 19 17 20 19 0 19 10 19 0 15 17 12 0 1 19 15 3 10 19 14 20 17 10 3 20 15 10 17 12
split_gain=1639.23 384.199 82.1912 66.7189 45.6726 32.3506 29.96 23.774 21.4982 20.1626 17.225 16.3097 18.9228 14.9071 13.7529 13.4426 12.8694 12.298 12.1497 12.0452 10.1884 9.13915 8.13112 8.12027 7.78538 7.63144 11.8825 6.47852 6.33895 7.60819
threshold=0.69052922798166627 1.6980024465099646 0.5066056068032575 0.18583144032822482 0.76473488021822422 0 0.61045721236882844 0.66750053336617021 0.78932121774321995 1 1.4631823650361409 0.91349761680848707 0.66750053336617021 2 3 5.1232513114130089 0.6326014616045107 5.5000000000000009 1.1150072000796054 0.51681150891685557 0.66750053336617021 0.29428134957163604 0.4442786027031228 0.50031594015395309 1.5000000000000002 0.71009559733035432 1.9596169553346174 0.71754226264466137 1.1356036175575139 0.76519735254682386
decision_type=8 10 10 10 10 1 8 8 8 1 10 8 8 1 1 10 10 2 10 10 8 10 10 8 2 10 8 8 10 10
left_child=2 3 14 6 19 17 -2 -6 20 15 11 12 -9 23 -1 25 -7 -4 24 -5 -8 -14 -16 -10 27 -3 -27 -13 29 -26
right_child=1 9 5 4 7 16 8 10 13 -11 -12 18 21 -15 22 -17 -18 -19 -20 -21 -22 -23 -24 -25 28 26 -28 -29 -30 -31
leaf_value=-0.013749807677171683 -0.018938426105958486 0.013655681472242987 -0.014819666839092189 -0.022207726784898969 -0.013248491935019299 -0.0089266600061487355 -0.0038472900336481842 -0.013570630899981485 -0.016105403464244251 0.077702374320448561 0.008769855470058225 0 3.7267624970988014e-05 0.03469274210510484 -0.018893177577882826 0.21878208492696649 -0.0091876816765517847 -0.0072979541937575445 0 -0.010537568272947785 0.00041007753103372015 -0.0039391140803781751 -0.014465906597473372 -1.9666156667541569e-06 0 -0.024130905404683302 -0.003857649102803418 0 0 0
leaf_weight=138 60 2473 1045 58 663 1025 85 298 28 121663 2738 561 3795 1564 1251 3297 307 197 3968 1079 6579 1117 552 3574 2249 238 2112 1951 2827 2406
leaf_count=138 60 2473 1045 58 663 1025 85 298 28 121663 2738 561 3795 1564 1251 3297 307 197 3968 1079 6579 1117 552 3574 2249 238 2112 1951 2827 2406
internal_value=0.00264241 0.00345389 -0.0270819 -0.00114747 -0.0026803 -0.0212238 0.00190917 -0.00218779 0.00208791 0.00471606 -0.00190552 -0.00243532 -4.79845e-05 -0.000332946 -0.0348506 0.00229397 -0.0267437 -0.0149681 -0.00332617 -0.0124582 0.00396459 0.000694218 -0.036015 -0.00210133 -0.00425555 0.000614763 -0.00142553 -0.00666401 -0.00344694 -0.0045811
internal_weight=169898 165383 4515 35600 23710 2574 11890 22573 11830 129783 21910 19172 5210 5166 1941 8120 1332 1242 13962 1137 6664 4912 1803 3602 9994 4823 2350 2512 7482 4655
internal_count=169898 165383 4515 35600 23710 2574 11890 22573 11830 129783 21910 19172 5210 5166 1941 8120 1332 1242 13962 1137 6664 4912 1803 3602 9994 4823 2350 2512 7482 4655
cat_boundaries=0 1 2 3 4
cat_threshold=518 338 598 1
is_linear=0
shrinkage=0.05


Tree=8
num_leaves=31
num_cat=5
split_feature=17 19 17 20 19 19 19 10 17 11 0 0 3 12 17 20 19 1 10 17 10 1 17 10 3 0 3 22 19 11
split_gain=1469.03 367.378 92.5845 64.0155 41.8539 30.4365 29.0457 20.7812 21.0087 19.4864 18.5804 17.8313 14.3838 13.055 12.0954 11.7688 11.5914 11.4728 11.0667 9.43551 9.08224 8.41376 8.37237 9.06787 6.82725 6.81672 9.4193 10.0706 7.0812 6.69111
threshold=0.69052922798166627 2.0020384793549453 0.5066056068032575 0.18583144032822482 1.3797641028970766 0.44493290734620144 0.76473488021822422 0.61482027553725704 0.91349761680848707 0.66750053336617021 0 1 5.5000000000000009 0.66750053336617021 0.4442786027031228 2.2104301787485565 0.51681150891685557 2 1.1150072000796054 0.78025122936348168 0.66750053336617021 3 2.4672079010094206 1.5368094061055315 5.5000000000000009 4 5.5000000000000009 7.201171826025349 1.067399824890072 0.61482027553725704
decision_type=8 10 10 8 8 10 10 8 8 8 1 1 2 8 10 10 10 1 10 10 8 1 10 8 2 1 2 10 10 10
left_child=2 3 14 5 6 -2 16 -8 9 -9 17 12 -4 -11 21 22 -5 -6 25 20 -7 -1 23 -3 -18 28 27 -27 -10 -13
right_child=1 15 11 4 10 19 7 8 18 13 -12 29 -14 -15 -16 -17 24 -19 -20 -21 -22 -23 -24 -25 -26 26 -28 -29 -30 -31
leaf_value=-0.017246425485015936 -0.017925474957373368 -0.022924360134449141 -0.014439934408681335 -0.021097340175947811 0.0006264532444733462 -0.0051706714550098405 -0.012980109037642469 -0.012082722517235363 0 -0.012527102659701198 0.013375452432817059 -0.0089768628157093078 -0.0051244237570038246 3.5404243722436671e-05 -0.013485367773859169 -0.0059942360900307919 -0.01010592136418376 -0.0057931859535016511 0 9.8330783337985405e-08 0.00038957365448203388 -0.021559939571847611 0.089435985195795764 0.022088974821726538 -0.0041034717376364832 0 0 0 0 -0.0081438137962399799
leaf_weight=636 52 184 1053 51 1693 96 539 299 1007 208 5505 996 194 4788 635 644 929 2775 3650 3342 6176 658 117155 7545 183 4035 994 1686 1547 297
leaf_count=636 52 184 1053 51 1693 96 539 299 1007 208 5505 996 194 4788 635 644 929 2775 3650 3342 6176 658 117155 7545 183 4035 994 1686 1547 297
internal_value=0.00266443 0.00343018 -0.0256221 -0.00077171 -0.00191559 0.00276536 -0.00323961 -0.00276409 -0.00247776 0.000174693 0.000728467 -0.0193504 -0.0146102 0.000916734 -0.0338802 0.00475424 -0.0109071 -0.00166592 -0.0035649 0.00297171 0.00411511 -0.0366538 0.004789 0.00319511 -0.00983813 -0.00448322 -0.0053197 -0.0061082 -0.00225429 -0.0236262
internal_weight=169552 165083 4469 39555 29889 9666 19916 18753 18214 5295 9973 2540 1247 4996 1929 125528 1163 4468 12919 9614 6272 1294 124884 7729 1112 9269 6715 5721 2554 1293
internal_count=169552 165083 4469 39555 29889 9666 19916 18753 18214 5295 9973 2540 1247 4996 1929 125528 1163 4468 12919 9614 6272 1294 124884 7729 1112 9269 6715 5721 2554 1293
cat_boundaries=0 1 2 3 4 5
cat_threshold=834 518 1 4 804
is_linear=0
shrinkage=0.05


Tree=9
num_leaves=31
num_cat=5
split_feature=17 19 15 20 19 19 19 0 10 17 11 15 20 0 0 15 16 15 13 17 0 19 16 3 0 11 3 12 6 3
split_gain=1311.65 355.54 77.7611 62.1023 38.579 31.6483 26.8861 17.9325 17.1244 22.1354 16.7041 16.5713 14.7987 15.1801 13.9626 13.6804 11.8176 12.6567 10.7286 10.2796 10.0315 9.4596 9.11429 8.86231 8.39243 8.22556 7.75579 7.30478 7.21306 6.55222
threshold=0.69052922798166627 2.0020384793549453 0.50079639456068015 0.18583144032822482 1.3266648380579023 0.44493290734620144 0.73026094190808244 0 0.66750053336617021 0.91349761680848707 0.66750053336617021 0.6326014616045107 0.69529611376793155 1 2 1.9596169553346174 1.7706096132390063 1.0822341040532628 0.66750053336617021 0.78025122936348168 3 0.51681150891685557 0.7037746022395065 4.5000000000000009 4 0.66750053336617021 5.5000000000000009 0.66750053336617021 1.0000000180025095e-35 5.5000000000000009
decision_type=8 10 10 8 8 10 10 1 8 10 8 10 8 1 1 8 10 10 8 10 1 10 10 2 1 8 2 8 2 2
left_child=2 3 23 5 6 -2 21 12 -8 10 -10 20 -6 28 15 -3 17 -11 -12 25 26 -5 -17 -1 29 -7 -4 -20 -14 -25
right_child=1 14 11 4 7 19 8 -9 9 16 18 -13 13 -15 -16 22 -18 -19 27 -21 -22 -23 -24 24 -26 -27 -28 -29 -30 -31
leaf_value=-0.017072937768892134 -0.017095231052791888 -0.024028808875535469 -0.013560265132712929 -0.020042473436856625 0.0034330132859633163 -0.0052657341576977882 -0.011246895497920843 0.01965138625114813 -0.011478586391373592 0 -0.01159494615554541 -0.011105351497879713 -0.017051884034237477 -0.0076296764048644538 0.07461348174289073 0.044536066707156818 -0.00046359642262741032 0 -0.011810820748813119 9.3414244173306571e-08 -0.0077819142015274796 -0.010357702497009652 -0.0056945242855292568 -0.020173443496298168 -0.015569559411533852 0.00037009497175793384 -0.0032256665124600391 3.3634031536317059e-05 -0.012847045788923983 -0.008836225659180864
leaf_weight=1479 48 143 552 49 4657 87 729 3643 352 6232 285 841 56 2091 119572 4857 24 5739 180 3305 889 683 1374 83 383 6223 98 4945 103 96
leaf_count=1479 48 143 552 49 4657 87 729 3643 352 6232 285 841 56 2091 119572 4857 24 5739 180 3305 889 683 1374 83 383 6223 98 4945 103 96
internal_value=0.0027326 0.00345111 -0.024145 -0.000692222 -0.00182276 0.00279054 -0.00315642 0.000606635 -0.00278427 -0.00247592 7.1156e-05 -0.0180042 -0.000891282 -0.00422222 0.0047483 0.00245457 -0.00369946 -0.00362919 0.000757856 0.00299272 -0.0210884 -0.0125546 0.00280934 -0.0313057 -0.0259609 0.00417591 -0.0153788 0.00128293 -0.0186686 -0.0140476
internal_weight=169798 165377 4421 39431 29768 9663 19218 10550 18486 17757 5762 2380 6907 2250 125946 6374 11995 11971 5410 9615 1539 732 6231 2041 562 6310 650 5125 159 179
internal_count=169798 165377 4421 39431 29768 9663 19218 10550 18486 17757 5762 2380 6907 2250 125946 6374 11995 11971 5410 9615 1539 732 6231 2041 562 6310 650 5125 159 179
cat_boundaries=0 1 2 3 4 5
cat_threshold=850 16 322 518 514
is_linear=0
shrinkage=0.05


Tree=10
num_leaves=31
num_cat=3
split_feature=19 19 15 18 17 17 19 13 0 15 18 17 17 10 15 0 0 17 18 3 15 19 10 15 10 18 3 3 15 10
split_gain=1334.37 341.68 79.701 69.7373 49.1443 32.43 23.1813 14.9604 14.1045 14.2881 12.5992 14.5638 16.7766 12.6612 20.7823 12.476 12.3558 11.5797 10.8897 10.6963 9.74988 8.52197 8.2462 7.62007 7.34035 7.19514 6.6325 11.5091 6.01498 6.36511
threshold=0.69313598503394624 2.0020384793549453 0.54811503264236405 0.18204584285826816 1.3362866406016531 0.74681446639988591 0.44493290734620144 0.66750053336617021 0 1.9596169553346174 0.29003673345652814 0.91349761680848707 1.0750556815368335 1.0816615128302691 0.6326014616045107 1 2 0.78025122936348168 0.13683867330131175 1.5000000000000002 0.37012364598125269 5.1232513114130089 0.66750053336617021 0.6326014616045107 0.66750053336617021 0.86343942104751992 1.5000000000000002 1.0000000180025095e-35 0.86695541705920476 1.1150072000796054
decision_type=8 10 10 8 8 10 10 8 1 8 10 10 10 8 10 1 1 10 8 2 8 10 8 10 8 10 2 2 10 8
left_child=2 3 6 7 5 -5 -1 -2 9 -3 11 13 28 14 -7 -6 19 22 -8 -4 -20 -11 -9 -18 -12 -17 27 -26 -13 -30
right_child=1 8 16 4 15 10 18 17 -10 21 24 12 -14 -15 -16 25 23 -19 20 -21 -22 -23 -24 -25 26 -27 -28 -29 29 -31
leaf_value=-0.016236510002823556 -0.0062535644562325514 -0.022827368431758699 -0.013709797631494042 -0.011060068420804866 -0.00044111391451525685 -0.0038617236811370817 -0.0073511660404776361 -0.0048353298536516582 0.070882807655746199 0.0065124175684903585 -0.012417317059396334 0 0 0.00011041524358025302 -5.3152950114876423e-06 0.0079294321841192061 -0.0079319698740601113 8.87435319674168e-08 -0.019957982368605437 -0.009725077537891853 -0.012811998265278136 0.20218890994344677 0.00035159022317003967 -0.0086578215036949759 -0.00026085820176892816 -0.00035735399740671265 0 -0.00043982193937915065 0 0
leaf_weight=1306 224 138 275 894 5086 66 696 115 119422 2945 468 481 2629 2025 2241 5537 529 3935 93 647 605 3250 6615 290 906 23 4537 756 2313 870
leaf_count=1306 224 138 275 894 5086 66 696 115 119422 2945 468 481 2629 2025 2241 5537 529 3935 93 647 605 3250 6615 290 906 23 4537 756 2313 870
internal_value=0.00274037 0.00346624 -0.0243065 -0.000576395 -0.0018639 -0.00344331 -0.0296852 0.00283268 0.00474315 0.00243024 -0.00296322 -0.00189412 -0.00343 0.000337027 -0.00219549 0.000834116 -0.015965 0.00310127 -0.0252009 -0.0115236 -0.020788 0.00278854 0.00436107 -0.020573 -0.00466702 0.00246858 -0.00421116 -0.00691336 -0.00561681 -0.00640434
internal_weight=169917 165476 4441 39721 28832 18186 2700 10889 125755 6333 17292 10625 6293 4332 2307 10646 1741 10665 1394 922 698 6195 6730 819 6667 5560 6199 1662 3664 3183
internal_count=169917 165476 4441 39721 28832 18186 2700 10889 125755 6333 17292 10625 6293 4332 2307 10646 1741 10665 1394 922 698 6195 6730 819 6667 5560 6199 1662 3664 3183
cat_boundaries=0 1 2 3
cat_threshold=322 834 518
is_linear=0
shrinkage=0.05


Tree=11
num_leaves=31
num_cat=3
split_feature=17 17 17 18 10 0 17 11 0 10 12 18 13 3 10 11 11 12 17 17 13 11 18 10 17 20 0 20 12 18
split_gain=1154.55 296.981 72.5578 51.9703 33.0688 23.9457 20.5476 19.8675 15.7542 13.8563 12.964 12.1281 11.4359 10.9564 10.9117 8.49623 8.33851 7.90596 11.0238 15.4135 11.8425 7.19026 7.16106 7.0457 6.69342 6.58509 13.5336 28.0564 6.57041 6.226
threshold=0.69052922798166627 2.054492501928975 0.4442786027031228 0.18778648180323185 1.3986406674150766 0 0.78025122936348168 0.66750053336617021 1 0.61482027553725704 0.37096867236468872 1.9270511509625721 0.66750053336617021 5.5000000000000009 0.43773436867694998 0.50031594015395309 0.61482027553725704 0.61482027553725704 0.91349761680848707 1.055825952983239 0.66750053336617021 0.66750053336617021 1.4861155372196246 1.0816615128302691 0.5066056068032575 1.0000000180025095e-35 2 1.0000000180025095e-35 1.2668484069787163 0.1801625381390938
decision_type=8 10 10 10 10 1 8 8 1 8 8 10 8 2 8 8 10 8 10 10 8 8 10 8 10 10 1 8 10 10
left_child=2 3 29 6 7 13 12 -5 10 -9 -8 -3 -2 24 -12 -16 -7 -11 20 28 -19 -14 -21 -22 -4 26 27 -17 -20 -1
right_child=1 11 5 4 -6 16 8 9 -10 17 14 -13 21 -15 15 25 -18 18 19 22 23 -23 -24 -25 -26 -27 -28 -29 -30 -31
leaf_value=-0.015495893954020019 -0.0046179644080356136 0.068141349136266835 -0.015223722566081925 -0.010435862444482608 0.0068501765013010973 -0.0077474463758265269 -0.018228524197642784 -0.010354885967187852 0.012969153446462142 -0.010154939949587856 -0.016797869579409954 -0.0057354189496773072 -0.0057709808157598132 -0.006648691481670555 -0.025036993681846482 -4.4006626920778396e-06 -0.0069962199977480991 -0.010294398615926958 0 0 -5.0495302609143701e-06 0.00033401071201153988 -0.00041975555294386236 0.00010489448140124092 -0.012241651962813377 8.430635536904596e-08 -0.0010060553097363146 -0.0055745261738956659 2.1991096968959623e-05 -0.018082115681430515
leaf_weight=882 127 121447 174 938 4953 1379 21 577 4598 412 36 1199 75 225 24 59 328 287 4019 8954 2187 6709 29 2213 1047 4606 1322 137 561 379
leaf_count=882 127 121447 174 938 4953 1379 21 577 4598 412 36 1199 75 225 24 59 328 287 4019 8954 2187 6709 29 2213 1047 4606 1322 137 561 379
internal_value=0.00282465 0.00349779 -0.0224128 -8.58928e-05 -0.00154795 -0.0183587 0.00198826 -0.0024466 0.000626215 -0.00210016 -0.0010177 0.00474969 0.00411735 -0.0132692 -0.000886158 -0.000725439 -0.0224607 -0.00186422 -0.00170959 -0.00243198 0.000380841 0.00439564 -0.00122843 0.00102273 -0.0152293 -0.000609079 -0.00346509 -0.0153883 -0.00479258 -0.0325496
internal_weight=169904 165490 4414 42844 25130 3153 17714 20177 10803 19239 6205 122646 6911 1446 6184 6148 1707 18662 18250 13563 4687 6784 8983 4400 1221 6124 1518 196 4580 1261
internal_count=169904 165490 4414 42844 25130 3153 17714 20177 10803 19239 6205 122646 6911 1446 6184 6148 1707 18662 18250 13563 4687 6784 8983 4400 1221 6124 1518 196 4580 1261
cat_boundaries=0 1 2 3
cat_threshold=518 850 16
is_linear=0
shrinkage=0.05


Tree=12
num_leaves=31
num_cat=4
split_feature=17 17 17 18 15 0 15 12 1 20 20 14 13 17 18 0 3 18 14 17 12 15 3 20 13 14 13 12 0 15
split_gain=1058.1 302.669 76.5217 55.6172 40.6342 26.0463 19.2941 14.4687 14.1458 13.4331 10.9763 10.6738 10.2479 14.0764 13.5276 10.1707 12.8121 9.8676 8.7455 8.52245 5.9892 6.38689 5.79038 5.6393 5.55463 5.59325 5.44729 4.97716 4.93148 4.75454
threshold=0.69052922798166627 2.2004819493275165 0.4442786027031228 0.17434995226563541 1.2213853827218217 0 0.6326014616045107 0.66750053336617021 1 2.2104301787485565 0.12768554332399371 0.71754226264466137 0.66750053336617021 0.91349761680848707 0.27480994603277459 2 5.5000000000000009 0.1801625381390938 0.66750053336617021 1.0750556815368335 1.1150072000796054 0.86695541705920476 5.5000000000000009 0.2611591344934841 0.61482027553725704 0.55920745798214477 0.71754226264466137 0.61482027553725704 3 1.1945063128187041
decision_type=8 10 10 8 8 1 10 8 1 10 8 10 8 10 10 1 2 10 8 10 10 10 2 10 8 8 10 8 1 8
left_child=2 3 17 11 7 8 15 -5 10 28 -6 18 -9 14 -14 16 -4 -1 -2 20 21 -15 23 -23 -10 -26 -16 -12 -3 -13
right_child=1 9 6 4 5 -7 -8 12 24 -11 27 29 13 19 26 -17 -18 -19 -20 -21 -22 22 -24 -25 25 -27 -28 -29 -30 -31
leaf_value=-0.014731003868097585 -0.0037607115477606024 0.027208549937071447 -0.011655024011405684 -0.0093609742807191469 -4.1806295574764457e-06 0.015609675212687971 -0.0085865425698504194 -0.0091528449345906811 -0.022494898250997916 -0.0054486480021934463 -0.017258977471824376 -8.6524943654353589e-09 2.9977061798380779e-05 0 -1.1385896377746897e-05 -0.0073549531523531388 -0.0021702721648848623 -0.01362225091247202 0.00031731017641096207 0 -1.0995548484493689e-06 0 0 0 -0.014779818574190135 5.3278317537028451e-05 -0.010934796691972649 -0.0045335807398580938 0.070919696053328166 0.0091161575141333051
leaf_weight=889 147 4853 749 924 108 5794 846 664 31 595 36 1947 4043 613 579 1422 149 381 7185 3502 806 1907 560 1282 31 8916 531 3499 115064 1527
leaf_count=889 147 4853 749 924 108 5794 846 664 31 595 36 1947 4043 613 579 1422 149 381 7185 3502 806 1907 560 1282 31 8916 531 3499 115064 1527
internal_value=0.00281313 0.00346043 -0.0212849 -5.69097e-05 -0.00105451 0.000530817 -0.0171257 -0.00294887 -0.000743805 0.00476309 -0.00337222 0.00306589 -0.00256195 -0.00227049 -0.000200854 -0.0194828 -0.0146035 -0.0316535 0.00414757 -0.00350058 -0.00479102 -0.0055227 -0.00629635 -0.00711979 0.000321898 0.000395105 -0.00509009 -0.0028925 0.00480028 0.000782959
internal_weight=169580 165144 4436 44632 33826 18415 3166 15411 12621 120512 3643 10806 14487 13823 5153 2320 898 1270 7332 8670 5168 4362 3749 3189 8978 8947 1110 3535 119917 3474
internal_count=169580 165144 4436 44632 33826 18415 3166 15411 12621 120512 3643 10806 14487 13823 5153 2320 898 1270 7332 8670 5168 4362 3749 3189 8978 8947 1110 3535 119917 3474
cat_boundaries=0 1 2 3 4
cat_threshold=9042 4 518 338
is_linear=0
shrinkage=0.05


Tree=13
num_leaves=31
num_cat=2
split_feature=17 17 15 18 10 0 10 12 15 17 11 18 17 17 10 20 16 15 13 15 12 18 0 16 10 15 12 20 11 15
split_gain=922.984 302.134 72.9294 51.8543 39.8964 24.988 18.7972 13.8243 12.6584 12.2849 12.7534 11.5424 11.4069 11.2138 9.43871 9.12981 8.71187 8.48998 8.12605 7.79719 7.30647 7.1684 7.13414 6.87211 6.45874 8.1735 11.9818 7.45528 6.26985 5.96792
threshold=0.69052922798166627 2.2004819493275165 0.44463492370662533 0.17534365059637938 1.1150072000796054 0 0.66750053336617021 0.55920745798214477 0.6326014616045107 0.91349761680848707 0.66750053336617021 1.9270511509625721 0.78025122936348168 1.055825952983239 1.0816615128302691 0.16604274895129342 0.32815545312440775 0.37012364598125269 0.55920745798214477 1.1945063128187041 0.66750053336617021 0.23839240818310978 1 1.581419179071105 0.71754226264466137 0.86695541705920476 1.0816615128302691 0.25716981686580992 1.3986406674150766 0.73370406495087115
decision_type=8 10 10 8 8 1 10 8 10 8 8 10 10 8 10 10 10 10 8 8 8 10 1 10 10 10 10 10 10 10
left_child=2 3 17 12 6 7 15 16 22 10 -8 -3 20 21 24 -5 -6 -1 29 -14 -2 -11 -4 -15 25 -12 27 -27 -20 -9
right_child=1 11 8 4 5 -7 9 18 -10 13 14 -13 19 23 -16 -17 -18 -19 28 -21 -22 -23 -24 -25 -26 26 -28 -29 -30 -31
leaf_value=-0.017250688149674405 -0.0061507774893561802 0.065151125572561169 -0.010405792380132818 -0.015469330618336972 -0.017671489486028556 0.012891465141832892 -0.0089345371115808637 -0.016215205873165883 -0.008168538434204271 0 2.9005102466445055e-05 -0.0051762156020837783 -1.5785417782948619e-05 0 9.8150904241256498e-05 -0.0091347237433172801 -0.0056853179393764825 -0.0099824138159220286 -1.9666156667541569e-06 0.0098629141266831401 0.00030144466759041144 0 -0.0062284877620447767 -0.00040143169117352054 -0.0068229078117909188 -8.159288086340144e-06 0.00010757125050540051 -4.4935236795551338e-06 0.0054700057023688384 -0.0069586766326954182
leaf_weight=913 91 119226 786 43 83 6284 342 55 869 1528 1666 1184 2146 3855 1041 1012 111 579 11443 2028 6582 1880 1329 26 654 146 256 85 3185 119
leaf_count=913 91 119226 786 43 83 6284 342 55 869 1528 1666 1184 2146 3855 1041 1012 111 579 11443 2028 6582 1880 1329 26 654 146 256 85 3185 119
internal_value=0.00285015 0.00345763 -0.0195532 -5.47456e-05 -0.0010197 0.000298402 -0.00325754 -0.000811009 -0.0150402 -0.00267053 -0.000513126 0.0047604 0.00295335 -0.00391069 0.000309252 -0.00964455 -0.0140722 -0.0285791 -0.000637751 0.000903211 0.00423573 -0.00600352 -0.0171277 -0.00207292 -0.00119879 0.000123084 -0.00557495 -0.0138312 -0.000509981 -0.0113793
internal_weight=169547 165071 4476 44661 33814 21280 12534 14996 2984 11479 4190 120410 10847 7289 3848 1055 194 1492 14802 4174 6673 3408 2115 3881 2807 2153 487 231 14628 174
internal_count=169547 165071 4476 44661 33814 21280 12534 14996 2984 11479 4190 120410 10847 7289 3848 1055 194 1492 14802 4174 6673 3408 2115 3881 2807 2153 487 231 14628 174
cat_boundaries=0 1 2
cat_threshold=9042 518
is_linear=0
shrinkage=0.05


Tree=14
num_leaves=31
num_cat=4
split_feature=19 19 19 18 10 10 1 18 10 0 14 11 20 11 19 14 3 20 3 20 4 16 14 19 0 0 20 8 7 4
split_gain=926.776 292.097 72.7217 54.9875 44.7179 26.8041 17.8866 13.0448 11.2347 10.6872 10.1529 9.42311 8.87662 8.37904 7.78734 7.37626 7.29361 7.10239 6.28185 6.25898 6.21399 5.68379 5.65372 5.14112 4.94993 4.69828 4.52697 4.47032 4.46272 4.45173
threshold=0.69313598503394624 2.5385399148182084 0.44493290734620144 0.1732905854204623 1.1150072000796054 0.66750053336617021 0 1.9270511509625721 0.61482027553725704 1 0.66750053336617021 0.43773436867694998 0.29856930917492247 0.61482027553725704 0.9103789153077414 0.71754226264466137 4.5000000000000009 0.16604274895129342 5.5000000000000009 0.12768554332399371 7.5000000000000009 1.581419179071105 1.0816615128302691 1.0109539540236467 2 3 0.54073117547819993 4.5000000000000009 62.500000000000007 3.5000000000000004
decision_type=8 10 10 8 8 10 1 10 10 1 8 10 8 8 8 10 2 10 2 8 2 10 10 8 1 1 10 2 8 2
left_child=2 3 16 10 5 17 19 26 11 12 -2 -4 -8 -7 -14 -12 -1 -5 -19 -6 23 -15 -17 25 -16 27 -3 -21 -26 -25
right_child=1 7 8 4 6 13 9 -9 -10 -11 15 -13 14 21 24 22 -18 18 -20 20 -22 -23 -24 29 28 -27 -28 -29 -30 -31
leaf_value=-0.014594969263512399 -0.0037824487840394851 0.072133289638476566 -0.012769276099143207 -0.014945522025441058 -3.8732672962671353e-06 -0.0087557164122565433 3.1776804505490033e-05 -0.0049174048219795879 -0.0083382702852775308 0.013137540189142925 0.00028637243421089089 -0.0066757811066332443 -0.011256152521652178 0 6.0391588200225721e-05 -0.0023583074085769219 -0.012872979958220796 -0.010132050918958708 -0.0013802432688705608 -0.001163571953898502 0.00023413003244880383 -0.00037996545944125605 0.00063606685470775088 -0.00044223898662912081 -0.00027616420099529362 -0.0014468922073297618 0.051860033336596681 -0.00070592831252840212 -0.0088943967283041363 -0.0053391393386230494
leaf_weight=967 177 102258 939 38 72 388 4239 1223 933 4353 7211 1236 433 11156 4237 1156 352 927 190 99 2258 21 2832 1775 1911 260 16348 183 57 1405
leaf_count=967 177 102258 939 38 72 388 4239 1223 933 4353 7211 1236 433 11156 4237 1156 352 927 190 99 2258 21 2832 1775 1911 260 16348 183 57 1405
internal_value=0.00284212 0.0034471 -0.0197346 3.06318e-05 -0.000976119 -0.00332154 0.000425712 0.00474088 -0.0155598 0.00133946 0.00303973 -0.0175287 0.000499219 -0.0025962 -0.000641759 0.00322752 -0.0295716 -0.0105844 -0.00986124 -0.00187376 -0.00169732 -0.00234544 0.00150201 -0.00295271 -0.000189363 -0.00745387 0.00479386 -0.0117808 -0.0022548 -0.00218553
internal_weight=169634 165207 4427 45378 34002 12720 21282 119829 3108 15230 11376 2175 10877 11565 6638 11199 1319 1155 1117 6052 5980 11177 3988 3722 6205 542 118606 282 1968 3180
internal_count=169634 165207 4427 45378 34002 12720 21282 119829 3108 15230 11376 2175 10877 11565 6638 11199 1319 1155 1117 6052 5980 11177 3988 3722 6205 542 118606 282 1968 3180
cat_boundaries=0 1 2 3 4
cat_threshold=4 9042 8720 68
is_linear=0
shrinkage=0.05


Tree=15
num_leaves=31
num_cat=0
split_feature=19 19 17 18 10 11 15 10 18 17 14 19 18 19 20 17 16 17 13 20 22 18 16 3 14 15 17 17 17 3
split_gain=807.147 317.713 75.5155 52.2926 41.4878 25.4719 17.5392 13.4376 13.2696 12.0829 14.3194 11.6122 11.1965 9.14021 8.45073 11.8639 8.35243 7.77725 9.06228 8.46808 7.55854 7.03263 6.85799 6.80556 6.16232 5.84395 5.50345 9.93103 5.48292 5.24339
threshold=0.69313598503394624 2.5385399148182084 0.5066056068032575 0.17133088791590131 1.3986406674150766 0.66750053336617021 0.37012364598125269 0.66750053336617021 1.9270511509625721 0.78025122936348168 0.66750053336617021 1.1705639812041522 0.18486960693253021 0.72022334535698973 0.20664415357327934 1.1356036175575139 1.7706096132390063 0.91349761680848707 0.66750053336617021 0.2611591344934841 7.0028016215360909 0.34361870180916293 0.087693868354265889 5.5000000000000009 0.66750053336617021 1.0822341040532628 0.91349761680848707 1.055825952983239 2.4672079010094206 5.5000000000000009
decision_type=8 10 10 8 10 8 10 8 10 10 8 10 8 8 10 10 10 8 8 10 8 10 10 2 8 8 8 8 8 2
left_child=2 3 6 9 5 22 12 -7 28 10 -2 -11 -1 -9 26 17 -17 18 -16 25 -8 -6 -5 -22 -20 -19 -15 -28 -3 -4
right_child=1 8 29 4 21 7 20 13 -10 11 -12 -13 -14 14 15 16 -18 19 24 -21 23 -23 -24 -25 -26 -27 27 -29 -30 -31
leaf_value=-0.015777444224130615 -0.0051651103778982905 -0.011178481748229864 -0.0082779264520169253 -0.017443428945828839 0.010024891112674451 -0.009097629774499091 -0.0043736443097624261 -0.00029424379960939478 -0.0046715345808806099 -0.00052499774882003053 0.00027205381250034469 0.011099805313908306 -0.014787564802511359 2.7658081761328114e-05 -0.0087083165681511709 0 -0.00038613050316683165 0 -0.010431451895382263 -1.4355316995118272e-06 -0.009231555628277965 -7.728135226668336e-05 -0.0082126039544545108 -0.0051342453888306413 2.1397746192258762e-05 0 -1.4905094419370713e-06 0.00051641191196997169 0.066446923732907712 -0.0046935559842444978
leaf_weight=540 114 237 1921 42 5395 781 96 363 1203 1959 6576 2537 362 2245 335 7990 22 2112 220 3692 867 2929 1014 153 2758 574 816 3036 118492 347
leaf_count=540 114 237 1921 42 5395 781 96 363 1203 1959 6576 2537 362 2245 335 7990 22 2112 220 3692 867 2929 1014 153 2758 574 816 3036 118492 347
internal_value=0.00283389 0.00338886 -0.0185884 -0.000168095 -0.00113565 -0.00211923 -0.0256244 -0.00179723 0.0047386 0.00280082 0.00414798 0.000796264 -0.0308093 -0.00158859 -0.00146849 -0.00202141 -0.000597853 -0.00319833 -0.00123302 -0.00421919 -0.0214337 0.00193657 -0.00972538 -0.0226961 -0.000355943 -0.00635517 0.000136953 -0.00100986 0.00479154 -0.012328
internal_weight=169728 165442 4286 45510 34324 26000 2018 24944 119932 11186 6690 4496 902 24163 23800 17703 8012 9691 3313 6378 1116 8324 1056 1020 2978 2686 6097 3852 118729 2268
internal_count=169728 165442 4286 45510 34324 26000 2018 24944 119932 11186 6690 4496 902 24163 23800 17703 8012 9691 3313 6378 1116 8324 1056 1020 2978 2686 6097 3852 118729 2268
is_linear=0
shrinkage=0.05


Tree=16
num_leaves=31
num_cat=2
split_feature=19 19 17 20 10 10 12 19 17 20 11 19 14 16 17 20 18 22 20 0 22 12 3 0 18 20 17 17 18 11
split_gain=677.827 267.46 73.7829 46.462 32.4928 23.042 13.7618 12.3112 11.3183 11.2518 9.78366 9.04881 8.83167 8.10491 8.05673 7.34486 7.29482 6.94431 6.9393 6.79257 6.7085 6.51375 6.51159 6.34548 6.29227 6.25889 12.5281 15.8031 6.23177 6.20354
threshold=0.69313598503394624 2.7086114360949427 0.5066056068032575 0.20664415357327934 0.66750053336617021 1.6193392260821904 0.61482027553725704 0.44493290734620144 0.78025122936348168 2.2104301787485565 0.61482027553725704 1.2367901825676191 0.66750053336617021 0.087693868354265889 0.69320203597847485 0.49909110976662613 0.1801625381390938 7.1149628314365909 0.57231568008903977 0 7.0230681029852482 1.1150072000796054 1.5000000000000002 1 0.18486960693253021 0.2611591344934841 0.91349761680848707 1.1144257558865853 0.18395365950631692 0.66750053336617021
decision_type=8 10 10 8 8 10 8 10 10 10 8 10 8 10 10 10 8 8 10 1 8 10 2 1 10 8 10 10 10 8
left_child=2 3 7 8 14 6 28 13 12 18 -8 24 -2 -1 -5 -4 -12 -15 -3 -18 -9 25 -22 -7 -10 26 -21 -28 -6 -14
right_child=1 9 15 4 5 23 10 20 11 -11 16 -13 29 17 -16 -17 19 -19 -20 21 22 -23 -24 -25 -26 -27 27 -29 -30 -31
leaf_value=-0.012912289063781949 -0.0037667248124639177 0.0670226617099281 -0.0064221560069631497 -0.011779067063886657 -0.017347771026807471 -0.00032334355905314056 -0.0097255156584518821 -0.0029096007515134708 -2.8782198211324551e-05 -0.0044379578518365824 0.0003596187274174767 0.012202054017279168 -0.0041665212195511475 -0.01168949344631285 -0.0080608382233068824 -0.015064537679742907 0.018892663331125326 -0.012057691117560066 0.045944685483121465 1.3314315684538055e-05 -0.012498849545156671 7.1776584975591367e-08 -0.0082782736878341309 0.010843593671346546 7.4525472099074008e-08 -1.5788732369333701e-05 0 0.0045171309286678452 -0.0091926955266288368 0.00025845112187532492
leaf_weight=585 111 102912 2308 286 25 1791 435 115 2396 638 1692 2911 100 53 863 30 678 663 15075 1665 171 6137 449 4973 2721 10237 2072 734 599 6441
leaf_count=585 111 102912 2308 286 25 1791 435 115 2396 638 1692 2911 100 53 863 30 678 663 15075 1665 171 6137 449 4973 2721 10237 2072 734 599 6441
internal_value=0.00294868 0.00346216 -0.0164792 0.000264259 -0.000798925 -0.000493266 -0.00121241 -0.0234381 0.00259537 0.00472561 -0.00101903 0.00133159 0.00412057 -0.0263605 -0.0090557 -0.0104192 -0.000879819 -0.0227933 0.00476141 -0.00112833 -0.0182653 -0.00128866 -0.0203226 0.00208752 6.54682e-05 -0.00186021 -0.00342093 -0.00545973 -0.00854167 0.0043579
internal_weight=169866 165492 4374 46867 32187 31038 24274 2036 14680 118625 23650 8028 6652 1301 1149 2338 23215 716 117987 21523 735 20845 620 6764 5117 14708 4471 2806 624 6541
internal_count=169866 165492 4374 46867 32187 31038 24274 2036 14680 118625 23650 8028 6652 1301 1149 2338 23215 716 117987 21523 735 20845 620 6764 5117 14708 4471 2806 624 6541
cat_boundaries=0 1 2
cat_threshold=35881 8970
is_linear=0
shrinkage=0.05


Tree=17
num_leaves=31
num_cat=4
split_feature=19 19 17 11 18 11 17 20 3 0 19 19 0 20 14 19 15 14 20 20 0 20 16 17 3 0 20 15 17 20
split_gain=645.195 270.237 61.3609 42.4955 35.7922 20.3751 13.7722 13.3071 14.8716 14.1105 11.7715 11.4323 22.5875 18.6244 10.9828 10.7634 10.3311 10.0125 8.05867 7.93891 7.33845 7.07267 6.90838 7.25669 6.88445 6.82937 6.80469 6.79606 6.64262 6.42522
threshold=0.69313598503394624 2.7086114360949427 0.5066056068032575 0.66750053336617021 0.1723972045862637 1.6193392260821904 0.78025122936348168 0.84404815046434012 1.0000000180025095e-35 0 3.8850004601857497 0.72022334535698973 1 1.0000000180025095e-35 0.66750053336617021 1.1705639812041522 0.44463492370662533 0.66750053336617021 1.2947748904401986 0.20664415357327934 2 0.46222666326539619 1.7706096132390063 1.055825952983239 4.5000000000000009 3 0.50710923306503375 0.82830221659600056 0.55268407174375156 0.2611591344934841
decision_type=8 10 10 8 8 10 10 10 2 1 10 8 1 10 8 10 10 8 10 8 1 10 10 8 2 1 10 8 10 10
left_child=2 3 16 -2 6 11 14 -3 9 10 18 12 13 -6 -5 -8 24 -13 -9 -19 -10 28 23 25 -1 29 -25 -14 -4 -21
right_child=1 7 21 4 5 -7 15 8 20 -11 -12 17 27 -15 -16 -17 -18 19 -20 22 -22 -23 -24 26 -26 -27 -28 -29 -30 -31
leaf_value=-0.012779599677259338 -0.0082842077522672208 0.06331310205353935 -0.0050795779064258693 -0.0041325913105169807 -6.5454209895565725e-06 0.0070395098768488047 -3.0347559304838567e-05 -0.045940521410315953 0.014258117483989797 0.048915476607219781 -0.020399241639240187 -0.0084754972270550521 -0.0090141765877023629 -0.0081200919774368305 0.00024552856578156094 0.010116624423542143 -0.0074183028299651399 1.2932061338596248e-05 -0.02448931626112464 0 0.0377582977284356 -0.017065380590673692 -0.00037010502446709141 7.8943661846464508e-07 -0.011105018773997206 -0.00039218886070076881 -0.0046639581901136958 0.00046009800062762896 -0.0059188917565247499 8.6121320344023653e-07
leaf_weight=1035 1349 110870 599 83 70 6968 1922 91 2725 348 277 706 149 59 6479 2828 643 3967 56 2822 4366 54 30 11985 376 1614 2488 225 1651 3003
leaf_count=1035 1349 110870 599 83 70 6968 1922 91 2725 348 277 706 149 59 6479 2828 643 3967 56 2822 4366 54 30 11985 376 1614 2488 225 1651 3003
internal_value=0.00293686 0.00343697 -0.0160532 0.000216806 0.000476673 -0.000332101 0.00291372 0.0047048 0.00271716 -0.00387306 -0.00986175 -0.000951766 -0.00841948 -0.0255755 0.00439805 0.000863158 -0.0223369 -0.000810633 -0.0215306 -0.000650546 0.00343464 -0.0104514 -0.0010227 -0.000989868 -0.0247307 -0.00225904 -0.000337525 -0.00177083 -0.0100222 -0.00145244
internal_weight=169838 165480 4358 46747 45398 34086 11312 118733 7863 772 424 27118 503 129 6562 4750 2054 26615 147 25909 7091 2304 21942 21912 1411 7439 14473 374 2250 5825
internal_count=169838 165480 4358 46747 45398 34086 11312 118733 7863 772 424 27118 503 129 6562 4750 2054 26615 147 25909 7091 2304 21942 21912 1411 7439 14473 374 2250 5825
cat_boundaries=0 1 2 3 4
cat_threshold=16448 16 200 8466
is_linear=0
shrinkage=0.05


Tree=18
num_leaves=31
num_cat=4
split_feature=19 19 17 10 18 10 22 20 17 19 0 20 11 14 19 3 14 20 1 17 3 22 15 20 0 15 19 18 0 17
split_gain=561.847 266.529 46.3205 38.6418 34.5414 24.1528 16.0478 13.8101 13.2764 11.5474 20.4108 19.9217 9.70429 9.59619 9.50489 9.37923 7.01781 6.99694 6.85715 6.76145 6.74885 26.0053 15.4204 6.72401 6.5611 6.55314 6.41003 6.03632 5.96209 5.97414
threshold=0.69313598503394624 2.7640284483770787 0.5066056068032575 0.66750053336617021 0.1723972045862637 1.6193392260821904 7.212374476276354 1.8554581443506188 0.76686810930688443 0.72022334535698973 0 1.0000000180025095e-35 0.66750053336617021 0.66750053336617021 1.2154979980803358 4.5000000000000009 0.66750053336617021 0.57231568008903977 1 0.55268407174375156 1.0000000180025095e-35 8.7462259215500584 4.1904121154770744 0.21945556310830858 2 0.54811503264236405 3.7557168130906731 0.38773397685847111 3 0.91349761680848707
decision_type=8 10 10 8 8 10 8 10 10 8 1 10 8 8 10 2 8 10 1 10 2 8 8 10 1 10 10 10 1 8
left_child=2 3 6 25 8 9 -1 17 13 10 11 -6 -11 -5 -10 18 -14 -3 -8 -4 21 -19 26 -12 -7 -2 -23 -21 -18 -30
right_child=1 7 19 4 5 24 15 -9 14 12 23 -13 16 -15 -16 -17 28 20 -20 27 -22 22 -24 -25 -26 -27 -28 -29 29 -31
leaf_value=-0.0061915360465533949 -0.013030811816308796 0.06226043160814998 -0.0049956574713772408 -0.0050008949163708686 -6.2181499400792985e-06 0.00011324127284985371 -0.0056430161441738992 -0.0049289658334442437 -2.8830181339595253e-05 -0.0086416992523203999 0.00043709310059624753 -0.0066437668497318809 -0.0096748894663947847 0.00023325213749248453 0.010201166601243497 -0.0099536190054664419 0.016225675677159126 0.049210350910379674 -0.013564585876608798 -0.0059852143049596331 0.048189332326838953 -0.029259394447508569 0.0079246873187246211 -0.0078704294460352348 0.011248930466270724 -0.0061752840424423505 -0.029770219803155407 -0.012987543909281446 1.750113151510746e-05 -6.6876806942284261e-07
leaf_weight=456 131 102062 639 72 69 2335 96 1242 2278 636 175 63 561 6258 2905 425 843 1209 1058 1563 12835 48 137 187 4987 1239 127 137 5159 19427
leaf_count=456 131 102062 639 72 69 2335 96 1242 2278 636 175 63 561 6258 2905 425 843 1209 1058 1563 12835 48 137 187 4987 1239 127 137 5159 19427
internal_value=0.00294549 0.0034144 -0.0147417 0.000245642 0.00049233 -0.000300215 -0.020258 0.00468893 0.00286329 -0.0009882 -0.00856275 -0.0245775 -0.000847667 0.00439968 0.00098688 -0.0226441 -0.000698345 0.00474488 -0.0249827 -0.00994228 0.00371134 0.00056213 -0.0123077 -0.00198925 0.00224802 -0.0080292 -0.0221429 -0.00829412 -0.00057631 -0.000718409
internal_weight=169359 164985 4374 47325 45955 34442 2035 117660 11513 27120 494 132 26626 6330 5183 1579 25990 116418 1154 2339 14356 1521 312 362 7322 1370 175 1700 25429 24586
internal_count=169359 164985 4374 47325 45955 34442 2035 117660 11513 27120 494 132 26626 6330 5183 1579 25990 116418 1154 2339 14356 1521 312 362 7322 1370 175 1700 25429 24586
cat_boundaries=0 1 2 3 4
cat_threshold=16 1 25418 56361
is_linear=0
shrinkage=0.05


Tree=19
num_leaves=31
num_cat=4
split_feature=19 19 15 12 17 15 15 0 17 20 14 19 19 0 3 20 3 22 15 20 19 16 16 0 7 20 0 12 15 15
split_gain=502.289 229.621 56.6698 34.6814 23.3344 20.4638 16.948 16.8465 14.669 13.8256 12.7044 10.8636 8.26567 26.3299 8.20984 8.10812 9.01656 20.8773 8.32492 7.83545 7.81145 7.34663 6.82219 8.64167 7.97753 8.03097 7.56814 8.4355 6.65443 6.50033
threshold=0.69313598503394624 2.7640284483770787 0.37012364598125269 0.66750053336617021 0.78025122936348168 0.67772355602398038 1.5216117614970992 0 0.55268407174375156 2.2104301787485565 0.66750053336617021 0.37250061371044813 0.72022334535698973 1 4.5000000000000009 0.73281182336142991 1.0000000180025095e-35 8.7462259215500584 4.2426326706928377 1.0000000180025095e-35 3.7557168130906731 0.060448137462865585 0.34922837459968809 2 1.0000000180025095e-35 0.2041462327869312 3 0.71754226264466137 0.89587973461402826 0.58411499466183192
decision_type=8 10 10 8 8 8 10 1 10 10 8 10 8 1 2 10 2 8 8 10 10 10 10 1 8 10 1 8 10 10
left_child=2 3 11 29 5 -5 12 -8 21 15 -7 -1 13 19 -13 -3 17 -17 20 -6 -19 -4 23 24 25 -14 27 -26 -24 -2
right_child=1 9 8 4 6 10 7 -9 -10 -11 -12 14 22 -15 -16 16 -18 18 -20 -21 -22 -23 28 -25 26 -27 -28 -29 -30 -31
leaf_value=-0.013089222805054418 -0.012451041749908069 0.058102075688600645 -0.0034039547058187891 -0.0070990006484338954 -5.9072424430761668e-06 -0.0050762476836336383 0.0091717011688107006 -0.0015613542697942521 -0.0054568874012352556 -0.0046825175417720358 0.00022158953061786059 -0.012384263062428624 -4.5685077748491844e-06 0.00041523844556643489 -0.010381856067283247 0.025455558479440078 0.035513024878285109 -0.027796424725133141 -0.0050622270879376544 -0.0050038939059355234 -0.042154986278700901 -0.0068133486967559805 -0.0093681260104890914 1.1244694222211937e-05 -0.00070820836434275138 3.3438403468366575e-08 -0.00044758995966782679 -0.00067104040358182966 -0.0002949453930472579 -0.0063501394126018133
leaf_weight=505 181 107523 301 270 79 296 8831 3552 1617 644 7057 365 2617 197 132 798 8917 48 81 24 106 1389 247 9536 93 5654 3557 471 3684 1117
leaf_count=505 181 107523 301 270 79 296 8831 3552 1617 644 7057 365 2617 197 132 798 8917 48 81 24 106 1389 247 9536 93 5654 3557 471 3684 1117
internal_value=0.00307845 0.00351703 -0.0137747 0.000579715 0.000806347 0.00333399 0.000306419 0.00183033 -0.0106184 0.00469733 0.00383041 -0.0241916 -0.000414962 -0.00866667 -0.0189437 0.00473739 0.00337186 -0.00105034 -0.0141489 -0.0277434 -0.020974 -0.0138757 -0.000319231 2.46262e-05 -0.000845831 4.89665e-05 -0.00264378 -0.00797909 -0.00223734 -0.00748074
internal_weight=169889 165580 4309 47463 46165 7623 38542 12383 3307 118117 7353 1002 26159 300 497 117473 9950 1033 235 103 154 1690 25859 21928 12392 8271 4121 564 3931 1298
internal_count=169889 165580 4309 47463 46165 7623 38542 12383 3307 118117 7353 1002 26159 300 497 117473 9950 1033 235 103 154 1690 25859 21928 12392 8271 4121 564 3931 1298
cat_boundaries=0 1 2 3 4
cat_threshold=34996 528 468 4
is_linear=0
shrinkage=0.05


Tree=20
num_leaves=31
num_cat=6
split_feature=17 17 17 11 17 0 13 20 0 15 17 20 0 1 16 21 17 16 3 0 10 17 20 22 3 20 1 16 16 20
split_gain=470.391 213.165 50.2454 29.8633 25.0134 19.7649 18.3702 14.5566 14.3219 13.7744 12.5203 10.0897 25.2975 14.9463 9.91775 9.49799 9.21946 9.17504 8.99072 9.6811 6.11338 5.9611 5.93053 5.87769 8.7243 5.83619 6.25029 8.23192 5.95257 5.45845
threshold=0.69052922798166627 2.7669953180908302 0.36898037876086504 0.66750053336617021 0.69320203597847485 0 0.66750053336617021 1.8554581443506188 1 0.86695541705920476 1.3816306782992196 1.0000000180025095e-35 2 3 0.3113336014896334 6.5517941110389986 0.55268407174375156 1.7706096132390063 1.5000000000000002 4 0.50031594015395309 2.1003855683347608 0.57231568008903977 7.212374476276354 4.5000000000000009 0.10486342005433268 5 0.13177541446230515 0.064140309130873915 0.24377936789520474
decision_type=8 10 10 8 8 1 8 10 1 8 8 8 1 1 10 10 10 10 2 1 8 8 10 8 2 10 1 10 8 10
left_child=2 3 -1 21 -5 -4 -6 22 9 14 15 12 13 -11 -8 -10 23 18 19 -13 29 -2 -3 -7 25 28 -27 -28 -25 -20
right_child=1 7 5 4 6 16 8 -9 10 11 -12 17 -14 -15 -16 -17 -18 -19 20 -21 -22 -23 -24 24 -26 26 27 -29 -30 -31
leaf_value=-0.012407188952303735 -0.0062972637848719261 0.056242306243312459 -0.014837572290562193 0.00021051005408696534 -0.0068104325006277848 -0.0032070949065782419 3.7299393837925376e-05 -0.0027155237085219387 -0.00085641774129982832 -5.6118803209215255e-06 0.010462466047900701 -0.028520516752068206 0.000394476523288112 -5.6118803209215255e-06 -0.0092611260425975363 1.9641209518334035e-05 -0.0050251232328422102 -0.00081792258338918115 -0.012372422583540717 -2.7950906983725823e-05 2.8935623562764691e-07 -0.023268857770164266 0.042736407307367788 -0.0034728133739940978 -0.0041743474447070031 -0.010422561545525044 -0.0055994147209742721 -0.0042865760067719531 -0.0049510800446663688 -0.0084578395456204065
leaf_weight=663 1145 100351 365 3891 908 660 6211 1171 466 38 10215 319 129 65 273 2551 1818 39 26 5951 17543 29 13855 53 304 168 168 158 117 79
leaf_count=663 1145 100351 365 3891 908 660 6211 1171 466 38 10215 319 129 65 273 2551 1818 39 26 5951 17543 29 13855 53 304 168 168 158 117 79
internal_value=0.00308283 0.00351593 -0.0129146 0.000784715 0.000974663 -0.0107045 0.000640774 0.00469665 0.000786357 0.000192778 0.00216055 -0.00035574 -0.0107328 -0.0277434 0.00223936 -0.000667882 -0.00943866 -0.000255249 -0.000215737 -0.00184211 0.000362081 -0.0070954 0.00475352 -0.012199 -0.0146798 -0.0178916 -0.0151417 -0.0111043 -0.0258824 -0.0116667
internal_weight=169729 165255 4474 49878 48704 3811 44813 115377 43905 30673 13232 24189 232 103 6484 3017 3446 23957 23918 6270 17648 1174 114206 1628 968 664 494 326 170 105
internal_count=169729 165255 4474 49878 48704 3811 44813 115377 43905 30673 13232 24189 232 103 6484 3017 3446 23957 23918 6270 17648 1174 114206 1628 968 664 494 326 170 105
cat_boundaries=0 1 2 3 4 5 6
cat_threshold=64 9050 80 2 256 2
is_linear=0
shrinkage=0.05


Tree=21
num_leaves=31
num_cat=5
split_feature=19 19 19 10 18 20 19 17 17 0 19 22 3 20 19 0 20 20 1 0 22 0 10 10 11 19 10 20 17 3
split_gain=438.587 200.893 43.6812 35.1715 29.8729 16.324 16.119 13.3794 13.1063 12.4869 11.8684 9.67988 9.00451 6.47064 6.45687 6.40517 37.0073 6.91742 6.20026 6.08708 6.07216 5.76516 5.63623 8.01864 5.20301 5.04591 5.60118 5.01659 4.89714 6.51991
threshold=0.69313598503394624 2.85119340686088 0.37250061371044813 0.66750053336617021 0.23650072970919447 1.8554581443506188 0.80899435430513533 0.78025122936348168 0.55268407174375156 0 1.2595210869044038 7.1104749647455456 4.5000000000000009 0.54073117547819993 0.69322269047845697 1 1.0000000180025095e-35 0.24559124764574328 2 3 7.5987126135333813 4 0.71754226264466137 0.93590108845079578 0.66750053336617021 1.7639674188252872 1.5368094061055315 1.0231107274415387 3.9526758547229988 1.5000000000000002
decision_type=8 10 10 8 8 10 8 10 10 1 10 8 2 10 10 1 10 10 1 1 10 1 10 10 8 10 8 10 8 2
left_child=2 3 -1 14 7 13 15 22 11 24 -9 -4 18 -3 -2 16 -6 -17 -13 -10 -18 28 -5 -24 -8 -26 -27 -11 29 -15
right_child=1 5 8 4 6 -7 9 10 19 27 -12 12 -14 21 -16 17 20 -19 -20 -21 -22 -23 23 -25 25 26 -28 -29 -30 -31
leaf_value=-0.011596489128859758 -0.012340848212757563 0.05512527550298521 -0.0032360080972257247 0.00019998455138261486 -5.3312863048771149e-06 -0.0025797475230958434 -0.0092179933557459178 1.2820438714533646e-07 -0.01676477751610303 3.5434421762392534e-05 0.0096108421080819857 -0.011643311238516028 -0.0058724192493270905 -0.008270167552364982 -0.0063215150418227846 2.4483598937280471e-05 -0.0020971543792780226 -0.0074433658082020682 -0.0052166020314374454 -0.0044957216531852379 -0.0057327224938366469 0.042666586046124715 -0.0054199073704536034 5.7083511247296717e-05 -5.4326411942362544e-07 -0.019189181692849347 -0.0062143174550958304 -0.018141902988058466 0.062153888809275575 0.031301934372973399
leaf_weight=648 30 99619 542 6358 65 1264 263 8668 113 9675 6955 399 430 1137 1334 429 380 486 656 1633 112 7157 233 385 9823 272 3239 22 4854 2637
leaf_count=648 30 99619 542 6358 65 1264 263 8668 113 9675 6955 399 430 1137 1334 429 380 486 656 1633 112 7157 233 385 9823 272 3239 22 4854 2637
internal_value=0.00313653 0.00355197 -0.0124056 0.000855651 0.00108361 0.00467815 -0.000115884 0.00239812 -0.0103459 0.000204774 0.00158516 -0.0130809 -0.0151683 0.00474004 -0.00706012 -0.00519022 -0.0093739 -0.00251351 -0.017654 -0.00717068 -0.00485772 0.00379949 0.00421875 -0.000339806 -0.000772764 -0.000635968 -0.00226289 0.00157464 0.00291618 0.00156863
internal_weight=169818 165397 4421 48729 47365 116668 24766 22599 3773 23294 15623 2027 1485 115404 1364 1472 557 915 1055 1746 492 15785 6976 618 13597 13334 3511 9697 8628 3774
internal_count=169818 165397 4421 48729 47365 116668 24766 22599 3773 23294 15623 2027 1485 115404 1364 1472 557 915 1055 1746 492 15785 6976 618 13597 13334 3511 9697 8628 3774
cat_boundaries=0 1 2 3 4 5
cat_threshold=9162 20 2 64 28872
is_linear=0
shrinkage=0.05


Tree=22
num_leaves=31
num_cat=6
split_feature=19 19 18 19 10 20 10 18 17 0 3 1 19 0 20 17 13 1 3 15 17 17 17 18 18 4 12 0 0 18
split_gain=385.034 205.898 37.7227 32.4794 18.2794 14.4591 13.8001 12.4968 11.4117 10.9845 11.4088 10.7708 10.3472 22.2569 20.5015 8.87405 8.81873 8.76101 11.2694 8.42057 7.08909 5.81218 9.90547 8.90332 5.8348 5.78178 5.74264 5.54563 5.52448 5.12583
threshold=0.69313598503394624 2.8925721399827284 0.23650072970919447 0.37250061371044813 0.66750053336617021 0.77633655141951674 1.6193392260821904 1.0000000180025095e-35 0.55268407174375156 0 1.0000000180025095e-35 1 0.73026094190808244 2 1.0000000180025095e-35 1.4869796347011677 0.61482027553725704 3 1.5000000000000002 4.2136089493507063 2.054492501928975 0.78025122936348168 0.72623301608908808 0.10051815745606314 0.12225232992506101 7.5000000000000009 0.55920745798214477 4 5 0.17905044282611401
decision_type=8 10 8 10 8 10 10 10 10 1 2 1 8 1 10 10 8 1 2 8 8 10 10 10 10 2 8 1 1 10
left_child=3 2 7 29 20 -3 12 -2 17 10 11 19 13 14 -6 21 -14 18 -5 -7 -4 22 24 -24 -9 -19 -18 -8 -10 -1
right_child=1 5 4 8 6 9 27 15 28 -11 -12 -13 16 -15 -16 -17 26 25 -20 -21 -22 -23 23 -25 -26 -27 -28 -29 -30 -31
leaf_value=-0.011192487859165767 0.00018998532381348521 0.053195477811362558 -0.007422340776152031 -0.011242470956680399 -5.0647219896338136e-06 -0.028129915476626622 -0.00027770784049433453 0.00019864585682594083 -0.015804199865509835 0.027415115314083006 0.027910038063663836 -0.0022462564158468369 -0.0080993977890073642 -0.0022120275214143909 -0.0061080382890519695 0.0092378860044943119 -0.0096618806862274094 -0.0053802995049716407 -0.010076901785417208 0.010887146482279545 -0.018431680435854459 1.0888452156576634e-08 -0.010673136105240767 0.00019864585682594083 -0.0050932248280843124 -0.0027718592675303128 -1.1877399497844735e-06 0.0095449850963925786 -0.0043028973762118065 -0.0068799663471961099
leaf_weight=493 3870 106497 912 153 70 159 2015 262 105 4085 4616 503 463 361 69 6808 270 796 376 58 37 9315 27 2819 343 653 18043 3751 1578 164
leaf_count=493 3870 106497 912 153 70 159 2015 262 105 4085 4616 503 463 361 69 6808 270 796 376 58 37 9315 27 2819 343 653 18043 3751 1578 164
internal_value=0.00311135 0.00349625 0.000794478 -0.0116281 -0.000517294 0.00464846 -0.000259164 0.00224876 -0.00979104 0.00277094 0.00126824 -0.00458333 -0.00090112 -0.008 -0.0241946 0.00173547 -0.000712079 -0.012366 -0.0178733 -0.013894 -0.00732877 0.000958014 0.00271081 0.00394589 -0.00309917 -0.0103554 -0.00053978 0.00188692 -0.00676471 -0.0218645
internal_weight=169671 165353 49435 4318 25991 115918 25042 23444 3661 9421 5336 720 19276 500 139 19574 18776 1978 529 217 949 12766 3451 2846 605 1449 18313 5766 1683 657
internal_count=169671 165353 49435 4318 25991 115918 25042 23444 3661 9421 5336 720 19276 500 139 19574 18776 1978 529 217 949 12766 3451 2846 605 1449 18313 5766 1683 657
cat_boundaries=0 1 2 3 4 5 6
cat_threshold=16840 2 16 2 25354 64
is_linear=0
shrinkage=0.05


Tree=23
num_leaves=31
num_cat=4
split_feature=19 19 18 15 19 18 17 15 17 0 20 15 18 11 20 18 0 20 20 20 0 3 22 15 0 3 19 18 19 7
split_gain=345.993 205.592 33.8619 24.1916 17.3334 16.3243 15.0908 13.107 11.4733 10.9665 10.859 9.88754 8.83219 8.79133 7.28396 6.95351 9.94023 34.4292 11.3716 6.57647 6.43754 6.94267 19.2517 5.89724 5.50165 4.95915 6.17773 8.03217 4.4105 4.80887
threshold=2.7086114360949427 0.69313598503394624 0.23650072970919447 0.44463492370662533 0.8581174030982065 1.9270511509625721 0.78025122936348168 0.67772355602398038 3.1419854190455898 0 0.090583452377197296 1.4631823650361409 0.33001635224521497 0.66750053336617021 0.25716981686580992 0.29330637810453891 1 1.0000000180025095e-35 0.23673706007757817 0.73281182336142991 2 1.0000000180025095e-35 6.1218074647807628 4.2426326706928377 3 1.5000000000000002 0.37250061371044813 0.17534365059637938 1.3797641028970766 1.0000000180025095e-35
decision_type=10 8 8 10 8 10 10 8 10 1 10 8 10 8 10 8 1 10 10 10 1 2 10 8 1 2 10 10 8 10
left_child=1 3 6 10 15 8 7 -3 12 28 -1 -8 -2 14 -11 -4 17 -17 -18 -10 21 22 23 -21 -5 -12 27 -27 29 -6
right_child=5 2 4 24 9 -7 11 -9 19 13 25 -13 -14 -15 -16 16 18 -19 -20 20 -22 -23 -24 -25 -26 26 -28 -29 -30 -31
leaf_value=-0.0032408734227366929 0.015051878714037837 -0.0058925828063181177 -0.00021022015417484846 -0.014772608293130894 1.6946814951790401e-05 -0.0055791300062857487 1.0344029549580469e-08 0.00018048605762280845 0.055967391752673096 -0.014411142776383647 -0.010487044782378711 0.0044437033348521627 -0.00084050418392937884 -1.6950354191136442e-06 -0.009741998575635397 -4.8114858901548985e-06 0.00048412989324755906 -0.006010103532939454 -0.0064305189108527436 -0.030778217163970358 0.033303454263497255 0.039968523228783463 0.030853111337577066 -0.00755550812400284 -0.0039664858954744911 -0.010856136978946268 -0.0085634183903423259 -0.0061372263411116406 0.010605418648982901 -0.00069974824492779022
leaf_weight=282 7183 222 1193 173 926 1235 8975 7099 100039 25 366 5723 1674 17722 279 72 261 323 884 142 4098 3897 436 57 2612 242 590 119 2970 199
leaf_count=282 7183 222 1193 173 926 1235 8975 7099 100039 25 366 5723 1674 17722 279 72 261 323 884 142 4098 3897 436 57 2612 242 590 119 2970 199
internal_value=0.00308285 -0.000350489 0.000617947 -0.0107048 -0.000646978 0.00456467 0.00204573 0.00390042 0.00462476 -0.000182858 -0.0156066 0.00112192 0.00289432 -0.000713573 -0.00914474 -0.00440359 -0.00662338 -0.0133951 -0.0041342 0.0047658 0.00344148 0.00212682 -0.00271654 -0.015603 -0.00789048 -0.0175133 -0.0156099 -0.0207618 0.00214982 -0.000511111
internal_weight=170018 51257 46873 4384 24854 118761 22019 7321 117526 22121 1599 14698 8857 18026 304 2733 1540 395 1145 108669 8630 4532 635 199 2785 1317 951 361 4095 1125
internal_count=170018 51257 46873 4384 24854 118761 22019 7321 117526 22121 1599 14698 8857 18026 304 2733 1540 395 1145 108669 8630 4532 635 199 2785 1317 951 361 4095 1125
cat_boundaries=0 1 2 3 4
cat_threshold=56357 16 25032 64
is_linear=0
shrinkage=0.05


Tree=24
num_leaves=31
num_cat=1
split_feature=19 19 18 17 10 18 10 17 12 17 10 13 20 20 18 19 3 1 12 20 3 22 17 19 20 20 10 3 3 3
split_gain=330.886 191.667 31.2717 25.5896 22.8541 14.4105 14.1503 10.514 10.3714 8.90469 8.77925 7.99963 7.64711 7.09251 7.05105 6.93836 6.84999 6.49921 6.1999 6.13811 6.65976 21.2315 6.03756 6.00004 5.40307 5.34764 5.22463 5.1129 8.23628 4.96907
threshold=2.8094840370972167 0.69313598503394624 0.17747559858859846 0.36898037876086504 0.66750053336617021 1.9270511509625721 1.6193392260821904 0.76686810930688443 0.66750053336617021 3.1419854190455898 0.43773436867694998 0.55920745798214477 0.35288145586914349 0.40964941450860665 0.08554474041364403 1.2154979980803358 4.5000000000000009 0 0.66750053336617021 0.71009559733035432 1.0000000180025095e-35 1.0000000180025095e-35 0.79463839512862222 3.7557168130906731 0.10486342005433268 0.16604274895129342 0.66750053336617021 2.5000000000000004 1.5000000000000002 1.5000000000000002
decision_type=10 8 8 10 8 10 10 10 8 8 10 8 10 10 10 10 2 1 8 10 2 10 10 10 10 10 8 2 2 2
left_child=1 3 7 24 25 9 8 18 -6 13 14 -10 -13 -2 -5 -9 17 -16 -3 -11 21 23 -14 -21 -1 -4 -20 28 -7 -12
right_child=5 2 4 10 6 27 -8 15 11 19 29 12 22 -15 16 -17 -18 -19 26 20 -22 -23 -24 -25 -26 -27 -28 -29 -30 -31
leaf_value=-0.0073567490735226022 0.013146376810731454 -0.0036171667839234646 -0.010798073373010968 -0.0015731031924259339 -0.0066245522029949591 -0.0018549870947402126 0.0060194375257482191 -1.8829650343681447e-05 -0.0077723028226179616 0.05316902216503943 -0.0063569028357176932 6.2347654437241421e-07 -0.011014752715155521 -0.0015519056207853545 -0.010254298090249581 0.0080503940511081565 -0.0034250005381157135 -0.005171527617988109 -0.0015021570859929335 -0.025184508844596776 0.033178739236608426 0.039582752573531124 -0.00024350917336273542 -0.029239306062454552 -0.010145976312582464 -0.006767383600259253 0.00017146175474166969 0.020241108194162818 -0.025573429807851347 -0.0030323496434790159
leaf_weight=155 3992 139 33 291 758 415 7406 2678 375 101400 614 18571 614 1120 304 3450 341 605 87 60 8632 712 6734 161 611 1106 6221 647 150 1444
leaf_count=155 3992 139 33 291 758 415 7406 2678 375 101400 614 18571 614 1120 304 3450 341 605 87 60 8632 712 6734 161 611 1106 6221 647 150 1444
internal_value=0.00312985 -0.000167786 0.000741302 -0.0102005 -1.58719e-05 0.00460695 0.000214464 0.00288469 -0.000315688 0.00466359 -0.00843429 -0.000149464 -4.45617e-05 0.00262324 -0.0112881 0.00140176 -0.01292 -0.015187 0.00429425 0.00475758 0.00354679 -0.000466238 -0.00140991 -0.0140045 -0.0184987 -0.0069842 0.00452441 -0.000816831 -0.00429204 -0.00629738
internal_weight=169826 52537 48172 4365 35597 117289 34458 12575 27052 116077 3599 26294 25919 5112 1541 6128 1250 909 6447 110965 9565 933 7348 221 766 1139 6308 1212 565 2058
internal_count=169826 52537 48172 4365 35597 117289 34458 12575 27052 116077 3599 26294 25919 5112 1541 6128 1250 909 6447 110965 9565 933 7348 221 766 1139 6308 1212 565 2058
cat_boundaries=0 1
cat_threshold=2
is_linear=0
shrinkage=0.05


Tree=25
num_leaves=31
num_cat=3
split_feature=17 17 18 0 17 11 20 17 17 10 20 12 16 17 0 17 13 8 0 18 20 3 18 17 22 22 18 3 10 6
split_gain=305.983 163.828 31.422 19.7082 19.3275 16.1811 15.0305 10.6638 9.78983 9.71931 7.67832 7.60368 7.60451 7.56917 7.40418 7.02949 5.97472 5.96135 5.4881 5.32523 5.2403 5.18673 4.99743 4.50571 4.4486 5.98816 4.41267 4.33634 4.27907 4.14355
threshold=2.8081296309648454 0.6496832752533267 0.17133088791590131 0 0.36898037876086504 0.61482027553725704 1.8554581443506188 0.83534572210942304 0.78025122936348168 0.61482027553725704 0.50710923306503375 0.61482027553725704 0.53575541027670537 0.6496832752533267 1 3.9896074296994786 0.66750053336617021 1.5000000000000002 2 0.18778648180323185 0.16604274895129342 4.5000000000000009 1.4861155372196246 1.4869796347011677 7.201171826025349 7.9459806281929914 0.1732905854204623 1.5000000000000002 0.43773436867694998 1.0000000180025095e-35
decision_type=10 8 8 1 10 8 10 8 10 8 10 8 10 10 1 10 8 2 1 10 10 2 10 10 10 10 10 2 10 2
left_child=1 4 8 5 -1 13 10 19 -3 20 -2 17 16 -4 -6 18 26 -11 -12 -5 -7 29 -14 -10 -16 27 -13 -26 -29 -8
right_child=6 2 3 7 14 9 21 -9 23 11 15 12 22 -15 24 -17 -18 -19 -20 -21 -22 -23 -24 -25 25 -27 -28 28 -30 -31
leaf_value=-0.0096386774969533413 0.044252417141382172 0.00016288866700458484 -0.014841637233176323 -0.00064164469030299264 -0.011197665727824081 -0.010217308846105095 0.0013443994028331631 0.0029752397718784502 -2.5453937108639282e-05 -0.020760773587010159 0.02272024987337358 -0.019405060304306374 -0.0050992125520875802 -0.0056135659110722247 -0.0025605678873315322 0.055790170413229534 1.0449596023087703e-06 -0.0058854578247351918 0.013266516784455376 -0.0030206546149436292 -0.0054941981585175347 0.068581670471552378 -0.036257546173209136 0.0071977645734612062 -0.0074325522775576776 -0.0023167762896669632 -0.0057127833269615038 -0.0066578319069699222 -0.0031315118973752423 -0.0149547822645842
leaf_weight=651 96644 6725 30 46 351 35 464 10104 2329 24 1920 24 1848 924 1161 10428 24022 514 4944 505 665 276 22 2761 370 284 454 507 523 443
leaf_count=651 96644 6725 30 46 351 35 464 10104 2329 24 1920 24 1848 924 1161 10428 24022 514 4944 505 665 276 22 2761 370 284 454 507 523 443
internal_value=0.00314057 6.82412e-05 0.00081831 0.000137313 -0.00988173 -0.000547389 0.00460519 0.0019714 0.00307871 -0.000326354 0.00466341 -0.000175041 -5.49865e-05 -0.00694969 -0.00828223 0.00369304 0.000179592 -0.00605948 0.00245047 -0.00480036 -0.00614286 -0.00100169 -0.00312834 0.00142436 -0.00734676 -0.00901425 -0.00535565 -0.0103571 -0.00868932 -0.002828
internal_weight=169998 54879 51032 39217 3847 28562 115119 10655 11815 27608 113936 26908 26370 954 3196 17292 24500 538 6864 551 700 1183 1870 5090 2845 1684 478 1400 1030 907
internal_count=169998 54879 51032 39217 3847 28562 115119 10655 11815 27608 113936 26908 26370 954 3196 17292 24500 538 6864 551 700 1183 1870 5090 2845 1684 478 1400 1030 907
cat_boundaries=0 1 2 3
cat_threshold=9050 64 32
is_linear=0
shrinkage=0.05


Tree=26
num_leaves=31
num_cat=3
split_feature=19 19 17 16 15 1 16 10 1 3 17 13 19 17 17 15 17 3 12 3 3 22 22 16 11 1 3 17 16 22
split_gain=324.469 161.132 26.8123 22.995 26.1828 20.908 13.3332 11.6852 8.75433 12.1367 8.44153 7.51636 6.78153 6.64473 6.10151 5.30705 5.75569 5.25155 5.8338 5.17904 8.63691 5.16796 5.05448 4.86439 4.79208 4.43538 4.40945 5.17157 4.33131 4.29476
threshold=2.8925721399827284 0.66261880852417476 0.36898037876086504 0.11103581872829361 0.73370406495087115 0 2.4644648348472589 1.6193392260821904 1 4.5000000000000009 0.78025122936348168 2.5687807938343217 0.77671117126735367 0.78025122936348168 3.1852129764285011 1.0312115942036557 0.76686810930688443 1.0000000180025095e-35 3.0933100309410118 2.5000000000000004 1.5000000000000002 8.4151632591753245 7.0806726638591355 0.29739304068740563 0.71754226264466137 2 1.5000000000000002 0.55268407174375156 0.035192629130292162 7.0569323267779849
decision_type=10 8 10 8 8 1 10 8 1 2 10 8 10 8 8 8 10 2 10 2 2 8 8 10 8 1 2 10 10 8
left_child=1 2 -1 10 -5 15 11 13 9 26 28 17 25 23 21 16 -6 18 -2 20 -8 -13 -18 -7 -24 -12 27 -4 -3 -15
right_child=6 3 8 4 5 7 19 -9 -10 -11 12 14 -14 29 -16 -17 22 -19 -20 -21 -22 -23 24 -25 -26 -27 -28 -29 -30 -31
leaf_value=-0.0091567436221056727 0.0028871955119813501 0.00015474423365435808 -0.0098505573364070977 -0.005718177185159894 0.00016297174001619343 5.8561296907329645e-05 -0.013821717390164946 0.00035339583501490802 -0.0029581924461418198 -0.001763329121229589 -1.5875196357203276e-05 0.011429345080730281 2.4095074951746567e-05 1.7747817519009336e-06 0.047854813507671227 -0.00057040711048391703 1.3384181817066577e-06 0.0028495676943411266 -0.025919078354541148 0.008717528374787788 -0.024361978287600439 -0.0072748502857633238 -0.00049865989036831373 -0.0038064834895174039 -0.00013269368821693938 -0.0011371310009397674 -0.008188923774178172 -0.010326671075358887 -0.0020891941836796769 -8.7196408297685051e-07
leaf_weight=772 65 4144 117 1421 371 1484 185 15483 2412 184 26 3754 3293 6972 110221 7535 370 786 54 297 68 491 462 200 969 24 366 101 237 7036
leaf_count=772 65 4144 117 1421 371 1484 185 15483 2412 184 26 3754 3293 6972 110221 7535 370 786 54 297 68 491 462 200 969 24 366 101 237 7036
internal_value=0.00309358 -0.000108468 -0.00982793 0.000659344 0.000201286 0.000433198 0.00458463 0.00106415 -0.00779874 -0.0124479 0.00316805 0.00462166 0.0012758 0.0001026 0.00465754 -0.00159318 -0.00377072 8.28731e-05 -0.00970588 -0.00318182 -0.00843873 0.00279741 -0.00493892 0.00307007 -0.00628581 -0.017 -0.015976 -0.0216055 0.00461196 -0.00025414
internal_weight=169900 53979 3952 50027 42303 40882 115921 31175 3180 768 7724 115371 3343 15692 114466 9707 2172 905 119 550 253 4245 1801 1684 1431 50 584 218 4381 14008
internal_count=169900 53979 3952 50027 42303 40882 115921 31175 3180 768 7724 115371 3343 15692 114466 9707 2172 905 119 550 253 4245 1801 1684 1431 50 584 218 4381 14008
cat_boundaries=0 1 2 3
cat_threshold=4 2 2
is_linear=0
shrinkage=0.05


Tree=27
num_leaves=31
num_cat=8
split_feature=19 19 18 0 10 20 1 0 13 19 10 19 0 4 19 19 13 20 0 12 22 11 13 12 18 0 0 1 12 16
split_gain=318.276 139.677 36.3704 23.1994 19.532 17.8398 14.4973 12.0776 9.60989 8.64135 8.45525 7.94238 9.30607 7.4676 7.32711 6.71608 6.68699 5.89362 5.71019 5.51515 5.28737 5.25048 5.24586 5.14318 4.53614 4.49793 4.35568 4.14862 4.12718 4.11901
threshold=2.7086114360949427 0.69313598503394624 0.1723972045862637 0 1.6193392260821904 0.50710923306503375 1 2 0.71754226264466137 3.1955830789840447 0.66750053336617021 1.0109539540236467 3 7.5000000000000009 0.74385949482193026 4.2131249162416298 0.37096867236468872 0.41893083785192126 4 0.50031594015395309 7.1188247266327584 0.43773436867694998 0.66750053336617021 0.66750053336617021 0.16606390746867136 5 6 7 0.66750053336617021 0.7037746022395065
decision_type=10 8 8 1 10 10 1 1 10 10 8 8 1 2 10 10 10 10 1 8 8 10 8 8 10 1 1 1 8 8
left_child=1 3 8 24 6 9 11 20 22 29 -8 12 28 14 -14 27 18 -16 21 -13 -7 -5 -3 -12 -1 -25 -6 -9 -4 -2
right_child=5 2 4 16 26 7 10 15 -10 -11 23 19 13 -15 17 -17 -18 -19 -20 -21 -22 -23 -24 25 -26 -27 -28 -29 -30 -31
leaf_value=-0.0089704755681587513 0.010857877826693764 -0.0027374499423862713 -0.0067236225971578877 -0.008715515581293581 0.0003227098453468038 -0.020291652282860083 -0.0051516670367132682 0.018158777543191448 0.00015482315301538208 0.047354591829480056 -0.0048546410053194973 -0.01112352880168143 -0.00055028926212625433 -8.4720700638781491e-05 -0.00051006746703519676 0.071384189481963387 -0.0031478628494614642 -0.0174281695742113 -0.002185857990257683 -0.0010078820297874001 0.0099574007047274482 -0.0051902197770091023 0.00014700702197164019 0.013350509562108171 -0.010412377996420162 2.7402950333876852e-07 0.0079945140262455538 0.016426227826900824 2.3099982821799029e-05 -0.0038552487712057329
leaf_weight=335 5813 193 74 312 2152 703 842 3116 4126 92837 560 43 189 409 970 7323 2394 25 604 5165 2508 255 7269 777 437 18421 4819 5679 733 465
leaf_count=335 5813 193 74 312 2152 703 842 3116 4126 92837 560 43 189 409 970 7323 2394 25 604 5165 2508 255 7269 777 437 18421 4819 5679 733 465
internal_value=0.00307046 -0.000227575 0.000568457 -0.00881139 -0.000231814 0.00449343 -0.000817498 0.00310389 0.00299793 0.00476442 -0.000128641 -0.0026827 -0.0050625 -0.00725827 -0.00931588 0.00366071 -0.00704196 -0.0110302 -0.010158 -0.00158602 0.000296492 -0.0138042 0.00406861 8.04739e-05 -0.0166752 0.000218252 0.00213814 0.00273167 -0.000630355 0.0029691
internal_weight=169548 51104 46767 4337 35179 118444 28208 19329 11588 99115 20600 7608 2400 1593 1184 16118 3565 995 1171 5208 3211 567 7462 19758 772 19198 6971 8795 807 6278
internal_count=169548 51104 46767 4337 35179 118444 28208 19329 11588 99115 20600 7608 2400 1593 1184 16118 3565 995 1171 5208 3211 567 7462 19758 772 19198 6971 8795 807 6278
cat_boundaries=0 1 2 3 4 5 6 7 8
cat_threshold=64 4 192 530 2 36001 9034 1
is_linear=0
shrinkage=0.05


Tree=28
num_leaves=31
num_cat=8
split_feature=19 19 18 18 15 0 18 11 0 19 0 3 15 0 19 19 3 0 15 19 0 15 22 21 19 1 22 19 1 11
split_gain=302.459 117.707 33.646 18.9408 18.6137 14.6661 11.0203 10.9474 11.7553 10.8693 10.2353 9.20945 8.40819 7.93202 7.67333 6.15525 5.90298 5.608 5.52841 5.06194 4.9731 4.95013 4.85513 4.805 4.79521 7.5064 7.12856 5.74016 4.75564 4.6571
threshold=2.9304004773526047 0.69313598503394624 0.18204584285826816 0.54363763573403967 1.5216117614970992 0 0.1801625381390938 0.66750053336617021 1 0.75425598677812189 2 1.5000000000000002 0.77435709176599266 3 4.2657654821088569 0.76473488021822422 1.5000000000000002 4 0.67772355602398038 3.3188218409009687 5 2.7835707870358832 7.0892958493936975 7.1424319879342129 1.0109539540236467 6 6.5763428971570743 2.0460354156292682 7 0.50031594015395309
decision_type=10 8 8 8 10 1 10 8 1 10 1 2 8 1 10 10 2 1 8 10 1 10 8 8 8 1 10 10 1 10
left_child=1 5 9 19 7 6 -1 -4 12 -3 -6 -8 15 23 16 -9 28 -11 -10 21 22 -2 -20 -5 -14 26 -26 -27 -15 -13
right_child=3 2 4 13 10 -7 11 8 18 17 -12 29 24 14 -16 -17 -18 -19 20 -21 -22 -23 -24 -25 25 27 -28 -29 -30 -31
leaf_value=-0.0083166913706111869 -0.0028405090035754422 0.00013965667087305624 -0.0061744488154071549 -0.016958154658201725 0.0068591977890448633 -0.0021088473860263906 -0.0093111254195968728 -8.016335768096066e-07 -0.0049079820500714157 0.00047178007621845319 -0.0010106109027466935 -0.008397315140752256 -0.00010055563045433536 0.018283557827161779 0.071930636601179598 -0.0051290804010406948 0.019485090440556352 0.00014105730119177152 2.3942373514638568e-06 0.048702460821227492 0.025140362117426159 0.013562880017460555 -1.1730481836494585e-06 0.010083020567656822 -0.022472632104460766 5.2276584686389744e-05 0.0019034298822360686 -0.019862295379268785 -0.0071466874373339985 -0.0034894459345139401
leaf_weight=677 496 5060 1074 473 6749 2138 429 97 230 4040 4021 610 1231 635 6328 225 6214 5195 7982 92743 682 5225 10046 1548 211 2688 67 377 1596 505
leaf_count=677 496 5060 1074 473 6749 2138 429 97 230 4040 4021 610 1231 635 6328 225 6214 5195 7982 92743 682 5225 10046 1548 211 2688 67 377 1596 505
internal_value=0.00305091 -2.4478e-05 0.000662832 0.00450069 -0.000158352 -0.00790434 -0.0107553 -0.000909273 -0.000686776 0.00271249 0.00157846 -0.0084715 -0.00286792 0.00294867 0.00334946 -0.0106832 0.00236531 0.00169193 -0.000121372 0.0047654 -2.67235e-05 0.00332197 -0.000186273 2.46203e-06 -0.00232401 -0.00134161 -0.00920863 -0.000628059 0.000159122 -0.00607623
internal_weight=169592 54334 49975 115258 35680 4359 2221 24910 23836 14295 10770 1544 4896 16794 14773 322 8445 9235 18940 98464 18710 5721 18028 2021 4574 3343 278 3065 2231 1115
internal_count=169592 54334 49975 115258 35680 4359 2221 24910 23836 14295 10770 1544 4896 16794 14773 322 8445 9235 18940 98464 18710 5721 18028 2021 4574 3343 278 3065 2231 1115
cat_boundaries=0 1 2 3 4 5 6 7 8
cat_threshold=66 324 34996 64 33442 8850 2 1
is_linear=0
shrinkage=0.05


Tree=29
num_leaves=31
num_cat=6
split_feature=17 17 18 20 10 0 10 1 0 0 0 10 0 22 17 17 17 10 18 18 17 3 22 12 3 3 3 3 3 16
split_gain=302.895 106.06 30.4288 20.1093 19.7832 13.023 12.6876 9.88417 10.9053 8.66991 8.2145 8.01207 7.03649 6.74282 6.61576 6.25432 6.15953 9.03437 5.31384 5.28729 4.87781 6.21921 15.6589 4.67704 4.3594 4.49582 6.09359 15.5236 4.73489 4.32941
threshold=2.8974425608070997 0.6496832752533267 1.0000000180025095e-35 0.77633655141951674 1.6193392260821904 0 0.61482027553725704 1 2 3 4 0.43773436867694998 5 7.212374476276354 3.2593985688668332 2.1466599549738192 0.78025122936348168 0.71754226264466137 0.10051815745606314 0.23650072970919447 4.1447372567304539 1.0000000180025095e-35 1.0000000180025095e-35 1.1150072000796054 5.5000000000000009 3.5000000000000004 2.5000000000000004 1.5000000000000002 1.0000000180025095e-35 0.38818783552223052
decision_type=10 8 8 10 10 1 8 1 1 1 1 10 1 10 10 8 8 10 8 10 10 2 10 10 2 2 2 2 2 8
left_child=1 5 -3 14 6 11 15 9 16 18 24 -1 -6 -7 29 -4 17 19 -8 -9 21 22 -12 -20 25 26 27 28 -5 -2
right_child=3 2 4 10 12 13 7 8 -10 -11 20 -13 -14 -15 -16 -17 -18 -19 23 -21 -22 -23 -24 -25 -26 -27 -28 -29 -30 -31
leaf_value=-0.0080235936011709003 0.012760843549547941 0.00013267383732940564 -0.0043651457126071399 -0.019680619395714017 -0.00055481322473828812 -0.0015035728353533827 -0.018050520905394139 0.00014373998628721427 0.012534609261768215 8.2092281997094227e-05 -0.02744532693645161 -0.0066037568441520899 0.0073437172901303811 -0.0027753827855964541 0.043960280399489848 -0.0097091920047989964 -4.0989547434033824e-07 -0.0012414426729884212 -0.00066696533238523874 -0.0028558813804839957 0.039931193611606755 0.016073617063992927 0.026110422593667543 -6.6014459808871285e-05 0.086425053206336797 -0.024411132176016582 0.13317742761653048 -0.025831163069287812 0.10374715025236891 0.00018684404289127034
leaf_weight=1225 4321 3933 1166 224 2168 1003 36 2122 2975 1409 152 793 8897 815 99193 51 20713 942 5566 207 3144 3728 271 1997 397 215 393 193 391 991
leaf_count=1225 4321 3933 1166 224 2168 1003 36 2122 2975 1409 152 793 8897 815 99193 51 20713 942 5566 207 3144 3728 271 1997 397 215 393 193 391 991
internal_value=0.00302483 1.58879e-05 0.000605765 0.00450842 0.000261042 -0.00800834 -0.000291254 -0.000121361 0.000357766 -0.00155528 0.00225516 -0.0107791 0.00211704 -0.00484683 0.0047048 -0.00531224 2.91758e-06 0.00201926 -0.00222171 0.00369043 0.00300137 0.00188027 -0.00386525 -0.00213341 -0.000759736 -0.00206215 -0.000870108 -0.00335396 0.000528455 0.00298569
internal_weight=169631 56018 52182 113613 48249 3836 37184 35967 26959 9008 9108 2018 11065 1818 104505 1217 23984 3271 7599 2329 7295 4151 423 7563 1813 1416 1201 808 615 5312
internal_count=169631 56018 52182 113613 48249 3836 37184 35967 26959 9008 9108 2018 11065 1818 104505 1217 23984 3271 7599 2329 7295 4151 423 7563 1813 1416 1201 808 615 5312
cat_boundaries=0 1 2 3 4 5 6
cat_threshold=578 4 8798 966 320 8970
is_linear=0
shrinkage=0.05


Tree=30
num_leaves=31
num_cat=5
split_feature=19 19 18 20 10 17 17 19 10 1 18 0 12 10 0 0 18 12 20 0 13 19 13 4 4 18 22 19 10 19
split_gain=290.932 96.2201 36.6689 19.4758 16.8235 14.251 10.3269 13.2713 10.0287 7.21342 7.21198 6.63552 5.80648 5.69078 5.43711 5.11049 4.86513 4.82105 4.35299 4.26447 4.00514 3.83162 3.78812 3.55807 6.87977 5.34922 6.39034 4.20417 5.92482 3.85778
threshold=3.1476070694534433 0.69313598503394624 0.17747559858859846 0.75364749892381078 1.6193392260821904 0.36898037876086504 0.78025122936348168 1.1705639812041522 0.66750053336617021 0 0.080241648058044387 1 0.50031594015395309 0.43773436867694998 2 3 0.18486960693253021 0.66750053336617021 0.84404815046434012 4 0.37096867236468872 1.067399824890072 0.55920745798214477 7.5000000000000009 4.5000000000000009 0.18395365950631692 7.3967902357122464 1.0109539540236467 1.3479888099339705 1.2367901825676191
decision_type=10 8 8 10 10 10 10 10 8 1 10 1 8 10 1 1 10 8 10 1 10 8 8 2 2 8 8 8 8 10
left_child=1 5 6 15 8 -1 17 -8 16 12 -7 -5 20 -12 23 -2 -4 -3 -6 -11 -10 -21 -16 24 27 -26 29 28 -14 -27
right_child=3 2 4 11 18 10 7 -9 9 19 13 -13 14 -15 22 -17 -18 -19 -20 21 -22 -23 -24 -25 25 26 -28 -29 -30 -31
leaf_value=-0.007446116413346607 0.025105045062224107 -0.0032574008161702717 -0.0088244857384684235 0.01148114164520561 0.0056382428642079378 -0.0002756201797269097 -3.607216804274449e-05 0.0077338107137502228 -0.012871472806211063 -3.4634004045241973e-07 -0.0051753919209122576 0.019558306715626694 -5.8766166114143653e-05 -0.0031764123021637471 -0.012831249361860914 0.044465623122374259 -0.0044783049996534171 0.00012604014546293562 -0.0084960901005284532 -0.0052532261633966492 -0.0067315846419933878 0.0060945878214316677 2.3320512234270564e-05 -7.8657961390016251e-05 -0.00051517022368666643 0.00024268848179915441 -0.011126266986876914 -0.0015786570093976112 -0.0006152741469424045 -0.0063077211202458615
leaf_weight=746 14303 153 43 5261 9328 563 2215 5356 41 17175 1286 4645 512 1739 29 87965 1104 6691 324 141 73 3019 2098 2075 29 343 657 1507 144 144
leaf_count=746 14303 153 43 5261 9328 563 2215 5356 41 17175 1286 4645 512 1739 29 87965 1104 6691 324 141 73 3019 2098 2075 29 343 657 1507 144 144
internal_value=0.00304489 0.000154254 0.000737862 0.00452752 -6.23935e-05 -0.00700969 0.00289109 0.00161868 -0.00066177 -0.00047397 -0.00570234 0.00241066 -0.00178254 -0.00666942 -0.00161316 0.00473257 -0.00524411 0.00429866 0.00174679 1.84413e-05 -0.0129825 0.00170347 0.000531119 -0.0024525 -0.00346823 -0.00655158 -0.00601399 -0.00179612 -0.00513719 -0.00167351
internal_weight=169709 57535 53201 112174 38786 4334 14415 7571 29134 27987 3588 9906 7652 3025 7538 102268 1147 6844 9652 20335 114 3160 2127 5411 3336 1173 1144 2163 656 487
internal_count=169709 57535 53201 112174 38786 4334 14415 7571 29134 27987 3588 9906 7652 3025 7538 102268 1147 6844 9652 20335 114 3160 2127 5411 3336 1173 1144 2163 656 487
cat_boundaries=0 1 2 3 4 5
cat_threshold=4 16712 900 200 24926
is_linear=0
shrinkage=0.05


Tree=31
num_leaves=31
num_cat=5
split_feature=19 19 20 20 15 0 11 17 17 15 13 0 0 19 0 13 17 10 17 0 13 14 20 8 22 19 20 17 12 15
split_gain=282.017 83.7674 30.6077 21.4559 18.0919 14.2042 11.3918 11.1323 12.4022 10.1433 8.88958 8.57734 6.19873 6.13735 6.22969 6.0369 5.85325 4.83717 5.34356 4.75633 4.62178 4.47011 4.13651 3.96269 3.85747 3.84536 5.37057 3.61523 3.57817 4.67348
threshold=3.1476070694534433 0.69313598503394624 0.18805206083901613 0.77633655141951674 1.5216117614970992 0 0.66750053336617021 0.78025122936348168 1.1585675402899553 0.37012364598125269 0.66750053336617021 1 2 1.9547769238740993 3 2.7113724724615449 0.5066056068032575 0.66750053336617021 0.91349761680848707 4 2.2027494954295124 0.66750053336617021 0.71009559733035432 5.5000000000000009 8.1285517959427001 1.0860329037452139 0.2611591344934841 0.5066056068032575 0.71754226264466137 0.86695541705920476
decision_type=10 8 8 10 10 1 8 8 10 10 8 1 1 10 1 8 10 8 8 1 8 8 8 2 10 8 10 10 10 10
left_child=1 5 7 12 6 9 16 -3 -9 -1 27 -6 -2 14 -12 -5 -4 22 21 -17 -15 -19 -16 24 -11 26 28 -8 29 -20
right_child=3 2 4 15 11 -7 10 8 -10 23 13 -13 -14 20 17 19 -18 18 25 -21 -22 -23 -24 -25 -26 -27 -28 -29 -30 -31
leaf_value=-0.007284647814138916 0.023244195388194378 0.00011973813818978996 -0.014306778776149299 -0.0026851667768988067 0.0059589178967826527 -0.0016284694254509989 -0.018586261302304421 -1.2023796212115397e-05 0.0081429399281777986 -0.0089581431473420049 0.031282936186815491 -0.00078258466829173165 0.042504816979988452 -0.026186446717839242 -0.005020919999484127 0.014867695634142093 -0.005310517006789842 -0.0065854249637825844 -2.4057514154858534e-07 0.020994474057890036 -0.010052650972866926 2.441882582485122e-05 -0.013152391163188762 -0.0049463997512836566 -0.0092335334025451573 9.7052744729708706e-09 1.6873374021733422e-07 -0.0052092492740451911 -8.1849842479275738e-07 -2.079796103361578e-06
leaf_weight=780 14666 6026 29 722 9160 2074 21 3132 4060 396 641 4791 88123 128 502 4773 1129 294 361 3788 1293 4674 42 1044 24 10462 2850 854 1997 953
leaf_count=780 14666 6026 29 722 9160 2074 21 3132 4060 396 641 4791 88123 128 502 4773 1129 294 361 3788 1293 4674 42 1044 24 10462 2850 854 1997 953
internal_value=0.00302814 0.000188593 0.000730257 0.00449051 4.36775e-05 -0.00650996 -0.00073008 0.00281737 0.00148915 -0.00926353 -0.000506142 0.00149846 0.00469841 -0.000327106 -0.000128205 0.00218841 -0.00557858 -0.000269812 -0.00015261 0.0025587 -0.00351513 0.00128623 -0.00492647 -0.00685109 -0.0109524 -0.000582626 -0.00157361 -0.00545714 -0.00294322 -0.00496956
internal_weight=169789 57717 53399 112072 40181 4318 26230 13218 7192 2244 25072 13951 102789 24197 22776 9283 1158 22135 21591 8561 1421 4968 544 1464 420 16623 6161 875 3311 1314
internal_count=169789 57717 53399 112072 40181 4318 26230 13218 7192 2244 25072 13951 102789 24197 22776 9283 1158 22135 21591 8561 1421 4968 544 1464 420 16623 6161 875 3311 1314
cat_boundaries=0 1 2 3 4 5
cat_threshold=66 36020 200 56361 25032
is_linear=0
shrinkage=0.05


Tree=32
num_leaves=31
num_cat=6
split_feature=17 17 18 20 0 18 0 17 10 3 22 17 15 10 16 10 16 0 15 3 0 3 3 0 20 17 18 20 0 11
split_gain=261.996 73.1415 27.4014 20.7026 13.8835 12.8842 11.3773 11.186 10.8314 10.1347 16.6217 9.2221 6.98001 6.60141 6.34273 6.21487 5.99183 5.15643 5.13864 4.88167 7.39008 4.31465 9.49494 4.49575 4.19931 4.72024 4.10804 4.01744 3.91521 3.86721
threshold=2.8974425608070997 0.6496832752533267 1.0000000180025095e-35 0.84404815046434012 0 0.22798592172213658 1 0.78025122936348168 1.1150072000796054 1.0000000180025095e-35 8.7462259215500584 3.8807988455684499 0.84901465700444467 0.43773436867694998 0.38818783552223052 0.43773436867694998 0.3113336014896334 2 4.2136089493507063 5.5000000000000009 3 2.5000000000000004 1.5000000000000002 4 1.0231107274415387 1.1798920611276811 0.09057769668841488 0.11930605769199516 5 1.1150072000796054
decision_type=10 8 8 10 1 10 1 8 10 2 8 10 10 10 8 8 10 1 8 2 1 2 2 1 10 10 10 10 1 10
left_child=1 4 -3 11 13 6 7 26 15 10 -5 14 16 -1 -2 -9 -7 21 -12 24 -21 22 23 -11 25 -14 27 -4 -27 -17
right_child=3 2 5 9 -6 12 -8 8 -10 17 18 -13 19 -15 -16 29 -18 -19 -20 20 -22 -23 -24 -25 -26 28 -28 -29 -30 -31
leaf_value=-0.0068930881194539662 0.015226870238949376 0.0001137512312803013 0.00089177597083063434 0.0011636812795927432 -0.0016064226870040083 -0.0010255659702232791 0.010284974832364128 -0.0090918214048763789 0.0051083165466588552 0.10559867998813727 -0.027390502453596411 0.063781480237129151 -1.6417190131789994e-06 -0.0059404341676873385 0.010463921471717775 -7.3911210269045305e-06 -0.0060319558712877835 0.01879853098489619 -0.012646074895880056 -0.0039051104415990996 0.0011146238738635632 0.018099602138424514 -0.023294141026790584 -0.028598531216054802 -0.016652388157893726 0.0066591351894899065 0.00012142543019424413 -0.0081686567779860591 -1.8049494675799008e-06 0.004188088673182485
leaf_weight=1135 18279 3859 37 565 1867 3589 5115 39 4516 382 130 82979 5757 755 4966 10096 811 4499 63 405 2414 1582 193 157 311 1871 3401 25 8470 1299
leaf_count=1135 18279 3859 37 565 1867 3589 5115 39 4516 382 130 82979 5757 755 4966 10096 811 4499 63 405 2414 1582 193 157 311 1871 3401 25 8470 1299
internal_value=0.00305947 0.000252098 0.000738729 0.00443539 -0.00648523 0.000413863 0.00121657 0.000662359 0.000103448 0.00190926 -0.0035752 0.00461544 -0.000419417 -0.0095 0.00373521 -0.00071541 -0.00221591 0.00251945 -0.0162435 -8.32101e-06 0.0019138 0.000589501 -0.00258197 0.000825603 -0.000338534 -0.000227357 0.00323852 -0.00951613 0.000411469 -0.000647213
internal_weight=169567 55772 52015 113795 3757 48156 24528 19413 15950 7571 758 106224 23628 1890 23245 11434 4400 6813 193 19228 2819 2314 732 539 16409 16098 3463 62 10341 11395
internal_count=169567 55772 52015 113795 3757 48156 24528 19413 15950 7571 758 106224 23628 1890 23245 11434 4400 6813 193 19228 2819 2314 732 539 16409 16098 3463 62 10341 11395
cat_boundaries=0 1 2 3 4 5 6
cat_threshold=66 9046 328 512 64 34948
is_linear=0
shrinkage=0.05


Tree=33
num_leaves=31
num_cat=0
split_feature=19 19 18 20 15 15 19 11 19 15 18 18 3 22 16 20 20 20 10 20 19 15 15 12 3 3 19 3 12 16
split_gain=266.167 78.6605 30.8511 20.2634 16.7183 14.2057 9.11104 9.03797 7.91378 7.28629 6.99394 5.77192 5.17033 20.9138 9.45373 5.07614 4.89341 4.61734 4.53703 5.84667 4.38748 4.37807 4.86186 4.31967 4.3994 4.22476 4.18693 4.16081 3.95104 3.83525
threshold=3.2944943067725814 0.69313598503394624 0.17747559858859846 0.50710923306503375 1.5216117614970992 0.37012364598125269 0.75425598677812189 0.61482027553725704 4.6724643493623548 2.5651408915288916 0.41715617877519573 0.080241648058044387 1.0000000180025095e-35 5.9614247478900806 0.73113569475392359 0.22387961353182378 0.81901274721547124 1.6204372300014251 0.66750053336617021 0.69529611376793155 1.9547769238740993 0.67772355602398038 0.69331376394879285 0.43773436867694998 1.5000000000000002 3.5000000000000004 3.7557168130906731 2.5000000000000004 0.66750053336617021 0.27249246743585737
decision_type=10 8 8 10 10 10 10 8 10 10 10 10 2 10 10 10 8 10 8 8 10 8 8 10 2 2 10 2 8 8
left_child=1 5 6 -2 7 15 -3 16 12 21 -6 -7 13 14 -5 -1 -4 -10 19 -9 28 -8 -23 -13 -25 -17 -16 -19 -20 -27
right_child=3 2 4 8 10 11 9 18 17 -11 -12 23 -14 -15 26 25 -18 27 20 -21 -22 22 -24 24 -26 29 -28 -29 -30 -31
leaf_value=-0.0057220024144479407 0.038226800394126452 0.00010806366971628513 -0.0048008580768773941 -0.014514065160493328 0.0057559293685585898 1.0607486625512864e-05 -0.0046867981271505451 -0.0033956501046676505 0.089095234422165701 0.0098401850649033843 -0.00090198315121867558 -0.0038555241320171042 0.01458004105978156 0.014659646878426894 -0.026020977330916597 -0.0075563308270521282 -0.011107072813791157 -0.018449962936049731 -0.005536809758459986 -0.011917654813088645 -0.011714435662272676 0.00033360861666035147 0.00011422775686564739 -0.005398285978859353 -0.0018392509273518114 -0.007575522294808134 -0.034798222478783246 0.031872903984077029 -3.7298706599305444e-08 0.0011241281869110887
leaf_weight=650 91271 4992 889 200 10731 560 27 768 6199 3191 3754 1104 10102 962 43 236 32 221 560 51 1592 784 6201 478 1236 57 119 297 22399 62
leaf_count=650 91271 4992 889 200 10731 560 27 768 6199 3191 3754 1104 10102 962 43 236 32 221 560 51 1592 784 6201 478 1236 57 119 297 22399 62
internal_value=0.00301641 0.000350764 0.00085589 0.00448681 0.000139298 -0.0060997 0.00277887 -0.000612186 0.00296065 0.00192247 0.00150328 -0.00454707 0.00215999 -0.000777945 -0.0110221 -0.0113184 -0.00547774 0.00432261 -0.000435554 -0.00409646 -0.000313429 0.00102111 0.00109878 -0.00546842 -0.00389732 -0.0161268 -0.02 -0.000212355 -0.000137419 -0.00844538
internal_weight=169768 60354 55971 109414 40776 4383 15195 26291 18143 10203 14485 3378 11426 1324 362 1005 921 6717 25370 819 24551 7012 6985 2818 1714 355 162 518 22959 119
internal_count=169768 60354 55971 109414 40776 4383 15195 26291 18143 10203 14485 3378 11426 1324 362 1005 921 6717 25370 819 24551 7012 6985 2818 1714 355 162 518 22959 119
is_linear=0
shrinkage=0.05


Tree=34
num_leaves=31
num_cat=8
split_feature=19 19 20 20 17 17 17 10 11 0 0 0 13 1 0 10 17 17 19 16 17 0 17 14 14 22 0 1 19 21
split_gain=261.313 78.0917 27.6311 21.4907 15.1474 14.6342 17.2435 12.923 9.02881 8.599 6.35479 6.05164 6.00222 5.89373 5.01437 4.95506 4.64234 4.48808 4.41372 4.36578 7.14649 4.11354 4.03516 3.78247 3.77228 3.68232 3.66346 3.52774 3.42925 3.29259
threshold=3.2660521261896824 0.69313598503394624 0.21488288244887571 0.84404815046434012 0.36898037876086504 0.78025122936348168 1.3816306782992196 2.4024201905583298 0.66750053336617021 0 1 2 0.66750053336617021 3 4 0.71754226264466137 2.054492501928975 0.95972377896314642 3.8539812914303133 0.28297615150344452 0.81029901019962447 5 0.89955235681988654 0.66750053336617021 0.71754226264466137 6.8993866155015784 6 7 1.9162849576171574 8.5780032636808432
decision_type=10 8 8 10 10 8 10 10 8 1 1 1 8 1 1 8 8 10 10 8 8 1 8 8 10 8 1 1 10 10
left_child=1 4 5 9 26 24 15 8 16 27 -5 -6 -10 21 -8 17 -4 19 -12 -7 -21 28 -17 -15 -3 -13 -1 -2 -14 -9
right_child=3 2 7 10 11 6 14 29 12 -11 18 25 13 23 -16 22 -18 -19 -20 20 -22 -23 -24 -25 -26 -27 -28 -29 -30 -31
leaf_value=-0.0010918665021556226 0.013296335944490638 0.00010266048623047142 -0.0045608737360445925 -0.00024850884660348446 -0.0087868799302273769 -3.7228880129414056e-06 -0.010080022286768107 0.0081876874990764736 -0.0056069144047305002 0.039632670988312274 0.0034007045909884362 0.00078267558130060079 -0.0027802237717686191 -0.0063673366339450886 0.0076091518233921797 8.0825236357006923e-05 -0.019232359302345015 -2.8261440752851624e-05 0.020875143103940386 -0.0011499967429243738 -1.7505038643783612e-06 -2.5045086510250137e-05 -2.1579119522163736e-06 1.940189887450483e-06 -2.0254576379487279e-05 -0.0021844936674132467 -0.0063294893252275391 0.02228801800399054 -0.018972255803177605 -0.014913243517616769
leaf_weight=130 3848 5995 1024 2675 380 1146 135 4818 832 87992 1386 141 2338 403 6275 2004 26 197 3524 32 110 4518 3019 20745 435 3088 660 10697 1091 92
leaf_count=130 3848 5995 1024 2675 380 1146 135 4818 832 87992 1386 141 2338 403 6275 2004 26 197 3524 32 110 4518 3019 20745 435 3088 660 10697 1091 92
internal_value=0.00300655 0.000340745 0.000851363 0.00445016 -0.0060707 0.00237441 0.00140424 3.0234e-05 -0.000347516 0.00464013 0.001882 -0.00469798 -0.000187623 -6.78809e-05 0.00324493 -0.000408728 -0.00490476 -0.00294613 0.00294715 -0.00187112 -0.0101408 -0.00122877 0.00034143 0.000368357 0.00432348 -0.00395338 -0.0123418 0.00350223 -0.00253126 0.00241344
internal_weight=169756 59634 55235 110122 4399 19348 12918 35887 30977 102537 7585 3609 29927 29095 6410 6508 1050 1485 4910 1288 142 7947 5023 21148 6430 3229 790 14545 3429 4910
internal_count=169756 59634 55235 110122 4399 19348 12918 35887 30977 102537 7585 3609 29927 29095 6410 6508 1050 1485 4910 1288 142 7947 5023 21148 6430 3229 790 14545 3429 4910
cat_boundaries=0 1 2 3 4 5 6 7 8
cat_threshold=200 72 64 4 8536 898 272 4
is_linear=0
shrinkage=0.05


Tree=35
num_leaves=31
num_cat=5
split_feature=19 19 18 18 15 0 19 16 15 11 12 0 18 0 0 12 4 18 15 15 13 19 15 15 22 19 1 16 11 4
split_gain=257.621 76.0412 30.4572 19.6697 16.2803 14.2107 9.76044 7.97215 7.58878 7.27389 5.63213 5.60901 5.59326 5.58497 5.4915 5.39369 5.42412 5.03292 9.10439 5.81771 5.19115 4.59948 4.48833 4.30611 4.26726 4.24739 3.72388 6.48727 3.59244 3.4649
threshold=3.380823396808958 0.69313598503394624 0.17747559858859846 0.67474215714565089 1.5216117614970992 0 0.78932121774321995 0.37913029693753658 2.500207570657405 0.66750053336617021 0.55920745798214477 1 0.080241648058044387 2 3 0.43773436867694998 7.5000000000000009 0.17905044282611401 0.77435709176599266 0.86695541705920476 0.66750053336617021 4.2657654821088569 0.37012364598125269 0.54811503264236405 8.1285517959427001 1.9162849576171574 4 0.15217490185313301 0.50031594015395309 7.5000000000000009
decision_type=10 8 8 10 10 1 10 10 10 8 8 1 8 1 1 10 2 8 10 10 8 10 10 10 10 10 1 10 10 2
left_child=1 5 6 14 9 24 -3 -6 -8 23 22 -5 -7 29 -2 16 28 18 26 20 -19 -13 -11 -4 -1 -21 27 -15 -14 -12
right_child=3 2 4 11 7 12 8 -9 -10 10 13 21 15 17 -16 -17 -18 19 -20 25 -22 -23 -24 -25 -26 -27 -28 -29 -30 -31
leaf_value=-0.0065788817242908833 0.022991999843811773 9.7527461918950345e-05 -0.0089757641430085345 -0.0016530820955933747 0.0057714420924975182 -0.00014498932886862354 0.00017375622697502185 -0.0013667758314540703 0.0081356041274342605 -0.01957590064375845 -0.00046639024689135188 0.010281737462193692 -0.0051531127903946955 -3.6389054224511552e-05 0.041881635114532426 -0.00197906592690095 -0.0016311398730564078 -0.0058042585292599133 5.4206599279078377e-05 -2.3809184164780285e-07 3.0562849931045597e-05 0.044181887500244058 -0.0047373668582341407 -0.0041762176238784362 -0.0068531970908934162 -0.021766719856974665 -3.1592992233450309e-05 -5.3745386105491513e-05 -0.0025746888932676334 -2.0274887048701507e-05
leaf_weight=762 10382 5861 115 1497 12256 625 5933 3966 4049 21 4970 5242 496 37 86120 1699 499 327 232 9964 5649 3352 459 969 54 22 65 32 271 3404
leaf_count=762 10382 5861 115 1497 12256 625 5933 3966 4049 21 4970 5242 496 37 86120 1699 499 327 232 9964 5649 3352 459 969 54 22 65 32 271 3404
internal_value=0.00299297 0.000450851 0.000929266 0.00448918 0.000231595 -0.00588289 0.00280029 0.00147701 0.00184933 -0.000537577 -0.000364943 0.00238876 -0.00448611 -0.000260707 0.00470881 -0.00540472 -0.0078752 0.00027788 -0.00551913 0.000410976 0.00164491 0.00287889 -0.00572917 -0.00454797 -0.0118281 -0.000327458 -0.0158955 -0.0239855 -0.010515 -0.00130964
internal_weight=169330 62737 58331 106593 42488 4406 15843 16222 9982 26266 25182 10091 3590 24702 96502 2965 1266 16328 366 15962 5976 8594 480 1084 816 9986 134 69 767 8374
internal_count=169330 62737 58331 106593 42488 4406 15843 16222 9982 26266 25182 10091 3590 24702 96502 2965 1266 16328 366 15962 5976 8594 480 1084 816 9986 134 69 767 8374
cat_boundaries=0 1 2 3 4 5
cat_threshold=64 64 964 72 2
is_linear=0
shrinkage=0.05


Tree=36
num_leaves=31
num_cat=2
split_feature=19 19 20 20 15 10 18 15 3 21 10 10 19 19 18 21 16 18 20 19 1 3 12 14 12 15 15 3 1 20
split_gain=242.411 72.2362 30.4897 22.4773 13.2532 10.6511 9.99226 7.60883 7.06864 8.6653 10.1818 6.18277 6.02001 4.81324 5.56811 4.99216 4.61089 4.58047 4.5059 4.47106 4.23691 5.65407 4.22884 4.2018 4.17734 4.07062 4.05978 4.03699 4.83714 3.94091
threshold=3.401874124528522 0.69313598503394624 0.21945556310830858 0.71009559733035432 0.37012364598125269 1.6193392260821904 1.0000000180025095e-35 1.4168328952363014 1.0000000180025095e-35 1.0000000180025095e-35 2.0476720312775929 0.66750053336617021 0.89677138669543865 3.9347605754652943 0.29330637810453891 5.8734451274580115 0.13691409939082153 0.080241648058044387 1.4491176654321001 0.80899435430513533 0 1.5000000000000002 0.50031594015395309 2.7757039971150994 5.1564657008065824 0.58411499466183192 0.37012364598125269 4.5000000000000009 1 0.28984292374964343
decision_type=10 8 8 10 10 10 8 10 2 10 10 8 10 10 8 8 10 10 10 8 1 2 8 8 8 10 10 2 1 10
left_child=1 4 6 13 16 11 -3 12 9 10 23 26 -8 14 -2 -16 -1 -6 20 -13 21 24 25 -5 -10 -21 -4 28 -19 -18
right_child=3 2 5 8 17 -7 7 -9 18 -11 -12 19 -14 -15 15 -17 29 27 -20 22 -22 -23 -24 -25 -26 -27 -28 -29 -30 -31
leaf_value=-0.0053208583793949056 0.0175610140442235 9.2651088823003658e-05 -0.007382100481583307 -0.022611372379470324 6.2671260232130763e-05 0.0040230602263735616 2.9593336451377852e-05 0.0065980454041331188 -0.042598459664537125 0.013047653286068965 -0.038403081924633035 -0.003554688306622646 -1.3891033411872478e-06 0.057934627938998354 -0.007622244832797942 0.012245029883519144 -0.0056135738135315192 -0.0059323620573540443 0.0027562614418975787 -0.011076989885958469 0.025721622409445824 0.028272538649499541 -2.1816472891567074e-07 -0.00021256972397917171 0.050943152542709674 -0.0052515151278518524 -0.0038823260283568336 -0.0011425436690294694 -0.0021023134562846045 -0.0070959899815846664
leaf_weight=732 10627 3701 53 58 552 11273 6300 8194 233 616 113 1212 3714 80736 20 4564 219 560 2245 42 5441 1419 23758 294 79 156 1001 764 1460 60
leaf_count=732 10627 3701 53 58 552 11273 6300 8194 233 616 113 1212 3714 80736 20 4564 219 560 2245 42 5441 1419 23758 294 79 156 1001 764 1460 60
internal_value=0.0029976 0.000559286 0.00101458 0.00445794 -0.00566253 0.000148687 0.00249646 0.00201505 0.00226138 -0.00156799 -0.00672043 -0.000403859 0.00109047 0.00469827 0.00388239 0.00242583 -0.0106775 -0.00414269 0.00270097 -0.000246742 0.00331288 0.00115829 -9.6844e-05 -0.00252841 -0.0049359 -0.00737374 -0.0041556 -0.00496767 -0.00613861 -0.016147
internal_weight=170196 63751 59404 106445 4347 37495 21909 18208 10498 1081 465 26222 10014 95947 15211 4584 1011 3336 9417 25168 7172 1731 23956 352 312 198 1054 2784 2020 279
internal_count=170196 63751 59404 106445 4347 37495 21909 18208 10498 1081 465 26222 10014 95947 15211 4584 1011 3336 9417 25168 7172 1731 23956 352 312 198 1054 2784 2020 279
cat_boundaries=0 1 2
cat_threshold=4 2
is_linear=0
shrinkage=0.05


Tree=37
num_leaves=31
num_cat=5
split_feature=17 17 18 20 0 0 17 0 3 15 1 0 15 17 3 22 18 3 15 3 21 17 18 11 17 4 17 20 15 6
split_gain=237.324 55.4467 27.3377 21.9529 14.2518 14.2269 10.5719 10.5066 9.61628 8.87957 7.66216 9.79389 6.56582 5.4481 13.3391 7.884 5.83688 4.71478 5.13061 4.50649 4.27982 4.25678 4.19136 4.00086 3.87393 3.56629 5.07222 3.49391 3.45454 3.45261
threshold=3.3544037476627335 0.6496832752533267 0.1723972045862637 0.50710923306503375 0 1 0.76686810930688443 2 2.5000000000000004 1.2426205730334428 3 4 0.37012364598125269 4.3749528748682307 1.0000000180025095e-35 6.0427619774291612 0.67474215714565089 1.5000000000000002 3.9072037334852698 1.5000000000000002 7.0339472071016012 3.7282580886586891 0.11000183204689484 0.61482027553725704 1.4869796347011677 9.5000000000000018 3.8277524795099311 2.2104301787485565 0.58411499466183192 1.0000000180025095e-35
decision_type=10 8 8 10 1 1 10 1 2 8 1 1 8 10 2 10 10 2 10 2 8 10 10 8 8 2 10 10 8 2
left_child=1 4 6 21 12 -4 -3 8 17 -8 28 24 -1 14 15 16 -9 -5 -19 29 -13 -2 -21 -22 -12 -18 -27 -20 -7 -14
right_child=3 2 5 7 -6 10 9 13 -10 -11 11 20 19 -15 -16 -17 25 18 27 22 23 -23 -24 -25 -26 26 -28 -29 -30 -31
leaf_value=-0.0054332039062216691 0.012151567906679085 8.801853438185071e-05 0.0077039760699116229 -0.0020464009332673522 -0.0010824277869991847 -0.005899316752881769 -3.1220776247120607e-05 -0.00020668359112241999 0.023680518076506063 0.0059255020477365422 -0.0011943912124756522 7.2182448195821978e-06 -0.0055562756920055573 0.064473544789384218 0.011992234151631054 0.021060100148955613 -0.025357782336979863 7.9031070146576383e-05 -0.035522287273625393 -0.0062720808725969315 -0.0046462006150770714 0.048579971699213957 -0.0032986667086034472 -1.2843731371516498e-06 0.0058888722064544437 -0.040929661575569841 -0.057770391361779888 -0.020099342179934046 -0.00040349875802050017 -0.0059128840970745153
leaf_weight=451 9471 6626 6062 1926 1939 78 2304 77 3657 5945 166 8432 277 6381 4566 107 125 109 92 44 655 78686 1028 13146 7087 29 21 43 10011 167
leaf_count=451 9471 6626 6062 1926 1939 78 2304 77 3657 5945 166 8432 277 6381 4566 107 125 109 92 44 655 78686 1028 13146 7087 29 21 43 10011 167
internal_value=0.00297476 0.000584309 0.000957 0.00443727 -0.00518945 0.000350264 0.00281849 0.00279957 0.00106819 0.00162383 4.42105e-06 0.000411382 -0.00817653 0.0036877 0.00244162 -0.00683844 -0.0116667 -0.00156682 -0.00811475 -0.00664248 -0.000109472 0.00475555 -0.00488806 -0.000651764 0.00200537 -0.0167143 -0.028 -0.0146296 -0.00118495 -0.0108784
internal_weight=169708 64418 60512 105290 3906 45637 14875 17133 5827 8249 39575 29486 1967 11306 4925 359 252 2170 244 1516 22233 88157 1072 13801 7253 175 50 135 10089 444
internal_count=169708 64418 60512 105290 3906 45637 14875 17133 5827 8249 39575 29486 1967 11306 4925 359 252 2170 244 1516 22233 88157 1072 13801 7253 175 50 135 10089 444
cat_boundaries=0 1 2 3 4 5
cat_threshold=66 56353 8264 4 396
is_linear=0
shrinkage=0.05


Tree=38
num_leaves=31
num_cat=1
split_feature=19 19 20 20 17 17 17 17 11 22 20 17 16 3 1 3 17 3 20 12 15 20 20 13 19 19 22 22 12 13
split_gain=241.518 56.6524 29.0029 23.021 13.0651 16.7767 11.4877 10.0842 9.65312 6.78271 5.78788 4.82056 4.71495 4.9951 4.83521 7.10492 4.79688 4.66461 4.64506 4.03309 7.21182 3.96279 3.87671 3.61153 3.60991 3.59528 6.3004 3.78971 3.58594 3.32389
threshold=3.4372747902706022 0.69313598503394624 0.21945556310830858 0.50710923306503375 0.78025122936348168 1.1585675402899553 0.36898037876086504 4.1447372567304539 2.4890560511953486 6.0427619774291612 1.6204372300014251 0.91349761680848707 0.067381267689184884 4.5000000000000009 0 1.5000000000000002 0.55268407174375156 1.5000000000000002 1.4491176654321001 0.61482027553725704 0.37012364598125269 0.16462408828064737 0.59714691507629836 0.66750053336617021 0.78932121774321995 1.9162849576171574 6.6664943321373924 6.2625014380114434 3.714790094103249 0.50031594015395309
decision_type=10 8 8 10 8 10 10 8 10 8 10 10 8 2 1 2 10 2 10 8 10 10 10 8 8 10 8 10 10 8
left_child=1 6 4 -2 23 11 -1 9 19 -5 -9 -6 -8 14 15 16 -14 28 -19 20 -4 -13 24 -3 -21 -24 27 -27 -11 -26
right_child=3 2 8 7 5 -7 12 10 -10 17 -12 21 13 -15 -16 -17 -18 18 -20 22 -22 -23 25 -25 29 26 -28 -29 -30 -31
leaf_value=-0.0050512767219964864 0.036408770414207668 -0.001979160781998546 -0.01354268621955295 -0.0088134345828553111 1.8407281757581996e-05 0.0064731196823649903 0.00037787044888272292 0.046401197285821066 0.0056685098488805496 0.0058094346771645818 0.0022360234423877802 -0.00022628693163796008 -0.0052832570575770729 -0.0010313536948075989 -0.0021837703269978483 -0.0040309601823862156 -0.0073595109737496544 0.017498334595430067 -0.006163179714935252 -0.0035902345628324723 -0.0031885555058977309 -1.2497852374282472e-06 -6.1154793027855668e-05 8.3617607662755952e-05 -0.008980010820883004 0.0097012351846688522 -0.0074179031911026788 -0.02731690673679606 -0.0095269814817652825 1.2278933941426176e-06
leaf_weight=782 87193 160 31 39 3811 9907 506 8970 6395 1149 1162 320 123 890 1591 371 124 4739 715 1008 850 2081 1569 6276 206 38 1336 161 997 26352
leaf_count=782 87193 160 31 39 3811 9907 506 8970 6395 1149 1162 320 123 890 1591 371 124 4739 715 1008 850 2081 1569 6276 206 38 1336 161 997 26352
internal_value=0.00296882 0.00057083 0.000968662 0.00445124 0.00238861 0.0016282 -0.00491566 0.00281104 0.000124651 0.00143932 0.00384524 -0.000408886 -0.00372399 -0.00445466 -0.00572884 -0.0094822 -0.0160526 0.00154605 0.00232307 -0.000234382 -0.00356981 -0.00216368 -0.000138572 0.00429304 5.00619e-05 -0.00181379 -0.0035342 -0.0118342 -0.000428704 0.000161533
internal_weight=169852 64888 60501 104964 22555 16119 4387 17771 37946 7639 10132 6212 3605 3099 2209 618 247 7600 5454 31551 881 2401 30670 6436 27566 3104 1535 199 2146 26558
internal_count=169852 64888 60501 104964 22555 16119 4387 17771 37946 7639 10132 6212 3605 3099 2209 618 247 7600 5454 31551 881 2401 30670 6436 27566 3104 1535 199 2146 26558
cat_boundaries=0 1
cat_threshold=2
is_linear=0
shrinkage=0.05


Tree=39
num_leaves=31
num_cat=5
split_feature=17 17 20 20 0 0 17 15 0 3 3 3 17 17 10 10 17 3 22 20 17 3 16 0 17 17 10 10 1 6
split_gain=231.552 54.1238 27.8952 18.9833 12.6855 11.9205 11.2407 15.0964 9.12945 8.01857 6.10649 5.82981 5.53585 5.49792 4.83313 4.78822 4.55397 13.2285 8.65781 6.21542 4.40377 4.31224 7.0326 6.87568 6.37524 4.29004 4.06954 4.02144 3.73972 5.3821
threshold=3.5382726894110141 0.6496832752533267 0.21945556310830858 0.50710923306503375 0 1 0.78025122936348168 1.1945063128187041 2 2.5000000000000004 1.5000000000000002 1.5000000000000002 0.36898037876086504 1.1144257558865853 0.61482027553725704 0.71754226264466137 4.6130757167599619 1.0000000180025095e-35 8.1016589783062596 0.71009559733035432 0.89955235681988654 1.5000000000000002 0.29866668654449652 3 2.3206472029814376 3.8954501249622075 1.0816615128302691 0.93590108845079578 4 1.0000000180025095e-35
decision_type=10 8 8 10 1 1 8 8 1 2 2 2 10 8 8 10 10 2 8 10 10 2 8 1 10 10 8 10 1 2
left_child=1 5 6 -2 14 11 15 20 9 10 -5 -1 -13 -6 -4 -3 17 18 -10 -20 26 22 -16 24 -24 -21 -8 -17 29 -23
right_child=3 2 4 8 13 -7 7 -9 16 -11 -12 12 -14 -15 21 27 -18 -19 19 25 -22 28 23 -25 -26 -27 -28 -29 -30 -31
leaf_value=-0.0052249240710360431 0.038316270599009376 7.9436727279619262e-05 -0.0043462858761059136 -0.0012431724161707119 -4.3456944024555805e-05 -0.0010655107599129323 -8.1145607149630237e-06 0.003767549415219141 0.025660460432968508 0.022681702460386477 -0.023299076340375858 -0.0048800880505645372 -0.0036530255076444892 0.0054814869032691702 1.4281921163566724e-06 -0.0035093342820180641 0.072423258667230719 0.012689974005260875 -0.0050474637926959222 -0.046687442428348054 -3.801890683376148e-06 -0.00028682536693207722 -0.0055326644460727773 -0.00090064111350502015 -0.045361176459150838 -0.039150018575614377 7.455792485344815e-05 5.8289061727118128e-06 1.2626216490606887e-05 -0.010015180162315455
leaf_weight=575 83074 6044 844 1747 1595 1888 1780 12277 123 3266 213 361 998 13364 2887 226 5770 4599 98 75 2775 4485 1293 2488 47 84 1170 323 14498 680
leaf_count=575 83074 6044 844 1747 1595 1888 1780 12277 123 3266 213 361 998 13364 2887 226 5770 4599 98 75 2775 4485 1293 2488 47 84 1170 323 14498 680
internal_value=0.00294072 0.000752713 0.00108392 0.00450025 0.000303573 -0.00503401 0.00242224 0.00177536 0.00292175 0.00119939 -0.00132653 -0.00778292 -0.00603753 0.00147271 -0.000339307 0.00418853 0.00375453 0.00265013 -0.00631579 -0.011537 -0.000344978 -0.000220259 -0.00131422 -0.00271944 -0.00559259 -0.0176415 0.001 -0.000282331 0.000153334 -0.00100194
internal_weight=169647 70598 66776 99049 42181 3822 24595 18002 15975 5226 1960 1934 1359 14959 27222 6593 10749 4979 380 257 5725 26378 6715 3828 1340 159 2950 549 19663 5165
internal_count=169647 70598 66776 99049 42181 3822 24595 18002 15975 5226 1960 1934 1359 14959 27222 6593 10749 4979 380 257 5725 26378 6715 3828 1340 159 2950 549 19663 5165
cat_boundaries=0 1 2 3 4 5
cat_threshold=9170 66 8264 258 4
is_linear=0
shrinkage=0.05


Tree=40
num_leaves=31
num_cat=2
split_feature=19 19 18 20 10 17 19 17 20 17 22 22 10 10 1 11 20 15 20 3 16 20 22 15 18 3 1 22 20 10
split_gain=250.377 45.635 29.7348 21.1216 13.7047 12.1664 9.68373 9.23686 8.48612 7.80966 5.70882 5.48175 5.40344 5.92996 5.3365 5.29095 5.37264 5.20456 4.52855 4.28878 4.78468 4.21815 3.86475 3.72002 3.63133 4.54523 3.65305 3.46876 3.07128 3.59667
threshold=3.4372747902706022 0.69313598503394624 0.1723972045862637 0.50710923306503375 2.4024201905583298 0.76686810930688443 1.1705639812041522 4.1447372567304539 1.0000000180025095e-35 0.36898037876086504 7.1288435707872218 6.0427619774291612 0.71754226264466137 0.93590108845079578 0 1.1150072000796054 0.29856930917492247 3.3382888204310395 1.6204372300014251 4.5000000000000009 0.067381267689184884 0.84404815046434012 7.8967290185604755 0.54811503264236405 1.4861155372196246 1.5000000000000002 1 7.4183919424786389 0.22556455754097091 0.85418893014450203
decision_type=10 8 8 10 10 10 10 8 8 10 8 8 10 10 1 10 10 8 10 2 8 10 8 8 10 2 1 8 10 8
left_child=1 9 5 17 8 12 -7 11 10 22 -4 -5 -3 -14 27 23 -17 -2 -9 20 -11 -6 -1 -10 25 26 -13 -12 29 -25
right_child=3 2 4 7 21 6 -8 18 15 19 14 24 13 -15 -16 16 -18 -19 -20 -21 -22 -23 -24 28 -26 -27 -28 -29 -30 -31
leaf_value=-0.0028171814624837685 -0.0010485754566364649 7.546489091563858e-05 0.00025048853344605273 -0.0068014530850807782 0.0061802836392877338 -6.8597377863061079e-05 0.0053461029529021211 0.041963208068974168 -0.0052509198644164427 0.00032571894614930947 -0.00014920807780203216 0.014526821902024235 -0.0042443889839666521 2.32604259319813e-06 -0.00021340228156018217 0.0011778059889947148 -0.00010476524285260591 0.033246251157739118 0.0024994152257386401 -0.00053677298022190357 -0.0033673601042607396 -0.0073370311357326776 -0.0049136334924761646 -9.4778923702187882e-06 -0.0042392571387850353 0.015048095724675074 -0.0070430168626155658 -0.00014889571324949171 -1.0010576612973222e-05 9.6926976341311309e-06
leaf_weight=347 342 6114 48 34 7840 2236 7034 8896 137 354 25 457 117 263 110 6179 7012 86910 1128 1026 2185 427 411 2000 911 4735 1410 31 15387 5797
leaf_count=347 342 6114 48 34 7840 2236 7034 8896 137 354 25 457 117 263 110 6179 7012 86910 1128 1026 2185 427 411 2000 911 4735 1410 31 15387 5797
internal_value=0.00289233 0.000456362 0.000809537 0.00440471 0.000154802 0.00267825 0.00151564 0.00282312 -0.000259217 -0.00450729 -0.0101869 0.00150192 0.00433785 -0.00144737 -0.0145783 -0.00020103 0.000599272 0.00472322 0.00381784 -0.00352735 -0.00462978 0.00199407 -0.00911609 -0.000653702 0.00159257 0.00200091 -8.83769e-05 -0.0271429 -0.000605159 0.000203283
internal_weight=169903 65080 60757 104823 44993 15764 9270 17571 36726 4323 214 7547 6494 380 166 36512 13191 87252 10024 3565 2539 8267 758 23321 7513 6602 1867 56 23184 7797
internal_count=169903 65080 60757 104823 44993 15764 9270 17571 36726 4323 214 7547 6494 380 166 36512 13191 87252 10024 3565 2539 8267 758 23321 7513 6602 1867 56 23184 7797
cat_boundaries=0 1 2
cat_threshold=4 1
is_linear=0
shrinkage=0.05


Tree=41
num_leaves=31
num_cat=7
split_feature=17 17 18 0 17 17 0 20 0 1 20 3 3 20 0 10 18 18 16 17 1 10 3 0 8 16 17 3 22 20
split_gain=228.946 36.9219 25.607 18.8545 16.6598 14.1872 10.3514 7.74884 19.0597 9.38901 7.73021 7.07273 6.64239 6.43834 6.2713 5.96142 4.89075 4.20499 4.19053 5.27884 7.04877 4.08137 4.02914 7.06243 3.55047 3.3967 3.30432 3.18595 7.31329 4.80179
threshold=3.4826537470001893 0.6496832752533267 0.22367981829158504 0 0.78025122936348168 2.4672079010094206 1 1.0000000180025095e-35 2 3 0.38665246255199792 2.5000000000000004 1.5000000000000002 0.89334677428537035 4 0.61482027553725704 0.17905044282611401 1.6719366889487717 1.0000000180025095e-35 0.79463839512862222 5 0.71754226264466137 1.5000000000000002 6 2.5000000000000004 0.089555645004529325 2.3206472029814376 1.0000000180025095e-35 1.0000000180025095e-35 0.98480119836490176
decision_type=10 8 8 1 10 10 1 8 1 1 10 2 2 10 1 8 10 8 8 10 1 10 2 1 2 8 10 2 10 10
left_child=1 14 4 10 21 18 7 8 -4 -10 -2 12 -12 -5 16 24 -1 -8 19 20 -6 -3 23 26 -9 -23 -17 28 29 -15
right_child=3 2 6 13 5 -7 17 15 9 -11 11 -13 -14 27 -16 22 -18 -19 -20 -21 -22 25 -24 -25 -26 -27 -28 -29 -30 -31
leaf_value=-0.00439806415332535 0.018225913973327002 7.1691646369859141e-05 0.00023838923767158793 0.035291156831853424 -2.7070464502719451e-05 0.006054975386033095 0.00088816449693016053 -0.0069118596221567552 -0.00020273216748217251 -0.00020273216748217251 0.0013814246910369818 0.017828954503872882 -0.02661841722076317 -0.030684147096949346 -0.00084470815761279608 -0.020575716708881111 -0.0035641740799841185 0.031117990448972954 2.2348715496667284e-06 -1.4644149024173326e-05 -1.9396783919927699e-05 -0.0040416907026236439 2.889424696013348e-06 -0.00019053154795507213 -0.0033503255881504063 2.2097404635379461e-06 -0.041065835040859075 0.010381280466339097 0.046902037560612481 -0.0034129887276833724
leaf_weight=562 5302 6637 118 84593 51 8492 10071 62 37 69 2346 4440 214 58 1904 310 1369 1559 11990 434 62 54 17896 5579 818 577 36 3439 169 44
leaf_count=562 5302 6637 118 84593 51 8492 10071 62 37 69 2346 4440 214 58 1904 310 1369 1559 11990 434 62 54 17896 5579 818 577 36 3439 169 44
internal_value=0.00291809 0.00069278 0.000974681 0.0044374 0.00210393 0.0013907 0.000100534 -0.000474233 -0.00973214 -0.0238793 0.00259584 0.00150714 -0.000585937 0.00469314 -0.00407432 -0.00039047 -0.00607676 0.00133162 0.000321848 -0.00395795 -0.0135841 0.00416758 -0.000241174 -0.00137131 -0.00443182 0.000324881 -0.00820225 0.00265499 -0.00256458 -0.0131373
internal_weight=169292 68687 64852 100605 28297 21029 36555 24925 224 106 12302 7000 2560 88303 3835 24701 1931 11630 12537 547 113 7268 23821 5925 880 631 346 3710 271 102
internal_count=169292 68687 64852 100605 28297 21029 36555 24925 224 106 12302 7000 2560 88303 3835 24701 1931 11630 12537 547 113 7268 23821 5925 880 631 346 3710 271 102
cat_boundaries=0 1 2 3 4 5 6 7
cat_threshold=72 9170 2 2 66 2 256
is_linear=0
shrinkage=0.05


Tree=42
num_leaves=31
num_cat=7
split_feature=19 19 18 20 17 15 19 11 0 18 20 0 6 14 0 16 3 16 22 4 0 3 10 0 0 14 18 20 0 11
split_gain=234.477 40.3238 29.0021 23.1656 16.4227 14.799 10.2352 10.0342 7.20328 8.81364 7.09029 20.5459 6.17516 5.35126 4.8304 4.8287 4.81612 4.62283 4.57959 7.2384 4.51225 4.39823 5.67817 5.07464 4.49751 5.33344 4.18465 4.05718 3.8081 3.77758
threshold=3.4921314137544504 0.69313598503394624 0.22367981829158504 0.50710923306503375 0.78025122936348168 2.500207570657405 4.6987511916819935 1.6193392260821904 0 0.12821932533482064 1.0000000180025095e-35 1 1.0000000180025095e-35 0.66750053336617021 2 0.34922837459968809 1.5000000000000002 1.0000000180025095e-35 6.0889549491859265 10.500000000000002 3 5.5000000000000009 0.66750053336617021 4 5 0.66750053336617021 0.86343942104751992 1.6204372300014251 6 0.66750053336617021
decision_type=10 8 8 10 10 10 10 10 1 10 8 1 2 8 1 8 2 8 8 2 1 2 8 1 1 8 10 10 1 8
left_child=1 8 4 28 13 17 14 10 9 -1 11 12 -4 -3 -5 -9 20 -6 19 -18 -16 22 -12 -23 26 -26 -24 -8 -2 -27
right_child=3 2 7 6 5 -7 27 15 -10 -11 21 -13 -14 -15 16 -17 18 -19 -20 -21 -22 23 24 -25 25 29 -28 -29 -30 -31
leaf_value=-0.0050738235128785936 0.016630335555360819 -0.002337226920139423 -0.00019259555910806637 -0.0027751904685507007 -2.0464583491533162e-05 0.0062041586357379636 0.06776261795833087 0.0051745692362329477 -0.00074423475622216494 -0.0038133996377885519 -0.0044349423630156565 0.00024522337593813997 -0.00019259555910806637 6.8107064051364802e-05 0.0094147995031363518 -1.1841432840176137e-05 0.052662584181882167 2.1054397275924517e-06 0.012895210785889644 -0.0081443031443030108 -0.0038654198231691246 -0.0038054920950745669 -0.00064667695524869276 0.00043551627028620205 -0.0060473246777403705 -0.0053212149209739571 -0.011673831733790364 -0.0018340815065416849 0.034803580759022436 3.1449331907761726e-07
leaf_weight=306 7109 204 74 1446 551 8322 6191 5921 2107 1944 807 124 26 6920 697 4393 27 12256 6561 22 1860 730 4283 2968 525 335 447 484 78802 13286
leaf_count=306 7109 204 74 1446 551 8322 6191 5921 2107 1944 807 124 26 6920 697 4393 27 12256 6561 22 1860 730 4283 2968 525 335 447 484 78802 13286
internal_value=0.00288721 0.000572608 0.000898475 0.00437935 0.00208173 0.00138175 0.00270939 -8.71191e-05 -0.00407735 -0.00603982 -0.000655581 -0.00950893 -0.025 0.00415778 0.00174456 0.00121388 0.00216683 0.000315062 0.002882 -0.0123469 0.000326555 -0.000570762 -0.000868008 0.00101136 -0.000692413 -0.000245126 -0.00202532 0.00424345 0.0047154 -5.46948e-05
internal_weight=169728 66529 62172 103199 28253 21129 17288 33919 4357 2250 23605 224 100 7124 10613 10314 9167 12807 6610 49 2557 23381 19683 3698 18876 14146 4730 6675 85911 13621
internal_count=169728 66529 62172 103199 28253 21129 17288 33919 4357 2250 23605 224 100 7124 10613 10314 9167 12807 6610 49 2557 23381 19683 3698 18876 14146 4730 6675 85911 13621
cat_boundaries=0 1 2 3 4 5 6 7
cat_threshold=66 80 448 2592 8768 452 72
is_linear=0
shrinkage=0.05


Tree=43
num_leaves=31
num_cat=1
split_feature=19 19 20 20 10 17 17 20 1 17 17 10 20 22 12 17 20 3 21 10 20 19 14 11 22 13 17 19 10 4
split_gain=227.019 35.9303 22.8938 19.1413 13.2582 11.1755 14.1252 10.6539 7.83589 7.23604 7.00744 6.75702 6.64465 5.95323 5.33203 5.17695 4.98237 4.34873 3.82053 3.59922 3.17696 3.12158 3.07902 3.61876 3.88546 3.49624 3.92577 3.26141 2.99314 2.9039
threshold=3.7348705942584188 0.69313598503394624 0.20586579596814977 1.4491176654321001 2.8361459037824157 0.69320203597847485 2.2587189704853183 1.0000000180025095e-35 0 4.3412254058270197 0.78025122936348168 0.76519735254682386 0.42872968977063008 7.1508950504454161 1.3986406674150766 0.36898037876086504 0.30697458329011013 1.5000000000000002 5.7087686410618739 0.71754226264466137 0.28433424116473843 1.8753188427539424 0.66750053336617021 0.66750053336617021 6.6314164578047974 0.37096867236468872 0.91349761680848707 0.76473488021822422 2.3075602584206303 3.5000000000000004
decision_type=10 8 8 10 10 8 10 10 1 10 8 10 10 10 10 10 10 2 8 8 10 10 8 8 10 8 8 10 8 2
left_child=1 15 5 9 14 -3 7 8 13 12 11 -9 -2 -7 22 -1 -6 -14 -16 -12 -17 -20 -4 24 -24 -25 27 -27 -23 -5
right_child=3 2 4 29 16 6 -8 10 -10 -11 19 -13 17 -15 18 20 -18 -19 21 -21 -22 28 23 25 -26 26 -28 -29 -30 -31
leaf_value=-0.0040653720774877786 0.020357332723427275 6.4701710848796834e-05 -0.0040403835977490454 0.0056323159523871576 0.0073411814074798706 -0.00012168454125750517 0.0066634763434178183 7.7503453343507245e-05 -0.00018296578115266083 0.066081275485109406 -2.0439726081150633e-05 -1.3060997622049708e-06 0.002836220864999248 -0.00012198128758241778 -0.0058750106308552768 -0.00097098245783670118 0.0030766116188024775 0.017055051148922491 0.0033814265792621381 4.3902700349233089e-05 -0.0048652948362091037 -0.0018614556586727784 -0.012894625729959509 -0.0079217830169584016 -0.0030200489771511278 -0.003974359883702666 -1.6124043500973435e-06 4.4375499801692371e-05 0.0029800313317559367 -0.0046621547674691732
leaf_weight=768 14540 3634 1019 792 4701 41 9123 2153 145 70650 1140 455 1906 38 46 2984 5190 4868 3942 5836 626 2383 40 116 754 332 19890 3768 6107 1432
leaf_count=768 14540 3634 1019 792 4701 41 9123 2153 145 70650 1140 455 1906 38 46 2984 5190 4868 3942 5836 626 2383 40 116 754 332 19890 3768 6107 1432
internal_value=0.00286683 0.000818878 0.0010905 0.00450259 0.000476102 0.00240527 0.00191775 0.00060053 -0.0101786 0.00461344 0.000852463 0.00306365 0.00380595 -0.0228481 5.56035e-05 -0.00357698 0.00210848 0.00251255 0.000904793 2.58029e-05 -0.00278393 0.000958012 -0.000353216 -0.000242972 -0.00356423 -0.000133577 -9.17047e-05 0.00131707 0.000418139 -8.09351e-05
internal_weight=169419 75231 70853 94188 48288 22565 18931 9808 224 91964 9584 2608 21314 79 38397 4378 9891 6774 12478 6976 3610 12432 25919 24900 794 24106 23990 4100 8490 2224
internal_count=169419 75231 70853 94188 48288 22565 18931 9808 224 91964 9584 2608 21314 79 38397 4378 9891 6774 12478 6976 3610 12432 25919 24900 794 24106 23990 4100 8490 2224
cat_boundaries=0 1
cat_threshold=4
is_linear=0
shrinkage=0.05


Tree=44
num_leaves=31
num_cat=5
split_feature=19 19 18 20 0 20 0 1 19 17 19 18 0 3 16 17 17 18 17 10 7 17 10 19 18 19 20 18 3 0
split_gain=238.069 32.1636 30.1444 15.5463 13.7641 10.8989 20.7596 10.0019 9.90025 9.69671 9.27176 8.46999 7.3993 6.60208 6.59864 7.37573 6.06855 5.80583 4.4703 4.33807 4.18385 4.10142 9.41403 5.89898 4.66722 4.44347 4.00844 3.51473 3.20629 4.54686
threshold=3.7006103070244252 0.69313598503394624 0.17747559858859846 1.4491176654321001 0 1.0000000180025095e-35 1 2 0.75425598677812189 2.7114977906768511 4.4301262208368408 0.31676713285327834 3 1.5000000000000002 0.4013907191260217 1.1798920611276811 0.59996186150929509 0.29003673345652814 0.91349761680848707 1.0816615128302691 305.50000000000006 0.78025122936348168 0.76519735254682386 0.78932121774321995 0.16516011580263071 1.1481817452245191 0.13417117278645374 0.29500504411544082 1.5000000000000002 4
decision_type=10 8 8 10 1 8 1 1 10 10 10 8 1 2 8 10 8 10 8 10 8 10 10 10 10 10 10 10 2 1
left_child=1 12 8 10 17 6 -6 -8 -3 21 11 -2 16 -13 15 18 26 -4 19 -7 28 22 -10 24 -24 -23 -1 -21 -16 -30
right_child=3 2 4 -5 5 14 7 -9 9 -11 -12 13 -14 -15 20 -17 -18 -19 -20 27 -22 25 23 -25 -26 -27 -28 -29 29 -31
leaf_value=-0.0045481529505239883 0.018807069360754981 6.1466625306355602e-05 0.0054942556914388827 0.00099136721198989628 0.00024240808774942947 -7.9394553952505397e-06 -0.00017381749209502973 -0.00017381749209502973 0.00036741168674347404 0.0068295220298531419 0.067005088374061939 0.0028914311306490453 -0.0011228397428113444 0.016478549991729773 -0.0046797682122697746 0.0026298688246127822 -0.0076522991627808032 0.0017314388154831544 -1.7330849352788454e-06 7.9187307575647419e-05 -0.018469284359460596 -5.1648823211828455e-05 -0.003418875245239256 1.554997430813221e-05 3.0886027976040344e-05 0.002642727028209055 -0.0034575196442709539 -0.0031634162359908771 5.6346135917296853e-05 -0.0032700537393161701
leaf_weight=73 13606 4967 7776 2236 111 4713 36 74 1619 7096 70708 2769 3593 6553 2477 11572 141 6775 7244 1231 44 2127 93 105 24 3278 570 210 3886 4060
leaf_count=73 13606 4967 7776 2236 111 4713 36 74 1619 7096 70708 2769 3593 6553 2477 11572 141 6775 7244 1231 44 2127 93 105 24 3278 570 210 3886 4060
internal_value=0.00282525 0.000692537 0.000954285 0.00446908 0.00030861 -0.000220365 -0.0112896 -0.0254167 0.00263323 0.00196695 0.00456747 0.00369374 -0.0034647 0.00253272 -0.000151395 0.000290349 -0.00784635 0.00160394 -0.000508285 0.000482613 -0.00120522 0.000680376 0.00271863 -0.00693694 -0.0146581 -1.38759e-05 -0.00588647 0.00288341 -0.00114027 -0.000650642
internal_weight=169767 73895 69518 95872 50209 35658 221 110 19309 14342 93636 22928 4377 9322 35437 24970 784 14551 13398 6154 10467 7246 1841 222 117 5405 643 1441 10423 7946
internal_count=169767 73895 69518 95872 50209 35658 221 110 19309 14342 93636 22928 4377 9322 35437 24970 784 14551 13398 6154 10467 7246 1841 222 117 5405 643 1441 10423 7946
cat_boundaries=0 1 2 3 4 5
cat_threshold=48169 2 2 64 16658
is_linear=0
shrinkage=0.05


Tree=45
num_leaves=31
num_cat=1
split_feature=19 19 18 15 20 17 15 17 20 20 18 4 4 20 1 3 18 10 16 10 10 6 17 19 15 17 19 10 18 10
split_gain=226.62 28.7459 30.6022 18.4991 17.1645 10.1647 13.4794 9.1731 8.01616 7.86842 6.22106 6.02452 4.67038 4.44223 4.05754 4.03761 3.87527 3.85676 3.8406 3.67278 4.51086 3.53053 3.47096 5.67263 5.12202 4.26433 3.85644 3.44362 3.43436 3.07398
threshold=3.7348705942584188 0.69313598503394624 0.1723972045862637 2.8614167970724775 1.2947748904401986 0.78025122936348168 2.6502341346127811 4.4353239532957351 1.0000000180025095e-35 0.26336759366948759 0.30631833707287343 11.500000000000002 1.5000000000000002 1.2947748904401986 0 1.5000000000000002 0.080241648058044387 1.1150072000796054 0.34922837459968809 0.71754226264466137 0.93590108845079578 1.0000000180025095e-35 1.3816306782992196 2.0460354156292682 1.9993227061051226 0.91349761680848707 2.3670058240928364 1.0816615128302691 0.29500504411544082 0.66750053336617021
decision_type=10 8 8 10 10 10 8 10 8 10 10 2 2 10 1 2 8 10 8 10 10 2 8 10 8 10 10 8 10 8
left_child=1 16 5 8 7 19 17 9 11 -2 -5 12 -4 -12 -10 18 -1 -7 -11 29 -21 -15 25 -24 26 27 -25 -16 -29 -3
right_child=4 2 3 10 -6 6 -8 -9 14 15 13 -13 -14 21 22 -17 -18 -19 -20 20 -22 -23 23 24 -26 -27 -28 28 -30 -31
leaf_value=0.00023285819131857119 0.020258419004798457 -0.00085319488323522697 -0.00016512661749027991 0.0056933671272929882 0.0012634664369292241 -0.00016155811940733595 0.0066981710098743099 0.063654833955358855 -0.00045018032141916998 0.01377731851130474 0.0039247597681000184 -0.00016512661749027991 -0.00010688054586576551 -0.0033183340221594106 -6.8496082087856753e-06 0.016281761288046887 -0.0026106766674871352 0.00268400857584262 0.00036325237957259904 -0.0032996052875266402 1.2600248585331598e-05 -0.010357359845862543 0.001634782216007013 -0.0090009790156395618 0.00013008277260002853 -1.6131266166033528e-06 -0.029961849277816855 7.0329945556479425e-05 -0.0026295672637215383 5.8393294041036997e-05
leaf_weight=667 10694 147 44 8115 2731 2435 7115 68817 9798 1368 5830 38 130 156 3251 8700 3704 2111 2118 141 324 122 6880 378 5533 9903 39 1863 485 6050
leaf_count=667 10694 147 44 8115 2731 2435 7115 68817 9798 1368 5830 38 130 156 3251 8700 3704 2111 2118 141 324 122 6880 378 5533 9903 39 1863 485 6050
internal_value=0.002826 0.000779243 0.00102189 0.000408542 0.00445726 0.00278148 0.00189135 0.0045736 -0.000162746 0.00370629 0.0019486 -0.00985849 -0.00591954 0.000743288 -0.000108838 0.00283768 -0.00315603 -0.000235372 0.00139989 0.00433954 5.37636e-05 -0.00543165 0.00019448 0.000802806 -0.000327731 -0.000308992 -0.00567146 0.000793892 0.00225298 0.00466113
internal_weight=169687 75259 70888 52565 94428 18323 11661 91697 38342 22880 14223 212 174 6108 38130 12186 4371 4546 3486 6662 465 278 28332 12830 5950 15502 417 5599 2348 6197
internal_count=169687 75259 70888 52565 94428 18323 11661 91697 38342 22880 14223 212 174 6108 38130 12186 4371 4546 3486 6662 465 278 28332 12830 5950 15502 417 5599 2348 6197
cat_boundaries=0 1
cat_threshold=4
is_linear=0
shrinkage=0.05


Tree=46
num_leaves=31
num_cat=0
split_feature=19 18 15 20 19 19 18 18 20 3 8 15 10 22 22 4 14 20 14 3 19 10 12 22 12 10 19 11 4 4
split_gain=222.84 26.9249 28.8557 19.4976 17.093 11.3947 8.32173 8.22256 7.47934 6.05069 4.81262 4.48506 8.46825 4.01774 4.00635 4.69178 3.71703 3.49302 3.42256 3.31852 4.29669 5.09899 3.85978 4.62719 3.22791 4.76138 3.46599 3.01757 3.11269 3.0088
threshold=3.684315218066442 1.0000000180025095e-35 2.8614167970724775 1.2947748904401986 0.69322269047845697 4.2657654821088569 0.31676713285327834 0.26959508574789687 0.28433424116473843 1.5000000000000002 3.5000000000000004 0.86695541705920476 1.1150072000796054 6.9591390058223084 7.1149628314365909 11.500000000000002 0.66750053336617021 1.2947748904401986 0.71754226264466137 5.5000000000000009 2.5385399148182084 1.8000241202036604 0.66750053336617021 8.2761553718137169 0.71754226264466137 0.71754226264466137 0.87155182812753784 1.3479888099339705 11.500000000000002 7.5000000000000009
decision_type=10 8 10 10 8 10 8 8 10 2 2 8 8 8 10 2 8 10 10 2 10 10 8 8 10 10 10 10 2 2
left_child=1 -1 4 5 10 6 -2 11 -4 -8 14 16 24 -5 -3 -16 -6 -10 -18 20 21 22 23 -9 25 27 -27 28 -13 -12
right_child=3 2 8 13 7 -7 9 19 17 -11 29 12 -14 -15 15 -17 18 -19 -20 -21 -22 -23 -24 -25 -26 26 -28 -29 -30 -31
leaf_value=5.547362933898681e-05 0.015332812066929402 -0.0026357779491101231 0.0060011406322630252 -0.0075274682247219726 -0.002284863152628457 0.05575159512624326 0.0013907741433865153 -0.0039560839486253189 0.0039183752993420581 0.014001414802339119 -0.0021180527817869061 -1.1599232662819722e-05 0.00046495303418910786 0.0048449569724554574 -0.0031313919565047195 -0.0042707540780380863 5.5344338733059889e-05 -0.0086283821735134141 1.9572014089901238e-05 0.00033639264492335975 -0.0067291141356311318 0.0049304241737282246 -0.000109027285446067 -0.012484389802366706 -7.3076314205944295e-07 6.4142569509870507e-05 -2.0409469088156217e-06 -7.197114597873258e-05 -0.00036310125895061692 -0.00028366121592569024
leaf_weight=3923 12115 672 11469 774 427 73344 2465 550 6722 5721 2195 419 11997 2032 249 41 4304 198 2325 3754 2225 2413 13132 29 3693 318 940 26 27 1450
leaf_count=3923 12115 672 11469 774 427 73344 2465 550 6722 5721 2195 419 11997 2032 249 41 4304 198 2325 3754 2225 2413 13132 29 3693 318 940 26 27 1450
internal_value=0.00283994 0.000765871 0.000538628 0.00442043 -7.16991e-05 0.00454349 0.00349515 0.000215655 0.00223748 0.00226362 -0.00297699 0.000846952 0.000416188 0.000313614 -0.00612266 -0.0110345 0.00191043 0.000939307 0.00220169 -0.000483418 -0.000760532 -0.000476308 -0.000849318 -0.00484456 -0.00122349 -0.00300578 -0.00139905 -0.00728814 -0.00632287 -0.00214678
internal_weight=169949 73498 69575 96451 51186 93645 20301 46579 18389 8186 4607 24476 17420 2806 962 290 7056 6920 6629 22103 18349 16124 13711 579 5423 1730 1258 472 446 3645
internal_count=169949 73498 69575 96451 51186 93645 20301 46579 18389 8186 4607 24476 17420 2806 962 290 7056 6920 6629 22103 18349 16124 13711 579 5423 1730 1258 472 446 3645
is_linear=0
shrinkage=0.05


Tree=47
num_leaves=31
num_cat=4
split_feature=19 18 0 18 19 17 9 17 1 18 10 0 17 3 3 10 21 13 18 18 3 16 0 11 17 17 18 10 9 19
split_gain=217.295 24.6188 27.8237 15.8987 11.6951 9.5452 8.9471 8.00021 5.9872 5.92179 4.75041 4.71627 4.38268 4.34291 6.22428 4.27418 4.6374 4.13233 4.01485 3.97963 3.87466 3.41616 3.20012 3.17738 6.22546 3.11469 3.95058 3.51692 3.99371 3.31782
threshold=3.8343287786296183 1.0000000180025095e-35 0 0.47300957128889254 0.69313598503394624 0.78025122936348168 1.0000000180025095e-35 4.7167269382779056 1 0.23410680024327538 0.50031594015395309 2 0.59996186150929509 4.5000000000000009 3.5000000000000004 3.180132835422278 5.7087686410618739 2.6426160634996907 0.09057769668841488 1.6719366889487717 3.5000000000000004 1.0461798787195897 3 0.66750053336617021 2.010686026952794 0.91349761680848707 0.39690744175721537 0.71754226264466137 1.0000000180025095e-35 1.8753188427539424
decision_type=10 8 1 10 8 8 2 10 1 10 8 1 8 2 2 10 8 8 10 10 2 10 1 8 8 8 10 8 2 10
left_child=1 -1 4 -2 11 9 8 -5 13 18 -7 12 -3 14 -4 16 17 -12 -6 -9 -14 -17 -16 24 -18 26 -25 -27 29 -29
right_child=3 2 6 7 5 10 -8 19 -10 -11 15 -13 20 -15 22 21 23 -19 -20 -21 -22 -23 -24 25 -26 27 -28 28 -30 -31
leaf_value=5.2699947872036915e-05 0.036309591659039957 -0.0032029373632988449 0.0064835675640817995 0.0060031151529209128 -0.0052994349093335585 -0.0041306008687889964 0.0055046487375102048 0.054600899212746801 0.00027872446677124383 -0.0026301192367921685 -0.00012340498364463715 -0.00085365652832852335 -0.0075872230896427088 0.010978709039485869 -0.0024996165493457625 0.011734071661717431 -0.0030883223777903625 -0.0077223903058666957 6.2509701864432723e-05 -0.0034532013471299627 -0.00497678169414781 -0.010564375208704813 0.0073978240508865882 1.9059570354157978e-05 -0.017125288751042727 2.6775211597995788e-06 -0.0085588138747203588 -2.1689967342756327e-06 0.0035382615139312244 -0.0052820364503402143
leaf_weight=3907 78862 660 6959 6600 46 307 6299 4996 15912 797 28 3499 103 3753 1613 1181 528 24 3124 455 41 146 475 5192 21 2399 187 15331 1555 4638
leaf_count=3907 78862 660 6959 6600 46 307 6299 4996 15912 797 28 3499 103 3753 1613 1181 528 24 3124 455 41 146 475 5192 21 2399 187 15331 1555 4638
internal_value=0.00281063 0.000887584 0.00068553 0.00447587 -0.000218876 7.94279e-05 0.0017134 0.00278442 0.00133951 0.00239098 -0.000211339 -0.00268069 -0.00611794 0.00214453 0.00155134 -0.000150496 -0.000273718 -0.0151923 0.00335962 0.00420198 -0.0140972 0.00262622 -0.000842912 -0.00024773 -0.00401639 -0.000177121 0.000910021 -0.000421561 -0.000623954 -0.000814012
internal_weight=169638 78725 74818 90913 39807 35504 35011 12051 28712 3967 31537 4303 804 12800 9047 31230 29903 52 3170 5451 144 1327 2088 29851 549 29302 5379 23923 21524 19969
internal_count=169638 78725 74818 90913 39807 35504 35011 12051 28712 3967 31537 4303 804 12800 9047 31230 29903 52 3170 5451 144 1327 2088 29851 549 29302 5379 23923 21524 19969
cat_boundaries=0 1 2 3 4
cat_threshold=978 2 64 40
is_linear=0
shrinkage=0.05


Tree=48
num_leaves=31
num_cat=3
split_feature=19 15 20 20 19 17 20 17 20 15 0 0 19 3 10 20 10 20 15 0 3 3 11 20 3 3 10 3 10 17
split_gain=216.363 25.2298 23.1662 16.7727 13.3715 15.0768 9.76341 7.06338 6.2472 5.93229 5.39935 4.42771 5.45898 5.25453 4.1736 4.21167 4.05817 4.04995 3.60869 3.44022 3.52889 4.95143 3.39377 3.17392 3.02083 3.12855 2.9891 2.77002 2.72846 3.16973
threshold=3.8850004601857497 2.8998049094016198 1.0000000180025095e-35 1.2947748904401986 0.69313598503394624 0.78025122936348168 0.29275328296434933 4.4353239532957351 0.42872968977063008 0.67772355602398038 0 1 0.44493290734620144 2.5000000000000004 1.1150072000796054 0.30362282046495231 0.71754226264466137 1.2947748904401986 3.5424861004096964 2 1.5000000000000002 1.0000000180025095e-35 0.55920745798214477 0.2041462327869312 3.5000000000000004 5.5000000000000009 0.66750053336617021 1.5000000000000002 0.66750053336617021 0.91349761680848707
decision_type=10 10 8 10 8 8 10 10 10 8 1 1 10 2 10 10 10 10 10 1 2 2 8 10 2 2 8 2 8 8
left_child=1 2 -1 7 11 9 18 8 -2 -6 23 12 -4 -14 22 -16 26 -8 -3 -17 21 -21 -12 -7 -22 -26 -11 -10 -24 -30
right_child=3 6 4 -5 5 10 17 -9 27 16 14 -13 13 -15 15 19 -18 -19 -20 20 24 -23 28 -25 25 -27 -28 -29 29 -31
leaf_value=5.0064950478434511e-05 0.018167126623413025 0.004495757091823616 -0.0029869454353388279 0.0013104363441863263 -0.0020464788310811128 0.0070435023127295507 0.0045436657854096554 0.055869032918326747 0.0047275658483349825 -0.00031808328657473945 -0.0044462796133959885 -0.00082574727309501789 -0.0088776147382849061 -0.001997648367889696 0.0012882104593869282 0.00031824656560102338 6.077534126192053e-06 -0.0071990650608068328 0.010048306019559149 -0.00097816508564442886 0.0034346094379665176 -0.0082695035348216376 -0.0044654715308335624 0.0011393461644513493 -0.0034487971411050703 0.0050896082950176455 5.0064950478434511e-05 0.013967673311147144 1.6510811306519324e-05 -1.0624705569650672e-05
leaf_weight=2921 12748 8829 577 2535 635 1912 9280 68819 1516 319 318 3607 128 93 7775 4635 844 488 5845 337 498 275 615 2433 582 376 3808 3794 5568 18031
leaf_count=2921 12748 8829 577 2535 635 1912 9280 68819 1516 319 318 3607 128 93 7775 4635 844 488 5845 337 498 275 615 2433 582 376 3808 3794 5568 18031
internal_value=0.002798 0.00092154 0.000339066 0.00449224 0.00010175 0.000339148 0.00226291 0.00460922 0.0037291 0.00277917 2.36422e-05 -0.00253689 -0.00589109 -0.0126471 -0.000162737 0.00051043 0.00336049 0.00103808 0.00307823 -0.000408026 -0.00209817 -0.00529412 -0.000560085 0.00169346 -0.000769231 -0.00241127 0.00400654 0.00228814 -0.00049269 -0.000407009
internal_weight=170141 80729 56287 89412 53366 48961 24442 86877 18058 5606 43355 4405 798 221 39010 14478 4971 9768 14674 6703 2068 612 24532 4345 1456 958 4127 5310 24214 23599
internal_count=170141 80729 56287 89412 53366 48961 24442 86877 18058 5606 43355 4405 798 221 39010 14478 4971 9768 14674 6703 2068 612 24532 4345 1456 958 4127 5310 24214 23599
cat_boundaries=0 1 2 3
cat_threshold=56353 64 724
is_linear=0
shrinkage=0.05


Tree=49
num_leaves=31
num_cat=1
split_feature=17 18 15 20 19 17 20 19 16 20 1 22 19 3 18 15 19 4 15 22 18 9 19 15 15 17 16 19 19 19
split_gain=220.897 24.9683 21.9575 16.9225 15.6167 10.7975 9.5422 7.62655 6.83868 6.57618 5.97109 4.75669 5.96002 4.58294 4.55251 4.6955 4.72554 5.80257 4.4287 3.8432 3.80783 3.45966 5.29019 3.42524 3.19897 8.04675 3.19709 3.18811 3.16349 3.13419
threshold=3.8277524795099311 1.0000000180025095e-35 2.8614167970724775 1.2947748904401986 0.69313598503394624 0.78025122936348168 0.28155574100785657 4.4301262208368408 0.34155021560720999 0.20741364887719263 0 6.0427619774291612 3.5875316003629307 1.5000000000000002 0.55406585151897536 1.4168328952363014 2.0460354156292682 7.5000000000000009 2.2320152068390988 6.9722511285759836 1.4861155372196246 1.0000000180025095e-35 2.7086114360949427 3.5424861004096964 0.75109080256885963 0.79463839512862222 0.18008244095355347 3.0459069191232211 0.77671117126735367 1.067399824890072
decision_type=10 8 10 10 8 10 10 10 8 8 1 8 10 2 10 10 10 2 10 8 10 2 10 10 8 10 10 10 8 10
left_child=1 29 4 7 -3 9 23 8 -2 -6 28 12 -8 -10 15 24 -17 18 -18 -16 -13 27 -23 -4 25 -7 -27 -20 -11 -1
right_child=3 2 6 -5 5 14 11 -9 13 10 -12 20 -14 -15 19 16 17 -19 21 -21 -22 22 -24 -25 -26 26 -28 -29 -30 -31
leaf_value=4.756170295451279e-05 0.016629859501732625 -0.0018041042693826446 0.0040226898394778781 0.00081757654388463501 5.6880969247291582e-05 -0.00027408159738902108 -0.0021013526308857971 0.05307558127241041 0.0015577944857309593 -0.0020224397539601066 -0.0014798065803803577 0.0036510281329623913 -0.01362791944419648 0.014210989560225771 -0.0069802450383837549 0.0054857899139291941 -0.0070348191076368728 0.0028974903887001428 0.0023925454924570897 -0.00170712404833946 -0.0076632473659967587 0.00098995623009930762 -0.0062743614284812392 0.0090241283489162823 -1.3459232963602938e-06 1.4563428932998591e-05 -0.0071890500240586576 -0.018523587581207229 0.00093620107121487612 -0.00016508304069310422
leaf_weight=3838 12191 4341 8786 2401 3629 194 72 68712 1780 409 3483 9114 27 4465 940 6294 1191 3686 1950 2193 367 130 116 4676 21338 426 198 65 2910 61
leaf_count=3838 12191 4341 8786 2401 3629 194 72 68712 1780 409 3483 9114 27 4465 940 6294 1191 3686 1950 2193 367 130 116 4676 21338 426 198 65 2910 61
internal_value=0.00276801 0.000866176 0.000667342 0.00447626 0.00011151 0.000365397 0.00195773 0.00459035 0.00368735 0.00179321 0.000876213 0.000751566 -0.0101515 0.00234187 -1.924e-05 0.000141621 0.000879244 -1.40077e-06 -0.00147451 -0.00184647 0.000865415 -0.000174701 -0.00577236 0.00281608 -0.00030556 -0.00337408 -0.000608974 0.000508685 0.00239379 0.00476917
internal_weight=169983 80434 76535 89549 53493 49152 23042 87148 18436 10431 6802 9580 99 6245 38721 35588 13432 7138 3452 3133 9481 2261 246 13462 22156 818 624 2015 3319 3899
internal_count=169983 80434 76535 89549 53493 49152 23042 87148 18436 10431 6802 9580 99 6245 38721 35588 13432 7138 3452 3133 9481 2261 246 13462 22156 818 624 2015 3319 3899
cat_boundaries=0 1
cat_threshold=1
is_linear=0
shrinkage=0.05


Tree=50
num_leaves=31
num_cat=6
split_feature=19 18 15 18 19 19 17 20 18 17 0 20 10 0 0 0 22 12 15 19 10 19 8 19 12 13 0 22 20 0
split_gain=209.678 24.8398 25.3208 18.8629 13.3801 9.66333 8.43906 7.45869 5.51861 5.4264 5.13765 4.25118 4.13138 3.92809 3.91065 3.89256 3.44905 3.41063 3.37224 3.30825 6.08398 3.29489 3.1472 3.14411 3.01885 3.32037 2.97609 2.85836 3.78676 3.12711
threshold=3.8343287786296183 1.0000000180025095e-35 2.8614167970724775 0.47300957128889254 0.69313598503394624 5.0015715866221004 0.78025122936348168 0.28017729995134133 0.23524208212432371 3.7458996490040266 0 1.2947748904401986 1.3986406674150766 1 2 3 7.4986288929697986 0.66750053336617021 3.5424861004096964 2.0460354156292682 2.0476720312775929 3.0459069191232211 5.5000000000000009 2.0020384793549453 0.66750053336617021 0.66750053336617021 4 7.6992830507276464 0.32528524361519001 5
decision_type=10 8 10 10 8 10 8 10 10 8 1 10 10 1 1 1 8 8 10 10 10 10 2 10 8 8 1 10 10 1
left_child=1 -1 4 9 10 15 8 18 17 -2 22 -9 14 23 16 -5 21 -6 -4 -15 -21 -8 -3 -14 -16 -26 -11 29 -29 -18
right_child=3 2 7 5 6 -7 12 11 -10 26 -12 -13 13 19 24 -17 27 -19 -20 20 -22 -23 -24 -25 25 -27 -28 28 -30 -31
leaf_value=4.5183617806787707e-05 -0.0044626227750562261 -0.0034381400331786245 0.0039707808398486205 -0.0035385077317548644 -0.0019585497003396643 0.058502054200249058 -8.8879720049339423e-07 0.0038138550271686203 -0.0017252868231526449 0.017394068087108951 -0.00031370121993283236 -0.0072005123025196353 -0.00016935944573215789 0.0061466310139482285 -0.0050115543748461919 0.0076090691989045616 -0.0031961764907736667 5.4036920784927833e-05 0.008941984691156207 -0.0037520707142035519 0.0022949490352634386 -0.035464010801126176 -0.0024417438544594699 -0.02155467991295755 -0.0067266764057434857 6.4476522818712752e-06 0.034381365566294148 9.0075042217738929e-05 -0.0047773118569962841 -0.0021770166749405431
leaf_weight=3870 271 1095 8722 1149 268 4672 12783 9147 978 5054 2117 404 1017 5147 289 6387 832 3168 4697 837 5478 50 1155 255 181 10382 73703 809 374 4351
leaf_count=3870 271 1095 8722 1149 268 4672 12783 9147 978 5054 2117 404 1017 5147 289 6387 832 3168 4697 837 5478 50 1155 255 181 10382 73703 809 374 4351
internal_value=0.00277089 0.000874678 0.00067189 0.00440046 5.68206e-05 0.00257126 0.000301807 0.00205268 0.00238333 0.00468302 -0.00259102 0.000984714 8.70634e-05 0.000841841 -0.000232771 0.00146364 -0.000661409 0.00332654 0.0028128 0.00113407 0.000368171 -0.000189745 -0.00424779 -0.00178627 0.000525686 0.000664111 0.00470733 -0.00161326 0.000604396 -0.00211943
internal_weight=169642 78406 74536 91236 51566 12208 47199 22970 4414 79028 4367 9551 42785 12734 30051 7536 19199 3436 13419 11462 6315 12833 2250 1272 10852 10563 78757 6366 1183 5183
internal_count=169642 78406 74536 91236 51566 12208 47199 22970 4414 79028 4367 9551 42785 12734 30051 7536 19199 3436 13419 11462 6315 12833 2250 1272 10852 10563 78757 6366 1183 5183
cat_boundaries=0 1 2 3 4 5 6
cat_threshold=66 8450 988 8384 72 4
is_linear=0
shrinkage=0.05


Tree=51
num_leaves=31
num_cat=5
split_feature=19 20 20 19 19 0 19 19 0 19 19 20 20 0 19 22 4 3 14 16 3 11 19 19 3 0 19 20 12 1
split_gain=202.186 20.3905 16.6528 11.9345 13.732 11.8223 11.7763 9.73088 7.63254 6.96575 6.11205 5.97665 5.84154 5.17135 3.89228 3.86492 8.04316 3.81352 3.72856 3.52357 3.33778 3.2067 3.36093 3.04954 4.02175 2.9406 2.87193 4.43098 3.92367 3.64949
threshold=3.9200261368476297 0.21945556310830858 1.2947748904401986 0.69313598503394624 0.75425598677812189 0 2.2362127191154029 4.4301262208368408 1 0.79907434236106833 0.82227724548811176 0.26336759366948759 0.28300211126765118 2 3.5330322539150036 5.9614247478900806 7.5000000000000009 5.5000000000000009 3.1376634167284494 0.14855838341442473 1.0000000180025095e-35 1.1150072000796054 2.0460354156292682 0.44493290734620144 2.5000000000000004 3 0.98253490335291727 0.11507317529480547 0.66750053336617021 4
decision_type=10 10 10 8 8 1 10 10 1 10 8 10 10 1 10 8 2 2 8 8 2 10 10 10 2 1 8 8 8 1
left_child=1 3 7 -1 -5 9 8 11 10 13 -6 -2 -11 19 -8 16 -14 18 -7 -3 -4 26 -23 -21 -25 -17 -12 -28 -29 -30
right_child=2 5 20 4 6 17 14 -9 -10 12 21 -13 15 -15 -16 25 -18 -19 -20 23 -22 22 -24 24 -26 -27 27 28 29 -31
leaf_value=-0.00062945594674957859 0.015369687174926594 0.0011022258281846928 -0.020090509324944841 4.2924436916447206e-05 2.5844740639106829e-05 1.1059307017446952e-06 0.0041020122832675053 0.048702733930475174 0.010455642636077189 1.3390871795743166e-05 1.7311913721811178e-07 0.010260593995395476 0.004173098455993879 -0.0023832120934807687 0.0083517526383133783 -0.0001043129579460396 -0.019180193301903625 0.0019126206164812522 0.0010734538933734282 -0.0030623766772053746 0.0033549636183040858 0.0058991371660380137 -0.0018861295504031463 -0.0083899406543312544 -0.0065691426619540532 -0.0048219974735153586 -0.0051939479720954076 -0.0095507806170464851 0.00085703768549059674 -8.5800920879048009e-05
leaf_weight=2615 7018 63 184 5501 2886 11786 8266 70225 1763 4332 2551 8116 56 1913 4485 9859 34 3987 12703 163 2214 1595 575 111 88 3327 22 21 667 2527
leaf_count=2615 7018 63 184 5501 2886 11786 8266 70225 1763 4332 2551 8116 56 1913 4485 9859 34 3987 12703 163 2214 1595 575 111 88 3327 22 21 667 2527
internal_value=0.00277133 0.000984542 0.00443879 0.00193344 0.00220827 0.00032857 0.00171701 0.00455424 0.000633378 -0.00060483 0.000135434 0.00340426 -0.000264652 -0.00316938 0.00278841 -0.000784875 -0.0111111 0.000982237 0.000749112 -0.00810345 0.000329441 -0.000579291 0.00105991 -0.0101934 -0.0143467 -0.000714394 -0.00119385 -0.00218258 -0.00202955 -0.00188791
internal_weight=169653 81896 87757 33474 30859 48422 25358 85359 12607 19946 10844 15134 17608 2338 12751 13276 90 28476 24489 425 2398 7958 2170 362 199 13186 5788 3237 3215 3194
internal_count=169653 81896 87757 33474 30859 48422 25358 85359 12607 19946 10844 15134 17608 2338 12751 13276 90 28476 24489 425 2398 7958 2170 362 199 13186 5788 3237 3215 3194
cat_boundaries=0 1 2 3 4 5
cat_threshold=9154 854 64 578 1
is_linear=0
shrinkage=0.05


Tree=52
num_leaves=31
num_cat=4
split_feature=17 18 11 18 19 0 18 0 18 17 19 0 10 18 16 18 10 14 19 10 1 17 22 19 22 18 11 19 16 6
split_gain=209.839 25.0461 19.7554 19.5444 10.61 9.74936 8.15538 6.27035 5.56857 4.77096 4.60401 4.57485 4.00869 3.49377 2.75901 2.57928 3.24384 2.53075 3.0832 3.06213 4.64696 3.23521 3.01264 2.49649 2.89499 2.49632 2.38598 3.29863 3.3233 2.36137
threshold=3.8277524795099311 1.0000000180025095e-35 2.8931418480839728 0.47300957128889254 0.69313598503394624 0 0.23650072970919447 1 0.30631833707287343 4.3412254058270197 4.565405625212521 2 0.50031594015395309 0.12821932533482064 0.32550318496630176 1.3443542651790756 5.0176108530468104 1.1150072000796054 0.92471289234598653 0.66750053336617021 3 0.92959268352662872 6.7924425615763475 1.48602304971439 7.6767431363113081 1.9270511509625721 3.6901278942132305 3.9347605754652943 0.14043907001252662 1.0000000180025095e-35
decision_type=10 8 10 10 8 1 10 1 10 10 10 1 8 10 8 10 10 10 8 10 1 8 8 10 10 10 10 10 8 2
left_child=1 -1 4 9 11 25 7 17 26 14 12 13 -9 -3 -2 -7 -17 18 29 20 21 -20 -22 24 -24 -5 27 -4 -29 -6
right_child=3 2 8 5 6 15 -8 10 -10 -11 -12 -13 -14 -15 -16 16 -18 -19 19 -21 22 -23 23 -25 -26 -27 -28 28 -30 -31
leaf_value=4.0778215070624851e-05 0.012981047624468861 -0.003475120052461748 0.0043768098338606348 0.032631731347206976 4.9188852899861858e-05 0.0092454766182387578 -1.3816503361441246e-05 -0.005161719953694759 0.0026130228168049457 0.045128576314151618 0.086780247594825125 -0.00012917121401602729 5.2651551276444952e-05 -0.0027086695643113948 0.0069312773705574168 0.0033117134669408384 -0.0094713690751162399 0.0023629201188574167 -0.0013457380704755672 -1.8707341958301705e-07 0.0012925751488412087 0.002602716616397183 -0.0079680268512196551 -0.001122146601147584 0.0010293785762038328 -0.042121335841508706 0.0097924840724281995 -0.0050363994721989826 0.00032044616419270989 -2.4998016406539498e-05
leaf_weight=3909 10512 297 9117 5760 2499 4244 26616 47 5345 64675 1068 2106 12890 1924 2131 1510 578 4618 58 3396 137 949 788 208 58 49 2746 28 43 1517
leaf_count=3909 10512 297 9117 5760 2499 4244 26616 47 5345 64675 1068 2106 12890 1924 2131 1510 578 4618 58 3396 137 949 788 208 58 49 2746 28 43 1517
internal_value=0.00270761 0.000853243 0.000653653 0.00437346 0.000219346 0.00250844 0.000407391 0.000999363 0.00214104 0.00466631 0.00174991 -0.00216432 0.00149069 -0.00374047 0.00377798 0.00114475 -0.000292145 0.000259166 -0.000202913 -0.000961745 -0.00241583 8.44093e-05 -0.00452981 -0.00543643 -0.00664303 0.00398608 0.00274175 0.00235525 -0.00838028 0.000854084
internal_weight=169823 80364 76455 89459 59176 12141 54849 28233 17279 77318 14005 4327 12937 2221 12643 6332 2088 14228 9610 5594 2198 1007 1191 1054 846 5809 11934 9188 71 4016
internal_count=169823 80364 76455 89459 59176 12141 54849 28233 17279 77318 14005 4327 12937 2221 12643 6332 2088 14228 9610 5594 2198 1007 1191 1054 846 5809 11934 9188 71 4016
cat_boundaries=0 1 2 3 4
cat_threshold=18181 8788 66 1
is_linear=0
shrinkage=0.05


Tree=53
num_leaves=31
num_cat=0
split_feature=17 20 20 15 17 19 19 17 10 20 20 20 17 20 17 10 20 10 15 20 22 19 3 19 17 15 10 12 20 19
split_gain=215.418 19.6812 17.6486 16.6521 12.0771 11.4926 9.01092 8.77661 17.6979 8.46858 7.21506 7.0437 6.44616 6.10814 9.29618 6.43057 4.32114 4.11538 3.91153 3.55294 3.345 3.98634 3.33857 3.23102 3.20755 9.26658 3.28606 3.1576 3.49215 3.42592
threshold=3.846269319889045 1.0000000180025095e-35 1.1599980968653989 2.8614167970724775 4.4353239532957351 4.565405625212521 0.69313598503394624 0.78025122936348168 0.76519735254682386 0.14918946107653128 0.28017729995134133 0.29714467916616466 0.69052922798166627 0.11018371921388019 0.76686810930688443 0.89587973461402759 1.2947748904401986 1.3986406674150766 3.5424861004096964 0.34267495661194208 6.0427619774291612 3.0908390509751968 1.5000000000000002 1.0860329037452139 0.79463839512862222 0.77435709176599266 0.61482027553725704 0.55920745798214477 0.73281182336142991 1.7639674188252872
decision_type=10 8 10 10 10 10 8 8 10 10 10 10 10 10 10 10 10 10 10 10 8 10 2 10 8 8 8 8 8 10
left_child=1 -1 4 5 11 6 -3 8 12 13 18 -2 -8 -10 15 -15 20 24 -5 -19 21 -12 -13 -21 25 -9 -26 28 -28 -29
right_child=2 3 -4 10 -6 -7 7 17 9 -11 16 22 -14 14 -16 -17 -18 19 -20 23 -22 -23 -24 -25 26 -27 27 29 -30 -31
leaf_value=3.8739304317092497e-05 0.01367825756096186 -0.0014042858073199745 0.0012668066779204976 0.0031064740663924399 0.044370226798370799 0.08303846554660016 -0.0026982767686179483 -0.00017101616362355965 7.5786401670513429e-05 -4.4298418890125481e-06 0.0078637995336422756 0.00281272456178448 3.8739304317092497e-05 -0.0015225035251012009 2.7575786258760006e-05 -7.2065823753360793e-05 -0.006927153602733143 0.0028815526009094206 0.0074893945733039763 -0.0028949120532954062 0.0035526443947530382 -0.012132858707764501 0.011142235556940428 -4.6102446140681473e-05 -0.0035857136946658482 2.5870664344829211e-05 -0.0043634203551751426 7.5667614112262533e-07 -0.0082732532803972466 -0.0035410421012793099
leaf_weight=2894 9527 4397 2771 8802 68532 1597 437 322 63 618 37 2406 4210 42 42 121 492 8190 4874 216 9307 50 5709 4343 552 572 234 22440 30 5893
leaf_count=2894 9527 4397 2771 8802 68532 1597 437 322 63 618 37 2406 4210 42 42 121 492 8190 4874 216 9307 50 5709 4343 552 572 234 22440 30 5893
internal_value=0.00266498 0.000795729 0.00436253 0.00064528 0.00448883 0.000163755 3.71763e-05 0.000234351 0.00210826 -0.00436795 0.00175537 0.00332219 0.00334302 -0.011791 -0.0159756 -0.0213804 0.00072628 -7.94522e-06 0.00249927 0.000744764 0.00096551 -0.0087931 0.00223968 -0.000373985 -0.000327364 -0.0032774 -0.000236886 -0.000163129 -0.00560606 -0.000112413
internal_weight=169720 80775 88945 77881 86174 54319 52722 48325 5533 886 23562 17642 4647 268 205 163 9886 42792 13676 12749 9394 87 8115 4559 30043 894 29149 28597 264 28333
internal_count=169720 80775 88945 77881 86174 54319 52722 48325 5533 886 23562 17642 4647 268 205 163 9886 42792 13676 12749 9394 87 8115 4559 30043 894 29149 28597 264 28333
is_linear=0
shrinkage=0.05


Tree=54
num_leaves=31
num_cat=4
split_feature=19 18 15 18 17 20 19 20 17 0 0 17 3 20 22 15 15 0 18 17 4 4 3 4 3 15 3 3 3 1
split_gain=207.034 25.4329 21.6572 20.2659 9.03562 8.13593 7.1695 7.08105 6.24572 4.66053 4.42915 5.02854 5.12914 5.07481 4.13755 3.90151 3.74962 3.73766 3.62665 3.54902 3.15388 4.24466 3.1184 3.00932 2.99346 2.83408 2.70525 3.32333 2.55436 2.46358
threshold=3.8850004601857497 1.0000000180025095e-35 2.8998049094016198 0.47300957128889254 5.3165281057195521 0.28017729995134133 0.69313598503394624 0.20586579596814977 4.4353239532957351 0 1 0.59996186150929509 3.5000000000000004 0.23155709497200094 8.2761553718137169 3.7830860213463136 3.5424861004096964 2 1.4861155372196246 3.5382726894110141 3.5000000000000004 6.5000000000000009 2.5000000000000004 5.5000000000000009 1.0000000180025095e-35 3.5616532052842738 3.5000000000000004 4.5000000000000009 4.5000000000000009 3
decision_type=10 8 10 10 10 10 8 10 10 1 1 8 2 10 8 8 10 1 10 10 2 2 2 2 2 8 2 2 2 1
left_child=1 -1 6 8 19 16 10 9 15 14 11 -3 13 -13 -8 -2 -4 20 28 25 22 -22 -9 -20 -25 -5 -26 -28 -7 -21
right_child=3 2 5 4 -6 18 7 17 -10 -11 -12 12 -14 -15 -16 -17 -18 -19 23 29 21 -23 -24 24 26 -27 27 -29 -30 -31
leaf_value=3.6802339101238426e-05 -0.0010031290393131887 -0.0024222216033072306 0.003333021239711167 0.014511726883465227 0.06890681182188807 0.0014541131183225492 1.7213139146654566e-05 -0.010878059132980426 0.042773940266191503 4.5437626974892399e-05 -0.00055554256269842173 -0.00050896295116193422 0.0014437283573647645 -0.0076026253416220701 -0.0053803412838825566 0.013394725191374171 0.0074258087007524343 1.0885576610540898e-07 -0.00060532648647355848 0.016808566434446639 -0.017640165719334376 -0.0031669551077978687 0.0017612849248955561 -0.031178126597534713 0.00043397368772618192 -0.026123296556613575 -0.023799735499344683 -0.0074244974038255099 0.0084674942249694362 0.0030097700616872093
leaf_weight=3899 476 658 8472 29 3863 7079 6274 294 63309 7422 3554 27 37 80 968 13888 5707 29569 217 2279 754 1583 1097 20 74 37 21 37 2882 5419
leaf_count=3899 476 658 8472 29 3863 7079 6274 294 63309 7422 3554 27 37 80 968 13888 5707 29569 217 2279 754 1583 1097 20 74 37 21 37 2882 5419
internal_value=0.00266476 0.000829669 0.000629735 0.00432363 0.0023768 0.00185626 5.51448e-05 0.000231542 0.00461505 0.00114703 -0.00188705 -0.00522167 -0.01375 -0.0192991 0.000242692 0.00367377 0.00263382 -0.000171637 0.000788964 0.00139361 -0.00166132 -0.00278776 0.000219267 -0.00407859 -0.00947368 -0.0101515 -0.00674242 -0.0148276 0.00096928 0.0014926
internal_weight=170025 80725 76826 89300 11627 24509 52317 47961 77673 14664 4356 802 144 107 7242 14364 14179 33297 10330 7764 3728 2337 1391 369 152 66 132 58 9961 7698
internal_count=170025 80725 76826 89300 11627 24509 52317 47961 77673 14664 4356 802 144 107 7242 14364 14179 33297 10330 7764 3728 2337 1391 369 152 66 132 58 9961 7698
cat_boundaries=0 1 2 3 4
cat_threshold=596 64 18824 2
is_linear=0
shrinkage=0.05


Tree=55
num_leaves=31
num_cat=6
split_feature=17 15 20 20 20 19 20 0 19 17 10 0 17 19 20 20 3 1 3 20 17 3 10 17 0 19 4 1 0 8
split_gain=206.067 25.1807 23.335 15.1999 10.523 8.64124 8.11386 5.88475 7.45946 6.11039 17.4425 5.65835 5.56529 5.19503 5.00609 10.2838 4.60652 4.33926 9.2399 4.13834 3.41622 4.56817 3.10517 3.04497 3.91591 5.40646 2.9901 2.97295 5.70464 4.72101
threshold=4.1651932571592942 3.4001510182624615 1.0000000180025095e-35 1.1599980968653989 0.28017729995134133 4.6724643493623548 0.20586579596814977 0 0.5627626210639648 0.78025122936348168 0.81068324164968719 1 0.76686810930688443 0.78932121774321995 0.14918946107653128 0.11018371921388019 1.5000000000000002 2 1.0000000180025095e-35 1.4491176654321001 0.59996186150929509 3.5000000000000004 0.71754226264466137 4.4990580028979457 3 4.53399802631992 6.5000000000000009 4 5 1.5000000000000002
decision_type=10 10 8 10 10 10 10 1 10 10 10 1 8 10 10 10 2 1 2 10 8 2 8 10 1 10 2 1 1 2
left_child=1 2 -1 23 -3 6 7 8 27 10 -10 13 14 20 15 -12 17 18 -6 -18 -8 -22 -11 24 25 -2 -20 -4 -29 -30
right_child=3 4 5 -5 16 -7 11 -9 9 22 12 -13 -14 -15 -16 -17 19 -19 26 -21 21 -23 -24 -25 -26 -27 -28 28 29 -31
leaf_value=3.4962222146178726e-05 0.0028209673937387865 0.0072618602798992446 -0.0030572146741222939 0.0011980417254832533 0.0091829954131514551 0.077200599560253838 -0.0026587408191260657 0.0043270730958017145 3.4962222146178726e-05 -1.772632106609287e-05 7.1136424629658643e-05 1.7937748767635303e-06 2.3925115597078773e-05 -0.002480589458060714 -3.5752139244005223e-06 -7.3032537246919832e-05 0.0072061188729476275 0.0019394639958488337 -0.010616380196779022 -0.0041350316122188919 -0.0059350191047729721 0.0015461443482686133 4.5557340528382352e-05 0.04228614886201279 0.01574000440227017 -0.019989723175031206 -0.041696017473317769 0.0042107603272025949 -0.010708140079065424 -0.00018774632588131784
leaf_weight=2890 79 13891 798 2004 494 1566 355 6111 3876 1108 65 34988 108 6365 166 140 7779 2583 275 605 96 35 6384 67274 6811 23 226 667 465 1374
leaf_count=2890 79 13891 798 2004 494 1566 355 6111 3876 1108 65 34988 108 6365 166 140 7779 2583 275 605 96 35 6384 67274 6811 23 226 667 465 1374
internal_value=0.00265155 0.00107751 0.000569667 0.00458132 0.00240456 0.00037322 0.000282167 0.00107751 0.000547787 0.00113404 0.00262342 -0.000122015 -0.00637787 -0.00143492 -0.00928571 -0.0145122 0.00131751 -0.00018446 -0.00298995 0.00195849 -0.00641975 -0.0133206 0.000268286 0.00469739 0.00369811 -0.00571429 -0.00777445 -0.00155266 -0.000706305 -0.00213899
internal_weight=169601 93410 67557 76191 25853 64667 63101 21262 15151 11847 4355 41839 479 6851 371 205 11962 3578 995 8384 486 131 7492 74187 6913 102 501 3304 2506 1839
internal_count=169601 93410 67557 76191 25853 64667 63101 21262 15151 11847 4355 41839 479 6851 371 205 11962 3578 995 8384 486 131 7492 74187 6913 102 501 3304 2506 1839
cat_boundaries=0 1 2 3 4 5 6
cat_threshold=862 25024 4 192 2 328
is_linear=0
shrinkage=0.05


Tree=56
num_leaves=31
num_cat=5
split_feature=17 18 18 17 17 20 17 17 17 0 11 18 22 20 0 20 18 0 20 0 18 15 17 11 22 20 6 15 6 1
split_gain=199.536 26.2267 21.62 13.6914 9.43164 9.3163 7.91546 7.59058 6.56066 5.21139 4.97009 4.62193 4.12127 3.46131 3.17358 3.11594 2.92328 2.7466 2.65351 3.0212 2.78056 2.56449 4.32852 3.90068 2.95767 2.3627 2.55992 2.3285 2.29211 3.03668
threshold=3.8277524795099311 1.0000000180025095e-35 0.47300957128889254 2.9685517693480734 5.0452216211254557 0.28017729995134133 0.6496832752533267 4.4685272403191201 0.78025122936348168 0 1.3986406674150766 0.23222623413802004 5.9614247478900806 1.6204372300014251 1 2.2104301787485565 0.27764747788310695 2 1.4491176654321001 3 0.86343942104751992 0.76078115988244288 0.79463839512862222 0.71754226264466137 7.3135382136129818 0.24470014610211288 1.0000000180025095e-35 0.67772355602398038 1.0000000180025095e-35 4
decision_type=10 8 10 8 10 8 10 10 10 1 10 10 8 10 1 8 10 1 10 1 8 8 10 10 10 10 2 8 2 1
left_child=1 -1 7 6 14 17 25 16 11 12 21 -8 -7 -6 -4 18 -2 -5 19 20 -11 22 24 -24 -10 -3 -27 -28 -14 -30
right_child=2 3 4 5 13 9 8 -9 10 15 -12 -13 28 -15 -16 -17 -18 -19 -20 -21 -22 -23 23 -25 -26 26 27 -29 29 -31
leaf_value=3.3214111038870621e-05 0.011469145397456382 -0.00058625819442043221 -0.0034300402145348353 0.002548255909239168 0.054136905148775817 -0.017562330464084151 4.0599317664136161e-05 0.039742640292813519 -2.0502743561707602e-05 -0.006648747153803005 0.0013478579751723941 -0.00074102678621712579 -0.0011311164914474638 -0.015924499176568831 0.0063621498487720866 0.023189719031664807 0.0061885575847555043 0.0026631347766063267 -0.0064554075480922754 0.0035857091365379522 0.0054585170416420331 -2.8089128984163229e-06 5.1975965747297355e-06 -0.0081747957139617477 -0.0019157624537995245 -0.0021050015872177519 -0.0037871925547209432 -0.00062070918899987206 -0.016750532186781273 -0.0017778603241598745
leaf_weight=3922 10912 2797 1177 6297 4207 27 3526 62825 193 743 13126 1209 1853 198 6514 1594 3532 7634 251 9002 794 24470 777 134 87 653 321 95 171 411
leaf_count=3922 10912 2797 1177 6297 4207 27 3526 62825 193 743 13126 1209 1853 198 6514 1594 3532 7634 251 9002 794 24470 777 134 87 653 321 95 171 411
internal_value=0.00263384 0.000821419 0.0042581 0.000616097 0.00229249 0.00147635 9.36948e-05 0.0045658 0.000286292 0.000604877 7.18026e-05 0.00204329 -0.00149272 0.00413734 0.00123586 0.00102227 0.00353226 0.00240507 0.000718258 0.000839264 -0.00120556 -0.000332995 -0.00259866 -0.000927552 -0.00803571 -0.0020745 -0.0040739 -0.00713942 -0.00128337 -0.00402062
internal_weight=169452 80087 89365 76165 12096 28777 47388 77269 43522 14846 38787 4735 2462 4405 7691 12384 14444 13931 10790 10539 1537 25661 1191 911 280 3866 1069 416 2435 582
internal_count=169452 80087 89365 76165 12096 28777 47388 77269 43522 14846 38787 4735 2462 4405 7691 12384 14444 13931 10790 10539 1537 25661 1191 911 280 3866 1069 416 2435 582
cat_boundaries=0 1 2 3 4 5
cat_threshold=594 8384 10344 9344 4
is_linear=0
shrinkage=0.05


Tree=57
num_leaves=31
num_cat=5
split_feature=19 18 15 19 20 20 18 15 19 15 18 11 3 20 0 0 15 12 20 18 3 0 0 19 11 20 4 0 3 13
split_gain=202.212 26.0667 21.1026 19.6834 10.4524 10.2154 7.45309 5.8906 5.55091 4.8381 4.39257 3.55441 3.37373 3.32908 3.16492 2.98732 4.54052 6.48913 3.89538 2.97625 2.91906 3.85157 3.65841 3.04873 3.78675 2.81444 3.97004 2.6466 2.82798 2.63165
threshold=3.9200261368476297 1.0000000180025095e-35 2.8614167970724775 4.565405625212521 0.37353787374311814 1.1599980968653989 0.30631833707287343 3.6567350210664733 0.69322269047845697 4.1317030119055715 0.28528656103400124 0.37096867236468872 1.0000000180025095e-35 0.26216723260403624 0 1 0.86695541705920476 1.1150072000796054 0.20150915749843032 0.067255981120358729 5.5000000000000009 2 3 0.96723466342487885 0.71754226264466137 1.2947748904401986 4.5000000000000009 4 1.5000000000000002 0.71754226264466137
decision_type=10 8 10 10 10 10 10 10 8 8 10 8 2 10 1 1 8 10 10 10 2 1 1 10 10 10 2 1 2 10
left_child=1 -1 8 4 -2 9 7 12 13 -5 11 -10 -4 -3 -14 16 29 -18 -17 -15 22 -22 -12 24 -24 -8 -27 -6 -29 -13
right_child=3 2 6 5 27 -7 25 -9 10 -11 20 15 14 19 -16 18 17 -19 -20 -21 21 -23 23 -25 -26 26 -28 28 -30 -31
leaf_value=3.1553405486928202e-05 0.011661951013472272 -0.00030911370471322643 0.010623271086621073 -0.033783656839315591 -0.0012277618339296046 0.0011356279052004866 0.0030192537054406655 0.0084136520775631198 -0.010453345131346979 0.040383178759495979 -0.015941668989274599 3.0197198494543995e-05 0.0038601461625253244 -0.0040443892870966275 0.00050675877978342604 0.0055086699624930522 -1.0511318490690386e-05 0.00071781006082272223 0.00031388732697614532 -0.002974615115320307 -0.0037066568283465524 0.0011217997166965774 -0.00046591050493650411 -5.0891702783228684e-05 -0.0049861565976618465 0.005464062226272378 -0.0072522090407577608 0.00018430175606721493 0.0083134757237509991 -1.1840984661642961e-05
leaf_weight=3906 11384 3529 1427 34 1480 1337 8327 5142 51 67722 710 5378 6390 40 4453 2718 11323 6872 2110 1001 510 2272 1271 10905 1001 197 339 1772 4321 1952
leaf_count=3906 11384 3529 1427 34 1480 1337 8327 5142 51 67722 710 5378 6390 40 4453 2718 11323 6872 2110 1001 510 2272 1271 10905 1001 197 339 1772 4321 1952
internal_value=0.00259881 0.000809298 0.000609487 0.00426178 0.00283457 0.00465337 0.00176308 0.00236389 2.25589e-05 0.00473877 0.000184076 0.000541705 0.00176854 -0.00164114 0.00146777 0.000563865 0.000347562 -7.557e-05 0.00170318 -0.00412584 -0.000468234 0.00101006 -0.000764384 -0.000573671 -0.00224032 0.00058276 -0.0029291 0.00139509 0.00185401 0.00139836
internal_weight=169874 81824 77918 88050 18957 69093 26275 17412 51643 67756 47073 30404 12270 4570 10843 30353 25525 18195 4828 1041 16669 2782 13887 13177 2272 8863 536 7573 6093 7330
internal_count=169874 81824 77918 88050 18957 69093 26275 17412 51643 67756 47073 30404 12270 4570 10843 30353 25525 18195 4828 1041 16669 2782 13887 13177 2272 8863 536 7573 6093 7330
cat_boundaries=0 1 2 3 4 5
cat_threshold=32932 9046 8704 136 704
is_linear=0
shrinkage=0.05


Tree=58
num_leaves=31
num_cat=4
split_feature=17 18 11 20 0 18 19 3 17 17 20 0 19 3 19 8 3 3 3 22 8 0 19 17 20 8 0 21 22 3
split_gain=206.599 23.0902 26.1668 15.4107 10.1694 7.85186 6.17336 5.8921 5.72589 5.43235 6.54758 5.13204 5.04697 5.03327 4.96577 5.69996 4.72988 4.59214 7.07439 4.11213 4.10222 4.70492 3.6593 3.50133 3.44288 3.4134 3.12979 2.88623 2.81309 8.41905
threshold=4.1651932571592942 1.0000000180025095e-35 3.3690170020819612 1.1599980968653989 0 0.32321609591081235 4.6404925339212362 1.5000000000000002 1.3816306782992196 4.5611899932267344 0.49909110976662613 1 2.0925520220360814 1.0000000180025095e-35 4.6724643493623548 2.5000000000000004 1.5000000000000002 4.5000000000000009 3.5000000000000004 7.3320520811275172 2.5000000000000004 2 0.69322269047845697 0.78025122936348168 0.28300211126765118 6.5000000000000009 3 8.1622300485615504 5.9614247478900806 1.0000000180025095e-35
decision_type=10 8 10 10 1 10 8 2 10 10 10 1 10 2 10 2 2 2 2 8 2 1 10 10 10 2 1 8 10 2
left_child=1 -1 4 9 7 -4 8 11 -6 10 -2 12 -3 -10 -12 -16 28 18 20 -14 21 -15 -9 -24 -23 -13 -20 -27 29 -7
right_child=3 2 5 -5 6 16 -8 22 13 -11 14 25 19 17 15 -17 -18 -19 26 -21 -22 24 23 -25 -26 27 -28 -29 -30 -31
leaf_value=2.997573521258401e-05 0.013914512334906448 -0.011279575306799305 0.0065734240992932113 0.00025207374434691907 -6.0764205136037974e-05 -0.024153182113721014 0.053157126946912339 -0.0005220650385270464 0.0079404465869832401 0.038380697484729304 0.0069913061825108815 -2.1216723987853485e-05 -0.039651777416867151 0.0027896394556617518 -0.034498229394275159 -0.0055927739111314495 0.0071139246196204632 0.00460024731443609 -0.0047090961132188773 -0.022924957284919282 0.0026790920328309585 0.0079473180444043987 3.7059491856206167e-05 1.3266091698160843e-06 -0.030008364087084457 -0.00034819314346065672 0.00025484672717155055 -0.0058842082448505948 -7.2451913424628905e-05 0.021304197104447021
leaf_weight=3876 6235 269 13816 1992 4056 239 1371 4440 2380 66350 1632 7531 29 330 26 106 4078 7378 2205 60 9823 80 4097 20378 379 2877 1731 98 1760 162
leaf_count=3876 6235 269 13816 1992 4056 239 1371 4440 2380 66350 1632 7531 29 330 26 106 4078 7378 2205 60 9823 80 4097 20378 379 2877 1731 98 1760 162
internal_value=0.00256603 0.000989534 0.00082603 0.00449568 0.000366987 0.0024171 0.0010663 -0.000155947 0.000908258 0.00461197 0.00338105 -0.00114875 -0.00695652 0.00119847 0.00069161 -0.00863636 0.000944863 0.000961416 0.00044611 -0.0174719 0.0011176 -0.00235108 0.000217016 0.000456589 -0.00555437 -0.000943324 -0.00136433 -0.00237815 -0.000946321 -0.00472569
internal_weight=169784 93443 89567 76341 69512 20055 29733 39779 28362 74349 7999 10864 358 24306 1764 132 6239 21926 14548 89 10612 789 28915 24475 459 10506 3936 2975 2161 401
internal_count=169784 93443 89567 76341 69512 20055 29733 39779 28362 74349 7999 10864 358 24306 1764 132 6239 21926 14548 89 10612 789 28915 24475 459 10506 3936 2975 2161 401
cat_boundaries=0 1 2 3 4
cat_threshold=11090 256 40 40
is_linear=0
shrinkage=0.05


Tree=59
num_leaves=31
num_cat=4
split_feature=17 18 15 18 0 18 19 0 22 10 3 1 4 19 22 10 18 10 1 3 10 15 18 10 3 19 22 3 17 16
split_gain=202.175 22.8164 25.8534 13.181 10.5692 9.05091 7.95112 5.74673 5.23952 4.56583 4.07616 3.95991 5.75146 5.30971 4.93099 3.90001 3.83289 3.44684 3.28163 8.50509 3.2814 3.89884 5.34585 3.95157 3.80235 3.19096 3.41514 3.10723 4.13185 4.40061
threshold=4.1651932571592942 1.0000000180025095e-35 3.4001510182624615 0.40154742483164318 0 0.28211308202605817 4.7895191959119368 1 6.7457475887780101 2.4024201905583298 1.5000000000000002 2 1.5000000000000002 1.9547769238740993 7.0273449130842875 3.714790094103249 1.4861155372196246 0.50031594015395309 3 1.0000000180025095e-35 0.71754226264466137 0.86695541705920476 0.20726594616436259 0.66750053336617021 5.5000000000000009 0.69313598503394624 6.6144204352177107 5.5000000000000009 0.78025122936348168 0.18230390763859158
decision_type=10 8 10 10 1 10 10 1 8 10 2 1 2 10 8 10 10 8 1 2 8 8 8 10 2 10 8 2 10 10
left_child=1 -1 6 -2 -5 15 7 11 -6 17 18 13 -13 -3 -15 -4 -12 -9 19 -7 21 23 -23 -19 -22 -14 -27 -25 -29 -30
right_child=3 2 5 4 8 10 -8 9 -10 -11 16 12 25 14 -16 -17 -18 20 -20 -21 24 22 -24 27 -26 26 -28 28 29 -31
leaf_value=2.8476948451955364e-05 0.029498099645099751 0.0035394401330284733 0.0039351727345133883 0.030827547094613883 -0.016503066507109872 0.0094786253799338943 0.071732348041719199 -0.0013271009531934019 0.0052641648604439652 0.0027172165555784267 0.0065858215417218813 0.0034314135179796396 -0.0029744496065116687 -0.025902068377931489 -0.0013467536260690501 0.0090502157613706596 -0.003648573823483249 -9.554561540964762e-05 0.0018573459600967658 -0.030008675428902766 -3.577922203667541e-06 -5.3097166412660721e-05 4.7621801113122505e-06 3.9461886470054663e-05 0.00013729344297933643 -0.0080813399594005381 -0.0021505749501799488 2.6778519279596624e-05 -5.2796750144452794e-05 9.2531617744867953e-05
leaf_weight=3917 65164 2940 8054 6975 288 480 1460 1845 3992 9750 6931 963 1403 300 779 6958 585 1379 2302 513 26608 391 2308 3258 4641 347 4586 319 106 178
leaf_count=3917 65164 2940 8054 6975 288 480 1460 1845 3992 9750 6931 963 1403 300 779 6958 585 1379 2302 513 26608 391 2308 3258 4641 347 4586 319 106 178
internal_value=0.00255863 0.000996828 0.000833147 0.00446545 0.00288538 0.00216725 0.000291138 0.000205391 0.000920746 0.000432442 0.00106419 -0.000813029 -0.00150774 0.000446629 -0.00255329 0.00296163 0.00170703 0.000201423 -0.000402124 -0.00280463 0.000300858 0.00120859 -0.000335309 0.00200382 7.02424e-05 -0.00205492 -0.00145652 0.0028244 -0.000472637 -0.00485915
internal_weight=169720 93301 89384 76419 11255 25823 63561 62101 4280 50783 10811 11318 7299 4019 1079 15012 7516 41033 3295 993 39188 7939 2699 5240 31249 6336 4933 3861 603 284
internal_count=169720 93301 89384 76419 11255 25823 63561 62101 4280 50783 10811 11318 7299 4019 1079 15012 7516 41033 3295 993 39188 7939 2699 5240 31249 6336 4933 3861 603 284
cat_boundaries=0 1 2 3 4
cat_threshold=18177 25408 1 4
is_linear=0
shrinkage=0.05


Tree=60
num_leaves=31
num_cat=5
split_feature=17 18 15 20 20 19 0 15 18 15 22 17 0 10 18 0 16 17 1 19 3 19 22 15 5 22 20 20 3 0
split_gain=198.28 23.2203 26.5552 17.3261 9.4104 8.92822 8.06067 7.32976 6.00557 4.81627 4.56169 3.99554 4.37908 4.61212 3.91549 3.8249 3.86425 4.08596 3.97534 3.81608 3.76128 3.95301 3.6696 3.5416 3.5127 3.43715 3.31005 3.71145 3.1787 3.27765
threshold=4.1651932571592942 1.0000000180025095e-35 3.4001510182624615 1.0763225469344633 0.28433424116473843 4.565405625212521 0 4.4890911017068609 0.27764747788310695 1.5216117614970992 6.3063497684848366 5.3946675114698301 1 3.714790094103249 1.4861155372196246 2 0.064140309130873915 0.78025122936348168 3 0.66261880852417476 2.5000000000000004 0.44493290734620144 7.8967290185604755 5.8857592593565817 1.0000000180025095e-35 7.1700002979321233 0.4755929384261276 0.2563062461764572 1.5000000000000002 4
decision_type=10 8 10 10 10 10 1 10 10 10 8 10 1 8 10 1 8 10 1 8 2 10 10 8 2 10 10 10 2 1
left_child=1 -1 5 7 -4 6 19 8 -2 15 -10 12 13 -12 28 -8 17 -17 -18 20 21 22 -3 -5 -11 -26 27 -23 29 -6
right_child=3 2 4 23 14 -7 9 -9 10 24 11 -13 -14 -15 -16 16 18 -19 -20 -21 -22 26 -24 -25 25 -27 -28 -29 -30 -31
leaf_value=2.705310102935621e-05 0.015910868246445053 -0.00083728927067656424 0.0058425619278512694 -0.0031838446092858127 0.0084650291948682507 0.062417247171696638 0.0093759020789732691 0.033197140089785693 -0.0336377388317231 0.0023588237145159784 -0.017202587849953835 0.064540218659866214 0.0084877582764858201 -0.0029879385973125292 -0.0040471077368487906 3.6147233732092279e-05 5.4382574097067152e-06 -7.7590565142193599e-06 -4.451286982972549e-05 -0.00086972285166606609 -0.0009438931248674031 0.00036982765289500486 -0.0025811132411638514 0.061675446111959534 0.0012021113777726878 -0.0062339755333714313 0.00081813441222095484 -0.0063133473074959258 0.0059683019990358381 -0.0012208263186112051
leaf_weight=3882 7606 233 14087 1462 493 1628 1379 61602 21 17121 24 1481 2734 574 791 1442 10634 917 17319 10183 416 21 69 792 1378 946 22 85 7720 2854
leaf_count=3882 7606 233 14087 1462 493 1628 1379 61602 21 17121 24 1481 2734 574 791 1442 10634 917 17319 10183 416 21 69 792 1378 946 22 85 7720 2854
internal_value=0.00252407 0.000982162 0.000818383 0.00441609 0.00216708 0.000269857 0.000174134 0.00454755 0.00344051 0.000438549 0.00206247 0.00216393 0.00120348 -0.00264803 0.0011292 5.85342e-05 -5.90329e-05 0.00188427 -0.000223053 -0.00105127 -0.00427896 -0.00755814 -0.00443709 9.76044e-05 0.00105811 -0.000765921 -0.0149219 -0.0185849 0.0013721 8.51511e-05
internal_weight=169916 93620 89738 76296 25945 63793 62165 74042 12440 51136 4834 4813 3332 598 11858 31691 30312 2359 27953 11029 846 430 302 2254 19445 2324 128 106 11067 3347
internal_count=169916 93620 89738 76296 25945 63793 62165 74042 12440 51136 4834 4813 3332 598 11858 31691 30312 2359 27953 11029 846 430 302 2254 19445 2324 128 106 11067 3347
cat_boundaries=0 1 2 3 4 5
cat_threshold=9024 960 37929 2 2084
is_linear=0
shrinkage=0.05


Tree=61
num_leaves=31
num_cat=0
split_feature=17 18 15 20 20 17 20 19 16 17 18 15 19 5 4 15 4 20 19 10 4 10 17 19 18 20 10 19 10 17
split_gain=195.873 23.6075 26.6289 16.5486 9.95513 9.60242 10.5727 7.62499 6.63651 5.94663 3.7832 3.3455 3.04643 4.20649 3.46776 2.94903 2.88298 2.83987 2.78652 4.75083 3.64589 3.41958 7.44381 5.46388 6.58278 6.96569 3.78769 2.80614 5.67844 4.04691
threshold=4.1651932571592942 1.0000000180025095e-35 3.4001510182624615 1.1599980968653989 0.28718428115914996 4.8416593269066874 0.38334687189803834 4.7895191959119368 0.30299155758606655 0.6496832752533267 1.4861155372196246 3.7677636087724014 4.3577301084088305 1.0000000180025095e-35 10.500000000000002 0.85871717980689166 3.5000000000000004 0.24470014610211288 3.3388935968983016 2.4890560511953486 11.500000000000002 0.71754226264466137 0.78025122936348168 0.76473488021822422 0.16943067974134221 0.11018371921388019 1.0471650770867935 2.0460354156292682 1.9530024665512917 1.3816306782992196
decision_type=10 8 10 10 10 10 10 10 8 10 10 10 10 2 2 8 2 10 10 10 2 10 10 10 10 10 10 10 8 10
left_child=1 -1 7 5 -4 6 -2 8 9 17 -6 12 -8 14 -14 -10 -12 -3 19 21 -20 22 -11 24 25 -23 -27 29 -29 -25
right_child=3 2 4 -5 10 -7 11 -9 15 18 16 -13 13 -15 -16 -17 -18 -19 20 -21 -22 23 -24 27 -26 26 -28 28 -30 -31
leaf_value=2.5700445977888677e-05 0.012292047874784443 -0.00034030884481649714 0.0057348077839125614 -0.00010000696133671827 0.0039624498239903992 0.043999303005645543 0.0019020568738269085 0.067486825916361126 -0.0027213681195336959 3.6726974137557546e-05 0.004798014856298694 0.0061673588195400864 0.0042483102375233898 -0.029647439491450656 -0.016990058112299193 -0.00012314066247100111 -0.0058046301584636292 -0.0027730792777667878 -0.00065551359991333172 0.0036418323518737613 -0.0063531275398038718 6.6631010487974156e-05 6.2444281980463275e-06 3.1506910340202407e-07 -0.00044821027098953191 -0.0036729463003077447 -1.2097385210291246e-05 -0.0077303841137316689 -0.00018087416293879411 0.0058564953073991025
leaf_weight=3943 10867 2516 14236 2000 10889 59536 215 1460 1364 3078 238 3355 140 34 81 22228 541 676 1652 6050 105 78 9110 8299 533 97 126 453 2343 3382
leaf_count=3943 10867 2516 14236 2000 10889 59536 215 1460 1364 3078 238 3355 140 34 81 22228 541 676 1652 6050 105 78 9110 8299 533 97 126 453 2343 3382
internal_value=0.00248239 0.000947407 0.000780513 0.0043631 0.00213172 0.00448402 0.00333923 0.000229741 0.000145756 0.000550418 0.00104902 0.00107843 -0.00287234 -0.00656863 -0.00404977 -0.000514581 -0.00231707 -0.00151629 0.000737269 0.000838922 -0.00120376 0.000559839 0.00118477 6.23736e-05 -0.0038729 -0.00978405 -0.0142825 0.000289079 -0.00113376 0.000629655
internal_weight=169625 93397 89454 76228 25904 74228 14692 63550 62090 38498 11668 3825 470 255 221 23592 779 3192 35306 33549 1757 27499 12188 15311 834 301 223 14477 2796 11681
internal_count=169625 93397 89454 76228 25904 74228 14692 63550 62090 38498 11668 3825 470 255 221 23592 779 3192 35306 33549 1757 27499 12188 15311 834 301 223 14477 2796 11681
is_linear=0
shrinkage=0.05


Tree=62
num_leaves=31
num_cat=5
split_feature=17 12 16 20 20 0 17 20 3 19 10 1 3 3 1 6 17 17 19 4 3 20 0 21 19 11 0 19 19 16
split_gain=194.246 23.8754 20.8687 11.2646 10.9691 9.47564 8.63545 6.31536 5.37615 5.31895 4.22087 4.15556 4.68443 3.97178 3.80767 8.13393 5.21917 4.49218 4.18067 3.78598 3.69991 8.49836 6.37903 3.45163 3.58467 6.23077 3.41597 5.07249 3.85601 3.57117
threshold=4.5611899932267344 3.5278289544528167 1.0000000180025095e-35 1.1599980968653989 0.28433424116473843 0 0.78025122936348168 0.21945556310830858 1.5000000000000002 3.9200261368476297 3.435597511835168 1 1.0000000180025095e-35 1.5000000000000002 2 1.0000000180025095e-35 3.7108398427430238 2.2004819493275165 1.1481817452245191 5.5000000000000009 1.0000000180025095e-35 0.57231568008903977 3 5.7087686410618739 4.6141329293738851 3.9328050649669928 4 2.0460354156292682 0.80899435430513533 1.1144950573402046
decision_type=10 10 8 10 10 1 10 8 2 8 8 1 2 2 1 2 8 10 10 2 2 10 1 8 10 10 1 10 8 8
left_child=1 2 6 -2 -3 7 -1 10 11 -7 -4 12 -6 26 15 -15 -17 -16 -18 -19 21 -13 -23 -21 -25 -26 27 -9 -28 -29
right_child=3 4 5 -5 8 9 -8 13 -10 -11 -12 20 -14 14 17 16 18 19 -20 23 -22 22 -24 24 25 -27 28 29 -30 -31
leaf_value=2.4415423678991744e-05 0.032177978352384833 0.0073700977228118624 3.2617217052495752e-06 -9.5006613269887907e-05 0.0086449928412149091 0.00061472379373215841 -1.5172998231233193e-05 -0.004080585771634406 0.0075685023140671034 0.0080235417555720948 1.4482843610963415e-05 0.00454121820037075 -0.024290074035725473 -0.00032476326573781537 2.6208672531850848e-05 -0.0030858259912380157 -0.01324037263251659 0.00036024324629512205 -0.021846088235706697 -0.0066361933434355702 0.0070408439682397572 -0.031303667408502767 0.0021970834054404688 -0.0045753223408538856 -0.043464978230153099 0.0023891613258567226 -0.0029310636959123449 -0.036188129706226646 -0.00011467331177107436 -0.021412592136611966
leaf_weight=4213 65883 12592 9047 1254 400 26610 825 244 6711 5798 4246 708 593 4734 13829 538 225 1133 61 32 1314 196 139 1045 26 26 850 23 6263 57
leaf_count=4213 65883 12592 9047 1254 400 26610 825 244 6711 5798 4246 708 593 4734 13829 538 225 1133 61 32 1314 196 139 1045 26 26 850 23 6263 57
internal_value=0.00246043 0.00109087 0.00068431 0.00455092 0.00252351 0.000474481 0.00379913 -1.7811e-05 0.00129262 0.0011179 0.000885052 -0.000343283 -0.00305639 -0.000430447 -8.79946e-05 -0.00121626 -0.00580097 0.000301722 -0.0112587 -0.00176393 0.000799746 -0.00142378 -0.00798507 -0.00381311 -0.00334093 -0.0161538 -0.00142732 -0.00637725 -0.00119121 -0.0175
internal_weight=169615 102478 79825 67137 22653 74787 5038 42379 10061 32408 13293 3350 993 29086 21649 5558 824 16091 286 2262 2357 1043 335 1129 1097 52 7437 324 7113 80
internal_count=169615 102478 79825 67137 22653 74787 5038 42379 10061 32408 13293 3350 993 29086 21649 5558 824 16091 286 2262 2357 1043 335 1129 1097 52 7437 324 7113 80
cat_boundaries=0 1 2 3 4 5
cat_threshold=9170 4 4 16384 256
is_linear=0
shrinkage=0.05


Tree=63
num_leaves=31
num_cat=4
split_feature=17 18 15 20 17 19 18 20 19 0 17 0 20 10 22 4 22 20 4 4 0 17 17 19 10 17 17 1 18 22
split_gain=195.807 22.886 25.4811 16.4548 11.7785 7.62641 6.73674 6.46255 5.46295 4.84009 4.13466 3.8086 3.68934 3.60944 3.57047 4.73158 3.83554 3.52959 3.36461 4.06164 3.34761 3.89441 3.45322 3.1219 3.63431 11.0716 7.16085 4.90204 6.05227 3.77607
threshold=4.2068344733334415 1.0000000180025095e-35 3.6363930511433455 0.51542064908199159 5.4181257054779026 4.6404925339212362 0.27764747788310695 0.21945556310830858 0.79907434236106833 0 4.972156971421609 1 0.31383257858695185 2.2975599250672958 6.9467320834625967 3.5000000000000004 6.0427619774291612 1.0231107274415387 8.5000000000000018 11.500000000000002 2 0.36898037876086504 0.59996186150929509 0.5627626210639648 0.76519735254682386 0.76686810930688443 0.78025122936348168 3 0.18778648180323185 7.313894599488787
decision_type=10 8 10 10 10 10 10 10 10 1 10 1 10 10 10 2 8 10 2 2 1 8 8 10 10 10 8 1 8 10
left_child=1 -1 5 10 -5 7 -4 9 20 13 12 -10 -2 23 15 17 -17 -13 -18 -20 22 -22 -9 -3 26 -26 -25 28 29 -28
right_child=3 2 6 4 -6 -7 -8 8 11 -11 -12 14 -14 -15 -16 16 18 -19 19 -21 21 -23 -24 24 25 -27 27 -29 -30 -31
leaf_value=2.3194652495039938e-05 0.011938068907393929 -0.00087781960307649646 0.0066523697119126972 0.00212838762325328 0.057686804526752115 0.058043687363124388 0.0038630337255500021 -0.0024496428947866859 1.9749092911682596e-05 0.0023304629220566599 0.045836834621032586 0.0021053479079244279 0.0073162107824218392 0.0040070152866078174 0.00069513287630690876 -0.011892916459456672 -0.0055417484810462219 -0.0078002008753953085 0.0015101396846052108 -0.0066340272056860175 -0.0026501354200713428 -0.0012221777380536447 -0.0056742462850241917 3.1282752154654372e-05 -8.1694814310750362e-05 3.6991427151569136e-06 -0.0071935425199620446 5.7573973812382973e-06 -4.0159230530739666e-05 -0.0035529000803847612
leaf_weight=3885 11480 3345 10858 4568 4109 1581 8792 320 27240 8872 52174 2635 2779 2234 4568 126 2608 230 1233 1040 28 2835 115 2821 480 5119 65 3292 401 52
leaf_count=3885 11480 3345 10858 4568 4109 1581 8792 320 27240 8872 52174 2635 2779 2234 4568 126 2608 230 1233 1040 28 2835 115 2821 480 5119 65 3292 401 52
internal_value=0.00244415 0.000932999 0.000772362 0.00435095 0.00230322 0.000332678 0.00236641 0.000254741 -0.000124715 0.000865972 0.00461841 3.78026e-05 0.00386388 0.000389753 -0.000686747 -0.00133257 -0.00225984 0.000287958 -0.00203749 -0.000631324 -0.00208005 -0.00143926 -0.0061236 0.000120385 0.000490597 -0.000447401 0.00128261 -0.000131233 -0.00465251 -0.0146581
internal_weight=169885 94775 90890 75110 8677 71240 19650 69659 42978 26681 66433 39680 14259 17809 12440 7872 5007 2865 4881 2273 3298 2863 435 15575 12230 5599 6631 3810 518 117
internal_count=169885 94775 90890 75110 8677 71240 19650 69659 42978 26681 66433 39680 14259 17809 12440 7872 5007 2865 4881 2273 3298 2863 435 15575 12230 5599 6631 3810 518 117
cat_boundaries=0 1 2 3 4
cat_threshold=2398 32830 64 4
is_linear=0
shrinkage=0.05


Tree=64
num_leaves=31
num_cat=5
split_feature=17 18 19 18 0 3 0 18 0 3 22 18 18 4 22 3 17 10 0 0 22 18 18 3 22 8 19 8 16 17
split_gain=192.724 21.014 26.3205 14.4152 10.8493 7.88111 6.49884 5.16901 4.99158 8.01011 5.03004 4.42179 4.34527 4.29186 7.08378 4.17332 3.84668 3.575 3.35749 3.30344 3.06255 3.01341 2.89589 2.92183 3.81611 4.00162 2.87167 2.86421 3.63788 3.55888
threshold=4.4990580028979457 1.0000000180025095e-35 3.5113368305496615 0.26033266452124282 0 1.0000000180025095e-35 1 0.69787570248262742 2 2.5000000000000004 7.8967290185604755 0.10397800785349608 0.22367981829158504 11.500000000000002 6.2030772222959216 1.5000000000000002 3.6747318639193707 4.4664825012565208 3 4 6.5191503860859585 0.9304120139991543 1.4861155372196246 2.5000000000000004 6.9087610166783255 5.5000000000000009 0.66261880852417476 5.5000000000000009 0.25566079472094222 4.9973255789857811
decision_type=10 8 10 10 1 2 1 10 1 2 10 8 10 2 10 2 8 8 1 1 8 8 10 2 8 2 8 2 10 10
left_child=1 -1 8 16 5 27 13 -7 9 10 21 -11 18 -5 -15 19 -4 -6 -10 -8 -13 -3 -17 -24 25 -25 -23 28 -2 -30
right_child=4 2 3 6 17 7 15 -9 12 11 -12 20 -14 14 -16 22 -18 -19 -20 -21 -22 26 23 24 -26 -27 -28 -29 29 -31
leaf_value=2.2034919870289606e-05 -0.016102895189285479 -0.0021083241948968942 0.0023483917219284285 -0.002541329175157433 0.0040433679560977062 0.013233120955859823 0.0058245968739305334 -0.00019667566376906366 0.0025977302359731645 -0.010219956569688313 -0.0031282336357581261 -0.023566092175517417 -1.6875172517361038e-06 -0.027116589788772467 0.011831142396702424 0.0070845014210372511 0.0077848372637585751 0.031794342484097182 1.027756550487128e-05 -0.0017704100821891843 0.00081509457753586954 -0.0032881169617822539 0.12023486506502035 -0.0054689388591781058 -0.0010120450997552705 -0.0070594220313027521 -0.015920783962913777 0.0097365326007228387 -0.024827090566338583 -0.064933934189726594
leaf_weight=3905 43 1299 2738 1785 1075 4907 611 1134 8587 33 96 57 28798 126 85 9192 15089 61499 21218 3468 2757 46 129 68 317 53 637 27 34 30
leaf_count=3905 43 1299 2738 1785 1075 4907 611 1134 8587 33 96 57 28798 126 85 9192 15089 61499 21218 3468 2757 46 129 68 317 53 637 27 34 30
internal_value=0.00240849 0.00101955 0.000875048 0.00200544 0.0044509 0.00243735 0.000907541 0.00270733 0.000276099 -0.00125127 -0.00361405 0.000468915 0.000404603 -0.00175474 -0.00850711 0.00129188 0.00298059 0.00464847 0.000827881 -5.02572e-05 0.000682303 -0.00307265 0.00185419 -0.00161376 -0.00356164 -0.0111157 -0.00576135 -0.00955224 -0.0132243 -0.0207812
internal_weight=169843 101094 97189 33661 68749 6175 15834 6041 63528 4925 2078 2847 58603 1996 211 13838 17827 62574 29805 4079 2814 1982 9759 567 438 121 683 134 107 64
internal_count=169843 101094 97189 33661 68749 6175 15834 6041 63528 4925 2078 2847 58603 1996 211 13838 17827 62574 29805 4079 2814 1982 9759 567 438 121 683 134 107 64
cat_boundaries=0 1 2 3 4 5
cat_threshold=104 1984 320 54433 32804
is_linear=0
shrinkage=0.05


Tree=65
num_leaves=31
num_cat=4
split_feature=17 15 18 18 18 18 17 19 0 15 0 0 0 5 22 17 17 6 5 19 16 16 15 22 22 19 22 5 22 14
split_gain=195.642 30.3542 28.1209 12.3836 7.83082 7.3336 5.3072 5.04509 4.3918 3.35658 5.26575 3.83915 3.18928 3.12583 3.83761 2.86266 2.7064 2.78645 2.69884 2.93403 4.26667 2.56453 2.55511 2.44895 2.3966 2.36561 2.29276 2.25879 3.41356 2.20423
threshold=4.6911658853875018 3.6931342330043666 1.0000000180025095e-35 0.27764747788310695 1.2339838667378256 0.22583056724259165 0.36898037876086504 5.5687821917055933 0 1.5216117614970992 1 2 3 1.0000000180025095e-35 7.1955796690028153 0.88434985259638288 0.89955235681988654 1.0000000180025095e-35 1.0000000180025095e-35 4.7226425146026632 0.35914922550467249 0.20214726229461846 5.9679582938770848 6.6832444156148538 7.8967290185604755 0.5627626210639648 7.1461273898228894 1.0000000180025095e-35 6.5191503860859585 2.7757039971150994
decision_type=10 10 8 10 10 10 8 10 1 10 1 1 1 2 10 10 8 2 2 10 10 10 8 8 10 10 8 2 8 8
left_child=1 2 -1 -3 12 6 24 8 16 10 23 -11 -2 -10 -15 -16 17 25 29 -20 -21 -12 -6 -7 26 -8 -4 -13 -29 -5
right_child=4 3 5 18 22 9 7 -9 13 11 21 27 -14 14 15 -17 -18 -19 19 20 -22 -23 -24 -25 -26 -27 -28 28 -30 -31
leaf_value=2.0933173876774847e-05 0.018220451750841492 0.007125933389263173 -0.0028804282728656294 -0.0033186853499108972 -0.0055450423324294833 -0.0026727730749249966 -0.00033138022660526736 0.10369121401065573 7.8750241896974338e-05 0.003821331878737331 6.8453819207758842e-05 0.00039080578480649533 0.033803291550993375 5.9401882804609033e-05 3.0819116919823247e-05 -0.0027204645576984106 -2.2483282311169808e-05 -4.9246665044390308e-05 -0.0005261864719814331 -0.017505589192932876 0.0041549324952405006 -3.7036291358181365e-05 0.077118204278156507 -0.0012456717344953869 -0.0024598249617253805 3.5277565541874671e-05 -0.0013159385264558962 0.0083407476062694694 -0.0064118087793482714 0.005413327889621922
leaf_weight=3938 5441 16386 25 576 629 147 644 1078 20418 3945 3820 11886 57782 1863 285 904 7136 2058 1333 30 30 11267 413 3792 121 2215 399 191 1468 9694
leaf_count=3938 5441 16386 25 576 629 147 644 1078 20418 3945 3820 11886 57782 1863 285 904 7136 2058 1333 30 30 11267 413 3792 121 2215 399 191 1468 9694
internal_value=0.00237338 0.00105013 0.000540593 0.0024598 0.00454874 0.000320518 0.000815162 0.000888091 0.000785829 -0.000182659 -0.000642279 0.000317324 0.0046196 0.00118399 -0.000307995 -0.00252733 9.53347e-06 0.000912142 0.00121452 -0.000850682 -0.0116667 -0.000216268 0.00024952 -0.00226766 -0.00408257 0.001922 -0.00231132 -8.2995e-05 -0.00181133 0.00149464
internal_weight=169914 105649 77600 28049 64265 73662 37146 36601 35523 36516 19026 17490 63223 23470 3052 1189 12053 4917 11663 1393 60 15087 1042 3939 545 2859 424 13545 1659 10270
internal_count=169914 105649 77600 28049 64265 73662 37146 36601 35523 36516 19026 17490 63223 23470 3052 1189 12053 4917 11663 1393 60 15087 1042 3939 545 2859 424 13545 1659 10270
cat_boundaries=0 1 2 3 4
cat_threshold=11088 18628 32916 224
is_linear=0
shrinkage=0.05


Tree=66
num_leaves=31
num_cat=4
split_feature=17 15 18 18 20 19 0 16 15 18 17 3 0 0 22 15 20 0 15 3 3 3 16 18 20 15 15 10 17 3
split_gain=189.783 24.5411 27.3545 11.6444 9.03444 6.90593 5.47463 4.5907 4.42383 4.11491 3.86044 3.62716 3.61828 3.42585 3.21097 3.12682 3.31155 3.14723 3.43986 3.12327 3.51894 6.45237 6.52042 4.44368 3.2276 3.11245 3.07883 3.05276 5.93287 3.82684
threshold=4.664037736516061 3.6931342330043666 1.0000000180025095e-35 0.27764747788310695 1.1599980968653989 5.5687821917055933 0 0.035192629130292162 4.9479618880655467 0.37535818243325964 0.78025122936348168 1.5000000000000002 1 2 7.4115485664360152 0.73370406495087115 0.30014490809294953 3 0.86695541705920476 1.0000000180025095e-35 4.5000000000000009 3.5000000000000004 0.22853079917999206 0.18204584285826816 1.2947748904401986 1.5755891829301931 2.8998049094016198 0.71754226264466137 0.76686810930688443 5.5000000000000009
decision_type=10 10 8 10 10 10 1 8 10 10 10 2 1 1 10 8 10 1 8 2 2 2 10 10 10 8 8 10 10 2
left_child=1 2 -1 -3 8 6 19 10 9 -2 -8 12 -5 -13 -6 -9 17 -17 27 25 21 26 -23 -22 -24 -4 -21 29 -29 -19
right_child=4 3 5 11 14 -7 7 15 -10 -11 -12 13 -14 -15 -16 16 -18 18 -20 20 23 22 24 -25 -26 -27 -28 28 -30 -31
leaf_value=1.9886515182937495e-05 0.014384669859023683 0.0066844095542731435 -4.7159841692212551e-05 -0.003754769574728015 0.010171835646080041 0.098510202886186019 2.6111406512624447e-05 -0.00096239479000313592 0.038919738988214193 0.0081752451250459487 -5.5490135498325517e-06 0.00054048561208777104 0.005385306629196185 0.0095970295470651206 -0.016498712793225175 0.0017030727252413725 -0.0002315731405953799 3.2253250498759381e-05 -2.2194127092863659e-06 -1.3173989718927082e-05 0.0053707368187264782 7.8489718039708394e-05 -0.0048983280658359014 0.00035084993548210658 -0.010531111628406094 0.0070296436480437197 0.0027788186144041449 -9.3909726249223301e-06 4.6995743629168164e-05 -1.9322172720853515e-05
leaf_weight=3932 9795 15941 466 2530 843 1101 1042 4423 52007 1990 646 2743 990 5388 243 3523 17575 2662 12465 5093 2913 2596 1663 5328 36 2478 7292 415 1167 490
leaf_count=3932 9795 15941 466 2530 843 1101 1042 4423 52007 1990 646 2743 990 5388 243 3523 17575 2662 12465 5093 2913 2596 1663 5328 36 2478 7292 415 1167 490
internal_value=0.00237802 0.00106332 0.000606421 0.00234343 0.00450368 0.000388694 0.000328823 -1.59843e-05 0.00458067 0.00370598 0.00254147 0.00114196 -0.000198863 0.00172242 -1.8416e-05 -0.000117041 2.83314e-05 0.00045652 0.000176942 0.000878027 0.000696401 0.000278777 -0.00139115 0.00154168 -0.00379929 0.00241848 0.000857893 0.00132446 -0.000467762 0.00222398
internal_weight=169776 104898 77306 27592 64878 73374 72273 44408 63792 11785 1688 11651 3520 8131 1086 42720 38297 20722 17199 27865 24921 16680 4295 8241 1699 2944 12385 4734 1582 3152
internal_count=169776 104898 77306 27592 64878 73374 72273 44408 63792 11785 1688 11651 3520 8131 1086 42720 38297 20722 17199 27865 24921 16680 4295 8241 1699 2944 12385 4734 1582 3152
cat_boundaries=0 1 2 3 4
cat_threshold=37933 17417 1632 17024
is_linear=0
shrinkage=0.05


Tree=67
num_leaves=31
num_cat=3
split_feature=17 15 16 20 20 17 15 20 0 3 15 3 16 20 11 0 17 12 15 4 17 15 20 5 4 4 15 0 4 6
split_gain=191.146 24.6232 20.682 9.81115 9.7717 8.72267 7.04869 6.92011 4.81006 4.36432 4.09886 4.04162 4.48332 3.48829 3.42928 3.48181 3.6853 4.77851 3.37246 2.95632 4.87809 3.57034 2.88229 2.8718 2.88869 4.0419 2.74901 2.69886 2.67507 2.67248
threshold=4.7167269382779056 3.8031319128748522 1.0000000180025095e-35 0.30014490809294953 1.1599980968653989 0.78025122936348168 0.75109080256885963 0.31217662401026985 0 5.5000000000000009 4.5149392879661585 1.5000000000000002 1.581419179071105 0.65772860679021528 3.2976852969449926 1 0.91349761680848707 1.1150072000796054 5.1109342456178704 11.500000000000002 3.4481971181039044 3.4001510182624615 0.50710923306503375 1.0000000180025095e-35 7.5000000000000009 3.5000000000000004 6.3381316837541446 2 10.500000000000002 1.0000000180025095e-35
decision_type=10 10 8 10 10 10 8 10 1 2 8 2 10 10 10 1 10 8 10 2 10 10 10 2 2 2 8 1 2 2
left_child=1 2 5 -3 10 -1 -4 14 19 23 13 27 -13 -2 15 -8 -17 -18 22 -9 -21 -22 -12 24 25 -10 -6 -5 -24 -19
right_child=4 3 6 11 26 -7 7 8 9 -11 18 12 -14 -15 -16 16 17 29 -20 20 21 -23 28 -25 -26 -27 -28 -29 -30 -31
leaf_value=1.8892189423791453e-05 -0.050342288291656989 0.0071285776890835711 -0.00076894956175620492 -0.0028489691351884232 -0.014413318377982938 -8.8512686515274112e-06 -0.0022592956702208659 -0.00090855432746289534 0.0005998662311052839 0.0028593862038812502 0.016191414066174525 0.0080097064606298243 -0.002570951507349358 -0.00083093679822726163 0.0032061135437962233 2.1247788534844993e-05 -7.2440700402631735e-06 0.0011193338503624089 0.043498577134933838 -0.0041545259772250978 -0.017881811475032285 -0.017348086473879847 0.010969989747516264 -0.0021273395253878285 0.00037493900044060992 -0.0015053812101807433 0.075607666983079247 0.00487339616368101 -0.013724743890922132 4.2854788265973072e-06
leaf_weight=4187 20 14424 5435 2526 571 804 1483 6482 3054 2734 12931 6754 852 54 7451 10652 5068 12249 47970 894 86 28 1183 1974 6130 5195 469 722 216 6716
leaf_count=4187 20 14424 5435 2526 571 804 1483 6482 3054 2734 12931 6754 852 54 7451 10652 5068 12249 47970 894 86 28 1183 1974 6130 5195 469 722 216 6716
internal_value=0.00234724 0.00104721 0.000620302 0.00240881 0.00451825 0.00373773 0.000414579 0.000548892 -8.71052e-05 0.000334346 0.00459839 0.00127326 0.00190376 -0.00716216 0.000936404 0.00073518 0.000836576 0.000493696 0.00461236 -0.00116 -0.00368056 -0.0134211 0.00393929 2.53778e-05 0.000270881 -0.000340041 -0.000288461 -0.000203202 0.00178342 0.00085816
internal_weight=169314 105900 80622 25278 63414 4991 75631 70196 26577 19087 62374 10854 7606 74 43619 36168 34685 24033 62300 7490 1008 114 14330 16353 14379 8249 1040 3248 1399 18965
internal_count=169314 105900 80622 25278 63414 4991 75631 70196 26577 19087 62374 10854 7606 74 43619 36168 34685 24033 62300 7490 1008 114 14330 16353 14379 8249 1040 3248 1399 18965
cat_boundaries=0 1 2 3
cat_threshold=9088 2112 26697
is_linear=0
shrinkage=0.05


Tree=68
num_leaves=31
num_cat=7
split_feature=17 18 11 20 20 10 20 19 20 17 20 3 5 3 1 4 0 0 1 19 0 19 4 5 17 0 10 20 22 0
split_gain=194.486 22.0734 26.0435 8.83117 7.84394 7.79511 4.3666 4.48777 4.11119 4.06303 4.84983 4.05723 3.46811 3.04758 2.85139 2.71213 2.68929 2.59027 2.56553 2.55289 5.2169 4.85913 4.18128 4.3423 3.62849 3.45708 2.90093 2.86782 3.52519 3.70639
threshold=4.7167269382779056 1.0000000180025095e-35 3.5278289544528167 0.38665246255199792 1.1599980968653989 3.2976852969449926 0.20664415357327934 0.78932121774321995 0.28017729995134133 5.0687929396856939 0.26907454020118754 1.5000000000000002 1.0000000180025095e-35 4.5000000000000009 0 3.5000000000000004 1 2 3 1.8753188427539424 4 5.2328133714282785 7.5000000000000009 1.0000000180025095e-35 1.4353722689521928 5 2.4024201905583298 0.29856930917492247 6.6868589808786538 6
decision_type=10 8 10 10 10 10 8 8 10 10 10 2 2 2 1 2 1 1 1 10 1 10 2 2 10 1 8 10 8 1
left_child=1 -1 5 12 9 6 17 13 -7 10 -2 18 -4 -8 -12 -9 -13 -3 -5 24 22 27 26 -24 25 -17 -21 -22 -29 -30
right_child=4 2 3 11 -6 8 7 15 -10 -11 14 16 -14 -15 -16 19 -18 -19 -20 20 21 -23 23 -25 -26 -27 -28 28 29 -31
leaf_value=1.7947579952604098e-05 0.013086454971359008 6.882794822401168e-06 0.0062325508886991419 0.0039730094394213123 0.0010754114635589979 0.004285457986905712 -0.0021155483248220448 9.9916974608132029e-05 0.0014627560897612049 0.039756785218189573 -0.01130273835818224 0.0001577284523124102 0.001487656994191552 0.00049945452957787697 0.0075303754967772935 -1.1318511454442226e-05 0.010697076897536859 2.9578198547081103e-05 -0.0072875623557632444 -0.005851571992079297 -0.0010486147034634652 0.08117209562279637 0.0035462838704165382 -0.0060504479105997948 0.0041146339973582927 0.016739305690251529 -0.0011004057451252974 -0.013908552956227664 -0.0018924189474542512 -0.018720509009784638
leaf_weight=3860 5232 9626 15588 601 1039 6840 2422 11286 5899 54291 254 1896 2137 982 2942 13588 3256 9041 1988 985 1553 301 4372 656 3236 590 3025 481 1170 859
leaf_count=3860 5232 9626 15588 601 1039 6840 2422 11286 5899 54291 254 1896 2137 982 2942 13588 3256 9041 1988 985 1553 301 4372 656 3236 590 3025 481 1170 859
internal_value=0.00231347 0.00100331 0.000863369 0.00224927 0.00449653 0.000404488 0.000180216 -8.39448e-05 0.00153427 0.00456791 0.00354651 0.000840331 0.0028646 -0.0018302 0.00201189 5.72421e-05 0.00165179 0.000824182 -0.00077443 -0.000185618 -0.000704372 -0.00212163 -1.76833e-05 0.000942721 0.000213621 -0.000131189 -0.00122194 -0.00258061 -0.0036255 -0.00271316
internal_weight=169996 106238 102378 25466 63758 76912 64173 45506 12739 62719 8428 7741 17725 3404 3196 42102 5152 18667 2589 30816 13402 4364 9038 5028 17414 14178 4010 4063 2510 2029
internal_count=169996 106238 102378 25466 63758 76912 64173 45506 12739 62719 8428 7741 17725 3404 3196 42102 5152 18667 2589 30816 13402 4364 9038 5028 17414 14178 4010 4063 2510 2029
cat_boundaries=0 1 2 3 4 5 6 7
cat_threshold=1 994 14428 1 53357 9046 10768
is_linear=0
shrinkage=0.05


Tree=69
num_leaves=31
num_cat=3
split_feature=17 18 12 10 18 18 19 0 17 9 3 11 5 17 0 11 16 17 12 17 22 18 0 22 12 10 17 22 16 10
split_gain=193.288 22.2826 24.5571 8.88107 7.68219 6.79321 5.1341 4.73186 4.19348 4.47493 3.67732 3.65053 3.36686 3.34437 3.22163 3.15734 3.14763 3.94257 2.84263 2.69931 2.72656 2.52874 2.52556 2.45313 2.44087 2.4141 2.24418 2.22672 2.68284 2.09624
threshold=4.7167269382779056 1.0000000180025095e-35 3.5278289544528167 3.2561697533634875 1.2339838667378256 0.31868525514122231 5.3909121016369257 0 5.0919613305859652 1.0000000180025095e-35 1.5000000000000002 2.393329031016735 1.0000000180025095e-35 0.69052922798166627 1 3.9522043336703749 0.035192629130292162 0.78025122936348168 4.1858593819109187 0.59996186150929509 7.8967290185604755 0.1546137290773919 2 6.7985938142231586 3.8077723681394766 0.66750053336617021 3.5180844226868246 6.7457475887780101 0.37066467091296679 0.37096867236468872
decision_type=10 8 10 10 10 10 10 1 10 2 2 10 2 8 1 10 8 10 10 10 10 10 1 8 10 10 10 8 10 8
left_child=1 -1 3 6 8 12 7 13 9 -2 14 16 24 19 -7 21 17 -9 -14 20 -3 -5 -6 26 -4 -19 -18 28 -15 -25
right_child=4 2 5 15 22 10 -8 11 -10 -11 -12 -13 18 27 -16 -17 23 25 -20 -21 -22 -23 -24 29 -26 -27 -28 -29 -30 -31
leaf_value=1.705020095497112e-05 0.0093408797857965631 -0.0010667985807429473 0.0031671486194678571 0.0049490703310014917 -0.0039232646296650225 -0.0053251878150459711 0.084169614179883528 2.351708697468369e-05 0.038801036144352846 0.012789155309537038 0.0057018162842815742 0.0025738326934702689 -0.00082188168057073518 -0.00019774760114522937 0.0072076722348708017 0.0073499282229630234 5.2969119848829036e-05 -2.8818803466087324e-05 0.0049363224079185478 -0.0057058579940298913 -0.0017315679093031608 0.0012147595310396456 0.049225931929582772 -0.0019341986328480132 0.0072607429241593321 5.3933804351080858e-06 -0.0066551964193605033 -0.00020778374309290417 -0.0072245425513061115 -2.5429711044799855e-06
leaf_weight=3941 5153 553 3908 2216 792 2058 871 1044 53679 3940 5342 8060 1282 1263 609 3981 5713 267 826 104 135 7755 219 726 11144 525 88 11836 976 30785
leaf_count=3941 5153 553 3908 2216 792 2058 871 1044 53679 3940 5342 8060 1282 1263 609 3981 5713 267 826 104 135 7755 219 726 11144 525 88 11836 976 30785
internal_value=0.00230227 0.000993699 0.000851255 0.000407553 0.00447713 0.00220688 0.000154577 0.000101088 0.00454677 0.00355383 0.0010045 0.000346055 0.00276807 -0.000676547 -0.000511811 0.00154888 0.000146623 0.00216776 0.000896585 -0.00383838 -0.00270349 0.00107361 0.000153314 4.717e-05 0.00303016 -0.000492424 0.00099207 -0.000499112 -0.00194506 -0.000126781
internal_weight=169791 106008 102067 76898 63783 25169 62946 62075 62772 9093 8009 47208 17160 14867 2667 13952 39148 1836 2108 792 688 9971 1011 37312 15052 792 5801 14075 2239 31511
internal_count=169791 106008 102067 76898 63783 25169 62946 62075 62772 9093 8009 47208 17160 14867 2667 13952 39148 1836 2108 792 688 9971 1011 37312 15052 792 5801 14075 2239 31511
cat_boundaries=0 1 2 3
cat_threshold=27464 16648 97
is_linear=0
shrinkage=0.05


Tree=70
num_leaves=31
num_cat=8
split_feature=17 18 15 18 0 19 0 1 18 18 19 19 3 19 3 1 15 5 8 3 19 17 19 9 3 3 0 0 0 1
split_gain=194.778 22.0299 26.261 10.3689 7.95926 6.51791 5.01869 5.92962 4.76972 4.46579 5.02752 4.34368 4.10283 3.86195 3.18904 3.16809 3.1604 3.05419 3.11862 3.40252 3.01032 2.90317 3.66184 3.07002 2.81361 4.33845 3.31552 2.6774 2.67555 2.67072
threshold=4.7167269382779056 1.0000000180025095e-35 3.6753703795502961 0.31463152142774625 0 5.2328133714282785 1 2 0.55406585151897536 0.17747559858859846 4.7663733662361691 1.5448070016787989 4.5000000000000009 5.1463448977947879 4.5000000000000009 3 0.89240748276374371 1.0000000180025095e-35 3.5000000000000004 3.5000000000000004 4.8983594393559233 5.2268975589057058 5.6408521765671304 1.0000000180025095e-35 3.5000000000000004 1.5000000000000002 4 5 6 7
decision_type=10 8 10 10 1 10 1 1 10 10 10 8 2 8 2 1 8 2 2 2 10 10 10 2 2 2 1 1 1 1
left_child=1 -1 5 17 8 6 7 11 -2 15 -11 -3 -10 16 24 -8 -9 20 19 -19 -4 22 23 -6 25 29 -26 -27 -17 -5
right_child=4 2 3 14 21 -7 9 13 12 10 -12 -13 -14 -15 -16 28 -18 18 -20 -21 -22 -23 -24 -25 26 27 -28 -29 -30 -31
leaf_value=1.6197690907221453e-05 0.015130451807337721 -0.0015158208422602606 0.0062432877632341696 -0.0096945798095159474 0.011956272325099415 0.076918271564122953 0.00016960409577488622 -0.0053920455852965983 -0.011299134510837573 3.2409892915080997e-06 -0.024571699393411802 -0.018599225591839321 0.018787726924553893 0.0069424135115440933 0.0084594800879739702 0.014001579231124535 -0.0015290739327170539 -0.020344420853781933 0.0021509457034331603 0.008343221885721527 -0.0089949801355008047 0.042929023277564898 -0.10504972218377472 0.012867240514531454 0.008473110374219139 0.025743402665158534 -0.0039736753759903572 0.0032467402034060166 9.5535359060539015e-06 0.001845458756371806
leaf_weight=3892 4651 694 16227 1104 5487 1267 9887 197 785 44564 51 216 411 903 2936 983 5311 47 2161 40 37 47330 20 5065 388 939 1390 1882 8947 2086
leaf_count=3892 4651 694 16227 1104 5487 1267 9887 197 785 44564 51 216 411 903 2936 983 5311 47 2161 40 37 47330 20 5065 388 939 1390 1882 8947 2086
internal_value=0.00226012 0.000948149 0.000807622 0.00207391 0.0044447 0.000300603 0.00023783 -0.00100191 0.00266946 0.00037879 0.000101423 -0.00478022 -0.00014214 -0.000467166 0.00083683 0.00100343 -0.000964052 0.00279062 0.00106317 -0.00821839 0.00302939 0.0046227 0.00387439 0.0039149 0.000307485 0.000824322 -0.00143982 0.00225275 0.000372608 -0.000438871
internal_weight=169898 106149 102257 29237 63749 73020 71753 7321 5847 64432 44615 910 1196 6411 10725 19817 5508 18512 2248 87 16264 57902 10572 10552 7789 6011 1778 2821 9930 3190
internal_count=169898 106149 102257 29237 63749 73020 71753 7321 5847 64432 44615 910 1196 6411 10725 19817 5508 18512 2248 87 16264 57902 10572 10552 7789 6011 1778 2821 9930 3190
cat_boundaries=0 1 2 3 4 5 6 7 8
cat_threshold=232 8512 2 2 16389 2061 22569 4
is_linear=0
shrinkage=0.05


Tree=71
num_leaves=31
num_cat=3
split_feature=17 18 15 18 20 19 20 15 18 0 0 17 3 19 12 5 17 19 20 3 19 18 6 1 17 17 3 19 12 20
split_gain=192.1 22.4378 25.8375 8.11017 7.48223 6.72067 6.18612 4.87175 4.55388 3.91025 3.90355 4.81518 3.60783 3.38138 3.70121 2.99268 4.10376 4.24612 3.04305 3.19789 2.84378 3.02166 3.0794 4.6267 3.11519 3.16667 3.01765 2.79008 2.70102 2.59257
threshold=4.7438229668350713 1.0000000180025095e-35 3.8592388470129566 0.27925052322954752 1.1599980968653989 5.447555059802168 0.20586579596814977 5.1109342456178704 0.33001635224521497 0 1 3.7458996490040266 4.5000000000000009 3.6478380865185387 3.3690170020819612 1.0000000180025095e-35 1.3816306782992196 1.1902382756255243 1.2947748904401986 2.5000000000000004 0.78932121774321995 0.55406585151897536 1.0000000180025095e-35 2 2.2004819493275165 2.8974425608070997 4.5000000000000009 6.1008899163519539 2.7113724724615449 1.0000000180025095e-35
decision_type=10 8 10 10 10 10 10 10 10 1 1 10 2 10 10 2 8 10 10 2 10 8 2 1 10 10 2 10 8 8
left_child=1 -1 5 -4 7 6 10 8 -2 15 11 29 -5 14 20 16 17 -8 -18 -20 26 -22 -23 -24 -25 -26 -11 -10 -21 -3
right_child=4 2 3 12 -6 -7 9 -9 27 13 -12 -13 -14 -15 -16 -17 18 -19 19 28 21 22 23 24 25 -27 -28 -29 -30 -31
leaf_value=1.5387806361860656e-05 0.014011814433996428 -4.7310620670482084e-05 0.0064440399267931443 0.0015866984605270714 0.0010098337564832249 0.0782503067536644 8.4894692664948899e-07 0.035711932184448257 0.0034792433886933431 -0.00237010276505093 6.5350213864601161e-05 -0.015274387251910524 0.0092415873882571147 -0.0040909950988547595 0.0042334265925697383 -0.00055607624931603404 0.002473050499458234 -0.00055055312923828117 0.0080830175307676656 -0.0079021421745807952 3.9414872967912168e-06 -0.0026562746986065148 -0.011725863616082346 0.00023451953471082811 -0.031022705907918325 -0.010733958351571838 0.00064617110902083583 0.072791575132550954 -0.0070678926733910592 6.5563814089098395e-06
leaf_weight=3946 10743 107 14497 6981 1023 1172 6124 48171 2432 1747 17488 37 2672 2828 1177 3523 17713 891 140 31 13956 2837 261 295 25 32 700 706 201 7285
leaf_count=3946 10743 107 14497 6981 1023 1172 6124 48171 2432 1747 17488 37 2672 2828 1177 3523 17713 891 140 31 13956 2837 261 295 25 32 700 706 201 7285
internal_value=0.00226407 0.0009706 0.000828466 0.0022588 0.00445145 0.000388825 0.000331921 0.00452137 0.00369606 2.39136e-05 0.000980656 1.94921e-05 0.00113592 -0.000448718 -0.000230623 0.000417875 0.000609562 -0.000416963 0.00100774 -0.00346774 -0.000392132 -0.000167758 -0.00149275 -0.00470636 -0.000965909 -0.0116667 -0.00198815 0.0020204 -0.00706897 0.000109578
internal_weight=169741 106666 102720 24150 63075 78570 77398 62052 13881 52481 24917 7429 9653 23858 21030 28623 25100 7015 18085 372 19853 17406 3450 613 352 57 2447 3138 232 7392
internal_count=169741 106666 102720 24150 63075 78570 77398 62052 13881 52481 24917 7429 9653 23858 21030 28623 25100 7015 18085 372 19853 17406 3450 613 352 57 2447 3138 232 7392
cat_boundaries=0 1 2 3
cat_threshold=49213 2384 4
is_linear=0
shrinkage=0.05


Tree=72
num_leaves=31
num_cat=3
split_feature=17 18 15 0 18 0 17 5 20 4 4 20 0 17 4 3 22 17 18 3 22 20 15 3 18 17 22 17 10 10
split_gain=192.978 22.4554 24.9036 7.65249 7.10287 5.7806 4.70325 4.77458 4.48922 5.69397 8.16482 4.25963 3.99956 5.29952 3.64396 4.75426 3.62436 3.52221 3.98139 3.30193 3.29826 4.07441 3.47698 4.39262 4.22314 2.96889 2.9052 3.42212 2.67769 2.67229
threshold=4.7438229668350713 1.0000000180025095e-35 3.8031319128748522 0 0.31868525514122231 1 1.3816306782992196 1.0000000180025095e-35 0.19963721878852189 3.5000000000000004 7.5000000000000009 0.46222666326539619 2 1.8820110267991077 5.5000000000000009 1.0000000180025095e-35 6.9513796049219145 5.7762814295909246 0.37535818243325964 4.5000000000000009 7.3320520811275172 0.22039507198097133 0.86695541705920476 5.5000000000000009 0.20903360184848996 5.6204623076872346 6.5191503860859585 1.4869796347011677 4.6890515642745045 0.50031594015395309
decision_type=10 8 10 1 10 1 8 2 10 2 2 10 1 8 2 2 8 10 10 2 10 10 8 2 10 10 8 10 8 8
left_child=1 -1 5 11 -4 6 20 8 -8 -10 12 -2 13 -11 -15 -16 -17 18 -5 -6 21 22 23 -3 -24 -13 -9 -28 -20 -7
right_child=3 2 4 17 19 29 7 26 9 10 -12 25 -14 14 15 16 -18 -19 28 -21 -22 -23 24 -25 -26 -27 27 -29 -30 -31
leaf_value=1.4618416043765682e-05 0.015258700038723606 5.2032723710572874e-05 0.0055521796734121567 0.015590776164350385 0.0014235057665579439 -0.0010534899186652445 0.0036360797857800126 0.0033225006425953597 0.0053702543675092883 -0.024029235837922061 0.0032076448280394746 -0.0028030309648513288 -0.00061031549248698365 0.00075056160756288223 0.0082243894040055898 -0.0052246770586347815 -0.0018767569063738139 0.077875773989266511 -0.0093892599714656948 0.0085218892211320341 4.9806932906569484e-05 -2.9710109539425624e-05 -0.0017634070863666489 -0.00022569109059568612 -0.00046493698090755353 0.062619020299391037 0.022529374305915732 -0.0025238529672166566 0.013687501933575369 1.1176625113063127e-06
leaf_weight=3905 3830 168 16738 17389 6673 2094 8909 296 3135 21 5474 1092 3701 556 145 275 474 37587 252 2463 2208 669 149 36 151 739 274 2539 2160 45733
leaf_count=3905 3830 168 16738 17389 6673 2094 8909 296 3135 21 5474 1092 3701 556 145 275 474 37587 252 2463 2208 669 149 36 151 739 274 2539 2160 45733
internal_value=0.00221494 0.000919877 0.000778618 0.0044084 0.00212066 0.000327698 0.000882152 0.00111225 0.00136404 0.000798563 0.000247041 0.0026371 -0.00117749 -0.00337272 -0.00303448 -0.00501119 -0.00661549 0.00458187 0.00404298 0.000999343 -0.000871044 -0.00301364 -0.00640873 -0.00137255 -0.00983333 0.00065811 -0.000725313 -0.00122112 0.0021393 -1.07655e-05
internal_weight=169835 106786 102881 63049 25874 77007 29180 25799 22690 13781 10646 5661 5172 1471 1450 894 749 57388 19801 9136 3381 1173 504 204 300 1831 3109 2813 2412 47827
internal_count=169835 106786 102881 63049 25874 77007 29180 25799 22690 13781 10646 5661 5172 1471 1450 894 749 57388 19801 9136 3381 1173 504 204 300 1831 3109 2813 2412 47827
cat_boundaries=0 1 2 3
cat_threshold=232 54437 33920
is_linear=0
shrinkage=0.05


Tree=73
num_leaves=31
num_cat=2
split_feature=17 18 15 18 15 18 18 20 0 16 20 15 15 16 10 22 17 1 20 17 22 20 15 18 3 3 3 18 10 17
split_gain=188.742 23.3906 22.127 7.95603 7.90944 9.9583 5.41208 4.59315 4.36638 3.67232 3.45252 3.19963 3.39491 4.45295 3.17087 3.06439 3.04208 3.02255 3.23068 2.77345 2.59191 3.65912 3.86588 2.50275 2.49691 2.49539 2.49153 2.46402 2.46318 2.44574
threshold=4.7438229668350713 1.0000000180025095e-35 3.6567350210664733 0.27764747788310695 5.3461121458440539 0.37535818243325964 0.17133088791590131 1.6204372300014251 0 0.035192629130292162 0.54073117547819993 0.77435709176599266 0.86695541705920476 0.3113336014896334 2.998226044309511 6.6832444156148538 5.6938045179403671 1 0.98480119836490176 0.87137816868177476 7.3135382136129818 0.73281182336142991 5.06512327761103 0.07461110890142568 4.5000000000000009 4.5000000000000009 4.5000000000000009 0.26542321226030369 3.7853247081855312 1.0205813810135853
decision_type=10 8 10 10 10 10 10 10 1 8 10 8 8 10 10 8 10 1 10 10 8 10 10 8 2 2 2 10 8 10
left_child=1 -1 6 28 5 -2 8 -6 9 19 -7 15 13 -13 -11 27 20 23 25 -3 -12 22 24 -10 -22 -19 -5 -8 -4 -15
right_child=4 2 3 26 7 10 11 -9 17 14 16 12 -14 29 -16 -17 -18 18 -20 -21 21 -23 -24 -25 -26 -27 -28 -29 -30 -31
leaf_value=1.3887495241576843e-05 0.013543517822796215 1.4281567057150558e-05 0.0014724100122149128 0.0013886643453142203 0.046667846013931182 0.01249543455553331 -2.7259879025658839e-05 -0.043949011025314913 -0.031805771689497372 -1.4219421156796975e-05 0.0033489022345292718 7.6556324442780263e-05 7.1988910919577607e-07 -0.0031720263755026846 0.0044318348819943872 -6.2360333509799766e-05 0.056180740451658655 0.0012460419705725961 -0.040448036092643441 -4.218464484004314e-05 -0.022224598638189843 -0.0021750725520151225 -0.027758959884659207 0.031871785278888308 0.0077698055264978638 0.0041504292819152912 0.0071730561659882133 0.00027489795286041228 0.0054937667730333255 -0.0069200012403587315
leaf_weight=3905 17752 1076 2227 9182 41711 1944 123 120 22 11010 519 2605 42955 474 1424 4136 299 4310 64 170 165 509 35 1924 76 1939 3452 59 15681 27
leaf_count=3905 17752 1076 2227 9182 41711 1944 123 120 22 11010 519 2605 42955 474 1424 4136 299 4310 64 170 165 509 35 1924 76 1939 3452 59 15681 27
internal_value=0.00220151 0.000920011 0.000775812 0.00190426 0.00436876 0.00358444 0.000299234 0.00476811 0.000954693 0.000405406 0.00116577 1.37956e-05 0.000135798 0.00173213 0.000146373 -0.00128763 -0.00055209 0.00186177 0.00133296 0.00299358 -0.00159509 -0.00340764 -0.00804348 0.00358684 -0.00578838 0.00144743 0.000943486 -0.00763736 0.00258209 -0.00258483
internal_weight=169895 106765 102860 30542 63130 21299 72318 41831 21939 13680 3547 50379 46061 3106 12434 4318 1603 8259 6313 1246 1304 785 276 1946 241 6249 12634 182 17908 501
internal_count=169895 106765 102860 30542 63130 21299 72318 41831 21939 13680 3547 50379 46061 3106 12434 4318 1603 8259 6313 1246 1304 785 276 1946 241 6249 12634 182 17908 501
cat_boundaries=0 1 2
cat_threshold=41558 1
is_linear=0
shrinkage=0.05


Tree=74
num_leaves=31
num_cat=0
split_feature=17 18 15 20 20 20 3 3 3 19 19 18 3 5 6 19 22 15 15 19 20 15 18 15 10 15 18 11 22 9
split_gain=190.95 22.5832 28.0445 11.0351 6.3907 6.29964 4.32947 4.48148 3.92017 4.28715 3.64553 5.63247 3.54426 3.79294 3.44409 3.00245 2.70418 2.38633 2.38402 2.37264 2.32169 3.34282 3.8858 2.47253 2.4457 2.19555 4.63277 2.58225 2.52922 2.16191
threshold=4.972156971421609 1.0000000180025095e-35 3.8031319128748522 0.29856930917492247 0.20664415357327934 1.6204372300014251 2.5000000000000004 1.5000000000000002 5.5000000000000009 0.78932121774321995 6.1008899163519539 0.53156191558981247 4.5000000000000009 1.0000000180025095e-35 1.0000000180025095e-35 4.8408901065152294 7.1796066341471514 4.6692093144275422 5.2721300860647853 5.5687821917055933 0.51542064908199159 5.3461121458440539 0.97292841060783342 4.9930869382668526 4.9034211409472634 0.89587973461402826 0.32527398631448146 3.2561697533634875 7.190556699801756 1.0000000180025095e-35
decision_type=10 8 10 10 10 10 2 2 2 10 10 10 2 2 2 10 8 10 8 10 10 8 10 10 8 8 10 10 10 2
left_child=1 -1 4 17 15 10 7 18 9 -6 11 -2 13 -5 16 -3 -13 -4 -7 25 -18 22 23 -22 -23 26 -11 -27 -28 -10
right_child=5 2 3 12 8 6 -8 -9 29 19 -12 14 -14 -15 -16 -17 20 -19 -20 -21 21 24 -24 -25 -26 27 28 -29 -30 -31
leaf_value=1.3193120479498833e-05 0.018058132067103477 2.3966356155692497e-05 0.0050171637497960792 0.0021309053953646497 -0.0014569329405342275 -0.036021608339313067 0.090319138334060911 -0.051821271235880997 0.00040627261541394507 5.5201313244818141e-05 0.076976019888220698 0.0080870266740129676 0.0080127719691107675 -0.0039449787701847745 0.018327117074965669 0.054403317016257481 0.009202191730388054 0.0082705463316347684 0.028458986896337548 0.07639395596313657 -0.040551054433876521 -0.022879907239953055 -0.0035304581026896794 -0.034877425236507331 -0.0042770712819454352 -5.3170608915477015e-05 0.00031338359969523832 0.0013332535756716819 -0.0043708845915014531 -0.0010172765292655126
leaf_weight=3945 18581 24940 13511 8047 2900 41 189 36 7661 2570 37012 381 3388 1100 492 452 183 4899 67 509 42 22 55 36 236 30052 315 7124 389 556
leaf_count=3945 18581 24940 13511 8047 2900 41 189 36 7661 2570 37012 381 3388 1100 492 452 183 4899 67 509 42 22 55 36 236 30052 315 7124 389 556
internal_value=0.00215285 0.000954449 0.000819228 0.00209161 0.000310967 0.00449976 -0.00235736 -0.00888889 -6.14468e-06 -0.000193917 0.0045398 0.00399641 0.000947348 0.000435662 0.000991707 0.000961327 -0.000759162 0.00287072 -0.0037963 -6.23793e-05 -0.00292683 -0.0051023 -0.0115414 -0.0187179 -0.00178295 -0.000105068 0.00113622 -0.000214385 -0.00245739 0.000996106
internal_weight=169731 112358 108413 30945 77468 57373 333 144 52076 43859 57040 20028 12535 9147 1447 25392 955 18410 108 40959 574 391 133 78 258 40450 3274 37176 704 8217
internal_count=169731 112358 108413 30945 77468 57373 333 144 52076 43859 57040 20028 12535 9147 1447 25392 955 18410 108 40959 574 391 133 78 258 40450 3274 37176 704 8217
is_linear=0
shrinkage=0.05


Tree=75
num_leaves=31
num_cat=5
split_feature=15 18 15 18 20 15 3 0 0 20 10 7 0 20 20 15 0 22 20 14 12 22 22 13 4 4 6 0 10 12
split_gain=177.464 21.5669 22.6886 12.5401 8.75732 4.76882 4.39772 6.31239 6.26818 6.02256 4.24018 4.18657 4.07465 3.61422 3.48231 4.24946 3.36828 3.4114 5.70103 3.5473 3.12063 2.94642 2.76258 2.74595 2.68707 2.71461 2.60823 3.41699 3.20211 2.57336
threshold=4.7935954896522981 1.0000000180025095e-35 3.6363930511433455 0.29500504411544082 1.1599980968653989 5.3461121458440539 1.0000000180025095e-35 0 1 0.71009559733035432 3.6901278942132305 283.50000000000006 2 0.40964941450860665 0.21945556310830858 0.37012364598125269 3 7.4683975130013165 0.39720626636520556 4.4194426548290009 1.1785366391390579 6.4813516090282262 6.8305624843129609 0.43773436867694998 3.5000000000000004 7.5000000000000009 1.0000000180025095e-35 4 0.76519735254682386 0.61482027553725704
decision_type=10 8 8 8 10 10 2 1 1 10 8 8 1 10 10 10 1 10 10 10 10 10 8 8 2 2 2 1 10 8
left_child=1 -1 12 10 5 13 7 9 -8 -5 -4 22 20 -2 26 -16 17 -12 -19 -20 -3 -11 -10 -24 -17 -26 -14 -28 -29 -25
right_child=4 2 3 6 -6 -7 8 -9 11 21 16 -13 14 -15 15 24 -18 18 19 -21 -22 -23 23 29 25 -27 27 28 -30 -31
leaf_value=1.2533464455521948e-05 0.011835298091324997 -0.00341781733076639 3.8273194228160103e-05 -0.0049332049062585899 -0.0025817041394653206 0.04292461571308348 0.0094928502088715838 0.0031125457732718775 -0.0017298863024251526 -0.022406306826229721 0.0019161248543596795 -0.017965114321638311 2.3753812121565771e-05 0.005195062270399369 -0.0021638036491201306 0.00012294371313538167 0.0062575220296421643 0.00028832340201927919 -0.0074659635039534327 -0.014276920182682918 0.00022251697805812155 -0.016153266842549512 -0.011236676697492644 -0.0045309805553053828 -0.00015887311027514009 1.7517166723639792e-05 0.00082893771886460117 4.4935634189299572e-06 -0.00041449634450987894 0.00077065908849374698
leaf_weight=3899 12394 1695 1860 908 751 41274 5141 1443 2036 240 5040 27 13553 1583 69 9025 18261 285 84 27 1369 127 32 29 11750 14340 3260 2995 2282 14017
leaf_count=3899 12394 1695 1860 908 751 41274 5141 1443 2036 240 5040 27 13553 1583 69 9025 18261 285 84 27 1369 127 32 29 11750 14340 3260 2995 2282 14017
internal_value=0.00213332 0.00099935 0.000869694 0.00166243 0.00443752 0.00451042 0.000841667 -0.00105224 0.00108354 -0.00359922 0.00243319 0.000597796 0.000218602 0.00371217 0.0003137 4.83193e-06 0.00261362 0.0015112 -0.00295455 -0.0125676 -0.00155498 -0.0090327 0.000631128 0.000880097 2.919e-05 -0.000228057 0.000805795 0.000121237 -0.000664838 0.000913427
internal_weight=169796 113794 109895 49557 56002 55251 24000 2718 21282 1275 25557 16141 60338 13977 57274 35184 23697 5436 396 111 3064 367 16114 14078 35115 26090 22090 8537 5277 14046
internal_count=169796 113794 109895 49557 56002 55251 24000 2718 21282 1275 25557 16141 60338 13977 57274 35184 23697 5436 396 111 3064 367 16114 14078 35115 26090 22090 8537 5277 14046
cat_boundaries=0 1 2 3 4 5
cat_threshold=19266 52481 8256 10754 1572
is_linear=0
shrinkage=0.05


Tree=76
num_leaves=31
num_cat=1
split_feature=17 18 12 20 10 20 19 16 17 18 3 20 3 19 3 3 10 6 11 17 3 20 3 17 18 1 11 21 10 13
split_gain=188.455 22.0324 22.2419 9.74793 9.20165 5.44684 4.78748 4.85597 4.64404 4.24694 4.01475 3.65524 3.45688 3.23936 2.78178 2.38973 2.57385 2.37064 2.36124 2.24714 2.09542 2.02066 4.96186 2.84104 2.74724 2.03827 2.16497 2.00392 2.24494 3.28409
threshold=4.9973255789857811 1.0000000180025095e-35 3.7853247081855312 0.33368084004943427 3.3339870432574523 1.6204372300014251 5.5210936040645953 0.24664135574593668 6.0809810640961741 0.5097228147073164 1.5000000000000002 0.26907454020118754 2.5000000000000004 0.88613046044828891 1.5000000000000002 1.0000000180025095e-35 3.8928396664555511 1.0000000180025095e-35 0.37096867236468872 3.8954501249622075 1.0000000180025095e-35 0.28017729995134133 4.5000000000000009 0.74681446639988591 0.24967683972896237 0 0.37096867236468872 7.0913259685875696 4.7626011027007147 6.1488954638206055
decision_type=10 8 10 10 10 10 10 8 10 10 2 10 2 8 2 2 10 2 8 10 2 10 2 8 10 1 8 8 8 8
left_child=1 -1 4 -4 6 8 7 18 9 -2 -5 15 14 21 20 -6 19 27 -3 -17 -7 24 23 25 -9 -23 -27 -11 29 -29
right_child=5 2 3 10 11 12 -8 13 -10 17 -12 -13 -14 -15 -16 16 -18 -19 -20 -21 -22 22 -24 -25 -26 26 -28 28 -30 -31
leaf_value=1.1906791232746407e-05 0.016407014616065446 -0.001288081836004205 0.0055487300678537209 -0.0025670247181197314 0.0086784885759933848 -0.035045567233400785 0.074471029737464875 -7.606197801353305e-05 0.071627734754878825 0.0098116598989076292 0.0047940914759429694 0.0013340297185146504 0.064238072062674623 -3.2568211123076822e-05 -0.053482698200577411 0.0018495629634192414 0.0049312526901225612 0.015496574018872479 1.3217662804027031e-05 -0.0036947177528923528 0.10999211091932051 0.00066958281002201967 0.00069140507421334974 -0.0058304396842051784 7.5198568689849315e-05 -0.0034719547322795787 -0.0026173530572843554 -0.027458048952734529 -0.0017366910682486303 0.00080881409147561716
leaf_weight=3899 17816 541 15826 2875 1320 35 862 1597 37158 271 5856 8012 192 28262 40 4557 3511 584 32889 258 78 275 519 717 970 49 253 44 561 44
leaf_count=3899 17816 541 15826 2875 1320 35 862 1597 37158 271 5856 8012 192 28262 40 4557 3511 584 32889 258 78 275 519 717 970 49 253 44 561 44
internal_value=0.0021028 0.000922086 0.000790159 0.00211488 0.000405594 0.00445181 0.000137748 8.94481e-05 0.00449007 0.00386128 0.00077368 0.00142089 -0.00181159 -0.000344341 -0.0074183 0.00207651 0.00176315 0.00130984 0.000513012 0.00101246 -0.00340708 -0.00160959 -0.00288748 -0.00454405 -0.000707051 -0.00193241 -0.00476821 -0.000271739 -0.00177966 -0.00920455
internal_weight=169871 113048 109149 24557 84592 56823 66934 66072 56478 19320 8731 17658 345 32642 153 9646 8326 1504 33430 4815 113 4380 1813 1294 2567 577 302 920 649 88
internal_count=169871 113048 109149 24557 84592 56823 66934 66072 56478 19320 8731 17658 345 32642 153 9646 8326 1504 33430 4815 113 4380 1813 1294 2567 577 302 920 649 88
cat_boundaries=0 1
cat_threshold=1
is_linear=0
shrinkage=0.05


Tree=77
num_leaves=31
num_cat=3
split_feature=13 11 18 10 20 0 0 20 20 2 3 3 12 5 2 12 18 13 2 1 22 10 13 10 18 20 10 12 20 20
split_gain=123.284 44.4701 22.8245 21.4962 13.1581 9.63748 8.49889 5.17474 4.88413 4.82625 4.23636 6.75549 4.8244 4.09183 4.04477 3.78525 3.76164 3.5137 3.36513 4.37582 3.57853 3.11675 2.63937 2.42834 2.41111 8.70856 2.38437 2.33166 2.28939 3.45597
threshold=4.8755788569854035 4.804430712924959 1.0000000180025095e-35 3.8722415940098038 0.43357233450961913 0 1 1.4491176654321001 1.0763225469344633 1.5000000000000002 4.5000000000000009 1.5000000000000002 0.76519735254682386 1.0000000180025095e-35 1.5000000000000002 4.8755788569854035 0.15811781319129545 5.9993086319130038 2.5000000000000004 2 7.0358292093711432 5.1910104748288068 3.714790094103249 0.43773436867694998 0.5097228147073164 0.51542064908199159 4.7366368526312632 3.9328050649669928 0.42872968977063008 0.43357233450961913
decision_type=10 10 8 10 10 1 1 10 10 2 2 2 8 2 2 10 8 10 2 1 10 10 8 10 10 10 8 10 10 10
left_child=1 2 -1 6 21 14 10 -6 26 22 11 -4 16 27 -2 -8 -12 -7 19 20 -16 -5 -9 -18 -15 -26 -3 28 -13 -30
right_child=5 8 3 4 7 17 15 9 -10 -11 12 13 -14 24 18 -17 23 -19 -20 -21 -22 -23 -24 -25 25 -27 -28 -29 29 -31
leaf_value=1.1311451671108808e-05 0.018528578526176221 0.0045347221445398459 0.0024266807168592149 0.005404102947995198 0.0022605854110274212 0.013564808218865325 -9.4165117071472918e-07 -0.011125059104765371 -0.00028639261174022874 -0.0044443208421346726 -0.00023459222613397195 0.00029177216854494995 0.0034710657193664628 -0.0019661436635560734 -0.029882571118283338 0.018336111915029582 -0.0085123479395369066 0.066690253364884239 0.0063139608593988624 0.001739624037008447 -0.0056575728234419019 0.028021839394772947 -0.042583250357747078 3.4988121889530544e-06 -0.02358624424001347 -0.0090633426614523654 0.019120243655002159 0.0047699124040495753 -0.031045718722856264 -0.0031042943329048691
leaf_weight=3920 1318 1336 8689 13419 5086 15232 50424 122 712 420 28 10036 9151 1716 145 724 57 27164 816 398 172 2842 86 209 25 153 12118 1723 37 1795
leaf_count=3920 1318 1336 8689 13419 5086 15232 50424 122 712 420 28 10036 9151 1716 145 724 57 27164 816 398 172 2842 86 209 25 153 12118 1723 37 1795
internal_value=0.00208214 0.00127167 0.000934015 0.000796406 0.00218999 0.00431816 0.000435134 0.000126006 0.00390936 -0.00415605 0.00105251 0.000701994 0.00195077 7.58801e-05 0.00148479 2.91256e-05 -0.00435374 0.00450715 -0.000258001 -0.00276224 -0.00714511 0.00291526 -0.0103846 -0.0025188 -0.00210137 -0.00764045 0.00412294 0.000379295 0.000129761 -0.00149563
internal_weight=170073 124828 110662 106742 21975 45245 84767 5714 14166 628 33619 24174 9445 15485 2849 51148 294 42396 1531 715 317 16261 208 266 1894 178 13454 13591 11868 1832
internal_count=170073 124828 110662 106742 21975 45245 84767 5714 14166 628 33619 24174 9445 15485 2849 51148 294 42396 1531 715 317 16261 208 266 1894 178 13454 13591 11868 1832
cat_boundaries=0 1 2 3
cat_threshold=104 54437 1
is_linear=0
shrinkage=0.05


Tree=78
num_leaves=31
num_cat=4
split_feature=19 16 15 19 20 11 19 10 20 1 19 15 3 15 0 0 20 0 19 3 16 3 15 19 22 22 5 15 6 22
split_gain=190.595 16.3081 18.1792 12.8343 10.0609 6.5715 6.33406 5.65106 5.2044 4.90046 6.90303 6.26702 4.19816 4.05582 3.89269 3.81831 3.61564 4.02484 4.49967 3.13374 2.92852 2.85052 4.65024 3.98595 2.73052 2.72476 2.58734 3.67282 5.49888 7.1789
threshold=4.8149528175243024 1.0000000180025095e-35 3.9609898534050325 5.741579572753448 0.41893083785192126 4.7366368526312632 0.75425598677812189 4.7366368526312632 0.34033643400079017 0 4.0248695782549406 0.73370406495087115 1.5000000000000002 4.7935954896522981 1 2 0.0998700427573289 3 1.0000000180025095e-35 4.5000000000000009 0.14855838341442473 5.5000000000000009 0.82830221659600056 0.78932121774321995 7.5667892751891612 7.523119502640724 1.0000000180025095e-35 1.5216117614970992 1.0000000180025095e-35 6.7175569659586802
decision_type=10 8 10 10 10 10 10 8 10 1 8 8 2 8 1 1 10 1 10 2 8 2 10 10 8 8 2 10 2 10
left_child=1 6 9 4 25 7 -1 20 -4 10 11 12 -3 -5 -12 -13 17 18 24 -10 -6 22 -8 -23 -11 -2 27 -18 -29 -30
right_child=3 2 8 13 5 -7 21 -9 19 16 14 15 -14 -15 -16 -17 26 -19 -20 -21 -22 23 -24 -25 -26 -27 -28 28 29 -31
leaf_value=1.0745879087553646e-05 0.011634718857707314 -0.0024604096833674835 0.0049055546932799399 -0.022480497758514306 -0.019949743063580265 0.011979255423767593 5.1153013691749221e-05 -0.00053193091458901098 0.00070910681653092538 0.0014595908356642873 -0.007987830868575508 0.0044778836545303962 -0.00069849366630994364 0.05991722433992424 0.0015610305281618332 2.5937696171412384e-05 -6.6309368511199506e-05 0.017315443825869047 1.1921480673804387e-06 0.0079361894513454555 -0.011591197429074773 -3.2964438063224162e-05 -0.0001724618672739425 1.7461010486441443e-06 -0.01099431692398789 0.0099001453309363191 -0.00068715720727640381 0.0021799044309600765 -0.0076343085173454454 -9.0348883047798976e-06
leaf_weight=3443 12853 382 14054 24 26 1873 1031 1467 5720 66 992 4837 985 41028 345 25851 19243 1644 1577 2076 258 66 314 151 396 5101 5507 11780 978 5831
leaf_count=3443 12853 382 14054 24 26 1873 1031 1467 5720 66 992 4837 985 41028 345 25851 19243 1644 1577 2076 258 66 314 151 396 5101 5507 11780 978 5831
internal_value=0.0020044 0.000724767 0.000588379 0.00419607 0.00320882 0.00080574 0.00351149 -0.00139634 0.00186728 0.000240879 0.000704061 0.000850881 -0.00246159 0.004715 -0.00281601 0.000998436 -8.80437e-05 0.00141597 -7.56465e-05 0.000831196 -0.00785211 0.000870679 0.00172862 -0.004447 -0.00441558 0.00369388 -0.000215856 -6.84604e-05 0.000432783 -0.00069834
internal_weight=169899 107269 102264 62630 21578 3624 5005 1751 21850 80414 33392 32055 1367 41052 1337 30688 47022 3683 2039 7796 284 1562 1345 217 462 17954 43339 37832 18589 6809
internal_count=169899 107269 102264 62630 21578 3624 5005 1751 21850 80414 33392 32055 1367 41052 1337 30688 47022 3683 2039 7796 284 1562 1345 217 462 17954 43339 37832 18589 6809
cat_boundaries=0 1 2 3 4
cat_threshold=2 53056 53252 534
is_linear=0
shrinkage=0.05


Tree=79
num_leaves=31
num_cat=6
split_feature=17 15 16 17 20 17 19 16 11 5 0 0 19 3 19 5 15 4 3 0 15 20 0 19 17 0 4 4 4 0
split_gain=193.395 17.5582 21.5865 9.0981 8.08518 7.12149 7.03814 6.88166 4.63338 4.38659 5.00436 4.28702 4.44863 4.2724 3.77547 3.95372 3.64707 3.57126 3.18386 3.27235 3.73459 3.19065 3.16637 3.16446 3.73349 2.94783 2.92267 6.0742 3.60265 3.90454
threshold=4.9973255789857811 3.8592388470129566 1.0000000180025095e-35 0.78025122936348168 0.29124731488604017 5.9159865527472553 5.5687821917055933 0.65455886410650099 1.1150072000796054 1.0000000180025095e-35 0 1 1.2595210869044038 4.5000000000000009 4.3913830904529307 1.0000000180025095e-35 4.1317030119055715 9.5000000000000018 4.5000000000000009 2 5.2547780848762731 0.62422862781296307 3 1.2154979980803358 1.2426898374144237 4 3.5000000000000004 7.5000000000000009 5.5000000000000009 5
decision_type=10 10 8 10 10 10 10 8 10 2 1 1 10 2 10 2 10 2 2 1 10 10 1 10 10 1 2 2 2 1
left_child=1 2 3 -1 -3 7 8 -2 11 10 -10 12 23 14 -6 16 -16 -11 19 20 -9 -22 -19 -4 -25 -17 -12 28 -28 -30
right_child=5 4 6 -5 13 -7 -8 18 9 17 26 -13 -14 -15 15 25 -18 22 -20 -21 21 -23 -24 24 -26 -27 27 -29 29 -31
leaf_value=1.0208585133175685e-05 0.013616461692502925 0.0048311149524653185 -0.00048120838499733534 -6.4920201272873853e-06 0.0028571824110470122 0.060735549250913047 0.070803379576824588 -0.0057339083897327428 0.0032092224293159798 -1.2283245806157234e-05 0.001856016921501779 5.885022302935705e-07 0.00018740780638333072 0.0079834727595825602 -0.01131717291849732 -0.006019914744852326 -5.0667100666763487e-05 -0.0092091294911713101 0.01789214066109239 0.0071849374463233869 -0.030057268792181974 -0.01010663685915212 -8.118745264887252e-05 -0.00061454890137626532 -0.0029905559124688225 -0.015237152045825536 4.0166974551287442e-05 0.00093129691726118082 -0.0031280597995512662 -0.001008585161529069
leaf_weight=4161 16126 17538 4277 794 6110 38361 1115 633 11239 3085 4666 33827 3426 3242 102 251 2376 659 676 760 20 69 519 60 39 170 2894 8582 1383 2190
leaf_count=4161 16126 17538 4277 794 6110 38361 1115 633 11239 3085 4666 33827 3426 3242 102 251 2376 659 676 760 20 69 519 60 39 170 2894 8582 1383 2190
internal_value=0.00197933 0.000781465 0.0004074 0.00360747 0.00182265 0.0043627 0.000204012 0.00355065 0.000146787 0.000568902 0.00077599 -0.00021031 -0.001266 0.000837075 0.000276945 -0.00120904 -0.000447942 -0.000934788 0.000898981 -0.00039811 -0.00278688 -0.0124157 -0.00327674 -0.00232404 -0.0111616 -0.00568884 0.000295311 -4.35243e-05 -0.00120071 -0.0022628
internal_weight=169350 112705 82916 4955 29789 56645 77961 18284 76846 35217 30954 41629 7802 12251 9009 2899 2478 4263 2158 1482 722 89 1178 4376 99 421 19715 15049 6467 3573
internal_count=169350 112705 82916 4955 29789 56645 77961 18284 76846 35217 30954 41629 7802 12251 9009 2899 2478 4263 2158 1482 722 89 1178 4376 99 421 19715 15049 6467 3573
cat_boundaries=0 1 2 3 4 5 6
cat_threshold=37 324 4449 8236 16961 33936
is_linear=0
shrinkage=0.05


Tree=80
num_leaves=31
num_cat=1
split_feature=17 16 15 20 17 17 18 19 3 5 10 18 3 3 19 10 20 15 20 3 16 6 15 19 8 6 1 22 19 10
split_gain=189.803 16.1656 18.0577 9.91123 8.84489 7.40333 8.47489 5.70108 4.50121 4.27406 4.06074 3.534 2.97647 3.76674 3.1418 3.35293 2.68786 3.4095 3.26935 3.57317 3.2133 2.65959 2.64666 3.18577 5.48646 3.58801 8.58135 8.57294 2.76606 2.49537
threshold=4.9973255789857811 1.0000000180025095e-35 3.8031319128748522 0.29124731488604017 0.78025122936348168 6.0809810640961741 0.53156191558981247 5.5687821917055933 4.5000000000000009 1.0000000180025095e-35 1.3986406674150766 0.20368828848988021 1.0000000180025095e-35 4.5000000000000009 1.9547769238740993 2.0476720312775929 0.57231568008903977 4.8960560950301373 0.50710923306503375 1.0000000180025095e-35 0.24664135574593668 1.0000000180025095e-35 4.6936997671386722 4.4623357279323725 6.5000000000000009 1.0000000180025095e-35 0 6.9559085075106131 4.6404925339212362 5.8203795782400318
decision_type=10 8 10 10 10 10 10 10 2 2 10 10 2 2 10 10 10 10 10 2 10 2 10 10 2 2 1 10 10 10
left_child=1 4 7 22 -1 6 -2 10 9 -5 -3 12 -12 14 -14 -16 17 18 19 20 -11 -8 23 -4 25 -25 27 28 -27 -18
right_child=5 2 3 8 -6 -7 21 -9 -10 16 11 -13 13 -15 15 -17 29 -19 -20 -21 -22 -23 -24 24 -26 26 -28 -29 -30 -31
leaf_value=9.6981558765141255e-06 0.013582367562686583 -7.092280817910801e-07 0.0048897959556926645 0.0012664925950231923 -7.3442893969695633e-06 0.05935423119235908 -0.0032952234360730764 0.064724747969511887 0.007158883920714035 0.0079046717311919441 0.0065155886236852719 0.0004205623189577513 0.011945048673834001 0.0034830677977358555 -0.0063706263998101979 0.00040862768589724065 0.0018205410581042789 -0.03934113377252875 -0.023335906035816582 -0.0014579873053609976 -0.012473429454656459 0.010548664421669147 0.0064071641137582406 0.002601909717745223 -0.012674342517330706 -0.0074926725406826572 0.00081369169517530335 -0.0037358644689071542 -0.013163842149860654 -0.0082987005592029817
leaf_weight=4213 17974 45233 10037 8446 801 37087 1015 1087 3476 35 1434 18577 611 3453 301 5897 507 25 66 461 65 655 4784 2419 36 34 1084 96 33 46
leaf_count=4213 17974 45233 10037 8446 801 37087 1015 1087 3476 35 1434 18577 611 3453 301 5897 507 25 66 461 65 655 4784 2419 36 34 1084 96 33 46
internal_value=0.00198096 0.000798494 0.000669928 0.00167457 0.00357399 0.00434163 0.00355681 0.000254788 0.000623524 6.78688e-05 0.00020303 0.000651241 0.00133208 0.00103391 0.000351741 1.4521e-05 -0.00271784 -0.00489264 -0.00417065 -0.00293226 -0.0115 0.000149701 0.00241942 0.00206674 0.000813074 0.00100382 -0.00117482 -0.0118712 -0.025597 -0.000153707
internal_weight=169988 113257 108243 31650 5014 56731 19644 76593 13127 9651 75506 30273 11696 10262 6809 6198 1205 652 627 561 100 1670 18523 13739 3702 3666 1247 163 67 553
internal_count=169988 113257 108243 31650 5014 56731 19644 76593 13127 9651 75506 30273 11696 10262 6809 6198 1205 652 627 561 100 1670 18523 13739 3702 3666 1247 163 67 553
cat_boundaries=0 1
cat_threshold=2
is_linear=0
shrinkage=0.05


Tree=81
num_leaves=31
num_cat=2
split_feature=17 16 15 17 17 18 19 20 10 3 19 10 15 1 18 19 7 18 19 3 19 1 20 5 11 21 6 5 6 7
split_gain=189.094 16.2109 18.6426 9.68655 8.96892 8.04063 7.30911 7.22743 3.9313 3.54283 3.29151 3.06419 3.02753 4.68986 16.5606 13.0178 15.2195 3.44123 2.81974 3.05598 2.79621 4.10908 2.74463 2.64257 2.59802 2.55382 2.42414 3.94641 2.36464 4.4829
threshold=4.972156971421609 1.0000000180025095e-35 3.8592388470129566 0.78025122936348168 6.0809810640961741 0.50110974201064062 5.5687821917055933 0.29856930917492247 3.3339870432574523 4.5000000000000009 3.9707212699057601 3.5278289544528167 0.73370406495087115 0 1.0000000180025095e-35 0.73026094190808244 1.0000000180025095e-35 1.0000000180025095e-35 1.067399824890072 1.5000000000000002 5.3909121016369257 1 0.11018371921388019 1.0000000180025095e-35 1.3986406674150766 8.395235567913474 1.0000000180025095e-35 1.0000000180025095e-35 1.0000000180025095e-35 305.50000000000006
decision_type=10 8 10 10 10 10 10 10 10 2 10 10 10 1 8 10 10 8 10 2 8 1 10 2 8 10 2 2 2 8
left_child=1 3 6 -1 5 -2 8 26 12 23 -10 -12 13 14 15 16 -3 -15 19 -16 -19 -22 -14 24 -9 -21 27 -4 29 -23
right_child=4 2 7 -5 -6 -7 -8 9 10 -11 11 -13 22 17 18 -17 -18 20 -20 25 21 28 -24 -25 -26 -27 -28 -29 -30 -31
leaf_value=9.2132480826900852e-06 0.012785085735781019 1.5204082552056076e-05 0.005772785446821512 -7.9914355781298463e-06 0.056275726786938034 0.00096097442854579994 0.06378917955473605 -0.01867414084030709 0.0020616110634445934 0.0070805265131890479 -0.0079596995899729028 -0.0022219495217086389 1.4521547707385675e-05 1.1385769565885884e-06 -0.0031445957901691797 0.0003023721357202525 -9.8700448614152952e-08 -0.00030900036271914013 0.0014603476542489275 -0.00022582063438489889 0.0023506792623979424 0.0023193442986917724 6.4799675847736731e-06 -0.0042944296590402874 0.0020186794847529897 -0.0023390791981425666 0.0028569928371165441 0.0006738349506254282 -0.0098058934542716164 -0.016515461229949735
leaf_weight=4227 18306 28 10281 821 37204 1841 1076 46 11313 3127 90 933 1217 499 704 44 86 9916 700 1603 1008 623 47745 1110 7457 25 5682 1640 323 20
leaf_count=4227 18306 28 10281 821 37204 1841 1076 46 11313 3127 90 933 1217 499 704 44 86 9916 700 1603 1008 623 47745 1110 7457 25 5682 1640 323 20
internal_value=0.00193774 0.000745211 0.000614935 0.00351426 0.00427377 0.00342408 0.000210576 0.00168916 0.000153297 0.00072828 0.000971142 -0.00174487 -3.02115e-06 -0.000610116 -0.00231975 -0.0181013 -0.0270175 -0.000169909 -0.00149736 -0.00233276 -0.000340622 0.00137791 0.000190148 0.000204923 0.000541783 -0.00114251 0.00233 0.00273509 -0.000952381 0.000800933
internal_weight=169695 112344 107296 5048 57351 20147 77953 29343 76877 11740 12336 1023 64541 15579 3190 158 114 12389 3032 2332 11890 1974 48962 8613 7503 1628 17603 11921 966 643
internal_count=169695 112344 107296 5048 57351 20147 77953 29343 76877 11740 12336 1023 64541 15579 3190 158 114 12389 3032 2332 11890 1974 48962 8613 7503 1628 17603 11921 966 643
cat_boundaries=0 1 2
cat_threshold=2 1
is_linear=0
shrinkage=0.05


Tree=82
num_leaves=31
num_cat=3
split_feature=17 15 18 17 18 15 1 19 7 18 19 0 5 19 22 3 0 3 4 22 6 17 4 19 22 18 19 15 6 4
split_gain=188.412 14.9264 17.8725 7.95648 8.86866 7.47763 14.7204 17.0257 12.6834 6.77433 5.95064 4.70916 5.58549 6.21336 3.66046 3.80735 5.47637 3.40699 3.32968 3.25079 3.12919 6.61148 4.93339 7.40586 8.7929 6.19728 4.43832 3.80276 3.10487 5.17308
threshold=4.9973255789857811 3.9873593400761491 1.0000000180025095e-35 5.9159865527472553 0.53156191558981247 0.69331376394879285 0 0.73026094190808244 1.0000000180025095e-35 0.26959508574789687 5.5210936040645953 1 1.0000000180025095e-35 1.0109539540236467 7.4256322666828334 1.0000000180025095e-35 2 4.5000000000000009 3.5000000000000004 7.165444592831574 1.0000000180025095e-35 2.2004819493275165 6.5000000000000009 3.8539812914303133 6.6749635868248598 0.24356707643186806 3.0459069191232211 3.5800764077410898 1.0000000180025095e-35 7.5000000000000009
decision_type=10 10 8 10 10 8 1 8 10 10 10 1 2 8 8 2 1 2 2 10 2 10 2 10 10 10 10 10 2 2
left_child=1 2 5 4 -2 -1 7 8 -7 -3 11 12 13 18 15 16 -13 -11 -4 -10 -17 -22 23 27 -25 -26 -24 -23 -15 -30
right_child=3 9 10 -5 -6 6 -8 -9 19 17 -12 14 -14 28 -16 20 -18 -19 -20 -21 21 22 26 24 25 -27 -28 -29 29 -31
leaf_value=8.7525856785564123e-06 0.011880611857656966 0.0046673610654312447 -0.00027172785223229676 0.051965065871173492 -0.00065803511411716858 1.4443878424452717e-05 1.0816481087583263e-06 0.0002872535289342393 -9.3765426184555525e-08 0.00055669170268587932 0.059163999086221775 0.0092782717479799985 -0.001305679583593466 0.0033278524337961414 -0.00012804982416095433 1.5772672877251148e-05 6.7754758679574577e-06 0.0070932605279215438 -1.4506857082318432e-05 -9.3765426184555525e-08 5.864480466671623e-06 -0.0058566574770142045 -0.0096953957904675914 -0.0096335380321113193 -0.0093205756946704681 0.0028157202531907811 -0.0004020216088242946 0.0022924198550445729 -0.00070591649841105397 0.003117829865494992
leaf_weight=3180 16869 15073 540 38314 1482 25 517 91 21 7146 1108 2155 2988 12692 17055 22719 3959 2553 1161 60 6819 673 338 58 92 103 3132 348 4333 4015
leaf_count=3180 16869 15073 540 38314 1482 25 517 91 21 7146 1108 2155 2988 12692 17055 22719 3959 2553 1161 60 6819 673 338 58 92 103 3132 348 4333 4015
internal_value=0.00191485 0.000734547 0.000429907 0.00426763 0.00341153 0.00374165 -0.000882353 -0.0125127 -0.0261321 0.00181899 0.000276908 0.00022842 0.000790435 0.00105778 -2.3407e-05 0.000235915 0.00138535 0.000788226 -0.00184891 -0.0357407 3.09202e-05 -0.000638675 -0.00207209 -0.00473312 -0.0123913 -0.00730769 -0.0010951 -0.00283546 0.00129278 0.000543843
internal_weight=169619 112954 88182 56665 18351 3894 714 197 106 24772 84288 83180 25729 22741 57451 40396 6114 9699 1701 81 34282 11563 4744 1274 253 195 3470 1021 21040 8348
internal_count=169619 112954 88182 56665 18351 3894 714 197 106 24772 84288 83180 25729 22741 57451 40396 6114 9699 1701 81 34282 11563 4744 1274 253 195 3470 1021 21040 8348
cat_boundaries=0 1 2 3
cat_threshold=2 53285 9352
is_linear=0
shrinkage=0.05


Tree=83
num_leaves=31
num_cat=0
split_feature=17 16 15 17 18 17 19 20 20 15 19 15 6 5 4 19 15 5 7 19 16 9 4 19 18 4 17 18 17 4
split_gain=183.68 15.6673 16.7707 9.62768 8.49801 6.92395 6.55369 5.81249 4.30972 3.03406 2.98883 3.23415 2.98802 3.64871 2.98339 2.97402 3.19106 2.76819 2.79857 2.53614 2.83733 2.50803 3.58204 4.59508 3.08134 2.44807 3.17405 3.65217 3.03927 2.53315
threshold=4.9973255789857811 1.0000000180025095e-35 3.8031319128748522 6.0809810640961741 0.53156191558981247 0.78025122936348168 5.5687821917055933 0.29856930917492247 0.20586579596814977 0.73370406495087115 4.3913830904529307 4.1317030119055715 1.0000000180025095e-35 1.0000000180025095e-35 7.5000000000000009 1.1481817452245191 0.37012364598125269 1.0000000180025095e-35 63.500000000000007 0.89677138669543865 0.19748105801674767 1.0000000180025095e-35 6.5000000000000009 3.9964961668980261 0.23946590821416211 3.5000000000000004 4.949352099076914 0.27097994998294173 1.1144257558865853 7.5000000000000009
decision_type=10 8 10 10 10 10 10 10 10 8 10 8 2 2 2 8 10 2 8 10 10 2 2 10 10 2 10 10 8 2
left_child=1 5 6 4 -2 -1 8 12 15 -10 -9 -12 13 -4 21 16 -3 -17 -19 20 -18 -14 23 24 -23 28 29 -28 -11 -27
right_child=3 2 7 -5 -6 -7 -8 10 9 25 11 -13 14 -15 -16 17 19 18 -20 -21 -22 22 -24 -25 -26 26 27 -29 -30 -31
leaf_value=8.3149563946283155e-06 0.011757396025133994 -8.8226175356531664e-07 0.0051729651167142952 0.050974479999835558 -0.00036426650814881179 -6.5708123727384478e-06 0.057879314267459847 0.0034435798439986804 -0.0011918600705361621 -1.3084026909132575e-05 -0.012872708650765882 -0.00026256688064453662 0.0037912938353214854 0.00088750199420716393 0.0045348061466935425 0.0019360802121831501 3.332232861335293e-06 -0.00060016625270803989 -0.018012494911262535 -1.2212277275953592e-05 3.4070321369480903e-05 -0.0091778930407799362 0.0016725997681360451 -0.0032656610826413339 -0.0057933316713075639 -0.00018914885948987064 -0.015345921385712427 -0.019555447778697266 0.001644293464340535 1.3703668433301064e-05
leaf_weight=4193 18011 1767 11094 37150 1629 821 1083 8975 2500 2703 162 3544 1194 1805 3139 13042 3976 1834 21 1571 2033 35 850 707 34 15765 21 48 10308 19740
leaf_count=4193 18011 1767 11094 37150 1629 821 1083 8975 2500 2703 162 3544 1194 1805 3139 13042 3976 1834 21 1571 2033 35 850 707 34 15765 21 48 10308 19740
internal_value=0.00190819 0.000742044 0.00061514 0.00422786 0.00333248 0.00347427 0.000214757 0.00158518 0.000159235 -0.000101302 0.000757433 -0.000437129 0.0021418 0.00256958 0.00121581 0.000708217 9.09401e-06 0.00114688 -0.000660377 0.000455145 0.000922783 3.54612e-05 -0.00124231 -0.00369845 -0.0160145 -1.3893e-05 -0.000228538 -0.010942 0.000572977 -0.000207717
internal_weight=169755 112965 107951 56790 19640 5014 76412 31539 75329 51085 12681 3706 18858 12899 5959 24244 9347 14897 1855 7580 6009 2820 1626 776 69 48585 35574 69 13011 35505
internal_count=169755 112965 107951 56790 19640 5014 76412 31539 75329 51085 12681 3706 18858 12899 5959 24244 9347 14897 1855 7580 6009 2820 1626 776 69 48585 35574 69 13011 35505
is_linear=0
shrinkage=0.05


Tree=84
num_leaves=31
num_cat=3
split_feature=17 15 18 17 15 1 19 7 18 18 19 22 0 20 22 1 20 7 4 19 19 11 5 4 20 17 21 19 10 17
split_gain=181.197 13.7078 16.8657 8.94357 8.17907 14.4174 15.9506 14.4862 8.07541 7.19182 5.84219 4.40238 4.24977 5.74606 10.2327 5.10002 4.00999 4.05151 3.43836 4.18645 3.12566 3.0209 2.79251 4.32679 3.06502 2.79002 3.51481 3.22942 2.73954 2.71868
threshold=5.0687929396856939 3.9609898534050325 1.0000000180025095e-35 5.7762814295909246 0.69331376394879285 0 0.73026094190808244 1.0000000180025095e-35 0.5097228147073164 0.26959508574789687 5.6408521765671304 7.1606007778004246 1 1.0000000180025095e-35 7.1508950504454161 2 0.20586579596814977 283.50000000000006 3.5000000000000004 1.0109539540236467 3.946981544166746 4.0262437516319016 1.0000000180025095e-35 10.500000000000002 0.25051255857337973 0.94382674668932454 7.5248301129598225 0.96723466342487885 5.6096549118323109 0.36898037876086504
decision_type=10 10 8 10 8 1 10 10 10 10 10 10 1 8 10 1 10 8 2 10 10 8 2 2 10 10 8 10 10 8
left_child=1 2 4 8 -1 6 7 -6 -2 -3 12 -9 13 14 -4 -16 17 -14 19 25 -15 -22 -11 24 -24 -18 -27 -28 -23 -20
right_child=3 9 10 -5 5 -7 -8 11 -10 22 -12 -13 16 20 15 -17 18 -19 29 -21 21 28 23 -25 -26 26 27 -29 -30 -31
leaf_value=7.8992085748963443e-06 0.01086679718001049 0.0044186279530885114 0.00024315545940591934 0.045549415336887729 1.3765797590908901e-05 1.0716787909981207e-06 0.00026191091340668852 -4.4964067197339476e-08 -0.0026895436202461821 0.0029323652035365766 0.054588349313985596 -4.4964067197339476e-08 5.7326650909630137e-05 -4.6937369737570491e-06 -8.243803100180247e-05 -5.832804115705193e-05 2.3574593248164543e-05 -0.015780089687853362 -0.0018554863450009436 0.0029755367387013145 -0.0086238308406250078 -0.0017180062865290392 -0.0073034275462598225 -0.016877701104031275 -0.00050375024214059704 -3.0927120190349613e-05 -2.3780207651977664e-05 -0.00052917558726725317 -0.061341736547418771 -6.5932430687195187e-06
leaf_weight=3203 14057 16848 49 39715 30 509 90 20 1132 9461 1075 64 18481 25014 33 25 1527 25 38 7135 346 683 20 101 1243 430 67 33 32 28383
leaf_count=3203 14057 16848 49 39715 30 509 90 20 1132 9461 1075 64 18481 25014 33 25 1527 25 38 7135 346 683 20 101 1243 430 67 33 32 28383
internal_value=0.00190114 0.000772627 0.00046522 0.00426417 0.00367211 -0.00117111 -0.012402 -0.0248246 0.00323227 0.00174231 0.000314599 -0.0354762 0.000266765 -0.000259239 -0.0118224 -0.0260345 0.000512124 0.00111477 0.00021575 0.00105635 -0.000211889 -0.00286993 0.000736721 -0.0013783 -0.000581948 -0.000930967 -0.0040566 -0.0125 -0.00101399 -5.61203e-05
internal_weight=169869 114965 87292 54904 3916 713 204 114 15189 27673 83376 84 82301 26182 107 58 56119 18506 37613 9192 26075 1061 10825 1364 1263 2057 530 100 715 28421
internal_count=169869 114965 87292 54904 3916 713 204 114 15189 27673 83376 84 82301 26182 107 58 56119 18506 37613 9192 26075 1061 10825 1364 1263 2057 530 100 715 28421
cat_boundaries=0 1 2 3
cat_threshold=2 2896 4
is_linear=0
shrinkage=0.05


Tree=85
num_leaves=31
num_cat=2
split_feature=17 15 18 17 19 18 15 1 19 10 20 10 3 19 10 19 10 20 20 4 12 16 1 20 20 3 15 19 8 18
split_gain=188.247 18.0579 19.0061 7.28461 6.77269 6.41985 6.24084 17.567 13.0737 16.086 5.96469 4.54046 4.03533 3.68599 5.20536 3.73316 3.69514 3.24936 3.11072 2.85941 2.44938 2.36712 2.34829 4.43594 2.59447 2.34756 2.60399 4.57351 6.04134 5.29596
threshold=5.1398808841062378 3.9873593400761491 1.0000000180025095e-35 6.1441209781728583 5.5210936040645953 0.53156191558981247 0.37012364598125269 0 0.72022334535698973 0.66750053336617021 0.29856930917492247 2.8931418480839728 4.5000000000000009 3.2944943067725814 3.2976852969449926 3.9707212699057601 3.913022006759483 0.48298727127919089 1.4491176654321001 8.5000000000000018 0.66750053336617021 2.4644648348472589 1 1.8554581443506188 0.81901274721547124 1.0000000180025095e-35 4.7935954896522981 4.4623357279323725 6.5000000000000009 0.20726594616436259
decision_type=10 10 8 10 10 10 10 1 10 10 10 10 2 10 10 10 10 10 10 2 10 10 1 8 8 2 10 10 2 10
left_child=1 2 6 5 11 -2 7 8 9 -1 25 20 -12 -13 17 18 -17 -15 -16 -7 22 -5 23 -4 -24 -3 27 -27 -29 -30
right_child=3 10 4 21 -6 19 -8 -9 -10 -11 12 13 -14 14 15 16 -18 -19 -20 -21 -22 -23 24 -25 -26 26 -28 28 29 -31
leaf_value=-4.2715863834974503e-08 0.012487063589325321 0.010881104080242326 -3.6291644694525313e-05 0.047219453962945898 0.051034656913539381 0.0089244387906732142 7.504248146150694e-06 1.0180948514459943e-06 0.00025983941990487258 1.307750771136207e-05 0.00081300959450527179 0.0041926614429354568 0.008155511320535656 -0.0034892839565493052 0.0018167763024762907 -0.0041014616968629534 0.0010316307517313911 0.001755242081840381 -0.010569112064768193 -0.0076281132027399062 5.896620499428876e-06 -0.063307973870350406 -7.1975199045710376e-05 0.0019113970715826118 -0.0071024628694744286 0.0052051402485687303 0.005681423829130219 0.000778879627482576 0.00025634551880450511 -0.013560848125940096
leaf_weight=70 15125 2434 7730 36583 1122 1049 3260 494 55 29 8107 4685 2828 1592 12631 984 1469 771 92 341 39090 20 11474 1108 1950 5471 4818 4596 26 25
leaf_count=70 15125 2434 7730 36583 1122 1049 3260 494 55 29 8107 4685 2828 1592 12631 984 1469 771 92 341 39090 20 11474 1108 1950 5471 4818 4596 26 25
internal_value=0.00183525 0.000713834 0.000362617 0.00430344 0.000205318 0.00343173 0.00377175 -0.000709876 -0.0154545 -0.0263131 0.00181328 0.000153513 0.000898491 0.000765839 0.000433035 0.000772931 -0.00101305 -0.00174989 0.00111727 0.000179856 -6.82942e-05 0.00469675 -0.000486928 0.000145961 -0.000903605 0.00238918 0.00215453 0.00169895 0.000545513 -0.0165686
internal_weight=170029 116911 88606 53118 84698 16515 3908 648 154 99 28305 83576 10935 22224 17539 15176 2453 2363 12723 1390 61352 36603 22262 8838 13424 17370 14936 10118 4647 51
internal_count=170029 116911 88606 53118 84698 16515 3908 648 154 99 28305 83576 10935 22224 17539 15176 2453 2363 12723 1390 61352 36603 22262 8838 13424 17370 14936 10118 4647 51
cat_boundaries=0 1 2
cat_threshold=2 1
is_linear=0
shrinkage=0.05


Tree=86
num_leaves=31
num_cat=5
split_feature=17 18 15 17 15 1 7 20 22 18 20 3 11 0 17 0 13 22 15 3 17 10 11 5 5 4 0 4 0 17
split_gain=181.378 14.6262 15.0467 9.96974 7.75442 13.9166 13.1158 15.463 7.57046 7.35314 4.81202 4.85599 4.76253 3.36813 4.00393 4.31143 4.55532 3.10591 2.90836 3.28509 3.04009 3.95321 2.79774 2.7614 2.69774 2.63971 3.65285 3.3523 6.76667 4.61291
threshold=5.114606997359326 1.0000000180025095e-35 4.0439676383937835 6.1441209781728583 0.69331376394879285 0 1.0000000180025095e-35 0.11018371921388019 7.1238219657151811 0.5097228147073164 0.27141978005123624 4.5000000000000009 3.2976852969449926 1 3.9526758547229988 2 4.0613043372021433 7.1955796690028153 4.7935954896522981 1.5000000000000002 4.4353239532957351 4.3047403127531068 4.0439276922482579 1.0000000180025095e-35 1.0000000180025095e-35 7.5000000000000009 3 4.5000000000000009 4 4.0499048902318266
decision_type=10 8 10 10 8 1 10 10 10 10 10 2 10 1 10 1 10 8 10 2 10 8 10 2 2 2 1 2 1 8
left_child=1 4 12 9 -1 6 -6 8 -8 23 18 17 25 24 -15 16 -16 -12 19 -4 -21 -22 -18 -2 -14 27 -27 -3 29 -29
right_child=3 2 10 -5 5 -7 7 -9 -10 -11 11 -13 13 14 15 -17 22 -19 -20 20 21 -23 -24 -25 -26 26 -28 28 -30 -31
leaf_value=7.1290357388453801e-06 0.012266893424271298 1.5040252969829934e-05 0.006033173244740616 0.044857262319664006 1.2423632325792023e-05 9.6719010887480476e-07 -4.0580070642670664e-08 0.00024684744890962618 -4.0580070642670664e-08 -0.00044951275855275967 0.003602623936240701 0.0077999826923178918 0.0049800792523580946 0.0017602892122342752 -0.003473940792733457 -4.0855114131551169e-05 -0.010090173992945343 -0.0010267566369180179 0.0060953177414305561 0.0051601072909343553 -0.0057912997350235418 0.00060641375240009046 -0.0011047760856600197 0.005225431432209016 -0.0017631960104999166 0.002356287490264182 3.0572847852832246e-06 -0.0034992023173960086 -1.2687538402979964e-05 0.00067604106857911412
leaf_weight=3253 13558 22861 2944 36485 84 520 21 41 60 1490 3714 2800 2809 12567 435 2288 95 4506 4704 3105 190 3429 38 1985 366 7659 20962 1837 14249 551
leaf_count=3253 13558 22861 2944 36485 84 520 21 41 60 1490 3714 2800 2809 12567 435 2288 95 4506 4704 3105 190 3429 38 1985 366 7659 20962 1837 14249 551
internal_value=0.00181173 0.000701537 0.000595804 0.00421989 0.00368057 -0.000991735 -0.0119903 -0.022459 -0.0351235 0.0032211 0.00166627 0.000880218 0.000282355 0.000991505 0.000684572 -0.0010049 -0.00486159 0.00026764 0.002269 0.00177286 0.001163 0.000178226 -0.0130451 0.00354275 0.00247253 8.87419e-05 0.000454387 -0.000176211 -0.000716175 -0.00317348
internal_weight=169606 116088 112109 53518 3979 726 206 122 81 17033 25392 11020 86717 18598 15423 2856 568 8220 14372 9668 6724 3619 133 15543 3175 68119 28621 39498 16637 2388
internal_count=169606 116088 112109 53518 3979 726 206 122 81 17033 25392 11020 86717 18598 15423 2856 568 8220 14372 9668 6724 3619 133 15543 3175 68119 28621 39498 16637 2388
cat_boundaries=0 1 2 3 4 5
cat_threshold=2 69 5760 54689 33984
is_linear=0
shrinkage=0.05


Tree=87
num_leaves=31
num_cat=5
split_feature=17 18 15 17 18 15 1 19 10 20 19 11 3 0 4 22 4 5 0 0 3 11 17 22 0 3 20 22 22 5
split_gain=179.969 14.3972 16.0972 9.60106 7.67172 7.15411 13.1335 14.6676 14.9472 5.86015 5.35534 4.15874 4.12796 4.10505 3.74973 3.47308 3.27464 3.97973 3.02549 2.93938 3.04212 2.61184 2.56972 3.03481 2.50937 4.7786 3.42806 2.91491 2.99516 2.47523
threshold=5.1398808841062378 1.0000000180025095e-35 3.9873593400761491 6.1441209781728583 0.53156191558981247 0.69331376394879285 0 0.73026094190808244 0.66750053336617021 0.31383257858695185 5.6408521765671304 2.7113724724615449 4.5000000000000009 1 4.5000000000000009 7.165444592831574 7.5000000000000009 1.0000000180025095e-35 2 3 1.0000000180025095e-35 5.3425734291997005 3.9102951078371442 6.5869912444460086 4 2.5000000000000004 0.37353787374311814 7.8967290185604755 6.8682493826755717 1.0000000180025095e-35
decision_type=10 8 10 10 10 8 1 10 10 10 10 10 2 1 2 10 2 2 1 1 2 10 10 10 1 2 8 10 10 2
left_child=1 5 10 4 29 -1 7 8 15 -4 11 24 -11 -13 -15 -7 19 18 -18 20 -16 -6 -22 -24 25 26 27 28 -3 -2
right_child=3 2 9 -5 21 6 -8 -9 -10 12 -12 13 -14 14 16 -17 17 -19 -20 -21 22 -23 23 -25 -26 -27 -28 -29 -30 -31
leaf_value=6.772583951902833e-06 0.011984134486371303 -0.0083076887577714417 0.0039782514995066803 0.04249323615440357 -0.0057668055102239775 -3.855106711081469e-08 9.188306034302319e-07 0.0002345050764641421 1.1802450709502699e-05 0.00026163397013111259 0.049140407532511698 0.0033175542405276186 0.007431030537001556 0.0028164274985053245 0.0067658256570739999 -3.855106711081469e-08 -0.0038609106779377411 -0.0033318048849984533 0.0026534784306690542 -0.00061304769882440256 -0.0022898393631220234 0.0095978022122268254 -0.0015280018563131397 -0.0096121442681337405 3.6943405458011055e-06 0.00048862766803059953 -0.0033681100379586611 -0.0015131572179303216 -0.00039469491787206125 0.0056059298229520077
leaf_weight=3199 13144 485 17919 36361 831 20 509 90 32 7586 1085 3249 2673 6641 146 59 637 1117 7433 4297 783 572 39 34 53686 3229 1699 74 338 1946
leaf_count=3199 13144 485 17919 36361 831 20 509 90 32 7586 1085 3249 2673 6641 146 59 637 1117 7433 4297 783 572 39 34 53686 3229 1699 74 338 1946
internal_value=0.00180542 0.000711992 0.000608926 0.00422712 0.00322652 0.00369532 -0.00084507 -0.0116667 -0.0238288 0.00164455 0.000265499 0.000220356 0.000691588 0.00077043 0.000514974 -0.0355063 6.42001e-05 0.000635137 0.0010223 -0.000925646 -0.0033498 -0.00031005 -0.00452103 -0.0134932 -4.95688e-06 -0.000989717 -0.0025886 -0.00508919 -0.00423451 0.00355533
internal_weight=169913 117059 113150 52854 16493 3909 710 201 111 28178 84972 83887 10259 24376 21127 79 14486 9187 8070 5299 1002 1403 856 73 59511 5825 2596 897 823 15090
internal_count=169913 117059 113150 52854 16493 3909 710 201 111 28178 84972 83887 10259 24376 21127 79 14486 9187 8070 5299 1002 1403 856 73 59511 5825 2596 897 823 15090
cat_boundaries=0 1 2 3 4 5
cat_threshold=2 4101 832 33792 2368
is_linear=0
shrinkage=0.05


Tree=88
num_leaves=31
num_cat=5
split_feature=17 18 15 17 15 1 19 7 20 18 19 20 0 19 6 15 3 22 22 5 19 3 1 19 0 21 22 0 5 6
split_gain=179.654 15.3123 14.8294 8.67654 6.92807 13.2229 14.85 13.4905 6.00847 5.60207 5.18049 3.76081 3.91337 4.0306 3.27836 3.23526 3.3673 4.09184 3.23322 3.07415 2.43867 2.75462 2.59226 4.41166 2.56352 2.72662 3.09829 2.50003 2.38962 3.99393
threshold=5.1864320579066954 1.0000000180025095e-35 3.9873593400761491 6.197515354838667 0.69331376394879285 0 0.73026094190808244 1.0000000180025095e-35 0.39720626636520556 0.51940976085533641 5.6408521765671304 0.20150915749843032 1 3.8343287786296183 1.0000000180025095e-35 0.92747578986242318 5.5000000000000009 7.6278900359066872 7.165444592831574 1.0000000180025095e-35 0.78932121774321995 5.5000000000000009 2 4.0248695782549406 3 6.6100226439425702 6.764295771966351 4 1.0000000180025095e-35 1.0000000180025095e-35
decision_type=10 8 10 10 8 1 10 10 10 10 10 10 1 10 2 8 2 8 10 2 10 2 1 10 1 10 8 1 2 2
left_child=1 4 10 9 -1 6 7 -6 28 -2 11 12 13 -3 -15 16 17 -14 -9 -17 21 -13 23 27 -25 -26 -27 -22 29 -4
right_child=3 2 8 -5 5 -7 -8 18 -10 -11 -12 20 15 14 -16 19 -18 -19 -20 -21 22 -23 -24 24 25 26 -28 -29 -30 -31
leaf_value=6.4339547543090795e-06 0.011570978577625428 3.8712599991663767e-06 0.004893794853251485 0.041575711454532496 1.1212328174026176e-05 8.7288907326121829e-07 0.00022277982264093388 -3.6623513754996396e-08 0.00095393155615158386 0.00042499142436005469 0.04676174479358914 -0.0012372445504309046 5.2333344750444286e-05 -0.0029543277168593597 -0.011934483715918992 0.0024526997440086871 -0.0002698879501086697 -0.010354674310426205 -3.6623513754996396e-08 -0.0011106033952440672 4.29270780320089e-06 0.00099300686507017484 -4.2006581169617345e-05 0.0025774211860143019 -0.0025056704137224814 -0.0079681919077863386 -0.0066064868994172715 0.00017061829660600599 0.0011786112336130917 0.0022285706694639661
leaf_weight=3207 14424 12032 12708 35729 29 500 90 20 7790 1384 1080 2909 181 270 25 10862 33 25 59 1591 9027 576 34811 294 503 24 170 10018 2587 6217
leaf_count=3207 14424 12032 12708 35729 29 500 90 20 7790 1384 1080 2909 181 270 25 10862 33 25 59 1591 9027 576 34811 294 503 24 170 10018 2587 6217
internal_value=0.00178351 0.000705044 0.000599342 0.0042452 0.00378361 -0.000730659 -0.0116667 -0.0241667 0.00156849 0.00326986 0.000262996 0.000218414 0.000731244 9.60527e-05 -0.00567797 0.00134703 -0.00441423 -0.00203883 -0.0348734 0.00145868 -1.54271e-06 -0.00128407 7.99499e-05 0.000533041 -0.00271948 -0.00433522 -0.00943299 0.000702284 0.00199935 0.00219419
internal_weight=169175 117638 113733 51537 3905 698 198 108 29302 15808 84431 83351 25019 12327 295 12692 239 206 79 12453 58332 3485 54847 20036 991 697 194 19045 21512 18925
internal_count=169175 117638 113733 51537 3905 698 198 108 29302 15808 84431 83351 25019 12327 295 12692 239 206 79 12453 58332 3485 54847 20036 991 697 194 19045 21512 18925
cat_boundaries=0 1 2 3 4 5
cat_threshold=2 19794 2 6157 1840
is_linear=0
shrinkage=0.05


Tree=89
num_leaves=31
num_cat=2
split_feature=17 18 15 17 15 1 19 7 18 19 18 22 6 3 10 5 19 3 15 19 8 18 15 15 9 13 22 15 1 20
split_gain=182.31 14.5738 15.6846 9.10703 7.60925 14.7145 17.586 14.5458 6.91785 6.11772 5.42603 4.01204 3.38561 3.18173 2.73066 3.03589 4.21373 2.61666 2.7862 3.59441 6.82753 4.92821 3.66404 3.17877 2.78138 2.63137 2.4381 2.42248 2.41593 2.41587
threshold=5.1864320579066954 1.0000000180025095e-35 3.8592388470129566 6.1441209781728583 0.69331376394879285 0 0.73026094190808244 1.0000000180025095e-35 0.27925052322954752 5.6408521765671304 0.53156191558981247 7.165444592831574 1.0000000180025095e-35 4.5000000000000009 3.435597511835168 1.0000000180025095e-35 3.9595890164513756 1.0000000180025095e-35 4.870921575317432 4.4623357279323725 6.5000000000000009 0.1732905854204623 4.1705296356166892 4.5428865154220262 1.0000000180025095e-35 4.7879082359339931 6.8638654750260812 5.8857592593565817 1 1.0763225469344633
decision_type=10 8 10 10 8 1 10 10 10 10 10 10 2 2 10 2 10 2 10 10 2 10 10 10 2 10 10 8 1 10
left_child=1 4 9 10 -1 6 7 -6 17 14 -2 -9 -12 29 -3 -16 28 24 19 22 23 -22 -19 25 -4 -21 -23 -5 -17 -10
right_child=3 2 8 27 5 -7 -8 11 13 -11 12 -13 -14 -15 15 16 -18 18 -20 20 21 26 -24 -25 -26 -27 -28 -29 -30 -31
leaf_value=6.1122570165939029e-06 0.01074746193740574 1.8239208012249543e-07 0.003296734783381067 -0.014141227796936252 1.0651711765324868e-05 8.2924461959899005e-07 0.00021164083150888581 -3.4792338066136352e-08 0.0010431088322238372 0.044791276251892366 -0.0071472892207173969 -3.4792338066136352e-08 0.0099024496582017056 0.0061978934934680905 0.0017853180649124883 0.0018400330771322856 -0.006594568888088243 0.0022604714853925677 0.0050624146303257945 -0.0010752051484269551 0.0016707994004888267 -0.015274219609083537 0.0067208019407005715 0.0018478440233837294 0.012864639594814306 -0.0052822858657366363 -0.0073182879656497335 0.038727453374112299 -0.0045858617125154218 -0.003733538322403611
leaf_weight=3194 13852 68175 1266 47 29 512 92 22 8204 1086 746 62 546 3396 9332 590 101 5621 4390 1238 30 20 2771 4350 1771 51 28 36548 423 1419
leaf_count=3194 13852 68175 1266 47 29 512 92 22 8204 1086 746 62 546 3396 9332 590 101 5621 4390 1238 30 20 2771 4350 1771 51 28 36548 423 1419
internal_value=0.00174008 0.000656368 0.00055364 0.00421529 0.00365763 -0.00099721 -0.0123171 -0.025531 0.00144335 0.000167928 0.0031841 -0.0360714 8.51395e-05 0.000533451 0.000116445 0.000869232 -0.00159785 0.00199341 0.0017701 0.00142781 0.000460906 -0.0142308 0.00208651 0.000664125 0.00335364 -0.00151668 -0.0241667 0.00464203 -0.000626851 6.91055e-05
internal_weight=169912 118173 114262 51739 3911 717 205 113 34555 79707 15144 84 1292 13019 78621 10446 1114 21536 18499 14109 5717 78 8392 5639 3037 1289 48 36595 1013 9623
internal_count=169912 118173 114262 51739 3911 717 205 113 34555 79707 15144 84 1292 13019 78621 10446 1114 21536 18499 14109 5717 78 8392 5639 3037 1289 48 36595 1013 9623
cat_boundaries=0 1 2
cat_threshold=2 2
is_linear=0
shrinkage=0.05


Tree=90
num_leaves=31
num_cat=9
split_feature=17 18 17 17 18 16 1 19 7 20 6 5 0 3 3 3 0 0 0 19 19 0 3 20 1 3 0 0 18 3
split_gain=179.798 15.0578 12.2754 11.2835 7.5212 7.43422 22.1806 12.5719 13.3385 7.39412 7.14163 6.75988 5.86293 5.849 4.85998 4.92641 11.5314 4.2869 4.12244 4.02987 3.66868 3.49061 6.32099 6.06718 5.28008 3.61242 5.7789 3.8603 3.43474 4.22941
threshold=5.1398808841062378 1.0000000180025095e-35 2.9685517693480734 6.197515354838667 0.5097228147073164 1.0000000180025095e-35 0 0.73026094190808244 1.0000000180025095e-35 0.29856930917492247 1.0000000180025095e-35 1.0000000180025095e-35 1 1.0000000180025095e-35 4.5000000000000009 3.5000000000000004 2 3 4 3.2660521261896824 2.2362127191154029 5 1.0000000180025095e-35 0.54073117547819993 6 1.5000000000000002 7 8 0.80211241968173463 2.5000000000000004
decision_type=10 8 8 10 10 8 1 10 10 10 2 2 1 2 2 2 1 1 1 8 8 1 2 10 1 2 1 1 10 2
left_child=1 5 -3 4 -2 -1 7 8 -7 10 11 18 13 -12 15 21 17 -17 -4 -15 -20 22 23 -11 -25 27 -27 -23 29 -24
right_child=3 2 9 -5 -6 6 -8 -9 -10 14 12 -13 -14 19 -16 16 -18 -19 20 -21 -22 25 28 24 -26 26 -28 -29 -30 -31
leaf_value=5.8066441657622649e-06 0.0099761507829033841 -3.377382680347374e-06 -5.0814366052209796e-05 0.037497863253034537 -0.00070490377050288751 1.0119126177060568e-05 7.8778238861709766e-07 0.00023241643281616265 -3.3052721160053981e-08 0.001324238089249172 0.0066720413425678865 -0.00016511731375892089 0.001797803046437935 0.0010379478722602198 0.0045895412370655251 -0.0035737743085510992 0.0056106110392581572 -0.010946611538734436 -0.013730314737243355 -0.0019615726265144046 0.0039347527365777802 -0.0017497669537179024 0.0030243126045606371 -0.029823611268263259 -0.012893168820787483 0.025360081231727168 0.0010625338089461981 0.0047618119959852373 0.018827967551751198 -0.0071994393545053567
leaf_weight=3248 15527 47534 1630 35654 1498 24 495 41 80 368 825 3563 8308 422 7695 1511 1340 1088 98 3526 20256 4120 1152 285 294 1650 3681 1112 1273 1057
leaf_count=3248 15527 47534 1630 35654 1498 24 495 41 80 368 825 3563 8308 422 7695 1511 1340 1088 98 3526 20256 4120 1152 285 294 1650 3681 1112 1273 1057
internal_value=0.00171076 0.000616065 0.000510604 0.00413533 0.00307636 0.00367541 -0.00125 -0.0184483 -0.0276923 0.000955804 0.00139769 0.00188417 0.000447596 -0.000948149 0.00031473 -0.000115947 -0.00168951 -0.00362399 0.00221161 -0.00175025 0.00240473 0.000297492 -0.000879702 -0.0045037 -0.0076943 0.000791166 0.00170793 -0.000141437 0.000103389 -0.00108873
internal_weight=169355 116676 112788 52679 17025 3888 640 145 104 65254 38628 25547 13081 4773 26626 18931 3939 2599 21984 3948 20354 14992 4429 947 579 10563 5331 5232 3482 2209
internal_count=169355 116676 112788 52679 17025 3888 640 145 104 65254 38628 25547 13081 4773 26626 18931 3939 2599 21984 3948 20354 14992 4429 947 579 10563 5331 5232 3482 2209
cat_boundaries=0 1 2 3 4 5 6 7 8 9
cat_threshold=2 36432 8296 8200 16466 28864 2 264 2825
is_linear=0
shrinkage=0.05


Tree=91
num_leaves=31
num_cat=6
split_feature=17 18 15 17 15 1 20 7 18 18 22 18 0 1 15 17 8 6 1 20 10 10 0 3 3 12 20 0 15 20
split_gain=176.12 15.291 15.3317 8.10054 6.98676 12.8484 13.52 14.9186 5.70937 5.28151 4.03333 3.32301 4.00697 3.45703 2.76516 3.60407 4.34094 3.99383 11.5509 5.95469 2.86453 2.75672 2.65993 2.62927 3.29815 2.61969 2.41401 2.36033 2.3183 2.29404
threshold=5.2650095395464467 1.0000000180025095e-35 3.8416207716290005 6.197515354838667 0.69331376394879285 0 0.095191922360928216 1.0000000180025095e-35 0.5097228147073164 0.24863211277131722 7.165444592831574 0.21038551402056768 1 2 4.6936997671386722 4.4353239532957351 6.5000000000000009 1.0000000180025095e-35 3 0.24196941670181657 3.9522043336703749 5.0817148275836965 4 4.5000000000000009 3.5000000000000004 3.435597511835168 0.91912303957007246 5 5.8857592593565817 1.0763225469344633
decision_type=10 8 10 10 8 1 10 10 10 10 10 10 1 1 10 10 2 2 1 10 8 8 1 2 2 10 10 1 8 10
left_child=1 4 11 8 -1 6 7 -6 -2 14 -9 12 13 -3 15 20 17 -17 19 -19 -4 -10 -16 24 26 -14 -15 -25 -5 -11
right_child=3 2 9 28 5 -7 -8 10 21 29 -12 -13 25 23 22 16 -18 18 -20 -21 -22 -23 -24 27 -26 -27 -28 -29 -30 -31
leaf_value=5.5163119574763723e-06 0.011374365855038589 0.023376552986069832 0.00059316199009663655 -0.024573240796135334 9.6131698682055962e-06 7.4839326918429991e-07 0.00011401461574439049 -3.1400085104271728e-08 -0.016340748603758545 0.0023936713896414211 -3.1400085104271728e-08 -1.6791171553332669e-05 -1.1841768707832046e-07 0.0018845117760291027 0.0054603659336279467 0.0016567493448964032 -0.0073638869983857604 -0.01227828678183969 -0.0012257762706700697 0.0065184903373518982 0.0044741911779710274 0.0025228000462945849 0.0035068196707219433 0.0057451410505892087 -0.0021733190443538252 0.0020253535350156266 -0.028659902254447336 0.00052290425264465415 0.035777308152255174 -0.0021933401471002415
leaf_weight=3217 11964 1924 2019 33 30 513 100 21 163 14972 49 43769 21735 5105 4169 2550 40 52 950 22 6918 1159 3892 1527 1398 2350 35 1238 35609 1917
leaf_count=3217 11964 1924 2019 33 30 513 100 21 163 14972 49 43769 21735 5105 4169 2550 40 52 950 22 6918 1159 3892 1527 1398 2350 35 1238 35609 1917
internal_value=0.00168732 0.000660183 0.000556776 0.00421722 0.00372774 -0.00075035 -0.0115 -0.0245 0.00316348 0.00138943 -0.0371429 0.000161923 0.000522769 0.00130239 0.00192655 0.00146243 0.00013005 0.000313375 -0.00232422 -0.0213514 0.00200123 4.5386e-05 0.00264918 0.000904547 0.000357908 0.000158747 0.00094358 0.00219711 0.00461001 0.00073391
internal_weight=169440 120512 116582 48928 3930 713 200 100 13286 37501 70 79081 35312 11227 20612 12551 3614 3574 1024 74 8937 1322 8061 9303 6538 24085 5140 2765 35642 16889
internal_count=169440 120512 116582 48928 3930 713 200 100 13286 37501 70 79081 35312 11227 20612 12551 3614 3574 1024 74 8937 1322 8061 9303 6538 24085 5140 2765 35642 16889
cat_boundaries=0 1 2 3 4 5 6
cat_threshold=2 21929 1 2 14848 20520
is_linear=0
shrinkage=0.05


Tree=92
num_leaves=31
num_cat=5
split_feature=17 18 15 17 15 1 20 7 18 18 5 4 20 0 22 4 17 4 4 0 17 0 17 5 4 18 0 17 5 6
split_gain=172.546 15.2308 13.5139 8.96082 7.79065 12.3509 14.0147 15.0607 4.41378 4.26941 3.97405 4.6642 3.87098 4.00581 3.31538 3.07617 3.04644 2.87445 4.21812 6.64016 4.41521 12.0031 3.82927 3.63149 3.65455 3.36234 3.28932 3.26176 2.816 2.80677
threshold=5.2268975589057058 1.0000000180025095e-35 4.0439676383937835 6.2504183576006023 0.69331376394879285 0 0.11018371921388019 1.0000000180025095e-35 0.53156191558981247 0.21793057105011102 1.0000000180025095e-35 10.500000000000002 0.19963721878852189 1 7.1796066341471514 8.5000000000000018 0.97385379386559778 3.5000000000000004 7.5000000000000009 2 4.0499048902318266 3 1.4353722689521928 1.0000000180025095e-35 10.500000000000002 0.27925052322954752 4 0.69052922798166627 1.0000000180025095e-35 1.0000000180025095e-35
decision_type=10 8 10 10 8 1 10 10 10 10 2 2 10 1 10 2 8 2 2 1 10 1 8 2 2 10 1 8 2 2
left_child=1 4 12 8 -1 6 7 -6 28 -4 -11 -12 13 16 -9 -15 -3 22 19 -19 23 -22 -14 -20 26 27 -25 -21 -2 -10
right_child=3 2 9 -5 5 -7 -8 14 29 10 11 -13 17 15 -16 -17 -18 18 20 25 21 -23 -24 24 -26 -27 -28 -29 -30 -31
leaf_value=5.2404963596042192e-06 0.011340529180856151 -0.00017468334719163427 0.0034637008216231984 0.034629967467242992 9.1325113747930949e-06 7.109736057275829e-07 0.00018373723750541584 -2.9830080849890805e-08 -0.0046037517364806149 0.0031519960136418669 -0.00071951717416030448 -0.016778779251353595 -1.2975828657629409e-05 -6.7206013129095247e-06 -2.9830080849890805e-08 1.8591918335323169e-05 0.0022057469460157408 -0.0024597193442899871 8.6736360451455946e-05 -0.0020298536588650297 -0.01653146781372037 -0.00026294884879509215 0.0024610929493077407 -0.00089445725514193393 -0.0069884743589301267 -0.00066693509130083019 0.0029019945525875432 3.2088358715003124e-05 0.0050386265269908304 0.00945312171814695
leaf_weight=3217 12151 261 12397 35189 30 486 97 20 762 13782 2052 162 5529 8389 51 4029 12924 3465 20513 382 208 949 11075 1953 510 9361 524 7055 1636 575
leaf_count=3217 12151 261 12397 35189 30 486 97 20 762 13782 2052 162 5529 8389 51 4029 12924 3465 20513 382 208 949 11075 1953 510 9361 524 7055 1636 575
internal_value=0.00166743 0.000632678 0.000528913 0.00412349 0.00370546 -0.00114035 -0.0116667 -0.024703 0.00310566 0.00147624 0.000936484 -0.00102981 0.000220196 0.000736828 -0.0372535 9.17285e-05 0.00134331 5.20141e-06 -0.000202582 -0.000737057 0.000236647 -0.00277874 0.000567333 0.000385107 -0.00124372 -0.000324845 -0.000450141 0.000468603 0.00337165 0.000362753
internal_weight=169734 119421 115520 50313 3901 684 198 101 15124 28393 15996 2214 87127 25603 71 12418 13185 61524 44920 20263 24657 1157 16604 23500 2987 16798 2477 7437 13787 1337
internal_count=169734 119421 115520 50313 3901 684 198 101 15124 28393 15996 2214 87127 25603 71 12418 13185 61524 44920 20263 24657 1157 16604 23500 2987 16798 2477 7437 13787 1337
cat_boundaries=0 1 2 3 4 5
cat_threshold=2 9645 42176 2688 8510
is_linear=0
shrinkage=0.05


Tree=93
num_leaves=31
num_cat=2
split_feature=19 18 11 8 1 19 7 12 18 17 22 20 3 10 10 9 4 4 4 22 18 3 3 16 1 3 19 19 22 4
split_gain=172.094 14.8195 16.2736 6.7573 19.3613 11.6216 14.1277 6.3138 5.479 6.31309 4.17312 3.88797 5.3217 3.73917 3.09987 2.88781 5.84456 4.50937 3.68538 5.33639 2.78599 3.28703 2.39764 2.66842 2.48357 4.92669 2.30904 2.49203 2.25256 2.2487
threshold=5.3909121016369257 1.0000000180025095e-35 4.6890515642745045 2.5000000000000004 0 0.72022334535698973 1.0000000180025095e-35 3.3690170020819612 0.41715617877519573 5.3946675114698301 7.165444592831574 0.33368084004943427 1.0000000180025095e-35 4.7366368526312632 5.9110675733346127 1.0000000180025095e-35 7.5000000000000009 5.5000000000000009 6.5000000000000009 6.6749635868248598 0.21491049406935622 4.5000000000000009 1.5000000000000002 1.581419179071105 1 1.0000000180025095e-35 4.6404925339212362 3.9347605754652943 8.4151632591753245 7.5000000000000009
decision_type=10 8 10 2 1 10 10 10 8 8 10 10 2 8 8 2 2 2 2 8 10 2 2 8 1 2 10 10 10 2
left_child=1 3 7 4 5 6 -1 29 -2 -10 -8 12 -9 -4 -11 -14 17 26 19 -19 -15 -22 24 -24 25 -13 27 -17 -20 -3
right_child=8 2 13 -5 -6 -7 10 11 9 14 -12 22 15 20 -16 16 -18 18 28 -21 21 -23 23 -25 -26 -27 -28 -29 -30 -31
leaf_value=8.675885806053163e-06 0.026126821232852527 -6.381409092722785e-06 0.0011585715723776869 4.9784715416223429e-06 6.7542492543926082e-07 0.00017455037563014476 -2.8338576807396266e-08 0.0066810090607134325 -0.013992670770156354 0.0013602669191840986 -2.8338576807396266e-08 0.0077795915646700214 0.0027061384468336294 0.0060457121215883279 0.025784006022971796 0.00075766236902917808 0.0030307823583526298 -0.0091422260350094691 -0.00024588887219954006 -0.0039071789501173588 0.002901554918598647 0.0099897812716287018 0.0030906650006837268 -0.0022874127957161028 -0.00015589061930388216 -0.019879729018021972 0.0034179998950057411 -0.0017259618355624452 -0.0055775518873229721 2.3198628250427722e-05
leaf_weight=27 39504 42492 2890 3230 488 47 20 3251 272 744 56 388 10084 5172 4960 1175 3419 38 741 671 5597 1700 6302 1038 2477 605 1003 1004 28 30399
leaf_count=27 39504 42492 2890 3230 488 47 20 3251 272 744 56 388 10084 5172 4960 1175 3419 38 741 671 5597 1700 6302 1038 2477 605 1003 1004 28 30399
internal_value=0.00166239 0.000699764 0.000601956 0.00374612 -0.000956113 -0.0166667 -0.026068 0.000379822 0.0042942 0.0028832 -0.0371053 0.000962637 0.00135285 0.00212221 0.00323808 0.00101938 0.000315014 -0.00083691 -0.00311908 -0.00571932 0.00249779 0.00186858 0.000189639 0.000701635 -0.000893372 -0.00300604 0.00022313 -0.000690684 -0.000721716 0.000122169
internal_weight=169822 124342 120474 3868 638 150 103 105115 45480 5976 76 32224 21414 15359 5704 18163 8079 4660 1478 709 12469 7297 10810 7340 3470 993 3182 2179 769 72891
internal_count=169822 124342 120474 3868 638 150 103 105115 45480 5976 76 32224 21414 15359 5704 18163 8079 4660 1478 709 12469 7297 10810 7340 3470 993 3182 2179 769 72891
cat_boundaries=0 1 2
cat_threshold=2 4
is_linear=0
shrinkage=0.05


Tree=94
num_leaves=31
num_cat=3
split_feature=19 18 15 15 15 1 19 7 18 20 3 0 10 19 10 18 17 0 5 15 19 5 21 20 18 4 15 4 16 10
split_gain=168.014 15.0074 16.3931 6.97853 6.96118 12.603 15.5625 14.2918 5.56874 4.9504 3.45012 3.4076 3.14471 3.91069 3.09332 3.06276 3.03797 2.96955 2.48915 2.46699 3.72663 3.43628 2.3636 2.21971 3.03249 3.42625 2.20461 3.28751 6.07056 2.36005
threshold=5.3346661762385823 1.0000000180025095e-35 4.0612338974600819 6.2278425702300186 0.69331376394879285 0 0.73026094190808244 1.0000000180025095e-35 0.50110974201064062 0.49909110976662613 4.5000000000000009 1 4.6890515642745045 4.4623357279323725 3.714790094103249 1.2339838667378256 3.9526758547229988 2 1.0000000180025095e-35 4.870921575317432 4.4623357279323725 1.0000000180025095e-35 8.395235567913474 0.27877360856794769 0.34064401854514981 9.5000000000000018 5.7253708138257773 9.5000000000000018 0.50761325898756249 4.804430712924959
decision_type=10 8 10 10 8 1 10 10 10 10 2 1 8 10 10 10 10 1 2 10 10 2 10 10 10 2 8 2 10 10
left_child=1 4 14 8 -1 6 7 -6 -2 10 11 12 13 -4 -3 16 -16 19 22 20 -12 -22 -13 -20 25 -25 27 -10 29 -29
right_child=3 2 9 -5 5 -7 -8 -9 26 -11 17 18 -14 -15 15 -17 -18 -19 23 -21 21 -23 -24 24 -26 -27 -28 28 -30 -31
leaf_value=4.7295479645437233e-06 0.012720827680283903 4.9037831083648955e-06 0.0043385988803173849 0.031936262456020395 8.24209151575328e-06 6.4165367916757534e-07 0.0001658228568486353 -2.692164796647134e-08 -0.00035371046039158415 0.00043734845829792365 0.0058018196670325539 0.0024470026223811039 0.0051690475140785093 -0.0010215244739769668 0.0033792196846238786 -0.0085939326385526035 -0.00011667974833381924 0.011032511702132175 0.0008219442111850856 0.0055414332419407679 0.00022889927479702017 -0.0043959257986456194 -0.0052049709785761096 -0.006761097779581348 0.0033646446924249455 -0.012594923421837274 0.0080545661573462619 -0.028934478048379127 0.0070830611369063767 -0.012147554725660112
leaf_weight=3202 13850 76210 2221 31898 29 506 87 75 468 5434 774 7639 6982 1588 6870 333 3400 3092 669 1184 1178 156 106 188 191 91 1073 24 39 35
leaf_count=3202 13850 76210 2221 31898 29 506 87 75 468 5434 774 7639 6982 1588 6870 333 3400 3092 669 1184 1178 156 106 188 191 91 1073 24 39 35
internal_value=0.00164548 0.00066548 0.000564891 0.00417277 0.00371762 -0.000810617 -0.0117539 -0.0248077 0.00330202 0.00154209 0.00182835 0.00150064 0.00209749 0.000943817 0.000210395 0.00101056 0.00116358 0.00283835 0.000772431 0.00177468 0.00075427 -0.000847076 0.00109425 -0.00140913 -0.00404255 -0.00736559 0.000546065 -0.0019788 -0.0103061 -0.0204237
internal_weight=169592 122205 118306 47387 3899 697 191 104 15489 31493 26059 19675 10791 3809 86813 10603 10270 6384 8884 3292 2108 1334 7745 1139 470 279 1639 566 98 59
internal_count=169592 122205 118306 47387 3899 697 191 104 15489 31493 26059 19675 10791 3809 86813 10603 10270 6384 8884 3292 2108 1334 7745 1139 470 279 1639 566 98 59
cat_boundaries=0 1 2 3
cat_threshold=2 64000 40448
is_linear=0
shrinkage=0.05


Tree=95
num_leaves=31
num_cat=6
split_feature=17 16 17 17 17 20 0 22 1 20 7 22 0 10 17 10 0 18 18 18 5 18 3 20 20 1 6 22 0 20
split_gain=164.876 14.9458 10.6929 8.07007 6.62434 6.40502 5.65935 9.10764 4.19428 27.9475 14.0602 4.99417 4.84619 3.52675 3.53348 3.63703 3.65637 3.27221 3.15924 2.88715 2.65813 4.00396 2.58145 7.0217 3.57991 4.65478 2.62519 2.56521 4.79961 4.27449
threshold=5.3330372851576682 1.0000000180025095e-35 4.0834958193389888 0.78025122936348168 6.3224672222443612 0.39720626636520556 0 7.2865519108896457 1 1.0000000180025095e-35 1.0000000180025095e-35 7.1606007778004246 2 4.6890515642745045 4.4353239532957351 4.0613043372021433 3 0.51940976085533641 0.22091718682164144 1.0000000180025095e-35 1.0000000180025095e-35 0.21687440483809309 5.5000000000000009 0.11930605769199516 0.19207916374294035 4 1.0000000180025095e-35 7.212374476276354 5 0.42872968977063008
decision_type=10 8 8 10 10 8 1 10 1 10 10 10 1 8 10 10 1 10 10 10 2 10 2 10 10 1 2 8 1 10
left_child=1 3 8 22 17 6 7 -4 9 10 -3 -12 -11 14 15 16 -8 -2 -5 -10 -15 -22 -1 -24 25 26 -25 -7 -29 -30
right_child=4 2 5 18 -6 27 13 -9 19 12 11 -13 -14 20 -16 -17 -18 -19 -20 -21 21 -23 23 24 -26 -27 -28 28 29 -31
leaf_value=4.4930705663137617e-06 0.011064701750969743 7.8299869399667269e-06 6.5541716682326893e-06 -2.8082332084294894e-05 0.031504659556343427 0.0021569483975222431 -0.0064593728430884902 -7.8750414471360597e-05 6.0957099520808633e-07 0.0024781413430096312 -2.5575565565372218e-08 -2.5575565565372218e-08 1.2952021042761386e-05 0.0036867813659336337 -0.00033870782013578561 0.006014548282597754 0.00029476680432950758 0.0024801144906573822 4.7481496667428628e-05 -3.489517044347016e-05 0.0028806969374725018 -0.0034124214188784164 4.4930705663137617e-06 -3.6347732661541241e-05 3.1112098115090247e-05 -7.6715284629337406e-06 -3.7575860808991665e-05 -0.0068132360634853041 0.0050613952577083397 -0.0013151034947439042
leaf_weight=3562 11338 28 73 524 33874 3470 240 42 491 10411 20 56 24859 16505 3530 2934 840 1318 289 43983 1235 1080 487 26 78 70 25 1941 2108 4390
leaf_count=3562 11338 28 73 524 33874 3470 240 42 491 10411 20 56 24859 16505 3530 2934 840 1318 289 43983 1235 1080 487 26 78 70 25 1941 2108 4390
internal_value=0.00158712 0.000630064 0.000516171 0.00329085 0.00412315 0.00120194 0.00163507 -0.009 0.000186479 0.000592808 -0.0252885 -0.0364474 0.000669124 0.00168423 0.000771474 0.00178625 -0.000694444 0.00314712 -0.00127306 -0.000136709 0.00205101 0.000464363 0.00416431 0.00135569 -0.00655779 -0.0119421 -0.0234314 0.000238895 -0.000231662 0.00042102
internal_weight=169827 123297 118236 5061 46530 38388 26479 115 79848 35374 104 76 35270 26364 7544 4014 1080 12656 813 44474 18820 2315 4248 686 199 121 51 11909 8439 6498
internal_count=169827 123297 118236 5061 46530 38388 26479 115 79848 35374 104 76 35270 26364 7544 4014 1080 12656 813 44474 18820 2315 4248 686 199 121 51 11909 8439 6498
cat_boundaries=0 1 2 3 4 5 6
cat_threshold=16 2 33164 5664 2 582
is_linear=0
shrinkage=0.05


Tree=96
num_leaves=31
num_cat=4
split_feature=17 16 15 17 20 10 17 0 3 10 0 3 3 0 15 17 22 17 0 22 4 17 15 10 20 3 3 15 17 22
split_gain=164.241 14.39 17.1269 7.9113 4.83775 4.79718 5.84665 5.02297 6.69182 4.39944 3.33963 4.12174 10.115 6.54859 4.13593 4.12296 4.15696 4.06758 4.70548 4.02616 3.18103 3.14312 2.98256 2.9149 2.58423 2.85775 2.56014 2.49208 4.01456 3.73812
threshold=5.4750419062465872 1.0000000180025095e-35 4.0612338974600819 0.78025122936348168 0.34033643400079017 4.6890515642745045 4.4353239532957351 0 4.5000000000000009 6.0415633147996362 1 4.5000000000000009 3.5000000000000004 2 2.8998049094016198 2.8514196268127558 8.2409424876430659 1.1356036175575139 3 7.4115485664360152 4.5000000000000009 0.92959268352662872 5.2721300860647853 4.143927747969351 1.0763225469344633 3.5000000000000004 5.5000000000000009 0.73370406495087115 0.91349761680848707 7.2696777905581191
decision_type=10 8 10 10 10 8 10 1 2 8 1 2 2 1 10 10 10 8 1 8 2 10 8 10 10 2 2 10 10 10
left_child=1 3 10 -1 -2 6 23 -7 24 22 27 12 14 -14 15 -12 -17 19 -19 20 21 -13 -6 -4 -9 -26 -20 29 -29 -3
right_child=4 2 5 -5 9 7 -8 8 -10 -11 11 17 13 -15 -16 16 -18 18 26 -21 -22 -23 -24 -25 25 -27 -28 28 -30 -31
leaf_value=4.2684170380002938e-06 0.025435117153172239 -1.0190580794328108e-05 0.00080999822120210105 -5.1537051674910048e-06 -0.033112533293747942 0.004414862609475519 -0.00079231010067353056 0.0021070835083343196 0.011382362245701057 0.022239389825267769 0.00022565257820726938 -0.0003301297250302751 -0.0043098341285012715 -5.4721166753493419e-05 0.0020693067829758655 -0.0024892636059896055 -0.013956263393597679 0.0047355764443900881 -0.0017733923377418672 0.00014301773713341041 -0.00014259298554418495 -0.00021178365939822686 0.0033164574079689087 0.0061607978560837759 -0.0016742678375942491 -0.013389992387420209 0.0020939814759901813 1.8006775976923583e-05 -1.2474807478165559e-05 -0.00046921883263151737
leaf_weight=4172 32797 7589 2883 799 39 9212 4486 11089 2883 8544 9100 63 3329 3635 14749 2055 23 7994 2136 446 159 45 1363 3578 639 131 3374 7359 21896 3101
leaf_count=4172 32797 7589 2883 799 39 9212 4486 11089 2883 8544 9100 63 3329 3635 14749 2055 23 7994 2136 446 159 45 1363 3578 639 131 3374 7359 21896 3101
internal_value=0.00156594 0.000663187 0.000555702 0.00330014 0.00424666 0.0014915 0.000624372 0.00188779 0.00131236 0.00328072 0.000180522 0.00046564 0.00015825 -0.0015336 0.000612682 -0.000112721 -0.00212223 0.00117711 0.00137145 -0.00250351 -0.00735955 -0.0139815 0.000684736 0.00158722 0.000788009 -0.00201299 0.000244565 -0.0001558 8.2892e-05 -0.000809167
internal_weight=169668 126925 121954 4971 42743 34901 10947 23954 14742 9946 87053 47108 32891 6964 25927 11178 2078 14217 13504 713 267 108 1402 6461 11859 770 5510 39945 29255 10690
internal_count=169668 126925 121954 4971 42743 34901 10947 23954 14742 9946 87053 47108 32891 6964 25927 11178 2078 14217 13504 713 267 108 1402 6461 11859 770 5510 39945 29255 10690
cat_boundaries=0 1 2 3 4
cat_threshold=47748 10834 296 16548
is_linear=0
shrinkage=0.05


Tree=97
num_leaves=31
num_cat=3
split_feature=19 18 11 18 15 12 12 3 20 0 4 19 15 20 22 0 4 22 13 4 18 0 19 4 22 3 20 19 15 8
split_gain=162.082 24.2328 15.1471 6.04747 5.31413 5.11015 3.35842 4.85722 5.4639 5.38609 4.89752 3.06078 3.00439 2.9209 2.74717 2.61053 6.47528 4.65882 3.07451 2.57127 3.10632 2.55901 2.55232 2.53553 2.5089 2.4884 2.46584 2.57172 5.32206 3.38582
threshold=5.4145337296764131 1.0000000180025095e-35 3.8722415940098038 0.42905798000267431 6.1163878240386333 4.8755788569854035 2.4024201905583298 1.0000000180025095e-35 0.26216723260403624 0 3.5000000000000004 2.7640284483770787 2.8998049094016198 1.6204372300014251 8.7462259215500584 1 9.5000000000000018 7.8666512120285281 5.7566910803344369 6.5000000000000009 0.1338165700472855 2 6.4251209138036627 9.5000000000000018 6.9296551592538007 2.5000000000000004 0.54073117547819993 4.4301262208368408 4.6936997671386722 6.5000000000000009
decision_type=10 8 10 10 8 10 10 2 10 1 2 10 8 10 10 1 2 10 10 2 10 1 10 2 8 2 10 10 8 2
left_child=1 -1 6 -2 13 26 -3 8 -8 -9 -11 -12 19 15 -14 16 22 18 -18 -13 -21 -10 -5 -23 -25 -15 27 -4 29 -29
right_child=3 2 5 4 -6 -7 7 9 21 10 11 12 14 25 -16 -17 17 -19 -20 20 -22 23 -24 24 -26 -27 -28 28 -30 -31
leaf_value=4.054996186098059e-06 0.022512649605060633 -1.5670236697682019e-06 0.0035747543387000718 0.0034800344746790147 0.020736821416786431 0.0051396488297181797 0.0072997696440906231 0.0020802550365162545 0.0058593440107008983 0.0022746738513528997 0.0053061970249737881 -0.01248186013089608 -0.00099149536468987943 -0.036408824868662475 -0.017656076975510967 0.0091169231038495304 -0.016450709126036515 0.0058624050997752785 -0.007022675448119158 -0.0062079356626548975 -0.0022107489063567902 4.2220427290004789e-05 -0.007313075900754664 0.0028136094380091098 -0.013483374021856426 -0.00042583978778250493 2.4170817555244888e-05 -0.00076060583891716937 0.0030504801662957224 -0.008184590309336966
leaf_weight=3909 40442 57249 9760 214 3317 8184 2421 11456 832 4068 879 81 10676 44 28 719 48 22 20 36 386 612 22 74 217 43 4351 3289 6289 68
leaf_count=3909 40442 57249 9760 214 3317 8184 2421 11456 832 4068 879 81 10676 44 28 719 48 22 20 36 386 612 22 74 217 43 4351 3289 6289 68
internal_value=0.00156566 0.000639291 0.000514071 0.00414237 0.00239267 0.00144814 0.000178903 0.000591198 0.00218479 0.000351322 -0.000236946 -0.000742181 -0.000965022 -0.000565371 -0.000787556 0.000167464 -0.00348214 -0.015 -0.0214706 -0.00474155 -0.00317536 4.32279e-05 0.000762712 -0.0017908 -0.00565292 -0.00936782 0.00107695 0.00131815 0.000739167 -0.000868335
internal_weight=169756 124865 120956 44891 4449 31941 89015 31766 4156 27610 16154 12086 11207 1132 10704 1045 326 90 68 503 422 1735 236 903 291 87 23757 19406 9646 3357
internal_count=169756 124865 120956 44891 4449 31941 89015 31766 4156 27610 16154 12086 11207 1132 10704 1045 326 90 68 503 422 1735 236 903 291 87 23757 19406 9646 3357
cat_boundaries=0 1 2 3
cat_threshold=20534 512 33852
is_linear=0
shrinkage=0.05


Tree=98
num_leaves=31
num_cat=5
split_feature=19 18 15 15 5 18 3 0 18 20 0 20 22 10 19 10 18 0 16 15 7 3 5 0 20 0 15 22 15 14
split_gain=158.206 23.8473 15.7631 7.2593 5.27428 4.9376 4.11891 4.2504 4.01636 3.18373 4.39222 5.30739 6.3439 3.155 4.64343 4.73023 3.09686 3.0068 3.24234 2.97544 2.95721 2.66354 2.4126 3.05692 2.87742 2.38349 3.41466 2.33743 4.44259 2.81825
threshold=5.4145337296764131 1.0000000180025095e-35 4.0612338974600819 6.3888056849832529 1.0000000180025095e-35 0.41715617877519573 4.5000000000000009 0 0.21687440483809309 0.18583144032822482 1 1.0000000180025095e-35 7.2865519108896457 4.6890515642745045 4.4301262208368408 4.3950660578969041 0.11244023197892908 2 2.0431632731665021 4.8456063497946937 2.5000000000000004 1.0000000180025095e-35 1.0000000180025095e-35 3 0.18363305984648259 4 0.69331376394879285 7.8503592361305765 5.3267613846764741 5.5393007587946377
decision_type=10 8 10 10 2 10 2 1 10 10 1 8 10 8 10 10 8 1 10 10 10 2 2 1 8 1 8 8 8 10
left_child=1 25 9 5 6 -2 7 13 -6 10 16 12 -12 14 -4 21 20 27 -19 -8 -3 -16 -13 24 -24 26 -1 28 -7 -30
right_child=3 2 4 -5 8 17 19 -9 -10 -11 11 22 -14 -15 15 -17 -18 18 -20 -21 -22 -23 23 -25 -26 -27 -28 -29 29 -31
leaf_value=3.8522463767953765e-06 0.013351349215830657 -0.0042253687660104939 0.0052349722264105458 0.029836537756243578 0.0017715827095387228 -0.030634371210996148 0.0032154966694603934 0.0016914334510775978 -0.0022931443429326584 -2.8168959376202323e-06 6.8143433080203323e-06 0.0001197886671605163 -5.1491000091480018e-05 0.0049654470076619661 0.0025028328374488702 0.00073607229383853493 -2.3411757873762424e-06 0.012995458352839662 -0.027474931875621025 0.0081030127219115285 -0.0025232640315833027 -0.0061962775422739445 -0.0032572979351493201 2.2991688141726921e-05 -0.013810774747824106 3.8522463767953765e-06 -0.00069851006675779597 0.0024152435208644046 0.0054479677036248031 -0.0084602003903634267
leaf_weight=119 13374 240 1576 29150 1818 29 4124 13689 2667 65854 40 13449 41 5605 96 1176 5200 1850 139 3054 29 334 699 1316 27 3728 38 168 102 111
leaf_count=119 13374 240 1576 29150 1818 29 4124 13689 2667 65854 40 13449 41 5605 96 1176 5200 1850 139 3054 29 334 699 1316 27 3728 38 168 102 111
internal_value=0.00153148 0.00061636 0.000492589 0.0040762 0.00140294 0.00321213 0.00164463 0.00131162 -0.000195095 0.000134933 0.000670358 0.00109806 -0.0116667 0.00216949 0.000914519 -0.000977584 -0.000548458 0.00112338 0.00192346 0.00268738 -0.00578067 -0.00546512 0.00116552 -0.000435847 -0.0030163 0.00447233 -0.00158683 -0.00273809 -0.00595041 -0.0034507
internal_weight=169842 124919 121034 44923 34139 15773 29654 22476 4485 86895 21041 15572 81 8787 3182 1606 5469 2399 1989 7178 269 430 15491 2042 726 3885 157 410 242 213
internal_count=169842 124919 121034 44923 34139 15773 29654 22476 4485 86895 21041 15572 81 8787 3182 1606 5469 2399 1989 7178 269 430 15491 2042 726 3885 157 410 242 213
cat_boundaries=0 1 2 3 4 5
cat_threshold=47620 35138 512 516 8260
is_linear=0
shrinkage=0.05


Tree=99
num_leaves=31
num_cat=2
split_feature=19 18 15 17 18 3 18 5 4 19 15 1 20 17 1 4 15 4 19 19 17 4 20 17 16 11 3 7 16 17
split_gain=157.602 24.0402 15.2379 7.12069 4.89918 3.88327 5.63541 3.96073 4.83124 4.15248 3.59725 2.92924 3.01964 3.34392 2.89386 2.91335 4.10372 3.59963 4.26338 4.18584 3.41478 4.54825 4.11416 2.91647 4.36616 2.71336 2.55445 2.49482 2.44574 2.41406
threshold=5.4145337296764131 1.0000000180025095e-35 4.0439676383937835 6.3746661638758537 0.36470921768477732 4.5000000000000009 0.21687440483809309 1.0000000180025095e-35 10.500000000000002 5.0463111211701941 4.8960560950301373 0 0.38017048683773969 4.3093232910429338 1 4.5000000000000009 0.37012364598125269 7.5000000000000009 5.3007331724310527 4.1404686130039901 5.0212424432359866 10.500000000000002 0.42406647328578878 4.5308188998548404 0.21910040178732038 2.0476720312775929 2.5000000000000004 8.5000000000000018 0.18124962613919568 1.3362866406016531
decision_type=10 8 10 10 10 2 10 2 2 10 10 1 10 10 1 2 8 2 8 10 8 2 10 10 8 10 2 10 8 8
left_child=1 -1 14 4 -2 6 26 -8 11 -10 -7 12 -9 -14 28 29 -17 18 -18 25 21 -21 23 24 -23 -19 -4 -5 -3 -16
right_child=3 2 5 27 -6 10 7 8 9 -11 -12 -13 13 -15 15 16 17 19 -20 20 -22 22 -24 -25 -26 -27 -28 -29 -30 -31
leaf_value=3.6596340579564402e-06 0.011153058459777536 1.9200788592976804e-05 0.0041126297118276459 0.027849188479877631 0.0034343191937655153 0.002919264333909973 0.001505872652876199 -0.027937653314275657 -0.0017491929683845166 -0.020348794307678313 0.0074936654165201387 -0.00011783636217968604 0.0038844392152534396 -0.015837681520702852 1.0183419503126293e-06 -0.0012969064626708092 -7.8309225034374027e-05 3.0231997880842448e-06 0.0076910051182025041 0.00051662378141270387 0.003364681066467143 -0.015062164487052519 -0.0096606322941096071 -0.051166460240719039 -0.0052314345619287406 0.0020549388219033848 0.0014769873900910453 -0.0041541775833846568 -0.00033398481072342308 0.0017609612621812131
leaf_weight=3900 9749 5349 6817 32682 2519 5206 12994 29 76 61 3224 1567 111 154 7378 271 16365 15719 496 220 323 26 225 24 56 11008 4252 24 15162 13787
leaf_count=3900 9749 5349 6817 32682 2519 5206 12994 29 76 61 3224 1567 111 154 7378 271 16365 15719 496 220 323 26 225 24 56 11008 4252 24 15162 13787
internal_value=0.00152509 0.000610577 0.000485939 0.00406279 0.00303554 0.00137442 0.00107268 0.000440902 -0.00163163 -0.0106934 0.00230724 -0.000964535 -0.00554422 -0.00386792 0.000131294 0.000292725 6.40469e-05 0.000101435 -0.000474171 0.000453063 -0.00295194 -0.00534483 -0.00904834 -0.0171698 -0.0126829 0.000564411 0.00192836 0.00444811 -0.000387353 0.000776046
internal_weight=169774 124800 120900 44974 12268 34491 26061 14992 1998 137 8430 1861 294 265 86409 65898 44733 44462 16861 27601 874 551 331 106 82 26727 11069 32706 20511 21165
internal_count=169774 124800 120900 44974 12268 34491 26061 14992 1998 137 8430 1861 294 265 86409 65898 44733 44462 16861 27601 874 551 331 106 82 26727 11069 32706 20511 21165
cat_boundaries=0 1 2
cat_threshold=1 4
is_linear=0
shrinkage=0.05


Tree=100
num_leaves=31
num_cat=5
split_feature=19 18 15 17 20 0 4 0 17 18 16 10 0 19 16 6 22 16 20 22 17 18 22 17 18 3 0 7 0 19
split_gain=150.959 22.2472 14.4062 7.32592 5.60309 3.45038 4.1961 3.79212 5.95322 5.70142 3.41251 3.16043 3.25407 4.4962 6.42069 5.46161 6.83702 4.49792 3.89988 4.6223 3.03391 2.88393 3.675 2.85837 3.99942 2.84165 3.52312 2.83849 2.61455 2.57203
threshold=5.4145337296764131 1.0000000180025095e-35 4.0439676383937835 6.6111645455386503 0.34782138042717053 0 9.5000000000000018 1 5.6204623076872346 0.59675413064233129 0.2619923108045033 3.851210301366216 2 3.775824625696917 0.76810865386887162 1.0000000180025095e-35 6.6749635868248598 0.43731310886481561 1.0000000180025095e-35 6.9559085075106131 3.9401240625232208 0.37125697861175583 7.8335260396031545 3.7108398427430238 0.23410680024327538 4.5000000000000009 3 7.5000000000000009 4 4.1633008104529265
decision_type=10 8 10 10 10 1 2 1 10 10 10 10 1 10 8 2 10 10 8 10 10 10 10 10 10 2 1 10 1 10
left_child=1 -1 11 4 -2 6 -6 -8 21 -10 -4 12 13 -3 15 17 20 23 19 -14 -17 -9 -23 24 -15 28 -27 -5 -12 -25
right_child=3 2 10 27 5 -7 7 8 9 -11 25 -13 18 14 -16 16 -18 -19 -20 -21 -22 22 -24 29 -26 26 -28 -29 -30 -31
leaf_value=3.4766523550611161e-06 0.012104016191582478 -0.00017880951617902673 0.00269508189350645 0.034725238444944198 0.0053178776258971435 0.0094618511723918303 0.013761574164332508 0.0029734872986617875 -0.020962439596691786 -0.0077794133892635682 -0.00019919430136440959 0.00200059138515442 4.0664313363915263e-05 -0.014616196161316881 0.0014877254695311261 -0.013214976500416521 -0.0077679731696347733 -0.027984329838262607 8.7826542808087479e-06 -5.3390138377007459e-05 -0.0090447568809249538 -0.032136405689823545 0.0033904262224578098 -0.00099569061414575099 -0.0012234551339961762 0.012942045398972936 0.0019620656627120825 -0.0043351535509813304 0.0034946652986648022 -0.0087605455325536295
leaf_weight=3940 13792 15036 22143 25765 1285 3509 136 124 41 69 8036 7726 74 39 955 30 255 21 61010 102 33 30 24 952 55 989 2016 27 1364 105
leaf_count=3940 13792 15036 22143 25765 1285 3509 136 124 41 69 8036 7726 74 39 955 30 255 21 61010 102 33 30 24 952 55 989 2016 27 1364 105
internal_value=0.00149788 0.000604616 0.000484162 0.00398777 0.00324303 0.00184745 -2.90848e-06 -0.00431604 -0.00741611 -0.0168182 0.00134711 0.000139074 4.43008e-05 -0.000557143 -0.00254601 -0.00459732 -0.0104088 -0.00302048 0.000216191 -0.00721591 -0.0251587 -0.00202247 -0.0116667 -0.00260208 -0.0109574 0.000683192 0.00202163 0.00453668 0.000255319 -0.00185903
internal_weight=169683 124881 120941 44802 19010 5218 1709 424 288 110 34548 86393 78667 17481 2445 1490 318 1172 61186 176 63 178 54 1151 94 12405 3005 25792 9400 1057
internal_count=169683 124881 120941 44802 19010 5218 1709 424 288 110 34548 86393 78667 17481 2445 1490 318 1172 61186 176 63 178 54 1151 94 12405 3005 25792 9400 1057
cat_boundaries=0 1 2 3 4 5
cat_threshold=832 64 12096 16449 16489
is_linear=0
shrinkage=0.05


Tree=101
num_leaves=31
num_cat=2
split_feature=19 18 15 17 20 5 4 19 22 15 10 19 8 11 1 6 18 10 17 13 10 10 11 7 8 1 10 11 4 15
split_gain=149.676 22.9763 12.8935 7.03785 5.27897 4.42813 4.46454 4.06564 3.6489 3.03915 2.82241 7.36052 7.22394 3.23232 2.75872 2.53519 2.3297 2.3131 2.74064 2.25758 2.12471 2.6188 2.0783 2.05055 2.03445 1.86206 1.77846 1.77635 1.75032 2.06605
threshold=5.4145337296764131 1.0000000180025095e-35 4.0439676383937835 6.6111645455386503 0.51542064908199159 1.0000000180025095e-35 10.500000000000002 4.7663733662361691 7.6162895154448096 5.3082450958932794 4.7099804489789596 4.4623357279323725 6.5000000000000009 4.3801496786139973 0 1.0000000180025095e-35 0.26033266452124282 3.7388586794858525 3.9526758547229988 7.8284164463755692 5.1570417377366553 5.5097930311057572 4.3950660578969041 7.5000000000000009 3.5000000000000004 1 4.6890515642745045 4.6639105698660028 10.500000000000002 4.2646618843798718
decision_type=10 8 10 10 10 2 2 10 10 8 8 10 2 10 1 2 10 10 10 10 10 10 10 10 2 1 10 10 2 10
left_child=1 -1 17 4 -2 10 24 8 -8 15 11 -4 28 16 20 27 -14 -3 25 -11 -12 -22 26 -5 -7 -19 -9 -6 -13 -30
right_child=3 2 5 23 9 6 7 22 -10 19 14 12 13 -15 -16 -17 -18 18 -20 -21 21 -23 -24 -25 -26 -27 -28 -29 29 -31
leaf_value=3.3028197373052849e-06 0.01136580048320255 1.9399034832333706e-06 0.0038876080051061233 0.033001103913433291 -0.020601433360566107 -0.0080410442770371734 0.0043468659985375817 -0.021771494581333775 -0.038404380937875543 0.0050068163001445202 0.0024832950734084945 -0.00090345088793211594 -0.013233094476003536 -0.0021206745850052399 0.00355175963061658 0.019695605660937008 -0.011435717683396808 0.0040906237447700076 -0.00055404270085823574 -0.011681748886176221 -0.024873230765191975 -0.0043034666689223946 -0.013410453468888535 -0.0030819030130770806 0.00052787702864172446 0.0012933622930301064 -0.01436316382727023 -0.02870477978539291 -0.0075359474636423618 0.0030485341971481983
leaf_weight=3877 16836 76509 6267 25812 92 174 130 20 23 2045 948 3232 30 44 18487 45 25 3314 3258 24 43 432 97 29 4024 3338 21 43 22 618
leaf_count=3877 16836 76509 6267 25812 92 174 130 20 23 2045 948 3232 30 44 18487 45 25 3314 3258 24 43 432 97 29 4024 3338 21 43 22 618
internal_value=0.00148208 0.000592038 0.000470691 0.00395717 0.00322898 0.00128576 -0.000179327 -0.00616838 -0.000555555 0.000953757 0.00150391 0.000829264 -0.000854948 -0.0141919 0.00185083 -0.00527778 -0.0222727 0.000144008 0.000862765 0.00149589 -0.000270555 -0.003 -0.0123913 0.00449499 0.000235827 0.00144468 -0.0218293 -0.0087037 -0.000513946 0.001875
internal_weight=169859 124933 121056 44926 19085 34637 4489 291 153 2249 30148 10238 3971 99 19910 180 55 86419 9910 2069 1423 475 138 25841 4198 6652 41 135 3872 640
internal_count=169859 124933 121056 44926 19085 34637 4489 291 153 2249 30148 10238 3971 99 19910 180 55 86419 9910 2069 1423 475 138 25841 4198 6652 41 135 3872 640
cat_boundaries=0 1 2
cat_threshold=1 2
is_linear=0
shrinkage=0.05


Tree=102
num_leaves=31
num_cat=3
split_feature=19 16 11 17 17 16 0 5 4 15 4 4 22 9 0 3 3 9 19 20 20 20 19 4 20 20 21 0 11 19
split_gain=146.557 14.8793 12.8476 8.73306 6.96089 5.22055 4.95369 6.31892 7.12634 5.65675 4.30473 7.94552 3.62762 3.50809 3.44663 4.31929 3.11328 3.5005 3.94693 3.52151 2.83916 2.8279 3.26453 6.78713 4.00843 3.55966 5.23407 2.62205 2.47551 3.40843
threshold=5.4805184875252397 1.0000000180025095e-35 4.8287135773875844 0.78025122936348168 6.6805798321399434 0.43731310886481561 0 1.0000000180025095e-35 10.500000000000002 1.2712704883883725 7.5000000000000009 3.5000000000000004 7.3320520811275172 1.0000000180025095e-35 1 4.5000000000000009 1.0000000180025095e-35 1.0000000180025095e-35 3.0908390509751968 0.20918808972015585 0.1815948631746023 0.33368084004943427 4.7455192146275431 8.5000000000000018 0.67608782084881447 0.49909110976662613 8.2949240625415008 2 6.1014387733168176 6.8562237950956648
decision_type=10 8 10 10 10 10 1 2 2 8 2 2 10 2 1 2 2 2 10 10 10 10 10 2 10 10 8 1 10 10
left_child=1 3 6 -1 5 -2 7 9 -9 12 11 -11 -3 -10 15 -4 -13 19 -19 -18 -20 -8 -23 -24 25 26 -25 -12 29 -7
right_child=4 2 14 -5 -6 28 21 8 13 10 27 16 -14 -15 -16 -17 17 18 20 -21 -22 22 23 24 -26 -27 -28 -29 -30 -31
leaf_value=3.1376787504422412e-06 0.01172368690625783 -0.00024542430680116602 0.00097963152492016778 -8.3875345898588132e-06 0.033631854313147969 -0.0021688461157460984 3.91564492503099e-06 -0.00036834818172946536 -0.013814599553823626 0.0031639111286849795 0.0034737369671054546 0.0037106369512471069 -1.9650871401882228e-05 0.0010387654628827654 0.0047309562964291665 0.010514413379663516 0.0021514682952309436 -0.013850235211769072 -0.0029696980366625443 -0.0010719101040661291 -0.00067811274338480231 -0.00028049799110442731 0.0018216581024556957 0.0041047864149316333 -0.0089504642703930361 -0.020529153351038235 -0.036189698835527938 0.0023550694647624243 0.012009667339019404 -0.02302089789559654
leaf_weight=4217 17916 818 5711 809 23924 952 33864 6316 408 9576 6743 2120 1674 131 6962 1851 3372 24 777 8598 2241 15649 446 48 134 79 55 13684 688 28
leaf_count=4217 17916 818 5711 809 23924 952 33864 6316 408 9576 6743 2120 1674 131 6962 1851 3372 24 777 8598 2241 15649 446 48 134 79 55 13684 688 28
internal_value=0.00146527 0.000603173 0.000492699 0.003269 0.00396801 0.003269 0.000302884 0.000624159 -0.000798687 0.000820824 0.000943567 0.000525685 -0.0015008 -0.00631725 0.00188791 0.00114369 -0.000119075 -0.000372369 -0.00188692 1.25315e-05 -0.00172631 -5.81683e-05 -0.000596856 -0.00379265 -0.00939873 -0.0142308 -0.0081068 0.00148994 0.000593525 -0.00102041
internal_weight=169815 126307 121281 5026 43508 19584 106757 56482 6855 49627 47135 26708 2492 539 14524 7562 17132 15012 3042 11970 3018 50275 16411 762 316 182 103 20427 1668 980
internal_count=169815 126307 121281 5026 43508 19584 106757 56482 6855 49627 47135 26708 2492 539 14524 7562 17132 15012 3042 11970 3018 50275 16411 762 316 182 103 20427 1668 980
cat_boundaries=0 1 2 3
cat_threshold=55341 1129 36868
is_linear=0
shrinkage=0.05


Tree=103
num_leaves=31
num_cat=4
split_feature=19 16 15 17 17 0 5 4 4 4 20 0 4 19 16 0 16 20 0 14 16 4 22 22 19 15 19 16 21 22
split_gain=145.647 15.5619 15.9304 8.21625 5.96992 4.69866 4.864 5.10517 4.74533 4.55054 4.36661 5.73493 8.12321 4.2489 3.99496 3.76919 3.71567 3.53973 3.63497 6.57816 3.53799 4.76267 3.4956 3.44615 3.39232 7.14709 6.38967 2.8922 2.54737 2.54288
threshold=5.741579572753448 1.0000000180025095e-35 4.8960560950301373 0.78025122936348168 6.6111645455386503 0 1.0000000180025095e-35 10.500000000000002 7.5000000000000009 5.5000000000000009 0.34782138042717053 1 9.5000000000000018 0.99613956827519179 1.0461798787195897 2 0.68174778555683846 1.2947748904401986 3 4.7887408755935228 0.091837733325973489 3.5000000000000004 8.3152242735075017 6.9823099568885416 2.0020384793549453 2.0437736631929231 2.1420458409015066 0.35582832181525265 7.675080887828444 7.1606007778004246
decision_type=10 8 10 10 8 1 2 2 2 2 10 1 2 8 8 1 10 10 1 10 10 2 8 8 10 8 10 8 10 10
left_child=1 3 5 -1 10 6 8 20 9 13 -2 12 27 -3 -14 16 -4 18 19 -11 21 -8 -18 -19 -15 26 -26 -12 -29 -28
right_child=4 2 15 -5 -6 -7 7 -9 -10 17 11 -13 14 24 -16 -17 22 23 -20 -21 -22 -23 -24 -25 25 -27 29 28 -30 -31
leaf_value=2.9807948129179086e-06 0.011608416218147758 -0.00013670244362090351 0.0031405303555770351 -6.4238086529558537e-06 0.030051063533506152 -1.7254320031886967e-06 -0.0094540926703283387 -0.009732514756487105 0.0023549625407569981 -0.0016047110393033607 0.0082012725085080871 0.0091717288195002616 -0.0083152587335994111 0.0074552706819588158 -0.020778287400367995 0.0045811793609083131 -0.0033411417219134385 -0.0077524077168174658 -0.00012892776228617874 -0.0097794267732304457 0.00013596760598809753 -0.00012628234193532366 -0.02377172442608351 0.013856887915155047 -0.0073569426064297007 0.001489684435635025 -0.0055983607837373816 -0.0032074291276069436 -0.0090344197683463606 -0.0093311478573068641
leaf_weight=4219 10450 778 11165 821 26760 50713 359 526 21011 944 259 3076 91 1537 34 6236 563 65 8722 56 5044 513 35 26 183 15196 24 152 38 35
leaf_count=4219 10450 778 11165 821 26760 50713 359 526 21011 944 259 3076 91 1537 34 6236 563 65 8722 56 5044 513 35 26 183 15196 24 152 38 35
internal_value=0.00140543 0.000580139 0.000469204 0.00330357 0.00400636 0.000235123 0.000555071 -0.000735796 0.000726373 0.000294929 0.00317376 0.00168493 -0.00287671 0.000772546 -0.0142 0.00184427 0.0013136 -0.000569143 -0.000477268 -0.00331683 -0.000316092 -0.00325688 -0.00252508 -0.0103846 0.000938144 0.000715119 -0.00780992 0.000211581 -0.00447368 -0.0221186
internal_weight=169631 128771 123731 5040 40860 105732 55019 6442 48577 27566 14100 3650 574 17753 125 17999 11763 9813 9722 1000 5916 872 598 91 16975 15438 242 449 190 59
internal_count=169631 128771 123731 5040 40860 105732 55019 6442 48577 27566 14100 3650 574 17753 125 17999 11763 9813 9722 1000 5916 872 598 91 16975 15438 242 449 190 59
cat_boundaries=0 1 2 3 4
cat_threshold=55341 768 16481 32768
is_linear=0
shrinkage=0.05


Tree=104
num_leaves=31
num_cat=4
split_feature=19 18 15 17 0 12 5 10 4 9 18 19 18 11 17 4 4 0 9 18 22 22 14 19 19 22 1 19 0 18
split_gain=141.271 22.1373 16.2084 6.25356 4.02137 3.79304 4.94928 3.72281 3.7024 5.37807 4.52336 3.62414 3.19754 4.78544 3.26776 3.17912 3.47065 7.15788 4.59045 4.58069 5.40645 4.15135 3.01583 2.94777 2.85539 2.78998 2.92743 2.54826 2.51213 3.33439
threshold=5.741579572753448 1.0000000180025095e-35 4.8960560950301373 6.6111645455386503 0 2.8931418480839728 1.0000000180025095e-35 5.9564846187461553 10.500000000000002 1.0000000180025095e-35 0.67474215714565089 4.8149528175243024 0.42294877648430773 6.0294818902459815 5.3330372851576682 3.5000000000000004 7.5000000000000009 1 1.0000000180025095e-35 0.29803119685137813 7.9118320275713012 5.9614247478900806 3.3339870432574523 6.7851345832106675 4.2131249162416298 6.8305624843129609 2 3.9707212699057601 3 0.11656925348630644
decision_type=10 8 10 8 1 10 2 10 2 2 8 10 10 8 10 2 2 1 2 10 10 8 10 10 10 8 1 10 1 8
left_child=1 -1 5 12 7 28 15 -4 -8 10 11 24 -2 23 -15 -7 18 21 19 -17 25 -18 -22 -14 27 26 -21 -10 29 -3
right_child=3 2 4 -5 -6 6 8 -9 9 -11 -12 -13 13 14 -16 16 17 -19 -20 20 22 -23 -24 -25 -26 -27 -28 -29 -30 -31
leaf_value=2.8317550722745113e-06 0.010833846575806085 -0.0023307561934169758 0.0020925562887626967 0.02856331949717026 0.0046153849304105881 0.0027653157772867436 -0.00059512126556938397 -0.011778098108083824 -0.040003091363762178 0.0024754547697280909 0.00031651001079148732 -0.022435318862528524 -0.005277977405429058 -0.045794692446432445 0.010379381240458091 0.0023647537873193493 -0.013513496576194739 0.002529255464387474 -0.0013028711924291372 0.0083590997702723182 -0.015819278424141252 -0.0037548399146071255 -0.0063851403939094971 -0.020553139548113927 0.0052880108397799497 0.0017884818862084068 -0.0075854907282138498 -0.040485055206525226 3.1432804208254876e-06 -0.00092934108853372796
leaf_weight=3916 12301 172 7940 26876 9710 8065 4250 215 92 132 64 24 366 24 1414 4402 22 13082 3991 157 77 944 120 20 27 2753 807 29 61222 6604
leaf_count=3916 12301 172 7940 26876 9710 8065 4250 215 92 132 64 24 366 24 1414 4402 22 13082 3991 157 77 944 120 20 27 2753 807 29 61222 6604
internal_value=0.00138407 0.000570461 0.0004544 0.00394027 0.00184859 0.000221701 0.00061453 0.00102572 -0.000922477 -0.0057337 -0.0102542 -0.0144767 0.0030885 0.00113487 0.00246175 0.000820744 0.000554923 0.00109197 -5.80968e-05 0.000610871 -0.000633623 -0.00304303 -0.00870558 -0.00380829 -0.0115541 -0.000205811 -0.00252075 -0.0148347 -3.82346e-06 -0.000916593
internal_weight=169818 128817 124901 41001 17865 107036 39038 8155 4618 368 236 172 14125 1824 1438 34420 26355 14048 12307 8316 3914 966 197 386 148 3717 964 121 67998 6776
internal_count=169818 128817 124901 41001 17865 107036 39038 8155 4618 368 236 172 14125 1824 1438 34420 26355 14048 12307 8316 3914 966 197 386 148 3717 964 121 67998 6776
cat_boundaries=0 1 2 3 4
cat_threshold=97 896 2 1344
is_linear=0
shrinkage=0.05


Tree=105
num_leaves=31
num_cat=6
split_feature=19 18 15 15 15 22 4 10 20 0 0 1 15 1 0 21 4 22 5 15 18 21 15 18 13 15 15 20 18 0
split_gain=139.391 16.6973 10.3477 8.8753 6.88397 5.2356 7.41436 7.99689 5.15063 4.22155 3.41806 3.24959 3.10986 2.85827 2.43069 6.97261 4.28156 2.37991 2.35432 2.40914 2.40786 2.24858 2.882 3.07849 3.90626 3.23743 2.84736 2.56545 2.24535 2.22474
threshold=5.4805184875252397 1.0000000180025095e-35 4.870921575317432 6.5974852954627767 0.69331376394879285 6.7985938142231586 2.5000000000000004 0.66750053336617021 0.31217662401026985 0 1 2 5.3461121458440539 3 4 8.272182292171534 6.5000000000000009 7.0062416165620487 1.0000000180025095e-35 3.473593773912901 0.11416230539602944 6.8367960459813295 0.91657791742738948 0.30834837796387177 0.71754226264466137 0.67772355602398038 0.77435709176599266 0.14722933713301301 0.1546137290773919 5
decision_type=10 8 10 10 8 10 2 10 10 1 1 1 8 1 1 10 2 8 2 10 10 8 8 10 10 10 8 8 10 1
left_child=1 4 10 8 -1 6 7 -6 -2 13 11 17 -10 -4 15 -5 -17 -3 28 -20 -21 26 23 25 -25 -23 -12 -28 -19 -7
right_child=3 2 9 14 5 29 -8 -9 12 -11 21 -13 -14 -15 -16 16 -18 18 19 20 -22 22 -24 24 -26 -27 27 -29 -30 -31
leaf_value=2.6901673186585651e-06 0.0112732724695149 0.0026471081063710114 -0.010098340571752431 0.016492560684657164 -7.979435019955795e-08 2.2871618241654403e-05 -7.979435019955795e-08 1.5222988650470672e-05 -0.0084457320547345113 0.0038408503474642603 -2.4165468601776167e-05 9.1327764015313188e-05 0.0071748188047129347 0.0021838789151099234 0.026992698421298568 -0.016875170357387267 0.001965186469179626 0.0030863836751917353 -0.0042967622978961686 -0.0054384922934628249 0.0026724169521739412 -0.00016696619646682301 -5.457155043195175e-05 0.00017513389807226985 -0.0043315691050156736 9.9125567587968816e-06 -0.0025089929073202734 0.00012590735694087958 0.00092003451776088334 -7.979435019955795e-08
leaf_weight=3196 12374 7043 430 868 37 269 113 23 243 5726 550 27810 6927 10228 23092 33 20 3872 704 133 930 3443 30423 995 588 6919 336 11891 10174 275
leaf_count=3196 12374 7043 430 868 37 269 113 23 243 5726 550 27810 6927 10228 23092 33 20 3872 704 133 930 3443 30423 995 588 6919 336 11891 10174 275
internal_value=0.0013366 0.000494338 0.000391383 0.00377517 0.00370943 -0.00071827 -0.0082948 -0.0225 0.00298404 0.00156067 0.000210328 0.000506749 0.00191771 0.000969254 0.00441906 0.00183136 -0.0157547 0.000948548 0.000608044 -0.00111205 0.000390405 -6.20975e-05 -0.000237443 0.000420678 -0.00163298 0.000734414 0.000519293 0.000677599 0.000824434 0.00169118
internal_weight=169665 126108 122195 43557 3913 717 173 60 19544 16384 105811 50666 7170 10658 24013 921 53 22856 15813 1767 1063 55145 42368 11945 1583 10362 12777 12227 14046 544
internal_count=169665 126108 122195 43557 3913 717 173 60 19544 16384 105811 50666 7170 10658 24013 921 53 22856 15813 1767 1063 55145 42368 11945 1583 10362 12777 12227 14046 544
cat_boundaries=0 1 2 3 4 5 6
cat_threshold=16481 53293 2 1 576 16
is_linear=0
shrinkage=0.05


Tree=106
num_leaves=31
num_cat=3
split_feature=19 16 11 17 17 10 20 22 17 20 3 0 2 14 21 11 17 0 15 0 3 10 3 16 12 17 21 15 22 19
split_gain=133.911 16.88 12.2385 8.15354 8.08962 4.08059 3.93789 4.72831 4.72803 3.76069 3.07414 3.83667 2.87196 2.7488 2.74135 2.68386 2.49703 2.48693 2.95139 4.86444 3.36542 3.3464 4.21304 4.84165 3.39103 2.88957 2.75252 2.51989 3.45012 2.46262
threshold=5.741579572753448 1.0000000180025095e-35 4.8287135773875844 0.78025122936348168 6.70125100479056 3.8722415940098038 0.52399207079608523 8.4151632591753245 6.5471613693535176 1.2947748904401986 4.5000000000000009 0 1.5000000000000002 1.3736354571277458 7.0044280632177705 6.0294818902459815 4.0341279261776224 1 0.73370406495087115 2 5.5000000000000009 0.71754226264466137 5.5000000000000009 1.2033846853669179 5.9000343211220416 0.78025122936348168 6.5517941110389986 0.80899611618816747 6.6664943321373924 3.7161046576840664
decision_type=10 8 10 10 10 10 10 10 10 10 2 1 2 10 10 8 10 1 10 1 2 10 2 10 8 10 8 8 8 10
left_child=1 3 5 -1 6 17 -2 15 -9 14 11 -4 13 -11 -7 -8 -16 27 19 20 -19 25 26 -24 -25 -20 -23 28 -3 -29
right_child=4 2 10 -5 -6 9 7 8 -10 12 -12 -13 -14 -15 16 -17 -18 18 21 -21 -22 22 23 24 -26 -27 -28 29 -30 -31
leaf_value=2.5556589527242493e-06 0.010766593839686065 -0.0080424880368822494 0.004237354321054921 -8.3244400229948766e-06 0.028417707398243897 0.0023072674663443507 -0.0063561582630828565 0.0050635679729192258 -0.01127579796704864 -0.021214592689548568 0.0058407437273701899 0.00081502591801898563 -0.002297129095388678 -0.0071301076088925615 0.0023737148417845109 0.0074878128270743118 -0.00068534841144625349 -0.0015964549499290727 1.7235894401940179e-05 2.1728037329571406e-05 2.2272218726432372e-05 0.00049992784714508081 0.0013262529848110552 -0.013191713901889422 -0.001592205597654332 4.0719630314500038e-05 -3.5934963667799691e-05 4.7889252616544635e-06 -0.0011286039536059667 -0.0016479203484423225
leaf_weight=4181 15892 27 6145 815 23268 13780 302 20 24 108 3982 6040 494 146 2848 1361 6276 4230 1688 5292 1424 3118 5376 26 52 17350 25980 14071 663 4638
leaf_count=4181 15892 27 6145 815 23268 13780 302 20 24 108 3982 6040 494 146 2848 1361 6276 4230 1688 5292 1424 3118 5376 26 52 17350 25980 14071 663 4638
internal_value=0.00132083 0.000529321 0.00041429 0.0033787 0.00381445 0.000221542 0.00300557 0.000723492 -0.0154545 0.000801624 0.00169698 0.00130283 -0.00268717 -0.00700787 0.000915561 0.00115153 0.000243315 5.80808e-05 0.000207294 -0.000540837 -0.00155897 0.000360142 6.68559e-05 0.00134213 -0.0110256 0.000892426 -0.000172177 -0.000438199 -0.0034058 -0.000328986
internal_weight=169617 128750 123754 4996 40867 107587 17599 1707 44 23652 16167 12185 748 254 22904 1663 9124 83935 64536 10946 5654 53590 34552 5454 78 19038 29098 19399 690 18709
internal_count=169617 128750 123754 4996 40867 107587 17599 1707 44 23652 16167 12185 748 254 22904 1663 9124 83935 64536 10946 5654 53590 34552 5454 78 19038 29098 19399 690 18709
cat_boundaries=0 1 2 3
cat_threshold=64256 12096 134
is_linear=0
shrinkage=0.05


Tree=107
num_leaves=31
num_cat=6
split_feature=19 18 12 19 10 22 20 6 19 5 22 0 22 1 21 20 5 19 4 19 18 16 0 19 0 1 0 4 15 18
split_gain=127.646 22.8114 10.4462 8.42667 4.69091 4.8393 4.61093 4.33546 5.6016 4.45854 4.44149 4.99175 15.8429 4.28281 4.05797 4.0084 3.50501 6.33859 3.74324 3.22981 4.40717 3.22514 3.22479 3.272 3.20902 2.87481 2.85875 8.46143 4.04593 6.4381
threshold=5.741579572753448 1.0000000180025095e-35 4.9034211409472634 6.6905874179463574 6.0415633147996362 8.2096007674660587 0.30014490809294953 1.0000000180025095e-35 2.3670058240928364 1.0000000180025095e-35 6.9087610166783255 0 6.6958543282917207 1 6.8992188208074312 0.34267495661194208 1.0000000180025095e-35 4.3577301084088305 10.500000000000002 2.4449364944547827 0.67474215714565089 0.099340643962354119 2 4.6724643493623548 3 4 5 9.5000000000000018 6.2757765760512525 0.80211241968173463
decision_type=10 8 10 10 8 8 10 2 8 2 8 1 10 1 10 10 2 10 2 10 8 8 1 10 1 1 1 2 8 8
left_child=1 -1 6 15 5 -5 7 8 -3 -10 11 12 -9 14 -14 -2 -8 18 -18 -20 -21 -19 23 -12 -11 -25 27 -17 -29 -30
right_child=3 2 -4 4 -6 -7 16 10 9 24 22 -13 13 -15 -16 26 17 21 19 20 -22 -23 -24 25 -26 -27 -28 28 29 -31
leaf_value=2.4278760050899796e-06 0.010290091815594772 1.5448942967299614e-06 0.0030762295557594972 -0.0067753941866538249 0.026996822028331691 -0.013248907763822143 6.7191869359328752e-06 -0.0099778957475651717 0.002113853574615604 0.0020360077346507385 -0.00087614021855904876 -9.6981769914353895e-05 -0.0046667532558090146 -0.000253484264328657 -0.012524960841287278 0.0031628544156388065 -0.00014154944230206028 -0.020127293371928378 0.00023921982656718066 -0.03789862715176074 -0.003045684622403223 -0.010787041803586993 2.2744928542434143e-05 -0.015785994204234863 -0.0018417780783101367 -0.0049004056369074487 0.007971344885082169 -0.006683067718192201 -0.032939322697620906 -0.0063210060322892517
leaf_weight=3854 12359 17882 14706 140 23924 26 36805 63 22865 1369 3134 4171 170 493 52 715 4089 20 101 106 76 897 15174 20 2619 61 3741 86 28 20
leaf_count=3854 12359 17882 14706 140 23924 26 36805 63 22865 1369 3134 4171 170 493 52 715 4089 20 101 106 76 897 15174 20 2619 61 3741 86 28 20
internal_value=0.0013108 0.000536679 0.000419747 0.003739 0.00433998 -0.00403614 0.000252662 0.000507029 0.000795239 0.00125182 -4.54193e-05 -0.00137503 -0.00502538 -0.00297203 -0.00873874 0.00288483 -0.000158692 -0.00136226 -0.000569533 -0.00613074 -0.0101099 -0.00514177 0.000312415 -0.00112403 -0.000290872 -0.0110494 0.00162309 -0.000995343 -0.0125373 -0.0241667
internal_weight=169766 128727 124873 41039 24090 166 110167 68073 44735 26853 23338 4949 778 715 222 16949 42094 5289 4372 283 182 917 18389 3215 3988 81 4590 849 134 48
internal_count=169766 128727 124873 41039 24090 166 110167 68073 44735 26853 23338 4949 778 715 222 16949 42094 5289 4372 283 182 917 18389 3215 3988 81 4590 849 134 48
cat_boundaries=0 1 2 3 4 5 6
cat_threshold=5248 2 35136 61632 2 768
is_linear=0
shrinkage=0.05


Tree=108
num_leaves=31
num_cat=5
split_feature=17 18 11 17 20 8 4 12 0 4 10 13 3 5 22 0 22 0 17 3 20 22 20 0 3 18 3 0 4 5
split_gain=123.311 22.4124 9.8672 9.07045 4.07359 3.7806 3.92567 3.66284 3.33913 5.28582 2.78885 2.73439 2.70828 2.39086 4.48314 2.24907 2.80064 2.20169 2.16861 2.16487 7.54464 4.27334 9.69552 3.06182 3.20235 4.60754 4.10394 5.70181 2.87115 2.19642
threshold=5.5551104493470298 1.0000000180025095e-35 4.8287135773875844 6.70125100479056 0.34782138042717053 1.0000000180025095e-35 7.5000000000000009 3.4028612767084931 0 10.500000000000002 5.8203795782400318 7.5074155787737569 4.5000000000000009 1.0000000180025095e-35 7.3217749321089656 1 7.523119502640724 2 4.6130757167599619 1.0000000180025095e-35 0.26336759366948759 8.5121326454971271 0.57231568008903977 3 2.5000000000000004 0.26959508574789687 3.5000000000000004 4 8.5000000000000018 1.0000000180025095e-35
decision_type=10 8 10 10 10 2 2 10 1 2 8 10 2 2 8 1 8 1 8 2 10 8 10 1 2 10 2 1 2 2
left_child=1 15 7 4 13 6 -5 -3 9 -6 -10 -12 17 -2 -15 16 -1 -4 -14 20 -9 -22 -23 24 25 28 27 -26 -21 -25
right_child=3 2 12 5 8 -7 -8 19 10 -11 11 -13 18 14 -16 -17 -18 -19 -20 23 21 22 -24 29 26 -27 -28 -29 -30 -31
leaf_value=2.3064822048335377e-06 0.010032385180270446 2.2703403186774553e-06 0.0036902874456615263 -0.018232168588944473 -0.0038857467718607752 0.025646980926915086 0.019157429255981663 0.0060304698127541792 -0.0024635460948607179 -0.022850458688018879 0.0082464840963135007 -0.018781199941796629 -0.0011293714233964363 0.0076678836518452092 -0.0060244596959613261 2.3064822048335377e-06 -0.00079798020519078602 0.0008425304056918154 0.0055421286743311017 -0.0011756808969823158 0.0019709732790735013 0.0024633618619822406 -0.029312698815110411 0.0022489528368352385 0.020740077003656501 -0.010099033413001177 -0.00020583407022717142 -0.00012206762735562178 0.0032956570409231282 -0.00075336096297495391
leaf_weight=122 11906 75061 5571 21 132 23278 20 2841 690 28 4187 27 445 842 527 3772 33 5933 3301 1860 1606 296 229 13023 1474 1188 7300 1190 818 1942
leaf_count=122 11906 75061 5571 21 132 23278 20 2841 690 28 4187 27 445 842 527 3772 33 5933 3301 1860 1606 296 229 13023 1474 1188 7300 1190 818 1942
internal_value=0.00129884 0.000529862 0.00041216 0.00366172 0.00282976 0.00431601 -0.0108537 0.00024525 0.00162322 -0.00529412 0.00185592 0.00234219 0.00160328 0.00329002 0.00131118 0.00424879 -0.00166667 0.00122305 0.00277096 0.000677733 0.00164119 -0.000607696 -0.00452381 0.000511374 -2.52888e-05 -0.00124677 0.000448615 0.00212838 -9.70872e-05 0.00100668
internal_weight=169663 128005 124078 41658 18339 23319 41 108828 5064 160 4904 4214 15250 13275 1369 3927 155 11504 3746 33767 4972 2131 525 28795 13830 3866 9964 2664 2678 14965
internal_count=169663 128005 124078 41658 18339 23319 41 108828 5064 160 4904 4214 15250 13275 1369 3927 155 11504 3746 33767 4972 2131 525 28795 13830 3866 9964 2664 2678 14965
cat_boundaries=0 1 2 3 4 5
cat_threshold=256 8260 64256 44168 8
is_linear=0
shrinkage=0.05


Tree=109
num_leaves=31
num_cat=6
split_feature=19 18 12 17 11 20 0 4 11 19 4 1 13 0 3 19 22 19 0 1 22 7 3 9 0 6 22 19 22 4
split_gain=120.717 23.5441 10.6523 9.6467 3.93997 3.74789 3.79985 4.94056 3.30078 3.01886 2.52785 2.29004 2.34113 2.27015 5.16944 3.33297 2.98306 2.90026 3.41518 4.64581 4.45143 2.76387 2.69108 9.16305 3.03396 3.78239 7.39899 4.09021 2.9842 2.95741
threshold=5.741579572753448 1.0000000180025095e-35 3.8077723681394766 6.70125100479056 5.1007805975571872 0.34501828475419888 0 10.500000000000002 5.9924635484393187 6.4460696923734409 2.5000000000000004 1 6.5396582047327447 2 2.5000000000000004 5.4145337296764131 8.1567087778626295 5.3909121016369257 3 4 6.4967228014086293 3.5000000000000004 1.0000000180025095e-35 1.0000000180025095e-35 5 1.0000000180025095e-35 6.7175569659586802 3.8343287786296183 6.924836967842003 6.5000000000000009
decision_type=10 8 10 8 10 10 1 2 8 8 2 1 8 1 2 10 10 8 1 1 10 10 2 2 1 2 8 10 8 2
left_child=1 -1 13 5 -4 -2 7 10 9 -8 -7 12 -11 14 15 16 -3 22 19 20 21 -19 23 28 25 -24 27 -27 -15 -28
right_child=3 2 4 -5 -6 6 8 -9 -10 11 -12 -13 -14 17 -16 -17 -18 18 -20 -21 -22 -23 24 -25 -26 26 29 -29 -30 -31
leaf_value=2.1911580945943589e-06 0.0089313905196386229 -0.0037959533563105916 0.0013214950281497551 0.024510347882332972 0.0045402911331674026 -0.0069705564134940889 0.0011155901863222125 -0.041476810425021764 0.0075158026161081587 -0.0026333595915245468 0.018810318358875266 -0.0074820712030542295 -0.0086147421368658033 0.00035983619362378719 0.000601520594622734 -0.03373380314864792 -0.010569544104104101 -0.013784252242236028 0.0088972822663748365 0.0010259698315119201 0.0018638220831200974 -0.014432147624334618 -0.00021397377834744417 0.0093861807298808043 5.7208204683000949e-06 -0.012251518910132334 -0.0038804909469568349 -0.0076562971632190254 -5.9025101722268065e-05 -0.00049783350177564484
leaf_weight=3909 12350 2468 28700 24363 7156 26 495 25 3624 22 88 112 20 2314 3454 60 45 61 2092 478 84 156 5032 1912 62483 105 543 58 5748 1881
leaf_count=3909 12350 2468 28700 24363 7156 26 495 25 3624 22 88 112 20 2314 3454 60 45 61 2092 478 84 156 5032 1912 62483 105 543 58 5748 1881
internal_value=0.00127997 0.000526608 0.000406954 0.0036383 0.00113454 0.00271507 0.00146419 -0.0064094 0.00173126 -0.00154854 -0.00245614 -0.00766234 -0.017619 0.000113741 -0.000822428 -0.0025204 -0.00224234 0.000181841 0.0017433 -0.00108365 -0.00596345 -0.00974654 0.000125881 0.000894325 1.65475e-05 -0.000924761 -0.00247971 -0.0127914 0.000156289 -0.0017863
internal_weight=169864 128739 124830 41125 35856 16762 4412 139 4273 649 114 154 42 88974 6027 2573 2513 82947 2871 779 301 217 80076 9974 70102 7619 2587 163 8062 2424
internal_count=169864 128739 124830 41125 35856 16762 4412 139 4273 649 114 154 42 88974 6027 2573 2513 82947 2871 779 301 217 80076 9974 70102 7619 2587 163 8062 2424
cat_boundaries=0 1 2 3 4 5 6
cat_threshold=256 2 320 534 4 9344
is_linear=0
shrinkage=0.05


Tree=110
num_leaves=31
num_cat=7
split_feature=15 18 15 15 20 0 1 0 0 22 8 0 20 18 3 0 4 13 4 4 18 20 0 21 22 18 8 22 4 20
split_gain=100.8 22.0102 10.3305 9.92361 6.01265 4.55041 3.32446 4.40149 2.75329 6.53371 2.69416 2.64055 2.63051 2.62241 2.39792 2.92886 4.83956 2.12339 2.08138 2.96444 2.02906 2.79077 2.02641 2.65691 2.72733 2.36392 3.14977 2.28991 2.00732 4.13069
threshold=5.6477367252630586 1.0000000180025095e-35 4.0439676383937835 6.531674805614319 0.39720626636520556 0 1 2 3 8.5121326454971271 2.5000000000000004 4 0.34782138042717053 0.11244023197892908 4.5000000000000009 5 11.500000000000002 6.3918333542836043 9.5000000000000018 2.5000000000000004 0.16174495645496237 0.16998454516444247 6 8.5381711183456055 6.5763428971570743 1.4861155372196246 5.5000000000000009 7.0273449130842875 7.5000000000000009 0.73281182336142991
decision_type=10 8 8 10 10 1 1 1 1 10 2 1 10 8 2 1 2 10 2 2 8 8 1 10 8 10 2 10 2 10
left_child=1 -1 22 11 5 6 10 12 9 -5 -4 17 13 -8 15 16 -6 -2 19 -15 -21 -22 23 24 28 -24 -27 -28 -3 -30
right_child=3 2 4 8 14 -7 7 -9 -10 -11 -12 -13 -14 18 -16 -17 -18 -19 -20 20 21 -23 25 -25 -26 26 27 -29 29 -31
leaf_value=2.0816001898626978e-06 0.0017617908768240041 -0.0032428066947134205 0.017310606111695406 0.011849025977032657 -0.0053533026933462718 0.00045336422023889775 -0.01214099047899924 0.0031645025596724269 0.019982154439981376 -0.011774098610910487 0.00074934881381761697 0.006888722869000441 -0.032786710329583538 0.0013026987061688484 0.0023408258908203142 4.5947715839880684e-05 -0.028677482751040536 -0.0048989790061420031 0.0094340293800748848 0.0034345267158316442 -0.0087715424745758701 -0.003259521799477061 8.2613648033191829e-06 -0.044593175529717227 -0.00040643191622394747 -0.0014243467272385677 -0.012368014134647515 0.0013826373968182518 -0.024147852515466955 0.021516992933442239
leaf_weight=3884 713 474 4383 968 1090 23811 29 9803 24670 27 916 10017 32 418 4272 8718 141 141 289 107 43 499 67363 25 6108 334 71 31 38 21
leaf_count=3884 713 474 4383 968 1090 23811 29 9803 24670 27 916 10017 32 418 4272 8718 141 141 289 107 43 499 67363 25 6108 334 71 31 38 21
internal_value=0.00123575 0.000596313 0.000484669 0.00356169 0.00100741 0.00131912 0.00195686 0.00147059 0.00409799 0.00146766 0.00299019 0.00229556 -0.00113174 -0.000812274 0.000123409 -0.00030204 -0.00257454 -0.000381944 -0.0004941 -0.00151359 -0.00362866 -0.00487085 0.000101726 -0.000729479 -0.000669327 0.00018353 -0.00348624 -0.0111765 -0.00409944 -0.0127966
internal_weight=169436 132900 129016 36536 54551 40330 16519 11220 25665 995 5299 10871 1417 1385 14221 9949 1231 854 1356 1067 649 542 74465 6666 6641 67799 436 102 533 59
internal_count=169436 132900 129016 36536 54551 40330 16519 11220 25665 995 5299 10871 1417 1385 14221 9949 1231 854 1356 1067 649 542 74465 6666 6641 67799 436 102 533 59
cat_boundaries=0 1 2 3 4 5 6 7
cat_threshold=30088 1 1280 576 5152 12420 14656
is_linear=0
shrinkage=0.05


Tree=111
num_leaves=31
num_cat=7
split_feature=19 18 15 11 18 10 16 3 9 0 4 4 3 0 15 0 18 3 3 0 0 18 0 0 16 10 19 19 16 22
split_gain=110.695 23.168 10.2561 10.1611 3.76395 3.28488 3.03367 4.71355 11.7668 3.63455 11.9828 3.47435 3.1348 4.0698 3.02141 3.51099 3.00322 3.05892 3.66198 5.55794 3.81457 3.22562 2.92983 2.90764 5.53022 3.69583 3.04918 2.75978 3.25042 2.73118
threshold=5.741579572753448 1.0000000180025095e-35 6.7576688628705641 4.9203457561981976 0.42905798000267431 6.0415633147996362 0.30299155758606655 1.0000000180025095e-35 1.0000000180025095e-35 0 9.5000000000000018 2.5000000000000004 4.5000000000000009 1 0.85871717980689166 2 1.0834873744643991 1.5000000000000002 3.5000000000000004 3 4 0.31033353745020259 5 6 0.50761325898756249 7.4392654507645917 6.6091654135321685 3.7161046576840664 0.25718222291922688 6.924836967842003
decision_type=10 8 10 10 10 8 8 2 2 1 2 2 2 1 8 1 8 2 2 1 1 10 1 1 10 10 10 10 10 8
left_child=1 -1 4 6 -2 -6 7 8 22 10 11 -9 14 -14 -8 -16 17 21 19 -19 -20 -17 27 24 -4 26 -26 -3 -29 -13
right_child=2 3 23 -5 5 -7 12 9 -10 -11 -12 29 13 -15 15 16 -18 18 20 -21 -22 -23 -24 -25 25 -27 -28 28 -30 -31
leaf_value=1.977520180368453e-06 0.0092390476790718493 0.0087057856556996202 0.023190692512884106 0.0032324310184437492 -0.0065593612919299348 0.0072318374674629135 -0.0026640856870777637 0.00050502841523581625 0.0092040760000163171 1.7748285744462678e-05 0.0032405874892947866 -0.0023739626423713894 0.0022133376137163608 -0.00015297064346862376 -0.0010538989891680955 0.00032814469099350731 0.00041808906584445788 0.0011877660299953107 0.00029399919251994695 -0.00011792901245684484 -0.0028182081417160907 -0.003947000298768549 1.9600909742779856e-05 0.023471646054309583 0.0009911366468294729 0.0074346678714718728 -0.050229907847139516 -0.017577088047203097 -0.042567089313191406 -0.00072125476842626072
leaf_weight=3885 18521 45 600 14468 461 2035 947 2266 3134 46240 3676 4100 5294 6178 11498 1451 1977 2363 1030 2785 2145 4361 6562 19189 23 47 58 67 22 4542
leaf_count=3885 18521 45 600 14468 461 2035 947 2266 3134 46240 3676 4100 5294 6178 11498 1451 1977 2363 1030 2785 2145 4361 6562 19189 23 47 58 67 22 4542
internal_value=0.0012211 0.000502418 0.00348659 0.000384376 0.00271613 0.00089343 0.000221489 0.000418519 0.00143438 0.000254341 -0.00043374 -0.00126604 -0.000126283 0.000571827 -0.00040673 -0.000311481 0.000164992 -9.02014e-05 0.00052445 0.0013481 -0.000811023 -0.000970406 0.000250896 0.00429959 0.00113821 -0.00828125 -0.0147531 -0.00680556 -0.0124157 -0.00172298
internal_weight=169970 129036 40934 125151 21017 2496 110683 70654 9830 60824 14584 10908 40029 11472 28557 27610 16112 14135 8323 5148 3175 5812 6696 19917 728 128 81 134 89 8642
internal_count=169970 129036 40934 125151 21017 2496 110683 70654 9830 60824 14584 10908 40029 11472 28557 27610 16112 14135 8323 5148 3175 5812 6696 19917 728 128 81 134 89 8642
cat_boundaries=0 1 2 3 4 5 6 7
cat_threshold=44480 50417 4592 34826 50179 10240 576
is_linear=0
shrinkage=0.05


Tree=112
num_leaves=31
num_cat=3
split_feature=17 18 19 5 4 10 0 17 11 19 10 20 22 10 8 4 0 3 3 16 18 19 19 4 17 18 0 4 3 9
split_gain=109.936 22.821 16.1493 5.24606 7.67489 4.65985 4.53406 3.70796 3.63581 4.82418 3.73431 3.51658 3.53386 3.12627 2.90267 4.66762 2.77745 2.60872 4.24789 4.24917 2.59396 2.53811 2.5309 2.47788 2.94969 2.42098 4.17352 5.35741 2.49168 2.37828
threshold=6.4837962159434772 1.0000000180025095e-35 4.7895191959119368 1.0000000180025095e-35 10.500000000000002 6.304905632056319 0 5.2268975589057058 3.8722415940098038 4.4623357279323725 4.603668934485964 1.4491176654321001 5.9614247478900806 4.5824130680447555 1.0000000180025095e-35 4.5000000000000009 1 4.5000000000000009 3.5000000000000004 0.20938128148948168 0.36750214635108019 6.9021060208765173 5.1232513114130089 4.5000000000000009 5.1864320579066954 0.19847348634303827 2 10.500000000000002 3.5000000000000004 1.0000000180025095e-35
decision_type=10 8 8 2 2 8 1 8 10 10 8 10 8 8 2 2 1 2 2 10 10 10 10 2 8 10 1 2 2 2
left_child=1 -1 8 6 -5 16 17 11 -3 -10 -11 12 -8 -14 15 -7 -2 18 -4 23 22 -16 -21 24 -20 -9 27 -27 -28 -6
right_child=5 2 3 4 29 14 7 25 9 10 -12 -13 13 -15 21 -17 -18 -19 19 20 -22 -23 -24 -25 -26 26 28 -29 -30 -31
leaf_value=1.8786441713491975e-06 -0.007816197166124892 -1.8725595365975956e-07 -2.0089333984794516e-05 0.00043958541504991039 -0.017546182801868853 -0.019166255086630432 -0.14823999919000982 0.0081158579193596082 0.0022867820131548112 -0.0022177667577904145 0.00052398749923433558 -0.10308276700052371 -0.004953085543059556 0.0020065636516240605 0.012460113366146558 0.021497887958646753 0.0045271035872987706 0.0030191651564588405 0.0060069238289222702 -0.015471569920829036 -0.0044213448168786392 0.026577391144172235 -0.01042598535893367 0.0015761202535614469 -0.067939527094391688 -0.0033669983432097019 0.002817253340507525 -0.029399555137283668 0.0077858950094888959 0.0033483882983132702
leaf_weight=3947 108 81064 2476 4116 173 21 20 7236 13655 1691 3606 20 424 7714 12271 29 738 1287 23 60 62 16538 38 183 31 184 7476 39 4488 41
leaf_count=3947 108 81064 2476 4116 173 21 20 7236 13655 1691 3606 20 424 7714 12271 29 738 1287 23 60 62 16538 38 183 31 184 7476 39 4488 41
internal_value=0.00116662 0.000580633 0.000471945 0.0013786 -0.000254041 0.00392947 0.00160118 0.00183278 0.000144777 0.000768257 -0.000512554 0.000940328 0.000991665 0.00104325 0.0040367 -0.008 0.000271868 5.99522e-05 -0.000777932 -0.00557934 -0.011875 0.00405759 -0.0169388 -0.00132911 -0.0107407 0.00220949 0.00177936 -0.00487124 0.0019058 -0.00948598
internal_weight=169759 140054 136107 36091 4330 29705 31761 27601 100016 18952 5297 8178 8158 8138 28859 50 846 4160 2873 397 160 28809 98 237 54 19423 12187 223 11964 214
internal_count=169759 140054 136107 36091 4330 29705 31761 27601 100016 18952 5297 8178 8158 8138 28859 50 846 4160 2873 397 160 28809 98 237 54 19423 12187 223 11964 214
cat_boundaries=0 1 2 3
cat_threshold=118 1536 2304
is_linear=0
shrinkage=0.05


Tree=113
num_leaves=31
num_cat=6
split_feature=17 16 12 17 10 10 5 22 3 0 0 3 17 20 1 4 4 0 9 3 20 17 17 0 0 17 22 3 10 22
split_gain=107.354 13.9057 13.8725 8.50982 5.37904 3.71597 4.82498 4.55444 3.52675 4.24393 3.49551 3.15701 3.20707 4.47133 6.12584 2.92811 7.59933 6.23986 5.06262 8.62234 5.16219 4.07453 3.30584 3.46887 3.10507 3.00647 2.97514 2.92821 2.61144 2.46815
threshold=6.4837962159434772 1.0000000180025095e-35 4.9034211409472634 0.72623301608908808 6.304905632056319 1.3986406674150766 1.0000000180025095e-35 7.1700002979321233 4.5000000000000009 0 1 5.5000000000000009 0.78025122936348168 0.095191922360928216 2 3.5000000000000004 7.5000000000000009 3 1.0000000180025095e-35 1.0000000180025095e-35 0.37024870095603046 2.7114977906768511 3.6376115792724222 4 5 5.6938045179403671 6.5191503860859585 1.0000000180025095e-35 4.804430712924959 6.8204393033548554
decision_type=10 8 10 10 8 8 2 10 2 1 1 2 10 10 1 2 2 1 2 2 10 8 10 1 1 8 8 2 10 8
left_child=1 3 5 -1 -2 -3 15 -8 10 -10 -4 12 13 14 -5 -7 18 21 20 -20 -17 -18 -22 29 -19 -26 -23 -28 -21 -24
right_child=4 2 8 11 -6 6 7 -9 9 -11 -12 -13 -14 -15 -16 16 17 24 19 28 22 26 23 -25 25 -27 27 -29 -30 -31
leaf_value=1.7847119627822928e-06 -0.00013249295909447482 -7.5801815181982548e-06 0.0047567934598303427 -6.3345615597565354e-06 0.017491196230668235 0.00060704399561073994 4.3237206103879934e-05 -0.003025675185587219 0.012040220989895321 0.0014606564449167686 0.00094075798749433258 -1.564507220518206e-05 -7.5679347545487559e-06 0.00028099568944571772 4.1628138317151288e-06 0.00022559408634939473 4.3237206103879934e-05 0.0029502063752027338 0.0059554438066938831 -0.0021246003633399106 -0.0044176130256737929 -0.0077985771615989123 -0.0070720222666047459 0.005664065046633201 0.0004163449154307114 0.002259650189683163 -0.0059285975522009836 -0.0010792909356810432 0.0021168996151494984 -0.00062756439353902813
leaf_weight=3376 845 23063 7058 29 28860 18782 7932 3105 3038 2309 9115 260 686 652 49 13755 2939 8642 1003 4853 3320 376 605 1707 16556 1795 315 2266 561 2033
leaf_count=3376 845 23063 7058 29 28860 18782 7932 3105 3038 2309 9115 260 686 652 49 13755 2939 8642 1003 4853 3320 376 605 1707 16556 1795 315 2266 561 2033
internal_value=0.00117212 0.000593523 0.000497232 0.00316904 0.00390254 0.000276741 0.000421062 -0.000558576 0.00166125 0.00277445 0.0012932 0.000256563 0.00118644 0.00349315 -0.00782051 0.000557051 0.000388302 0.000902886 -0.000219671 -0.00145161 0.000149393 -0.000570606 -0.000890411 1.72614e-05 0.00122449 0.000855346 -0.00188197 -0.00127664 -0.00224049 -0.00111782
internal_weight=169885 140180 135128 5052 29705 113608 90545 11037 21520 5347 16173 1676 1416 730 78 79508 60726 32889 27837 6417 21420 5896 7665 4345 26993 18351 2957 2581 5414 2638
internal_count=169885 140180 135128 5052 29705 113608 90545 11037 21520 5347 16173 1676 1416 730 78 79508 60726 32889 27837 6417 21420 5896 7665 4345 26993 18351 2957 2581 5414 2638
cat_boundaries=0 1 2 3 4 5 6
cat_threshold=24769 32384 2 848 41 37892
is_linear=0
shrinkage=0.05


Tree=114
num_leaves=31
num_cat=5
split_feature=19 18 19 15 15 5 18 0 3 0 18 3 12 5 0 20 16 18 8 20 3 4 16 4 0 8 0 3 7 16
split_gain=106.275 19.2766 12.0879 7.90043 4.66178 4.30165 2.94903 2.89863 2.88105 5.62577 3.27778 6.13229 2.64564 2.72594 2.66604 8.31727 14.9578 5.21344 4.76257 2.98914 2.59286 2.60493 2.55846 2.55232 2.67361 2.52014 2.60371 3.95004 2.46716 3.56272
threshold=5.741579572753448 1.0000000180025095e-35 6.8054476077945383 3.9873593400761491 0.69331376394879285 1.0000000180025095e-35 0.41165277564295472 0 4.5000000000000009 1 1.4861155372196246 5.5000000000000009 1.1150072000796054 1.0000000180025095e-35 2 0.11507317529480547 1.0000000180025095e-35 0.13515503603605497 6.5000000000000009 1.0000000180025095e-35 4.5000000000000009 3.5000000000000004 0.14974429725165006 3.5000000000000004 3 3.5000000000000004 4 1.0000000180025095e-35 1.0000000180025095e-35 0.13568987674279018
decision_type=10 8 10 10 8 2 10 1 2 1 10 2 10 2 1 8 8 10 2 8 2 2 10 2 1 2 1 2 10 10
left_child=1 4 6 12 -1 8 -2 -8 22 -10 -11 -12 14 23 15 16 18 28 -3 20 21 -16 -5 -14 -25 26 27 -7 -18 -30
right_child=2 3 -4 5 -6 25 7 -9 9 10 11 -13 13 -15 19 -17 17 -19 -20 -21 -22 -23 -24 24 -26 -27 -28 -29 29 -31
leaf_value=1.6954763646437333e-06 0.0076083459873406145 -1.3470121922665169e-05 0.021391702978738315 0.0024700268143844992 3.3391590207761034e-06 -0.043238026207109981 -0.0034613512115290335 0.0067039878851121934 0.010797327591930011 0.0020135045757073366 0.14153953101710254 -0.01446622164662085 0.0017234845145821737 -0.00085491260511572358 -5.023502693491389e-05 -2.0556359126176921e-05 8.3568181300866766e-06 -2.3196717871172926e-05 -1.2932990816227898e-06 6.6178007609870651e-06 -0.00016160516039879922 3.840424780079399e-05 0.00093882086921586849 0.0014888952669575546 -8.4965558102744626e-05 -0.00020354686725636832 0.0017308497807023157 -0.0075791273467796551 -3.6444114566993078e-05 -0.00026746483838876355
leaf_weight=3210 17663 68 20895 6534 710 21 440 2080 2315 6072 56 64 7984 4834 21 19796 225 73 21 24537 20 43 20184 10092 16548 4933 104 101 203 20
leaf_count=3210 17663 68 20895 6534 710 21 440 2080 2315 6072 56 64 7984 4834 21 19796 225 73 21 24537 20 43 20184 10092 16548 4933 104 101 203 20
internal_value=0.00113139 0.000425075 0.00334583 0.000316692 0.00387755 0.000891938 0.00247312 0.000873016 0.00108943 0.0018908 0.00109803 -0.00708333 4.17236e-05 0.000340616 -0.000220201 -0.000642633 -0.00639344 -0.00315739 -0.0253371 0.000130121 -0.00928571 -0.004375 0.000834269 0.000495899 0.000260886 -0.000456484 -0.00561947 -0.0101515 -0.00113839 -0.00486547
internal_weight=169867 128789 41078 124869 3920 40384 20183 2520 35225 8507 6192 120 84485 39458 45027 20406 610 521 89 24621 84 64 26718 34624 26640 5159 226 122 448 223
internal_count=169867 128789 41078 124869 3920 40384 20183 2520 35225 8507 6192 120 84485 39458 45027 20406 610 521 89 24621 84 64 26718 34624 26640 5159 226 122 448 223
cat_boundaries=0 1 2 3 4 5
cat_threshold=768 16453 11334 100 14880
is_linear=0
shrinkage=0.05


Tree=115
num_leaves=31
num_cat=1
split_feature=19 18 19 12 15 10 5 8 8 20 22 4 19 5 4 19 5 11 7 4 15 18 4 4 22 1 16 4 4 22
split_gain=99.529 18.9231 11.7709 7.81901 5.66035 5.41515 4.86241 4.27894 4.6248 3.68516 3.26077 7.68936 2.979 3.05436 4.57499 3.0655 3.01523 2.80022 2.68669 4.13617 2.63038 3.12431 2.61519 2.49895 5.8593 5.38423 2.48684 2.29618 4.7872 4.09713
threshold=5.741579572753448 1.0000000180025095e-35 6.8054476077945383 3.8077723681394766 0.69331376394879285 6.304905632056319 1.0000000180025095e-35 3.5000000000000004 6.5000000000000009 0.48298727127919089 7.4560392880383075 4.5000000000000009 1.1481817452245191 1.0000000180025095e-35 10.500000000000002 4.8670449182119446 1.0000000180025095e-35 5.3035536024188419 9.5000000000000018 8.5000000000000018 0.91657791742738948 0.21999318647596941 10.500000000000002 11.500000000000002 7.3654843367240659 0 0.22208238599211247 3.5000000000000004 7.5000000000000009 6.5763428971570743
decision_type=10 8 10 10 8 8 2 2 2 10 10 2 8 2 2 8 2 10 10 2 8 10 2 2 8 1 8 2 2 10
left_child=1 4 9 12 -1 7 17 -4 -9 -2 -6 -12 16 27 -15 -16 20 -5 -7 -20 -3 23 -8 -22 25 26 -25 -14 -29 -30
right_child=2 3 5 6 10 18 22 8 -10 -11 11 -13 13 14 15 -17 -18 -19 19 -21 21 -23 -24 24 -26 -27 -28 28 29 -31
leaf_value=1.6107025464118243e-06 0.0073731956671304021 -1.9887077528453243e-06 -0.041741210499879333 0.0015160809211277357 1.7057330343156485e-05 0.020448457678480515 -0.00033041995866188906 0.0079318351243696655 -0.017852003802643294 0.0013943833977909832 -1.052068631078873e-05 7.9484199195456459e-06 0.0017154558337517277 -0.00032800241531087611 -0.0069488446396838814 -0.025393956059737956 1.6314124245675905e-05 0.005386003670865969 -0.092970684996773523 0.077605165354966421 -4.0008799271077573e-05 -2.5267531923878995e-05 -0.010165952226378913 -7.457701704044333e-05 -3.3899768366840458e-05 -0.00075688898467589404 0.00036775427711763849 -0.00040123948299594441 -0.00057445861202258747 0.0016346702098060828
leaf_weight=3250 17707 12336 22 27680 540 20494 4098 184 21 2320 54 114 13446 7338 595 48 3276 3851 20 27 3320 5071 295 57 195 44 27 19392 6436 17172
leaf_count=3250 17707 12336 22 27680 540 20494 4098 184 21 2320 54 114 13446 7338 595 48 3276 3851 20 27 3320 5071 295 57 195 44 27 19392 6436 17172
internal_value=0.001104 0.000421542 0.00325591 0.00031349 0.00382516 0.00408995 0.000935865 -0.00359031 -0.00134146 0.00239102 -0.000225989 -0.00630952 6.15756e-05 0.000239574 -0.00067598 -0.00472006 -0.000409849 0.00115299 0.00417482 -0.00776596 -0.000629453 -0.00129447 -0.000622581 -0.00241147 -0.00660991 -0.0149219 -0.0075 0.000369025 0.000190698 0.000668841
internal_weight=169430 128635 40795 124677 3958 20768 35924 227 205 20027 708 168 88753 64427 7981 643 24326 31531 20541 47 21050 8714 4393 3643 323 128 84 56446 43000 23608
internal_count=169430 128635 40795 124677 3958 20768 35924 227 205 20027 708 168 88753 64427 7981 643 24326 31531 20541 47 21050 8714 4393 3643 323 128 84 56446 43000 23608
cat_boundaries=0 1
cat_threshold=2
is_linear=0
shrinkage=0.05


Tree=116
num_leaves=31
num_cat=1
split_feature=17 18 19 15 11 10 19 8 3 1 10 22 4 18 8 3 9 22 3 19 3 19 20 22 9 17 18 10 15 19
split_gain=100.55 17.9249 14.4047 6.3533 5.88217 5.19561 3.90276 7.69887 3.7884 4.3209 5.0528 3.10672 5.73579 2.94932 2.71585 2.46326 11.0181 2.66822 2.63377 4.59746 4.27371 5.21132 3.7728 3.36922 3.10762 4.10159 3.5236 2.6471 2.53739 2.38792
threshold=6.4837962159434772 1.0000000180025095e-35 5.3706183488597397 0.69331376394879285 3.8722415940098038 6.2520002129995369 6.9021060208765173 1.0000000180025095e-35 5.5000000000000009 0 0.66750053336617021 7.6498831131395439 4.5000000000000009 0.12821932533482064 6.5000000000000009 1.0000000180025095e-35 1.0000000180025095e-35 7.1059539145576744 4.5000000000000009 1.2898050142582067 3.5000000000000004 2.85119340686088 1.0000000180025095e-35 6.9559085075106131 1.0000000180025095e-35 3.5982483607069704 2.3059096439962876 1.0816615128302691 2.9351872388735214 0.72022334535698973
decision_type=10 8 10 8 10 8 10 2 2 1 10 10 2 10 2 2 2 8 2 10 2 10 8 10 2 8 10 8 8 8
left_child=1 3 4 -1 15 14 -7 -8 11 -10 -11 -5 -13 -4 -2 16 17 -3 20 22 -17 29 23 -20 25 -23 -27 -24 -26 -22
right_child=5 2 13 8 -6 6 7 -9 9 10 -12 12 -14 -15 -16 18 -18 -19 19 -21 21 24 27 -25 28 26 -28 -29 -30 -31
leaf_value=1.53016741908929e-06 2.7303214053541228e-05 0.00010130695069252756 0.011457458298128853 3.0937677318215727e-05 0.0013029331382620934 0.010197479180755555 -0.01761405270649757 0.02195740971412663 3.0937677318215727e-05 -3.3204603860048644e-05 1.2523332366701513e-05 -9.9946519952487378e-06 7.5509989235666987e-06 0.0035723724591601291 -0.0089277559784502365 -1.5070526748797382e-06 0.0083511902953613947 -0.00031426215150613039 1.1209226590947769e-05 0.0014211539176422205 -0.00087400144661103863 -0.0067663423681116322 4.1544482919641322e-06 -0.00011278695089933409 -0.0054847879672119482 -0.0019075919222603741 -0.025089108236601428 -4.8197646570678196e-05 0.00017874018068620684 4.1169000768782683e-06
leaf_weight=3239 616 3946 2423 469 31075 12373 21 16543 48 59 27 33 64 14183 29 39224 2312 5485 24 16033 766 1877 3940 33 31 2394 40 4781 1410 6405
leaf_count=3239 616 3946 2423 469 31075 12373 21 16543 48 59 27 33 64 14183 29 39224 2312 5485 24 16033 766 1877 3940 33 31 2394 40 4781 1410 6405
internal_value=0.00105275 0.00049426 0.00039822 0.0038195 0.000206886 0.00370191 0.00380084 0.0043027 -0.0005 -0.0080597 -0.0147674 0.00128975 -0.00685567 0.00177827 -0.000736434 -5.07136e-07 0.000674019 -8.42963e-05 -0.000103433 0.000320624 -0.000305195 -0.00109379 -0.000599225 -0.0134211 -0.00221488 -0.0028868 -0.00153246 -0.000515422 -0.000204719 -0.000194533
internal_weight=169903 140321 136382 3939 119776 29582 28937 16564 700 134 86 566 97 16606 645 88701 11743 9431 76958 24811 52147 12923 8778 57 5752 4311 2434 8721 1441 7171
internal_count=169903 140321 136382 3939 119776 29582 28937 16564 700 134 86 566 97 16606 645 88701 11743 9431 76958 24811 52147 12923 8778 57 5752 4311 2434 8721 1441 7171
cat_boundaries=0 1
cat_threshold=4
is_linear=0
shrinkage=0.05


Tree=117
num_leaves=31
num_cat=5
split_feature=17 18 19 5 8 17 19 7 4 22 20 10 20 22 0 19 10 0 20 4 6 0 0 10 0 22 2 10 19 20
split_gain=97.9066 17.8842 10.5642 5.70344 5.23906 5.13958 8.00864 5.59571 4.30766 7.87724 3.67632 3.36711 3.6905 3.28098 3.08638 2.89719 8.18925 4.48974 3.09987 3.98974 2.91458 2.78897 2.70137 2.49424 2.33685 4.11508 2.30431 2.3165 2.25867 2.45614
threshold=6.4837962159434772 1.0000000180025095e-35 5.2328133714282785 1.0000000180025095e-35 2.5000000000000004 6.8440736056454847 7.0550764083187998 7.5000000000000009 3.5000000000000004 7.4624015422836418 0.17129327619472193 3.9522043336703749 1.4491176654321001 7.3466872074381433 0 4.4623357279323725 4.7366368526312632 1 0.52399207079608523 10.500000000000002 1.0000000180025095e-35 2 3 5.2885194921995211 4 8.1815623763561867 1.5000000000000002 4.5596495337720215 5.096680027388155 0.59714691507629836
decision_type=10 8 8 2 2 10 10 10 2 10 8 10 10 10 1 10 10 1 10 2 2 1 1 10 1 8 2 10 10 10
left_child=1 4 11 10 8 6 24 -7 9 -1 -4 -3 15 -5 -12 21 17 -17 20 28 -19 -13 -18 -16 25 -2 -14 -28 29 -20
right_child=5 2 3 13 -6 7 -8 -9 -10 -11 14 12 26 -15 23 16 22 18 19 -21 -22 -23 -24 -25 -26 -27 27 -29 -30 -31
leaf_value=-8.5929610751933616e-06 0.0017585581114597359 1.1114571756742597e-06 0.009669350762584324 0.00033895786610573875 1.4536590481339928e-06 0.019466134343288657 -0.057028532429994928 -0.014128849359549736 9.2112291165680205e-06 -9.4949193954863016e-06 0.0043569002006381098 0.0036830845948544601 -0.014263466113178384 -0.0067359224146352863 -0.00044121239256400546 -0.00047015590622287461 0.0037135148320322576 -0.0015639961706907176 -0.01141698088586094 0.012972302572150617 -0.0058977000931366898 0.0019780491306015005 0.00095602638793018365 0.0044740902366654746 0.0092404844822501307 -0.009456455747875802 -0.016903485804697204 -5.253201250491257e-05 -0.021025715417647532 -0.0045711336047958842
leaf_weight=138 302 86601 1682 2189 3245 18892 34 24 465 51 14308 2737 209 622 3694 3063 2189 1054 57 39 230 8709 6434 1751 10323 66 20 368 20 48
leaf_count=138 302 86601 1682 2189 3245 18892 34 24 465 51 14308 2737 209 622 3694 3063 2189 1054 57 39 230 8709 6434 1751 10323 66 20 368 20 48
internal_value=0.00102156 0.000468579 0.000372876 0.00131898 0.00380739 0.00363196 0.00275758 0.00412772 -0.000275229 -0.00664021 0.00159669 0.000167654 0.00067661 -0.000798648 0.00140561 0.000770952 0.0002642 -0.00146198 -0.00374486 -0.0102439 -0.00294392 0.00135244 0.00116723 0.000389551 0.00283463 -0.00108466 -0.0032077 -0.000927835 -0.0146 -0.0116667
internal_weight=169564 139923 136024 24246 3899 29641 10725 18916 654 189 21435 111778 25177 2811 19753 24580 13134 4511 1448 164 1284 11446 8623 5445 10691 368 597 388 125 105
internal_count=169564 139923 136024 24246 3899 29641 10725 18916 654 189 21435 111778 25177 2811 19753 24580 13134 4511 1448 164 1284 11446 8623 5445 10691 368 597 388 125 105
cat_boundaries=0 1 2 3 4 5
cat_threshold=60553 14377 39425 12800 512
is_linear=0
shrinkage=0.05


Tree=118
num_leaves=31
num_cat=7
split_feature=19 18 11 15 10 19 0 15 3 0 0 4 3 3 0 21 0 19 8 10 10 1 21 20 3 16 10 20 20 1
split_gain=88.3522 17.1648 15.7266 5.21438 4.52835 4.21135 5.85163 4.7087 4.36793 6.73911 4.90364 9.0661 4.98486 5.78145 12.6001 5.33494 5.24294 5.18289 3.4852 3.04385 3.0032 2.95983 4.56535 3.78913 2.91768 2.74247 2.69977 3.01538 4.12857 2.68005
threshold=6.6905874179463574 1.0000000180025095e-35 5.2100323025407267 0.69331376394879285 6.304905632056319 5.741579572753448 0 2.8998049094016198 1.0000000180025095e-35 1 2 8.5000000000000018 4.5000000000000009 3.5000000000000004 3 7.0286444981038345 4 4.9799550492115428 3.5000000000000004 5.2885194921995211 4.8555396477955686 5 8.1622300485615504 0.73281182336142991 3.5000000000000004 0.13820552491184263 4.4664825012565208 0.51542064908199159 0.79708292673758185 6
decision_type=10 8 10 8 8 8 1 10 2 1 1 2 2 2 1 10 1 10 2 8 8 1 8 8 2 10 8 10 10 1
left_child=1 3 5 -1 -2 7 -7 -3 9 18 11 -10 13 17 -15 -16 -14 20 -9 -4 -12 -8 -23 -24 25 -21 27 -19 -29 -13
right_child=4 2 19 -5 -6 6 21 8 10 -11 12 29 16 14 15 -17 -18 26 -20 24 -22 22 23 -25 -26 -27 -28 28 -30 -31
leaf_value=1.3809760957272932e-06 -0.0034915677943761179 -6.7940584716553897e-06 0.00069748487747242605 -7.6412726892815868e-08 0.016136196998448503 0.015955929345299335 0.0025781286950434202 -0.0057107510854084555 -0.0011572926572501854 0.00050614347758336567 0.0010909688602204438 0.0043291686893125398 0.00077765401660716347 0.0028853789767464308 -0.0021552332366450125 -0.0060413559219733327 0.0058685285314992626 0.012820140767092106 0.0084097455394628526 0.0078043703404130724 0.0030951400730682213 0.0015548740206291639 0.0021485314191037408 -0.0084210537197438005 0.0079725446023016424 0.0025363863637423039 -0.0011911815646800487 -0.025393784949804613 -0.0059048164953273531 0.00050906332399318615
leaf_weight=3193 394 53057 3409 702 23613 1906 3121 299 9547 4945 10184 1781 6449 2340 2772 1943 5437 20 3044 2174 5367 2174 462 824 6583 7718 3434 24 21 2595
leaf_count=3193 394 53057 3409 702 23613 1906 3121 299 9547 4945 10184 1781 6449 2340 2772 1943 5437 20 3044 2174 5367 2174 462 824 6583 7718 3434 24 21 2595
internal_value=0.00103379 0.000570177 0.000480124 0.00384467 0.00384409 0.000267196 0.00134146 0.000186696 0.000489353 0.00155526 0.000319182 -0.000483385 0.000613274 0.000226968 -0.000995747 -0.00248148 0.00146222 0.00067979 0.00328512 0.00178385 0.00107099 0.000630405 -0.000375722 -0.00273717 0.00206525 0.00152244 -0.00105887 -0.0111538 -0.0183333 0.00140082
internal_weight=169532 145525 141630 3895 24007 121746 8487 113259 60202 8288 51914 13923 37991 26105 7055 4715 11886 19050 3343 19884 15551 6581 3460 1286 16475 9892 3499 65 45 4376
internal_count=169532 145525 141630 3895 24007 121746 8487 113259 60202 8288 51914 13923 37991 26105 7055 4715 11886 19050 3343 19884 15551 6581 3460 1286 16475 9892 3499 65 45 4376
cat_boundaries=0 1 2 3 4 5 6 7
cat_threshold=43176 48288 44096 16517 4744 1 2
is_linear=0
shrinkage=0.05


Tree=119
num_leaves=31
num_cat=4
split_feature=15 18 11 15 16 1 16 12 10 22 4 10 13 15 0 13 16 0 11 15 15 5 12 0 5 14 11 14 21 5
split_gain=83.6487 17.8467 11.0694 4.8869 3.69644 3.41503 2.97207 3.7074 3.03978 2.94771 7.23349 2.77988 2.76241 2.7273 2.7044 2.70822 2.64837 5.98309 2.63464 2.55494 2.51366 2.26741 2.22643 2.20877 2.20537 3.0375 2.16202 2.31142 2.89286 2.11081
threshold=6.5974852954627767 1.0000000180025095e-35 5.0817148275836965 0.69331376394879285 0.0974869570508302 0 0.30072073833847884 5.5836842433826721 4.0439276922482579 7.4624015422836418 5.5000000000000009 6.2773009516322995 6.3918333542836043 3.4001510182624615 1 2.6426160634996907 0.49630722645441711 2 7.1554353323795619 4.3998377649767315 6.9258418769394909 1.0000000180025095e-35 7.5814902167112015 3 1.0000000180025095e-35 6.6189392104437426 4.4664825012565208 4.8755788569854035 7.4404391602237441 1.0000000180025095e-35
decision_type=10 8 10 8 10 1 10 10 10 10 2 10 10 10 1 8 10 1 8 10 10 2 8 1 2 8 8 10 10 2
left_child=1 3 6 -1 -4 9 7 8 12 -5 -11 14 -3 -8 -6 -16 20 -18 22 -10 21 -2 -19 24 -9 -26 27 -21 -29 -17
right_child=16 2 4 5 11 -7 13 23 19 10 -12 -13 -14 -15 15 29 17 18 -20 26 -22 -23 -24 -25 25 -27 -28 28 -30 -31
leaf_value=1.3119272909423163e-06 0.010081008405896119 8.6947434295151111e-06 0.008459273817686342 -8.1594923850902837e-06 0.0040247838886833713 2.583820593154984e-05 -0.00025551494612934352 0.0011147140207188883 0.0031875142104794149 -9.0163527893649682e-06 2.3093877586610536e-05 0.0072486590443474599 0.018751065637529766 0.00060373235371655176 -0.0147774314260684 0.0017243176841141195 0.010942907841200146 -0.033800164991645801 -0.0074982571840769398 -0.0013615183223799276 0.019524463439653951 0.002890654700020011 -0.006740247163747346 0.0090343757354640897 -0.001455582292320683 -0.040774938590285512 0.00097958524744212348 -0.0027678468095185711 -0.019302262119588045 -0.0017957088982272715
leaf_weight=3189 7713 69200 3069 159 4896 444 14268 938 6255 43 32 3040 603 16251 70 9031 635 27 119 689 14406 1050 33 2360 80 40 9771 63 21 1235
leaf_count=3189 7713 69200 3069 159 4896 444 14268 938 6255 43 32 3040 603 16251 70 9031 635 27 119 689 14406 1050 33 2360 80 40 9771 63 21 1235
internal_value=0.00101279 0.000562516 0.000471173 0.00391389 0.00152078 5.89972e-05 0.000285344 0.000429905 0.000366158 -0.00482906 -0.013 0.00125109 0.000220836 -0.000141059 0.000975578 0.000515175 0.00374911 0.000945946 -0.00690476 0.000969998 0.0038476 0.00317985 -0.0158333 0.00204506 0.000131086 -0.00625 0.000495068 -0.00205045 -0.00988095 0.000582506
internal_weight=169730 145747 141880 3867 21341 678 120539 90020 86602 234 75 18272 69803 30519 15232 10336 23983 814 179 16799 23169 8763 60 3418 1058 120 10544 773 84 10266
internal_count=169730 145747 141880 3867 21341 678 120539 90020 86602 234 75 18272 69803 30519 15232 10336 23983 814 179 16799 23169 8763 60 3418 1058 120 10544 773 84 10266
cat_boundaries=0 1 2 3 4
cat_threshold=1 30848 16385 4097
is_linear=0
shrinkage=0.05


Tree=120
num_leaves=31
num_cat=2
split_feature=17 18 19 15 15 7 3 1 15 22 4 18 3 9 3 9 20 22 20 15 4 18 22 20 15 1 3 20 16 17
split_gain=84.4682 17.0971 9.81401 7.30935 6.67834 5.71771 5.58432 5.87413 5.0682 4.56879 4.39734 4.09612 3.45114 5.53014 5.16434 9.09651 3.59648 10.3224 3.65399 3.20962 3.11117 2.83569 3.11958 2.4523 2.41136 2.33396 9.13125 5.87242 3.73218 4.8597
threshold=6.4837962159434772 1.0000000180025095e-35 5.4805184875252397 0.37012364598125269 6.7576688628705641 8.5000000000000018 5.5000000000000009 0 3.3808971896610527 7.6498831131395439 4.5000000000000009 0.35765304271357673 4.5000000000000009 1.0000000180025095e-35 1.0000000180025095e-35 1.0000000180025095e-35 0.89334677428537035 6.4546019964224106 0.98480119836490176 4.6936997671386722 9.5000000000000018 0.35765304271357673 8.5121326454971271 1.0000000180025095e-35 5.9679582938770848 1 3.5000000000000004 0.79708292673758185 0.20854358895189379 4.5865388485947092
decision_type=10 8 10 10 8 10 2 1 10 10 2 10 2 2 2 2 10 10 10 10 2 10 10 10 10 1 2 10 10 10
left_child=1 3 8 6 24 21 9 -8 -3 -1 -11 -4 14 19 15 16 -10 18 20 -14 -18 -6 -23 -9 -2 27 -27 -16 -28 -30
right_child=4 2 11 -5 5 -7 7 23 12 10 -12 -13 13 -15 25 -17 17 -19 -20 -21 -22 22 -24 -25 -26 26 28 -29 29 -31
leaf_value=2.7642142336248288e-05 -0.024796075164842942 -3.9849470480387638e-06 0.0049397394113638313 1.2463309263965884e-06 0.015700926386750826 -0.010820963879265814 2.7642142336248288e-05 -3.0702930357690009e-05 0.00099074066662054668 -8.5655351498958872e-06 5.4247978613308772e-06 -0.00030451115025511942 0.003104059112033325 -0.0002152641398159989 0.00036611791862617313 0.0082983727929480579 -0.017138629773220112 0.002731873880690302 -0.018399412315905011 0.0070328837856851942 -0.052104792443058004 0.0099601709109846531 -0.012116035903611953 -1.8683110029349415e-05 0.0062514780534137547 0.00042207553894265949 -0.00082394724417552019 0.023946327406664945 -0.0039780428664280927 -0.0091397209078134013
leaf_weight=424 24 64106 11245 3274 19637 23 42 65 4941 40 61 2847 7435 4521 19605 2797 37 269 57 2771 27 2703 29 23 7097 10853 1315 1038 1943 541
leaf_count=424 24 64106 11245 3274 19637 23 42 65 4941 40 61 2847 7435 4521 19605 2797 37 269 57 2771 27 2703 29 23 7097 10853 1315 1038 1943 541
internal_value=0.000974439 0.000462906 0.000369203 0.00371469 0.00340579 0.00382994 -0.00110687 -0.0103846 0.000225183 0.00119048 -0.00836634 0.00161865 0.000563199 0.00122462 0.000338876 0.00147515 0.000263553 -0.00435897 -0.0164876 0.00186949 -0.0246875 0.00385556 0.00234627 -0.0177273 0.00207204 7.72066e-05 -0.000405405 0.000419755 -0.00251514 -0.00365539
internal_weight=169790 140277 136348 3929 29513 22392 655 130 122256 525 101 14092 58150 14727 43423 8128 5331 390 121 10206 64 22369 2732 88 7121 35295 14652 20643 3799 2484
internal_count=169790 140277 136348 3929 29513 22392 655 130 122256 525 101 14092 58150 14727 43423 8128 5331 390 121 10206 64 22369 2732 88 7121 35295 14652 20643 3799 2484
cat_boundaries=0 1 2
cat_threshold=4 2
is_linear=0
shrinkage=0.05


Tree=121
num_leaves=31
num_cat=6
split_feature=19 18 19 15 0 15 20 5 6 0 3 9 15 18 0 16 11 20 16 1 20 3 1 21 3 19 1 19 11 21
split_gain=81.0928 18.0201 16.1499 4.79567 4.59944 4.48541 4.21054 4.1879 3.88059 5.13517 4.09689 4.2373 3.55189 3.42573 3.46175 6.53681 5.63002 4.88057 3.30589 3.2016 4.24904 3.37682 3.01524 4.74188 2.7279 2.65132 8.62645 5.99236 3.52867 3.31757
threshold=6.7431565105464033 1.0000000180025095e-35 5.4805184875252397 0.37012364598125269 0 2.8998049094016198 0.50710923306503375 1.0000000180025095e-35 1.0000000180025095e-35 1 1.0000000180025095e-35 1.0000000180025095e-35 5.3267613846764741 0.32321609591081235 2 0.50761325898756249 7.4524022829966956 0.79708292673758185 0.30299155758606655 3 1.0000000180025095e-35 5.5000000000000009 4 8.4796941365426743 2.5000000000000004 4.4301262208368408 5 4.6404925339212362 3.9522043336703749 7.9199014799889058
decision_type=10 8 8 10 1 10 8 2 2 1 2 2 8 10 1 10 10 10 10 1 8 2 1 8 2 10 1 10 8 10
left_child=1 3 5 19 -4 -3 12 8 18 10 11 -10 -6 -2 -15 -16 17 -17 -7 20 21 -1 -8 -24 -14 28 27 -27 -12 -28
right_child=13 2 4 -5 6 7 22 -9 9 -11 25 -13 24 14 15 16 -18 -19 -20 -21 -22 -23 23 -25 -26 26 29 -29 -30 -31
leaf_value=-8.1372583923988727e-06 0.015686400439104482 -5.9107452138232648e-06 0.007635441904919632 1.1840143800789793e-06 -0.0080161606601026458 0.0016884240986456125 0.0015913986191679831 -0.0006429104415051559 -0.014619264981765322 0.0011895083524147952 -0.002074434366459594 0.0058000004993015563 0.0018410657342054063 0.011482536304585431 0.0054046672655632929 -0.035277892474800732 0.017069820038680829 -0.011746847517998964 0.00053112675722159948 1.4271401980536781e-05 1.6463686508905175e-05 -2.9167783839806339e-05 0.001231480486991285 -0.0058156275083676399 0.0066132823894153817 -0.0085097494059270442 -0.0019885130288697884 -0.011250778133608301 0.00055869483223557222 -0.0055752665161347215
leaf_weight=121 18482 52900 6443 3268 62 27118 1475 8237 110 14161 1812 802 5747 3929 335 34 34 32 11232 411 93 33 1072 996 7627 89 1377 41 1745 26
leaf_count=121 18482 52900 6443 3268 62 27118 1475 8237 110 14161 1812 802 5747 3929 335 34 34 32 11232 411 93 33 1072 996 7627 89 1377 41 1745 26
internal_value=0.000968065 0.000537354 0.00044565 0.00387927 0.00164632 0.000210614 0.00121226 0.000483146 0.00063174 7.01782e-05 -0.00115436 0.00192982 0.0016173 0.00373939 0.00247938 -0.00174157 -0.013 -0.0215152 0.000926988 -1.51974e-05 -0.00451417 -0.00961039 -0.00032035 -0.00155222 0.00167265 -0.00170923 -0.00344749 -0.0157692 -0.000960079 -0.00230577
internal_weight=169844 146998 143072 3926 23422 119650 16979 66750 58513 20163 6002 912 13436 22846 4364 435 100 66 38350 658 247 154 3543 2068 13374 5090 1533 130 3557 1403
internal_count=169844 146998 143072 3926 23422 119650 16979 66750 58513 20163 6002 912 13436 22846 4364 435 100 66 38350 658 247 154 3543 2068 13374 5090 1533 130 3557 1403
cat_boundaries=0 1 2 3 4 5 6
cat_threshold=59560 40000 16481 1 1 2
is_linear=0
shrinkage=0.05


Tree=122
num_leaves=31
num_cat=6
split_feature=17 18 19 19 8 0 20 1 4 0 6 4 17 17 17 0 4 10 17 4 18 2 17 19 20 21 1 0 21 12
split_gain=78.847 17.6411 11.8784 5.08826 5.06835 4.84011 4.44265 4.09087 3.16122 3.08665 3.0156 4.12293 3.17719 12.0714 6.5653 2.88771 3.86252 2.9248 3.73955 8.61969 5.43162 2.93825 2.74217 4.64015 2.49682 3.76497 2.44079 2.30379 2.69215 2.10849
threshold=6.6111645455386503 1.0000000180025095e-35 5.4805184875252397 6.9646704986799959 2.5000000000000004 0 0.34501828475419888 1 3.5000000000000004 2 1.0000000180025095e-35 7.5000000000000009 4.3412254058270197 4.8416593269066874 4.4353239532957351 3 4.5000000000000009 5.9564846187461553 5.7762814295909246 7.5000000000000009 0.48245328330535847 2.5000000000000004 6.8257964327499234 7.0550764083187998 1.0000000180025095e-35 7.5248301129598225 4 5 7.9571757909813918 1.1150072000796054
decision_type=10 8 8 10 2 1 8 1 2 1 2 2 10 10 10 1 2 10 10 2 10 2 10 10 10 8 1 1 8 10
left_child=1 4 7 -2 8 -4 -7 9 24 10 -3 12 -12 14 -14 17 -17 18 26 -20 -21 -22 23 -5 25 -1 27 28 -8 -11
right_child=3 2 5 22 -6 6 15 -9 -10 29 11 -13 13 -15 -16 16 -18 -19 19 20 21 -23 -24 -25 -26 -27 -28 -29 -30 -31
leaf_value=1.117591267947972e-05 0.008066089529315007 0.002216378022355657 0.0085612297886036876 0.0047149561281074536 1.1248136610741977e-06 0.0043066780989790667 0.0018400796064626038 -1.3392190592874233e-05 1.0856298045763273e-05 -3.4890985246529056e-06 -0.00075635108055936327 0.0016995148541376712 -0.0078646389522593202 0.0012729463950289131 -0.0097492417124794926 -0.0031808676281876226 0.0052486184786267303 0.012087893571137213 -0.00039035871430517061 -0.019974573904483751 -0.0039407545257201292 -0.0097875684944122143 0.018933056565761677 -0.11205847921034331 2.1574086811582422e-05 -7.7303954727769852e-06 0.00037784633760701682 -6.9431510614426101e-05 -0.013203450656590411 0.00072062277613028024
leaf_weight=61 12377 9691 3307 66 3255 10828 58 62368 453 17472 2365 2985 66 225 67 1237 3024 276 197 33 66 34 13373 22 43 89 982 274 173 24400
leaf_count=61 12377 9691 3307 66 3255 10828 58 62368 453 17472 2365 2985 66 225 67 1237 3024 276 197 33 66 34 13373 22 43 89 982 274 173 24400
internal_value=0.000922104 0.000465844 0.000373516 0.00346544 0.00378236 0.00148592 0.00114646 0.000183009 -0.000263158 0.000488118 0.00109319 0.000182201 -0.00122475 -0.00561452 -0.0175564 9.75765e-05 0.000844065 -0.0014194 -0.00215465 -0.0069697 -0.0168045 -0.011 0.00413825 -0.00465909 -0.00562176 -0.00866667 -0.00108608 -0.00391089 -0.00744813 0.000265269
internal_weight=169867 144029 140128 25838 3901 20489 17182 119639 646 57271 15399 5708 2723 358 133 6354 4261 2093 1817 330 133 100 13461 88 193 150 1487 505 231 41872
internal_count=169867 144029 140128 25838 3901 20489 17182 119639 646 57271 15399 5708 2723 358 133 6354 4261 2093 1817 330 133 100 13461 88 193 150 1487 505 231 41872
cat_boundaries=0 1 2 3 4 5 6
cat_threshold=10408 2 45196 790 4 518
is_linear=0
shrinkage=0.05


Tree=123
num_leaves=31
num_cat=11
split_feature=17 18 17 17 7 0 15 3 0 0 22 0 1 3 20 0 18 5 7 4 0 18 15 1 0 4 3 3 0 0
split_gain=74.1309 19.1281 9.12574 6.76369 6.89474 6.61203 5.82776 4.36607 5.40856 4.04152 3.89515 4.18272 5.86984 3.81834 3.81627 3.44101 5.82996 3.74317 3.33058 3.04301 3.16732 3.87857 3.93905 2.77891 3.79247 2.77778 2.7762 6.17188 5.69483 3.33218
threshold=6.5245330499266805 1.0000000180025095e-35 5.2081640425313553 6.9963341057834603 6.5000000000000009 0 0.69331376394879285 3.5000000000000004 1 2 7.4560392880383075 3 4 5.5000000000000009 0.31032093306706227 5 0.74617960161953067 1.0000000180025095e-35 283.50000000000006 9.5000000000000018 6 0.29956089591625851 5.4939548124493998 7 8 8.5000000000000018 3.5000000000000004 4.5000000000000009 9 10
decision_type=10 8 8 10 10 1 8 2 1 1 8 1 1 2 10 1 10 2 8 2 1 10 8 1 1 2 2 2 1 1
left_child=1 6 23 15 -5 18 -1 8 -7 -9 -8 13 -13 -12 -10 16 -2 -17 -4 -16 -21 -22 -23 24 -3 -14 29 28 -28 -25
right_child=3 2 5 4 -6 7 10 9 14 -11 11 12 25 -15 19 17 -18 -19 -20 20 21 22 -24 26 -26 -27 27 -29 -30 -31
leaf_value=1.0685729780191e-06 0.0014529810462551446 0.0014545568694030583 -0.00017089289929169264 0.018830993905135335 -0.015740792427932648 -0.00036585470860814621 2.5003650218125006e-05 0.0071268327941979796 0.0049522830718579901 0.0017171071437224407 4.6437589592623898e-05 3.8971729669490252e-06 -0.00059977788085678889 -3.4391153915710807e-05 0.0029522468325369577 0.0086939986890217213 -0.0075691787919743587 0.0014909228537338228 -0.012463362734859658 0.0022983986882412787 -0.011492237812995954 -0.033913382195435667 -0.012208797226129525 0.0014810839244107253 5.8844142518264899e-06 -0.0004342421899843111 -0.0066594284206658409 3.693097186000814e-06 -0.00062161597698280082 -7.7437710126345206e-06
leaf_weight=3246 370 14346 926 12613 23 8420 423 6305 5633 4765 129 40 48 38 2164 13508 78 1797 25 295 205 24 74 6814 35302 24 1517 17095 7090 26654
leaf_count=3246 370 14346 926 12613 23 8420 423 6305 5633 4765 129 40 48 38 2164 13508 78 1797 25 295 205 24 74 6814 35302 24 1517 17095 7090 26654
internal_value=0.000896253 0.000428737 0.000330321 0.00322819 0.0040899 0.00112117 0.00386018 0.00126098 0.000753791 0.00203252 -0.000270655 -0.00485663 -0.0118033 0.000480226 0.0016508 0.00253698 -0.00176856 0.00266242 -0.00296046 0.000130341 -0.00302676 -0.0065016 -0.014898 0.000120752 0.000396592 -0.0213889 -0.000110698 -0.000501517 -0.00159347 0.000189435
internal_weight=169991 141602 137654 28389 12636 28836 3948 27885 16815 11070 702 279 112 167 8395 15753 448 15305 951 2762 598 303 98 108818 49648 72 59170 25702 8607 33468
internal_count=169991 141602 137654 28389 12636 28836 3948 27885 16815 11070 702 279 112 167 8395 15753 448 15305 951 2762 598 303 98 108818 49648 72 59170 25702 8607 33468
cat_boundaries=0 1 2 3 4 5 6 7 8 9 10 11
cat_threshold=22 97 24705 514 2 512 25608 2 45452 352 36896
is_linear=0
shrinkage=0.05


Tree=124
num_leaves=31
num_cat=2
split_feature=19 20 19 8 10 8 15 19 10 17 10 10 19 11 20 11 1 21 15 7 8 19 17 20 10 22 12 22 1 17
split_gain=71.6899 12.0736 11.4922 5.65489 3.77875 3.41012 2.88919 2.82605 5.87217 2.48232 3.13134 5.8734 2.44539 2.39404 2.20619 2.28956 2.20458 2.91432 2.52959 2.19768 2.19664 2.46094 3.34405 2.15315 2.09908 2.09037 2.16259 2.05832 2.0492 2.00404
threshold=6.7431565105464033 1.0000000180025095e-35 5.3706183488597397 2.5000000000000004 6.5706027718026929 6.5000000000000009 4.0439676383937835 4.3913830904529307 4.603668934485964 0.78025122936348168 0.76519735254682386 0.66750053336617021 6.9929921123921543 0.66750053336617021 0.17129327619472193 5.5260503503787923 0 8.5183919731893152 6.5974852954627767 9.5000000000000018 6.5000000000000009 4.565405625212521 4.7680455791924645 0.14918946107653128 7.4033047855021294 6.3434456549129861 5.0817148275836965 7.0109764632014828 1 5.6938045179403671
decision_type=10 8 8 2 8 2 10 10 8 8 10 10 10 8 8 10 1 8 8 10 2 10 10 8 10 10 10 10 1 8
left_child=1 3 6 -1 5 -2 9 28 20 10 11 -3 -6 -11 -4 16 18 -18 -16 -14 -9 -22 -23 -12 -17 26 -10 -27 -8 -20
right_child=4 2 14 -5 12 -7 7 8 25 13 23 -13 19 -15 15 24 17 -19 29 -21 21 22 -24 -25 -26 27 -28 -29 -30 -31
leaf_value=-1.0627396054008198e-06 0.0025391346893717825 1.0151443291195329e-06 0.0071696879944492036 1.0151443291195329e-06 0.0097365602567402992 -0.013517880169276814 0.0035597739461839858 -0.0012756248964713973 -0.00096552372779676223 -0.0023887182669449889 -4.7008038535843795e-05 1.0151443291195329e-06 0.018745559536857137 9.6649090578952695e-07 -0.0010290857693905271 0.004129525401626556 0.0014732336934538239 -0.0015439978412555512 -0.0024553595051979172 -0.011863493067299792 -0.0024133326008124426 -0.0169931722155462 -0.0047040116512124018 -2.5287611387861064e-05 -0.0104124666461802 0.0020163638076650023 0.0022401299321890412 0.00049724636446709899 0.0014164875550151234 0.0074952556714884024
leaf_weight=709 1091 5339 1659 2154 9577 36 4995 3480 2169 708 301 3028 12134 74364 1040 12537 4586 2433 265 26 73 40 30 1041 21 8302 906 8840 4534 3481
leaf_count=709 1091 5339 1659 2154 9577 36 4995 3480 2169 708 301 3028 12134 74364 1040 12537 4586 2433 265 26 73 40 30 1041 21 8302 906 8840 4534 3481
internal_value=0.000914926 0.000509913 0.000446065 0.00372511 0.00351951 0.00069654 0.000236564 0.000630675 0.000339765 8.14453e-05 0.000833763 0.00119338 0.00366587 -1.58513e-05 0.00139728 0.00127714 0.000777213 0.000212993 0.00160468 0.00413651 -0.00151394 -0.00758741 -0.0142857 -0.00140835 0.00174709 0.000671959 -0.000528455 0.000887295 0.00135848 0.00221036
internal_weight=169899 147035 144172 2863 22864 1127 118150 33369 23840 84781 9709 8367 21737 75072 26022 24363 11805 7019 4786 12160 3623 143 70 1342 12558 20217 3075 17142 9529 3746
internal_count=169899 147035 144172 2863 22864 1127 118150 33369 23840 84781 9709 8367 21737 75072 26022 24363 11805 7019 4786 12160 3623 143 70 1342 12558 20217 3075 17142 9529 3746
cat_boundaries=0 1 2
cat_threshold=1 2
is_linear=0
shrinkage=0.05


Tree=125
num_leaves=31
num_cat=4
split_feature=19 18 19 3 0 18 12 5 0 20 20 4 19 0 11 18 3 4 4 4 19 17 3 17 21 22 0 22 11 22
split_gain=67.8224 21.9162 11.4126 3.83516 3.82323 3.77389 3.50998 3.47295 3.4468 3.16414 3.20002 2.99309 3.87427 2.68568 3.47231 2.68288 2.48382 2.7497 2.27408 2.17632 2.26532 2.55088 2.34947 2.16848 2.49161 2.09364 2.01566 2.93482 1.88766 2.31527
threshold=6.7431565105464033 1.0000000180025095e-35 5.4145337296764131 3.5000000000000004 0 0.32321609591081235 3.8077723681394766 1.0000000180025095e-35 1 0.50710923306503375 0.84404815046434012 10.500000000000002 5.0463111211701941 2 6.628173633818184 0.27480994603277459 1.5000000000000002 7.5000000000000009 2.5000000000000004 7.5000000000000009 5.741579572753448 5.4750419062465872 1.5000000000000002 5.2650095395464467 7.577377095608937 6.710146189235779 3 7.523119502640724 5.5112085209835673 6.3217839532665012
decision_type=10 8 10 2 1 10 10 2 1 10 10 2 10 1 8 10 2 2 2 2 10 8 2 8 10 8 1 8 8 10
left_child=1 26 6 8 -5 -2 -3 -8 19 -10 15 -9 -13 -7 -15 -11 -17 18 -18 -4 21 -21 -23 24 -14 28 27 -1 29 -6
right_child=5 2 3 4 25 13 7 11 9 10 -12 12 23 14 -16 16 17 -19 -20 20 -22 22 -24 -25 -26 -27 -28 -29 -30 -31
leaf_value=9.643871126618909e-07 0.012961437500367878 2.2310223514908922e-06 -0.0012533537584459506 0.0073886913874473843 0.0026496733280220058 0.0092004511450753165 0.0012616623514941634 -0.00041884882063757361 0.0052033176007019758 0.0044692147097170091 0.012370086743970434 -0.0040927197608455505 -0.02829951860988518 -0.018266395254238284 0.0025983719981817529 -0.0019028835929687966 -0.025156468707435882 -0.015498978995722491 -0.0059597280208616215 0.0030016324034630518 0.0035513957335083172 -0.009704265996878075 -0.0020175186105671895 -0.0076285669094112926 -0.010456788569691735 0.0029670882334634136 9.643871126618909e-07 -0.0023779395399232397 -0.0021476262080142661 -0.0065837114085873548
leaf_weight=101 18280 87680 4273 5898 20 3813 29068 3845 5330 176 230 205 23 79 496 207 20 83 112 103 2790 27 56 26 20 2463 3777 24 376 23
leaf_count=101 18280 87680 4273 5898 20 3813 29068 3845 5330 176 230 205 23 79 496 207 20 83 112 103 2790 27 56 26 20 2463 3777 24 376 23
internal_value=0.000888259 0.000495591 0.000394746 0.0014371 0.00224943 0.00343392 0.000203406 0.000641366 0.000905124 0.00177367 -0.00109903 -0.000717407 -0.00576642 0.00211714 -0.00106838 -0.00302676 -0.00518957 -0.00895349 -0.0044697 0.000164623 0.00120296 -0.00413978 -0.0106627 -0.0160145 -0.022907 0.000746888 0.00419272 -0.00203704 -0.0025179 -0.0124419
internal_weight=169624 146956 143054 22187 8780 22668 120867 33187 13407 6158 828 4119 274 4388 575 598 422 215 132 7249 2976 186 83 69 43 2882 3902 125 419 43
internal_count=169624 146956 143054 22187 8780 22668 120867 33187 13407 6158 828 4119 274 4388 575 598 422 215 132 7249 2976 186 83 69 43 2882 3902 125 419 43
cat_boundaries=0 1 2 3 4
cat_threshold=24801 4193 16417 68
is_linear=0
shrinkage=0.05


Tree=126
num_leaves=31
num_cat=0
split_feature=19 18 19 12 17 4 7 17 4 18 10 15 12 20 11 18 21 19 22 18 19 15 11 10 19 22 10 2 20 21
split_gain=65.5144 22.4296 11.3807 4.30082 4.1512 2.96326 3.86814 2.75629 2.75777 2.37403 2.28123 2.24606 1.95699 1.89816 1.61017 2.09335 2.10261 1.90954 1.51391 3.92976 1.46321 1.48608 1.37884 2.41438 3.75915 3.25116 2.22261 2.0263 2.38303 1.6863
threshold=6.7431565105464033 1.0000000180025095e-35 5.4805184875252397 3.9899091162083553 7.0250339220495865 4.5000000000000009 177.50000000000003 5.4181257054779026 11.500000000000002 0.35765304271357673 6.5706027718026929 5.8044521931081858 1.011435595095721 0.46222666326539619 0.71754226264466137 0.74617960161953067 7.2363390835957446 0.80899435430513533 8.5121326454971271 0.69787570248262742 1.1049495634879478 0.37012364598125269 3.8722415940098038 5.1390284658905765 4.3913830904529307 6.4136627883623101 4.5596495337720215 2.5000000000000004 0.28849181758168546 6.7316144034746452
decision_type=10 8 8 10 8 2 8 8 2 10 8 8 8 10 8 10 10 10 8 10 10 10 10 10 10 10 8 2 10 10
left_child=1 20 3 11 10 6 9 8 -7 12 -2 -3 -4 -12 15 16 -13 -18 -15 -20 21 -1 27 24 -24 -26 -27 29 -29 -5
right_child=4 2 5 22 -6 7 -8 -9 -10 -11 13 14 -14 18 -16 -17 17 -19 19 -21 -22 -23 23 -25 25 26 -28 28 -30 -31
leaf_value=1.2932043488059922e-05 0.00048430972661552192 5.2203839648797656e-06 -0.004713681574579548 0.0024985883119142027 0.01754909138739813 -0.0049051785270605832 -0.011895117269230216 0.0037535428124411963 -0.044559707280238871 -0.0047270143767230485 0.0092263539383215295 -3.9659724587121234e-05 0.0017916314816944147 0.0049461105749251987 -0.00029240551100402911 -0.011432635030167195 -0.0003750455870696827 -0.00012919483922014974 0.016831102653590013 -0.013077067762805639 -0.00063041653257351303 9.1616775703129431e-07 0.0028992335931430709 0.0038223917254816206 -0.0014635464876306282 -0.0014900360358896074 0.0012557507498559576 0.00066039394935721524 -0.0028341507734924599 -7.3435134867332882e-05
leaf_weight=633 972 81222 25 4007 11604 184 32 16919 21 893 9335 203 5267 817 8450 20 39 31 41 23 22 3266 5194 3734 2054 1193 6931 1780 1670 3235
leaf_count=633 972 81222 25 4007 11604 184 32 16919 21 893 9335 203 5267 817 8450 20 39 31 41 23 22 3266 5194 3734 2054 1193 6931 1780 1670 3235
internal_value=0.000877916 0.000491243 0.000389018 0.000192171 0.00337224 0.00139904 0.00046405 0.0017385 -0.00402439 0.000553759 0.00268502 1.97301e-05 0.00095616 0.00290525 -0.000741736 -0.00438567 -0.00324176 -0.0107143 0.00068672 -0.00671875 0.00422214 0.00429469 0.0007128 0.000967236 0.000690216 0.000131657 0.000580995 0.000258137 -0.00073913 0.000733223
internal_weight=169817 147025 143104 119763 22792 23341 6217 17124 205 6185 11188 89965 5292 10216 8743 293 273 70 881 64 3921 3899 29798 19106 15372 10178 8124 10692 3450 7242
internal_count=169817 147025 143104 119763 22792 23341 6217 17124 205 6185 11188 89965 5292 10216 8743 293 273 70 881 64 3921 3899 29798 19106 15372 10178 8124 10692 3450 7242
is_linear=0
shrinkage=0.05


Tree=127
num_leaves=31
num_cat=7
split_feature=17 20 17 17 20 16 15 0 8 17 20 15 15 0 20 6 1 22 4 0 0 4 22 20 4 22 0 22 17 0
split_gain=60.1871 16.306 7.29149 6.60303 3.63644 3.12196 2.95679 2.89287 2.78932 2.7872 2.74189 2.62975 2.6076 2.60696 4.40062 2.51429 2.49249 3.13742 2.459 5.28136 4.96049 4.51274 4.21363 4.89197 5.65657 3.86132 9.09791 2.60329 2.49515 2.47909
threshold=6.50433982070287 1.0000000180025095e-35 7.0112968718566604 5.2268975589057058 0.17129327619472193 0.073102698718790951 5.1109342456178704 0 2.5000000000000004 0.72623301608908808 1.2947748904401986 0.54811503264236405 0.73370406495087115 1 0.71009559733035432 1.0000000180025095e-35 2 1.0000000180025095e-35 7.5000000000000009 3 4 5.5000000000000009 6.6477826449855266 0.2611591344934841 6.5000000000000009 6.5586682050031877 5 6.5586682050031877 3.8643678684594636 6
decision_type=10 8 10 8 8 8 8 1 2 10 8 10 10 1 10 2 1 10 2 1 1 2 8 10 2 8 1 8 10 1
left_child=1 8 13 5 -5 9 -6 16 -1 11 -9 -3 -7 14 15 -2 -8 -18 20 -20 21 -14 23 24 28 26 -21 29 -23 -22
right_child=2 3 -4 4 6 12 7 10 -10 -11 -12 -13 18 -15 -16 -17 17 -19 19 25 27 22 -24 -25 -26 -27 -28 -29 -30 -31
leaf_value=6.6122174200820903e-06 -0.011229104772953989 4.0618328099820102e-05 0.015944960830784585 0.0051105537961791785 -0.0091401133500526918 -0.00033239162654382547 0.00084909998300231038 0.0020332438142390045 8.7035936918167253e-07 5.5502803656629632e-06 0.045900983088894627 8.7035936918167253e-07 -0.00031001690877684147 0.0066098202237453623 -0.0093251142928411305 0.0050711953720517372 -0.0044578533556495215 0.0014070346831522402 0.0020551469284367033 -0.0081215257745479441 0.0030692413339696032 -0.010539862418157771 -0.0014654334543464391 -0.011953191335868737 0.00098995549441786065 2.3515342087867295e-05 2.2660375511526797e-05 6.7417567967129383e-06 -0.0087670513445204813 3.7230267355087031e-05
leaf_weight=684 45 581 11958 2189 252 10855 2034 19887 2204 4790 1362 1255 9002 16607 69 350 1281 250 10800 563 2114 21 3176 238 34 25459 1612 37640 55 2782
leaf_count=684 45 581 11958 2189 252 10855 2034 19887 2204 4790 1362 1255 9002 16607 69 350 1281 250 10800 563 2114 21 3176 238 34 25459 1612 37640 55 2782
internal_value=0.000842468 0.000415958 0.00291588 0.000338272 0.00103559 0.000167017 0.000864917 0.000919642 0.00413435 0.00121944 0.00114046 0.00287582 0.000100191 0.00225265 -0.0014346 0.00056962 -0.000398601 -0.00192358 0.000185356 0.000492273 -2.88764e-05 -0.000902999 -0.00242054 -0.00764368 -0.0163636 0.000125525 -0.00189655 0.000228694 -0.0239474 0.00131332
internal_weight=170149 141120 29029 138232 27255 110977 25066 24814 2888 6626 21249 1836 104351 17071 464 395 3565 1531 93496 38434 55062 12526 3524 348 110 27634 2175 42536 76 4896
internal_count=170149 141120 29029 138232 27255 110977 25066 24814 2888 6626 21249 1836 104351 17071 464 395 3565 1531 93496 38434 55062 12526 3524 348 110 27634 2175 42536 76 4896
cat_boundaries=0 1 2 3 4 5 6 7
cat_threshold=342 512 1 38048 44480 8706 4656
is_linear=0
shrinkage=0.05


Tree=128
num_leaves=31
num_cat=7
split_feature=19 18 19 17 3 0 3 0 0 0 20 3 19 3 9 4 11 3 4 0 17 3 0 0 20 17 3 20 17 20
split_gain=58.3944 23.4319 8.63306 3.88072 3.10942 12.998 4.769 15.3525 7.6368 4.12977 4.05687 6.71807 3.6302 3.29769 9.57523 3.17581 3.02712 2.8568 2.85958 2.81157 2.92826 2.78602 8.08489 5.14998 5.05625 5.17172 5.05585 5.41026 3.72231 3.33873
threshold=6.766753303058004 1.0000000180025095e-35 5.4805184875252397 6.9963341057834603 4.5000000000000009 0 3.5000000000000004 1 2 3 1.1599980968653989 5.5000000000000009 2.85119340686088 1.0000000180025095e-35 1.0000000180025095e-35 3.5000000000000004 0.66750053336617021 3.5000000000000004 4.5000000000000009 4 5.4448170471980495 2.5000000000000004 5 6 0.11018371921388019 0.73369413902673986 1.5000000000000002 0.29575468572773111 3.3326928920460861 0.65772860679021528
decision_type=10 8 10 8 2 1 2 1 1 1 10 2 10 2 2 2 8 2 2 1 8 2 1 1 8 8 2 10 8 8
left_child=1 -1 4 -2 6 10 8 12 -3 -9 -6 -12 -8 14 -10 -13 -11 18 -4 20 -19 23 -23 24 25 -15 27 -26 -28 -25
right_child=3 2 17 -5 5 -7 7 9 13 16 11 15 -14 21 -16 -17 -18 19 -20 -21 -22 22 -24 29 26 -27 28 -29 -30 -31
leaf_value=8.2684140072508689e-07 0.0070927557898856491 -0.00012159509291370416 -0.0012991348184228022 0.014995434842773171 0.0054901350647115271 1.2926232328378379e-06 -0.00015126076876461857 0.00021446935587003947 4.5437768174094415e-05 -0.0036466350098222702 0.086302277095287538 -0.0017955372659697712 -0.0057175481394576913 -1.7090486812924415e-05 0.0077311875391547075 -0.019820138683503179 -5.7541493696292435e-05 -0.0088670263368059929 0.0027139471966768332 0.006378379824188915 0.001889574801239612 0.016051071497064844 4.6990457495005071e-05 0.00030441225714569688 -2.8844465311850869e-05 -5.9342321990827647e-06 9.1375699238570567e-05 -0.0066305282214553611 -0.0015020743153192936 0.0075858194634044751
leaf_weight=3905 9301 23561 3408 12783 8041 25104 873 4347 7611 287 208 123 4171 33 3134 120 8637 69 9429 5769 2708 2138 10126 13860 2844 66 2112 2081 1326 1488
leaf_count=3905 9301 23561 3408 12783 8041 25104 873 4347 7611 287 208 123 4171 33 3134 120 8637 69 9429 5769 2708 2138 10126 13860 2844 66 2112 2081 1326 1488
internal_value=0.000820244 0.000461414 0.000357546 0.00321817 0.000195477 0.000605132 4.03069e-05 -0.000678405 0.000227337 0.000214969 0.00229475 -0.00231707 -0.00302335 0.000596746 0.00136575 -0.00796296 -0.000400716 0.00128443 0.000812885 0.00199275 0.000676355 0.000367855 0.000980105 5.24991e-05 -0.000937205 -0.0121717 -0.000805333 -0.00183249 0.000666085 0.000598385
internal_weight=169663 147579 143674 22084 122291 33596 88695 18315 70380 13271 8492 451 5044 46819 10745 243 8924 21383 12837 8546 2777 36074 12264 23810 8462 99 8363 4925 3438 15348
internal_count=169663 147579 143674 22084 122291 33596 88695 18315 70380 13271 8492 451 5044 46819 10745 243 8924 21383 12837 8546 2777 36074 12264 23810 8462 99 8363 4925 3438 15348
cat_boundaries=0 1 2 3 4 5 6 7
cat_threshold=16545 360 16849 16401 1792 8 9226
is_linear=0
shrinkage=0.05


Tree=129
num_leaves=31
num_cat=6
split_feature=19 16 11 17 10 3 0 0 10 19 3 0 15 21 5 17 4 19 19 12 22 6 0 0 17 19 17 0 4 16
split_gain=54.9139 16.7753 7.94364 7.38719 5.20926 3.67668 4.77611 3.12223 2.961 2.88959 2.77647 2.63556 2.50553 2.40437 2.14542 8.1642 5.68354 4.31799 4.30967 3.81543 3.17825 4.20687 5.2817 3.1308 2.92712 5.00389 2.92684 2.83956 2.82332 3.27292
threshold=6.7431565105464033 1.0000000180025095e-35 5.1910104748288068 0.72623301608908808 6.7094872336335021 4.5000000000000009 0 1 6.3500123540472702 0.72022334535698973 3.5000000000000004 2 7.0608055841155233 6.5517941110389986 1.0000000180025095e-35 1.2680383039407841 10.500000000000002 5.0463111211701941 1.2898050142582067 5.2732559030964072 6.6832444156148538 1.0000000180025095e-35 3 4 5.3503525780333172 3.8539812914303133 0.78025122936348168 5 9.5000000000000018 0.43731310886481561
decision_type=10 8 10 10 8 2 1 1 10 10 2 1 10 8 2 10 2 10 8 10 8 2 1 1 10 10 8 1 2 10
left_child=1 3 13 -1 11 7 -7 8 -4 10 -5 -2 -6 -3 18 -16 27 23 26 -19 21 -20 24 -18 25 -23 -15 28 -17 -30
right_child=4 2 5 9 12 6 -8 -9 -10 -11 -12 -13 -14 14 15 16 17 19 20 -21 -22 22 -24 -25 -26 -27 -28 -29 29 -31
leaf_value=7.8549933069105293e-07 -0.0066103790590349085 0.00035554939882126099 -0.00035696728196671107 -9.9594424049919509e-06 0.0082045717576677123 0.0097668794270485918 0.0001357864988958481 0.003587041496317589 0.0040754388906097038 5.6975266398858633e-06 1.8970704566146736e-06 0.0032429463173388896 0.015379281924702965 9.3467309774661941e-06 6.4662091465231316e-05 -0.0014219165763314614 0.00012196941836415763 -0.026030755052078525 -1.6452164904208569e-05 -0.012553199229428269 0.00084112596119804083 -0.0060323142057151667 -0.0024208142168755022 -0.011828889613031107 -0.00044467603887681639 -0.0071126740903224035 -2.6089604662696802e-05 8.9026753134149884e-07 -0.0067903013763519612 0.0052804734014994543
leaf_weight=3365 162 9468 7027 81 11151 3325 1531 6962 2450 1554 55 2031 9401 7300 3794 3594 292 36 6344 47 66635 71 1140 396 57 78 15604 4839 818 124
leaf_count=3365 162 9468 7027 81 11151 3325 1531 6962 2450 1554 55 2031 9401 7300 3794 3594 292 36 6344 47 66635 71 1140 396 57 78 15604 4839 818 124
internal_value=0.000812222 0.000458442 0.000357636 0.00328882 0.00309848 0.00124795 0.00245675 0.000890869 0.00029883 0.000591716 -0.00639706 0.000782034 0.00334566 0.000200478 0.000135335 -0.000444763 -0.0011847 -0.00531128 0.000218505 -0.0160843 0.000403297 -0.000559168 -0.00309807 -0.00401163 -0.0102778 -0.0144631 -0.000381156 -0.000845333 -0.00174219 -0.00418259
internal_weight=169732 146987 141932 5055 22745 21295 4856 16439 9477 1690 136 2193 20552 120637 111169 13940 10146 771 97229 83 74325 7690 1346 688 206 149 22904 9375 4536 942
internal_count=169732 146987 141932 5055 22745 21295 4856 16439 9477 1690 136 2193 20552 120637 111169 13940 10146 771 97229 83 74325 7690 1346 688 206 149 22904 9375 4536 942
cat_boundaries=0 1 2 3 4 5 6
cat_threshold=57537 32865 1792 13312 45235 8757
is_linear=0
shrinkage=0.05


Tree=130
num_leaves=31
num_cat=6
split_feature=19 18 17 10 11 19 10 5 15 8 0 11 16 15 19 12 14 18 0 11 18 1 4 4 0 0 11 18 0 21
split_gain=54.6372 22.0339 9.44482 4.53652 3.47995 3.25806 4.97531 2.8109 2.78374 2.62337 2.46588 2.40474 2.247 2.14993 2.13114 1.78054 1.84797 1.70321 1.73217 3.47597 1.70009 3.90976 1.67881 2.51322 4.84874 4.01599 4.16106 3.07421 2.52766 2.03259
threshold=6.766753303058004 1.0000000180025095e-35 5.6938045179403671 6.5706027718026929 3.851210301366216 6.1008899163519539 6.2773009516322995 1.0000000180025095e-35 6.2278425702300186 6.5000000000000009 0 6.5554991190908174 0.30299155758606655 0.69331376394879285 5.8833085195959738 5.9455514815297157 6.02114469384715 0.32321609591081235 1 5.5260503503787923 0.65357344829893305 2 3.5000000000000004 7.5000000000000009 3 4 5.3035536024188419 0.1801625381390938 5 8.1550583822950067
decision_type=10 8 10 8 10 10 8 2 8 2 1 10 8 8 10 8 8 10 1 10 10 1 2 2 1 1 8 10 1 10
left_child=1 13 4 9 12 -4 -7 22 10 -2 15 17 -3 -1 -14 -8 -17 -5 -19 -20 -10 -22 -6 24 -24 26 27 -25 -26 -29
right_child=3 2 5 11 7 6 8 -9 20 -11 -12 -13 14 -15 -16 16 -18 18 19 -21 21 -23 23 25 28 -27 -28 29 -30 -31
leaf_value=7.4622436415650037e-07 0.0008119298091524244 1.0635309647327729e-05 0.0071447797890853947 0.0082802655342121504 0.0023736384299632958 -0.0015295052925506517 -0.010073266578702535 -0.00069482257902149687 0.004343688309154021 -0.013900005854661624 0.0020341480321877598 0.01208509744189934 -0.0001689714253645256 1.2130370979063221e-05 0.017101315527778927 -0.033801127503628882 -0.0040534012786512018 0.0067886587160471482 0.00073912305728138109 -0.021556005764845509 0.017565550983238188 -0.0052281839059513495 -0.0014136932261754934 0.00014885388894194521 0.0099582932344356653 0.002274054287477914 0.0047126382898238436 -0.0082856412148779781 0.00089831996067226544 0.0049176435650099591
leaf_weight=3189 1001 55746 3461 5770 7858 2390 51 4273 11519 35 614 13925 33831 705 561 23 206 1181 238 48 160 148 3417 238 842 10897 407 404 6692 42
leaf_count=3189 1001 55746 3461 5770 7858 2390 51 4273 11519 35 614 13925 33831 705 561 23 206 1181 238 48 160 148 3417 238 842 10897 407 404 6692 42
internal_value=0.000801839 0.000454176 0.000353666 0.0031147 0.000197591 0.00140588 0.00108894 0.000620188 0.00148219 -0.00011583 -0.00120805 0.00327285 3.31715e-05 0.00416538 -0.000284659 -0.005 -0.00329694 0.00253351 0.00101227 -0.00243243 0.00168555 -0.00198052 0.000786927 0.000570862 2.32857e-05 0.00107107 -0.00181199 -0.00421053 0.000731707 -0.00665919
internal_weight=169872 147674 143780 22198 125208 18572 15111 35070 12721 1036 894 21162 90138 3894 34392 280 229 7237 1467 286 11827 308 30797 22939 10951 11988 1091 684 7534 446
internal_count=169872 147674 143780 22198 125208 18572 15111 35070 12721 1036 894 21162 90138 3894 34392 280 229 7237 1467 286 11827 308 30797 22939 10951 11988 1091 684 7534 446
cat_boundaries=0 1 2 3 4 5 6
cat_threshold=1536 16417 1 48128 960 640
is_linear=0
shrinkage=0.05


Tree=131
num_leaves=31
num_cat=4
split_feature=19 20 17 17 8 3 19 15 16 0 16 14 16 0 3 4 0 15 19 4 22 15 19 4 1 15 4 17 17 17
split_gain=50.4686 15.0911 6.42306 4.03409 3.31219 4.75757 3.1572 4.05033 2.89809 2.86851 7.14843 2.78995 2.82508 2.72512 2.72401 2.60717 2.52958 2.79809 2.76875 2.77919 3.38418 3.40882 3.0327 2.93417 3.30275 2.65726 5.95446 5.25742 2.60305 4.43663
threshold=6.766753303058004 1.0000000180025095e-35 5.6938045179403671 7.0250339220495865 2.5000000000000004 5.5000000000000009 6.1008899163519539 6.2278425702300186 0.15526636224908177 0 0.50761325898756249 6.5124877202785187 0.73113569475392359 1 1.0000000180025095e-35 7.5000000000000009 2 0.77435709176599266 5.8833085195959738 2.5000000000000004 6.596279685999165 5.5814026670352623 1.8286565057681272 9.5000000000000018 3 1.9596169553346174 11.500000000000002 2.1466599549738192 0.78025122936348168 0.83534572210942304
decision_type=10 8 10 8 2 2 10 8 8 1 10 8 10 1 2 2 1 8 10 2 8 10 10 2 1 8 2 10 10 10
left_child=1 4 8 9 5 -1 -4 -8 13 10 -2 12 15 -3 -15 -9 17 28 19 20 -18 -22 23 24 -21 26 27 -24 -10 -30
right_child=3 2 6 -5 -6 -7 7 11 16 -11 -12 -13 -14 14 -16 -17 18 -19 -20 22 21 -23 25 -25 -26 -27 -28 -29 29 -31
leaf_value=2.055752575507719e-05 0.0016293393746621223 2.6081791870004721e-06 0.0065224520364998151 0.013751398066020215 7.0891314594700998e-07 -2.7690809767016991e-05 -0.0022879967122760264 -0.00086173254199540476 -1.5236106228820385e-05 0.0063982966133281751 -0.022600201231935416 0.0043115992110983681 -0.005352793788480411 0.0015083217689614678 -0.0001686080802752315 0.0053206597610503809 0.0037434247720012554 7.2142940251125129e-05 0.0188489011929645 -0.0017818440381061245 1.7462667076158004e-05 -0.035493345750594124 -0.0039150592351072109 7.2747536650343087e-05 1.5200223222170329e-05 -0.00090497072326922864 -0.016316585586800315 -0.03680566142155213 -0.00038105846512893118 9.5034343449027775e-06
leaf_weight=580 727 17895 3437 11617 2159 132 1721 2871 2216 9678 40 8659 52 2140 11363 1861 1377 47106 662 2346 7180 30 566 3832 6608 22306 61 31 309 268
leaf_count=580 727 17895 3437 11617 2159 132 1721 2871 2216 9678 40 8659 52 2140 11363 1861 1377 47106 662 2346 7180 30 566 3832 6608 22306 61 31 309 268
internal_value=0.000768121 0.000435074 0.000363948 0.00299882 0.00402473 0.00106742 0.00123139 0.000921261 0.000236191 0.00228578 -0.000662805 0.00121364 0.000244565 0.00065259 0.000115815 0.000371936 9.84216e-05 0.000343525 -0.00017341 -0.000221372 0.000586352 0.000152566 -0.000415384 0.000201783 -0.000293723 -0.000759014 -0.00389058 -0.00237018 -0.00119406 -0.00418544
internal_weight=169830 147768 144897 22062 2871 712 18601 15164 126296 10445 767 13443 4784 31398 13503 4732 94898 49899 44999 44337 8587 7210 35750 12786 8954 22964 658 597 2793 577
internal_count=169830 147768 144897 22062 2871 712 18601 15164 126296 10445 767 13443 4784 31398 13503 4732 94898 49899 44999 44337 8587 7210 35750 12786 8954 22964 658 597 2793 577
cat_boundaries=0 1 2 3 4
cat_threshold=1536 21178 51215 4
is_linear=0
shrinkage=0.05


Tree=132
num_leaves=31
num_cat=7
split_feature=17 18 17 15 0 5 20 22 5 8 3 0 0 22 1 0 20 1 18 22 0 11 8 15 3 15 22 10 17 18
split_gain=45.8031 22.3691 6.30898 5 4.22864 4.23494 4.16133 4.03841 3.79691 3.7176 2.87235 3.61555 3.18915 2.92549 2.61677 2.59581 2.87675 2.56678 2.51585 2.97803 2.47775 3.19293 2.37737 2.23808 2.98441 2.22804 2.44878 2.22482 2.16191 2.54699
threshold=6.6362341663293352 1.0000000180025095e-35 5.2268975589057058 7.0608055841155233 0 1.0000000180025095e-35 0.17129327619472193 7.3466872074381433 1.0000000180025095e-35 1.0000000180025095e-35 3.5000000000000004 1 2 8.5121326454971271 3 4 0.39021586853835005 5 0.50110974201064062 7.5572855105531991 6 6.5554991190908174 5.5000000000000009 0.69331376394879285 5.5000000000000009 5.3461121458440539 7.0713869050364329 1.9530024665512917 5.3503525780333172 0.18959162667232807
decision_type=10 8 8 8 1 2 8 10 2 2 2 1 1 10 1 1 10 1 10 8 1 8 2 8 2 8 8 8 8 8
left_child=1 23 14 8 17 6 -6 -7 20 -5 11 -8 13 25 15 16 -3 -4 -11 -20 21 -2 -21 -1 -25 26 -12 -14 -9 -30
right_child=3 2 4 9 5 7 10 28 -10 18 12 -13 27 -15 -16 -17 -18 -19 19 22 -22 -23 -24 24 -26 -27 -28 -29 29 -31
leaf_value=5.7850418659910481e-07 -0.0055407158581615166 0.0011438937591460858 0.00015656592230638716 -0.015796418541989248 0.0058216595008243315 0.00046810273329674751 -0.00015751589667966788 -0.010187791397217861 -0.00036829437437009528 0.013590240359671669 -0.0072871063368932293 0.0031107903297890481 -0.022510362286311231 -0.0042812865628093768 -1.2232510025099659e-05 9.9436100279193628e-06 0.011227423001887865 -0.0012719542643713276 0.010334580362390676 -0.0065523007051469561 0.0059312996822635505 0.0022786874163294247 -0.011495558450200385 2.063809883084966e-05 -2.43446718232233e-05 0.0013716524544515121 -0.0016752539131424623 0.005479469783441767 -0.01836609883255641 -0.0029219523425682223
leaf_weight=3216 112 11872 195 38 2024 2676 8171 124 1623 10960 22 7058 26 61 59030 37297 856 724 392 184 10894 890 22 553 133 2487 39 7231 91 515
leaf_count=3216 112 11872 195 38 2024 2676 8171 124 1623 10960 22 7058 26 61 59030 37297 856 724 392 184 10894 890 22 553 133 2487 39 7231 91 515
internal_value=0.00077562 0.000432857 0.000329148 0.00274637 0.000953123 0.00105371 0.00126277 -0.000607751 0.00209298 0.00350811 0.00108687 0.000656314 0.00175147 0.000246277 0.000149237 0.000415293 0.00103156 -0.00237352 0.00355944 0.000401338 0.00240249 9.88161e-06 -0.00446602 0.00416709 0.00157434 0.00050628 -0.00893443 0.00228912 -0.00390411 -0.00267327
internal_weight=169516 144401 140499 25115 31444 30525 27119 3406 13519 11596 25095 15229 9866 2609 109055 50025 12728 919 11558 598 11896 1002 206 3902 686 2548 61 7257 730 606
internal_count=169516 144401 140499 25115 31444 30525 27119 3406 13519 11596 25095 15229 9866 2609 109055 50025 12728 919 11558 598 11896 1002 206 3902 686 2548 61 7257 730 606
cat_boundaries=0 1 2 3 4 5 6 7
cat_threshold=22 97 3848 2 41356 2 1600
is_linear=0
shrinkage=0.05


Tree=133
num_leaves=31
num_cat=8
split_feature=19 20 11 19 3 0 0 16 16 0 17 19 1 8 22 17 0 16 20 3 9 22 0 22 20 0 0 16 11 17
split_gain=44.7812 16.8309 5.96598 4.761 3.31985 4.65889 3.34632 2.93225 2.63504 2.62023 3.09563 11.3736 2.90989 2.12733 1.99864 1.99817 1.88717 5.40119 3.24463 1.82723 12.9963 4.12892 5.25507 4.96721 2.75763 7.14301 3.03774 3.08506 2.99926 2.87355
threshold=6.7431565105464033 1.0000000180025095e-35 5.2100323025407267 6.9929921123921543 4.5000000000000009 0 1 0.073102698718790951 0.22451929396035547 2 0.69320203597847485 0.72022334535698973 3 2.5000000000000004 8.4151632591753245 6.8257964327499234 4 0.5225072842253744 0.25716981686580992 1.0000000180025095e-35 1.0000000180025095e-35 7.2521950207684283 5 6.9823099568885416 0.71009559733035432 6 7 0.73113569475392359 4.7626011027007147 3.8807988455684499
decision_type=10 8 10 10 2 1 1 8 10 1 10 10 1 2 10 8 1 10 10 2 2 8 1 10 10 1 1 10 10 10
left_child=1 13 7 8 6 -6 -4 9 -2 -3 -11 12 -12 -1 -7 -5 -10 18 -18 20 21 22 23 -9 26 29 27 -23 -28 -26
right_child=3 2 4 15 5 14 -8 19 16 10 11 -13 -14 -15 -16 -17 17 -19 -20 -21 -22 24 -24 -25 25 -27 28 -29 -30 -31
leaf_value=1.0116660561683795e-05 0.0069692691746265469 5.4957897727136995e-07 0.0003677833884747496 -0.01942197322100022 0.011119156581537466 0.00080641913144849299 0.0032786351900863592 -0.014961282952475173 0.003573870046356167 5.4957897727136995e-07 -1.6346227869607388e-05 1.3635111221423947e-07 -9.239291524522776e-06 6.4454227932109207e-07 -0.0044635643925151755 0.012300354506313652 -0.025055901506616803 -0.01340180521690746 0.0036951385563573332 9.4465355233024004e-06 0.007000448171307694 0.0065408960688087331 0.0001767806110063882 -0.0094691285026497242 -0.020442674480605109 0.0061075662616585751 -0.00079911307900495737 -0.03663547815666527 -0.014427554714434682 -0.014134374301060772
leaf_weight=715 5522 3473 8997 54 2881 1733 7131 57 4759 627 43 2706 22 2158 37 12163 22 27 114 100753 3340 822 6105 81 139 249 4328 29 158 185
leaf_count=715 5522 3473 8997 54 2881 1733 7131 57 4759 627 43 2706 22 2158 37 12163 22 27 114 100753 3340 822 6105 81 139 249 4328 29 158 185
internal_value=0.000746916 0.000427509 0.000351852 0.00281563 0.00113552 0.00231241 0.000796131 0.000219588 0.00203179 0.00122326 0.000231808 -0.000485384 -0.0211538 0.00421685 0.000280899 0.00348572 0.00119057 -0.00395954 -0.000147059 0.000160264 0.000665785 -9.33924e-05 0.0008033 -0.00851351 -0.00104061 -0.00433682 -0.000686715 0.00203833 -0.00120552 -0.00907186
internal_weight=169430 146769 143896 22661 20779 4651 16128 123117 10444 6871 3398 2771 65 2873 1770 12217 4922 163 136 116246 15493 12153 6243 138 5910 573 5337 851 4486 324
internal_count=169430 146769 143896 22661 20779 4651 16128 123117 10444 6871 3398 2771 65 2873 1770 12217 4922 163 136 116246 15493 12153 6243 138 5910 573 5337 851 4486 324
cat_boundaries=0 1 2 3 4 5 6 7 8
cat_threshold=49345 97 27192 2 16449 2304 16960 24608
is_linear=0
shrinkage=0.05


Tree=134
num_leaves=31
num_cat=2
split_feature=19 18 17 1 20 10 19 21 5 21 12 5 21 15 1 3 3 9 18 18 20 21 3 19 20 7 9 21 18 20
split_gain=42.6493 21.7097 8.57031 4.449 4.81566 3.51623 3.36567 3.31038 3.24635 6.27232 3.22739 3.50418 2.80291 2.57034 2.49917 3.31687 2.56575 4.53707 2.3021 4.38961 2.49495 2.70852 2.94349 2.2868 2.84166 2.28599 2.2372 2.23521 2.11269 2.10188
threshold=6.8877980291056717 1.0000000180025095e-35 5.6938045179403671 0 0.50710923306503375 6.9372169844178622 6.3579712251034133 7.4682278018910955 1.0000000180025095e-35 7.9199014799889058 1.1150072000796054 1.0000000180025095e-35 7.0017007882365494 6.5974852954627767 1 1.0000000180025095e-35 4.5000000000000009 1.0000000180025095e-35 0.25331809808058486 0.24558113770746468 0.24122124926943439 7.0044280632177705 3.5000000000000004 2.8094840370972167 0.45596660786513232 9.5000000000000018 1.0000000180025095e-35 8.3323076285179933 0.20003146115214174 0.58504782123881482
decision_type=10 8 8 1 8 10 10 8 2 10 10 2 10 8 1 2 2 2 8 10 10 8 2 8 10 10 2 10 10 10
left_child=1 -1 10 13 8 27 7 -6 -5 18 -3 14 -8 -4 16 26 -12 -18 19 20 21 -10 -23 24 -15 29 -16 -2 -24 -26
right_child=5 2 3 4 6 -7 12 -9 9 -11 11 -13 -14 23 15 -17 17 -19 -20 -21 -22 22 28 -25 25 -27 -28 -29 -30 -31
leaf_value=5.2210002841057703e-07 0.0067984858493365169 -4.232803324061571e-06 0.0010313712551416941 0.0015833256276762957 0.0018375038548315665 0.012288800848754458 -0.0058224141309819941 -0.0037545172922914282 7.392987425708024e-05 -0.019113736699251642 0.00069619473914207678 -0.00065458858119225535 -0.0033946009514942421 5.2201349054666665e-05 0.00094024474331678282 -1.9688672721447094e-06 0.0041858297365044896 -0.00044988471063621481 0.00083594953478738571 -0.01007426055651606 0.0022800423531226929 -0.01425075065107482 0.0024371253858218125 0.0063967090039078883 -0.017135147845188572 0.0018474876110328249 0.0063689623074971212 -0.013353185836977206 -0.0067106478795843751 -0.0180295476954473
leaf_weight=3902 8578 50236 2656 11724 657 8922 237 1900 158 32 24375 8614 209 237 2373 24175 6459 1941 784 27 227 98 62 9679 20 21 1287 69 22 49
leaf_count=3902 8578 50236 2656 11724 657 8922 237 1900 158 32 24375 8614 209 237 2373 24175 6459 1941 784 27 227 98 62 9679 20 21 1287 69 22 49
internal_value=0.000755023 0.000485703 0.000388813 0.00116306 0.000612568 0.00308754 -0.00119381 -0.00049472 0.00102558 -0.00124113 0.00020216 0.000423553 -0.00520179 0.00186463 0.000557664 0.000209269 0.000853547 0.00160714 -0.000732946 -0.00308081 -0.00214286 -0.00485294 -0.00901099 0.00223166 -0.00188073 -0.00944444 0.00161202 0.00236903 -0.00214286 -0.0138406
internal_weight=169730 152161 148259 28799 16137 17569 3003 2557 13134 1410 119460 69224 446 12662 60610 27835 32775 8400 1378 594 567 340 182 10006 327 90 3660 8647 84 69
internal_count=169730 152161 148259 28799 16137 17569 3003 2557 13134 1410 119460 69224 446 12662 60610 27835 32775 8400 1378 594 567 340 182 10006 327 90 3660 8647 84 69
cat_boundaries=0 1 2
cat_threshold=1 2
is_linear=0
shrinkage=0.05


Tree=135
num_leaves=31
num_cat=5
split_feature=19 18 19 19 0 4 7 0 3 21 11 0 18 3 0 0 3 14 15 3 21 5 18 15 3 3 21 19 15 8
split_gain=39.3908 22.9109 5.77724 4.70129 3.85756 3.50867 3.29496 2.98599 4.77154 2.904 2.82071 2.8547 2.79456 2.5485 6.09349 2.55907 2.85301 2.31272 2.14691 2.13021 2.04155 2.03413 1.97656 4.55611 1.94187 2.02524 1.90523 1.89432 4.50484 3.86777
threshold=6.7431565105464033 1.0000000180025095e-35 5.4805184875252397 7.0722074806783288 0 4.5000000000000009 9.5000000000000018 1 2.5000000000000004 6.391078890228977 3.9522043336703749 2 2.3059096439962876 4.5000000000000009 3 4 3.5000000000000004 6.9285867873630798 0.69331376394879285 5.5000000000000009 8.395235567913474 1.0000000180025095e-35 0.55406585151897536 7.4036399786033487 3.5000000000000004 1.0000000180025095e-35 7.4106483894326676 4.4623357279323725 4.6936997671386722 6.5000000000000009
decision_type=10 8 8 10 1 2 10 1 2 10 10 1 10 2 1 1 2 8 8 2 10 2 10 8 2 2 8 10 8 2
left_child=1 18 10 21 5 9 20 8 12 -4 11 -3 -6 15 -15 16 -12 -9 -1 -20 -5 22 24 -24 25 -2 -27 -16 29 -29
right_child=3 2 4 6 7 -7 -8 17 -10 -11 13 -13 -14 14 27 -17 -18 -19 19 -21 -22 -23 23 -25 -26 26 -28 28 -30 -31
leaf_value=4.9599502698893792e-07 0.011802664932661001 -0.0008303394114292401 -0.01210782059221578 0.014153310201577445 -0.00029868570295341637 8.9103293181927321e-05 -0.069906441641502781 0.0022781667805021671 0.0039442334494200135 8.3018622076503099e-05 0.0016519662667660161 8.2313191258598978e-06 -0.030745620341538632 0.0065060402691895823 0.0025090263318302388 -0.00035492585615843762 -0.0010569247080935219 0.0088387627147323185 1.9074255859802272e-05 -1.4917948517549377e-05 -0.013228908088872962 0.00083131701713806498 0.0028564816577600696 -0.01204949507517078 0.0099519462275449305 0.0009830563698389552 0.0047676856047567454 -0.003293067165826571 0.00036619198612188779 -0.0187064799905086
leaf_weight=3226 1672 13314 142 8961 6944 353 26 3552 9415 77 9287 75449 37 3656 2078 11386 2241 2964 556 133 39 1542 642 83 4025 2703 3073 609 1707 24
leaf_count=3226 1672 13314 142 8961 6944 353 26 3552 9415 77 9287 75449 37 3656 2078 11386 2241 2964 556 133 39 1542 642 83 4025 2703 3073 609 1707 24
internal_value=0.000721121 0.000421679 0.000318533 0.00265659 0.0010356 -0.00298969 0.0035431 0.0011369 0.000775936 -0.0080137 0.000177911 3.45303e-05 -0.000214153 0.000588615 0.00135249 0.000319456 0.000844167 0.0020426 0.0041954 0.00166183 0.00359444 0.00207424 0.00229054 -0.000241379 0.00245054 0.00197234 0.00152874 9.93678e-05 -0.000876068 -0.00447867
internal_weight=169916 147150 143235 22766 23484 572 9026 22912 16396 219 119751 88763 6981 30988 8074 22914 11528 6516 3915 689 9000 13740 12198 725 11473 7448 5776 4418 2340 633
internal_count=169916 147150 143235 22766 23484 572 9026 22912 16396 219 119751 88763 6981 30988 8074 22914 11528 6516 3915 689 9000 13740 12198 725 11473 7448 5776 4418 2340 633
cat_boundaries=0 1 2 3 4 5
cat_threshold=4118 1857 8641 16741 47628
is_linear=0
shrinkage=0.05


Tree=136
num_leaves=31
num_cat=6
split_feature=19 18 11 10 5 16 10 14 17 17 7 20 10 15 3 1 21 4 16 15 21 4 0 0 4 21 0 19 1 0
split_gain=36.2748 21.9503 9.04571 3.58047 2.76327 2.95873 2.62267 4.22632 2.57059 2.3364 2.35178 2.61905 2.28439 2.06648 2.42734 2.0197 3.09344 1.94117 4.35122 2.04429 1.91461 2.6283 6.54448 3.8742 2.87107 2.20544 2.13226 2.60642 3.68068 4.20207
threshold=6.9021060208765173 1.0000000180025095e-35 5.5112085209835673 6.7094872336335021 1.0000000180025095e-35 0.60648949667238206 6.3280260614724915 6.1277417846847015 6.8628369132589855 7.1196865235242646 9.5000000000000018 0.23155709497200094 5.5292306354349945 0.69331376394879285 5.5000000000000009 0 7.3482644339574383 10.500000000000002 0.24664135574593668 6.5097069030514341 7.0044280632177705 8.5000000000000018 1 2 5.5000000000000009 6.2943426401430651 3 5.8108857907823817 4 5
decision_type=10 8 10 8 2 10 8 10 10 8 10 10 10 8 2 1 10 2 10 10 8 2 1 1 2 10 1 8 1 1
left_child=1 13 20 -2 5 6 7 12 -7 -5 -11 -12 -4 -1 -15 -16 -17 -6 -19 -20 21 23 -23 25 -25 -3 -22 -28 29 -29
right_child=3 2 4 9 17 8 -8 -9 -10 10 11 -13 -14 14 15 16 -18 18 19 -21 26 22 -24 24 -26 -27 27 28 -30 -31
leaf_value=4.7119527564198908e-07 -0.0001540955393652406 0.0032291971928961939 3.7635830794487514e-05 0.0062271550964635549 3.5472441245292225e-05 -0.0011297470099260619 0.004657441459697164 -0.0023535122120456873 -0.017755682120727114 0.014890798071601631 0.068536364504590053 -0.086943350339128839 0.0053361122537357525 1.8120543066812988e-05 2.4431269617588875e-05 -2.4893459850491555e-05 4.6845231468084503e-06 0.0077074000448781148 -0.016585959560256543 -0.020350975135413629 -2.5046128719132714e-05 -0.0020458362320425385 0.0004643430180964842 3.3199000066985119e-05 -0.00079629777162535048 5.9938981062852384e-05 1.4506617592579006e-05 -0.015116562893473646 0.0042939265845567069 0.011078852891271168
leaf_weight=3195 994 1436 1258 8407 1810 1206 11315 1394 46 7477 20 22 2221 558 47 50 36 73 43 36 34434 1328 8978 12513 5543 10778 48562 186 5422 124
leaf_count=3195 994 1436 1258 8407 1810 1206 11315 1394 46 7477 20 22 2221 558 47 50 36 73 43 36 34434 1328 8978 12513 5543 10778 48562 186 5422 124
internal_value=0.000684671 0.000441111 0.000344169 0.00288121 0.00135089 0.00155103 0.00173215 0.000762364 -0.000790735 0.00306292 0.00370329 -0.00809524 0.00169445 0.0041508 0.00167149 -0.0043985 -0.00895349 -0.000428134 -0.00585526 -0.0139873 0.000193111 0.000477622 0.00116728 0.000242815 -0.000222517 0.000930138 6.30017e-05 0.000258176 0.00126657 -0.00403226
internal_weight=169512 152592 148706 16920 19402 17440 16188 4873 1252 15926 7519 42 3479 3886 691 133 86 1962 152 79 129304 40576 10306 30270 18056 12214 88728 54294 5732 310
internal_count=169512 152592 148706 16920 19402 17440 16188 4873 1252 15926 7519 42 3479 3886 691 133 86 1962 152 79 129304 40576 10306 30270 18056 12214 88728 54294 5732 310
cat_boundaries=0 1 2 3 4 5 6
cat_threshold=4 772 37411 14859 2 320
is_linear=0
shrinkage=0.05


Tree=137
num_leaves=31
num_cat=6
split_feature=19 20 19 19 0 17 7 8 0 16 1 16 3 0 19 19 17 16 0 17 15 19 15 15 0 13 15 19 14 11
split_gain=38.0762 15.8497 6.11243 4.69456 4.3146 4.19729 3.31041 3.16227 3.0875 3.02588 2.62553 3.93202 3.11812 10.9277 3.33639 3.77036 5.36032 4.47078 3.5252 3.13992 2.73392 4.26967 5.92968 2.74558 2.4755 2.2718 2.26094 3.1035 2.25935 2.36172
threshold=6.8054476077945383 1.0000000180025095e-35 5.741579572753448 7.0722074806783288 0 6.8257964327499234 9.5000000000000018 2.5000000000000004 1 0.24779549230745365 2 1.0000000180025095e-35 4.5000000000000009 3 0.72022334535698973 0.71180929492339196 0.69320203597847485 0.051336970460781832 4 0.78025122936348168 4.9479618880655467 4.565405625212521 4.5682172736947502 4.1705296356166892 5 1.3479888099339705 5.4092540070521542 5.5210936040645953 6.1277417846847015 6.3848570170685965
decision_type=10 8 8 10 1 8 10 2 1 10 1 8 2 1 10 10 10 8 1 10 8 10 10 10 1 8 10 10 10 10
left_child=1 7 10 9 -4 -5 -7 -1 -6 -2 12 -12 14 -14 15 -3 -17 -18 -16 -20 21 23 -23 -21 -13 -10 27 -15 -27 -30
right_child=3 2 4 5 8 6 -8 -9 25 -11 11 24 13 26 18 16 17 -19 19 20 -22 22 -24 -25 -26 28 -28 -29 29 -31
leaf_value=6.835038016776944e-06 0.0060019277529777667 -0.00065879577485221277 0.01569046523462634 -0.11724623893517885 -0.0028258170259346863 0.012884383739743389 -0.036398665862500311 5.3785064880185198e-07 -0.017424818881245509 0.002244089916933264 4.4763551185766917e-07 -0.0014704676460255421 0.0044403560982214539 -1.6798746006658765e-05 -0.00073008550675927842 4.4763551185766917e-07 -1.5096206862735514e-05 -2.5833742363596141e-05 0.00026458127333218073 1.2205684973260694e-05 0.0020279692491620535 -0.0063626381194761862 -0.0011267819120570953 0.0028230237636205375 3.9726435828237944e-06 0.0035945569458062606 0.0047779233131101558 -0.0096112382654740414 -0.00035098012624518084 0.0031803073671219937
leaf_weight=678 7332 1108 1689 21 531 9127 31 2186 27 4346 1664 8803 7555 7182 10970 51 44 68 1357 19774 6167 445 1398 3065 53277 9777 355 42 5497 5111
leaf_count=678 7332 1108 1689 21 531 9127 31 2186 27 4346 1664 8803 7555 7182 10970 51 44 68 1357 19774 6167 445 1398 3065 53277 9777 355 42 5497 5111
internal_value=0.000671507 0.000391108 0.000318827 0.00267224 0.00107414 0.00351836 0.00356956 0.00407472 0.000876486 0.00200719 0.000180215 -4.28274e-05 0.000418842 0.00103872 0.000207776 -0.00231707 -0.00941718 -0.0155357 0.000282101 0.000545692 0.000442316 0.000207034 -0.00210798 0.000393844 -0.00010712 0.000974929 -0.000303729 -0.00049557 0.000994604 0.000489254
internal_weight=169678 148821 145957 20857 22632 9179 9158 2864 20943 11678 123325 63744 59581 15134 44447 1271 163 112 43176 32206 30849 24682 1843 22839 62080 20412 7579 7224 20385 10608
internal_count=169678 148821 145957 20857 22632 9179 9158 2864 20943 11678 123325 63744 59581 15134 44447 1271 163 112 43176 32206 30849 24682 1843 22839 62080 20412 7579 7224 20385 10608
cat_boundaries=0 1 2 3 4 5 6
cat_threshold=39080 22 2 49261 289 8384
is_linear=0
shrinkage=0.05


Tree=138
num_leaves=31
num_cat=0
split_feature=17 16 17 11 7 10 10 8 10 3 3 17 21 16 9 2 14 13 11 10 3 12 22 11 3 21 21 21 12 16
split_gain=32.6844 13.0774 9.91189 7.1501 6.89448 4.75964 3.35842 2.86415 2.69433 4.52833 2.63091 2.27417 3.33101 2.19953 2.13724 2.02313 4.1344 3.10485 1.95291 1.92253 1.86479 1.82102 1.69546 2.17249 1.64916 3.71419 1.6487 1.61428 1.55617 1.53271
threshold=6.8440736056454847 1.0000000180025095e-35 0.72623301608908808 6.3404474793738679 7.5000000000000009 6.8681304720210319 6.3280260614724915 6.5000000000000009 4.8287135773875844 4.5000000000000009 5.5000000000000009 0.85879236935400838 6.6864847774674381 0.16731188673533043 1.0000000180025095e-35 1.5000000000000002 4.615615321433844 5.3035536024188419 6.5554991190908174 4.3788965451259676 3.5000000000000004 6.5931130226022399 7.7719784100843414 4.4432391460348235 3.5000000000000004 6.6220709878569881 6.5517941110389986 6.9062540274800099 5.8175573893547154 0.0974869570508302
decision_type=10 8 10 10 10 8 8 2 10 2 2 10 8 10 2 2 10 10 10 8 2 8 8 10 2 8 10 10 10 10
left_child=1 2 -1 8 5 7 -5 -2 15 13 27 12 -12 -10 21 17 28 26 -7 22 29 -15 23 24 -18 -26 -3 -4 -17 -8
right_child=4 3 10 6 -6 18 20 -9 9 -11 11 -13 -14 14 -16 16 19 -19 -20 -21 -22 -23 -24 -25 25 -27 -28 -29 -30 -31
leaf_value=5.1095811636203698e-07 0.0021322436983553048 0.00031083773566442717 -5.155533120453082e-06 -0.00074504216800666719 -0.017974542007569465 0.0061090782988965182 0.0096083710500078166 -0.028994112219419235 0.0021239129570147521 0.0033552116982574053 -3.8487498032570248e-05 9.3413507639962084e-05 -2.4739841718335295e-05 0.00043427420447070828 0.0025263706030090437 7.7157719876074878e-06 -0.0036247592780528984 0.0053181903813412403 0.010629948523353895 -0.0011921536818497386 0.0068750506857704792 -0.0019650707454926782 0.00052949668818334968 0.0022100742097685764 -0.026873657558865983 -0.012042428311575835 5.1395286917187918e-07 1.3663288700413562e-05 0.0047534566675860321 0.0022613287537960572
leaf_weight=3337 2799 14373 465 1664 24 5420 590 31 5277 5291 23 71 172 7101 1966 66038 279 2788 10510 6501 3253 4227 217 134 22 186 20621 958 833 4437
leaf_count=3337 2799 14373 465 1664 24 5420 590 31 5277 5291 23 71 172 7101 1966 66038 279 2788 10510 6501 3253 4227 217 134 22 186 20621 958 833 4437
internal_value=0.000648201 0.000403252 0.00291086 0.000316808 0.00261499 0.00264925 0.00161102 0.000759717 0.000222077 0.000704468 -0.000210183 -0.00477444 -0.0075641 0.000336816 -6.01757e-06 0.000119294 -3.23405e-05 0.00041713 0.00298493 -0.00115888 0.00202295 -0.000270127 -0.00341289 -0.00474235 -0.00629363 -0.00966346 0.000289193 0.000643008 9.12954e-05 0.00141934
internal_weight=169608 150824 5026 145798 18784 18760 9944 2830 135854 23862 1689 266 195 18571 13294 111992 74210 37782 15930 7339 8280 11328 838 621 487 208 34994 1423 66871 5027
internal_count=169608 150824 5026 145798 18784 18760 9944 2830 135854 23862 1689 266 195 18571 13294 111992 74210 37782 15930 7339 8280 11328 838 621 487 208 34994 1423 66871 5027
is_linear=0
shrinkage=0.05


Tree=139
num_leaves=31
num_cat=1
split_feature=19 18 17 10 3 19 5 14 3 18 15 1 18 18 3 15 21 15 3 7 21 3 18 21 10 17 11 15 19 17
split_gain=33.3095 20.6861 7.01733 3.77223 3.5357 3.71276 3.13228 3.27898 2.98505 4.84694 3.71868 3.10416 5.43425 2.72591 2.69872 5.24626 2.60711 2.5606 3.31446 2.80424 2.44749 2.40282 2.32777 3.34686 2.30593 2.28598 2.98331 2.19785 2.14044 1.88342
threshold=6.9021060208765173 1.0000000180025095e-35 5.6204623076872346 6.8681304720210319 3.5000000000000004 2.1420458409015066 1.0000000180025095e-35 6.5124877202785187 1.0000000180025095e-35 0.30631833707287343 1.4168328952363014 0 0.80211241968173463 0.15139573590323371 5.5000000000000009 1.0034803425661181 6.7469993277013458 0.69331376394879285 5.5000000000000009 2.5000000000000004 7.1320980310634789 5.5000000000000009 1.0229683813443444 7.3142198319787717 6.4552771735124415 5.4448170471980495 5.4251702332964582 7.1263147452962103 0.37250061371044813 0.72623301608908808
decision_type=10 8 8 8 2 8 2 10 2 10 8 1 10 8 2 8 8 8 2 10 8 2 10 10 10 10 8 10 8 10
left_child=1 17 8 22 6 21 13 -8 9 10 -3 12 14 -4 -10 16 -16 -1 -19 -20 -11 -6 -2 -24 -7 -13 -27 -5 -15 -18
right_child=3 2 4 27 5 24 7 -9 11 20 -12 25 -14 28 15 -17 29 18 19 -21 -22 -23 23 -25 -26 26 -28 -29 -30 -31
leaf_value=4.8541021054338002e-07 0.0024504485365112092 -7.3556504810961442e-06 0.0063926889685826053 0.0069048317112320283 2.2706407513987377e-05 0.0024602424606453696 0.00011406525936943955 -0.0080192072780673369 2.6133170074474405e-06 0.00077846813602692046 0.0028735877923388065 -5.0638564689274634e-05 0.016392795833471661 -0.0031646997821089661 -7.1361379499624512e-05 0.0024896815411728931 0.00063707070327942189 1.5557319798270575e-05 1.7506486719966902e-07 -2.4357943798830606e-05 -0.0026239407179398169 -0.0062151115954212528 0.003869591326334243 -0.048146124737949353 0.0079118718875642782 -0.01157825602683794 -0.0051116354390478872 0.012145002838364696 0.00047326533007685333 -3.1637268675025867e-05
leaf_weight=3247 2304 2905 1383 7638 236 8281 1260 610 40952 1900 7978 52262 1509 27 106 6627 219 564 84 49 2991 183 22 29 3252 55 288 6863 14917 755
leaf_count=3247 2304 2905 1383 7638 236 8281 1260 610 40952 1900 7978 52262 1509 27 106 6627 219 564 84 49 2991 183 22 29 3252 55 288 6863 14917 755
internal_value=0.000606681 0.000373755 0.000278959 0.00271595 0.000960065 0.00162818 0.00052124 -0.00141711 0.000105739 0.000746165 0.00133373 7.44378e-06 0.00028883 0.000743248 0.000197189 0.00105553 -0.00217593 0.00394777 0.00119799 -0.00590226 -0.000561235 -0.00299523 0.000859873 -0.00970588 0.00179615 -0.000260907 -0.00432945 0.00301738 0.000546708 -0.0013655
internal_weight=169496 152640 148696 16856 30149 11952 18197 1870 118547 15774 10883 102773 50168 16327 48659 7707 1080 3944 697 133 4891 419 2355 51 11533 52605 343 14501 14944 974
internal_count=169496 152640 148696 16856 30149 11952 18197 1870 118547 15774 10883 102773 50168 16327 48659 7707 1080 3944 697 133 4891 419 2355 51 11533 52605 343 14501 14944 974
cat_boundaries=0 1
cat_threshold=2
is_linear=0
shrinkage=0.05


Tree=140
num_leaves=31
num_cat=4
split_feature=19 20 17 10 15 1 20 5 21 22 4 0 22 20 0 20 11 21 4 7 19 16 19 5 17 4 16 0 21 17
split_gain=32.7318 14.7866 7.42289 4.49674 4.08141 3.1728 3.87655 3.72862 5.29643 3.29327 3.0993 2.74665 2.68457 3.41649 2.55206 2.7914 2.87166 2.38324 2.37665 2.31299 2.30834 2.74925 2.28277 2.34735 2.3871 2.31641 2.40282 2.15095 2.53875 4.04518
threshold=6.9021060208765173 1.0000000180025095e-35 5.6204623076872346 6.8681304720210319 1.0000000180025095e-35 0 0.50710923306503375 1.0000000180025095e-35 7.9199014799889058 7.212374476276354 2.5000000000000004 1 8.4151632591753245 0.79708292673758185 2 0.16998454516444247 6.3848570170685965 7.2817282408204109 9.5000000000000018 11.500000000000002 6.6905874179463574 0.30980007037574736 7.1407605049191449 1.0000000180025095e-35 6.745687521232246 10.500000000000002 0.12500431991887634 3 8.0874863237131702 6.8628369132589855
decision_type=10 8 8 8 10 1 8 2 10 10 2 1 8 8 1 10 10 8 2 8 10 10 10 2 8 2 8 1 10 10
left_child=1 4 -3 27 -1 14 7 -7 9 -9 -11 12 13 -8 -4 -16 -17 -14 19 -19 -12 -22 23 -5 -25 26 -26 -2 -29 -30
right_child=3 2 5 22 -6 6 11 8 -10 10 20 -13 17 -15 15 16 -18 18 -20 -21 21 -23 -24 24 25 -27 -28 28 29 -31
leaf_value=3.7315018141914627e-06 0.0033923211292892562 3.7543531991590662e-07 -0.0012827453811886588 0.0066173975491990002 4.6113970001426809e-07 0.0021041353698604925 -0.0064706316594071202 0.0012321764799109909 -0.022274580330551033 -0.012524395837793304 -0.0025503667759908541 0.00084717952076199244 0.0039375417479208599 0.0016985106367621906 0.013740674580718454 0.00198545504557059 0.0051639182010757524 -0.014377547092680368 0.0019800702234803722 -0.01231019873476232 -0.0092845731457961312 0.0028154747907967403 0.014520900609897686 -0.01869640269654655 -0.0098123221302828592 -0.040840545709864347 0.0046104034265215289 -0.0013141429880365969 0.012284810923514177 -0.039388544844132324
leaf_weight=709 1652 119740 238 7381 2159 12204 504 879 35 50 385 1551 56 388 1917 6734 4307 268 128 231 62 27 6107 21 127 56 840 608 25 31
leaf_count=709 1652 119740 238 7381 2159 12204 504 879 35 50 385 1551 56 388 1917 6734 4307 268 128 231 62 27 6107 21 127 56 840 608 25 31
internal_value=0.000593791 0.000362845 0.000294715 0.00268519 0.00391911 0.000998532 0.000542104 0.000906026 -0.00150209 -0.00102281 -0.00416031 -0.00104607 -0.00250789 -0.000717489 0.00157851 0.00167258 0.00136808 -0.00488287 -0.00576555 -0.00732465 -0.00291139 -0.0101685 0.00301129 0.00247774 0.000258621 0.000601173 0.00117373 0.000639033 -0.00175074 -0.0119643
internal_weight=169420 152572 149704 16848 2868 29964 16768 13642 1438 1403 524 3126 1575 892 13196 12958 11041 683 627 499 474 89 14532 8425 1044 1023 967 2316 664 56
internal_count=169420 152572 149704 16848 2868 29964 16768 13642 1438 1403 524 3126 1575 892 13196 12958 11041 683 627 499 474 89 14532 8425 1044 1023 967 2316 664 56
cat_boundaries=0 1 2 3 4
cat_threshold=1 16966 4114 16384
is_linear=0
shrinkage=0.05


Tree=141
num_leaves=31
num_cat=7
split_feature=19 18 11 15 3 0 3 11 18 10 0 10 15 3 9 0 22 3 0 13 0 22 13 0 3 0 5 15 19 10
split_gain=29.9304 19.0747 8.97355 3.83745 3.39059 4.66872 3.35116 3.07134 2.92163 2.49613 3.09717 2.41874 2.44028 2.41198 12.6557 4.91682 4.01365 3.08748 11.2051 2.93217 3.10671 2.88569 2.80855 3.18115 3.10806 3.23971 2.7374 3.40633 3.77596 3.38347
threshold=6.9021060208765173 1.0000000180025095e-35 5.3035536024188419 0.69331376394879285 4.5000000000000009 0 5.5000000000000009 6.8588275708961115 0.14726239396866944 6.3500123540472702 1 6.3500123540472702 6.364783985220595 1.0000000180025095e-35 1.0000000180025095e-35 2 6.4440644235411986 4.5000000000000009 3 0.71754226264466137 4 6.5493180312566404 1.1150072000796054 5 5.5000000000000009 6 1.0000000180025095e-35 1.1466826661742766 1.9547769238740993 4.7626011027007147
decision_type=10 8 10 8 2 1 2 10 10 10 1 8 10 2 2 1 8 2 1 10 1 8 10 1 2 1 2 8 10 8
left_child=1 3 13 -1 8 -6 -5 11 -4 10 -10 12 -2 14 15 16 -3 19 -19 20 -15 -17 -20 24 25 -24 27 -21 -29 -30
right_child=7 2 4 6 5 -7 -8 -9 9 -11 -12 -13 -14 17 -16 21 -18 18 22 26 -22 -23 23 -25 -26 -27 -28 28 29 -31
leaf_value=4.3808271501522004e-07 -0.056146439018279565 -0.025292868419846543 0.0055367221597252495 1.4414084969094355e-05 0.010242129913784708 0.00018088821776329929 -1.4529239849715812e-05 0.0091196257828623541 -0.00056618306645650387 0.0030883187142686981 0.0025212342108892755 0.0051443928567527098 -0.0047850272701934256 -0.00063635500421625356 0.006502557541658259 0.00090554660424544374 -0.0076367981250050941 0.0038417183097040767 -2.7496125562601104e-05 -6.605950256830037e-05 3.1872362558288488e-05 6.1767124364525107e-06 0.0023359096831475053 -0.00068359433575634313 0.0025889486968507752 -0.001471352729605156 -0.0013051152574122555 0.0013558296705181248 -0.0010097736677204038 0.00034316321945860223
leaf_weight=3191 21 28 1585 564 3383 1620 147 9780 6858 5060 4349 6977 73 6181 3504 1026 1192 9619 11337 4206 19412 10779 1636 4799 4746 2633 6315 4485 16986 17076
leaf_count=3191 21 28 1585 564 3383 1620 147 9780 6858 5060 4349 6977 73 6181 3504 1026 1192 9619 11337 4206 19412 10779 1636 4799 4746 2633 6315 4485 16986 17076
internal_value=0.000590855 0.000370195 0.00027971 0.00382112 0.00119121 0.0023416 0.000499297 0.00259065 0.00086881 0.000669146 0.000252967 0.00179678 -0.00617021 0.000114322 0.000677295 -4.03069e-05 -0.00304878 2.9288e-05 0.000418464 -0.000151953 0.000281913 0.000272958 -0.000136918 0.000341683 0.000894737 -8.31575e-05 -0.00037825 -0.00023472 -8.72958e-05 -0.000266866
internal_weight=169568 152717 148815 3902 22855 5003 711 16851 17852 16267 11207 7071 94 125960 16529 13025 1220 109431 34770 74661 25593 11805 25151 13814 9015 4269 49068 42753 38547 34062
internal_count=169568 152717 148815 3902 22855 5003 711 16851 17852 16267 11207 7071 94 125960 16529 13025 1220 109431 34770 74661 25593 11805 25151 13814 9015 4269 49068 42753 38547 34062
cat_boundaries=0 1 2 3 4 5 6 7
cat_threshold=49345 865 2368 16609 2245 4382 4100
is_linear=0
shrinkage=0.05


Tree=142
num_leaves=31
num_cat=3
split_feature=19 18 17 10 13 5 4 20 18 15 1 15 10 19 19 10 17 21 19 20 21 22 4 9 4 21 9 22 1 1
split_gain=25.206 19.7952 6.05704 4.12132 3.82672 3.7616 3.51075 3.48326 2.97019 2.81148 2.52636 2.60041 2.54998 2.4419 5.29532 2.35764 2.3014 2.08992 2.60999 2.07111 1.98627 2.31993 1.85409 5.69531 5.41844 4.80295 4.68623 4.22975 3.01507 2.38065
threshold=6.9021060208765173 1.0000000180025095e-35 5.2268975589057058 6.9372169844178622 0.55920745798214477 1.0000000180025095e-35 10.500000000000002 0.40106143004097478 0.36470921768477732 0.69331376394879285 0 6.5974852954627767 1.8000241202036604 2.3015615560771043 2.1420458409015066 1.9530024665512917 5.2824026683205156 8.272182292171534 7.2062031168714373 0.17255441755124215 6.391078890228977 7.484512002709641 7.5000000000000009 1.0000000180025095e-35 4.5000000000000009 7.0188492263921232 1.0000000180025095e-35 6.3630926370853418 1 2
decision_type=10 8 8 10 8 2 2 10 10 8 1 8 8 10 10 10 8 10 10 10 10 10 2 2 2 10 2 8 1 1
left_child=1 9 22 8 -4 7 -7 10 -2 -1 11 -6 -13 14 15 -12 -8 -10 -19 -15 21 -11 24 27 29 28 -26 -24 -25 -3
right_child=3 2 4 -5 5 6 16 -9 17 20 13 12 -14 19 -16 -17 -18 18 -20 -21 -22 -23 23 25 26 -27 -28 -29 -30 -31
leaf_value=4.1617857926556923e-07 0.004880660055919795 0.00016256688083076678 -0.011524961318468838 0.0088532305657117935 0.00056018632989865565 -0.00022430240683884856 -0.013500968722433976 1.3516710975054235e-06 -0.0011214982855289142 4.1583111088098589e-06 -0.0005556198556588987 -0.003053445767035267 0.0039774727447033547 0.004811039089988158 -0.030321150994524312 0.057206440136407827 -0.011839305936004912 0.0020844879393818435 -0.037969568806463308 0.0018569101223460786 1.4178627430301079e-05 -4.2544748618155372e-05 -0.0031762450956922582 0.0046136558625126589 -1.8984548686217314e-05 -0.00059828604583566649 -0.001614942282798768 1.4788011116316483e-05 0.0013659821662118945 -1.933063096206943e-06
leaf_weight=3227 7263 17035 22 8704 1769 4181 20 6608 878 170 1539 84 7454 1335 24 174 234 21 20 16061 488 53 1263 3441 21477 2137 5593 34046 3807 20754
leaf_count=3227 7263 17035 22 8704 1769 4181 20 6608 878 170 1539 84 7454 1335 24 174 234 21 20 16061 488 53 1263 3441 21477 2137 5593 34046 3807 20754
internal_value=0.000611366 0.00040903 0.000316588 0.00244463 0.000847361 0.000858977 -0.000512965 0.00103258 0.00163896 0.00390808 0.00127286 0.00194853 0.00235341 0.00094418 -0.000843408 -0.000516637 -0.00622047 -0.00103917 -0.0120732 0.00112267 0.00106188 -0.00284753 0.000125191 0.000372981 -4.55602e-05 0.00146777 -0.000585519 8.19906e-05 0.00208195 0.000341237
internal_weight=169882 152996 149058 16886 39505 39483 4435 35048 8182 3938 28440 9307 7538 19133 1737 1713 254 919 41 17396 711 223 109553 44694 64859 9385 27070 35309 7248 37789
internal_count=169882 152996 149058 16886 39505 39483 4435 35048 8182 3938 28440 9307 7538 19133 1737 1713 254 919 41 17396 711 223 109553 44694 64859 9385 27070 35309 7248 37789
cat_boundaries=0 1 2 3
cat_threshold=1 2 2
is_linear=0
shrinkage=0.05


Tree=143
num_leaves=31
num_cat=5
split_feature=17 18 17 11 3 7 3 0 12 20 1 7 3 0 0 16 8 3 21 10 20 21 3 17 11 16 3 9 0 20
split_gain=25.8843 20.37 5.588 4.26052 4.13236 3.71432 3.36518 5.10679 2.97992 2.84043 4.48239 5.286 2.80164 5.12966 2.77078 2.42279 2.2191 3.2469 2.92686 2.19626 2.03024 2.71481 1.96826 1.94247 2.84582 2.65352 1.86489 11.3596 3.14153 5.56324
threshold=6.7231696438195092 1.0000000180025095e-35 7.1196865235242646 5.2100323025407267 3.5000000000000004 5.5000000000000009 5.5000000000000009 0 3.0468977391027221 1.0000000180025095e-35 1 4.5000000000000009 1.0000000180025095e-35 2 3 0.083066990500825916 2.5000000000000004 5.5000000000000009 6.8548816504324757 6.3500123540472702 0.50710923306503375 8.272182292171534 1.0000000180025095e-35 5.9159865527472553 6.3404474793738679 0.27422788875747051 1.0000000180025095e-35 1.0000000180025095e-35 4 0.56081943353625341
decision_type=10 8 10 10 2 10 2 1 8 8 1 10 2 1 1 10 2 2 10 10 10 10 2 10 10 8 2 2 1 10
left_child=1 16 4 9 12 20 14 8 -8 10 11 -3 13 -2 19 -14 17 -1 -19 -5 -4 -22 -16 -10 25 -25 27 28 29 -11
right_child=2 3 5 6 -6 -7 7 -9 23 26 -12 -13 15 -15 22 -17 -18 18 -20 -21 21 -23 -24 24 -26 -27 -28 -29 -30 -31
leaf_value=1.4092898712658731e-05 0.016320852255016005 -7.1960487493143098e-05 0.011379853904058291 -0.00056455983244327356 0.0071259868278431603 -0.00975430442351264 -0.010022353744886855 0.0098517120114063241 0.0022051931144783979 -0.0003755364285088767 2.0475993235311035e-06 -0.00016938310459479398 0.0089948173688788602 -0.002033221515128786 0.0074273675090135785 0.00026796432271635579 3.9536965030229079e-07 -3.7964173124632215e-05 -4.3386598944919588e-07 0.0021351280726040608 0.0037640422267180848 -0.047639274238903399 0.0016889079847754913 -0.0072645982599133883 0.00062911299121702526 -0.015745877983229468 4.4834397557940083e-06 0.0059551009866434289 2.778746331375582e-05 -0.016560625631555592
leaf_weight=532 1565 46 6776 7099 5353 32 20 2403 487 1453 135 42 735 687 1293 6816 3278 41 87 2373 621 20 6795 100 233 47 106138 3431 10629 650
leaf_count=532 1565 46 6776 7099 5353 32 20 2403 487 1453 135 42 735 687 1293 6816 3278 41 87 2373 621 20 6795 100 233 47 106138 3431 10629 650
internal_value=0.000551358 0.000309615 0.00212674 0.000212173 0.00157561 0.00324809 0.000872902 0.00234043 -0.000908584 9.97357e-05 -0.00553812 -0.0143182 0.000965521 0.00251332 0.00059795 0.000503907 0.00385729 0.00121212 -0.0059375 1.68743e-05 0.00332142 0.000631825 0.00127686 -0.000478662 -0.00315789 -0.00860544 0.000110016 0.000610345 -7.77566e-05 -0.00183862
internal_weight=169917 147312 22605 143374 15156 7449 20850 3290 887 122524 223 88 9803 2252 17560 7551 3938 660 128 9472 7417 641 8088 867 380 147 122301 16163 12732 2103
internal_count=169917 147312 22605 143374 15156 7449 20850 3290 887 122524 223 88 9803 2252 17560 7551 3938 660 128 9472 7417 641 8088 867 380 147 122301 16163 12732 2103
cat_boundaries=0 1 2 3 4 5
cat_threshold=5928 1 16384 32873 18752
is_linear=0
shrinkage=0.05


Tree=144
num_leaves=31
num_cat=1
split_feature=19 16 17 11 20 4 1 3 17 5 19 10 19 5 4 6 20 17 4 4 19 4 19 19 15 16 17 4 16 19
split_gain=24.458 11.5174 10.5685 10.4619 4.06229 6.5402 5.98594 4.49488 5.06731 3.35216 3.18427 2.82034 2.78247 6.45952 6.21471 3.39621 4.29455 3.3251 2.95073 3.8175 4.06485 2.92417 3.03544 2.85538 5.74481 3.53366 3.08776 2.73682 3.38911 2.59841
threshold=7.0722074806783288 1.0000000180025095e-35 0.69320203597847485 6.3848570170685965 0.11018371921388019 4.5000000000000009 0 5.5000000000000009 0.78025122936348168 1.0000000180025095e-35 0.84542140545931754 6.8287661812678406 1.1481817452245191 1.0000000180025095e-35 10.500000000000002 1.0000000180025095e-35 0.39360947761953746 1.2680383039407841 3.5000000000000004 4.5000000000000009 4.0113984316872235 6.5000000000000009 4.7895191959119368 5.0463111211701941 5.3267613846764741 0.29567734429084286 4.6911658853875018 10.500000000000002 0.28553184263196768 4.2131249162416298
decision_type=10 8 10 10 10 2 1 2 10 2 10 8 8 2 2 2 10 10 2 2 10 2 8 8 8 8 8 2 10 10
left_child=1 2 -1 12 5 -4 -7 8 -6 11 -9 -5 -3 15 17 16 -14 -15 -18 20 -20 22 -17 25 -25 -16 -27 -11 -29 -22
right_child=-2 3 4 9 7 6 -8 10 -10 27 -12 -13 13 14 23 21 18 -19 19 -21 29 -23 -24 24 -26 26 -28 28 -30 -31
leaf_value=3.7560116778467825e-07 0.0095719689495418689 -8.1501664788808262e-06 6.5145590462537602e-06 0.0018079396409604147 0.00027242845011897385 5.7550812547454203e-07 -1.8620530193353726e-05 -2.6961151484584864e-05 -7.7535808413030184e-06 6.9898188784318189e-05 2.0770727007489206e-05 0.005596630797162363 0.0013060107571923921 0.0013433642765280753 -0.00071038766070099331 -0.0016095911987614689 0.0016833247508602383 -0.0008050759487100846 -0.00064953685884204689 -0.00011650871600621453 -0.014069989029643884 0.0004448099859976737 0.00066971613604796326 -0.020017751468619348 -0.013465127881672657 -0.017967680483729057 0.0088649803511905278 -0.0030771869712498522 -0.039902530658878867 -0.0078443654528288116
leaf_weight=3243 9063 23526 93 5971 620 41 71 152 680 1645 105 8402 47181 859 500 5944 7202 12449 1023 9230 186 26790 3265 57 178 256 51 72 44 671
leaf_count=3243 9063 23526 93 5971 620 41 71 152 680 1645 105 8402 47181 859 500 5944 7202 12449 1023 9230 186 26790 3265 57 178 256 51 72 44 671
internal_value=0.000564074 0.000421384 0.00278222 0.000345398 -0.000334847 -0.00695122 -0.0150893 0.000536288 0.00173077 0.00155076 -0.00550584 0.00180303 0.000205858 0.000306538 -0.000686411 0.000446932 0.000661369 -0.000395251 1.14681e-05 -0.00049955 -0.00255319 5.68073e-05 -0.000711803 -0.00440499 -0.00925532 -0.00299256 -0.00721498 -0.000508234 -0.00793103 -0.00509335
internal_weight=169570 160507 5005 155502 1762 205 112 1557 1300 16134 257 14373 139368 115842 14350 101492 65493 13308 18312 11110 1880 35999 9209 1042 235 807 307 1761 116 857
internal_count=169570 160507 5005 155502 1762 205 112 1557 1300 16134 257 14373 139368 115842 14350 101492 65493 13308 18312 11110 1880 35999 9209 1042 235 807 307 1761 116 857
cat_boundaries=0 1
cat_threshold=4
is_linear=0
shrinkage=0.05


Tree=145
num_leaves=31
num_cat=4
split_feature=11 18 10 15 3 13 20 1 7 22 10 3 0 0 3 16 22 18 4 0 20 21 7 11 20 3 15 3 22 10
split_gain=20.7594 21.1617 7.56305 3.81017 3.69061 2.81966 2.3702 5.01835 2.80404 2.73455 2.49037 2.48017 11.0255 3.31558 3.57412 5.10665 5.63469 3.50768 2.7332 2.50104 2.5849 2.43109 2.3806 2.34722 2.3269 3.3956 2.31889 2.4923 2.93782 2.22696
threshold=6.3848570170685965 1.0000000180025095e-35 6.948369158516555 7.0772058207626172 3.5000000000000004 7.4356444773014614 1.0000000180025095e-35 0 4.5000000000000009 7.1752435278881519 3.9522043336703749 4.5000000000000009 1 2 1.0000000180025095e-35 0.73113569475392359 8.7462259215500584 1.1520617118214374 2.5000000000000004 3 0.79708292673758185 8.7719603986732384 9.5000000000000018 4.583435563288619 1.6204372300014251 3.5000000000000004 0.69331376394879285 5.5000000000000009 6.428787255283626 6.4552771735124415
decision_type=10 8 10 10 2 8 8 1 10 10 8 2 1 1 2 10 8 8 2 1 10 10 10 8 10 2 8 2 10 8
left_child=1 26 4 6 5 -2 7 8 -3 -10 -8 13 -13 24 15 19 -17 18 -16 -15 -21 -14 -20 -22 -12 -26 -1 -28 -29 -6
right_child=2 3 -4 -5 29 -7 10 -9 9 -11 11 12 21 14 17 16 -18 -19 22 20 23 -23 -24 -25 25 -27 27 28 -30 -31
leaf_value=3.5682110939294635e-07 0.00039104629492687099 -8.329448010188493e-05 0.0099331670658205692 0.0056399863767247239 0.0003794594576191468 0.0057290320004998556 -4.1787135945874227e-06 2.9933879255739095e-05 -0.00015509058661765664 -0.00016387592859138378 -2.7022614799665346e-05 0.0058486222253456861 -8.5390884795102234e-06 0.00051969310311331877 0.0019284561826387746 0.0010660187828157228 -0.020480293777056461 0.0078805698794190589 -6.4712885277992934e-05 0.0059400253358115676 -0.079156709100879338 -0.0035659461109794621 -0.0053299279853084598 0.012601626829919797 -0.0047305326726980795 -0.022659376848405632 1.3047403847892589e-05 -0.00060990309792856214 -5.2146874983850178e-07 0.0066231936691394169
leaf_weight=3227 7155 35 6418 2431 976 2928 57407 144 21 20 24832 8232 12772 2121 4775 229 127 1612 23245 4177 36 20 28 36 842 152 581 23 109 4908
leaf_count=3227 7155 35 6418 2431 976 2928 57407 144 21 20 24832 8232 12772 2121 4775 229 127 1612 23245 4177 36 20 28 36 842 152 581 23 109 4908
internal_value=0.000534699 0.000319016 0.00195332 0.000219619 0.00137064 0.000789944 0.000185748 -0.005 -0.0153947 -0.0242683 0.00019386 0.000368591 0.00083809 0.000209928 0.000517365 0.00155813 -0.00426966 0.000281524 0.00015117 0.00188383 0.00258159 -8.12371e-05 -7.24013e-05 -0.00680556 -0.000223332 -0.00259557 0.00393401 0.00135344 -0.00484848 0.00236574
internal_weight=169619 147234 22385 143294 15967 10083 140863 220 76 41 140643 83236 21024 62212 36386 6726 356 29660 28048 6370 4249 12792 23273 72 25826 994 3940 713 132 5884
internal_count=169619 147234 22385 143294 15967 10083 140863 220 76 41 140643 83236 21024 62212 36386 6726 356 29660 28048 6370 4249 12792 23273 72 25826 994 3940 713 132 5884
cat_boundaries=0 1 2 3 4
cat_threshold=1 16609 243 780
is_linear=0
shrinkage=0.05


Tree=146
num_leaves=31
num_cat=6
split_feature=19 18 11 20 1 7 3 16 15 18 0 12 3 0 3 0 20 0 3 3 0 14 10 12 4 20 19 10 19 15
split_gain=25.1062 19.4585 9.18769 3.63112 5.8037 3.84475 3.43428 3.7299 2.85494 2.36498 4.22259 2.36381 2.32777 2.32613 2.23148 10.142 5.37355 3.73256 5.9896 6.02983 7.49219 3.07286 2.76993 2.46884 2.32539 2.30645 2.21986 2.20965 2.71777 2.68361
threshold=7.0722074806783288 1.0000000180025095e-35 6.3175255673114892 1.0000000180025095e-35 0 4.5000000000000009 3.5000000000000004 0.20729441670749227 0.69331376394879285 0.17534365059637938 1 1.1150072000796054 1.0000000180025095e-35 2 5.5000000000000009 3 1.4491176654321001 4 2.5000000000000004 4.5000000000000009 5 6.3561944587171153 6.4155059571494126 6.2350965296859853 5.5000000000000009 0.29714467916616466 4.0861154479238477 0.76519735254682386 0.75425598677812189 0.73370406495087115
decision_type=10 8 10 8 1 10 2 10 8 10 1 10 2 1 2 1 10 1 2 2 1 10 8 10 2 10 8 8 8 8
left_child=1 8 3 4 5 -3 7 -4 -1 10 27 -11 13 -9 17 -16 21 18 -13 20 -20 -17 -18 -23 -19 -21 -12 -5 29 -29
right_child=-2 2 6 9 -6 -7 -8 12 -10 11 26 14 -14 -15 15 16 22 24 19 25 -22 23 -24 -25 -26 -27 -28 28 -30 -31
leaf_value=3.3898005392107857e-07 0.0089109388314124321 -8.9536216022353412e-05 0.0036069007705902718 1.2689361858936322e-05 2.9716476603292474e-06 -0.0001491608535449486 0.0050921484992370652 -0.0010138105256633256 3.5022855481365205e-06 -1.7952150454486726e-05 0.00048821385393398796 0.0023068009816141193 -0.00097423511114957018 0.013805234013655574 0.0074419926585753554 -0.00029092185238834846 -0.012121523535509051 0.00019528523722471712 -0.0037926343152963242 0.0006375892574695132 0.00078070223930313968 -0.01473989161358337 0.00025702547619495849 -0.0044612501879480867 -0.00057801318093515038 0.008003425019397813 0.0026871514830470477 -5.8780314184728448e-07 -1.26511726071588e-05 -5.2984453320858613e-05
leaf_weight=3229 9139 39 4383 3828 140 44 6672 579 691 40563 7320 11686 4458 914 4612 3936 57 12626 3698 1509 3601 71 28 139 16995 1517 10681 584 15139 642
leaf_count=3229 9139 39 4383 3828 140 44 6672 579 691 40563 7320 11686 4458 914 4612 3936 57 12626 3698 1509 3601 71 28 139 16995 1517 10681 584 15139 642
internal_value=0.000530616 0.000385364 0.00029819 0.00016439 -0.00621076 -0.0166867 0.00139539 0.000824463 0.0038648 0.000174601 0.000509766 4.7903e-05 9.24233e-06 0.00171802 0.00024597 0.000979871 -0.000788729 0.000120274 0.000613278 -0.000263922 -0.00104192 -0.000535456 -0.0132353 -0.00642857 -0.000246195 0.00161269 0.00106629 1.3117e-05 -0.000239841 -0.00250408
internal_weight=169520 160381 156461 139455 223 83 17006 10334 3920 139232 38194 101038 5951 1493 60475 8843 4231 51632 22011 10325 7299 4146 85 210 29621 3026 18001 20193 16365 1226
internal_count=169520 160381 156461 139455 223 83 17006 10334 3920 139232 38194 101038 5951 1493 60475 8843 4231 51632 22011 10325 7299 4146 85 210 29621 3026 18001 20193 16365 1226
cat_boundaries=0 1 2 3 4 5 6
cat_threshold=1 43094 65 95 58404 16416
is_linear=0
shrinkage=0.05


Tree=147
num_leaves=31
num_cat=4
split_feature=19 18 11 10 5 7 20 1 7 17 8 5 17 19 6 0 20 0 11 19 8 6 9 0 19 18 11 18 19 7
split_gain=22.2083 21.5084 7.13266 4.00808 3.02216 2.97277 2.86351 4.38786 2.99229 2.50405 3.50831 2.18684 6.36576 4.67246 2.895 6.99967 3.04815 3.21318 2.55189 2.51687 2.92654 2.11861 2.77409 3.88133 5.20924 2.84145 2.29183 2.03348 2.53074 1.88061
threshold=7.0876025575716612 1.0000000180025095e-35 6.3175255673114892 6.3500123540472702 1.0000000180025095e-35 9.5000000000000018 1.0000000180025095e-35 0 4.5000000000000009 6.8780684350149732 4.5000000000000009 1.0000000180025095e-35 1.5938472060241056 1.2898050142582067 1.0000000180025095e-35 1 0.31383257858695185 2 1.011435595095721 1.7639674188252872 6.5000000000000009 1.0000000180025095e-35 1.0000000180025095e-35 3 4.3242933272087232 0.11244023197892908 5.5504370072248639 0.16060627774556921 4.7895191959119368 270.50000000000006
decision_type=10 8 10 8 2 10 8 1 10 8 2 2 10 8 2 1 10 1 8 10 2 2 2 1 10 10 8 10 10 10
left_child=1 -1 6 -4 -5 9 7 8 -3 10 -2 13 -13 -8 16 -16 18 19 -15 -18 -21 22 23 24 -14 -25 -26 28 -17 -20
right_child=5 2 3 4 -6 -7 11 -9 -10 -11 -12 12 21 14 15 27 17 -19 29 20 -22 -23 -24 25 26 -27 -28 -29 -30 -31
leaf_value=3.2203105122530222e-07 -0.06394752939228375 -0.00010227865394155973 -0.0014576684140289256 0.0036180316107129436 -0.0006497014693558679 -0.035422478499293676 -1.0094123754904353e-05 -4.4830876991961058e-06 -0.0001415964040972273 0.0094350735427206692 0.017023703019699105 5.4339401210341076e-05 -0.011196195780376493 -0.0037624685806463953 -0.0010818065234601134 0.00073947899735225656 0.0011921615707606403 0.00087113377002871566 0.0012813460190761509 -0.0063918424981637524 -0.020010353205815071 0.0005250379228455154 0.00020770988479545572 -0.0048857920144501658 -0.013981227547599612 -0.0021967485187691254 -0.040885274354303842 0.00051384810806399906 0.0059730064008958368 -0.0095423052628505964
leaf_weight=3921 21 35 1974 13910 1630 32 24425 145 38 8322 22 4815 99 48 10067 3043 571 21899 38093 2466 54 2573 2297 441 21 7226 34 19994 1549 21
leaf_count=3921 21 35 1974 13910 1630 32 24425 145 38 8322 22 4815 99 48 10067 3043 571 21899 38093 2466 54 2573 2297 441 21 7226 34 19994 1549 21
internal_value=0.00051612 0.000385683 0.0002946 0.00124586 0.00151544 0.0030231 0.000175558 -0.00555046 -0.0155479 0.00308129 -0.00895349 0.000184491 -0.00033817 0.000259347 0.000413834 4.66051e-05 0.000615341 0.000186075 0.000896442 -0.00132054 -0.00200397 -0.000925459 -0.00125124 -0.00169991 -0.00932927 -0.0015325 -0.0222727 0.000501301 0.00145035 0.000910952
internal_weight=169786 161389 157468 17514 15540 8397 139954 218 73 8365 43 139736 17506 122230 97805 34653 63152 24990 38162 3091 2520 12691 10118 7821 154 7667 55 24586 4592 38114
internal_count=169786 161389 157468 17514 15540 8397 139954 218 73 8365 43 139736 17506 122230 97805 34653 63152 24990 38162 3091 2520 12691 10118 7821 154 7667 55 24586 4592 38114
cat_boundaries=0 1 2 3 4
cat_threshold=1 48208 4482 14336
is_linear=0
shrinkage=0.05


Tree=148
num_leaves=31
num_cat=6
split_feature=10 16 17 11 20 1 22 3 17 17 13 3 11 17 17 22 3 21 0 10 3 9 0 17 3 0 0 15 22 0
split_gain=18.6577 13.4692 9.48246 6.33387 4.02862 5.28811 3.34817 3.2794 5.12339 3.2772 3.23128 2.94186 2.42014 2.41732 2.28231 3.02712 2.1189 2.07423 2.03456 1.96647 1.94153 12.1934 4.09086 3.0947 2.93173 12.8143 2.7221 4.04141 4.21248 2.20891
threshold=6.9372169844178622 1.0000000180025095e-35 0.69320203597847485 6.3175255673114892 0.11018371921388019 0 7.1752435278881519 5.5000000000000009 0.78025122936348168 7.1393662290018485 7.4356444773014614 3.5000000000000004 7.1902991025390088 0.73369413902673986 0.87137816868177476 6.6832444156148538 1.0000000180025095e-35 6.9646079790098261 1 7.5598199805147646 1.0000000180025095e-35 1.0000000180025095e-35 2 5.1398808841062378 4.5000000000000009 3 4 1.0691665297540147 7.3262782083611304 5
decision_type=10 8 10 10 10 1 10 2 10 8 8 2 8 10 10 10 2 10 1 10 2 2 1 10 2 1 1 8 8 1
left_child=1 2 -1 20 5 -4 13 8 -6 12 11 16 19 -7 15 -9 18 -10 -5 -2 21 22 -3 -24 29 -26 27 28 -27 -22
right_child=9 3 4 10 7 6 -8 14 17 -11 -12 -13 -14 -15 -16 -17 -18 -19 -20 -21 24 -23 23 -25 25 26 -28 -29 -30 -31
leaf_value=3.0592949866181667e-07 0.0076761428173230482 -0.00268261455530028 6.0316525712818953e-06 -0.0006087592208032772 0.00025682621855588339 -1.6484368603564836e-05 -2.8802650722714382e-06 -3.3039175300569986e-05 -4.7075971456233211e-05 0.010724367383192327 0.0061221569098563744 0.003281856073620722 0.0018005473282056519 -1.2026393756568398e-05 0.00026998721782965927 -2.4084396757525863e-05 -0.00038361563715398221 8.4724035769987271e-06 0.011214371370764357 -0.0044794001691661591 1.2952176078606659e-05 0.0057852282565758273 1.0802689263371907e-05 0.0059008769057226447 0.0045280647199277806 -0.00030945340176253389 -4.0613621894494993e-05 0.0013625142134456945 -5.3910600384917892e-05 -0.00050655135530416158
leaf_weight=3205 2925 3430 89 485 646 30 39 22 364 4514 4693 4509 3729 37 59 168 6063 310 859 73 41653 3695 9592 1210 9055 182 16761 10635 391 39712
leaf_count=3205 2925 3430 89 485 646 30 39 22 364 4514 4693 4509 3729 37 59 168 6063 310 859 73 41653 3695 9592 1210 9055 182 16761 10635 391 39712
internal_value=0.000505366 0.000365245 0.00292715 0.000282001 -1.70066e-05 -0.00679487 -0.0143396 0.000825367 0.00181818 0.00247353 0.00120387 0.000766197 0.00177419 -0.0211194 -0.00443775 -0.00710526 0.000153234 -0.00123145 0.0019494 0.00283189 0.000169679 0.000654599 -9.8368e-06 0.000467999 9.62507e-05 0.000465104 -6.45125e-05 0.000538421 -0.00355148 -7.15908e-05
internal_weight=169135 157894 4969 152925 1764 195 106 1569 1320 11241 16609 11916 6727 67 249 190 7407 674 1344 2998 136316 17927 14232 10802 118389 37024 27969 11208 573 81365
internal_count=169135 157894 4969 152925 1764 195 106 1569 1320 11241 16609 11916 6727 67 249 190 7407 674 1344 2998 136316 17927 14232 10802 118389 37024 27969 11208 573 81365
cat_boundaries=0 1 2 3 4 5 6
cat_threshold=4 1 2369 16481 4236 54038
is_linear=0
shrinkage=0.05


Tree=149
num_leaves=31
num_cat=1
split_feature=19 16 17 19 5 12 22 13 20 4 1 17 6 7 20 12 19 10 21 20 12 11 13 16 17 21 20 21 17 4
split_gain=20.3318 13.9085 8.95388 7.33697 4.28135 3.62747 3.32268 3.22346 2.67763 4.1888 4.90154 2.70367 2.67291 2.41385 2.24301 2.04881 1.98512 4.55042 3.38216 2.50475 2.31762 2.03925 2.60902 1.92092 1.91442 2.20041 1.80703 1.97021 2.82122 5.27192
threshold=7.0876025575716612 1.0000000180025095e-35 0.69320203597847485 5.4805184875252397 1.0000000180025095e-35 7.8399192825124215 7.2767595548628492 6.7396915309566019 0.11018371921388019 4.5000000000000009 0 0.78025122936348168 1.0000000180025095e-35 9.5000000000000018 0.40964941450860665 3.9899091162083553 6.1008899163519539 6.2520002129995369 8.7719603986732384 0.28017729995134133 5.2895288287108198 6.3175255673114892 6.2167058915252733 0.25718222291922688 6.8257964327499234 8.3489936997640886 0.28017729995134133 6.9062540274800099 1.055825952983239 4.5000000000000009
decision_type=10 8 10 8 2 10 10 8 10 2 1 10 2 10 8 10 8 8 10 10 8 8 10 10 8 10 10 10 10 2
left_child=1 2 -1 15 5 7 -6 16 9 -4 -11 -10 -8 24 23 -3 18 -18 20 -20 -5 22 -19 -9 -2 -26 27 28 29 -13
right_child=13 3 8 4 6 -7 12 14 11 10 -12 26 -14 -15 -16 -17 17 21 19 -21 -22 -23 -24 -25 25 -27 -28 -29 -30 -31
leaf_value=2.9063302373066868e-07 -0.10654918281659556 -2.1318455021942269e-06 5.8160866544948876e-06 -0.0021837890787276422 0.00084038401046440344 -0.010298441598960976 -0.0075587140815732458 0.0045954649981457766 0.00010162248404728542 5.9949153666527533e-06 -1.5535043226769752e-05 -0.00033801400816335176 0.0018778153906239725 -0.060328089287197489 0.00074815647706090135 0.00068399790341230969 -0.0032360493685564917 -0.0062176009855346688 -0.0028742135802177216 -0.00023483193428819441 0.0035851864592963837 0.0014641940485378886 3.0996473291519955e-05 0.0016531806106407658 0.008657199371397804 -0.015797242896241886 0.00029205202727719548 -1.5896245543390327e-06 -4.0569119822224853e-05 -1.2926106810081965e-05
leaf_weight=3271 20 88975 75 190 2746 35 973 11055 760 44 71 37 421 26 5290 29711 1330 276 20 33 3342 7233 741 3983 8291 34 183 394 112 71
leaf_count=3271 20 88975 75 190 2746 35 973 11055 760 44 71 37 421 26 5290 29711 1330 276 20 33 3342 7233 741 3983 8291 34 183 394 112 71
internal_value=0.000500846 0.000376212 0.00296732 0.000293053 0.00090103 0.00108834 -0.000615942 0.00110516 7.72755e-05 -0.00552632 -0.0115217 0.000761079 -0.00260402 0.00290348 0.0014999 0.000100096 0.000495633 0.000120042 0.0014993 -0.0110377 0.00168743 0.000557576 -0.00153884 0.00181141 0.00295087 0.00298799 -0.00127353 -0.00257329 -0.00636364 -0.0121296
internal_weight=169743 161372 5018 156354 37668 33528 4140 33493 1747 190 115 1557 1394 8371 20328 118686 13165 9580 3585 53 3532 8250 1017 15038 8345 8325 797 614 220 108
internal_count=169743 161372 5018 156354 37668 33528 4140 33493 1747 190 115 1557 1394 8371 20328 118686 13165 9580 3585 53 3532 8250 1017 15038 8345 8325 797 614 220 108
cat_boundaries=0 1
cat_threshold=4
is_linear=0
shrinkage=0.05


Tree=150
num_leaves=31
num_cat=9
split_feature=19 18 11 5 0 13 3 0 18 10 10 21 18 19 5 6 22 0 0 19 1 22 3 1 5 1 7 7 0 0
split_gain=20.2438 21.5195 7.58512 3.64222 2.65368 5.15007 2.59126 3.41923 2.51669 2.83384 2.23346 3.73621 2.61154 2.14315 4.29298 3.40846 8.63229 6.09823 4.37034 4.4594 4.29491 8.54033 4.26859 3.72624 3.37677 3.28452 2.93177 3.78386 2.72573 2.56775
threshold=7.0408298421700062 1.0000000180025095e-35 5.5260503503787923 1.0000000180025095e-35 0 0.71754226264466137 4.5000000000000009 1 0.15930127990213441 6.7991673323524253 6.948369158516555 8.0354326248629935 0.24750101871712449 1.2898050142582067 1.0000000180025095e-35 1.0000000180025095e-35 6.9087610166783255 2 3 3.8343287786296183 4 6.6832444156148538 1.5000000000000002 5 1.0000000180025095e-35 6 2.5000000000000004 80.500000000000014 7 8
decision_type=10 8 10 2 1 8 2 1 10 10 8 10 10 8 2 2 8 1 1 10 1 10 2 1 2 1 10 10 1 1
left_child=1 4 13 6 5 -1 8 -8 -4 -10 11 -2 -13 24 15 29 17 20 19 25 21 -17 -23 -19 -3 26 -18 -28 -27 -15
right_child=10 2 3 -5 -6 -7 7 -9 9 -11 -12 12 -14 14 -16 16 18 23 -20 -21 -22 22 -24 -25 -26 28 27 -29 -30 -31
leaf_value=9.3637251360079176e-06 0.0026232024277036622 -1.430392980438133e-05 0.0044598650820732114 -0.0010728108444570594 2.7610137254274747e-07 -0.00064875532156039267 -0.00048991003919252073 0.0082715240215266213 0.00071598271835900129 0.0046715487149298837 0.0078809510656343111 0.0079561654217630631 -0.016643680162466989 0.0014831316489197911 -0.00086383631584267644 -0.0070226340451082243 -0.0026043859284251882 -0.0036204619128614593 0.0010558401264393357 0.00032338713490089879 -0.0033136704012469787 0.00041866027711095111 -0.007227905558046456 0.00041869012903692063 3.4590426949915796e-05 0.0069484821450975986 -0.015788745176533954 0.0066897955780030301 -0.0034806411908779276 0.00051631168830585912
leaf_weight=95 1215 24696 1837 2440 3759 56 1043 3460 12094 2785 9122 34 59 17624 12964 50 178 1720 19832 2698 1330 127 250 3356 3701 327 89 21 1533 41406
leaf_count=95 1215 24696 1837 2440 3759 56 1043 3460 12094 2785 9122 34 59 17624 12964 50 178 1720 19832 2698 1330 127 250 3356 3701 327 89 21 1533 41406
internal_value=0.000478544 0.000338965 0.000246881 0.00107126 0.00400256 -0.00245342 0.00128163 0.00234621 0.000994855 0.000779286 0.00261266 0.000680428 -0.00897849 9.90131e-05 0.00020458 0.000326427 -9.34592e-05 -0.00166618 0.000342005 -0.00100288 -0.00419638 -0.00858314 -0.00600796 -0.000780574 -0.000285769 -0.00270484 -0.00767361 -0.0140909 -0.00193548 0.000550568
internal_weight=169901 159471 155561 23659 3910 151 21219 4503 16716 14879 10430 1308 93 131902 103505 90541 31511 6833 24678 4846 1757 427 377 5076 28397 2148 288 110 1860 59030
internal_count=169901 159471 155561 23659 3910 151 21219 4503 16716 14879 10430 1308 93 131902 103505 90541 31511 6833 24678 4846 1757 427 377 5076 28397 2148 288 110 1860 59030
cat_boundaries=0 1 2 3 4 5 6 7 8 9
cat_threshold=8260 1824 7360 41552 2 1 4 512 46100
is_linear=0
shrinkage=0.05


Tree=151
num_leaves=31
num_cat=5
split_feature=18 19 19 0 0 16 3 0 14 19 0 19 5 4 15 19 16 0 20 11 4 16 3 21 21 18 3 18 20 15
split_gain=18.1972 18.2665 7.23996 4.60307 3.92416 6.23087 4.38897 3.52552 3.48905 2.79621 2.61776 2.60953 2.58968 2.76434 2.57696 3.38394 2.54588 2.62748 2.33407 2.32111 2.25549 2.47134 3.54929 3.08136 2.24263 2.21487 2.19833 2.97089 2.18146 2.73138
threshold=1.0000000180025095e-35 7.1225367961994994 5.8108857907823817 0 1 0.13026951360440001 3.5000000000000004 2 6.1277417846847015 6.2300152416819152 3 0.72022334535698973 1.0000000180025095e-35 6.5000000000000009 6.5536271660412693 6.1008899163519539 1.581419179071105 4 1.8554581443506188 2.7757039971150994 1.5000000000000002 0.25566079472094222 2.5000000000000004 7.3482644339574383 8.3489936997640886 0.18486960693253021 4.5000000000000009 0.72074551370555917 0.26907454020118754 6.7366328975118792
decision_type=8 10 8 1 1 8 2 1 10 8 1 10 2 2 8 10 8 1 10 8 2 10 2 8 10 10 2 10 10 10
left_child=7 2 16 -4 5 -5 8 11 18 -7 14 -1 13 20 15 -8 -2 -18 -6 -19 -10 25 -23 28 -3 -22 -11 -28 -24 -30
right_child=1 24 3 4 6 9 10 -9 12 26 -12 -13 -14 -15 -16 -17 17 19 -20 -21 21 22 23 -25 -26 -27 27 -29 29 -31
leaf_value=-0.00060821932573153507 1.4162701534272855e-05 0.0085006098442735444 0.015933767130366039 0.0028039449360138424 0.0031161000897493084 0.0016329114239060725 0.0051787320412624398 2.6229630391561011e-07 0.0040673191791545365 -0.0037877191887862229 0.0052378295699371845 8.8955388792055782e-06 -0.0029699014581497404 0.0020563783088287618 0.0029996108669370159 -0.0041769884094314466 0.00040482871263545941 -0.001676922494833499 -0.0355564573655546 -0.00047511234363413127 -0.0028169935064606116 -0.0015963363481585554 -0.0032927255931323412 0.00037674694266457971 -0.013826808210288569 0.0014441036855476427 -0.0095034753495131241 -0.0060664510054300892 -0.008379561852926631 -0.018226798521634724
leaf_weight=48 111350 7045 1715 868 7185 390 283 3764 752 757 8534 77 1469 6415 2094 754 4530 652 23 6718 700 1289 118 124 39 1868 281 23 130 105
leaf_count=48 111350 7045 1715 868 7185 390 283 3764 752 757 8534 77 1469 6415 2094 754 4530 652 23 6718 700 1289 118 124 39 1868 281 23 130 105
internal_value=0.000449148 0.000370042 0.000259447 0.00088455 0.00075676 -0.00122585 0.000901485 0.00383003 0.000455447 -0.0032357 0.00167381 -0.00425926 -3.46953e-05 0.000217807 0.000431391 -0.00160559 7.7485e-05 -0.000617647 0.0013374 -0.00119919 -0.000652772 -0.00109137 -0.00253114 -0.00621593 0.00285432 -0.000101246 -0.00456645 -0.00815789 -0.00859773 -0.011383
internal_weight=170100 166211 159127 35877 34162 2319 31843 3889 20178 1451 11665 125 12970 11501 3131 1037 123250 11900 7208 7370 5086 4334 1766 477 7084 2568 1061 304 353 235
internal_count=170100 166211 159127 35877 34162 2319 31843 3889 20178 1451 11665 125 12970 11501 3131 1037 123250 11900 7208 7370 5086 4334 1766 477 7084 2568 1061 304 353 235
cat_boundaries=0 1 2 3 4 5
cat_threshold=34984 530 68 9476 51016
is_linear=0
shrinkage=0.05


Tree=152
num_leaves=31
num_cat=2
split_feature=18 19 11 10 3 21 15 15 3 9 20 1 3 19 9 4 19 17 18 19 7 1 11 11 20 12 21 21 5 17
split_gain=20.2423 19.2822 6.31271 3.17553 2.75825 2.52 2.02857 2.01584 1.95952 11.408 2.90183 2.33283 2.17098 4.85895 5.58749 5.8055 2.5453 2.37741 4.2656 2.87417 3.01435 6.78463 2.31161 2.24753 1.98023 1.96609 1.91683 1.82329 1.74963 4.68244
threshold=1.0000000180025095e-35 7.1225367961994994 6.3175255673114892 6.2207889377429852 3.5000000000000004 8.3489936997640886 7.4036399786033487 0.69331376394879285 1.0000000180025095e-35 1.0000000180025095e-35 0.86826150995684281 0 4.5000000000000009 1.2898050142582067 1.0000000180025095e-35 9.5000000000000018 0.71180929492339196 0.92959268352662872 0.31868525514122231 0.74385949482193026 4.5000000000000009 1 5.1384419555593945 0.37096867236468872 0.17829992433833905 4.6639105698660028 8.6135932733793492 7.1312986703816295 1.0000000180025095e-35 1.2680383039407841
decision_type=8 10 10 8 2 10 8 8 2 2 10 1 2 10 2 2 8 10 10 8 10 1 8 8 10 10 10 10 2 8
left_child=7 2 8 -4 6 -3 -5 -1 9 10 -2 -12 17 16 24 22 -14 18 19 20 -10 -22 -16 -21 -15 -26 28 -20 -19 -30
right_child=1 5 3 4 -6 -7 -8 -9 12 -11 11 -13 13 14 15 -17 -18 26 27 23 21 -23 -24 -25 25 -27 -28 -29 29 -31
leaf_value=2.4918148872066226e-07 2.0017218980948315e-05 0.0083655970434123594 -0.0023186785255338918 0.0011184550604778029 0.0047135810480123611 -0.013344500919584855 0.014079496523321128 4.838773747826339e-06 -1.9810630772663745e-07 0.0054814256405434116 0.001574962152365641 -0.013357411016113997 6.2909648474255986e-05 0.0032468115623146099 -0.0015306363806617601 0.0029183900728571958 -2.566494487912074e-05 -1.9619837384351289e-05 -0.00039847383125170017 -0.0046830566578284693 -0.00011721447213658976 -5.7860092678181059e-06 -0.00017065647323856616 5.6538732099283661e-05 0.0012418900410943274 0.003805473975547289 -0.0055200846038691818 -0.0037209178816920451 0.00014385416192688586 -0.0017295025275798764
leaf_weight=3199 13983 7095 1244 9887 6815 36 500 727 3291 3656 226 529 1443 2882 2757 1522 7482 62449 449 33 49 125 1845 7992 15032 4628 321 498 887 8063
leaf_count=3199 13983 7095 1244 9887 6815 36 500 727 3291 3656 226 529 1443 2882 2757 1522 7482 62449 449 33 49 125 1845 7992 15032 4628 321 498 887 8063
internal_value=0.000458163 0.000374097 0.00025973 0.00112924 0.00130566 0.00291754 0.000792818 0.00400662 0.000145281 0.000626291 6.10685e-06 -0.00301324 7.26092e-05 0.000388524 0.000705714 -0.000633573 -0.000630252 -6.85027e-05 0.000569671 0.000835509 -0.000367965 -0.00678161 -0.0015189 0.00135514 0.00106956 0.000890132 -0.000179169 -0.00265575 -0.000161837 -0.000815642
internal_weight=169645 165719 158588 18446 17202 7131 10387 3926 140142 18394 14738 755 121748 37591 28666 6124 8925 84157 12437 11490 3465 174 4602 8025 22542 19660 71720 947 71399 8950
internal_count=169645 165719 158588 18446 17202 7131 10387 3926 140142 18394 14738 755 121748 37591 28666 6124 8925 84157 12437 11490 3465 174 4602 8025 22542 19660 71720 947 71399 8950
cat_boundaries=0 1 2
cat_threshold=4 1
is_linear=0
shrinkage=0.05


Tree=153
num_leaves=31
num_cat=4
split_feature=18 19 11 5 4 12 3 0 19 18 18 21 22 12 2 4 3 0 4 0 19 22 22 20 20 18 15 22 19 0
split_gain=21.1289 16.8697 7.64365 2.79446 2.74497 3.07464 2.64255 3.64862 3.20986 4.73749 2.28009 2.08513 3.09156 2.07942 2.45599 2.03978 2.28205 4.74232 1.84592 5.05668 8.3847 4.61341 4.46724 4.11251 4.03928 4.88159 4.29883 3.84615 3.83671 5.69569
threshold=1.0000000180025095e-35 7.1407605049191449 5.5260503503787923 1.0000000180025095e-35 10.500000000000002 7.1368808229253178 4.5000000000000009 0 6.1008899163519539 0.74617960161953067 0.15930127990213441 8.272182292171534 8.2096007674660587 3.714790094103249 2.5000000000000004 9.5000000000000018 1.0000000180025095e-35 1 7.5000000000000009 2 1.8286565057681272 8.5121326454971271 7.0806726638591355 0.38334687189803834 0.65772860679021528 0.15577798805855389 3.7287139499042214 7.8666512120285281 2.9644493665241431 3
decision_type=8 10 10 2 2 10 2 1 10 10 10 10 10 8 2 2 2 1 2 1 8 10 8 8 10 10 8 10 10 1
left_child=-1 2 18 6 -5 -6 10 8 13 -10 -4 -3 -13 14 -8 16 17 -12 21 20 -20 -2 -22 -24 25 -25 -27 -28 -23 -30
right_child=1 11 3 4 5 -7 7 -9 9 -11 15 12 -14 -15 -16 -17 -18 -19 19 -21 22 28 23 24 -26 26 27 -29 29 -31
leaf_value=2.3672241428185359e-07 -1.0074781423784374e-06 0.0082905994040481292 0.0039584914423118596 1.6166970907167873e-05 -0.01163777688248189 -0.033459719741314807 0.12810184030042243 0.0085037014661192567 -0.0032910506352721511 -0.0070285138357291891 -0.0016773171443521359 -0.04935630418182857 0.0026866027114764101 0.0050487963810139959 -0.0086265148308935086 0.0035934897756817598 0.00026123550719706767 0.011330860995775315 0.00077829724975573807 7.1782308532163724e-05 -0.0079618533860059352 0.0016078816052867047 0.0013429844692853113 -0.0026639502243379857 0.0019407703683455122 -0.00095983128517992684 -0.014797495253554125 -0.0017010389573791935 0.0032865915025238899 -0.0095260074767031903
leaf_weight=3910 77785 6418 2073 2609 197 26 31 3888 523 26 842 20 35 470 40 3876 10420 1526 1454 50372 858 89 1034 339 351 96 234 78 134 189
leaf_count=3910 77785 6418 2073 2609 197 26 31 3888 523 26 842 20 35 470 40 3876 10420 1526 1454 50372 858 89 1034 339 351 96 234 78 134 189
internal_value=0.000459066 0.00037351 0.000271998 0.00104663 -0.000437853 -0.00576233 0.00122391 0.00224789 -0.000318182 -0.00301457 0.00095186 0.00287579 -0.00681818 0.0024122 -0.00556338 0.000757321 0.000452768 0.00185389 0.000117395 0.000339864 -0.00127526 -3.85563e-05 -0.00279264 -0.0015666 -0.00369763 -0.00577644 -0.00946078 -0.0123077 -0.00531553 -0.0078483
internal_weight=169943 166033 159560 26547 2832 223 23715 4978 1090 549 18737 6473 55 541 71 16664 12788 2368 133013 54816 4444 78197 2990 2132 1098 747 408 312 412 323
internal_count=169943 166033 159560 26547 2832 223 23715 4978 1090 549 18737 6473 55 541 71 16664 12788 2368 133013 54816 4444 78197 2990 2132 1098 747 408 312 412 323
cat_boundaries=0 1 2 3 4
cat_threshold=9760 65 768 16388
is_linear=0
shrinkage=0.05


Tree=154
num_leaves=31
num_cat=6
split_feature=18 17 17 0 3 13 3 0 16 22 0 17 7 13 3 17 5 4 0 14 18 4 4 9 3 0 22 0 17 13
split_gain=20.5563 15.9976 7.47545 6.82165 4.3948 3.45161 3.25081 4.19906 3.19265 3.09895 2.81612 2.74713 2.4069 2.28159 2.25343 2.07834 3.76422 3.49442 3.7211 3.38239 4.10396 3.07281 5.00126 5.95684 5.15702 4.57336 4.86413 4.42849 4.82886 4.50091
threshold=1.0000000180025095e-35 6.4837962159434772 7.2260422251974896 0 3.5000000000000004 6.3209481180252238 2.5000000000000004 1 0.24072243026684656 6.4967228014086293 2 6.6111645455386503 4.5000000000000009 1.8000241202036604 1.0000000180025095e-35 1.1356036175575139 1.0000000180025095e-35 10.500000000000002 3 4.1295504943422836 0.67474215714565089 3.5000000000000004 7.5000000000000009 1.0000000180025095e-35 1.0000000180025095e-35 4 6.5869912444460086 5 3.5382726894110141 2.0604932465842616
decision_type=8 8 10 1 2 10 2 1 10 8 1 10 10 8 2 10 2 2 1 10 10 2 2 2 2 1 10 1 10 10
left_child=-1 15 3 8 5 13 7 14 11 -10 -8 -3 -4 -5 -7 -2 21 -18 -19 -20 -21 -17 23 27 -25 26 -24 28 29 -23
right_child=1 2 12 4 -6 6 10 -9 9 -11 -12 -13 -14 -15 -16 16 17 18 19 20 -22 22 25 24 -26 -27 -28 -29 -30 -31
leaf_value=2.2488629356498537e-07 -6.3710997446320786e-06 -0.00078405667598156054 0.010296539100241321 -0.022118216562364262 0.0047891312769315075 0.012734688719391117 -0.003003443938477862 -0.00063331855432893248 -0.014430393903333462 -0.0048286210912159835 0.001494307459976092 0.0048255074779361392 -0.011641425174712068 0.0045980220689716567 0.0020738827151861243 0.0013250863300120462 -0.00046712926950532587 0.00015701315279075095 -0.0066315922236302657 -0.029418610718310347 0.0027776996024546502 0.00023502515528638307 -0.0053728581371122776 0.0021165463537972762 -0.0017219886759903659 0.0012426748736518913 -6.3618394938511697e-06 -0.00022538190627021326 0.0077763329691313337 -0.011391649010866953
leaf_weight=3951 23381 2296 4337 29 10229 1210 1888 3511 56 286 1422 649 39 6467 3213 22508 12228 382 406 92 32 1708 1005 1195 6470 33048 3299 22150 2154 152
leaf_count=3951 23381 2296 4337 29 10229 1210 1888 3511 56 286 1422 649 39 6467 3213 22508 12228 382 406 92 32 1708 1005 1195 6470 33048 3299 22150 2154 152
internal_value=0.000473901 0.000388985 0.00132774 0.00105676 0.00130973 0.000834273 0.000304162 0.00085329 -0.00109645 -0.00567251 -0.00101208 -0.00056876 0.00326325 0.00175185 0.00187571 0.000132094 0.000225548 -0.000566971 -0.00355263 -0.0062037 -0.0135484 0.000336699 0.000175679 -0.000264714 -0.00149054 0.000574534 -0.000957348 9.44047e-05 0.00162028 -0.000241935
internal_weight=169793 165842 35632 31256 27969 17740 11244 7934 3287 342 3310 2945 4376 6496 4423 130210 106829 13140 912 530 124 93689 71181 33829 7665 37352 4304 26164 4014 1860
internal_count=169793 165842 35632 31256 27969 17740 11244 7934 3287 342 3310 2945 4376 6496 4423 130210 106829 13140 912 530 124 93689 71181 33829 7665 37352 4304 26164 4014 1860
cat_boundaries=0 1 2 3 4 5 6
cat_threshold=598 16416 16384 46227 770 642
is_linear=0
shrinkage=0.05


Tree=155
num_leaves=31
num_cat=8
split_feature=18 19 17 3 0 3 0 19 18 19 0 4 4 19 3 1 20 20 3 9 0 3 0 3 0 17 0 15 20 15
split_gain=21.112 16.5894 5.31311 3.57277 4.27954 6.19191 3.77479 3.4939 3.47997 2.91558 3.0271 5.03698 2.53736 2.70521 2.50743 4.15287 2.69369 2.81205 2.43235 9.16812 2.99337 2.68997 4.9607 2.81927 13.569 4.94665 3.0503 3.01538 2.52274 7.98263
threshold=1.0000000180025095e-35 7.1225367961994994 5.6204623076872346 3.5000000000000004 0 1.0000000180025095e-35 1 2.9304004773526047 0.142171305181757 3.5679291077679753 2 2.5000000000000004 7.5000000000000009 0.69322269047845697 2.5000000000000004 3 0.50710923306503375 0.75364749892381078 1.0000000180025095e-35 1.0000000180025095e-35 4 4.5000000000000009 5 3.5000000000000004 6 4.792049117084928 7 3.3808971896610527 0.11018371921388019 0.69331376394879285
decision_type=8 10 8 2 1 2 1 8 10 8 1 2 2 8 2 1 10 10 2 2 1 2 1 2 1 10 1 10 10 8
left_child=-1 2 18 4 12 7 -5 -6 9 10 11 -7 -4 -14 -10 -16 -17 -18 19 -2 28 23 -23 25 26 27 -25 -22 29 -20
right_child=1 -3 3 6 5 8 -8 -9 14 -11 -12 -13 13 -15 15 16 17 -19 20 -21 21 22 -24 24 -26 -27 -28 -29 -30 -31
leaf_value=2.1364197888562586e-07 2.6073786626141388e-06 0.007285020225392614 -0.0019895832063806167 4.7523902170055918e-05 -0.01478314942673889 0.016494752025622322 0.0041022926043578602 0.010501701136514918 0.0011278090325953936 0.0091828817015353996 0.00053467695521710657 -0.026370188679036833 -0.00077089095186067512 0.00083912995642826567 -0.0042350352415956262 0.0014308414980806834 -0.011273696666252076 0.0038841297406798357 -1.3560095003511945e-05 0.004755100500922059 1.8906491799526276e-06 0.0033568336260975471 9.674725206777816e-06 0.00026523123422770407 -0.0036348389396843872 -0.0012915754232898462 -0.00033632632278848406 0.0014771964264771924 -2.8809815650510222e-05 -3.6575674785532094e-06
leaf_weight=3931 12257 7078 5480 4293 82 49 11023 2892 5420 2468 270 67 75 5041 977 1595 133 84 58 3469 17554 7470 17314 4418 5586 8791 4127 13765 23626 221
leaf_count=3931 12257 7078 5480 4293 82 49 11023 2892 5420 2468 270 67 75 5041 977 1595 133 84 58 3469 17554 7470 17314 4418 5586 8791 4127 13765 23626 221
internal_value=0.000449963 0.000364039 0.000258346 0.00075709 0.000384241 0.000956432 0.00135675 0.00298252 0.000412637 0.00191661 -0.00212435 -0.00849206 -0.000374316 0.000426114 -0.000110245 -0.00132843 8.83004e-05 -0.00513825 9.04297e-05 0.000669592 1.94325e-06 0.00015025 0.000581827 -4.692e-05 -0.000654235 0.000167041 0.000599065 0.000461222 -0.000488187 -0.00521505
internal_weight=169614 165683 158605 39949 24633 14037 15316 2974 11063 2854 386 116 10596 5116 8209 2789 1812 217 118656 15726 102930 79025 24784 54241 14131 40110 8545 31319 23905 279
internal_count=169614 165683 158605 39949 24633 14037 15316 2974 11063 2854 386 116 10596 5116 8209 2789 1812 217 118656 15726 102930 79025 24784 54241 14131 40110 8545 31319 23905 279
cat_boundaries=0 1 2 3 4 5 6 7 8
cat_threshold=4179 1822 128 4 11394 16481 49685 16401
is_linear=0
shrinkage=0.05


Tree=156
num_leaves=31
num_cat=5
split_feature=18 10 17 15 5 0 19 1 22 8 20 20 13 11 19 19 10 19 19 21 15 0 1 17 0 16 19 19 10 11
split_gain=21.2891 15.2234 3.77947 4.12781 4.50026 4.07255 5.16409 3.12487 3.69995 3.08376 2.69837 5.66563 3.23545 2.69287 2.59903 2.51813 3.928 2.2978 2.26333 3.51951 2.05932 2.68337 2.2933 2.98834 2.73962 3.1319 3.62847 2.61524 6.9662 2.25225
threshold=1.0000000180025095e-35 6.8681304720210319 5.5551104493470298 7.1263147452962103 1.0000000180025095e-35 0 2.627755771767339 1 7.3427918565799439 3.5000000000000004 0.50710923306503375 0.57231568008903977 7.0909514523202146 6.3848570170685965 7.3003784304405768 6.1008899163519539 6.2520002129995369 5.5687821917055933 0.37250061371044813 8.1622300485615504 1.1945063128187041 2 3 5.4448170471980495 4 1.581419179071105 4.6724643493623548 2.0020384793549453 2.0476720312775929 0.71754226264466137
decision_type=8 10 8 8 2 1 8 1 8 2 10 10 8 10 10 10 8 10 10 8 10 1 1 10 1 10 10 10 8 10
left_child=-1 2 17 4 10 7 -7 -5 -9 -6 15 12 -12 -3 -13 -4 -17 20 19 -10 21 -2 -22 24 -24 27 -27 -26 -29 -23
right_child=1 13 3 5 9 6 -8 8 18 -11 11 14 -14 -15 -16 16 -18 -19 -20 -21 22 29 23 -25 25 26 -28 28 -30 -31
leaf_value=2.0295987994134458e-07 -0.00031848658913026772 0.0021091649898267516 0.0034053241430524826 0.00036651886001642535 -0.0116671212615574 -0.011796567062745199 0.0079218608329190577 0.00019171628672294216 0.0014288472341766334 -0.001824085182629491 -0.0084100920072042312 0.0012336915405538112 0.00073990336451679412 0.0059585537417685165 -0.047440296873991719 -0.002140687880535657 0.0011837046404700592 -0.0057556842971544066 1.7597529349197747e-05 -0.0076998841033117651 0.00057978371460358036 5.2330002903677018e-06 -0.00073397864248458879 -0.0083124290482955079 0.0024352483937196152 -0.0016717106241711313 -0.026304394100698299 -0.0051529508203544995 0.00040501746736166117 -2.9581102144327136e-05
leaf_weight=3939 5348 5046 2849 3069 301 156 7135 238 216 2326 331 1328 152 7757 32 1724 13569 453 750 767 46352 16175 17902 125 3325 678 24 557 17932 9357
leaf_count=3939 5348 5046 2849 3069 301 156 7135 238 216 2326 331 1328 152 7757 32 1724 13569 453 750 767 46352 16175 17902 125 3325 678 24 557 17932 9357
internal_value=0.000415007 0.000328787 0.000190343 0.000647197 0.000245887 0.0013831 0.00213738 0.000287129 -0.00126585 -0.00169966 0.000501626 -0.00132122 -0.00597308 0.00198508 0.000330883 0.000686804 0.000432551 5.5317e-05 -0.00206867 -0.003647 6.89877e-05 -0.000281736 0.000193625 -8.10249e-05 -5.71526e-05 0.000309864 -0.00297721 0.000415788 0.000183623 -6.81229e-05
internal_weight=169913 165974 153171 34943 22612 12331 7291 5040 1971 2627 19985 1843 483 12803 1360 18142 15293 118228 1733 983 117775 30880 86895 40543 40418 22516 702 21814 18489 25532
internal_count=169913 165974 153171 34943 22612 12331 7291 5040 1971 2627 19985 1843 483 12803 1360 18142 15293 118228 1733 983 117775 30880 86895 40543 40418 22516 702 21814 18489 25532
cat_boundaries=0 1 2 3 4 5
cat_threshold=4950 1 10373 2 9176
is_linear=0
shrinkage=0.05


Tree=157
num_leaves=31
num_cat=8
split_feature=18 19 11 5 3 0 10 17 3 9 0 19 18 0 1 21 6 1 1 7 7 19 0 15 19 0 3 10 21 12
split_gain=21.5207 14.6238 5.43901 3.19287 3.20075 3.66149 2.56072 4.1752 2.16308 9.47675 2.80229 5.80444 1.97751 3.54149 2.87823 2.43819 3.32534 3.1297 2.29662 2.06053 2.37197 1.85039 1.82839 3.06049 1.79572 1.78275 2.18488 1.68685 1.64247 1.77675
threshold=1.0000000180025095e-35 7.1407605049191449 5.5260503503787923 1.0000000180025095e-35 4.5000000000000009 0 6.5515087738801077 6.1441209781728583 1.0000000180025095e-35 1.0000000180025095e-35 1 4.4301262208368408 1.9270511509625721 2 3 8.1622300485615504 1.0000000180025095e-35 4 5 112.50000000000001 3.5000000000000004 0.9103789153077414 6 0.69331376394879285 5.8108857907823817 7 5.5000000000000009 5.6385325736231167 7.2089702972815557 7.2486818501502617
decision_type=8 10 10 2 2 1 8 10 2 2 1 10 8 1 1 8 2 1 1 8 10 10 1 8 8 1 2 10 8 8
left_child=22 2 8 4 6 -6 7 27 9 10 11 -2 -10 -14 24 -16 18 -18 21 20 -19 -17 23 -1 -15 -20 -27 -4 -5 -30
right_child=1 -3 3 28 5 -7 -8 -9 12 -11 -12 -13 13 14 15 16 17 19 25 -21 -22 -23 -24 -25 -26 26 -28 -29 29 -31
leaf_value=3.0162511799547431e-05 -0.0025309982120497194 0.0068220426287331328 0.00057791950988181383 0.0016928898528285577 -0.00057165226567513084 0.007043381250814662 0.0020809852331054291 -0.0014065961584770819 -1.776695084200854e-06 0.0047787685758162168 2.9428229840116591e-05 -0.049743187911864724 0.014565976532184683 9.0526764946530228e-06 0.00018216648161706572 -0.0086296287361578242 0.00012759250504599496 -0.0020732812416896632 0.0015042110133352262 0.0076885309030486739 -0.016697617082994515 0.0062085354504361062 1.9281188594622024e-07 -0.00059355533327040103 0.0019981045365738289 -0.0082280544871717962 0.006473727969218683 0.0068243255218419525 -0.001030354888290361 -0.0056913044042773264
leaf_weight=99 1079 6519 1679 945 1197 3807 12304 3473 109632 3594 12604 122 1528 1201 489 160 121 58 489 23 178 41 3805 32 1017 341 172 1246 1078 751
leaf_count=99 1079 6519 1679 945 1197 3807 12304 3473 109632 3594 12604 122 1528 1201 489 160 121 58 489 23 178 41 3805 32 1017 341 172 1246 1078 751
internal_value=0.000418591 0.00033187 0.0002369 0.000891239 0.00107905 0.00220224 0.000778527 -3.28226e-05 0.000106474 0.000626186 3.07861e-05 -0.00226672 2.81509e-05 0.000926435 0.000186047 -0.00115347 -0.00210676 -0.00618421 -0.000818786 -0.00928571 -0.010678 -0.00569652 0.00407266 -0.00173759 0.00143823 0.000159681 -0.00188336 0.00135897 -0.000713771 -0.0015883
internal_weight=169784 165848 159329 26480 23706 5004 18702 6398 132849 17399 13805 1201 115450 5818 4290 2072 1583 380 1203 259 236 201 3936 131 2218 1002 513 2925 2774 1829
internal_count=169784 165848 159329 26480 23706 5004 18702 6398 132849 17399 13805 1201 115450 5818 4290 2072 1583 380 1203 259 236 201 3936 131 2218 1002 513 2925 2774 1829
cat_boundaries=0 1 2 3 4 5 6 7 8
cat_threshold=1952 2368 64545 1 2 2 68 336
is_linear=0
shrinkage=0.05


Tree=158
num_leaves=31
num_cat=4
split_feature=18 19 17 14 19 0 4 10 0 3 9 0 19 4 16 19 19 19 17 3 16 3 0 22 12 13 22 3 22 19
split_gain=20.4419 13.097 5.21151 2.90244 3.33732 3.91389 3.36537 2.81325 2.66252 2.58279 8.54248 3.19397 2.88096 2.71856 5.68727 3.7392 2.55934 2.52444 3.58665 2.4624 2.89601 2.33596 4.40147 2.78948 2.61292 4.6516 2.42612 2.31492 2.68904 2.42543
threshold=1.0000000180025095e-35 7.1407605049191449 5.6938045179403671 5.9826752459708361 2.8094840370972167 0 4.5000000000000009 6.2520002129995369 1 1.0000000180025095e-35 1.0000000180025095e-35 2 5.6408521765671304 8.5000000000000018 0.93678852163681414 3.9707212699057601 7.1033084796077484 5.1232513114130089 4.4353239532957351 2.5000000000000004 0.62884188598196722 3.5000000000000004 3 6.1515950721623494 6.2110015222489485 6.3209481180252238 6.5295713858117095 5.5000000000000009 7.2696777905581191 6.9282007308701958
decision_type=8 10 8 10 8 1 2 8 1 2 2 1 10 2 8 10 8 10 10 2 10 2 1 8 8 10 10 2 8 10
left_child=-1 2 9 4 5 -4 -7 -5 16 10 -2 12 13 -11 -15 -16 19 18 -17 20 -6 26 24 -24 25 -23 -9 -26 29 -29
right_child=1 -3 3 7 8 6 -8 21 -10 11 -12 -13 -14 14 15 17 -18 -19 -20 -21 -22 22 23 -25 27 -27 -28 28 -30 -31
leaf_value=1.8317129165112967e-07 3.2038097951548222e-06 0.0065326663430703789 8.6000426699206489e-06 -0.0020715088908269457 -0.0006314736195035753 0.016181194577695564 -0.010792304765341572 0.0041005161967745491 0.0040054699780171085 -0.0011536463846215828 0.004371669171759616 5.5822015030172961e-06 -0.011670446765668545 0.0012849115242512931 -0.00095807959567507808 -0.0059948468046294697 -0.0040416354340768968 -0.0019443749766814887 -0.017439933218789731 0.0053154591551252692 -0.02807342378348518 -0.0028701449395182794 -0.097002767357853875 0.0033829980795050071 0.0061908780066338188 -0.010465654363768041 -0.0001815023957683999 -0.0059289634270187509 0.0010896146297764992 -0.022443919462203341
leaf_weight=3898 12392 6464 966 1974 715 75 168 1395 12914 9621 3502 89095 173 3866 579 83 1045 73 50 1275 51 97 25 6506 265 45 12005 158 242 26
leaf_count=3898 12392 6464 966 1974 715 75 168 1395 12914 9621 3502 89095 173 3866 579 83 1045 73 50 1275 51 97 25 6506 265 45 12005 158 242 26
internal_value=0.000394803 0.000310682 0.0002212 0.000715573 0.00120547 -0.00132754 -0.00685771 0.000344797 0.00139688 5.58469e-05 0.000649302 -3.52519e-05 -0.000724663 -0.000647421 0.000345087 -0.00353503 7.42896e-05 -0.00932039 -0.0134211 0.00110485 -0.00113577 0.000516278 0.00123167 0.00166718 -0.00217675 -0.00838028 0.000123135 -0.00093343 -0.00321596 -0.00777174
internal_weight=169743 165845 159381 39947 17209 1209 243 22738 16000 119434 15894 103540 14445 14272 4651 785 3086 206 133 2041 766 20764 7364 6531 833 142 13400 691 426 184
internal_count=169743 165845 159381 39947 17209 1209 243 22738 16000 119434 15894 103540 14445 14272 4651 785 3086 206 133 2041 766 20764 7364 6531 833 142 13400 691 426 184
cat_boundaries=0 1 2 3 4
cat_threshold=850 4694 11648 9216
is_linear=0
shrinkage=0.05


Tree=159
num_leaves=31
num_cat=1
split_feature=18 19 17 13 10 2 19 15 10 12 15 19 15 10 4 15 19 10 17 5 17 19 18 19 16 4 5 16 18 1
split_gain=21.63 12.3885 5.87258 2.78873 3.13165 2.69714 2.6126 2.79351 2.51006 5.50749 2.27951 2.35841 2.19711 2.77265 2.14543 2.05352 2.51139 6.54708 6.0049 2.7018 2.26218 3.55491 2.29279 2.16436 3.29209 3.64866 3.17824 3.0771 2.74373 3.38002
threshold=1.0000000180025095e-35 7.1407605049191449 5.6938045179403671 6.0733900368205918 6.2773009516322995 1.5000000000000002 5.5687821917055933 5.3658041684260782 6.9236778383151325 7.1045547706286856 5.6477367252630586 2.8094840370972167 5.2547780848762731 5.3035536024188419 7.5000000000000009 3.3808971896610527 1.9547769238740993 2.0476720312775929 1.4869796347011677 1.0000000180025095e-35 2.4672079010094206 2.0460354156292682 0.47300957128889254 3.3188218409009687 0.25718222291922688 5.5000000000000009 1.0000000180025095e-35 0.30299155758606655 0.13683867330131175 0
decision_type=8 10 8 10 8 2 10 10 8 10 8 8 10 10 2 10 10 8 10 2 10 10 10 10 8 2 2 8 10 1
left_child=-1 2 6 10 -5 8 15 12 9 -6 14 -12 -8 -14 -4 16 18 20 19 -2 21 22 -18 27 25 -25 -26 28 29 -19
right_child=1 -3 3 4 5 -7 7 -9 -10 -11 11 -13 13 -15 -16 -17 17 23 -20 -21 -22 -23 -24 24 26 -27 -28 -29 -30 -31
leaf_value=1.7401272706663031e-07 -9.9254077315962367e-06 0.0062515483902872565 0.0081736043038351299 -0.0019364260011767464 0.0011191364254833018 0.00011342192715642814 -0.0056282157919350668 -0.00051569085291403992 0.0044558738413910011 -0.005538959340673489 -0.00018893919853204283 0.0026275829398909587 -0.015098488542738426 7.9416646276978673e-06 -0.0057322370092395226 0.00038979412823694586 9.6665905733381291e-06 -0.0041942465531474892 0.0038566250955189836 3.5502325657955592e-05 0.0017248572346910418 -0.007449320131120693 -0.01626494693617276 9.2532815544011488e-05 2.0513587660647319e-05 -0.005896690776055368 -0.010397158773666343 -0.002626497041295495 0.0012732555201527232 -5.0951036238025473e-05
leaf_weight=3964 26234 6381 99 1870 2851 12071 308 731 5013 251 1173 16411 49 27 114 59120 464 477 5637 4130 252 935 36 565 4505 984 598 4215 8640 1530
leaf_count=3964 26234 6381 99 1870 2851 12071 308 731 5013 251 1173 16411 49 27 114 59120 464 477 5637 4130 252 935 36 565 4505 984 598 4215 8640 1530
internal_value=0.000403956 0.000316622 0.000230084 0.000755652 0.000379942 0.00056128 5.47152e-05 -0.00235426 0.00126617 0.000148292 0.00122127 0.00128355 -0.00580729 -0.0134211 -0.00392019 7.7416e-05 -0.000130739 -0.000536399 0.000130691 -0.000147543 -0.00353586 -0.00430314 -0.0009 -0.000301199 -0.00105081 -0.00306972 -0.000437977 3.43159e-05 0.000486992 -0.00117838
internal_weight=169635 165671 159290 39853 22056 20186 119437 1115 8115 3102 17797 17584 384 76 213 118322 59202 23201 36001 30364 1687 1435 500 21514 6652 1549 5103 14862 10647 2007
internal_count=169635 165671 159290 39853 22056 20186 119437 1115 8115 3102 17797 17584 384 76 213 118322 59202 23201 36001 30364 1687 1435 500 21514 6652 1549 5103 14862 10647 2007
cat_boundaries=0 1
cat_threshold=1
is_linear=0
shrinkage=0.05


Tree=160
num_leaves=31
num_cat=6
split_feature=18 17 17 20 20 7 18 19 19 16 11 3 0 0 3 0 3 22 7 19 0 11 0 19 11 3 19 19 0 22
split_gain=20.4954 11.5268 4.28602 3.85316 4.1201 3.53107 3.5128 3.06292 2.68504 2.60209 2.5866 2.76475 6.66394 2.49357 2.41018 2.8978 6.24269 4.52305 2.30134 2.28801 2.3997 2.74432 2.28796 2.80152 2.25829 2.11784 2.6365 2.08805 2.05643 3.28583
threshold=1.0000000180025095e-35 6.7231696438195092 7.2542553644443979 0.50710923306503375 0.53215534915711349 5.5000000000000009 0.23326570593049048 6.7431565105464033 1.8753188427539424 0.19901334018573816 4.0613043372021433 4.5000000000000009 0 1 3.5000000000000004 2 1.0000000180025095e-35 6.8470822159564397 107.50000000000001 4.4623357279323725 3 4.3047403127531068 4 5.9596936294832572 2.0476720312775929 2.5000000000000004 6.8877980291056717 0.37250061371044813 5 7.523119502640724
decision_type=8 8 10 10 10 10 10 10 10 8 10 2 1 1 2 1 2 10 10 10 1 10 1 8 8 2 8 8 1 8
left_child=28 10 3 14 6 -4 8 -8 -5 -9 -2 13 -13 -12 15 27 22 -18 24 -14 -21 -22 23 -17 -16 -19 -27 -3 29 -1
right_child=1 2 5 4 -6 -7 7 9 -10 -11 11 12 19 -15 18 16 17 25 -20 20 21 -23 -24 -25 -26 26 -28 -29 -30 -31
leaf_value=2.8636527008629731e-05 -1.6591033497594871e-06 -0.0019545312922956428 0.0087198767772358431 -0.016697737929849705 -0.00017655654572202065 -0.015547031744045359 -0.0050318814118611617 0.00098028365066376894 0.0042638696562810486 -0.019679305202398592 0.001100409593807799 0.0083749744339275036 0.0037023493771429525 -0.00032046358145206981 -0.0069200673763241786 -0.031716913120749646 0.0058349630020698706 0.00047632818479363589 -0.010723868752421777 0.0016177270447926884 -0.0083971512045481703 -0.0009454712581744764 0.01157125782505674 0.00028256512288120096 0.0027841430599662188 -0.0071010187005212848 -0.00086262988667323631 -0.00028353815773257061 1.6531209071080077e-07 -0.00095377449749141244
leaf_weight=124 95649 34 3736 27 2036 23 55 21 142 95 14791 2872 2259 16312 78 30 2956 3272 51 2398 97 2815 2154 80 8127 339 1243 4216 3781 30
leaf_count=124 95649 34 3736 27 2036 23 55 21 142 95 14791 2872 2259 16312 78 30 2956 3272 51 2398 97 2815 2154 80 8127 339 1243 4216 3781 30
internal_value=0.000391627 0.000307038 0.001218 0.000980927 -0.000934343 0.00279197 -0.00602941 -0.0110819 -0.00091716 -0.0156897 0.000116369 0.000445793 0.00114979 0.000209466 0.00118246 0.000790282 0.00125149 0.000582587 0.00186289 0.000368782 -0.00019774 -0.00116016 0.00356449 -0.00333333 0.0019287 -0.000356407 -0.00185841 -0.000305164 0.00395807 -0.00170732
internal_weight=169843 165908 28715 24956 2376 3759 340 171 169 116 137193 41544 10441 31103 22580 14324 10074 7810 8256 7569 5310 2912 2264 110 8205 4854 1582 4250 3935 154
internal_count=169843 165908 28715 24956 2376 3759 340 171 169 116 137193 41544 10441 31103 22580 14324 10074 7810 8256 7569 5310 2912 2264 110 8205 4854 1582 4250 3935 154
cat_boundaries=0 1 2 3 4 5 6
cat_threshold=69 31244 83 24744 384 8260
is_linear=0
shrinkage=0.05


Tree=161
num_leaves=31
num_cat=7
split_feature=18 11 10 3 0 13 10 5 4 9 0 18 22 14 4 4 0 9 18 14 1 0 0 13 22 3 9 0 22 3
split_gain=20.3202 12.1317 4.53958 3.4116 2.4227 2.85124 2.22015 2.90234 2.3324 2.93204 3.06354 3.76382 5.174 3.34405 2.26375 2.62813 5.75687 4.53408 3.17077 3.43347 2.78784 4.9923 4.9361 4.43811 2.81157 2.70414 3.41118 2.70365 2.68799 2.62657
threshold=1.0000000180025095e-35 6.5192210288150969 6.8554614828731877 3.5000000000000004 0 0.71754226264466137 3.8722415940098038 1.0000000180025095e-35 10.500000000000002 1.0000000180025095e-35 1 0.47300957128889254 6.4136627883623101 2.8931418480839728 3.5000000000000004 7.5000000000000009 2 1.0000000180025095e-35 0.21390202648268711 3.2600159261750652 3 4 5 6.5763999263153314 8.5121326454971271 4.5000000000000009 1.0000000180025095e-35 6 7.8503592361305765 1.5000000000000002
decision_type=8 10 8 2 1 8 8 2 2 2 1 8 10 10 2 2 1 2 8 10 1 1 1 10 10 2 2 1 8 2
left_child=4 6 -3 -4 5 -1 -2 14 -9 10 11 12 -10 -14 -8 17 18 20 -17 -20 22 23 -16 24 -22 26 -18 -27 -21 -19
right_child=1 2 3 -5 -6 -7 7 8 9 -11 -12 -13 13 -15 15 16 25 29 19 28 21 -23 -24 -25 -26 27 -28 -29 -30 -31
leaf_value=2.720470065820102e-05 -8.0659634943353694e-06 0.00046894807294586924 0.0027598032185535272 0.0069355665913980891 1.5704648617664851e-07 -0.00057680406095345083 0.00057059104612914495 -0.00034201866568208566 -0.025207222506012546 0.0028146289442884474 -0.0048542495802597271 0.00026036486156449386 0.0043933036894880234 -0.014552814166815455 -0.011485515346983296 2.7055561906633186e-05 0.00041189246857399706 0.00023182522096339768 -0.00020075945057977508 -0.00780909250484215 0.0082277728883560965 3.8077903713220815e-05 -0.00041166933637024002 -0.0043442234646792191 -0.0037954435650403824 0.0059417473676915741 0.0022525231320311727 0.0015126000680683851 -0.0013679078742682793 -0.0016281751483403783
leaf_weight=99 55660 6120 8863 5240 3735 60 19086 10457 32 166 422 42 32 28 700 2401 14771 1752 3312 582 2463 13777 5419 138 80 2361 4151 3570 432 3887
leaf_count=99 55660 6120 8863 5240 3735 60 19086 10457 32 166 422 42 32 28 700 2401 14771 1752 3312 582 2463 13777 5419 138 80 2361 4151 3570 432 3887
internal_value=0.000351158 0.00026738 0.00141497 0.00190846 0.00392142 -0.00210059 0.000108118 0.000261545 -0.000492441 -0.003241 -0.00498201 -0.0113194 -0.0178261 -0.00916667 0.000368399 0.000217072 0.000530399 -0.000133612 -0.000766662 -0.00157651 0.000183151 0.000521935 -0.00072806 0.00249164 0.00297483 0.00088143 0.00058979 0.00181335 -0.00412229 -0.00140184
internal_weight=169838 165944 20223 14103 3894 159 145721 90061 11179 722 556 134 92 60 78882 59796 31580 28216 6727 4326 22577 16458 6119 2681 2543 24853 18922 5931 1014 5639
internal_count=169838 165944 20223 14103 3894 159 145721 90061 11179 722 556 134 92 60 78882 59796 31580 28216 6727 4326 22577 16458 6119 2681 2543 24853 18922 5931 1014 5639
cat_boundaries=0 1 2 3 4 5 6 7
cat_threshold=8260 2592 722 4 640 896 32805
is_linear=0
shrinkage=0.05


Tree=162
num_leaves=31
num_cat=4
split_feature=20 19 8 17 19 15 16 0 5 3 0 19 20 20 20 3 0 4 4 16 12 1 13 8 4 19 22 22 22 17
split_gain=15.8787 11.1509 3.43863 3.36561 2.72315 3.36928 5.32923 3.87203 3.46858 3.09122 6.44059 4.23759 2.57843 2.41376 2.93315 2.30417 6.70793 2.37063 2.82486 2.93583 3.54053 2.1744 2.13117 2.09445 4.26507 4.26055 2.20079 1.92285 2.90882 1.88752
threshold=1.0000000180025095e-35 7.1407605049191449 2.5000000000000004 5.6938045179403671 2.8094840370972167 7.2458518378322738 0.50761325898756249 0 1.0000000180025095e-35 4.5000000000000009 1 6.2300152416819152 1.6204372300014251 0.13074213495133152 0.11507317529480547 1.0000000180025095e-35 2 6.5000000000000009 1.5000000000000002 0.24779549230745365 6.916863660299212 3 0.71754226264466137 3.5000000000000004 3.5000000000000004 6.9282007308701958 6.8305624843129609 6.2837323091180384 6.2224895902081689 6.9114660611950676
decision_type=8 10 2 8 8 8 10 1 2 2 1 10 10 10 10 2 1 2 2 10 10 1 8 2 2 10 8 10 10 8
left_child=2 3 -1 -2 13 8 7 21 9 12 11 -11 15 14 -5 16 -6 18 -17 -20 -21 -7 -9 24 25 26 -10 28 -12 -3
right_child=1 29 -4 4 5 6 -8 22 23 10 27 -13 -14 -15 -16 17 -18 -19 19 20 -22 -23 -24 -25 -26 -27 -28 -29 -30 -31
leaf_value=2.0297220301009696e-06 6.7775000778258487e-08 -0.051128543172354358 1.4919416186920388e-07 -0.0045762020343164964 0.010649337610609932 0.0013435248314127746 -0.0076225089495986333 -0.015211249913729888 -0.018915512778942944 0.0024549734241183993 0.00031211924279723856 -0.0062194885110672168 -0.078544245478282107 -0.0027745619070906483 -0.0051993695725015372 0.0038137950239724647 -0.00045932838378718644 0.0011033982281552909 4.2085717354860414e-06 -0.0024500051300996549 -0.0078043474368660022 -0.0072231291622841176 0.0064943522630866437 -0.001466689355307529 0.0016125430672648822 -0.027109069872767528 -0.0013760603403446207 0.0070529029661704282 -0.010035312543414542 0.0059439320267688335
leaf_weight=693 120827 24 2193 42 1917 251 31 21 28 354 189 665 50 897 31 1027 2082 9761 3640 2236 590 427 8549 2959 176 37 74 3678 39 6416
leaf_count=693 120827 24 2193 42 1917 251 31 21 28 354 189 665 50 897 31 1027 2082 9761 3640 2236 590 427 8549 2959 176 37 74 3678 39 6416
internal_value=0.00035267 0.000289131 0.0040298 0.000207314 0.0006064 0.00067185 0.00150286 0.00157223 0.000410481 0.000602029 0.00173096 -0.00180272 0.000341032 -0.00201031 -0.0107534 0.000367713 0.00144911 0.000117074 -0.000551848 -0.000938756 -0.00214791 -0.00204942 0.00185897 -0.00112401 -0.005 -0.0115468 -0.00627451 0.00265066 -0.00179825 0.00232919
internal_weight=169904 167018 2886 160578 39751 38781 9279 9248 29502 26228 4925 1019 21303 970 73 21253 3999 17254 7493 6466 2826 678 8570 3274 315 139 102 3906 228 6440
internal_count=169904 167018 2886 160578 39751 38781 9279 9248 29502 26228 4925 1019 21303 970 73 21253 3999 17254 7493 6466 2826 678 8570 3274 315 139 102 3906 228 6440
cat_boundaries=0 1 2 3 4
cat_threshold=530 1792 24576 2
is_linear=0
shrinkage=0.05


Tree=163
num_leaves=31
num_cat=5
split_feature=18 17 20 20 18 19 19 11 21 0 7 0 22 4 0 20 11 18 19 11 0 22 13 21 22 6 0 9 17 19
split_gain=22.5654 9.1901 4.26513 6.7731 6.77898 4.44871 3.98562 2.87286 2.44553 2.31926 2.0453 1.74145 2.59048 3.20385 1.70964 2.76679 1.6314 2.25328 2.00922 3.43186 2.9571 1.80258 2.32258 1.76637 1.83873 4.12033 4.68622 4.0585 3.15923 2.74707
threshold=1.0000000180025095e-35 6.7231696438195092 0.50710923306503375 0.53215534915711349 0.23326570593049048 7.2352134129670178 1.8753188427539424 6.8870932708094079 7.2082301046963382 0 63.500000000000007 1 7.5667892751891612 4.5000000000000009 2 1.8554581443506188 4.0613043372021433 0.10723928317700966 4.3913830904529307 4.615615321433844 3 7.5879650409482435 4.3826512443740979 6.5517941110389986 6.6832444156148538 1.0000000180025095e-35 4 1.0000000180025095e-35 4.8416593269066874 0.88613046044828891
decision_type=8 8 10 10 10 10 10 8 10 1 8 1 10 2 1 10 10 10 10 10 1 8 8 8 8 2 1 2 10 10
left_child=-1 16 5 4 6 9 -4 -6 -9 -3 -11 12 13 -12 -5 -16 23 -18 20 -20 -19 -21 -23 -2 25 29 -27 -28 -29 -25
right_child=1 2 3 14 7 -7 -8 8 -10 10 11 -13 -14 -15 15 -17 17 18 19 21 -22 22 -24 24 -26 26 27 28 -30 -31
leaf_value=1.4173445377352324e-07 0.00023213896974678467 0.016594033221466249 -0.01514984717065352 0.0029836567423663913 -0.0026455529785508539 0.0083434754101241026 0.0066328783547552634 -0.015948437881390592 -0.020436078197213589 0.00090754337035244047 -0.010152686618482138 -6.0486696347088291e-07 -0.013093283911787851 0.0010881590269286891 -0.0019344907069875419 -0.017046378621432347 0.0035107310952968737 0.0038393924985580703 -0.0015411337974861597 0.00076708773370842578 0.001028611978288558 -0.0073941067733966264 -0.00041846627373904878 -2.8730927620858833e-05 -7.6525499386905899e-07 -0.00010164785205500108 -0.0029455934041332081 -0.0072936016627694724 0.0011829646545108269 -3.0376327374255646e-06
leaf_weight=3890 7094 1185 22 1118 42 3518 155 110 38 20976 20 193 20 65 1221 24 1084 1776 3694 21916 6519 134 6484 226 80569 1072 538 100 30 6005
leaf_count=3890 7094 1185 22 1118 42 3518 155 110 38 20976 20 193 20 65 1221 24 1084 1776 3694 21916 6519 134 6484 226 80569 1072 538 100 30 6005
internal_value=0.000348803 0.000260564 0.00107413 -0.000805861 -0.00712534 0.0012717 -8.47456e-05 -0.0136842 -0.0169595 0.00101273 0.00089128 -0.00322148 -0.00804348 -0.005 0.000175624 -0.00109562 9.03886e-05 0.000351744 0.000291563 0.000112945 0.000985534 0.000298591 -0.000424599 -2.33179e-05 -8.41426e-05 -0.000808556 -0.00295977 -0.00620944 -0.0142308 -0.000207832
internal_weight=169838 165948 28707 2730 367 25977 177 190 148 22459 21274 298 105 85 2363 1245 137241 41607 40523 32228 8295 28534 6618 95634 88540 7971 1740 668 130 6231
internal_count=169838 165948 28707 2730 367 25977 177 190 148 22459 21274 298 105 85 2363 1245 137241 41607 40523 32228 8295 28534 6618 95634 88540 7971 1740 668 130 6231
cat_boundaries=0 1 2 3 4 5
cat_threshold=47144 18 1353 39425 32827
is_linear=0
shrinkage=0.05


Tree=164
num_leaves=31
num_cat=5
split_feature=18 10 3 19 3 0 19 15 0 3 19 0 18 5 10 6 0 18 0 3 18 22 15 10 19 19 10 18 21 18
split_gain=21.3561 9.28061 2.87344 2.84053 4.1956 11.7978 4.11488 6.02439 3.98653 5.21596 4.61698 4.32381 12.318 3.89882 3.77362 3.50189 3.24993 2.83344 2.68172 3.72536 2.59637 2.38752 2.36598 2.30928 2.47654 2.27751 3.92899 2.68616 2.27413 3.17235
threshold=1.0000000180025095e-35 6.8681304720210319 3.5000000000000004 1.2898050142582067 4.5000000000000009 0 1.9547769238740993 2.2320152068390988 1 1.0000000180025095e-35 4.8670449182119446 2 0.67474215714565089 1.0000000180025095e-35 1.3986406674150766 1.0000000180025095e-35 3 1.0834873744643991 4 5.5000000000000009 0.72074551370555917 6.5763428971570743 0.89240748276374371 1.9530024665512917 2.0460354156292682 6.2300152416819152 5.1390284658905765 0.54363763573403967 8.5570866396637921 0.34361870180916293
decision_type=8 10 2 8 2 1 10 8 1 2 10 1 8 2 10 2 1 8 1 2 10 8 8 8 10 8 10 10 10 10
left_child=-1 3 -3 13 6 -6 14 20 28 10 11 12 -10 22 16 -14 -5 -11 19 -7 23 -13 -2 24 -8 26 27 -20 -9 -30
right_child=1 2 -4 4 5 18 7 8 9 17 -12 21 15 -15 -16 -17 -18 -19 25 -21 -22 -23 -24 -25 -26 -27 -28 -29 29 -31
leaf_value=1.3464773108706753e-07 -1.3113269600385813e-07 0.0018152982206985993 0.0058659254853991212 -0.00072620862348183105 0.0040668857116949878 -0.0018606344185162491 -0.0013711567266955216 -0.0005275794597537208 0.0053155005514233774 1.4748519408707559e-05 0.0061401413979444135 0.0042777791503440911 -0.026123073918824315 4.6091239780489866e-05 0.0068702698551903283 -0.016393309150756794 0.0015090823622474622 0.012562056029988592 -0.00050716891360543133 0.0025936256503759966 -0.016430887236410913 0.00081115634744779455 -4.046920432608228e-05 -0.0011952554257908779 -0.0080411148310076119 -0.004262703350286735 0.0027675498265619133 -0.0065305288768256796 5.6782487679099645e-05 -0.015256612241755936
leaf_weight=3937 11562 8314 4487 2890 14591 2897 298 33509 427 37099 3429 852 176 3749 2958 88 2098 1205 6066 6040 106 4678 12976 1697 407 1280 1084 350 75 66
leaf_count=3937 11562 8314 4487 2890 14591 2897 298 33509 427 37099 3429 852 176 3749 2958 88 2098 1205 6066 6040 106 4678 12976 1697 407 1280 1084 350 75 66
internal_value=0.000344499 0.000257897 0.00155105 0.000149457 0.00025232 0.000742541 8.02757e-05 -2.24699e-05 5.17133e-05 0.000344425 0.00138342 0.000571452 -0.00313124 -0.000302789 0.00116788 -0.0116667 0.000328789 8.27592e-05 -0.00012495 0.00048452 -0.0024362 0.00103791 -0.000532236 -0.00209825 -0.00450355 -0.000745165 -0.000413333 -0.000883728 -0.000365419 -0.00670213
internal_weight=169391 165454 12801 152653 124366 32308 92058 84112 81604 47954 9650 6221 691 28287 7946 264 4988 38304 17717 8937 2508 5530 24538 2402 705 8780 7500 6416 33650 141
internal_count=169391 165454 12801 152653 124366 32308 92058 84112 81604 47954 9650 6221 691 28287 7946 264 4988 38304 17717 8937 2508 5530 24538 2402 705 8780 7500 6416 33650 141
cat_boundaries=0 1 2 3 4 5
cat_threshold=16501 2275 16640 848 33160
is_linear=0
shrinkage=0.05


Tree=165
num_leaves=31
num_cat=5
split_feature=17 17 10 3 22 17 15 0 5 1 0 3 0 19 17 1 19 8 4 3 22 15 19 22 7 15 4 11 14 15
split_gain=8.05599 14.5978 8.67016 3.68973 2.86017 2.55033 2.62643 3.43183 3.15428 2.97917 3.04844 2.59682 3.72209 3.12986 2.78511 2.46022 2.44642 2.40702 3.94306 2.53659 2.35303 2.31183 2.26087 3.71474 2.55845 2.1039 2.05474 2.001 1.97816 1.96175
threshold=0.69320203597847485 0.69052922798166627 6.9372169844178622 3.5000000000000004 6.7401772617438906 5.6938045179403671 7.0772058207626172 0 1.0000000180025095e-35 1 2 4.5000000000000009 3 6.2300152416819152 6.1441209781728583 4 3.1955830789840447 3.5000000000000004 3.5000000000000004 5.5000000000000009 7.1700002979321233 5.6477367252630586 0.83328271756484484 6.5763428971570743 78.500000000000014 0.6326014616045107 6.5000000000000009 6.696416582362489 6.1277417846847015 6.9415313118455471
decision_type=8 10 10 2 8 8 8 1 2 1 1 2 1 10 10 1 8 2 2 2 8 10 8 10 8 10 2 8 10 10
left_child=1 4 5 -4 -1 -2 8 15 11 10 22 26 21 -14 -15 -8 -11 18 27 -20 -17 -13 -9 24 -24 -3 28 -10 -7 -29
right_child=2 25 3 -5 -6 6 7 9 17 16 -12 12 13 14 -16 20 -18 -19 19 -21 -22 -23 23 -25 -26 -27 -28 29 -30 -31
leaf_value=-0.0057549955206181577 8.4457410329697918e-06 7.3250584241790767e-06 0.0020464536220421597 0.0068269169580026162 2.5802848431731607e-05 0.001378755571244693 0.00022851498489042757 0.00020135094634841016 -0.029921339144913312 -0.0035983550547302326 0.01336287303686386 -0.11962956111442441 0.0023578840211686165 -0.0067030664473339196 -0.0042974185239271299 0.00020980657954429612 0.0053944821097236424 -0.0014800716466686519 0.0084397322728377456 -0.021045344286191946 -0.0036760568492197401 0.005459822299018275 -0.018151713069936657 0.0026402152080089686 0.0016742820288323296 1.2791534453326925e-07 0.0010975014572249104 -0.0026613496371828832 -0.0016039223062798052 -0.023707338647018506
leaf_weight=37 114871 663 7438 3810 4426 2366 378 139 25 709 245 21 377 37 563 85 10638 2221 123 39 764 2939 156 43 21 3281 8653 69 4727 33
leaf_count=37 114871 663 7438 3810 4426 2366 378 139 25 709 245 21 377 37 563 85 10638 2221 123 39 764 2939 156 43 21 3281 8653 69 4727 33
internal_value=0.000374551 0.00188355 0.000295994 0.00163496 -7.50614e-05 0.000195751 0.00056699 0.00112612 0.000234984 0.00138408 -0.00203642 0.000447849 0.00159639 -0.00107903 -0.00333333 -0.00138642 0.00156737 -0.00143426 -0.00572664 -0.000555555 -0.00289164 0.00247475 -0.0048916 -0.00818182 -0.0113842 0.0040999 0.000160676 -0.0123228 -0.000470182 -0.00921569
internal_weight=169897 8407 161490 11248 4463 150242 35371 13178 22193 11951 604 19683 3937 977 600 1227 11347 2510 289 162 849 2960 359 220 177 3944 15746 127 7093 102
internal_count=169897 8407 161490 11248 4463 150242 35371 13178 22193 11951 604 19683 3937 977 600 1227 11347 2510 289 162 849 2960 359 220 177 3944 15746 127 7093 102
cat_boundaries=0 1 2 3 4 5
cat_threshold=534 2 320 24641 2
is_linear=0
shrinkage=0.05


Tree=166
num_leaves=31
num_cat=4
split_feature=20 17 17 3 0 13 7 8 3 19 0 3 0 19 3 3 0 16 20 22 8 20 3 21 19 13 12 19 20 16
split_gain=17.519 8.19723 4.01956 4.01493 4.413 3.4419 2.71939 2.46763 2.36612 2.61918 2.34496 4.08957 4.53123 4.52239 2.97293 2.21181 6.17059 2.70564 2.16559 3.6823 2.15797 2.41219 4.22998 2.83377 2.04099 1.92728 4.3717 3.31277 1.88658 1.77219
threshold=1.0000000180025095e-35 7.2542553644443979 5.6938045179403671 3.5000000000000004 0 6.0396592888630396 5.5000000000000009 2.5000000000000004 4.5000000000000009 6.4251209138036627 1 2.5000000000000004 2 2.190580708099132 1.0000000180025095e-35 1.0000000180025095e-35 3 0.2299737963602288 1.2947748904401986 6.9591390058223084 5.5000000000000009 1.8554581443506188 5.5000000000000009 6.9579728820873044 5.5210936040645953 6.0396592888630396 6.3175255673114892 6.1008899163519539 0.16462408828064737 0.064140309130873915
decision_type=8 10 8 2 1 10 10 2 2 8 1 2 1 10 2 2 1 10 10 8 2 10 2 8 10 10 8 10 10 8
left_child=7 2 18 5 25 10 -3 -1 9 -6 14 12 13 -12 -4 16 -7 -17 29 20 24 22 23 -22 -20 -5 27 -27 -16 -2
right_child=1 6 3 4 8 15 -8 -9 -10 -11 11 -13 -14 -15 28 17 -18 -19 19 -21 21 -23 -24 -25 -26 26 -28 -29 -30 -31
leaf_value=6.0359762387218744e-06 4.4171374274926128e-08 0.0074643896184972656 0.012991412667345065 0.00071834563213925848 -0.0024759311363387933 0.0092463599798604627 -0.016455931008180338 1.2151957730632824e-07 0.0066649780132103419 0.0026653040864849167 -0.0054024414267108013 0.0027085466249350079 -0.00053251642015148166 -0.034858178307279185 0.015591217952973134 0.00028539812615886723 -0.0019039538134032698 -0.0020351328654069556 -0.0038197215100657929 -1.4213025804880406e-05 -0.0092596709396478485 0.0034931072545099254 -0.022546536466608782 -0.012653901740119704 -0.025257578793722386 0.0015827856793290806 -1.3302043278238849e-05 -0.0099494468011576912 0.00082920676643547647 6.7937559895942974e-06
leaf_weight=707 5544 3729 1384 3313 887 1432 23 2205 6290 4062 139 2510 3310 43 548 7048 1398 5756 669 1801 85 52 21 22 22 110 1179 248 2646 112683
leaf_count=707 5544 3729 1384 3313 887 1432 23 2205 6290 4062 139 2510 3310 43 548 7048 1398 5756 669 1801 85 52 21 22 22 110 1179 248 2646 112683
internal_value=0.000331026 0.000263965 0.000210843 0.000630334 0.0012521 0.000248722 0.00257463 0.00417582 0.00179527 0.000978986 0.00094518 0.000292748 -0.000813287 -0.00828125 0.00179599 -0.000222592 0.0010424 -0.000502187 6.40619e-05 -0.00134356 -0.00401263 -0.00888889 -0.0125781 -0.0085514 -0.0027424 -1.02879e-05 -0.00147365 -0.00631285 0.000961177 9.58751e-05
internal_weight=169866 166954 163202 42303 16089 26214 3752 2912 11239 4949 10580 6002 3492 182 4578 15634 2830 12804 120899 2672 871 180 128 107 691 4850 1537 358 3194 118227
internal_count=169866 166954 163202 42303 16089 26214 3752 2912 11239 4949 10580 6002 3492 182 4578 15634 2830 12804 120899 2672 871 180 128 107 691 4850 1537 358 3194 118227
cat_boundaries=0 1 2 3 4
cat_threshold=10006 60460 256 24576
is_linear=0
shrinkage=0.05


Tree=167
num_leaves=31
num_cat=6
split_feature=18 10 17 0 1 18 4 4 22 19 20 19 2 0 22 20 0 5 7 1 12 5 4 22 10 12 1 19 22 4
split_gain=21.2781 7.95277 2.97434 3.05932 3.51867 2.39069 2.26359 3.47385 3.59272 3.29392 3.53002 2.15678 2.23517 2.1 2.9216 2.04424 2.25063 2.21869 1.95447 2.25161 1.9492 2.14421 1.78039 1.92724 2.76825 1.89897 1.7587 1.71077 1.58954 1.94662
threshold=1.0000000180025095e-35 6.9372169844178622 7.2542553644443979 0 1 0.07461110890142568 9.5000000000000018 3.5000000000000004 7.6162895154448096 1.1481817452245191 0.64171845381435122 7.2671789435822811 2.5000000000000004 2 7.523119502640724 0.91912303957007246 3 1.0000000180025095e-35 183.50000000000003 4 3.7853247081855312 1.0000000180025095e-35 10.500000000000002 6.3217839532665012 3.6389002209295209 7.2308165287359589 5 2.85119340686088 8.5121326454971271 7.5000000000000009
decision_type=8 10 8 1 1 8 2 2 8 8 8 8 2 1 8 10 1 2 10 1 10 2 2 10 10 10 1 8 10 2
left_child=13 2 20 4 -4 -5 7 18 -9 -10 -11 12 -3 14 -1 16 17 -12 19 -6 -2 28 -23 24 -24 26 -25 -7 -22 -30
right_child=1 11 3 5 6 27 -8 8 9 10 15 -13 -14 -15 -16 -17 -18 -19 -20 -21 21 22 23 25 -26 -27 -28 -29 29 -31
leaf_value=4.0505339630070304e-06 -2.5137320756313213e-06 0.0036538310924360468 0.00040589214994230909 -0.01527346505303754 -0.0032611244856255808 -0.0043439440135149077 0.0004433122598127661 0.00099720972326866695 0.00021653537304302075 -0.02051894620390135 -0.010291380481044785 0.0087221568917696512 0.0001704621383956645 1.1544359844184449e-07 -0.00055006683965048867 -0.074232084882507127 -0.00082968628945009274 -0.01586367991717445 -0.006860417779755712 0.00065233355549178815 0.00072257165830346185 -0.00045499727140009414 -0.023816846179975659 -0.015666302315397434 0.00045523603292191989 -0.040642023877031745 0.00042230221730581765 0.010110095430895267 -0.0034609623242386292 0.001726429678905685
leaf_weight=128 92679 5865 2012 25 129 111 725 121 151 99 342 2050 3225 3775 24 22 224 30 25 536 47313 6153 23 138 20 20 250 2782 241 255
leaf_count=128 92679 5865 2012 25 129 111 725 121 151 99 342 2050 3225 3775 24 22 224 30 25 536 47313 6153 23 138 20 20 250 2782 241 255
internal_value=0.000331076 0.000244797 0.000151723 0.00113444 0.000300497 0.0023873 -0.000990016 -0.00199821 -0.00389788 -0.00502304 -0.00643654 0.00153501 0.00120462 0.00396868 -0.00179012 -0.00503236 -0.00447987 -0.0067801 0.000724638 0.0012406 0.000102725 0.000340268 -0.00050424 -0.00353659 -0.0136047 -0.00247549 -0.00170103 0.00252852 0.000456923 -0.00235887
internal_weight=169493 165566 154426 7334 4416 2918 2404 1679 989 868 717 11140 9090 3927 152 618 596 372 690 665 147092 54413 6604 451 43 408 388 2893 47809 496
internal_count=169493 165566 154426 7334 4416 2918 2404 1679 989 868 717 11140 9090 3927 152 618 596 372 690 665 147092 54413 6604 451 43 408 388 2893 47809 496
cat_boundaries=0 1 2 3 4 5 6
cat_threshold=982 1 8260 836 2 4
is_linear=0
shrinkage=0.05


Tree=168
num_leaves=31
num_cat=4
split_feature=20 19 0 22 8 19 17 13 19 15 17 1 16 0 15 11 16 8 16 17 20 22 20 22 19 20 19 0 22 19
split_gain=16.512 8.13958 2.98502 4.06286 2.98182 2.76336 2.26764 2.77731 2.96784 2.03814 1.84086 2.22756 1.79839 2.98766 3.06516 1.79033 1.69444 1.88591 1.77542 2.08032 2.03418 2.1237 2.52522 1.66234 2.27273 1.61859 1.61182 1.59977 1.5907 1.5807
threshold=1.0000000180025095e-35 7.0876025575716612 0 7.6045786912034439 2.5000000000000004 7.3003784304405768 5.6938045179403671 6.0396592888630396 2.9304004773526047 5.7253708138257773 5.9159865527472553 1 1.581419179071105 2 4.7157113006606899 7.8375540494105929 1.0461798787195897 3.5000000000000004 0.76810865386887162 6.6362341663293352 0.49909110976662613 7.0713869050364329 0.55058940295930703 7.1378536494930778 5.6408521765671304 0.16998454516444247 5.5687821917055933 3 6.8470822159564397 6.1008899163519539
decision_type=8 8 1 8 2 8 8 10 10 8 10 1 8 1 10 10 8 2 10 8 10 10 10 10 10 10 10 1 8 10
left_child=4 6 3 -3 -1 28 12 8 27 10 -10 -12 -2 14 -14 16 17 -9 29 -20 -21 -22 -23 -16 -25 -11 -15 -8 -4 -19
right_child=1 2 5 -5 -6 -7 7 15 9 25 11 -13 13 26 23 -17 -18 18 19 20 21 22 -24 24 -26 -27 -28 -29 -30 -31
leaf_value=4.800775626844979e-06 8.9850970156346579e-07 0.0009942481078629925 0.0041400902630097484 -0.0055044695540480831 1.0967141851891961e-07 0.01083578090680363 -0.0060572183897078576 -0.0028400400089110007 -0.0008105156012546879 0.0084302675313944701 0.01715716419952423 -0.0092486632394810694 -0.0016028848157219741 0.00010499210164592258 -0.0017890127852767069 -0.0049749865150283228 0.0056336819309336546 0.0056052659492168075 0.012349954668569375 0.001462779293628467 -0.0001777900318081756 -0.11438312053895228 -0.023764836244788548 -0.036270098973981452 -0.010438623279023149 0.0027539328486640407 -0.0098586966146881894 -0.00013104202516875339 0.0013510515955087049 0.00022720007676587186
leaf_weight=711 111445 402 1883 966 2188 3883 294 1327 375 1154 20 34 4877 4221 28 29 1280 633 60 35 23 23 25 22 22 11658 163 755 3802 17480
leaf_count=711 111445 402 1883 966 2188 3883 294 1327 375 1154 20 34 4877 4221 28 29 1280 633 60 35 23 23 25 22 22 11658 163 755 3802 17480
internal_value=0.000344722 0.000279747 0.00159839 -0.000587808 0.00408589 0.00190958 0.000187296 0.000540406 0.00107768 0.00128049 -0.00210956 -0.0107407 8.43699e-05 -0.000582342 -0.00142267 0.000173321 0.000190558 7.54873e-05 0.000207615 -0.00493976 -0.00915094 -0.0140141 -0.02 -0.0116667 -0.0177273 0.00139401 0.000368685 -0.00148236 0.00120932 0.00025479
internal_weight=169818 166919 10936 1368 2899 9568 155983 35205 14290 13241 429 54 120778 9333 4949 20915 20886 19606 18279 166 106 71 48 72 44 12812 4384 1049 5685 18113
internal_count=169818 166919 10936 1368 2899 9568 155983 35205 14290 13241 429 54 120778 9333 4949 20915 20886 19606 18279 166 106 71 48 72 44 12812 4384 1049 5685 18113
cat_boundaries=0 1 2 3 4
cat_threshold=598 1 14501 8332
is_linear=0
shrinkage=0.05


Tree=169
num_leaves=31
num_cat=3
split_feature=20 19 17 17 20 22 20 22 17 21 20 15 0 1 21 5 17 15 22 20 6 8 0 19 22 20 19 19 20 6
split_gain=18.2655 15.5192 25.9603 50.1072 44.3852 24.8567 8.38503 7.60758 6.7169 4.8637 4.44362 3.23988 4.35402 3.70871 3.29446 2.75183 2.67994 3.10948 2.95024 5.22028 2.36364 2.34914 2.10535 2.42535 3.6091 2.01925 2.01757 3.00635 1.94983 1.92382
threshold=1.0000000180025095e-35 0.73026094190808244 0.69052922798166627 0.69320203597847485 0.11018371921388019 7.3135382136129818 0.090583452377197296 6.841266940382563 6.4837962159434772 6.6339758955710328 0.11507317529480547 7.2458518378322738 0 1 8.1622300485615504 1.0000000180025095e-35 0.78025122936348168 0.77435709176599266 6.764295771966351 0.22885766448230618 1.0000000180025095e-35 2.5000000000000004 2 6.9021060208765173 7.3135382136129818 0.18805206083901613 1.5448070016787989 2.2362127191154029 1.6204372300014251 1.0000000180025095e-35
decision_type=8 8 10 10 10 8 10 10 8 10 10 8 1 1 8 2 10 8 8 10 2 2 1 10 10 10 10 10 10 2
left_child=21 2 -2 4 5 7 -7 -4 16 10 -5 15 13 20 -15 -10 -3 18 19 25 26 -1 23 -17 -25 -18 -13 -28 -14 -16
right_child=1 8 3 9 -6 6 -8 -9 11 -11 -12 12 28 14 29 22 17 -19 -20 -21 -22 -23 -24 24 -26 -27 27 -29 -30 -31
leaf_value=6.0420649674063622e-06 2.152534338332432e-05 4.1536261858560609e-05 -8.7348594357550275e-09 -3.4724218769622814e-05 0.00016132241572595188 8.5358421648695786e-07 -1.3215416750456122e-05 -8.7348594357550275e-09 0.0012671312339980513 -3.5646547240123934e-06 -0.0018091069648261612 0.0014555571168528181 0.0068892914418011934 0.0014084404105982498 -0.0037055786571773726 -0.0013789194603822056 -2.2207079660212437e-05 2.6014137996777452e-05 -1.5752196086602912e-05 0.00011106223900978759 0.0093197441809814551 1.0418784759380629e-07 -0.0011345522366532112 -0.026127882083058857 -0.0074621418258042794 -6.273340046115745e-05 -0.018507452877565993 0.00039157488491452301 -0.028860925825898956 -0.0097981924819432725
leaf_weight=687 4347 3633 42 79 177 78 64 244 20356 1352 122 337 6695 601 1262 73 52 119951 1296 96 1150 2208 2656 32 29 45 32 1613 29 441
leaf_count=687 4347 3633 42 79 177 78 64 244 20356 1352 122 337 6695 601 1262 73 52 119951 1296 96 1150 2208 2656 32 29 45 32 1613 29 441
internal_value=0.000267966 0.00019966 -0.00219447 -0.00667748 -0.0188843 -0.0275935 -0.010493 -0.0360839 0.000296766 -0.00192209 -0.0091791 0.000905795 0.00156661 0.000510467 -0.00101128 0.000558628 0.000124847 8.48157e-05 -0.00218603 -0.00795337 0.00163155 0.00420553 -0.000913978 -0.00680556 -0.0146721 -0.016134 0.000585268 -0.000136778 0.0024161 -0.00213447
internal_weight=169779 166884 6505 2158 605 428 142 286 160379 1553 201 35306 12160 5436 2304 23146 125073 121440 1489 193 3132 2895 2790 134 61 97 1982 1645 6724 1703
internal_count=169779 166884 6505 2158 605 428 142 286 160379 1553 201 35306 12160 5436 2304 23146 125073 121440 1489 193 3132 2895 2790 134 61 97 1982 1645 6724 1703
cat_boundaries=0 1 2 3
cat_threshold=982 1 1024
is_linear=0
shrinkage=0.05


Tree=170
num_leaves=31
num_cat=6
split_feature=20 18 20 22 3 19 21 20 22 8 19 3 0 3 0 20 19 10 0 0 22 20 20 0 20 3 10 4 0 22
split_gain=17.5922 23.0577 82.7942 38.7548 7.43072 6.90259 5.6743 5.40852 3.94989 3.01213 2.84157 4.74186 14.3151 4.83859 10.8528 4.62775 4.11299 4.54642 3.63853 3.5774 3.05412 4.22443 6.27889 3.01849 2.9692 8.04244 3.32895 2.86307 2.80698 2.80375
threshold=1.0000000180025095e-35 1.0000000180025095e-35 0.11018371921388019 7.313894599488787 5.5000000000000009 7.1407605049191449 6.9560690257739344 0.19498690226813356 7.9806751139780205 2.5000000000000004 1.2898050142582067 4.5000000000000009 0 1.0000000180025095e-35 1 0.30014490809294953 1.9547769238740993 2.4024201905583298 2 3 8.2409424876430659 0.89334677428537035 0.94968409520739117 4 1.1599980968653989 5.5000000000000009 2.7757039971150994 8.5000000000000018 5 6.8788872481713152
decision_type=8 8 10 8 2 8 10 10 10 2 10 2 1 2 1 10 10 8 1 1 8 10 10 1 10 2 8 2 1 8
left_child=9 2 3 6 -4 10 -2 -6 -5 -1 -3 13 19 14 -12 -16 -15 18 -18 -13 -17 -22 -23 -19 -21 -26 -27 -25 -7 -28
right_child=1 5 4 8 7 28 -8 -9 -10 -11 11 12 -14 16 15 20 17 23 -20 24 21 22 -24 27 25 26 29 -29 -30 -31
leaf_value=5.186263217149545e-06 -8.2981164661877219e-09 -7.9252132515990571e-06 0.00028825820757248378 6.5203597808816134e-07 -3.9260952322589528e-05 -0.00021873147467673824 -8.2981164661877219e-09 3.4794866592321326e-05 -1.2554645912932205e-05 9.8978455215226199e-08 -0.000901749684947583 0.0084865369528384551 -0.00038392699900147295 0.0023297029646414083 0.004622021774513165 0.0037602115856255735 -0.0053065265503129296 0.00067418896783470283 0.00035412499628876409 0.0027474141292608712 -0.0018220856896255036 -0.040330411203737475 -0.010094907567451903 -0.0007929545892503137 0.087760091859946543 -0.01308008212724473 -0.013707467231047772 0.00032590953731272647 0.0048806916900403065 -0.012952479021914903
leaf_weight=685 68 28208 705 97 74 1932 211 43 40 2206 7060 4564 15333 4916 6516 2608 1830 14958 1030 12358 701 46 73 37659 214 44 24 18371 7014 185
leaf_count=685 68 28208 705 97 74 1932 211 43 40 2206 7060 4564 15333 4916 6516 2608 1830 14958 1030 12358 701 46 73 37659 214 44 24 18371 7014 185
internal_value=0.000233636 0.000166645 -0.00663166 -0.0248077 0.00256691 0.000217454 -0.0355018 -0.00910256 -0.0030292 0.00410066 0.000140334 0.000240097 0.000759734 6.25472e-05 0.000827453 0.0018907 -0.000102585 -0.000195807 -0.00215035 0.00174119 0.000405484 -0.0022561 -0.0109664 -0.000117062 0.00131087 -0.00260171 -0.00863636 -0.00028551 0.0015683 -0.00600478
internal_weight=169773 166882 1238 416 822 165644 279 117 137 2891 156698 128490 32722 95768 17004 9944 78764 73848 2860 17389 3428 820 119 70988 12825 467 253 56030 8946 209
internal_count=169773 166882 1238 416 822 165644 279 117 137 2891 156698 128490 32722 95768 17004 9944 78764 73848 2860 17389 3428 820 119 70988 12825 467 253 56030 8946 209
cat_boundaries=0 1 2 3 4 5 6
cat_threshold=16629 853 9006 65 5892 854
is_linear=0
shrinkage=0.05


Tree=171
num_leaves=31
num_cat=7
split_feature=20 18 20 1 3 8 19 1 19 1 3 8 8 20 11 20 3 16 3 9 0 17 0 3 19 0 4 17 4 0
split_gain=15.6604 22.0606 83.0775 18.7522 6.70292 7.27344 6.39654 5.74468 4.93528 9.66944 4.59992 4.38723 3.77143 3.57347 3.43567 2.83385 2.35958 2.34519 2.16514 7.02744 3.64214 2.40058 2.25124 3.42648 6.43933 4.74586 7.03248 3.49292 3.27385 3.8524
threshold=1.0000000180025095e-35 1.0000000180025095e-35 0.11018371921388019 0 4.5000000000000009 2.5000000000000004 7.2352134129670178 1 0.71180929492339196 2 5.5000000000000009 2.5000000000000004 3.5000000000000004 0.19498690226813356 6.3848570170685965 0.095191922360928216 3.5000000000000004 0.035192629130292162 1.0000000180025095e-35 1.0000000180025095e-35 3 5.1864320579066954 4 4.5000000000000009 1.3266648380579023 5 9.5000000000000018 3.5180844226868246 8.5000000000000018 6
decision_type=8 8 10 1 2 2 10 1 10 1 2 2 2 10 10 10 2 10 2 2 1 10 1 2 10 1 2 10 2 1
left_child=11 2 3 15 5 -5 14 -6 9 -7 -4 -1 -10 -12 18 -2 17 -16 19 20 -3 -22 23 -20 -25 26 -26 -28 29 -24
right_child=1 6 10 4 7 8 -8 -9 12 -11 13 -13 -14 -15 16 -17 -18 -19 22 -21 21 -23 28 24 25 -27 27 -29 -30 -31
leaf_value=2.7947555546418276e-06 -7.883210645376337e-09 -0.00220221245272418 0.00027384529719385876 5.2483948705683849e-05 7.7830320675542634e-07 3.2878154649035317e-05 0.0057935985200352931 -7.883210645376337e-09 -7.883210645376337e-09 -7.883210645376337e-09 -3.0208601804107083e-05 9.4029532454742448e-08 -1.1926913617288371e-05 2.742229634732363e-05 0.010874687076253029 -7.883210645376337e-09 0.0026218470920337769 0.00043310245133405199 -5.9210268883980397e-07 0.0039631034071021818 2.6928598017359625e-05 0.0053193900002654068 -4.8259798158650072e-06 -3.4612311063679196e-05 0.0011321756292698758 0.0034010641702966853 -0.00076982225188332494 -0.010093289987594243 4.9222612342336719e-05 -0.0011276473746521171
leaf_weight=724 126 3799 714 22 54 36 3858 40 28 24 66 2193 77 40 504 25 7785 11616 53571 3692 9723 1253 20428 5373 2608 12303 397 403 15842 12541
leaf_count=724 126 3799 714 22 54 36 3858 40 28 24 66 2193 77 40 504 25 7785 11616 53571 3692 9723 1253 20428 5373 2608 12303 397 403 15842 12541
internal_value=0.000253878 0.000190419 -0.00642172 -0.0241667 -0.0165302 -0.0220053 0.00024038 -0.0056383 -0.0256061 -0.0141667 0.00292683 0.00388584 -0.0321429 -0.00679245 0.000192415 -0.0383775 0.000807586 0.000371287 0.000106142 0.00061109 0.00012352 0.000585291 3.06159e-05 0.000203241 0.000743218 0.00125422 -0.000397893 -0.0045 -0.000233403 -0.000517304
internal_weight=169865 166948 1252 432 281 187 165696 94 165 60 820 2917 105 106 161838 151 19905 12120 141933 18467 14775 10976 123466 74655 21084 15711 3408 800 48811 32969
internal_count=169865 166948 1252 432 281 187 165696 94 165 60 820 2917 105 106 161838 151 19905 12120 141933 18467 14775 10976 123466 74655 21084 15711 3408 800 48811 32969
cat_boundaries=0 1 2 3 4 5 6 7
cat_threshold=4 2 2 2369 17269 768 4234
is_linear=0
shrinkage=0.05


Tree=172
num_leaves=31
num_cat=4
split_feature=20 18 20 0 22 11 3 20 20 10 15 2 10 3 0 0 20 15 19 10 20 22 3 0 19 15 17 4 15 16
split_gain=17.0851 11.4924 49.4845 33.8807 18.1182 7.08497 5.90425 4.29019 4.06119 3.84347 3.0657 2.54902 2.38431 3.93969 4.04646 3.54656 3.03288 3.05459 2.73831 3.5884 2.27141 2.25561 2.15536 2.01601 4.92444 8.92071 3.60806 4.03202 3.30061 5.79364
threshold=1.0000000180025095e-35 1.0000000180025095e-35 0.11018371921388019 0 7.3135382136129818 6.4053937199725217 5.5000000000000009 0.0998700427573289 0.19498690226813356 6.7991673323524253 1.0000000180025095e-35 1.5000000000000002 4.0439276922482579 4.5000000000000009 1 2 1.6204372300014251 5.7253708138257773 4.4301262208368408 4.7626011027007147 0.095191922360928216 7.2923795871333494 3.5000000000000004 3 3.8343287786296183 4.0767607502986563 4.1845738806680091 5.5000000000000009 5.8857592593565817 0.43027541609918957
decision_type=8 8 8 1 8 10 2 10 10 8 10 2 10 2 1 1 10 10 10 10 10 10 2 1 10 8 10 2 10 10
left_child=10 2 3 7 20 12 -4 -2 21 -7 -1 -11 23 14 16 -15 -14 -18 -16 -20 -5 -8 -13 24 -3 26 -26 -28 -27 -30
right_child=1 5 6 4 -6 9 8 -9 -10 11 -12 22 13 15 18 -17 17 -19 19 -21 -22 -23 -24 -25 25 28 27 -29 29 -31
leaf_value=8.5856085200959765e-06 5.8846247021904227e-07 -1.0605502411757785e-06 0.00025929071325824226 -7.4890501133850772e-09 -8.3621708635295283e-08 9.2662459565815607e-05 -3.5787474616255647e-05 -1.1330567936423952e-05 3.1109561978267303e-05 0.0047453445729910178 8.9328055830062436e-08 0.00089008861751627198 -0.00028782220168164602 0.005707519256088524 0.002856690931107094 0.00085299957494049106 -0.0081841022174603071 -0.10416625993369454 -0.0012100346789975626 0.0015672290423433062 -7.4890501133850772e-09 -2.7280312020795218e-05 0.0039820738463365625 0.00014752040254950263 -0.002959546043247223 0.00017049089398086124 -0.0098010196285441709 -0.012641265738886459 -0.0023202004268664824 -0.011768601998597396
leaf_weight=695 140 37012 710 164 41 6442 40 73 41 5145 2183 6811 21146 3165 2736 6632 374 43 2412 6193 21 37 3793 56081 1920 4665 23 22 1008 101
leaf_count=695 140 37012 710 164 41 6442 40 73 41 5145 2183 6811 21146 3165 2736 6632 374 43 2412 6193 21 37 3793 56081 1920 4665 23 22 1008 101
internal_value=0.000259583 0.000193753 -0.00455012 -0.0181207 -0.0310169 0.000230021 0.00264493 -0.00284753 -0.00771186 0.00106147 0.00407922 0.00148232 0.000101475 0.000414627 0.000152565 0.00129478 -0.000249617 -0.00447242 0.000916659 0.000479373 -0.0390541 -0.0144805 0.00103923 -3.11407e-05 -0.000281383 -0.00142848 -0.00433842 -0.0183333 -0.000438171 -0.00288999
internal_weight=169869 166991 1267 439 226 165724 828 213 118 22191 2878 15749 143533 42701 32904 9797 21563 417 11341 8605 185 77 10604 100832 44751 7739 1965 45 5774 1109
internal_count=169869 166991 1267 439 226 165724 828 213 118 22191 2878 15749 143533 42701 32904 9797 21563 417 11341 8605 185 77 10604 100832 44751 7739 1965 45 5774 1109
cat_boundaries=0 1 2 3 4
cat_threshold=2 16745 16581 15890
is_linear=0
shrinkage=0.05


Tree=173
num_leaves=31
num_cat=6
split_feature=10 19 19 16 16 21 17 19 21 4 0 21 12 3 0 3 0 10 17 4 0 0 17 18 4 16 17 3 0 4
split_gain=6.16027 6.46833 21.6337 25.5851 13.7497 13.4266 12.2321 18.3706 6.00756 9.27221 5.15235 3.59843 2.76924 3.28361 4.33787 7.00071 3.69556 2.15344 2.31739 2.09172 3.43707 3.16493 2.92475 2.54217 2.39154 2.91501 2.42794 2.06945 2.07847 2.04
threshold=7.0312993674396251 0.69322269047845697 0.72022334535698973 1.0000000180025095e-35 0.035192629130292162 7.4106483894326676 0.69320203597847485 0.71180929492339196 7.0017007882365494 9.5000000000000018 0 7.1312986703816295 4.9034211409472634 3.5000000000000004 1 1.0000000180025095e-35 2 1.3986406674150766 0.72623301608908808 7.5000000000000009 3 4 0.69052922798166627 0.10723928317700966 2.5000000000000004 1.0000000180025095e-35 7.1600986279620171 5.5000000000000009 5 4.5000000000000009
decision_type=10 10 10 8 8 10 10 10 10 2 1 10 10 2 1 2 1 8 10 2 1 1 8 8 2 10 10 2 1 2
left_child=1 4 3 5 -1 6 7 -3 -9 -10 -6 29 19 14 -14 -16 27 -5 -19 20 22 23 -4 -21 -24 26 -26 28 -15 -8
right_child=-2 2 12 17 10 -7 11 8 9 -11 -12 -13 13 16 15 -17 -18 18 -20 21 -22 -23 24 -25 25 -27 -28 -29 -30 -31
leaf_value=8.4861653038004192e-08 0.0030956275076562266 -7.1145976054953763e-09 -0.0070977495953388932 3.89821184678426e-07 -8.7734434589744966e-06 5.6531252490839828e-07 -8.2034865213243103e-06 5.2858628851897532e-07 -7.1145976054953763e-09 -7.1145976054953763e-09 0.02031137866889408 -1.7136304788419843e-07 -0.0011002652582896104 0.0022945101238700089 0.0058290605461298692 1.1691670573880851e-05 0.00056696325929077339 3.8149438711592672e-05 -0.00016627462131611509 -0.004397499198740394 4.6300817573935981e-06 1.1796863608156276e-05 0.00031574888642273082 0.0019056712239898168 0.0012587359396327702 -0.0015434759134956893 -0.014547526589353283 0.0077042928028111515 -0.018026725001259777 -1.8329762356149326e-05
leaf_weight=2332 8916 110 27 741 6143 93 25 47 70 37 1287 78 8891 2787 3202 8721 8261 48 61 217 50417 41113 4581 6010 1374 10607 22 3359 110 60
leaf_count=2332 8916 110 27 741 6143 93 25 47 70 37 1287 78 8891 2787 3202 8721 8261 48 61 217 50417 41113 4581 6010 1374 10607 22 3359 110 60
internal_value=0.000238208 0.000167288 8.66824e-05 -0.00616788 0.00141467 -0.0149038 -0.0186534 -0.025303 -0.0141558 -0.0207009 0.000363392 -0.00788344 0.000143922 0.000530837 0.000128279 0.000751278 0.00110801 -0.000823529 -0.00738532 2.43951e-05 -0.000155308 0.000278834 -0.000778834 0.00132836 -0.000752532 -0.00112347 0.00102436 0.00202362 0.00104764 -0.015
internal_weight=169747 160831 151069 1370 9762 520 427 264 154 107 7430 163 149699 35331 20814 11923 14517 850 109 114368 67028 47340 16611 6227 16584 12003 1396 6256 2897 85
internal_count=169747 160831 151069 1370 9762 520 427 264 154 107 7430 163 149699 35331 20814 11923 14517 850 109 114368 67028 47340 16611 6227 16584 12003 1396 6256 2897 85
cat_boundaries=0 1 2 3 4 5 6
cat_threshold=850 73 193 44097 33856 1
is_linear=0
shrinkage=0.05


Tree=174
num_leaves=31
num_cat=7
split_feature=20 11 18 20 1 22 20 20 10 3 8 20 22 17 5 0 6 22 0 11 0 3 20 0 0 17 1 18 22 3
split_gain=16.2294 7.3662 5.76526 46.6205 36.226 10.6895 4.29851 4.79895 4.23419 4.10468 4.01213 3.03938 2.30084 1.93833 4.09151 2.64955 2.25477 6.62845 3.51294 4.20911 3.49394 3.36415 3.35569 4.20784 3.012 2.86174 2.57253 3.53275 2.48783 2.4449
threshold=1.0000000180025095e-35 6.6621104296329596 1.0000000180025095e-35 0.095191922360928216 0 7.1838028186470666 0.11018371921388019 0.10486342005433268 6.8287661812678406 5.5000000000000009 2.5000000000000004 0.19498690226813356 7.2987096258434283 1.1585675402899553 1.0000000180025095e-35 1 1.0000000180025095e-35 6.9087610166783255 2 3.8077723681394766 3 4.5000000000000009 0.31217662401026985 4 5 6.2504183576006023 6 0.14335356373891003 8.1016589783062596 2.5000000000000004
decision_type=8 10 8 10 1 8 10 10 8 2 2 10 10 8 2 1 2 8 1 8 1 2 10 1 1 10 1 10 10 2
left_child=10 2 3 4 -2 -6 7 -5 -3 -8 -1 12 -11 -4 16 -16 22 20 19 -19 -18 28 -15 29 25 -23 27 -22 -20 -24
right_child=1 8 13 6 5 -7 9 -9 -10 11 -12 -13 -14 14 15 -17 17 18 21 -21 26 24 23 -25 -26 -27 -28 -29 -30 -31
leaf_value=4.7966040255031931e-06 5.5939507658808727e-07 -0.00033918171132256837 -6.4449239716411664e-06 -6.7588677266083865e-09 -6.7588677266083865e-09 -6.7588677266083865e-09 0.00024695699258338034 -1.1353882720011033e-05 0.0030169096344036016 -2.077974609843545e-05 8.0618570386103985e-08 2.4264199343171368e-05 -2.0834699137523005e-05 0.00087697166751909592 0.00083815397734756801 -0.001353279834431982 -0.0027338757853788351 -0.003471431191666219 0.00052061925221449218 -1.5186617409841453e-05 -0.008626677054519867 0.00068340366975423684 -0.01933743953840918 0.00032910402479345861 0.0045274526131875922 -0.0074551095505428992 0.0010867290242533491 -0.0013636112099770471 -0.0023534133842658548 -0.0036100907936476717
leaf_weight=703 86 4184 24109 128 128 55 723 35 13542 36 2202 41 34 42730 2145 13060 3419 1188 17393 2958 83 2136 349 24680 4428 322 2905 2003 1546 2417
leaf_count=703 86 4184 24109 128 128 55 723 35 13542 36 2202 41 34 42730 2145 13060 3419 1188 17393 2958 83 2136 349 24680 4428 322 2905 2003 1546 2417
internal_value=0.000244982 0.000180478 6.59463e-05 -0.00329384 -0.0217658 -0.0343443 0.00169007 -0.0057362 0.00114408 0.00314149 0.00395009 -0.00581081 -0.0121429 9.47111e-05 0.00017461 -0.000593555 0.000282202 -2.59241e-05 0.000322145 -0.00102743 -0.00126635 0.000538998 0.000450724 1.93108e-05 0.00148562 7.69856e-05 -0.000418916 -0.00175935 0.0001951 -0.00182637
internal_weight=169768 166863 149137 1266 269 183 997 163 17726 834 2905 111 70 147871 123762 15205 108557 38381 29971 4146 8410 25825 70176 27446 6886 2458 4991 2086 18939 2766
internal_count=169768 166863 149137 1266 269 183 997 163 17726 834 2905 111 70 147871 123762 15205 108557 38381 29971 4146 8410 25825 70176 27446 6886 2458 4991 2086 18939 2766
cat_boundaries=0 1 2 3 4 5 6 7
cat_threshold=2 33154 45072 48352 384 3594 1
is_linear=0
shrinkage=0.05


Tree=175
num_leaves=31
num_cat=1
split_feature=20 18 20 1 21 19 16 6 3 20 20 20 21 19 5 4 9 4 4 9 16 20 17 5 18 20 19 18 17 10
split_gain=15.4048 8.46429 55.2174 38.7958 7.09278 5.53333 4.37525 3.72879 3.58506 3.05793 2.9282 2.41542 3.25117 2.34016 4.12318 3.72894 3.64359 3.20931 7.13105 4.45654 3.61672 3.52419 3.83576 3.20162 2.85445 2.63671 2.36305 3.3629 2.90181 3.82906
threshold=1.0000000180025095e-35 1.0000000180025095e-35 0.095191922360928216 0 7.3814970480868451 7.1407605049191449 1.0000000180025095e-35 1.0000000180025095e-35 5.5000000000000009 0.19498690226813356 0.15642628367119846 0.11018371921388019 7.8073020336262013 1.3797641028970766 1.0000000180025095e-35 10.500000000000002 1.0000000180025095e-35 3.5000000000000004 7.5000000000000009 1.0000000180025095e-35 0.26518941743207286 0.19683398632567253 3.3749710745059716 1.0000000180025095e-35 0.67474215714565089 0.14013748024560105 4.2938057856156808 0.29500504411544082 6.1441209781728583 6.2207889377429852
decision_type=8 8 10 1 8 8 8 2 2 10 10 10 10 10 2 2 2 2 2 2 10 10 10 2 8 10 10 8 10 8
left_child=6 2 3 -2 7 13 -1 -5 11 10 -10 12 -4 23 17 -16 24 -15 19 20 26 22 25 -3 -17 -21 27 -19 -28 -30
right_child=1 5 8 4 -6 -7 -8 -9 9 -11 -12 -13 -14 14 15 16 -18 18 -20 21 -22 -23 -24 -25 -26 -27 28 -29 29 -31
leaf_value=7.6587641867353895e-08 5.3142532275840541e-07 -1.446272435617304e-05 3.2907545052252022e-07 -6.4209243422208576e-09 -6.4209243422208576e-09 0.0021507517831232232 3.2370020185431031e-06 -6.4209243422208576e-09 -2.4271314693569136e-06 2.3050989376011136e-05 -3.3245883433099777e-05 0.0002365070639419614 -1.0786188584011037e-05 0.0013778140160883427 -0.00046776258950016395 -0.013761866068988252 0.0023632438775507171 0.00039920987393217449 0.00095086940531140859 -0.006148130906120629 -0.00130717274381641 -0.00033242972529411315 -0.0018702077142430937 3.9092187368501476e-05 0.0041433359951328543 -0.0063981167142965331 0.0030689492955508352 -0.0045575389354137498 -0.0054800220856318187 0.00060821134813586757
leaf_weight=2150 86 25557 107 142 24 8918 705 36 69 45 22 690 21 25351 14366 712 240 5939 46038 30 12672 4402 2862 3894 137 335 5331 1884 291 6485
leaf_count=2150 86 25557 107 142 24 8918 705 36 69 45 22 690 21 25351 14366 712 240 5939 46038 30 12672 4402 2862 3894 137 335 5331 1884 291 6485
internal_value=0.000237435 0.00017506 -0.0039372 -0.023125 -0.035099 0.000205931 0.00387916 -0.0385393 0.00185535 -0.00566176 -0.0109341 0.00310513 -0.00320312 0.00013691 0.000229982 -0.000535425 -0.00335629 0.000335961 0.000190625 -0.000295667 -4.11016e-05 -0.00138354 -0.00263867 -0.000264677 -0.00489399 -0.00746575 0.000378826 -0.000298479 0.00081647 0.00012987
internal_weight=169541 166686 1242 288 202 165444 2855 178 954 136 91 818 128 156526 127075 15455 1089 111620 86269 40231 32602 7629 3227 29451 849 365 19930 7823 12107 6776
internal_count=169541 166686 1242 288 202 165444 2855 178 954 136 91 818 128 156526 127075 15455 1089 111620 86269 40231 32602 7629 3227 29451 849 365 19930 7823 12107 6776
cat_boundaries=0 1
cat_threshold=2
is_linear=0
shrinkage=0.05


Tree=176
num_leaves=31
num_cat=5
split_feature=19 19 18 0 22 19 10 0 8 3 2 3 19 18 19 22 1 3 10 0 0 3 19 10 19 17 15 10 12 18
split_gain=6.47416 17.5182 25.0366 56.2521 13.632 10.2788 5.6321 5.49315 3.08949 2.9479 2.55182 2.59518 2.39153 2.23093 2.74778 2.63229 2.15294 3.91777 2.89415 2.01099 1.98812 4.03235 4.76695 4.05173 4.74427 2.12696 2.11822 1.98495 4.92643 1.88482
threshold=0.69322269047845697 0.72022334535698973 1.0000000180025095e-35 0 7.3100903996393374 0.69313598503394624 6.7991673323524253 1 2.5000000000000004 3.5000000000000004 2.5000000000000004 1.0000000180025095e-35 0.71180929492339196 0.17534365059637938 5.1702700982778973 8.7462259215500584 2 3.5000000000000004 0.71754226264466137 3 4 5.5000000000000009 0.78932121774321995 1.0816615128302691 0.75425598677812189 4.1845738806680091 0.69331376394879285 7.2085263132358071 7.1368808229253178 0.11000183204689484
decision_type=10 10 8 1 10 10 10 1 2 2 2 2 10 10 10 10 1 2 8 1 1 2 10 10 10 8 10 10 10 8
left_child=5 2 3 4 -2 7 13 -1 -7 10 27 19 -4 14 20 -16 17 18 -14 -12 21 23 26 -3 -25 -26 29 28 -8 -23
right_child=1 6 12 -5 -6 8 9 -9 -10 -11 11 -13 16 -15 15 -17 -18 -19 -20 -21 -22 22 -24 24 25 -27 -28 -29 -30 -31
leaf_value=-0.00010409848277428823 -6.099878124832259e-09 0.0002227837897571139 7.1931538963176946e-06 5.1649420313992782e-07 6.0824932588410265e-07 6.7391032750895522e-06 0.0019262446397225429 0.045136891548283514 7.2758259772598427e-08 0.0044224036830545514 -0.0018516803092723556 -0.0024591121205173672 -1.8463329839434712e-05 2.6174531415412753e-06 0.0023365379393696165 -0.0034248553704820761 -3.6852195339776017e-06 1.3769400989666995e-06 -1.149360576873744e-05 0.0087546629634027481 5.1567986574276661e-06 -3.1540604773814178e-05 3.8221895028239821e-05 -4.2469883861610823e-05 -9.0550210854334541e-05 0.0037151861958907139 -1.7655233126306484e-05 0.0051268101670352735 -0.0032977272704685055 -4.2756698079418512e-05
leaf_weight=5753 169 1982 511 186 20 733 3060 1122 2185 5070 366 2139 44 107997 8597 21 322 62 47 575 23316 49 301 75 842 601 110 2384 804 72
leaf_count=5753 169 1982 511 186 20 733 3060 1122 2185 5070 366 2139 44 107997 8597 21 322 62 47 575 23316 49 301 75 842 601 110 2384 804 72
internal_value=0.000254697 0.000178185 -0.00547024 -0.0164667 -0.0346985 0.0015026 0.000226729 0.000447273 0.00398903 0.00116961 0.000642153 -0.000535714 -0.00128803 0.00013243 0.000473503 0.00125203 -0.0038421 -0.00872549 -0.0153297 0.0016525 0.00022817 0.00125186 -0.00280075 0.00187143 -7.24636e-05 0.000564796 -0.00820346 0.00122279 0.000522775 -0.0127686
internal_weight=169515 159722 1361 375 189 9793 158361 6875 2918 14398 9328 3080 986 143963 35966 8618 475 153 91 941 27348 4032 532 3500 1518 1443 231 6248 3864 121
internal_count=169515 159722 1361 375 189 9793 158361 6875 2918 14398 9328 3080 986 143963 35966 8618 475 153 91 941 27348 4032 532 3500 1518 1443 231 6248 3864 121
cat_boundaries=0 1 2 3 4 5
cat_threshold=16 854 2 513 16898
is_linear=0
shrinkage=0.05


Tree=177
num_leaves=31
num_cat=0
split_feature=20 18 20 21 19 4 19 8 21 20 21 10 11 16 21 22 2 14 16 22 14 2 20 18 6 21 22 17 11 11
split_gain=15.1651 8.30586 56.9286 28.8341 6.41841 8.32236 6.06326 5.13407 4.2655 5.27068 3.19364 2.70966 2.92542 2.47527 1.94877 2.29174 2.25048 2.74061 2.35585 2.32178 2.25108 2.60253 3.73603 2.03388 1.89967 3.04853 1.86262 1.79333 1.78012 1.76757
threshold=1.0000000180025095e-35 1.0000000180025095e-35 0.095191922360928216 7.3814970480868451 0.71180929492339196 8.5000000000000018 7.2671789435822811 2.5000000000000004 8.0562679118615215 0.11507317529480547 8.272182292171534 6.6734875651914018 7.4852109456602092 0.056218961458750626 7.0044280632177705 7.3262782083611304 1.5000000000000002 3.4980204219247493 0.53575541027670537 6.9054359889780477 5.8520587809661864 2.5000000000000004 1.4491176654321001 1.6719366889487717 1.0000000180025095e-35 8.4131645053506663 7.0400289440858606 7.1600986279620171 6.802450315793676 4.3047403127531068
decision_type=8 8 10 8 10 2 10 2 10 10 10 10 8 10 10 10 2 10 10 10 10 2 10 10 2 8 10 8 8 10
left_child=7 2 3 4 -2 -6 11 24 -4 -10 27 14 -13 -14 16 -16 17 18 -3 -19 -18 22 -22 -24 -1 -26 -20 -8 -25 -28
right_child=1 6 8 -5 5 -7 10 -9 9 -11 -12 12 13 -15 15 -17 20 19 26 -21 21 -23 23 28 25 -27 29 -29 -30 -31
leaf_value=8.6655513000577503e-06 -5.7948842169253117e-09 3.4649772210584918e-05 6.5800939665350284e-07 3.7519348795810958e-07 -5.7948842169253117e-09 -5.7948842169253117e-09 -0.010443645198109662 6.9120346785078731e-08 -2.1386068642670342e-05 5.2876371753110683e-05 -0.033988385002262103 0.0022673587885494368 0.0091554555435987492 -0.00070159236630171857 -6.6412336703701853e-05 1.240907532247634e-05 4.0021447949231387e-05 0.0010720555574400712 -0.0064630480780207451 0.0030581914880107633 -0.0019117285173008499 0.00011858221799984577 -0.084403787235086972 -0.021923487747571704 6.7114422980312519e-06 -0.00011992097826150044 0.0042961902393206172 0.0068146984296793851 0.0011754162596226867 -0.0091298300378614295
leaf_weight=462 111 13783 904 86 40 43 73 2203 23 41 24 9138 468 5243 24023 28854 56172 10926 893 5686 2866 3629 27 49 158 83 355 3153 38 63
leaf_count=462 111 13783 904 86 40 43 73 2203 23 41 24 9138 468 5243 24023 28854 56172 10926 893 5686 2866 3629 27 49 158 83 355 3153 38 63
internal_value=0.000231905 0.000169485 -0.00389423 -0.02375 -0.034433 -0.0239157 0.000200136 0.0038128 0.00184917 -0.010625 0.00233846 0.000157293 0.000801064 -8.66746e-05 9.24244e-05 -0.000150632 0.000228444 0.000571816 8.41396e-05 0.00101493 5.50328e-05 -0.000817824 -0.00191275 -0.0107895 9.24611e-05 -0.00350622 -0.00194127 0.00247365 -0.00706897 0.000813397
internal_weight=169617 166711 1248 280 194 83 165463 2906 968 64 3250 162213 14849 5711 147364 52877 94487 31706 15094 16612 62781 6609 2980 114 703 241 1311 3226 87 418
internal_count=169617 166711 1248 280 194 83 165463 2906 968 64 3250 162213 14849 5711 147364 52877 94487 31706 15094 16612 62781 6609 2980 114 703 241 1311 3226 87 418
is_linear=0
shrinkage=0.05


Tree=178
num_leaves=31
num_cat=4
split_feature=20 18 20 1 22 19 0 22 8 20 3 20 20 20 11 22 2 12 19 15 16 17 6 15 19 20 1 0 22 12
split_gain=17.6099 5.76543 48.5979 34.8666 10.8465 5.40518 3.44616 4.67874 3.0348 2.50159 3.60096 3.5249 2.62401 2.40833 2.37926 2.35053 1.97584 1.97401 2.28939 2.76675 1.91917 1.80542 2.78852 3.85208 1.71318 1.70121 1.83408 2.84488 2.81372 1.65771
threshold=1.0000000180025095e-35 1.0000000180025095e-35 0.095191922360928216 0 7.1838028186470666 7.0722074806783288 1 6.8736762251563075 2.5000000000000004 0.11018371921388019 5.5000000000000009 0.10486342005433268 0.19498690226813356 0.15453598166619062 7.0301498715383532 7.2181783554837038 2.5000000000000004 1.3986406674150766 1.9547769238740993 1.8614446270102614 0.16442165080544094 7.2542553644443979 1.0000000180025095e-35 7.0933577530008236 5.8108857907823817 0.33175665045751762 2 3 6.8736762251563075 6.6851740519657374
decision_type=8 8 10 1 8 8 1 8 2 10 2 10 10 10 10 10 2 10 10 8 10 8 2 10 10 10 1 1 10 10
left_child=8 2 3 -2 -5 16 21 -8 -1 11 -11 -4 13 -12 25 -6 17 20 -19 -20 24 22 -7 -24 -3 26 27 -9 -28 -30
right_child=1 5 9 4 15 6 7 14 -10 10 12 -13 -14 -15 -16 -17 -18 18 19 -21 -22 -23 23 -25 -26 -27 28 -29 29 -31
leaf_value=6.3576800868693431e-06 4.7931909067377989e-07 7.7987349042496129e-06 1.0341871084320255e-08 -5.5051400049688229e-09 -5.5051400049688229e-09 0.0021476393810229881 0.0032258222604922195 -0.0011708746868648887 6.5664329446102343e-08 0.00021302975973466507 -2.5965152985918396e-06 -2.031676521053738e-05 1.9954444685965635e-05 -2.9984193727872201e-05 0.0024254036446254247 -5.5051400049688229e-09 -2.4230785998765656e-05 0.0029366601687337694 -0.0091951980589575072 0.00050137295266046813 -2.1611394361192065e-05 0.011140530075438054 0.00026488958974491667 -0.030494878775222681 0.002715451551056351 -0.0073063868608414413 -0.0066148441740346009 0.017863492211921156 0.0017772918404137979 -0.0033386658835538141
leaf_weight=702 84 14307 115 129 23 1390 2098 975 2204 717 45 28 40 27 1862 38 51240 3308 142 54746 26960 2767 48 32 3425 309 853 489 296 481
leaf_count=702 84 14307 115 129 23 1390 2098 975 2204 717 45 28 40 27 1862 38 51240 3308 142 54746 26960 2767 48 32 3425 309 853 489 296 481
internal_value=0.00022928 0.000162121 -0.00322632 -0.0218248 -0.0336842 0.000187597 0.00122845 0.000571681 0.00408809 0.00201646 0.00306996 -0.00409091 -0.00526786 -0.0109722 -0.000223172 -0.0163115 0.00010926 0.000235596 0.000427521 0.000350532 -1.432e-05 0.00236284 0.000952381 -0.008125 0.000389691 -0.0010094 -0.000656108 0.000628415 -0.00180982 0.000366796
internal_weight=169880 166974 1246 274 190 165728 11600 7363 2906 972 829 143 112 72 5265 61 154128 102888 58196 54888 44692 4237 1470 80 17732 3403 3094 1464 1630 777
internal_count=169880 166974 1246 274 190 165728 11600 7363 2906 972 829 143 112 72 5265 61 154128 102888 58196 54888 44692 4237 1470 80 17732 3403 3094 1464 1630 777
cat_boundaries=0 1 2 3 4
cat_threshold=2 47273 1 17426
is_linear=0
shrinkage=0.05


Tree=179
num_leaves=31
num_cat=5
split_feature=20 10 19 19 20 17 1 17 3 19 22 21 15 8 22 20 15 0 19 10 3 0 3 0 22 20 15 13 0 17
split_gain=17.4853 6.32933 5.35474 8.89573 16.6954 27.9835 44.1702 4.06628 4.13394 5.66655 4.0117 3.70125 3.31495 3.05238 3.04267 4.62082 2.74148 3.51684 4.02443 3.41515 2.65504 11.1436 3.57186 11.6534 4.13032 7.07621 3.22581 3.16682 2.97604 2.78098
threshold=1.0000000180025095e-35 7.2085263132358071 0.73026094190808244 0.69322269047845697 0.095191922360928216 0.69320203597847485 0 0.78025122936348168 5.5000000000000009 0.79907434236106833 7.1838028186470666 6.6839863367171022 0.69331376394879285 2.5000000000000004 7.9806751139780205 0.11018371921388019 0.67772355602398038 1 0.88613046044828891 0.76519735254682386 4.5000000000000009 2 1.0000000180025095e-35 3 8.7462259215500584 0.57231568008903977 3.261056473990871 0.66750053336617021 4 6.6111645455386503
decision_type=8 10 8 10 10 10 1 10 2 8 10 10 8 2 10 10 10 1 8 10 2 1 2 1 8 10 10 8 1 10
left_child=13 2 3 -2 5 6 -5 8 16 12 -8 -7 -10 -1 -6 -16 17 -4 -19 -18 22 -22 23 29 -25 -26 -27 -24 -23 -9
right_child=1 -3 7 4 14 11 10 20 9 -11 -12 -13 -14 -15 15 -17 19 18 -20 -21 21 28 27 24 25 26 -28 -29 -30 -31
leaf_value=6.0579862031832703e-06 -7.4064066487725664e-06 0.0039838122831604081 -0.00023504418018167078 4.5535313614175621e-07 -2.112841716947292e-06 -1.8424841010981666e-05 -5.2298830044428262e-09 -5.4223412519723214e-05 -4.4854344604172307e-05 4.4875800723348737e-05 -5.2298830044428262e-09 3.1061448342362134e-06 -1.8280192479574655e-05 6.2381112975185013e-08 -1.9300926950011067e-05 -1.3125585559037548e-05 0.00022751538104308635 -0.01216147886545108 0.0094751477889324157 -1.8442743212105859e-05 0.0048340348998874936 0.00050055156271498617 -0.0060250819349557169 0.0042858841127288274 0.0025138254401378566 0.0070864272172343236 -0.031345666218138189 -4.0949813820460583e-05 -5.7853916710336469e-05 -0.0057066401149160634
leaf_weight=698 4410 5228 2542 90 1403 36 133 8649 153 1368 38 256 254 2192 28 51 2121 20 2479 443 7807 16835 341 8389 1040 63 242 88441 12994 1069
leaf_count=698 4410 5228 2542 90 1403 36 133 8649 153 1368 38 256 254 2192 28 51 2121 20 2479 443 7807 16835 341 8389 1040 63 242 88441 12994 1069
internal_value=0.000227103 0.000160344 0.000104982 -0.00130721 -0.00404177 -0.0114557 -0.0233525 0.000163607 0.00117271 -0.001 -0.0382749 -0.000821918 -0.00617936 0.00408305 -0.0012753 -0.0108228 0.00167982 0.00100278 0.00232961 0.00301092 9.87182e-05 0.000460464 -2.70708e-05 0.000586572 0.00180829 -0.000762082 -0.00745902 -0.000161519 1.99405e-05 -0.000638363
internal_weight=169813 166923 161695 6445 2035 553 261 155250 9380 1775 171 292 407 2890 1482 79 7605 5041 2499 2564 145870 37636 108234 19452 9734 1345 305 88782 29829 9718
internal_count=169813 166923 161695 6445 2035 553 261 155250 9380 1775 171 292 407 2890 1482 79 7605 5041 2499 2564 145870 37636 108234 19452 9734 1345 305 88782 29829 9718
cat_boundaries=0 1 2 3 4 5
cat_threshold=2 726 16449 855 684
is_linear=0
shrinkage=0.05


Tree=180
num_leaves=31
num_cat=0
split_feature=20 18 20 21 19 10 22 20 6 22 8 2 3 19 17 19 20 3 22 3 19 22 19 15 20 15 3 16 5 6
split_gain=17.221 6.09521 53.5266 33.8791 6.69988 5.0092 3.99025 8.23129 3.58381 3.62756 3.2189 3.08782 2.79945 2.15873 1.81925 3.23642 3.07023 2.19411 3.53783 1.96437 2.77919 2.66337 2.05381 4.50381 4.83508 3.15121 2.39986 5.26564 2.14 2.51608
threshold=1.0000000180025095e-35 1.0000000180025095e-35 0.095191922360928216 7.3814970480868451 0.71180929492339196 7.0795634075966563 8.0227124112755934 0.11507317529480547 1.0000000180025095e-35 7.0673546923782942 2.5000000000000004 2.5000000000000004 5.5000000000000009 7.1407605049191449 7.2848512326150265 2.85119340686088 0.15453598166619062 1.0000000180025095e-35 6.8254384153767313 4.5000000000000009 1.2898050142582067 6.6314164578047974 1.9547769238740993 1.9993227061051226 0.71009559733035432 1.7486579076562119 1.5000000000000002 0.22208238599211275 1.0000000180025095e-35 1.0000000180025095e-35
decision_type=8 8 10 8 10 10 10 10 2 10 2 2 2 8 8 8 10 2 8 2 10 8 10 8 10 10 2 10 2 2
left_child=10 2 3 4 -2 14 12 -8 9 -6 -1 -7 -4 -13 17 16 -16 18 -3 22 -21 -22 25 24 -24 26 27 -19 -25 -30
right_child=1 5 6 -5 8 11 7 -9 -10 -11 -12 13 -14 -15 15 -17 -18 19 -20 20 21 -23 23 28 -26 -27 -28 -29 29 -31
leaf_value=4.3465641735017785e-06 -4.9683888558860196e-09 0.00094305379675784125 1.7787406939482114e-06 4.873850766584642e-07 -3.175343316064172e-08 0.0042894641800830203 -1.8335880602510236e-05 5.4634509033792025e-05 -4.9683888558860196e-09 -4.9683888558860196e-09 5.9262057328091092e-08 -0.0016276534786588831 -1.2321947801857692e-05 0.0027051522810750852 -0.0044972647830940661 0.0022058200331957103 -0.0015569633413195065 1.1307199284117752e-05 3.6730188723417565e-05 -1.6168673138635417e-05 -0.00039402765642693248 0.0011656731800317411 -0.0060108996068362463 -0.00014391882942692741 -0.016502054173940569 0.0070038591752515219 1.9816334781745028e-05 -0.00079425388749910792 -0.0020342057268636729 0.00080541213802218399
leaf_weight=710 106 4997 786 91 20 4944 21 49 24 44 2194 1507 134 1177 114 6102 854 2497 15180 8039 4942 26454 658 61447 69 1544 14905 1881 6546 1864
leaf_count=710 106 4997 786 91 20 4944 21 49 24 44 2194 1507 134 1177 114 6102 854 2497 15180 8039 4942 26454 658 61447 69 1544 14905 1881 6546 1864
internal_value=0.000235727 0.000169346 -0.00327451 -0.0223684 -0.0341753 0.000195841 0.00222222 -0.00928571 -0.0239773 -0.0301562 0.00405303 0.0014473 0.00309783 8.19674e-05 0.000135458 0.000919378 -0.00176653 9.876e-05 0.000584081 2.39214e-05 0.000318879 0.000531278 -0.000103324 -0.000232064 -0.00414718 0.000332981 0.000158948 -0.00087026 -0.000191319 -0.000939358
internal_weight=169900 166996 1275 285 194 165721 990 70 88 64 2904 7628 920 2684 158093 7070 968 151023 20177 130846 39435 31396 91411 70584 727 20827 19283 4378 69857 8410
internal_count=169900 166996 1275 285 194 165721 990 70 88 64 2904 7628 920 2684 158093 7070 968 151023 20177 130846 39435 31396 91411 70584 727 20827 19283 4378 69857 8410
is_linear=0
shrinkage=0.05


Tree=181
num_leaves=31
num_cat=3
split_feature=20 18 20 1 1 10 8 8 20 22 3 20 1 2 19 10 14 19 21 19 19 3 12 3 3 16 12 11 21 20
split_gain=16.9791 5.61504 52.4649 34.3909 7.97841 5.42075 4.94675 3.32819 2.0097 4.41549 2.31099 2.20076 2.32055 1.99067 1.90521 2.17151 1.87243 1.79537 1.59251 2.00653 2.49917 3.15594 1.63093 4.66496 2.43029 2.38109 1.65886 1.95131 1.89697 1.73601
threshold=1.0000000180025095e-35 1.0000000180025095e-35 0.095191922360928216 0 1 7.2085263132358071 6.5000000000000009 2.5000000000000004 0.11018371921388019 7.6633949929743022 5.5000000000000009 0.18482814981710352 2 2.5000000000000004 6.6905874179463574 7.4710784311910805 7.1406511021253376 1.067399824890072 8.5780032636808432 2.8094840370972167 3.2660521261896824 2.5000000000000004 5.0817148275836965 3.5000000000000004 1.0000000180025095e-35 0.083066990500825916 6.8888781764810334 6.830928227411202 7.9736718141258169 0.73281182336142991
decision_type=8 8 10 1 1 10 2 2 10 10 2 10 1 2 8 10 10 10 10 10 10 2 10 2 2 10 10 8 10 10
left_child=7 2 3 -2 -5 18 -6 -1 9 -4 17 12 -12 14 15 -7 -15 -10 22 -20 21 -21 -3 24 -24 -26 28 29 -27 -28
right_child=1 5 8 4 6 13 -8 -9 10 -11 11 -13 -14 16 -16 -17 -18 -19 19 20 -22 -23 23 -25 25 26 27 -29 -30 -31
leaf_value=5.5165368772928492e-06 -4.7199694153121641e-09 7.2750513521165311e-06 4.7395698073993134e-07 4.3403922593388388e-07 -4.7199694153121641e-09 0.0050860435192851203 -4.7199694153121641e-09 5.6298954459466092e-08 0.00019221727384111654 -0.00034172395216955213 -2.9949844672025985e-05 1.8033407448821954e-05 -1.1543375293057994e-06 -0.00058850244502482957 0.0058603050705799339 -0.01108041353060703 0.0062865760810888321 -0.00027793535968073223 0.00046385118275080818 -0.019572864001218368 -0.0021553293743053589 -0.0022616904435720574 0.0015889720555351918 0.0019587197092983412 0.0035328602847534279 -6.2886466940242027e-05 -0.0044685511535068759 -0.0016138361796238267 -0.0040566664218690479 0.0037719002540375804
leaf_weight=711 132 124879 127 80 32 70 34 2186 674 20 28 49 45 1293 3192 52 566 51 151 28 540 37 5897 14094 1205 9135 709 3012 477 83
leaf_count=711 132 124879 127 80 32 70 34 2186 674 20 28 49 45 1293 3192 52 566 51 151 28 540 37 5897 14094 1205 9135 709 3012 477 83
internal_value=0.000238489 0.000172534 -0.00313679 -0.0223381 -0.00561644 0.000197981 -0.0184848 0.00403348 0.0022334 -0.00316327 0.00317001 -0.00319672 -0.00869863 0.00179103 0.00252565 -0.00360656 0.000481442 0.00424138 0.000146555 -0.00214286 -0.00342975 -0.0126923 0.000157407 0.000461112 -1.99823e-05 -0.00036557 -0.000556798 -0.00144059 -0.000207033 -0.00364899
internal_weight=169589 166692 1272 278 146 165420 66 2897 994 147 847 122 73 5173 3314 122 1859 725 160247 756 605 65 159491 34612 20518 14621 13416 3804 9612 792
internal_count=169589 166692 1272 278 146 165420 66 2897 994 147 847 122 73 5173 3314 122 1859 725 160247 756 605 65 159491 34612 20518 14621 13416 3804 9612 792
cat_boundaries=0 1 2 3
cat_threshold=4 2 2
is_linear=0
shrinkage=0.05


Tree=182
num_leaves=31
num_cat=6
split_feature=20 18 20 1 21 17 8 0 6 1 0 21 3 4 4 20 21 20 4 0 17 4 18 0 4 16 13 15 21 20
split_gain=16.3327 6.83901 58.7711 39.6092 8.28995 4.39136 4.08613 3.69321 3.44027 2.29286 3.35508 2.64391 2.55151 2.27717 3.04832 2.68846 2.20977 3.01362 2.1439 4.93983 3.58004 7.43891 4.05253 3.55794 4.36123 3.14266 4.29653 3.11366 3.0421 2.85002
threshold=1.0000000180025095e-35 1.0000000180025095e-35 0.095191922360928216 0 7.3814970480868451 7.2542553644443979 2.5000000000000004 1 1.0000000180025095e-35 2 3 8.2469503068449512 2.5000000000000004 9.5000000000000018 3.5000000000000004 0.91912303957007246 8.0727781170296904 0.11507317529480547 7.5000000000000009 4 4.2829766122347301 9.5000000000000018 0.17434995226563541 5 2.5000000000000004 0.16731188673533043 5.68102512414261 4.1705296356166892 8.395235567913474 0.3235262569061727
decision_type=8 8 10 1 8 8 2 1 2 1 1 8 2 2 2 10 10 10 2 1 10 2 10 1 2 10 10 8 10 10
left_child=6 2 3 -2 8 18 -1 9 -5 10 12 -11 -7 14 -13 -16 -4 -18 23 20 -20 25 -23 28 -25 -22 -27 -24 -3 -28
right_child=1 5 16 4 -6 7 -8 -9 -10 11 -12 13 -14 -15 15 -17 17 -19 19 -21 21 22 27 24 -26 26 29 -29 -30 -31
leaf_value=3.8468066987258578e-06 4.1113193748332223e-07 1.8800007149666621e-05 1.0729956963384523e-06 -4.4839709445465559e-09 -4.8151062825851914e-08 -0.013329074872441483 5.3484006734549896e-08 0.005566243078174128 -4.4839709445465559e-09 0.0011776226792678984 -0.0026097453097731838 -2.2452490659429079e-06 0.018755340466024024 0.0010251463008147845 -0.0095715132166172591 -0.096498718567517558 -3.3288896390537563e-07 0.00015927082543540599 -1.9796692392094168e-06 0.00023270366057985236 0.0027530711099050371 -0.00041417826450214048 -0.010710358772003749 0.0006029010705337623 -0.0010265226952668356 0.00019643639068428104 -0.0081994629502911819 -0.008945962394471688 -0.0030417932738674332 -0.010106157436444775
leaf_weight=729 86 63071 903 142 20 298 2193 5208 39 596 238 530 1449 508 724 22 23 42 13452 47070 1159 415 29 8211 20319 452 139 936 551 79
leaf_count=729 86 63071 903 142 20 298 2193 5208 39 596 238 530 1449 508 724 22 23 42 13452 47070 1159 415 29 8211 20319 452 139 936 551 79
internal_value=0.000216143 0.00015119 -0.0035259 -0.0233972 -0.0355473 0.000179081 0.00392197 0.00121853 -0.0389227 0.000142857 0.00139799 -0.000903361 0.00215424 -0.00186659 -0.00299373 -0.00505362 0.0023657 -0.00653846 0.000115247 0.000338219 -0.000401595 -0.00190246 -0.00467391 -3.89572e-05 -0.000502803 0.000188628 -0.00253731 -0.00645078 0.000169097 -0.00830275
internal_weight=169633 166711 1255 287 201 165456 2922 9573 181 4365 1985 2380 1747 1784 1276 746 968 65 155883 63731 16661 3209 1380 92152 28530 1829 670 965 63622 218
internal_count=169633 166711 1255 287 201 165456 2922 9573 181 4365 1985 2380 1747 1784 1276 746 968 65 155883 63731 16661 3209 1380 92152 28530 1829 670 965 63622 218
cat_boundaries=0 1 2 3 4 5 6
cat_threshold=2 982 1 452 906 17055
is_linear=0
shrinkage=0.05


Tree=183
num_leaves=31
num_cat=6
split_feature=10 18 8 22 22 15 0 11 22 11 13 12 10 12 0 15 1 21 0 0 22 3 7 21 15 3 6 22 0 12
split_gain=4.78503 4.75323 5.01859 5.99396 5.17683 3.60633 2.74813 1.90723 1.75655 1.73709 2.06098 3.06678 1.97066 1.61531 1.75056 2.47528 1.57244 2.4302 1.77506 1.71731 1.8855 2.45009 1.65096 1.50707 3.50284 2.55107 2.21704 1.62598 1.77783 1.46778
threshold=7.2085263132358071 0.054117271342136224 6.5000000000000009 7.1378536494930778 7.0909115107046174 0.91657791742738948 0 6.7582686901114295 7.190556699801756 6.3848570170685965 7.5074155787737569 7.5286005116747496 6.9372169844178622 6.6123097798005945 1 6.6430556930795133 2 1.0000000180025095e-35 3 4 7.8666512120285281 1.5000000000000002 38.500000000000007 6.5517941110389986 0.77435709176599266 1.0000000180025095e-35 1.0000000180025095e-35 6.3810619869804706 5 6.3410645068440408
decision_type=10 10 2 10 10 8 1 10 8 10 8 10 10 8 1 10 1 10 1 1 8 2 8 8 8 2 2 8 1 10
left_child=1 2 5 4 -4 8 -7 -2 -1 23 11 12 13 14 15 29 17 19 -18 -8 -21 22 -22 24 26 -26 -3 28 -27 -11
right_child=7 9 3 -5 -6 6 16 -9 -10 10 -12 -13 -14 -15 -16 -17 18 -19 -20 20 21 -23 -24 -25 25 27 -28 -29 -30 -31
leaf_value=5.0809806395601954e-08 0.0013916889559543407 -7.0661571211433642e-05 -4.2597723959314493e-09 5.0809806395601954e-08 -4.2597723959314493e-09 0.027310217292189843 0.0041163289553918367 0.0066597541592637978 5.0809806395601954e-08 -0.0039177277257341223 0.0026005031413257797 -0.0054486382144629496 0.0024126366391986594 -0.00029855022736570002 0.002848225824680009 -0.009722906813761369 -0.004499519171623609 2.2114940377320039e-05 1.7708469816805079e-05 0.00014431147354129759 -0.01111545083963893 -0.0034482107804655344 -0.00223213513205203 -2.2480941302463765e-07 0.0023734391940925426 0.00036410366760475241 9.4231845866706552e-05 0.00039102544711947223 -0.00095028526206955349 0.0027313622196076161
leaf_weight=1229 2638 123 104 286 63 566 152 2590 1812 133 5333 235 2624 9467 1746 21 221 475 5285 47 95 212 29 123015 1499 2296 46 4258 2916 142
leaf_count=1229 2638 123 104 286 63 566 152 2590 1812 133 5333 235 2624 9467 1746 21 221 475 5285 47 95 212 29 123015 1499 2296 46 4258 2916 142
internal_value=0.000230405 0.000183057 0.0012084 -0.0039404 -0.0114671 0.0014388 0.00082039 0.00171959 0.00287899 0.000112574 0.000550987 0.000239421 0.000333617 5.16989e-05 0.00132713 -0.00218954 0.00052559 -0.00128713 0.000859063 -0.00359813 -0.00530534 -0.00675595 -0.0123387 4.81914e-05 0.000605136 0.000715198 -0.00653846 0.000411827 -0.000180353 -0.001
internal_weight=169658 164430 10576 453 167 10123 7082 5228 3041 153854 19701 14368 14133 11509 2042 296 6516 1010 5506 535 383 336 124 134153 11138 10969 169 9470 5212 275
internal_count=169658 164430 10576 453 167 10123 7082 5228 3041 153854 19701 14368 14133 11509 2042 296 6516 1010 5506 535 383 336 124 134153 11138 10969 169 9470 5212 275
cat_boundaries=0 1 2 3 4 5 6
cat_threshold=55305 8768 2 516 548 37490
is_linear=0
shrinkage=0.05


Tree=184
num_leaves=31
num_cat=2
split_feature=20 17 19 20 15 17 1 4 21 21 19 22 17 3 20 8 4 17 5 4 4 22 9 3 1 10 21 10 4 5
split_gain=17.1166 6.34412 5.25731 9.05779 15.8432 12.1567 37.3677 10.1543 11.5945 7.1813 5.10114 4.92916 4.08131 6.01376 3.81153 3.51562 3.35436 3.33391 4.32085 3.80935 3.70024 4.42889 3.55789 3.65207 3.60077 3.70468 3.30313 3.27886 3.18809 2.99391
threshold=1.0000000180025095e-35 7.2848512326150265 0.73026094190808244 0.11018371921388019 0.67772355602398038 0.69320203597847485 0 4.5000000000000009 7.4404391602237441 6.6194060950237885 0.72022334535698973 7.201171826025349 0.78025122936348168 5.5000000000000009 0.22973975517647591 2.5000000000000004 10.500000000000002 1.1356036175575139 1.0000000180025095e-35 1.5000000000000002 7.5000000000000009 8.5121326454971271 1.0000000180025095e-35 1.0000000180025095e-35 1 6.5324070671296903 7.9915908515222656 0.76519735254682386 10.500000000000002 1.0000000180025095e-35
decision_type=8 8 10 8 10 10 1 2 8 10 10 10 10 2 10 2 2 10 2 2 2 10 2 2 1 8 10 10 2 2
left_child=15 2 3 4 -2 6 11 8 -8 -7 -9 -6 13 27 -15 -1 -11 29 19 -19 21 22 24 -24 26 -26 -21 -4 -20 -14
right_child=1 -3 12 -5 5 9 7 10 -10 16 -12 -13 17 14 -16 -17 -18 18 28 20 -22 -23 23 -25 25 -27 -28 -29 -30 -31
leaf_value=5.2712719006607068e-06 -1.381143718760303e-05 0.001903399179854919 0.00020602528189651026 9.3579536587493932e-08 -6.8002627140462124e-09 -2.9684450093036723e-05 -6.8002627140462124e-09 3.9406885656845251e-07 4.6667197848293542e-07 -1.1146907330904905e-06 -1.1742297638704045e-06 -1.1917033602547447e-07 -3.0965273422550869e-05 -3.8184305378522355e-05 7.4695173449451947e-05 4.8269316077487191e-08 -1.4933016592545078e-05 0.002434316897327796 -0.00051533403123131636 0.0014748773648703981 0.00076656768361291823 -0.0039991136737923564 0.0017011453543042993 -0.00098428274028373205 -0.00099338526927785463 0.00040952906850955513 -0.0018716461749518033 -2.6193938484930727e-05 -0.0061465389283486774 3.4865857108693053e-05
leaf_weight=701 1153 8996 2568 4191 118 62 41 176 26 424 20 21 12475 370 195 2202 66 8595 15274 16978 47727 463 1675 9141 13893 17579 1067 531 1165 2162
leaf_count=701 1153 8996 2568 4191 118 62 41 176 26 424 20 21 12475 370 195 2202 66 8595 15274 16978 47727 463 1675 9141 13893 17579 1067 531 1165 2162
internal_value=0.000211843 0.000145736 7.22706e-05 -0.00134328 -0.00401756 -0.00878407 -0.015398 -0.00431559 -0.0211194 -0.00396739 0.00142857 -0.0363669 0.000130978 0.00177948 -0.0029646 0.00401826 -0.00193878 9.02198e-05 0.00016873 0.000275278 0.000195028 -6.36553e-05 -2.62707e-05 -0.000847818 0.00015318 -0.000169674 0.000716265 0.0026444 -0.000590364 -0.000626153
internal_weight=170055 167152 158156 6298 2107 954 402 263 67 552 196 139 151858 3664 565 2903 490 148194 133557 117118 108523 60796 60333 10816 49517 31472 18045 3099 16439 14637
internal_count=170055 167152 158156 6298 2107 954 402 263 67 552 196 139 151858 3664 565 2903 490 148194 133557 117118 108523 60796 60333 10816 49517 31472 18045 3099 16439 14637
cat_boundaries=0 1 2
cat_threshold=4 2
is_linear=0
shrinkage=0.05


Tree=185
num_leaves=31
num_cat=2
split_feature=20 19 18 20 1 22 22 17 22 18 8 1 19 22 4 4 7 20 7 7 19 4 4 20 20 3 9 19 17 16
split_gain=17.7076 5.80313 24.2931 30.3706 34.5907 12.0844 6.45006 4.38561 3.39278 3.20585 3.0961 2.68826 3.45446 2.5979 2.14154 2.67313 2.7295 2.53278 2.25893 1.99116 1.79546 1.77869 1.97703 2.96631 2.55564 1.71603 5.96463 2.50977 2.46457 2.22841
threshold=1.0000000180025095e-35 0.73026094190808244 1.0000000180025095e-35 0.095191922360928216 0 7.2865519108896457 8.0227124112755934 7.2542553644443979 7.1838028186470666 1.0000000180025095e-35 2.5000000000000004 1 5.6408521765671304 6.7867386559346405 9.5000000000000018 3.5000000000000004 183.50000000000003 0.91912303957007246 3.5000000000000004 30.500000000000004 3.4562963483682325 7.5000000000000009 4.5000000000000009 0.45043597282488584 0.45043597282488584 1.0000000180025095e-35 1.0000000180025095e-35 6.6624567654655236 6.5888451488639115 0.27249246743585737
decision_type=8 8 8 10 1 8 10 8 10 10 2 1 8 10 2 2 10 10 10 10 10 2 2 10 10 2 2 10 10 8
left_child=10 2 3 4 -2 8 -5 9 -6 -3 -1 12 -9 14 15 16 -13 18 -17 20 21 22 23 -20 -24 26 27 28 -11 -30
right_child=1 7 -4 6 5 -7 -8 11 -10 25 -12 13 -14 -15 -16 17 -18 -19 19 -21 -22 -23 24 -25 -26 -27 -28 -29 29 -31
leaf_value=5.5982141986488104e-06 4.2123807204795337e-07 0.00012679463576940609 -1.0516654810066688e-05 3.8673152863851335e-07 -6.4602495797316809e-09 2.1757349433770836e-07 -0.0029798598122204936 -0.0023815446609429971 -6.4602495797316809e-09 -1.987987424303761e-05 4.5855850272502611e-08 0.0011336434997858637 0.005600835481120876 0.0017377499683725811 0.0015900402475566616 -0.00051326937990177368 -0.0079151127491398875 -0.065192090246972242 -0.018788039813609752 -0.0019220278121387423 0.017725810593305105 -0.010775641010513367 -0.0004980438121263475 0.0026997854208518752 -0.015635768047854329 9.9268729161170602e-07 0.0032837978867947173 0.0033634605403316115 -0.011665298838092926 0.00088691993150433071
leaf_weight=709 78 677 5922 275 139 20 20 926 38 13143 2159 680 4922 1071 757 487 24 22 55 186 56 78 148 30 41 129973 3667 3073 218 102
leaf_count=709 78 677 5922 275 139 20 20 926 38 13143 2159 680 4922 1071 757 487 24 22 55 186 56 78 148 30 41 129973 3667 3073 218 102
internal_value=0.000163115 9.61471e-05 -0.00136938 -0.0112281 -0.0231818 -0.0343401 -8.47456e-05 0.000155486 -0.0385028 8.99222e-05 0.00405858 0.00119846 0.00186218 0.000130674 -0.000733229 -0.00166851 0.000738637 -0.0032049 -0.00286309 -0.00493266 -0.00688725 -0.00821023 -0.00631387 -0.0126471 -0.00346561 7.44462e-05 0.000503143 9.8573e-05 -0.000195721 -0.00453125
internal_weight=169696 166828 6492 570 275 197 295 160336 177 150853 2868 9483 5848 3635 2564 1807 704 1103 1081 594 408 352 274 85 189 150176 20203 16536 13463 320
internal_count=169696 166828 6492 570 275 197 295 160336 177 150853 2868 9483 5848 3635 2564 1807 704 1103 1081 594 408 352 274 85 189 150176 20203 16536 13463 320
cat_boundaries=0 1 2
cat_threshold=2 1
is_linear=0
shrinkage=0.05


Tree=186
num_leaves=31
num_cat=3
split_feature=20 19 18 0 22 19 0 15 17 15 18 22 22 0 20 7 10 18 4 20 11 11 10 2 12 17 20 11 10 20
split_gain=18.0048 4.81209 27.8276 45.0838 19.7329 4.3118 5.14394 3.18604 2.86224 2.77613 4.06373 6.37382 2.42193 2.39332 2.42378 2.46212 2.38952 3.97655 2.11897 2.09883 1.78191 1.65954 2.43706 2.14928 2.37742 1.91956 2.1003 1.65423 1.59424 1.57144
threshold=1.0000000180025095e-35 0.72022334535698973 1.0000000180025095e-35 0 7.2987096258434283 7.2671789435822811 1 1.0000000180025095e-35 0.78025122936348168 0.77435709176599266 0.20456727519790832 6.6958543282917207 6.6749635868248598 2 1.6204372300014251 4.5000000000000009 0.71754226264466137 0.16606390746867136 6.5000000000000009 0.32528524361519001 0.66750053336617021 6.4053937199725217 6.6925797742933435 1.5000000000000002 7.490222232303748 6.70125100479056 0.17599977756547691 0.66750053336617021 1.9530024665512917 0.91912303957007246
decision_type=8 8 8 1 8 8 1 10 10 8 8 10 8 1 10 10 10 8 2 8 10 10 8 2 10 10 10 10 8 10
left_child=7 2 3 -2 20 8 19 -1 13 10 11 27 -4 18 16 -16 -15 -18 29 -7 -5 -11 25 24 -24 -23 -27 -10 -8 -3
right_child=1 5 12 4 -6 6 28 -9 9 21 -12 -13 -14 14 15 -17 17 -19 -20 -21 -22 22 23 -25 -26 26 -28 -29 -30 -31
leaf_value=5.3183034887160922e-06 3.5502883730664794e-07 -0.0016514896105915993 -7.3569133925032793e-05 -3.158302918637723e-08 2.0669481962110048e-07 0.019247006436500042 -0.028188172532880258 4.3563057761097927e-08 -6.8951384328064339e-05 5.3838597753416902e-06 -5.5861745201481887e-07 -2.8619724752168305e-05 -7.3159913240447498e-06 0.00012372261506252082 -0.03045511072656364 0.0095518573000202434 -5.1613374114767183e-05 6.9996167233368089e-05 0.00022075711564484291 -0.0032091836098906545 -6.1372371018553199e-09 0.0002897603698842122 0.0031593679871938802 0.00068247792844387605 -0.0055811725811230365 -0.0056077208365087165 -0.0022243669421888467 -7.6811444940421577e-05 0.0061226254189684446 -0.034519123759269223
leaf_weight=697 185 892 44 28 41 132 27 2226 21 126723 962 476 5298 4537 26 22 307 643 925 1114 137 3241 4741 10025 146 46 1572 57 4489 100
leaf_count=697 185 892 44 28 41 132 27 2226 21 126723 962 476 5298 4537 26 22 307 643 925 1114 137 3241 4741 10025 146 46 1572 57 4489 100
internal_value=0.000186014 0.000117905 -0.0013056 -0.0141816 -0.0294907 0.000168523 0.00151163 0.00407629 0.000118743 7.06035e-05 -0.00205805 -0.00546931 -0.00036316 0.00107488 0.00160054 -0.00958333 0.00170129 -0.000578947 -0.000448884 -0.00132962 -0.0386364 9.2632e-05 0.000518689 0.000835569 0.00169531 -0.000453797 -0.00186032 -0.0187179 0.00229342 -0.00205645
internal_weight=169880 166957 5733 391 206 161224 5762 2923 155462 148010 1516 554 5342 7452 5535 48 5487 950 1917 1246 165 146494 19771 14912 4887 4859 1618 78 4516 992
internal_count=169880 166957 5733 391 206 161224 5762 2923 155462 148010 1516 554 5342 7452 5535 48 5487 950 1917 1246 165 146494 19771 14912 4887 4859 1618 78 4516 992
cat_boundaries=0 1 2 3
cat_threshold=2 598 8388
is_linear=0
shrinkage=0.05


Tree=187
num_leaves=31
num_cat=6
split_feature=20 18 20 21 17 19 4 3 0 20 20 8 3 0 18 15 19 19 3 0 15 0 20 0 0 19 21 4 12 10
split_gain=18.9083 6.1955 51.3812 29.0533 5.13258 5.04062 7.86046 4.6382 4.07097 2.51132 3.84079 2.42 1.95039 10.1201 6.61667 2.67522 2.62288 2.54943 2.3439 11.1716 2.80053 2.57535 3.08558 3.66332 2.56867 3.03216 2.96622 2.94522 3.76715 3.05139
threshold=1.0000000180025095e-35 1.0000000180025095e-35 0.095191922360928216 7.3814970480868451 7.3261884265883834 0.71180929492339196 8.5000000000000018 5.5000000000000009 0 0.18482814981710352 0.11507317529480547 2.5000000000000004 1.0000000180025095e-35 1 0.69787570248262742 4.5428865154220262 4.1033560342151123 5.6408521765671304 4.5000000000000009 2 0.92747578986242318 3 0.73281182336142991 4 5 1.0109539540236467 7.4404391602237441 4.5000000000000009 1.0816615128302691 1.0816615128302691
decision_type=8 8 10 8 8 10 2 2 1 10 10 2 2 1 10 8 10 10 2 1 8 1 10 1 1 10 10 2 10 10
left_child=11 2 3 5 12 -2 -7 -4 -6 10 -9 -1 13 14 17 16 -16 -3 21 20 -20 22 -14 -24 25 26 27 28 29 -21
right_child=1 4 7 -5 8 6 -8 9 -10 -11 -12 -13 18 -15 15 -17 -18 -19 19 24 -22 -23 23 -25 -26 -27 -28 -29 -30 -31
leaf_value=5.3958674027211041e-06 -5.8303752492605556e-09 0.002398674276509547 9.6275847344950995e-07 2.4025417885154219e-07 -0.00023271412823832997 -5.8303752492605556e-09 -5.8303752492605556e-09 5.8417064589533223e-07 0.0062321909968318136 1.529940980794962e-05 -3.4862921142747581e-05 4.1384904875263476e-08 -0.00073007909743601695 -6.5767406715843522e-05 -0.0099387941575209658 0.0035982866383460557 -0.036850711527665329 0.0088587663579870989 -0.0025291730262062889 2.5521957756350321e-05 0.0046399134585324298 1.1261652148629664e-05 -0.00032220914078693512 0.01265855123011838 -3.4942904014643897e-05 0.0009649264309791989 0.00012913597443296206 -8.1007905717959012e-05 -0.00056142275436103252 -0.00025094916269239329
leaf_weight=717 107 4610 848 78 2761 43 43 39 5572 41 58 2187 48279 13561 177 161 35 2607 109 64 8193 42793 2921 1822 18308 13211 249 154 53 26
leaf_count=717 107 4610 848 78 2761 43 43 39 5572 41 58 2187 48279 13561 177 161 35 2607 109 64 8193 42793 2921 1822 18308 13211 249 154 53 26
internal_value=0.000173618 0.00010403 -0.003393 -0.0226753 0.000130564 -0.0330829 -0.0240698 0.00190669 0.00133985 -0.0065942 -0.0109794 0.00417355 6.65152e-05 0.000513215 0.00197368 -0.00451743 -0.00820755 0.0023119 -2.86363e-06 0.000316719 0.00195019 -0.000137504 -0.000370342 0.000846511 -0.000106781 0.000409312 -0.00324176 -0.00661616 -0.0117832 -0.00555556
internal_weight=169827 166923 1257 271 165666 193 86 986 8333 138 97 2904 157333 21151 7590 373 212 7217 136182 40367 8302 95815 53022 4743 32065 13757 546 297 143 90
internal_count=169827 166923 1257 271 165666 193 86 986 8333 138 97 2904 157333 21151 7590 373 212 7217 136182 40367 8302 95815 53022 4743 32065 13757 546 297 143 90
cat_boundaries=0 1 2 3 4 5 6
cat_threshold=214 60576 16449 26793 168 172
is_linear=0
shrinkage=0.05


Tree=188
num_leaves=31
num_cat=2
split_feature=20 19 16 0 20 19 21 20 8 10 19 4 4 5 19 0 4 19 15 20 19 14 8 14 15 21 13 3 6 4
split_gain=17.4477 5.80621 23.9249 23.2151 14.1806 12.1381 7.42093 4.25538 3.10068 2.8377 2.34347 4.26068 1.83709 1.80299 4.18411 1.92468 3.03334 3.46281 3.0566 2.16652 2.58621 2.07443 2.60592 1.99 2.14677 1.87609 2.59729 1.83728 1.83219 1.76142
threshold=1.0000000180025095e-35 0.73026094190808244 1.0000000180025095e-35 0 0.11018371921388019 0.69322269047845697 7.4404391602237441 0.090583452377197296 2.5000000000000004 7.2085263132358071 0.72022334535698973 9.5000000000000018 11.500000000000002 1.0000000180025095e-35 1.8286565057681272 1 10.500000000000002 4.9260227525683122 4.870921575317432 0.11930605769199516 3.5521030628076011 6.9684269485504098 5.5000000000000009 3.5567745959806172 3.5616532052842738 7.0017007882365494 4.162781420969746 1.0000000180025095e-35 1.0000000180025095e-35 8.5000000000000018
decision_type=8 8 8 1 10 10 10 10 2 10 10 2 2 2 10 1 2 10 8 10 10 10 2 8 10 10 10 2 2 2
left_child=8 2 3 4 5 -2 7 12 -1 13 11 -9 -7 29 -15 19 -17 25 -19 20 -16 22 23 24 -21 -18 -27 -23 -24 -3
right_child=1 9 -4 -5 -6 6 -8 10 -10 -11 -12 -13 -14 14 15 16 17 18 -20 21 -22 27 28 -25 -26 26 -28 -29 -30 -31
leaf_value=4.7825949441471229e-06 8.4468146425153991e-07 1.7071114669013064e-05 -6.5621402228188452e-06 -5.3717378988857241e-07 0.00023307000496240461 -5.5388564845770816e-09 1.0745155065991828e-06 -1.7948885799608476e-07 3.9315659633443194e-08 0.0025204371359778756 -9.4070017225929205e-06 -7.939357320750987e-06 -5.5388564845770816e-09 6.2967971788408989e-05 0.003386532287778618 4.712410641452169e-06 0.0016433770608764585 -0.010252377701140753 -0.020967145614869207 -0.0077948859219066861 -0.0057995603692670324 -0.015814092940520452 -0.0014842667427262652 -0.0024300956268481703 -0.0059958991243997985 -0.0044148696662673573 -0.021459020620893179 -0.005321700137024721 0.0042357592423465399 0.00016994333544539388
leaf_weight=688 39 93069 5506 436 76 169 20 58 2172 5125 22 37 21 4246 38 8714 298 22 163 326 55 59 2051 2027 36 141 26 379 763 42729
leaf_count=688 39 93069 5506 436 76 169 20 58 2172 5125 22 37 21 4246 38 8714 298 22 163 326 55 59 2051 2027 36 141 26 379 763 42729
internal_value=0.000201197 0.000134743 -0.00134398 -0.00900911 -0.0169027 -0.0213661 -0.0245107 -0.0264332 0.00407343 0.000193646 -0.0189316 -0.0155263 -0.0310526 0.000155406 -0.000296216 -0.000686183 -0.000243226 -0.00353846 -0.00932432 -0.00140669 -0.00897849 -0.00128435 -0.00100615 -0.00222059 -0.00563536 -0.00123656 -0.00547904 -0.00458904 2.48758e-05 0.000219738
internal_weight=169511 166651 6384 878 442 366 327 307 2860 160267 117 95 190 155142 19344 15098 9364 650 185 5734 93 5641 5203 2389 362 465 167 438 2814 135798
internal_count=169511 166651 6384 878 442 366 327 307 2860 160267 117 95 190 155142 19344 15098 9364 650 185 5734 93 5641 5203 2389 362 465 167 438 2814 135798
cat_boundaries=0 1 2
cat_threshold=16 9301
is_linear=0
shrinkage=0.05


Tree=189
num_leaves=31
num_cat=3
split_feature=20 17 15 16 20 21 17 22 20 20 0 17 21 20 17 4 20 4 19 0 4 15 1 15 16 17 15 21 17 20
split_gain=17.0509 4.39157 3.7575 3.35266 29.5492 20.2329 10.2603 7.62033 3.62678 3.83266 3.12022 2.89997 2.67857 2.13214 1.91495 3.06253 1.86215 1.85204 1.79584 1.75787 2.3011 3.39518 2.9294 2.43363 2.78528 2.18147 2.56732 2.40753 2.62083 2.02119
threshold=1.0000000180025095e-35 7.2542553644443979 1.0000000180025095e-35 1.0000000180025095e-35 0.090583452377197296 7.3814970480868451 0.69320203597847485 7.0062416165620487 0.11018371921388019 0.10486342005433268 0 0.78025122936348168 7.3814970480868451 0.34267495661194208 0.72623301608908808 10.500000000000002 0.28849181758168546 7.5000000000000009 0.44493290734620144 1 7.5000000000000009 4.0284262252281122 2 6.0534857038255634 0.50761325898756249 0.78025122936348168 0.77435709176599266 8.1354867319456314 0.79463839512862222 0.35576958556714727
decision_type=8 8 10 8 10 8 10 10 10 10 1 10 8 8 10 2 10 2 10 1 2 10 1 10 10 10 8 10 10 10
left_child=2 3 -1 4 5 6 7 -2 9 14 -3 -10 -11 18 -6 -16 -13 -8 -12 -5 23 25 -23 -21 -25 -22 27 28 -27 -28
right_child=1 10 -4 19 8 -7 17 -9 11 12 13 16 -14 -15 15 -17 -18 -19 -20 20 21 22 -24 24 -26 26 29 -29 -30 -31
leaf_value=4.543465196937824e-06 -2.5084347210491133e-09 0.0068332344066247691 3.7349876652603701e-08 0.00025449621277912228 2.4686433844602922e-07 4.1937101463718207e-07 1.0901464127175382e-05 -5.261913660348228e-09 0.00013402868036680449 -1.496926710334327e-05 -0.0025912532994332889 -1.9085519690734556e-05 -1.4939748308656631e-05 -0.00035641553021124503 -6.3644668580255766e-06 -1.2891079869095342e-05 0.00029638257650647693 -1.1244589091175765e-05 0.0016881724106192859 -3.404867824222027e-05 4.0915893105353328e-05 0.0032850634674916968 0.00077820666566196341 -0.0024764931479643749 -0.013045899093136006 -0.00013953202558235206 -4.7382094896929068e-05 -0.0095111164007226183 -1.6928495463159379e-05 0.00046574568628175283
leaf_weight=701 22 3800 2180 80744 160 89 28 136 1409 27 77 636 21 3313 91 25 185 21 2510 42081 2772 2156 5287 1542 32 50 13004 21 228 6237
leaf_count=701 22 3800 2180 80744 160 89 28 136 1409 27 77 636 21 3313 91 25 185 21 2510 42081 2772 2156 5287 1542 32 50 13004 21 228 6237
internal_value=0.000162308 9.63986e-05 0.00397605 3.26108e-05 -0.00166667 -0.0166216 -0.0251932 -0.0313924 6.65624e-05 -0.00487654 0.00112887 0.000784754 -0.0179167 0.000406092 -0.0026087 -0.0075 -0.00157734 -0.00520408 0.00148241 6.40271e-05 -0.000113048 0.000226013 0.00115075 -0.000344176 -0.00227446 -8.24666e-05 -0.000268679 -0.00486622 -0.00363309 -0.000197235
internal_weight=169585 166704 2881 157004 2850 296 207 158 2554 324 9700 2230 48 5900 276 116 821 49 2587 154154 73410 29755 7443 43655 1574 22312 19540 299 278 19241
internal_count=169585 166704 2881 157004 2850 296 207 158 2554 324 9700 2230 48 5900 276 116 821 49 2587 154154 73410 29755 7443 43655 1574 22312 19540 299 278 19241
cat_boundaries=0 1 2 3
cat_threshold=48169 49861 2
is_linear=0
shrinkage=0.05


Tree=190
num_leaves=31
num_cat=4
split_feature=20 18 20 22 3 20 20 8 22 17 20 4 4 21 17 5 4 4 0 18 4 17 22 22 22 0 1 3 22 0
split_gain=17.2538 4.84013 40.9761 30.3664 11.9005 3.73831 5.88444 3.44715 3.16686 3.05158 2.67771 3.0471 3.5229 2.38922 2.20223 3.47772 3.63179 6.13104 5.36708 4.31633 3.35373 3.2105 3.06021 3.0334 2.66567 3.17854 6.31199 3.1712 2.49311 2.41429
threshold=1.0000000180025095e-35 1.0000000180025095e-35 0.090583452377197296 7.2865519108896457 5.5000000000000009 0.22885766448230618 0.10486342005433268 2.5000000000000004 7.2521950207684283 7.3261884265883834 0.084545319437762431 11.500000000000002 9.5000000000000018 7.0913259685875696 1.3816306782992196 1.0000000180025095e-35 3.5000000000000004 7.5000000000000009 0 0.15577798805855389 10.500000000000002 3.0892346495745766 6.3434456549129861 6.7401772617438906 8.5121326454971271 1 2 2.5000000000000004 7.3100903996393374 3
decision_type=8 8 10 8 2 10 10 2 10 10 10 2 2 8 8 2 2 2 1 10 2 10 8 8 10 1 1 2 8 1
left_child=7 2 3 10 -4 6 -6 -1 -8 14 -2 12 13 -12 -3 16 29 24 19 -19 -17 -21 -22 -24 25 26 27 -18 -28 -16
right_child=1 9 4 -5 5 -7 8 -9 -10 -11 11 -13 -14 -15 15 20 17 18 -20 21 22 -23 23 -25 -26 -27 28 -29 -30 -31
leaf_value=4.3162919370898223e-06 -4.9988179762205936e-09 -8.8532982039936501e-06 5.1089909665624773e-07 3.9840246390809853e-07 3.9577097067453779e-07 6.5997190825944847e-05 -3.1467271238245598e-05 3.5482382820806182e-08 -4.0203332774646497e-05 0.0048250165981747308 -2.2453390369214789e-09 -4.9988179762205936e-09 -4.9988179762205936e-09 -4.9988179762205936e-09 0.004172887094066941 -0.00038587206727478242 0.0057783306724550768 0.0021555330963198395 0.001005296404277038 -0.000100976926689343 -0.021650771717050047 -0.004732402615378186 0.0058196551661582269 -0.0080430436965191511 -0.0037695536003644601 -0.00046793969770050534 0.008597301881195207 -0.018377103256386303 5.2874168202988527e-05 0.00095597151867560205
leaf_weight=710 63 29041 908 70 32 28 49 2168 48 2514 21 23 21 27 3338 15053 37 1303 44303 1023 20 1792 113 1007 448 38789 1421 81 959 24315
leaf_count=710 63 29041 908 70 32 28 49 2168 48 2514 21 23 21 27 3338 15053 37 1303 44303 1023 20 1792 113 1007 448 38789 1421 81 959 24315
internal_value=0.000171307 0.000105096 -0.00294574 -0.0223333 0.00115023 -0.0115605 -0.015155 0.00400973 -0.0212887 0.000128868 -0.0346774 -0.0292391 -0.0239855 -0.0314583 0.000102212 0.000187759 0.000282194 0.000128444 0.000511245 -0.00121366 -0.00049929 -0.00231794 -0.00311403 -0.00276786 -0.000315682 -0.000274057 0.00145136 -0.00983051 0.00201681 0.000783459
internal_weight=169725 166847 1290 225 1065 157 129 2878 97 165557 155 92 69 48 163043 134002 117809 90156 48421 4118 16193 2815 1140 1120 41735 41287 2498 118 2380 27653
internal_count=169725 166847 1290 225 1065 157 129 2878 97 165557 155 92 69 48 163043 134002 117809 90156 48421 4118 16193 2815 1140 1120 41735 41287 2498 118 2380 27653
cat_boundaries=0 1 2 3 4
cat_threshold=768 512 4 4624
is_linear=0
shrinkage=0.05


Tree=191
num_leaves=31
num_cat=1
split_feature=20 16 20 3 22 20 18 19 17 20 20 19 22 18 8 19 11 4 8 4 11 4 16 3 18 3 1 17 11 21
split_gain=17.8512 3.39214 24.114 17.2796 11.288 11.625 20.0561 10.3668 6.46249 6.16394 4.13456 3.00645 2.91534 2.89227 2.83296 2.53727 2.34716 1.96505 1.86988 1.80921 1.74449 1.8809 2.20332 3.92489 1.74155 1.68287 1.95714 1.95912 1.51988 1.5157
threshold=1.0000000180025095e-35 1.0000000180025095e-35 0.11018371921388019 5.5000000000000009 7.3262782083611304 0.090583452377197296 1.0000000180025095e-35 0.84542140545931754 0.78025122936348168 0.10486342005433268 0.22973975517647591 7.1407605049191449 7.5061615233470382 0.21038551402056768 2.5000000000000004 0.71180929492339196 0.66750053336617021 2.5000000000000004 6.5000000000000009 9.5000000000000018 1.9242220118926376 6.5000000000000009 0.080778125878918541 1.5000000000000002 0.11244023197892908 5.5000000000000009 0 0.69052922798166627 1.3479888099339705 6.6864847774674381
decision_type=8 8 10 2 10 10 10 10 10 10 10 8 10 10 2 10 10 2 2 2 10 2 8 2 10 2 1 10 8 8
left_child=14 2 4 8 5 6 15 10 -4 -7 12 -3 29 16 25 18 -10 28 -2 20 -19 22 23 -22 -6 -1 -27 -28 -13 -5
right_child=1 11 3 7 24 9 -8 -9 13 -11 -12 17 -14 -15 -16 -17 -18 19 -20 -21 21 -23 -24 -25 -26 26 27 -29 -30 -31
leaf_value=5.3066321538675076e-06 -4.9760639006698256e-08 1.5909036519509418e-05 0.00016792587159096818 -4.503846719563475e-05 3.7848234071269363e-07 -2.3363963202739923e-06 -5.8579242980550657e-06 2.9711177751252608e-05 -4.8382666918086361e-05 -1.3788958316722036e-05 0.00013085949416044018 -0.0039379189778659439 -3.6951543265999839e-05 4.0593474656302675e-05 3.3708263680320982e-08 -4.7488770749115621e-09 -9.462242606296982e-06 -0.0014290615072158565 -4.7488770749115621e-09 0.0020418626829444794 -0.03902837646651755 0.0057950011924215658 0.0010934904414433234 0.0017426979460897702 -1.5003449364718182e-05 1.7651612105140656e-05 8.9029345872104548e-05 -1.4595633906901312e-05 0.0028346584103395587 -3.6914221722069313e-05
leaf_weight=563 45 154606 1191 23 127 223 73 106 144 30 20 22 37 255 2149 33 295 2338 58 1514 26 556 1894 45 26 50 20 61 2600 126
leaf_count=563 45 154606 1191 23 127 223 73 106 144 30 20 22 37 255 2149 33 295 2338 58 1514 26 556 1894 45 26 50 20 61 2600 126
internal_value=0.00017447 0.000107354 -0.00161451 0.00083523 -0.0103659 -0.0142641 -0.0229904 -0.0100641 0.00263926 -0.00705534 -0.0166019 0.000136949 -0.0189247 -0.00119597 0.00410306 -0.0343382 -0.00365604 0.00102557 -0.0382039 0.000551546 8.12926e-05 0.000993653 0.000267176 -0.00838028 0.00140523 0.00132565 -0.00377863 -0.00858025 0.00217773 -0.0158054
internal_weight=169256 166413 2812 2197 615 462 209 312 1885 253 206 163601 186 694 2843 136 439 8995 103 6373 4859 2521 1965 71 153 694 131 81 2622 149
internal_count=169256 166413 2812 2197 615 462 209 312 1885 253 206 163601 186 694 2843 136 439 8995 103 6373 4859 2521 1965 71 153 694 131 81 2622 149
cat_boundaries=0 1
cat_threshold=4
is_linear=0
shrinkage=0.05


Tree=192
num_leaves=31
num_cat=3
split_feature=20 16 20 21 18 3 19 20 17 20 20 20 8 20 17 4 18 18 20 0 18 3 0 17 17 18 17 4 0 5
split_gain=17.0878 4.46232 31.488 18.2353 19.0177 15.3491 8.65711 6.69688 6.0321 5.75882 5.04458 4.7047 3.77681 3.0868 3.0138 2.45444 2.29372 1.87724 1.70878 3.21992 2.20442 1.70936 9.14541 3.74412 3.60516 3.19595 4.05686 3.78947 2.87521 2.97032
threshold=1.0000000180025095e-35 1.0000000180025095e-35 0.090583452377197296 7.3814970480868451 1.0000000180025095e-35 5.5000000000000009 0.84542140545931754 0.11018371921388019 0.78025122936348168 0.11018371921388019 0.18482814981710352 0.10486342005433268 2.5000000000000004 0.084545319437762431 7.3261884265883834 4.5000000000000009 0.21038551402056768 0.15139573590323371 0.10486342005433268 0 0.12634448864848227 1.0000000180025095e-35 1 4.8719072383129314 6.5888451488639115 0.29003673345652814 4.4685272403191201 2.5000000000000004 2 1.0000000180025095e-35
decision_type=8 8 10 8 10 2 10 10 10 10 10 10 2 10 10 2 10 10 10 1 8 2 1 10 8 8 10 2 1 2
left_child=12 2 3 4 13 7 9 11 -9 -7 17 -4 -1 -2 18 -13 -10 -11 19 20 -3 22 24 25 -20 -24 -27 -28 -26 -30
right_child=1 14 5 -5 -6 6 -8 8 16 10 -12 15 -14 -15 -16 -17 -18 -19 21 -21 -22 -23 23 -25 28 26 27 -29 29 -31
leaf_value=3.8754751084614825e-06 -4.5114332214435396e-09 6.3212464111344778e-05 -2.398067098575873e-06 1.3613014505087228e-07 -5.9128873939122029e-06 1.4536571997264938e-07 2.1398073821050049e-05 0.00015952957801141921 -3.2989448259033759e-05 -3.7194283782016058e-05 -1.5625877285508555e-05 -8.3009191470539904e-06 3.2022850493529378e-08 -4.5114332214435396e-09 0.0045703744887106608 -1.6668975003573745e-05 3.5669586863439579e-05 -3.5283919997895778e-05 -2.5291186003443265e-05 0.0048191125995365111 -0.00017550435468643034 2.8060499935539848e-06 0.0024200693528567646 0.0064243634543366054 -0.089070500199107228 -0.00071873497593521855 0.0092228853065147113 -0.039342484409089301 -0.0012229615024460768 -0.011230203483223926
leaf_weight=718 59 2246 218 89 62 53 122 1166 429 106 57 25 2192 86 2488 20 247 44 9253 1840 1688 134854 3886 3961 120 2200 24 57 1128 169
leaf_count=718 59 2246 218 89 62 53 122 1166 429 106 57 25 2192 86 2488 20 247 44 9253 1840 1688 134854 3886 3961 120 2200 24 57 1128 169
internal_value=0.0001706 0.000104291 -0.00188106 -0.0172973 -0.0254348 -4.62403e-05 -0.00926702 0.00162708 0.00269273 -0.0144231 -0.0181884 -0.0058365 0.00396907 -0.0353448 0.000137999 -0.0205556 -0.00106509 -0.023 0.000111382 0.00095601 0.000144524 8.00506e-05 0.000501972 0.00157723 -0.000519663 0.000808335 -0.000677334 -0.0116667 -0.00286874 -0.00211553
internal_weight=169607 166697 2783 296 207 2487 382 2105 1842 260 207 263 2910 145 163914 45 676 150 161426 5774 3934 155652 20798 10128 10670 6167 2281 81 1417 1297
internal_count=169607 166697 2783 296 207 2487 382 2105 1842 260 207 263 2910 145 163914 45 676 150 161426 5774 3934 155652 20798 10128 10670 6167 2281 81 1417 1297
cat_boundaries=0 1 2 3
cat_threshold=854 855 320
is_linear=0
shrinkage=0.05


Tree=193
num_leaves=31
num_cat=6
split_feature=20 8 17 0 20 18 1 8 19 3 0 16 19 0 3 15 19 16 18 20 0 3 20 8 19 6 8 0 15 15
split_gain=16.3109 4.31336 3.50441 3.93516 3.25371 39.4045 28.4975 6.96918 2.06188 2.02519 7.28078 6.81646 2.92607 2.24452 3.81976 4.42838 5.83609 4.4514 3.56584 3.28596 2.81908 3.07729 3.31377 4.50701 2.61341 2.27037 2.18734 3.47071 2.11673 2.09177
threshold=1.0000000180025095e-35 2.5000000000000004 7.3261884265883834 0 0.090583452377197296 1.0000000180025095e-35 1 4.5000000000000009 4.6404925339212362 1.0000000180025095e-35 2 0.73113569475392359 6.3342549815951452 3 2.5000000000000004 2.2940752004436695 2.0460354156292682 0.11783672697950605 0.63457165124202375 0.67608782084881447 4 1.5000000000000002 0.91912303957007246 5.5000000000000009 1.3266648380579023 1.0000000180025095e-35 4.5000000000000009 5 1.1466826661742766 5.1970264770464523
decision_type=8 2 8 1 10 10 1 2 8 2 1 10 10 1 2 8 10 10 10 10 1 2 10 2 10 2 2 1 10 8
left_child=1 -1 4 -4 5 6 -2 -8 -5 10 11 26 -12 14 20 16 18 -18 24 -19 -11 28 29 -24 25 -16 27 -6 -22 -23
right_child=2 -3 3 8 9 -7 7 -9 -10 13 12 -13 -14 -15 15 -17 17 19 -20 -21 21 22 23 -25 -26 -27 -28 -29 -30 -31
leaf_value=3.6289130864120082e-06 3.527517164259031e-07 3.0421707969408021e-08 -0.0006814382952279787 -0.00054837224798006334 0.0057151317109415227 9.8260588929383526e-06 -7.6298385387474361e-10 -4.2858615600938071e-09 0.0074609772179545508 0.00020186862778031212 1.1808957100063753e-05 -0.01168028339167819 -0.0026087965770159758 -9.5743806062392202e-06 -0.00028970163415636626 0.0016803870133299361 -0.0090805750887919083 -0.0025300194306213906 -0.0073343366796760614 -0.029182072034400298 0.0031355099644172291 0.00043687569415920422 -0.03780693307367388 0.0131356717506265 0.0036905842319985686 0.00017555225477668346 0.0042964554544166712 -0.0022410953367578749 -0.00068983367826737005 -0.0031290268862871947
leaf_weight=698 67 2193 1752 1277 691 1621 24 125 5357 5955 11031 272 2065 93412 1992 20602 143 820 172 29 523 880 179 54 2600 1111 6170 787 4229 3089
leaf_count=698 67 2193 1752 1277 691 1621 24 125 5357 5955 11031 272 2065 93412 1992 20602 143 820 172 29 523 880 179 54 2600 1111 6170 787 4229 3089
internal_value=0.000186853 0.00391041 0.000122404 0.00111853 6.9748e-05 -0.00202232 -0.0220833 -0.0342617 0.00167369 9.42568e-05 0.000551009 0.00174653 -0.000173203 2.3566e-05 0.000325328 0.000675125 -0.000424494 -0.00397177 0.000174468 -0.00259717 -0.000318935 -0.000879072 -0.00186578 -0.00766094 0.000388392 -0.000591363 0.00202537 0.0002977 -8.41732e-06 -0.00152557
internal_weight=169920 2891 167029 8386 158643 1837 216 149 6634 156806 21016 7920 13096 135790 42378 27469 6867 992 5875 849 14909 8954 4202 233 5703 3103 7648 1478 4752 3969
internal_count=169920 2891 167029 8386 158643 1837 216 149 6634 156806 21016 7920 13096 135790 42378 27469 6867 992 5875 849 14909 8954 4202 233 5703 3103 7648 1478 4752 3969
cat_boundaries=0 1 2 3 4 5 6
cat_threshold=86 2 64672 581 516 49312
is_linear=0
shrinkage=0.05


Tree=194
num_leaves=31
num_cat=5
split_feature=20 16 18 20 22 3 20 17 20 20 0 20 20 4 3 3 1 22 10 3 3 22 0 0 22 3 1 22 22 6
split_gain=17.029 3.8524 3.60361 43.6817 30.0916 5.73304 3.59763 3.02024 2.6335 3.98611 2.55642 2.38018 2.07086 2.85654 3.52929 1.56604 2.62744 2.98686 1.52945 2.84944 2.48489 2.08153 2.00442 1.6157 1.52445 1.40014 1.90684 2.93236 2.15998 2.01605
threshold=1.0000000180025095e-35 1.0000000180025095e-35 1.0000000180025095e-35 0.090583452377197296 7.313894599488787 5.5000000000000009 0.084545319437762431 7.3261884265883834 0.10486342005433268 0.18482814981710352 0 0.31752910506092225 0.11018371921388019 4.5000000000000009 1.0000000180025095e-35 5.5000000000000009 1 7.4986288929697986 6.6734875651914018 3.5000000000000004 1.0000000180025095e-35 6.4546019964224106 2 3 7.2923795871333494 2.5000000000000004 4 7.1955796690028153 6.4967228014086293 1.0000000180025095e-35
decision_type=8 8 8 10 8 2 10 8 10 10 1 8 10 2 2 2 1 8 10 2 2 10 1 1 10 2 1 8 10 2
left_child=1 -1 3 4 6 12 -2 18 -7 24 -9 -12 13 -5 -15 -3 -17 -18 -4 20 22 -22 -20 -21 -10 -13 27 -27 29 -28
right_child=2 15 7 5 -6 8 -8 10 9 -11 11 25 -14 14 -16 16 17 -19 19 23 21 -23 -24 -25 -26 26 28 -29 -30 -31
leaf_value=2.890062257288051e-08 -4.0715684823666722e-09 4.6660811364285244e-06 -8.0113050899357438e-07 -2.5022473873481665e-06 3.351141306062733e-07 9.8093815304814537e-07 -4.0715684823666722e-09 0.0074242326065710991 -2.7858362840738442e-05 2.5198620283686788e-06 0.0015542858516595013 -0.0036228496639464751 0.00013856266203568707 -7.561469455574788e-08 9.0657626423627381e-07 1.6393812090143013e-05 -1.7363087715302469e-05 -1.0822323100038213e-06 0.0077813584843604462 0.0069642011212108701 0.0041036648315992434 -0.00094088511910494143 -0.00024838002774049808 0.0011938442639649256 -3.1937784488361712e-05 -0.00051142160730610522 -0.0010832659875782767 0.0025351086068678523 0.0013017214025320021 -0.006144461252276503
leaf_weight=2167 68 593 141883 21 68 33 86 2766 37 41 1838 1274 690 22 134 49 32 50 1244 1804 476 7243 954 3666 34 25 922 1065 154 256
leaf_count=2167 68 593 141883 21 68 33 86 2766 37 41 1838 1274 690 22 134 49 32 50 1244 1804 476 7243 954 3666 34 25 922 1065 154 256
internal_value=0.000140399 0.003945 7.44588e-05 -0.0026175 -0.0227027 0.00178854 -0.0349351 9.45221e-05 -0.00741379 -0.0110714 0.0010241 0.000400433 0.00332757 -0.00149717 0.000833334 0.000787293 -0.00416031 -0.00963415 4.54634e-05 0.000518945 1.36132e-05 -0.000408732 0.00149682 0.0014351 -0.0182394 -0.000330086 0.000375723 0.00192661 -0.000893393 -0.00162139
internal_weight=169695 2891 166804 1234 222 1012 154 165570 145 112 8300 5534 867 177 156 724 131 82 157270 15387 9917 7719 2198 5470 71 3696 2422 1090 1332 1178
internal_count=169695 2891 166804 1234 222 1012 154 165570 145 112 8300 5534 867 177 156 724 131 82 157270 15387 9917 7719 2198 5470 71 3696 2422 1090 1332 1178
cat_boundaries=0 1 2 3 4 5
cat_threshold=39977 4 16384 1153 1
is_linear=0
shrinkage=0.05


Tree=195
num_leaves=31
num_cat=1
split_feature=20 8 16 20 22 18 3 20 20 15 20 20 20 18 22 18 10 18 12 4 21 18 22 14 20 1 7 21 4 9
split_gain=17.1166 3.66027 2.81752 30.1606 18.1616 18.7913 12.0295 6.29508 5.27925 4.27118 4.04211 7.96819 3.16969 2.90553 2.89369 2.61664 2.55235 1.97801 1.78624 1.7101 1.85607 1.66171 2.06127 1.61292 1.60833 1.90277 2.82518 1.54668 2.56952 4.964
threshold=1.0000000180025095e-35 2.5000000000000004 1.0000000180025095e-35 0.090583452377197296 7.3715717094536597 1.0000000180025095e-35 5.5000000000000009 0.11018371921388019 0.10486342005433268 1.0822341040532628 0.18363305984648259 0.11018371921388019 0.084545319437762431 0.080241648058044387 7.2865519108896457 0.12225232992506101 7.2435844491849375 0.17747559858859846 0.71754226264466137 9.5000000000000018 7.1312986703816295 0.21131625984466268 6.8638654750260812 7.3274519153404629 0.10486342005433268 0 1.5000000000000002 7.0044280632177705 7.5000000000000009 1.0000000180025095e-35
decision_type=8 2 8 10 10 10 2 10 10 10 10 10 10 10 10 10 10 10 8 2 10 10 10 10 10 1 10 10 2 2
left_child=1 -1 3 4 5 12 7 8 13 17 11 -8 -2 -5 18 -16 24 -9 -13 20 -15 22 -19 -18 25 -4 -27 28 -26 -30
right_child=2 -3 16 6 -6 -7 10 9 -10 -11 -12 14 -14 19 15 -17 23 21 -20 -21 -22 -23 -24 -25 27 26 -28 -29 29 -31
leaf_value=3.4604968464245828e-06 -3.8679900560278922e-09 2.7455591444791595e-08 9.3732694694254937e-05 3.7905690151718301e-07 3.1835842407845764e-07 -7.1535589589280423e-06 9.2903920243971463e-07 0.00014510368503937166 -1.4082341086495279e-05 -0.00012360331247363552 -4.1836896416722615e-06 -3.8976560383821575e-05 -3.8679900560278922e-09 -1.6604427563712543e-05 -3.6564160291373237e-05 -2.129859933440069e-05 0.0015337524519484051 -3.5824119590719917e-05 -8.4388087822329598e-06 -1.3242048119143413e-05 8.8820342758866306e-06 4.8126354462270502e-05 2.6996207540235798e-06 0.0065447471294728127 -5.9100616531810331e-06 5.292164354310464e-05 -0.0018385844047301503 -3.1818480399340499e-05 7.7014635276324647e-05 0.0019421688200921714
leaf_weight=715 61 2166 1472 128 77 69 61 1147 35 310 152 47 90 49 47 30 3609 40 43 23 27 207 165 985 60758 3042 1290 57894 27374 7555
leaf_count=715 61 2166 1472 128 77 69 61 1147 35 310 152 47 90 49 47 30 3609 40 43 23 27 207 165 985 60758 3042 1290 57894 27374 7555
internal_value=0.00015495 0.00397605 8.8946e-05 -0.00148148 -0.0165488 -0.0238636 0.000300677 0.00176208 -0.00549618 0.00277956 -0.00789474 -0.0121053 -0.0337417 -0.00270925 -0.0177545 -0.0248701 0.000115838 0.00384541 -0.0116667 -0.00914141 -0.00552632 0.000873787 -0.00231707 0.00127775 8.2348e-05 0.00089938 0.000371653 5.14714e-05 0.000174893 0.00051662
internal_weight=169668 2881 166787 2808 297 220 2511 2131 262 1869 380 228 151 227 167 77 163979 1559 90 99 76 412 205 4594 159385 5804 4332 153581 95687 34929
internal_count=169668 2881 166787 2808 297 220 2511 2131 262 1869 380 228 151 227 167 77 163979 1559 90 99 76 412 205 4594 159385 5804 4332 153581 95687 34929
cat_boundaries=0 1
cat_threshold=1
is_linear=0
shrinkage=0.05


Tree=196
num_leaves=31
num_cat=1
split_feature=20 18 20 22 3 8 20 20 22 19 21 20 3 20 1 21 21 22 18 16 22 10 4 4 7 7 7 2 10 12
split_gain=16.9408 4.03223 46.2199 30.9904 6.89961 3.71661 3.32477 5.55698 4.32466 2.83305 2.32071 1.99637 2.64706 2.87433 1.85244 3.86756 2.29376 1.92324 1.70897 3.17841 1.51341 1.51101 1.2859 1.75777 2.73485 2.16613 1.42801 1.24195 2.80511 2.10606
threshold=1.0000000180025095e-35 1.0000000180025095e-35 0.090583452377197296 7.313894599488787 5.5000000000000009 2.5000000000000004 0.11018371921388019 0.18482814981710352 7.2923795871333494 7.2671789435822811 7.0017007882365494 0.11018371921388019 1.0000000180025095e-35 0.10486342005433268 0 8.1622300485615504 8.5183919731893152 7.9459806281929914 0.22583056724259165 0.11384043466483357 7.1752435278881519 1.9242220118926376 9.5000000000000018 7.5000000000000009 305.50000000000006 115.50000000000001 2.5000000000000004 2.5000000000000004 7.0795634075966563 7.2148354303830287
decision_type=8 8 10 8 2 2 10 10 10 8 10 10 2 10 1 8 8 8 10 8 10 8 2 2 8 8 10 2 10 10
left_child=5 2 3 10 11 -1 -6 8 -8 27 -2 12 -4 -14 18 -16 -17 -18 21 -20 -12 -11 23 24 -19 26 -25 28 29 -3
right_child=1 9 4 -5 6 -7 7 -9 -10 14 20 -13 13 -15 15 16 17 22 19 -21 -22 -23 -24 25 -26 -27 -28 -29 -30 -31
leaf_value=3.2874720020009632e-06 -8.347569278588374e-08 1.702889935839944e-05 -9.0786804907150298e-08 3.0244050287508988e-07 8.5206893665201741e-07 2.6082811871441792e-08 -3.1169298535066452e-05 1.0238963415381427e-05 -3.1084408389206915e-05 -0.00076726538453711704 -3.6745905540591651e-09 0.00012180321753861971 6.1670795762358568e-07 -1.0659454453701464e-05 0.001905259738427629 -0.044798877986367718 0.0035279641821327097 -0.00094418652160018217 -0.02290313041291582 0.0028215222242660254 -3.6745905540591651e-09 0.0038760147053573894 0.00043657885206940843 0.0011893903526498575 -0.0047076930012808346 0.0096284853925023926 -0.010012075620720587 -2.5558472349307449e-05 0.0030288215080621298 -0.0025383228089879001
leaf_weight=705 24 101436 26 65 42 2146 36 39 35 50 93 699 122 22 926 22 234 535 32 1021 33 2455 248 33 20 32 163 53261 3710 1427
leaf_count=705 24 101436 26 65 42 2146 36 39 35 50 93 699 122 22 926 22 234 535 32 1021 33 2455 248 33 20 32 163 53261 3710 1427
internal_value=0.000143554 7.82483e-05 -0.00276699 -0.0238372 0.00166993 0.00396528 -0.00815789 -0.0127273 -0.0210563 9.94839e-05 -0.0363333 0.00338895 -0.00147059 0.00118056 0.00118784 5.19658e-05 -0.00172106 -0.00144269 0.00189432 0.000204179 -0.0390476 0.00260479 -0.00237148 -0.00336526 -0.00184685 -0.0070614 -0.00903061 6.01876e-05 0.000158718 0.000110001
internal_weight=169692 166841 1236 215 1021 2851 152 110 71 165605 150 869 170 144 5771 2213 1287 1265 3558 1053 126 2505 1031 783 555 228 196 159834 106573 102863
internal_count=169692 166841 1236 215 1021 2851 152 110 71 165605 150 869 170 144 5771 2213 1287 1265 3558 1053 126 2505 1031 783 555 228 196 159834 106573 102863
cat_boundaries=0 1
cat_threshold=1
is_linear=0
shrinkage=0.05


Tree=197
num_leaves=31
num_cat=3
split_feature=20 16 12 3 0 20 16 22 22 17 20 3 0 0 10 12 16 19 10 12 13 19 3 20 22 22 13 19 12 19
split_gain=17.5969 3.46902 2.98395 3.58129 2.5826 2.51527 27.6431 15.7717 9.88191 10.1537 3.11296 2.41874 8.89295 2.99489 2.18234 2.50973 2.10167 2.36618 2.09439 1.98101 3.80464 1.7679 1.74215 2.34165 1.69839 2.69627 2.46472 1.66732 1.65087 2.04813
threshold=1.0000000180025095e-35 1.0000000180025095e-35 5.0817148275836965 3.5000000000000004 0 0.090583452377197296 1.0000000180025095e-35 7.3715717094536597 7.0673546923782942 0.69320203597847485 0.084545319437762431 1.0000000180025095e-35 1 2 6.8554614828731877 6.5048118512982898 0.16615352795855728 5.3706183488597397 5.3035536024188419 6.5382121774325102 5.9993086319130038 0.71180929492339196 5.5000000000000009 0.46769701883965015 7.5879650409482435 8.2096007674660587 5.6169528827985511 6.4041103706176061 6.2899010652535479 6.1008899163519539
decision_type=8 8 10 2 1 8 8 10 10 10 10 2 1 1 8 10 10 10 10 10 10 10 2 10 10 10 10 10 10 10
left_child=1 -1 5 11 14 6 7 8 -2 10 -10 12 -4 -13 15 -5 -15 -18 19 20 -6 -11 28 -24 -19 26 -26 -28 29 -22
right_child=2 -3 3 4 18 -7 -8 -9 9 21 -12 13 -14 16 -16 -17 17 24 -20 -21 22 -23 23 -25 25 -27 27 -29 -30 -31
leaf_value=2.4778671275926813e-08 -1.2402729288041315e-09 3.236855889390723e-06 -0.0010762198361082605 0.0040997159291295713 -0.0003546543141172231 8.9484236034073004e-08 3.1249124416574731e-05 2.8731847773189045e-07 -3.4908610280215415e-09 4.201551014092242e-06 -3.4908610280215415e-09 -0.00083757413705925663 0.0062491627371988323 0.0037820988975623931 0.0077361484460023297 -0.00083106542859078469 0.003657852524407069 -0.00098230958326054598 0.0014821898054329027 0.0038117449116477874 0.0026113382710554042 -1.0596167628712518e-05 -0.0087578161501726832 -0.01463158041187434 -0.0086078474792435338 0.0033491305794511681 -0.0067672518344262722 -0.019392493599513491 0.0045462185768099118 -0.0084157171737112169
leaf_weight=2193 54 708 3446 2453 1950 126383 1555 75 58 23 76 13747 3210 1726 3087 1227 536 510 5362 852 41 20 138 29 74 45 29 24 91 84
leaf_count=2193 54 708 3446 2453 1950 126383 1555 75 58 23 76 13747 3210 1726 3087 1227 536 510 5362 852 41 20 138 29 74 45 29 24 91 84
internal_value=0.000156826 0.00401758 8.97219e-05 0.000474768 0.00106896 -2.63558e-05 -0.00185116 -0.0155882 -0.0220563 -0.0277684 -0.0345522 8.50218e-05 0.000890926 -0.000236355 0.00179799 0.000978261 0.00120853 -0.000377668 0.000489073 -0.000525902 -0.00127947 -0.00662791 -0.00583551 -0.00967066 -0.00233138 -0.00662791 -0.0103543 -0.0185849 -0.00287037 -0.0066
internal_weight=169806 2901 166905 38661 15314 128244 1861 306 231 177 134 23347 6656 16691 6767 3680 2944 1218 8547 3185 2333 43 383 167 682 172 127 53 216 125
internal_count=169806 2901 166905 38661 15314 128244 1861 306 231 177 134 23347 6656 16691 6767 3680 2944 1218 8547 3185 2333 43 383 167 682 172 127 53 216 125
cat_boundaries=0 1 2 3
cat_threshold=201 577 24617
is_linear=0
shrinkage=0.05


Tree=198
num_leaves=31
num_cat=2
split_feature=20 8 11 13 2 11 17 2 19 16 20 22 18 20 17 0 20 19 22 17 18 19 2 12 0 13 17 17 22 7
split_gain=16.0135 4.49641 3.21721 2.26915 2.02015 1.97733 2.33071 1.97622 1.76694 8.09737 11.5505 14.3626 12.9789 6.13584 2.75666 2.3229 2.22766 3.89097 4.25517 2.00823 1.73919 2.66741 1.70035 2.05058 1.96389 1.76756 1.57453 1.51992 1.41231 1.41002
threshold=1.0000000180025095e-35 2.5000000000000004 6.3848570170685965 7.5074155787737569 1.5000000000000002 7.0938197358967612 6.70125100479056 2.5000000000000004 0.73026094190808244 1.0000000180025095e-35 0.090583452377197296 7.3135382136129818 1.0000000180025095e-35 0.084545319437762431 0.78025122936348168 0 0.11018371921388019 0.72022334535698973 7.1700002979321233 0.72623301608908808 0.23222623413802004 5.8108857907823817 2.5000000000000004 1.1150072000796054 1 0.66750053336617021 0.72623301608908808 0.84685934121422812 8.5121326454971271 1.0000000180025095e-35
decision_type=8 2 10 8 2 10 10 2 8 8 10 10 10 10 10 1 10 10 10 10 8 10 2 10 1 8 10 10 10 10
left_child=1 -1 8 4 5 6 -4 29 9 10 11 12 13 -2 15 -10 17 19 -19 -12 -17 -22 23 24 -16 -26 -14 28 -11 -6
right_child=2 -3 3 -5 7 -7 -8 -9 14 27 16 -13 26 -15 22 20 -18 18 -20 -21 21 -23 -24 -25 25 -27 -28 -29 -30 -31
leaf_value=2.7149221389992775e-06 -3.3163179757877971e-09 2.3539737714628473e-08 0.0026447164404660261 0.0027452153540722174 -0.00061045755835775219 0.0043362804348237704 -0.00056396097930515342 0.0010116627247289296 0.021434560780319002 1.1310060954606394e-06 3.9468168873508878e-07 2.7295255384807148e-07 1.2996314827503262e-05 -3.3163179757877971e-09 1.6424773107862048e-05 4.2653917659528755e-05 0.00016610984734041767 -1.0905173649509055e-05 -8.0761209438390707e-06 -6.4467361033646551e-06 -0.00030217467696365294 0.017467420445211754 -7.3880755957286194e-05 0.00037545841233552484 -0.0065943544865117165 -5.6515356279208355e-05 -1.0066359247279389e-05 -0.0025480909919782654 -0.0028863942142594544 -0.0029732346596720244
leaf_weight=708 60 2164 1785 6744 3460 1889 2594 4782 729 5547 164 88 42 86 14559 2980 261 27 24 105 4803 730 42886 54813 175 16432 27 31 23 1263
leaf_count=708 60 2164 1785 6744 3460 1889 2594 4782 729 5547 164 88 42 86 14559 2980 261 27 24 105 4803 730 42886 54813 175 16432 27 31 23 1263
internal_value=0.000166519 0.00386838 0.000102897 0.000658836 0.000330628 0.00102744 0.000444166 -0.000128879 1.6322e-05 -0.000790285 -0.00523756 -0.0131518 -0.0201163 -0.0285616 5.41973e-05 0.000888336 -0.00111015 -0.00390625 -0.0165686 -0.00150558 0.000652939 0.000129225 -5.62586e-06 0.000122646 -0.000201181 -0.000572606 -0.00224638 -8.83769e-05 -2.69298e-05 -0.00085433
internal_weight=169981 2872 167109 22517 15773 6268 4379 9505 144592 6485 884 303 215 146 138107 9242 581 320 51 269 8513 5533 128865 85979 31166 16607 69 5601 5570 4723
internal_count=169981 2872 167109 22517 15773 6268 4379 9505 144592 6485 884 303 215 146 138107 9242 581 320 51 269 8513 5533 128865 85979 31166 16607 69 5601 5570 4723
cat_boundaries=0 1 2
cat_threshold=56329 39640
is_linear=0
shrinkage=0.05


Tree=199
num_leaves=31
num_cat=1
split_feature=18 19 19 22 3 21 8 4 17 0 4 3 19 19 18 11 12 18 2 11 12 18 4 12 19 4 6 14 3 4
split_gain=6.57129 10.7371 22.5054 19.8407 7.55849 4.84295 4.27568 4.02381 3.15919 2.62524 2.53116 2.15535 2.05805 3.60976 1.65006 1.46338 1.53173 2.00474 1.53634 1.90123 2.19972 1.50077 2.56316 1.3531 1.33236 1.91142 1.66473 1.64237 1.64128 2.10378
threshold=1.0000000180025095e-35 0.69322269047845697 0.71180929492339196 7.3135382136129818 5.5000000000000009 7.0479518150395899 2.5000000000000004 8.5000000000000018 7.2848512326150265 0 11.500000000000002 5.5000000000000009 0.80899435430513533 0.72022334535698973 0.080241648058044387 6.4053937199725217 7.490222232303748 0.2226910344788515 1.5000000000000002 7.0301498715383532 7.0896183895562652 0.25917581273639645 3.5000000000000004 0.66750053336617021 3.4562963483682325 1.5000000000000002 1.0000000180025095e-35 6.7932979428604225 2.5000000000000004 6.5000000000000009
decision_type=8 10 10 10 2 10 2 2 8 1 2 2 10 10 8 10 10 10 2 10 10 10 2 10 10 2 2 8 2 2
left_child=1 6 3 5 10 -3 11 -7 15 14 -4 -1 13 -6 -10 -2 18 -18 19 20 -17 22 -19 -15 26 27 -11 -26 29 -27
right_child=8 2 4 -5 12 7 -8 -9 9 24 -12 -13 -14 23 -16 16 17 21 -20 -21 -22 -23 -24 -25 25 28 -28 -29 -30 -31
leaf_value=2.9101960985877809e-06 -2.7303801240585542e-06 -7.8961549193623534e-08 9.0101188265356855e-07 2.5930492615344746e-07 2.6477140044558449e-07 -3.1505020758881844e-09 2.2362750828897052e-08 -9.3367279454755856e-10 -0.016331500844349318 8.2568566320861083e-05 -3.1505020758881844e-09 -8.4859050188013107e-06 2.3233627144204887e-05 -2.9302573930915442e-05 0.0065342303507206325 0.001312330369525044 0.0019091421481116908 0.0076356007160030956 0.00033612947714471925 0.0040470499257910528 -0.0017060708718625115 -0.0037460659847469123 -0.0057455883951721748 -2.9095636924691972e-05 -0.013657139791399578 -0.0059599948584018441 -0.0018426848670637765 -0.0044951489957906921 0.0073340168497666005 0.0039579127214546088
leaf_weight=389 136851 22 894 56 41 56 2205 28 38 2420 30 102 27 40 2993 3727 82 22 12951 2298 524 261 43 45 21 387 1074 214 1689 404
leaf_count=389 136851 22 894 56 41 56 2205 28 38 2420 30 102 27 40 2993 3727 82 22 12951 2298 524 261 43 45 21 387 1074 214 1689 404
internal_value=0.000134288 0.00215375 -0.00169895 -0.0190741 0.000914578 -0.0317925 0.00392433 -0.0372619 8.64164e-05 0.000984849 0.00261905 -0.000295315 -0.00937908 -0.0120635 0.00218842 3.34592e-05 0.000433997 -0.00259804 0.000497436 0.00112155 0.000495178 -0.00435583 -0.0111538 -0.0179412 0.00039315 0.00122468 -0.00025186 -0.00308511 0.00163306 -0.000246523
internal_weight=169934 3935 1239 162 1077 106 2696 84 165999 9240 924 491 153 126 3031 156759 19908 408 19500 6549 4251 326 65 85 6209 2715 3494 235 2480 791
internal_count=169934 3935 1239 162 1077 106 2696 84 165999 9240 924 491 153 126 3031 156759 19908 408 19500 6549 4251 326 65 85 6209 2715 3494 235 2480 791
cat_boundaries=0 1
cat_threshold=39977
is_linear=0
shrinkage=0.05


Tree=200
num_leaves=31
num_cat=3
split_feature=20 15 10 18 20 1 22 3 19 0 21 20 20 22 14 14 22 21 16 14 10 20 4 3 13 21 20 0 3 3
split_gain=17.1222 3.64587 2.76476 3.10875 18.4411 16.504 6.67252 3.47036 3.10388 3.93814 3.03059 2.81319 2.84384 2.70941 2.50557 2.20458 2.24248 2.30628 2.83771 2.8721 2.05685 2.00449 1.95262 4.60346 2.35332 2.2223 2.51048 2.09424 2.37833 6.56112
threshold=1.0000000180025095e-35 1.0000000180025095e-35 4.143927747969351 1.0000000180025095e-35 0.090583452377197296 0 7.0673546923782942 5.5000000000000009 3.8698607358621975 1 6.6220709878569881 0.11507317529480547 0.17475510040947487 7.2923795871333494 4.3047403127531068 3.851210301366216 6.9087370695597974 7.1312986703816295 0.16835432359333521 4.0951772018816319 3.714790094103249 0.11018371921388019 2.5000000000000004 1.5000000000000002 2.8931418480839728 7.4404391602237441 0.35576958556714727 2 2.5000000000000004 3.5000000000000004
decision_type=8 10 8 8 10 1 10 2 10 1 8 10 10 10 8 8 8 8 8 10 10 10 2 2 10 10 10 1 2 2
left_child=1 -1 3 4 5 -2 -7 21 20 14 -11 -9 13 -13 22 -12 -17 -18 19 -19 -5 -6 23 25 -25 26 -10 -24 -29 -30
right_child=2 -3 -4 8 7 6 -8 11 9 10 15 12 -14 -15 -16 16 17 18 -20 -21 -22 -23 27 24 -26 -27 -28 28 29 -31
leaf_value=2.6334938203032271e-06 2.4633967984355468e-07 2.1244613285231752e-08 0.00012067142492288392 -5.6790638873480403e-06 -2.6172071299464266e-07 -4.6286880303295647e-10 -2.9929769718162195e-09 7.720186235571358e-07 -0.016728345158428994 -0.00033413812275332545 0.00043363265546819078 -3.0293221526416314e-05 1.8685128330718803e-06 -2.784675746161598e-05 0.0011252399967161448 -0.0046191552423557733 -0.00093533480289589009 -0.0063817914754371935 -0.0037864419475300984 -0.0082664459261829002 0.0020073783335799859 0.00011374466823779739 1.1898557966223621e-06 -0.0044225899046538772 -0.00021920298590118997 0.002002722301087861 -0.010681766575321248 0.0027086372479647501 -0.01274440213987655 -0.0027627566482729443
leaf_weight=716 56 2147 103865 49794 111 21 101 28 93 694 187 21 22 20 2755 346 288 78 274 48 3816 408 2417 31 423 36 60 206 172 512
leaf_count=716 56 2147 103865 49794 111 21 101 28 93 694 187 21 22 20 2755 346 288 78 274 48 3816 408 2417 31 423 36 60 206 172 512
internal_value=0.000135673 0.00396961 6.98995e-05 -0.000191374 -0.00331218 -0.0174719 -0.0277869 0.000819672 -0.000151856 -0.00103248 -0.00302597 -0.00818681 -0.0140476 -0.0218293 -0.00045793 -0.00454136 -0.00544487 -0.0037936 -0.00625 -0.0124603 -1.02591e-05 0.00239884 -0.00126582 -0.00378694 -0.00105727 -0.0103439 -0.0129739 -0.000775627 -0.00283333 -0.00428363
internal_weight=169746 2863 166883 63018 788 178 122 610 62230 8620 1915 91 63 41 6705 1221 1034 688 400 126 53610 519 3950 643 454 189 153 3307 890 684
internal_count=169746 2863 166883 63018 788 178 122 610 62230 8620 1915 91 63 41 6705 1221 1034 688 400 126 53610 519 3950 643 454 189 153 3307 890 684
cat_boundaries=0 1 2 3
cat_threshold=2 49261 32780
is_linear=0
shrinkage=0.05


Tree=201
num_leaves=31
num_cat=0
split_feature=18 8 4 5 10 22 11 2 22 22 4 22 10 3 22 14 3 16 12 15 10 2 10 2 12 15 3 15 13 14
split_gain=4.79827 3.10465 5.47354 7.74908 3.92803 3.44859 2.67914 4.06034 2.29518 5.42866 2.36247 5.68363 2.21288 2.0211 1.81495 1.79754 1.75759 3.83302 1.6044 1.47356 2.56761 2.43405 2.26158 2.23386 1.77471 1.7375 1.64764 1.52381 1.50857 1.4687
threshold=1.0000000180025095e-35 6.5000000000000009 3.5000000000000004 1.0000000180025095e-35 0.61482027553725704 7.0755989373815504 6.8588275708961115 1.5000000000000002 7.0909115107046174 7.1461273898228894 1.5000000000000002 7.3034007674684789 7.2085263132358071 3.5000000000000004 6.8204393033548554 7.2272266316953102 1.0000000180025095e-35 0.067381267689184884 7.490222232303748 6.9998118932739954 7.2607333758629453 1.5000000000000002 6.6734875651914018 2.5000000000000004 7.4274414869707561 6.7576688628705641 4.5000000000000009 6.8728788402566545 7.3478794275017441 6.7627873070591047
decision_type=10 2 2 2 10 10 10 2 10 10 2 10 8 2 10 8 2 10 10 10 8 2 10 2 10 10 2 10 8 8
left_child=1 4 3 8 -1 -4 19 12 -3 -10 -11 -12 18 14 -9 -15 17 -16 -8 22 21 26 25 -22 -24 -2 -21 -26 -25 -27
right_child=6 2 5 -5 -6 -7 7 13 9 10 11 -13 -14 15 16 -17 -18 -19 -20 20 23 -23 24 28 27 29 -28 -29 -30 -31
leaf_value=2.0182382620692609e-08 1.4261998924424066e-07 7.3140495215895391e-09 -1.073752560628503e-06 -2.8433281229478528e-09 2.0182382620692609e-08 2.0182382620692609e-08 0.001432947049724656 0.0015068636235505742 -2.2752313366680712e-10 2.0182382620692609e-08 -2.8433281229478528e-09 2.0182382620692609e-08 0.0071129903476953946 0.00012593365777028478 -0.018566800961824503 0.0050710160662113309 -0.0022260772655858505 0.0033811348635494898 -0.006599742757465072 -0.0064806165738904437 0.0026380096088063042 -0.0015739911404358592 0.0016427991266002116 -0.0038015264161204189 0.00044030955826238896 -0.0033567606402214577 0.0028144972764529816 -0.0096975990365094945 0.00097050451260823664 -0.00094461477232162222
leaf_weight=6610 134692 69 20 21 2959 203 2181 1431 21 36 23 24 2142 1862 22 1428 3025 1145 82 439 1509 1031 6167 505 21 372 66 21 314 1228
leaf_count=6610 134692 69 20 21 2959 203 2181 1431 21 36 23 24 2142 1862 22 1428 3025 1145 82 439 1509 1031 6167 505 21 372 66 21 314 1228
internal_value=0.000126393 0.00118967 -0.00303357 -0.00917526 0.00137371 0.00230942 5.99001e-05 0.00073885 -0.00569364 -0.0103846 -0.00463855 -0.0120213 0.0019807 0.000125098 -0.000450827 0.00110942 -0.000975668 0.000672665 0.000890411 -1.87868e-06 -0.000965321 -0.00255208 2.42456e-05 8.16153e-05 0.000957481 -1.82694e-05 -0.00539604 -0.00928571 -0.00202076 -0.00165625
internal_weight=169669 9986 417 194 9569 223 159683 13318 173 104 83 47 4405 8913 5623 3290 4192 1167 2263 146365 3864 1536 142501 2328 6209 136292 505 42 819 1600
internal_count=169669 9986 417 194 9569 223 159683 13318 173 104 83 47 4405 8913 5623 3290 4192 1167 2263 146365 3864 1536 142501 2328 6209 136292 505 42 819 1600
is_linear=0
shrinkage=0.05


Tree=202
num_leaves=31
num_cat=4
split_feature=20 18 20 0 7 3 22 20 22 8 8 10 14 22 3 3 1 22 11 13 11 14 20 0 16 1 20 22 21 18
split_gain=18.1446 4.01531 28.1144 10.1941 11.2887 7.97967 7.51416 3.74214 3.41375 3.35212 3.13095 2.40058 2.32773 2.24817 1.95942 1.95318 2.26703 2.53613 1.78866 1.74382 1.58065 2.40143 1.38376 4.27729 2.4906 2.73654 3.47964 3.1243 2.91906 2.91212
threshold=1.0000000180025095e-35 1.0000000180025095e-35 0.11018371921388019 0 1.0000000180025095e-35 5.5000000000000009 7.1188247266327584 0.17475510040947487 7.1606007778004246 4.5000000000000009 2.5000000000000004 7.2085263132358071 0.66750053336617021 7.2987096258434283 4.5000000000000009 5.5000000000000009 1 7.4986288929697986 6.7582686901114295 3.5567745959806172 5.7458835996056559 6.5454933178558798 0.10486342005433268 2 1.0000000180025095e-35 3 0.095191922360928216 7.1796066341471514 1.0000000180025095e-35 0.12037132463689779
decision_type=8 8 10 1 8 2 10 10 10 2 2 10 10 10 2 2 1 8 10 10 10 8 10 1 10 1 10 8 10 8
left_child=10 2 3 4 -2 -4 12 13 -8 -10 15 22 -5 -7 -6 -1 -17 -18 19 -13 -21 -22 23 24 25 27 28 -3 -27 -28
right_child=1 11 5 6 14 7 8 -9 9 -11 -12 18 -14 -15 -16 16 17 -19 -20 20 21 -23 -24 -25 -26 26 29 -29 -30 -31
leaf_value=3.5195961206879733e-06 2.3591770239595173e-07 -0.00024889957055998426 0.00010944933729488838 1.1907219934612336e-09 -5.213821369031828e-06 -2.8779569899672897e-05 -6.035433595613649e-06 2.2421519641563768e-06 -5.6983138569218518e-06 -4.8752091621365886e-06 1.9173263487992645e-08 0.0044871459468983164 -6.0363466194368614e-06 -3.5734459434251392e-05 -5.7832038400014632e-06 1.5230745582583972e-05 -1.6706928915721564e-05 -1.082616161195256e-06 0.0042278523921938328 -0.00030526509949371241 -0.012632697587926331 -0.0010791949731620311 4.3052746418630299e-06 0.0045234617582369891 2.4257661725937326e-05 -0.0046249729016918841 -0.00025227119687160326 0.00046157094807367915 5.2237917929604165e-06 -0.00027494903371869101
leaf_weight=577 149 52 727 27 49 36 67 43 32 39 2180 615 38 31 20 49 34 44 2620 1995 20 50 154345 1832 2314 810 20 547 406 24
leaf_count=577 149 52 727 27 49 36 67 43 32 39 2180 615 38 31 20 49 34 44 2620 1995 20 50 154345 1832 2314 810 20 547 406 24
internal_value=0.000131691 6.37479e-05 -0.0027504 -0.0132898 -0.00486842 0.00255078 -0.0210563 -0.01 -0.0286957 -0.0210563 0.0040638 8.51194e-05 -0.00807692 -0.0173881 -0.0218116 0.00116477 -0.00444882 -0.00974359 0.00113208 0.000223881 -0.000472155 -0.00785714 5.05147e-05 0.000795171 -9.2039e-05 -0.00145508 -0.00277778 0.00132721 -0.00227796 -0.0165909
internal_weight=169792 166908 1258 421 218 837 203 110 138 71 2884 165650 65 67 69 704 127 78 5300 2680 2065 70 160350 6005 4173 1859 1260 599 1216 44
internal_count=169792 166908 1258 421 218 837 203 110 138 71 2884 165650 65 67 69 704 127 78 5300 2680 2065 70 160350 6005 4173 1859 1260 599 1216 44
cat_boundaries=0 1 2 3 4
cat_threshold=2 4 854 1
is_linear=0
shrinkage=0.05


Tree=203
num_leaves=31
num_cat=2
split_feature=20 8 19 3 1 22 12 3 10 16 3 16 3 19 22 18 3 20 20 20 10 9 4 16 15 19 21 22 15 1
split_gain=16.4482 4.37799 2.83843 1.80108 2.65257 1.9324 1.59904 2.96428 2.91948 1.99521 1.56723 3.30597 14.1713 10.6143 6.56349 4.21282 3.824 4.29809 3.02067 2.717 7.00147 2.64283 3.29832 3.03448 2.6312 3.19288 2.59513 3.66977 2.69048 2.49395
threshold=1.0000000180025095e-35 2.5000000000000004 7.2671789435822811 5.5000000000000009 0 7.4986288929697986 5.2100323025407267 5.5000000000000009 2.998226044309511 0.13820552491184263 3.5000000000000004 1.0000000180025095e-35 5.5000000000000009 0.84542140545931754 7.2923795871333494 0.12225232992506101 4.5000000000000009 2.2104301787485565 0.11018371921388019 0.11018371921388019 0.50031594015395309 1.0000000180025095e-35 9.5000000000000018 0.31358794036555349 4.9231793467426845 1.7639674188252872 7.011664640828374 7.3466872074381433 1.5216117614970992 1
decision_type=8 2 8 2 1 8 10 2 8 10 2 8 2 10 10 10 2 10 10 10 10 2 2 10 8 10 10 10 10 1
left_child=1 3 6 -1 -5 -6 10 9 -9 -8 -2 12 19 14 18 -16 17 24 -14 20 -12 -18 -23 -24 25 -13 28 -28 -27 -26
right_child=2 -3 -4 4 5 -7 7 8 -10 -11 11 16 13 -15 15 -17 21 -19 -20 -21 -22 22 23 -25 29 26 27 -29 -30 -31
leaf_value=3.3436163146549625e-06 5.1091275738012837e-06 1.8214600311372567e-08 0.0012978489637510632 1.4469208303452552e-05 -1.7085843798309019e-05 -2.0407788345231264e-06 0.0014161468983591144 -0.010280876578320284 0.0030473304518137127 -4.7097797920581265e-05 -0.0016825575690294723 2.925245746744783e-06 2.9861010353625398e-08 1.9621562961934645e-05 -3.4782238985037746e-05 -2.0204261860831198e-05 3.6460632242201579e-05 -0.021843879094938415 -3.5233629209923191e-05 7.2774861745740146e-05 1.2463931787090498e-07 -0.0011155591207421102 0.0021872314258795269 -0.011162370687474553 -0.0026325933791715682 -0.0127631173421734 -0.0049431620312163724 -0.0012962878120385761 -0.0013475762678675084 0.0004314713949370967
leaf_weight=573 73507 2171 5774 52 35 46 5426 20 4325 24365 34 4432 69 131 91 50 27859 34 121 573 136 4106 1365 27 1168 21 1741 1880 6281 3010
leaf_count=573 73507 2171 5774 52 35 46 5426 20 4325 24365 34 4432 69 131 91 50 27859 34 121 573 136 4106 1365 27 1168 21 1741 1880 6281 3010
internal_value=0.000139385 0.00388773 7.46342e-05 0.000467422 -0.00477444 -0.0104321 3.55163e-05 0.000339231 0.00155926 0.000161291 -4.63531e-05 -0.000253251 -0.00284232 -0.00971861 -0.0144864 -0.0226596 -0.000193167 -0.000768298 -0.00842105 0.00143338 -0.00411765 0.00012696 -0.000874863 0.00122845 -0.000735714 -0.00105712 -0.00155548 -0.0026222 -0.000942558 0.000368598
internal_weight=169423 2877 166546 706 133 81 160772 34136 4345 29791 126636 53129 1205 462 331 141 51924 18567 190 743 170 33357 5498 1392 18533 14355 9923 3621 6302 4178
internal_count=169423 2877 166546 706 133 81 160772 34136 4345 29791 126636 53129 1205 462 331 141 51924 18567 190 743 170 33357 5498 1392 18533 14355 9923 3621 6302 4178
cat_boundaries=0 1 2
cat_threshold=4 4
is_linear=0
shrinkage=0.05


Tree=204
num_leaves=31
num_cat=1
split_feature=20 8 17 0 19 19 16 10 20 8 3 18 22 22 3 3 17 3 20 16 10 18 18 20 18 2 11 12 10 10
split_gain=17.1593 3.63404 2.89048 2.11914 1.78831 1.74884 4.41949 5.2567 5.17809 4.93736 2.60033 3.92008 2.45018 3.89208 3.76151 3.38909 2.31178 14.7269 9.9888 6.2138 3.27009 2.49333 2.12129 2.30546 1.9618 1.72146 3.56004 3.13717 3.79029 2.43027
threshold=1.0000000180025095e-35 2.5000000000000004 7.3261884265883834 0 3.4921314137544504 0.73026094190808244 1.0000000180025095e-35 0.37096867236468872 0.11507317529480547 3.5000000000000004 3.5000000000000004 1.0000000180025095e-35 7.1421567650042048 7.2865519108896457 5.5000000000000009 3.5000000000000004 0.78025122936348168 5.5000000000000009 0.18583144032822482 0.067381267689184884 0.71754226264466137 0.1732905854204623 0.1723972045862637 0.16998454516444247 0.16401871207210109 1.5000000000000002 6.8733708306965351 7.050555983668553 7.3306672663577395 4.0613043372021433
decision_type=8 2 8 1 8 10 8 10 10 2 2 10 10 10 2 2 10 2 10 8 10 10 10 10 10 2 10 10 8 10
left_child=1 -1 5 -4 -5 6 7 8 9 -2 11 -11 -9 15 -15 -14 17 20 19 -19 21 -7 23 -21 -22 26 27 -18 -29 -27
right_child=2 -3 3 4 -6 16 -8 12 -10 10 -12 -13 13 14 -16 -17 25 18 -20 22 24 -23 -24 -25 -26 29 -28 28 -30 -31
leaf_value=2.3865473604043013e-06 -1.5980702157466898e-05 1.7303870297746827e-08 -0.00063649623283314704 -0.0015985565633052389 0.0049659076444415135 0.00012650148927519368 -1.4168844887978262e-05 4.525086486694641e-08 0.00014261351436444607 -6.0135151970477041e-06 -2.1346959993207075e-06 -1.273774340477976e-05 -8.0131194039788403e-06 6.3646117923794432e-07 -1.4303970741058604e-05 -3.3669473403219466e-07 4.7776700304621548e-05 -3.5487562468257606e-05 6.8223341833667304e-06 -4.160562643460599e-05 -7.0696220805748159e-05 0.00051178137203368934 0.00011827406948435346 -4.606089405297805e-05 3.9707642302765721e-05 -4.4769465216086402e-05 0.0028378756972782708 -0.0049606103995543036 0.0020030204014547721 0.00038930751752461006
leaf_weight=701 41 2187 750 1108 6543 1970 5440 308 61 39 48 34 71 177 33 46 44591 108 279 132 226 543 38 27 381 61743 3786 706 534 37182
leaf_count=701 41 2187 750 1108 6543 1970 5440 308 61 39 48 34 71 177 33 46 44591 108 279 132 226 543 38 27 381 61743 3786 706 534 37182
internal_value=0.000174672 0.00399584 0.000108569 0.00101238 0.00126028 6.06773e-05 -0.000755795 -0.00409091 -0.0106951 -0.0153704 -0.0102893 -0.0162329 -0.00177165 -0.00478593 -0.000714286 -0.012094 9.44526e-05 0.00132829 -0.0059589 -0.0122131 0.00269231 0.00348786 -0.00692893 -0.00946541 -0.000601318 6.36859e-05 0.000304029 0.0001823 -0.00229839 -5.68611e-05
internal_weight=169833 2888 166945 8401 7651 158544 6298 858 223 162 121 73 635 327 210 117 152246 3704 584 305 3120 2513 197 159 607 148542 49617 45831 1240 98925
internal_count=169833 2888 166945 8401 7651 158544 6298 858 223 162 121 73 635 327 210 117 152246 3704 584 305 3120 2513 197 159 607 148542 49617 45831 1240 98925
cat_boundaries=0 1
cat_threshold=22
is_linear=0
shrinkage=0.05


Tree=205
num_leaves=31
num_cat=4
split_feature=20 8 10 2 13 1 22 20 16 10 17 17 20 22 3 4 20 20 3 16 16 0 5 22 6 6 0 16 0 17
split_gain=18.5954 2.72048 2.03363 2.0332 1.73515 2.16594 1.55705 2.62018 4.09793 7.69766 4.40313 3.76084 3.61278 3.28696 3.00022 2.9817 2.77207 2.4033 1.89128 14.9181 2.78887 2.12655 1.85019 1.81513 1.5817 1.48309 2.00702 1.80334 1.94804 2.28411
threshold=1.0000000180025095e-35 2.5000000000000004 7.2250810478489376 2.5000000000000004 7.5074155787737569 0 7.1059539145576744 0.11930605769199516 1.0000000180025095e-35 0.66750053336617021 0.69320203597847485 0.72623301608908808 0.10486342005433268 7.131700399793897 1.5000000000000002 7.5000000000000009 0.18898866152091731 0.095191922360928216 5.5000000000000009 1.0000000180025095e-35 1.0000000180025095e-35 1 1.0000000180025095e-35 7.3135382136129818 1.0000000180025095e-35 1.0000000180025095e-35 2 0.035192629130292162 3 7.0250339220495865
decision_type=8 2 10 2 8 1 10 8 8 10 10 10 10 10 2 2 10 10 2 8 8 1 2 10 2 2 1 8 1 8
left_child=1 -1 6 4 5 -4 -2 8 9 11 22 12 15 -12 -15 -8 18 -16 20 23 -9 -21 -11 -20 -25 26 -18 -27 -29 -30
right_child=2 -3 3 -5 -6 -7 7 16 -10 10 13 -13 -14 14 17 -17 25 -19 19 21 -22 -23 -24 24 -26 27 -28 28 29 -31
leaf_value=3.0277965973482096e-06 3.3050057099997836e-05 1.6438676780916595e-08 -0.0064227755385748838 -0.0002354248116042164 0.0083464089284550451 0.0021619711822170344 -5.6883316932099252e-06 8.1384950218223176e-05 -3.1319929391291773e-05 4.3974284819059411e-08 5.1858958911963653e-06 -1.4715203264708454e-05 -9.1774699025201461e-06 -3.5400988700419519e-07 -1.3665232840144122e-05 -5.7158644026129698e-06 0.0028740626030045032 -1.0737176991204003e-05 -2.4642338685071002e-05 -4.3159867718012661e-05 8.6045995641313285e-05 0.0017871843018377629 -3.012198382456289e-07 -3.7192587713289709e-05 -3.0990880842634089e-05 0.00019307140692350068 -0.00015769103522584061 0.00057550068688322776 -0.00014440984458501569 -0.0049850785348354194
leaf_weight=698 95106 2205 54 1716 1123 1966 23 528 2364 238 28 35 25 27 35 47 1309 30 28 447 7902 844 24 36 32 264 31327 12505 8694 111
leaf_count=698 95106 2205 54 1716 1123 1966 23 528 2364 238 28 35 25 27 35 47 1309 30 28 447 7902 844 24 36 32 264 31327 12505 8694 111
internal_value=0.000171437 0.00413882 0.000102416 0.00111031 0.00186605 0.000990099 7.21875e-05 -0.000112626 -0.00158901 -0.00564453 -0.00206806 -0.0161538 -0.0213158 -0.01 -0.0145652 -0.0271429 -4.63084e-05 -0.0203846 0.000726801 -0.000984138 0.0010083 0.000429899 0.00156489 -0.02 -0.0244118 -0.000186312 -0.000398946 0.000135348 8.44676e-05 -0.000484969
internal_weight=169771 2903 166868 4859 3143 2020 162009 66903 2876 512 382 130 95 120 92 70 64027 65 9817 1387 8430 1291 262 96 68 54210 32636 21574 21310 8805
internal_count=169771 2903 166868 4859 3143 2020 162009 66903 2876 512 382 130 95 120 92 70 64027 65 9817 1387 8430 1291 262 96 68 54210 32636 21574 21310 8805
cat_boundaries=0 1 2 3 4
cat_threshold=2 4762 43008 19372
is_linear=0
shrinkage=0.05


Tree=206
num_leaves=31
num_cat=1
split_feature=20 18 20 22 10 3 20 10 8 22 10 6 20 22 14 14 4 9 1 9 4 3 3 17 17 17 15 18 3 4
split_gain=17.924 4.59559 24.6679 23.9232 11.6313 9.07645 6.30732 6.20087 3.28963 2.6447 2.42449 2.37089 1.9083 1.87971 1.85204 1.56162 1.34669 5.29943 3.04247 2.79785 4.23129 3.53976 2.71208 3.57035 2.61962 2.68609 2.81142 2.45598 3.80462 2.23133
threshold=1.0000000180025095e-35 1.0000000180025095e-35 0.11018371921388019 7.1059539145576744 0.66750053336617021 5.5000000000000009 0.18482814981710352 0.66750053336617021 2.5000000000000004 7.2923795871333494 7.2085263132358071 1.0000000180025095e-35 0.10486342005433268 6.9343309551965566 0.66750053336617021 7.3274519153404629 8.5000000000000018 1.0000000180025095e-35 0 1.0000000180025095e-35 3.5000000000000004 1.0000000180025095e-35 4.5000000000000009 2.3902997945923645 6.2914651145577141 5.3165281057195521 5.1342412182172863 0.14335356373891003 1.5000000000000002 6.5000000000000009
decision_type=8 8 10 8 10 2 10 10 2 10 10 2 10 10 10 10 2 2 1 2 2 2 2 8 8 10 8 8 2 2
left_child=8 2 3 7 11 -4 9 -2 -1 -7 16 14 -6 -9 -5 -12 19 24 -19 22 21 -21 -3 -24 25 -18 -27 28 -20 -22
right_child=1 10 5 4 12 6 -8 13 -10 -11 15 -13 -14 -15 -16 -17 17 18 27 20 29 -23 23 -25 -26 26 -28 -29 -30 -31
leaf_value=2.2050300652078769e-06 -7.3418127623015032e-06 -1.5210170993181831e-05 9.1312418197745716e-05 -8.9122511505136067e-07 4.1413632595466158e-08 -2.5047725346667352e-05 1.1069334664415204e-05 -2.0654471005632226e-06 1.5616742943258544e-08 -2.7110760234394019e-05 0.0012072612582630163 -5.44079613175132e-06 -3.0479900541835473e-07 -1.6403023102490803e-06 -5.4039151085483185e-06 0.0056774499518630582 -2.89143582134953e-06 0.0031789208883124653 0.0023937405313820418 0.0044992014927611032 -0.0015483967722197175 -7.3181280276497638e-05 -1.1842377460266833e-05 0.0017834929410858174 0.0010073480842360363 -0.0073605281358698335 -0.0022243724178665852 0.00090261050727565505 -0.0048017130211143091 -0.00028099004565767665
leaf_weight=698 39 68873 694 21 191 35 44 29 2199 34 4146 37 28 59 28 1015 29212 4032 184 923 6023 4955 7938 16186 11764 26 2549 3436 342 3974
leaf_count=698 39 68873 694 21 191 35 44 29 2199 34 4146 37 28 59 28 1015 29212 4032 184 923 6023 4955 7938 16186 11764 26 2549 3436 342 3974
internal_value=0.000151549 8.38346e-05 -0.00294996 -0.0125926 -0.005 0.0022119 -0.0109292 -0.0308268 0.00405074 -0.0203623 0.000106536 -0.0205814 0.00111872 -0.0381818 -0.0133673 0.00117322 7.22182e-05 0.000282763 0.0014661 -2.74633e-05 -0.000640945 0.000423614 7.72607e-05 0.000533494 6.55555e-05 -0.000170352 -0.00171845 0.00048208 -0.00269962 -0.00126688
internal_weight=169714 166817 1239 432 305 807 113 127 2897 69 165578 86 219 88 49 5161 160417 51545 7994 108872 15875 5878 92997 24124 43551 31787 2575 3962 526 9997
internal_count=169714 166817 1239 432 305 807 113 127 2897 69 165578 86 219 88 49 5161 160417 51545 7994 108872 15875 5878 92997 24124 43551 31787 2575 3962 526 9997
cat_boundaries=0 1
cat_threshold=2
is_linear=0
shrinkage=0.05


Tree=207
num_leaves=31
num_cat=3
split_feature=20 18 20 22 3 20 22 8 8 1 22 4 21 19 8 13 22 19 1 21 3 1 18 12 18 18 20 22 4 3
split_gain=17.5973 4.58948 25.4237 21.3323 8.10163 4.73743 4.56982 3.42917 3.24017 3.35882 2.46499 2.36463 2.28584 2.28529 1.98529 1.75595 1.72189 1.71645 1.66475 3.21105 1.62128 1.77042 1.57865 1.53245 2.26279 2.21674 2.21949 2.27897 1.4663 1.44895
threshold=1.0000000180025095e-35 1.0000000180025095e-35 0.11018371921388019 7.1059539145576744 5.5000000000000009 0.18482814981710352 6.9343309551965566 2.5000000000000004 6.5000000000000009 0 7.2923795871333494 9.5000000000000018 6.8580395486683789 7.2671789435822811 5.5000000000000009 0.71754226264466137 7.0536252452718644 1.067399824890072 1 8.1622300485615504 4.5000000000000009 2 0.21905221510880835 7.490222232303748 0.2226910344788515 0.26542321226030369 0.22387961353182378 6.9686724462689398 9.5000000000000018 2.5000000000000004
decision_type=8 8 10 8 2 10 10 2 2 1 10 2 8 8 2 8 10 10 1 8 2 1 10 10 10 10 10 8 2 2
left_child=7 2 3 6 17 10 12 20 9 11 -6 -5 -2 23 -11 -15 -8 -4 22 -20 -1 -22 -17 -3 -25 26 -26 -28 -21 -24
right_child=1 13 4 8 5 -7 16 -9 -10 14 -12 -13 -14 15 -16 18 -18 -19 19 28 21 -23 29 24 25 -27 27 -29 -30 -31
leaf_value=2.7954667977725393e-06 -1.9621747455345064e-06 7.5298871415584153e-06 8.7368559578787652e-05 -5.1316657619766113e-06 -2.4204648408449048e-05 7.1509462498173639e-06 -6.9560716125607944e-06 1.4835905798316063e-08 3.9704888948888243e-08 -4.3827554981503144e-06 -2.6346536313677819e-05 -4.2269931026907131e-06 -3.9963401960270084e-06 -0.0071651199652666784 3.0794771101112748e-07 0.0033219674431585696 -5.6865465403121989e-06 -0.00031021110709930161 0.0016573094427271146 -0.0046924169044631949 7.1224530978011377e-06 -1.0143901192260259e-05 -0.0035294737125078773 0.0035628350549593447 0.0017132125919947308 -0.0031283517057660646 -0.0096131952241050918 -0.0056051109720958066 0.0031584649802173779 0.0039500430895734011
leaf_weight=505 28 159136 651 58 35 43 35 2153 68 108 33 21 23 32 45 2425 48 53 927 913 94 113 565 162 31 486 65 62 321 571
leaf_count=505 28 159136 651 58 35 43 35 2153 68 108 33 21 23 32 45 2425 48 53 927 913 94 113 565 162 31 486 65 62 321 571
internal_value=0.00011984 5.31614e-05 -0.00296637 -0.0127419 0.00223926 -0.0103153 -0.0293284 0.00400524 -0.00533333 -0.00814655 -0.0185294 -0.016519 -0.017549 7.59224e-05 -0.00382353 0.00105492 -0.0365663 0.00421875 0.00112024 2.54514e-05 0.000997191 -0.00272947 0.00178461 4.07024e-05 -0.00213399 -0.00346273 -0.00860759 -0.0115354 -0.00164506 0.000246479
internal_weight=169810 166945 1249 434 815 111 134 2865 300 232 68 79 51 165696 153 5754 83 704 5722 2161 712 207 3561 159942 806 644 158 127 1234 1136
internal_count=169810 166945 1249 434 815 111 134 2865 300 232 68 79 51 165696 153 5754 83 704 5722 2161 712 207 3561 159942 806 644 158 127 1234 1136
cat_boundaries=0 1 2 3
cat_threshold=4 1 4
is_linear=0
shrinkage=0.05


Tree=208
num_leaves=31
num_cat=0
split_feature=20 15 19 18 22 10 19 20 10 15 3 22 18 3 20 11 3 14 20 3 16 15 20 4 3 21 20 11 22 15
split_gain=18.0046 3.3383 2.80632 13.5532 28.111 8.64034 4.99168 4.71586 3.47273 2.8744 3.19091 2.36742 2.22847 3.17545 2.84637 1.97937 2.96639 1.90879 1.72311 1.61495 3.81541 2.27632 1.97715 1.5876 1.43098 1.64389 1.30893 1.26136 1.75673 1.27941
threshold=1.0000000180025095e-35 1.0000000180025095e-35 0.73026094190808244 1.0000000180025095e-35 7.1059539145576744 0.66750053336617021 0.72022334535698973 0.10486342005433268 0.66750053336617021 0.67772355602398038 3.5000000000000004 6.814508817448016 1.0000000180025095e-35 5.5000000000000009 0.18482814981710352 6.8588275708961115 3.5000000000000004 7.2445845309701786 0.15642628367119846 1.0000000180025095e-35 0.067381267689184884 7.5991337065958158 0.32741830274863531 11.500000000000002 5.5000000000000009 7.0913259685875696 0.10486342005433268 0.66750053336617021 6.6144204352177107 0.86695541705920476
decision_type=8 10 8 8 8 10 10 10 10 10 2 10 8 2 10 10 2 8 10 2 8 8 10 2 2 8 8 8 10 10
left_child=1 24 3 4 7 6 9 8 -2 -6 -11 -10 13 -4 18 26 19 -18 -15 20 -17 23 -22 -21 -1 -26 -14 28 -28 -29
right_child=2 -3 12 -5 5 -7 -8 -9 11 10 -12 -13 15 14 -16 16 17 -19 -20 21 22 -23 -24 -25 25 -27 27 29 -30 -31
leaf_value=2.6556934578814141e-06 -6.6082680319304374e-06 1.409411050645737e-08 7.8568499874495648e-05 -7.0593673169083176e-06 -0.0026039830432207762 8.714503089374702e-08 9.8850066841360846e-06 -1.4425657589047932e-05 -1.436423308293117e-06 -4.9684345886368691e-06 -1.568836331211281e-06 -1.2582113773883457e-06 0.00081576301345565429 -7.7589175967161827e-06 1.1616933654177603e-05 -0.024920033502080125 0.0010995881360489766 0.0054905135762330099 -2.6712539240739468e-05 -0.0012561654825818135 0.0048785331017734378 0.014840420150524065 -0.0025123443106494195 0.0031157226556945412 -1.6956076430584147e-05 -9.0824736279637721e-07 -0.0054935741779856247 2.2697661769415623e-05 -0.0014329966534650553 -1.8500388584675321e-05
leaf_weight=594 35 2161 598 5849 22 309 46 20 22 33 32 66 1967 26 43 39 2804 2144 25 5417 1691 409 412 583 21 113 46 22428 983 120920
leaf_count=594 35 2161 598 5849 22 309 46 20 22 33 32 66 1967 26 43 39 2804 2144 25 5417 1691 409 412 583 21 113 46 22428 983 120920
internal_value=0.000100025 0.0040135 3.23116e-05 -0.000991607 -0.00824786 -0.00201357 -0.0126692 -0.0275175 -0.0311789 -0.0197126 -0.025 -0.0364773 7.33487e-05 0.00290462 -0.0056383 6.10914e-05 0.000640418 0.00161479 -0.0136275 7.65994e-05 0.00126517 -0.000320643 0.00155254 -0.000566666 0.00108516 -0.00358209 7.65339e-06 -9.80054e-06 -0.00175413 2.72084e-06
internal_weight=169858 2889 166969 6434 585 442 133 143 123 87 65 88 160535 692 94 159843 13499 4948 51 8551 2142 6409 2103 6000 728 134 146344 144377 1029 143348
internal_count=169858 2889 166969 6434 585 442 133 143 123 87 65 88 160535 692 94 159843 13499 4948 51 8551 2142 6409 2103 6000 728 134 146344 144377 1029 143348
is_linear=0
shrinkage=0.05


Tree=209
num_leaves=31
num_cat=6
split_feature=18 19 19 22 10 16 22 0 22 3 10 19 3 19 19 3 19 0 1 2 10 19 4 0 18 0 22 15 10 1
split_gain=6.05802 9.87941 23.8965 30.1758 10.6612 5.07722 4.21712 2.47306 1.83946 1.97639 1.78111 2.17412 1.61805 1.57778 1.81334 6.17388 3.24753 2.01647 1.51721 1.46966 1.32351 1.4808 1.32011 2.99419 2.84504 2.80587 2.66836 2.62043 2.41193 2.414
threshold=0.054117271342136224 0.69322269047845697 0.72022334535698973 7.1059539145576744 0.61482027553725704 0.064140309130873915 6.8993866155015784 0 7.5879650409482435 3.5000000000000004 7.3508371991323473 6.7851345832106675 4.5000000000000009 6.3103967620470405 1.0462946736154757 5.5000000000000009 0.80899435430513533 1 2 2.5000000000000004 2.8361459037824157 3.1476070694534433 7.5000000000000009 3 0.14335356373891003 4 8.7462259215500584 3.2036558633965035 0.55920745798214477 5
decision_type=10 8 8 8 10 8 10 1 8 2 10 10 2 10 8 2 10 1 1 2 10 10 2 1 10 1 10 8 8 1
left_child=1 5 3 6 8 -1 -3 -4 9 -5 22 -12 -7 14 15 -9 -17 18 20 -13 21 -16 25 24 27 26 28 -24 -2 -30
right_child=10 2 7 4 -6 12 -8 13 -10 -11 11 19 -14 -15 17 16 -18 -19 -20 -21 -22 -23 23 -25 -26 -27 -28 -29 29 -31
leaf_value=1.3389404979191612e-08 -0.002147076351640193 -1.7922448428409066e-06 0.027214860837827932 -4.6683910720754265e-06 5.0798540557339682e-08 2.5229087849854006e-06 -5.1158810725974043e-06 7.5262455707835331e-05 -9.8240764909718349e-07 -1.5379144391958866e-06 -0.0093564179531890612 0.0051253752645902513 -5.3329146818969143e-06 0.012957561756857569 -0.0050490079543014273 -1.8660516270980611e-05 4.1201895063595446e-05 -0.0012534303864558986 0.0054187566513151523 8.452498702518857e-05 0.0058622655423516933 -0.03668630119236363 -0.0041410510239735842 1.1403985056512527e-05 0.0017958774596434338 -0.00011454503230181429 -0.005807769248381933 0.00019347056334445686 -0.00074210614628593668 5.2098025627063929e-05
leaf_weight=2373 664 43 480 29 195 652 74 854 21 20 122 1824 268 777 161 103 54 2492 1947 1033 44 20 246 54545 7622 56232 143 962 8136 27473
leaf_count=2373 664 43 480 29 195 652 74 854 21 20 122 1824 268 777 161 103 54 2492 1947 1033 44 20 246 54545 7622 56232 143 962 8136 27473
internal_value=0.000156802 0.00131376 0.000289855 -0.0118848 -0.00254717 0.00358791 -0.0330342 0.000960762 -0.0192857 -0.0245918 7.96218e-05 0.0012907 0.000434783 0.000697927 0.000409692 0.00232938 -0.00678344 -6.43206e-06 0.00110449 0.00156983 -0.00277778 -0.00466851 5.64983e-05 0.000232347 0.00108597 -6.37896e-05 0.000278098 -0.00116722 0.000305048 0.000360724
internal_weight=169609 10607 7314 382 265 3293 117 6932 70 49 159002 2979 920 6452 5675 1011 157 4664 2172 2857 225 181 156023 63375 8830 92648 36416 1208 36273 35609
internal_count=169609 10607 7314 382 265 3293 117 6932 70 49 159002 2979 920 6452 5675 1011 157 4664 2172 2857 225 181 156023 63375 8830 92648 36416 1208 36273 35609
cat_boundaries=0 1 2 3 4 5 6
cat_threshold=55297 9512 2 42048 17034 4
is_linear=0
shrinkage=0.05


Tree=210
num_leaves=31
num_cat=2
split_feature=20 8 19 18 22 20 10 19 17 3 18 20 18 10 15 14 1 19 20 5 17 22 14 20 10 14 19 10 1 20
split_gain=18.2729 2.9972 2.54884 13.068 21.5343 7.26014 5.75787 4.07101 2.79524 5.0329 8.39176 8.00861 5.0662 4.43979 2.65584 2.1686 2.11549 2.10414 1.86122 1.84528 1.79501 1.72753 1.59247 1.55636 1.91456 1.92276 1.80362 1.94989 1.49262 1.48726
threshold=1.0000000180025095e-35 2.5000000000000004 0.73026094190808244 1.0000000180025095e-35 7.1059539145576744 0.0998700427573289 0.66750053336617021 0.72022334535698973 0.78025122936348168 5.5000000000000009 0.1732905854204623 0.19304906628790333 0.1723972045862637 0.76519735254682386 0.69331376394879285 0.66750053336617021 0 6.2671538060417911 0.11018371921388019 1.0000000180025095e-35 7.555607333623616 6.764295771966351 0.76519735254682386 0.50710923306503375 5.6702256317153044 1.2946333325561217 4.2657654821088569 2.7113724724615449 1 0.73281182336142991
decision_type=8 2 8 8 8 10 10 10 10 2 8 10 8 10 8 10 1 10 10 2 10 8 8 10 10 8 10 10 1 10
left_child=1 -1 3 4 5 16 7 15 9 12 11 14 13 -4 -11 -6 -2 21 -7 -8 29 -12 -16 26 25 -25 27 28 -14 -10
right_child=2 -3 8 -5 6 18 19 -9 20 10 17 -13 23 -15 22 -17 -18 -19 -20 -21 -22 -23 -24 24 -26 -27 -28 -29 -30 -31
leaf_value=2.367451816552126e-06 -1.6307256622755214e-06 1.2719934727734029e-08 0.00010155906929124677 -5.7223049790290522e-06 -3.4204402407733167e-06 -4.7399191213002007e-06 1.6732842479092406e-07 -2.3486028674199634e-06 -1.4091244984362242e-06 -3.9805184415763533e-05 -0.0068838716690142734 7.6267196421721443e-06 0.00046243913981116794 -3.1757362142110713e-05 -4.951738351296575e-05 -4.4184166288976378e-06 -5.3544594869006357e-06 0.03039534297243798 0.00012559607249510441 -3.8004558039872463e-06 0.012666765148267783 -0.00022078913943191812 -3.9059972313572721e-05 -0.0099701771829617761 -0.070957589443517918 -0.00081495784759962823 0.015451873839973677 0.026380336695033008 -0.00053338319652212237 0.0010161046019153428
leaf_weight=728 30 2164 1962 5843 24 32 259 46 138894 109 20 136 1480 252 96 45 57 210 22 34 604 1168 61 22 29 760 940 268 1892 11600
leaf_count=728 30 2164 1962 5843 24 32 259 46 138894 109 20 136 1480 252 96 45 57 210 22 34 604 1168 61 22 29 760 940 268 1892 11600
internal_value=0.000125952 0.00406639 5.76712e-05 -0.000921464 -0.0082969 -0.0251418 -0.00247549 -0.0119565 9.6665e-05 0.000933015 -0.00144444 -0.00781094 0.00149573 0.00350949 -0.0128571 -0.0196377 -0.0340805 0.000386266 -0.0107407 0.00124573 4.4607e-05 -0.000429293 -0.00869427 0.000668707 -0.00135018 -0.000882353 0.0010262 0.000521978 0.00019573 3.36892e-05
internal_weight=169787 2892 166895 6392 549 141 408 115 160503 9405 1800 402 7605 2214 266 69 87 1398 54 293 151098 1188 157 5391 811 782 4580 3640 3372 150494
internal_count=169787 2892 166895 6392 549 141 408 115 160503 9405 1800 402 7605 2214 266 69 87 1398 54 293 151098 1188 157 5391 811 782 4580 3640 3372 150494
cat_boundaries=0 1 2
cat_threshold=2 1
is_linear=0
shrinkage=0.05


Tree=211
num_leaves=31
num_cat=4
split_feature=20 15 19 18 22 10 20 19 22 18 3 20 10 20 13 20 0 18 5 3 0 22 16 19 19 0 3 0 19 20
split_gain=18.4658 2.55544 2.31218 11.9732 16.251 7.75806 7.21648 5.87398 3.22979 2.35723 4.28539 2.67983 2.09266 1.96432 1.68554 1.65779 1.33735 3.49394 1.30811 1.2606 7.15503 3.64291 7.15819 3.74698 2.90559 2.52751 5.06736 4.68089 7.48355 3.75735
threshold=1.0000000180025095e-35 1.0000000180025095e-35 0.73026094190808244 1.0000000180025095e-35 7.0977079368111395 0.66750053336617021 0.090583452377197296 0.72022334535698973 7.0314346949266175 1.0000000180025095e-35 5.5000000000000009 0.18482814981710352 7.3306672663577395 0.15642628367119846 7.4356444773014614 0.0998700427573289 0 0.14453900129268696 1.0000000180025095e-35 1.0000000180025095e-35 1 8.7462259215500584 0.73113569475392359 4.1033560342151123 6.5243286499461615 2 2.5000000000000004 3 2.7086114360949427 0.73281182336142991
decision_type=8 10 8 8 8 10 10 10 10 8 2 10 10 10 8 10 1 10 2 2 1 8 10 10 10 1 2 1 10 8
left_child=1 -1 3 4 6 7 -2 -6 15 10 -4 13 19 -12 -14 -8 17 18 -5 20 21 -11 -23 -24 -22 26 27 28 -21 -27
right_child=2 -3 9 16 5 -7 8 -9 -10 12 11 -13 14 -15 -16 -17 -18 -19 -20 25 24 22 23 -25 -26 29 -28 -29 -30 -31
leaf_value=2.2783907549062124e-06 -5.7450123468974904e-06 1.2083937989126881e-08 6.4200288561176868e-05 -6.4321833625773211e-05 -4.3868748668501547e-06 2.2456044711509992e-08 -4.561725895834116e-06 2.487353254268712e-06 -1.910767943796099e-06 0.0033778870445903861 -6.2170777303285823e-06 6.0615641815586768e-06 0.00035741868103942963 -2.2620527688938966e-05 0.0057099442343293699 -5.4612007676884195e-06 1.2640805466389663e-05 -1.5294249246736707e-05 5.6150582138862004e-06 -0.014774533682598257 -1.9325319944445861e-05 0.00078807795742386543 -0.0080002067462866689 -0.055324950374922757 -0.0047304187259716319 -8.9599569856704109e-05 9.5320108385090307e-05 -5.3466101810182917e-05 -0.11149308223881223 0.0019288741831370694
leaf_weight=684 47 2150 582 341 84 311 28 52 37 8292 28 41 1827 23 1524 25 3717 1801 72 283 9590 1412 144 28 1394 83970 29576 14293 21 7470
leaf_count=684 47 2150 582 341 84 311 28 52 37 8292 28 41 1827 23 1524 25 3717 1801 72 283 9590 1412 144 28 1394 83970 29576 14293 21 7470
internal_value=0.00015093 0.00415314 8.30177e-05 -0.000840368 -0.00767123 -0.00305369 -0.0227372 -0.0130147 -0.0144444 0.0001205 0.00307122 -0.00695652 0.000108057 -0.0146078 0.00134437 -0.0223585 -0.000167762 -0.00113759 -0.00529056 8.15798e-05 0.000443433 0.00141918 -0.000776515 -0.010407 -0.000434782 2.59195e-05 0.000336442 -0.000425772 -0.00646497 -0.000124111
internal_weight=169847 2834 167013 6515 584 447 137 136 90 160498 674 92 159824 51 3351 53 5931 2214 413 156473 20860 9876 1584 172 10984 135613 44173 14597 304 91440
internal_count=169847 2834 167013 6515 584 447 137 136 90 160498 674 92 159824 51 3351 53 5931 2214 413 156473 20860 9876 1584 172 10984 135613 44173 14597 304 91440
cat_boundaries=0 1 2 3 4
cat_threshold=2 60584 835 256
is_linear=0
shrinkage=0.05


Tree=212
num_leaves=31
num_cat=7
split_feature=20 15 17 0 22 18 1 0 4 4 7 20 3 18 1 5 20 20 7 1 21 18 4 5 14 0 0 7 20 3
split_gain=17.1055 3.7774 2.40448 3.36328 1.80346 2.17577 1.77918 2.72165 2.75637 2.86384 2.9477 2.43973 2.48018 1.83063 1.49373 1.41971 1.38945 1.60721 2.29315 1.21235 2.29717 2.28806 8.59385 4.5051 2.29393 2.2126 2.1103 1.93125 3.86951 1.81068
threshold=1.0000000180025095e-35 1.0000000180025095e-35 7.4348148797703795 0 7.0230681029852482 0.080241648058044387 1 2 3.5000000000000004 9.5000000000000018 2.5000000000000004 0.24750511404343384 1.0000000180025095e-35 0.51940976085533641 3 1.0000000180025095e-35 0.34033643400079017 0.58504782123881482 4.5000000000000009 4 6.9092540304800165 1.0000000180025095e-35 11.500000000000002 1.0000000180025095e-35 2.0856528016791152 5 6 1.0000000180025095e-35 0.11507317529480547 4.5000000000000009
decision_type=8 10 8 1 10 8 1 1 2 2 10 10 2 8 1 2 10 10 10 1 10 10 2 2 10 1 1 10 10 2
left_child=1 -1 19 14 5 -5 11 8 -8 10 -10 -7 13 -13 -4 -16 -15 18 -18 20 26 22 23 27 -23 -26 -2 -22 -29 -27
right_child=2 -3 3 4 -6 6 7 -9 9 -11 -12 12 -14 16 15 -17 17 -19 -20 -21 21 24 -24 -25 25 29 -28 28 -30 -31
leaf_value=1.4390677492079084e-06 -0.0014597076102675006 1.1479741091058316e-08 0.00065556654284923117 -0.03672309681893695 0.011725976853401 0.01424260122822267 0.0076414135150900996 0.0092841336959819717 0.00048044151730224338 0.00038419222787177863 -0.010484610474880722 -0.13836877684064711 0.0037823197882451117 0.015498869962478691 -0.003918844334970333 0.0015941099618664734 -0.053992572390443243 0.0048985597328689108 -0.0013202089140005196 9.9201857076476781e-06 2.705576552519684e-07 6.6872026152607582e-06 -5.4857374966466033e-06 -3.6115558160243481e-06 -0.0068882816364946378 -0.0018504221129157982 0.00024499932563095322 -4.0044804800613056e-06 9.2924423864887423e-05 0.00079526072332574901
leaf_weight=717 2148 2178 167 28 787 1717 451 647 234 521 476 20 1379 41 526 67 24 29 22 114810 160 9327 25 43 180 8949 21547 20 37 2538
leaf_count=717 2148 2178 167 28 787 1717 451 647 234 521 476 20 1379 41 526 67 24 29 22 114810 160 9327 25 43 180 8949 21547 20 37 2538
internal_value=0.000153255 0.00396373 8.71677e-05 0.000985146 0.00135922 0.0010458 0.00111581 6.22587e-05 -0.000998818 -0.00222989 -0.00429577 0.001875 0.000412541 -0.00602941 -0.00214286 -0.00334739 -0.00362069 -0.00766667 -0.0134783 4.70637e-05 -0.000172989 -0.000550073 -0.005 -0.00230769 -0.000489664 -0.000956972 0.000165647 0.00062212 -0.0072807 -0.000866748
internal_weight=169815 2895 166920 7136 6376 5589 5561 2329 1682 1231 710 3232 1515 136 760 593 116 75 46 159784 44974 21279 285 260 20994 11667 23695 217 57 11487
internal_count=169815 2895 166920 7136 6376 5589 5561 2329 1682 1231 710 3232 1515 136 760 593 116 75 46 159784 44974 21279 285 260 20994 11667 23695 217 57 11487
cat_boundaries=0 1 2 3 4 5 6 7
cat_threshold=22 1 960 2 4 8704 646
is_linear=0
shrinkage=0.05


Tree=213
num_leaves=31
num_cat=3
split_feature=19 16 19 18 22 7 4 4 0 16 21 16 22 16 4 14 15 4 0 10 3 22 12 19 22 0 18 18 10 19
split_gain=6.82923 13.498 11.7183 17.9018 10.4177 3.5972 7.38451 5.51512 3.49727 2.73431 2.45105 2.07801 3.34931 3.23367 2.07289 1.95942 1.87966 1.83419 3.34815 2.91615 2.67146 2.33635 2.30476 2.1833 1.9208 1.80182 1.91247 1.77815 1.7497 1.96664
threshold=0.69322269047845697 0.035192629130292162 0.72022334535698973 1.0000000180025095e-35 7.1059539145576744 1.0000000180025095e-35 2.5000000000000004 1.5000000000000002 0 0.48374860432827282 6.5517941110389986 0.14043907001252662 7.1955796690028153 1.0000000180025095e-35 4.5000000000000009 0.66750053336617021 0.76078115988244288 2.5000000000000004 1 1.3986406674150766 3.5000000000000004 6.3810619869804706 1.3986406674150766 0.89677138669543865 6.6054752550515454 2 0.65357344829893305 0.17822028649605773 6.304905632056319 4.5008013705577126
decision_type=10 8 10 10 10 10 2 2 1 8 10 10 10 10 2 10 10 2 1 8 2 8 10 10 8 1 10 10 10 10
left_child=1 -1 3 4 14 6 7 -6 -3 10 16 12 -12 -14 -2 -7 -5 18 19 22 24 23 -4 27 -21 -25 28 -19 29 -27
right_child=2 8 17 9 5 15 -8 -9 -10 -11 11 -13 13 -15 -16 -17 -18 21 -20 20 -22 -23 -24 25 -26 26 -28 -29 -30 -31
leaf_value=1.0905754038725846e-08 -1.6677293128186146e-05 -2.7089673622193724e-06 -0.00063810469594585131 -3.0737488831426639e-05 -1.3863635004455671e-07 -3.0451243157780956e-06 1.7623266374734411e-07 -3.9350504227427546e-07 0.034812698919451025 -0.0036507804180009977 3.8147386561700178e-06 1.9424534504367954e-05 -9.6500451697186251e-06 -0.00072141140267531143 -4.9794866902042045e-06 -3.8426516612367063e-06 -4.4912581007955546e-05 5.6644031542255138e-05 -3.9310710694585382e-06 0.0029036262592029168 0.0037532103834042613 1.2562084180757792e-05 -0.011324241558405605 0.00036693293826539305 0.000364598281196912 -0.0009434396830284782 0.005511252858139009 -0.00017261937029889568 0.0015999423134620645 -0.0022588107042640949
leaf_weight=2331 22 6377 168 76 23 20 139 26 1086 28 122 615 45 54 90 49 30 34 14170 1502 4615 125456 42 957 6071 2443 429 85 550 2085
leaf_count=2331 22 6377 168 76 23 20 139 26 1086 28 122 615 45 54 90 49 30 34 14170 1502 4615 125456 42 957 6071 2443 429 85 550 2085
internal_value=0.000139625 0.00142128 6.11458e-05 -0.00459671 -0.0139702 -0.00842412 -0.00484043 -0.0215306 0.000383894 -0.00103093 -0.000573248 0.000334928 -0.00382353 -0.0106566 -0.0266964 -0.0181884 -0.00773585 0.000100469 0.000479524 0.00107914 0.00118067 2.41976e-05 -0.0047619 -0.000893969 0.0006028 -0.000770421 -0.00111745 -0.00760504 -0.00139031 -0.00171378
internal_weight=169740 9794 159946 1339 369 257 188 49 7463 970 942 836 221 99 112 69 106 158607 26568 12398 12188 132039 210 6583 7573 6464 5507 119 5078 4528
internal_count=169740 9794 159946 1339 369 257 188 49 7463 970 942 836 221 99 112 69 106 158607 26568 12398 12188 132039 210 6583 7573 6464 5507 119 5078 4528
cat_boundaries=0 1 2 3
cat_threshold=854 22145 53266
is_linear=0
shrinkage=0.05


Tree=214
num_leaves=31
num_cat=6
split_feature=20 8 18 20 21 8 7 1 22 21 17 19 0 4 4 22 4 0 1 0 19 7 18 14 0 17 20 20 22 17
split_gain=17.3998 3.79935 2.75115 20.6196 5.11911 3.44815 4.57523 3.76622 3.16775 2.98251 2.43023 3.29087 2.74485 2.25053 2.01898 2.59872 3.06864 2.56222 3.13496 2.78142 2.87535 2.49109 2.43563 2.18944 2.10156 2.34574 2.06608 2.1348 1.99132 2.12723
threshold=1.0000000180025095e-35 2.5000000000000004 1.0000000180025095e-35 0.11018371921388019 7.9015624361563814 2.5000000000000004 1.0000000180025095e-35 0 7.3967902357122464 7.0904933289280381 7.555607333623616 6.2671538060417911 1 9.5000000000000018 7.5000000000000009 8.5121326454971271 6.5000000000000009 2 3 4 7.3003784304405768 7.5000000000000009 0.28060461141829862 5.3085151609053911 5 1.0936632069749466 0.89334677428537035 1.6204372300014251 7.0109764632014828 2.4672079010094206
decision_type=8 2 8 10 10 2 10 1 10 10 8 10 1 2 2 10 2 1 1 1 10 10 10 8 1 10 10 10 8 10
left_child=1 -1 3 4 5 -2 7 -7 9 13 14 12 -12 -9 15 17 -17 18 19 20 28 26 -18 -24 25 -16 -20 -28 29 -4
right_child=2 -3 10 -5 -6 6 -8 8 -10 -11 11 -13 -14 -15 24 16 22 -19 21 -21 -22 -23 23 -25 -26 -27 27 -29 -30 -31
leaf_value=1.1567029853284256e-06 5.3740030701541174e-05 1.0360466334846664e-08 -0.012912472852255592 4.1308631962038545e-05 3.2223103863607066e-07 -3.2312204198460277e-06 -5.9143359041409497e-06 -2.2112515062459239e-07 -3.0077612574202987e-07 -4.4932377058280676e-07 0.019482671515715293 0.014745287583392939 3.6077451641585229e-05 -7.9808700155205658e-07 -0.00021400957142249852 0.0015428353977247041 -0.0017505219278921248 -7.8637994456794052e-05 -0.00010475633901212791 2.9153005497406065e-05 -0.042391931979274829 -0.0056677512599371503 -0.0069685936789248325 -0.010712154764088461 2.3050501664929698e-06 0.00099760354507554406 0.0023031999195087466 -0.029425925959201505 0.00069674525794190083 0.0045149541360895362
leaf_weight=714 24 2183 27 833 54 113 95 34 35 43 614 1333 4528 27 965 109 224 33629 35821 17140 24 31 103 49 40886 22621 871 22 2916 3453
leaf_count=714 24 2183 27 833 54 113 95 34 35 43 614 1333 4528 27 965 109 224 33629 35821 17140 24 31 103 49 40886 22621 871 22 2916 3453
internal_value=0.000122728 0.00396445 5.59345e-05 -0.00227345 -0.0112353 -0.0133288 -0.0145965 -0.0110714 -0.0165827 -0.0209615 7.3655e-05 0.00102317 0.000449242 -0.0138525 3.49613e-05 -0.000112318 -0.00376289 -9.34697e-05 0.00010155 0.000551783 0.00143857 -0.0001871 -0.00590426 -0.0107895 0.000250652 0.000626378 -0.000175137 0.00220045 0.00150563 0.00231322
internal_weight=169521 2897 166624 1258 425 371 347 252 139 104 165366 6475 5142 61 158891 94419 485 93934 60305 23560 6420 36745 376 152 64472 23586 36714 893 6396 3480
internal_count=169521 2897 166624 1258 425 371 347 252 139 104 165366 6475 5142 61 158891 94419 485 93934 60305 23560 6420 36745 376 152 64472 23586 36714 893 6396 3480
cat_boundaries=0 1 2 3 4 5 6
cat_threshold=4 56329 21149 2 520 42053
is_linear=0
shrinkage=0.05


Tree=215
num_leaves=31
num_cat=3
split_feature=20 8 17 0 19 19 18 20 10 15 22 1 17 14 11 10 17 22 20 1 20 4 4 18 18 20 18 10 19 2
split_gain=18.3288 2.97947 2.16864 2.82446 2.20679 2.11726 9.30849 4.95365 3.77431 5.31202 3.95036 7.95832 2.60357 2.03994 1.92937 1.67538 1.85389 1.77413 1.6751 5.41497 1.67478 1.6274 1.80097 2.17624 1.56995 1.4788 1.35307 1.27969 1.23852 1.23965
threshold=1.0000000180025095e-35 2.5000000000000004 7.555607333623616 0 2.8094840370972167 0.73026094190808244 1.0000000180025095e-35 0.11018371921388019 0.37096867236468872 0.67772355602398038 7.6383550479494158 1 0.78025122936348168 0.43773436867694998 1.1150072000796054 0.76519735254682386 0.69052922798166627 6.5072241051784685 0.94968409520739117 2 0.0998700427573289 4.5000000000000009 7.5000000000000009 0.28396366234775433 0.1682576628221871 0.090583452377197296 0.29956089591625851 0.50031594015395309 0.84542140545931754 2.5000000000000004
decision_type=8 2 8 1 8 10 10 10 10 10 8 1 10 8 10 10 10 8 10 1 10 2 2 10 10 10 10 8 10 2
left_child=1 -1 5 18 -5 6 7 8 9 -2 11 25 15 14 26 16 21 -17 -4 -20 -13 -7 23 -23 -19 -10 -14 -15 -28 -30
right_child=2 -3 3 4 -6 12 -8 -9 10 -11 -12 20 13 27 -16 17 -18 24 19 -21 -22 22 -24 -25 -26 -27 28 -29 29 -31
leaf_value=2.1701310485455762e-06 3.8026370083342428e-05 9.8424430161614402e-09 9.7798523365405648e-05 -0.001525353787361604 0.0088670593443869374 0.0025472165762639031 -5.71571839430859e-06 6.4805380521910599e-05 3.1258599383909846e-07 -4.7614237119519219e-06 4.7614751776948341e-07 -4.3837723994412577e-07 0.0095404988940756951 -0.0021356383385855173 0.0051939640513519294 -6.4590127161683923e-05 6.2215074906069194e-05 -4.3912245613307412e-05 -0.0074448943378599966 -0.083874889066999678 -5.3669711911229276e-07 -0.0061730674310783579 0.00062760798315845382 -0.0020947319442327513 4.3991959593658141e-05 -3.897521213264144e-06 -0.0066259128233443019 1.6782166093266747e-05 -0.014333075168000923 -0.0049094749194802129
leaf_weight=691 29 2205 2571 432 3318 54 5737 150 77 91 59 106 22 291 58 23 2810 239 146 23 35 37 88 40 370 40 36 149934 50 21
leaf_count=691 29 2205 2571 432 3318 54 5737 150 77 91 59 106 22 291 58 23 2810 239 146 23 35 37 88 40 370 40 36 149934 50 21
internal_value=0.000158526 0.00410221 9.00911e-05 0.000986133 0.001875 5.38354e-05 -0.000842821 -0.00683986 -0.00953089 -0.0170833 -0.00667192 -0.00934108 9.0639e-05 5.85726e-05 -0.00516043 0.00140809 0.00189667 -0.000933544 -0.000236363 -0.00505917 -0.0173404 -0.00253425 -0.005 -0.0105844 -0.000418719 0.000299145 -0.00856589 6.50692e-05 -0.0108879 -0.0147183
internal_weight=169783 2896 166887 6490 3750 160397 6324 587 437 120 317 258 154073 150412 187 3661 3029 632 2740 169 141 219 165 77 609 117 129 150225 107 71
internal_count=169783 2896 166887 6490 3750 160397 6324 587 437 120 317 258 154073 150412 187 3661 3029 632 2740 169 141 219 165 77 609 117 129 150225 107 71
cat_boundaries=0 1 2 3
cat_threshold=214 4 1
is_linear=0
shrinkage=0.05


Tree=216
num_leaves=31
num_cat=4
split_feature=20 15 18 20 3 20 22 15 1 7 22 20 0 7 1 10 19 4 22 12 3 22 10 10 3 10 3 0 12 11
split_gain=16.8243 4.00359 2.24615 14.6347 11.0201 4.26877 3.60184 3.34633 4.32887 9.02765 2.58924 1.83252 2.75878 2.99973 3.34029 2.34389 2.22726 3.57189 1.90327 1.7103 2.70869 2.56743 2.03083 1.70513 1.70005 1.65926 1.613 5.08849 1.87893 1.92606
threshold=1.0000000180025095e-35 1.0000000180025095e-35 1.0000000180025095e-35 0.11018371921388019 5.5000000000000009 0.22885766448230618 7.6383550479494158 0.67772355602398038 0 1.0000000180025095e-35 7.2521950207684283 0.10486342005433268 1 3.5000000000000004 2 2.0856528016791152 2.9644493665241431 7.5000000000000009 7.165444592831574 5.743323597945408 3.5000000000000004 6.4546019964224106 6.9372169844178622 0.66750053336617021 3.5000000000000004 0.71754226264466137 1.0000000180025095e-35 3 6.8888781764810334 6.5752152911652999
decision_type=8 10 8 10 2 10 8 10 1 10 10 10 1 10 1 8 8 2 10 10 2 10 10 10 2 8 2 1 10 8
left_child=1 -1 3 6 -5 10 7 -2 9 -9 -6 12 13 -4 18 -14 17 -17 -15 -13 21 -21 -22 -8 -10 -26 27 -23 -28 -30
right_child=2 -3 11 4 5 -7 23 8 24 -11 -12 19 15 14 -16 16 -18 -19 -20 20 22 26 -24 -25 25 -27 28 -29 29 -31
leaf_value=1.2211782658286243e-06 3.8230940218325632e-05 9.3503208675738143e-09 1.0052018835824693e-05 6.3284435709952207e-05 -2.355687373077873e-05 7.2028992398714538e-05 -4.5233525378274037e-06 6.5630475931666152e-08 -3.1581171795196353e-06 -1.5705936703399809e-05 -2.0603950161314509e-05 1.0451965612484535e-06 -0.035437180802035909 0.0011691549696030629 -0.0050443446773380243 -0.0070764897523991083 0.0065988035867714139 0.0017358985179603437 -0.0085593266469768999 0.0029434573755362107 0.0011790833415854379 -0.0011311020819198094 0.0039420535778124308 4.8158942695593772e-07 -2.4538206324767255e-07 -1.9682937747674793e-07 0.00025439690240642665 0.0060395242741410303 -0.0054787987581926675 -0.0013163726810018457
leaf_weight=722 29 2189 3188 709 43 27 21 117 99 36 45 131099 21 254 722 29 1749 89 26 1800 8178 2350 2868 57 63 27 5435 2294 336 5074
leaf_count=722 29 2189 3188 709 43 27 21 117 99 36 45 131099 21 254 722 29 1749 89 26 1800 8178 2350 2868 57 63 27 5435 2294 336 5074
internal_value=0.000166651 0.00393507 0.000100879 -0.00199136 0.00196602 -0.0123913 -0.0092539 -0.0113073 -0.0126901 -0.00643791 -0.0177273 0.000116971 0.000969069 0.00025 -0.00213573 0.00255005 0.0027504 -0.0038983 0.0025 8.44866e-05 0.000436739 4.59832e-05 0.00104834 0.000512821 -0.0177513 -0.0127778 -0.000161727 0.000618002 -0.00049562 -0.00115527
internal_weight=169696 2911 166785 1273 824 115 449 371 342 153 88 165512 6078 4190 1002 1888 1867 118 280 159434 28335 17289 11046 78 189 90 15489 4644 10845 5410
internal_count=169696 2911 166785 1273 824 115 449 371 342 153 88 165512 6078 4190 1002 1888 1867 118 280 159434 28335 17289 11046 78 189 90 15489 4644 10845 5410
cat_boundaries=0 1 2 3 4
cat_threshold=4 854 1 577
is_linear=0
shrinkage=0.05


Tree=217
num_leaves=31
num_cat=6
split_feature=18 19 19 3 7 15 21 3 1 17 19 22 19 0 22 22 3 1 22 21 3 22 1 0 19 0 19 7 19 6
split_gain=8.43811 8.08171 11.2514 8.21114 5.87869 4.82767 4.75458 4.0346 3.34622 2.89106 2.99286 2.59909 2.52123 2.5083 1.99515 2.38242 1.91108 2.67775 2.4641 1.55007 1.36256 1.22501 1.8904 2.83677 3.23368 1.974 5.39362 1.91678 1.67498 1.6257
threshold=1.0000000180025095e-35 0.69322269047845697 0.72022334535698973 5.5000000000000009 1.0000000180025095e-35 0.37012364598125269 6.9062540274800099 2.5000000000000004 0 7.555607333623616 6.2671538060417911 7.5879650409482435 0.80899435430513533 1 7.5492116740827084 7.2923795871333494 5.5000000000000009 2 7.6767431363113081 7.7846807463779397 4.5000000000000009 6.5072241051784685 3 4 0.79907434236106833 5 1.0000000180025095e-35 2.5000000000000004 1.2367901825676191 1.0000000180025095e-35
decision_type=8 10 10 2 10 10 10 2 1 8 10 10 10 1 8 10 2 1 10 8 2 10 1 1 8 1 10 10 10 2
left_child=1 5 4 -4 6 16 -3 -6 -8 -2 13 -10 14 -11 15 -5 19 -18 -19 -1 -9 22 23 24 -15 26 27 -24 29 -27
right_child=9 2 3 12 7 -7 8 20 11 10 -12 -13 -14 21 -16 -17 17 18 -20 -21 -22 -23 25 -25 -26 28 -28 -29 -30 -31
leaf_value=2.0005655828270187e-06 8.3876922801232273e-06 -1.2264641229861326e-06 6.1753251767665977e-05 -2.202146373363049e-05 -8.8500759049242527e-06 8.8828048250277902e-09 2.822947926153321e-07 -2.2158594396187048e-06 -2.5916606907128808e-07 0.021435648284995529 0.01464479037816592 3.0804132651345326e-07 5.9093631387834673e-05 0.0095753764436465692 -7.3011855930329761e-06 -3.8203265844801061e-05 1.3248598752829611e-05 -1.944969690376985e-05 9.2144883588057576e-07 -1.0388145064848249e-05 -3.9320082345631014e-06 0.00012037501135021081 -0.0062272605359256234 -0.0007936202412130197 -0.013764532896075696 0.00094800499616114078 0.0004283448083214987 -0.011698078049679301 -0.0014410218577097815 -0.00066561784545929792
leaf_weight=227 159458 25 749 39 47 2221 107 36 100 500 1346 39 27 24 26 23 40 39 26 186 23 551 24 429 76 1295 94 23 1846 572
leaf_count=227 159458 25 749 39 47 2221 107 36 100 500 1346 39 27 24 26 23 40 39 26 186 23 551 24 429 76 1295 94 23 1846 572
internal_value=0.000149456 0.00242462 -0.000922643 0.00222222 -0.00812997 0.00394122 -0.00422509 -0.0181132 -0.00211382 9.49845e-05 0.00110619 -0.00723022 -0.0102174 0.000583364 -0.0143182 -0.0191935 -0.000405405 -0.00642857 -0.0126923 0.00112591 -0.00940678 0.000236651 -4.22083e-05 -0.00284499 -0.01 0.000342501 -0.0052649 -0.0194681 0.00056809 0.0016256
internal_weight=170218 3980 1241 864 377 2739 271 106 246 166238 6780 139 115 5434 88 62 518 105 65 413 59 4934 4383 529 100 3854 141 47 3713 1867
internal_count=170218 3980 1241 864 377 2739 271 106 246 166238 6780 139 115 5434 88 62 518 105 65 413 59 4934 4383 529 100 3854 141 47 3713 1867
cat_boundaries=0 1 2 3 4 5 6
cat_threshold=4 55305 4 2 256 516
is_linear=0
shrinkage=0.05


Tree=218
num_leaves=31
num_cat=2
split_feature=20 8 17 19 0 16 19 18 20 10 21 22 4 20 22 0 16 18 17 22 18 13 8 2 10 13 17 22 16 13
split_gain=17.2587 3.37419 2.34662 2.52877 2.59447 1.43373 1.30636 3.77879 5.56767 4.36799 4.08318 4.06338 2.38696 2.28898 2.55069 2.06481 3.23998 1.73984 1.68492 1.65458 1.44088 1.34732 1.33333 1.28731 2.58296 1.4231 1.28423 1.79069 2.52833 1.25722
threshold=1.0000000180025095e-35 2.5000000000000004 7.555607333623616 6.2671538060417911 0 0.04478742672030233 0.74385949482193026 1.0000000180025095e-35 0.11018371921388019 0.37096867236468872 7.1712726506405104 7.0187929510164002 4.5000000000000009 0.084545319437762431 7.2644951828390676 1 0.12799890043903994 0.13869949762230918 0.78025122936348168 7.165444592831574 0.12634448864848227 0.66750053336617021 4.5000000000000009 2.5000000000000004 7.0795634075966563 5.0437475935508713 0.81029901019962447 6.8305624843129609 0.18467104954979854 6.4105858971968752
decision_type=8 2 8 10 1 8 10 10 10 10 8 8 2 10 10 1 10 10 10 8 10 10 2 2 10 10 10 10 8 10
left_child=1 -1 6 4 -4 -5 7 8 9 10 -2 -11 13 14 -13 16 17 19 -8 -9 -21 -12 -23 24 26 -26 27 28 -20 -27
right_child=2 -3 3 5 -6 -7 18 15 -10 11 21 12 -14 -15 -16 -17 -18 -19 23 20 -22 22 -24 -25 25 29 -28 -29 -30 -31
leaf_value=1.8028318908449367e-06 -4.7591432088492038e-06 8.4386645837764017e-09 0.020946292628174858 -0.018424317445127323 0.00016439576401499638 0.013332280046486816 3.6275407377599184e-05 -8.1834632048630135e-06 2.6520715913301433e-05 -4.0147705682296544e-06 -1.0456706028215458e-06 2.5132680323626381e-07 2.2685234985497795e-07 -6.7935892647863486e-06 -2.6637076595534495e-07 1.1021349579560506e-05 -1.6646482987306165e-05 -2.0032757060023328e-05 -0.00012008219591338524 -0.001446627102169156 -0.0026560070986816585 -3.7944152663635403e-06 -1.4834710435175121e-05 -4.0213690171549593e-05 0.0055351964786253286 -0.0049831896059065557 3.3965909738669675e-05 -5.9125285433168052e-06 -3.3180911349365762e-05 0.00171739536173963
leaf_weight=721 26 2149 498 32 4674 1314 2997 77 239 48 39 41 156 37 21 3829 2048 239 66 94 35 28 21 50044 1172 150 94564 766 130 3360
leaf_count=721 26 2149 498 32 4674 1314 2997 77 239 48 39 41 156 37 21 3829 2048 239 66 94 35 28 21 50044 1172 150 94564 766 130 3360
internal_value=0.000162574 0.00400697 9.64049e-05 0.00102639 0.000523975 0.00295691 5.85733e-05 -0.00061049 -0.00422256 -0.00770983 -0.0160526 -0.00457096 -0.00205882 -0.00813131 -0.00225806 -0.000235685 -0.00135238 -0.00522472 8.90383e-05 -0.00859223 -0.0120543 -0.0109091 -0.0164286 6.56233e-05 0.000169049 0.00131568 0.000112849 -0.00170478 -0.00596939 0.000811966
internal_weight=169615 2870 166745 6518 5172 1346 160227 6978 656 417 114 303 255 99 62 6322 2493 445 153249 206 129 88 49 150252 100208 4682 95526 962 196 3510
internal_count=169615 2870 166745 6518 5172 1346 160227 6978 656 417 114 303 255 99 62 6322 2493 445 153249 206 129 88 49 150252 100208 4682 95526 962 196 3510
cat_boundaries=0 1 2
cat_threshold=55305 2
is_linear=0
shrinkage=0.05


Tree=219
num_leaves=31
num_cat=5
split_feature=18 19 3 19 7 3 8 0 19 19 19 3 3 1 1 0 22 13 13 0 18 7 3 4 4 7 4 16 8 14
split_gain=9.70989 7.28859 7.70186 7.79258 5.22842 6.7335 3.26671 2.6002 2.32441 1.98054 1.98298 1.87966 1.74761 2.4664 1.34156 2.07462 3.61496 1.79804 2.1645 1.62302 1.95608 1.39603 2.0044 2.0851 1.745 1.61046 1.3776 1.42878 2.69559 3.26399
threshold=1.0000000180025095e-35 0.69322269047845697 5.5000000000000009 0.72022334535698973 1.0000000180025095e-35 2.5000000000000004 2.5000000000000004 0 7.2671789435822811 0.82227724548811176 0.72022334535698973 1.5000000000000002 5.5000000000000009 1 2 3 6.1218074647807628 7.4020855704529547 7.0038378783760136 4 0.07461110890142568 2.5000000000000004 4.5000000000000009 9.5000000000000018 6.5000000000000009 112.50000000000001 2.5000000000000004 0.11783672697950605 5.5000000000000009 7.3274519153404629
decision_type=8 10 2 10 10 2 2 1 8 10 10 2 2 1 1 1 10 8 10 1 8 10 2 2 2 10 2 8 2 10
left_child=1 6 3 4 7 -6 12 -3 -2 10 -4 -9 -1 -14 19 16 21 18 -18 20 -10 -16 24 -24 -23 -26 -22 28 -28 -30
right_child=8 2 9 -5 5 -7 -8 11 14 -11 -12 -13 13 -15 15 -17 17 -19 -20 -21 26 22 23 -25 25 -27 27 -29 29 -31
leaf_value=1.7126902787065634e-06 6.4923521959946541e-06 1.2405015998006945e-07 -2.8138775839389902e-06 5.5859105532113628e-05 -9.9988181004607138e-06 -1.5277513602213362e-06 8.0167313565304713e-09 -6.6220250111056084e-07 -0.013321640527103624 7.41513934553635e-06 -2.2658255877806233e-05 -7.461040018585941e-08 1.2171945355018106e-05 -6.1265568503876589e-06 0.00013917379245920647 0.0030716530321253021 0.0025817714375092993 0.0019924902854052628 -0.038599220850210232 0.022460341947497586 0.0027551235502856091 0.00064937830619844576 -0.014503309350685611 -0.002049056227407605 -0.00795940249707058 0.0091774938498976385 0.0017502179363893264 0.00055952596347733172 -0.017033888807150007 1.8683544276411335e-05
leaf_weight=381 160100 126 61 745 45 40 2206 30 21 24 87 76 41 58 188 1081 20 295 22 620 1036 184 109 45 170 28 69 1768 23 24
leaf_count=381 160100 126 61 745 45 40 2206 30 21 24 87 76 41 58 188 1081 20 295 22 620 1036 184 109 45 170 28 69 1768 23 24
internal_value=0.000129712 0.00258929 -0.000591572 0.000998117 -0.00556782 -0.0161765 0.00405063 -0.00168103 7.1561e-05 -0.010407 -0.0125676 -0.00706897 0.0003125 -0.00560606 0.00106348 7.46967e-05 -0.00148926 0.00277448 -0.00690476 0.00165824 0.00115385 -0.00349447 -0.00479478 -0.00961039 -0.0028534 -0.00611111 0.00126712 0.000461784 -0.00491379 -0.0141489
internal_weight=169723 3920 1234 1062 317 85 2686 232 165803 172 148 106 480 99 5703 2142 1061 337 42 3561 2941 724 536 154 382 198 2920 1884 116 47
internal_count=169723 3920 1234 1062 317 85 2686 232 165803 172 148 106 480 99 5703 2142 1061 337 42 3561 2941 724 536 154 382 198 2920 1884 116 47
cat_boundaries=0 1 2 3 4 5
cat_threshold=16 4 1 838 26163
is_linear=0
shrinkage=0.05


Tree=220
num_leaves=31
num_cat=5
split_feature=20 8 17 19 0 3 17 4 0 5 0 19 22 17 17 17 21 4 9 4 0 20 19 3 22 8 0 16 20 5
split_gain=17.8908 3.4225 1.77532 2.98528 1.96072 1.61482 1.29373 1.09944 3.37194 2.63531 2.41747 2.81223 2.521 1.659 2.80771 1.61042 1.56385 1.48936 3.19902 4.84027 3.09541 5.11647 3.85492 3.82939 3.3773 4.38561 2.94347 3.20944 2.87912 2.76587
threshold=1.0000000180025095e-35 2.5000000000000004 7.555607333623616 6.2671538060417911 0 5.5000000000000009 1.0000000180025095e-35 1.5000000000000002 1 1.0000000180025095e-35 2 0.5627626210639648 7.2521950207684283 6.2504183576006023 6.3224672222443612 1.5403404391771305 6.2176031103882972 7.5000000000000009 1.0000000180025095e-35 9.5000000000000018 3 0.28718428115914996 1.8753188427539424 5.5000000000000009 6.5869912444460086 3.5000000000000004 4 0.24779549230745365 0.22215339617599864 1.0000000180025095e-35
decision_type=8 2 8 10 1 2 10 2 1 2 1 10 8 10 10 10 8 2 2 2 1 10 10 2 8 2 1 10 10 2
left_child=1 5 7 4 -4 -1 -7 8 13 15 11 -11 -12 -2 16 -10 -15 26 20 -20 22 -22 -19 29 25 -24 -9 -28 -26 -23
right_child=2 -3 3 -5 -6 6 -8 17 9 10 12 -13 -14 14 -16 -17 -18 18 19 -21 21 23 24 -25 28 -27 27 -29 -30 -31
leaf_value=1.7247611952042609e-06 -8.6011687562227409e-05 7.6158947870386139e-09 0.022851186762268057 0.01176694038914191 7.1960014622661733e-05 0.0001457982369262756 -4.4150170927348306e-06 -0.00099246259554437873 -1.7512715949019709e-05 -0.00096285414985230382 0.00072093344826854012 0.00021195250593793549 -0.0070638782160972044 -0.0032530678721299599 0.00044162101560645244 0.0026529942090543876 -0.0079858120778304818 1.8348695953391501e-07 -0.00032924098174647861 0.002533541078939704 -3.4104148275192347e-05 0.00074029672764054449 -0.019673407300454377 0.004798648514015679 0.0022026793264742208 -0.0034671047335629842 1.2150374870817995e-05 -0.00030097246319981188 -0.0033984500381494427 -0.0022574960522634474
leaf_weight=562 1625 2199 383 1324 4729 31 103 9019 1240 35 801 756 1046 20 44 7693 22 6496 3972 5944 23730 15673 78 2762 817 656 43883 28951 2996 2285
leaf_count=562 1625 2199 383 1324 4729 31 103 9019 1240 35 801 756 1046 20 44 7693 22 6496 3972 5944 23730 15673 78 2762 817 656 43883 28951 2996 2285
internal_value=0.000135835 0.00403282 6.82718e-05 0.000882536 0.000334507 0.000977012 -0.00395522 3.5629e-05 0.000471315 0.000777567 -0.000610311 0.00169164 -0.00159666 -0.001595 -0.00837209 0.00118829 -0.017619 -3.66675e-06 0.000174212 0.00100141 2.63999e-05 0.000212551 -0.000722428 0.00078668 -0.00183967 -0.0049455 -0.00014581 -4.02228e-05 -0.0012418 0.000520103
internal_weight=169875 2895 166980 6436 5112 696 134 160544 13282 11571 2638 791 1847 1711 86 8933 42 147262 65409 9916 55493 44450 11043 20720 4547 734 81853 72834 3813 17958
internal_count=169875 2895 166980 6436 5112 696 134 160544 13282 11571 2638 791 1847 1711 86 8933 42 147262 65409 9916 55493 44450 11043 20720 4547 734 81853 72834 3813 17958
cat_boundaries=0 1 2 3 4 5
cat_threshold=55297 10242 34576 14978 41984
is_linear=0
shrinkage=0.05


Tree=221
num_leaves=31
num_cat=0
split_feature=20 8 18 20 4 3 21 11 3 17 19 20 19 22 5 19 21 6 22 22 4 19 4 16 8 17 17 19 22 9
split_gain=16.9984 4.01651 3.80423 22.0296 15.5572 9.94543 9.25094 3.81085 3.75949 2.6455 2.84188 2.43623 2.15513 2.72026 1.66325 4.27834 2.0459 2.26558 1.94789 1.9438 1.75545 2.99615 2.42928 2.91087 2.46565 2.74059 2.42422 2.62431 2.23959 2.39657
threshold=1.0000000180025095e-35 2.5000000000000004 1.0000000180025095e-35 0.11018371921388019 6.5000000000000009 5.5000000000000009 7.4404391602237441 0.71754226264466137 1.0000000180025095e-35 7.555607333623616 6.2671538060417911 0.17475510040947487 0.71180929492339196 7.1461273898228894 1.0000000180025095e-35 1.8753188427539424 6.7171997342723353 1.0000000180025095e-35 7.1238219657151811 6.5586682050031877 1.5000000000000002 6.7177170303735263 7.5000000000000009 0.075798684771914662 1.0000000180025095e-35 6.9550033948320564 1.1798920611276811 0.80899435430513533 6.3630926370853418 1.0000000180025095e-35
decision_type=8 2 8 10 2 2 10 8 2 8 10 10 10 10 2 10 8 2 8 8 2 10 2 10 2 10 10 10 8 2
left_child=1 -1 3 4 6 -5 7 12 -6 14 -11 -7 -2 -14 20 -16 -17 18 -18 -19 21 -4 23 24 25 -22 27 -24 29 -28
right_child=2 -3 9 5 8 11 -8 -9 -10 10 -12 -13 13 -15 15 16 17 19 -20 -21 22 -23 26 -25 -26 -27 28 -29 -30 -31
leaf_value=1.4376795161857586e-06 -9.8784856730788693e-06 7.235100046854015e-09 3.7994413722120638e-05 5.2619454995553067e-05 -1.7258973163987569e-06 -2.644683641841534e-05 1.154507555032257e-06 -5.137964647535296e-06 -5.1861798922897665e-08 0.00038344209834203423 0.011529874279880104 -7.3502647844335308e-06 -9.8543838216891288e-06 -6.150498691866974e-06 4.7204054309993254e-05 0.00073215195752288043 -0.00098253697613751197 -0.012989941190939942 -0.0034375737391402574 0.00067833808180575716 -0.0015851769750710985 0.0048831067099703359 8.1716472265829821e-06 -6.8121506212061737e-05 9.0181921997378357e-05 -0.023659243957509016 -0.0023804227855779621 -3.7956266357374972e-05 0.00074767088215828509 0.0017352976219661993
leaf_weight=683 78 2187 8700 723 31 69 37 39 208 5181 1340 46 27 25 4721 2304 4431 92 5600 2854 159 1635 3535 64406 8232 20 1314 4934 45889 467
leaf_count=683 78 2187 8700 723 31 69 37 39 208 5181 1340 46 27 25 4721 2304 4431 92 5600 2854 159 1635 3535 64406 8232 20 1314 4934 45889 467
internal_value=0.000139351 0.0039547 7.38196e-05 -0.00263835 -0.0116292 0.00213604 -0.021699 -0.0266568 -0.00294979 9.48052e-05 0.00108189 -0.0115217 -0.0307692 -0.0228846 5.43968e-05 -0.000371963 -0.000778417 -0.00102219 -0.00138022 0.000196877 0.000115621 0.000742622 6.53713e-05 -0.000125177 0.000749614 -0.00505587 0.000312528 -0.000466997 0.000451018 -0.0012886
internal_weight=169967 2870 167097 1283 445 838 206 169 239 165814 6521 115 130 52 159293 20002 15281 12977 10031 2946 139291 10335 128956 72817 8411 179 56139 8469 47670 1781
internal_count=169967 2870 167097 1283 445 838 206 169 239 165814 6521 115 130 52 159293 20002 15281 12977 10031 2946 139291 10335 128956 72817 8411 179 56139 8469 47670 1781
is_linear=0
shrinkage=0.05


Tree=222
num_leaves=31
num_cat=6
split_feature=20 8 10 17 0 13 19 3 17 18 20 15 3 18 20 20 0 3 0 0 0 14 22 19 21 15 20 3 19 0
split_gain=17.7276 3.0324 1.94566 3.0588 3.74105 2.31837 2.05126 3.76209 5.17746 4.76156 3.36782 5.00471 3.5752 4.03102 2.49454 2.49067 2.47825 2.03646 6.88523 3.01049 2.83208 2.57224 2.30614 2.30296 1.98262 2.14552 1.96809 1.95862 2.92341 2.62586
threshold=1.0000000180025095e-35 2.5000000000000004 4.0613043372021433 3.8643678684594636 0 4.0082414506956709 0.75425598677812189 5.5000000000000009 0.69052922798166627 0.18109011451981036 0.11018371921388019 0.67772355602398038 3.5000000000000004 1.0000000180025095e-35 0.13074213495133152 0.11018371921388019 1 4.5000000000000009 2 3 4 6.258624525973782 7.2696777905581191 1.2898050142582067 7.0017007882365494 0.82830221659600056 0.16871130436616757 3.5000000000000004 4.4301262208368408 5
decision_type=8 2 8 10 1 10 8 2 10 10 10 10 2 10 10 10 1 2 1 1 1 10 8 10 8 10 10 2 10 1
left_child=1 -1 3 -2 -5 -6 7 10 -9 15 11 -4 13 -13 16 -10 -8 19 23 -16 21 26 -23 -19 -21 -26 -20 28 29 -27
right_child=2 -3 6 4 5 -7 14 8 9 -11 -12 12 -14 -15 17 -17 -18 18 20 24 -22 22 -24 -25 25 27 -28 -29 -30 -31
leaf_value=1.5666391596336205e-06 1.1473604359456167e-07 6.8733450431235356e-09 4.0329029956774176e-05 -0.00081195943927726052 -0.0012253434304713418 -0.0046956446239309361 6.0646193731412614e-05 -0.00014354685853692323 -2.9066681982367331e-06 0.00042940182104171882 7.806805186411615e-05 -1.1873559441295392e-05 2.3012721416832481e-05 -2.3499950351124906e-05 -0.00020777608321508289 -6.0523229161126798e-05 0.0053205737361735131 -0.00075958769610933916 -0.0035035308494109547 0.00092044948399690272 0.00027741171592811484 -0.010876540180026241 -0.0051731105680165521 0.0042183040451018268 0.00012253414011142918 -9.5325251878915945e-05 -0.00016643275845332 -0.0010384110522562073 -0.00078503397623821795 0.00082554483495616128
leaf_weight=700 54044 2165 244 5499 865 600 2227 186 34 35 1057 52 38 72 51347 67 2221 141 248 6477 11899 136 240 8337 3734 1826 2513 3969 4359 4306
leaf_count=700 54044 2165 244 5499 865 600 2227 186 34 35 1057 52 38 72 51347 67 2221 141 248 6477 11899 136 240 8337 3734 1826 2513 3969 4359 4306
internal_value=0.000175315 0.00407504 0.000108321 -0.000116542 -0.00110281 -0.00333898 0.000238028 -0.00144258 -0.0063354 -0.01375 -0.000365687 -0.00423645 -0.0110494 -0.0151613 0.000266878 -0.0192574 0.00142536 0.000215107 0.000621757 8.93211e-05 -2.12679e-05 -0.00135526 -0.00523936 0.00176013 0.000543131 0.000275915 -0.00083122 1.86265e-10 0.000357926 0.00106164
internal_weight=169638 2865 166773 61008 6964 1465 105765 1785 322 136 1463 406 162 124 103980 101 4448 99532 23514 76018 15036 3137 376 8478 24671 18194 2761 14460 10491 6132
internal_count=169638 2865 166773 61008 6964 1465 105765 1785 322 136 1463 406 162 124 103980 101 4448 99532 23514 76018 15036 3137 376 8478 24671 18194 2761 14460 10491 6132
cat_boundaries=0 1 2 3 4 5 6
cat_threshold=49261 854 16453 18661 3088 9232
is_linear=0
shrinkage=0.05


Tree=223
num_leaves=31
num_cat=4
split_feature=19 16 0 19 17 3 16 22 16 19 19 0 19 10 16 5 1 22 1 10 19 22 3 8 16 5 13 17 12 16
split_gain=6.73759 14.251 4.36299 2.08428 2.18034 7.26188 9.38691 5.68241 4.10909 2.25803 2.10927 1.96314 3.06197 1.93748 2.9342 4.95073 2.23765 1.81079 1.78338 1.73793 1.76791 1.5185 2.14427 1.50739 1.4913 1.38943 1.3292 1.27631 2.81247 4.65808
threshold=0.69322269047845697 0.035192629130292162 0 0.73026094190808244 0.78025122936348168 5.5000000000000009 0.16553043722790364 6.6401558856731837 1.0000000180025095e-35 0.80899435430513533 6.2671538060417911 1 3.4562963483682325 0.71754226264466137 0.15088659539222454 1.0000000180025095e-35 2 7.0187929510164002 3 7.3306672663577395 6.7851345832106675 7.2644951828390676 4.5000000000000009 5.5000000000000009 0.102830997341243 1.0000000180025095e-35 0.76519735254682386 0.81029901019962447 0.71754226264466137 0.19162150629624977
decision_type=10 8 1 10 10 2 8 8 8 10 10 1 10 8 8 2 1 8 1 10 10 10 2 2 8 2 10 8 10 10
left_child=1 -1 -3 13 5 8 9 -8 -5 26 -9 12 25 14 15 16 21 -18 -17 27 -21 -2 -23 -11 -13 -10 -7 28 29 -6
right_child=3 2 -4 4 19 6 7 10 11 23 -12 24 -14 -15 -16 18 17 -19 -20 20 -22 22 -24 -25 -26 -27 -28 -29 -30 -31
leaf_value=6.5296777929102493e-09 -3.7153489623742432e-08 -6.2830498399022865e-06 0.033783050883851806 6.2947325449542768e-05 -3.9472534793934022e-05 -4.3197041366126406e-05 -0.0052732800530216955 -0.00015094165333193058 -0.014472708266980109 -2.8119499767814541e-05 0.021842557864262188 -0.0021881794471425766 0.0079766505881484016 -1.6184347056168234e-05 2.1481380175435356e-05 -9.5750029959151841e-06 -9.8989371563563212e-06 3.902887895201879e-07 -1.9500917039505516e-07 -0.0112363882610354 0.0027591403442219589 -1.6540211667398497e-05 -1.0833871827426759e-05 5.1998767960206406e-05 0.00016835367710712839 0.0024046994264334629 -3.4052957046517277e-05 1.3388471737885557e-05 -0.0021256783034318931 0.0002840007524396494
leaf_weight=2347 148 6340 1133 985 513 195 27 762 157 29 221 70 367 751 599 53 39 377 28 132 3157 48 28 34 3909 21 23 146234 413 544
leaf_count=2347 148 6340 1133 985 513 195 27 762 157 29 221 70 367 751 599 53 39 377 28 132 3157 48 28 34 3909 21 23 146234 413 544
internal_value=0.000159532 0.00143075 0.000363308 8.14444e-05 0.000102128 0.000977941 -0.00239737 -0.000148515 0.00176892 -0.0104804 0.000473042 0.00113174 -0.00166667 -0.00149445 -0.000340909 -0.0024896 -0.00101562 0.00115385 -0.0141358 6.26852e-05 0.00119945 -0.00504464 -0.0107895 -0.00214286 0.00151542 -0.00707865 -0.0128899 3.73722e-05 -0.00142857 -6.14946e-05
internal_weight=169684 9820 7473 159864 157793 6800 1291 1010 5509 281 983 4524 545 2071 1320 721 640 416 81 150993 3289 224 76 63 3979 178 218 147704 1470 1057
internal_count=169684 9820 7473 159864 157793 6800 1291 1010 5509 281 983 4524 545 2071 1320 721 640 416 81 150993 3289 224 76 63 3979 178 218 147704 1470 1057
cat_boundaries=0 1 2 3 4
cat_threshold=854 2184 1 4
is_linear=0
shrinkage=0.05


Tree=224
num_leaves=31
num_cat=4
split_feature=20 8 20 0 3 15 20 20 18 18 20 13 4 16 18 20 0 8 12 22 16 14 4 18 0 11 2 4 4 0
split_gain=16.7318 3.91359 1.75604 6.45329 1.92577 5.47363 2.52956 3.7357 1.78548 1.52583 1.48495 6.29949 4.11217 3.79927 3.1499 3.13758 3.19992 3.25678 4.15326 4.14575 2.47544 2.19328 2.39174 2.02404 2.07179 1.98302 2.2578 2.13761 2.02702 1.74816
threshold=1.0000000180025095e-35 2.5000000000000004 0.77633655141951674 0 1.0000000180025095e-35 4.7935954896522981 0.89334677428537035 0.94968409520739117 1.9270511509625721 0.97292841060783342 0.50710923306503375 5.6169528827985511 2.5000000000000004 0.98564526477910208 0.2734326856330524 0.57231568008903977 1 5.5000000000000009 4.5844570141035197 7.2238522310325139 0.62884188598196722 4.5114086553913824 3.5000000000000004 0.80211241968173463 2 7.0193413744341848 1.5000000000000002 2.5000000000000004 8.5000000000000018 3
decision_type=8 2 8 1 2 8 10 10 10 8 10 10 2 8 8 10 1 2 10 10 8 10 2 10 1 10 2 2 2 1
left_child=1 -1 10 4 5 6 -4 -8 -6 -5 25 14 13 -13 -12 16 17 18 -16 -20 -17 -18 -23 24 -22 -2 -27 -28 -29 -14
right_child=2 -3 3 9 8 -7 7 -9 -10 -11 11 12 29 -15 15 20 21 -19 19 -21 23 22 -24 -25 -26 26 27 28 -30 -31
leaf_value=1.6749968864007539e-06 6.5977582650895308e-07 6.2031939029871808e-09 0.0036577025882873109 0.00098349178676940588 0.017225141109780292 0.020717040804057035 -0.016552543307513417 -0.014474853315637779 -0.028744704260302768 -0.00054012711912617664 0.0023560097305567441 -0.01524053995104694 0.00012214818700664165 -0.0014856879409425817 -0.012447541864027717 0.0022262273487648277 -0.00043694057143373852 -0.0018001702477230168 -0.017303748631168309 -0.0039007045204378396 0.0004899675670138855 0.0046014437115529591 -0.011535043834418583 0.0030440877826162982 -0.0081111512755395274 0.0033523220829328412 0.0035090028822067493 -0.0018114750498203578 0.0013101164997985563 -0.0051943329058491486
leaf_weight=695 132527 2148 62 3276 2613 333 41 99 34 7109 1146 118 497 63 231 2689 2315 226 38 26 1254 103 279 961 1394 2809 1284 2599 1846 992
leaf_count=695 132527 2148 62 3276 2613 333 41 99 34 7109 1146 118 497 63 231 2689 2315 226 38 26 1254 103 279 961 1394 2809 1284 2599 1846 992
internal_value=0.000141249 0.00394478 7.64837e-05 0.000621729 0.00258772 -0.000140187 -0.00663366 -0.0103571 0.00314885 1.68352e-05 2.82602e-05 -0.000497891 -0.00335329 -0.0104696 -5.0647e-05 -0.000348886 -0.00161902 -0.00516949 -0.00872881 -0.02 0.000300095 -0.000910602 -0.00442408 -0.000555555 -0.00126888 7.42567e-05 0.000812837 0.000243498 -0.00027559 -0.00248825
internal_weight=169807 2843 166964 13567 3182 535 202 140 2647 10385 153397 12332 1670 181 10662 9516 3218 521 295 64 6298 2697 382 3609 2648 141065 8538 5729 4445 1489
internal_count=169807 2843 166964 13567 3182 535 202 140 2647 10385 153397 12332 1670 181 10662 9516 3218 521 295 64 6298 2697 382 3609 2648 141065 8538 5729 4445 1489
cat_boundaries=0 1 2 3 4
cat_threshold=64513 24836 3112 1
is_linear=0
shrinkage=0.05


Tree=225
num_leaves=31
num_cat=6
split_feature=20 8 17 0 3 1 22 12 1 11 3 22 17 22 0 17 18 8 15 11 3 22 12 2 0 6 13 3 0 16
split_gain=16.4486 4.13579 1.8972 1.91643 1.73914 1.96694 1.34367 1.29578 1.28145 1.90405 2.17087 1.745 1.96486 3.53198 2.47414 1.65285 1.85321 3.58827 2.54065 2.41812 2.31338 2.10468 1.64795 1.42605 1.42147 1.6839 1.52188 1.61437 2.84443 1.45374
threshold=1.0000000180025095e-35 2.5000000000000004 7.555607333623616 0 5.5000000000000009 1 7.4986288929697986 4.2039457932625757 2 6.696416582362489 3.5000000000000004 7.4986288929697986 7.0859086160818725 7.7394923283697823 3 6.5888451488639115 0.35765304271357673 4.5000000000000009 6.4873731149024501 1.1785366391390579 5.5000000000000009 7.6992830507276464 6.5227541253295369 1.5000000000000002 4 1.0000000180025095e-35 7.0264712117013088 4.5000000000000009 5 0.23270484715397502
decision_type=8 2 8 1 2 1 8 10 1 10 2 10 10 10 1 10 10 2 10 8 2 10 10 2 1 2 8 2 1 8
left_child=1 4 8 -4 -1 -6 -7 -5 11 -10 23 24 14 -14 -13 16 21 19 -19 -18 -21 -16 -17 -11 -2 -26 27 29 -29 -27
right_child=2 -3 3 7 5 6 -8 -9 9 10 -12 12 13 -15 15 22 17 18 -20 20 -22 -23 -24 -25 25 26 -28 28 -30 -31
leaf_value=1.7187098493243181e-06 -0.00092405949357074989 5.8930342050622647e-09 0.013777311978455761 0.0002685455470070103 1.2126671153252947e-05 -1.378257618562538e-05 -1.6064550815727118e-06 0.011673121867950935 3.0544537684911967e-06 0.0019153596206296101 0.0026446562623534762 0.0012507574707631558 -0.0037085576925550059 -0.014678026132920553 -0.0011399393291479923 -6.40409004387648e-05 -0.012747271091112962 -0.0081544529801867906 -0.048140135296681957 -0.0057142971970546652 -0.058813216532580939 0.00087685593325185574 -0.0087526951262943582 -0.0005843900765749423 -3.8932995918123075e-05 3.6613897535647126e-05 0.00093899091238556966 0.0096053576210049108 -0.00012705314087306394 -0.0012126897019275596
leaf_weight=589 7165 2148 797 5226 51 34 45 427 105068 2106 4020 1466 90 32 1579 32 21 721 24 114 27 1257 34 4269 22082 3004 2941 861 787 2767
leaf_count=589 7165 2148 797 5226 51 34 45 427 105068 2106 4020 1466 90 32 1579 32 21 721 24 114 27 1257 34 4269 22082 3004 2941 861 787 2767
internal_value=0.000146186 0.00390129 8.16875e-05 0.000922481 0.000618915 -0.00461538 -0.00955696 0.000594208 4.78917e-05 0.000136104 0.000781626 -0.000178428 -0.00102186 -0.00729508 -0.000876777 -0.00154622 -0.00141197 -0.00337927 -0.00191275 -0.0101235 -0.00776596 -0.000782792 -0.00939394 0.000207843 -6.34987e-05 7.73452e-05 0.000603282 0.000221728 0.00160194 -0.000172414
internal_weight=169784 2867 166917 6450 719 130 79 5653 160467 115463 10395 45004 5397 122 5275 3809 3743 907 745 162 141 2836 66 6375 39607 32442 10360 7419 1648 5771
internal_count=169784 2867 166917 6450 719 130 79 5653 160467 115463 10395 45004 5397 122 5275 3809 3743 907 745 162 141 2836 66 6375 39607 32442 10360 7419 1648 5771
cat_boundaries=0 1 2 3 4 5 6
cat_threshold=53257 4 4 16736 13186 41
is_linear=0
shrinkage=0.05


Tree=226
num_leaves=31
num_cat=2
split_feature=20 8 17 10 20 1 19 22 11 13 22 4 17 5 22 3 19 3 8 19 20 18 18 20 20 1 22 20 13 18
split_gain=18.4633 2.77103 2.34755 1.56653 1.36215 1.3286 2.28336 1.96084 2.05169 1.20896 1.37837 1.15497 2.1802 2.2927 2.58704 2.45434 1.82808 1.64987 2.20821 1.57917 1.96643 2.3631 1.76922 2.10938 2.5 1.73488 1.57782 1.66725 2.62754 1.50583
threshold=1.0000000180025095e-35 2.5000000000000004 7.555607333623616 2.7113724724615449 0.31217662401026985 0 5.741579572753448 7.0153334373828402 7.5742504074496502 0.50031594015395309 7.3320520811275172 2.5000000000000004 1.3362866406016531 1.0000000180025095e-35 7.2521950207684283 4.5000000000000009 7.5023174906513228 2.5000000000000004 5.5000000000000009 7.1033084796077484 0.33797256714335544 0.5805788094705604 0.32321609591081235 0.59714691507629836 0.51542064908199159 1 6.3810619869804706 0.22973975517647591 0.71754226264466137 0.10051815745606314
decision_type=8 2 8 10 10 1 8 8 10 10 8 2 10 2 10 2 10 2 2 10 10 10 10 10 10 1 8 10 8 10
left_child=1 -1 11 5 -5 6 -4 8 -8 10 -7 12 -2 19 -15 -16 26 18 -18 25 -21 22 -22 24 -24 29 27 28 -13 -14
right_child=2 -3 3 4 -6 9 7 -9 -10 -11 -12 16 13 14 15 -17 17 -19 -20 20 21 -23 23 -25 -26 -27 -28 -29 -30 -31
leaf_value=1.6327743568578246e-06 -1.2009970219611309e-05 5.5983824964744862e-09 -0.0014030860854352841 0.015655930204169815 0.00096847448434587079 0.0012714485382014987 -0.025719717986653123 0.0069849383441165872 0.013256792205628892 0.0037341984271557433 -0.0017386114413414184 -0.00016084265561315482 -0.0036420867908821919 0.00031005485489961739 -0.010445577119807049 0.0054942325436703743 -0.0031106103041402345 0.0015758966395635447 -0.13587415772530642 0.0041649921994904773 0.0019505347076843897 0.012968668062078512 -0.0026472208506988816 5.7410810218024542e-05 -0.012205533068799094 0.00024941891333647389 1.9016407397787119e-06 -4.2522016347976613e-05 -0.0014271638005060366 0.0019913644868695094
leaf_weight=709 4677 2189 878 643 371 160 28 1955 26 192 2274 38 188 1723 598 169 28 57 30 1807 42 89 20 24 20 10067 127293 3621 2762 7273
leaf_count=709 4677 2189 878 643 371 160 28 1955 26 192 2274 38 188 1723 598 169 28 57 30 1807 42 89 20 24 20 10067 127293 3621 2762 7273
internal_value=0.000163312 0.00412008 9.46707e-05 0.00102421 0.00283037 0.000692001 0.00143228 0.00236187 -0.00703704 -0.000121858 -0.000423172 5.68757e-05 0.000357156 0.000565395 -0.000863454 -0.00327901 -3.02606e-06 -0.00630435 -0.0122414 0.000747568 0.00207792 -0.00269231 -0.00773585 -0.0129687 -0.02 0.000595619 2.39335e-06 -0.000762342 -0.00167857 0.00117344
internal_weight=169951 2898 167053 6527 1014 5513 2887 2009 54 2626 2434 160526 26697 22020 2490 767 133829 115 58 19530 2002 195 106 64 40 17528 133714 6421 2800 7461
internal_count=169951 2898 167053 6527 1014 5513 2887 2009 54 2626 2434 160526 26697 22020 2490 767 133829 115 58 19530 2002 195 106 64 40 17528 133714 6421 2800 7461
cat_boundaries=0 1 2
cat_threshold=1 2
is_linear=0
shrinkage=0.05


Tree=227
num_leaves=31
num_cat=5
split_feature=19 16 0 4 0 17 10 19 22 0 17 10 16 7 22 4 8 3 21 16 0 8 11 10 21 0 6 16 16 17
split_gain=7.1659 13.4297 4.13004 2.21425 2.52428 1.91954 1.88056 1.74748 1.6978 1.9885 1.80041 2.21118 3.06356 2.13492 1.79378 3.26033 3.09808 2.08839 3.00413 3.42872 2.08004 1.88929 1.7269 1.89963 1.65202 1.95686 1.7231 1.5251 1.50308 1.49448
threshold=0.69322269047845697 0.035192629130292162 0 2.5000000000000004 1 1.4869796347011677 2.393329031016735 0.73026094190808244 6.3810619869804706 2 6.9963341057834603 7.4392654507645917 0.051336970460781832 5.5000000000000009 6.8682493826755717 6.5000000000000009 1.5000000000000002 3.5000000000000004 6.7540210090428721 0.13454449437842794 3 5.5000000000000009 6.4053937199725217 6.6734875651914018 6.5316059599741179 4 1.0000000180025095e-35 0.16953489220555112 0.13315384278415474 0.73369413902673986
decision_type=10 8 1 2 1 8 8 10 8 1 10 10 8 10 10 2 2 2 8 8 1 2 10 8 8 1 2 8 8 10
left_child=1 -1 -3 4 5 27 -4 28 9 -9 22 12 -12 14 15 16 -14 18 19 21 -21 -18 24 -24 25 -10 -27 -2 29 -5
right_child=3 2 6 7 -6 -7 -8 8 10 -11 11 -13 13 -15 -16 -17 17 -19 -20 20 -22 -23 23 -25 -26 26 -28 -29 -30 -31
leaf_value=5.3184633697078714e-09 -0.0040939209318806551 -2.26390273467195e-06 -0.036604096193703861 -5.5353737832852196e-06 -1.7650453055656206e-06 0.0017487015581239499 0.03350080592325546 -0.0018677597984922611 -6.1103230541746434e-05 -0.00045854685075418758 -0.018767124320992434 0.0024936289143356453 -0.019939096998826233 -0.016501107988270022 -0.0019071834547105299 0.002981009857036687 -0.0036976006951522124 0.0018721962149371503 -0.00010813743305090351 0.00078806598495160152 -0.0092502399985342262 -0.0072988838060666196 -0.0003419808856958723 0.0017099656827310131 -1.1715904774031619e-06 0.0035820957195354039 -4.0131308758106809e-05 -0.00057871693292207115 -1.9257170076191379e-06 5.2125079972850136e-06
leaf_weight=2336 47 6275 21 648 12788 13692 1148 468 1420 6093 53 1110 22 32 4895 1277 20 539 546 173 162 36 3765 7727 100426 2076 605 346 929 107
leaf_count=2336 47 6275 21 648 12788 13692 1148 468 1420 6093 53 1110 22 32 4895 1277 20 539 546 173 162 36 3765 7727 100426 2076 605 346 929 107
internal_value=0.000143184 0.00145706 0.00041913 6.28744e-05 0.000476873 0.000938276 0.00313401 -2.0694e-05 -1.90007e-07 -0.000784179 4.09982e-05 -0.000645798 -0.000944552 -0.000862114 -0.000808344 0.000207207 -0.00137517 -0.00109756 -0.00252401 -0.00586956 -0.00395522 -0.0173214 9.34763e-05 0.000675253 2.95141e-05 0.00101317 0.00180416 -0.00250636 -0.00162114 -0.00327815
internal_weight=169782 9780 7444 160002 26873 14085 1169 133129 131445 6561 124884 8865 7755 7702 7670 2775 1498 1476 937 391 335 56 116019 11492 104527 4101 2681 393 1684 755
internal_count=169782 9780 7444 160002 26873 14085 1169 133129 131445 6561 124884 8865 7755 7702 7670 2775 1498 1476 937 391 335 56 116019 11492 104527 4101 2681 393 1684 755
cat_boundaries=0 1 2 3 4 5
cat_threshold=854 55169 2048 16384 21059
is_linear=0
shrinkage=0.05


Tree=228
num_leaves=31
num_cat=7
split_feature=20 8 1 0 20 0 19 22 19 6 19 19 21 12 18 19 0 22 0 20 20 19 17 22 13 0 0 20 16 22
split_gain=16.9639 3.59664 1.22266 2.37106 6.38938 2.13002 3.75456 2.43702 2.14467 2.69295 2.67907 3.09594 2.10668 3.00167 2.06562 3.98021 2.33211 3.79809 1.98445 3.11033 2.76279 3.14425 3.98866 1.99898 1.95032 2.48266 2.13748 1.99519 2.50379 2.06337
threshold=1.0000000180025095e-35 2.5000000000000004 0 1 0.75364749892381078 2 3.9707212699057601 7.7123916999459565 1.1705639812041522 1.0000000180025095e-35 1.4326366698603892 1.9547769238740993 7.0044280632177705 7.1499560810597229 0.1963850779403665 4.1033560342151123 3 7.0273449130842875 4 0.50710923306503375 0.67608782084881447 5.6408521765671304 6.197515354838667 6.9951083005894352 2.0856528016791152 5 6 0.18363305984648259 0.17214057499926458 6.9823099568885416
decision_type=8 2 1 1 8 1 10 10 8 2 10 10 10 10 10 10 1 8 1 10 10 10 10 10 10 1 1 10 10 10
left_child=1 -1 5 -4 14 6 7 8 -2 -10 -11 -12 -7 24 15 16 17 -5 19 23 21 -21 -23 -16 25 -14 27 28 -26 -29
right_child=2 -3 3 4 -6 12 -8 -9 9 10 11 -13 13 -15 18 -17 -18 -19 -20 20 -22 22 -24 -25 26 -27 -28 29 -30 -31
leaf_value=1.5666253256552133e-06 0.00018999759877775155 5.0525402028878121e-09 -2.5166145497779755e-06 -0.017878992188770076 0.0072872370387338046 0.00015247496372612697 -0.065158377898259387 -0.011106458264878563 -0.0036324127076696974 -0.0061573430778021025 -0.016260229670875058 -0.019040152486107846 0.0032404747115161291 -0.0036541104389310646 -0.00013037311944724691 0.0016699861078063956 9.2894295923830954e-05 -0.0049690469081243131 0.00012687351267013408 -0.0076468346660122262 0.022103825151554953 -0.028640230422909675 -0.0085040666251974938 -0.0049853151286919492 -0.0031226715220174684 -4.9962579522209899e-06 -0.00096122145169816461 -0.0066636434848569605 -0.0051375180901206685 -0.00088175767008220039
leaf_weight=705 695 2158 46676 26 4505 25964 39 33 2122 172 22 21 1069 721 860 13848 10474 537 42548 31 24 24 31 202 118 6877 8441 109 39 507
leaf_count=705 695 2158 46676 26 4505 25964 39 33 2122 172 22 21 1069 721 860 13848 10474 537 42548 31 24 24 31 202 118 6877 8441 109 39 507
internal_value=0.000170934 0.00398708 0.000105407 0.000190173 0.000367889 -0.000110865 -0.00137444 -0.00118271 -0.00103562 -0.0017608 -0.00709302 -0.0182558 -2.1092e-05 -0.000438734 0.00024816 0.000611815 -9.64934e-05 -0.00320244 4.11713e-05 -0.0019797 -0.01 -0.014186 -0.0213636 -0.00116761 -0.000305944 0.00026806 -0.000800955 -0.0033014 -0.0083758 -0.00206169
internal_weight=169598 2863 166735 119786 73110 46949 3104 3065 3032 2337 215 43 43845 17881 68605 24885 11037 563 43720 1172 110 86 55 1062 17160 7946 9214 773 157 616
internal_count=169598 2863 166735 119786 73110 46949 3104 3065 3032 2337 215 43 43845 17881 68605 24885 11037 563 43720 1172 110 86 55 1062 17160 7946 9214 773 157 616
cat_boundaries=0 1 2 3 4 5 6 7
cat_threshold=4 3186 642 24576 4352 32864 43076
is_linear=0
shrinkage=0.05


Tree=229
num_leaves=31
num_cat=2
split_feature=20 8 17 11 1 4 12 4 22 21 12 14 6 22 9 1 22 4 22 21 20 9 4 22 3 11 15 19 15 15
split_gain=18.1875 3.23545 1.81387 2.73629 1.41874 1.5641 2.53981 1.95887 1.69269 1.42579 1.38389 2.40083 1.3401 3.60627 3.24597 3.26502 3.63117 2.98781 3.49207 3.83109 2.67866 2.36295 8.33488 2.83329 2.59183 2.23757 2.16315 2.40136 2.35327 2.15297
threshold=1.0000000180025095e-35 2.5000000000000004 7.555607333623616 2.4024201905583298 0 5.5000000000000009 6.6123097798005945 1.5000000000000002 7.1104749647455456 6.8548816504324757 7.1815158932009657 6.862967074317786 1.0000000180025095e-35 6.9157194734776768 1.0000000180025095e-35 1 6.2625014380114434 6.5000000000000009 6.6832444156148538 6.7540210090428721 0.34267495661194208 1.0000000180025095e-35 9.5000000000000018 7.212374476276354 1.0000000180025095e-35 6.8588275708961115 2.9351872388735214 3.2944943067725814 3.261056473990871 3.5225952051284604
decision_type=8 2 8 10 1 2 8 2 10 10 10 8 2 8 2 1 10 2 10 8 10 2 2 10 2 10 8 10 8 10
left_child=1 -1 4 -4 5 6 -2 -8 -9 -7 -10 -12 21 14 15 -14 20 18 19 -16 -17 25 23 24 -23 -6 -26 -28 -29 -19
right_child=2 -3 3 -5 12 9 7 8 10 -11 11 -13 13 -15 17 16 -18 29 -20 -21 -22 22 -24 -25 26 -27 27 28 -30 -31
leaf_value=1.4882940593707874e-06 -6.2598229964178208e-06 4.7999131946863121e-09 0.00032424899433820017 0.010332323480290954 6.2982821610463987e-07 0.00040056049850027979 9.8832456847706263e-05 -0.001419340274084513 -0.0024940575122924811 -5.9531440056733311e-05 -0.011080147480683632 -0.0028375691456643992 5.7774469439789551e-05 9.9847322062730195e-06 -0.0030016442096316449 -0.16049208137676155 -0.00091749375255527224 -0.0078778963856100254 -0.0023989076125623013 -0.0076845884731374355 -0.012047170320623447 0.0021348621017096758 0.0040914984015209569 0.0026941415181958982 -0.0066326388422687389 0.0017264988108055435 0.0037224796600406891 -0.0064325974290119327 -0.00084207154364447233 0.0013215471285165444
leaf_weight=706 11568 2177 5436 1083 59923 10015 1868 4602 2091 14833 56 109 3694 31062 57 22 4168 27 434 49 189 748 3483 486 87 6133 299 46 4079 281
leaf_count=706 11568 2177 5436 1083 59923 10015 1868 4602 2091 14833 56 109 3694 31062 57 22 4168 27 434 49 189 748 3483 486 87 6133 299 46 4079 281
internal_value=0.00010868 0.00404613 4.06764e-05 0.000858261 7.44989e-06 -0.000230162 -0.000555829 -0.00119986 -0.00159084 3.5818e-05 -0.00271277 -0.00712121 0.000100506 -0.000133432 -0.0010195 -0.000710392 -0.00163393 -0.00396226 -0.0062037 -0.0143396 -0.00803317 0.000224749 0.000974209 -0.000195822 -0.000533371 0.00012005 -0.000985369 -0.000831826 -0.00114545 -3.24673e-05
internal_weight=169811 2883 166928 6519 160409 45142 20294 8726 6858 24848 2256 165 115267 39983 8921 8073 4379 848 540 106 211 75284 9228 5745 5259 66056 4511 4424 4125 308
internal_count=169811 2883 166928 6519 160409 45142 20294 8726 6858 24848 2256 165 115267 39983 8921 8073 4379 848 540 106 211 75284 9228 5745 5259 66056 4511 4424 4125 308
cat_boundaries=0 1 2
cat_threshold=4 2
is_linear=0
shrinkage=0.05


Tree=230
num_leaves=31
num_cat=9
split_feature=20 8 17 0 22 16 1 20 20 1 4 21 21 3 1 0 20 20 4 0 4 4 1 8 3 0 0 22 16 20
split_gain=18.1885 3.05256 2.02035 2.34616 1.72987 1.90212 1.29287 1.45321 1.52207 1.17615 1.18028 1.37092 1.37528 1.17052 1.13379 2.66084 1.94245 1.81184 1.20892 2.09815 2.53676 2.19466 2.91082 1.047 1.02675 5.37956 2.44195 2.3488 6.75776 2.44375
threshold=1.0000000180025095e-35 2.5000000000000004 7.555607333623616 0 7.0153334373828402 0.085394604849869299 1 0.13074213495133152 0.11507317529480547 2 8.5000000000000018 7.1712726506405104 7.698933631191955 5.5000000000000009 3 4 0.10486342005433268 0.28849181758168546 7.5000000000000009 5 9.5000000000000018 8.5000000000000018 6 1.5000000000000002 1.0000000180025095e-35 7 8 8.7462259215500584 0.73113569475392359 0.79708292673758185
decision_type=8 2 8 1 10 8 1 10 10 1 2 8 8 2 1 1 10 10 2 1 2 2 1 2 2 1 1 8 10 10
left_child=1 -1 24 6 5 -5 -4 8 9 23 11 -11 -13 -9 15 16 -7 18 -16 20 21 -20 -23 -8 25 27 -26 -2 29 -29
right_child=2 -3 3 4 -6 14 7 13 -10 10 -12 12 -14 -15 17 -17 -18 -19 19 -21 -22 22 -24 -25 26 -27 -28 28 -30 -31
leaf_value=1.4800957128845905e-06 0.0029354704646161267 4.5599175324539947e-09 0.00061886117163596028 -0.080687290455848437 0.010069805016834779 -0.010293590088339759 -0.0021182847454458732 0.00062832997976137919 -0.0042381083537358427 0.0019333379953482823 0.0031413668987335837 -0.0097717257634968094 -0.0069262645980559248 -0.0038479329937709584 0.013679324349811901 0.0032640916571488412 0.00029654371592654913 0.00025149511656735209 -0.0021039622370139011 0.012805716027407935 0.0018250256939344588 -0.046161840770043094 -0.0061292106869019211 0.00035792360855958728 1.7377962835941096e-05 -4.3627232013842188e-05 -3.6971771290278887e-05 0.0015218056976193601 -0.013489718873166384 -0.040950519171116466
leaf_weight=676 8469 2178 161 21 593 189 131 105 23 41 55 20 152 22 1461 274 125 2018 86 716 258 28 60 23 55306 11816 83799 1121 159 54
leaf_count=676 8469 2178 161 21 593 189 131 105 23 41 55 20 152 22 1461 274 125 2018 86 716 258 28 60 23 55306 11816 83799 1121 159 54
internal_value=0.000131069 0.004089 6.35441e-05 0.000923499 0.00125792 0.000970206 -0.00172947 -0.00286713 -0.00421348 -0.00353081 -0.00152985 -0.00321596 -0.00517442 0.00185039 0.00103068 -0.00103741 -0.00410494 0.00129349 0.00216366 0.000949478 -0.00178733 -0.00649425 -0.0120455 -0.00701299 2.8434e-05 0.000348999 -2.13865e-05 0.00121421 -0.000734632 0.000574468
internal_weight=170140 2854 167286 6562 5829 5236 733 572 445 422 268 213 172 127 5215 588 314 4627 2609 1148 432 174 88 154 160724 21619 139105 9803 1334 1175
internal_count=170140 2854 167286 6562 5829 5236 733 572 445 422 268 213 172 127 5215 588 314 4627 2609 1148 432 174 88 154 160724 21619 139105 9803 1334 1175
cat_boundaries=0 1 2 3 4 5 6 7 8 9
cat_threshold=22 2 1 2 320 9792 1 60584 597
is_linear=0
shrinkage=0.05


Tree=231
num_leaves=31
num_cat=2
split_feature=20 8 15 4 19 11 12 19 19 19 19 20 1 21 7 10 4 4 7 20 7 14 20 20 20 5 7 3 1 21
split_gain=17.3061 3.47397 1.60099 3.46899 2.89508 3.11137 2.68872 2.5375 2.81688 3.60278 2.17167 2.81483 2.14276 1.82339 2.13752 1.48337 1.42679 2.66542 2.07056 1.31165 1.20755 1.13722 1.1283 1.9537 1.61582 1.12084 1.088 1.06535 1.6018 1.66667
threshold=1.0000000180025095e-35 2.5000000000000004 7.5991337065958158 10.500000000000002 5.741579572753448 5.5763277476172712 5.4465218079638982 2.7086114360949427 6.4658331717782138 6.1688942348695148 2.9304004773526047 0.42872968977063008 0 7.5248301129598225 3.5000000000000004 3.6389002209295209 4.5000000000000009 2.5000000000000004 8.5000000000000018 0.30697458329011013 2.5000000000000004 2.0604932465842616 0.19963721878852189 0.38665246255199792 0.3196192004200657 1.0000000180025095e-35 6.5000000000000009 5.5000000000000009 1 7.3482644339574383
decision_type=8 2 8 2 10 8 8 10 10 10 10 10 1 8 10 10 2 2 10 8 10 10 10 10 10 2 10 2 1 8
left_child=1 27 -2 4 15 -6 -7 12 9 10 11 -9 19 -12 20 -4 17 -8 25 -5 21 -15 -11 24 -24 -19 -21 -1 -29 -30
right_child=2 -3 3 7 5 6 16 8 -10 22 13 -13 -14 14 -16 -17 -18 18 -20 26 -22 -23 23 -25 -26 -27 -28 28 29 -31
leaf_value=1.4375800208576983e-06 3.44980011891691e-06 4.3319216547210715e-09 4.1955073857621415e-05 -0.00011316700858155392 -0.016173085514929714 -0.011652239164151425 0.0099914556261146512 0.0083109056342425269 0.0026071999358295455 -0.014222894694130886 0.0069102591418551129 -0.051216316899390615 0.00069538255450156319 -0.0070242535932633424 0.00098415645249173497 0.0078347554352448598 0.0080267896148169815 0.00081059462717191335 -0.035793006475338236 -0.013397363156345638 -0.016543826828870217 -0.00017021207723024161 -0.017689817836684843 -0.050221987908838472 0.018176888324229357 -0.0041913249161794714 -0.010425969101739572 1.127266616991258e-05 -1.3930199643114248e-05 -1.268214586575327e-06
leaf_weight=578 148920 2190 8942 139 37 22 990 22 486 20 202 26 931 566 409 749 2962 697 33 26 165 249 33 25 26 223 30 49 20 60
leaf_count=578 148920 2190 8942 139 37 22 990 22 486 20 202 26 931 566 409 749 2962 697 33 26 165 249 33 25 26 223 30 49 20 60
internal_value=0.000184806 0.00401622 0.000118313 0.000563576 0.000895599 0.00187752 0.001986 -0.000886736 -0.00186406 -0.00280264 -0.00223002 -0.0127083 0.00104796 -0.00191389 -0.0025594 0.000392633 0.00206422 0.00101132 -0.00087618 -0.00371795 -0.00382653 -0.00303681 -0.0118269 -0.00928571 -0.00432203 -0.000434782 -0.0101786 0.000968883 -0.00313953 -0.0075
internal_weight=169827 2897 166930 18010 14655 4964 4927 3355 2229 1743 1639 48 1126 1591 1389 9691 4905 1943 953 195 980 815 104 84 59 920 56 707 129 80
internal_count=169827 2897 166930 18010 14655 4964 4927 3355 2229 1743 1639 48 1126 1591 1389 9691 4905 1943 953 195 980 815 104 84 59 920 56 707 129 80
cat_boundaries=0 1 2
cat_threshold=2 4
is_linear=0
shrinkage=0.05


Tree=232
num_leaves=31
num_cat=1
split_feature=20 15 17 10 3 20 20 19 22 20 3 9 4 19 4 17 16 15 20 20 19 1 17 18 17 15 18 10 13 18
split_gain=17.9965 3.12967 2.2491 1.38426 1.54193 1.63673 2.32794 1.43992 1.62703 1.32779 1.30414 3.21912 2.32654 2.29514 2.11246 2.07074 2.12355 2.10669 2.02989 4.47785 4.59753 2.52 4.49363 2.23098 2.76682 2.5377 3.23766 2.37857 1.8743 1.85764
threshold=1.0000000180025095e-35 1.0000000180025095e-35 7.4348148797703795 1.9530024665512917 1.0000000180025095e-35 0.32528524361519001 0.35576958556714727 2.7640284483770787 7.212374476276354 0.62422862781296307 1.0000000180025095e-35 1.0000000180025095e-35 9.5000000000000018 6.6624567654655236 4.5000000000000009 6.5888451488639115 0.27511410641712669 6.5974852954627767 0.58504782123881482 0.50710923306503375 4.3913830904529307 0 6.0809810640961741 0.29803119685137813 6.8628369132589855 4.9479618880655467 0.77143593067126426 7.0691085257189643 2.8361459037824157 2.3059096439962876
decision_type=8 10 8 8 2 10 10 10 10 10 2 2 2 10 2 10 8 10 10 10 10 1 10 10 10 10 10 10 8 10
left_child=1 -1 10 -4 5 -5 -7 -8 9 -9 11 13 14 15 -13 29 17 -17 19 -12 -21 22 -20 -22 25 26 -25 -26 -23 -2
right_child=2 -3 3 4 -6 6 7 8 -10 -11 18 12 -14 -15 -16 16 -18 -19 21 20 23 28 -24 24 27 -27 -28 -29 -30 -31
leaf_value=1.30707785516819e-06 -2.9071975319893331e-06 4.1153255692094602e-09 -0.0021039820974467485 0.00064389870125584794 0.0013906099987480703 -0.028668639075858933 0.0038775254829834481 -0.06040835665583786 0.021816832594082958 0.00027872647107465739 -1.3994276943818386e-06 0.0032369742631143347 0.0068050533466497698 0.0028212824666555502 -0.00023409516487911294 -0.012903479133766931 0.00096706801922569977 -0.0085078564981024406 0.0052692276742951107 -0.00044628919532776405 -0.00092399582890365637 -0.0015626560209446535 -0.0050849622461115861 -0.0075330935643772969 -0.014457606685642239 -0.0026549624458056063 -0.028827988537682422 -0.0030133968153161941 0.00078042489522044416 -0.01253973288879528
leaf_weight=725 13976 2176 289 585 6048 31 69 43 22 24 118972 1221 906 3457 1538 50 105 162 3320 2617 459 1791 162 389 130 589 21 66 9855 90
leaf_count=725 13976 2176 289 585 6048 31 69 43 22 24 118972 1221 906 3457 1538 50 105 162 3320 2617 459 1791 162 389 130 589 21 66 9855 90
internal_value=0.000147686 0.00405205 7.98567e-05 0.000949937 0.00109352 -0.00100775 -0.00505291 -0.00259494 -0.00679775 -0.0106716 4.11571e-05 0.000403395 0.00175307 0.000126121 0.00103117 -0.000151915 -0.00414826 -0.0070283 -1.51403e-05 -8.22357e-05 -0.00167291 0.000531465 0.00171166 -0.0037364 -0.00487448 -0.00380881 -0.00682927 -0.0103061 0.000178602 -6.18511e-05
internal_weight=169888 2901 166987 7111 6822 774 189 158 89 67 159876 21505 3665 17840 2759 14383 317 212 138371 123243 4271 15128 3482 1654 1195 999 410 196 11646 14066
internal_count=169888 2901 166987 7111 6822 774 189 158 89 67 159876 21505 3665 17840 2759 14383 317 212 138371 123243 4271 15128 3482 1654 1195 999 410 196 11646 14066
cat_boundaries=0 1
cat_threshold=2
is_linear=0
shrinkage=0.05


Tree=233
num_leaves=31
num_cat=0
split_feature=18 19 19 22 3 15 17 8 3 4 22 22 3 8 22 22 12 22 14 5 17 19 15 17 18 18 22 15 22 11
split_gain=11.706 4.30247 4.71151 5.71351 5.08672 4.27097 2.82555 1.52944 1.29268 1.23587 1.1965 1.1557 1.63773 1.21124 1.11467 1.05349 1.0527 1.04698 1.37525 3.0039 1.93472 1.90815 1.73678 1.49112 1.48471 1.66175 2.50961 1.91341 3.52763 1.95099
threshold=1.0000000180025095e-35 0.69322269047845697 0.71180929492339196 7.1188247266327584 5.5000000000000009 0.37012364598125269 7.4348148797703795 1.5000000000000002 5.5000000000000009 9.5000000000000018 7.1955796690028153 7.0230681029852482 1.0000000180025095e-35 5.5000000000000009 7.0109764632014828 7.1552388036122254 7.5286005116747496 7.531703380926202 6.0570181504373055 1.0000000180025095e-35 7.1015365346160655 7.1225367961994994 6.9100897184897869 6.8962116918155063 0.14453900129268696 0.31463152142774625 7.5879650409482435 6.2278425702300186 7.8032019309617793 5.9924635484393187
decision_type=8 10 10 10 2 10 8 2 2 2 10 8 2 2 10 8 10 10 10 2 10 10 10 10 10 10 10 10 10 8
left_child=1 5 3 -3 15 8 16 -8 -1 -5 -6 12 -9 14 -14 -4 17 -2 -19 22 23 -22 24 -21 -20 26 -26 28 -28 -30
right_child=6 2 4 9 10 -7 7 11 -10 -11 -12 -13 13 -15 -16 -17 -18 18 19 20 21 -23 -24 -25 25 -27 27 -29 29 -31
leaf_value=7.5856841562781173e-07 1.6916857594457172e-05 -9.3118888921741031e-06 7.9153807009988741e-07 -1.3706839530876778e-06 -4.4937405522079131e-06 3.9095592929694339e-09 0.00015997094739829092 -0.040433671020038114 -4.4735322028848853e-06 2.0237921850851937e-06 -1.6778522511108309e-05 0.0036754463616967335 0.003467820771650117 -0.00055727021227611618 -0.0059928752696081708 1.0053026850828371e-05 -0.002557953387765518 -7.1453576730337004e-06 0.0034294708471376621 -0.0098272532915319021 -0.012000032674415004 -0.015994942146301191 0.00083786131888456943 0.00056689722147161331 0.0023982263150444504 0.00034499617063865693 -0.014177443726183661 -0.0028349664731275922 0.0033723960149407311 -0.0050554503866709066
leaf_weight=399 130383 37 330 89 68 2160 5074 99 89 39 91 1634 238 258 20 611 849 22423 179 309 33 49 1721 198 285 792 21 1232 35 47
leaf_count=399 130383 37 330 89 68 2160 5074 99 89 39 91 1634 238 258 20 611 849 22423 179 309 33 49 1721 198 285 792 21 1232 35 47
internal_value=0.000150243 0.00285331 0.000454546 -0.00742424 0.00163636 0.00399924 8.64789e-05 0.0010467 -0.00022541 -0.00242187 -0.00663522 0.00213206 0.000284553 0.00141473 0.00383721 0.00303401 4.21304e-05 5.15832e-05 -0.000229834 -0.000988574 -0.00433786 -0.0114634 -0.000531076 -0.0031854 -0.0013489 -0.00167496 -0.00259259 -0.00350187 -0.0100485 -0.00536585
internal_weight=169792 3913 1265 165 1100 2648 165879 7323 488 128 159 2249 615 516 258 941 158556 157707 27324 4901 589 82 4312 507 2591 2412 1620 1335 103 82
internal_count=169792 3913 1265 165 1100 2648 165879 7323 488 128 159 2249 615 516 258 941 158556 157707 27324 4901 589 82 4312 507 2591 2412 1620 1335 103 82
is_linear=0
shrinkage=0.05


Tree=234
num_leaves=31
num_cat=7
split_feature=18 19 15 19 0 21 4 22 13 3 22 3 1 22 18 0 15 7 1 19 13 16 22 0 1 22 0 19 10 6
split_gain=11.3133 4.70064 3.91661 3.57611 6.52084 3.80175 4.05537 3.19478 3.41519 2.37853 2.03041 1.44424 1.57895 1.4067 1.28205 1.97689 2.17308 2.18436 2.28931 1.51429 1.57748 1.48608 1.38077 1.34368 1.78779 1.9043 1.34573 1.30974 1.2534 1.22309
threshold=1.0000000180025095e-35 0.69322269047845697 0.37012364598125269 0.73026094190808244 0 7.0044280632177705 9.5000000000000018 7.1188247266327584 0.66750053336617021 5.5000000000000009 7.1752435278881519 5.5000000000000009 1 7.4986288929697986 0.07461110890142568 2 2.5651408915288916 44.500000000000007 3 5.8108857907823817 1.3986406674150766 0.051336970460781832 6.8204393033548554 4 5 6.3217839532665012 6 7.0876025575716612 6.4350278279855386 1.0000000180025095e-35
decision_type=8 10 10 10 1 8 2 10 10 2 10 2 1 8 10 1 8 10 1 8 8 8 10 1 1 10 1 10 8 2
left_child=1 2 11 4 5 -3 7 -7 -9 -5 -11 -1 -13 -14 15 16 -2 21 -19 22 -21 -18 -17 -22 26 -26 27 28 -25 -23
right_child=14 3 -4 9 -6 6 -8 8 -10 10 -12 12 13 -15 -16 19 17 18 -20 20 23 29 -24 24 25 -27 -28 -29 -30 -31
leaf_value=1.12833969669619e-06 -0.011228086771849352 -6.1445867580667284e-06 3.71408132582296e-09 4.0381440802828021e-05 1.1747498937352949e-06 -6.4421245801929875e-06 6.109324060541817e-06 -4.2252324552748867e-05 -5.5955798588069103e-07 2.7593967251018102e-05 -1.7736296755352836e-05 1.0628135525727177e-05 -1.3291421514977047e-05 -1.8612997662394067e-06 1.6965454091918094e-05 -0.00063335894572348888 -0.0048683438449595266 -0.0081358425229627902 -0.0032187943634259561 -0.0058545933126387083 0.017978868315468532 -0.00010074515846229915 0.00024010235099002585 -0.0067423967282161587 -0.0025939988022750503 0.0019924823270246472 0.012586942335237827 -0.027231363878392614 0.0061572769345386901 0.00016076045046677139
leaf_weight=396 27 31 2176 561 328 20 59 28 88 41 53 38 24 33 157915 2415 53 28 78 37 685 580 1050 39 839 191 1570 38 225 189
leaf_count=396 27 31 2176 561 328 20 59 28 88 41 53 38 24 33 157915 2415 53 28 78 37 685 580 1050 39 839 191 1570 38 225 189
internal_value=0.000201225 0.00287152 0.00404387 0.00028536 -0.00267148 -0.00898305 -0.00679487 -0.0115441 -0.00836207 0.00278626 -0.00457447 1.01835e-05 -0.00552632 -0.0107895 0.00013886 0.0007546 -0.00137306 -0.000980603 -0.00773585 0.0010417 0.00175773 -0.000109489 0.000295815 0.00186367 0.00137706 -0.000291262 0.00230235 -0.000769231 0.000454546 0.000448635
internal_weight=169835 3876 2667 1209 554 226 195 136 116 655 94 491 95 57 165959 8044 955 928 106 7089 3624 822 3465 3587 2902 1030 1872 302 264 769
internal_count=169835 3876 2667 1209 554 226 195 136 116 655 94 491 95 57 165959 8044 955 928 106 7089 3624 822 3465 3587 2902 1030 1872 302 264 769
cat_boundaries=0 1 2 3 4 5 6 7
cat_threshold=16 4 6 1 55337 1 1040
is_linear=0
shrinkage=0.05


Tree=235
num_leaves=31
num_cat=5
split_feature=20 15 20 0 20 3 20 14 18 18 0 21 4 15 4 20 21 18 4 16 4 0 20 20 18 18 18 3 0 0
split_gain=16.5122 4.06199 1.67431 2.86342 2.84276 2.84896 2.40328 3.5024 3.26259 2.63993 2.22181 2.33446 2.45073 2.05287 1.74169 3.07749 2.54997 2.76512 2.2219 1.66996 2.89234 4.32491 2.7473 5.1609 2.95595 3.11143 2.18281 1.6883 5.66913 2.95807
threshold=1.0000000180025095e-35 1.0000000180025095e-35 0.61093026266415218 0 0.98480119836490176 1.5000000000000002 0.50710923306503375 5.3638709698773601 0.24750101871712449 0.28688478949454005 1 6.8029500104663247 9.5000000000000018 3.4197662153040453 4.5000000000000009 0.57231568008903977 7.3142198319787717 0.39690744175721537 3.5000000000000004 0.68174778555683846 11.500000000000002 2 0.43878331937743159 0.35288145586914349 0.20456727519790832 0.18694201288641291 0.28688478949454005 3.5000000000000004 3 4
decision_type=8 10 8 1 8 2 10 10 10 8 1 8 2 10 2 10 8 10 2 8 2 1 10 10 8 10 10 2 1 1
left_child=1 -1 6 -4 5 13 10 9 -9 -8 19 12 -12 -5 15 16 17 -10 -18 27 -21 22 23 24 25 -22 -25 29 -29 -2
right_child=2 -3 3 4 -6 -7 7 8 14 -11 11 -13 -14 -15 -16 -17 18 -19 -20 20 21 -23 -24 26 -26 -27 -28 28 -30 -31
leaf_value=7.6663301024779291e-07 -0.00025807825405151124 3.5283772570338101e-09 5.0201028520646696e-05 0.013816441846536144 0.017431963698587068 0.0052887406082171616 0.0026279306671714289 0.0004998782127981639 -0.015010402285153712 -0.001288535464841741 2.3837024058703582e-05 -3.9324150872362087e-05 0.0022797219271185579 -0.0041870713761388064 -0.0052512735279726169 0.0035582039302412037 -0.014368544908642547 -0.001459155239443387 -0.020362531612039641 0.00040662633764329531 -0.0088904634965957796 0.0053696847929647577 0.0015552993725778703 -0.060578135000864869 1.133060961796532e-05 -0.0047383313669617727 -0.026623771255033846 0.0036893365520277509 3.1687871120366857e-06 2.516002356296802e-05
leaf_weight=694 33690 2169 11463 246 2053 3848 689 274 49 4669 10461 42053 2984 1632 563 58 88 89 21 5704 45 286 44 39 128 25 22 6993 22897 15342
leaf_count=694 33690 2169 11463 246 2053 3848 689 274 49 4669 10461 42053 2984 1632 563 58 88 89 21 5704 45 286 44 39 128 25 22 6993 22897 15342
internal_value=0.00016974 0.00393468 0.000104984 0.000543603 0.00128322 0.000712539 4.76522e-05 -0.000892307 -0.0034063 -0.000356476 9.10721e-05 -0.000155113 0.000418371 -0.000883919 -0.00490783 -0.00795082 -0.0103846 -0.00586956 -0.0161009 0.000251394 0.00103528 -0.00230051 -0.00634185 -0.00851351 -0.00459596 -0.0128571 -0.0212295 0.000188921 0.000485112 8.36207e-06
internal_weight=169318 2863 166455 19242 7779 5726 147213 6500 1142 5358 140713 55498 13445 1878 868 305 247 138 109 85215 6293 589 303 259 198 70 61 78922 29890 49032
internal_count=169318 2863 166455 19242 7779 5726 147213 6500 1142 5358 140713 55498 13445 1878 868 305 247 138 109 85215 6293 589 303 259 198 70 61 78922 29890 49032
cat_boundaries=0 1 2 3 4 5
cat_threshold=1010 50055 386 1 16389
is_linear=0
shrinkage=0.05


Tree=236
num_leaves=31
num_cat=3
split_feature=20 8 17 11 0 19 19 20 3 19 11 19 19 19 13 10 2 0 11 21 18 13 11 2 2 16 10 0 20 18
split_gain=15.6707 4.36309 1.72547 1.44139 1.11855 1.81626 1.39311 1.85225 1.36717 2.28667 1.26638 0.934392 1.88503 1.04883 0.904641 1.71922 1.75024 1.54531 1.45184 1.41293 1.6993 1.21844 1.16749 1.86225 2.8452 1.20279 1.15686 1.11719 1.45973 1.91675
threshold=1.0000000180025095e-35 2.5000000000000004 7.4348148797703795 2.0856528016791152 0 2.85119340686088 2.0460354156292682 0.38017048683773969 5.5000000000000009 1.4326366698603892 1.9530024665512917 1.1280927304957948 1.2898050142582067 0.37250061371044813 7.0398356039823424 6.5515087738801077 2.5000000000000004 1 6.5000877021201164 8.993532301340311 0.25205917465757466 6.2976616366183675 7.0193413744341848 1.5000000000000002 2.5000000000000004 0.089555645004529325 7.1728081598057232 2 0.94968409520739117 0.40665851920076435
decision_type=8 2 8 10 1 8 10 10 2 10 8 8 8 10 10 10 2 1 8 8 10 10 10 2 2 10 8 1 10 10
left_child=1 -1 14 4 11 6 8 -8 -6 -10 -7 13 -13 -4 15 27 19 18 -18 21 -21 -17 -16 26 25 -25 -24 28 29 -2
right_child=2 -3 3 -5 5 10 7 -9 9 -11 -12 12 -14 -15 22 16 17 -19 -20 20 -22 -23 23 24 -26 -27 -28 -29 -30 -31
leaf_value=5.8095078968034568e-07 7.5949870428343024e-06 3.3519583941821199e-09 -0.0010102641427910857 0.0064838076933326459 0.00098627162703694075 -0.02848887170093168 -0.020697572148473606 -0.012887854186260761 0.0003402260705063442 -0.013599432548041739 0.0054949599322981074 -0.017964026845524686 -0.0011806590092033656 0.00042589160410251483 -0.0012832967572533804 0.0032328323529899937 0.0053278145998965042 0.0052758048392992016 -0.0010709064976710022 -0.011850421564066257 0.0048882504919497763 0.00086117583353705106 -2.4636211455826633e-05 -0.008112898829866046 0.001759691129520994 -0.002976577246621323 0.0050803260131370986 -0.0001172651228604608 0.0012377520260240232 -0.00064898840925509441
leaf_weight=705 60488 2126 65 1496 213 23 40 119 40 35 3109 26 1712 234 4480 3461 320 504 4027 26 22 5491 527 41 1171 1087 903 67702 1178 8181
leaf_count=705 60488 2126 65 1496 213 23 40 119 40 35 3109 26 1712 234 4480 3461 320 504 4027 26 22 5491 527 41 1171 1087 903 67702 1178 8181
internal_value=0.00018083 0.00386966 0.000118192 0.000880203 0.000512821 0.00104347 -0.00193512 -0.00569182 0.000138889 -0.00566667 0.0014719 -0.000422569 -0.000868815 0.00215719 8.42373e-05 0.000111955 0.000642914 -0.000122655 -0.000428047 0.00105556 -0.0075 0.00110143 -0.00042697 0.000226602 -0.000654632 -0.00244681 0.00164336 5.84884e-05 0.000198763 0.000168854
internal_weight=169552 2831 166721 7112 5616 3579 447 159 288 75 3132 2037 1738 299 159609 151400 13851 4851 4347 9000 48 8952 8209 3729 2299 1128 1430 137549 69847 68669
internal_count=169552 2831 166721 7112 5616 3579 447 159 288 75 3132 2037 1738 299 159609 151400 13851 4851 4347 9000 48 8952 8209 3729 2299 1128 1430 137549 69847 68669
cat_boundaries=0 1 2 3
cat_threshold=1622 16449 49814
is_linear=0
shrinkage=0.05


Tree=237
num_leaves=31
num_cat=1
split_feature=19 19 8 10 11 19 21 4 11 15 1 15 12 12 15 14 3 15 22 19 10 19 15 10 22 11 15 11 15 19
split_gain=5.68273 10.3326 4.21343 2.35878 1.41851 1.29164 3.14592 2.64914 1.56083 1.54121 1.58384 1.43635 2.33225 2.53978 2.60713 2.35212 2.1135 8.93141 2.55056 2.36976 2.06214 1.93 1.7528 1.92953 1.84978 1.8433 1.74179 1.45003 1.44423 1.41135
threshold=0.69322269047845697 0.69313598503394624 2.5000000000000004 1.9530024665512917 1.2668484069787163 0.72022334535698973 6.6470394442055296 2.5000000000000004 1.2668484069787163 0.54811503264236405 0 0.89240748276374371 6.4070449753465093 0.71754226264466137 0.77435709176599266 6.7021446072378135 5.5000000000000009 0.69331376394879285 6.8846102925991248 0.79907434236106833 0.71754226264466137 2.2362127191154029 0.67772355602398038 0.71754226264466137 7.5142869850546576 0.43773436867694998 0.69331376394879285 0.55920745798214477 0.67772355602398038 0.77671117126735367
decision_type=10 10 2 10 10 10 10 2 10 8 1 10 10 10 10 10 2 8 10 10 8 10 10 10 10 10 10 8 10 10
left_child=1 3 -3 4 -1 6 7 -2 -8 10 -7 12 13 14 16 -15 18 19 26 28 -16 -19 -20 27 -25 -26 -11 -24 -18 -30
right_child=5 2 -4 -5 -6 9 8 -9 -10 11 -12 -13 -14 15 20 -17 17 21 22 -21 -22 -23 23 24 25 -27 -28 -29 29 -31
leaf_value=-2.8844471815325033e-05 -3.4831843293037104e-05 1.0409170813463487e-06 3.184360475305681e-09 0.034866191683756736 0.013302368754758301 -0.0072662856042082632 -2.6106902667153308e-07 -2.8871391641322138e-05 -0.0054384642881630104 0.00011320412113016861 0.00043387622414686305 2.2728276480339006e-05 0.0078225634798215482 -7.8765841585339634e-05 0.00025427271863123513 -0.020060915838535 0.0049173858681134525 -5.7426628466038259e-05 -7.5088367524406269e-06 -5.2659295124398364e-06 4.1929858494321948e-05 0.0017377031042295592 -0.0030442208023901702 9.7774816142984838e-06 -0.0023506720249085195 -0.00018160565108282759 -6.1024032887525199e-05 4.3504703355102143e-05 -3.857070419262788e-05 -6.4027829449308271e-05
leaf_weight=6369 20 721 2157 297 234 44 1171 142 21 8395 55 134942 851 4552 1060 27 22 685 694 130 1575 2278 25 209 25 58 241 2298 153 35
leaf_count=6369 20 721 2157 297 234 44 1171 142 21 8395 55 134942 851 4552 1060 27 22 685 694 130 1575 2278 25 209 25 58 241 2298 153 35
internal_value=0.000183968 0.00135406 0.00387074 0.000304348 0.000108284 0.00011233 -0.00142541 -0.00796296 -0.000536913 0.000125479 -0.00611111 0.00012938 0.000491786 0.000394444 0.000663479 -0.000656257 0.000412513 -0.000706933 0.00072206 -0.00838235 0.00211575 0.000173811 0.00190239 0.00249522 -0.00133562 -0.0076506 0.000269801 0.00297675 -0.0116667 -0.0130851
internal_weight=169486 9778 2878 6900 6603 159708 1354 162 1192 158354 99 158255 23313 22462 17883 4579 15248 3303 11945 340 2635 2963 3309 2615 292 83 8636 2323 210 188
internal_count=169486 9778 2878 6900 6603 159708 1354 162 1192 158354 99 158255 23313 22462 17883 4579 15248 3303 11945 340 2635 2963 3309 2615 292 83 8636 2323 210 188
cat_boundaries=0 1
cat_threshold=4
is_linear=0
shrinkage=0.05


Tree=238
num_leaves=31
num_cat=2
split_feature=20 8 11 3 0 15 10 4 4 14 12 16 10 3 13 11 11 10 20 0 3 15 20 14 18 13 6 4 14 12
split_gain=16.6792 4.2077 1.29575 1.66886 1.97272 1.37349 2.14386 2.10258 1.42469 1.89492 1.67573 1.38933 1.92536 2.08104 1.76058 1.38508 1.28883 1.28048 1.27488 2.90914 3.39878 2.75461 2.39723 4.61751 1.8467 1.82737 1.55394 2.23923 2.75704 2.01522
threshold=1.0000000180025095e-35 2.5000000000000004 6.8449219641410481 3.5000000000000004 0 6.7783774058422788 6.5515087738801077 2.5000000000000004 6.5000000000000009 7.0103569916247555 6.9307390855264854 0.13820552491184263 7.1414430245893703 5.5000000000000009 7.1554353323795619 6.802450315793676 6.7893658078979646 7.3508371991323473 0.58504782123881482 1 1.5000000000000002 3.4001510182624615 0.50710923306503375 4.5114086553913824 0.37535818243325964 2.8361459037824157 1.0000000180025095e-35 3.5000000000000004 5.384724367998337 3.6389002209295209
decision_type=8 2 10 2 1 10 10 2 2 8 8 10 10 2 8 10 10 8 8 1 2 10 10 10 8 8 2 2 10 10
left_child=1 -1 5 17 -5 6 18 -7 9 10 -9 12 13 -11 -14 16 -12 -4 22 20 21 -20 -2 24 -24 -21 27 28 -25 -29
right_child=2 -3 3 4 -6 7 -8 8 -10 11 15 -13 14 -15 -16 -17 -18 -19 19 25 -22 -23 23 26 -26 -27 -28 29 -30 -31
leaf_value=8.5994835204994411e-07 2.1331760055108509e-06 3.0251424532057316e-09 -0.00074983079236164672 0.0068569825809772769 0.00079249342141729713 0.0018086622018261664 0.0018344786785830685 0.00066869523257406132 -0.00033722676977854563 0.0015331013412672768 -0.0059962138373812054 -0.00019064504308775659 -0.0061119072966421637 -0.013073674195574914 -0.0024668855641886652 -0.010128462289012563 0.0084688115341427766 0.0011062049956487208 0.014759812706066118 -0.001425551572434553 0.009342181596242019 -0.0054365388130052563 0.0014337795512572374 0.0039492600406583556 -0.00170220559235327 0.000245399165747888 -0.0015023701496197838 -0.026708306225699203 -0.014064166156186282 -0.0079431484615176944
leaf_weight=695 117100 2210 4545 1590 3498 1339 4968 229 3844 125 701 1405 22 23 72 33 36 4058 546 1890 4699 1782 785 111 2791 9786 285 117 154 220
leaf_count=695 117100 2210 4545 1590 3498 1339 4968 229 3844 125 701 1405 22 23 72 33 36 4058 546 1890 4699 1782 785 111 2791 9786 285 117 154 220
internal_value=0.000176796 0.00393287 0.000111362 0.000577387 0.0012952 6.96774e-05 0.000104452 -0.000575425 -0.000947612 -0.00184051 -0.00355856 -0.000798421 -0.00429752 -0.000743243 -0.00989362 -0.00467532 -0.00422659 0.000152854 6.8299e-05 0.000452601 0.00125551 -0.000304983 9.17238e-06 -0.00112816 -0.000327181 -3.16616e-05 -0.00435738 -0.00579734 -0.00235849 -0.00850148
internal_weight=169659 2905 166754 13691 5088 153063 145234 7829 6490 2646 999 1647 242 148 94 770 737 8603 140266 18703 7027 2328 121563 4463 3576 11676 887 602 265 337
internal_count=169659 2905 166754 13691 5088 153063 145234 7829 6490 2646 999 1647 242 148 94 770 737 8603 140266 18703 7027 2328 121563 4463 3576 11676 887 602 265 337
cat_boundaries=0 1 2
cat_threshold=1 63497
is_linear=0
shrinkage=0.05


Tree=239
num_leaves=31
num_cat=2
split_feature=20 8 17 11 1 20 20 22 20 15 20 5 19 4 15 4 22 9 18 17 8 4 4 9 15 9 1 22 18 4
split_gain=16.8649 4.05335 1.72244 1.21022 1.24878 1.77886 1.50945 1.14821 1.36948 2.57463 2.15225 1.13967 2.743 3.03998 3.00813 3.90085 7.447 2.78344 2.82705 2.70299 7.62913 1.91223 3.05454 3.94359 3.02346 2.49512 2.35708 2.04125 1.98508 3.19121
threshold=1.0000000180025095e-35 2.5000000000000004 7.3700181247529093 2.4024201905583298 0 0.24662136290770417 0.25250265470434791 7.0892958493936975 0.25250265470434791 7.4662098370778862 0.2611591344934841 1.0000000180025095e-35 1.9547769238740993 10.500000000000002 0.75109080256885963 1.5000000000000002 7.2238522310325139 1.0000000180025095e-35 0.67474215714565089 2.1466599549738192 3.5000000000000004 3.5000000000000004 8.5000000000000018 1.0000000180025095e-35 6.9415313118455471 1.0000000180025095e-35 1 8.1567087778626295 0.41715617877519573 4.5000000000000009
decision_type=8 2 8 10 1 10 10 8 10 10 10 2 10 2 8 2 10 2 10 8 2 2 2 2 10 2 1 8 10 2
left_child=1 -1 11 4 5 -4 -7 8 -5 -10 -11 21 14 19 15 16 -13 18 -15 20 -14 -2 23 24 28 26 -24 -28 -23 -30
right_child=2 -3 3 7 -6 6 -8 -9 9 10 -12 12 13 17 -16 -17 -18 -19 -20 -21 -22 22 25 -25 -26 -27 27 -29 29 -31
leaf_value=9.0697833149083126e-07 4.0051597355872083e-05 2.8738853297127776e-09 0.00096185748691963177 0.0041918803074446455 -0.00046169316959171204 -0.082165411893529106 2.0924937417604575e-05 0.0098426757928057901 0.0029270612681402955 -0.03208074665344967 -0.004797071604260638 -0.00093512238594841465 -0.025421233361960151 -0.015827587614583426 9.0953635848533366e-05 -3.4027421565311808e-06 -6.1061754387213603e-05 0.001500431048644455 0.0049694436908597692 -0.00049850340874573449 -0.002554583698866545 1.4864774562728095e-05 -3.5178941542737711e-05 -0.00099331676217658351 -0.0017925929095610059 0.0013144312294379541 7.1452910034901975e-05 -0.00040548321485141297 -0.0048152780319511371 -0.0002608130627928628
leaf_weight=696 32875 2182 1748 470 2740 22 1395 1114 132 30 145 40 34 651 4023 826 133 230 124 13440 299 39548 13942 9517 4054 6597 17654 5190 1661 8405
leaf_count=696 32875 2182 1748 470 2740 22 1395 1114 132 30 145 40 34 651 4023 826 133 230 124 13440 299 39548 13942 9517 4054 6597 17654 5190 1661 8405
internal_value=0.000145277 0.00394024 7.98917e-05 0.000805541 0.000453006 0.00112954 -0.000187015 0.0019064 0.000431146 -0.00216612 -0.00614286 4.43663e-05 -0.000310606 -0.000653674 0.000698925 -0.00175676 -0.00858381 -0.00330846 -0.00474194 -0.000459958 -0.00490991 9.47701e-05 -8.06978e-06 -0.00022988 -6.35386e-05 0.000314985 0.000154407 0.000467081 4.37378e-05 -0.000583151
internal_weight=169917 2878 167039 7796 5905 3165 1417 1891 777 307 175 159243 19800 14778 5022 999 173 1005 775 13773 333 139443 106568 63185 53668 43383 36786 22844 49614 10066
internal_count=169917 2878 167039 7796 5905 3165 1417 1891 777 307 175 159243 19800 14778 5022 999 173 1005 775 13773 333 139443 106568 63185 53668 43383 36786 22844 49614 10066
cat_boundaries=0 1 2
cat_threshold=1 2
is_linear=0
shrinkage=0.05


Tree=240
num_leaves=31
num_cat=4
split_feature=20 16 19 16 20 3 1 20 19 18 22 13 21 1 19 18 20 4 3 4 1 18 21 21 4 19 0 4 22 16
split_gain=16.9782 3.98255 2.17125 1.58517 12.4574 13.1768 9.97943 5.16684 4.90303 2.56792 2.27674 2.24677 3.13549 4.25329 2.94422 2.16203 2.06535 1.96636 1.84894 6.26502 1.6973 1.65099 1.8976 1.93835 1.61327 1.54198 1.37452 1.58992 1.35944 1.29725
threshold=1.0000000180025095e-35 1.0000000180025095e-35 7.3003784304405768 1.0000000180025095e-35 0.11018371921388019 5.5000000000000009 0 0.17950222823097703 0.95416120944535066 0.17747559858859846 7.4256322666828334 0.37096867236468872 7.0479518150395899 1 0.69322269047845697 0.1338165700472855 0.16998454516444247 9.5000000000000018 3.5000000000000004 4.5000000000000009 2 0.21905221510880835 7.2789734129149251 7.1312986703816295 7.5000000000000009 0.76473488021822422 3 2.5000000000000004 7.1288435707872218 0.078283333771698022
decision_type=8 8 8 8 10 2 1 10 10 10 10 10 10 1 10 10 10 2 2 2 1 10 10 10 2 10 1 2 10 8
left_child=1 -1 3 4 6 8 15 16 9 -6 11 14 13 -13 -8 18 25 28 19 -2 -14 22 23 -11 -9 -7 -4 -28 -16 -29
right_child=2 -3 26 -5 5 7 10 24 -10 21 -12 12 20 -15 17 -17 -18 -19 -20 -21 -22 -23 -24 -25 -26 -27 27 29 -30 -31
leaf_value=2.7301910621169159e-09 -6.7102618894914283e-06 8.9800295240439432e-07 -0.00016577087547069592 1.3604403701591772e-05 6.2121090572925811e-05 -3.3743925452645248e-05 0.0014315480297795778 2.2376309906322817e-05 -7.1015255671763149e-05 -2.4561183808381517e-05 2.9910181015946338e-06 7.4232751350282145e-07 -4.2108527865125647e-07 -3.1224081624089525e-05 -1.6785820554777096e-05 -4.1460774417303523e-06 -6.1824976486449286e-05 -3.0902767755327071e-06 -1.6554122651818222e-06 -3.8730421572815118e-06 1.2434346475298509e-06 3.2590057374485925e-05 1.7485935454948119e-05 -1.6128219701323041e-05 -3.2290679794436241e-05 -1.2593840033266125e-05 0.0071324921848361592 -0.012218554080053271 -4.2369035634224819e-05 0.0025086486932903106
leaf_weight=2183 42 706 1227 158765 1137 111 20 108 398 89 103 40 23 39 30 32 24 22 63 33 171 143 92 24 52 32 1023 32 22 2881
leaf_count=2183 42 706 1227 158765 1137 111 20 108 398 89 103 40 23 39 30 32 24 22 63 33 171 143 92 24 52 32 1023 32 22 2881
internal_value=0.000144018 0.00394427 7.8188e-05 4.59427e-05 -0.00112281 0.000656109 -0.00726562 -0.00860856 0.002265 0.00358586 -0.00351064 -0.00535422 -0.00305861 -0.0114557 -0.0120213 -0.0176471 -0.0147605 -0.0166216 -0.0203623 -0.0256667 0.000360825 -0.000172414 -0.00304878 -0.00738938 -0.0021875 -0.0124825 0.00108755 0.0015408 -0.0219231 0.000949193
internal_weight=169667 2889 166778 161615 2850 2210 640 327 1883 1485 470 367 273 79 94 170 167 74 138 75 194 348 205 113 160 143 5163 3936 52 2913
internal_count=169667 2889 166778 161615 2850 2210 640 327 1883 1485 470 367 273 79 94 170 167 74 138 75 194 348 205 113 160 143 5163 3936 52 2913
cat_boundaries=0 1 2 3 4
cat_threshold=1 2 2 598
is_linear=0
shrinkage=0.05


Tree=241
num_leaves=31
num_cat=2
split_feature=20 8 17 11 1 8 20 22 22 3 20 10 17 10 5 17 11 13 15 3 17 1 13 22 10 20 20 17 16 13
split_gain=17.0261 3.87078 1.64476 1.66371 1.26373 1.74784 1.61946 1.23787 1.22677 1.25859 1.13433 1.11104 2.53611 2.13675 1.96126 2.04141 1.78339 1.98562 1.70244 2.33119 1.76893 2.98416 2.46878 3.49922 3.0722 1.99284 5.25805 3.1414 2.20871 1.89746
threshold=1.0000000180025095e-35 2.5000000000000004 7.4348148797703795 2.3075602584206303 0 1.0000000180025095e-35 0.24750511404343384 7.0153334373828402 7.3371244222126624 5.5000000000000009 0.37353787374311814 4.143927747969351 3.8643678684594636 3.851210301366216 1.0000000180025095e-35 1.2680383039407841 3.9522043336703749 4.2406068100417533 1.4168328952363014 4.5000000000000009 4.4353239532957351 1 4.8287135773875844 7.8967290185604755 4.4194426548290009 0.50710923306503375 0.75364749892381078 6.9683182283815857 0.15217490185313301 4.3047403127531068
decision_type=8 2 8 10 1 2 10 8 8 2 10 8 10 10 2 10 8 8 8 2 10 1 8 8 8 10 10 10 10 10
left_child=1 -1 11 4 6 8 -4 -5 -6 -10 -11 12 13 -2 18 -16 17 -14 -13 20 21 -20 23 -22 -25 -24 27 -27 -29 -23
right_child=2 -3 3 7 5 -7 -8 -9 9 10 -12 14 16 -15 15 -17 -18 -19 19 -21 22 29 25 24 -26 26 -28 28 -30 -31
leaf_value=8.5562474548273042e-07 -1.4451774888486743e-06 2.5936815084559586e-09 0.00096031553540360339 0.00012946302916942815 0.0018119422889416325 0.00076718175533951134 -0.0002709998770342812 0.011425479877613115 -0.0026403103703641559 -0.0038789577481625065 -0.020969137867191651 -1.632096361151684e-05 -0.0030550599692172526 0.0035701226177706769 6.9829349575148652e-05 -0.0011062394810893411 -0.00068362513889269594 -4.2750174405174637e-05 0.0016203186462588352 0.00085885246170348426 -0.00050331274611361057 -0.00031833728893342279 0.00024222291050296515 -0.0091181792739591511 -0.0031491432465893436 -0.0042348890935982346 0.0024392220413516118 -9.1820873636567466e-05 -0.0053112262234109239 0.0044032503124921477
leaf_weight=702 52031 2161 1618 417 78 1417 1314 1091 941 200 54 4448 1522 1963 760 11074 6216 860 6679 18851 3793 7843 38050 79 810 1765 1664 105 312 1094
leaf_count=702 52031 2161 1618 417 78 1417 1314 1091 941 200 54 4448 1522 1963 760 11074 6216 860 6679 18851 3793 7843 38050 79 810 1765 1664 105 312 1094
internal_value=0.000128949 0.00395215 6.34247e-05 0.000806452 0.000410886 -0.000371747 0.00112892 0.00228117 -0.00171642 -0.00211297 -0.00523622 3.02968e-05 -0.000134042 -7.03763e-06 0.000135985 -0.000467297 -0.000931612 -0.00209488 0.000219492 0.000271763 0.000124128 0.000584657 -3.02716e-05 -0.00111918 -0.00394263 9.1417e-05 -0.00099324 -0.0026077 -0.00651079 -1.28677e-05
internal_weight=169912 2863 167049 7130 5622 2690 2932 1508 1273 1195 254 159919 62592 53994 97327 11834 8598 2382 85493 81045 62194 15616 46578 4682 889 41896 3846 2182 417 8937
internal_count=169912 2863 167049 7130 5622 2690 2932 1508 1273 1195 254 159919 62592 53994 97327 11834 8598 2382 85493 81045 62194 15616 46578 4682 889 41896 3846 2182 417 8937
cat_boundaries=0 1 2
cat_threshold=1 2
is_linear=0
shrinkage=0.05


Tree=242
num_leaves=31
num_cat=3
split_feature=20 8 20 0 20 20 0 8 22 17 17 22 15 17 16 15 4 0 16 10 4 4 21 22 18 20 22 20 10 20
split_gain=15.9655 4.8807 1.49401 3.14418 3.2205 2.20309 3.51462 4.58826 2.94998 4.18862 1.89419 2.46697 1.87826 1.93364 1.80434 1.62354 2.94439 1.60244 2.38666 2.0225 1.79498 1.78625 1.64183 1.66045 1.62221 8.77328 3.93665 2.60883 2.14487 2.87737
threshold=1.0000000180025095e-35 2.5000000000000004 0.58504782123881482 0 0.81901274721547124 0.50710923306503375 1 5.5000000000000009 7.1378536494930778 4.2327954617305341 7.1015365346160655 6.5763428971570743 4.8456063497946937 5.4448170471980495 0.21061058076466416 6.9724233118496421 6.5000000000000009 2 0.50761325898756249 5.1013896110307764 1.5000000000000002 8.5000000000000018 6.6675925204233062 6.5493180312566404 1.0000000180025095e-35 0.11018371921388019 7.6767431363113081 0.0998700427573289 0.71754226264466137 0.084545319437762431
decision_type=8 2 8 1 8 10 1 2 10 10 10 8 8 10 8 10 2 1 8 10 2 2 10 8 8 10 8 10 8 10
left_child=1 -1 5 4 10 17 7 8 9 -7 -4 -12 -11 -14 -5 -9 -17 18 20 24 -2 22 23 -21 25 26 27 28 29 -19
right_child=2 -3 3 14 -6 6 -8 15 -10 12 11 -13 13 -15 -16 16 -18 19 -20 21 -22 -23 -24 -25 -26 -27 -28 -29 -30 -31
leaf_value=3.2382967705690828e-07 0.0012418358179579945 2.4639974338658279e-09 0.0012800130051180145 0.00069276203332563596 0.013106859774413336 -0.0061719074089696836 -0.00063281756231109974 0.00018794916751537576 -0.00057857477937621026 -0.015925695979853927 -0.0055026633465040664 0.0022027501043650321 0.00016161239792680294 -0.013564474375828309 -0.00026554153942107351 -0.013819794930384098 -0.0011887633945800531 -2.2881047954670388e-07 0.0014449272531773067 0.00037171083152088018 3.1803018914201945e-05 0.0045348858865013279 -0.0016652830885001792 0.0049300797833163575 -1.0024635319417664e-05 1.5508147984579378e-05 1.7497036899379669e-06 -1.593361073425892e-05 5.854365049731443e-08 -1.5142678964027282e-06
leaf_weight=697 5647 2181 4375 840 3893 142 4142 510 178 23 57 82 20 95 11387 45 85 68 8479 1119 61998 1050 1046 453 60320 684 66 76 70 144
leaf_count=697 5647 2181 4375 840 3893 142 4142 510 178 23 57 82 20 95 11387 45 85 68 8479 1119 61998 1050 1046 453 60320 684 66 76 70 144
internal_value=0.000143612 0.003836 8.0015e-05 0.000478337 0.00122193 2.38975e-05 -0.000982824 -0.00348375 -0.00733624 -0.0105357 0.000314577 -0.00543165 -0.0167391 -0.0141304 -3.39134e-05 -0.00078125 -0.00576923 6.12521e-05 0.000216986 -0.00012088 0.000117895 0.00101963 0.000320856 0.00134224 -0.000189002 -0.00208484 -0.00773585 -0.00980447 -0.00758865 -0.0100943
internal_weight=169972 2878 167094 20634 8407 146460 5240 1098 458 280 4514 139 138 115 12227 640 130 141220 76124 65096 67645 3668 2618 1572 61428 1108 424 358 282 212
internal_count=169972 2878 167094 20634 8407 146460 5240 1098 458 280 4514 139 138 115 12227 640 130 141220 76124 65096 67645 3668 2618 1572 61428 1108 424 358 282 212
cat_boundaries=0 1 2 3
cat_threshold=64521 20742 50117
is_linear=0
shrinkage=0.05


Tree=243
num_leaves=31
num_cat=7
split_feature=18 19 19 15 3 1 21 13 1 6 4 21 21 0 3 21 15 18 0 19 15 22 13 1 4 22 2 3 0 0
split_gain=7.67129 8.32847 6.41386 5.23925 4.04622 4.03828 4.64296 5.45414 3.64286 3.20017 2.56275 2.16411 2.14336 2.41775 2.01294 1.50933 1.47117 1.3835 2.06185 1.72128 1.33099 1.69279 1.15419 1.14274 1.11995 2.08333 1.22736 1.07991 6.6127 3.13412
threshold=1.0000000180025095e-35 0.69322269047845697 0.72022334535698973 0.37012364598125269 5.5000000000000009 0 7.0479518150395899 0.66750053336617021 1 1.0000000180025095e-35 4.5000000000000009 7.2089702972815557 7.5503982927968831 2 5.5000000000000009 7.2082301046963382 7.5991337065958158 1.0000000180025095e-35 3 6.4460696923734409 0.69331376394879285 7.6045786912034439 1.9530024665512917 4 6.5000000000000009 7.4923250927206153 1.5000000000000002 1.0000000180025095e-35 5 6
decision_type=8 10 10 10 2 1 10 10 1 2 2 10 8 1 2 10 10 10 1 10 8 10 10 1 2 8 2 2 1 1
left_child=1 3 5 12 20 -3 10 9 11 -8 -7 -9 -1 14 -14 -6 17 18 -2 22 -4 -22 -20 -17 26 -26 -15 28 -19 -29
right_child=16 2 4 -5 15 6 7 8 -10 -11 -12 -13 13 24 -16 23 -18 27 19 -21 21 -23 -24 -25 25 -27 -28 29 -30 -31
leaf_value=8.943574744513239e-07 0.016265016293463792 8.6192483691435814e-07 3.8181898896372246e-05 2.3407975613398691e-09 -1.4146376073481345e-06 -1.1994831199856537e-05 -1.5274441424601577e-06 -4.2840789977103229e-07 1.0076771123882705e-06 -3.8725810327554114e-05 -1.2765543941336509e-05 -9.5487050602650462e-07 2.2279345778569715e-05 -1.2012291188218116e-05 -6.8770972850900464e-06 -2.1550928125955995e-05 0.0087109147690393428 -9.2858400774996033e-05 2.0133986682068167e-05 0.017424953907356499 3.2473704068100342e-05 -9.9537302482588747e-05 0.012047962516302179 -2.1788846577624316e-05 -5.8853954230253754e-05 -0.0027791243357650724 -3.1179729302375795e-07 1.8425082230712173e-05 0.0024003340307822739 -0.00028339296823169554
leaf_weight=245 558 110 586 2189 55 23 25 20 94 21 43 29 98 26 24 25 540 11138 4753 502 145 20 307 37 20 30 51 65197 10155 72367
leaf_count=245 558 110 586 2189 55 23 25 20 94 21 43 29 98 26 24 25 540 11138 4753 502 145 20 307 37 20 30 51 65197 10155 72367
internal_value=0.000131409 0.00231869 -0.00108272 0.00388185 0.00125576 -0.00664384 -0.010098 -0.00611111 -0.00129371 -0.021087 -0.0215152 -0.0123469 -0.000769231 -0.00403614 0.00121212 -0.00739316 7.96597e-05 7.11313e-05 0.000808824 0.000513281 0.0026032 -0.00136364 0.000237154 -0.0127419 -0.00850365 -0.015 -0.00538961 4.27116e-05 0.000374067 -8.57764e-06
internal_weight=169433 3916 1233 2683 868 365 255 189 143 46 66 49 494 249 122 117 165517 164977 6120 5562 751 165 5060 62 127 50 77 158857 21293 137564
internal_count=169433 3916 1233 2683 868 365 255 189 143 46 66 49 494 249 122 117 165517 164977 6120 5562 751 165 5060 62 127 50 77 158857 21293 137564
cat_boundaries=0 1 2 3 4 5 6 7
cat_threshold=2 1 514 55305 1 855 599
is_linear=0
shrinkage=0.05


Tree=244
num_leaves=31
num_cat=6
split_feature=20 15 17 16 0 5 20 1 2 14 11 0 11 12 13 21 2 0 20 0 17 0 12 13 14 21 5 15 14 21
split_gain=17.3384 3.66592 2.06643 1.44645 1.48084 2.07874 1.9093 2.19999 1.24774 1.75435 2.12147 1.74687 1.55396 1.42702 1.87373 1.60206 1.89711 2.30322 1.79003 1.70549 1.81275 1.5401 1.41788 1.40192 1.40174 1.63309 1.32818 1.27538 2.5512 1.28021
threshold=1.0000000180025095e-35 1.0000000180025095e-35 7.4348148797703795 0.035192629130292162 0 1.0000000180025095e-35 0.94968409520739117 1 2.5000000000000004 3.7623615564016326 3.7853247081855312 2 5.7808978129699158 1.1150072000796054 2.0604932465842616 6.8029500104663247 1.5000000000000002 3 0.79708292673758185 4 5.0452216211254557 5 4.4432391460348235 6.1883667819475443 4.4194426548290009 6.391078890228977 1.0000000180025095e-35 7.4662098370778862 7.5032894787269013 8.6135932733793492
decision_type=8 10 8 8 1 2 10 1 2 8 8 1 10 10 10 10 2 1 10 1 10 1 10 10 10 10 2 10 8 10
left_child=1 -1 8 -4 6 -6 -5 -8 13 12 11 -11 -10 -2 21 16 -16 -18 24 20 22 -15 -17 -20 -19 -26 27 29 -29 -12
right_child=2 -3 3 4 5 -7 7 -9 9 10 26 -13 -14 14 15 19 17 18 23 -21 -22 -23 -24 -25 25 -27 -28 28 -30 -31
leaf_value=8.4963960073070055e-07 -2.0004965025881195e-06 2.2237576835504314e-09 -0.02319679751123644 0.00019896470703092582 0.0043665048238863942 -0.0019211967154852336 -0.0082912299870047217 -0.047945540032435841 9.4878405745277676e-06 -0.0022734088823960592 -2.2511296325839965e-06 -5.8128485698914522e-06 -0.011541496280231364 0.0014054427956831127 0.0011645445293468313 -0.0028150140349284445 -0.0018037789533714916 0.00082020327720982186 0.018498927886778409 6.3129038980242236e-05 -0.0052860600330740847 0.00013567432679434009 0.0011076085394189255 -0.0035644336419280772 -0.0011635007659896587 0.0017098350425162438 -0.0014737838848643938 0.0017197157653196786 -0.0048528085877212043 -0.0053859266216525351
leaf_weight=716 42393 2195 20 3231 3237 412 198 23 16989 3036 26427 2589 64 11428 12844 3245 3186 3655 360 18516 30 6938 840 30 2227 671 3704 43 24 137
leaf_count=716 42393 2195 20 3231 3237 412 198 23 16989 3036 26427 2589 64 11428 12844 3245 3186 3655 360 18516 30 6938 840 30 2227 671 3704 43 24 137
internal_value=0.000161091 0.0039866 9.42061e-05 0.000927538 0.000965357 0.00166576 0.000219526 -0.00427602 5.69724e-05 -0.000141192 -0.000339266 -0.00123111 0.000276491 0.00015574 0.000304831 0.000133103 0.000427241 -8.44109e-05 0.000426435 -0.000165481 -0.00108485 0.000731243 -0.000997552 0.00371795 0.000231192 -0.000590062 -0.000173891 -5.05049e-05 -0.0069403 -3.31274e-05
internal_weight=169408 2911 166497 7121 7101 3649 3452 221 159376 53013 35960 5625 17053 106363 63970 45604 22973 10129 6943 22631 4115 18366 4085 390 6553 2898 30335 26631 67 26564
internal_count=169408 2911 166497 7121 7101 3649 3452 221 159376 53013 35960 5625 17053 106363 63970 45604 22973 10129 6943 22631 4115 18366 4085 390 6553 2898 30335 26631 67 26564
cat_boundaries=0 1 2 3 4 5 6
cat_threshold=246 1 2732 75 7432 49935
is_linear=0
shrinkage=0.05


Tree=245
num_leaves=31
num_cat=7
split_feature=20 8 20 0 20 3 15 17 17 20 20 0 4 17 8 16 15 13 0 3 3 17 1 0 22 0 3 0 15 22
split_gain=18.2454 3.3156 1.52899 2.69823 2.54197 2.68214 2.08222 1.8955 2.18788 1.91532 1.85779 3.89341 3.74959 4.91375 1.79116 1.76738 1.94243 1.73333 1.73019 2.14666 2.77272 3.69695 2.95288 3.79908 3.02841 2.86689 2.67086 6.73475 3.56341 3.46718
threshold=1.0000000180025095e-35 2.5000000000000004 0.58504782123881482 0 1.0231107274415387 1.5000000000000002 3.2344800422566373 7.1015365346160655 7.2848512326150265 0.84404815046434012 0.50710923306503375 1 4.5000000000000009 7.0250339220495865 4.5000000000000009 0.2299737963602288 4.9479618880655467 6.7094872336335021 2 3.5000000000000004 2.5000000000000004 5.3165281057195521 3 4 6.6832444156148538 5 4.5000000000000009 6 5.1970264770464523 6.5586682050031877
decision_type=8 2 8 1 8 2 10 10 10 10 10 1 2 10 2 8 10 10 1 2 2 10 1 1 10 1 2 1 10 10
left_child=1 -1 10 4 5 6 -4 -7 9 -9 18 12 13 -12 -14 -5 -17 -15 19 20 22 25 23 -2 -25 -22 27 -21 -28 -30
right_child=2 -3 3 15 -6 7 -8 8 -10 -11 11 -13 14 17 -16 16 -18 -19 -20 26 21 -23 -24 24 -26 -27 28 -29 29 -31
leaf_value=8.0715762069694112e-07 0.0026907273135392392 2.1125697968749081e-09 0.009738346988336909 0.0004817489191236118 0.016932204325250132 0.0062640590097568774 -0.0038783270877473667 -0.0059825227683196255 0.0050971204107222116 0.0012752371293088293 -0.0077870974111297377 -0.00044861097765598596 -0.010306097886261828 -0.014750171508677551 -0.00021216459424396817 -3.5966148305601219e-05 -0.0054958246278353634 -0.013317817744569275 4.6899836413826338e-06 0.0010249271559978543 0.010826272842968835 -0.16507890633659333 0.00017069215290184064 -0.006848526284231703 -0.0025941095774202417 0.00044027282128336441 6.8013412228373928e-05 -0.0041212584714628514 -0.012861071625362581 -0.0036646221186344276
leaf_weight=714 948 2199 208 874 1645 4425 1994 61 45 41 264 4131 219 26 544 10534 728 39 111134 1979 1370 27 9130 831 1149 2648 8453 2997 94 646
leaf_count=714 948 2199 208 874 1645 4425 1994 61 45 41 264 4131 219 26 544 10534 728 39 111134 1979 1370 27 9130 831 1149 2648 8453 2997 94 646
internal_value=0.000115728 0.00403879 4.73731e-05 0.000451229 0.00113833 0.000711544 -0.000722071 0.00140201 -0.00418367 -0.00823529 -9.24082e-06 -0.000935286 -0.00357532 -0.00806991 -0.00168414 -2.63459e-05 -0.000194459 -0.0203846 2.49638e-05 -0.000310085 8.4767e-05 0.00121755 -0.000295239 -0.00167691 -0.00291457 0.00134146 -0.000759051 -0.00169212 -0.000253997 -0.00358108
internal_weight=170097 2913 167184 20555 8419 6774 2202 4572 147 102 146629 5223 1092 329 763 12136 11262 65 141406 30272 16103 4045 12058 2928 1980 4018 14169 4976 9193 740
internal_count=170097 2913 167184 20555 8419 6774 2202 4572 147 102 146629 5223 1092 329 763 12136 11262 65 141406 30272 16103 4045 12058 2928 1980 4018 14169 4976 9193 740
cat_boundaries=0 1 2 3 4 5 6 7
cat_threshold=64521 28932 3112 1 1024 8 3072
is_linear=0
shrinkage=0.05


Tree=246
num_leaves=31
num_cat=3
split_feature=20 16 19 18 22 20 3 1 16 20 17 3 16 16 20 20 6 22 0 16 18 20 1 16 18 19 22 4 11 20
split_gain=19.2763 2.36659 1.4182 5.48282 3.29417 2.33289 4.53496 3.08251 2.23555 2.43035 2.20289 2.90715 7.0741 5.54433 4.70687 4.45596 2.15704 2.05444 1.9657 2.97309 1.84981 3.16987 3.85439 1.75571 2.91405 3.22434 2.51294 2.18135 1.58956 1.46144
threshold=1.0000000180025095e-35 1.0000000180025095e-35 0.73026094190808244 1.0000000180025095e-35 6.7401772617438906 0.11018371921388019 5.5000000000000009 0 1.0000000180025095e-35 0.0998700427573289 0.78025122936348168 5.5000000000000009 0.16553043722790364 1.0000000180025095e-35 0.18583144032822482 0.16998454516444247 1.0000000180025095e-35 8.5121326454971271 1 0.30299155758606655 0.10397800785349608 0.18059397901589211 2 1.0000000180025095e-35 0.26033266452124282 0.8581174030982065 6.5763428971570743 4.5000000000000009 0.66750053336617021 0.29428134957163604
decision_type=8 8 8 8 8 10 2 1 8 10 10 2 8 8 10 10 2 10 1 8 8 10 1 8 10 10 10 2 8 8
left_child=1 -1 3 4 -2 7 -7 16 9 -9 11 13 14 -4 15 -13 -6 -5 19 -14 21 22 -15 24 25 26 -12 -28 -25 -22
right_child=2 -3 10 17 5 6 -8 8 -10 -11 23 12 18 20 -16 -17 -18 -19 -20 -21 29 -23 -24 28 -26 -27 27 -29 -30 -31
leaf_value=2.0069413075862741e-09 -1.4977777449186311e-05 8.7427408042017878e-07 5.3987033921948621e-05 -3.4980280226753398e-06 7.4497493093021822e-07 9.7970990626266834e-05 -2.5308151863156008e-05 -2.496821454630561e-06 2.5299763906716532e-05 -2.6670616378156445e-05 -6.5412033305392559e-05 -3.8026128963167522e-05 -0.022911562717976813 -0.0014381803694705879 1.756502082855737e-06 -4.4060994262563077e-05 -1.8659264366119728e-06 -0.0040926837324724739 0.00011960021531723375 -0.0040597195804438404 0.00012658217494703481 0.00035065806580270698 -0.0012208020075545147 -0.0020533779431530998 0.00025559403072050312 -2.5472675396484836e-05 8.864318339040343e-06 -3.0318692327964584e-05 1.7213016505660316e-05 0.00024520199235988498
leaf_weight=2176 25 705 990 5897 112 126 22 221 25 41 21 159 21 40 115 38 24 22 1174 311 2404 63 38 639 200 454 55 97 149684 4105
leaf_count=2176 25 705 990 5897 112 126 22 221 25 41 21 159 21 40 115 38 24 22 1174 311 2404 63 38 639 200 454 55 97 149684 4105
internal_value=0.000129232 0.00418431 5.93277e-05 -0.000663852 -0.0052349 -0.00445709 0.000945946 -0.00634752 -0.00928571 -0.0106489 8.86633e-05 0.000828928 -0.000968097 0.00125654 -0.00782051 -0.0125127 -0.000147059 -0.000203581 0.000451527 -0.00289474 0.000736842 -0.00492908 -0.0116667 4.23422e-05 -0.00225514 -0.00393142 -0.00973988 -0.0075 5.49818e-05 0.000859579
internal_weight=170004 2881 167123 6515 596 571 148 423 287 262 160608 9458 1818 7640 312 197 136 5919 1506 332 6650 141 78 151150 827 627 173 152 150323 6509
internal_count=170004 2881 167123 6515 596 571 148 423 287 262 160608 9458 1818 7640 312 197 136 5919 1506 332 6650 141 78 151150 827 627 173 152 150323 6509
cat_boundaries=0 1 2 3
cat_threshold=2 9796 2
is_linear=0
shrinkage=0.05


Tree=247
num_leaves=31
num_cat=4
split_feature=20 8 19 17 20 1 15 21 1 17 15 10 13 5 19 22 21 20 4 21 17 19 10 10 20 15 1 0 4 4
split_gain=17.0988 3.81608 1.44328 2.34054 2.64019 2.38434 4.08327 2.90022 2.71475 2.23903 2.4211 2.1236 2.33766 2.00206 2.66426 1.96708 1.79224 1.7803 2.06421 2.5 1.84524 1.73475 1.39685 2.05836 2.48345 2.29373 1.66939 2.33835 1.74901 5.91303
threshold=1.0000000180025095e-35 2.5000000000000004 0.73026094190808244 0.69052922798166627 0.11018371921388019 0 0.69331376394879285 7.0479518150395899 1 0.78025122936348168 0.73370406495087115 0.97438160901885995 1.3986406674150766 1.0000000180025095e-35 0.71180929492339196 7.1752435278881519 6.6339758955710328 0.20509642637880673 7.5000000000000009 7.4682278018910955 0.81029901019962447 6.6905874179463574 2.7113724724615449 0.76519735254682386 0.15816536842588996 0.67772355602398038 2 3 3.5000000000000004 5.5000000000000009
decision_type=8 2 8 10 10 1 8 10 1 10 8 10 8 2 10 10 10 10 2 8 10 10 10 10 8 10 1 1 2 2
left_child=1 -1 3 -2 5 6 15 8 -7 21 17 -6 -13 -9 -15 -5 -8 18 20 -20 -11 22 23 25 -25 26 -4 28 -28 -30
right_child=2 -3 9 4 11 7 16 13 -10 10 -12 12 -14 14 -16 -17 -18 -19 19 -21 -22 -23 -24 24 -26 -27 27 -29 29 -31
leaf_value=7.2308603563664422e-07 6.3666976748907977e-06 1.9065942435947392e-09 0.00031065025357610655 -9.7229715201523774e-07 5.1659501198138935e-05 -1.9322610842384004e-06 -1.4931904733436081e-05 5.4595584611516479e-07 -1.3130650004769359e-05 8.6334894071361184e-07 2.3907662479787557e-05 -0.00019676500983055714 -0.004586837437242375 4.5046916037428381e-06 -8.1641196988714304e-06 -9.8802294007845081e-06 1.3136813623470142e-05 -3.0147558244182086e-05 -3.8115702231798125e-05 -2.7418242739771897e-06 -5.7480157283205549e-05 0.02661093854576696 0.013024289292012825 -7.0595263758048901e-05 -4.1530671700301185e-05 3.3846970716186273e-05 0.00040707787386812656 0.0012273500406973891 -0.0115602199061757 -0.00033207179812972531
leaf_weight=712 4347 2191 2534 82 983 97 20 469 47 73 150183 144 21 29 42 87 118 525 20 20 31 376 517 215 637 2503 567 624 342 1078
leaf_count=712 4347 2191 2534 82 983 97 20 469 47 73 150183 144 21 29 42 87 118 525 20 20 31 376 517 215 637 2503 567 624 342 1078
internal_value=0.000162232 0.00396659 9.59931e-05 -0.000635214 -0.00198925 -0.00387992 -0.00754072 -0.00223684 -0.00854167 0.000125589 7.89517e-05 -0.000357143 -0.00560606 -0.000555555 -0.00838028 -0.0127515 -0.00115942 -0.00292227 -0.00784722 -0.0175 -0.00413462 0.000874588 0.000735832 0.000582353 -0.00174883 0.00084205 0.000238095 -0.000649176 -0.00148473 -0.00242958
internal_weight=169634 2903 166731 6486 2139 991 307 684 144 160245 150852 1148 165 540 71 169 138 669 144 40 104 9393 9017 8500 852 7648 5145 2611 1987 1420
internal_count=169634 2903 166731 6486 2139 991 307 684 144 160245 150852 1148 165 540 71 169 138 669 144 40 104 9393 9017 8500 852 7648 5145 2611 1987 1420
cat_boundaries=0 1 2 3 4
cat_threshold=1 2 1 966
is_linear=0
shrinkage=0.05


Tree=248
num_leaves=31
num_cat=3
split_feature=20 8 15 19 0 18 4 4 20 0 3 0 4 22 4 18 13 5 19 20 20 4 19 15 21 16 22 16 20 19
split_gain=17.7015 3.31745 1.05894 3.35054 3.06019 2.69156 8.71135 2.8593 2.70687 2.06307 2.48943 1.5275 2.72878 2.86095 2.15348 1.71728 1.65336 1.6237 2.00797 1.99365 1.48972 1.46291 1.40871 1.40518 2.03175 1.38304 1.36034 1.34816 1.3346 2.02079
threshold=1.0000000180025095e-35 2.5000000000000004 7.5991337065958158 5.741579572753448 0 0.20003146115214174 11.500000000000002 1.5000000000000002 0.57231568008903977 1 4.5000000000000009 2 7.5000000000000009 8.0487944973631365 1.5000000000000002 0.10051815745606314 3.8928396664555511 1.0000000180025095e-35 6.9021060208765173 0.19399367453590519 0.095191922360928216 10.500000000000002 3.6083049178691997 4.370204013201775 6.7906593491200455 0.13568987674279018 6.5586682050031877 0.067381267689184884 0.25250265470434791 3.2660521261896824
decision_type=8 2 8 8 1 10 2 2 8 1 2 1 2 10 2 10 10 2 10 10 10 2 10 10 8 10 8 8 10 10
left_child=1 -1 11 9 5 8 7 -7 -5 10 20 12 14 15 22 -14 25 19 -19 -18 -4 -9 -2 24 -24 -16 -11 -6 -22 -30
right_child=2 -3 3 4 27 6 -8 21 -10 26 -12 -13 13 -15 16 -17 17 18 -20 -21 28 -23 23 -25 -26 -27 -28 -29 29 -31
leaf_value=6.8693173385647732e-07 0.003669178399285876 1.8112645328027811e-09 -0.0051511968375862888 0.004730001270279522 -0.012210031230220396 -0.012296014703012868 -0.029682452304786496 -0.0011835035930174214 -0.0007434609547071079 -0.00011734520979256442 0.00098513109089900554 5.7163794434989838e-06 -0.011099348263571609 -0.004291865641810777 0.00051212162051666652 0.0014812098969742662 -0.0044888811783301867 -0.0058883023831644661 -0.019317249517939162 -0.0015937601539433802 0.0010512183790006675 -0.0093437317880114574 0.00061592346712816145 0.0003526712399959697 -0.007012040091491061 -0.0017453275070847649 0.00013665485228785007 0.0059601799913303289 -0.018807394372352432 -0.001898690580717246
leaf_weight=714 448 2204 53 1010 23 26 26 471 1039 71 2056 138670 67 310 604 3333 387 170 35 1185 639 39 63 399 63 3246 4600 5668 445 1832
leaf_count=714 448 2204 53 1010 23 26 26 471 1039 71 2056 138670 67 310 604 3333 387 170 35 1185 639 39 63 399 63 3246 4600 5668 445 1832
internal_value=0.000179698 0.00404044 0.000112231 0.000474497 0.00121176 -0.000207936 -0.00327402 -0.00190298 0.000632016 -0.000156765 -0.000858987 6.84658e-05 -0.000518411 0.000566038 -0.00112879 0.000985294 -0.00150435 -0.0027659 -0.00695122 -0.0022201 -0.0017868 -0.00107843 0.00104317 -0.000714286 -0.00531746 -0.000922078 0.000599231 0.0018602 -0.0016358 -0.00220246
internal_weight=169896 2918 166978 17998 8302 2611 562 536 2049 9696 5025 148980 10310 3710 6600 3400 5627 1777 205 1572 2969 510 973 525 126 3850 4671 5691 2916 2277
internal_count=169896 2918 166978 17998 8302 2611 562 536 2049 9696 5025 148980 10310 3710 6600 3400 5627 1777 205 1572 2969 510 973 525 126 3850 4671 5691 2916 2277
cat_boundaries=0 1 2 3
cat_threshold=786 18597 1344
is_linear=0
shrinkage=0.05


Tree=249
num_leaves=31
num_cat=7
split_feature=20 8 20 0 20 3 0 10 3 20 3 0 0 3 15 0 15 15 15 21 16 20 21 20 1 20 14 0 15 3
split_gain=17.2876 3.60939 1.30386 2.30926 2.57062 2.0286 2.10305 2.81739 2.04072 3.85127 2.0909 4.42784 2.45449 3.72641 4.2074 2.06705 2.44181 2.26364 2.13679 2.25625 1.83843 1.82564 1.9739 1.77876 1.7288 1.63286 2.81656 1.59717 3.13543 2.91087
threshold=1.0000000180025095e-35 2.5000000000000004 0.58504782123881482 0 0.59714691507629836 5.5000000000000009 1 3.3339870432574523 3.5000000000000004 0.94968409520739117 2.5000000000000004 2 3 1.5000000000000002 5.8044521931081858 4 5.3461121458440539 3.5800764077410898 2.0867631786389254 7.3128864978553141 0.58875275175617514 0.84404815046434012 7.577377095608937 0.98480119836490176 5 0.50710923306503375 4.5114086553913824 6 2.3587971686022513 1.0000000180025095e-35
decision_type=8 2 8 1 10 2 1 8 2 10 2 1 1 2 10 1 10 8 10 8 10 10 10 10 1 10 10 1 10 2
left_child=1 -1 25 5 -5 8 7 20 10 -10 12 -12 -4 24 21 16 17 18 -11 -20 -7 -15 -23 -17 -14 -2 -27 29 -29 -26
right_child=2 -3 3 4 -6 6 -8 -9 9 15 11 -13 13 14 -16 23 -18 -19 19 -21 -22 22 -24 -25 27 26 -28 28 -30 -31
leaf_value=6.5258514716504132e-07 1.8833909569771383e-06 1.7207013036646401e-09 0.00041155314669285024 0.010823209393552392 0.0015383726510099509 -0.0046130996410285079 0.005446907564963732 0.00042166837247448164 -0.00024673362363807213 -0.0062480419646065363 -0.0033865866269611349 0.014333270082469955 -0.0069997828446108209 -0.0011099076024070839 -0.11863886428159694 -0.015962059560900171 -0.11293840361057855 -0.010296566636851159 -0.024404238476189225 -0.024272094506408416 -0.0058685417685636655 -0.017246630849015645 -0.036313335188989986 0.0011455629906351173 -0.009686462443551154 -0.0001916786116457039 -0.0047620517675902767 -0.0034514925222431381 -0.026968023668912447 0.018635857726860029
leaf_weight=703 141164 2158 1074 1279 10721 80 1631 259 1102 52 958 1177 117 191 24 29 20 205 32 40 55 259 20 85 324 3783 1426 283 23 569
leaf_count=703 141164 2158 1074 1279 10721 80 1631 259 1102 52 958 1177 117 191 24 29 20 205 32 40 55 259 20 85 324 3783 1426 283 23 569
internal_value=0.000132564 0.00398637 6.65343e-05 0.000438886 0.000886761 -0.000186216 0.00119753 -0.00205446 -0.00061209 -0.0021885 -0.000120542 0.00106557 -0.000998613 -0.00211538 -0.00582996 -0.00601512 -0.00781337 -0.00700608 -0.0123387 -0.0179167 -0.00796296 -0.00478723 -0.00736559 0.00016129 -0.000737082 1.4108e-05 -0.00085525 -0.000170976 -0.00322785 0.000902547
internal_weight=169843 2861 166982 20609 12000 8609 2025 394 6584 1565 5019 2135 2884 1810 494 463 349 329 124 72 135 470 279 114 1316 146373 5209 1199 306 893
internal_count=169843 2861 166982 20609 12000 8609 2025 394 6584 1565 5019 2135 2884 1810 494 463 349 329 124 72 135 470 279 114 1316 146373 5209 1199 306 893
cat_boundaries=0 1 2 3 4 5 6 7
cat_threshold=982 514 646 646 448 2 64
is_linear=0
shrinkage=0.05


Tree=250
num_leaves=31
num_cat=2
split_feature=20 8 17 10 5 18 1 20 20 8 13 22 13 10 4 1 20 4 12 20 8 8 12 12 13 5 10 11 22 18
split_gain=19.6841 2.30443 1.40916 1.99845 1.488 1.2009 1.21181 2.29681 1.37779 1.20748 1.02735 1.00354 1.25118 0.990694 0.976643 1.76521 2.26419 1.56765 1.04493 1.03067 1.02795 0.792597 0.789189 1.01219 1.80881 1.91278 1.5591 1.49359 1.67254 1.41105
threshold=1.0000000180025095e-35 2.5000000000000004 7.4348148797703795 2.0476720312775929 1.0000000180025095e-35 0.09745558065565911 0 0.37024870095603046 0.39720626636520556 1.0000000180025095e-35 7.5074155787737569 7.9636262202731212 1.3986406674150766 0.81068324164968719 9.5000000000000018 1 0.25716981686580992 3.5000000000000004 2.0856528016791152 0.91912303957007246 1.5000000000000002 1.0000000180025095e-35 7.490222232303748 5.5836842433826721 5.9993086319130038 1.0000000180025095e-35 5.7463629094362574 7.0414991452052353 7.6278900359066872 0.23105429520158782
decision_type=8 2 8 10 2 8 1 10 10 2 8 8 10 10 2 1 8 2 8 10 2 2 10 10 10 2 8 10 10 10
left_child=1 -1 22 5 -5 -4 7 13 9 -9 -6 -8 14 -7 17 16 -16 18 -13 20 -19 -18 23 -2 25 26 -25 28 -26 -27
right_child=2 -3 3 4 10 6 11 8 -10 -11 -12 12 -14 -15 15 -17 21 19 -20 -21 -22 -23 -24 24 27 29 -28 -29 -30 -31
leaf_value=9.8004684572772236e-07 -2.2020716895540813e-06 1.6346662357058506e-09 -0.011810321806452246 0.0074101968154488985 -0.008813794772051145 0.0013249604228787904 0.0010001971332672499 -0.017076934383105345 -0.00081590298292084397 -0.0088916295601059927 0.0027646743381716252 -0.0021073057123489045 0.01458618017631756 -0.0084292115543473847 0.0017943245941864604 0.0048564171130775768 -0.0068839320711555768 -0.005820417734000472 0.00069696522986839983 -0.079369285539828499 0.0016944853142078335 -0.016700946650153755 -0.0018286091217903609 -0.00038819938185183643 2.2221683241282551e-05 -0.0049075110368427665 0.0024358718261469434 0.0016854459612632468 -0.0015766111458455332 0.00027755981862441481
leaf_weight=721 130783 2188 31 1338 44 2104 354 30 759 74 126 34 133 35 62 489 43 818 525 21 81 32 1117 1471 12623 353 7727 2830 2250 676
leaf_count=721 130783 2188 31 1338 44 2104 354 30 759 74 126 34 133 35 62 489 43 818 525 21 81 32 1117 1471 12623 353 7727 2830 2250 676
internal_value=0.000114557 0.00419216 4.35128e-05 0.000731109 0.00234748 0.000297778 0.000352163 0.00103598 -0.00114137 -0.00653846 -0.00205882 -0.000439815 -0.000831099 0.00191445 -0.00112827 0.000527157 -0.00448905 -0.00182894 0.000259392 -0.00309783 -0.00284205 -0.0103333 1.28263e-05 2.21471e-05 0.000295381 0.000824778 0.00105349 -1.045e-05 -0.000210784 -0.00121963
internal_weight=169872 2909 166963 7133 1508 5625 5594 3002 863 104 170 2592 2238 2139 2105 626 137 1479 559 920 899 75 159830 158713 27930 10227 9198 17703 14873 1029
internal_count=169872 2909 166963 7133 1508 5625 5594 3002 863 104 170 2592 2238 2139 2105 626 137 1479 559 920 899 75 159830 158713 27930 10227 9198 17703 14873 1029
cat_boundaries=0 1 2
cat_threshold=1 2
is_linear=0
shrinkage=0.05


Tree=251
num_leaves=31
num_cat=5
split_feature=20 8 3 0 19 9 19 5 0 22 18 19 18 0 3 19 22 0 3 0 19 22 20 5 19 15 11 22 4 22
split_gain=18.6509 2.6599 1.10853 4.95751 2.83533 2.31052 4.33708 4.55697 3.26865 6.13634 4.98598 3.05672 2.89566 2.22515 3.78098 2.86382 2.82751 2.60979 2.69374 3.80165 12.0812 3.68179 3.42249 2.60023 2.53616 2.49067 2.74014 2.29279 2.28974 3.97238
threshold=1.0000000180025095e-35 2.5000000000000004 1.0000000180025095e-35 0 4.9260227525683122 1.0000000180025095e-35 4.4301262208368408 1.0000000180025095e-35 1 6.9559085075106131 0.69787570248262742 3.8539812914303133 0.1801625381390938 2 2.5000000000000004 5.1898414510240913 8.5121326454971271 3 1.5000000000000002 4 4.9260227525683122 8.1285517959427001 1.8554581443506188 1.0000000180025095e-35 3.9040850595909715 5.1970264770464523 5.2100323025407267 7.2696777905581191 11.500000000000002 7.131700399793897
decision_type=8 2 2 1 10 2 10 2 1 8 10 8 10 1 2 10 10 1 2 1 10 10 10 2 10 10 8 8 2 10
left_child=1 -1 3 -2 5 6 8 -8 9 -5 11 12 -11 14 17 -16 23 28 -19 25 21 24 -22 -17 -21 -20 -27 -26 -4 -30
right_child=2 -3 13 4 -6 -7 7 -9 -10 10 -12 -13 -14 -15 15 16 -18 18 19 20 22 -23 -24 -25 27 26 -28 -29 29 -31
leaf_value=6.7842788828431644e-07 -0.00052537619256599237 1.5529329266961157e-09 0.00030069966321721208 -0.023951007342866332 0.0041615271913233737 0.0020966379890705283 -0.013355576993308586 -0.034795398434873247 2.3162779590130152e-05 -0.031038174494582477 -0.014668509126196536 0.0038308313774567657 -0.0084135674767094656 -8.5615998517630385e-06 8.6616498743563591e-05 0.002880404383664254 -0.0037043426662630012 -0.00015618652382056131 0.0012021562694441831 -0.0016938678193042349 -0.21848878598787225 -0.040477492745573544 -0.012722044523994353 -0.00076365783150971855 -0.0071315605581808647 -0.011568986069466818 -0.002239351025714677 -0.023250903289494702 -0.0089394593180923895 0.00029168699401693705
leaf_weight=686 8185 2172 5618 33 3990 2929 79 23 6236 28 189 492 170 96354 17567 12419 116 5342 665 655 49 21 25 1792 58 93 3090 49 225 254
leaf_count=686 8185 2172 5618 33 3990 2929 79 23 6236 28 189 492 170 96354 17567 12419 116 5342 665 655 49 21 25 1792 58 93 3090 49 225 254
internal_value=0.000137792 0.00414276 6.91473e-05 0.000396797 0.000962339 0.000520189 4.13795e-05 -0.0101961 0.000187465 -0.00259219 -0.00182594 0.000144928 -0.00510101 1.84223e-05 0.00029637 0.000612028 0.00113667 -0.000327056 -0.000821815 -0.00169501 -0.00468858 -0.00291826 -0.0240541 0.00120013 -0.00234908 -0.00101348 -0.00159755 -0.00948598 0.000488784 -0.00282881
internal_weight=169604 2858 166746 22354 14169 10179 7250 102 7148 912 879 690 198 144392 48038 31894 14327 16144 10047 4705 857 783 74 14211 762 3848 3183 107 6097 479
internal_count=169604 2858 166746 22354 14169 10179 7250 102 7148 912 879 690 198 144392 48038 31894 14327 16144 10047 4705 857 783 74 14211 762 3848 3183 107 6097 479
cat_boundaries=0 1 2 3 4 5
cat_threshold=837 18432 837 516 1
is_linear=0
shrinkage=0.05


Tree=252
num_leaves=31
num_cat=3
split_feature=18 19 19 15 22 3 3 19 17 0 3 0 0 3 17 22 18 15 18 22 15 19 4 4 22 15 22 18 10 10
split_gain=10.9272 5.55644 3.86093 3.83638 2.93013 2.82828 2.67469 3.44861 1.42093 2.10245 1.48024 5.87006 2.41121 3.54661 3.1101 2.25204 4.68617 2.60148 2.7335 2.21675 2.19436 2.14649 2.40329 2.32276 2.61826 2.9551 2.11501 3.11857 2.06134 2.01462
threshold=1.0000000180025095e-35 0.69322269047845697 0.73026094190808244 0.37012364598125269 7.1461273898228894 5.5000000000000009 5.5000000000000009 0.72022334535698973 7.555607333623616 0 1.0000000180025095e-35 1 2 2.5000000000000004 5.1864320579066954 8.7462259215500584 0.67474215714565089 3.8031319128748522 0.9304120139991543 8.5121326454971271 4.5428865154220262 6.5874641364633169 2.5000000000000004 4.5000000000000009 6.9388264866407861 7.4036399786033487 6.8736762251563075 2.3059096439962876 1.0471650770867935 0.71754226264466137
decision_type=8 10 10 10 10 2 2 10 8 1 2 1 1 2 10 8 10 8 10 10 10 10 2 2 10 10 10 10 8 10
left_child=1 3 4 -1 -3 -4 -6 -8 10 -10 11 21 13 20 -15 28 -17 18 -18 -16 -12 26 -23 24 25 -24 27 -2 29 -13
right_child=8 2 5 -5 6 -7 7 -9 9 -11 12 15 -14 14 19 16 17 -19 -20 -21 -22 22 23 -25 -26 -27 -28 -29 -30 -31
leaf_value=1.0620610230160922e-08 0.0010013042289692771 -2.9382736664866885e-06 3.4695800420722431e-05 1.4752862820266444e-09 7.5539870677233816e-07 -1.0926085393477551e-05 2.5607129109519773e-07 -8.9814379213808281e-05 0.010025515420951737 0.00012401804679702236 0.0010313526194272744 1.0533072089607745e-05 -1.1682821887180229e-05 5.3757607056257185e-05 0.0025029759823506719 0.00065778881014400123 -0.019099919766845427 -0.017820936530202041 -0.0077758112312297303 -0.0029567599220038875 -0.0011393208582789137 0.0050017349160212197 -0.0054751881946282577 -0.003195797992681939 -0.030491147975783645 -0.082867661270669982 -0.00029469408991469941 -0.01967284724242967 0.00084023103476490264 -0.0045603301645492514
leaf_weight=483 2443 242 590 2189 267 88 34 24 832 5812 2799 600 104824 8403 12391 1123 35 159 41 126 8765 220 125 954 53 20 5713 26 9701 171
leaf_count=483 2443 242 590 2189 267 88 34 24 832 5812 2799 600 104824 8403 12391 1123 35 159 41 126 8765 220 125 954 53 20 5713 26 9701 171
internal_value=0.000168771 0.00277891 2.00805e-05 0.00406437 -0.00302469 0.00256637 7.69233e-05 -0.00965517 0.000106934 0.000823299 7.69417e-05 0.000463898 1.6678e-05 0.000392996 0.000781549 0.00120777 -0.000706922 -0.00712766 -0.0147368 0.00128106 -0.000309581 -0.000457967 -0.00228863 -0.00320312 -0.00813131 -0.00465517 -0.000151552 0.00107128 0.00145722 -0.00103113
internal_weight=169253 3917 1245 2672 567 678 325 58 165336 6644 158692 21384 137308 32484 20920 11830 1358 235 76 12517 11564 9554 1372 1152 198 145 8182 2469 10472 771
internal_count=169253 3917 1245 2672 567 678 325 58 165336 6644 158692 21384 137308 32484 20920 11830 1358 235 76 12517 11564 9554 1372 1152 198 145 8182 2469 10472 771
cat_boundaries=0 1 2 3
cat_threshold=55297 853 577
is_linear=0
shrinkage=0.05


Tree=253
num_leaves=31
num_cat=5
split_feature=20 15 19 0 16 18 15 17 4 16 20 3 16 21 17 16 11 3 17 4 19 18 22 0 3 3 0 0 0 15
split_gain=17.9594 3.05717 1.02663 1.94787 1.55307 1.49994 1.45322 2.48462 1.88697 1.78628 1.3195 1.09601 1.75914 2.3141 1.25877 1.06368 1.01052 0.979358 1.00278 0.96123 0.918383 1.27201 0.905869 0.882785 4.26191 3.03714 7.92323 7.33041 2.92321 3.77854
threshold=1.0000000180025095e-35 1.0000000180025095e-35 7.2671789435822811 0 0.067381267689184884 0.18778648180323185 7.4036399786033487 7.2542553644443979 2.5000000000000004 0.15088659539222454 0.18805206083901613 3.5000000000000004 0.1438484635611022 6.8040598888354813 7.1600986279620171 0.60648949667238206 0.43773436867694998 5.5000000000000009 1.0000000180025095e-35 3.5000000000000004 7.3003784304405768 0.16060627774556921 6.2030772222959216 1 4.5000000000000009 2.5000000000000004 2 3 4 1.0691665297540147
decision_type=8 10 8 1 8 10 10 10 2 10 10 2 8 8 10 8 10 2 10 2 8 10 8 1 2 2 1 1 1 8
left_child=1 17 23 6 10 19 7 16 9 -9 -5 12 13 -7 -14 -16 -4 -1 -19 -6 21 -21 -8 24 25 27 -27 -2 -26 -30
right_child=2 -3 3 4 5 11 22 8 -10 -11 -12 -13 14 -15 15 -17 -18 18 -20 20 -22 -23 -24 -25 28 26 -28 -29 29 -31
leaf_value=8.4773943718127221e-07 -0.00059096659053019186 1.4015219651497547e-09 -0.0018690542095509924 -0.010971723568657759 0.006121278927298998 -0.0064699029878560787 -0.021868758335353181 0.007746513876937579 -0.020215574001566997 -0.010307766036174809 -3.1154058828391303e-05 0.0041029455172906697 -0.019722024553333443 -0.0010086610703126059 -0.0008654516591294775 0.012939917708744243 0.0010277809723221053 5.3075021313875316e-05 -3.459168779713146e-06 -0.02174341463960669 0.0051730323924039203 0.0067564511073103161 0.0095164537787049384 -2.7894936297972052e-06 -0.0002417675909366159 -0.0019972252013630617 0.00028691021757330353 0.0010204178125243454 -0.00014171589046072563 0.0022047034932782586
leaf_weight=576 18712 2174 949 20 934 26 22 35 58 22 27 608 20 52 1042 103 187 30 90 20 1461 21 171 65295 4606 13788 17181 23466 727 17677
leaf_count=576 18712 2174 949 20 934 26 22 35 58 22 27 608 20 52 1042 103 187 30 90 20 1461 21 171 65295 4606 13788 17181 23466 727 17677
internal_value=0.000154909 0.00407666 8.76041e-05 0.000742472 0.00127072 0.00137275 -0.000845942 -0.00147482 -0.00847826 -0.00201754 -0.00776596 0.000299838 -0.000551086 -0.00782051 -6.43775e-05 0.000152839 -0.000765845 0.00119253 -0.00291667 0.00218801 0.00140479 -0.00597561 0.00318653 6.41679e-05 0.000160502 -2.618e-05 -0.000402176 0.000249893 0.00075402 0.00103563
internal_weight=170100 2870 167230 5778 4334 4287 1444 1251 115 57 47 1851 1243 78 1165 1145 1136 696 120 2436 1502 41 193 161452 96157 73147 30969 42178 23010 18404
internal_count=170100 2870 167230 5778 4334 4287 1444 1251 115 57 47 1851 1243 78 1165 1145 1136 696 120 2436 1502 41 193 161452 96157 73147 30969 42178 23010 18404
cat_boundaries=0 1 2 3 4 5
cat_threshold=1622 21221 16544 69 4608
is_linear=0
shrinkage=0.05


Tree=254
num_leaves=31
num_cat=0
split_feature=20 15 19 7 17 10 18 16 11 15 14 13 18 22 6 14 22 21 11 4 22 17 21 22 7 15 20 22 16 15
split_gain=17.9454 3.31241 1.21532 2.04077 1.42022 1.0611 0.916157 0.972757 0.911933 1.06065 1.7875 0.99064 1.44906 1.8533 1.80615 2.07579 2.3142 0.993711 0.948081 0.870132 1.33998 1.33099 2.67211 1.95582 1.75684 1.28556 2.85006 1.27905 1.55167 1.38594
threshold=1.0000000180025095e-35 1.0000000180025095e-35 7.2671789435822811 15.500000000000002 6.9550033948320564 7.511387868236679 0.23650072970919447 0.11384043466483357 7.4852109456602092 7.4036399786033487 6.7481730371604982 7.5074155787737569 0.33251481862844073 7.0028016215360909 1.0000000180025095e-35 7.694324491952357 6.7401772617438906 7.7202392267623416 7.4230907110906061 3.5000000000000004 7.8809635756105267 7.2542553644443979 6.8580395486683789 6.428787255283626 2.5000000000000004 7.4662098370778862 0.48298727127919089 7.6633949929743022 0.22728618498233302 3.3382888204310395
decision_type=8 10 8 10 8 10 10 8 10 10 10 8 10 8 2 8 10 8 10 2 10 10 8 10 10 10 10 10 10 8
left_child=1 -1 3 19 -4 6 -6 -8 9 11 -11 12 13 14 15 16 -9 -14 -12 20 25 -21 23 -23 -24 27 -27 -2 29 -29
right_child=2 -3 4 -5 5 -7 7 8 -10 10 18 -13 17 -15 -16 -17 -18 -19 -20 21 -22 22 24 -25 -26 26 -28 28 -30 -31
leaf_value=4.9411415073419285e-07 2.4588402449245759e-05 1.3314458646718209e-09 -0.10110403542072939 -0.010513202077299562 0.00069276946475722596 0.0049466356400861946 -0.022247345198178798 -0.0056846341722960507 0.0036602029751534393 -0.012390863605504364 -0.00075119165857054793 0.0043040086043287847 0.0040269201225770915 0.0054901473881925188 0.002613277473073267 -0.0041766226758244776 -0.010184076383676551 -0.011315885895349952 -0.0036617411551360733 4.6099080556667903e-07 0.0018459440053568193 0.003398535491825878 0.00028361270601097351 -0.0039721562603082915 -0.015779054386557457 0.0027592896459996932 -0.020759946342590301 -4.9259105871877863e-07 0.00025665353993055038 -0.0045532051201426027
leaf_weight=715 38701 2206 20 117 4009 823 26 25 239 28 117 215 79 41 26 38 29 27 33 119405 849 20 366 96 20 49 20 280 662 422
leaf_count=715 38701 2206 20 117 4009 823 26 25 239 28 117 215 79 41 26 38 29 27 33 119405 849 20 366 96 20 49 20 280 662 422
internal_value=0.000156244 0.00404142 8.81992e-05 6.26372e-05 0.000800866 0.00084709 0.000569749 -0.000850487 -0.000574136 -0.00153495 -0.00483146 -0.0003125 -0.00235849 -0.00537736 -0.00855932 -0.0118478 -0.0181481 0.00216981 -0.00266667 6.74376e-05 0.00026633 -5.41901e-07 -0.00256972 -0.00922414 -0.000569948 0.000224747 -0.0065942 0.000236491 -0.00126833 -0.00290598
internal_weight=169703 2921 166782 161007 5775 5755 4932 923 897 658 178 480 265 159 118 92 54 106 150 160890 40983 119907 502 116 386 40134 69 40065 1364 702
internal_count=169703 2921 166782 161007 5775 5755 4932 923 897 658 178 480 265 159 118 92 54 106 150 160890 40983 119907 502 116 386 40134 69 40065 1364 702
is_linear=0
shrinkage=0.05


Tree=255
num_leaves=31
num_cat=1
split_feature=20 8 21 15 22 21 20 17 17 9 15 16 10 15 3 17 11 10 3 10 17 20 0 3 17 20 20 16 15 20
split_gain=17.9913 3.14099 1.18937 1.77781 1.62377 1.54335 1.81818 1.45659 1.50769 1.4077 1.21 2.28733 1.39516 1.70829 1.5001 1.36555 1.20459 1.03272 1.39096 0.977108 1.43437 0.946248 4.7986 1.52199 4.3864 2.67317 4.23067 2.05035 1.76103 1.76087
threshold=1.0000000180025095e-35 2.5000000000000004 6.5517941110389986 7.5991337065958158 6.5072241051784685 6.5316059599741179 0.25341256950642216 0.83534572210942304 0.82665956710571487 1.0000000180025095e-35 7.4036399786033487 0.1124190705444698 6.8554614828731877 6.7576688628705641 1.0000000180025095e-35 2.2004819493275165 4.1116928651754314 0.71754226264466137 2.5000000000000004 3.0933100309410118 3.2593985688668332 0.77633655141951674 0 1.0000000180025095e-35 4.6130757167599619 0.89334677428537035 0.94968409520739117 2.4644648348472589 7.3109892321986303 0.91912303957007246
decision_type=8 2 8 10 8 10 10 8 10 2 10 10 8 10 2 10 10 8 2 10 10 8 1 2 8 10 10 10 10 10
left_child=1 -1 4 21 5 7 16 8 17 -6 12 -12 13 14 19 -16 -7 -2 -19 20 -9 -4 23 24 25 -23 29 28 -25 -27
right_child=2 -3 3 -5 9 6 -8 10 -10 -11 11 -13 -14 -15 15 -17 -18 18 -20 -21 -22 22 -24 27 -26 26 -28 -29 -30 -31
leaf_value=4.6940844319887098e-07 9.6556109533980879e-07 1.2648735725484529e-09 -4.9958039944848615e-07 0.0093458862513512535 0.00016634603635337479 -0.00065876168510373275 0.0033530396081226568 0.00010314337845729142 -0.0001151971890125758 0.0042120161959563092 -0.02744401178921025 -0.0009304326128614116 0.001228065858993309 -0.005062069921650144 0.0001651997428232458 -0.00025221920712000049 -0.0059982391108087396 2.3034979378621632e-05 -5.2931446652163082e-05 0.0036085372708990165 -0.010430668949616235 0.0025500310217159952 -0.00012805244952701251 0.014943950462045653 0.019715117390239578 -0.030204600244379723 -0.0084041056242290975 -0.098851018897214149 -0.0017491525600258095 -0.028577140238158161
leaf_weight=702 102 2177 140793 502 1924 21 20 221 24 886 35 189 735 110 1099 6296 23 20 34 922 32 71 9846 2369 311 23 97 35 40 23
leaf_count=702 102 2177 140793 502 1924 21 20 221 24 886 35 189 735 110 1099 6296 23 20 34 922 32 71 9846 2369 311 23 97 35 40 23
internal_value=0.000143268 0.00406217 7.56283e-05 3.73112e-05 0.000540849 0.0002393 -0.0075 0.000289745 -0.00416667 0.00160142 0.000372964 -0.00325893 0.000459374 0.000282258 0.000361727 9.80394e-05 -0.0131818 -0.00237179 -0.00796296 0.00202128 -0.000731225 2.76029e-05 0.000438939 0.00219705 -0.000238095 -0.00574766 -0.00968531 0.00272913 0.00290369 -0.0221739
internal_weight=169682 2879 166803 154110 12693 9883 64 9819 180 2810 9639 224 9415 8680 8570 7395 44 156 54 1175 253 153608 12815 2969 525 214 143 2444 2409 46
internal_count=169682 2879 166803 154110 12693 9883 64 9819 180 2810 9639 224 9415 8680 8570 7395 44 156 54 1175 253 153608 12815 2969 525 214 143 2444 2409 46
cat_boundaries=0 1
cat_threshold=64513
is_linear=0
shrinkage=0.05


Tree=256
num_leaves=31
num_cat=6
split_feature=18 15 3 1 22 4 22 7 17 1 22 16 0 8 4 4 7 0 18 16 14 14 18 14 22 1 8 22 0 17
split_gain=10.4132 2.43579 1.94087 2.45508 1.91817 2.18206 1.87398 1.36742 1.31499 1.19933 2.47339 2.6835 2.36153 3.11257 2.3841 3.65704 1.87672 1.77296 2.13006 1.51611 1.45489 1.41303 1.36698 1.26286 1.20536 1.07556 1.63443 1.04933 2.79998 3.21687
threshold=1.0000000180025095e-35 0.37012364598125269 5.5000000000000009 0 7.6498831131395439 7.5000000000000009 7.9636262202731212 1.0000000180025095e-35 7.3700181247529093 1 6.8570527145175211 0.5225072842253744 2 1.5000000000000002 3.5000000000000004 5.5000000000000009 29.500000000000004 3 0.32321609591081235 0.064140309130873915 7.3274519153404629 0.71754226264466137 0.14858045997560962 2.998226044309511 7.3539766334982328 4 6.5000000000000009 7.6383550479494158 5 0.36898037876086504
decision_type=8 10 2 1 10 2 10 10 8 1 10 8 1 2 2 2 8 1 10 8 8 8 8 8 10 1 2 10 1 10
left_child=1 2 4 -4 -1 6 -6 -5 27 17 11 20 13 14 -13 16 23 19 21 -10 -11 -19 24 -16 -23 26 -3 -2 29 -29
right_child=8 25 3 7 5 -7 -8 -9 9 10 -12 12 -14 -15 15 -17 -18 18 -20 -21 -22 22 -24 -25 -26 -27 -28 28 -30 -31
leaf_value=7.4740576863022385e-07 1.6373376866002971e-05 1.2016298955863647e-09 9.9403336402481938e-06 3.6316411343049416e-06 -4.8197527659754513e-05 5.0152814046320936e-05 7.3853404286911483e-06 -4.5437879708973675e-05 -0.0115598392853899 -0.016565363833683313 0.00029014433683150143 0.00027193231295399498 0.0034870415922533642 0.0018918002186125158 0.0025266965685564798 -0.0029369308039620813 0.0021064706150486557 -0.0035487255749143114 -0.020187847669017506 0.0054333709057048764 -0.014858580597290623 -0.0060815232887609632 8.4125121805427654e-05 -0.01504679959421586 0.0076743821765689994 1.2016298955863647e-09 -1.0385192417972089e-06 -0.0017756061055101203 -0.0011225327345758442 3.7390766092500573e-05
leaf_weight=425 136121 555 46 22 37 42 22 66 22 25 725 491 618 261 25 933 31 24 40 2423 83 64 2010 224 20 2638 48 108 8129 13252
leaf_count=425 136121 555 46 22 37 42 22 66 22 25 725 491 618 261 25 933 31 24 40 2423 83 64 2010 224 20 2638 48 108 8129 13252
internal_value=0.000139504 0.0026929 -7.57574e-05 -0.00544776 0.00129278 -0.00490099 -0.0111017 -0.0103409 7.93643e-05 0.000703953 -5.85461e-06 -0.000704199 -0.000381339 -0.00122785 -0.00201291 -0.0032028 -0.00821429 0.00123072 0.000179889 0.00214868 -0.00842593 0.000396601 0.000534862 -0.00965863 -0.00571429 0.00325671 0.00135158 4.7586e-05 -0.000277118 0.000168287
internal_weight=169530 3901 660 134 526 101 59 88 165629 8019 3416 2691 2583 1965 1704 1213 280 4603 2158 2445 108 2118 2094 249 84 3241 603 157610 21489 13360
internal_count=169530 3901 660 134 526 101 59 88 165629 8019 3416 2691 2583 1965 1704 1213 280 4603 2158 2445 108 2118 2094 249 84 3241 603 157610 21489 13360
cat_boundaries=0 1 2 3 4 5 6
cat_threshold=4 1 966 39301 1 52262
is_linear=0
shrinkage=0.05


Tree=257
num_leaves=31
num_cat=5
split_feature=20 8 10 20 0 7 18 3 0 3 20 15 3 0 20 18 14 16 22 21 16 14 9 0 10 21 20 16 1 18
split_gain=19.2089 2.45016 1.52668 1.674 3.79055 1.66414 1.55464 1.38387 2.08312 2.54455 1.78921 1.61896 1.64207 2.44901 1.71041 1.65522 1.83983 1.58932 1.57209 2.26473 1.54358 1.38679 2.29897 1.33155 1.55825 1.98445 1.93673 4.66581 3.88451 2.03286
threshold=1.0000000180025095e-35 2.5000000000000004 4.143927747969351 0.81901274721547124 0 14.500000000000002 1.9270511509625721 3.5000000000000004 1 4.5000000000000009 0.26015272239219278 0.37012364598125269 5.5000000000000009 2 0.41893083785192126 0.47300957128889254 3.2600159261750652 0.23409538931324972 7.9806751139780205 7.8452197668196186 1.0000000180025095e-35 3.9522043336703749 1.0000000180025095e-35 3 0.71754226264466137 6.9221510378135092 0.11018371921388019 1.0000000180025095e-35 4 0.17133088791590131
decision_type=8 2 8 8 1 10 10 2 1 2 8 8 2 1 10 10 8 10 10 8 10 10 2 1 10 8 8 8 1 10
left_child=1 -1 7 5 6 -4 -5 23 9 21 20 -12 13 17 15 -15 -17 -13 19 -11 -10 22 -9 -2 26 -26 27 28 -25 -28
right_child=2 -3 3 4 -6 -7 -8 8 10 18 11 12 -14 14 -16 16 -18 -19 -20 -21 -22 -23 -24 24 25 -27 29 -29 -30 -31
leaf_value=5.9349781402095869e-07 0.00021214758203658081 1.141548400251935e-09 4.0961957400940424e-05 0.012732638408914716 0.00018408184531159438 -0.0081198165881357937 -0.044394132526289924 -0.0040161050484999452 -7.5333319664289829e-06 -0.00037226505532867544 -0.002297779296932445 6.8952212713907306e-05 0.00076184250982272808 0.00014148476094174252 0.0029621793880480942 -0.010590060767312979 3.4914513112532367e-05 -0.0010857813848217147 0.0036657590778508171 -0.0041953798047381493 -1.3823841795309172e-05 -0.0059904612614387603 0.0010167410619196502 -1.0535869574779691e-05 2.3948454874835229e-05 -0.00034785893318889914 5.6576418407752782e-05 1.6296597683834273e-05 -3.0026062072138055e-06 6.7457550292355379e-06
leaf_weight=686 16500 2183 94815 2235 6447 147 35 2719 893 6047 32 437 2168 1929 683 34 47 1172 512 575 9940 397 465 66 5345 7187 1448 652 205 3609
leaf_count=686 16500 2183 94815 2235 6447 147 35 2719 893 6047 32 437 2168 1929 683 34 47 1172 512 575 9940 397 465 66 5345 7187 1448 652 205 3609
internal_value=0.000124403 0.0041809 5.46058e-05 0.0001726 0.000835723 0.000111729 0.00258772 -0.000139386 -0.000401069 -0.000948718 -6.19773e-05 0.000593664 0.00064915 8.36822e-05 0.00100444 0.000273632 -0.00672839 -0.0014546 -0.0004037 -0.000610087 -0.000455552 -0.00203714 -0.0016897 7.02618e-05 -0.000220818 -0.000537823 0.000443144 -0.00166306 -0.00717712 0.000827566
internal_weight=169610 2869 166741 103679 8717 94962 2270 63062 28050 10715 17335 6502 6470 4302 2693 2010 81 1609 7134 6622 10833 3581 3184 35012 18512 12532 5980 923 271 5057
internal_count=169610 2869 166741 103679 8717 94962 2270 63062 28050 10715 17335 6502 6470 4302 2693 2010 81 1609 7134 6622 10833 3581 3184 35012 18512 12532 5980 923 271 5057
cat_boundaries=0 1 2 3 4 5
cat_threshold=64513 45864 66 38061 1
is_linear=0
shrinkage=0.05


Tree=258
num_leaves=31
num_cat=1
split_feature=20 8 17 21 15 4 10 4 22 22 16 3 16 21 20 7 20 1 9 22 4 20 10 17 17 20 17 4 20 22
split_gain=19.2146 2.53145 1.51852 1.25112 1.71115 1.3988 2.27662 1.33968 3.10214 2.09094 1.94501 2.63245 4.49123 2.4638 1.79546 2.1334 2.03727 1.73056 3.88496 3.96847 3.64446 3.48589 2.68185 2.61634 4.36409 6.80276 2.66675 2.18186 4.45861 4.02601
threshold=1.0000000180025095e-35 2.5000000000000004 7.555607333623616 6.62737956271428 0.76078115988244288 2.5000000000000004 0.93590108845079578 7.5000000000000009 8.7462259215500584 6.2837323091180384 0.10103554619622215 1.5000000000000002 0.20613067876299085 8.8357328761380636 0.19008278335707654 1.5000000000000002 0.21210478074204561 0 1.0000000180025095e-35 6.9513796049219145 4.5000000000000009 0.17599977756547691 4.2870286698710576 4.4353239532957351 4.6911658853875018 0.19399367453590519 4.5611899932267344 6.5000000000000009 0.11930605769199516 7.6162895154448096
decision_type=8 2 8 8 8 2 8 2 10 8 10 2 10 10 10 10 10 1 2 10 2 10 8 10 10 10 10 2 10 10
left_child=1 -1 3 4 5 -2 -7 8 17 14 -10 13 -13 -12 -9 16 -16 18 27 20 -20 22 -22 -23 25 -25 -27 -5 29 -29
right_child=2 -3 -4 7 -6 6 -8 9 10 -11 11 12 -14 -15 15 -17 -18 -19 19 -21 21 23 -24 24 -26 26 -28 28 -30 -31
leaf_value=7.3898379782666448e-07 -5.032536029094556e-05 1.0844709796842268e-09 0.00074205929668689434 4.7715036973942367e-05 0.00020765684097880099 -5.2492210062632323e-07 -6.0083891180573199e-05 0.00093307871431690939 0.0036057274968203153 1.9680295907947642e-05 -0.010443037756450469 -0.016969224972326388 0.0051203425344403053 -0.0047687947911514211 -0.0087137420977084993 -0.01436269353877428 -0.0030403086089883877 -0.00012264280051176347 -0.00060771448317539561 0.00067763366616792038 -0.011434374635556514 -0.0013149768268096483 -0.0036435646039655063 -0.0011292386220067578 -0.0036621993073757361 -0.0087267064633998644 -0.010189404623939226 -0.0029073108971741108 -3.9075277494746244e-05 -0.014633977737139287
leaf_weight=717 33 2221 6409 22218 17830 196 34 56 71 59669 25 49 84 31 24 27 194 51977 1353 1301 30 779 107 51 290 22 36 132 3577 58
leaf_count=717 33 2221 6409 22218 17830 196 34 56 71 59669 25 49 84 31 24 27 194 51977 1353 1301 30 779 107 51 290 22 36 132 3577 58
internal_value=0.000157753 0.0041661 8.70921e-05 5.69098e-05 0.000448516 -0.00355513 -0.00217391 7.06964e-06 -0.00012404 0.00018676 -0.00557692 -0.00822751 -0.0043985 -0.0173214 -0.0039701 -0.00581633 -0.00417431 -0.000106736 0.000195967 -0.00126102 -0.00236507 -0.00423954 -0.0117883 -0.00336163 -0.00665414 -0.0151835 -0.0268966 0.000418511 -0.000694186 -0.00815789
internal_weight=169601 2938 166663 160254 18093 263 230 142161 82191 59970 260 189 133 56 301 245 218 81931 29954 3969 2668 1315 137 1178 399 109 58 25985 3767 190
internal_count=169601 2938 166663 160254 18093 263 230 142161 82191 59970 260 189 133 56 301 245 218 81931 29954 3969 2668 1315 137 1178 399 109 58 25985 3767 190
cat_boundaries=0 1
cat_threshold=2
is_linear=0
shrinkage=0.05


Tree=259
num_leaves=31
num_cat=4
split_feature=20 8 10 18 20 0 3 3 20 0 16 17 22 3 3 20 21 20 22 20 0 17 3 17 0 13 12 14 15 4
split_gain=18.1858 2.99027 1.18907 1.39854 1.12667 0.90633 3.34562 6.8997 5.94937 5.48288 3.74987 3.45378 3.88629 2.93357 2.9242 2.78848 2.75891 2.55838 2.47302 2.16745 1.91865 5.28673 1.83905 3.13366 2.02501 1.77764 2.21232 1.77779 2.53425 1.91838
threshold=1.0000000180025095e-35 2.5000000000000004 7.3508371991323473 0.22906639305787818 0.61093026266415218 0 3.5000000000000004 2.5000000000000004 0.11018371921388019 1 0.34922837459968809 3.9258780366591819 6.814508817448016 1.0000000180025095e-35 1.5000000000000002 0.65772860679021528 7.764718292812792 0.11018371921388019 8.1016589783062596 0.0998700427573289 2 5.2464326135570429 4.5000000000000009 1.3362866406016531 3 6.0733900368205918 6.5382121774325102 6.7021446072378135 7.0147735286299193 8.5000000000000018
decision_type=8 2 10 10 10 1 2 2 8 1 10 8 10 2 2 10 10 8 10 10 1 10 2 8 1 8 10 10 8 2
left_child=1 -1 5 4 -4 6 7 8 11 -9 20 12 -2 18 15 -15 -17 -11 -12 -14 21 -10 -7 -24 -25 -8 27 -27 29 -29
right_child=2 -3 3 -5 -6 22 25 9 10 17 13 -13 19 14 -16 16 -18 -19 -20 -21 -22 -23 23 24 -26 26 -28 28 -30 -31
leaf_value=4.4941799277609111e-07 -0.0049797511703236763 1.0302474318102384e-09 0.0042816749059951019 0.00028112966207532547 -0.034112234190960669 8.7164209230677913e-06 -1.0849710982634816e-05 0.012335761148127086 -0.0068834642204026386 -9.6075337582885695e-06 0.00066356549512246133 0.006682350831224794 -1.9845695584096721e-06 -0.0044760668754166349 0.00031035810692374969 -0.023320480352982547 -0.055236401369774993 3.0181677216123973e-05 -0.0099080852103426587 -2.8816298133980367e-05 3.7421218554190946e-05 -0.19524668423045088 -1.9951565765770871e-05 4.1108092833488333e-05 0.0020929642946025079 -0.00070365440597191099 0.0034326298110221951 -0.01777342363552277 -0.0061852857819479608 0.0013853968906024903
leaf_weight=690 45 2222 1190 1776 28 85143 15084 3393 286 71 1471 48 74 1093 574 409 22 3687 51 71 16439 24 5108 6188 16203 7208 649 64 151 26
leaf_count=690 45 2222 1190 1776 28 85143 15084 3393 286 71 1471 48 74 1093 574 409 22 3687 51 71 16439 24 5108 6188 16203 7208 649 64 151 26
internal_value=0.000189925 0.00410714 0.000121446 0.00110888 0.00241379 0.000103373 -7.16387e-05 0.000298653 -0.00016572 0.00163683 -7.38866e-05 -0.00802521 -0.0110526 -0.00153315 -0.00274547 -0.00389108 -0.00729698 0.000315818 0.000137977 -0.00706897 0.000241507 -0.00359375 0.000182509 0.00053802 0.000792953 -0.000515055 -0.00111262 -0.00135656 -0.00558091 -0.0122222
internal_weight=169488 2912 166576 2994 1218 163582 50940 27758 20607 7151 20369 238 190 3620 2098 1524 431 3758 1522 145 16749 310 112642 27499 22391 23182 8098 7449 241 90
internal_count=169488 2912 166576 2994 1218 163582 50940 27758 20607 7151 20369 238 190 3620 2098 1524 431 3758 1522 145 16749 310 112642 27499 22391 23182 8098 7449 241 90
cat_boundaries=0 1 2 3 4
cat_threshold=15626 264 256 33408
is_linear=0
shrinkage=0.05


Tree=260
num_leaves=31
num_cat=5
split_feature=20 8 17 0 13 1 19 3 0 20 18 6 22 22 20 18 0 10 20 22 0 18 20 20 3 3 20 22 10 8
split_gain=18.2394 3.07743 1.00882 1.65515 1.5835 1.36372 1.47909 4.63785 2.34339 3.47299 2.25549 5.49622 3.10558 4.13397 2.07145 3.20449 2.34062 1.96025 1.77664 1.62097 1.60102 2.20156 2.15143 1.77177 3.188 1.59242 1.52031 2.06778 1.47213 1.44206
threshold=1.0000000180025095e-35 2.5000000000000004 0.78025122936348168 0 0.66750053336617021 1 0.72022334535698973 5.5000000000000009 2 0.73281182336142991 1.0000000180025095e-35 1.0000000180025095e-35 7.0755989373815504 6.9343309551965566 0.18482814981710352 0.15811781319129545 3 0.76519735254682386 0.3085062261813159 7.0909115107046174 4 0.1338165700472855 0.10486342005433268 0.29124731488604017 1.5000000000000002 4.5000000000000009 0.30362282046495231 6.4967228014086293 0.61482027553725704 1.0000000180025095e-35
decision_type=8 2 10 1 8 1 10 2 1 10 8 2 10 10 10 8 1 10 10 8 1 8 10 8 2 2 8 10 10 2
left_child=1 -1 3 -2 -4 -5 10 8 9 18 11 12 13 -7 15 19 -16 -10 -8 -9 21 22 -12 24 -23 -13 -25 -28 -21 -18
right_child=2 -3 4 5 -6 6 7 14 17 -11 20 25 -14 -15 16 -17 29 -19 -20 28 -22 23 -24 26 -26 -27 27 -29 -30 -31
leaf_value=3.1947275237476096e-07 0.015629024615312428 9.7873505966461506e-10 -0.0023487650435516224 1.914262710950926e-05 1.7885724041991726e-05 3.8697163406593897e-06 -0.011349649887925433 -6.5632117657094216e-05 6.9035419915925049e-05 -0.012888072018385861 -3.4314228563960609e-06 -3.909064870924193e-05 1.4672047128095789e-06 -4.5492994320292127e-06 4.0447484381161795e-05 1.0134901785819978e-05 -0.019865391814142364 -1.954131152517243e-05 0.0040954503440361108 -6.6530545096075186e-05 1.6644125830468233e-05 -0.0021421070104241167 -0.0025971555940114337 -0.0041247027733811396 0.00068799757297629692 -3.4054379041316912e-05 -0.0043652644430883401 0.00057072782802797522 -3.5905756656485985e-05 -0.005766557743549422
leaf_weight=695 411 2218 640 6144 150765 24 24 47 2498 21 100 45 147 33 259 84 35 425 98 26 3328 245 62 45 691 22 484 212 98 103
leaf_count=695 411 2218 640 6144 150765 24 24 47 2498 21 100 45 147 33 259 84 35 425 98 26 3328 245 62 45 691 22 484 212 98 103
internal_value=0.000167883 0.00409029 9.95119e-05 0.000480873 5.99388e-05 0.000395167 8.73763e-06 0.0007773 0.00159165 -0.00447712 -0.000516734 -0.0049631 -0.000882353 -0.0107895 -0.00305215 -0.00656863 -0.000793451 0.00189737 -0.00155738 -0.0104971 -0.00028353 -0.00146295 -0.00703704 -0.000933214 0.000512821 -0.0173881 -0.00275978 -0.00218391 -0.0075 -0.00581081
internal_weight=170029 2913 167116 15711 151405 15300 9156 3718 3066 143 5438 271 204 57 652 255 397 2923 122 171 5167 1839 162 1677 936 67 741 696 124 138
internal_count=170029 2913 167116 15711 151405 15300 9156 3718 3066 143 5438 271 204 57 652 255 397 2923 122 171 5167 1839 162 1677 936 67 741 696 124 138
cat_boundaries=0 1 2 3 4 5
cat_threshold=53257 1 128 658 774
is_linear=0
shrinkage=0.05


Tree=261
num_leaves=31
num_cat=0
split_feature=18 17 16 3 9 4 4 17 16 17 22 22 16 15 8 4 15 22 15 3 22 16 4 2 12 14 2 3 15 10
split_gain=12.4759 1.70418 1.31443 1.26428 2.82976 2.20057 1.40637 1.39761 1.43309 1.45649 1.49904 3.08416 2.47084 2.23714 1.19493 2.36497 2.21882 2.5653 1.12467 1.26639 1.10026 4.37592 1.71427 1.06823 1.29513 1.57929 1.8333 1.98512 2.23316 1.81805
threshold=1.0000000180025095e-35 7.3700181247529093 0.035192629130292162 1.0000000180025095e-35 1.0000000180025095e-35 9.5000000000000018 4.5000000000000009 6.7869680894019231 0.80729900829624979 7.0112968718566604 7.6767431363113081 7.8809635756105267 0.22208238599211275 7.0608055841155233 4.5000000000000009 6.5000000000000009 3.8031319128748522 6.5493180312566404 0.69331376394879285 5.5000000000000009 6.5493180312566404 2.0431632731665021 8.5000000000000018 2.5000000000000004 3.851210301366216 2.3075602584206303 1.5000000000000002 4.5000000000000009 2.2940752004436695 3.4323716941944231
decision_type=8 8 8 2 2 2 2 10 10 10 10 10 10 10 2 2 10 8 8 2 8 10 2 2 10 10 2 2 10 8
left_child=18 3 -3 4 7 6 -6 20 9 -9 -11 12 -12 -14 15 16 -8 -18 -1 -20 21 22 -2 24 25 -5 29 -28 -29 -27
right_child=1 2 -4 23 5 -7 14 8 -10 10 11 -13 13 -15 -16 -17 17 -19 19 -21 -22 -23 -24 -25 -26 26 27 28 -30 -31
leaf_value=9.2979830501604972e-10 0.0010694811145758906 -0.016472193734727011 0.00028655005776485057 1.270617724679593e-05 0.0026174221261038148 0.0062461240735543393 0.0014565451424709817 0.0050824252823926663 -0.011332632688611871 0.002011012891552675 -0.018425514551398885 0.003187957570175311 -0.009685151447439479 0.0070911253248125902 0.00073737728545471444 0.00085652106955801707 -0.00029669219834828309 -0.0066893105416039938 6.6359007067640088e-07 -8.3429511162538038e-06 -4.1407680501096694e-05 -0.020945022304954871 -0.00082250828234376155 -3.8776071486834684e-05 0.00047671222870308838 -0.00098016091349663326 -0.001794683030196613 -0.0057775391640660497 0.00090174568849623259 0.00045617341270751236
leaf_weight=3195 828 21 7945 31433 1252 903 29 1324 31 1344 34 107 21 29 1296 163 22 37 570 134 13603 21 342 45357 33919 3137 8421 158 2737 11357
leaf_count=3195 828 21 7945 31433 1252 903 29 1324 31 1344 34 107 21 29 1296 163 22 37 570 134 13603 21 342 45357 33919 3137 8421 158 2737 11357
internal_value=0.000178182 0.000112467 0.000826011 7.64702e-05 0.000433929 0.00169098 0.000998571 0.000170776 0.00117647 0.00129241 0.0002443 -0.00390052 -0.0110714 -0.004 -9.696e-06 -0.00316733 -0.00977273 -0.015339 0.00297384 0.00116477 -2.56859e-05 0.00143157 0.00183761 2.04735e-05 0.000119129 -2.59418e-05 -0.000315769 -0.000792683 0.000336788 5.65753e-05
internal_weight=169770 165871 7966 157905 21386 3702 2799 17684 2890 2859 1535 191 84 50 1547 251 88 59 3899 704 14794 1191 1170 136519 91162 57243 25810 11316 2895 14494
internal_count=169770 165871 7966 157905 21386 3702 2799 17684 2890 2859 1535 191 84 50 1547 251 88 59 3899 704 14794 1191 1170 136519 91162 57243 25810 11316 2895 14494
is_linear=0
shrinkage=0.05


Tree=262
num_leaves=31
num_cat=2
split_feature=20 8 3 18 15 20 20 19 18 4 1 20 3 22 14 22 4 10 22 19 17 3 4 19 4 17 15 18 1 19
split_gain=17.2623 3.27324 1.18107 2.0866 2.43554 1.78982 1.66693 2.48592 2.09382 1.88129 1.62531 2.10423 2.76667 1.7732 1.99586 1.76865 2.30769 1.68563 1.58407 1.71751 1.54138 2.33844 2.69234 2.18881 1.45496 1.44288 1.42522 3.20249 1.78371 1.7094
threshold=1.0000000180025095e-35 2.5000000000000004 1.0000000180025095e-35 2.3059096439962876 4.9479618880655467 0.61093026266415218 0.50710923306503375 4.3913830904529307 0.29330637810453891 3.5000000000000004 0 0.51542064908199159 1.5000000000000002 6.725082988245827 1.7833559100698646 7.0842000592598362 9.5000000000000018 3.9899091162083553 6.8033662098577805 0.89677138669543865 7.0250339220495865 1.5000000000000002 4.5000000000000009 7.2352134129670178 2.5000000000000004 7.1785499273989686 0.86695541705920476 0.69787570248262742 1 6.8054476077945383
decision_type=8 2 2 10 8 8 10 10 8 2 1 10 2 8 10 10 2 8 8 8 8 2 2 10 2 10 10 10 1 10
left_child=1 -1 3 18 -5 6 26 9 -9 -8 11 17 15 14 -12 -13 -17 -11 19 -2 -10 -22 23 24 25 -23 27 29 -29 -4
right_child=2 -3 5 4 -6 -7 7 8 20 10 13 12 -14 -15 -16 16 -18 -19 -20 -21 21 22 -24 -25 -26 -27 -28 28 -30 -31
leaf_value=2.9788599054114684e-07 -5.3469921331873057e-05 8.8330838754480116e-10 4.152457928729488e-06 -0.0010946137121651755 -0.020209367857937699 0.00073881785173751733 0.0053374686391024573 0.00029641382750286098 -0.0047078505229129486 0.00054494925421847838 0.00018738747942951192 -0.00014719168908745666 -0.0010185420131456548 0.0019558975266817081 -0.015083003295356764 -0.069071388729100403 -0.001304982115662618 -0.019270890834631862 3.5441102742905453e-05 0.0013351145995536865 0.0024506991793353107 -0.01516564162096079 -0.0075067585954276123 0.0010319535547882971 -0.041242380435621812 -0.016527943612785406 -8.3809368133914344e-06 -0.008457926749687138 -0.0045871196234857688 0.0058413318349124152
leaf_weight=699 166 2170 20094 71 20 17098 970 550 1311 25 113 61 789 1370 121 39 26 59 17138 4979 35 37 87 21 30 21 100296 24 25 1412
leaf_count=699 166 2170 20094 71 20 17098 970 550 1311 25 113 61 789 1370 121 39 26 59 17138 4979 35 37 87 21 30 21 100296 24 25 1412
internal_value=0.000195959 0.00404148 0.00012989 0.000467954 -0.00708791 7.7586e-05 1.3175e-05 -0.000825243 -0.00219407 -2.37893e-05 -0.000724164 -0.00230731 -0.00161202 0.000261846 -0.00376068 -0.00849206 -0.0142308 -0.00988095 0.000498811 0.00126822 -0.00313878 -0.00690476 -0.00903061 -0.0142661 -0.0177273 -0.0131034 5.2154e-05 0.000421016 -0.0123469 0.000450107
internal_weight=169857 2869 166988 22374 91 144614 127516 5665 2092 3573 2603 999 915 1604 234 126 65 84 22283 5145 1542 231 196 109 88 58 121851 21555 49 21506
internal_count=169857 2869 166988 22374 91 144614 127516 5665 2092 3573 2603 999 915 1604 234 126 65 84 22283 5145 1542 231 196 109 88 58 121851 21555 49 21506
cat_boundaries=0 1 2
cat_threshold=4 1
is_linear=0
shrinkage=0.05


Tree=263
num_leaves=31
num_cat=2
split_feature=20 8 10 3 19 6 13 12 21 16 12 19 10 17 17 0 19 6 22 22 16 16 0 20 8 6 10 17 20 3
split_gain=17.8649 3.19086 1.04245 1.13708 1.25873 1.09902 1.51155 2.30437 2.06383 1.31197 1.00927 0.975315 5.45903 4.35148 3.57511 3.01342 2.21707 2.23506 2.84994 1.92031 2.66638 1.52276 1.49491 1.78874 2.00701 3.19729 1.48386 1.75862 1.71973 3.04222
threshold=1.0000000180025095e-35 2.5000000000000004 7.2607333758629453 3.5000000000000004 6.4658331717782138 1.0000000180025095e-35 7.4691979620378612 7.4274414869707561 7.3142198319787717 0.25871935889341241 1.7664051342320239 1.9547769238740993 2.2027494954295124 1.4869796347011677 3.1852129764285011 0 2.0460354156292682 1.0000000180025095e-35 7.1238219657151811 6.8093083835371031 0.20372500513571137 0.1124190705444698 1 0.26216723260403624 5.5000000000000009 1.0000000180025095e-35 2.0476720312775929 2.4672079010094206 0.73281182336142991 2.5000000000000004
decision_type=8 2 10 2 8 2 8 8 10 10 10 10 8 10 10 1 10 2 8 10 10 8 1 10 2 2 10 8 10 2
left_child=1 -1 11 4 10 -5 7 -7 9 -9 -4 13 14 15 16 -2 21 26 19 -19 -21 -13 -15 24 25 -24 27 28 -18 -30
right_child=2 -3 3 5 -6 6 -8 8 -10 -11 -12 12 -14 22 -16 -17 17 18 -20 20 -22 -23 23 -25 -26 -27 -28 -29 29 -31
leaf_value=2.5542531169597816e-07 2.2754306842001812e-07 8.3914296622467081e-10 -0.009329400596712549 0.005274971295113463 0.00047811222085688112 0.002857126202505297 0.0073308254487079788 -0.0078603468323700642 0.006794763369632602 -0.0042266597769095963 -0.00024802749983577916 0.0069067444944391435 0.00010468749432933355 0.0052839176004587061 0.01112103144670756 0.0083526039321611904 -0.0065836972256508395 0.00067633057778976639 0.0020130026948935466 -0.0022181959084414888 -0.008768383095197254 -0.0014975588683660663 -0.022951240183355565 0.0025837833756669633 -0.00021945506739149795 0.0012145100527387737 -0.0036069232394318044 -0.0033207156245539356 -0.024352079708460206 -0.012627254514260403
leaf_weight=695 33870 2207 22 941 2995 86 101 21 20 25 31 129 118546 2265 534 1018 559 162 359 145 102 647 41 3151 186 42 600 123 30 45
leaf_count=695 33870 2207 22 941 2995 86 101 21 20 25 31 129 118546 2265 534 1018 559 162 359 145 102 647 41 3151 186 42 600 123 30 45
internal_value=0.000180262 0.00406961 0.000112593 0.000886375 0.000374016 0.0021943 -0.000731225 -0.00388158 -0.0109091 -0.0167391 -0.00726415 9.24002e-05 2.17659e-05 0.00030476 -0.00194323 9.57351e-05 -0.0026353 -0.00347059 -0.0013151 -0.0041687 -0.00694332 -0.000347938 0.00158751 0.000918368 -0.00299256 -0.00945783 -0.00469049 -0.00616248 -0.00722397 -0.0143333
internal_weight=169698 2902 166796 4242 3048 1194 253 152 66 46 53 162554 121981 40573 3435 34888 2901 2125 768 409 247 776 5685 3420 269 83 1357 757 634 75
internal_count=169698 2902 166796 4242 3048 1194 253 152 66 46 53 162554 121981 40573 3435 34888 2901 2125 768 409 247 776 5685 3420 269 83 1357 757 634 75
cat_boundaries=0 1 2
cat_threshold=982 38
is_linear=0
shrinkage=0.05


Tree=264
num_leaves=31
num_cat=3
split_feature=18 19 4 8 21 1 19 8 19 4 21 22 21 2 4 22 22 21 17 0 14 0 10 19 16 17 19 21 11 4
split_gain=12.8817 5.21415 2.35709 2.15828 1.93337 1.16588 1.2159 1.29334 2.49411 2.99565 2.14841 2.10492 1.03679 2.15165 1.32094 1.2777 1.20821 0.928637 0.870947 1.13224 1.45256 0.992545 2.92 1.85325 1.85671 3.03332 2.12844 3.07688 2.51933 1.85574
threshold=1.0000000180025095e-35 0.69322269047845697 11.500000000000002 2.5000000000000004 7.0044280632177705 0 0.78932121774321995 5.5000000000000009 0.72022334535698973 9.5000000000000018 7.8073020336262013 7.2807094377236483 7.111919780603535 1.5000000000000002 7.5000000000000009 7.1700002979321233 6.8204393033548554 7.4106483894326676 7.3700181247529093 1 1.0471650770867935 2 5.1230706790583023 1.7639674188252872 0.49630722645441711 6.4203070839206635 3.3388935968983016 7.0044280632177705 3.8077723681394766 7.5000000000000009
decision_type=8 10 2 2 8 1 10 2 10 2 10 10 10 2 2 10 10 10 8 1 8 1 10 10 10 10 8 10 8 2
left_child=1 3 5 12 -4 17 7 8 9 11 -10 -7 13 14 15 -1 -14 -3 21 -20 -21 22 23 -2 26 -26 -25 -28 29 -29
right_child=18 2 4 -5 -6 6 -8 -9 10 -11 -12 -13 16 -15 -16 -17 -18 -19 19 20 -22 -23 -24 24 25 -27 27 28 -30 -31
leaf_value=-1.1832658892607876e-05 0.0014685268329771969 4.9021199735354921e-06 -9.1630542256644015e-06 7.9718581735832572e-10 2.4583460178760669e-08 -3.2197486575935356e-05 5.6872603768138398e-05 1.1747979543785938e-06 8.0859082675464798e-06 1.9995444941210972e-06 -7.027502812657972e-05 -2.9569412265007046e-05 -0.0018574788731616249 2.1483331763741428e-06 4.3139802722228613e-06 -9.6505937097662551e-06 6.0274500203183483e-07 -2.4261583659455812e-06 -5.6658729706639648e-05 -0.0068767664506759769 0.0019232370251608508 2.0164767296695957e-05 0.0013854745116023994 0.0014743720157143255 -0.0071369574382482001 -0.011844542658618203 -0.0004954582406029378 -0.001934433331267432 -0.0026262311632503726 -0.0056324820121368812
leaf_weight=31 591 242 23 2255 25 41 226 217 233 41 26 32 25 163 32 20 232 89 1929 20 5971 134984 3273 1696 581 23 15157 89 1071 191
leaf_count=31 591 242 23 2255 25 41 226 217 233 41 26 32 25 163 32 20 232 89 1929 20 5971 134984 3273 1696 581 23 15157 89 1071 191
internal_value=0.000168084 0.00298887 0.000230126 0.00418419 -0.010625 0.000684394 -0.000330882 -0.00152542 -0.00331099 -0.00947368 -0.000598455 -0.0155479 0.00122266 -0.00109756 -0.0076506 -0.0126471 0.00344358 0.00318731 0.000100739 0.000612374 0.000950675 7.5037e-05 -0.00023102 -0.000464199 -0.000550829 -0.00327815 -0.000460338 -0.000633632 -0.00292006 -0.00714286
internal_weight=169529 3953 1195 2758 48 1147 816 590 373 114 259 73 503 246 83 51 257 331 165576 7920 5991 157656 22672 19399 18808 604 18204 16508 1351 280
internal_count=169529 3953 1195 2758 48 1147 816 590 373 114 259 73 503 246 83 51 257 331 165576 7920 5991 157656 22672 19399 18808 604 18204 16508 1351 280
cat_boundaries=0 1 2 3
cat_threshold=1 86 15616
is_linear=0
shrinkage=0.05


Tree=265
num_leaves=31
num_cat=3
split_feature=20 8 20 0 1 18 7 19 21 19 8 7 13 19 18 8 20 22 16 1 20 17 15 22 2 18 22 17 13 7
split_gain=18.6938 2.39692 1.74615 2.50577 2.08142 1.704 1.44712 1.41329 1.93343 1.84154 1.57336 1.75019 1.51862 1.403 2.32623 2.84706 1.74066 1.43468 1.39056 1.82854 1.51015 1.40419 4.40193 1.33382 1.31883 1.26684 1.85241 4.85287 1.44946 1.20852
threshold=1.0000000180025095e-35 2.5000000000000004 0.62422862781296307 0 1 0.42905798000267431 14.500000000000002 4.6141329293738851 8.1027375051170818 5.3516176290595725 3.5000000000000004 2.5000000000000004 2.998226044309511 6.8374433705829345 0.28688478949454005 3.5000000000000004 0.64171845381435122 6.8364624269464151 0.56970365043174664 2 0.75364749892381078 1.8349849089929902 2.0437736631929231 6.3810619869804706 1.5000000000000002 0.80211241968173463 7.7250414290857501 3.6747318639193707 3.9899091162083553 62.500000000000007
decision_type=8 2 8 1 1 8 10 10 10 10 2 10 8 10 10 2 8 10 10 1 10 10 10 8 2 10 10 10 10 10
left_child=1 -1 6 5 13 -4 -2 8 12 10 11 -9 18 16 23 -16 17 -5 -7 20 -20 -21 -23 -15 -24 -6 28 -28 -27 -14
right_child=2 -3 3 4 25 7 -8 9 -10 -11 -12 -13 29 14 15 -17 -18 -19 19 21 -22 22 24 -25 -26 26 27 -29 -30 -31
leaf_value=4.1293799647024101e-07 3.5788656681360751e-06 7.5732652371485191e-10 0.00092996591792627974 -0.0047684019170573097 0.00014843869635587862 0.00056521108776467956 -0.0078724462067922708 -0.015769154732015962 -0.004026703121626187 0.0003611718768061898 -0.0036488089176062418 -0.00082936951666543921 0.00047127346205358769 -0.0058716432888247932 -0.081682794351210619 0.0051134603323893385 0.012579328578024424 0.0099040733890852807 -0.0041665537978403892 0.001793301007126754 -0.015056629028696556 -0.01980135479908051 -0.0067557777364094674 -0.0082242065815950616 4.8555965770869328e-05 0.0027011109037474992 -0.038622940469457974 0.021983101024539285 0.015265665691563729 -0.0061119242166638712
leaf_weight=697 148046 2163 1168 48 3314 411 146 272 159 778 513 126 5249 20 22 383 1804 26 63 95 33 22 224 112 381 1909 73 109 1231 232
leaf_count=697 148046 2163 1168 48 3314 411 146 272 159 778 513 126 5249 20 22 383 1804 26 63 95 33 22 224 112 381 1909 73 109 1231 232
internal_value=0.000170142 0.00417832 0.000101486 0.000555733 0.00115385 -2.05405e-06 4.39297e-05 -0.000246553 7.20631e-05 -0.00154233 -0.00306806 -0.00542714 0.000201192 0.00241201 0.000158287 0.00203704 0.00305644 -0.00445946 -0.00138731 -0.00257946 -0.0090625 -0.00171745 -0.00257576 -0.00560606 -0.00177686 0.00069771 0.00138772 -0.00351648 0.00167197 0.00055738
internal_weight=169829 2860 166969 18777 9051 9726 148192 8558 6869 1689 911 398 6710 2415 537 405 1878 74 1229 818 96 722 627 132 605 6636 3322 182 3140 5481
internal_count=169829 2860 166969 18777 9051 9726 148192 8558 6869 1689 911 398 6710 2415 537 405 1878 74 1229 818 96 722 627 132 605 6636 3322 182 3140 5481
cat_boundaries=0 1 2 3
cat_threshold=754 1 4
is_linear=0
shrinkage=0.05


Tree=266
num_leaves=31
num_cat=3
split_feature=20 8 19 0 20 20 17 13 10 0 1 7 13 11 22 2 21 14 12 12 10 17 11 19 22 20 20 22 22 8
split_gain=17.5387 3.40617 1.01323 1.79523 1.61984 1.2133 1.02901 1.16372 0.814563 0.869612 4.13233 1.62976 0.807633 0.793927 1.55731 0.786841 1.21925 0.769903 0.757551 0.790085 1.46902 0.840399 0.897961 0.678138 1.14441 1.55997 2.97323 1.99829 2.17236 1.80214
threshold=1.0000000180025095e-35 2.5000000000000004 7.2671789435822811 0 0.51542064908199159 0.73281182336142991 7.555607333623616 2.393329031016735 2.7757039971150994 1 2 28.500000000000004 7.615889584497979 7.8375540494105929 6.9642316861668672 1.5000000000000002 7.3142198319787717 7.401536421578423 7.0631337724971912 7.1499560810597229 7.4392654507645917 7.1600986279620171 6.6803526628682128 7.2062031168714373 6.428787255283626 0.3295554582688151 0.34033643400079017 6.9642316861668672 6.841266940382563 5.5000000000000009
decision_type=8 2 8 1 8 8 8 8 10 1 1 8 10 10 10 2 10 10 8 8 8 10 10 10 8 10 10 8 10 2
left_child=1 15 13 4 -4 12 17 -8 9 -7 11 -11 -6 23 -15 16 -1 18 -5 20 -20 22 -21 -2 -25 27 -27 28 -26 -30
right_child=2 -3 3 6 5 8 7 -9 -10 10 -12 -13 -14 14 -16 -17 -18 -19 19 21 -22 -23 -24 24 25 26 -28 -29 29 -31
leaf_value=-8.6199582557695747e-06 5.7804814808097979e-06 7.1946019697399783e-10 0.0090734445465154405 0.0052887012002919651 -0.035877465807713692 -0.00026259422134301168 -0.016905586974472003 0.0079705645485650505 0.010524270926597792 -0.0074553560744042846 0.01535516159294913 -0.009213939471954577 -0.016771156134542352 0.0039851390590277362 -0.0066857642588713309 2.99344236948107e-07 8.7338424501182489e-06 0.0028090874291069219 -0.0065193966932663569 -0.035735161844336928 0.0039754543986276463 0.0001979230616272608 0.0007843215942861068 0.0082653823747887781 -0.0013967565946753975 -0.02187242670795916 -0.0022531354368234692 0.002128913141571152 -0.0024516796223339123 -0.0075442256852752054
leaf_weight=160 159733 2188 148 120 21 877 26 2007 65 35 52 21 38 33 48 465 53 786 38 29 27 1436 24 73 361 36 140 582 40 35
leaf_count=160 159733 2188 148 120 21 877 26 2007 65 35 52 21 38 33 48 465 53 786 38 29 27 1436 24 73 361 36 140 582 40 35
internal_value=0.00016226 0.00404047 9.56359e-05 0.000747826 -0.000919495 -0.00158251 0.00121364 0.0020487 -0.00119048 -0.00154822 -0.00559322 -0.0155357 -0.00855932 7.23551e-05 -0.00487654 0.000943953 -0.00157277 0.000528455 -7.76581e-05 -0.00037323 -0.00576923 -0.000137676 -0.00632075 7.48449e-05 -0.00107735 -0.00144891 -0.00579545 -0.000697446 -0.00325688 -0.011
internal_weight=169697 2866 166831 5750 1257 1109 4493 2033 1050 985 108 56 59 161081 81 678 213 2460 1674 1554 65 1489 53 161000 1267 1194 176 1018 436 75
internal_count=169697 2866 166831 5750 1257 1109 4493 2033 1050 985 108 56 59 161081 81 678 213 2460 1674 1554 65 1489 53 161000 1267 1194 176 1018 436 75
cat_boundaries=0 1 2 3
cat_threshold=598 82 4
is_linear=0
shrinkage=0.05


Tree=267
num_leaves=31
num_cat=1
split_feature=20 16 10 2 5 22 12 18 18 16 16 17 22 19 3 17 19 1 17 13 21 10 7 13 13 10 20 13 10 19
split_gain=18.437 2.80992 1.79199 2.44123 1.084 1.9825 1.26196 1.03625 1.67616 1.61681 1.51114 1.34509 2.34656 1.8114 2.36448 1.84971 1.45179 2.08631 1.93048 1.41686 1.52605 1.30012 1.26906 1.63717 1.98215 1.21876 1.20741 1.22876 2.60879 1.41726
threshold=1.0000000180025095e-35 1.0000000180025095e-35 7.2250810478489376 2.5000000000000004 1.0000000180025095e-35 7.6992830507276464 7.2148354303830287 0.50110974201064062 0.47300957128889254 0.5225072842253744 0.26518941743207286 6.745687521232246 6.2837323091180384 6.7431565105464033 2.5000000000000004 7.0859086160818725 5.8108857907823817 0 5.3165281057195521 2.8931418480839728 8.5022697001354874 1.3479888099339705 2.5000000000000004 6.3686158190385518 5.5335870781393002 6.895733302474393 0.79708292673758185 3.5248877695012832 3.3339870432574523 4.4301262208368408
decision_type=8 8 10 2 2 10 10 8 10 10 8 10 10 10 2 10 8 1 8 10 10 8 10 8 10 10 10 10 8 10
left_child=1 -1 7 -4 -5 6 -6 8 26 -10 -9 16 13 -13 -15 -16 19 18 -18 20 25 -20 23 24 -19 -12 27 -2 -29 -30
right_child=2 -3 3 4 5 -7 -8 10 9 -11 11 12 -14 14 15 -17 17 22 21 -21 -22 -23 -24 -25 -26 -27 -28 28 29 -31
leaf_value=6.8348718906818826e-10 5.5605576982757527e-06 2.0446906365823028e-07 0.0026819076424194985 2.5568300010876818e-05 0.0018225562202914749 -0.019992654516185281 -0.0077239443583031892 0.0013403772147035555 -0.0035015256165823027 0.00027081301229442309 -0.00025625735982780213 0.01450450329305974 -0.00043683375115094046 -0.0048996567057349215 -0.019264622878930635 -0.012790203237760717 -0.012234624690665658 0.0043454185770476364 -0.0062425869381616166 0.0014474175170154143 -0.032996968339376591 0.0059045158230747428 -0.0024872946541586627 0.0016491639716741278 -0.0076733475471346489 -0.0082858514004123026 0.00097275704299460721 -0.0040478260363688767 0.00031730839708033918 -0.00034085007624624805
leaf_weight=2205 72537 680 3128 1536 98 25 94 2030 1197 604 9946 22 394 44 31 33 23 83 44 8162 35 2560 986 937 133 34 1329 704 15920 44194
leaf_count=2205 72537 680 3128 1536 98 25 94 2030 1197 604 9946 22 394 44 31 33 23 83 44 8162 35 2560 986 937 133 34 1329 704 15920 44194
internal_value=0.000170488 0.00413345 0.00010197 0.00104589 -0.000447804 -0.00375576 -0.00203125 7.35269e-05 1.88667e-05 -0.00149639 0.000366122 0.000252909 -0.00225191 -0.00807692 -0.0107407 -0.016875 0.000310117 0.00108687 0.00203083 0.000106453 -0.000292062 0.00215822 -7.24636e-05 0.00105377 -0.00287037 -0.000255511 3.91288e-05 2.41838e-05 -0.00014157 -0.000106131
internal_weight=169748 2885 166863 4881 1753 217 192 161982 136485 1801 25497 23467 524 130 108 64 22943 4766 2627 18177 10015 2604 2139 1153 216 9980 134684 133355 60818 60114
internal_count=169748 2885 166863 4881 1753 217 192 161982 136485 1801 25497 23467 524 130 108 64 22943 4766 2627 18177 10015 2604 2139 1153 216 9980 134684 133355 60818 60114
cat_boundaries=0 1
cat_threshold=1
is_linear=0
shrinkage=0.05


Tree=268
num_leaves=31
num_cat=6
split_feature=20 8 17 0 1 10 5 3 20 8 1 0 4 4 19 20 3 18 16 20 20 16 0 20 4 11 16 19 0 5
split_gain=18.3489 2.78936 0.908682 2.80234 1.76219 1.89277 2.01722 1.81614 1.88148 0.927744 2.05158 1.85551 1.84985 3.59135 1.73097 1.67298 0.95061 1.17511 1.52671 1.52497 1.61838 1.01191 0.942194 1.99235 1.96011 1.44525 1.48683 1.04187 0.87563 1.75482
threshold=1.0000000180025095e-35 2.5000000000000004 7.3700181247529093 0 1 0.50031594015395309 1.0000000180025095e-35 2.5000000000000004 0.15642628367119846 1.0000000180025095e-35 2 3 3.5000000000000004 4.5000000000000009 3.6478380865185387 0.15453598166619062 2.5000000000000004 0.23008422208789733 0.13691409939082153 0.31217662401026985 0.75364749892381078 0.067381267689184884 4 0.94968409520739117 5.5000000000000009 2.393329031016735 0.3524254469257766 2.3015615560771043 5 1.0000000180025095e-35
decision_type=8 2 8 1 1 10 2 2 10 2 1 1 2 2 8 10 2 10 8 10 10 8 1 10 2 8 10 8 1 2
left_child=1 -1 -2 4 5 6 7 -4 -9 10 15 12 -12 14 -14 -5 17 21 -19 -20 -21 -11 23 25 -25 -18 27 -27 -23 -30
right_child=2 -3 3 9 -6 -7 -8 8 -10 16 11 -13 13 -15 -16 -17 22 18 19 20 -22 28 -24 24 -26 26 -28 -29 29 -31
leaf_value=1.9529703432186246e-07 5.0766265024907222e-06 6.4931283128011338e-10 -0.007983721622110862 0.01912609106492659 -0.00052771358261916566 0.00029907245054324057 0.00089888577737512725 -0.0032306756263750535 -0.0020416128854142145 -0.010789192376388586 0.0044649017467513112 0.0086087300171711189 -0.002392924629418332 -0.0036770969002184631 -0.045012681328315873 -0.0016293402957508519 -0.011872477158918447 -0.0098181223466889001 0.0038634641868020045 -0.040102438447827619 0.011662010940468641 -0.00039007493927048476 0.0046559954106718529 -0.017171049101366322 0.001765078999331313 -0.0044200807163606989 -0.019763550927873626 0.0036536844514678691 0.0060500963740928327 -0.0077765220738315521
leaf_weight=705 159025 2185 65 556 492 68 24 68 21 31 180 242 26 535 31 476 26 23 180 115 56 646 1731 37 31 27 21 1204 743 120
leaf_count=705 159025 2185 65 556 492 68 24 68 21 31 180 242 26 535 31 476 26 23 180 115 56 646 1731 37 31 27 21 1204 743 120
internal_value=0.000167659 0.00411765 9.92208e-05 0.00062701 -0.0022861 -0.00577236 -0.00848315 -0.0105844 -0.0152247 0.00093444 3.91009e-05 -0.00155819 -0.00273657 -0.00412162 -0.0160526 0.00160853 0.00130335 0.000428422 -0.00208556 -0.00126781 -0.00464912 0.00103896 0.00184758 0.000833333 -0.0075 0.00128326 0.00152556 0.00175061 0.00122266 0.00225086
internal_weight=169690 2890 166800 7775 738 246 178 154 89 7037 2046 1014 772 592 57 1032 4991 1914 374 351 171 1540 3077 1346 68 1278 1252 1231 1509 863
internal_count=169690 2890 166800 7775 738 246 178 154 89 7037 2046 1014 772 592 57 1032 4991 1914 374 351 171 1540 3077 1346 68 1278 1252 1231 1509 863
cat_boundaries=0 1 2 3 4 5 6
cat_threshold=22 1 1 960 25768 10688
is_linear=0
shrinkage=0.05


Tree=269
num_leaves=31
num_cat=5
split_feature=20 15 20 0 20 3 17 17 1 4 16 18 20 18 17 3 1 14 17 11 3 15 17 19 19 14 0 3 15 0
split_gain=18.4519 2.4813 1.41508 1.81013 2.21402 2.55691 2.22746 2.81298 2.20028 1.9383 1.73945 1.56056 1.98425 1.96182 1.49815 1.42123 2.12112 1.55471 1.38995 1.92755 1.38528 1.33596 1.37492 1.31384 4.05048 1.30885 1.3063 3.64549 4.4093 2.49293
threshold=1.0000000180025095e-35 1.0000000180025095e-35 0.58504782123881482 0 0.94968409520739117 1.5000000000000002 2.8974425608070997 2.7669953180908302 1 6.5000000000000009 0.21061058076466416 0.40154742483164318 0.84404815046434012 0.33001635224521497 5.2650095395464467 1.0000000180025095e-35 2 4.3573494417676164 3.3326928920460861 3.2561697533634875 1.0000000180025095e-35 4.9479618880655467 5.6938045179403671 4.0113984316872235 3.7965961998070124 0.43773436867694998 3 1.0000000180025095e-35 1.0822341040532628 4
decision_type=8 10 8 1 8 2 8 10 1 2 8 8 10 10 10 2 1 8 8 10 2 10 10 10 10 8 1 2 10 1
left_child=1 -1 26 4 5 8 7 -7 -4 -10 -5 13 14 -11 15 -13 -17 23 19 -6 -16 22 25 24 -18 -12 -2 28 -28 -30
right_child=2 -3 3 10 18 6 -8 -9 9 11 21 12 -14 -15 20 16 17 -19 -20 -21 -22 -23 -24 -25 -26 -27 27 -29 29 -31
leaf_value=4.9321708565140405e-07 0.0001287353391648084 6.1684718999366347e-10 0.0037824331688094369 0.00092258099740903643 -0.028997854315746419 -0.003901804755289149 0.0048321777751004604 -0.015798148658795582 0.00032164001571569263 -0.0024020451396965323 -0.0099511566498756577 0.014595544036775814 -0.028232267750115447 -0.071372897707954075 -0.092997667663163475 0.0038561532318286498 -0.023628296843420878 0.0051397363667158849 0.013979165260073444 0.016160099739090349 -0.00038633643910373843 -0.0037319119537699238 0.021461090672407947 -0.00040363267033886668 -0.053298065846900035 3.5130718060869083e-05 -3.6233445017507603e-05 -1.6076062589887229e-05 0.00026003269783057446 0.0028829795218011907
leaf_weight=700 56907 2144 412 851 38 51 3802 22 646 31 24 292 183 36 20 94 60 51 1962 39 22 731 324 43 31 10759 2902 78040 3192 5310
leaf_count=700 56907 2144 412 851 38 51 3802 22 646 31 24 292 183 36 20 94 60 51 1962 39 22 731 324 43 31 10759 2902 78040 3192 5310
internal_value=0.000162592 0.00415612 9.4532e-05 0.000483337 0.00108031 0.000583161 0.00132258 -0.00732877 -0.000908381 -0.00179258 0.000113789 -0.00334299 -0.00272613 -0.0106716 -0.00136215 -0.000691769 -0.00324373 -0.00635135 0.00249877 -0.00409091 -0.0104762 -4.30814e-05 9.31847e-05 -0.0091791 -0.0125824 -3.24566e-06 4.00067e-05 -7.91466e-05 0.000755875 0.00133028
internal_weight=169719 2844 166875 20524 7835 5796 3875 73 1921 1509 12689 863 796 67 613 571 279 185 2039 77 42 11838 11107 134 91 10783 146351 89444 11404 8502
internal_count=169719 2844 166875 20524 7835 5796 3875 73 1921 1509 12689 863 796 67 613 571 279 185 2039 77 42 11838 11107 134 91 10783 146351 89444 11404 8502
cat_boundaries=0 1 2 3 4 5
cat_threshold=56333 1 2 33477 5144
is_linear=0
shrinkage=0.05


Tree=270
num_leaves=31
num_cat=0
split_feature=20 8 20 19 14 11 13 19 3 22 17 22 18 13 19 3 13 16 19 20 13 22 19 20 18 7 21 11 21 19
split_gain=18.0617 3.09489 1.09631 1.4946 1.48965 1.37289 1.97921 2.65211 1.55037 1.75737 1.5048 1.86401 1.55769 1.26701 1.59639 1.71229 3.44904 1.85485 1.91409 2.10274 1.83128 2.29084 2.82295 1.91246 2.60617 1.69782 1.57955 1.54822 1.74498 1.49449
threshold=1.0000000180025095e-35 2.5000000000000004 0.62422862781296307 0.96723466342487885 0.43773436867694998 2.7113724724615449 3.5278289544528167 1.9547769238740993 3.5000000000000004 8.0738369382954094 2.5471947818677614 6.6477826449855266 0.97292841060783342 0.71754226264466137 5.741579572753448 5.5000000000000009 0.66750053336617021 0.16553043722790364 0.73026094190808244 0.28849181758168546 0.66750053336617021 6.3434456549129861 0.9103789153077414 0.11018371921388019 0.15930127990213441 1.0000000180025095e-35 6.6839863367171022 5.8583615423434514 6.4305252799863091 0.71180929492339196
decision_type=8 2 8 8 8 8 10 8 2 10 8 8 10 10 10 2 10 8 10 10 10 8 10 10 10 10 8 8 10 10
left_child=1 -1 13 -4 -5 6 7 8 -6 -10 11 -9 -13 14 15 20 -17 18 25 -20 -2 22 -22 29 -25 -18 -15 28 -16 -23
right_child=2 -3 3 4 5 -7 -8 10 9 -11 -12 12 -14 26 27 16 17 -19 19 -21 21 23 -24 24 -26 -27 -28 -29 -30 -31
leaf_value=1.5706329566907799e-07 2.294400376789683e-06 5.8600482799597842e-10 -0.0051026684977742275 -0.0037832447273141341 0.00081745741913516262 0.00093213825468587092 0.014620984921979 -0.017613867648089254 -0.00021368004864771829 -0.00085629055204304951 -0.0049099057824454921 -0.0024051354421632965 -0.024284800847828313 0.00028113207659144073 -0.0078352013723221921 -2.3395317632673241e-05 7.6233415467188951e-07 -3.3048882772931251e-05 -3.7566283373520849e-05 0.00037942507943424599 -0.00016235916023432737 9.7249649629739708e-07 0.00023771307791911709 4.5188545081426001e-05 1.9824361185766908e-05 -1.5408660279993474e-05 -6.0108315933820705e-05 0.0015110016149351491 0.0016658918487871006 -3.2426784221389555e-06
leaf_weight=710 24210 2171 38 28 367 16464 444 55 293 22 676 117 39 13158 139 4485 127 616 237 26 39 250 24 1264 4267 33 88235 10428 156 359
leaf_count=710 24210 2171 38 28 367 16464 444 55 293 22 676 117 39 13158 139 4485 127 616 237 26 39 250 24 1264 4267 33 88235 10428 156 359
internal_value=0.000137688 0.00406283 6.98098e-05 0.000432239 0.000452581 0.000470044 -0.000762543 -0.00159656 0.000747801 -0.0018254 -0.0033991 -0.00708531 -0.00429487 2.44171e-05 0.000240034 8.02796e-05 -0.000729544 -0.00332531 -0.0058747 -0.0084981 0.00022737 0.000993874 -0.00849206 0.00109121 0.00138402 -0.0015625 -7.48077e-05 0.000775436 -0.00279661 -0.00156814
internal_weight=169477 2881 166596 18543 18505 18477 2013 1569 682 315 887 211 156 148053 46660 35937 5524 1039 423 263 30413 6203 63 6140 5531 160 101393 10723 295 609
internal_count=169477 2881 166596 18543 18505 18477 2013 1569 682 315 887 211 156 148053 46660 35937 5524 1039 423 263 30413 6203 63 6140 5531 160 101393 10723 295 609
is_linear=0
shrinkage=0.05


Tree=271
num_leaves=31
num_cat=5
split_feature=20 8 19 0 4 16 13 3 21 3 0 17 17 6 21 19 0 17 19 20 18 0 21 17 16 3 18 3 17 0
split_gain=18.6802 2.69057 1.09807 1.9704 1.26057 1.28581 1.02024 1.00199 1.32154 0.995323 4.18095 2.39626 2.74035 2.14286 3.1543 3.70879 1.78549 2.02218 3.19391 2.22606 1.74435 3.72237 2.13486 2.2713 1.76518 2.08723 2.51014 1.74035 3.33169 2.08652
threshold=1.0000000180025095e-35 2.5000000000000004 7.2671789435822811 0 2.5000000000000004 0.04478742672030233 7.8284164463755692 3.5000000000000004 7.111919780603535 1.0000000180025095e-35 1 4.9232220152595518 4.4990580028979457 1.0000000180025095e-35 8.993532301340311 4.6987511916819935 2 4.4353239532957351 4.236765680506589 0.15453598166619062 0.80211241968173463 3 7.7202392267623416 3.6376115792724222 1.1144950573402046 5.5000000000000009 1.2339838667378256 2.5000000000000004 5.2268975589057058 4
decision_type=8 2 8 1 2 8 10 2 10 2 1 10 10 2 8 10 1 10 10 10 10 1 10 10 10 2 10 2 8 1
left_child=1 7 6 -4 -5 -6 9 -1 -9 10 11 12 -2 -14 -15 -16 27 18 20 -19 -18 22 24 -24 -22 -26 -27 29 -29 -11
right_child=2 -3 3 4 5 -7 -8 8 -10 16 -12 -13 13 14 15 -17 17 19 -20 -21 21 -23 23 -25 25 26 -28 28 -30 -31
leaf_value=9.304565599697767e-07 0.0015850667166394169 5.5670458798395832e-10 -0.00049819141566984808 0.0046963791448873119 -0.042063942127010173 0.0010763781746277381 -0.0028872250002421598 -1.0935690263652598e-05 1.9604993429304501e-06 0.00019708531644870134 -2.6743979904754034e-05 0.0044295188046799489 -0.0022793547081552475 0.0018552264291058383 -0.0040356882544249281 -0.011125983324182577 -2.0131739053580051e-05 0.0018067764187148791 0.0018971223759240968 -0.0007429184143865822 0.0024219341477597022 0.022009782757228685 -0.035008076760043028 -0.0016562351202717492 -0.0001939607028942176 0.0078030240953798902 -0.0074332650504331885 3.3457048251347617e-06 0.0016440341354348278 -0.00010166242945475204
leaf_weight=401 4932 2194 929 1242 26 3527 74 139 141 7337 12751 3528 336 32 28 24 42329 1453 3931 29664 1718 1045 56 92 1097 89 111 25275 12423 12818
leaf_count=401 4932 2194 929 1242 26 3527 74 139 141 7337 12751 3528 336 32 28 24 42329 1453 3931 29664 1718 1045 56 92 1097 89 111 25275 12423 12818
internal_value=0.00015176 0.00414783 8.29105e-05 0.000763452 0.00117066 0.00069378 5.87368e-05 0.00140235 -0.000892857 6.14335e-05 0.000377005 0.00120922 0.000543722 -0.00333333 -0.0104762 -0.0180769 1.24789e-05 -0.000138182 5.72642e-05 -0.000455217 -5.83405e-05 0.000912548 5.20014e-05 -0.00581081 0.000339967 -0.00105243 -0.00575 0.000224928 0.000425487 -0.000150087
internal_weight=169742 2875 166867 5724 4795 3553 161143 681 280 161069 21631 8880 5352 420 84 52 139438 81585 50468 31117 46537 4208 3163 148 3015 1297 200 57853 37698 20155
internal_count=169742 2875 166867 5724 4795 3553 161143 681 280 161069 21631 8880 5352 420 84 52 139438 81585 50468 31117 46537 4208 3163 148 3015 1297 200 57853 37698 20155
cat_boundaries=0 1 2 3 4 5
cat_threshold=86 58536 4679 312 4612
is_linear=0
shrinkage=0.05


Tree=272
num_leaves=31
num_cat=1
split_feature=20 8 17 15 18 21 8 4 1 20 16 21 17 4 12 4 12 10 11 3 16 16 20 16 7 14 21 20 18 20
split_gain=18.546 2.93492 1.26952 1.6656 2.74272 4.49043 3.12431 3.53131 3.14809 2.55324 1.81328 1.76364 1.6953 1.32393 1.31438 1.22021 1.75368 1.45489 2.08825 1.17846 3.58678 2.26584 3.66586 1.62779 1.43536 1.26751 1.35659 1.30625 1.30597 1.30454
threshold=1.0000000180025095e-35 2.5000000000000004 0.78025122936348168 0.77435709176599266 0.20456727519790832 7.2452983069657719 6.5000000000000009 7.5000000000000009 0 0.18805206083901613 0.18230390763859158 7.2817282408204109 0.82665956710571487 9.5000000000000018 3.8297271732458493 10.500000000000002 0.43773436867694998 0.61482027553725704 0.66750053336617021 5.5000000000000009 1.0000000180025095e-35 0.035192629130292162 0.11018371921388019 0.12895819878249778 69.500000000000014 0.76519735254682386 7.577377095608937 0.22973975517647591 0.16174495645496237 0.14722933713301301
decision_type=8 2 10 8 10 8 2 2 1 10 10 8 10 2 10 2 8 8 8 2 8 8 10 8 10 10 10 10 10 10
left_child=1 -1 14 4 5 6 7 8 12 -9 13 -12 -4 -6 19 16 -13 -18 -19 21 -21 22 -2 25 -22 26 -23 -28 29 -27
right_child=2 -3 3 -5 10 -7 -8 9 -10 -11 11 15 -14 -15 -16 -17 17 18 -20 20 24 23 -24 -25 -26 28 27 -29 -30 -31
leaf_value=5.436501576514017e-07 -1.2721517735042664e-06 5.2886935941742765e-10 -2.1080114633714909e-05 1.778555847720112e-05 3.878273036669736e-05 6.7800354924645229e-06 1.458260190581735e-05 -4.269292200826246e-05 -4.0802800872093544e-05 -0.00010071427752428224 0.00048876132883612672 0.004028902077037138 -8.4879231060811785e-05 -1.5218711976441535e-05 0.014999421400486549 0.0013902825661554889 -0.0017260768329325459 -0.0043239000293096149 -0.010203495745625396 -1.9275382627574248e-05 9.4891611695814498e-06 6.6778102489830902e-05 4.3414200899610412e-05 4.9254371768323137e-05 -0.025397264050137494 -0.0017015961933511189 -0.00092758562317371259 -0.002674743595212789 -0.00011035671133407422 -0.0055489655745814426
leaf_weight=700 590 2214 58 149524 511 271 71 34 98 26 145 27 22 152 330 48 38 49 32 320 2362 1096 1204 9181 38 49 224 41 67 37
leaf_count=700 590 2214 58 149524 511 271 71 34 98 26 145 27 22 152 330 48 38 49 32 320 2362 1096 1204 9181 38 49 224 41 67 37
internal_value=0.00015331 0.00410776 8.41611e-05 3.99059e-05 -0.00157396 -0.00431034 -0.00843042 -0.0111765 -0.00764045 -0.0216667 9.98023e-06 -0.0029646 -0.015 0.00153092 0.000514512 -0.00608247 -0.00835616 -0.0109664 -0.0147531 0.000446775 -0.000496323 0.000652174 0.00229654 0.000376344 0.000166667 -0.00114267 -0.000657605 -0.00386792 -0.00545752 -0.00953488
internal_weight=169559 2914 166645 151106 1582 580 309 238 178 60 1002 339 80 663 15539 194 146 119 81 15209 2720 12489 1794 10695 2400 1514 1361 265 153 86
internal_count=169559 2914 166645 151106 1582 580 309 238 178 60 1002 339 80 663 15539 194 146 119 81 15209 2720 12489 1794 10695 2400 1514 1361 265 153 86
cat_boundaries=0 1
cat_threshold=2
is_linear=0
shrinkage=0.05


Tree=273
num_leaves=31
num_cat=7
split_feature=20 8 13 3 0 0 0 17 0 3 0 19 8 0 13 12 18 3 18 4 15 20 18 17 0 4 15 12 20 18
split_gain=18.0968 3.0794 1.13229 2.11018 4.44208 2.78773 2.01523 1.86835 1.81884 1.61742 4.02337 2.08709 1.96975 1.865 1.77655 1.52046 1.50548 2.19688 2.82572 1.70856 1.59302 1.40949 1.98201 1.49118 1.39906 1.57952 1.38338 1.83951 1.61912 1.57685
threshold=1.0000000180025095e-35 2.5000000000000004 0.76519735254682386 3.5000000000000004 0 1 2 7.555607333623616 3 4.5000000000000009 4 6.5663049024379196 5.5000000000000009 5 0.85418893014450203 5.4934727967162811 0.37535818243325964 2.5000000000000004 0.39690744175721537 7.5000000000000009 4.9930869382668526 0.21210478074204561 0.10397800785349608 6.2914651145577141 6 11.500000000000002 6.4643993827468584 6.5382121774325102 0.31217662401026985 0.19244286138298347
decision_type=8 2 10 2 1 1 1 8 1 2 1 10 2 1 10 10 10 2 10 2 10 10 10 10 1 2 10 8 10 10
left_child=1 -1 3 5 -5 -2 16 9 -6 14 13 12 -12 -11 -4 -10 20 -18 -19 -20 -7 22 -14 -24 -16 -26 -13 -28 29 -29
right_child=2 -3 7 4 8 6 -8 -9 15 10 11 26 21 -15 24 -17 17 18 19 -21 -22 -23 23 -25 25 -27 27 28 -30 -31
leaf_value=6.4613714392255631e-07 0.010400131254550624 5.0242588978122177e-10 -0.0023626864913417881 0.002021250918778346 -0.0038877131945958283 0.0022811425187064514 2.9294902636763068e-05 0.0040379064473595504 -2.4345843195864081e-05 0.0040667411192636584 0.0003445642587664422 -0.0010497687796124718 0.0026150284005862444 0.00031593346437522839 0.00017186869163792628 0.0024070939873624439 0.00048059496597390236 -0.038663220251928823 -0.0040174865802279627 -0.023367085393160403 -0.001687119403862453 -6.2186748839428797e-05 -0.001248288796924476 -0.014975287450420713 -0.00015156873666305969 0.0003880226607416539 -0.016854884854528449 -0.0085221179475538783 0.0030875789643615968 -0.0090630400903877698
leaf_weight=737 1194 2214 633 5334 1150 1334 27196 943 15032 2710 4199 260 143 15361 23007 1049 330 36 217 121 2030 2855 1747 22 54798 4762 25 108 72 61
leaf_count=737 1194 2214 633 5334 1150 1334 27196 943 15032 2710 4199 260 143 15361 23007 1049 330 36 217 121 2030 2855 1747 22 54798 4762 25 108 72 61
internal_value=0.000186822 0.00406811 0.000118126 0.000303782 -6.75824e-05 0.000561957 0.000470679 2.66774e-05 -0.00045792 7.80965e-06 0.000339767 -0.00049358 -0.000314521 0.000777335 -0.000102163 -0.000319744 -0.000566454 -0.00267045 -0.00529412 -0.00387574 -0.000127824 -0.00101007 -0.00206067 -0.00251837 -8.19333e-05 -0.000209837 -0.00355513 -0.00609023 -0.00475104 -0.00742604
internal_weight=169680 2951 166729 55023 22565 32458 31264 111706 17231 110763 27563 9492 8966 18071 83200 16081 4068 704 374 338 3364 4767 1912 1769 82567 59560 526 266 241 169
internal_count=169680 2951 166729 55023 22565 32458 31264 111706 17231 110763 27563 9492 8966 18071 83200 16081 4068 704 374 338 3364 4767 1912 1769 82567 59560 526 266 241 169
cat_boundaries=0 1 2 3 4 5 6 7
cat_threshold=53377 8 129 8 24687 65 38788
is_linear=0
shrinkage=0.05


Tree=274
num_leaves=31
num_cat=5
split_feature=20 15 4 0 19 20 19 15 10 17 6 12 4 0 18 4 0 10 0 1 12 17 15 22 19 3 17 20 18 5
split_gain=19.0148 2.30038 1.16582 2.63121 1.39257 2.22628 1.28252 4.65968 3.72713 3.02278 2.32796 1.86972 1.55516 3.52483 4.96602 3.16964 2.73735 2.10463 3.13756 4.00215 2.50298 2.3257 2.22715 2.16118 3.29328 2.14315 2.08274 1.98938 1.96101 1.9518
threshold=1.0000000180025095e-35 1.0000000180025095e-35 2.5000000000000004 0 0.44493290734620144 0.15453598166619062 1.9547769238740993 1.9596169553346174 1.8000241202036604 2.1466599549738192 1.0000000180025095e-35 1.6193392260821904 7.5000000000000009 1 0.14453900129268696 10.500000000000002 2 3.5278289544528167 3 4 6.9710116889648264 2.2587189704853183 4.1317030119055715 7.541136867084723 6.3579712251034133 3.5000000000000004 3.9896074296994786 0.27141978005123624 0.09745558065565911 1.0000000180025095e-35
decision_type=8 10 2 1 8 10 10 8 10 10 2 10 2 1 10 2 1 8 1 1 10 8 8 10 10 2 10 10 8 2
left_child=1 -1 3 4 5 -2 8 9 11 10 -8 -4 16 14 15 -14 29 -18 19 21 -20 -19 26 -24 -25 -22 -21 -23 -17 -9
right_child=2 -3 6 -5 -6 -7 7 12 -10 -11 -12 -13 13 -15 -16 28 17 18 20 22 25 27 23 24 -26 -27 -28 -29 -30 -31
leaf_value=8.2444424784888783e-07 -0.0039147651762311509 4.773045958472722e-10 1.7115380542905404e-06 0.0001099271851480319 -5.0974426338794248e-05 0.00056848639350229367 -0.0088290732088254081 -0.0010127615640905061 0.007735943909648095 -0.020317046883163683 0.0010525621731449668 0.002201177324220001 0.0044018511797915497 0.00041795393340782671 -0.0033420755984419795 -0.013096200106413439 -0.0015016825322238401 -0.01895058370037141 1.978721791678138e-05 0.00066213736398213743 -0.002753111548701918 -0.020798511788004317 0.0064429918460196904 0.0021014090787383967 -0.0043049332497097133 0.00038123599925169257 -0.0039825170238411561 -0.0063732151547106668 -0.002156201064557565 -0.0034870397738833341
leaf_weight=697 28 2180 29905 19976 7959 29 438 4908 1907 40 204 1896 764 48009 2562 26 6631 35 30644 1742 2623 30 3033 414 259 1379 185 265 239 590
leaf_count=697 28 2180 29905 19976 7959 29 438 4908 1907 40 204 1896 764 48009 2562 26 6631 35 30644 1742 2623 30 3033 414 259 1379 185 265 239 590
internal_value=0.000170316 0.00420056 0.000100768 0.000395113 -0.000370047 -0.00815789 4.13761e-05 -4.47532e-05 0.000309719 -0.00416422 -0.00333333 0.000180969 -1.78265e-05 0.000177326 -0.00133157 0.00159864 -0.000208768 -8.57141e-05 4.91272e-05 0.00110748 -0.00013331 -0.00424242 0.00142287 0.00213977 -0.000423477 -0.00130935 4.41102e-05 -0.00279661 -0.00311321 -0.00126362
internal_weight=169597 2877 166720 27992 8016 57 138728 105020 33708 682 642 31801 104338 51600 3591 1029 52738 47240 40609 5963 34646 330 5633 3706 673 4002 1927 295 265 5498
internal_count=169597 2877 166720 27992 8016 57 138728 105020 33708 682 642 31801 104338 51600 3591 1029 52738 47240 40609 5963 34646 330 5633 3706 673 4002 1927 295 265 5498
cat_boundaries=0 1 2 3 4 5
cat_threshold=10278 768 33794 644 4
is_linear=0
shrinkage=0.05


Tree=275
num_leaves=31
num_cat=3
split_feature=20 8 10 19 2 11 4 0 3 4 22 4 1 0 22 15 18 18 19 4 4 19 19 21 18 15 21 19 4 21
split_gain=16.7095 4.38227 1.04987 1.15044 1.24791 1.17833 0.929846 1.32463 0.833895 0.925335 1.14676 0.816807 0.769716 1.91593 1.98453 2.32249 1.60895 3.07863 1.93226 1.50757 3.57381 4.04237 3.06229 1.50046 2.06192 1.4285 2.42178 1.9648 2.70563 1.80637
threshold=1.0000000180025095e-35 2.5000000000000004 7.3508371991323473 6.4658331717782138 2.5000000000000004 6.4455610640262524 7.5000000000000009 0 5.5000000000000009 6.5000000000000009 7.1955796690028153 4.5000000000000009 1 2 7.6383550479494158 0.92747578986242318 0.18109011451981036 0.23946590821416211 3.9040850595909715 3.5000000000000004 9.5000000000000018 1.48602304971439 1.6980024465099646 6.6194060950237885 0.29803119685137813 3.9738835573591955 6.8788411363758835 3.9347605754652943 4.5000000000000009 6.4975285698311493
decision_type=8 2 10 8 2 8 2 1 2 2 10 2 1 1 10 10 8 8 10 2 2 8 8 8 10 8 10 10 2 8
left_child=1 6 12 5 -5 -4 7 8 9 10 11 -1 13 14 16 -16 25 -18 19 -19 21 -21 -23 -20 -25 26 27 -2 -29 -27
right_child=2 -3 3 4 -6 -7 -8 -9 -10 -11 -12 -13 -14 -15 15 -17 17 18 23 20 -22 22 -24 24 -26 29 -28 28 -30 -31
leaf_value=-1.2726692788879137e-05 0.00017059149305905213 4.534393638344625e-10 2.4453859859172815e-07 0.0029403888701952981 -0.00023038077210000914 -0.019281381371214157 9.622442806409294e-06 3.0761156335791049e-06 8.9637936494283189e-06 -8.9278897085602154e-05 -1.3391622133819398e-09 -6.5595673673390526e-06 1.3681855666719879e-05 1.5519669697988381e-06 0.0014236737913878028 -0.010838937248425516 0.0005734387538230088 0.00083663087165743567 -1.0417623389599317e-05 -0.00044253912430491666 0.0012468465990732736 -0.0078387311476224349 -0.010437591019807775 -0.0032944191357048764 0.00035437648928659117 0.005217512157279473 -0.0024778015275300071 0.0048853374565335011 -0.0070246075714969118 -0.0047016154297993915
leaf_weight=21 424 2224 40 1834 1084 27 279 206 32 30 93 30 117452 41358 21 34 1028 1110 50 435 774 46 544 62 30 45 85 33 44 286
leaf_count=21 424 2224 40 1834 1084 27 279 206 32 30 93 30 117452 41358 21 34 1028 1110 50 435 774 46 544 62 30 45 85 33 44 286
internal_value=0.00016644 0.00391938 0.000100872 0.00103015 0.00117889 -0.00544776 0.000441389 -0.00106796 -0.0037963 -0.00534483 -0.00368056 -0.00970588 8.39433e-05 -8.84525e-05 -0.00100672 -0.0104545 -0.000904724 -0.000479284 -0.00127663 -0.000998625 -0.00189272 -0.00382927 -0.00652542 -0.00697183 -0.0107609 -0.00279716 -0.00131399 9.98023e-06 -0.00733766 -0.00542296
internal_weight=169761 2915 166846 2985 2918 67 691 412 206 174 144 51 163861 46409 5051 55 4996 4079 3051 2909 1799 1025 590 142 92 917 586 501 77 331
internal_count=169761 2915 166846 2985 2918 67 691 412 206 174 144 51 163861 46409 5051 55 4996 4079 3051 2909 1799 1025 590 142 92 917 586 501 77 331
cat_boundaries=0 1 2 3
cat_threshold=80 4 8834
is_linear=0
shrinkage=0.05


Tree=276
num_leaves=31
num_cat=3
split_feature=18 19 19 3 15 5 22 8 1 3 19 17 0 3 19 19 22 1 16 11 19 3 5 8 22 22 12 19 12 10
split_gain=11.9361 5.24231 2.82845 3.47733 2.3369 1.76929 1.58468 1.37984 1.85016 1.05979 1.03748 0.828445 1.72775 1.40051 1.39773 1.1414 1.14707 2.03571 1.85053 1.1034 1.09019 2.62194 0.989243 1.48884 1.46564 0.977611 1.36268 0.910164 0.880969 0.829368
threshold=1.0000000180025095e-35 0.69322269047845697 0.72022334535698973 3.5000000000000004 0.37012364598125269 1.0000000180025095e-35 7.5879650409482435 5.5000000000000009 0 5.5000000000000009 0.74385949482193026 7.3700181247529093 1 3.5000000000000004 4.0248695782549406 3.9595890164513756 6.8570527145175211 2 0.10928070519435143 2.393329031016735 5.741579572753448 2.5000000000000004 1.0000000180025095e-35 5.5000000000000009 6.3810619869804706 6.7924425615763475 7.490222232303748 0.37250061371044813 1.9530024665512917 1.9530024665512917
decision_type=8 10 10 2 10 2 10 2 1 2 10 8 1 2 8 8 8 1 8 8 8 2 2 2 10 10 8 10 8 8
left_child=1 4 3 5 -1 6 7 -3 -9 -4 -11 -2 13 14 27 -14 17 -17 -19 -18 21 -16 25 -24 -25 -20 -27 -13 -21 -30
right_child=11 2 9 -5 -6 -7 -8 8 -10 10 -12 12 15 -15 20 16 19 18 22 28 -22 -23 23 24 -26 26 -28 -29 29 -31
leaf_value=3.0514432327044539e-07 1.2596969481039955e-05 -5.4724150177614827e-06 2.4502404805375391e-05 9.7971977005087984e-07 4.3076739397740482e-10 2.5396897716315891e-06 3.3347638217117573e-06 -3.0037698305796492e-06 -2.1012771127653367e-06 -5.3107860442959164e-05 1.8160122335753055e-06 -0.0010697321401522484 -0.00036806068861150616 -0.00055373363376604978 -0.035959035115091187 -0.011949441990838333 -0.014725317644465486 -0.013785730490022638 0.0027240066421806725 -0.013546686923119092 -3.5420887819200403e-05 0.046396012440035161 0.0048461086299147549 0.0023336758138714133 -0.0083682392387184699 -0.0039763428309243995 0.0043779698354040018 0.00013879478739491582 -0.011779027383299565 0.0049518976174688758
leaf_weight=490 157190 80 751 172 2190 30 27 24 41 33 85 35 1072 744 57 64 38 45 387 23 769 34 50 39 40 21 26 381 24 4231
leaf_count=490 157190 80 751 172 2190 30 27 24 41 33 85 35 1072 744 57 64 38 45 387 23 769 34 50 39 40 21 26 381 24 4231
internal_value=0.000171195 0.00289702 0.000213194 -0.00342246 0.00414179 -0.00787129 -0.00982558 -0.0118966 -0.0173077 0.00177791 -0.00262712 0.000106493 0.000600248 -0.000665024 0.000336991 0.00102142 0.00134122 -0.000580357 0.0003125 0.00164041 -0.000813953 -0.00598901 0.00109236 -0.00275194 -0.00702532 0.00223502 -0.00457447 0.00271635 0.00171576 0.00176851
internal_weight=169193 3923 1243 374 2680 202 172 145 65 869 118 165270 8080 2020 1276 6060 4988 672 608 4316 860 91 563 129 79 434 47 416 4278 4255
internal_count=169193 3923 1243 374 2680 202 172 145 65 869 118 165270 8080 2020 1276 6060 4988 672 608 4316 860 91 563 129 79 434 47 416 4278 4255
cat_boundaries=0 1 2 3
cat_threshold=1 86 4
is_linear=0
shrinkage=0.05


Tree=277
num_leaves=31
num_cat=2
split_feature=20 8 15 16 21 21 20 20 0 20 20 7 13 22 16 12 20 17 6 0 22 17 17 15 4 5 12 20 16 3
split_gain=19.3215 2.1649 0.910332 1.66469 0.82424 0.762346 1.71143 0.727703 1.69618 2.32176 1.82554 1.79556 1.79356 2.09649 2.19865 1.50527 1.4325 3.13865 2.04552 2.70496 2.56157 2.65086 2.30666 1.73051 1.6916 1.4783 1.40472 1.33741 1.32913 1.30628
threshold=1.0000000180025095e-35 2.5000000000000004 7.5991337065958158 0.035192629130292162 5.992712987207276 5.4636073220062249 0.19872761573456757 0.58504782123881482 0 0.77633655141951674 1.6204372300014251 62.500000000000007 5.6169528827985511 6.6054752550515454 0.50761325898756249 6.916863660299212 0.50710923306503375 4.3412254058270197 1.0000000180025095e-35 1 6.6054752550515454 7.1785499273989686 5.4448170471980495 4.6188341400133863 3.5000000000000004 1.0000000180025095e-35 4.3950660578969041 0.53215534915711349 0.68174778555683846 1.5000000000000002
decision_type=8 2 10 10 8 10 10 8 1 8 10 10 10 10 10 10 10 8 2 1 10 10 10 8 2 2 8 10 10 2
left_child=1 -1 4 -4 5 6 -2 16 9 12 -11 -10 29 14 15 -14 28 -18 19 -19 22 25 23 -21 -24 26 -22 -26 -6 -9
right_child=2 -3 3 -5 7 -7 -8 8 11 10 -12 -13 13 -15 -16 -17 17 18 -20 20 21 -23 24 -25 27 -27 -28 -29 -30 -31
leaf_value=1.2335624438725604e-06 -0.0021471553592857118 4.0922902289075581e-10 -0.01497673994034112 0.0070167479579673134 2.8646408711379582e-06 0.0037766122696398109 0.0021653440886878167 -0.0023334610798144066 7.2270520222880071e-05 0.0076307593070008926 -0.025125335938479373 -0.0040195819893809291 0.00015253226710866378 -0.0024955356622424875 -0.019295250744020498 -0.004074194932267571 0.00023522742446870158 -0.0018479194237394376 -0.00018254521160132549 -0.014037573896535496 -0.00727388834010458 -0.010232679002877273 -0.0040635693977052866 -0.0071251882956366204 -0.017582310138203803 -0.022230668244071876 -0.0012887598831681222 -0.0080401472409966143 0.0015253562659367787 0.0040392798528314849
leaf_weight=706 20 2173 21 520 139132 466 91 1053 11853 4563 28 285 56 482 27 41 2947 758 792 23 37 37 24 98 21 26 367 22 1094 2140
leaf_count=706 20 2173 21 520 139132 466 91 1053 11853 4563 28 285 56 482 27 41 2947 758 792 23 37 37 24 98 21 26 367 22 1094 2140
internal_value=0.000157237 0.00421848 8.72332e-05 0.00213494 8.0579e-05 0.00196707 -0.00175676 7.4018e-05 0.000352689 0.00089881 0.0016565 -2.55184e-05 -1.44773e-05 -0.00250825 -0.00830645 -0.00479381 3.46684e-05 -0.000784161 -0.00221088 -0.00335103 -0.00567669 -0.00377944 -0.0106915 -0.00657025 -0.0181343 -0.00267442 -0.00193069 -0.0240698 6.47528e-05 0.000458816
internal_weight=169903 2879 167024 541 166483 577 111 165906 20528 8390 4591 12138 3799 606 124 97 145378 5152 2205 1413 655 467 188 121 67 430 404 43 140226 3193
internal_count=169903 2879 167024 541 166483 577 111 165906 20528 8390 4591 12138 3799 606 124 97 145378 5152 2205 1413 655 467 188 121 67 430 404 43 140226 3193
cat_boundaries=0 1 2
cat_threshold=64521 1257
is_linear=0
shrinkage=0.05


Tree=278
num_leaves=31
num_cat=0
split_feature=20 8 10 2 20 19 3 3 20 16 13 18 22 10 20 22 10 19 7 22 12 18 19 19 18 16 13 12 19 19
split_gain=18.8051 2.82921 1.34602 1.28229 1.22673 1.6264 1.35817 3.07822 3.41273 4.10069 2.11688 1.87826 1.93311 1.81033 1.99917 1.96238 2.19897 2.12854 1.6615 1.31526 2.01914 1.61459 1.30608 3.12678 3.704 1.45833 1.25454 1.22207 1.18867 1.14553
threshold=1.0000000180025095e-35 2.5000000000000004 7.3306672663577395 2.5000000000000004 0.62422862781296307 1.0255392914031602 3.5000000000000004 4.5000000000000009 1.6204372300014251 1.581419179071105 3.2561697533634875 2.3059096439962876 7.0623887830948959 3.0933100309410118 0.79708292673758185 7.2296555807437821 2.4024201905583298 3.6272344170232089 66.500000000000014 7.6882141299331046 4.6639105698660028 1.0834873744643991 4.7895191959119368 4.4623357279323725 1.3443542651790756 0.28999214631342923 7.2837915174759189 1.5368094061055315 1.6980024465099646 1.6980024465099646
decision_type=8 2 10 2 8 8 2 2 10 8 10 8 10 8 8 10 10 8 10 10 8 10 8 10 8 10 10 10 8 8
left_child=1 -1 4 -4 -2 -6 28 8 13 -10 18 -11 -13 14 -8 16 27 -18 -9 -12 21 -21 23 -15 25 -25 -24 29 -7 -16
right_child=2 -3 3 -5 5 6 7 10 9 11 19 12 -14 22 15 -17 17 -19 -20 20 -22 -23 26 24 -26 -27 -28 -29 -30 -31
leaf_value=1.2016971708161963e-06 -5.718963274727744e-07 3.887675736891083e-10 0.0026542169494806487 -0.00032530559518223522 -0.00091111301464341004 0.0012608575753971902 0.00078821640445540905 9.1268011715737536e-06 -0.10234319736598968 -0.0032187139571574902 0.0073432035053987979 -0.024334321760687901 -0.00094939087414749239 -0.00080700124386692699 0.00031358203878783592 0.00024828620729787474 -0.015806731849395707 -0.011531813710754044 -0.0117823480566695 -0.017656289219316681 0.0013540972656568156 -0.020327931361305725 0.0029310049355790735 0.0057881934848607146 -0.022598875253517055 -0.0090076069362439084 -0.01269458343355682 0.0036653078663525943 0.0010800686229739073 -0.01502346386167141
leaf_weight=720 145402 2199 2098 1191 114 518 121 2874 21 135 1806 46 26 1176 22 75 31 53 65 61 127 26 707 28 28 32 29 40 10070 40
leaf_count=720 145402 2199 2098 1191 114 518 121 2874 21 135 1806 46 26 1176 22 75 31 53 65 61 127 26 707 28 28 32 29 40 10070 40
internal_value=0.000130709 0.00410928 6.11518e-05 0.00106263 4.10271e-05 0.00042718 0.000464559 -4.69016e-05 -0.00143678 -0.0072807 0.000684614 -0.00514493 -0.0116667 -0.000877414 -0.00403141 -0.00649425 -0.00924731 -0.0152381 -0.000171827 0.00193069 -0.0017757 -0.00764368 -0.000275 -0.00125 -0.0103409 -0.00333333 0.00139946 -0.00431373 0.000830185 -0.00870968
internal_weight=169881 2919 166962 3289 163673 18271 18157 7569 2610 228 4959 207 72 2382 382 261 186 84 2939 2020 214 87 2000 1264 88 60 736 102 10588 62
internal_count=169881 2919 166962 3289 163673 18271 18157 7569 2610 228 4959 207 72 2382 382 261 186 84 2939 2020 214 87 2000 1264 88 60 736 102 10588 62
is_linear=0
shrinkage=0.05


Tree=279
num_leaves=31
num_cat=3
split_feature=18 21 22 15 0 4 14 18 10 22 18 3 16 14 15 0 3 14 10 0 17 17 17 17 10 14 16 4 15 21
split_gain=11.9488 1.23649 1.14805 1.60224 1.42997 2.35359 3.67036 2.47756 2.4381 2.33786 1.80526 1.52104 1.9695 1.33989 1.22306 1.17349 1.12084 1.34206 1.16995 1.14411 2.13225 1.03978 1.01648 2.63456 1.05877 1.24091 1.00622 1.29182 0.976824 1.03068
threshold=1.0000000180025095e-35 5.992712987207276 6.3630926370853418 0.79455950150566201 0 9.5000000000000018 5.1319675356785224 0.22906639305787818 5.2885194921995211 6.3063497684848366 0.13200728407484233 1.0000000180025095e-35 1.4299192384034429 5.004281763858077 7.5991337065958158 1 4.5000000000000009 5.4251702332964582 6.895733302474393 2 3.3939556089517082 7.2848512326150265 5.0212424432359866 4.5865388485947092 3.6648420565604836 4.2420456599555605 0.19402477311396008 2.5000000000000004 0.69331376394879285 7.1320980310634789
decision_type=8 8 8 8 1 2 10 10 10 10 10 2 8 8 10 1 2 8 8 1 10 10 10 10 10 8 10 2 8 8
left_child=28 -2 3 -3 11 7 10 9 -8 16 -7 12 -5 -11 -4 -12 21 19 26 20 -18 22 23 24 -6 -26 27 -19 29 -1
right_child=1 2 14 4 5 6 8 -9 -10 13 15 -13 -14 -15 -16 -17 17 18 -20 -21 -22 -23 -24 -25 25 -27 -28 -29 -30 -31
leaf_value=3.6932919500465293e-10 0.0027977995874132805 -8.0325431722403216e-05 1.740327974800171e-05 0.0018886406598136213 0.00083984516893762786 -0.010794967572109839 -0.01139233967142273 0.0021722086434666447 -0.0015690927090436014 -0.0049051703320378941 0.0062597683777171724 -0.0014061519545206218 -0.018782980071958087 -0.00055249826759301199 0.0068201939930181395 -0.0023750363952006986 0.0033784431726588959 -0.0048361313871674253 0.0021662284764074518 0.0045966199854455825 -0.0058455540078049175 -0.033861805480847593 0.0047379151106111727 -0.0050741431016920425 -0.0041609671922343576 0.0055836460288094065 0.0011516176080000188 -0.013255927507387785 1.0065222060086492e-06 3.6932919500465293e-10
leaf_weight=808 591 43 156027 712 567 22 28 1187 20 174 105 3754 21 178 498 426 111 24 40 154 48 26 421 24 44 21 26 39 714 2389
leaf_count=808 591 43 156027 712 567 22 28 1187 20 174 105 3754 21 178 498 426 111 24 40 154 48 26 421 24 44 21 26 39 714 2389
internal_value=0.000159003 9.43866e-05 8.61966e-05 -0.000489957 -0.000439305 0.000290934 -0.00257072 0.000849546 -0.0158333 -0.000271481 -0.00141953 -0.00103736 0.00104366 -0.00394886 0.000116435 -0.000838041 0.000566343 -0.00156109 -0.00585271 0.000207668 -0.00269231 0.00141886 0.00165738 0.000426829 0.0010443 -0.005 -0.00904494 -0.0124603 0.00289057 0.003264
internal_weight=169242 165331 164740 8215 8172 3685 601 3084 48 1897 553 4487 733 352 156525 531 1545 442 129 313 159 1103 1077 656 632 65 89 63 3911 3197
internal_count=169242 165331 164740 8215 8172 3685 601 3084 48 1897 553 4487 733 352 156525 531 1545 442 129 313 159 1103 1077 656 632 65 89 63 3911 3197
cat_boundaries=0 1 2 3
cat_threshold=11593 32900 164
is_linear=0
shrinkage=0.05


Tree=280
num_leaves=31
num_cat=4
split_feature=20 8 20 0 20 20 17 21 3 3 0 15 0 15 13 21 0 10 4 11 20 20 4 20 17 17 21 15 3 18
split_gain=18.2208 3.08459 1.1237 2.17211 2.12377 2.50463 1.5458 1.48823 1.43501 2.63876 2.98172 3.12184 2.21568 2.19788 1.92315 2.06525 1.83125 1.92637 1.77327 1.60752 1.6 1.43427 1.42787 1.40994 1.6841 1.57759 1.41284 1.36723 1.45146 1.67317
threshold=1.0000000180025095e-35 2.5000000000000004 0.62422862781296307 0 1.6204372300014251 1.0231107274415387 3.2593985688668332 7.3128864978553141 3.5000000000000004 4.5000000000000009 1 4.9479618880655467 2 3.6363930511433455 3.9328050649669928 7.2452983069657719 3 3.3339870432574523 8.5000000000000018 4.3047403127531068 1.6204372300014251 0.98480119836490176 11.500000000000002 0.69529611376793155 3.1419854190455898 5.1864320579066954 7.577377095608937 1.6940623434340374 1.5000000000000002 0.80211241968173463
decision_type=8 2 8 1 10 8 8 10 2 2 1 10 1 8 8 8 1 10 2 10 10 8 2 8 8 8 10 8 2 8
left_child=1 -1 -2 4 5 27 7 -7 12 10 -10 13 23 14 -12 -16 17 22 -19 -20 -13 -14 -11 24 -5 -26 -25 -4 -29 -30
right_child=2 -3 3 8 -6 6 -8 -9 9 16 11 20 21 -15 15 -17 -18 18 19 -21 -22 -23 -24 26 25 -27 -28 28 29 -31
leaf_value=8.5764961286745261e-07 1.7006629798873171e-06 3.5086273331152998e-10 -0.010301454887614091 -0.031879061631579886 -0.02708966339253065 0.0089082108305611179 0.015110559600864005 -0.042240626097101247 0.0027346623299131334 -0.0016584135539383805 -0.0057535916045474284 -0.020560975870181325 0.0022157039876813459 -0.0024387181041053531 -0.015186593141511179 -0.0019331077523398951 0.0012352595681482707 0.012475523629970439 0.0032134948706896401 -0.014850774166044273 -0.044652021729817575 7.5402942324143176e-05 -0.017822847182234685 -0.00074690883633212141 0.0015606357675078094 -0.018039569035677865 -0.017126499856239392 -0.0017590725110493109 0.00073372619501281642 0.0093230798775051568
leaf_weight=713 148129 2188 25 25 24 30 1545 22 314 448 228 20 2358 696 54 39 2677 151 34 29 20 3414 31 598 35 33 21 1924 2049 1842
leaf_count=713 148129 2188 25 25 24 30 1545 22 314 448 228 20 2358 696 54 39 2677 151 34 29 20 3414 31 598 35 33 21 1924 2049 1842
internal_value=0.000140706 0.00406929 7.23858e-05 0.000437761 0.00109825 0.00114764 0.00290232 -0.00557692 -2.225e-06 -0.000663362 -0.00251276 -0.00376289 0.000481185 -0.00325959 -0.00668224 -0.0127419 8.9021e-05 -0.0021835 0.00172897 -0.00531746 -0.0175 0.00080595 -0.00397704 -0.00213296 -0.00790323 -0.00382353 -0.00130048 0.000667808 0.000717971 0.00127345
internal_weight=169716 2901 166815 18686 7461 7437 1597 52 11225 4741 1371 1057 6484 1017 321 93 3370 693 214 63 40 5772 479 712 93 68 619 5840 5815 3891
internal_count=169716 2901 166815 18686 7461 7437 1597 52 11225 4741 1371 1057 6484 1017 321 93 3370 693 214 63 40 5772 479 712 93 68 619 5840 5815 3891
cat_boundaries=0 1 2 3 4
cat_threshold=64521 640 144 530
is_linear=0
shrinkage=0.05


Tree=281
num_leaves=31
num_cat=3
split_feature=18 19 19 3 15 21 1 8 17 0 10 3 14 21 19 10 21 18 13 3 18 21 8 0 17 16 16 3 16 3
split_gain=11.6569 5.26844 2.81555 3.24655 2.52009 2.18409 1.73999 1.50595 1.33419 1.35824 0.967767 0.864603 0.971383 0.840559 1.00184 1.1169 0.840419 1.15074 0.843834 1.01891 0.84448 0.986201 0.827495 0.783509 1.57029 1.38833 0.982987 0.975106 1.36608 1.33168
threshold=1.0000000180025095e-35 0.69322269047845697 0.72022334535698973 3.5000000000000004 0.37012364598125269 7.1320980310634789 0 5.5000000000000009 7.3700181247529093 1 2.0476720312775929 5.5000000000000009 1.0816615128302691 7.7846807463779397 0.44493290734620144 5.9110675733346127 6.7736521310065756 0.21200863896081826 7.5074155787737569 3.5000000000000004 0.29646880470029308 7.577377095608937 3.5000000000000004 2 0.36898037876086504 0.12799890043903994 0.087693868354265889 3.5000000000000004 0.29739304068740563 1.5000000000000002
decision_type=8 10 10 2 10 8 1 2 8 1 8 2 10 10 10 10 10 10 8 2 10 10 2 1 10 8 10 2 8 2
left_child=1 4 3 5 -1 7 -7 -3 23 13 -11 12 -4 14 -10 -16 -12 -18 19 20 21 -19 -5 24 25 26 -2 29 -29 -26
right_child=8 2 11 22 -6 6 -8 -9 9 10 16 -13 -14 -15 15 -17 17 18 -20 -21 -22 -23 -24 -25 27 -27 -28 28 -30 -31
leaf_value=7.2464113167990671e-07 -0.0010888405773174733 -2.1655338158419692e-06 2.5655622468996809e-05 -2.6031143772556782e-06 3.3331959414795165e-10 -3.7326550191515395e-06 1.2189958624617028e-06 -3.0884251155093672e-06 -0.0013076559576860609 -0.0030892492324090665 0.00099838174456765147 -5.9019089943313639e-06 -0.00027534365320058699 0.00033534979901550288 6.9727671825246806e-05 -0.066425169123303762 0.0029106641151180057 0.0032416497808148495 0.0038836811343226233 0.0011751176463162885 -0.021346290392279043 -0.0063987971214503258 1.0177859956456963e-06 2.7433904375312665e-05 -3.8827771172421154e-05 -0.001803821792571836 -0.0017701970259209347 -5.7317535487199919e-06 -0.00043263591408360211 3.1497423835014082e-05
leaf_weight=500 22 42 691 33 2165 39 71 46 780 144 4695 117 31 126 800 33 948 48 237 41 40 22 139 133824 6645 120 28 6845 3157 7245
leaf_count=500 22 42 691 33 2165 39 71 46 780 144 4695 117 31 126 800 33 948 48 237 41 40 22 139 133824 6645 120 28 6845 3157 7245
internal_value=0.000146281 0.00285751 0.000119934 -0.00351351 0.00409944 -0.00787879 -0.00318182 -0.01375 8.29314e-05 0.000716452 0.00106306 0.00172229 0.00236842 -0.000517438 -0.00082765 0.000378151 0.0011615 0.00226796 -2.5773e-05 -0.00294702 -0.00545455 -0.00214286 0.00151163 5.11764e-05 -0.000211449 -0.005 -0.012 -0.000177465 -0.000553889 9.35927e-05
internal_weight=169674 3874 1209 370 2665 198 110 88 165800 7914 6175 839 722 1739 1613 833 6031 1336 388 151 110 70 172 157886 24062 170 50 23892 10002 13890
internal_count=169674 3874 1209 370 2665 198 110 88 165800 7914 6175 839 722 1739 1613 833 6031 1336 388 151 110 70 172 157886 24062 170 50 23892 10002 13890
cat_boundaries=0 1 2 3
cat_threshold=1 70 10498
is_linear=0
shrinkage=0.05


Tree=282
num_leaves=31
num_cat=6
split_feature=20 8 19 4 0 10 1 0 18 15 7 7 4 4 12 19 4 4 1 22 18 10 22 1 19 0 10 22 22 4
split_gain=16.4718 4.40039 1.16995 1.59588 1.45139 1.55742 1.54451 3.15536 3.08681 3.10353 1.83522 2.8097 1.47302 1.28903 1.45385 1.24801 1.13002 1.59905 1.072 1.0306 1.00008 0.934321 0.905571 0.903579 2.12946 2.68433 2.69514 2.63897 2.65734 7.4035
threshold=1.0000000180025095e-35 2.5000000000000004 7.2671789435822811 2.5000000000000004 0 7.4710784311910805 1 2 0.1682576628221871 7.4662098370778862 3.5000000000000004 23.500000000000004 9.5000000000000018 6.5000000000000009 7.3292577513374519 7.5023174906513228 7.5000000000000009 4.5000000000000009 3 6.4813516090282262 0.1182724041629208 0.37096867236468872 6.9771389651556674 4 6.2300152416819152 5 5.5292306354349945 7.5572855105531991 7.8503592361305765 7.5000000000000009
decision_type=8 2 8 2 1 10 1 1 8 10 8 8 2 2 8 10 2 2 1 10 10 10 10 1 8 1 10 8 8 2
left_child=1 21 23 -4 5 6 7 20 9 -9 13 12 16 14 -8 -10 17 -12 -14 -17 -5 -1 -11 24 25 26 -2 -26 29 -29
right_child=2 -3 3 4 -6 -7 10 8 15 22 11 -13 18 -15 -16 19 -18 -19 -20 -21 -22 -23 -24 -25 27 -27 -28 28 -30 -31
leaf_value=-2.8922791359271602e-07 5.3860206633241987e-05 3.1665361444055409e-10 0.0014054345301692398 0.025078079722052851 0.00099473675455961507 0.0030000635597905567 -0.0291478089444034 -0.012631840342625197 0.00010201003110042528 0.0028455570352056217 -0.012116822004242037 -0.00056780915686273641 -0.0061252417429349254 0.0016167227484837081 -0.0012274551759936905 -0.0083537080642163732 -0.0078393123458411242 -0.0027778559313329822 0.0024285730939042427 -0.0099266404185678198 -0.0048102443724761766 1.2256017425736851e-05 -0.008577278418977867 -2.8880847738277372e-06 -0.00040863878523127981 4.0033032297288291e-08 0.0038389220706827095 -0.0029019782972918087 -0.0021795806099504512 -0.017051380380623506
leaf_weight=541 20819 2185 1468 309 1930 440 21 29 604 25 31 251 20 215 70 33 55 54 43 73 93 163 22 98122 1043 38921 1735 127 241 31
leaf_count=541 20819 2185 1468 309 1930 440 21 29 604 25 31 251 20 215 70 33 55 54 43 73 93 163 22 98122 1043 38921 1735 127 241 31
internal_value=0.000149192 0.00389235 8.437e-05 0.000782924 0.00029875 -0.000525438 -0.0011345 -8.41732e-06 -0.00184673 -0.0114474 -0.00289474 -0.00491189 -0.00928571 9.80394e-05 -0.00489011 -0.00084507 -0.0121429 -0.00852941 -0.00293651 -0.00584906 0.00354369 0.000454546 -0.00351064 5.92715e-05 0.000207178 0.000251729 0.000685606 -0.00169209 -0.00515038 -0.0101899
internal_weight=169714 2889 166825 5786 4318 2388 1948 1188 786 76 760 454 203 306 91 710 140 85 63 106 402 704 47 161039 62917 61475 22554 1442 399 158
internal_count=169714 2889 166825 5786 4318 2388 1948 1188 786 76 760 454 203 306 91 710 140 85 63 106 402 704 47 161039 62917 61475 22554 1442 399 158
cat_boundaries=0 1 2 3 4 5 6
cat_threshold=1881 1 320 2 2 8796
is_linear=0
shrinkage=0.05


Tree=283
num_leaves=31
num_cat=6
split_feature=20 15 10 17 0 13 11 10 13 13 10 1 0 18 17 0 3 0 15 3 0 22 22 20 10 17 14 22 12 12
split_gain=16.0629 4.76163 1.14778 2.29029 2.79602 2.34097 1.61099 1.59534 1.60024 1.49731 1.4168 1.3969 2.56657 2.03082 2.21251 2.01539 1.92926 5.38254 2.704 1.97069 4.03278 2.90567 1.87588 5.45052 1.72861 4.7885 3.93155 3.31202 1.8216 1.65454
threshold=1.0000000180025095e-35 1.0000000180025095e-35 4.162781420969746 3.9896074296994786 0 4.3826512443740979 4.0262437516319016 3.8077723681394766 4.263383606925256 4.0082414506956709 3.8722415940098038 1 2 0.25331809808058486 4.972156971421609 3 3.5000000000000004 4 4.5428865154220262 1.0000000180025095e-35 5 7.6633949929743022 7.8335260396031545 0.29856930917492247 5.0437475935508713 5.2268975589057058 6.4023316186323873 7.3715717094536597 6.8331933445960447 4.1116928651754314
decision_type=8 10 8 10 1 8 8 10 10 10 10 1 1 8 10 1 2 1 10 2 1 8 8 10 8 10 8 10 8 10
left_child=1 -1 3 10 5 6 9 -8 -9 -5 -2 12 29 14 -14 -13 18 -18 -17 20 21 -20 23 -23 25 -15 27 -27 -26 -4
right_child=2 -3 11 4 -6 -7 7 8 -10 -11 -12 15 13 24 -16 16 17 -19 19 -21 -22 22 -24 -25 28 26 -28 -29 -30 -31
leaf_value=7.1031771657584447e-08 -1.5486160332740905e-06 3.008209348287494e-10 -0.0005379663841854163 -0.0014785175329779252 -0.0007022637810498028 -0.00034411233422804546 -0.0056777130269210557 -0.0010511582007023911 -0.0062198158879525327 -0.0067585648213724066 0.0013628062395849251 0.00099264174952414398 0.00043416817158371769 -0.00064521286119561703 -0.001154285602555853 7.2595193714692594e-05 0.0021748227903565245 -6.6140237756970552e-05 -0.00035734624109593009 -0.0010203705916212594 0.0035991696179428338 -0.040069674045497661 -0.002810136035452165 -0.0035547946685833432 0.002649495835485812 -0.032879591712621607 0.0037789697235419356 -0.0020016614816274294 0.0002155143684252174 -0.0093970813232356794
leaf_weight=712 54306 2197 3554 55 4475 376 42 275 70 138 3666 17354 6156 2369 9023 12301 10369 8509 2124 15778 2424 45 261 69 6373 32 35 20 6555 35
leaf_count=712 54306 2197 3554 55 4475 376 42 275 70 138 3666 17354 6156 2369 9023 12301 10369 8509 2124 15778 2424 45 261 69 6373 32 35 20 6555 35
internal_value=0.00016494 0.0038484 0.000100696 -6.67948e-05 -0.00104861 -0.00348861 -0.00551724 -0.00365633 -0.00253623 -0.0092487 2.51848e-05 0.000203413 -5.82687e-05 9.04395e-05 -0.00031985 0.000332496 0.000176335 0.000579511 -5.42389e-05 -0.00040312 0.000470242 -0.000938621 -0.005 -0.0103509 0.00049532 -0.000720684 -0.0122414 -0.0209615 0.000726331 -0.0013212
internal_weight=169698 2909 166789 63403 5431 956 580 387 345 193 57972 103386 34152 30563 15179 69234 51880 18878 33002 20701 4923 2499 375 114 15384 2456 87 52 12928 3589
internal_count=169698 2909 166789 63403 5431 956 580 387 345 193 57972 103386 34152 30563 15179 69234 51880 18878 33002 20701 4923 2499 375 114 15384 2456 87 52 12928 3589
cat_boundaries=0 1 2 3 4 5 6
cat_threshold=13824 4 1684 37516 16449 65
is_linear=0
shrinkage=0.05


Tree=284
num_leaves=31
num_cat=1
split_feature=20 8 10 18 20 12 10 10 13 14 18 10 2 21 22 4 15 20 10 21 15 13 22 10 22 13 1 4 18 2
split_gain=15.7546 5.14147 0.893062 1.23581 1.55274 1.07263 1.7436 1.00733 1.37843 2.01667 0.880115 0.843833 0.930062 1.42331 1.08326 0.87487 0.806741 0.785469 2.09539 2.08141 1.67992 1.68478 1.43317 1.82736 1.63507 1.26338 1.36354 1.33713 1.23032 1.08062
threshold=1.0000000180025095e-35 2.5000000000000004 7.3508371991323473 0.22091718682164144 0.61093026266415218 7.490222232303748 6.7845136205247014 7.2085263132358071 7.226572514296981 7.1406511021253376 0.2226910344788515 0.66750053336617021 1.5000000000000002 7.2817282408204109 7.190556699801756 2.5000000000000004 7.178398566814395 0.77633655141951674 2.8931418480839728 6.0390628155997765 7.3109892321986303 2.7757039971150994 6.9823099568885416 2.8361459037824157 6.9686724462689398 2.7113724724615449 0 9.5000000000000018 0.5805788094705604 1.5000000000000002
decision_type=8 2 10 10 10 10 10 10 10 10 10 10 2 8 10 2 10 8 8 10 10 10 8 10 10 10 1 2 10 2
left_child=1 11 5 4 -4 17 -7 8 -8 -10 -5 12 15 14 -14 -1 -9 -2 19 -19 21 25 23 24 -21 26 27 -20 -28 -30
right_child=2 -3 3 10 -6 6 7 16 9 -11 -12 -13 13 -15 -16 -17 -18 18 20 22 -22 -23 -24 -25 -26 -27 28 -29 29 -31
leaf_value=-2.8059759962307331e-05 2.7111934050109319e-06 2.8577988864242347e-10 0.0036489012078586183 -0.0011871174839879607 -0.048822794885090087 0.00032098012526057281 -0.0045220922155946473 -0.0060992836201723983 -0.01512888230469521 -0.0055392714788895792 0.00027964041380348567 1.1367926294188132e-05 -4.5022929023552655e-09 1.6754125090702174e-06 -3.0445778987364671e-07 -5.0160556153128149e-06 0.00068922656424722981 0.023446598438083111 -0.0025810188531588331 -0.0037159837284531528 -0.008190332035344302 0.0036224794616139949 -0.00065658514068756045 -0.026483363741026757 -0.021458976450044645 -0.0020116442090620345 0.0012444525030218844 0.0028283870030159225 -0.005920085736420137 0.0011238115242349982
leaf_weight=48 149505 2184 1051 30 34 524 213 25 30 30 1851 166 64 252 37 134 131 172 1516 566 42 4867 1081 22 24 179 2066 552 532 1618
leaf_count=48 149505 2184 1051 30 34 524 213 25 30 30 1851 166 64 252 37 134 131 172 1516 566 42 4867 1081 22 24 179 2066 552 532 1618
internal_value=0.000140847 0.00380416 7.74328e-05 0.000937289 0.00228111 6.1853e-05 -0.0016107 -0.00397436 -0.00580586 -0.0125 0.000162148 7.84595e-05 -0.00088785 0.000609065 -0.00440594 -0.00379121 -0.000769231 7.16473e-05 0.00044081 -0.0011126 0.000695568 0.000732569 -0.00164501 -0.00357843 -0.00305085 0.000203466 0.000321451 -0.000730174 0.000837287 1.86265e-10
internal_weight=169546 2885 166661 2966 1085 163695 953 429 273 60 1881 701 535 353 101 182 156 162742 13237 1865 11372 11330 1693 612 590 6463 6284 2068 4216 2150
internal_count=169546 2885 166661 2966 1085 163695 953 429 273 60 1881 701 535 353 101 182 156 162742 13237 1865 11372 11330 1693 612 590 6463 6284 2068 4216 2150
cat_boundaries=0 1
cat_threshold=4
is_linear=0
shrinkage=0.05


Tree=285
num_leaves=31
num_cat=4
split_feature=20 8 4 0 20 0 19 15 16 19 3 3 7 18 3 15 16 12 19 22 18 19 19 3 0 15 19 0 20 9
split_gain=15.5763 5.59949 1.13082 3.27545 2.02106 1.93057 3.0757 2.91601 2.07729 2.18219 1.93289 1.8563 1.77899 1.99938 1.7161 2.75459 2.58577 2.18717 2.17755 2.11327 2.03939 1.89041 3.67975 2.8421 1.83792 2.08264 1.77675 1.72927 1.71424 1.67121
threshold=1.0000000180025095e-35 2.5000000000000004 8.5000000000000018 0 0.095191922360928216 1 0.44493290734620144 0.82830221659600056 0.15641557669244957 0.61045721236882844 5.5000000000000009 1.5000000000000002 9.5000000000000018 0.17905044282611401 3.5000000000000004 2.9351872388735214 0.68174778555683846 3.1376634167284494 2.9304004773526047 7.7250414290857501 0.12225232992506101 5.6408521765671304 4.7663733662361691 1.0000000180025095e-35 2 5.5814026670352623 4.7895191959119368 3 0.36727096264084452 1.0000000180025095e-35
decision_type=8 2 2 1 8 1 10 8 10 10 2 2 10 8 2 10 10 8 10 8 10 10 10 2 1 10 10 1 10 2
left_child=1 -1 5 4 -4 6 10 8 -8 -10 -2 -11 13 -12 19 16 27 18 -17 24 -20 22 -21 -23 25 -9 -24 -16 29 -6
right_child=2 -3 3 -5 28 -7 7 14 9 11 12 -13 -14 -15 15 17 -18 -19 20 21 -22 23 26 -25 -26 -27 -28 -29 -30 -31
leaf_value=-3.1296805596338108e-08 0.0038408643930802748 2.7149089643074832e-10 -4.3893180764883525e-05 -2.1529025188367024e-05 3.1578853491039164e-05 7.3923443091345106e-06 0.0003184574945556426 0.0011754624398489491 -0.0017055532306379266 -0.0037240435189688985 -0.0024198870784499149 -0.0098287497706228948 -0.011695343505607726 0.0033489989091543496 -0.0049627848507766718 0.0061192699609329592 -0.017631609782353903 -0.0011074527172458954 -0.0079351206878018887 -0.00093163558712237187 -0.0057300597018656307 -0.13767958687168938 -0.016264450696863126 0.0050809616723281057 -0.00037111063269735481 -0.014211451292950837 -0.0035975034617174969 0.0020730324763663182 0.0023746458218450697 0.0011559507138867325
leaf_weight=702 990 2202 467 27362 14448 80524 42 5341 109 28 33 40 32 64 377 81 67 9989 41 2477 561 20 44 777 8337 24 757 2510 5186 5935
leaf_count=702 990 2202 467 27362 14448 80524 42 5341 109 28 33 40 32 64 377 81 67 9989 41 2477 561 20 44 777 8337 24 757 2510 5186 5935
internal_value=0.000129949 0.00376033 6.66917e-05 0.000256377 0.000657683 -2.27341e-05 -0.000346401 -0.00043767 -0.00618721 -0.00855932 0.00222967 -0.0155882 -0.00352713 -0.000154639 -0.000397573 -0.000819756 0.000531483 -0.00119378 -0.00393119 -7.39718e-05 -0.00496678 -0.00107362 -0.00160464 0.00111041 0.000223325 0.000944186 -0.00455056 0.000756841 0.000717471 0.000510965
internal_weight=169567 2904 166663 53398 26036 113265 32741 31622 219 177 1119 68 129 97 31403 13626 2954 10672 683 17777 602 4075 3278 797 13702 5365 801 2887 25569 20383
internal_count=169567 2904 166663 53398 26036 113265 32741 31622 219 177 1119 68 129 97 31403 13626 2954 10672 683 17777 602 4075 3278 797 13702 5365 801 2887 25569 20383
cat_boundaries=0 1 2 3 4
cat_threshold=44145 48224 4128 40960
is_linear=0
shrinkage=0.05


Tree=286
num_leaves=31
num_cat=3
split_feature=18 19 8 19 3 22 22 5 8 3 10 0 0 19 19 3 5 8 2 16 22 10 16 12 19 22 18 0 3 19
split_gain=12.4488 4.40372 2.14525 1.93633 3.16019 1.47065 1.78531 1.37409 1.95968 1.18953 1.07989 1.05443 0.883268 1.11752 5.91111 3.38645 1.02184 2.60357 0.868345 1.72486 0.860034 1.21939 1.06165 1.12361 0.836364 0.802866 0.802856 2.54099 3.18954 4.35841
threshold=1.0000000180025095e-35 0.69322269047845697 2.5000000000000004 0.72022334535698973 3.5000000000000004 7.5879650409482435 7.2521950207684283 1.0000000180025095e-35 6.5000000000000009 2.5000000000000004 7.3508371991323473 0 1 0.75425598677812189 0.77671117126735367 2.5000000000000004 1.0000000180025095e-35 4.5000000000000009 2.5000000000000004 0.14504185592160718 7.1149628314365909 7.6167756876043669 0.26690065298059579 7.0381254060664613 7.0876025575716612 7.240058366758868 0.80211241968173463 2 1.0000000180025095e-35 3.7006103070244252
decision_type=8 10 2 10 2 10 10 2 2 2 10 1 1 10 10 2 2 2 2 8 10 10 10 10 8 10 8 1 2 8
left_child=1 2 -1 4 5 6 7 8 9 -3 26 18 13 -5 15 -15 -14 -18 -12 -20 -21 22 23 -22 -25 -24 -2 28 29 -28
right_child=10 3 -4 12 -6 -7 -8 -9 -10 -11 11 -13 16 14 -16 -17 17 -19 19 20 21 -23 25 24 -26 -27 27 -29 -30 -31
leaf_value=9.4087568667244883e-07 6.0647191509864994e-06 -2.6037485263777193e-06 2.5791634938876486e-10 3.0631151375572469e-05 1.1645886585154913e-06 9.5823944151699314e-07 -5.485553916419121e-06 7.3063062154191517e-06 -3.1828365496706377e-06 -2.8924704117366228e-06 0.0011894678087181151 0.0028747512695771124 2.5282454666621026e-05 -2.1262539343681316e-05 1.6655739850382411e-05 -9.6527945702231294e-06 7.378806106156377e-06 -0.00058508044225872994 -0.011894069296821739 0.00036263405712087327 -0.021147767365264594 -0.011246615100619617 -0.0074636232881841891 0.0059943782307548214 -0.0055569764896326928 0.004147147657304247 -0.014864602075481995 4.848796643136456e-05 0.0098294922571465094 -0.00050114876891811481
leaf_weight=487 147418 66 2174 203 167 31 28 23 31 27 945 1555 416 28 173 24 36 20 39 305 22 36 23 23 22 65 50 12555 2291 386
leaf_count=487 147418 66 2174 203 167 31 28 23 31 27 945 1555 416 28 173 24 36 20 39 305 22 36 23 23 22 65 50 12555 2291 386
internal_value=0.000161167 0.00294103 0.00409808 0.000522388 -0.0025067 -0.00665049 -0.00842857 -0.00622449 -0.00830645 -0.00467742 9.51823e-05 0.00102965 0.00177778 9.13244e-05 -0.00233333 -0.0171154 0.00323651 -0.00303571 6.71143e-05 -0.00154206 -0.000745968 -0.00337696 -0.00145161 -0.00619403 -0.00166667 0.00215909 7.77506e-05 0.00042272 0.00180307 -0.00211009
internal_weight=169669 3934 2661 1273 373 206 175 147 124 93 165735 3035 900 428 225 52 472 56 1480 535 496 191 155 67 45 88 162700 15282 2727 436
internal_count=169669 3934 2661 1273 373 206 175 147 124 93 165735 3035 900 428 225 52 472 56 1480 535 496 191 155 67 45 88 162700 15282 2727 436
cat_boundaries=0 1 2 3
cat_threshold=16480 2 56321
is_linear=0
shrinkage=0.05


Tree=287
num_leaves=31
num_cat=1
split_feature=20 15 4 20 0 20 13 17 18 7 7 7 18 17 15 3 3 11 18 3 4 10 17 15 18 10 11 11 17 19
split_gain=16.1923 4.83328 0.988764 0.95544 1.47747 2.43808 1.78209 2.44104 1.60583 1.48913 1.76692 1.81342 1.48282 1.27061 1.66845 2.25223 1.24255 1.1822 1.30273 1.22018 1.30992 1.88082 1.3056 1.16547 1.08051 1.77851 1.92999 1.37652 1.74714 1.68622
threshold=1.0000000180025095e-35 1.0000000180025095e-35 1.5000000000000002 0.61093026266415218 0 0.77633655141951674 5.6169528827985511 5.1638784328652143 0.97292841060783342 62.500000000000007 81.500000000000014 72.500000000000014 0.29956089591625851 7.2542553644443979 6.4379553569910462 2.5000000000000004 1.0000000180025095e-35 3.913022006759483 0.25077881865173707 1.5000000000000002 10.500000000000002 4.5824130680447555 3.7282580886586891 5.0158396554711588 1.9270511509625721 2.7757039971150994 5.7458835996056559 4.9419994379761336 2.2004819493275165 3.6478380865185387
decision_type=8 10 2 8 1 8 10 8 10 8 10 10 8 10 10 2 2 8 8 2 2 10 10 10 10 8 10 8 10 10
left_child=1 2 -1 -2 8 6 -6 -8 9 -5 11 -11 13 14 -9 -16 -14 19 23 20 21 -7 -22 -19 25 26 27 28 -10 -30
right_child=3 -3 -4 4 5 17 7 12 24 10 -12 -13 16 -15 15 -17 -18 18 -20 -21 22 -23 -24 -25 -26 -27 -28 -29 29 -31
leaf_value=-2.2510288067493639e-05 1.9632421236567082e-06 2.4502053164177084e-10 8.2978880037943837e-07 0.00050886322381574493 0.00099084506855957118 0.0046446722822339834 -0.0178826111124256 -0.0034275629300966424 -0.00060907229008663093 -0.0038545857995116897 0.00053669413096201315 -0.013535461633917757 -0.034616384457348263 0.00095277796198369325 -0.0023982414364443756 -0.0056926878035860121 0.00275660953757647 0.017086345569106823 0.010410411175376368 0.011898859331150166 -0.016952304028907426 -0.042147684896157167 -0.040187165099889122 -0.0044048576803343642 0.0014444973300479049 -0.000641104806150776 -0.013141400585756311 6.8217524545035853e-05 -0.027626372920684528 -0.0025876407365287759
leaf_weight=73 147621 2189 630 6947 2614 225 20 68 153 91 166 21 37 32 47 41 256 63 3402 702 74 20 25 165 1202 2582 57 216 57 48
leaf_count=73 147621 2189 630 6947 2614 225 20 68 153 91 166 21 37 32 47 41 256 63 3402 702 74 20 25 165 1202 2582 57 216 57 48
internal_value=0.000132298 0.00384163 0.000234709 6.80437e-05 0.000398583 0.000930009 -0.000152488 -0.00288423 3.89612e-05 0.00049481 -0.00309352 -0.00794643 -0.00217256 -0.0056383 -0.0075 -0.0120455 5.11947e-05 0.00165312 0.00207989 0.000172084 -0.00226744 -0.000306122 -0.00712121 -0.00157895 -0.000724218 -0.00121587 -0.00385122 -0.00280591 -0.00527132 -0.0102381
internal_weight=169844 2892 703 166952 19331 7791 3115 501 11540 7225 278 112 481 188 156 88 293 4676 3630 1046 344 245 99 228 4315 3113 531 474 258 105
internal_count=169844 2892 703 166952 19331 7791 3115 501 11540 7225 278 112 481 188 156 88 293 4676 3630 1046 344 245 99 228 4315 3113 531 474 258 105
cat_boundaries=0 1
cat_threshold=1010
is_linear=0
shrinkage=0.05


Tree=288
num_leaves=31
num_cat=4
split_feature=18 19 15 19 1 4 13 4 4 21 10 1 0 19 19 2 11 13 10 10 0 19 15 21 16 8 8 21 12 10
split_gain=12.8782 3.81994 3.21176 1.33511 1.40349 3.84887 1.74365 1.24819 1.18516 1.03901 0.977826 0.948654 1.17962 1.86414 6.8282 0.791925 2.83481 2.12563 2.49404 2.03149 2.0791 1.86516 2.75163 3.08632 2.23089 2.20535 1.99168 1.85458 2.25689 2.117
threshold=1.0000000180025095e-35 0.69322269047845697 0.37012364598125269 0.72022334535698973 0 4.5000000000000009 0.66750053336617021 9.5000000000000018 9.5000000000000018 7.5248301129598225 0.29941825054435206 1 2 0.75425598677812189 0.77671117126735367 1.5000000000000002 7.0938197358967612 3.7388586794858525 3.5248877695012832 3.9522043336703749 3 4.4301262208368408 4.4588684225247546 7.8452197668196186 0.2259382309563924 6.5000000000000009 3.5000000000000004 6.5517941110389986 6.916863660299212 6.5515087738801077
decision_type=8 10 10 10 1 2 10 2 2 8 10 1 1 10 10 2 10 10 10 8 1 10 8 10 10 2 2 10 10 10
left_child=1 2 8 4 5 -3 7 -6 10 -7 -1 12 13 -5 -15 16 27 18 -17 20 -19 -21 23 25 -25 26 -23 -2 -29 -30
right_child=15 3 -4 11 6 9 -8 -9 -10 -11 -12 -13 -14 14 -16 17 -18 19 -20 21 -22 22 -24 24 -26 -27 -28 28 29 -31
leaf_value=-3.5006361889244889e-07 0.00026446296264027281 -2.6851484123442145e-06 2.3276950367190353e-10 2.7422111281950783e-05 -3.1514301519516837e-05 1.9239690093144604e-06 1.8311652060639126e-06 2.2121622116570494e-06 9.9906902351467918e-06 -8.3017273889734953e-06 1.0629512779150885e-05 2.5044314693499825e-05 9.2891874095553414e-06 -2.8920118373228711e-05 4.0252350954772132e-06 -3.3149026166448563e-06 0.00267915666046116 -0.0042721139747385374 0.00089729346865375238 0.00059853951397398613 -0.0013050947391266947 -0.014060794540908531 -0.00043858814134298577 -0.0082486634311932632 -0.0030560167143009495 -0.012805069793231367 -0.00098914229938648992 -9.4482339239025538e-07 -0.0060171854569102678 -0.0012516017741565197
leaf_weight=282 20704 36 2173 127 31 57 204 24 109 20 108 463 123 41 116 50429 2538 579 17766 7185 3060 35 30751 21 20 28 505 30075 175 1826
leaf_count=282 20704 36 2173 127 31 57 204 24 109 20 108 463 123 41 116 50429 2538 579 17766 7185 3060 35 30751 21 20 28 505 30075 175 1826
internal_value=0.000108513 0.00294328 0.00400823 0.000652174 -0.00185484 -0.00650442 0.000173745 -0.00772727 0.000390782 -0.000194805 -0.000897436 0.00172414 -3.68548e-05 -0.00180272 -0.00550955 4.15519e-05 0.000195958 -3.58309e-05 0.00013674 -0.000314811 -0.00144408 -0.000208198 -0.000374681 -0.00370279 -0.0169512 -0.00274648 -0.00203704 0.000117469 -0.000120651 -0.00174663
internal_weight=169611 3914 2672 1242 372 113 259 55 499 77 390 870 407 284 157 165697 55318 110379 68195 42184 3639 38545 31360 609 41 568 540 52780 32076 2001
internal_count=169611 3914 2672 1242 372 113 259 55 499 77 390 870 407 284 157 165697 55318 110379 68195 42184 3639 38545 31360 609 41 568 540 52780 32076 2001
cat_boundaries=0 1 2 3 4
cat_threshold=1 2 2 12864
is_linear=0
shrinkage=0.05


Tree=289
num_leaves=31
num_cat=1
split_feature=18 15 11 13 2 22 15 18 3 0 4 14 11 17 15 14 18 9 12 17 16 15 12 16 3 18 12 16 21 12
split_gain=13.3098 1.79402 0.933427 2.33724 1.73267 1.38775 2.2503 1.53312 1.5824 1.99694 1.58884 1.55769 1.4794 1.57786 1.6171 1.41678 2.05566 2.1035 1.2455 1.20578 2.41429 1.12999 1.09284 1.33382 1.07694 1.73915 0.996099 0.988454 1.13707 1.6858
threshold=1.0000000180025095e-35 0.69331376394879285 3.9522043336703749 4.263383606925256 2.5000000000000004 7.0358292093711432 7.3524849135676673 0.97292841060783342 5.5000000000000009 0 1.5000000000000002 4.6890515642745045 4.583435563288619 4.5611899932267344 4.6460174004640091 4.5331368387181401 0.22091718682164144 1.0000000180025095e-35 6.4654446317255676 7.3261884265883834 0.22129201888993297 4.5149392879661585 6.558410523513202 0.16835432359333521 5.5000000000000009 1.3443542651790756 3.2561697533634875 0.18690688136543657 6.2156070997535293 4.0951772018816319
decision_type=8 8 10 10 2 8 8 10 2 1 2 10 10 10 10 10 10 2 10 10 10 10 10 10 2 10 10 10 10 8
left_child=1 -1 -2 4 -4 12 7 8 19 -10 11 -11 13 27 15 16 17 -15 24 -7 -21 -17 23 -20 -6 -26 -27 -5 -29 -30
right_child=2 -3 3 5 18 6 -8 -9 9 10 -12 -13 -14 14 -16 21 -18 -19 22 20 -22 -23 -24 -25 25 26 -28 28 29 -31
leaf_value=2.2113103015364288e-10 -3.940460973667348e-06 7.0094361851564176e-07 0.0014755558437075465 0.0015403606057489308 0.00067310370602193621 -0.00081945333674021681 0.004837719329434058 0.0068999805406949376 0.0040847040873015035 0.0012279173051438401 -0.00043223083507856573 -0.0069545111340178411 0.00044895705328591961 -0.00042811003330728883 -0.00023240930521008899 -0.0059675146987633355 -0.0020763410010807381 -0.0077925767888239869 -0.011276610773024113 -0.01695279103054486 0.0011057245831472549 -0.0010665315575803999 -0.0014154482803059351 -0.0080153599946074586 -0.00077662685560032018 -0.011404601612786587 -0.0050902686766056571 0.0020776397862279383 -0.007043314267020844 -0.0010426614978550823
leaf_weight=3216 105460 700 13538 560 6170 18274 764 457 1197 26 840 26 15385 21 301 34 40 50 20 35 35 134 1328 112 516 27 20 234 56 329
leaf_count=3216 105460 700 13538 560 6170 18274 764 457 1197 26 840 26 15385 21 301 34 40 50 20 35 35 134 1328 112 516 27 20 234 56 329
internal_value=0.000126983 0.00300817 5.90101e-05 0.000215517 0.000630666 -1.7011e-05 -0.000283088 -0.000380565 -0.000444624 0.000859263 -0.000931264 -0.00942308 0.000319062 -0.00105458 -0.00318965 -0.0059319 -0.0103153 -0.0154225 5.6756e-05 -0.000593109 -0.00714286 -0.00303571 -0.00126712 -0.00560606 0.000343829 -0.00174956 -0.0109574 -4.2407e-06 -0.00138126 -0.00305195
internal_weight=169905 3916 165989 60529 21731 38798 21654 20890 20433 2089 892 52 17144 1759 580 279 111 71 8193 18344 70 168 1460 132 6733 563 47 1179 619 385
internal_count=169905 3916 165989 60529 21731 38798 21654 20890 20433 2089 892 52 17144 1759 580 279 111 71 8193 18344 70 168 1460 132 6733 563 47 1179 619 385
cat_boundaries=0 1
cat_threshold=9
is_linear=0
shrinkage=0.05


Tree=290
num_leaves=31
num_cat=4
split_feature=18 19 15 4 19 3 4 3 0 4 1 19 19 19 2 10 12 19 15 11 0 1 3 11 10 22 22 18 3 10
split_gain=12.195 4.37447 3.58541 1.24551 1.12479 2.62336 2.23761 1.32264 1.61456 1.45888 1.07737 1.27058 7.96104 1.07494 0.930618 1.73495 1.0556 1.89404 3.33598 2.72731 2.36513 1.52371 2.35291 1.81037 1.51912 1.74819 2.20038 1.44449 1.30388 1.25537
threshold=1.0000000180025095e-35 0.69322269047845697 0.37012364598125269 9.5000000000000018 0.72022334535698973 3.5000000000000004 2.5000000000000004 5.5000000000000009 0 8.5000000000000018 1 0.75425598677812189 0.77671117126735367 1.067399824890072 2.5000000000000004 7.0795634075966563 1.1150072000796054 2.0460354156292682 2.2940752004436695 2.0476720312775929 2 3 5.5000000000000009 1.3986406674150766 2.3075602584206303 6.3630926370853418 7.0755989373815504 0.18486960693253021 1.5000000000000002 2.0476720312775929
decision_type=8 10 10 2 10 2 2 2 1 2 1 10 10 10 2 10 10 10 8 8 1 1 2 10 10 10 10 10 2 10
left_child=1 2 3 -1 5 6 -3 8 10 -9 11 -6 -13 -10 15 16 -2 20 19 24 21 22 -18 -24 25 -19 27 -27 -23 -29
right_child=14 4 -4 -5 7 -7 -8 9 13 -11 -12 12 -14 -15 -16 -17 17 18 -20 -21 -22 28 23 -25 -26 26 -28 29 -30 -31
leaf_value=-2.6013327811269527e-07 -6.2034550058022699e-06 -2.3211353033089069e-06 2.1007448003373954e-10 1.6728866747273143e-05 2.6347329338321104e-05 1.0359231744968264e-06 -2.7007149074460656e-06 4.2625800241273684e-06 2.4317496889919579e-05 -4.9307525498863012e-05 2.5375076723113519e-05 -2.0186020030791925e-05 4.1079223244234037e-05 -0.00052778629885863774 -1.8694131135755328e-05 0.0011707797813492553 -0.00043907502037072375 0.0014483123737946205 0.00027691673252851283 -0.00088918876625637732 0.0038860208966893812 -0.00031721354618830715 -0.0076636305281927112 -0.002266260361882517 0.0059967263196838011 -0.0038222149717598562 -0.003203816609195222 -0.01161260370648466 0.00035928139126219943 -0.014013368037348256
leaf_weight=379 44374 40 2198 103 100 174 167 73 385 45 98 36 98 22 55325 4950 328 55 53307 1047 2517 984 29 26 46 29 175 76 2685 20
leaf_count=379 44374 40 2198 103 100 174 167 73 385 45 98 36 98 22 55325 4950 328 55 53307 1047 2517 984 29 26 46 29 175 76 2685 20
internal_value=0.000137176 0.00289433 0.00402985 0.000124482 0.000436188 -0.00182415 -0.00562802 0.00144107 0.00222598 -0.00347458 -0.000409357 -0.00226496 -0.00544776 0.00428058 7.20902e-05 0.00015581 0.000112964 0.000247375 0.000151128 -0.00221685 0.00104963 0.000297883 -0.00270235 -0.0122727 -0.00572319 -0.00683099 -0.00833333 -0.0134 0.000611884 -0.0163542
internal_weight=169891 3918 2680 482 1238 381 207 857 739 118 332 234 134 407 165973 110648 105698 61324 54755 1448 6569 4052 383 55 401 355 300 125 3669 96
internal_count=169891 3918 2680 482 1238 381 207 857 739 118 332 234 134 407 165973 110648 105698 61324 54755 1448 6569 4052 383 55 401 355 300 125 3669 96
cat_boundaries=0 1 2 3 4
cat_threshold=2 2 538 4
is_linear=0
shrinkage=0.05


Tree=291
num_leaves=31
num_cat=4
split_feature=20 8 10 11 3 0 21 11 22 3 0 16 10 4 10 13 11 18 16 1 18 14 21 20 0 20 18 3 16 22
split_gain=14.8248 5.90287 1.17711 0.892227 1.97688 1.55633 1.36431 1.40515 1.34005 1.38355 1.49024 1.78758 1.24432 1.05962 1.26704 1.3869 1.16351 3.52833 1.39538 1.08935 1.08722 1.01862 0.943815 0.903397 1.58545 2.04187 1.82871 2.32577 1.46582 2.12753
threshold=1.0000000180025095e-35 2.5000000000000004 1.0000000180025095e-35 6.802450315793676 3.5000000000000004 0 8.272182292171534 6.977421247428425 6.3434456549129861 1.0000000180025095e-35 1 0.085394604849869299 6.9092540304800165 11.500000000000002 6.3500123540472702 6.829307131190653 6.9384299526694928 0.40154742483164318 0.32550318496630176 2 0.18109011451981036 6.2824536278550136 6.9579728820873044 0.58504782123881482 3 1.6204372300014251 0.80211241968173463 5.5000000000000009 0.2299737963602288 6.9591390058223084
decision_type=8 2 10 10 2 1 10 10 10 2 1 10 8 2 8 8 10 10 10 1 10 8 8 8 1 10 8 2 8 8
left_child=1 2 -1 23 8 12 -7 -8 21 10 -10 -12 -6 14 16 20 -11 18 -18 -17 -16 -5 -13 -2 25 26 27 -25 -26 -30
right_child=3 -3 -4 4 5 6 7 -9 9 13 11 22 -14 -15 15 19 17 -19 -20 -21 -22 -23 -24 24 28 -27 -28 -29 29 -31
leaf_value=-9.587193281757056e-07 -6.1198242052650011e-07 1.9957075436671801e-10 1.0431392996699562e-05 -0.0078490960150333269 -0.0010587443934846233 0.00097875385655016604 -0.011617946377485658 -0.0047307341683519265 0.0038407591191582631 -0.00080456727808608092 -0.014071671622749905 -0.007646105311241139 0.0057337417787850535 0.0020345610410418226 -0.0034786272936771462 0.0091270619194054117 -0.0071458890995722713 0.00073887462068603484 -0.022066095285847478 -0.0015754461140359958 0.0017558329508730126 0.0029852150357039704 0.00066833721815098238 -0.00069791209702634114 0.00071665553609650623 -0.027459501510582979 0.0088374446697049164 0.011886401424060562 -0.0025027273548438068 0.00016449643556530806
leaf_weight=500 132760 2156 155 23 336 3550 20 51 1583 141 35 101 1506 565 145 90 23 85 42 4178 1243 583 480 3172 916 20 3460 453 2090 9528
leaf_count=500 132760 2156 155 23 336 3550 20 51 1583 141 35 101 1506 565 145 90 23 85 42 4178 1243 583 480 3172 916 20 3460 453 2090 9528
internal_value=0.000136185 0.0037371 -0.000419847 7.56377e-05 0.00044655 0.00120172 0.000593501 -0.00626761 3.75676e-06 -0.000154402 0.000929968 -0.00115016 0.00238121 -0.000520577 -0.000717168 -0.000551626 -0.00393471 -0.007 -0.0157692 -0.000998125 0.000821326 0.00227723 -0.000507745 3.96658e-05 0.000356179 0.000952214 0.000998589 0.000213793 1.75385e-05 -0.000134274
internal_weight=169990 2811 655 167179 14780 5463 3621 71 9317 8711 2199 616 1842 6512 5947 5656 291 150 65 4268 1388 606 581 152399 19639 7105 7085 3625 12534 11618
internal_count=169990 2811 655 167179 14780 5463 3621 71 9317 8711 2199 616 1842 6512 5947 5656 291 150 65 4268 1388 606 581 152399 19639 7105 7085 3625 12534 11618
cat_boundaries=0 1 2 3 4
cat_threshold=225 16384 2 56329
is_linear=0
shrinkage=0.05


Tree=292
num_leaves=31
num_cat=4
split_feature=20 8 11 17 15 1 21 20 17 1 3 16 4 15 19 16 3 17 18 11 4 16 20 4 21 0 21 0 3 3
split_gain=15.6634 5.38358 0.986008 1.01928 2.78962 2.32307 1.5646 1.55528 1.74046 2.29402 3.29899 3.25914 7.92083 2.02275 1.90437 1.62894 6.77572 1.60892 1.85965 1.43286 1.39835 1.89113 1.39203 1.3516 1.37171 1.32463 1.29711 1.23432 4.02239 3.53417
threshold=1.0000000180025095e-35 2.5000000000000004 0.37096867236468872 0.78025122936348168 0.73370406495087115 0 7.2089702972815557 0.11018371921388019 0.69052922798166627 1 3.5000000000000004 0.080778125878918541 2.5000000000000004 0.76078115988244288 0.71180929492339196 0.078283333771698022 5.5000000000000009 0.69320203597847485 0.16401871207210109 0.66750053336617021 3.5000000000000004 0.080778125878918541 0.25250265470434791 6.5000000000000009 7.7202392267623416 2 7.2452983069657719 3 3.5000000000000004 2.5000000000000004
decision_type=8 2 8 10 8 1 8 8 10 1 2 8 2 10 10 8 2 10 10 8 2 8 10 2 8 1 8 1 2 2
left_child=1 -1 -2 7 5 6 -5 8 -4 10 11 12 -10 -13 -11 16 -9 -18 23 -6 21 -12 -8 -19 -25 -17 -14 -21 29 -29
right_child=2 -3 3 4 19 -7 22 15 9 14 20 13 26 -15 -16 25 17 18 -20 27 -22 -23 -24 24 -26 -27 -28 28 -30 -31
leaf_value=-4.0724157376316532e-09 -0.00066602743189478418 1.8959221415038031e-10 0.00036615227266660334 -4.4599868198510844e-05 -0.0018347578357155972 -2.6716054431776665e-05 -5.8722142481116409e-06 3.7788155027345505e-05 -9.3349369355959477e-05 2.919337438430132e-06 -7.6345486281135322e-06 7.3543400864467108e-06 3.2126330117364417e-06 -3.0939458150180069e-05 -5.7538645621305134e-06 0.012915361784292839 -2.3077126198647597e-06 -5.5036574735852961e-06 5.2952200061352214e-05 5.7396519034439333e-05 2.2200357058692834e-06 2.6082557423365115e-05 -0.004460715116820931 -5.6904875129475108e-05 -1.450814688542088e-05 3.5163541218941884e-05 -1.4071748482525867e-05 -9.7137711540743706e-06 -0.0003072551903609993 0.00059727250027024996
leaf_weight=708 975 2195 1199 62 475 490 80 1353 32 260 35 53 29 32 434 412 113 43 27 90836 76 31 49 55 21 10527 20 23437 27281 8313
leaf_count=708 975 2195 1199 62 475 490 80 1353 32 260 35 53 29 32 434 412 113 43 27 90836 76 31 49 55 21 10527 20 23437 27281 8313
internal_value=0.000135954 0.00377713 7.25639e-05 8.18883e-05 4.31393e-05 -0.00314978 -0.00782722 0.000478579 -0.000747387 -0.00228543 -0.00587662 -0.0106627 -0.0178395 -0.00382353 -0.000691642 0.00069357 0.00217742 -0.00523166 -0.00869863 5.76022e-05 -0.00028169 -0.00560606 -0.00468992 -0.0113866 -0.0153947 0.000474906 -0.00520408 6.62923e-05 -0.000111702 0.000270866
internal_weight=169653 2903 166750 165775 151023 681 191 14752 2201 1002 308 166 81 85 694 12551 1612 259 146 150342 142 66 129 119 76 10939 49 149867 59031 31750
internal_count=169653 2903 166750 165775 151023 681 191 14752 2201 1002 308 166 81 85 694 12551 1612 259 146 150342 142 66 129 119 76 10939 49 149867 59031 31750
cat_boundaries=0 1 2 3 4
cat_threshold=2 1 22529 49863
is_linear=0
shrinkage=0.05


Tree=293
num_leaves=31
num_cat=2
split_feature=20 8 17 15 18 22 12 11 11 22 6 22 1 16 11 17 20 22 18 12 19 0 20 7 20 17 17 18 20 21
split_gain=16.0994 5.0263 1.07011 1.38396 3.12998 4.21081 1.82504 1.6875 2.79234 1.98414 1.5179 1.31976 1.66198 1.47494 1.31271 1.16466 1.13714 1.11535 1.04726 1.78711 1.04298 1.04954 1.91617 1.32796 1.3916 1.20653 1.48954 1.24976 1.95058 1.15248
threshold=1.0000000180025095e-35 2.5000000000000004 0.78025122936348168 0.77435709176599266 0.20456727519790832 6.8305624843129609 0.66750053336617021 0.71754226264466137 0.76519735254682386 7.5667892751891612 1.0000000180025095e-35 7.3831887482224543 0 0.095656435739473814 3.7623615564016326 0.74681446639988591 0.11018371921388019 6.7175569659586802 0.24967683972896237 1.011435595095721 6.8562237950956648 1 1.6204372300014251 6.5000000000000009 0.17829992433833905 0.69052922798166627 0.5066056068032575 0.3491261426017736 0.41893083785192126 7.8073020336262013
decision_type=8 2 10 8 10 10 10 10 10 10 2 10 1 10 10 10 10 10 10 8 10 1 10 10 8 10 10 10 10 8
left_child=1 -1 14 4 5 6 -4 -6 -9 -10 -7 12 -12 -14 15 20 -17 -8 -18 -20 21 23 -23 24 -2 26 -26 28 29 -28
right_child=2 -3 3 -5 7 10 17 8 9 -11 11 -13 13 -15 -16 16 18 -19 19 -21 -22 22 -24 -25 25 -27 27 -29 -30 -31
leaf_value=6.4522676368472531e-09 -5.1421926885617542e-06 1.8011260261019403e-10 -8.9541247760221063e-06 1.1080919655326545e-05 2.361998126587536e-05 3.7962933631834768e-06 -6.8838965123204114e-05 -0.0089919616105591463 0.00034611656731943643 -0.0088532846025758238 -5.7637608461625171e-05 8.6415863410075754e-05 -4.0306582223743789e-05 5.4412352682534307e-06 0.016024601288038603 -4.7191179133859279e-05 4.7601112263402412e-05 -0.0031078431747179761 0.0012785297909740957 -0.0032591242349806031 0.023418273741516591 4.7751059790003642e-06 -0.022119447203810719 -0.0021121339147766515 0.00045996498890197267 7.0273696816625203e-05 -0.0037960904826885335 0.0016736728054842821 -0.003656799124367398 0.00074714861813569941
leaf_weight=698 1506 2195 34 149395 808 260 73 24 112 45 53 40 27 65 420 37 1630 23 180 107 203 5759 34 1473 2511 637 579 158 31 330
leaf_count=698 1506 2195 34 149395 808 260 73 24 112 45 53 40 27 65 420 37 1630 23 180 107 203 5759 34 1473 2511 637 579 158 31 330
internal_value=0.000126795 0.00382475 6.25625e-05 2.18273e-05 -0.0014578 -0.0043913 -0.0123077 0.000247725 -0.00411602 -0.0016879 -0.00207865 -0.00554054 -0.00775862 -0.00369565 0.000456877 0.00038056 0.00151996 -0.0158333 0.00168753 -0.00109756 0.000212163 0.000156706 0.000657419 -0.000245335 9.73576e-05 0.000560528 0.000206429 -0.00132969 -0.00202128 -0.00160066
internal_weight=169447 2893 166554 150959 1564 575 130 989 181 157 445 185 145 92 15595 15175 1954 96 1917 287 13221 13018 5793 7225 5752 4246 3609 1098 940 909
internal_count=169447 2893 166554 150959 1564 575 130 989 181 157 445 185 145 92 15595 15175 1954 96 1917 287 13221 13018 5793 7225 5752 4246 3609 1098 940 909
cat_boundaries=0 1 2
cat_threshold=1 33226
is_linear=0
shrinkage=0.05


Tree=294
num_leaves=31
num_cat=3
split_feature=18 19 15 19 15 11 15 0 18 0 5 17 10 18 8 17 0 18 16 12 17 19 18 11 3 13 5 15 3 16
split_gain=14.4788 2.60075 3.63903 0.880431 6.38521 3.73258 2.14812 1.82505 3.61895 1.77566 1.58481 1.98689 1.54754 1.49055 2.28039 2.85854 3.10495 5.06144 1.89578 1.69729 1.48518 6.10456 1.9144 1.4733 1.4269 1.37625 1.29788 1.64239 1.97703 2.02158
threshold=1.0000000180025095e-35 0.69322269047845697 0.37012364598125269 2.0460354156292682 1.9596169553346174 1.3986406674150766 2.2320152068390988 0 0.10051815745606314 1 1.0000000180025095e-35 2.1466599549738192 1.3986406674150766 1.0229683813443444 3.5000000000000004 3.4656670837105219 2 0.3608992417433769 0.30299155758606655 7.2308165287359589 4.972156971421609 4.9260227525683122 0.29646880470029308 2.0476720312775929 2.5000000000000004 5.2100323025407267 1.0000000180025095e-35 1.4168328952363014 3.5000000000000004 0.65455886410650099
decision_type=8 10 10 10 8 10 8 1 10 1 2 8 8 8 2 10 1 10 8 8 10 10 10 10 2 10 2 10 2 10
left_child=1 2 -1 5 -5 9 7 -6 -9 -2 -8 -12 -7 14 15 -13 17 19 -19 -17 21 22 -18 -10 -20 -22 -11 -28 29 -29
right_child=3 -3 -4 4 6 12 10 8 23 26 11 13 -14 -15 -16 16 20 18 24 -21 25 -23 -24 -25 -26 -27 27 28 -30 -31
leaf_value=6.1296542563926693e-09 0.0077028955516800683 1.7765271413299284e-06 1.7110697303479584e-10 -0.0086720834883543315 0.00018273247989849265 7.8179779612811873e-05 0.00014141721074308758 -0.015806765247076204 -0.0035479871291142287 -3.6967221980234907e-06 -0.023009295102678323 0.0049820015631438031 0.0039644622453811262 0.0039855284822546289 -0.00036028032657662359 -0.027326031998277697 -0.0101233829379284 -0.036149702793318077 -0.029811552610133227 0.00029870781871401916 0.0012164243253088543 -0.034739941371610572 0.00037164494125801491 -0.00091417552535964634 -0.0099522883865026043 -0.0062332488864710106 3.8537869140096747e-05 -0.0096822818874438138 0.0036430838833712239 0.0057335821155623046
leaf_weight=493 578 1220 2193 391 766 1541 108104 30 522 29428 22 279 4566 844 12134 33 188 21 20 91 593 28 218 645 23 360 4218 152 169 34
leaf_count=493 578 1220 2193 391 766 1541 108104 30 522 29428 22 279 4566 844 12134 33 188 21 20 91 593 28 218 645 23 360 4218 152 169 34
internal_value=0.0001349 0.00314388 0.0040134 6.40973e-05 -1.51603e-06 0.000266185 1.84518e-05 -0.00162252 -0.00282933 6.4924e-05 4.46496e-05 -0.000439612 0.00140576 -0.000417341 -0.000540463 -0.00217368 -0.003 -0.00888889 -0.0207812 -0.00346774 -0.0021224 -0.00456221 -0.00300493 -0.00241217 -0.0147674 -0.00103358 1.77885e-05 0.000801443 -0.00246479 -0.00602151
internal_weight=169904 3906 2686 165998 125312 40686 124921 1963 1197 34579 122958 14854 6107 14832 13988 1854 1575 188 64 124 1387 434 406 1167 43 953 34001 4573 355 186
internal_count=169904 3906 2686 165998 125312 40686 124921 1963 1197 34579 122958 14854 6107 14832 13988 1854 1575 188 64 124 1387 434 406 1167 43 953 34001 4573 355 186
cat_boundaries=0 1 2 3
cat_threshold=218 23585 12293
is_linear=0
shrinkage=0.05


Tree=295
num_leaves=31
num_cat=3
split_feature=18 19 15 4 4 0 19 19 4 18 7 7 0 19 19 0 19 19 4 15 21 16 22 19 21 19 18 14 4 4
split_gain=14.8857 2.61743 3.16638 0.944485 0.847775 3.52036 1.73834 2.1363 6.92538 4.40796 1.78251 2.56537 1.69899 2.96797 1.69041 2.12136 2.77484 3.89484 5.96455 2.53773 2.98727 2.4746 2.44983 2.43306 2.26158 2.14965 2.04873 1.87689 1.60988 3.23926
threshold=1.0000000180025095e-35 0.69322269047845697 0.37012364598125269 9.5000000000000018 8.5000000000000018 0 2.7640284483770787 2.9964315645433026 9.5000000000000018 0.13869949762230918 34.500000000000007 3.5000000000000004 1 1.2367901825676191 0.84542140545931754 2 6.8877980291056717 5.6408521765671304 10.500000000000002 5.4939548124493998 7.6016521472294505 0.47262159482014593 6.596279685999165 6.6624567654655236 6.9814702089390606 1.0462946736154757 0.55406585151897536 6.6496317993061007 5.5000000000000009 6.5000000000000009
decision_type=8 10 10 2 2 1 8 10 2 8 8 10 1 10 10 1 10 10 2 8 8 10 8 10 8 10 8 10 2 2
left_child=1 2 3 -1 12 6 -6 8 10 -10 11 -8 13 -2 -7 16 17 22 19 20 -19 24 -16 26 -17 -24 -20 -21 -15 -30
right_child=4 -3 -4 -5 5 14 7 -9 9 -11 -12 -13 -14 28 15 21 -18 18 23 27 -22 -23 25 -25 -26 -27 -28 -29 29 -31
leaf_value=-1.9961612310326338e-07 0.020911942943595982 1.701082363354204e-06 1.6255162216261e-10 1.593993390101023e-05 0.0023236537082812871 2.3278150817770222e-05 -0.006509360994784808 0.0011193113969437756 -0.011032643041805748 0.0018077076573120819 0.00018561801193124521 -0.055479385249206738 1.2355309175889954e-05 -0.00015465987302617769 -0.0048802734668403416 0.00086344862951104589 0.0054858384629900767 -0.0042396707992077834 -0.015789483964394471 -0.00024297055400821296 -0.018136535225131683 0.0032123230811991694 -0.00012737412971674806 -0.025533723781509223 -0.00019337762206302365 4.723659234996228e-05 -0.0049568751300345182 -0.0051868080401762107 -0.003252387085789247 -0.00041387080368390826
leaf_weight=369 312 1226 2226 106 1191 3821 95 15151 24 449 25 37 97134 9553 524 4499 368 34 32 366 27 3505 1184 40 18033 3540 33 26 1939 3948
leaf_count=369 312 1226 2226 106 1191 3821 95 15151 24 449 25 37 97134 9553 524 4499 368 34 32 366 27 3505 1184 40 18033 3540 33 26 1939 3948
internal_value=0.000162145 0.00320474 0.00407442 0.000368421 9.01201e-05 0.000255075 0.000848546 0.000710031 -0.00214286 0.000877379 -0.011242 -0.0135606 1.26678e-05 -0.000468849 -2.46932e-05 -0.000142653 -0.000975097 -0.00124354 -0.00521505 -0.00272627 -0.0122131 5.50929e-05 -0.000821265 -0.0159524 -0.000137138 -0.000461473 -0.0219231 -0.00125 -0.00056671 -0.00121709
internal_weight=169817 3927 2701 475 165890 53004 16972 15781 630 473 157 132 112886 15752 36032 32211 6174 5806 558 453 61 26037 5248 105 22532 4724 65 392 15440 5887
internal_count=169817 3927 2701 475 165890 53004 16972 15781 630 473 157 132 112886 15752 36032 32211 6174 5806 558 453 61 26037 5248 105 22532 4724 65 392 15440 5887
cat_boundaries=0 1 2 3
cat_threshold=44097 44032 770
is_linear=0
shrinkage=0.05


Tree=296
num_leaves=31
num_cat=3
split_feature=20 8 7 1 0 21 12 11 2 16 7 16 12 17 15 21 15 21 16 15 13 10 19 17 10 0 16 19 20 8
split_gain=15.4143 5.47781 0.900447 0.662461 1.56433 2.16745 2.05723 1.71568 1.60169 1.88636 1.48857 1.43783 1.39371 1.38105 1.31092 3.23025 1.21428 1.91055 1.34157 1.21481 1.70168 1.76055 1.20986 5.64119 3.4246 3.17881 2.94635 3.3442 2.64536 2.40522
threshold=1.0000000180025095e-35 2.5000000000000004 1.0000000180025095e-35 0 1 7.011664640828374 6.9307390855264854 7.2234415372062903 1.5000000000000002 0.34922837459968809 10.500000000000002 0.070438831978564181 6.3175255673114892 0.69320203597847485 7.0457632750680661 7.2082301046963382 7.3524849135676673 6.7469993277013458 0.17905744815343519 0.58411499466183192 0.66750053336617021 0.43773436867694998 4.4623357279323725 4.7167269382779056 4.0439276922482579 2 0.083066990500825916 4.565405625212521 0.21772828243251688 1.5000000000000002
decision_type=8 2 10 1 1 10 10 10 2 10 10 8 10 8 10 10 10 8 10 8 8 8 10 8 10 1 10 10 10 2
left_child=1 2 -1 4 10 11 7 -7 -9 14 13 -6 22 -2 15 -10 19 18 -18 20 -13 -22 24 26 -5 -26 27 -24 -25 -29
right_child=3 -3 -4 12 5 6 -8 8 9 -11 -12 16 -14 -15 -16 -17 17 -19 -20 -21 21 -23 23 28 25 -27 -28 29 -30 -31
leaf_value=1.0370038390565042e-05 5.1565461068631135e-05 1.5442404022181223e-10 -3.1802136943568074e-07 2.3399536405998395e-06 0.00011897772172256882 -3.9192876925480546e-06 -0.0029272338336125046 0.0031153234955088294 -0.021408216568478647 0.0010231019184001339 -0.0063493905206958665 -1.208853340748152e-05 0.0008056174518635081 -0.00030290589119979648 -0.0071044626083783691 -0.0027059154542673622 -0.011978856460492703 -0.00087158475635514768 -0.020422774969682683 0.00041480056034063414 -0.0021152719304352078 -0.0016903977077193611 -0.00024312661199595481 0.0010612818821005663 -0.002581471342181214 0.0024167405481671277 -0.001849907063894732 0.015907650780317011 -0.00038605519215226996 -0.01351007498037562
leaf_weight=148 321 2172 533 65692 668 10504 1610 102 28 66 180 340 13919 16405 99 40 25 309 27 16212 35 101 138 8329 888 6256 2488 21 21738 173
leaf_count=148 321 2172 533 65692 668 10504 1610 102 28 66 180 340 13919 16405 99 40 25 309 27 16212 35 101 138 8329 888 6256 2488 21 21738 173
internal_value=0.000129064 0.00377322 -0.000139501 6.67012e-05 -9.2199e-05 0.000123608 -0.000381958 -0.000134237 -0.00365672 -0.00594421 -0.000477063 0.000478919 0.000129219 -0.000428674 -0.00877245 -0.0141176 0.000389759 -0.00247922 -0.0113462 0.000451822 -0.00203781 -0.00676471 6.72987e-05 -0.000184419 0.000180955 0.0012206 -0.00232269 -0.00674699 1.61308e-05 -0.0109794
internal_weight=169567 2853 681 166714 47072 30166 12449 10839 335 233 16906 17717 119642 16726 167 68 17049 361 52 16688 476 136 105723 32887 72836 7144 2820 332 30067 194
internal_count=169567 2853 681 166714 47072 30166 12449 10839 335 233 16906 17717 119642 16726 167 68 17049 361 52 16688 476 136 105723 32887 72836 7144 2820 332 30067 194
cat_boundaries=0 1 2 3
cat_threshold=4 13964 96
is_linear=0
shrinkage=0.05


Tree=297
num_leaves=31
num_cat=1
split_feature=18 19 15 4 21 1 12 16 18 15 8 19 15 19 5 18 4 3 22 22 18 15 4 15 19 6 15 22 15 10
split_gain=11.8718 4.31411 3.71133 3.42446 3.23441 1.01371 1.85092 1.46571 2.0288 1.71648 1.44994 1.3373 4.90849 3.15912 2.6993 2.53979 1.8288 2.12426 1.6447 2.04112 2.14603 1.40833 1.35812 1.53451 1.72169 1.30846 1.30676 1.30391 1.28405 1.55819
threshold=1.0000000180025095e-35 0.69322269047845697 0.37012364598125269 11.500000000000002 7.0044280632177705 0 6.3175255673114892 0.067381267689184884 0.067255981120358729 0.58411499466183192 4.5000000000000009 2.0460354156292682 2.0437736631929231 1.3797641028970766 1.0000000180025095e-35 0.28060461141829862 5.5000000000000009 1.5000000000000002 6.3630926370853418 6.841266940382563 0.31676713285327834 1.1698389908527715 11.500000000000002 1.8040121196407393 1.8286565057681272 1.0000000180025095e-35 0.44463492370662533 7.1024936684823237 2.2320152068390988 2.2027494954295124
decision_type=8 10 10 2 8 1 10 8 8 10 2 10 8 8 2 10 2 2 10 10 10 8 2 10 10 2 10 10 8 10
left_child=1 2 -1 -3 -5 7 11 27 9 26 -8 13 15 14 -7 -13 -15 21 -17 25 -21 -18 -19 24 -24 -20 -9 -2 29 -14
right_child=5 3 -4 4 -6 6 10 8 -10 -11 -12 12 28 16 -16 18 17 22 19 20 -22 -23 23 -25 -26 -27 -28 -29 -30 -31
leaf_value=3.1705046171781603e-08 0.00026197379150071076 1.296077291256427e-06 1.4670283876583314e-10 -1.6779289078149506e-05 2.1778252676267032e-06 -4.6583933465112042e-06 0.0036173660156788041 -0.002513126193794242 -0.00011985591218930233 0.0043742975229738631 0.00049313734291169225 -0.0036211290728150915 -0.0018216879322495328 0.0027079028131961414 5.5850613821072152e-05 0.011844019445516754 -0.0017894202811393385 0.0026985688598660427 -0.018592240298013384 -0.0076974141069623596 -0.00020149408540758287 -0.0018495366845281153 -0.0012617469048862805 0.004989086182946652 -0.021853411758073961 -0.012534763856288288 -0.0015661471404205746 -2.290484213445966e-06 2.1696384996263416e-05 0.0011545356830779268
leaf_weight=492 752 1187 2221 22 26 19395 2788 85 45250 28 11047 436 991 3460 2975 21 29 2513 50 60 84 1062 246 151 34 28 31 611 73141 381
leaf_count=492 752 1187 2221 22 26 19395 2788 85 45250 28 11047 436 991 3460 2975 21 29 2513 50 60 84 1062 246 151 34 28 31 611 73141 381
internal_value=0.000124619 0.00283435 0.0039495 0.000384616 -0.0127083 6.00368e-05 0.000137604 -0.000137199 -0.000185707 -0.00611111 0.000681243 6.6012e-05 -4.64143e-05 0.000349071 5.14083e-05 -0.00427835 0.00123749 0.00051425 -0.00837449 -0.00963964 -0.00611111 -0.0013703 0.00121264 -0.00138051 -0.00357143 -0.0161538 -0.0087931 0.00147836 -7.85079e-06 -0.00152332
internal_weight=169597 3948 2713 1235 48 165649 118892 46757 45394 144 13835 105057 75192 29865 22370 679 7495 4035 243 222 144 1091 2944 431 280 78 116 1363 74513 1372
internal_count=169597 3948 2713 1235 48 165649 118892 46757 45394 144 13835 105057 75192 29865 22370 679 7495 4035 243 222 144 1091 2944 431 280 78 116 1363 74513 1372
cat_boundaries=0 1
cat_threshold=4
is_linear=0
shrinkage=0.05


Tree=298
num_leaves=31
num_cat=0
split_feature=18 19 4 8 21 11 16 18 12 22 8 4 17 11 12 16 18 21 5 18 13 12 11 13 22 12 11 6 21 18
split_gain=12.4592 4.58309 2.99982 2.66142 2.12413 1.33764 1.51604 1.46728 2.13191 1.79984 1.6937 1.42484 1.0246 3.32794 1.44735 1.03184 1.21397 1.48423 1.39697 1.64707 1.31194 1.23439 0.931772 1.09065 0.930468 1.29912 1.0981 1.78449 1.44643 1.41262
threshold=1.0000000180025095e-35 0.69322269047845697 11.500000000000002 2.5000000000000004 7.0479518150395899 5.3425734291997005 0.14504185592160718 0.25331809808058486 6.8331933445960447 7.5987126135333813 6.5000000000000009 10.500000000000002 6.0809810640961741 5.9031794831006712 6.3175255673114892 0.1124190705444698 0.32321609591081235 7.6263264821815211 1.0000000180025095e-35 0.30123401682825351 6.8545127050723522 6.7594292543109864 7.5233732205414015 7.4356444773014614 6.924836967842003 5.7808978129699158 5.5763277476172712 1.0000000180025095e-35 6.9062540274800099 0.22091718682164144
decision_type=8 10 2 2 10 10 10 10 8 10 2 2 10 10 8 8 10 8 2 10 10 10 10 8 10 8 10 2 10 10
left_child=1 3 -3 -1 -4 -2 12 9 22 11 -11 24 -7 -14 -15 16 17 -16 19 -19 -20 -22 -9 -24 -8 26 -26 28 -28 -29
right_child=5 2 4 -5 -6 6 7 8 -10 10 -12 -13 13 14 15 -17 -18 18 20 -21 21 -23 23 -25 25 -27 27 29 -30 -31
leaf_value=6.239868715118835e-07 1.2764621042123683e-06 1.2320765684081803e-06 -1.1568840096025787e-05 1.3936769516220694e-10 4.2047290104099374e-06 0.0026984250942502872 0.00032994045060799317 0.002217409635056618 -1.6482279894064017e-05 -0.0019482073953986892 -0.0056113259881931206 0.0021635440179953963 -0.0081122790613409376 -0.0043092038298953297 0.0011850408009347821 0.0026169817938560161 0.0048569633032801551 -0.00096727763751275483 -0.00012262427057710637 -0.015605110500313846 -0.026885733833448222 -0.0035071785657516674 -0.004319576831286461 0.0026079955358794885 -0.0017752051874513634 -0.00063667254804438214 -0.029092299800696005 0.0051238495775105626 -0.01233121352247602 -0.010620798576745576
leaf_weight=477 131468 1178 30 2216 22 2182 3713 6144 7966 1794 38 1350 40 226 956 3098 148 643 36 36 25 28 52 31 341 4846 28 44 28 34
leaf_count=477 131468 1178 30 2216 22 2182 3713 6144 7966 1794 38 1350 40 226 956 3098 148 643 36 36 25 28 52 31 341 4846 28 44 28 34
internal_value=0.000150339 0.00293525 0.000406504 0.00409023 -0.0113462 8.42435e-05 0.00036465 0.000187247 0.000533009 -0.000214473 -0.00165939 4.0447e-05 0.000996226 0.000616883 0.000727483 0.000905433 -2.13673e-05 -0.000394431 -0.00203125 -0.0012592 -0.00792135 -0.0129245 0.00122611 -0.00403614 -0.000185964 -0.000609848 -0.00310526 -0.0069403 -0.01375 -0.00205128
internal_weight=169218 3923 1230 2693 52 165295 33827 26409 14193 12216 1832 10384 7418 5236 5196 4970 1872 1724 768 679 89 53 6227 83 9034 5321 475 134 56 78
internal_count=169218 3923 1230 2693 52 165295 33827 26409 14193 12216 1832 10384 7418 5236 5196 4970 1872 1724 768 679 89 53 6227 83 9034 5321 475 134 56 78
is_linear=0
shrinkage=0.05


Tree=299
num_leaves=31
num_cat=6
split_feature=18 19 15 4 19 10 4 22 22 4 0 3 3 0 15 15 22 21 15 22 16 3 0 0 3 22 10 0 0 19
split_gain=11.9542 3.61443 4.30025 1.08962 1.26183 1.04824 1.01183 1.43051 1.19588 0.824176 0.79765 2.46677 2.45971 6.68155 3.7195 2.36151 1.93204 2.06393 1.81101 1.78702 1.78447 1.87229 3.05979 2.57645 3.86249 7.73819 6.16111 5.07197 3.91145 3.07107
threshold=1.0000000180025095e-35 0.69322269047845697 0.37012364598125269 10.500000000000002 0.76473488021822422 0.29941825054435206 7.5000000000000009 8.0027900450363934 7.2521950207684283 5.5000000000000009 0 3.5000000000000004 4.5000000000000009 1 0.37012364598125269 3.3169063851356895 8.2409424876430659 8.4367383964734284 4.8456063497946937 7.4683975130013165 0.93678852163681414 3.5000000000000004 2 3 2.5000000000000004 7.9118320275713012 5.5531533458230937 4 5 3.8850004601857497
decision_type=8 10 10 2 10 10 2 10 8 2 1 2 2 1 8 10 10 10 10 10 8 2 1 1 2 8 8 1 1 10
left_child=1 2 5 -3 -5 6 8 -8 9 -1 20 15 13 18 -15 -12 17 -14 -13 -20 21 23 -23 -2 27 28 29 -25 -26 -27
right_child=10 3 -4 4 -6 -7 7 -9 -10 -11 11 12 16 14 -16 -17 -18 -19 19 -21 -22 22 -24 24 25 26 -28 -29 -30 -31
leaf_value=-3.5939373056912536e-06 0.00020904249636346522 1.2022863904215965e-06 1.3239930818365053e-10 -1.5986868320819933e-06 -5.5012067897973798e-05 9.0742497317555233e-06 7.2173170690692512e-06 -0.0016949368644676424 -2.5609331924243868e-06 -2.1936708493157479e-06 -6.2732126628065997e-06 -0.0034727801091145511 -1.0723587213345891e-05 -0.0020060181227073755 1.0733504203977427e-05 0.00086365574539520136 0.0010663210867480353 -0.018901667228291914 -0.009405475083613956 -0.0028476156796840135 0.0011001771602875614 0.0024491412412301974 6.7602322584436167e-05 0.00090705256802107613 0.00065309419424305817 0.00059410598980507714 -0.0020050917737091506 -0.0011797143579699411 -0.0030452458616435909 -0.010222687387461871
leaf_weight=39 19066 1096 2151 117 32 134 122 24 131 52 25345 4324 23668 52 6279 16590 289 26 163 103 9026 7487 22263 10991 3895 85 602 12281 2737 621
leaf_count=39 19066 1096 2151 117 32 134 122 24 131 52 25345 4324 23668 52 6279 16590 289 26 163 103 9026 7487 22263 10991 3895 85 602 12281 2737 621
internal_value=0.000108104 0.00284505 0.00388805 0.00062249 -0.00338926 -0.000278884 -0.00165761 0.00157534 -0.00378378 -0.00818681 4.37935e-05 -7.42363e-05 -0.000384769 -0.00100678 4.80999e-05 0.000184214 -0.00010153 -0.000151093 -0.00245652 -0.00646617 0.000145626 7.04755e-05 0.000384874 -0.000115557 -0.000395234 -0.00134761 -0.00486239 -7.04708e-05 -0.000654403 -0.00803116
internal_weight=169791 3898 2653 1245 149 502 368 146 222 91 165893 76839 34904 10921 6331 41935 23983 23694 4590 266 89054 80028 29750 50278 31212 7940 1308 23272 6632 706
internal_count=169791 3898 2653 1245 149 502 368 146 222 91 165893 76839 34904 10921 6331 41935 23983 23694 4590 266 89054 80028 29750 50278 31212 7940 1308 23272 6632 706
cat_boundaries=0 1 2 3 4 5 6
cat_threshold=50757 296 1 34308 16384 65
is_linear=0
shrinkage=0.05


end of trees

feature_importances:
y_roll_mean_28=912
y_roll_std_28=901
market=854
y_roll_mean_14=738
dow=690
y_roll_std_14=641
price_roll_mean_7=564
y_roll_mean_7=538
y_lag_1=466
month=440
y_roll_std_7=333
commodity=295
y_lag_2=249
price_lag_1=236
reports_last_7d=200
y_lag_3=199
y_lag_7=154
festival_3d=146
days_since_last_report=119
y_lag_14=117
monsoon=86
is_synthetic=67
horizon=55

parameters:
[boosting: gbdt]
[objective: quantile]
[metric: quantile]
[tree_learner: serial]
[device_type: cpu]
[data_sample_strategy: bagging]
[data: ]
[valid: ]
[num_iterations: 300]
[learning_rate: 0.05]
[num_leaves: 31]
[num_threads: 4]
[seed: 0]
[deterministic: 0]
[force_col_wise: 0]
[force_row_wise: 0]
[histogram_pool_size: -1]
[max_depth: -1]
[min_data_in_leaf: 20]
[min_sum_hessian_in_leaf: 0.001]
[bagging_fraction: 0.8]
[pos_bagging_fraction: 1]
[neg_bagging_fraction: 1]
[bagging_freq: 1]
[bagging_seed: 7719]
[bagging_by_query: 0]
[feature_fraction: 0.8]
[feature_fraction_bynode: 1]
[feature_fraction_seed: 2437]
[extra_trees: 0]
[extra_seed: 11797]
[early_stopping_round: 0]
[early_stopping_min_delta: 0]
[first_metric_only: 0]
[max_delta_step: 0]
[lambda_l1: 0]
[lambda_l2: 0]
[linear_lambda: 0]
[min_gain_to_split: 0]
[drop_rate: 0.1]
[max_drop: 50]
[skip_drop: 0.5]
[xgboost_dart_mode: 0]
[uniform_drop: 0]
[drop_seed: 21238]
[top_rate: 0.2]
[other_rate: 0.1]
[min_data_per_group: 100]
[max_cat_threshold: 32]
[cat_l2: 10]
[cat_smooth: 10]
[max_cat_to_onehot: 4]
[top_k: 20]
[monotone_constraints: ]
[monotone_constraints_method: basic]
[monotone_penalty: 0]
[feature_contri: ]
[forcedsplits_filename: ]
[refit_decay_rate: 0.9]
[cegb_tradeoff: 1]
[cegb_penalty_split: 0]
[cegb_penalty_feature_lazy: ]
[cegb_penalty_feature_coupled: ]
[path_smooth: 0]
[interaction_constraints: ]
[verbosity: -1]
[saved_feature_importance_type: 0]
[use_quantized_grad: 0]
[num_grad_quant_bins: 4]
[quant_train_renew_leaf: 0]
[stochastic_rounding: 1]
[linear_tree: 0]
[max_bin: 255]
[max_bin_by_feature: ]
[min_data_in_bin: 3]
[bin_construct_sample_cnt: 200000]
[data_random_seed: 38]
[is_enable_sparse: 1]
[enable_bundle: 1]
[use_missing: 1]
[zero_as_missing: 0]
[feature_pre_filter: 1]
[pre_partition: 0]
[two_round: 0]
[header: 0]
[label_column: ]
[weight_column: ]
[group_column: ]
[ignore_column: ]
[categorical_feature: 0,1]
[forcedbins_filename: ]
[precise_float_parser: 0]
[parser_config_file: ]
[objective_seed: 8855]
[num_class: 1]
[is_unbalance: 0]
[scale_pos_weight: 1]
[sigmoid: 1]
[boost_from_average: 1]
[reg_sqrt: 0]
[alpha: 0.1]
[fair_c: 1]
[poisson_max_delta_step: 0.7]
[tweedie_variance_power: 1.5]
[lambdarank_truncation_level: 30]
[lambdarank_norm: 1]
[label_gain: ]
[lambdarank_position_bias_regularization: 0]
[eval_at: ]
[multi_error_top_k: 1]
[auc_mu_weights: ]
[num_machines: 1]
[local_listen_port: 12400]
[time_out: 120]
[machine_list_filename: ]
[machines: ]
[gpu_platform_id: -1]
[gpu_device_id: -1]
[gpu_device_id_list: ]
[gpu_use_dp: 0]
[num_gpu: 1]

end of parameters

pandas_categorical:[["Pune", "Pimpri", "Manjri", "Moshi", "Khadki", "Khed(Chakan)", "Manchar", "Junnar", "Otur", "Narayangaon", "Alephata", "Baramati", "Shirur", "Indapur", "Vashi", "Kalyan"], ["Onion", "Tomato", "Potato"]]
