tree
version=v4
num_class=1
num_tree_per_iteration=1
label_index=0
max_feature_idx=22
objective=quantile
feature_names=market commodity horizon dow month festival_3d monsoon days_since_last_report reports_last_7d is_synthetic y_lag_1 y_lag_2 y_lag_3 y_lag_7 y_lag_14 y_roll_mean_7 y_roll_std_7 y_roll_mean_14 y_roll_std_14 y_roll_mean_28 y_roll_std_28 price_lag_1 price_roll_mean_7
feature_infos=-1:0:14:4:5:1:3:2:9:10:15:6:13:7:11:12:8 -1:1:0:2 [1:3] [0:6] [1:12] [0:1] [0:1] [0:2139] [0:7] [0:1] [0.095310179804324865:9.9306648805409203] [0.095310179804324865:9.1675372496508736] [0.095310179804324865:9.9306648805409203] [0.095310179804324865:9.9306648805409203] [0.095310179804324865:9.1675372496508736] [0.095310179804324865:8.1172527553088116] [0:3.5854306930423725] [0.15242908573159783:8.2737290615661614] [0:3.4275755394150873] [0.18652458360207733:8.1655501931097731] [0:3.4275755394150873] [4.3307333402863311:10.275085591132715] [4.5068097260101831:9.5273624642561412]
tree_sizes=2715 2924 2973 2915 3000 2968 2927 2959 2969 2967 2971 2984 2987 2958 3007 3036 3007 2991 2958 2976 2954 2971 3031 2981 3027 3029 3038 3004 2960 2986 2996 3038 2995 3057 3002 2976 3081 2969 3072 2997 3082 3023 3017 3070 2965 3077 3072 2970 2986 3074 3044 3022 3033 3066 2980 3039 3024 2980 2970 2972 2949 3072 2995 3083 2994 3019 2988 2989 3037 3003 3022 2961 2997 3037 3075 3076 3056 3022 2979 3030 3100 3060 2997 3077 3037 3076 2949 2943 2952 3097 2996 2962 2973 3052 2984 2936 2991 3015 3009 3090 3009 3073 3007 3046 3008 2996 3016 2992 2966 2969 2994 3056 3007 3015 2986 3054 3038 3036 3036 2920 3048 3006 2994 3019 3059 3056 3049 2951 2950 3025 2994 2986 2944 2998 3035 2999 3011 2986 2988 3047 3027 3036 3051 2971 2979 3013 2946 3036 3019 3036 2965 2963 2973 2986 3029 2994 2978 2994 3014 2937 2961 2933 2970 3023 2920 2915 2986 2930 2999 2993 2977 2954 2990 2992 2919 3035 2917 3051 2973 2942 3037 2971 2986 2957 2967 2940 2947 2956 2960 2897 2970 2984 2928 3015 2947 3048 3037 2935 2939 3003 2927 2999 2874 2958 2869 2937 3035 2991 2961 2925 2942 2911 2922 2993 2944 2928 2897 2928 2888 2988 3047 2961 2959 2999 2983 2894 3012 2903 2974 2936 2997 2958 3066 3005 2966 2958 2940 2980 2938 3013 2965 2990 3001 2909 2944 2934 3010 2965 2962 2942 2965 2924 2972 2977 2972 2966 2998 2975 2959 2989 2975 2926 2990 2981 2877 2954 3034 2922 2880 2940 2949 2958 2925 2993 2995 2977 2900 2935 3026 2938 2893 2919 3021 2885 3038 2950 3024 3010 2959 2939 2955 2895 2837 2948 2887 2920 2981 2991 2926 2950

Tree=0
num_leaves=31
num_cat=9
split_feature=19 19 17 20 17 0 20 19 19 16 17 17 20 10 18 11 19 11 0 0 1 0 18 1 0 0 1 10 17 3
split_gain=28125.5 1289.28 1045.56 158.879 132.081 91.1609 79.4105 80.0839 74.656 64.5018 61.2952 49.3402 44.5487 41.1058 37.0393 31.1744 27.4535 24.6757 24.2577 23.0055 20.794 24.5235 19.7588 18.8175 49.5936 41.8215 15.7552 14.4132 14.2095 13.8821
threshold=3.9820483343978679 3.6265438334469029 4.2243227423102345 1.1664923117169399 3.8768705879857683 0 0.73999448770258391 2.8849803636449409 4.4359327727882683 0.39683484713218908 4.0776894521594125 4.7321365098602159 0.3391657509649269 3.9522043336703749 0.5848864208429535 4.078384184158887 3.5258544043041531 4.0439276922482579 1 2 3 4 0.29337178680468007 5 6 7 8 4.1116928651754314 3.7745566633598675 1.5000000000000002
decision_type=10 8 8 10 10 1 10 10 10 8 10 8 10 10 8 10 10 10 1 1 1 1 8 1 1 1 1 8 10 2
left_child=1 6 10 8 5 14 16 -8 9 -4 19 -5 27 15 29 20 -1 -6 -16 -2 21 -7 -18 24 -20 26 -25 -12 -22 -3
right_child=2 4 3 11 17 13 7 -9 -10 -11 12 -13 -14 -15 18 -17 22 -19 23 -21 28 -23 -24 25 -26 -27 -28 -29 -30 -31
leaf_value=3.8588496208190919 3.9764183878898622 3.9752135038375855 4.0060715675354004 3.9798680305480958 3.9870970845222473 4.0571278095245358 3.870006799697876 3.9687108516693117 4.1051941871643063 4.0012402296066281 3.9937496185302734 4.0966367721557617 3.9925570487976074 3.9888914227485657 3.9982542753219605 3.9938337087631224 3.9687108516693117 3.9920370459556578 3.9665776193141937 3.9910696268081667 3.9658529281616213 3.9612342596054075 3.9714142084121704 3.9695373177528381 4.1020336627960203 3.9242662668228148 3.989901566505432 3.9984078645706176 3.9809669733047484 3.9811838865280151
leaf_weight=58651 775 681 4368 763 3287 153 1559 1608 60189 1161 835 1109 1539 382 539 143 1529 1388 786 3511 2252 822 911 144 247 509 850 1741 521 1535
leaf_count=58651 775 681 4368 763 3287 153 1559 1608 60189 1161 835 1109 1539 382 539 143 1529 1388 786 3511 2252 822 911 144 247 509 850 1741 521 1535
internal_value=3.98889 3.9679 4.01057 4.01264 3.98151 3.97815 3.96488 3.9726 4.01305 4.00749 3.99394 3.99828 3.9983 3.97272 3.98257 3.97114 3.96448 3.9884 3.98611 3.98975 3.97027 3.97655 3.96968 3.98407 3.98925 3.98048 3.98659 4.00232 3.96806 3.97763
internal_weight=154488 78497 75991 67590 14239 9564 64258 3167 65718 5529 8401 1872 4115 4273 5291 3891 61091 4675 3075 4286 3748 975 2440 2536 1033 1503 994 2576 2773 2216
internal_count=154488 78497 75991 67590 14239 9564 64258 3167 65718 5529 8401 1872 4115 4273 5291 3891 61091 4675 3075 4286 3748 975 2440 2536 1033 1503 994 2576 2773 2216
cat_boundaries=0 1 2 3 4 5 6 7 8 9
cat_threshold=16809 16385 12960 1 1088 1 40 40 2
is_linear=0
shrinkage=1


Tree=1
num_leaves=31
num_cat=7
split_feature=19 19 17 18 15 15 19 0 20 17 0 19 20 10 15 16 0 11 0 3 0 17 10 15 19 18 1 0 3 3
split_gain=27448.2 1359.1 1029.77 160.972 131.944 101.93 93.3747 93.164 88.0153 69.8914 69.1499 52.5824 48.2044 40.7211 37.7316 36.2343 28.4337 27.7158 21.2415 21.005 19.9491 18.6131 18.596 17.8921 15.861 15.0208 14.95 22.4604 14.3523 26.2036
threshold=3.9820483343978679 3.6265438334469029 4.2637237002328687 1.2301601052171762 3.9027858673639457 4.0555174813860324 3.3772541990606237 0 0.44793962852299002 4.559189759835963 1 4.9735437178471757 0.42693148726717101 3.8928396664555511 3.6321074828501154 0.4060973514321386 2 4.0951772018816319 3 1.5000000000000002 4 3.8584564652171385 4.0613043372021433 3.6733346334645884 5.5886066649974113 1.1541312959691543 5 6 1.5000000000000002 3.5000000000000004
decision_type=10 8 8 10 10 10 10 1 10 10 1 10 10 10 10 8 1 10 1 2 1 10 8 8 10 8 1 1 2 2
left_child=1 6 5 9 7 18 14 15 23 12 -7 -5 -4 17 -1 -3 25 21 -2 -18 28 26 -12 -8 -14 -17 27 -9 -6 -30
right_child=2 4 3 11 20 10 8 13 -10 -11 22 -13 24 -15 -16 16 19 -19 -20 -21 -22 -23 -24 -25 -26 -27 -28 -29 29 -31
leaf_value=-0.12362776279449464 -0.0096114343404769993 -0.0089107424020767219 0.019971370697021484 0.0062947046756744564 -0.0040546089410781862 0.001728940010070801 -0.019655685424804694 -0.028001841306686395 -0.016624455451965336 0.11306380748748782 0.0050297498703002937 0.11614555835723879 0.014460970163345355 -0.0020573687553405717 -0.0048754906654357999 0.0010216963291168168 -0.021587446331977844 0.0028966924548149199 0.0013556802272796542 -0.0064388597011566075 0.0040351453423500107 -0.0057948023080825811 0.010014842748641973 -0.013929144144058237 0.12885825157165529 0.066237784624099724 -0.020098493099212657 0.011150526404380813 0.0043596869707107633 -0.0020396703481674106
leaf_weight=56083 431 1709 6398 976 826 1495 4814 423 2085 56744 783 682 1366 526 181 370 809 142 3769 2761 1428 479 3039 766 227 181 2469 182 653 1260
leaf_count=56083 431 1709 6398 976 826 1495 4814 423 2085 56744 783 682 1366 526 181 370 809 142 3769 2761 1428 479 3039 766 227 181 2469 182 653 1260
internal_value=2.8074e-05 -0.0207727 0.0214418 0.0236467 -0.00679069 0.00606021 -0.0238824 -0.00989205 -0.0187052 0.0240407 0.0106592 0.00826297 0.0196627 -0.015546 -0.0245877 -0.00576199 -0.00323344 -0.0174357 0.000238095 -0.00486034 0.000689945 -0.0183014 0.0142093 -0.0219803 0.0118801 0.00726381 -0.01973 -0.012686 -0.00180975 0.000561945
internal_weight=154057 78147 75910 66393 14218 9517 63929 10051 7665 64735 5317 1658 7991 4221 56264 5830 4121 3695 4200 3570 4167 3553 3822 5580 1593 551 3074 605 2739 1913
internal_count=154057 78147 75910 66393 14218 9517 63929 10051 7665 64735 5317 1658 7991 4221 56264 5830 4121 3695 4200 3570 4167 3553 3822 5580 1593 551 3074 605 2739 1913
cat_boundaries=0 1 2 3 4 5 6 7
cat_threshold=25001 104 16385 12800 32812 1 2578
is_linear=0
shrinkage=0.05


Tree=2
num_leaves=31
num_cat=3
split_feature=19 19 19 20 15 19 20 15 15 16 18 19 15 20 19 1 10 15 15 1 15 22 19 16 1 3 3 4 15 11
split_gain=26922.9 1344.86 988.588 165.654 131.749 114.445 118.524 101.969 81.4303 74.4567 69.6345 45.7231 40.4212 38.8094 32.8139 47.7412 33.3702 29.2306 25.4539 24.8953 23.3782 19.5673 18.8084 25.8496 17.4429 17.341 17.2603 19.0903 16.2691 15.093
threshold=3.9820483343978679 3.6265438334469029 4.2708115296442815 1.1664923117169399 3.8846648451113359 3.1896877399293557 0.53016627076389 4.0555174813860324 4.4276667117295307 0.40122962541668167 0.29652293746540859 4.9735437178471757 3.7877891461909656 0.3012569778203617 3.6882171215879072 0 4.5114086553913824 3.5042226510110455 4.1717810542598324 1 4.0555174813860324 7.3800264821152384 4.7934515656378753 0.70849655445590509 2 4.5000000000000009 1.0000000180025095e-35 4.5000000000000009 4.1717810542598324 4.1279401869922632
decision_type=10 8 10 10 10 10 10 10 8 8 10 10 10 10 10 1 10 10 10 1 10 8 10 8 1 2 2 2 10 10
left_child=1 5 7 8 9 17 19 -2 13 12 18 26 -3 -4 15 21 -17 -1 -9 -7 -6 -11 23 -10 -22 -16 -5 -28 -15 -23
right_child=2 4 3 11 20 6 -8 10 22 14 -12 -13 -14 28 25 16 -18 -19 -20 -21 24 29 -24 -25 -26 -27 27 -29 -30 -31
leaf_value=-0.1286035535335541 0.00074539858102797842 -0.013346262097358719 0.012739062309265137 -0.11062751713395119 -0.0010290795341134085 -0.01719359731674195 -0.01572501397132875 0.0052798349261283795 0.023654504060745252 -0.034723400488495829 0.005054569244384766 0.1097873237133026 -0.0047886021137237616 -0.0035461273491382618 -0.0088229071795940424 -0.080762114107608793 0.067624839484691626 -0.0004800496101379448 0.012883004009723642 -0.019441640138626107 0.0085902829468250241 -0.0045815880894660935 0.11262707257270815 0.024563617944717422 0.00079382535815240027 0.0055440954566001958 -0.014037848770618444 0.082103717088699346 0.012182736396789552 0.090215138614177723
leaf_weight=52003 4155 2623 2625 86 3256 1500 2185 1564 5903 198 2187 775 1422 252 1781 1710 53 120 2160 8118 560 1039 53779 933 714 727 523 498 620 79
leaf_count=52003 4155 2623 2625 86 3256 1500 2185 1564 5903 198 2187 775 1422 252 1781 1710 53 120 2160 8118 560 1039 53779 933 714 727 523 498 620 79
internal_value=6.90894e-05 -0.0205537 0.0212418 0.023468 -0.00661277 -0.0236422 -0.0191964 0.00664614 0.0238972 -0.00992006 0.0108653 0.00884697 -0.0150865 0.0164784 -0.00617952 -0.00963787 -0.015017 -0.0246489 0.0150242 -0.0215845 0.000419426 -0.00243161 0.0243252 0.0218549 0.0061617 -0.00193381 0.00232611 0.0041381 0.00733945 0.000134168
internal_weight=154148 78088 76060 65994 14162 63926 11803 10066 64112 9632 5911 1882 4045 3497 5587 3079 1763 52123 3724 9618 4530 1316 60615 6836 1274 2508 1107 1021 872 1118
internal_count=154148 78088 76060 65994 14162 63926 11803 10066 64112 9632 5911 1882 4045 3497 5587 3079 1763 52123 3724 9618 4530 1316 60615 6836 1274 2508 1107 1021 872 1118
cat_boundaries=0 1 2 3
cat_threshold=1 1 2
is_linear=0
shrinkage=0.05


Tree=3
num_leaves=31
num_cat=9
split_feature=19 19 17 15 15 20 20 17 20 0 16 17 15 0 20 1 0 0 15 15 0 19 1 15 1 20 0 20 16 20
split_gain=26428.8 1358.08 1029.32 157.623 145.995 122.308 116.823 104.168 119.735 98.2648 47.9921 44.0944 35.4536 35.3545 32.9118 30.9514 51.4482 44.3502 23.3657 23.3362 25.259 22.2683 20.2447 18.8062 18.4473 14.9279 14.4079 13.7135 13.409 12.6844
threshold=3.9820483343978679 3.5833362325421114 4.3904417898641563 4.104984983353809 3.8846648451113359 0.3391657509649269 1.1664923117169399 3.1355364227518554 0.44793962852299002 0 0.609160287175319 4.8524036090277631 6.1194209965147399 1 0.43639109517598829 2 3 4 4.0715897304205102 3.9726871408252822 5 3.879656651494964 6 4.2637744639062687 7 0.37940388373130302 8 0.28826452425703736 0.21055930740942397 1.2947748904401986
decision_type=10 8 8 10 10 10 10 10 10 1 8 10 8 1 10 1 1 1 10 8 1 10 1 10 1 10 1 10 10 10
left_child=1 7 3 19 9 23 11 29 22 21 -11 14 -8 -12 -4 17 -17 25 -6 20 -2 -3 -9 -5 -20 -15 -10 -23 -7 -1
right_child=2 4 6 5 18 28 12 8 26 10 13 -13 -14 15 -16 16 -18 -19 24 -21 -22 27 -24 -25 -26 -27 -28 -29 -30 -31
leaf_value=-0.12540029979944231 0.0019649283498525574 -0.015934785974025735 0.023064582812786096 0.0079961359500885006 -0.00090972792468965171 0.0097208404541015547 0.032149776223301889 -0.016274634671211242 -0.0022270594954490797 -0.010002754414081562 0.011452731488645075 0.10844508932828903 0.10071280966997148 0.10117767939865591 0.025269835460185998 -0.13831900062263014 -0.009899235747009516 -0.019332222840189942 0.0088000515401363451 0.0032148321837186748 -0.010085591086745272 -0.0061619070708751611 -0.018329755437374119 0.013994726714491847 0.0010990917995572281 0.023495726867020131 -0.014275485169887548 0.0058166734561324153 0.0022920310497284158 -0.08185189939737321
leaf_weight=51136 1355 2756 8329 2760 3484 314 925 1058 467 3191 552 51387 621 297 1745 523 1318 1337 476 3360 753 451 8153 2367 675 272 1732 43 1916 165
leaf_count=51136 1355 2756 8329 2760 3484 314 925 1058 467 3191 552 51387 621 297 1745 523 1318 1337 476 3360 753 451 8153 2367 675 272 1732 43 1916 165
internal_value=4.51539e-05 -0.0203724 0.0210696 0.00815789 -0.00705528 0.0129367 0.0236978 -0.0236374 -0.0193164 -0.0102561 -0.00707333 0.0240392 0.0101229 -0.00363457 0.0210145 -0.00536998 -0.0100081 -0.000918153 0.000361381 0.00172824 -0.00239564 -0.0175153 -0.021819 0.0171884 0.00653779 0.0106649 -0.00883356 -0.00779352 0.00316143 -0.0245984
internal_weight=153918 78086 75832 12825 15375 7357 63007 62711 11410 10740 7490 61461 1546 4299 10074 3747 1841 1906 4635 5468 2108 3250 9211 5127 1151 569 2199 494 2230 51301
internal_count=153918 78086 75832 12825 15375 7357 63007 62711 11410 10740 7490 61461 1546 4299 10074 3747 1841 1906 4635 5468 2108 3250 9211 5127 1151 569 2199 494 2230 51301
cat_boundaries=0 1 2 3 4 5 6 7 8 9
cat_threshold=38934 17409 1 320 448 19528 1 2 19008
is_linear=0
shrinkage=0.05


Tree=4
num_leaves=31
num_cat=0
split_feature=19 19 17 17 15 20 20 15 20 16 17 15 15 20 20 19 11 15 12 10 15 20 20 17 15 3 20 3 13 10
split_gain=25841.6 1390.63 1041.22 149.473 148.647 141.7 128.843 110.929 97.1283 61.4708 54.9655 42.3638 41.4613 39.1429 32.8413 32.6335 28.348 27.4533 27.2947 19.6648 19.8855 18.9152 18.5927 15.2135 14.1773 13.7579 13.4194 12.9862 12.6216 11.6815
threshold=3.9820483343978679 3.6265438334469029 4.3904417898641563 2.9902518389616599 4.1717810542598324 0.53016627076389 1.1664923117169399 3.9193478831915169 0.33446100873254558 0.27469721648283818 4.9963061297731759 5.3032896512872263 3.7877891461909656 0.43639109517598829 0.27086383570378297 2.6249933326814792 4.0262437516319016 4.0378082947071094 3.851210301366216 3.9712344209000081 2.9878597672225973 2.2443719298359626 0.45370102799337181 4.0181830448838118 4.0715897304205102 1.0000000180025095e-35 0.25180753821239926 1.5000000000000002 4.5320615694865252 2.5687807938343217
decision_type=10 8 8 8 10 10 10 10 10 8 10 8 10 10 10 10 10 8 10 10 10 8 10 8 10 2 10 2 10 8
left_child=1 3 4 -1 17 14 10 9 -6 12 13 -8 -3 -4 25 -7 18 -2 19 22 -21 27 28 -20 -9 -5 -19 -18 29 -11
right_child=2 7 6 5 8 15 11 24 -10 16 -12 -13 -14 -15 -16 -17 21 26 23 20 -22 -23 -24 -25 -26 -27 -28 -29 -30 -31
leaf_value=-0.11913028480947019 -8.0717986673117808e-05 -0.012262439643740675 0.022407502735257136 -0.012386109405159962 0.011464293319135921 -0.084472925686240208 0.007961090493053203 -0.00026538735175505316 0.0058975480794906561 -0.14786022967338563 0.10636710842907426 0.095677169186472899 -0.0040155183273553833 0.025182867849469173 -0.016740539951026447 -0.011660320358872434 -0.012296045300662528 0.0048256629377603222 -0.0029461483671516134 0.036481409781724206 -0.0064384061965346408 0.085341970638390621 -0.0097540275471098906 0.039265858094710851 0.0053697142302244986 -0.020266214185357102 0.0033410534085333457 0.0036382437479495879 0.084353104133456924 -0.029933850433379417
leaf_weight=47107 3558 2112 10620 1256 4035 331 793 2679 1716 193 48688 807 1541 2177 4254 2464 311 1737 943 149 597 140 964 140 1164 8621 1848 579 30 2690
leaf_count=47107 3558 2112 10620 1256 4035 331 793 2679 1716 193 48688 807 1541 2177 4254 2464 311 1737 943 149 597 140 964 140 1164 8621 1848 579 30 2690
internal_value=9.0117e-05 -0.0200744 0.0208614 -0.0232165 0.00791453 -0.0191865 0.0235076 -0.00593732 0.0138976 -0.0086221 0.0238721 0.0095 -0.0138448 0.0209561 -0.0212211 -0.00889982 -0.00578979 0.00309744 -0.00716789 -0.00884166 -0.00140751 0.00184466 -0.0102721 -2.3084e-05 0.00132058 -0.022803 0.0061855 -0.000842697 -0.012264 -0.0125997
internal_weight=154244 78265 75979 64033 12894 16926 63085 14232 5751 10389 61485 1600 3653 12797 14131 2795 6736 7143 5706 4623 746 1030 3877 1083 3843 9877 3585 890 2913 2883
internal_count=154244 78265 75979 64033 12894 16926 63085 14232 5751 10389 61485 1600 3653 12797 14131 2795 6736 7143 5706 4623 746 1030 3877 1083 3843 9877 3585 890 2913 2883
is_linear=0
shrinkage=0.05


Tree=5
num_leaves=31
num_cat=5
split_feature=19 19 19 15 19 20 16 15 20 0 19 15 15 11 15 16 10 15 0 3 0 15 15 0 12 3 3 0 3 18
split_gain=25295.3 1564.41 832.617 188.974 162.371 156.223 129.741 117.811 91.2734 89.318 43.9807 38.301 36.798 34.9741 32.5629 31.3994 27.4321 26.4707 25.0551 22.9383 22.602 20.7883 20.7267 20.5776 17.0485 16.8315 25.5993 21.4795 16.7762 24.5971
threshold=4.0124912437951101 3.6265438334469029 4.5307899849107516 4.1717810542598324 2.9139397754017575 0.53016627076389 0.37872855575688419 3.8846648451113359 1.1664923117169399 0 5.1365779774372955 3.6733346334645884 6.1194209965147399 3.9899091162083553 4.4548089185240025 0.4060973514321386 3.8297271732458493 3.9726871408252822 1 4.5000000000000009 2 3.2083070548190649 4.104984983353809 3 4.3713445867969947 3.5000000000000004 1.5000000000000002 4 2.5000000000000004 0.52309695327106154
decision_type=10 8 10 10 10 10 10 10 10 1 10 8 8 10 10 8 10 8 1 2 1 10 10 1 10 2 2 1 2 10
left_child=1 4 3 17 21 11 20 9 10 15 14 23 -10 16 -4 -3 24 -2 -17 25 -5 -1 -9 -6 -11 26 -20 -28 29 -29
right_child=2 7 8 6 5 -7 -8 22 12 13 -12 -13 -14 -15 -16 18 -18 -19 19 -21 -22 -23 -24 -25 -26 -27 27 28 -30 -31
leaf_value=-0.11317377056899668 -0.0021905638493671998 -0.0073401854880750022 0.020621690913408999 0.007820346935681944 -0.015672577628746631 -0.014244394280046247 0.0046434372031391117 -0.00052732139097808604 0.049819842234708367 -0.017016394058495778 0.10398475859996675 -0.012946243121951851 0.096811956585913891 0.0016373044955730444 0.023246905549734811 0.0092055393704920888 -0.0034900655109882162 0.0042446574883162839 -0.017891736427288519 0.0036984415763467561 0.013883620727863134 0.00033073551033436789 0.0062151176974214462 -0.018495463594526074 0.088795002705140957 -0.027253571144073275 0.016279370112298054 -0.01015420105373115 -0.030553747861698267 0.034304146484654387
leaf_weight=46212 1541 1614 1674 1165 3216 2655 1709 4290 748 3205 46989 1501 603 281 10000 585 604 4907 811 1112 5410 82 1130 10329 55 522 238 275 514 158
leaf_count=46212 1541 1614 1674 1165 3216 2655 1709 4290 748 3205 46989 1501 603 281 10000 585 604 4907 811 1112 5410 82 1130 10329 55 522 238 275 514 158
internal_value=0.00011078 -0.0195433 0.0209857 0.0103346 -0.0229858 -0.0189128 0.0153308 -0.00523256 0.0236003 -0.00845699 0.0238962 -0.0208859 0.0107513 -0.0140614 0.0211496 -0.00443997 -0.0153339 0.00391594 -0.00217675 -0.00372253 0.0185209 -0.0245431 0.000701107 -0.0217257 -0.0171472 -0.00637411 -0.00428357 0.000400844 -0.00300418 0.00421478
internal_weight=154135 79389 74746 14732 63995 17701 8284 15394 60014 9974 58663 15046 1351 4145 11674 5829 3864 6448 4215 3630 6575 46294 5420 13545 3260 2518 1996 1185 947 433
internal_count=154135 79389 74746 14732 63995 17701 8284 15394 60014 9974 58663 15046 1351 4145 11674 5829 3864 6448 4215 3630 6575 46294 5420 13545 3260 2518 1996 1185 947 433
cat_boundaries=0 1 2 3 4 5
cat_threshold=25001 16385 17484 16968 8
is_linear=0
shrinkage=0.05


Tree=6
num_leaves=31
num_cat=8
split_feature=19 19 17 19 20 15 17 20 20 0 17 20 15 17 3 20 0 3 0 0 3 3 0 15 1 0 16 15 1 16
split_gain=24798.5 1669.72 815.279 187.497 167.58 125.135 117.605 105.472 105.174 81.5816 57.6503 44.9827 40.549 36.8075 28.4354 27.6015 26.6248 38.8547 24.279 23.5051 22.8332 32.3662 27.5625 22.371 21.6839 33.4603 20.6387 16.3418 16.1541 15.946
threshold=4.0267147549980455 3.6265438334469029 4.4713202032530193 2.5254725953144042 0.58082718703801961 4.1717810542598324 3.8768705879857683 0.38591740925133805 1.1664923117169399 0 5.1586667942844358 0.29683532831969367 3.8108547609067505 5.6428439173494409 1.0000000180025095e-35 0.43142790305296647 1 1.5000000000000002 2 3 3.5000000000000004 4.5000000000000009 4 4.0715897304205102 5 6 0.49642099826326952 4.0555174813860324 7 0.14480964531710758
decision_type=10 8 8 10 10 10 10 10 10 1 10 10 10 8 2 10 1 2 1 1 2 2 1 8 1 1 8 8 1 10
left_child=1 3 5 -1 11 19 9 -7 10 16 15 14 24 -10 -5 -4 28 -18 -13 29 22 -22 -19 -8 25 -11 -23 -21 -3 -2
right_child=2 6 8 4 -6 7 23 -9 13 12 -12 18 -14 -15 -16 -17 17 20 -20 27 21 26 -24 -25 -26 -27 -28 -29 -30 -31
leaf_value=-0.10751508204054683 0.004740597421146942 0.0014150831874899517 0.022113457915337344 -0.011147541514529303 -0.013530058958782277 0.011034138485719458 -0.00068998549186984894 0.005586485007585607 0.031979186038570084 -0.028941780550925424 0.0991159926624611 -0.013673868286131331 -0.0018532933149024489 0.096432809444439216 -0.018720165989293183 0.026033483442814642 -0.015243289806483196 0.010637850550244755 -0.017509252254061781 0.0020074319890737605 -0.021049074219321486 -0.0080449410158600632 -0.0095365725078184315 0.0051649160172540292 -0.015462334914653009 0.037485820348811892 0.0040979269010250506 0.0053870559336915537 0.11737234510671087 -0.010490636957228183
leaf_weight=41428 480 643 12001 1750 2695 5313 4613 1826 872 445 45568 1020 733 554 12897 2453 1267 486 4108 2176 748 592 887 1728 2530 250 980 2284 90 705
leaf_count=41428 480 643 12001 1750 2695 5313 4613 1826 872 445 45568 1020 733 554 12897 2453 1267 486 4108 2176 748 592 887 1728 2530 250 980 2284 90 705
internal_value=0.000181674 -0.0191513 0.0209883 -0.0227675 -0.0190899 0.00950016 -0.00470235 0.013899 0.0233783 -0.00817791 0.0236971 -0.0206839 -0.0136845 0.00995792 -0.022095 0.0209458 -0.0043179 -0.0056338 -0.0166537 0.00393711 -0.00305307 -0.00607759 0.00205754 0.000587447 -0.0161318 -0.00830935 -0.00200382 0.00559284 0.0045424 -0.00232218
internal_weight=154122 79890 74232 63898 22470 12784 15992 7139 61448 9651 60022 19775 3958 1426 14647 14454 5693 4960 5128 5645 3693 2320 1373 6341 3225 695 1572 4460 733 1185
internal_count=154122 79890 74232 63898 22470 12784 15992 7139 61448 9651 60022 19775 3958 1426 14647 14454 5693 4960 5128 5645 3693 2320 1373 6341 3225 695 1572 4460 733 1185
cat_boundaries=0 1 2 3 4 5 6 7 8
cat_threshold=25001 16385 19328 672 8 1 2582 2
is_linear=0
shrinkage=0.05


Tree=7
num_leaves=31
num_cat=7
split_feature=19 19 17 19 17 20 17 19 20 20 0 1 15 20 20 0 0 15 0 17 15 0 3 3 15 15 3 3 0 3
split_gain=24187.7 1408.86 1091.32 167.969 160.011 139.485 124.581 110.608 97.8266 94.8003 94.2237 39.0972 37.5753 33.6427 32.2426 30.5103 29.9525 28.4884 23.7828 23.4798 21.2622 20.5658 21.7967 19.6298 18.9271 18.2493 16.8639 16.2439 16.1703 15.9528
threshold=3.9820483343978679 3.5470935110447401 4.4713202032530193 2.5254725953144042 4.1510725136595816 0.50470738819138727 3.7964810737120342 5.2624668362929254 1.0828363443916185 0.33262307441972788 0 1 4.5051844464700617 0.26978995335026917 0.5226427665959984 2 3 3.9726871408252822 4 3.2238836690837691 3.6916607349543145 5 1.5000000000000002 1.0000000180025095e-35 4.2469850207240674 5.0190344309829422 1.0000000180025095e-35 4.5000000000000009 6 3.5000000000000004
decision_type=10 8 8 10 10 10 10 10 10 10 1 1 10 10 8 1 1 8 1 8 10 1 2 2 8 8 2 2 1 2
left_child=1 3 4 -1 16 13 10 8 12 24 14 15 -4 23 -3 -12 -2 -8 -15 -7 -13 -16 26 -5 -6 -9 -23 29 -19 -11
right_child=2 6 7 5 9 19 17 25 -10 27 11 20 -14 18 21 -17 -18 28 -20 -21 -22 22 -24 -25 -26 -27 -28 -29 -30 -31
leaf_value=-0.10213932793851949 -0.0091752326329972433 -0.010026221820574733 0.01797060422926533 -0.01034340766935804 0.0061363520116176854 -0.020045563366317101 -0.0029182536459640531 0.01700906295358531 0.025402195051333034 0.0058397587347253756 -0.00035192714526884885 -0.019078479812485439 0.021891630351835389 -0.017801448114597652 0.0096448599743576228 -0.15567675121643998 0.0021782796800699166 0.0084210878726425752 -0.01377880547813335 -0.0069081244863280272 -0.0059554985092595825 -0.0082714806017736963 -0.0050011956906592103 -0.018519984927196153 0.011907099998549331 0.096853154722148116 -0.03012970645608111 0.0153387061326411 0.00034017455582311399 -0.0047796680018082687
leaf_weight=41671 935 1970 2644 1431 1858 1234 3991 202 942 1513 598 2458 13148 2472 508 170 5341 654 2522 1508 955 364 2438 10961 3825 44415 405 646 2079 400
leaf_count=41671 935 1970 2644 1431 1858 1234 3991 202 942 1513 598 2458 13148 2472 508 170 5341 654 2522 1508 955 364 2438 10961 3825 44415 405 646 2079 400
internal_value=5.80197e-05 -0.0194201 0.0201831 -0.0228932 0.00785577 -0.0191425 -0.00648282 0.0231003 0.0196337 0.0124363 -0.0100598 -0.015754 0.0205674 -0.0207955 -0.00583406 -0.00559896 0.00184034 -0.00123438 -0.0173308 -0.00866156 -0.0180853 -0.00310229 -0.00457725 -0.0221917 0.0160347 0.0244005 -0.0119311 0.0044451 0.0026985 0.00213016
internal_weight=154258 78389 75869 61799 14518 20128 16590 61351 16734 8242 9866 4181 15792 17386 5685 768 6276 6724 4994 2742 3413 3715 3207 12392 5683 44617 769 2559 2733 1913
internal_count=154258 78389 75869 61799 14518 20128 16590 61351 16734 8242 9866 4181 15792 17386 5685 768 6276 6724 4994 2742 3413 3715 3207 12392 5683 44617 769 2559 2733 1913
cat_boundaries=0 1 2 3 4 5 6 7
cat_threshold=25001 1 40000 8864 9316 16385 30209
is_linear=0
shrinkage=0.05


Tree=8
num_leaves=31
num_cat=6
split_feature=19 19 17 19 17 17 20 20 17 1 0 0 20 0 17 20 10 19 0 17 17 10 20 11 10 0 3 20 3 10
split_gain=23542.9 1552.05 929.507 190.816 161.925 150.841 137.531 130.792 91.363 79.7708 91.995 82.6291 59.3309 36.2147 30.4252 27.6712 21.7175 21.5698 21.2088 20.951 20.3766 19.3976 17.2972 16.7294 16.4468 16.3008 16.3083 15.1268 14.5497 16.2687
threshold=4.0124912437951101 3.5470935110447401 4.6483722507917218 2.4239349227705196 4.1680459011198066 3.7531982166451665 0.38901807362215407 0.50470738819138727 5.5127171970859967 0 1 2 1.1664923117169399 3 4.0181830448838118 0.53814824247560333 4.143927747969351 4.3098988330055423 4 3.2238836690837691 2.2443938659845943 4.1782257526074966 0.43142790305296647 4.7410113136374674 3.9712344209000081 5 1.5000000000000002 0.6353753563632879 4.5000000000000009 5.6969256731123208
decision_type=10 8 8 10 10 10 10 10 10 1 1 1 10 1 10 8 10 10 1 8 10 8 10 10 8 1 2 10 2 10
left_child=1 3 4 27 18 9 21 13 12 10 20 15 17 -5 24 -11 -13 -4 -2 -9 -3 -6 -19 -24 -7 26 -12 -1 29 -8
right_child=2 5 8 7 6 14 28 19 -10 11 25 16 -14 -15 -16 -17 -18 22 -20 -21 -22 -23 23 -25 -26 -27 -28 -29 -30 -31
leaf_value=-0.097032361541593504 -0.0042402814897059106 0.094705082865034165 0.0026191841155442045 -0.017074129590873111 0.0058217103508892976 -0.0034007071145081172 0.0047417336172938199 -0.020010107074582995 0.096827052962908375 -0.011002141600995774 -0.017368259530970331 -0.01675783239134776 0.0517815201368165 -0.014306849563874758 0.0039876372592798194 -0.001844991980251698 0.018058575772442433 0.023563723349848555 0.0028339739666969344 -0.0081085486846514728 -0.0061716164709516358 0.011786534663005277 0.02259254284811938 0.029909545932987516 -0.00044271725552650357 -0.14789291365561799 -0.0077072888892252946 -0.072048938785398448 0.016890330774335993 -0.036914384500005552
leaf_weight=38997 932 438 126 12706 1224 3042 1924 1323 38006 923 580 3653 729 5105 1605 1274 43 16105 4687 1516 191 7082 1492 1340 4216 159 1659 1985 740 169
leaf_count=38997 932 438 126 12706 1224 3042 1924 1323 38006 923 580 3653 729 5105 1605 1274 43 16105 4687 1516 191 7082 1492 1340 4216 159 1659 1985 740 169
internal_value=5.04965e-05 -0.0188935 0.0202291 -0.0226481 0.00986096 -0.00588062 0.0133517 -0.0187288 0.0232352 -0.0104709 -0.00387347 -0.0138597 0.0204805 -0.0203175 -0.00126086 -0.00608292 -0.0184161 0.0210158 0.00294091 -0.00876189 0.0130282 0.0165964 0.021153 0.0175494 -0.00263847 -0.00832641 -0.00714762 -0.024623 0.00383869 0.00170807
internal_weight=153971 79415 74556 61632 16758 17783 11139 20650 57798 8920 3027 5893 19792 17811 8863 2197 3696 19063 5619 2839 629 8306 18937 2832 7258 2398 2239 40982 2833 2093
internal_count=153971 79415 74556 61632 16758 17783 11139 20650 57798 8920 3027 5893 19792 17811 8863 2197 3696 19063 5619 2839 629 8306 18937 2832 7258 2398 2239 40982 2833 2093
cat_boundaries=0 1 2 3 4 5 6
cat_threshold=1 54721 16425 9380 8864 10280
is_linear=0
shrinkage=0.05


Tree=9
num_leaves=31
num_cat=6
split_feature=19 19 17 19 19 15 17 20 16 16 20 0 15 0 20 0 3 19 0 15 0 10 0 15 15 15 13 15 20 19
split_gain=23027.3 1398.72 1119.9 182.872 158.84 148.427 137.411 116.02 98.5171 98.1306 91.8982 66.0552 51.6377 32.9778 32.1958 31.6844 30.6533 23.6373 22.4681 22.3765 20.6639 22.8515 19.5621 19.5221 18.3864 17.9631 17.8387 17.7342 17.3899 17.1608
threshold=3.9820483343978679 3.4884337641559906 4.4713202032530193 2.4239349227705196 5.376717199315503 3.8685270435510435 4.1510725136595816 0.51387167467382644 0.65917593841380751 0.27311186819707539 0.33262307441972788 0 3.6733346334645884 1 0.98988820112365794 2 1.5000000000000002 4.5307899849107516 3 4.6171986827677474 4 3.8297271732458493 5 4.321008469382444 5.0190344309829422 3.8529533325230143 3.2976852969449926 3.5578009328458529 0.6353753563632879 4.915235446691482
decision_type=10 8 8 10 10 10 10 10 8 8 10 1 10 1 10 1 2 10 1 10 1 10 1 10 8 8 8 8 10 10
left_child=1 3 6 28 8 9 18 13 19 12 23 -11 -3 -5 17 25 -17 -10 -2 29 -18 -22 -7 -8 -6 -13 -9 -15 -1 -4
right_child=2 5 4 7 24 22 10 26 14 11 -12 15 -14 27 -16 16 20 -19 -20 -21 21 -23 -24 -25 -26 -27 -28 -29 -30 -31
leaf_value=-0.092180743464513826 -0.008116543071287419 -0.013142982724928554 0.012054282850284582 -0.013006654752261993 0.020073777576136334 -0.0018787544580221027 0.0066166429713079289 -0.020891533168577638 0.0030460189178701971 -0.14698675408329037 0.0047414385920143244 -2.403369849102166e-05 -0.0054192973749281675 -0.016961464337879106 0.024547085040388873 -0.015415538434679844 -0.004889837079568294 0.0235636244621527 0.0019413119197438601 0.021115564267898845 -0.019245769606154307 0.0073176690144959537 0.0017458268879650962 0.012458059619920681 0.09019670266461649 0.042265732512597937 -0.0090432769867907492 -0.013717972043776207 -0.068446491846128527 -0.0055795184071054217
leaf_weight=39068 926 2711 2325 3692 109 2806 3333 847 364 486 2577 536 2403 11728 932 1806 3938 2000 5330 14543 1078 129 2207 2372 41062 218 1467 985 1978 91
leaf_count=39068 926 2711 2325 3692 109 2806 3333 847 364 486 2577 536 2403 11728 932 1806 3938 2000 5330 14543 1078 129 2207 2372 41062 218 1467 985 1978 91
internal_value=7.12445e-05 -0.0189961 0.0196705 -0.022701 0.022624 -0.00690851 0.0071915 -0.0186054 0.018999 -0.00967118 0.0114163 -0.00627823 -0.0151056 -0.0200838 0.0110892 -0.00512314 -0.00618086 0.014192 0.00159847 0.0205363 -0.00422255 -0.00992194 0.000423898 0.0149562 0.0244073 0.00458115 -0.00812446 -0.0213256 -0.0245688 0.0160803
internal_weight=154047 78083 75964 59765 61426 18318 14538 18719 20255 13305 8282 8191 5114 16405 3296 7705 6951 2364 6256 16959 5145 1207 5013 5705 41171 754 2314 12713 41046 2416
internal_count=154047 78083 75964 59765 61426 18318 14538 18719 20255 13305 8282 8191 5114 16405 3296 7705 6951 2364 6256 16959 5145 1207 5013 5705 41171 754 2314 12713 41046 2416
cat_boundaries=0 1 2 3 4 5 6
cat_threshold=18 6920 53249 8864 1448 33832
is_linear=0
shrinkage=0.05


Tree=10
num_leaves=31
num_cat=7
split_feature=19 19 17 19 15 17 19 18 18 18 16 0 0 15 0 3 18 0 11 10 18 0 3 15 0 15 15 4 3 0
split_gain=22578.6 1394.62 1118.99 204.775 173.055 140.935 137.678 106.068 98.0982 94.0011 76.3483 59.0708 32.7085 32.3698 29.4942 33.1163 29.3392 26.8787 26.6719 25.0927 22.9174 21.6696 20.0706 19.9875 18.8019 18.7279 18.7169 18.1958 18.0363 17.7785
threshold=3.9820483343978679 3.4884337641559906 4.6483722507917218 2.2711086212837892 4.1717810542598324 3.7335275093235825 5.6658976716624254 0.44274298323503875 0.27751277353621079 0.34919480139712533 0.65917593841380751 0 1 3.9193478831915169 2 1.5000000000000002 0.80792410518870539 3 3.5248877695012832 4.0439276922482579 0.98563437103831353 4 1.0000000180025095e-35 4.5576205437725674 5 3.6733346334645884 4.3394273400248649 9.5000000000000018 1.0000000180025095e-35 6
decision_type=10 8 8 10 10 10 10 10 8 8 8 1 1 8 1 2 10 1 10 8 10 1 2 10 1 10 10 2 2 1
left_child=1 3 4 -1 19 8 10 17 25 12 23 18 -5 -7 -13 -16 21 22 -10 24 -12 -11 -6 -4 -2 -3 -24 -19 -14 -22
right_child=2 5 6 9 7 13 -8 -9 11 16 20 14 28 -15 15 -17 -18 27 -20 -21 29 -23 26 -25 -26 -27 -28 -29 -30 -31
leaf_value=-0.087571706291288132 -0.012980560124555042 -0.012473723704393947 0.0046089486616375467 -0.012233597393359209 0.019332236931804483 -0.0036242943966681598 0.088707726296034073 0.003438421201399389 -0.13314893026867256 -0.012927223842684611 0.023382517843079587 0.0077067198186783654 -0.010047793312732412 0.0006584006753021399 -0.015073497265465941 -0.0067884283614384928 -0.0072509574010793726 0.008685666850795748 0.0049774198714089835 0.0040011526590000516 0.0013857321156114377 -0.020078691599625609 0.0062281426808408653 0.020648710682851058 0.00022272020031746111 -0.005791907919847317 0.011379086695539664 0.00016926758460158455 -0.017221243757635341 0.031981050621815756
leaf_weight=39857 258 2675 186 3281 940 4203 37648 1950 1112 2139 2661 578 1224 4159 1125 3515 801 1646 115 4658 592 1722 1911 16826 2553 914 3621 392 10914 142
leaf_count=39857 258 2675 186 3281 940 4203 37648 1950 1112 2139 2661 578 1224 4159 1125 3515 801 1646 115 4658 592 1722 1911 16826 2553 914 3621 392 10914 142
internal_value=2.07364e-05 -0.0188156 0.0194396 -0.0225116 0.00852111 -0.00677321 0.0228116 0.0126721 -0.0107684 -0.0183943 0.0195043 -0.00707913 -0.0202753 -0.00197919 -0.00472456 -0.00605376 -0.0121729 0.0150823 -0.0169159 0.00270786 0.0126583 -0.0139795 0.016677 0.0208706 -0.00102277 -0.0173934 0.015555 0.0098877 -0.0215056 0.00483651
internal_weight=154318 78334 75984 59938 17929 18396 58055 10460 10034 20081 20407 6445 15419 8362 5218 4640 4662 8510 1227 7469 3395 3861 6472 17012 2811 3589 5532 2038 12138 734
internal_count=154318 78334 75984 59938 17929 18396 58055 10460 10034 20081 20407 6445 15419 8362 5218 4640 4662 8510 1227 7469 3395 3861 6472 17012 2811 3589 5532 2038 12138 734
cat_boundaries=0 1 2 3 4 5 6 7
cat_threshold=598 39688 54273 47137 19336 512 96
is_linear=0
shrinkage=0.05


Tree=11
num_leaves=31
num_cat=7
split_feature=17 17 17 17 0 20 17 20 17 17 10 1 0 0 18 18 18 18 3 20 13 2 0 18 10 3 0 4 10 0
split_gain=21202.5 1991.23 925.577 271.865 146.71 132.968 130.627 118.983 100.425 84.5415 80.8982 82.5012 194.921 151.556 50.7881 45.5594 42.6617 31.4494 29.7399 28.8826 26.9425 27.4786 23.5782 21.5884 20.9148 20.6984 19.9787 18.8129 18.1318 17.9144
threshold=4.0181830448838118 3.5548426433649221 4.7003496857381792 2.2443938659845943 0 0.33262307441972788 5.6428439173494409 0.38264296565925476 4.2637237002328687 3.8188000956174171 3.851210301366216 1 2 3 0.48477106054876878 0.17327654595137013 0.80792410518870539 0.64138108983628761 1.0000000180025095e-35 0.47335940361127821 3.9328050649669928 1.5000000000000002 4 0.60129399003526218 4.0613043372021433 1.0000000180025095e-35 5 1.5000000000000002 4.3726072137305918 6
decision_type=10 8 10 10 1 10 10 10 10 10 8 1 1 1 10 10 10 8 2 10 8 2 1 10 8 2 1 2 8 1
left_child=1 3 7 23 9 18 14 8 24 26 19 12 15 -13 -4 -12 27 25 -5 -6 21 -9 -16 -1 -2 -15 -3 -7 -10 -19
right_child=2 4 6 5 10 16 -8 20 28 -11 11 13 -14 17 22 -17 -18 29 -20 -21 -22 -23 -24 -25 -26 -27 -28 -29 -30 -31
leaf_value=-0.083193120976723711 0.00079139569162274277 -0.0087013285114887051 0.019550050466526383 -0.0088962873619775843 -0.0079635330883352836 -0.0060897610896738065 0.083922675293122015 -0.017698922131148653 0.0074725983086303188 -0.00037146631662099416 0.084697804053727316 -0.063161776842757908 -0.0042173667228546209 0.004099896637632972 0.019621048742680471 0.0010581197618721784 -0.0074100510859862025 6.3647773240615996e-05 -0.015532816667927786 -0.004559027232653801 0.0078648136105473384 0.0059035979725614142 0.023481730364834655 -0.071244901874102637 0.0050717035134001612 -0.002748227339931031 -0.11252579608710984 -0.015629289195319276 0.011732756426473645 0.013012605147836576
leaf_weight=36983 1348 2049 16152 1842 2951 574 36920 474 1786 1113 1653 1425 2677 609 998 328 1383 853 13756 1700 4221 724 1105 1494 3757 3366 778 4759 5304 1094
leaf_count=36983 1348 2049 16152 1842 2951 574 36920 474 1786 1113 1653 1425 2677 609 998 328 1383 853 13756 1700 4221 724 1105 1494 3757 3366 778 4759 5304 1094
internal_value=6.64825e-05 -0.0174687 0.019673 -0.0220209 -0.00403234 -0.0176302 0.0228586 0.00969399 0.0124334 -0.0126962 -0.00197408 0.000193669 0.00539931 -0.00310671 0.0193988 0.0172401 -0.0117481 0.000429872 -0.0201628 -0.00757364 0.00352925 -0.00308848 0.0120899 -0.0245673 0.00708619 -0.0021195 -0.017324 -0.0137774 0.0162835 0.00563688
internal_weight=154176 81387 72789 60791 20596 22314 55175 17614 12195 3940 16656 12005 4658 7347 18255 1981 6716 5922 15598 4651 5419 1198 2103 38477 5105 3975 2827 5333 7090 1947
internal_count=154176 81387 72789 60791 20596 22314 55175 17614 12195 3940 16656 12005 4658 7347 18255 1981 6716 5922 15598 4651 5419 1198 2103 38477 5105 3975 2827 5333 7090 1947
cat_boundaries=0 1 2 3 4 5 6 7
cat_threshold=12310 1 17857 448 224 12292 520
is_linear=0
shrinkage=0.05


Tree=12
num_leaves=31
num_cat=7
split_feature=17 17 17 17 17 0 15 18 15 1 0 0 16 15 16 16 17 15 18 0 18 15 16 0 0 3 3 15 20 3
split_gain=20664.7 1830.44 1078.64 257.421 167.478 145.187 143.835 123.505 101.417 111.91 163.064 148.64 91.1072 88.422 61.6319 51.1502 35.5116 34.9616 32.4279 31.4855 26.5751 21.318 22.7708 19.2528 18.6982 19.5524 18.4391 17.5981 18.966 17.4558
threshold=3.9918772856021278 3.5008063322392142 4.7003496857381792 2.2443938659845943 5.7811680437422117 0 4.2285771596197046 0.35209058261545056 3.8846648451113359 1 2 3 0.4060973514321386 3.7877891461909656 0.65917593841380751 0.4113386834083973 3.5734691401009799 3.6529186033881786 0.80792410518870539 4 0.80792410518870539 4.0555174813860324 0.26183778483823189 5 6 1.0000000180025095e-35 1.5000000000000002 4.9347507200211096 0.43142790305296647 1.0000000180025095e-35
decision_type=10 8 10 10 10 1 10 10 8 1 1 1 10 10 8 10 10 10 10 1 10 8 10 1 1 2 2 10 10 2
left_child=1 3 6 20 14 13 21 19 15 11 -11 16 24 23 27 17 -10 -7 -9 -5 -1 -2 -23 -3 -8 -26 -13 28 -4 -21
right_child=2 5 4 7 -6 8 12 18 9 10 -12 26 -14 -15 -16 -17 -18 -19 -20 29 -22 22 -24 -25 25 -27 -28 -29 -30 -31
leaf_value=-0.079033464927887528 0.00046415218551567607 -0.0088760450968454977 0.013949203998650496 -0.013095831248393086 0.080741012582543056 -0.010620452459704267 0.0079313527876354161 -0.01356920373789019 0.079032545427579051 -0.057719888701804868 0.0017139340225500455 -0.013616263283183872 0.0047399106976627088 -4.2438315214221589e-05 0.020356304265652582 -0.0030492759135984262 -0.0060842291612606021 -0.0041345012350031849 -0.0068064101388466197 -0.0089355509045850878 -0.062351362243806954 0.005162248760814548 0.00051813843075132482 -0.10965278439426061 0.018735229384498321 0.00938362996010258 -0.00042250107966466114 0.020350451130326033 0.0063137420302531227 -0.015500141691262371
leaf_weight=37535 3053 2361 3196 3347 35726 2091 1738 3518 1639 1607 3483 390 1923 980 2727 3199 246 2907 1186 1227 803 3831 1514 802 949 5812 1434 13134 373 11181
leaf_count=37535 3053 2361 3196 3347 35726 2091 1738 3518 1639 1607 3483 390 1923 980 2727 3199 246 2907 1186 1227 803 3831 1514 802 949 5812 1434 13134 373 11181
internal_value=4.25568e-05 -0.0175822 0.0190873 -0.0221189 0.022614 -0.00496357 0.00875133 -0.0175901 -0.00291074 0.000815434 -0.00399804 0.00742114 0.0126751 -0.0133458 0.018878 -0.00691411 0.0172164 -0.010074 -0.0104804 -0.0197128 -0.0245357 0.00388188 0.00578578 -0.0174439 0.0148988 0.0161091 -0.00278081 0.0200159 0.0169025 -0.0209051
internal_weight=153912 79936 73976 58797 55156 21139 18820 20459 16996 8799 5090 3709 10422 4143 19430 8197 1885 4998 4704 15755 38338 8398 5345 3163 8499 6761 1824 16703 3569 12408
internal_count=153912 79936 73976 58797 55156 21139 18820 20459 16996 8799 5090 3709 10422 4143 19430 8197 1885 4998 4704 15755 38338 8398 5345 3163 8499 6761 1824 16703 3569 12408
cat_boundaries=0 1 2 3 4 5 6 7
cat_threshold=12310 1 448 17857 55816 12292 17928
is_linear=0
shrinkage=0.05


Tree=13
num_leaves=31
num_cat=8
split_feature=17 17 17 17 0 20 15 20 17 15 17 1 0 0 16 0 15 16 17 15 18 13 10 15 15 4 1 0 18 0
split_gain=20095.5 2110.49 869.223 291.87 144.099 141.692 121.512 119.405 118.894 106.893 91.9067 88.753 168.894 157.999 56.5133 44.9156 42.6315 39.7208 36.3652 27.6134 23.109 22.8115 21.6538 21.2039 20.9184 20.2956 19.026 16.2418 15.5427 15.4165
threshold=4.0476670809546631 3.5008063322392142 4.9718912168784337 2.1201183923627638 0 0.38901807362215407 3.8685270435510435 0.33262307441972788 5.7811680437422117 4.3394273400248649 3.7745566633598675 1 2 3 0.39683484713218908 4 3.0654494691438128 0.65917593841380751 3.5548426433649221 3.6733346334645884 0.80792410518870539 3.851210301366216 4.078384184158887 4.1559459083360339 3.0654494691438128 9.5000000000000018 5 6 0.73005131845950133 7
decision_type=10 8 10 10 1 10 8 10 10 10 10 1 1 1 10 1 8 8 10 10 10 8 8 8 8 2 1 1 10 1
left_child=1 3 5 20 10 9 14 24 17 23 27 13 -13 -8 19 -7 -9 -4 -15 -6 -1 -17 -14 -2 -5 26 -23 -3 -18 -16
right_child=2 4 8 7 6 15 11 16 -10 -11 -12 12 22 18 29 21 28 -19 -20 -21 -22 25 -24 -25 -26 -27 -28 -29 -30 -31
leaf_value=-0.075081791681493149 0.0023026974792478062 -0.0091322095889822871 0.019065833264462831 -0.016684525492827153 -0.0094263351560755493 0.020569634564678019 -0.0025706357799597959 -0.019762787610285205 0.076753052338852934 0.012314474510569129 -0.00030724107495321289 -0.05690221386829513 -0.0014894010392546564 0.073767861630493578 -0.022852335584786922 -0.0065660512590851377 -0.0096395400013342472 0.01934933777132233 0.0026623419123292802 -0.0041788985762332585 -0.06512294761214639 0.0057749464649721194 0.0046399011424332224 0.0062358818580980913 -0.011229888547881407 -0.0012880763693519093 0.010215860244700715 -0.1032928631511177 -0.003935076016537753 0.00013591482526311704
leaf_weight=36635 2157 1874 12348 7626 2474 607 2356 2941 35709 9127 1075 1616 2224 1707 844 919 2365 1834 306 2753 760 1190 3041 4177 7476 1121 2277 807 1056 2449
leaf_count=36635 2157 1874 12348 7626 2474 607 2356 2941 35709 9127 1075 1616 2224 1707 844 919 2365 1834 306 2753 760 1190 3041 4177 7476 1121 2277 807 1056 2449
internal_value=6.66229e-06 -0.0168238 0.0194085 -0.0218832 -0.0041656 0.0110232 -0.0024545 -0.0172358 0.0230347 0.0135712 -0.0131306 0.000955556 -0.0025832 0.00652895 -0.00696009 0.00457965 -0.0114901 0.0191616 0.0167696 -0.0101923 -0.0245507 0.00313123 0.00176777 0.00858068 -0.0196563 0.00457716 0.00646813 -0.0181182 -0.00769512 -0.00182964
internal_weight=153851 82385 71466 58859 23526 21575 19770 21464 49891 15461 3756 11250 6881 4369 8520 6114 6362 14182 2013 5227 37395 5507 5265 6334 15102 4588 3467 2681 3421 3293
internal_count=153851 82385 71466 58859 23526 21575 19770 21464 49891 15461 3756 11250 6881 4369 8520 6114 6362 14182 2013 5227 37395 5507 5265 6334 15102 4588 3467 2681 3421 3293
cat_boundaries=0 1 2 3 4 5 6 7 8
cat_threshold=8214 1 448 35368 6401 1 8196 544
is_linear=0
shrinkage=0.05


Tree=14
num_leaves=31
num_cat=4
split_feature=19 19 19 19 20 19 0 19 18 0 20 10 11 16 11 11 12 3 3 10 10 19 0 10 13 10 10 3 0 11
split_gain=20285 1566.67 1082.61 259.929 194.375 185.436 121.427 91.9451 69.6209 60.5953 56.2123 51.7059 48.178 42.2745 40.7916 37.7112 36.3849 32.8558 31.7949 30.4834 29.2068 23.4857 22.3463 21.9785 21.2016 20.6013 19.9688 19.7464 19.69 17.0734
threshold=3.9000361593128057 4.6599047790831643 3.0108384610600321 5.747681651823993 0.29404010077734721 4.2123605550247882 0 3.6481392249411582 0.52309695327106154 1 0.50470738819138727 4.6890515642745045 3.851210301366216 0.65917593841380751 4.1782257526074966 4.0613043372021433 3.851210301366216 1.0000000180025095e-35 1.5000000000000002 3.0468977391027221 3.6122674411288074 1.8819577763254383 2 4.1782257526074966 3.9328050649669928 3.7853247081855312 4.0613043372021433 3.5000000000000004 3 4.6908889560840299
decision_type=10 10 8 10 8 10 1 10 8 1 10 8 10 8 8 10 10 2 2 10 8 10 1 8 8 8 8 2 1 8
left_child=2 5 6 11 7 15 19 17 14 -6 -8 22 16 -13 -7 24 20 -4 28 -1 -11 -12 -3 -16 -2 -9 -17 -20 -14 -15
right_child=1 3 4 -5 9 8 10 25 -10 12 21 13 18 29 23 26 -18 -19 27 -21 -22 -23 -24 -25 -26 -27 -28 -29 -30 -31
leaf_value=-0.071327702097418483 -0.0028399230454088545 -0.0045875305801456271 -0.0052914786495870669 0.072806227854539649 -0.11670639768406779 0.0028012754129248087 -0.019299941876419438 -0.0061984447564931936 0.0047564486223782955 -0.012750845305834424 -0.051719759149156878 0.017338146135388845 -0.010552524288895261 0.0047786040981080639 0.0035937105773348856 0.00075243777765223732 -0.0005545624617370404 -0.011209192909865485 0.014156685576365414 -0.001020583707274847 -0.0090178235062129738 -0.016994497627439677 0.010712532559215004 0.0098229302903227733 0.00094107661969942144 -0.0025601060632290287 0.0055899479220812513 0.00070353310629952539 0.011537076364687794 0.021715774490553043
leaf_weight=36696 2166 196 1284 36868 460 1196 9451 1230 1632 2660 1042 15564 737 302 860 1494 1713 8595 584 147 5602 1606 1917 6340 5424 1921 2633 1060 116 2498
leaf_count=36696 2166 196 1284 36868 460 1196 9451 1230 1632 2660 1042 15564 737 302 860 1494 1713 8595 584 147 5602 1606 1917 6340 5424 1921 2633 1060 116 2498
internal_value=-0.000119485 0.0175408 -0.0187667 0.0218742 -0.0105134 0.0061129 -0.0231447 -0.0148235 0.0111039 -0.00617074 -0.0187154 0.0173573 -0.00549591 0.0182095 0.0129407 0.00184134 -0.00705514 -0.0171956 0.000710853 -0.0245876 -0.00843016 -0.0122923 0.00995031 0.0143611 -0.000250329 -0.00738654 0.00568815 0.00477494 -0.00712192 0.0125536
internal_weight=153994 79090 74904 57345 25962 21745 48942 13030 10028 12932 12099 20477 12472 18364 8396 11717 9975 9879 2497 36843 8262 2648 2113 7200 7590 3151 4127 1644 853 2800
internal_count=153994 79090 74904 57345 25962 21745 48942 13030 10028 12932 12099 20477 12472 18364 8396 11717 9975 9879 2497 36843 8262 2648 2113 7200 7590 3151 4127 1644 853 2800
cat_boundaries=0 1 2 3 4
cat_threshold=534 18 512 16424
is_linear=0
shrinkage=0.05


Tree=15
num_leaves=31
num_cat=0
split_feature=19 17 17 17 17 15 17 20 16 20 17 15 19 19 11 16 15 20 18 18 3 3 10 18 10 18 15 18 14 10
split_gain=19620.2 1675.89 1048.4 278.888 186.659 182.753 146.582 110.596 89.0609 69.2068 46.2536 41.5824 37.8016 36.9892 33.3849 27.9114 25.8944 25.7995 24.7522 23.5128 22.5345 20.598 17.1572 17.0231 25.714 16.718 18.2437 16.3993 16.3848 16.171
threshold=4.0267147549980455 3.2238836690837691 5.0471468098406129 3.6582643267733377 1.9763025419693736 4.3791256330796875 5.9846033661852216 0.30779007254688961 0.65917593841380751 0.49657129449542098 4.1510725136595816 3.9027858673639457 2.4239349227705196 4.4652654181636802 5.0176108530468104 0.31285492443755941 2.8352613534433702 0.23674799394557347 0.28513006031844251 0.51177694824047804 1.0000000180025095e-35 1.0000000180025095e-35 4.4432391460348235 0.75154344666447714 4.615615321433844 0.13515503603605497 3.489632713584748 0.66269532868220382 4.3738682484469473 2.3075602584206303
decision_type=10 8 8 10 10 10 10 8 10 10 10 8 8 10 10 10 8 10 10 10 2 2 8 10 10 10 8 10 8 8
left_child=1 4 5 7 27 10 13 25 22 16 -2 15 -9 -4 23 -5 -6 21 20 -15 -18 -12 -7 24 29 -3 -27 -1 -10 -14
right_child=2 3 6 11 9 8 -8 12 28 -11 17 -13 14 19 -16 -17 18 -19 -20 -21 -22 -23 -24 -25 -26 26 -28 -29 -30 -31
leaf_value=-0.073029342390801943 0.0011968724826773248 -0.011984863764211996 -0.0043065249678493787 -0.0040624127040250315 -0.018719855047967471 0.0076582511193669768 0.070566864032613461 -0.064074314333831969 -0.0084913722152864853 -0.016141057277275373 0.014313142589006312 0.00063676990319960769 -0.097379467745373038 0.019549127317388938 0.082942679126916052 -0.0014097636620872156 -0.0057013073572670936 0.0051803400875237941 -0.0082818004858767787 0.023383141148790455 -0.013003989129746586 0.0048435296768478027 0.012535778658264786 -0.0035399395324295924 0.05952665612925645 -0.010308834797308309 -0.0057773593202419928 -0.059280812274081246 0.016283504306864982 -0.011943246787883733
leaf_weight=34528 4501 2184 181 3550 6575 1537 34206 451 475 2075 559 6217 214 14279 130 2674 662 3545 1424 1349 5187 3140 9656 1413 92 3638 2290 1014 794 5550
leaf_count=34528 4501 2184 181 3550 6575 1537 34206 451 475 2075 559 6217 214 14279 130 2674 662 3545 1424 1349 5187 3140 9656 1413 92 3638 2290 1014 794 5550
internal_value=8.37173e-05 -0.0171157 0.0185915 -0.0073663 -0.0224964 0.0100498 0.0227257 -0.0117404 0.0142674 -0.0179976 0.00557471 -0.00175428 -0.00750955 0.0187441 -0.00665293 -0.00464332 -0.0192735 0.00804804 -0.0172178 0.0190044 -0.018657 0.0109692 0.0156906 -0.00710208 -0.00829064 -0.0158346 -0.0144568 -0.0245118 0.00171395 -0.00870923
internal_weight=154090 79868 74222 28403 51465 24207 50015 15962 12462 15923 11745 12441 7850 15809 7399 6224 13848 7244 7273 15628 5849 3699 11193 7269 5856 8112 5928 35542 1269 5764
internal_count=154090 79868 74222 28403 51465 24207 50015 15962 12462 15923 11745 12441 7850 15809 7399 6224 13848 7244 7273 15628 5849 3699 11193 7269 5856 8112 5928 35542 1269 5764
is_linear=0
shrinkage=0.05


Tree=16
num_leaves=31
num_cat=4
split_feature=19 17 17 19 17 20 17 17 20 20 16 0 11 0 18 3 3 10 20 10 9 17 0 10 19 9 11 18 0 11
split_gain=18955.6 1401.1 1373.05 296.331 273.002 157.678 144.108 106.711 85.2954 59.2694 58.4163 55.2794 42.1955 34.0819 33.8691 33.8604 24.7266 25.0526 23.7574 22.4603 22.2505 20.5082 20.1791 19.0374 18.676 18.2214 17.3333 16.8046 16.6873 16.1709
threshold=3.9570707550196347 2.9218467950147082 4.7003496857381792 5.8194007463125876 3.6376115792724222 0.33040646098329157 4.1680459011198066 1.855104182090989 0.38591740925133805 0.49657129449542098 0.59002257842323913 0 3.8722415940098038 1 0.14418139414464085 1.0000000180025095e-35 1.0000000180025095e-35 4.3999891466276564 0.2236871200584267 4.7401379509699968 1.0000000180025095e-35 6.1310990096680653 2 3.9522043336703749 2.093588097231962 1.0000000180025095e-35 4.7099804489789596 1.1541312959691543 3 4.1782257526074966
decision_type=10 8 8 10 10 8 10 10 10 10 8 1 8 1 10 2 2 10 10 8 2 8 1 8 8 2 8 8 1 10
left_child=1 7 6 10 5 15 22 -1 16 -9 19 14 -6 27 -7 25 20 29 -17 -4 -8 -5 -2 -14 -15 -3 -12 -13 -10 -18
right_child=2 4 3 21 12 11 8 9 28 -11 26 13 23 24 -16 18 17 -19 -20 -21 -22 -23 -24 -25 -26 -27 -28 -29 -30 -31
leaf_value=-0.073225927296103152 -0.0064590329283984449 -0.0090050885562968259 0.0093973684488775754 0.025612386773335594 -0.0045952231526496749 -0.10529251996996843 0.0033314903743635327 -0.017093026175567939 0.027340196329155231 -0.020103754372288087 0.0039169392657324 -0.0032531317893695457 -0.0026857310660259094 -0.060870598617140372 -0.0034379288417280222 -0.011345950829044306 0.0029306326847922115 0.0088083750107249784 -0.010294245816240166 0.016112446290951165 0.016444400495341283 0.068090089815968119 0.0013415331356696038 0.0014722305270866043 -0.008317106910832029 -0.0022696143854170846 0.019270031627767772 0.046976928398575792 0.0024512529012803209 0.0063028485869385253
leaf_weight=34051 1132 682 1438 2615 3826 1071 270 9630 140 1727 396 239 2508 223 356 7347 2073 2931 4089 15283 1045 33842 6731 3731 6479 903 3295 267 3058 2820
leaf_count=34051 1132 682 1438 2615 3826 1071 270 9630 140 1727 396 239 2508 223 356 7347 2073 2931 4089 15283 1045 33842 6731 3731 6479 903 3295 267 3058 2820
internal_value=2.17253e-05 -0.0175022 0.0175593 0.0215368 -0.00943933 -0.0126016 0.00636139 -0.0231347 0.00973292 -0.0189377 0.0167132 -0.00736248 -0.00263537 -0.00555556 -0.0163361 -0.016076 0.0121923 0.011126 -0.0170252 0.0179699 0.0185361 0.0242375 0.00107147 -0.000100176 -0.00650328 -0.00922713 0.01102 0.00687984 0.00270482 0.00893624
internal_weight=154198 77129 77069 56869 31721 21656 20200 45408 12337 11357 20412 8635 10065 7208 1427 13021 9139 7824 11436 16721 1315 36457 7863 6239 6702 1585 3691 506 3198 4893
internal_count=154198 77129 77069 56869 31721 21656 20200 45408 12337 11357 20412 8635 10065 7208 1427 13021 9139 7824 11436 16721 1315 36457 7863 6239 6702 1585 3691 506 3198 4893
cat_boundaries=0 1 2 3 4
cat_threshold=86 54273 8864 1
is_linear=0
shrinkage=0.05


Tree=17
num_leaves=31
num_cat=6
split_feature=19 17 19 17 15 20 17 16 20 17 11 0 15 3 19 17 11 0 15 20 0 15 0 15 19 15 0 15 0 16
split_gain=18516.6 1730.71 1063.42 357.133 283.535 143.621 129.796 94.1036 64.0118 58.0262 54.983 51.0229 37.6664 34.0029 30.0341 28.1237 27.2179 26.034 26.0157 22.2886 18.618 18.0812 17.8407 17.5047 16.8091 18.0885 16.4603 16.3845 15.9822 15.5373
threshold=4.0401851771655766 2.9218467950147082 5.4422611257012896 3.6582643267733377 4.4276667117295307 0.29404010077734721 1.802182191679182 0.74031343108683167 0.49657129449542098 6.065279257829828 4.0262437516319016 0 3.8685270435510435 1.0000000180025095e-35 1.8819577763254383 4.1680459011198066 5.0176108530468104 1 4.9347507200211096 0.24677126105350422 2 5.3469143215878487 3 3.3739635453753487 4.8462388508441432 4.5310227485682226 4 4.0715897304205102 5 0.32199609396105305
decision_type=10 8 10 10 10 8 10 10 10 8 8 1 8 2 8 8 10 1 10 10 1 10 1 10 10 10 1 10 1 10
left_child=1 6 4 5 10 13 28 18 -8 21 26 -7 19 20 -13 -12 22 -9 24 -5 -3 -4 -16 -15 -6 -26 -2 -14 -1 -17
right_child=2 3 9 12 7 11 8 17 -10 -11 15 14 27 23 16 29 -18 -19 -20 -21 -22 -23 -24 -25 25 -27 -28 -29 -30 -31
leaf_value=-0.048665838697902156 0.0020187419095640149 -0.0024155539475107846 0.01762204669629577 -0.0042277352315816972 0.01045233421989058 -0.10073747841409733 -0.016778405275044483 -0.014128269915742054 -0.019888111736017813 0.064267613714146785 0.0025793888513646838 -0.070093689729948103 -0.00041334577548797214 -0.012682044417899508 -0.01224236506322729 0.0070358404760452855 0.07864508774951684 0.016192790568687832 0.015246543356566633 -0.0025979329663221363 -0.0087720372485154303 0.019907934495588989 -0.0054962907613002269 -0.0068947400038484874 -0.0099210344277244743 0.0085609417543167209 -0.0047744706152429879 0.0041067890268858603 -0.071605732386986462 0.0045206511590972333
leaf_weight=448 1256 962 1226 2096 6640 495 10097 532 1861 34595 2971 290 5696 6689 3755 7104 137 777 10667 3274 554 4229 5313 4070 55 1546 1168 1844 32936 876
leaf_count=448 1256 962 1226 2096 6640 495 10097 532 1861 34595 2971 290 5696 6689 3755 7104 137 777 10667 3274 554 4229 5313 4070 55 1546 1168 1844 32936 876
internal_value=5.69217e-05 -0.0165155 0.0181764 -0.00819261 0.0116159 -0.012029 -0.0229721 0.0153522 -0.0185023 0.0236792 0.00596822 -0.00757758 -0.0015763 -0.0156517 -0.00673593 0.00747649 -0.00624389 0.00238732 0.0162497 -0.00477654 -0.00864116 0.0188863 -0.00657808 -0.0166396 0.0141397 0.00954091 -0.00084571 0.000702918 -0.0245731 0.00902256
internal_weight=154159 80517 73642 35175 33592 22265 45342 20217 11958 40050 13375 9990 12910 12275 9495 10951 9205 1309 18908 5370 1516 5455 9068 10759 8241 1601 2424 7540 33384 7980
internal_count=154159 80517 73642 35175 33592 22265 45342 20217 11958 40050 13375 9990 12910 12275 9495 10951 9205 1309 18908 5370 1516 5455 9068 10759 8241 1601 2424 7540 33384 7980
cat_boundaries=0 1 2 3 4 5 6
cat_threshold=18 40 44160 8804 21581 256
is_linear=0
shrinkage=0.05


Tree=18
num_leaves=31
num_cat=8
split_feature=19 17 19 17 15 17 20 20 10 20 17 0 11 15 3 1 0 0 10 20 0 0 20 9 20 0 3 15 15 0
split_gain=17907.9 1684.05 1166.3 341.867 293.517 144.271 140.833 80.4934 64.9437 61.0401 53.3566 52.0651 48.7783 34.5788 33.066 31.5714 62.4006 49.3021 26.7591 22.9631 22.7378 21.4654 21.2371 19.2491 17.8767 17.3994 17.1444 16.7546 16.0213 15.004
threshold=4.0267147549980455 2.9218467950147082 5.481061128867827 3.6376115792724222 4.5051844464700617 1.802182191679182 0.29404010077734721 1.0828363443916185 4.0613043372021433 0.49657129449542098 6.1900641612741465 0 4.143927747969351 3.8108547609067505 1.0000000180025095e-35 1 2 3 4.6016639207791732 0.29815186983384828 4 5 0.22632710490960237 1.0000000180025095e-35 0.40827320181578525 6 4.5000000000000009 5.3469143215878487 3.4357975075743235 7
decision_type=10 8 10 10 10 10 8 10 8 10 8 1 8 8 2 1 1 1 8 10 1 1 10 2 10 1 2 8 8 1
left_child=1 5 4 6 8 29 14 18 21 -7 27 -8 25 19 23 16 24 -17 -6 -5 -14 -2 -16 -3 -13 -10 -20 -4 -25 -1
right_child=2 3 10 13 7 9 11 -9 12 -11 -12 15 20 -15 22 17 -18 -19 26 -21 -22 -23 -24 28 -26 -27 -28 -29 -30 -31
leaf_value=-0.04623254676300706 -0.010466826015822628 -0.0083334353860896604 0.0069096425668328633 -0.004724341413039213 0.0077595744383477166 -0.015766057109609235 -0.09570060449339246 -0.003009375183139951 -0.01181396595156139 -0.018564191625168449 0.061989811374691867 0.08074463850703556 0.0038731096306901416 0.00011725188616291683 -0.010308398787323127 -0.018870772539765324 -0.0089494205753329892 -0.0056564499935872758 0.012252960477398524 -0.002867535706820812 0.0078798753883010837 0.00063023935974255714 -0.0090211368455855208 -0.0043131947326600752 0.0015421780226217542 0.0020639822414433517 0.017018865935244553 0.021220140031219439 0.0032569520146057186 -0.068025445767637138
leaf_weight=434 292 571 285 2148 1863 10065 495 762 405 1811 33356 418 2447 8413 7582 2094 2873 3400 12720 2399 7248 2768 3007 664 305 2369 3702 5720 215 32858
leaf_count=434 292 571 285 2148 1863 10065 495 762 405 1811 33356 418 2447 8413 7582 2094 2873 3400 12720 2399 7248 2768 3007 664 305 2369 3702 5720 215 32858
internal_value=1.5128e-05 -0.0164184 0.0177411 -0.00811502 0.0110409 -0.0227761 -0.0119636 0.0152006 0.00593889 -0.0180448 0.0236268 -0.00744131 0.0075407 -0.00169367 -0.015564 -0.00655495 -0.00291991 -0.00894612 0.0158641 -0.00520673 0.00921351 -0.000588235 -0.0165337 -0.00848276 0.0101296 0.0016943 0.0165083 0.0192881 -0.00383959 -0.0244638
internal_weight=153689 79752 73937 34584 34576 45168 21624 19047 15529 11876 39361 9585 12469 12960 12039 9090 3596 5494 18285 4547 9695 3060 10589 1450 723 2774 16422 6005 879 33292
internal_count=153689 79752 73937 34584 34576 45168 21624 19047 15529 11876 39361 9585 12469 12960 12039 9090 3596 5494 18285 4547 9695 3060 10589 1450 723 2774 16422 6005 879 33292
cat_boundaries=0 1 2 3 4 5 6 7 8
cat_threshold=18 1 21953 1376 16908 512 8352 256
is_linear=0
shrinkage=0.05


Tree=19
num_leaves=31
num_cat=6
split_feature=19 17 19 15 17 17 20 20 20 17 0 15 15 20 3 0 0 16 3 3 12 9 0 3 0 12 3 17 0 4
split_gain=17315.2 1660.82 1331.76 304.07 239.027 236.828 74.3442 71.9937 64.3643 54.4487 45.3114 54.0831 40.5578 32.3526 31.5783 30.1477 29.2958 25.5111 24.9857 22.6531 21.9158 21.1354 21.1191 20.0291 20.0028 19.7823 19.453 19.1011 25.0825 18.2614
threshold=3.9000361593128057 5.0471468098406129 2.1510743216883941 3.4357975075743235 4.20525195584296 6.1310990096680653 0.29541818593128238 0.53016627076389 0.24677126105350422 1.4693225790456621 0 3.7877891461909656 4.5051844464700617 0.47335940361127821 1.5000000000000002 1 2 0.74031343108683167 1.0000000180025095e-35 1.0000000180025095e-35 3.851210301366216 1.0000000180025095e-35 3 3.5000000000000004 4 5.514234548112154 4.5000000000000009 3.9076398811730528 5 1.5000000000000002
decision_type=10 8 8 8 10 10 10 10 10 8 1 8 10 10 2 1 1 10 2 2 10 2 1 2 1 10 2 10 1 2
left_child=2 4 9 6 27 16 18 12 10 -1 -5 -12 19 -11 22 26 23 -8 -4 21 -16 -6 -10 -3 -13 -18 -9 28 -2 -29
right_child=1 5 3 8 7 -7 17 15 14 13 11 24 -14 -15 20 -17 25 -19 -20 -21 -22 -23 -24 -25 -26 -27 -28 29 -30 -31
leaf_value=-0.073740250902350993 5.5891813728825571e-05 0.013974064651159336 -0.0058712492764822826 -0.10108370427859761 0.0018176121513261202 0.058268548993518327 -0.011092281910244106 -0.001755143043682339 5.3356010775063027e-05 -0.021978560428822048 -0.0053884750478394366 0.05444413447183645 0.010461731582066114 -0.031091721783188489 -0.002998831340852437 0.018616003207662057 0.016021781054201111 -0.0045741686965739218 -0.011419340209511342 0.0047410063567246315 0.0036462790296768466 0.01397480286577828 -0.0091960883674837013 0.020441141629107443 -0.0038063616357965958 0.023512122875191423 0.016890317361936847 0.0072646969139298139 -0.0092520614511602869 0.00080272310616840152
leaf_weight=29876 1221 7421 1461 811 249 32947 4778 1946 668 6951 4288 145 8408 1790 5589 400 3920 1144 10664 5635 1537 673 1962 4504 3127 1332 749 766 489 8780
leaf_count=29876 1221 7421 1461 811 249 32947 4778 1946 668 6951 4288 145 8408 1790 5589 400 3920 1144 10664 5635 1537 673 1962 4504 3127 1332 749 766 489 8780
internal_value=4.03615e-05 0.0162959 -0.0172257 -0.010332 0.00684268 0.0218249 -0.0149263 0.010407 -0.00575799 -0.0236832 -0.00897444 -0.00773448 0.0118426 -0.0202122 -0.00299815 0.00346527 0.017065 -0.0103343 -0.0171691 0.00889507 -0.00127 0.0161605 -0.00768061 0.0184688 -0.00290342 0.013816 0.00152495 0.00112385 -0.00374269 0.0019956
internal_weight=154231 79440 74791 36174 29316 50124 18047 18060 18127 38617 8371 7560 14965 8741 9756 3095 17177 5922 12125 6557 7126 922 2630 11925 3272 5252 2695 11256 1710 9546
internal_count=154231 79440 74791 36174 29316 50124 18047 18060 18127 38617 8371 7560 14965 8741 9756 3095 17177 5922 12125 6557 7126 922 2630 11925 3272 5252 2695 11256 1710 9546
cat_boundaries=0 1 2 3 4 5 6
cat_threshold=82 17128 58625 54976 16385 18540
is_linear=0
shrinkage=0.05


Tree=20
num_leaves=31
num_cat=10
split_feature=17 17 17 15 15 17 0 20 20 16 1 0 0 17 11 17 10 3 15 10 15 20 0 3 0 1 0 0 0 16
split_gain=16080 2132.74 1191.7 313.933 222.191 169.943 166.649 109.333 74.2844 72.5586 49.5665 187.326 117.542 52.0041 47.4556 44.5699 31.9818 28.3895 24.0732 23.9132 21.8096 19.3367 19.2755 19.1451 18.7229 25.1497 23.6282 20.2298 18.3035 17.939
threshold=4.0476670809546631 2.8590663734527015 5.6428439173494409 3.6733346334645884 4.5576205437725674 1.4693225790456621 0 0.31480594997913192 0.48790697630243701 0.59002257842323913 1 2 3 3.0143529634389932 4.1782257526074966 6.1900641612741465 4.1596637236431482 1.0000000180025095e-35 5.1508524153530333 4.0613043372021433 2.0698572641558219 0.22632710490960237 4 3.5000000000000004 5 6 7 8 9 0.55306416066784403
decision_type=10 8 10 8 10 10 1 10 10 10 1 1 1 10 8 10 8 2 10 10 8 10 1 2 1 1 1 1 1 10
left_child=1 5 4 7 14 -1 -5 17 20 18 11 -8 -12 -13 -2 -4 -16 22 -6 24 -7 -19 -3 -20 25 26 -14 -27 -21 -9
right_child=2 3 15 6 9 8 10 29 -10 -11 12 13 19 -15 16 -17 -18 21 23 28 -22 -23 -24 -25 -26 27 -28 -29 -30 -31
leaf_value=-0.070053238357233455 0.00095704438654871111 -0.0066148954619913887 0.021032704176525387 -0.085154632611948888 0.0098983559596093739 -0.020879632407380957 -0.0050182621110263399 -0.0066490051585291979 -0.021118358109511751 0.0080871260451124815 -0.078615068732503304 0.057926139975301494 -0.016538643509194317 0.0005842991994058133 0.0016191770026576125 0.055770494392353154 0.0068419234426782445 -0.0086411365583598746 0.011944293994200095 0.00072287382838254199 -0.012741281272577254 -0.0076255495782504568 -0.0012880460006669205 0.017038000997353465 -0.0025940414007176839 0.024559205858973157 -0.0011952204703485237 0.0016481550264562329 0.0052532726321077756 -0.0029070838353986495
leaf_weight=29994 3862 595 4560 817 9656 5271 4231 3354 2569 1483 1118 1697 206 494 2306 32241 9177 7810 5252 1687 6361 3588 998 2981 4540 363 2483 1342 540 2458
leaf_count=29994 3862 595 4560 817 9656 5271 4231 3354 2569 1483 1118 1697 206 494 2306 32241 9177 7810 5252 1687 6361 3588 998 2981 4540 363 2483 1342 540 2458
internal_value=1.85024e-05 -0.0150213 0.0173712 -0.00638879 0.010726 -0.0225065 -0.00194692 -0.0109996 -0.0180005 0.0142861 -0.000974026 0.00258486 -0.00283614 0.0144139 0.00623167 0.02364 0.0078442 -0.0135498 0.0151671 -0.00127786 -0.0197 -0.0144236 -0.00729755 0.0171535 -0.00243452 -0.00010218 -0.00311454 0.00464809 0.00335653 -0.00529938
internal_weight=154034 82516 71518 38321 34717 44195 19518 18803 14201 19372 18701 6422 12279 2191 15345 36801 11483 12991 17889 11161 11632 11398 1593 8233 8934 4394 2689 1705 2227 5812
internal_count=154034 82516 71518 38321 34717 44195 19518 18803 14201 19372 18701 6422 12279 2191 15345 36801 11483 12991 17889 11161 11632 11398 1593 8233 8934 4394 2689 1705 2227 5812
cat_boundaries=0 1 2 3 4 5 6 7 8 9 10
cat_threshold=18 1 43564 320 652 18473 2 32 16417 52232
is_linear=0
shrinkage=0.05


Tree=21
num_leaves=31
num_cat=7
split_feature=19 19 19 17 17 20 19 11 0 11 10 10 17 20 20 3 0 3 10 18 17 10 9 0 0 10 1 0 0 20
split_gain=16118 1786.13 1300.79 339.747 255.808 140.712 98.1309 62.3308 61.3509 51.4402 44.1269 43.4937 43.0198 41.3161 40.8657 30.7671 29.2905 28.0736 26.315 23.7531 23.0809 21.9823 21.9082 20.6983 18.7141 17.5683 16.625 46.9016 26.8315 18.9582
threshold=4.0267147549980455 2.2089068976279322 5.8194007463125876 3.6582643267733377 4.6211572745509022 0.29404010077734721 1.5058052677066029 4.143927747969351 0 4.7677140248653798 3.0468977391027221 3.2561697533634875 6.2490336573834471 0.46592308787906755 0.38591740925133805 1.0000000180025095e-35 1 1.0000000180025095e-35 4.3888779169685508 0.75154344666447714 3.3062803041839954 3.9712344209000081 1.0000000180025095e-35 2 3 4.7099804489789596 4 5 6 0.40827320181578525
decision_type=10 8 10 10 8 8 10 8 1 10 8 8 8 10 10 2 1 2 10 10 10 8 2 1 1 8 1 1 1 10
left_child=1 6 4 5 7 11 -1 24 -7 16 20 -3 -4 -8 15 22 -6 -13 -17 -18 -10 -5 -9 -23 -2 -11 27 29 -28 -12
right_child=2 3 12 21 9 8 13 14 10 25 26 17 -14 -15 -16 18 19 -19 -20 -21 -22 23 -24 -25 -26 -27 28 -29 -30 -31
leaf_value=-0.066550576439371775 -0.007454443318856141 -0.010658324975823598 0.020796129066046023 -0.0025482421926295018 0.010621817990981075 -0.080894072981568199 -0.017527093976610366 0.0023913513420882773 -0.014695358797398195 0.008646967953163864 0.07668264813594497 -0.0028406869510514523 0.053700682479437135 -0.024152319303499727 0.0044756444528099241 0.002866138074779423 0.0087884505965633904 -0.0071399319741970672 0.0066308680765363899 -0.00035338217885350076 -0.0037417609176594092 0.0025119456095210159 0.013696630615690753 -0.0011508577367890238 0.0011112999631021747 0.013732461187729285 -0.046118128341918599 -0.0065490665220053652 -0.0042972193869285523 0.00097684529010444443
leaf_weight=30930 898 6795 3767 5237 4847 625 6465 282 2352 962 406 1146 32690 1801 3145 4743 4016 8019 2348 685 541 2135 972 4995 3201 11717 934 2808 4396 336
leaf_count=30930 898 6795 3767 5237 4847 625 6465 282 2352 962 406 1146 32690 1801 3145 4743 4016 8019 2348 685 541 2135 972 4995 3201 11717 934 2808 4396 336
internal_value=4.76672e-05 -0.0155363 0.0168167 -0.00820319 0.0103197 -0.0112191 -0.0231554 0.00540926 -0.00722294 0.0137637 -0.00639268 -0.0143233 0.0235558 -0.018316 0.00729765 0.00912822 0.0109918 -0.0120758 0.0078515 0.00811399 -0.0117611 -0.0012877 0.0163477 0.000518934 0.000115882 0.015851 -0.0046509 -0.002 -0.00641651 0.00910904
internal_weight=154194 79921 74273 40725 37816 28358 39196 15589 12398 22227 11773 15960 36457 8266 11490 8345 9548 9165 7091 4701 2893 12367 1254 7130 4099 12679 8880 3550 5330 742
internal_count=154194 79921 74273 40725 37816 28358 39196 15589 12398 22227 11773 15960 36457 8266 11490 8345 9548 9165 7091 4701 2893 12367 1254 7130 4099 12679 8880 3550 5330 742
cat_boundaries=0 1 2 3 4 5 6 7
cat_threshold=18 58625 20997 8864 1 21953 320
is_linear=0
shrinkage=0.05


Tree=22
num_leaves=31
num_cat=3
split_feature=19 19 19 15 15 17 19 20 10 17 0 20 20 12 20 15 15 3 10 0 10 15 18 3 3 0 15 3 3 3
split_gain=15557.4 1901.71 1318.29 386.29 236.792 85.819 84.22 78.177 68.2665 52.6545 50.4809 49.1638 46.6061 34.5802 33.1458 26.0899 24.3487 21.9292 20.8711 20.5846 20.2696 18.4913 17.7299 17.2271 16.3101 22.3836 15.4637 15.2581 21.0762 18.3451
threshold=4.0401851771655766 2.093588097231962 5.747681651823993 3.4357975075743235 4.6468619874685126 3.7335275093235825 1.4482443527867719 0.29404010077734721 4.143927747969351 6.1900641612741465 0 1.0828363443916185 0.22702364828498486 4.0613043372021433 0.45961541742143441 5.3703718702246652 2.8352613534433702 1.0000000180025095e-35 3.0468977391027221 1 5.6565160114619619 4.0715897304205102 0.37855219855163436 4.5000000000000009 4.5000000000000009 2 5.8965548831710768 4.5000000000000009 3.5000000000000004 1.5000000000000002
decision_type=10 8 10 8 10 10 10 10 8 8 1 10 8 8 10 10 10 2 8 1 8 8 10 2 2 1 8 2 2 2
left_child=1 6 4 7 8 10 -1 16 -2 20 -5 15 -12 -10 -8 24 -3 -18 -9 -14 -4 -7 -15 -24 -6 -26 -11 28 29 -21
right_child=2 3 9 5 11 21 14 18 13 26 12 -13 19 22 -16 -17 17 -19 -20 27 -22 -23 23 -25 25 -27 -28 -29 -30 -31
leaf_value=-0.063223047617403189 -9.0095812670787378e-05 -0.011730692143004552 0.0075411632304659641 -0.077838416711283068 0.0093236719285201275 -0.0010636366036210544 -0.01895929608818139 -0.012433660323277885 0.00032561644648008151 -0.012006485948581336 -0.0050145738610104969 0.0059433861908948062 0.0048291135727005167 0.0060138586314673059 -0.0251948241788463 0.014852596881152591 -0.0040453989613127295 -0.0085108498906339321 -0.0058282850368260091 -0.0074657677360584268 0.019796855576739072 0.0036553028549082714 0.0029019455898056101 0.020067329456983352 0.018710837194369612 0.0068728648744584842 0.050503334512691823 -0.0016379377001752961 -0.015779924782653467 -0.0023151046463859015
leaf_weight=30334 3911 3687 488 458 10699 8322 5915 2821 1577 27 3761 657 722 9779 1776 4140 1011 7589 3368 2074 3289 2343 1798 766 1741 1391 33268 2590 1125 2566
leaf_count=30334 3911 3687 488 458 10699 8322 5915 2821 1577 27 3761 657 722 9779 1776 4140 1011 7589 3368 2074 3289 2343 1798 766 1741 1391 33268 2590 1125 2566
internal_value=3.68523e-05 -0.0151556 0.0166613 -0.00787933 0.00991045 -0.00369037 -0.0232761 -0.0133119 0.00579188 0.0233006 -0.00637034 0.0138528 -0.00577133 0.00743175 -0.0186029 0.0143439 -0.0156202 -0.0141628 -0.0087292 -0.00383662 0.0177059 -0.000349273 0.00832253 0.00462168 0.0133016 0.0164751 0.0239353 -0.00453377 -0.00597138 -0.00448276
internal_weight=153993 80462 73531 42437 36459 23961 38025 18476 17831 37072 13296 18628 12838 13920 7691 17971 12287 8600 6189 9077 3777 10665 12343 2564 13831 3132 33295 8355 5765 4640
internal_count=153993 80462 73531 42437 36459 23961 38025 18476 17831 37072 13296 18628 12838 13920 7691 17971 12287 8600 6189 9077 3777 10665 12343 2564 13831 3132 33295 8355 5765 4640
cat_boundaries=0 1 2 3
cat_threshold=18 21505 16417
is_linear=0
shrinkage=0.05


Tree=23
num_leaves=31
num_cat=6
split_feature=19 19 19 17 15 17 19 11 0 20 18 11 11 20 20 15 3 15 0 11 15 0 3 3 3 0 3 0 3 0
split_gain=15055.7 1745.28 1523.59 336.972 256.157 108.34 79.1462 65.3269 64.2562 63.2833 53.3004 45.9649 38.7618 34.9841 34.4927 26.0588 24.4817 21.7756 21.2382 20.8647 19.2471 19.2104 19.3515 25.6288 25.6602 55.825 22.7722 29.8468 18.9021 17.934
threshold=3.9000361593128057 5.481061128867827 2.0428998040419537 4.3429291524857421 3.4357975075743235 6.2490336573834471 1.2691338300240427 4.6639105698660028 0 0.28545853574223384 0.49384625759367207 3.851210301366216 4.0439276922482579 0.45370102799337181 0.22547208875032668 2.8352613534433702 4.5000000000000009 2.8079173188001696 1 5.3938547674423898 5.8965548831710768 2 4.5000000000000009 3.5000000000000004 1.5000000000000002 3 2.5000000000000004 4 1.0000000180025095e-35 5
decision_type=10 10 8 8 8 8 10 10 1 10 10 10 8 10 8 10 2 10 1 8 8 1 2 2 2 1 2 1 2 1
left_child=2 3 6 12 9 19 -1 10 -6 15 -5 14 -2 -8 -10 -4 -9 -11 -13 -3 -7 -16 23 24 -23 -26 27 -27 -17 -14
right_child=1 5 4 7 8 20 13 16 11 17 -12 18 29 -15 21 28 -18 -19 -20 -21 -22 22 -24 -25 25 26 -28 -29 -30 -31
leaf_value=-0.060061895236533026 -0.0010802285655381327 0.0068693978817637724 -0.011123214122307969 0.0071615623616844816 -0.073667032939552943 -0.012339072093504599 -0.021019636851562475 0.0097855249187951635 -0.0043974521417473383 -0.014087688204171833 0.0022976592687082853 -0.001043205992758689 0.0013453711863403385 -0.027211385219544672 0.0023938165924578536 -0.0038715712384742584 0.016151043625242913 -0.0054570452663808 0.0051137330672621946 0.017347044940888214 0.048490481629830655 -0.0077066968817553379 -0.0015067287325469803 -0.014293420483858489 0.0095956492654874839 0.020514865386334093 -0.018308305071600094 -0.0061594805762860139 -0.0080302499526913266 0.0037501885337983599
leaf_weight=28071 5030 556 4002 10637 485 26 7178 9269 4278 2685 1842 2619 5640 2227 1085 986 2986 3983 841 5985 33033 2180 2776 1289 770 345 1020 549 7438 4577
leaf_count=28071 5030 556 4002 10637 485 26 7178 9269 4278 2685 1842 2619 5640 2227 1085 986 2986 3983 841 5985 33033 2180 2776 1289 770 345 1020 549 7438 4577
internal_value=3.01189e-05 0.0151685 -0.0160744 0.00779933 -0.00892489 0.0226086 -0.0231962 0.0114033 -0.0046869 -0.0129727 0.00885688 -0.0041859 0.00195284 -0.0192265 -0.00544011 -0.0150813 0.0139963 -0.00904319 0.000982659 0.0167291 0.0237719 -0.00383463 -0.00459503 -0.00616366 -0.00450247 -0.00122951 -0.00579522 0 -0.0135031 0.00372174
internal_weight=154388 79581 74807 39981 37331 39600 37476 24734 18237 19094 12479 17752 15247 9405 14292 12426 12255 6668 3460 6541 33059 10014 8929 6153 4864 2684 1914 894 8424 10217
internal_count=154388 79581 74807 39981 37331 39600 37476 24734 18237 19094 12479 17752 15247 9405 14292 12426 12255 6668 3460 6541 33059 10014 8929 6153 4864 2684 1914 894 8424 10217
cat_boundaries=0 1 2 3 4 5 6
cat_threshold=18 54440 17921 264 32 25772
is_linear=0
shrinkage=0.05


Tree=24
num_leaves=31
num_cat=0
split_feature=19 19 19 17 17 19 20 17 10 10 10 3 20 3 20 10 16 10 10 3 10 6 3 10 9 10 18 9 9 17
split_gain=14497.6 1905.04 1382.18 299.302 203.097 134.971 121.97 61.283 47.4665 42.6506 38.364 35.467 31.0666 32.7009 27.1153 26.0042 25.9077 23.9209 21.1599 20.9391 19.6577 19.1224 18.9816 18.1863 17.7754 16.6487 16.5316 16.2948 15.537 15.4587
threshold=4.0401851771655766 2.093588097231962 5.8194007463125876 3.6151227211110259 4.6483722507917218 1.3380103628323428 0.26978995335026917 6.425588634760997 4.143927747969351 4.6890515642745045 3.1376634167284494 1.0000000180025095e-35 0.39967614896094705 1.0000000180025095e-35 0.47335940361127821 3.2561697533634875 0.609160287175319 3.9712344209000081 5.7645637501303968 4.5000000000000009 2.0856528016791152 1.0000000180025095e-35 4.5000000000000009 5.0176108530468104 1.0000000180025095e-35 2.8302634829926228 0.66269532868220382 1.0000000180025095e-35 1.0000000180025095e-35 5.4374463361176195
decision_type=10 8 10 10 8 10 8 8 8 8 8 2 10 2 10 10 8 8 8 2 10 2 2 10 2 10 10 2 2 10
left_child=1 5 4 6 8 -1 11 18 -2 -6 26 24 13 28 20 -13 22 25 -4 -14 -7 -15 29 -12 -3 -5 -8 -24 -10 -11
right_child=2 3 7 17 9 14 10 -9 12 16 23 15 19 21 -16 -17 -18 -19 -20 -21 -22 -23 27 -25 -26 -27 -28 -29 -30 -31
leaf_value=-0.057058800474706378 0.00018234877801777128 -0.0068904175656244295 0.0090808043600873137 0.011624943065271731 0.0045755100747210346 -0.018630029898743319 -0.011754177838477299 0.048648436071593526 0.0033247366490120724 0.008953119561683166 -0.005851506547471708 -0.009258596169380762 -0.00052053273420940018 0.0044351973875849104 -0.024508479791594696 -0.005090524169982436 0.014463853298839169 0.00034646138172037547 0.020780717095491497 0.012591385789783383 -0.0084848250247718925 0.0016890846670156502 0.017937949402024689 0.074849868081780097 -0.001797231056363291 -0.0027244416384787809 -0.0054079377507744832 0.0065461562564723685 0.012214519539614123 0.012641948325048037
leaf_weight=29196 3930 619 615 417 1951 6140 3443 29511 327 10264 9266 9206 2165 5447 1919 3858 3331 7978 6536 781 812 2002 2489 135 1213 5734 645 1044 949 2351
leaf_count=29196 3930 619 615 417 1951 6140 3443 29511 327 10264 9266 9206 2165 5447 1919 3858 3331 7978 6536 781 812 2002 2489 135 1213 5734 645 1044 949 2351
internal_value=6.9033e-05 -0.0145887 0.0160968 -0.00731406 0.00928344 -0.0227132 -0.0102739 0.0229788 0.00494359 0.0124428 -0.00682964 -0.0133929 0.006544 0.00804298 -0.017312 -0.0143065 0.0131488 -0.00136775 0.018826 0.00210455 -0.0187644 0.00677608 0.013977 -0.00507127 -0.00687773 -0.00371078 -0.0108733 0.0172162 0.0154389 0.0130698
internal_weight=154274 80581 73693 42514 37031 38067 28385 36662 15601 21430 13489 14896 11671 8725 8871 13064 19479 14129 7151 2946 6952 7449 16148 9401 1832 6151 4088 3533 1276 12615
internal_count=154274 80581 73693 42514 37031 38067 28385 36662 15601 21430 13489 14896 11671 8725 8871 13064 19479 14129 7151 2946 6952 7449 16148 9401 1832 6151 4088 3533 1276 12615
is_linear=0
shrinkage=0.05


Tree=25
num_leaves=31
num_cat=4
split_feature=17 17 17 17 17 0 17 20 11 17 10 12 10 11 10 11 3 11 0 17 11 18 13 18 0 3 10 0 10 21
split_gain=13488.9 1883.92 1563.09 243.064 222.183 125.585 115.144 83.7551 65.3866 60.0523 48.0818 47.4822 37.8941 35.2802 34.2407 33.4728 33.4244 26.447 25.6815 24.8804 24.7424 24.5443 23.9847 22.5917 22.1278 22.3944 19.9817 19.6285 20.2235 18.8113
threshold=3.9671871312009244 2.1201183923627638 5.8490748518935165 3.5171816270400185 4.6211572745509022 0 1.3634231941146799 0.26978995335026917 3.851210301366216 6.5984685798154823 4.143927747969351 5.4640436245585393 4.7099804489789596 4.1782257526074966 3.7853247081855312 4.9130223976967367 1.0000000180025095e-35 3.1376634167284494 1 2.8590663734527015 5.0882132384568495 0.50353030047576186 5.8270314912734955 0.42263741371633773 2 1.0000000180025095e-35 5.8431095293661679 3 5.8043816618546762 8.7719603986732384
decision_type=10 8 10 8 10 1 10 10 8 10 8 10 8 8 8 10 2 10 1 10 10 10 10 10 1 2 8 1 10 10
left_child=1 6 4 7 10 -5 -1 16 -7 26 -2 14 -6 -12 23 22 18 -9 -3 -18 -14 -8 27 -10 -15 -26 -4 -16 -29 -22
right_child=2 3 9 5 12 8 21 17 11 -11 13 -13 20 24 15 -17 19 -19 -20 -21 29 -23 -24 -25 25 -27 -28 28 -30 -31
leaf_value=-0.054205860450971061 0.00026039678905920294 -0.0066395995040724248 0.010785293589026579 -0.068669133340677799 0.0050958721613290963 -0.0044057906308579758 -0.016280162063734893 -0.0087201864536033073 -0.005734235050273595 0.049403599145028038 0.00098297220156755576 0.058306261080108751 0.0087804375034520998 0.0030157986710320551 -0.018379672521089609 0.045240229125062759 -0.010053453898223076 -0.0018051224096576224 -0.00048445554328878653 -0.0069280253889992599 0.011833310205535241 -0.023798940010159177 0.057593702445439959 0.00054423579208315862 0.011603793562633413 0.004981468575285853 0.022884272996665136 0.00071663458177522181 0.064670640095584639 -0.0049787450499008791
leaf_weight=28812 5318 600 660 788 2341 6349 7072 6406 1718 23875 3417 252 10803 2534 1166 338 3131 2599 964 8500 8445 1449 142 1129 993 5996 10745 7495 110 52
leaf_count=28812 5318 600 660 788 2341 6349 7072 6406 1718 23875 3417 252 10803 2534 1166 338 3131 2599 964 8500 8445 1449 142 1129 993 5996 10745 7495 110 52
internal_value=4.00457e-05 -0.0143843 0.0152014 -0.00707835 0.00842189 -0.00300328 -0.0225424 -0.0106554 -0.00217141 0.0228685 0.00435973 -5.26316e-05 0.011849 0.00600464 -0.000500083 0.00097557 -0.0131925 -0.00693781 -0.00632992 -0.0141153 0.0125777 -0.0174363 0.00038988 -0.00529505 0.00756852 0.00901915 0.0198838 5.98563e-05 0.000988181 0.0145963
internal_weight=154199 79020 75179 41687 39899 19487 37333 22200 18699 35280 18258 12350 21641 12940 12098 9251 13195 9005 1564 11631 19300 8521 8913 2847 9523 6989 11405 8771 7605 8497
internal_count=154199 79020 75179 41687 39899 19487 37333 22200 18699 35280 18258 12350 21641 12940 12098 9251 13195 9005 1564 11631 19300 8521 8913 2847 9523 6989 11405 8771 7605 8497
cat_boundaries=0 1 2 3 4
cat_threshold=18 140 17484 8256
is_linear=0
shrinkage=0.05


Tree=26
num_leaves=31
num_cat=0
split_feature=19 19 17 15 15 17 17 17 16 15 15 16 19 19 11 16 3 15 12 16 3 9 9 14 3 3 15 13 2 14
split_gain=13349.1 1901.6 1427.59 358.832 194.73 79.0629 75.3409 70.1196 60.5068 46.0386 42.1979 39.2561 36.5317 34.1825 22.987 22.2834 21.3752 20.9573 20.1928 20.1432 19.228 25.4757 17.695 17.6054 17.2781 16.9992 15.6621 15.1297 18.3032 28.6423
threshold=4.0401851771655766 1.8404337229396177 5.9140861737207411 3.3739635453753487 4.6978486082607196 6.5984685798154823 1.2378380759427337 3.7335275093235825 0.32199609396105305 4.2637744639062687 2.8352613534433702 0.74031343108683167 4.6879520047297154 2.9139397754017575 3.9522043336703749 0.37872855575688419 4.5000000000000009 5.5437370899347327 3.8722415940098038 0.56998527921562037 1.0000000180025095e-35 1.0000000180025095e-35 1.0000000180025095e-35 4.3738682484469473 4.5000000000000009 3.5000000000000004 2.5237301184557999 4.0951772018816319 1.5000000000000002 4.1596637236431482
decision_type=10 8 8 8 10 10 10 10 10 8 10 10 10 10 10 8 2 10 10 10 2 2 2 8 2 2 10 8 2 10
left_child=1 6 4 8 9 12 -1 14 10 -2 -3 16 -4 -12 18 26 17 -6 24 20 21 -11 -18 -21 25 -5 -8 -9 29 -29
right_child=2 3 5 7 11 -7 15 27 -10 19 13 -13 -14 -15 -16 -17 22 -19 -20 23 -22 -23 -24 -25 -26 -27 -28 28 -30 -31
leaf_value=-0.051495567428422512 0.0010298817733897182 -0.011267233935065813 -0.0046171341685026677 -0.005203258908751807 0.007838273713439526 0.046796996076814736 -0.021161992314585067 -0.001188402451986792 -0.008284173256892147 0.0022485070704385992 -0.0020846043673930616 0.0054917107307416169 0.022378830403960805 -0.007599188461146756 0.0013563090324351769 -0.021161992314585067 0.015899449310358051 0.013203153698051607 8.0921677376955003e-05 -0.008132376543507425 0.0045450539758319364 0.011944046280101173 0.0061080905307289608 0.015199062973757817 -0.0025604165855856679 -0.010062544695556697 0.037354225002069419 0.00084257034688941526 -0.00020021949234100278 0.017386734186358211
leaf_weight=27203 6890 7273 213 7320 11763 23855 4619 5858 4337 425 1545 1086 12275 7174 1100 2573 2827 1931 1130 464 9284 805 1154 663 3708 1901 21 911 3482 438
leaf_count=27203 6890 7273 213 7320 11763 23855 4619 5858 4337 425 1545 1086 12275 7174 1100 2573 2827 1931 1130 464 9284 805 1154 663 3708 1901 21 911 3482 438
internal_value=2.01001e-05 -0.0140406 0.0154095 -0.00741007 0.00853668 0.0224617 -0.022937 -0.00350124 -0.0123801 0.00490125 -0.0138007 0.0121276 0.0192385 -0.0114549 -0.00568804 -0.0183939 0.0126945 0.011757 -0.00623266 0.00681857 0.00749952 0.013374 0.0159194 0.000465839 -0.00679287 -0.00795196 -0.0204634 -0.000399944 0.0016715 0.00661601
internal_weight=154228 80593 73635 46177 37292 36343 34416 25848 20329 18531 15992 18761 12488 8719 15159 7213 17675 13694 14059 11641 10514 1230 3981 1127 12929 9221 4640 10689 4831 1349
internal_count=154228 80593 73635 46177 37292 36343 34416 25848 20329 18531 15992 18761 12488 8719 15159 7213 17675 13694 14059 11641 10514 1230 3981 1127 12929 9221 4640 10689 4831 1349
is_linear=0
shrinkage=0.05


Tree=27
num_leaves=31
num_cat=6
split_feature=19 19 19 19 19 10 19 20 19 10 12 0 18 11 11 11 0 12 10 20 0 13 20 0 10 0 4 0 11 11
split_gain=12815.6 1935.62 1434.29 237.677 198.075 115.932 78.1364 67.5177 53.6498 52.6931 47.63 41.5418 35.4526 33.9967 25.5109 21.9716 23.8423 21.7918 21.1162 20.277 19.9602 19.9366 19.7225 20.7174 19.1034 19.0468 21.5739 38.3031 17.8652 16.4097
threshold=4.0267147549980455 1.7808891308395804 6.0759637531691846 3.6481392249411582 4.6599047790831643 3.0468977391027221 1.2265387626498441 0.22632710490960237 6.6724114362431477 4.6890515642745045 4.0613043372021433 0 0.40663471407806423 4.3047403127531068 5.3035536024188419 3.3339870432574523 1 3.8722415940098038 2.1916379270371573 0.3575101911506528 2 4.1116928651754314 0.36952591217244513 3 5.8043816618546762 4 9.5000000000000018 5 3.851210301366216 3.3690170020819612
decision_type=10 8 10 10 10 8 10 8 10 8 8 1 10 10 10 10 1 10 10 10 1 8 8 1 8 1 2 1 8 8
left_child=1 6 4 5 10 12 -1 29 24 20 -2 -9 18 21 25 22 -17 28 -3 -8 -6 -12 -13 -24 -4 -11 -27 -28 -5 -7
right_child=2 3 8 17 9 7 19 11 -10 14 13 15 -14 -15 -16 16 -18 -19 -20 -21 -22 -23 23 -25 -26 26 27 -29 -30 -31
leaf_value=-0.048920789057001382 -0.00084879739051040297 -0.014082125096370491 0.010373247763062522 -0.0044112832434725748 -0.0086609377513039657 -0.0073500965817030256 -0.020103892698855819 -0.065420044026261226 0.045853683100061417 0.009383322871248146 -0.00044213665776573487 -0.0061871937608289464 -0.0087715945385448361 0.0056924784805606476 0.011904361886137927 -0.0022014013848635772 0.0058290843155361823 0.0007387172028822331 -0.0079637594067840881 -0.021878511014812953 0.0048335355412768349 0.0034200067697207626 0.0064233614158000774 -0.0083996853522993794 0.022566899534397545 0.0090874759505068081 0.0097865365235406902 -0.006314158009273152 -0.0010432875831526301 -0.0043296063990500453
leaf_weight=26871 2972 2968 333 2821 200 3526 3401 447 22188 8873 2019 3444 2007 5058 6788 2699 696 4955 6830 3647 1915 6399 414 5425 11406 4605 740 401 5162 4585
leaf_count=26871 2972 2968 333 2821 200 3526 3401 447 22188 8873 2019 3444 2007 5058 6788 2699 696 4955 6830 3647 1915 6399 414 5425 11406 4605 740 401 5162 4585
internal_value=2.43831e-06 -0.0138783 0.0150104 -0.00719405 0.00859269 -0.00944357 -0.0229392 -0.00723536 0.0225713 0.011536 0.00438351 -0.00501905 -0.0134159 0.00564708 0.0122799 -0.00447667 -0.00103829 -0.00144922 -0.0146561 -0.0182534 0.00400709 0.0037004 -0.00573899 -0.003969 0.0198377 0.0111037 0.00879083 0.00265118 -0.00306589 -0.0108217
internal_weight=153795 79898 73897 45979 39970 33041 33919 21236 33927 23522 16448 13125 11805 13476 21407 12678 3395 12938 9798 7048 2115 8418 9283 5839 11739 14619 5746 1141 7983 8111
internal_count=153795 79898 73897 45979 39970 33041 33919 21236 33927 23522 16448 13125 11805 13476 21407 12678 3395 12938 9798 7048 2115 8418 9283 5839 11739 14619 5746 1141 7983 8111
cat_boundaries=0 1 2 3 4 5 6
cat_threshold=18 57516 512 54277 29953 96
is_linear=0
shrinkage=0.05


Tree=28
num_leaves=31
num_cat=8
split_feature=19 19 19 15 15 19 11 15 18 0 15 13 2 15 12 15 0 16 3 15 3 0 0 11 0 3 0 14 1 0
split_gain=12315.3 2079.37 1395.95 321.843 167.833 76.3959 73.6762 67.142 66.845 53.2679 48.3499 34.6272 50.0505 29.7231 29.1054 25.5679 25.1159 22.0413 21.433 21.2858 20.8172 28.8015 21.2752 19.7736 19.766 30.4842 18.3787 18.287 17.557 17.2631
threshold=4.0547146447304216 1.7808891308395804 6.0759637531691846 3.309256445875921 4.6468619874685126 1.2265387626498441 3.851210301366216 6.5459276731992668 0.3167886096558345 0 5.1508524153530333 4.078384184158887 1.5000000000000002 2.0698572641558219 4.1116928651754314 5.8965548831710768 1 1.0534090616985299 4.5000000000000009 2.7314570030009899 4.5000000000000009 2 3 4.0613043372021433 4 1.0000000180025095e-35 5 4.1964495020720998 6 7
decision_type=10 8 10 8 8 10 10 10 10 1 10 10 2 10 8 8 1 10 2 10 2 1 1 8 1 2 1 8 1 1
left_child=1 5 4 8 14 -1 9 15 13 -5 17 20 27 -3 -2 28 -8 -6 -12 -10 21 -11 -22 -16 -25 -26 -7 -13 -4 -14
right_child=2 3 7 6 10 26 16 -9 19 11 18 12 29 -15 23 -17 -18 -19 -20 -21 22 -23 -24 24 25 -27 -28 -29 -30 -31
leaf_value=-0.046474749604151315 -9.6367513388906373e-05 -0.012401397175889173 -0.00613506566276667 -0.064998246533361448 0.0078410466293198818 -0.025124152185767704 0.011675388635067419 0.041476696042836686 -0.011668469270596327 -0.0062018971586058182 0.008976328141560375 0.0028035358169576697 -0.0067015703039002622 -0.0072596531519655734 4.2701088328578335e-05 0.022382944819802075 0.00022032473731270485 -0.0048134278569948123 0.015094500024583636 -0.002756120682933827 0.0011900441555066088 -0.0029893643746389479 -0.0035391998556804196 0.001451364134634048 0.010479868442006369 0.0037500539068934472 -0.019098698063913025 0.022717583328149396 0.026284259818709788 0.0037385279628615823
leaf_weight=26774 3134 2412 112 488 12624 942 554 22965 2692 5785 9089 406 961 11955 1604 10578 6401 523 2479 2249 1991 7321 3224 2733 944 5724 6111 444 166 425
leaf_count=26774 3134 2412 112 488 12624 942 554 22965 2692 5785 9089 406 961 11955 1604 10578 6401 523 2479 2249 1991 7321 3224 2733 944 5724 6111 444 166 425
internal_value=-3.15324e-05 -0.0134218 0.0149174 -0.00665321 0.00845215 -0.0228878 -0.00322857 0.0223448 -0.0116195 -0.00470302 0.0109377 -0.00430666 0.0015653 -0.0133448 0.00410743 0.0191046 0.00123293 0.00886324 0.0132953 -0.00660291 -0.00502565 -0.00608881 -0.00235379 0.00531804 0.00619349 0.00765948 -0.0182582 0.0111176 0.00413669 -0.00429293
internal_weight=153810 81135 72675 47308 38854 33827 28000 33821 19308 21045 24715 20557 2236 14367 14139 10856 6955 13147 11568 4941 18321 13106 5215 11005 9401 6668 7053 850 278 1386
internal_count=153810 81135 72675 47308 38854 33827 28000 33821 19308 21045 24715 20557 2236 14367 14139 10856 6955 13147 11568 4941 18321 13106 5215 11005 9401 6668 7053 850 278 1386
cat_boundaries=0 1 2 3 4 5 6 7 8
cat_threshold=18 833 8420 16548 17932 8512 2 33896
is_linear=0
shrinkage=0.05


Tree=29
num_leaves=31
num_cat=7
split_feature=17 17 17 17 17 17 0 17 10 18 20 11 1 0 0 11 0 3 16 3 17 10 3 11 3 0 3 11 1 10
split_gain=11292.5 2082.22 1443.1 211.561 174.716 127.845 124.624 92.0386 81.8246 49.2673 39.8687 38.3028 50.23 116.724 82.4904 33.636 32.3159 55.0234 30.0667 29.9815 29.6746 26.4949 23.833 22.7282 20.4746 20.8193 23.2017 19.8609 19.0151 18.7081
threshold=4.0476670809546631 2.0647500501412157 5.9846033661852216 3.3288563936356126 1.1331169228833025 4.6745182522530433 0 6.6240018186301031 3.7853247081855312 0.25884648863984522 0.33262307441972788 3.851210301366216 1 2 3 4.1782257526074966 4 3.5000000000000004 0.53647624583751596 5.5000000000000009 4.0328120579544606 4.1782257526074966 1.0000000180025095e-35 3.2208718355029702 1.0000000180025095e-35 5 4.5000000000000009 4.7677140248653798 6 6.0089360204757645
decision_type=10 8 10 8 10 10 1 10 8 10 10 8 1 1 1 8 1 2 10 2 8 8 2 10 2 1 2 8 1 8
left_child=1 4 5 9 -1 15 -5 29 18 24 -6 -10 13 -13 28 -2 17 22 -8 -12 -15 -17 -7 -11 -3 26 -26 -18 -14 -4
right_child=2 3 7 6 10 16 8 -9 11 23 19 12 14 20 -16 21 27 -19 -20 -21 -22 -23 -24 -25 25 -27 -28 -29 -30 -31
leaf_value=-0.044151012123943748 0.00025196454896168067 -0.0032381099430792929 0.012077548131923877 -0.057774173021438086 -0.016278357154660028 0.01453388683616188 -0.0039386399320710643 0.040543956402132819 -0.0027559732662474357 -0.0070384619094729824 -0.01931124358565417 -0.0018665893970713388 -0.10061018888041243 0.004383171804201824 0.00075622843047209456 0.00068169955442622945 0.0019686389097326898 0.011996062172168288 0.00020378195572769988 -0.0083439057241512689 0.044011400452900022 0.0045354592434268875 0.0054604155456988938 0.00022006031977099829 -0.0073377115586517275 -0.0081226711836223982 -0.0015597421309996085 0.0078026386000340509 -0.024303136438115526 0.018832831665531759
leaf_weight=23613 3909 1285 838 797 6790 2003 8097 23384 5365 5318 5335 2708 258 320 6615 2503 1402 4548 1715 987 1627 9519 6136 1052 2221 6049 1050 7561 1081 9946
leaf_count=23613 3909 1285 838 797 6790 2003 8097 23384 5365 5318 5335 2708 258 320 6615 2503 1402 4548 1715 987 1627 9519 6136 1052 2221 6049 1050 7561 1081 9946
internal_value=0.000159058 -0.0124828 0.014657 -0.00534154 -0.0213417 0.00789561 -0.00271578 0.0220938 -0.00215139 -0.00976289 -0.0167137 -0.000147435 0.00135816 0.00548335 -0.00105607 0.00449595 0.0103972 0.0120324 -0.0058245 -0.0138564 0.0147803 0.00580602 0.00958042 -0.00628728 -0.0118505 -0.0126663 -0.00933404 0.00806029 -0.0123239 0.0182724
internal_weight=154032 82283 71749 45558 36725 37581 28583 34168 27786 16975 13112 17974 12609 4655 7954 15931 21650 12687 9812 6322 1947 12022 8139 6370 10605 9320 3271 8963 1339 10784
internal_count=154032 82283 71749 45558 36725 37581 28583 34168 27786 16975 13112 17974 12609 4655 7954 15931 21650 12687 9812 6322 1947 12022 8139 6370 10605 9320 3271 8963 1339 10784
cat_boundaries=0 1 2 3 4 5 6 7
cat_threshold=18 1 43564 448 25857 37496 2
is_linear=0
shrinkage=0.05


Tree=30
num_leaves=31
num_cat=7
split_feature=19 19 19 17 17 17 20 18 0 12 10 10 17 17 10 18 20 0 10 0 0 4 13 0 4 10 0 10 0 17
split_gain=11206.1 1796.12 1641.44 207.232 172.397 146.235 106.751 59.7539 59.4398 47.0838 42.6512 35.294 32.8742 28.5097 27.9307 27.6188 26.2061 24.2724 23.4406 21.0774 20.8968 18.7505 17.6818 16.2784 16.2735 15.058 15.0509 14.8337 14.6525 14.2746
threshold=3.9000361593128057 5.8194007463125876 1.7207115426956598 4.3429291524857421 3.2523401430370171 6.6240018186301031 0.33262307441972788 0.26020357870899968 0 4.8831805670573258 3.714790094103249 5.8431095293661679 2.7175596285094659 1.0912323333562595 3.0468977391027221 0.60129399003526218 0.22791741568860363 1 4.0613043372021433 2 3 2.5000000000000004 5.2472871608274358 4 9.5000000000000018 6.2360759619286528 5 4.4432391460348235 6 1.0550560724779408
decision_type=10 10 8 8 8 8 10 10 1 10 8 8 10 10 10 10 10 1 8 1 1 2 8 1 2 10 1 8 1 10
left_child=2 3 6 18 7 11 29 12 -6 15 16 26 -4 -8 -9 27 -10 -17 23 -12 -20 -22 -11 -2 -21 -13 -3 -5 -26 -1
right_child=1 5 4 9 8 -7 13 14 10 22 19 25 -14 -15 -16 17 -18 -19 20 24 21 -23 -24 -25 28 -27 -28 -29 -30 -31
leaf_value=-0.041943461517746562 -0.0071491438428668234 -0.0016280444585310861 -0.010251144562862491 0.0025712362719010119 -0.058991767671779785 0.038744150267628591 -0.041943461517746562 -0.0082427747522467072 -0.0044240079304566525 0.0066355005207403561 0.004424321005878174 0.015583506487670373 -0.0055060652217359231 -0.020501801458108149 -5.5696197379928594e-05 -0.0071287991391471017 -0.0033703534878249731 0.012282443620616368 -0.0010949645368662608 -0.0032795816322551464 0.0053282871275104789 0.0017860498404559167 0.010108761510183629 -0.00015319986801367593 0.002592247098164835 0.018375406343152181 0.012508001756618993 0.0058333238131273342 -0.0023037316738502623 -0.02167020521586668
leaf_weight=19761 524 288 4836 1958 474 24237 2522 6548 4070 4285 1351 6175 6974 5155 1187 763 4762 934 2775 7931 1343 5787 7324 4782 1143 5180 577 12628 1960 5803
leaf_count=19761 524 288 4836 1958 474 24237 2522 6548 4070 4285 1351 6175 6974 5155 1187 763 4762 934 2775 7931 1343 5787 7324 4782 1143 5180 577 12628 1960 5803
internal_value=5.95636e-05 0.0131077 -0.0138791 0.00619852 -0.00721457 0.0212764 -0.0221466 -0.0106204 -0.00414573 0.00875878 -0.00374641 0.0168167 -0.0128577 -0.016976 -0.00720427 0.0070242 -0.00640285 0.000987036 0.00150385 -0.00185507 0.00294043 0.00436975 0.0111917 -0.00117791 -0.00257606 0.0175583 0.00708092 0.00772659 0.00049146 -0.0236993
internal_weight=154037 79560 74477 43103 41236 36457 33241 19545 21691 27892 21217 12220 11810 7677 7735 16283 8832 1697 15211 12385 9905 7130 11609 5306 11034 11355 865 14586 3103 25564
internal_count=154037 79560 74477 43103 41236 36457 33241 19545 21691 27892 21217 12220 11810 7677 7735 16283 8832 1697 15211 12385 9905 7130 11609 5306 11034 11355 865 14586 3103 25564
cat_boundaries=0 1 2 3 4 5 6 7
cat_threshold=18 552 16897 8360 12800 512 40192
is_linear=0
shrinkage=0.05


Tree=31
num_leaves=31
num_cat=4
split_feature=19 17 19 17 15 17 17 15 0 20 19 20 20 10 15 10 22 0 4 11 0 22 11 15 0 19 22 15 20 19
split_gain=10833.9 1954.12 1520.37 240.995 172.133 146.825 112.244 63.2921 52.4651 44.4381 38.3217 37.9144 31.5699 26.8744 23.3007 21.2942 20.1781 20.1134 20.5939 20.1009 20.4433 16.6885 16.5756 16.4782 16.174 15.6818 14.643 13.2605 12.7203 12.3359
threshold=3.8041492179738285 5.9140861737207411 1.6720018628256514 4.2637237002328687 3.0654494691438128 6.6240018186301031 1.1118205962643211 5.0958034654399524 0 0.22632710490960237 4.6879520047297154 0.33262307441972788 0.25079351240165704 4.4432391460348235 2.7314570030009899 6.1250115107791077 8.8216343874678422 1 8.5000000000000018 3.9522043336703749 2 8.3902758943614213 4.3047403127531068 3.6116857073428057 3 2.9139397754017575 6.2084915373643383 2.8352613534433702 0.28401937300574881 4.7934515656378753
decision_type=10 8 8 10 8 10 10 10 1 8 10 10 10 8 10 8 10 1 2 8 1 10 8 10 1 10 10 10 10 10
left_child=2 3 6 19 12 10 28 13 -6 23 -3 -8 14 -5 -4 21 -9 18 -11 20 -2 -12 -15 -10 -14 27 -20 -16 -1 -24
right_child=1 5 4 7 8 -7 11 16 9 17 15 -13 24 22 25 -17 -18 -19 26 -21 -22 -23 29 -25 -26 -27 -28 -29 -30 -31
leaf_value=-0.039846288441859237 0.00041382362606745549 -0.00023909900701652998 -0.0096959857080426218 0.0017694692881503383 -0.055910037172032495 0.036602105466227733 -0.020586694955073349 0.0084130755164940393 -0.004572777604675571 0.0035164856040169725 0.011694020826861218 -0.018683645723869737 -0.0060388177225757294 0.0015916610942866784 -0.0053252732896178941 0.018272293579997136 -0.0065510351429452392 -0.003409103307841155 -0.0016691745264749481 0.0010517688698302053 -0.0044618050136288499 -0.0075239057567630498 0.0063166465077122876 -0.0012531250550405382 -0.0097060421105089403 -0.0068893624097067013 -0.01669193054123539 -0.0021650971880854074 -0.037406780599795332 0.0051144235595314228
leaf_weight=19015 2636 325 4065 3815 516 23265 4188 11475 6238 1354 1669 4684 2793 1393 796 11191 72 12984 358 11014 2110 67 6700 1647 4701 2179 149 1022 4961 6662
leaf_count=19015 2636 325 4065 3815 516 23265 4188 11475 6238 1354 1669 4684 2793 1393 796 11191 72 12984 358 11014 2110 67 6700 1647 4701 2179 149 1022 4961 6662
internal_value=8.53652e-05 0.0124505 -0.014134 0.00558068 -0.00743261 0.0210813 -0.02205 0.00820218 -0.00470834 -0.00434257 0.0168805 -0.0172453 -0.0115036 0.00639472 -0.0136753 0.0173068 0.0111089 -0.00273324 0.00212453 0.000571066 -0.00214918 0.0121544 0.00736191 -0.00737793 -0.00916733 -0.0109645 -0.00645957 -0.00753575 -0.023828 0.00790301
internal_weight=154044 82394 71650 45877 38802 36517 32848 30117 23246 22730 13252 8872 15556 18570 8062 12927 11547 14845 1861 15760 4746 1736 14755 7885 7494 3997 507 1818 23976 13362
internal_count=154044 82394 71650 45877 38802 36517 32848 30117 23246 22730 13252 8872 15556 18570 8062 12927 11547 14845 1861 15760 4746 1736 14755 7885 7494 3997 507 1818 23976 13362
cat_boundaries=0 1 2 3 4
cat_threshold=18 16901 16460 2344
is_linear=0
shrinkage=0.05


Tree=32
num_leaves=31
num_cat=7
split_feature=17 17 17 15 15 17 0 17 10 0 20 15 11 14 11 3 3 3 0 3 0 3 0 3 0 3 9 3 0 18
split_gain=9892.29 2050.18 1513.27 276.664 159.89 121.747 120.396 71.6947 55.9943 54.7598 46.9103 45.6955 41.2027 31.5234 30.8238 28.9628 28.2936 27.3355 28.8888 28.8696 30.2818 61.233 37.5626 23.4619 33.5318 23.4092 54.5359 22.8598 21.801 20.5652
threshold=4.0181830448838118 1.6414136698039428 6.3242577404529818 3.2345071102331708 4.7523764891006461 1.0912323333562595 0 6.708951165810535 3.714790094103249 1 0.30614362350482788 5.3957981186241541 5.564711941513889 5.7274987893458471 4.0613043372021433 4.5000000000000009 3.5000000000000004 4.5000000000000009 2 3.5000000000000004 3 2.5000000000000004 4 4.5000000000000009 5 1.0000000180025095e-35 1.0000000180025095e-35 5.5000000000000009 6 0.42263741371633773
decision_type=10 8 10 8 8 10 1 10 8 1 10 10 10 10 8 2 2 2 1 2 1 2 1 2 1 2 2 2 1 10
left_child=1 5 4 9 14 -1 -5 -4 29 15 -7 23 13 17 -2 16 -3 19 27 20 21 28 -23 -6 -25 26 -16 -19 -10 -8
right_child=2 3 7 6 11 10 8 -9 12 -11 -12 -13 -14 -15 25 -17 -18 18 -20 -21 -22 22 -24 24 -26 -27 -28 -29 -30 -31
leaf_value=-0.037853974019766271 -0.00078752698969484234 -0.0050890656968324956 0.017684975730027565 -0.050795976872385885 0.0056905861753554282 -0.019557360207319685 -0.0035847613893271405 0.036129150270736154 -0.0065228538788291712 -0.0080062026539170494 -0.018067410820368137 0.010563255620734457 0.049398908536616881 0.048771312349926224 -3.1559574977468863e-05 -0.0018299315365842173 -0.010156458329158858 0.0095141302442782408 -1.3192891610647184e-05 -0.0054588859606708234 -0.0025728175126437103 0.015651173071833703 -0.0021616400288803962 0.015377718730210745 0.0079165445733063063 0.0022674639616342197 0.0099456289255575939 -0.0011478742498440165 0.0015231433202857582 -0.0017935146752716014
leaf_weight=22418 2894 4556 9653 859 12078 3760 7850 20960 1466 10695 5339 8092 275 211 860 2345 1412 848 4180 2578 6802 1223 418 977 3263 12780 1213 342 1199 2284
leaf_count=22418 2894 4556 9653 859 12078 3760 7850 20960 1466 10695 5339 8092 275 211 860 2345 1412 848 4180 2578 6802 1223 418 977 3263 12780 1213 342 1199 2284
internal_value=4.03042e-05 -0.0119732 0.0134224 -0.00563097 0.00727815 -0.0219429 -0.00268299 0.0218837 -0.00214411 -0.0103667 -0.0170651 0.00990373 -0.0005808 -0.000855089 0.00366682 -0.00729004 -0.00914879 -0.00106791 0.00195531 -0.00225413 -0.00114782 0.0021316 0.00973492 0.00838032 0.0115802 0.00458662 0.0095152 0.00879167 -0.00254221 -0.00516084
internal_weight=153830 81060 72770 49543 42157 31517 30535 30613 29676 19008 9099 24410 19542 19267 17747 8313 5968 19056 5370 13686 11108 4306 1641 16318 4240 14853 2073 1190 2665 10134
internal_count=153830 81060 72770 49543 42157 31517 30535 30613 29676 19008 9099 24410 19542 19267 17747 8313 5968 19056 5370 13686 11108 4306 1641 16318 4240 14853 2073 1190 2665 10134
cat_boundaries=0 1 2 3 4 5 6 7
cat_threshold=18 24936 16421 37641 265 1 264
is_linear=0
shrinkage=0.05


Tree=33
num_leaves=31
num_cat=0
split_feature=19 19 19 15 19 15 20 15 20 15 11 15 18 18 3 3 10 12 11 19 3 22 3 20 15 3 4 18 3 20
split_gain=9922.68 1974.12 1557.56 209.629 167.897 157.876 125.754 44.2343 41.9943 40.6123 35.7942 34.8076 30.9829 29.2337 29.2139 27.0301 23.2854 23.1509 21.9601 21.7938 21.4966 21.0695 20.5967 20.3363 20.2881 20.2639 18.382 17.6721 16.5164 32.5127
threshold=3.7856332894721603 5.8194007463125876 1.6234161649412209 4.3394273400248649 6.7483126554091513 2.8946446114230837 0.33262307441972788 5.0958034654399524 0.29683532831969367 6.2405899717341891 3.4672959664678489 1.1269433577172636 0.22638412985025444 0.64138108983628761 3.5000000000000004 1.5000000000000002 4.3999891466276564 3.3690170020819612 4.555454455674333 2.9139397754017575 1.0000000180025095e-35 8.2946502110986433 4.5000000000000009 0.29815186983384828 1.098649041116053 4.5000000000000009 2.5000000000000004 0.25395495138500807 1.0000000180025095e-35 0.289530375812656
decision_type=10 10 8 8 10 8 10 10 10 8 10 8 10 10 2 2 10 10 10 8 2 10 2 10 10 2 2 10 2 10
left_child=2 3 6 26 9 12 24 13 10 21 16 -8 -4 20 -9 -10 17 19 -12 -7 23 -3 -22 -5 -1 -14 -2 -24 29 -28
right_child=1 4 5 7 -6 8 11 14 15 -11 18 -13 25 -15 -16 -17 -18 -19 -20 -21 22 -23 27 -25 -26 -27 28 -29 -30 -31
leaf_value=-0.035961275318777956 0.0028297375702610152 0.010482645414971438 -0.0079011773473094075 0.010816602014506561 0.035149862175534306 -0.0014765059872321352 -0.029095154473698537 0.0060762611769692226 -0.0073592043929769039 0.016771618873345995 -0.0014356906175425179 -0.018323689905896081 -0.010297163217484175 0.0015622275301286682 0.0096513566517405069 -0.00070889442129076221 0.071059557412779209 -0.0021007974119231498 0.066048718045997129 -0.0069637165135529866 0.0032059087077379368 -0.0026964378041534733 0.0043831874926505421 0.0052776441235529159 -0.017616512522614404 -0.005123054860975685 0.0053238850172210757 0.011707648152490591 -0.0004618660683950893 -0.0027822569030244606
leaf_weight=20911 2610 2978 5850 1262 20571 1050 2491 6884 2550 12704 3994 4606 4776 2286 4004 7307 74 2653 99 8652 9411 158 3202 554 4184 1902 1272 1510 12734 914
leaf_count=20911 2610 2978 5850 1262 20571 1050 2491 6884 2550 12704 3994 4606 4776 2286 4004 7307 74 2653 99 8652 9411 158 3202 554 4184 1902 1272 1510 12734 914
internal_value=-3.32462e-05 0.0117038 -0.0137439 0.00489302 0.0204286 -0.00701223 -0.0218797 0.00749407 -0.00481728 0.0165593 -0.00635819 -0.0160032 -0.0116339 0.00598765 0.0100156 -0.00223445 -0.0076937 -0.00786119 -0.00230271 -0.00899299 0.00674603 0.0114636 0.00608759 0.0118667 -0.0235415 -0.00930668 0.000573303 0.00878608 -0.000103887 0.00391125
internal_weight=154153 83054 71099 46643 36411 38907 32192 29113 26379 15840 16522 7097 12528 18225 10888 9857 12429 12355 4093 9702 15939 3136 14123 1816 25095 6678 17530 4712 14920 2186
internal_count=154153 83054 71099 46643 36411 38907 32192 29113 26379 15840 16522 7097 12528 18225 10888 9857 12429 12355 4093 9702 15939 3136 14123 1816 25095 6678 17530 4712 14920 2186
is_linear=0
shrinkage=0.05


Tree=34
num_leaves=31
num_cat=5
split_feature=19 19 19 17 20 17 17 17 11 0 20 20 17 1 20 17 11 10 19 4 0 14 2 0 10 20 0 4 17 20
split_gain=9055.43 1859.49 1411.65 208.612 128.664 122.298 120.074 52.3463 51.9426 43.2935 43.6253 41.9713 37.6538 32.6712 29.9627 29.4977 28.8845 27.1077 24.5687 21.9329 32.6809 20.3092 20.9814 19.8948 18.2998 18.082 17.6811 16.114 15.7978 15.5529
threshold=3.8246933602092636 6.2220901651452456 1.6234161649412209 4.3904417898641563 0.32842814375756396 6.708951165810535 2.7175596285094659 5.4374463361176195 3.4672959664678489 0 0.28401937300574881 0.23409538931324955 0.98700934619208625 1 0.44249796011961912 0.8553453582061773 4.8831805670573258 4.0439276922482579 3.3772541990606237 8.5000000000000018 2 3.7388586794858525 1.5000000000000002 3 3.4672959664678489 0.53814824247560333 4 2.5000000000000004 6.4695170288218904 0.25079351240165704
decision_type=10 10 8 8 10 8 8 8 10 1 8 10 10 1 10 10 10 8 10 2 1 8 2 1 10 10 1 2 10 10
left_child=2 3 4 17 15 13 11 16 9 -8 24 -4 -6 14 -3 -1 25 -2 -10 -9 -21 22 -19 -12 -11 27 -27 -5 -15 -17
right_child=1 5 6 7 12 -7 8 19 18 10 23 -13 -14 28 -16 29 -18 21 -20 20 -22 -23 -24 -25 -26 26 -28 -29 -30 -31
leaf_value=-0.034163211552839058 -0.00093402397890489657 0.0077825021248718821 -0.0087246183171261881 0.0063077182151376476 -0.034628492987196224 0.032958709513229767 -0.050226550644133929 0.011160742538376622 0.0034077125485101334 -0.0045076593423479805 0.0035591211354819353 -0.0084519838257991701 -0.015367869076413 0.013067894647251443 -0.013344188764473764 -0.017339597909192817 0.0067532889021709955 -0.014042059703643939 -0.001649455437689007 -0.0013873412235165805 0.011158277846163411 0.0021268574431047237 0.0023777225113454925 -0.0047243743407615613 -0.0014651095765868317 -0.0057030564237387843 0.0084169075971094465 0.0031973399205222465 0.01743176187447917 -0.016735686896483682
leaf_weight=13259 6279 430 3589 2143 1968 21677 498 5959 1337 9860 648 6935 5321 4648 145 6843 8906 554 6468 643 1463 10943 858 9031 1828 838 1129 9147 5985 4773
leaf_count=13259 6279 430 3589 2143 1968 21677 498 5959 1337 9860 648 6935 5321 4648 145 6843 8906 554 6468 643 1463 10943 858 9031 1828 838 1129 9147 5985 4773
internal_value=0.000253885 0.011657 -0.0126289 0.00547051 -0.0204359 0.0208492 -0.00638155 0.0080356 -0.00475396 -0.00600389 -0.00565444 -0.0109702 -0.0145939 0.0166087 0.005 -0.0221477 0.00678044 0.00130943 -0.0012524 0.0114848 0.00709877 0.00266896 -0.0029745 -0.0031744 -0.00771304 0.00530097 0.00087697 0.00607174 0.0172364 -0.0203082
internal_weight=154105 81747 72358 48862 32164 32885 40194 30228 29670 21865 21367 10524 7289 11208 575 24875 22163 18634 7805 8065 2106 12355 1412 9679 11688 13257 1967 11290 10633 11616
internal_count=154105 81747 72358 48862 32164 32885 40194 30228 29670 21865 21367 10524 7289 11208 575 24875 22163 18634 7805 8065 2106 12355 1412 9679 11688 13257 1967 11290 10633 11616
cat_boundaries=0 1 2 3 4 5
cat_threshold=18 2 4736 53253 544
is_linear=0
shrinkage=0.05


Tree=35
num_leaves=31
num_cat=7
split_feature=19 19 19 15 19 15 19 0 0 11 18 11 12 19 0 11 1 0 22 10 19 10 11 10 4 0 0 4 4 15
split_gain=8615.85 1913.83 1266.46 228.611 142.92 105.534 99.6892 61.627 48.2942 47.4272 44.6526 37.4564 28.0025 27.275 26.609 26.1533 23.8212 22.2416 20.7507 19.9086 21.8943 23.0867 19.4255 19.3847 17.2881 63.0732 22.5134 16.9494 16.842 16.4184
threshold=4.1525332578253762 1.7207115426956598 6.3620522238071855 3.309256445875921 1.0187400108153508 5.1508524153530333 6.7483126554091513 0 1 3.8722415940098038 0.31464531841043047 5.8407869850884175 3.8722415940098038 0.85334004793109941 2 4.3047403127531068 3 4 8.8216343874678422 2.0731521505764063 3.1896877399293557 3.180132835422278 6.2620638758769092 4.4432391460348235 8.5000000000000018 5 6 9.5000000000000018 2.5000000000000004 2.2964226033534856
decision_type=10 8 10 8 10 8 10 1 1 10 10 10 10 10 1 8 1 1 10 8 10 10 8 8 2 1 1 2 2 10
left_child=1 4 5 8 13 15 16 -5 29 12 -6 18 28 -1 -11 17 22 -2 24 -10 21 -21 -4 -17 26 27 -7 -26 -9 -3
right_child=2 3 6 7 10 11 -8 9 19 14 -12 -13 -14 -15 -16 23 -18 -19 -20 20 -22 -23 -24 -25 25 -27 -28 -29 -30 -31
leaf_value=-0.03245505097519711 -0.005790976042405283 -0.01351929853927838 -0.006299592439778845 -0.047715223111927232 -0.015104843528547442 0.0039548116974944319 0.031830717274872987 -0.00018819243921561757 -0.010214684236256178 0.010744096886864308 -0.014984071861037163 0.013164660221136959 0.0006375474149124317 -0.023338973552101405 0.00044439821865172036 0.0014616700009520756 0.015716887266472978 0.0016333287223421868 -0.0074774883956022949 -0.0052562257576477369 -0.0091185934639699488 0.00036504167705546657 0.011077690543803165 0.0044080969140989799 0.0012260702238838129 0.007438785204478382 0.0086131104320264391 -0.0095085768155252839 -0.0032387749326986629 -0.0033123750217053053
leaf_weight=13684 804 1068 122 491 7098 1607 20431 3005 2301 700 5327 3737 4548 7132 7813 3585 9450 3091 64 7574 1504 638 325 12552 417 3867 8650 487 14928 6664
leaf_count=13684 804 1068 122 491 7098 1607 20431 3005 2301 700 5327 3737 4548 7132 7813 3585 9450 3091 64 7574 1504 638 325 12552 417 3867 8650 487 14928 6664
internal_value=0.000194906 -0.01052 0.013277 -0.00445798 -0.0198633 0.00730102 0.0209345 -0.00181277 -0.00867512 -0.00153045 -0.0156197 0.00998858 -0.00273453 -0.0223962 0.00164748 0.00477486 0.0168157 0.00109756 0.00887888 -0.0106614 -0.00967991 -0.00866415 0.00553691 0.00566245 0.00899987 0.00651331 0.0101565 -0.00536105 -0.00362321 -0.00556704
internal_weight=153664 84475 69189 51234 33241 38861 30328 31485 19749 30994 12425 18829 22481 20816 8513 20032 9897 3895 15092 12017 9716 8212 447 16137 15028 4771 10257 904 17933 7732
internal_count=153664 84475 69189 51234 33241 38861 30328 31485 19749 30994 12425 18829 22481 20816 8513 20032 9897 3895 15092 12017 9716 8212 447 16137 15028 4771 10257 904 17933 7732
cat_boundaries=0 1 2 3 4 5 6 7
cat_threshold=18 16744 833 2 544 2688 10272
is_linear=0
shrinkage=0.05


Tree=36
num_leaves=31
num_cat=1
split_feature=19 19 19 15 20 15 19 15 15 12 3 18 3 20 15 20 1 3 3 12 3 3 19 20 18 3 3 9 9 4
split_gain=8205.98 1920.72 1310.29 196.523 149.481 135.238 63.774 56.7748 50.3248 42.0812 36.0103 33.3575 28.7404 55.2801 26.9551 26.722 26.279 26.1908 25.7107 24.3073 21.9944 21.2265 21.9561 19.2136 18.1177 17.5574 17.1309 24.9288 16.1358 21.4281
threshold=4.1335283774900953 1.6720018628256514 6.4499233512262695 3.2345071102331708 0.28401937300574881 5.0958034654399524 6.8900068172296303 3.7312383511270681 0.94911281902109634 5.8394781477590962 4.5000000000000009 0.28374293559508884 1.0000000180025095e-35 0.3391657509649269 2.0698572641558219 0.21095475912120176 0 5.5000000000000009 3.5000000000000004 4.2377228844097417 1.0000000180025095e-35 4.5000000000000009 5.747681651823993 0.7183379324260305 0.21388554535115337 1.5000000000000002 4.5000000000000009 1.0000000180025095e-35 1.0000000180025095e-35 7.5000000000000009
decision_type=10 8 10 8 10 8 10 10 8 10 2 10 2 10 10 10 1 2 2 8 2 2 10 10 10 2 2 2 2 2
left_child=1 4 5 11 15 12 16 10 -6 21 18 14 13 -2 -3 -1 23 -10 24 -14 -16 22 -7 -4 -5 -26 -22 -28 -12 -30
right_child=2 3 6 7 8 9 -8 -9 17 -11 28 -13 19 -15 20 -17 -18 -19 -20 -21 26 -23 -24 -25 25 -27 27 -29 29 -31
leaf_value=-0.030832298426437255 0.0091035712806259994 -0.0086878545766339195 0.0099776370931204741 -0.0040559840740018284 -0.03141007768969524 0.0049266310445323924 0.032719735991817836 0.00027278162706365631 -0.016242760598156391 0.011987566572334752 0.00057366624769920047 -0.0056667003603253722 -0.0003673500280491071 -0.0037435441186374433 -0.0012694059869889031 -0.020315958776330315 0.017992644202572228 -0.0080485580983009671 -0.007860194190448689 0.0027381129715562838 -0.005943671443864474 0.010395894136813988 0.0093056010161371334 -0.012080845221433423 -0.0040141715202952405 0.00088842882119960498 -0.0013908390911500203 -0.0066506414477185642 -0.0069452664262199875 0.00062762997982708242
leaf_weight=13346 1962 2634 289 5627 2676 9646 15793 13651 7019 5224 4702 6118 2948 655 1171 8550 11999 1228 2822 14150 6231 4229 3068 74 2576 2652 1558 1083 404 340
leaf_count=13346 1962 2634 289 5627 2676 9646 15793 13651 7019 5224 4702 6118 2948 655 1171 8550 11999 1228 2822 14150 6231 4229 3068 74 2576 2652 1558 1083 404 340
internal_value=0.000116076 -0.0103842 0.0127679 -0.00436648 -0.0198399 0.00716059 0.021109 -0.00202905 -0.0150623 0.00984008 -0.00378732 -0.0084424 0.00414786 0.00902751 -0.00990573 -0.0222232 0.0184193 -0.013129 -0.00515647 0.00340098 -0.00872498 0.00863041 0.00760972 0.00516529 -0.00405113 -0.00193191 -0.00957507 -0.0062003 -0.00034888 -0.00719086
internal_weight=154425 84388 70037 51569 32819 41882 28155 32774 10923 22167 19123 18795 19715 2617 12677 21896 12362 8247 13677 17098 10043 16943 12714 363 10855 5228 8872 2641 5446 744
internal_count=154425 84388 70037 51569 32819 41882 28155 32774 10923 22167 19123 18795 19715 2617 12677 21896 12362 8247 13677 17098 10043 16943 12714 363 10855 5228 8872 2641 5446 744
cat_boundaries=0 1
cat_threshold=2
is_linear=0
shrinkage=0.05


Tree=37
num_leaves=31
num_cat=9
split_feature=17 17 17 15 17 0 15 17 0 20 11 3 3 0 0 3 3 0 0 17 3 11 3 0 3 0 3 0 3 3
split_gain=7516.01 1852.49 1378.63 208.593 118.23 114.682 109.411 107.867 56.3594 42.4546 35.1981 34.9764 62.1632 45.2938 38.6289 33.6026 30.0051 144.952 35.6174 31.5081 29.5239 27.4312 27.2674 37.0407 23.1214 50.2616 22.5108 23.2968 20.1099 19.4922
threshold=4.0476670809546631 1.4125626024097453 6.3791575779501395 3.309256445875921 0.97397222337983591 0 5.0958034654399524 6.8300981318843199 1 0.32614422348352162 5.8407869850884175 4.5000000000000009 3.5000000000000004 2 3 4.5000000000000009 2.5000000000000004 4 5 3.9531838811693132 3.5000000000000004 4.4432391460348235 3.5000000000000004 6 1.0000000180025095e-35 7 1.0000000180025095e-35 8 5.5000000000000009 5.5000000000000009
decision_type=10 8 10 8 10 1 8 10 1 10 10 2 2 1 1 2 2 1 1 8 2 10 2 1 2 1 2 1 2 2
left_child=1 4 6 8 -1 -5 21 -4 15 29 22 12 16 28 -14 20 18 -18 -7 -20 -3 24 26 -24 25 -2 27 -8 -13 -6
right_child=2 3 7 5 9 11 10 -9 -10 -11 -12 13 14 -15 -16 -17 17 -19 19 -21 -22 -23 23 -25 -26 -27 -28 -29 -30 -31
leaf_value=-0.029290683505115392 -0.0025240650169548575 -0.004205597235191416 0.015006755136854323 -0.041585586215104033 -0.014534829577614095 -0.0038332073981935722 0.014820984509225666 0.02966933097170692 -0.0063335036669128764 -0.014828733978554077 0.011852778599104496 0.0063331531100378593 -0.008927758791950291 -0.001290033266603441 -0.00099397785312015379 6.911018072930375e-06 0.014734458832356134 -0.0033608698564553396 -0.0015181197290889072 0.0051101292459576177 -0.0087136069239402755 0.0042020417999333098 0.0098527678632780447 0.004971600777556962 0.0008703935195581991 0.0083420811498296828 0.003623649287901598 0.0061294628432204679 0.001911336296843702 -0.01084022873907794
leaf_weight=18552 642 4509 11915 856 5907 5553 675 17531 14539 3994 3910 1572 2803 5003 1464 2430 2091 3140 4301 1776 1297 9144 3368 2810 11537 1342 7353 1259 1890 983
leaf_count=18552 642 4509 11915 856 5907 5553 675 17531 14539 3994 3910 1572 2803 5003 1464 2430 2091 3140 4301 1776 1297 9144 3368 2810 11537 1342 7353 1259 1890 983
internal_value=0.000125855 -0.0101415 0.0119982 -0.004575 -0.0202065 -0.00186788 0.00618696 0.0202948 -0.00819429 -0.0160695 0.00894581 -0.00134192 -0.00243042 0.0013733 -0.00782165 -0.00486903 -0.00106607 0.00207895 -0.00248065 0.000168392 -0.0069411 0.00382859 0.00787423 0.0104484 0.00239812 0.00738407 0.00616184 0.0109617 0.00576037 -0.018447
internal_weight=154146 82660 71486 53224 29436 30449 42040 29446 22775 10884 19375 29593 21128 8465 4267 8236 16861 5231 11630 6077 5806 22665 15465 6178 13521 1984 9287 1934 3462 6890
internal_count=154146 82660 71486 53224 29436 30449 42040 29446 22775 10884 19375 29593 21128 8465 4267 8236 16861 5231 11630 6077 5806 22665 15465 6178 13521 1984 9287 1934 3462 6890
cat_boundaries=0 1 2 3 4 5 6 7 8 9
cat_threshold=18 49512 16613 10348 329 8524 17473 16968 57344
is_linear=0
shrinkage=0.05


Tree=38
num_leaves=31
num_cat=1
split_feature=19 17 19 15 19 15 17 15 20 11 19 12 3 15 20 3 9 3 9 3 20 11 19 3 15 17 11 9 1 19
split_gain=7432.83 1744.25 1381.54 187.101 166.783 146.18 123.953 43.7219 41.8959 37.5201 36.4415 29.4261 27.5978 23.73 23.1672 21.5118 27.4823 21.5091 37.0326 30.3965 28.1598 19.241 18.0113 17.9861 17.7897 17.5815 16.4529 16.2683 16.0997 14.6339
threshold=3.7666830077037479 6.3242577404529818 1.3380103628323428 4.4548089185240025 6.7483126554091513 2.8079173188001696 0.94541141233931913 5.3703718702246652 0.2925477358779443 3.5248877695012832 4.6879520047297154 3.3690170020819612 5.5000000000000009 6.9004979722458888 0.28401937300574881 4.5000000000000009 1.0000000180025095e-35 4.5000000000000009 1.0000000180025095e-35 1.0000000180025095e-35 0.98988820112365794 3.9522043336703749 3.3772541990606237 3.5000000000000004 2.0698572641558219 2.9902518389616599 3.0933100309410118 1.0000000180025095e-35 0 3.5258544043041531
decision_type=10 8 8 8 10 8 10 10 10 10 10 10 2 10 10 2 2 2 2 2 10 8 10 2 10 8 8 2 1 8
left_child=2 3 6 21 10 15 -1 17 -8 11 -3 14 -10 -6 25 24 -17 19 -19 20 27 -2 -11 -12 -4 -7 -27 -5 -28 -30
right_child=1 4 5 7 13 9 8 -9 12 22 23 -13 -14 -15 -16 16 -18 18 -20 -21 -22 -23 -24 -25 -26 26 28 -29 29 -31
leaf_value=-0.02782614932985962 -0.0012601890566777741 -0.0045865954318674131 -0.010746924742521081 0.0082824770313808978 0.020967803935307928 -0.0017293085652172692 -0.012453687267091264 0.0074842782114462828 -0.014792730716720243 0.0037332237397126656 0.011153394860539723 -0.00098599488168907854 -0.0052008313633098661 0.029682250951136704 -0.0039075562278909851 -0.0039206772336138895 -0.011020336210623561 0.0099992897586846496 0.0012656449823644778 0.0027767063262836844 -0.073733751783286824 0.0010151541400587494 -0.0009539342573934074 0.01793316816836139 -0.0057622074934507994 -0.007714076484434962 -0.0036160848018886417 0.010576827595913607 -0.0036810460863123452 -0.030670494767926184
leaf_weight=17981 5496 341 5311 1668 6555 2929 6255 8547 4236 1152 7150 4948 717 14001 5839 3157 628 4166 1740 13402 127 15153 5016 4461 4434 1449 1012 792 3904 1528
leaf_count=17981 5496 341 5311 1668 6555 2929 6255 8547 4236 1152 7150 4948 717 14001 5839 3157 628 4166 1740 13402 127 15153 5016 4461 4434 1449 1012 792 3904 1528
internal_value=0.000129303 0.0102133 -0.011829 0.00445235 0.0192676 -0.00594512 -0.0201557 0.00694435 -0.0160287 -0.00386921 0.0145708 -0.00485099 -0.0125934 0.0219984 -0.00585649 -0.0102069 -0.00700793 0.00576045 0.00833898 0.00480799 0.00977 0.000778488 -0.000429637 0.0150439 -0.0114495 -0.00722602 -0.00845369 0.0109553 -0.0073712 -0.00844993
internal_weight=154095 83599 70496 51091 32508 41307 29189 30442 11208 27777 11952 21609 4953 20556 16661 13530 3785 21895 5906 15989 2587 20649 6168 11611 9745 10822 7893 2460 6444 5432
internal_count=154095 83599 70496 51091 32508 41307 29189 30442 11208 27777 11952 21609 4953 20556 16661 13530 3785 21895 5906 15989 2587 20649 6168 11611 9745 10822 7893 2460 6444 5432
cat_boundaries=0 1
cat_threshold=1
is_linear=0
shrinkage=0.05


Tree=39
num_leaves=31
num_cat=8
split_feature=17 17 17 15 17 17 15 0 10 15 20 11 3 0 1 0 0 3 17 16 20 3 20 10 0 3 0 20 10 0
split_gain=6815.57 1695.46 1489.8 170.336 136.058 129.134 122.701 104.494 56.3704 40.7277 40.0133 38.8613 33.2361 44.1366 29.6562 105.117 55.33 28.5261 27.8703 25.4279 25.09 24.4158 23.8341 23.1476 22.7303 21.1947 27.468 20.0581 19.0137 18.2628
threshold=3.9671871312009244 1.4125626024097453 6.3791575779501395 2.7314570030009899 0.97397222337983591 6.8118636992795096 4.7225847586044649 0 3.5248877695012832 5.7507697158752471 0.28264063108802179 5.9662749278181524 4.5000000000000009 1 2 3 4 1.0000000180025095e-35 2.4773609772751937 0.53647624583751596 0.14043528666188551 5.5000000000000009 0.24979972610822085 6.3442318044851342 5 4.5000000000000009 6 0.21095475912120176 4.1782257526074966 7
decision_type=10 8 10 8 10 10 8 1 8 10 10 10 2 1 1 1 1 2 10 10 10 2 10 8 1 2 1 10 8 1
left_child=1 4 6 22 27 23 28 -5 19 12 -6 14 17 -14 15 -10 20 24 -17 25 -16 -12 -3 -4 -8 -9 -27 -1 -2 -19
right_child=2 3 5 7 10 -7 9 8 11 -11 21 -13 13 -15 16 18 -18 29 -20 -21 -22 -23 -24 -25 -26 26 -28 -29 -30 -31
leaf_value=-0.026434841863366632 -8.9468100281786542e-05 -0.0070912763603343644 0.0078323495422790938 -0.038114999437855845 -0.011831002903736699 0.026587692427322552 0.013241356760054624 -0.0040678267190290551 -0.0028727279688237407 0.0091955393352587851 -0.013916253795643896 0.049713285265903177 0.012189248950759835 0.0048547602078340196 -0.054808713518661123 0.033914703176941431 -0.00053559740609157027 0.00027174842101735931 0.0016898577640990899 0.0012355893479751635 -0.0047520686215328572 -0.0058056593891218757 -0.0078506180872962138 0.013851706317325753 0.0064763603883130298 -0.005824648454250958 -0.00025004214179212835 -0.026960658845871979 0.0020249070162343895 0.0035881049012339798
leaf_weight=10900 5847 4433 1413 884 5148 18197 1017 8339 4633 5445 4898 208 1829 3405 773 1507 13012 2412 477 1597 3027 831 7348 9942 1489 672 2708 7458 13551 10571
leaf_count=10900 5847 4433 1413 884 5148 18197 1017 8339 4633 5445 4898 208 1829 3405 773 1507 13012 2412 477 1597 3027 831 7348 9942 1489 672 2708 7458 13551 10571
internal_value=4.56255e-05 -0.0102219 0.0108236 -0.0045941 -0.0197734 0.0195672 0.00515296 -0.0029594 -0.00254917 0.00738688 -0.015342 -0.00108411 0.00637577 0.00982041 -0.00127513 0.00156037 -0.00239115 0.00521176 0.0111585 -0.0051517 -0.00769029 -0.0124673 -0.00984424 0.0153831 0.0100958 -0.00595827 -0.00261834 -0.022399 0.0021394 0.00426904
internal_weight=153971 78853 75118 49618 29235 29552 45566 37837 36953 26168 10877 23637 20723 5234 23429 6617 16812 15489 1984 13316 3800 5729 11781 11355 2506 11719 3380 18358 19398 12983
internal_count=153971 78853 75118 49618 29235 29552 45566 37837 36953 26168 10877 23637 20723 5234 23429 6617 16812 15489 1984 13316 3800 5729 11781 11355 2506 11719 3380 18358 19398 12983
cat_boundaries=0 1 2 3 4 5 6 7 8
cat_threshold=18 16449 1 43564 1472 61568 11520 32800
is_linear=0
shrinkage=0.05


Tree=40
num_leaves=31
num_cat=2
split_feature=19 19 19 15 17 15 17 3 1 17 10 20 20 11 9 3 9 19 10 19 3 9 1 19 3 9 20 3 16 22
split_gain=6850.91 1669.2 1367.7 214.922 139.034 135.859 111.963 53.2214 42.4078 40.1159 38.5031 37.0132 34.2927 30.5112 25.4871 25.2623 66.1487 24.9342 24.7712 29.3995 24.5427 26.4593 20.0333 21.9507 20.0441 23.0684 19.1407 18.2412 17.7205 16.9609
threshold=3.7666830077037479 6.4499233512262695 1.2998258406933834 4.7523764891006461 0.94541141233931913 2.6069423984182647 6.8497772202431122 5.5000000000000009 0 5.4374463361176195 3.5567745959806172 0.28401937300574881 0.31852895159661682 4.143927747969351 1.0000000180025095e-35 1.0000000180025095e-35 1.0000000180025095e-35 3.3772541990606237 2.2975599250672958 2.4239349227705196 1.0000000180025095e-35 1.0000000180025095e-35 1 2.7509030334285378 4.5000000000000009 1.0000000180025095e-35 0.21095475912120176 5.5000000000000009 0.17220835004399274 8.140730862761929
decision_type=10 10 8 8 10 8 8 2 1 8 10 10 10 10 2 2 2 10 10 10 2 2 1 10 2 2 10 2 10 10
left_child=2 3 4 13 26 18 8 9 29 -5 11 20 27 15 28 16 -2 -12 -4 -20 21 -7 -22 -24 -25 -26 -1 -6 -9 -3
right_child=1 6 5 7 12 10 -8 14 -10 -11 17 -13 -14 -15 -16 -17 -18 -19 19 -21 22 -23 23 24 25 -27 -28 -29 -30 -31
leaf_value=-0.025113099770198301 -0.0016405927884975747 0.0036727402925098573 -0.0086448103220604141 0.0038202585391332589 -0.012273200454545153 -0.0070362927152453408 0.026155739621891216 0.0099924401750907336 0.013996493760921713 0.0068789988877767218 0.0055369376983936403 -0.002333446243221138 -0.01203085499077885 0.0020976124278199617 0.0015196365247306832 -0.00050813773646376517 0.0079742102899153632 -0.0009107651810879025 -0.001074303947549904 -0.010807030107959826 -0.00094880646439449157 0.0025279637711403736 -0.017595143880926745 -0.0038585064033287656 0.00021510143593959086 -0.0045879522594082017 -0.025612625903578379 -0.0090839827935826466 0.015411921049891399 -0.010696166188560331
leaf_weight=11057 1283 229 10061 13998 6139 828 17409 1997 10440 10422 938 9195 3510 10580 574 13458 999 4321 1412 628 1082 1107 1806 7508 1807 1355 6898 1019 2123 91
leaf_count=11057 1283 229 10061 13998 6139 828 17409 1997 10440 10422 938 9195 3510 10580 574 13458 999 4321 1412 628 1082 1107 1806 7508 1807 1355 6898 1019 2123 91
internal_value=-3.24099e-06 0.00968416 -0.0114633 0.00464787 -0.019894 -0.00572441 0.0195951 0.00760802 0.0155855 0.00667076 -0.00391775 -0.00474522 -0.0153731 0.00137348 0.012484 -2.22363e-05 0.00484224 -3.32763e-05 -0.0101954 -0.00517157 -0.00623669 -0.000968992 -0.00698849 -0.0075545 -0.00669166 -0.00335231 -0.0225801 -0.0173582 0.0138592 -0.00234375
internal_weight=154274 83603 70671 55434 28623 42048 28169 29114 10760 24420 29947 24688 10668 26320 4694 15740 2282 5259 12101 2040 15493 1935 13558 12476 10670 3162 17955 7158 4120 320
internal_count=154274 83603 70671 55434 28623 42048 28169 29114 10760 24420 29947 24688 10668 26320 4694 15740 2282 5259 12101 2040 15493 1935 13558 12476 10670 3162 17955 7158 4120 320
cat_boundaries=0 1 2
cat_threshold=2 1
is_linear=0
shrinkage=0.05


Tree=41
num_leaves=31
num_cat=7
split_feature=17 17 17 17 17 0 17 17 10 12 3 0 20 13 10 12 16 0 10 3 0 10 3 9 10 6 0 0 3 0
split_gain=6172.94 1547.31 1459.24 233.428 146.861 112.744 88.6258 73.0193 58.1979 53.9343 36.6222 33.9691 31.5569 31.4119 26.8642 25.5271 25.3694 25.3042 24.7608 22.3819 19.7326 19.4483 18.951 48.1988 18.8527 19.3518 26.9358 21.5441 18.8475 33.4831
threshold=3.9076398811730528 1.1118205962643211 6.5128464608871504 2.7175596285094659 5.4724251288440451 0 6.9004970321987651 0.8553453582061773 3.4672959664678489 4.6639105698660028 5.5000000000000009 1 0.24677126105350422 5.8270314912734955 4.0613043372021433 5.5950829886862072 0.56998527921562037 2 5.8043816618546762 5.5000000000000009 3 5.8431095293661679 1.0000000180025095e-35 1.0000000180025095e-35 5.9697295327479045 1.0000000180025095e-35 4 5 4.5000000000000009 6
decision_type=10 8 10 8 10 1 10 10 8 10 2 1 10 10 8 10 10 1 8 2 1 10 2 2 10 2 1 1 2 1
left_child=1 7 4 10 9 -5 20 -1 16 14 11 -3 -9 15 -2 24 -7 -12 -6 -14 -4 22 23 -16 25 27 -27 -10 -11 -30
right_child=2 3 6 5 18 8 -8 12 13 28 17 -13 19 -15 21 -17 -18 -19 -20 -21 -22 -23 -24 -25 -26 26 -28 -29 29 -31
leaf_value=-0.023857444781688386 -0.00065902923029985687 -0.012536370290415412 0.014245063580023044 -0.035571383501016539 0.0031349556039673935 -0.0034036712366737666 0.025560966801119189 -0.01009997575331727 0.0050774154954716273 0.0038100391570765613 -0.0078708672006140411 -0.0081963748025865816 -0.01177030033611275 0.037300216794019694 0.00020779233550707323 0.036248329032819097 0.0018224834380341061 -0.00080456416232677075 0.0088362381529488061 -0.0084954756018323137 0.0097037753285752707 -0.02335704930765017 0.0017388795433954662 0.0081013824865145533 0.048810959981585848 -0.005804206924638922 -0.0010576703105353413 -0.00056769862305743328 0.0014874670036798101 0.010007737906345772
leaf_weight=13783 5100 3455 9908 839 2183 10866 15250 4665 479 9579 1229 12498 3885 185 1278 258 1374 1633 10337 666 803 406 17815 1361 181 2452 4635 13363 1088 2097
leaf_count=13783 5100 3455 9908 839 2183 10866 15250 4665 479 9579 1229 12498 3885 185 1278 258 1374 1633 10337 666 803 406 17815 1361 181 2452 4635 13363 1088 2097
internal_value=3.30294e-05 -0.0100385 0.0100055 -0.00537214 0.00511279 -0.00293659 0.0196631 -0.0208824 -0.00248277 0.0035908 -0.00985517 -0.0107895 -0.0174371 -0.000919826 0.00228236 -0.00109744 -0.00523693 -0.0046471 0.00982029 -0.0144748 0.0161773 0.00307766 0.00329275 0.00724706 -0.00128849 -0.00142745 -0.00355228 -0.000339546 0.00625196 0.00958399
internal_weight=153651 76446 77205 53447 51244 34632 25961 22999 33793 38724 18815 15953 9216 21553 25960 21368 12240 2862 12520 4551 10711 20860 20454 2639 21110 20929 7087 13842 12764 3185
internal_count=153651 76446 77205 53447 51244 34632 25961 22999 33793 38724 18815 15953 9216 21553 25960 21368 12240 2862 12520 4551 10711 20860 20454 2639 21110 20929 7087 13842 12764 3185
cat_boundaries=0 1 2 3 4 5 6 7
cat_threshold=18 130 1668 17665 44608 36865 47616
is_linear=0
shrinkage=0.05


Tree=42
num_leaves=31
num_cat=7
split_feature=19 19 19 15 17 17 15 17 10 0 0 11 3 0 3 19 3 0 15 3 11 0 0 4 4 18 3 9 0 15
split_gain=6032.21 1562.35 1347.53 179.109 169.819 124.472 91.2876 46.5742 43.8063 38.3413 30.6901 30.4553 27.1146 41.8275 28.7642 26.8585 26.2012 35.2511 26.043 25.4852 24.9406 24.0643 22.3345 23.3239 21.2393 23.2738 19.6846 73.5338 24.0064 22.812
threshold=3.7666830077037479 6.4499233512262695 1.1194915521480315 2.0698572641558219 4.7321365098602159 6.9004970321987651 0.89587973461402826 5.8490748518935165 3.4672959664678489 0 1 4.2884022971086271 5.5000000000000009 2 1.0000000180025095e-35 3.3772541990606237 5.5000000000000009 3 1.1466826661742766 5.5000000000000009 3.8077723681394766 4 5 3.5000000000000004 7.5000000000000009 0.11536097032713168 1.0000000180025095e-35 1.0000000180025095e-35 6 4.0715897304205102
decision_type=10 10 8 8 8 8 10 8 10 1 1 10 2 1 2 10 2 1 10 2 10 1 1 2 2 10 2 2 1 8
left_child=2 4 6 16 11 9 -1 12 10 -3 -5 26 14 -14 -6 -10 17 -4 19 -8 22 -18 -12 -24 -25 -26 27 -2 -28 -30
right_child=1 5 3 8 7 -7 18 -9 15 -11 20 -13 13 -15 -16 -17 21 -19 -20 -21 -22 -23 23 24 25 -27 28 -29 29 -31
leaf_value=-0.02266457254260397 -0.0015131215872335791 0.013170832510981079 -0.012640631024686384 -0.0018819730305947636 0.0086419168177304783 0.024677656658107061 -0.010436136913135797 0.008493257897434825 0.0039340212150261959 0.0054769718009317625 -0.036153472907046201 0.0026203945939090368 0.01325131777243942 0.0025351816593877532 0.0029035402827601422 -0.001214932263373525 0.0034346666358226145 -0.0089428249053217779 -0.0099415753398121708 -0.0075989678837322999 0.0079773157100184299 -0.0062376969026772151 -0.0020579664457933688 -0.0074921963845880016 -0.014105471648699597 -0.0025172448081123401 0.00097029315942132044 0.0075335924182728725 -0.0037492685906001634 -0.00010745838692161058
leaf_weight=16310 1647 11494 3016 10410 2493 15836 5374 8837 1465 899 454 7931 1405 1321 14216 5377 485 7603 1241 912 332 1349 4296 4603 1516 5600 8277 1158 3127 4989
leaf_count=16310 1647 11494 3016 10410 2493 15836 5374 8837 1465 899 454 7931 1405 1321 14216 5377 485 7603 1241 912 332 1349 4296 4603 1516 5600 8277 1158 3127 4989
internal_value=-3.73442e-06 0.0090727 -0.0107946 -0.00584011 0.00419442 0.0186466 -0.0204608 0.00690613 -0.00396367 0.0148935 -0.00486292 0.00136846 0.00553769 0.0101614 0.00478335 -0.000387314 -0.0109713 -0.0119244 -0.0159061 -0.0172129 -0.00618494 -0.00545256 -0.00646214 -0.00613885 -0.00729798 -0.005586 0.000291697 0.00416221 -0.000370585 -0.00230126
internal_weight=153973 83630 70343 46506 55401 28229 23837 28272 34053 12393 27211 27129 19435 2726 16709 6842 12453 10619 7527 6286 16801 1834 16469 16015 11719 7116 19198 2805 16393 8116
internal_count=153973 83630 70343 46506 55401 28229 23837 28272 34053 12393 27211 27129 19435 2726 16709 6842 12453 10619 7527 6286 16801 1834 16469 16015 11719 7116 19198 2805 16393 8116
cat_boundaries=0 1 2 3 4 5 6 7
cat_threshold=17665 53289 1345 162 290 2 20813
is_linear=0
shrinkage=0.05


Tree=43
num_leaves=31
num_cat=0
split_feature=19 17 19 17 19 17 17 3 10 11 11 17 3 12 20 19 10 11 3 9 10 3 10 19 20 10 19 12 9 20
split_gain=5788.05 1503.77 1374.07 167.526 159.715 124.102 81.2553 40.7447 40.492 34.9889 30.0551 28.4149 27.0382 25.7881 25.6731 24.6623 25.4855 24.4117 26.1295 20.7728 19.6654 19.1285 18.4074 17.6856 17.5203 16.8906 20.1874 16.6642 16.4384 16.3644
threshold=3.7666830077037479 6.403170498803628 1.0973772044206531 2.5686298449536538 6.8900068172296303 4.7321365098602159 0.8553453582061773 5.5000000000000009 2.0731521505764063 3.4672959664678489 4.0613043372021433 7.0612477840652312 5.5000000000000009 3.6389002209295209 0.25079351240165704 5.6658976716624254 6.4135409176625826 5.8407869850884175 1.0000000180025095e-35 1.0000000180025095e-35 4.4432391460348235 3.5000000000000004 1.3986406674150766 3.3772541990606237 0.25379107742290496 3.2208718355029702 3.3772541990606237 4.9907726071930645 1.0000000180025095e-35 0.28401937300574881
decision_type=10 8 8 8 10 10 10 2 10 10 8 8 2 10 10 10 8 10 2 2 10 2 8 10 10 10 10 10 2 10
left_child=2 5 6 8 15 10 -1 17 12 13 -2 -6 22 25 -8 -3 -17 18 28 -9 -12 -18 -4 -11 -14 29 -27 -20 -7 -5
right_child=1 4 3 9 11 7 14 19 -10 23 20 -13 24 -15 -16 16 21 -19 27 -21 -22 -23 -24 -25 -26 26 -28 -29 -30 -31
leaf_value=-0.021531343915473768 -0.00079764864229350254 0.0074539743608509571 -0.01264079323267916 -0.0042504015976561954 0.017025783428143895 0.0071051572602834684 -0.0090731701199946117 0.010827005524827273 -0.0026515052514563433 0.0032062494659312103 0.00096287671864403457 0.028476491530257466 -0.0079703001496439722 0.0011811050425017068 -0.011891717764932176 0.0066178304687777969 0.010536166369992129 0.0074438443706780662 0.0016780005218884676 0.0010524082951268276 0.0034055964701104726 0.01721733233118412 -0.0082864482750673821 -0.00098606487618058125 -0.0028857921086637098 0.00036555098255977028 -0.0034700139126309874 0.0034844019250298789 0.011021786090925235 -0.0036434638828125587
leaf_weight=14257 7807 787 4814 10193 6720 2227 4797 3451 3599 1380 14782 9052 631 1941 4151 1809 7756 3590 7180 602 4653 4543 7456 5484 1526 2643 2716 7959 488 4772
leaf_count=14257 7807 787 4814 10193 6720 2227 4797 3451 3599 1380 14782 9052 631 1941 4151 1809 7756 3590 7180 602 4653 4543 7456 5484 1526 2643 2716 7959 488 4772
internal_value=-8.19427e-05 0.0088279 -0.0106438 -0.00574223 0.0176321 0.00370836 -0.0206044 0.00621544 -0.00953068 -0.00339782 0.00136187 0.0211387 -0.0107143 -0.00435998 -0.0168697 0.0139191 0.0143996 0.00534648 0.00459001 0.010813 0.00241446 0.0152147 -0.0116218 -0.000276807 -0.00555169 -0.00488585 -0.00247714 0.00377997 0.00910681 -0.00574841
internal_weight=153766 83406 70360 47155 30667 52739 23205 25497 18026 29129 27242 15772 14427 22265 8948 14895 14108 21444 17854 4053 19435 12299 12270 6864 2157 20324 5359 15139 2715 14965
internal_count=153766 83406 70360 47155 30667 52739 23205 25497 18026 29129 27242 15772 14427 22265 8948 14895 14108 21444 17854 4053 19435 12299 12270 6864 2157 20324 5359 15139 2715 14965
is_linear=0
shrinkage=0.05


Tree=44
num_leaves=31
num_cat=8
split_feature=19 19 19 17 17 17 18 10 3 0 0 0 0 13 17 10 0 3 0 3 3 9 3 0 0 3 10 3 3 3
split_gain=5471.65 1423.06 1421.11 153.595 143.652 134.072 78.72 52.095 45.254 74.4839 40.6082 36.9089 34.8283 30.3245 26.6228 25.1242 23.5305 24.4119 22.5471 21.9686 49.1014 32.7389 20.2992 28.5903 22.059 23.2487 20.2263 19.6796 20.4069 18.919
threshold=3.7666830077037479 6.4499233512262695 1.0973772044206531 2.5686298449536538 4.7646333947895032 7.0297853653543703 0.22006422116193883 1.5789255615152133 5.5000000000000009 0 1 2 3 4.1116928651754314 1.003528573156051 6.8566724666014851 4 2.5000000000000004 5 4.5000000000000009 3.5000000000000004 1.0000000180025095e-35 4.5000000000000009 6 7 5.5000000000000009 5.1764321386813092 1.0000000180025095e-35 3.5000000000000004 4.5000000000000009
decision_type=10 10 8 10 8 8 10 8 2 1 1 1 1 8 10 10 1 2 1 2 2 2 2 1 1 2 8 2 2 2
left_child=2 4 6 7 13 10 -1 -4 12 -10 27 -9 -6 22 -8 16 17 -12 -13 20 -5 -21 23 -2 25 -24 -14 -3 -29 -20
right_child=1 5 3 19 8 -7 14 11 9 -11 15 18 26 -15 -16 -17 -18 -19 29 21 -22 -23 24 -25 -26 -27 -28 28 -30 -31
leaf_value=-0.020454776719700075 -0.022707739077662683 0.027208351315149093 -0.011512084837439585 -0.0014204049533333208 0.013742714165806948 0.02586302976960151 -0.020929326546411144 0.038338293772591264 0.015559911418216599 0.0030195336929610631 0.0064213706256464947 -0.010450566029847664 0.0017616816887039645 0.0016453204140511879 -0.0088192327757016242 0.016015958012231612 0.0019283649333355247 0.012652233006841885 -0.0070154502035994163 0.00080521929469737916 -0.005385731593942223 -0.0035916693942386283 0.0092852373593012242 -0.0008695137288187827 -0.00040273894557363299 -0.0016045102654920651 0.0044051391717848448 0.010977984504102523 0.017484907750757107 -0.0025979186431732307
leaf_weight=14857 644 1267 6116 14552 1012 10696 6212 233 2117 2340 3054 2850 5108 18533 2188 1970 599 4200 9073 5478 4068 1751 565 6081 1710 261 16917 3889 2466 3206
leaf_count=14857 644 1267 6116 14552 1012 10696 6212 233 2117 2340 3054 2850 5108 18533 2188 1970 599 4200 9073 5478 4068 1751 565 6081 1710 261 16917 3889 2466 3206
internal_value=-0.000150799 0.00851772 -0.0103968 -0.00542344 0.00385888 0.0176708 -0.0205175 -0.00854828 0.0064214 0.0110332 0.0149685 -0.00699453 0.00552915 0.00132403 -0.0166488 0.0127809 0.0115274 0.0123073 -0.00729738 -0.002827 -0.00373523 -0.000487619 -0.00101231 -0.00244981 0.00279968 0.00944976 0.00510438 0.0177476 0.0166365 -0.00635324
internal_weight=154013 83429 70584 47327 55288 28141 23257 21478 27494 4457 17445 15362 23037 27794 8400 9823 7853 7254 15129 25849 18620 7229 9261 6725 2536 826 22025 7622 6355 12279
internal_count=154013 83429 70584 47327 55288 28141 23257 21478 27494 4457 17445 15362 23037 27794 8400 9823 7853 7254 15129 25849 18620 7229 9261 6725 2536 826 22025 7622 6355 12279
cat_boundaries=0 1 2 3 4 5 6 7 8
cat_threshold=65 16384 50177 1280 1345 130 32 16484
is_linear=0
shrinkage=0.05


Tree=45
num_leaves=31
num_cat=1
split_feature=19 19 17 17 15 19 17 19 3 10 20 11 10 10 11 3 15 3 12 3 11 10 19 3 20 9 12 17 15 1
split_gain=4748.07 1442.42 950.622 140.385 129.173 119.054 62.3762 59.9955 44.0059 43.287 31.7249 30.1817 29.4341 28.6773 23.754 21.2616 23.2489 19.4945 19.2498 18.7761 16.6684 15.5082 15.3496 14.6932 20.0033 13.5536 12.9219 14.5201 22.563 20.7669
threshold=4.2708115296442815 1.3380103628323428 6.5128464608871504 3.2523401430370171 1.051441426183741 7.029683403641946 5.4374463361176195 0.6933121904001478 5.5000000000000009 2.0731521505764063 0.27587909939106142 4.0262437516319016 6.8566724666014851 3.2208718355029702 4.6639105698660028 3.5000000000000004 6.2405899717341891 4.5000000000000009 3.8722415940098038 1.5000000000000002 3.2208718355029702 6.5124877202785187 5.5886066649974113 1.0000000180025095e-35 0.98988820112365794 1.0000000180025095e-35 3.4323716941944231 2.9902518389616599 2.8946446114230837 0
decision_type=10 8 8 10 10 10 10 10 2 8 10 10 10 10 10 2 10 2 10 2 10 8 10 2 10 2 10 8 10 1
left_child=1 4 6 9 7 12 14 -1 -9 -3 -6 18 21 20 23 -8 -17 -16 -5 -12 26 -4 -23 24 -2 -19 27 28 -11 -29
right_child=2 3 5 11 10 -7 15 8 -10 13 19 -13 -14 -15 17 16 -18 25 -20 -21 -22 22 -24 -25 -26 -27 -28 29 -30 -31
leaf_value=-0.019432037883715073 0.005854677937985487 -0.0076592027605464803 0.0068561962537876386 -0.0015501018566015158 -0.0087983639574346073 0.024317522871866306 0.0047216917452196144 -0.019432037883715073 -0.010334052242429849 -0.0037602162319632319 -0.013154324649263693 0.0014377698143900554 0.016059598625664907 0.00099771197741818098 0.0029752724808829625 0.0064852899658628177 0.013382394591272419 0.0077526975496055922 0.00056247462510383706 -0.0060805412866472347 0.00039704123409565198 0.01010592188865056 0.0125693792885345 0.0010601043061063465 -0.09749041455650076 0.001264407367573206 0.0035542954109652803 -0.0035458443455748004 0.00024031369169228434 -0.0078977968698669132
leaf_weight=5867 1740 5751 1917 17403 3348 9964 7826 13515 2466 10400 1066 7669 5245 1919 8820 3531 1803 2190 6778 2917 1253 506 9971 11544 89 662 386 1308 1801 4280
leaf_count=5867 1740 5751 1917 17403 3348 9964 7826 13515 2466 10400 1066 7669 5245 1919 8820 3531 1803 2190 6778 2917 1253 506 9971 11544 89 662 386 1308 1801 4280
internal_value=0.000232728 -0.00735558 0.0103946 -0.00285506 -0.0164476 0.0174646 0.00528661 -0.0183747 -0.0167871 -0.00550041 -0.0107045 -0.000604396 0.0149966 -0.00446316 0.00382212 0.00807371 0.0105081 0.00547036 -0.0014712 -0.00768893 -0.00503912 0.0136679 0.0144245 0.00238353 0.00654729 0.00906381 -0.00542366 -0.00562005 -0.00465331 -0.00773085
internal_weight=153935 88127 65808 58948 29179 27603 38205 21848 15981 27098 7331 31850 17639 21347 25045 13160 5334 11672 24181 3983 19428 12394 10477 13373 1829 2852 18175 17789 12201 5588
internal_count=153935 88127 65808 58948 29179 27603 38205 21848 15981 27098 7331 31850 17639 21347 25045 13160 5334 11672 24181 3983 19428 12394 10477 13373 1829 2852 18175 17789 12201 5588
cat_boundaries=0 1
cat_threshold=1
is_linear=0
shrinkage=0.05


Tree=46
num_leaves=31
num_cat=1
split_feature=19 19 19 15 19 15 19 3 15 15 3 11 12 10 20 18 3 18 10 3 3 9 14 3 20 9 9 3 1 11
split_gain=4465.35 1357.18 914.932 137.852 137.32 131.081 67.6863 67.1934 60.4057 48.9978 33.5036 31.248 27.6569 26.1431 25.3845 22.7421 22.4539 23.5025 21.2584 20.9067 44.9628 22.799 22.5472 21.2785 32.6939 22.7585 20.2081 18.7746 18.8864 18.3082
threshold=4.2708115296442815 1.3380103628323428 6.7230781037403355 5.9739146837788946 0.72017818776715636 3.4357975075743235 7.029683403641946 5.5000000000000009 1.1466826661742766 1.8430567234671125 1.0000000180025095e-35 6.3835910872108688 4.6390882873898773 3.4323716941944231 1.6572896647928148 0.34362749584749963 4.5000000000000009 0.21804026628491546 6.6555046962914224 4.5000000000000009 3.5000000000000004 1.0000000180025095e-35 4.2420456599555605 1.5000000000000002 0.25971661974118493 1.0000000180025095e-35 1.0000000180025095e-35 5.5000000000000009 0 4.796203598077895
decision_type=10 8 10 8 10 10 10 2 10 8 2 10 10 10 10 10 2 10 8 2 2 2 8 2 10 2 2 2 1 10
left_child=1 4 3 10 -1 9 18 8 -6 -3 14 -5 -12 15 -2 29 -14 -18 -4 20 22 -21 -7 25 -25 -24 -22 28 -13 -11
right_child=2 5 6 11 7 19 -8 -9 -10 13 12 27 16 -15 -16 -17 17 -19 -20 21 26 -23 23 24 -26 -27 -28 -29 -30 -31
leaf_value=-0.018460435989529313 0.0066077735793653508 -0.0082720053715607655 0.0082947046742847252 0.0069830959717938068 -0.018460435989529313 -0.00066456159391830032 0.023335178990708052 -0.0063030068911075661 -0.010062652848465215 -0.003490523020640901 0.0009070481145359244 0.0060387687069788816 0.0021460814569510991 0.00076853126282845359 -0.11676659675619752 -0.0024546775245895994 0.0018017259094904592 0.0088354766223593516 0.014490599020846285 0.0024059693873095035 -0.0051725355222913549 -0.0013647171705050587 -0.0027088850554266575 -0.00056003118469754036 0.014223301816184209 0.0035276154845408137 0.00011320290959894176 0.019169541436043769 0.013032771788326536 0.064173212095488083
leaf_weight=7159 3703 4864 1458 11481 14939 9419 9984 3347 3865 19977 11346 3016 8992 2341 76 6042 1515 2118 9687 5177 2945 1803 1853 946 1587 870 1072 964 1686 68
leaf_count=7159 3703 4864 1458 11481 14939 9419 9984 3347 3865 19977 11346 3016 8992 2341 76 6042 1515 2118 9687 5177 2945 1803 1853 946 1587 870 1072 964 1686 68
internal_value=0.000214841 -0.0071414 0.0100498 0.00601209 -0.0159348 -0.00277033 0.0186296 -0.0139892 -0.015151 -0.0048405 0.00383423 0.00953665 0.00314442 -0.00404707 0.00820984 -0.00450128 0.00475446 0.00807184 0.0159511 -8.56965e-05 -0.000957629 0.00224928 0.000325383 0.00294901 0.00624753 -0.000119354 -0.00564476 0.012575 0.0112718 -0.0053118
internal_weight=154300 88274 66026 44897 29310 58964 21129 22151 18804 33292 27750 17147 23971 28428 3779 26087 12625 3633 11145 25672 18692 6980 14675 5256 2533 2723 4017 5666 4702 20045
internal_count=154300 88274 66026 44897 29310 58964 21129 22151 18804 33292 27750 17147 23971 28428 3779 26087 12625 3633 11145 25672 18692 6980 14675 5256 2533 2723 4017 5666 4702 20045
cat_boundaries=0 1
cat_threshold=4
is_linear=0
shrinkage=0.05


Tree=47
num_leaves=31
num_cat=9
split_feature=19 19 17 17 19 17 0 3 3 17 3 17 0 0 13 9 1 10 0 4 3 0 16 10 4 3 0 0 11 1
split_gain=4158.12 1220.72 974.935 162.036 147.883 113.539 67.9013 88.6699 53.6514 49.2624 38.5653 37.0544 34.477 33.1382 30.5591 29.8304 28.2653 28.1895 27.2642 26.8889 23.884 22.8455 22.2973 28.2989 29.565 21.6994 20.3132 19.3561 18.9409 22.4379
threshold=4.1525332578253762 1.3380103628323428 6.5128464608871504 0.72693593956895908 6.8900068172296303 2.7175596285094659 0 4.5000000000000009 5.5000000000000009 1.0912323333562595 1.0000000180025095e-35 7.0777682237153137 1 2 3.7388586794858525 1.0000000180025095e-35 3 4.209902627284472 4 9.5000000000000018 4.5000000000000009 5 0.90319036485927573 5.0882132384568495 2.5000000000000004 3.5000000000000004 6 7 2.6426160634996907 8
decision_type=10 8 8 10 10 10 1 2 2 10 2 8 1 1 8 2 1 10 1 2 2 1 10 10 2 2 1 1 10 1
left_child=1 3 6 -1 26 12 7 16 9 -5 15 -6 -3 -9 20 19 -2 28 -10 -8 25 -18 23 24 -12 -7 -4 -22 29 -14
right_child=2 5 4 8 11 14 10 13 18 -11 22 -13 17 -15 -16 -17 21 -19 -20 -21 27 -23 -24 -25 -26 -27 -28 -29 -30 -31
leaf_value=-0.017537414190052846 0.0020000019656056358 -0.022589314308484737 0.010441170146553125 -0.017537414190052846 0.014031249063622209 -0.0017369640026994927 0.0050384920460233573 0.012694215084160155 -0.0073274473908826136 -0.0097614420577703323 0.0032706014898848282 0.023815808976261767 -0.002882769471423241 0.0042065895274503882 1.4968211468069372e-07 0.0068580726761521722 0.01036368834934316 0.04389051898165644 -0.0013855176550634286 -0.012523649428339036 0.0016571649106998931 0.004875486968714449 -0.015368855870185261 0.0040432589475071007 -0.00011326429977853714 -0.0047000213558627936 0.010532829967240743 -0.00145539737116831 0.00025953757368866185 -0.0083661718317970379
leaf_weight=8192 9989 890 10101 12592 7266 10393 601 3254 1712 5230 2610 8549 6728 1121 20019 1572 1561 131 1379 174 2173 5936 939 3217 10795 2966 1855 3026 1073 7970
leaf_count=8192 9989 890 10101 12592 7266 10393 601 3254 1712 5230 2610 8549 6728 1121 20019 1572 1561 131 1379 174 2173 5936 939 3217 10795 2966 1855 3026 1073 7970
internal_value=0.000251276 -0.00720281 0.00930615 -0.015493 0.0165667 -0.002845 0.0044788 0.00640231 -0.0131581 -0.0142128 0.00236218 0.0197392 -0.0062768 0.0127714 -0.00135119 0.00838304 0.00481242 -0.00572838 -0.007077 0.000354839 -0.0028128 0.00713285 0.00155885 0.00198231 0.000971652 -0.00393181 0.0123704 6.2512e-05 -0.00592385 -0.00639203
internal_weight=154014 84474 69540 29105 27771 55369 41769 21861 20913 17822 19908 15815 16792 4375 38577 2347 17486 15902 3091 775 18558 7497 17561 16622 13405 13359 11956 5199 15771 14698
internal_count=154014 84474 69540 29105 27771 55369 41769 21861 20913 17822 19908 15815 16792 4375 38577 2347 17486 15902 3091 775 18558 7497 17561 16622 13405 13359 11956 5199 15771 14698
cat_boundaries=0 1 2 3 4 5 6 7 8 9
cat_threshold=17857 2 16449 2 532 17664 17665 16484 1
is_linear=0
shrinkage=0.05


Tree=48
num_leaves=31
num_cat=7
split_feature=19 19 17 17 19 15 11 3 11 3 9 3 0 3 3 0 3 0 10 11 0 10 0 0 3 3 3 3 20 1
split_gain=3792.47 1158.81 844.376 219.449 135.912 92.7201 65.6105 45.645 36.6975 36.17 42.191 37.2837 34.4464 57.5099 36.513 33.1524 33.1172 34.1958 26.3111 30.8544 24.0757 24.0498 23.7393 22.6112 19.8003 55.1531 53.7986 29.0445 37.0801 35.3848
threshold=4.2897082798159749 1.5058052677066029 6.5567707994280235 0.72693593956895908 7.029683403641946 3.4357975075743235 5.8407869850884175 1.5000000000000002 1.2946333325561217 4.5000000000000009 1.0000000180025095e-35 3.5000000000000004 0 3.5000000000000004 1.0000000180025095e-35 1 5.5000000000000009 2 6.6734875651914018 6.5444151892471947 3 4.0439276922482579 4 5 2.5000000000000004 4.5000000000000009 5.5000000000000009 1.5000000000000002 0.54769278941344857 6
decision_type=10 8 8 10 10 10 10 2 10 2 2 2 1 2 2 1 2 1 8 10 1 8 1 1 2 2 2 2 10 1
left_child=1 3 6 -1 18 9 12 -5 -9 11 22 15 13 -2 -14 -3 -8 -18 -4 -20 24 -22 -11 -23 27 -26 -27 29 -29 -7
right_child=2 5 4 7 -6 20 16 8 -10 10 -12 -13 14 -15 -16 -17 17 -19 19 -21 21 23 -24 -25 25 26 -28 28 -30 -31
leaf_value=-0.016660543480550207 0.0024743202953406707 -0.0078383215823201961 0.0069676861261189554 -0.016660543480550207 0.020996452739179629 -0.021089336750994937 0.0056887294757467016 -0.010441712999807408 -0.0035508233321907834 -0.0030488520227204942 -0.0044245826270416398 -0.006433474870771283 0.0054797766007526512 0.0064919971295586357 0.00078757798851309963 -0.0016814269965359065 0.020073343100046825 0.0014415962877006639 0.010649893658610667 0.014141781745175309 -0.00062690594627774494 0.0059583527866696965 0.0018425354021938012 0.00086150344792965692 -0.015569379713391385 0.035863364936847567 -0.0081491600158011164 -0.0025359195555262337 0.045387068589158135 0.0018413335458875248
leaf_weight=8254 10266 5307 3090 6074 9901 334 5875 13993 2742 2917 1667 4776 1753 5641 13945 12854 1017 321 6249 7250 11088 1354 4262 10781 1027 370 416 290 283 308
leaf_count=8254 10266 5307 3090 6074 9901 334 5875 13993 2742 2917 1667 4776 1753 5641 13945 12854 1017 321 6249 7250 11088 1354 4262 10781 1027 370 416 290 283 308
internal_value=0.00035993 -0.00634898 0.00951262 -0.014143 0.0163949 -0.00217717 0.00481606 -0.0116149 -0.0102674 -0.00399349 -0.00127741 -0.00504098 0.00383405 0.00547371 0.00216769 -0.00400721 0.00911895 0.0162182 0.013628 0.0145807 2.19039e-05 0.000569233 0.000386544 0.00210754 -0.00416392 -0.00748759 0.00248092 0.000761317 0.00894415 -0.00654206
internal_weight=154405 89097 65308 31063 26490 58034 38818 22809 16735 31783 8846 22937 31605 15907 15698 18161 7213 1338 16589 13499 26251 23223 7179 12135 3028 1813 786 1215 573 642
internal_count=154405 89097 65308 31063 26490 58034 38818 22809 16735 31783 8846 22937 31605 15907 15698 18161 7213 1338 16589 13499 26251 23223 7179 12135 3028 1813 786 1215 573 642
cat_boundaries=0 1 2 3 4 5 6 7
cat_threshold=17865 722 193 8224 11034 4737 1
is_linear=0
shrinkage=0.05


Tree=49
num_leaves=31
num_cat=1
split_feature=19 19 19 17 17 17 17 18 15 11 11 15 17 15 3 3 3 22 3 3 9 3 3 9 20 19 15 11 3 1
split_gain=3601.36 1053.04 809.676 205.011 150.291 105.909 85.9394 42.8077 34.6525 26.9689 26.1607 24.2725 29.7001 28.1383 22.2006 20.8128 27.6285 21.817 20.3229 29.9304 22.3597 19.7315 28.9871 43.1289 19.5438 19.5116 24.2377 19.4796 18.5858 17.5476
threshold=4.2897082798159749 1.2005859224728617 6.7230781037403355 0.72693593956895908 2.7175596285094659 5.6428439173494409 7.0612477840652312 0.19980874359203527 3.6529186033881786 6.2875797065569818 1.3986406674150766 1.2426205730334428 0.94541141233931913 0.80899611618816747 4.5000000000000009 3.5000000000000004 1.0000000180025095e-35 6.3592465465486949 4.5000000000000009 3.5000000000000004 1.0000000180025095e-35 1.0000000180025095e-35 4.5000000000000009 1.0000000180025095e-35 1.6572896647928148 2.9139397754017575 2.8946446114230837 5.4640436245585393 5.5000000000000009 0
decision_type=10 8 10 10 10 8 8 10 8 10 8 10 10 10 2 2 2 10 2 2 2 2 2 2 10 10 10 10 2 1
left_child=1 3 5 -1 10 21 15 -5 25 29 -3 12 13 -9 -11 16 -4 -17 19 -10 -20 24 -23 -24 -2 26 -6 -12 -14 -7
right_child=2 4 6 7 8 9 -8 11 18 14 27 -13 28 -15 -16 17 -18 -19 20 -21 -22 22 23 -25 -26 -27 -28 -29 -30 -31
leaf_value=-0.015827516306522692 0.0058318075632362021 -0.010476163738779765 0.018723033039912941 -0.015827516306522692 -0.0013005873627105703 0.0020620515101107185 0.021121580701891053 -0.016283320177677474 0.00036888282118456854 0.0063482156331045488 -0.0050054480924879297 -0.0028510291839017711 -0.0069435010729820227 -0.013089387215702864 0.015471700625760622 0.0062154242612581408 0.0085274061932606449 0.015097581490464496 0.0036187647873730192 -0.0030499569677534311 -0.0012064836193967365 0.001146199189506758 0.0065887830717077378 0.00037109141005513551 -0.10842391598164763 -0.0019041398830066615 0.0029530015556143985 0.069418951422256028 -0.0048214971493103281 0.006624844718214673
leaf_weight=8187 3323 3600 1730 6003 1996 2301 9424 2034 12913 5217 16144 824 4902 3636 1469 540 5868 3631 4575 3230 1536 16492 4354 2496 82 17384 1195 71 807 8313
leaf_count=8187 3323 3600 1730 6003 1996 2301 9424 2034 12913 5217 16144 824 4902 3636 1469 540 5868 3631 4575 3230 1536 16492 4354 2496 82 17384 1195 71 807 8313
internal_value=0.000396527 -0.00614267 0.00932097 -0.0145199 -0.00261318 0.00545724 0.0173512 -0.0115649 -0.000947372 0.00850578 -0.00621373 -0.00986438 -0.0104645 -0.00790123 0.0109931 0.0145021 0.0129442 0.01734 0.000420149 -0.000509509 0.00287596 0.00348544 0.00296676 0.00570073 0.00704112 -0.00242649 0.00116735 -0.00535769 -0.0130102 0.00693895
internal_weight=154277 89037 65240 26393 62644 44047 21193 18206 42829 17300 19815 12203 11379 5670 6686 11769 7598 4171 22254 16143 6111 26747 23342 6850 3405 20575 3191 16215 5709 10614
internal_count=154277 89037 65240 26393 62644 44047 21193 18206 42829 17300 19815 12203 11379 5670 6686 11769 7598 4171 22254 16143 6111 26747 23342 6850 3405 20575 3191 16215 5709 10614
cat_boundaries=0 1
cat_threshold=2
is_linear=0
shrinkage=0.05


Tree=50
num_leaves=31
num_cat=5
split_feature=19 19 19 17 17 15 19 18 12 10 10 3 0 0 3 19 3 0 0 3 18 19 19 15 10 3 0 3 9 3
split_gain=3252.5 997.704 765.241 229.944 132.176 102.971 92.2462 38.5638 37.6096 31.2765 29.2434 27.6625 66.2226 37.2048 27.2512 22.1513 21.6197 23.4614 20.4456 56.9943 25.3626 20.4053 19.1726 29.5281 22.7971 18.3944 18.3095 38.3313 25.5741 24.2243
threshold=4.2708115296442815 1.1822965423411755 6.7230781037403355 0.74879815593132204 2.7175596285094659 5.7507697158752471 7.0803513481068396 0.19728857667466962 3.8722415940098038 6.8566724666014851 2.0731521505764063 5.5000000000000009 0 1 1.5000000000000002 2.2711086212837892 1.0000000180025095e-35 2 3 3.5000000000000004 0.66269532868220382 0.6933121904001478 5.376717199315503 5.1961467393673102 5.3892999882089621 3.5000000000000004 4 1.0000000180025095e-35 1.0000000180025095e-35 4.5000000000000009
decision_type=10 8 10 10 10 8 10 10 10 8 10 2 1 1 2 10 2 1 1 2 10 10 10 10 8 2 1 2 2 2
left_child=1 3 5 21 10 16 9 -5 26 25 -3 13 -13 -7 -9 -12 17 -2 22 20 -20 -1 23 -18 -24 -4 -6 28 -28 -29
right_child=2 4 6 7 8 11 -8 14 -10 -11 15 12 -14 -15 -16 -17 18 -19 19 -21 -22 -23 24 -25 -26 -27 27 29 -30 -31
leaf_value=-0.015036140491196559 -0.0054359947470619119 -0.0070480056987119793 0.0045779056222122081 -0.013177376932318109 -0.00030099454688847782 0.0090127762762978406 0.020657220413143929 -0.015173046945737552 0.0010193296685266473 0.012704458255426588 0.00024204514301242599 0.017501199064936079 0.0041105407693476257 0.0043138792721761909 -0.0058828530476472633 -0.0045058533439017888 0.00062778203051574446 0.0059606039897127433 -1.3904374836037903e-05 0.0050766111276072225 0.017842619424912432 -0.015036140491196559 -0.0080929348116007827 0.0069498104559986736 -0.00018454651067774109 0.010350220387456055 -0.0050600111299410559 -0.0031871022890632818 0.003988778215307665 -0.00041961564981005676
leaf_weight=5711 423 15612 1879 4509 14629 3535 8209 3172 10734 9440 2781 1705 1870 11594 8609 1997 10825 3129 5216 3940 584 3592 317 841 744 1581 501 10498 1256 4516
leaf_count=5711 423 15612 1879 4509 14629 3535 8209 3172 10734 9440 2781 1705 1870 11594 8609 1997 10825 3129 5216 3940 584 3592 317 841 744 1581 501 10498 1256 4516
internal_value=0.000405167 -0.00587656 0.00881334 -0.0141924 -0.00247265 0.00510979 0.01666 -0.0106108 -0.000873404 0.0140233 -0.00577734 0.00793948 0.0118951 0.00700476 -0.00910576 -0.00235454 0.00307564 0.00670045 0.00250256 0.00422564 0.00107759 -0.0204638 0.00117963 0.00176582 -0.00525448 0.00995665 -0.00174682 -0.00287379 0.00411212 -0.00369322
internal_weight=153949 88117 65832 25593 62524 44723 21109 16290 42134 12900 20390 18704 3575 15129 11781 4778 26019 3552 22467 9740 5800 9303 12727 11666 1061 3460 31400 16771 1757 15014
internal_count=153949 88117 65832 25593 62524 44723 21109 16290 42134 12900 20390 18704 3575 15129 11781 4778 26019 3552 22467 9740 5800 9303 12727 11666 1061 3460 31400 16771 1757 15014
cat_boundaries=0 1 2 3 4 5
cat_threshold=65 17664 576 47648 53327
is_linear=0
shrinkage=0.05


Tree=51
num_leaves=31
num_cat=6
split_feature=19 19 19 19 19 11 19 16 0 3 11 12 3 0 3 0 4 3 1 0 3 0 3 9 6 9 3 19 4 16
split_gain=3044.4 964.008 717.018 233.831 110.209 101.494 77.6124 50.0029 42.217 46.3648 37.4055 34.4684 32.2141 39.0412 28.8001 27.8849 29.2217 27.1734 21.4662 20.807 20.6724 18.4372 30.6215 27.9254 19.3783 18.0339 19.4535 17.3485 16.9735 17.082
threshold=4.3098988330055423 1.2005859224728617 6.8083058279594981 0.73026094190808244 2.7509030334285378 5.9662749278181524 7.0959697384577662 0.184541340893599 0 3.5000000000000004 2.6426160634996907 3.8722415940098038 4.5000000000000009 1 1.0000000180025095e-35 2 10.500000000000002 1.5000000000000002 3 4 5.5000000000000009 5 1.0000000180025095e-35 1.0000000180025095e-35 1.0000000180025095e-35 1.0000000180025095e-35 4.5000000000000009 1.5729511739211488 2.5000000000000004 0.74031343108683167
decision_type=10 8 10 10 10 10 10 10 1 2 10 10 2 1 2 1 2 2 1 1 2 1 2 2 2 2 2 8 2 10
left_child=1 3 5 -1 10 8 -4 -5 9 18 15 21 -7 -14 -10 16 20 -9 -2 -13 -3 22 23 -6 -24 26 -26 -22 29 -16
right_child=2 4 6 7 11 12 -8 17 14 -11 -12 19 13 -15 28 -17 -18 -19 -20 -21 27 -23 24 -25 25 -27 -28 -29 -30 -31
leaf_value=-0.014284333466636734 0.0013162692670654953 -0.01144252388283395 0.011343773341548192 -0.014284333466636734 -0.0055219023818125828 0.0056483146426051789 0.020029540250936687 -0.014377271644580653 0.0049920024304270123 0.006295473499145921 0.0018812593862611916 0.0054917794160653788 0.016246726668196043 0.0045145889251856806 0.0032355104746392364 -0.0042019260131366922 5.2596204255084271e-05 -0.0050962455199557721 0.0052382635050017617 0.00039282183357438607 0.0067508970418869111 -0.00037011164302931389 -0.0014232855741582841 0.0039392206239498686 -0.0047031175519709478 -0.0054525385968929863 0.0013777190250692907 -0.0096610185706311868 0.00023216341777509975 -0.015817797146936829
leaf_weight=7640 7109 3750 11117 6978 535 8531 7664 3138 1758 6751 1338 1371 1657 792 2453 12838 745 8478 5279 10056 256 16403 9322 1151 1779 2111 800 557 11410 271
leaf_count=7640 7109 3750 11117 6978 535 8531 7664 3138 1758 6751 1338 1371 1657 792 2453 12838 745 8478 5279 10056 256 16403 9322 1151 1779 2111 800 557 11410 271
internal_value=0.000346992 -0.00564227 0.00859674 -0.013696 -0.00228925 0.00523625 0.0168295 -0.0106701 0.00392153 0.0055029 -0.0054147 -0.000890232 0.00943078 0.0144855 0.00201233 -0.00600959 -0.00906356 -0.00866047 0.00368905 0.00146801 -0.0105797 -0.0017297 -0.00295391 0.00341044 -0.00372181 -0.00634328 -0.00353819 -0.00335178 0.00126291 0.0048091
internal_weight=154038 89246 64792 26234 63012 46011 18781 18594 35031 19139 19484 43528 10980 2449 15892 18146 5308 11616 12388 11427 4563 32101 15698 1686 14012 4690 2579 813 14134 2724
internal_count=154038 89246 64792 26234 63012 46011 18781 18594 35031 19139 19484 43528 10980 2449 15892 18146 5308 11616 12388 11427 4563 32101 15698 1686 14012 4690 2579 813 14134 2724
cat_boundaries=0 1 2 3 4 5 6
cat_threshold=17865 16385 194 2 4673 11808
is_linear=0
shrinkage=0.05


Tree=52
num_leaves=31
num_cat=4
split_feature=19 19 19 17 17 17 17 0 13 10 16 10 19 0 12 10 19 11 10 0 4 10 0 11 19 17 17 10 4 10
split_gain=2808.07 922.445 697.291 286.542 104.034 101.458 86.6209 33.7361 32.5904 32.0363 31.4443 27.9753 24.7467 22.8652 21.0409 20.6764 18.5609 17.8099 16.0319 20.3685 22.5556 14.9366 13.8377 13.7839 13.3895 12.9007 18.2808 12.7572 12.6222 12.5962
threshold=4.3098988330055423 1.2005859224728617 6.7230781037403355 0.75952401274393289 7.1107056796462595 2.5686298449536538 5.9140861737207411 0 3.7853247081855312 2.1916379270371573 0.14480964531710758 6.267485097538894 0.6933121904001478 1 4.6390882873898773 6.8566724666014851 2.4239349227705196 6.3598333169182757 4.0262437516319016 2 10.500000000000002 1.0471650770867935 3 6.3835910872108688 2.7933205669847365 0.97397222337983591 1.1331169228833025 6.6379129102254897 10.500000000000002 2.4024201905583298
decision_type=10 8 10 10 8 10 8 1 8 10 8 8 10 1 10 8 10 10 8 1 2 10 1 10 10 10 10 8 2 10
left_child=1 3 6 12 7 9 14 15 -7 13 -5 -8 -1 24 -2 -4 -11 -17 29 20 -20 -12 -15 -13 28 -23 -27 -9 -3 -10
right_child=2 5 4 10 -6 8 11 27 18 16 21 23 -14 22 -16 17 -18 -19 19 -21 -22 25 -24 -25 -26 26 -28 -29 -30 -31
leaf_value=-0.013570116793304899 0.0010673413845502023 -0.0099710613775796826 0.0077311993125242845 -0.0092084889164361691 0.019995570284201958 -0.0013680332954431275 0.0025012331453424519 -0.0099153149005389192 0.0095078807038823775 0.00092123972552637934 -0.013335866393495788 0.0058183237244158643 -0.013570116793304899 0.05822444487731953 0.0027660399037516162 0.0086550199632234211 -0.00664092815011117 0.013251690914072434 0.0099358226379911985 0.00071189624391090336 -0.0083281440947751591 -0.0095432469532417304 -0.0044699552716275463 0.0076694241041153971 0.0032969989013744484 -0.0032789023174644052 -0.0071893160174014044 0.0051894628639105548 -0.004933557188662902 -0.00091311501926150118
leaf_weight=5725 13489 5607 3460 2008 7730 20379 2693 94 545 2421 8153 7478 4213 103 14972 3132 601 6073 624 12673 105 2500 8835 4919 270 2354 1344 699 924 10105
leaf_count=5725 13489 5607 3460 2008 7730 20379 2693 94 545 2421 8153 7478 4213 103 14972 3132 601 6073 624 12673 105 2500 8835 4919 270 2354 1344 699 924 10105
internal_value=0.000335218 -0.00540318 0.00826743 -0.0132724 0.015707 -0.00212843 0.004648 0.0130517 -0.000826563 -0.00521161 -0.00920441 0.0077104 -0.0199688 -0.00611697 0.00302431 0.0136746 -0.00049636 0.014924 0.000419923 0.00157066 0.00964141 -0.00838443 -0.00443675 0.0087138 -0.00830642 -0.00653437 -0.00840995 0.00289539 -0.00876971 -0.00102817
internal_weight=154228 89489 64739 26297 21188 63192 43551 13458 44431 18761 16359 15090 9938 15739 28461 12665 3022 9205 24052 13402 729 14351 8938 12397 6801 6198 3698 793 6531 10650
internal_count=154228 89489 64739 26297 21188 63192 43551 13458 44431 18761 16359 15090 9938 15739 28461 12665 3022 9205 24052 13402 729 14351 8938 12397 6801 6198 3698 793 6531 10650
cat_boundaries=0 1 2 3 4
cat_threshold=17409 706 513 17409
is_linear=0
shrinkage=0.05


Tree=53
num_leaves=31
num_cat=0
split_feature=19 19 19 19 19 17 15 10 15 3 10 3 22 11 3 12 11 15 3 3 3 20 9 17 15 20 9 17 20 4
split_gain=2625.21 921.967 646.963 238.132 102.255 88.5867 78.7281 48.2952 39.417 35.2578 27.9059 24.7472 24.1077 20.2648 19.686 18.996 18.4289 18.3801 17.9594 17.324 33.4059 20.6879 18.4131 16.5271 35.2354 20.5249 16.1317 14.7592 14.7082 14.6152
threshold=4.3098988330055423 0.8266424293133654 6.7230781037403355 1.8404337229396177 7.0959697384577662 0.69339229522435231 5.9739146837788946 1.7833559100698646 3.4357975075743235 1.5000000000000002 6.8566724666014851 3.5000000000000004 6.5912660675808166 6.525102966252069 3.5000000000000004 4.6390882873898773 1.3986406674150766 0.82830221659600056 1.0000000180025095e-35 4.5000000000000009 3.5000000000000004 1.4508048607936559 1.0000000180025095e-35 0.97397222337983591 0.86643746549129441 0.28401937300574881 1.0000000180025095e-35 3.9393637232285985 0.80337654490147592 7.5000000000000009
decision_type=10 8 10 10 10 10 8 10 8 2 8 2 10 10 2 10 10 10 2 2 2 10 2 8 10 8 2 10 10 2
left_child=1 5 6 7 10 -1 15 9 29 -3 14 28 -13 -12 18 -2 23 -7 -4 20 -10 26 27 24 -11 -25 -22 -21 -8 -5
right_child=2 3 4 8 -6 17 11 -9 19 16 13 12 -14 -15 -16 -17 -18 -19 -20 22 21 -23 -24 25 -26 -27 -28 -29 -30 -31
leaf_value=-0.012891610953639655 0.00086095184495378347 -0.012420498244420819 0.01567593238941627 -0.0025202980687920986 0.018100287135068439 -0.0132025524776768 0.003574148300269542 9.9680562249959692e-06 6.2306399637102053e-05 -0.014104943047441748 0.0086218411707116981 0.0070138035731494913 0.0096587299484151689 0.012384823156636427 0.0092440132717620752 0.0025158353342433107 -0.001762380602526581 -0.01302873769654685 0.0018039007214815995 0.00085832665869269855 -0.0042385936211271295 -0.07099719166897954 -0.0012195072432448885 -0.0041584516787702809 -0.00054688873109201563 -0.0082396230193637621 0.00046546033642296263 0.0045266926681775121 0.019694794110242199 -0.00087002707320907877
leaf_weight=7095 11793 5815 365 11810 7605 4080 9566 2065 17644 2216 3815 3014 3881 6178 1639 14684 1933 1418 1546 4240 3159 150 1966 4012 2364 5858 1130 2349 660 10046
leaf_count=7095 11793 5815 365 11810 7605 4080 9566 2065 17644 2216 3815 3014 3881 6178 1639 14684 1933 1418 1546 4240 3159 150 1966 4012 2364 5858 1130 2349 660 10046
internal_value=0.00031701 -0.00523839 0.0079835 -0.00318114 0.0151598 -0.0177777 0.0045025 -0.00727754 -0.00128777 -0.00795792 0.0125545 0.00714473 0.00945975 0.0139072 0.00874648 0.00279393 -0.00677074 -0.0130138 0.00529827 -0.000130557 -0.000870579 -0.00474769 0.00177966 -0.00738408 -0.00490175 -0.00853597 -0.00410935 0.00304674 0.00558381 -0.00290996
internal_weight=154096 89350 64746 76757 21148 12593 43598 24263 52494 22198 13543 17121 6895 9993 3550 26477 16383 5498 1911 30638 22083 4439 8555 14450 4580 9870 4289 6589 10226 21856
internal_count=154096 89350 64746 76757 21148 12593 43598 24263 52494 22198 13543 17121 6895 9993 3550 26477 16383 5498 1911 30638 22083 4439 8555 14450 4580 9870 4289 6589 10226 21856
is_linear=0
shrinkage=0.05


Tree=54
num_leaves=31
num_cat=10
split_feature=19 17 17 19 19 15 19 0 17 3 0 3 3 9 4 3 0 0 3 3 0 3 9 0 0 0 0 3 0 16
split_gain=2446.08 847.859 707.808 200.047 152.094 46.961 43.3811 38.1899 36.3834 35.9066 40.2992 32.6292 60.4577 42.6924 35.2294 31.8035 150.368 28.139 29.9812 28.0763 68.4818 27.892 62.7681 40.739 27.7553 26.2841 24.1447 23.0489 66.9406 22.9319
threshold=4.0547146447304216 0.78217582516746165 6.5337623634021114 1.7207115426956598 7.0803513481068396 5.4606993058595581 0.6933121904001478 0 0.69339229522435231 1.5000000000000002 1 4.5000000000000009 3.5000000000000004 1.0000000180025095e-35 8.5000000000000018 2.5000000000000004 2 3 3.5000000000000004 1.0000000180025095e-35 4 1.0000000180025095e-35 1.0000000180025095e-35 5 6 7 8 5.5000000000000009 9 0.14480964531710758
decision_type=10 8 8 10 10 8 8 1 10 2 1 2 2 2 2 2 1 1 2 2 1 2 2 1 1 1 1 2 1 10
left_child=1 8 5 6 17 -2 -3 -8 -1 10 -9 12 15 26 -15 21 -17 18 19 20 -4 22 25 -23 -14 -5 -13 -7 -29 -11
right_child=2 3 4 11 -6 27 7 9 -10 29 -12 13 24 14 -16 16 -18 -19 -20 -21 -22 23 -24 -25 -26 -27 -28 28 -30 -31
leaf_value=-0.012247030405957671 0.0012510555378667299 -0.022757483165756022 0.0026975798598396052 -0.014864758277225798 0.016507101391596279 0.003320504864238738 0.013677668960770628 -0.013192901854189905 -0.012542424853792962 -0.010335644161228931 -0.0067980888349460263 -0.00064428450196314386 -0.0084761900510603623 -0.0055793157924011634 0.00053606430492258994 0.012289512250684266 -0.0017355996345368775 0.0050487091146935725 0.011175708571655974 0.0060284874423749196 0.019606786179644377 -0.0053621053003034772 0.0038935247356145508 -0.0010877736141018614 -0.0032547205835242068 -0.00043485467750727926 0.0023064467038353856 0.016550624153772731 0.0018401357183305935 -0.0041592450028025583
leaf_weight=6866 30093 398 981 1059 8162 12846 566 2465 3655 4347 4080 4419 1344 1496 1181 2085 5057 1377 6388 8817 1509 4431 1781 8331 5653 3049 5644 1221 1561 13511
leaf_count=6866 30093 398 981 1059 8162 12846 566 2465 3655 4347 4080 4419 1344 1496 1181 2085 5057 1377 6388 8817 1509 4431 1781 8331 5653 3049 5644 1221 1561 13511
internal_value=0.000309802 -0.00564801 0.00695874 -0.00368245 0.0133399 0.00315774 -0.00724071 -0.00697965 -0.0188932 -0.00727584 -0.0104469 -0.00169998 -0.00253431 0.00044741 -0.00516436 -0.00141608 0.00142117 0.0108956 0.0114304 0.00988989 0.0145783 -0.00250255 0.000343861 -0.00381602 -0.00665642 -0.00305501 0.00194028 0.00538137 0.00950755 -0.00611771
internal_weight=154373 81418 72955 70897 27234 45721 25367 24969 10521 24403 6545 45530 32790 12740 2677 25793 7142 19072 17695 11307 2490 18651 5889 12762 6997 4108 10063 15628 2782 17858
internal_count=154373 81418 72955 70897 27234 45721 25367 24969 10521 24403 6545 45530 32790 12740 2677 25793 7142 19072 17695 11307 2490 18651 5889 12762 6997 4108 10063 15628 2782 17858
cat_boundaries=0 1 2 3 4 5 6 7 8 9 10
cat_threshold=54305 258 328 17729 65 9610 288 18768 8986 65
is_linear=0
shrinkage=0.05


Tree=55
num_leaves=31
num_cat=5
split_feature=19 17 17 19 17 11 19 15 17 10 0 3 10 10 3 3 0 3 0 3 9 3 11 4 1 19 11 10 0 15
split_gain=2218.89 927.896 601.407 216.887 99.1588 82.9162 49.5493 38.9495 38.8115 35.9714 30.4531 36.1406 29.1808 28.5892 28.1916 27.8797 36.584 25.9291 36.0765 24.2366 38.6155 34.8925 23.4034 19.5638 19.5501 19.2844 32.6832 20.5633 18.636 28.1387
threshold=4.2897082798159749 0.78217582516746165 6.7708523116070358 1.8404337229396177 7.1490687477680632 5.8407869850884175 0.6933121904001478 3.6529186033881786 0.69339229522435231 1.7833559100698646 0 3.5000000000000004 6.6043501635094684 6.8566724666014851 1.0000000180025095e-35 1.5000000000000002 1 5.5000000000000009 2 4.5000000000000009 1.0000000180025095e-35 3.5000000000000004 6.525102966252069 5.5000000000000009 3 5.376717199315503 5.1764321386813092 5.3662096053087449 4 0.79471563046672344
decision_type=10 8 8 10 10 10 8 10 10 10 1 2 10 8 2 2 1 2 1 2 2 2 10 2 1 10 10 8 1 10
left_child=1 8 5 6 13 10 -3 19 -1 15 11 24 17 -4 23 16 -8 -7 -19 21 -21 -5 -15 -12 -2 26 -16 -27 -17 -30
right_child=2 3 4 7 -6 12 9 -9 -10 -11 14 -13 -14 22 25 28 -18 18 -20 20 -22 -23 -24 -25 -26 27 -28 -29 29 -31
leaf_value=-0.011634678885659789 0.00061384286908121592 -0.021619609007468222 0.0057673903688160166 -0.0012819513875086731 0.018240931350092637 0.0037653781136270494 -0.012525990751431921 0.00039102408360467414 -0.011915303611103312 -8.2484719049230604e-05 0.0061301928512180089 0.0048747137829909361 0.0093303157317520483 0.0087758972327226514 0.00014772033185899149 -0.001146086379128386 -0.0064294832281081129 0.014046246031336996 -0.00092825238906020242 0.00099564408296352056 -0.003386396302113015 -0.0041999268215455968 0.0114999798120067 0.00089146519292406803 0.0039231122737747098 -0.0070245750741326773 0.0070575817574044302 -0.0012191871870477211 -0.013324347470964816 -0.0037537128312840062
leaf_weight=6789 7074 402 3161 18034 6207 7464 2276 19862 3668 2044 982 6085 2010 4974 11052 1394 3988 1193 394 7104 1856 4885 6605 792 4467 329 1017 1527 3027 13249
leaf_count=6789 7074 402 3161 18034 6207 7464 2276 19862 3668 2044 982 6085 2010 4974 11052 1394 3988 1193 394 7104 1856 4885 6605 792 4467 329 1017 1527 3027 13249
internal_value=0.000263626 -0.0048923 0.00725399 -0.00301999 0.0142371 0.00395846 -0.00670963 -0.00113885 -0.0188797 -0.00644006 0.00271343 0.00413926 0.00770952 0.0120047 0.00110924 -0.00698379 -0.00984994 0.00649928 0.0123031 -0.00222168 -1.67411e-05 -0.00308369 0.0131553 0.00704622 0.00249762 0.00035368 0.00108335 -0.00439116 -0.00596774 -0.00644112
internal_weight=153911 88578 65333 78121 20947 44386 26380 51741 10457 25978 33325 17626 11061 14740 15699 23934 6264 9051 1587 31879 8960 22919 11579 1774 11541 13925 12069 1856 17670 16276
internal_count=153911 88578 65333 78121 20947 44386 26380 51741 10457 25978 33325 17626 11061 14740 15699 23934 6264 9051 1587 31879 8960 22919 11579 1774 11541 13925 12069 1856 17670 16276
cat_boundaries=0 1 2 3 4 5
cat_threshold=17865 258 193 2 9505
is_linear=0
shrinkage=0.05


Tree=56
num_leaves=31
num_cat=6
split_feature=17 17 15 0 15 15 15 15 17 17 11 11 18 5 12 4 11 17 0 6 11 0 22 18 18 17 17 1 0 0
split_gain=2045.14 890.089 616.179 149.554 93.3556 75.4252 68.7111 54.8056 36.045 29.0928 26.1899 21.6364 21.4231 20.9007 18.4243 17.7159 18.0028 15.8106 15.6335 35.5949 15.3765 14.8491 20.2017 19.3154 14.1719 14.0469 13.7677 41.1385 30.7006 19.9253
threshold=4.0476670809546631 0.78217582516746165 6.6579215038385504 0 7.1499756312084264 5.9739146837788946 0.79471563046672344 2.6069423984182647 0.69339229522435231 7.0447568795718611 5.9662749278181524 6.8537213013597844 0.43543807709789756 1.0000000180025095e-35 3.4672959664678489 1.5000000000000002 4.6410197225304328 0.92966849362304138 1 1.0000000180025095e-35 1.3986406674150766 2 7.9129978905626333 0.5576841139050398 2.3512442740093462 7.2333556177796501 1.003528573156051 3 4 5
decision_type=10 8 10 1 10 8 10 8 10 10 10 10 8 2 10 2 10 10 1 2 10 1 10 10 8 10 10 1 1 1
left_child=1 8 5 6 11 13 12 -5 -1 21 14 -4 17 15 18 -2 -17 -3 19 -9 -8 23 -23 -7 -16 -6 27 29 -29 -20
right_child=2 3 4 7 25 9 20 10 -10 -11 -12 -13 -14 -15 24 16 -18 -19 26 -21 -22 22 -24 -25 -26 -27 -28 28 -30 -31
leaf_value=-0.011052944941376798 0.0048860879570276072 -0.012044764858677748 0.0065868388818860705 -0.0034569212438467557 0.01184799010326363 0.0044830515119628654 -0.0051510585470314289 -0.00080190573297829199 -0.01131953843054815 0.018401109330356571 0.039503296935080458 0.0099641096799657283 -0.021574483584146334 -0.00050756074601507881 6.0647343670883205e-05 0.00063182983928167236 0.0023324745917577164 5.271451971347041e-05 0.040974049321179165 -0.0050215146539638548 -0.0025799549336270157 0.003317224082669146 -0.0052164236339751428 0.017311716724844974 0.018723552436343518 0.020581796350275995 -0.0010189022707068895 0.011503737129649938 -0.018687065628155319 0.0085898150694711187
leaf_weight=6848 2348 1482 7604 12481 2747 9472 12469 6435 3619 603 293 6761 991 4658 12993 15316 12234 267 421 3583 2515 5135 192 931 404 3438 15194 474 1058 812
leaf_count=6848 2348 1482 7604 12481 2747 9472 12469 6435 3619 603 293 6761 991 4658 12993 15316 12234 267 421 3583 2515 5135 192 931 404 3438 15194 474 1058 812
internal_value=0.000222399 -0.00514853 0.00641281 -0.00316465 0.0137202 0.00346195 -0.00715011 -0.00185845 -0.0187709 0.00626186 -0.000988192 0.0115089 -0.0144343 0.00213856 -0.00109368 0.00262392 0.0022686 -0.0111063 -0.00182382 -0.00340546 -0.00582288 0.0058487 0.00367716 0.00695045 0.000431067 0.0188561 -0.000939117 0.00230561 -0.0031658 0.00910381
internal_weight=153778 82339 71439 71872 20550 50889 17724 54148 10467 16333 41667 14365 2740 34556 41374 29898 27550 1749 27977 10018 14984 15730 5327 10403 13397 6185 17959 2765 1532 1233
internal_count=153778 82339 71439 71872 20550 50889 17724 54148 10467 16333 41667 14365 2740 34556 41374 29898 27550 1749 27977 10018 14984 15730 5327 10403 13397 6185 17959 2765 1532 1233
cat_boundaries=0 1 2 3 4 5 6
cat_threshold=18 11840 16705 1 53281 256
is_linear=0
shrinkage=0.05


Tree=57
num_leaves=31
num_cat=10
split_feature=19 19 19 19 15 15 15 15 3 3 0 0 3 0 0 3 3 13 0 4 0 3 0 0 3 0 11 3 0 3
split_gain=1977.3 902.802 507.024 154.543 100.626 95.2374 57.7646 32.7166 31.081 51.8706 44.9779 39.507 29.8358 67.6815 29.2422 29.9437 27.9637 27.2216 26.8244 23.2059 22.5209 65.2917 57.0842 27.9912 22.1098 22.9859 21.5678 21.1709 66.9487 19.6563
threshold=4.3098988330055423 0.8266424293133654 6.8900068172296303 1.8404337229396177 0.69331376394879285 5.9739146837788946 7.1872807249723962 0.79471563046672344 4.5000000000000009 3.5000000000000004 0 1 3.5000000000000004 2 3 1.0000000180025095e-35 4.5000000000000009 3.7623615564016326 4 3.5000000000000004 5 2.5000000000000004 6 7 1.0000000180025095e-35 8 1.3986406674150766 4.5000000000000009 9 1.0000000180025095e-35
decision_type=10 8 10 10 10 8 10 8 2 2 1 1 2 1 1 2 2 8 1 2 1 2 1 1 2 1 10 2 1 2
left_child=1 4 5 7 -1 24 -4 -3 9 17 -11 -10 14 16 15 -7 -14 -5 -9 -13 21 23 -23 -19 25 -2 -20 -26 -29 -25
right_child=2 3 6 8 -6 12 -8 18 11 10 -12 19 13 -15 -16 -17 -18 20 26 -21 -22 22 -24 29 27 -27 -28 28 -30 -31
leaf_value=-0.010500297694307959 0.0074540056091521485 -0.011584942553950879 0.0091914542624711437 -0.0015071258345910499 -0.010753561509020744 0.015025800662049994 0.017260717206285126 0.045710668577223418 0.0022121578214499781 -0.0066971419468600081 -0.00062898293069274525 0.0020941724991974109 0.0057849746452000696 0.0040987071801308339 0.0022947806786081551 0.0048151941811000578 0.013281296392638177 -0.0046299340648887632 -0.005453326277508181 -0.0017593224773464811 -0.0010214621979362183 0.01510865159417203 -0.0002159600605461165 0.0046271625751661107 0.00047191563080724032 0.001946173338339774 -0.0018199707951324863 -0.0002876764491916317 0.0064259866385508076 -0.00024112545711808543
leaf_weight=8238 1661 1679 10727 14263 4285 866 5086 212 5566 4382 3598 2299 2387 3835 8788 3814 2638 2279 18974 6702 7684 1393 916 1219 16415 1911 3651 3494 3033 2290
leaf_count=8238 1661 1679 10727 14263 4285 866 5086 212 5566 4382 3598 2299 2387 3835 8788 3814 2638 2279 18974 6702 7684 1393 916 1219 16415 1911 3651 3494 3033 2290
internal_value=0.00012882 -0.00467868 0.00679336 -0.00265637 -0.0171305 0.00427399 0.014575 -0.0059349 -0.00112804 -0.00188039 -0.00546366 0.000835793 0.00667995 0.00893341 0.00519751 0.00839019 0.0127458 -0.000928638 -0.00543964 -0.00121241 0.000502186 0.00234057 0.00945214 -0.000492398 0.00224787 0.00590705 -0.00560526 0.00167814 0.00408687 0.00230889
internal_weight=154285 89630 64655 77107 12523 48842 15813 24516 52591 38024 7980 14567 22328 8860 13468 4680 5025 30044 22837 9001 15781 8097 2309 5788 26514 3572 22625 22942 6527 3509
internal_count=154285 89630 64655 77107 12523 48842 15813 24516 52591 38024 7980 14567 22328 8860 13468 4680 5025 30044 22837 9001 15781 8097 2309 5788 26514 3572 22625 22942 6527 3509
cat_boundaries=0 1 2 3 4 5 6 7 8 9 10
cat_threshold=8696 16500 16449 18176 21505 39497 72 72 61440 48640
is_linear=0
shrinkage=0.05


Tree=58
num_leaves=31
num_cat=11
split_feature=19 17 17 19 17 11 19 20 0 11 3 3 0 0 4 18 0 3 3 0 17 0 4 0 4 0 0 3 0 0
split_gain=1833.4 801.394 615.241 130.275 110.481 51.7552 46.1805 38.4274 37.3163 32.1317 31.9341 31.804 40.173 28.3879 26.911 25.4881 24.4107 39.3878 38.8424 24.2303 22.5316 20.9323 20.8119 41.7731 48.9637 33.7208 20.4366 20.046 27.6756 23.7982
threshold=3.8041492179738285 0.78217582516746165 6.5337623634021114 7.0959697384577662 1.4125626024097453 5.3938547674423898 0.6933121904001478 0.11068561392174879 0 6.8537213013597844 1.5000000000000002 4.5000000000000009 1 2 2.5000000000000004 0.16727773217855646 3 1.0000000180025095e-35 4.5000000000000009 4 7.2620971573995039 5 7.5000000000000009 6 3.5000000000000004 7 8 3.5000000000000004 9 10
decision_type=10 8 8 10 10 10 8 10 1 10 2 2 1 1 2 10 1 2 2 1 8 1 2 1 2 1 1 2 1 1
left_child=1 7 5 9 6 14 -3 -1 -8 27 13 -7 -13 -10 19 -12 18 21 -16 -2 -5 -18 23 24 -6 -24 -26 29 -29 -4
right_child=2 4 3 20 22 11 8 -9 10 -11 15 12 -14 -15 16 -17 17 -19 -20 -21 -22 -23 25 -25 26 -27 -28 28 -30 -31
leaf_value=-0.0099752828095925616 0.0010800175309977789 -0.018934889493172093 0.0064356491797592508 0.0099672026242845213 -0.0013963419977634063 0.0024972145960532547 0.0047340355272265655 -0.010426105144968074 -0.011073450440786359 0.0089474646905768115 -0.0078499765090445425 0.011617358935590039 0.0017871448365517574 -0.007009678226173272 0.00067331282381819521 -0.0033711482566427531 -0.00056033679879097242 -0.00072402933935173947 0.0047556588856682239 0.003523839017955699 0.020663204302819028 0.0049788554708987583 -0.0096492269778224241 -0.00088822349565338416 -0.010458329234079878 1.049611038410614e-05 -0.0054605557589869069 0.0091394778374314541 0.0059801212972950381 0.0022904466436039161
leaf_weight=4341 3469 391 4230 4180 2834 8975 1182 6108 2334 6865 2881 1495 1040 3445 11921 12699 951 18549 3093 3980 3343 1693 1279 15049 901 15885 2454 3079 1681 3834
leaf_count=4341 3469 391 4230 4180 2834 8975 1182 6108 2334 6865 2881 1495 1040 3445 11921 12699 951 18549 3093 3980 3343 1693 1279 15049 901 15885 2454 3079 1681 3834
internal_value=0.000105571 -0.00573569 0.00519556 0.0113479 -0.00355512 0.00216075 -0.00630124 -0.0185353 -0.00600572 0.00920946 -0.00648252 0.00514335 0.0100888 -0.00965998 0.00137438 -0.00530809 0.000811307 -0.0002818 0.0023529 0.00411129 0.0169447 0.00542738 -0.00191526 -0.00296167 -0.00641636 -0.000620485 -0.0105142 0.0077316 0.0103046 0.0062128
internal_weight=154161 71783 82378 27212 61334 55166 22932 10449 22541 19689 21359 11510 2535 5779 43656 15580 36207 21193 15014 7449 7523 2644 38402 21238 6189 17164 3355 12824 4760 8064
internal_count=154161 71783 82378 27212 61334 55166 22932 10449 22541 19689 21359 11510 2535 5779 43656 15580 36207 21193 15014 7449 7523 2644 38402 21238 6189 17164 3355 12824 4760 8064
cat_boundaries=0 1 2 3 4 5 6 7 8 9 10 11
cat_threshold=56481 16449 258 17861 1197 520 40386 770 130 16449 17664
is_linear=0
shrinkage=0.05


Tree=59
num_leaves=31
num_cat=9
split_feature=19 17 19 17 17 15 19 18 0 15 10 11 0 1 0 3 0 0 4 12 3 0 0 3 0 18 17 18 19 3
split_gain=1708.67 809.227 592.445 101.134 97.9364 84.4051 44.6575 41.3259 34.4679 38.3305 33.8668 25.2534 24.7529 28.3206 35.9974 24.5428 77.815 33.2165 22.6919 20.3887 19.7922 20.4953 19.2973 18.8 20.957 18.1663 21.5784 17.6948 17.5086 17.4733
threshold=3.8041492179738285 0.78217582516746165 6.7230781037403355 1.5841046952755031 7.1871305236567169 5.6047181173329781 0.6933121904001478 0.12189734257168457 0 0.80899611618816747 6.8566724666014851 6.525102966252069 1 2 3 5.5000000000000009 4 5 2.5000000000000004 4.3234699656344455 3.5000000000000004 6 7 1.5000000000000002 8 0.1662458056811224 0.97397222337983591 0.4569785791471575 5.376717199315503 1.0000000180025095e-35
decision_type=10 8 10 10 8 8 8 10 1 10 8 10 1 1 1 2 1 1 2 10 2 1 1 2 1 10 10 8 10 2
left_child=1 7 5 6 10 18 -3 -1 -8 12 20 -12 27 14 -14 17 -17 -7 -2 22 29 -22 -20 24 -11 -25 -27 -10 -21 -4
right_child=2 3 4 -5 -6 15 8 -9 9 23 11 -13 13 -15 -16 16 -18 -19 19 28 21 -23 -24 25 -26 26 -28 -29 -30 -31
leaf_value=-0.0094765186691129332 0.0023708533125133659 -0.01798814501851349 0.012114783662374862 -0.0011117723287496718 0.017035787686616066 0.006285397245999658 0.0049055266095539181 -0.0098569533087033683 -0.010510201430312028 -0.010498021722274332 0.0056994459521081398 0.0095199671051847679 0.088816352119905198 -0.024262399700891626 -0.0056214391061524989 0.012835913092193209 0.0019530871857857514 0.0022658131526665849 -0.0036688984047132944 0.0016712547904947251 0.0079053559741164344 -0.0044611148701648061 0.00012771891983096584 -0.0044374560949136943 -0.0045312131289515223 -0.00029412610074183167 -0.0024276577367231323 -0.02625837068154618 -0.0016956126932670124 0.00039923089952933479
leaf_weight=5306 6924 389 359 36600 5419 3905 1204 5120 2296 1791 4304 7618 168 1451 832 1779 2056 12903 3290 13763 1624 141 15036 1033 2917 3645 7994 838 1662 1684
leaf_count=5306 6924 389 359 36600 5419 3905 1204 5120 2296 1791 4304 7618 168 1451 832 1779 2056 12903 3290 13763 1624 141 15036 1033 2917 3645 7994 838 1662 1684
internal_value=5.92336e-05 -0.00559273 0.00496532 -0.00339776 0.0121814 0.00247643 -0.00587996 -0.0184683 -0.00560946 -0.00604026 0.0101844 0.0114956 -0.00964637 -0.00580049 0.00065 0.00508041 0.0086897 0.0042569 0.00115489 0.000619982 0.00607931 0.00995751 -0.000507476 -0.00488493 -0.00758284 -0.00388258 -0.00331858 -0.0125954 0.00195948 0.00272883
internal_weight=154051 71584 82467 61158 21149 61318 24558 10426 24169 22965 15730 11922 5585 2451 1000 20643 3835 16808 40675 33751 3808 1765 18326 17380 4708 12672 11639 3134 15425 2043
internal_count=154051 71584 82467 61158 21149 61318 24558 10426 24169 22965 15730 11922 5585 2451 1000 20643 3835 16808 40675 33751 3808 1765 18326 17380 4708 12672 11639 3134 15425 2043
cat_boundaries=0 1 2 3 4 5 6 7 8 9
cat_threshold=54433 22 1 256 65 17668 16385 1568 2
is_linear=0
shrinkage=0.05


Tree=60
num_leaves=31
num_cat=11
split_feature=19 19 17 17 17 19 18 0 3 0 15 3 0 3 0 0 3 3 1 10 0 3 16 3 3 3 0 0 0 0
split_gain=1648.57 804.284 488.659 142.093 121.804 45.8121 40.0671 37.3243 37.7841 34.3638 32.6436 31.3883 99.7909 29.2836 98.1422 33.3204 51.0787 24.2798 26.9992 23.9816 21.6925 48.4844 29.0254 21.6127 43.3357 25.049 122.734 22.8306 22.3407 21.4776
threshold=1.8404337229396177 6.470585133838294 0.78217582516746165 7.1298355472465174 4.0633993593422462 0.6933121904001478 0.11536097032713168 0 3.5000000000000004 1 0.79471563046672344 1.0000000180025095e-35 2 4.5000000000000009 3 4 3.5000000000000004 1.5000000000000002 5 1.6193392260821904 6 2.5000000000000004 0.22584208785925761 4.5000000000000009 3.5000000000000004 2.5000000000000004 7 8 9 10
decision_type=10 10 8 8 8 8 10 1 2 1 8 2 1 2 1 1 2 2 1 10 1 2 10 2 2 2 1 1 1 1
left_child=2 4 6 7 23 -4 -1 -3 11 -10 -7 12 -9 15 -15 16 17 18 -6 -12 -19 22 -22 24 25 27 -27 -2 -25 -26
right_child=1 3 5 -5 13 10 -8 8 9 -11 19 -13 -14 14 -16 -17 -18 20 -20 -21 21 -23 -24 28 29 26 -28 -29 -30 -31
leaf_value=-0.0090026927356572865 -0.003751836672565029 -0.0034467676971794651 -0.017088737767587816 0.014261828521457388 -0.017287385312311533 -0.010213850426207149 -0.0093289223255892794 0.017375675116214941 0.0030912006957977134 0.0091871815271539429 -0.0049896657833464865 0.0036148807498252557 0.00070352430618025874 0.0078264435973723675 0.0004246847589092662 0.0015177230407879218 -0.010135605422478622 0.021264153619325078 -0.00050870584157109995 5.5724460022466006e-05 0.0018215443504525199 -0.0056738485425167351 0.021749538588039342 0.0017295785859465563 -0.0062136762470847429 0.011783578191096978 -0.0014010669340626559 -0.00036960218459946019 -0.00086364194661834323 -0.0014564673359391156
leaf_weight=5035 5600 676 398 7311 352 1763 5423 1665 1137 5861 22149 9794 1222 5072 6856 29592 984 255 960 2289 901 709 424 4878 3186 1950 4845 12373 7088 3541
leaf_count=5035 5600 676 398 7311 352 1763 5423 1665 1137 5861 22149 9794 1222 5072 6856 29592 984 255 960 2289 901 709 424 4878 3186 1950 4845 12373 7088 3541
internal_value=6.69199e-05 0.00297274 -0.00912581 0.0104243 0.000671014 -0.00552558 -0.0182827 0.00827684 0.00867109 0.0116247 -0.00526984 0.00704795 0.0116297 0.00246123 0.00459423 0.0017168 -0.00224701 0.000506804 -0.00491616 -0.00479581 0.00361512 0.00183464 0.00749057 -0.00122811 -0.00191538 -0.000948805 0.00163723 -0.0019265 0.000580812 -0.00547421
internal_weight=154289 117232 37057 27666 89566 26599 10458 20355 19679 6998 26201 12681 2887 46105 11928 34177 4585 3601 1312 24438 2289 2034 1325 43461 31495 24768 6795 17973 11966 6727
internal_count=154289 117232 37057 27666 89566 26599 10458 20355 19679 6998 26201 12681 2887 46105 11928 34177 4585 3601 1312 24438 2289 2034 1325 43461 31495 24768 6795 17973 11966 6727
cat_boundaries=0 1 2 3 4 5 6 7 8 9 10 11
cat_threshold=640 1280 16384 16481 44 1 8 328 970 16500 376
is_linear=0
shrinkage=0.05


Tree=61
num_leaves=31
num_cat=0
split_feature=19 19 19 17 15 17 10 13 15 18 20 10 10 17 18 12 4 18 20 2 4 2 4 9 4 21 4 19 21 5
split_gain=1551.1 1007.37 233.459 140.007 123.266 62.7775 43.6743 39.2813 33.2699 24.3871 23.1824 22.139 21.59 20.7551 19.0392 18.9901 17.1788 17.1818 16.2925 29.7741 18.3767 18.2223 14.2585 35.67 37.9373 14.2153 13.0006 14.7216 12.881 12.8746
threshold=0.83968479185746858 6.4499233512262695 3.8041492179738285 7.1490687477680632 0.69331376394879285 2.0181675655960976 6.9363913243380484 4.7392638248732322 0.79471563046672344 0.17132324364721338 0.26751128348896908 1.9530024665512917 6.5682183411278272 7.3323126664148139 0.11536097032713168 5.7623657493419325 4.5000000000000009 0.1849052253873302 1.1664923117169399 1.5000000000000002 2.5000000000000004 2.5000000000000004 7.5000000000000009 1.0000000180025095e-35 3.5000000000000004 6.4777410025491262 9.5000000000000018 5.334933012397105 7.9015624361563814 1.0000000180025095e-35
decision_type=8 10 10 8 10 10 10 8 8 10 10 10 8 8 10 10 2 10 10 2 2 2 2 2 2 10 2 10 10 2
left_child=4 2 5 6 14 8 12 18 -2 -6 29 16 -3 -5 -1 26 -10 25 20 -20 -4 -21 23 28 -25 -18 -12 -28 -7 -9
right_child=1 3 7 13 9 22 -8 10 11 -11 15 -13 -14 -15 -16 -17 17 -19 19 21 -22 -23 -24 24 -26 -27 27 -29 -30 -31
leaf_value=-0.0085525580988744243 -0.0096852853122132709 0.0020593739713863357 0.0021916258100803444 0.0097005858484727099 -0.0087186245405166014 -0.00041893055420225703 0.0083214680271824337 0.0010056091428889858 -0.0023061028934313389 -0.008968068281315451 0.0036178690242766988 0.0008590294682769839 0.0052399689111333643 0.022966232003322151 -0.0099187096206452899 0.0061007027232192097 -0.008997407853598793 -0.0036392454143205303 -0.04553680305547602 0.079593524967563695 -0.00024125525968463624 -0.029736942012532741 -6.6824914568797142e-05 0.00016076634933737122 -0.0049882078402541333 -0.0054574613004477581 0.00229157150386623 -0.0045795157415641444 -0.0036816266242569173 -0.0014630794025213723
leaf_weight=5140 1481 3257 3279 3938 1648 11911 5968 13430 8535 3084 11211 1753 12187 2735 3230 3727 2333 11122 302 249 15839 276 14572 1454 2871 1843 3018 934 640 1930
leaf_count=5140 1481 3257 3279 3938 1648 11911 5968 13430 8535 3084 11211 1753 12187 2735 3230 3727 2333 11122 302 249 15839 276 14572 1454 2871 1843 3018 934 640 1930
internal_value=-1.18586e-05 0.00151941 -0.000591784 0.00999199 -0.016467 -0.00278177 0.0080212 0.00177277 -0.00454705 -0.0100169 0.0028 -0.0041253 0.00661746 0.0163158 -0.0201135 0.003973 -0.00452419 -0.00552687 8.77413e-06 -0.00686215 0.000305994 0.000333333 -0.0012624 -0.00225172 -0.00616763 -0.00826149 0.00318703 0.000721154 -0.000902319 0.00135742
internal_weight=153897 140795 112710 28085 13102 58515 21412 54195 27067 4732 34250 25586 15444 6673 8370 18890 23833 15298 19945 827 19118 525 31448 16876 4325 4176 15163 3952 12551 15360
internal_count=153897 140795 112710 28085 13102 58515 21412 54195 27067 4732 34250 25586 15444 6673 8370 18890 23833 15298 19945 827 19118 525 31448 16876 4325 4176 15163 3952 12551 15360
is_linear=0
shrinkage=0.05


Tree=62
num_leaves=31
num_cat=9
split_feature=17 19 19 17 17 17 19 10 11 11 17 0 3 0 3 3 0 0 4 4 0 0 3 0 3 0 3 0 3 3
split_gain=1525.8 883.602 221.272 132.579 81.6824 80.8054 48.5989 38.9394 30.1895 26.1935 25.4462 24.2789 31.6788 23.7211 54.9936 23.4235 71.0451 27.316 23.209 24.1985 66.7607 40.6528 32.547 22.0855 21.4472 33.6092 20.509 33.1891 32.1414 31.8456
threshold=0.82830221659600045 6.470585133838294 2.7509030334285378 7.1298355472465174 4.281528274689264 0.69339229522435231 0.6933121904001478 6.9363913243380484 2.0731521505764063 7.6413241146334467 7.3323126664148139 0 4.5000000000000009 1 1.0000000180025095e-35 4.5000000000000009 2 3 1.5000000000000002 7.5000000000000009 4 5 1.0000000180025095e-35 6 1.0000000180025095e-35 7 5.5000000000000009 8 1.5000000000000002 3.5000000000000004
decision_type=8 10 10 8 8 10 8 10 10 8 8 1 2 1 2 2 1 1 2 2 1 1 2 1 2 1 2 1 2 2
left_child=5 2 6 7 18 -1 -2 11 26 -9 -5 -3 13 14 -13 17 -17 -6 -4 21 -21 22 -20 -23 25 -19 27 28 -8 -30
right_child=1 3 4 10 15 -7 8 9 -10 -11 -12 12 -14 -15 -16 16 -18 24 19 20 -22 23 -24 -25 -26 -27 -28 -29 29 -31
leaf_value=-0.0081249301939307021 -0.015806672974264701 0.0012026685593885312 0.0019988272506139995 0.0087464515325775816 0.0082128486896576817 -0.0083218942843496131 -0.011216622635373258 0.0096571752680937109 -8.8676369893181395e-05 0.0046652380798245744 0.021790055908370489 0.015142802068277873 0.0089303480126059712 0.0018798155680286978 0.003290265859482844 -1.8489365614682286e-05 0.0068591390735655462 0.00093782650893641244 0.0022868703209517282 -0.012180260592358806 0.0006154208695417718 0.0050104665707807697 -0.0031989205017457171 -0.00047706945336680742 0.00056279249013506676 0.0065178433653591663 -0.00096319098439193737 -0.0029563925490872669 -0.0019054270798260387 -0.011143596424073518
leaf_weight=6857 339 2266 3458 4544 1181 5756 2662 3222 4928 2368 2777 1103 2214 4782 4367 4477 5430 2933 926 1032 17720 759 7952 9971 22937 1925 4237 15346 3081 2382
leaf_count=6857 339 2266 3458 4544 1181 5756 2662 3222 4928 2368 2777 1103 2214 4782 4367 4477 5430 2933 926 1032 17720 759 7952 9971 22937 1925 4237 15346 3081 2382
internal_value=-4.02775e-05 0.0014469 -0.000502745 0.00946442 0.000907362 -0.016703 -0.00395375 0.00738608 -0.00375812 0.0109392 0.0152336 0.00603788 0.00690125 0.00573547 0.00798358 0.00255703 0.0046558 0.00183945 -0.000626524 -0.000980188 0.000303968 -0.00220828 -0.0047086 -0.000135009 0.00152041 0.0045389 -0.00439945 -0.00497742 -0.007563 -0.00537708
internal_weight=153932 141319 113676 27643 80701 12613 32975 20322 32636 5590 7321 14732 12466 10252 5470 38883 9907 28976 41818 38360 18752 19608 8878 10730 27795 4858 27708 23471 8125 5463
internal_count=153932 141319 113676 27643 80701 12613 32975 20322 32636 5590 7321 14732 12466 10252 5470 38883 9907 28976 41818 38360 18752 19608 8878 10730 27795 4858 27708 23471 8125 5463
cat_boundaries=0 1 2 3 4 5 6 7 8 9
cat_threshold=1728 16640 48896 1280 896 48160 513 2761 322
is_linear=0
shrinkage=0.05


Tree=63
num_leaves=31
num_cat=2
split_feature=17 19 19 17 17 19 10 15 15 0 10 19 19 20 15 5 4 15 10 2 15 19 17 0 12 2 8 21 12 20
split_gain=1501.32 854.523 194.856 121.373 90.4701 59.0639 54.1065 46.1443 34.6995 30.0903 23.5552 24.3094 21.5971 20.6857 20.4035 20.2389 24.2036 18.3685 18.2538 17.2671 16.7565 18.5582 22.0663 15.5079 14.8094 14.4007 14.3672 27.9494 13.9943 13.4833
threshold=0.82830221659600045 6.470585133838294 3.8041492179738285 7.2333556177796501 0.69339229522435231 0.6933121904001478 6.9363913243380484 2.6069423984182647 5.3703718702246652 0 1.7833559100698646 2.2711086212837892 2.9139397754017575 0.13775605837701535 0.77455988461188452 1.0000000180025095e-35 1.5000000000000002 2.8946446114230837 6.7686081409676051 1.5000000000000002 3.0654494691438128 3.1896877399293557 3.2523401430370171 1 4.0613043372021433 2.5000000000000004 3.5000000000000004 8.395235567913474 7.1943993121536609 0.15952840157531062
decision_type=8 10 10 8 10 8 10 10 8 1 10 10 10 10 10 2 2 8 8 2 10 10 10 1 8 2 2 8 10 10
left_child=4 2 5 6 13 -2 9 10 15 -3 23 -12 17 -1 -6 16 -4 -9 25 26 -14 -22 -23 -7 -18 -11 -20 28 -28 -25
right_child=1 3 8 -5 14 7 -8 12 -10 18 11 -13 20 -15 -16 -17 24 -19 19 -21 21 22 -24 29 -26 -27 27 -29 -30 -31
leaf_value=-0.0077186836842341681 -0.015016339325551464 -0.0036456511302744412 0.0042272840585266813 0.016395131029855105 -0.0078832584533633562 0.028610134569412707 0.0077050145555019435 0.0001526790093043351 0.0026469319396689619 0.0016340290129601698 0.00036203689945755183 -0.0045783600637427039 -0.0025703681440803817 -0.011485432363813037 -0.0079879091512977292 -0.0012209286416289822 -0.00077729239713548732 0.0035486670433343861 0.0046527346956445562 0.0043534515979860577 0.0018591580522576701 -0.0050154132224975671 -0.00054227528249757302 -0.0094728782531445788 0.00088878342693763388 0.0055375656687831403 0.0041040358011910083 0.013427311357952432 -0.0049477917037947352 -0.0036359625863432443
leaf_weight=4214 345 642 2413 4408 3592 110 7431 2684 17346 3821 5277 2023 3501 2726 2191 5276 5841 1261 989 6248 2311 1101 14146 3001 24046 1715 846 1419 122 23265
leaf_count=4214 345 642 2413 4408 3592 110 7431 2684 17346 3821 5277 2023 3501 2726 2191 5276 5841 1261 989 6248 2311 1101 14146 3001 24046 1715 846 1419 122 23265
internal_value=-5.91338e-05 0.00141926 -0.00049387 0.00930592 -0.0165114 -0.00248835 0.00786274 -0.00236708 0.00164961 0.00620807 -0.00357525 -0.00106164 -0.000739882 -0.0203602 -0.0118926 0.000795721 0.00126471 0.00265526 0.00665458 0.00797485 -0.0013759 -0.000746099 -0.00137896 -0.00427093 0.000875799 0.00437139 0.010856 0.0129556 0.00640496 -0.00434998
internal_weight=154311 141588 113947 27641 12723 59025 23233 58680 54922 15802 33676 7300 25004 6940 5783 37576 32300 3945 15160 9624 21059 17558 15247 26376 29887 5536 3376 2387 968 26266
internal_count=154311 141588 113947 27641 12723 59025 23233 58680 54922 15802 33676 7300 25004 6940 5783 37576 32300 3945 15160 9624 21059 17558 15247 26376 29887 5536 3376 2387 968 26266
cat_boundaries=0 1 2
cat_threshold=640 33793
is_linear=0
shrinkage=0.05


Tree=64
num_leaves=31
num_cat=7
split_feature=17 19 19 17 18 19 10 17 0 3 0 18 3 3 0 3 0 3 10 0 17 3 0 19 19 3 3 3 3 0
split_gain=1488.74 765.422 180.408 115.745 84.2644 61.3755 45.0379 35.8852 30.3579 37.3302 48.5532 29.1216 24.8076 24.5274 40.7235 40.1587 59.4355 24.3877 23.4497 22.5783 22.4784 21.4289 20.9807 19.7121 19.3676 19.3499 65.3119 33.448 51.2471 19.3482
threshold=0.82830221659600045 6.470585133838294 3.8041492179738285 7.2333556177796501 0.14418139414464085 0.71228376276357264 6.8566724666014851 2.6682319366128362 0 4.5000000000000009 1 1.1541312959691543 3.5000000000000004 3.5000000000000004 2 1.0000000180025095e-35 3 1.0000000180025095e-35 1.0471650770867935 4 0.53915103907563411 5.5000000000000009 5 0.6933121904001478 2.9139397754017575 1.5000000000000002 2.5000000000000004 4.5000000000000009 5.5000000000000009 6
decision_type=8 10 10 8 10 8 8 10 1 2 1 10 2 2 1 2 1 2 10 1 10 2 1 10 10 2 2 2 2 1
left_child=4 2 5 6 23 -2 12 18 9 -4 -11 17 -3 15 -15 16 -8 22 29 -14 -6 -22 -10 -1 -9 -13 -27 -28 -29 -7
right_child=1 3 8 -5 20 7 13 24 11 10 -12 25 19 14 -16 -17 -18 -19 -20 -21 21 -23 -24 -25 -26 26 27 28 -30 -31
leaf_value=-0.0073327495000224622 -0.014265522359273891 0.0011341042660138357 0.0012072725014362186 0.015452990542443246 -0.021876884299887357 -0.009980387897581329 0.015695694678132723 0.0013134562467966293 0.0043516770525532161 0.0075652819264550031 0.00055695995133522305 -0.031870500623448296 -0.0037283793857767924 0.0098319430393984508 0.0033691925999098427 0.0035259786041751174 0.0020114347252302655 9.639862021502133e-05 -0.001610645548680767 0.0054057666147456331 -0.0077833772006422669 -0.0081216621230569448 0.00016233284073958744 -0.0073327495000224622 -0.00086378696576921987 0.096721673141432832 -0.042013689835278339 0.097559449216179678 -0.03893803807150046 -0.0037961348060143621
leaf_weight=3911 384 4177 22028 4449 667 4396 1587 3882 1888 3618 2587 227 273 3931 1263 8011 1016 22018 17720 2852 4454 852 1486 2741 22444 215 396 170 170 10312
leaf_count=3911 384 4177 22028 4449 667 4396 1587 3882 1888 3618 2587 227 273 3931 1263 8011 1016 22018 17720 2852 4454 852 1486 2741 22444 215 396 170 170 10312
internal_value=-8.51582e-05 0.00138269 -0.000425878 0.00886008 -0.0165366 -0.00234113 0.00743834 -0.00221091 0.00164088 0.00278211 0.0062087 0.000427013 0.00419063 0.00893851 0.0117539 0.00756077 0.0129562 0.000783711 -0.00332429 0.00756 -0.0122258 -0.0111383 0.00474215 -0.0204074 -0.000839474 -0.00725806 -0.00412723 -0.0112092 0.000294118 -0.00480011
internal_weight=154125 141500 113941 27559 12625 59138 23110 58754 54803 28233 6205 26570 7302 15808 5194 10614 2603 25392 32428 3125 5973 5306 3374 6652 26326 1178 951 736 340 14708
internal_count=154125 141500 113941 27559 12625 59138 23110 58754 54803 28233 6205 26570 7302 15808 5194 10614 2603 25392 32428 3125 5973 5306 3374 6652 26326 1178 951 736 340 14708
cat_boundaries=0 1 2 3 4 5 6 7
cat_threshold=21953 16449 16449 16384 1792 43040 66
is_linear=0
shrinkage=0.05


Tree=65
num_leaves=31
num_cat=8
split_feature=17 19 19 17 18 19 10 15 15 0 10 19 19 10 15 15 0 0 0 10 0 0 18 0 5 17 15 16 18 0
split_gain=1434.13 718.648 158.787 114.024 89.5571 57.0518 36.5843 33.6551 32.5642 25.7493 25.4173 24.8601 18.789 18.6855 17.7546 17.5858 17.1235 16.9968 16.1777 15.8233 15.1479 14.8551 14.0675 13.6556 13.6022 12.0049 29.8969 12.1588 11.9714 11.842
threshold=0.82830221659600045 6.4075365111668843 3.7856332894721603 7.1107056796462595 0.14418139414464085 0.6933121904001478 6.8566724666014851 4.7225847586044649 2.7314570030009899 0 7.0969696612111095 2.9139397754017575 0.6933121904001478 3.3339870432574523 0.53815394315432463 0.86643746549129441 1 2 3 4.5114086553913824 4 5 0.22754639489249959 6 1.0000000180025095e-35 1.0550560724779408 1.2426205730334428 0.70849655445590509 0.18700763890271449 7
decision_type=8 10 10 8 10 8 10 8 10 1 8 10 10 8 8 8 1 1 1 10 1 1 8 1 2 8 8 8 10 1
left_child=4 2 5 6 12 -2 9 16 15 -3 -5 21 -1 -13 -6 -7 -4 -12 -11 20 -17 -10 -9 -15 -20 27 -27 -22 -28 -24
right_child=1 3 7 10 14 8 -8 22 11 18 17 13 -14 23 -16 19 -18 -19 24 -21 25 -23 29 -25 -26 26 28 -29 -30 -31
leaf_value=-0.0069661120250213374 -0.013552246241310196 0.0051493468053397167 0.0073975961262563233 0.0046625595492660659 -0.020296626512514144 -0.0091176446986461109 0.0061332988147173141 0.0007103056352235626 0.010572297925751029 -0.0032863721948070746 0.016313475975682269 -0.0021014031153830828 -0.0069435709082525613 -0.00092596913415273765 -0.007394208340610154 -0.0043559174284522719 -5.6535101692434259e-05 0.0092070972088117205 0.0032215352747114513 0.045354389859377925 0.00038480876105883303 0.0012334962242748549 0.007352609257123755 0.00092687713384924657 -0.00063182119969922295 -0.0035231125438241252 -0.002496104333373628 -0.011572116266184929 -3.6731968692610417e-05 0.0020536207309861166
leaf_weight=3905 335 5330 457 1467 600 2055 6858 10624 217 688 2952 6854 2763 8894 5348 16933 24695 3534 7331 124 3684 2844 3630 4705 1271 2596 3006 126 6210 14211
leaf_count=3905 335 5330 457 1467 600 2055 6858 10624 217 688 2952 6854 2763 8894 5348 16933 24695 3534 7331 124 3684 2844 3630 4705 1271 2596 3006 126 6210 14211
internal_value=-0.000150894 0.00128803 -0.000536096 0.00824216 -0.0163047 -0.00233558 0.00634836 0.00143005 -0.00221724 0.00493502 0.0133566 -0.000780386 -0.0202834 -0.00140933 -0.0118443 -0.00318996 9.74078e-05 0.0147009 0.00333333 -0.00290783 -0.00297573 0.00342208 0.00260759 -0.000336422 0.00392476 -0.00184877 -0.00263715 0.000590551 -0.00130208 0.00346533
internal_weight=154247 141631 112200 29431 12616 58583 21478 53617 58248 14620 7953 23514 6668 20453 5948 34734 25152 6486 9290 32679 32555 3061 28465 13599 8602 15622 11812 3810 9216 17841
internal_count=154247 141631 112200 29431 12616 58583 21478 53617 58248 14620 7953 23514 6668 20453 5948 34734 25152 6486 9290 32679 32555 3061 28465 13599 8602 15622 11812 3810 9216 17841
cat_boundaries=0 1 2 3 4 5 6 7 8
cat_threshold=16384 129 801 640 3042 10754 9384 5952
is_linear=0
shrinkage=0.05


Tree=66
num_leaves=31
num_cat=9
split_feature=17 19 19 17 18 19 15 11 10 11 3 0 0 22 3 0 3 0 20 4 0 0 19 15 2 4 4 0 0 0
split_gain=1385.48 659.65 151.796 102.298 94.5299 54.4964 52.291 49.315 34.4614 28.1187 27.3502 46.8136 28.9003 23.8833 23.2085 21.965 20.9476 20.7169 28.7501 20.286 39.707 36.7947 19.854 19.8147 19.1559 19.0699 53.8975 73.2715 24.3045 20.0113
threshold=0.82830221659600045 6.470585133838294 2.7933205669847365 7.2620971573995039 0.14418139414464085 0.6933121904001478 4.4548089185240025 6.8537213013597844 6.9363913243380484 1.0471650770867935 4.5000000000000009 0 1 7.0012227630028159 5.5000000000000009 2 1.0000000180025095e-35 3 0.80337654490147592 8.5000000000000018 4 5 0.6933121904001478 0.69331376394879285 1.5000000000000002 4.5000000000000009 7.5000000000000009 6 7 8
decision_type=8 10 10 8 10 8 8 10 8 10 2 1 1 10 2 1 2 1 8 2 1 1 10 10 2 2 2 1 1 1
left_child=4 2 5 7 22 -2 25 15 -9 17 12 -12 13 19 23 -3 -15 18 -7 21 -21 -8 -1 -6 -10 29 28 -28 -27 -4
right_child=1 3 6 -5 14 9 10 8 24 -11 11 -13 -14 16 -16 -17 -18 -19 -20 20 -22 -23 -24 -25 -26 26 27 -29 -30 -31
leaf_value=-0.0066178064237702727 -0.012874633929244685 -0.0036896519801774999 0.0019597928531719824 0.015230198091118918 -0.0082290076535941233 -0.0075099627788334572 0.011260783054356028 0.0030346214376629544 0.010073374777827349 -0.0013666026322160631 0.0069422790090853947 0.0007128964282977269 -2.3853242119264986e-05 0.0055626317157602585 -0.0081193412048484685 0.0036574538169481309 -0.00027391751842937851 -0.0035843315397683373 -0.031903300565559761 -0.0082540722521266315 0.0032556358613585303 0.0026264539643338081 -0.0066189334796087074 -0.0068348669515669426 0.0065459110086784067 -0.0037719180667007191 -0.010298351880601754 0.00063666646720839104 -0.0013883571887923552 2.7215988099804634e-05
leaf_weight=3837 343 575 3094 3847 2187 3707 1662 2729 2203 18518 4059 5642 16378 1101 955 13649 4628 10409 818 320 970 2471 2802 2824 4660 4121 933 17932 6349 10391
leaf_count=3837 343 575 3094 3847 2187 3707 1662 2729 2203 18518 4059 5642 16378 1101 955 13649 4628 10409 818 320 970 2471 2802 2824 4660 4121 933 17932 6349 10391
internal_value=-0.000198554 0.00121635 -0.00046642 0.00814174 -0.0160829 -0.00327637 0.000719854 0.00691972 0.00969037 -0.00307306 0.00209033 0.00437326 0.00128587 0.00324763 -0.0115153 0.00505132 0.000999302 -0.00468729 -0.00751378 0.0056288 0.000155039 0.00733729 -0.0201875 -0.0128767 0.0115802 -0.000471742 -0.00118715 0.000409488 -0.00406399 0.00108454
internal_weight=154114 141509 113846 27663 12605 33795 80051 23816 9592 33452 37231 9701 27530 11152 5966 14224 5729 14934 4525 5423 1290 4133 6639 5011 6863 42820 29335 18865 10470 13485
internal_count=154114 141509 113846 27663 12605 33795 80051 23816 9592 33452 37231 9701 27530 11152 5966 14224 5729 14934 4525 5423 1290 4133 6639 5011 6863 42820 29335 18865 10470 13485
cat_boundaries=0 1 2 3 4 5 6 7 8 9
cat_threshold=101 55104 640 66 512 1792 512 48128 37381
is_linear=0
shrinkage=0.05


Tree=67
num_leaves=31
num_cat=8
split_feature=17 17 17 16 17 0 20 3 3 0 3 0 3 17 3 3 11 0 17 15 20 3 3 0 0 3 3 4 0 0
split_gain=1344.32 552.637 114.013 95.4944 88.7799 45.3903 73.9986 38.8912 35.8254 38.0534 33.8105 87.2351 30.4307 30.3566 26.5429 27.5634 23.9355 23.3677 20.9852 20.8701 20.3724 45.3076 29.8566 27.351 24.1642 38.7293 44.3406 30.8537 58.3256 29.618
threshold=0.82830221659600045 6.3791575779501395 3.9671871312009244 0.12499309470751359 7.0612477840652312 0 0.11068561392174879 1.5000000000000002 3.5000000000000004 1 1.0000000180025095e-35 2 4.5000000000000009 7.443088802830129 3.5000000000000004 1.0000000180025095e-35 6.1234786790418072 3 0.69339229522435231 0.53815394315432463 0.26868735007333377 1.0000000180025095e-35 4.5000000000000009 4 5 3.5000000000000004 1.5000000000000002 9.5000000000000018 6 7
decision_type=8 10 10 10 10 1 10 2 2 1 2 1 2 10 2 2 10 1 10 10 10 2 2 1 1 2 2 2 1 1
left_child=3 2 5 18 8 6 -2 17 10 12 11 -3 -10 14 15 -6 -7 -8 -1 -5 21 -4 24 -24 25 26 -22 -26 -29 -28
right_child=1 4 20 19 13 16 7 -9 9 -11 -12 -13 -14 -15 -16 -17 -18 -19 -20 -21 22 -23 23 -25 27 -27 29 28 -30 -31
leaf_value=-0.0062869161025817582 -0.022166726184629771 0.013133556056807882 0.0034703570542218955 -0.019333030885252019 0.011598004045975864 -0.00059287595976833531 -0.0086345523537763209 -0.0015534262994353787 0.0039154444898206187 0.0012349115117074039 0.0016290697166314594 8.9100184567980637e-06 0.0093426786026187709 0.023098204046023876 0.010347242318150762 0.0035384612180343169 0.031174677446634026 -0.004358155636136285 -0.0063969917730302035 -0.0064806514169486523 -0.0051442387561843276 -0.00022006403692600431 0.0097427178188423738 0.0030610297042806159 0.0029273730072405749 -0.012777157607432655 0.020742069037037059 -0.011149944090094666 0.0010865111633420188 0.0031983885346510868
leaf_weight=5278 1247 1398 3268 643 1209 43286 1904 15495 2871 1673 10033 1472 2913 1115 2764 3928 157 4095 1692 4999 1401 20054 1325 4182 9628 881 377 559 2373 1418
leaf_count=5278 1247 1398 3268 643 1209 43286 1904 15495 2871 1673 10033 1472 2913 1115 2764 3928 157 4095 1692 4999 1401 20054 1325 4182 9628 881 377 559 2373 1418
internal_value=-0.000273695 0.00112497 -0.000480519 -0.0159134 0.00722699 -0.00180482 -0.00361413 -0.00292872 0.00539784 0.00815677 0.00380338 0.00858885 0.0100708 0.0113576 0.0102677 0.00814191 -0.000856673 -0.00634689 -0.0198278 -0.0110776 0.00144724 0.000415916 0.00253342 0.00572453 0.00147713 -0.00186567 0.00068836 0.00256165 -0.00192701 0.00589136
internal_weight=153638 141026 111650 12612 29376 66184 22741 21494 20360 7457 12903 2870 5784 9016 7901 5137 43443 5999 6970 5642 45466 23322 22144 5507 16637 4077 3196 12560 2932 1795
internal_count=153638 141026 111650 12612 29376 66184 22741 21494 20360 7457 12903 2870 5784 9016 7901 5137 43443 5999 6970 5642 45466 23322 22144 5507 16637 4077 3196 12560 2932 1795
cat_boundaries=0 1 2 3 4 5 6 7 8
cat_threshold=594 16449 16384 2 65 34860 640 8
is_linear=0
shrinkage=0.05


Tree=68
num_leaves=31
num_cat=4
split_feature=19 19 18 19 17 17 11 11 10 0 10 20 3 0 20 3 3 3 19 0 17 3 4 0 20 3 3 3 3 3
split_gain=1348.2 551.076 129.158 127.405 95.0424 45.244 42.186 40.2156 31.1977 27.0178 24.4831 23.3007 28.817 30.2439 22.7874 21.8888 24.676 20.2717 19.5407 18.4058 17.7595 17.1248 16.7059 18.361 28.3418 37.3025 25.4245 58.32 37.4697 66.3396
threshold=0.8266424293133654 6.470585133838294 0.14418139414464085 2.7509030334285378 7.2333556177796501 4.2994761281859342 6.8537213013597844 1.0471650770867935 7.0826744980803085 0 0.71754226264466137 0.27965335007403053 4.5000000000000009 1 0.80337654490147592 4.5000000000000009 1.0000000180025095e-35 1.0000000180025095e-35 0.6933121904001478 2 0.53915103907563411 1.5000000000000002 1.5000000000000002 3 0.41734039587960542 1.5000000000000002 4.5000000000000009 5.5000000000000009 2.5000000000000004 1.5000000000000002
decision_type=8 10 10 10 8 8 10 10 10 1 10 10 2 1 8 2 2 2 10 1 10 2 2 1 10 2 2 2 2 2
left_child=2 3 18 7 6 22 -3 9 15 14 20 17 -13 -14 21 16 19 -7 -1 -8 -4 -2 -5 24 25 -24 28 -28 29 -26
right_child=1 4 10 5 -6 11 8 -9 -10 -11 -12 12 13 -15 -16 -17 -18 -19 -20 -21 -22 -23 23 -25 26 -27 27 -29 -30 -31
leaf_value=-0.0059725702974526675 -0.007648498462072259 0.0030445155487061506 -0.019401321087321566 0.0017200088776843537 0.012978969846225132 0.0029426357178275798 0.012833352524252684 -0.0010662902206395653 0.0095699947138037089 -0.0035772724689822513 -0.006047780481116722 0.0018019441213971811 0.0095860791741793298 0.0030887847625735267 -0.029122689606552656 0.0089176595074234918 0.002645451352460393 5.2474217702824788e-05 -0.0059510998837304045 0.00087895313621522142 -0.0062337058070523928 -0.0065081615114298778 0.001857572218568493 5.2051255186125195e-05 -0.017021725687339784 -0.0011527374700134319 0.030069104657387914 -0.01216208238595491 -0.022859925031658679 0.021980234788040898
leaf_weight=4266 1080 13876 586 3483 4418 2707 814 17846 2051 10760 1737 13428 1546 3048 788 1216 4824 17750 2505 288 3569 2730 2832 24343 658 8053 498 654 1282 650
leaf_count=4266 1080 13876 586 3483 4418 2707 814 17846 2051 10760 1737 13428 1546 3048 788 1216 4824 17750 2505 288 3569 2730 2832 24343 658 8053 498 654 1282 650
internal_value=-0.000279675 0.00111793 -0.0159105 -0.000412666 0.00747353 0.000657342 0.00618687 -0.00302072 0.00881377 -0.00489647 -0.0104973 0.00189909 0.00320997 0.00662821 -0.00810547 0.00725287 0.00599899 0.000744244 -0.020621 0.0127495 -0.0125812 -0.00652231 -0.000468165 -0.000764691 -0.00216404 -0.000875057 -0.00591929 0.000260417 -0.00866795 -0.00271407
internal_weight=154286 141623 12663 114136 27487 80932 23069 33204 9193 15358 5892 38479 18022 4594 4598 7142 5926 20457 6771 1102 4155 3810 42453 38970 14627 10885 3742 1152 2590 1308
internal_count=154286 141623 12663 114136 27487 80932 23069 33204 9193 15358 5892 38479 18022 4594 4598 7142 5926 20457 6771 1102 4155 3810 42453 38970 14627 10885 3742 1152 2590 1308
cat_boundaries=0 1 2 3 4
cat_threshold=66 10305 16384 10144
is_linear=0
shrinkage=0.05


Tree=69
num_leaves=31
num_cat=6
split_feature=19 19 16 19 17 10 17 11 12 5 17 0 3 0 3 10 19 0 3 1 3 18 16 3 0 10 3 0 2 17
split_gain=1336.43 500.83 147.195 111.36 94.0201 43.4588 36.4236 33.9956 33.8579 26.9142 24.2218 40.8184 23.1601 82.0475 22.292 20.5727 19.9386 19.8626 64.4945 48.6003 31.415 39.3458 38.9185 18.2982 21.3231 18.0625 17.7193 20.3606 17.6839 16.6023
threshold=0.85334004793109941 6.470585133838294 0.11641298424820505 3.7666830077037479 7.3323126664148139 6.8566724666014851 0.78217582516746165 6.7528541473697619 3.0468977391027221 1.0000000180025095e-35 0.8553453582061773 0 4.5000000000000009 1 1.5000000000000002 7.0969696612111095 0.72017818776715636 2 2.5000000000000004 3 1.5000000000000002 0.68393351966051918 0.10723466185319465 5.5000000000000009 4 0.71754226264466137 3.5000000000000004 5 1.5000000000000002 5.7093692998111178
decision_type=8 10 10 10 8 8 10 10 10 2 10 1 2 1 2 10 10 1 2 1 2 10 10 2 1 10 2 1 2 8
left_child=2 3 16 8 5 26 25 -7 10 12 11 -2 17 29 -8 28 -1 18 20 -20 21 -5 -22 -12 -25 -4 -3 -28 -9 -14
right_child=1 4 6 9 -6 7 14 15 -10 -11 23 -13 13 -15 -16 -17 -18 -19 19 -21 22 -23 -24 24 -26 -27 27 -29 -30 -31
leaf_value=-0.0056739417825800338 -0.0080952803222518518 0.00047126882782304595 -0.0058574057427885412 0.00072552186055815373 0.016513647528840637 0.0033518444651543969 -0.0061296384940657533 0.0073194838750186625 0.00021573966850942929 -0.000976375002529839 -0.0018989961471118201 -0.0039935542146003261 0.0044592722807657026 6.860492623698145e-05 -0.0057521337961910337 0.008791932014937465 -0.0056535448895438829 0.00096359532593028876 -0.032582227205850821 -0.0015452538616948287 -0.00048746012506779569 -0.027141797386994661 0.014991666915485969 -0.0042355606943619726 0.00095245800265366667 -0.0057355120132669638 -0.0040708897677547819 0.0046708885724592534 0.0042375900550978727 0.010902297039115516
leaf_weight=4894 2288 4242 2965 838 2749 8074 755 2327 12865 7072 33059 2535 4182 7360 1968 2672 2145 31819 577 1178 738 272 748 801 5291 1003 304 2831 4452 1110
leaf_count=4894 2288 4242 2965 838 2749 8074 755 2327 12865 7072 33059 2535 4182 7360 1968 2672 2145 31819 577 1178 738 272 748 801 5291 1003 304 2831 4452 1110
internal_value=-0.000319244 0.00113688 -0.0152076 -0.00034218 0.00716701 0.0061983 -0.00989762 0.0075535 -0.00190054 0.00124253 -0.0025606 -0.005904 0.00166011 0.00350142 -0.00544436 0.00958893 -0.020255 0.00101604 -0.00214974 -0.0095584 0.00285054 -0.00351351 0.00760431 -0.00214873 0.000369337 -0.0129536 0.00297885 0.00582935 0.00812435 0.00824217
internal_weight=154114 140384 13730 112733 27651 24902 6691 17525 56839 55894 43974 4823 48822 12652 2723 9451 7039 36170 4351 1755 2596 1110 1486 39151 6092 3968 7377 3135 6779 5292
internal_count=154114 140384 13730 112733 27651 24902 6691 17525 56839 55894 43974 4823 48822 12652 2723 9451 7039 36170 4351 1755 2596 1110 1486 39151 6092 3968 7377 3135 6779 5292
cat_boundaries=0 1 2 3 4 5 6
cat_threshold=594 16485 36 1 3584 1920
is_linear=0
shrinkage=0.05


Tree=70
num_leaves=31
num_cat=7
split_feature=17 19 19 18 17 19 15 11 10 11 10 3 0 0 0 19 17 2 3 0 0 4 0 4 0 4 5 3 4 15
split_gain=1345.51 469.026 109.387 100.444 81.1691 60.116 44.0774 42.357 27.3598 26.659 26.1342 24.5788 42.4978 23.1031 21.0622 21.8109 20.5478 19.0896 18.2486 26.152 18.9176 16.7717 24.7526 36.7224 24.0185 23.3675 23.0912 22.9471 17.2373 16.7281
threshold=0.82830221659600045 6.470585133838294 2.7509030334285378 0.11952193119248146 7.3323126664148139 0.71228376276357264 4.3394273400248649 6.8537213013597844 0.71754226264466137 1.0471650770867935 6.9363913243380484 4.5000000000000009 0 1 2 2.5254725953144042 0.53915103907563411 1.5000000000000002 1.0000000180025095e-35 3 4 2.5000000000000004 5 7.5000000000000009 6 9.5000000000000018 1.0000000180025095e-35 1.0000000180025095e-35 4.5000000000000009 5.3703718702246652
decision_type=8 10 10 10 8 8 8 10 10 10 8 2 1 1 1 8 10 2 2 1 1 2 1 2 1 2 2 2 2 10
left_child=3 2 5 -1 7 -2 21 -3 16 14 -9 13 29 -8 15 -7 -5 -12 19 -15 -21 -4 25 24 -24 -23 -25 -26 -29 -13
right_child=1 4 6 8 -6 9 11 10 -10 -11 17 12 -14 18 -16 -17 -18 -19 -20 20 -22 22 23 26 27 -27 -28 28 -30 -31
leaf_value=-0.0053902446934510299 -0.010540240319549322 0.0028687439303513476 0.0011448805164316679 -0.018986688163439864 0.015464374068750475 -0.006780768439917562 0.0069871151079341056 0.0024156370890434879 -0.0055250455264022509 -0.0010122630481877505 0.0082585065151746569 0.0051369241460224929 0.00030685289420662176 -0.093221650736327322 -0.0029182807304216577 -0.027515002915766241 -0.0055645354556491111 0.0056856118605418393 0.00011761107538186267 0.0014425552637153062 0.0057010465769192775 -7.0548239807965982e-05 -0.00031969008520082998 0.00091737023372219235 0.0018056166497424364 -0.0097065848819897892 -0.0019368300744071589 -0.00083452938712995643 -0.0041964997714859847 0.0092374757642046616
leaf_weight=5375 391 14632 6237 797 2704 3725 1182 2762 1633 18016 2443 4208 5211 172 10317 728 4755 5218 23405 2827 1832 681 7600 14924 850 891 2542 2320 4746 1090
leaf_count=5375 391 14632 6237 797 2704 3725 1182 2762 1633 18016 2443 4208 5211 172 10317 728 4755 5218 23405 2827 1832 681 7600 14924 850 891 2542 2320 4746 1090
internal_value=-0.00037837 0.00101233 -0.000408051 -0.0160629 0.00684012 -0.002825 0.000585371 0.00595191 -0.0121955 -0.00259257 0.0083877 0.00176635 0.00384194 0.00102488 -0.00416723 -0.00704123 -0.0138689 0.00989101 0.000736387 0.00353446 0.00424609 -0.000570592 -0.00100133 -0.000707747 -0.00247809 -0.00711125 0.000864537 -0.00440323 -0.00534249 0.00698945
internal_weight=154214 141654 113895 12560 27759 33177 80718 25055 7185 32786 10423 39927 10509 29418 14770 4453 5552 7661 28236 4831 4659 40791 34554 32982 15516 1572 17466 7916 7066 5298
internal_count=154214 141654 113895 12560 27759 33177 80718 25055 7185 32786 10423 39927 10509 29418 14770 4453 5552 7661 28236 4831 4659 40791 34554 32982 15516 1572 17466 7916 7066 5298
cat_boundaries=0 1 2 3 4 5 6 7
cat_threshold=229 1280 66 64 2697 896 16461
is_linear=0
shrinkage=0.05


Tree=71
num_leaves=31
num_cat=9
split_feature=17 19 19 18 17 19 10 3 3 0 0 15 15 18 0 3 3 0 0 3 3 0 3 16 18 16 19 0 1 0
split_gain=1291.36 415.809 99.3874 86.1078 81.8142 59.633 46.0317 42.6925 54.5017 90.1836 45.4763 36.7065 33.5229 27.013 45.6771 21.6137 21.1692 58.2961 24.2211 37.0895 22.6089 46.4787 32.7684 41.0314 21.746 20.635 19.4564 19.0365 36.299 28.4649
threshold=0.79473535973314147 6.4075365111668843 2.7933205669847365 0.14418139414464085 7.443088802830129 0.6933121904001478 6.7544292437421705 3.5000000000000004 1.0000000180025095e-35 0 1 3.9726871408252822 0.77455988461188452 0.75154344666447714 2 5.5000000000000009 4.5000000000000009 3 4 3.5000000000000004 1.5000000000000002 5 2.5000000000000004 0.30166456673688674 0.75154344666447714 0.68458703204763027 7.1688052960300892 6 7 8
decision_type=8 10 10 10 8 8 8 2 2 1 1 8 8 8 1 2 2 1 1 2 2 1 2 10 10 10 10 1 1 1
left_child=3 2 5 -1 6 -2 -3 8 9 -8 26 -4 -7 -14 -15 -5 18 -18 19 20 25 -22 23 -23 -24 -13 -9 -16 29 -29
right_child=1 4 11 15 -6 12 7 10 -10 -11 -12 16 13 14 27 -17 17 -19 -20 -21 21 22 24 -25 -26 -27 -28 28 -30 -31
leaf_value=-0.0051207324587784764 -0.010013228303571854 0.001278779928621643 -0.00052763601399949953 -0.0056464739160732805 0.020611790840824054 -0.0065735559501550415 0.013213316605149794 0.0070788817735538689 0.00204090024685466 0.0004995521747727772 0.0021430572908776035 -0.0015561633816687959 -0.0013301036839208137 0.012942544952510527 -0.018313807198961665 -0.0062047904495230906 0.0049029741117168069 -0.00014552971409416139 0.00088557426986015655 -0.0079199096319206193 0.018345179809948098 0.00057482922200300377 -0.0013445441047766238 0.031740281011186644 -0.02646691392686833 -0.021333567723496961 0.011780134600122638 0.088849478136741988 -0.029573967454588602 -0.0038984780354882399
leaf_weight=6532 381 6494 28927 3984 1648 1069 2041 4292 10585 1373 1613 1754 29228 822 897 761 6451 6700 28908 1426 479 1274 1565 390 306 322 1220 154 1809 630
leaf_count=6532 381 6494 28927 3984 1648 1069 2041 4292 10585 1373 1613 1754 29228 822 897 761 6451 6700 28908 1426 479 1274 1565 390 306 322 1220 154 1809 630
internal_value=-0.000402344 0.000884364 -0.000485937 -0.0166911 0.00619832 -0.0027022 0.00555254 0.00668434 0.00508072 0.0105741 0.00983509 0.000501898 -0.00248563 -0.00220781 -0.00590213 -0.0115648 0.00132779 0.0030473 0.000706951 -0.00182036 -0.000123153 0.00206776 6.34697e-05 0.00516827 -0.00447622 -0.00435934 0.0119884 -0.00838571 -0.00615636 0.00280612
internal_weight=154035 142758 113492 11277 29266 34990 27618 21124 13999 3414 7125 78502 34609 33540 4312 4745 49575 13151 36424 7516 6090 4014 3535 1664 1871 2076 5512 3490 2593 784
internal_count=154035 142758 113492 11277 29266 34990 27618 21124 13999 3414 7125 78502 34609 33540 4312 4745 49575 13151 36424 7516 6090 4014 3535 1664 1871 2076 5512 3490 2593 784
cat_boundaries=0 1 2 3 4 5 6 7 8 9
cat_threshold=16384 16481 54433 16613 172 8 518 1 256
is_linear=0
shrinkage=0.05


Tree=72
num_leaves=31
num_cat=8
split_feature=17 17 18 10 0 15 3 11 10 11 3 3 0 3 0 3 3 3 4 4 0 9 3 5 17 1 1 0 17 0
split_gain=1282.59 370.978 88.5364 85.3194 63.4426 81.0322 54.8007 39.0437 36.3305 34.8008 27.4114 23.9235 35.834 28.391 66.2417 27.1159 22.2183 19.3367 18.9619 31.2985 56.0745 54.4364 49.0506 34.2373 26.847 21.635 16.7712 15.9385 15.6408 15.8255
threshold=0.79473535973314147 5.568933502588556 0.14418139414464085 7.0826744980803085 0 0.77455988461188452 1.5000000000000002 2.4024201905583298 6.5682183411278272 4.3221437049098794 5.5000000000000009 3.5000000000000004 1 1.0000000180025095e-35 2 5.5000000000000009 3.5000000000000004 5.5000000000000009 3.5000000000000004 7.5000000000000009 3 1.0000000180025095e-35 1.0000000180025095e-35 1.0000000180025095e-35 1.895906780077927 4 5 6 4.7646333947895032 7
decision_type=8 10 10 10 1 10 2 10 8 10 2 2 1 2 1 2 2 2 2 2 1 2 2 2 8 1 1 1 10 1
left_child=2 4 26 8 5 -2 27 -5 -3 18 16 13 -13 14 -10 -14 -8 -4 -6 21 24 28 -23 -22 -21 -24 -1 -7 -20 -30
right_child=1 3 17 7 9 6 10 -9 11 -11 -12 12 15 -15 -16 -17 -18 -19 19 20 23 22 25 -25 -26 -27 -28 -29 29 -31
leaf_value=-0.00486469583583955 -0.0083329864869604846 0.00081401664670099905 -0.0052939439500788278 0.0037449876368528924 0.00051345959956420326 -0.0034257003153737257 0.00074992910979207461 0.0098758124022404921 0.011757037425238882 0.0011292281925474601 0.0032741301788360103 0.0082173073835410722 0.0047268813738087449 0.0017130108349460828 0.0006257822380247636 -4.220970131081359e-05 -0.003840341125086061 -0.0064235227201464686 -0.0010680502953574146 -0.00097056478989856478 0.0007272498381091897 0.0016911994693052713 -0.0063276962045271008 -0.0024247596171169117 -0.010734831861091788 -0.0023636755610102478 -0.00486469583583955 -0.0071831127398137243 -0.00026568268618940575 0.0084860116732391917
leaf_weight=3202 2138 8487 3973 2892 17094 2241 4362 4081 1629 20293 2145 2404 3957 10513 1649 1792 4223 747 14339 861 23845 939 2584 3762 1313 2286 3333 1874 721 506
leaf_count=3202 2138 8487 3973 2892 17094 2241 4362 4081 1629 20293 2145 2404 3957 10513 1649 1792 4223 747 14339 861 23845 939 2584 3762 1313 2286 3333 1874 721 506
internal_value=-0.000397088 0.0008826 -0.0166482 0.00516121 -0.000633967 -0.0034323 -0.00212361 0.0101499 0.00401811 -9.68347e-05 -0.000242311 0.00509251 0.00723967 0.00382315 0.00788591 0.00506598 -0.00150553 -0.0114301 -0.000637363 -0.00111913 -7.13542e-05 -0.00257895 -0.00670942 0.000538618 -0.00778388 -0.0087269 -0.020417 -0.00702916 -0.00103752 0.0043806
internal_weight=154185 142930 11255 37404 105526 16983 14845 6973 30431 88543 10730 21944 8153 13791 3278 5749 8585 4720 68250 51156 29781 21375 5809 27607 2174 4870 6535 4115 15566 1227
internal_count=154185 142930 11255 37404 105526 16983 14845 6973 30431 88543 10730 21944 8153 13791 3278 5749 8585 4720 68250 51156 29781 21375 5809 27607 2174 4870 6535 4115 15566 1227
cat_boundaries=0 1 2 3 4 5 6 7 8
cat_threshold=18 1 16384 512 2 4 16 33
is_linear=0
shrinkage=0.05


Tree=73
num_leaves=31
num_cat=4
split_feature=17 17 18 10 17 20 3 10 0 20 3 15 0 11 5 11 3 1 20 16 12 18 2 11 3 3 10 10 3 0
split_gain=1245.28 322.733 114.901 79.636 53.8786 40.4822 33.3435 30.5716 28.2897 44.5616 34.715 26.3375 24.8166 24.7534 23.3197 22.9033 21.7355 19.4928 18.9712 18.639 17.2315 16.8811 16.6397 15.0907 14.7946 22.0194 14.5661 14.0491 12.1258 18.314
threshold=0.82830221659600045 5.9140861737207411 0.14418139414464085 7.0826744980803085 3.6964945554869275 1.0000000180025095e-35 3.5000000000000004 6.7544292437421705 0 1.0000000180025095e-35 1.5000000000000002 7.6149357263390618 1 6.5822328519748146 1.0000000180025095e-35 6.0846132953214225 5.5000000000000009 2 0.36658904699782874 0.19508951139049388 6.2567088148180039 0.47547971740184991 1.5000000000000002 2.4890560511953486 4.5000000000000009 1.0000000180025095e-35 5.9254575605781996 1.5789255615152133 5.5000000000000009 3
decision_type=8 10 10 10 10 8 2 8 1 10 2 8 1 10 2 10 2 1 10 10 10 10 2 10 2 2 10 10 2 1
left_child=2 4 17 7 5 -2 11 22 9 27 12 23 -11 -9 -6 20 19 -1 24 -4 26 28 -3 -5 25 -15 -10 -7 -12 -30
right_child=1 3 16 6 14 8 -8 13 15 10 21 -13 -14 18 -16 -17 -18 -19 -20 -21 -22 -23 -24 -25 -26 -27 -28 -29 29 -31
leaf_value=-0.0046214610440475706 -0.0090959175640452361 -0.0008902781946310335 -0.0049462842108069617 0.0021288373861419797 0.00070797558444180009 -0.025546198266286992 0.011770130707058436 0.0021145250490666179 -0.00051474120677771353 -0.0071317042698666629 -0.0013758308889388006 0.022020999640994843 -0.0032539981222988903 0.0072445120969088176 -0.0013365541164707562 0.028090666634148765 -0.0061498506071646173 -0.0046214610440475706 0.0083855123933691111 -0.0051934596519963745 0.030155874919010152 -0.0075668513340302118 0.0021831160061577038 0.0067178629674252482 0.0065727202049846948 0.001723503730087117 0.028174183058354976 0.026847135451389337 -0.0081752750748385061 0.0029587794989273555
leaf_weight=3178 224 3207 2256 2372 42456 853 2182 8033 35407 1902 10801 276 3906 1533 6532 149 956 3475 1708 2743 97 1749 6623 2102 1593 5017 111 50 418 2313
leaf_count=3178 224 3207 2256 2372 42456 853 2182 8033 35407 1902 10801 276 3906 1533 6532 149 956 3475 1708 2743 97 1749 6623 2102 1593 5017 111 50 418 2313
internal_value=-0.000503819 0.000836782 -0.0155615 0.00503088 -0.000521651 -0.00155312 0.009824 0.003832 -0.00147084 -0.00288156 -0.00241714 0.00747368 -0.00570764 0.00506318 0.000699151 -0.000602393 -0.0105164 -0.0200774 0.00674297 -0.0118374 -0.000684403 -0.00116648 0.00159207 0.00654895 0.00573806 0.00468702 -0.000741877 -0.0137597 -0.000569022 0.00240754
internal_weight=154222 141614 12608 34646 106968 57980 6932 27714 57756 21992 21089 4750 5808 17884 48988 35764 5955 6653 9851 4999 35615 15281 9830 4474 8143 6550 35518 903 13532 2731
internal_count=154222 141614 12608 34646 106968 57980 6932 27714 57756 21992 21089 4750 5808 17884 48988 35764 5955 6653 9851 4999 35615 15281 9830 4474 8143 6550 35518 903 13532 2731
cat_boundaries=0 1 2 3 4
cat_threshold=594 2 4 512
is_linear=0
shrinkage=0.05


Tree=74
num_leaves=31
num_cat=2
split_feature=17 19 18 17 19 19 11 15 10 17 3 9 3 20 1 18 22 3 15 6 2 17 22 19 11 13 3 10 3 1
split_gain=1218.35 353.69 96.5823 91.1185 74.6031 54.9331 45.2715 29.5383 27.1105 25.7313 24.0416 44.4263 39.0767 49.5036 23.6428 37.1569 25.5371 23.2085 20.8349 20.4994 19.5996 19.3493 18.924 18.6415 17.9622 17.05 16.917 16.8831 16.3842 16.1645
threshold=0.79473535973314147 5.481061128867827 0.14690078553211297 7.2115465939632308 1.8404337229396177 0.6933121904001478 6.7528541473697619 0.77455988461188452 6.9236778383151325 7.5687664974793156 4.5000000000000009 1.0000000180025095e-35 3.5000000000000004 1.0828363443916185 0 0.51177694824047804 8.3412000329638847 1.5000000000000002 4.0555174813860324 1.0000000180025095e-35 1.5000000000000002 1.0550560724779408 6.8824594111135644 0.48010728640447298 1.0471650770867935 4.1116928651754314 5.5000000000000009 1.5789255615152133 3.5000000000000004 1
decision_type=8 10 10 8 10 8 10 8 8 10 2 2 2 10 1 10 10 2 10 2 2 8 8 10 10 8 2 10 2 1
left_child=2 4 29 6 5 -2 14 -7 -8 -5 12 22 25 18 16 28 -3 -9 -14 -13 -10 24 -12 -4 -19 -6 -25 -23 -16 -1
right_child=1 3 23 9 10 7 8 17 20 -11 11 19 13 -15 15 -17 -18 21 -20 -21 -22 27 -24 26 -26 -27 -28 -29 -30 -31
leaf_value=-0.004390387991845191 -0.0090271260195982968 -5.8586269464910859e-05 -0.018996345256130472 0.0077888100289974288 -0.00055150607842247013 -0.0056121983017248557 0.0019375001689351024 -0.0045608852538130077 0.0069307129403786139 0.024521331478310728 -0.00010058077660204391 -4.8068597567585415e-05 -0.0026538468584317745 -0.050227912757144645 0.00099192772351481824 0.011528616594552022 -0.01177246238610581 -0.0016790718914971637 6.9741468237038981e-05 -0.0034939624696853303 0.0042541325122397835 -0.0030621126181417714 0.0026643684807099335 -0.0045956703793576803 0.0014302635689571908 0.00068498974999759994 -0.0048115438789027298 0.00082240134169333514 0.0031639349818335383 -0.004390387991845191
leaf_weight=3192 376 3741 397 5057 19035 1090 3783 6390 2396 549 3927 3832 6747 475 10820 1387 176 4003 4619 2012 4979 8866 11254 3636 2474 25969 675 2347 6497 3349
leaf_count=3192 376 3741 397 5057 19035 1090 3783 6390 2396 549 3927 3832 6747 475 10820 1387 176 4003 4619 2012 4979 8866 11254 3636 2474 25969 675 2347 6497 3349
internal_value=-0.000471925 0.00077608 -0.0163148 0.0048083 -0.000759554 -0.0031042 0.00382856 -0.00282082 0.00643484 0.0107117 9.63144e-06 0.00145422 -0.000524672 -0.0030804 0.00254299 0.00328272 -0.000989278 -0.0024564 -0.0024195 -0.00225017 0.0082 -0.00152346 0.00288025 -0.0108539 0.000652308 0.000147765 -0.0098991 -0.00278026 0.00265202 -0.0202454
internal_weight=154050 142801 11249 39385 103416 25546 33779 25170 11158 5606 77870 21025 56845 11841 22621 18704 3917 24080 11366 5844 7375 17690 15181 4708 6477 45004 4311 11213 17317 6541
internal_count=154050 142801 11249 39385 103416 25546 33779 25170 11158 5606 77870 21025 56845 11841 22621 18704 3917 24080 11366 5844 7375 17690 15181 4708 6477 45004 4311 11213 17317 6541
cat_boundaries=0 1 2
cat_threshold=2 4
is_linear=0
shrinkage=0.05


Tree=75
num_leaves=31
num_cat=5
split_feature=15 11 20 18 12 10 3 0 20 3 3 0 15 0 13 3 20 4 0 4 9 3 3 20 20 0 8 3 10 13
split_gain=1069.72 275.802 132.622 86.5789 84.2141 64.9187 46.7439 42.2366 47.7957 49.4014 33.7125 77.9692 25.2923 25.2213 22.6075 21.9021 21.8859 19.1868 28.857 37.4987 48.0922 19.8319 18.3322 17.7956 17.5495 15.854 15.8404 15.2939 15.1823 15.1699
threshold=0.79471563046672344 6.2875797065569818 1.0000000180025095e-35 0.14418139414464085 4.1596637236431482 7.2423328333739123 4.5000000000000009 0 0.16094307490559948 1.5000000000000002 1.0000000180025095e-35 1 7.0536806523860545 2 6.4317334964421233 5.5000000000000009 0.38591740925133805 4.5000000000000009 3 7.5000000000000009 1.0000000180025095e-35 1.0000000180025095e-35 3.5000000000000004 0.080481462141805085 0.29965463159987182 4 6.5000000000000009 5.5000000000000009 6.9363913243380484 3.913022006759483
decision_type=8 10 8 10 10 10 2 1 10 2 2 1 8 1 10 2 8 2 1 2 2 2 2 10 10 1 2 2 8 8
left_child=3 2 -2 -1 7 6 10 8 -4 -10 11 -3 24 -8 17 22 28 25 23 20 -20 -22 -11 -19 -6 -9 -5 -27 -12 -26
right_child=1 5 4 26 12 -7 13 14 9 15 16 -13 -14 -15 -16 -17 -18 18 19 -21 21 -23 -24 -25 29 27 -28 -29 -30 -31
leaf_value=-0.0041708685922529302 -0.0041708685922529302 0.010722864516979925 -0.0054300810486262729 -0.0049737159256654506 0.00027743824096086999 0.011827821349655654 0.0072259360634980398 0.0012475582768014084 -0.005835457084568391 0.00071884917193848485 -0.00015751475919367763 -0.0010989105738223425 0.0043747718185330074 0.00060671222746029325 0.0036672894056408722 0.0047614853506415811 0.0063850056899094733 -0.030339196889020828 -0.00058654510514108979 0.00032425049240772944 0.00029215276537216674 -0.0049184746045078387 -0.0053482878847358256 -0.0023588874967909734 -0.0028284284941284877 -0.00078108210944303211 -0.0042504775400603548 0.0018677178092991965 0.0019595451051989342 0.002747725528325562
leaf_weight=5813 693 1758 807 3377 19214 2201 3307 7035 1994 2179 5191 1173 3848 664 1703 1040 2044 935 9517 23696 584 3096 2000 13401 1242 15117 1457 3098 5318 10604
leaf_count=5813 693 1758 807 3377 19214 2201 3307 7035 1994 2179 5191 1173 3848 664 1703 1040 2044 935 9517 23696 584 3096 2000 13401 1242 15117 1457 3098 5318 10604
internal_value=-0.000513608 0.000621258 -0.000303153 -0.0158049 -0.00017835 0.00582056 0.00489977 -0.00101738 -0.00447073 -0.00318522 0.00365862 0.00848686 0.00189355 0.00973936 -0.000662472 -0.000627515 0.00253127 -0.000789432 -0.00134543 -0.000604964 -0.00274115 -0.00759511 -0.00224336 -0.00324829 0.00141983 0.000338614 -0.0108606 -0.000440329 0.00161052 0.00293348
internal_weight=154106 143459 121803 10647 121110 21656 19455 86202 8020 7213 15484 2931 34908 3971 78182 5219 12553 76479 51229 36893 13197 3680 4179 14336 31060 25250 4834 18215 10509 11846
internal_count=154106 143459 121803 10647 121110 21656 19455 86202 8020 7213 15484 2931 34908 3971 78182 5219 12553 76479 51229 36893 13197 3680 4179 14336 31060 25250 4834 18215 10509 11846
cat_boundaries=0 1 2 3 4 5
cat_threshold=2 16384 16449 9040 37381
is_linear=0
shrinkage=0.05


Tree=76
num_leaves=31
num_cat=2
split_feature=17 19 18 19 17 19 3 3 13 17 20 3 11 10 10 4 8 10 9 12 1 19 10 19 11 3 20 3 3 1
split_gain=1201.46 280.702 94.6543 87.6918 73.4705 62.343 34.8068 61.825 32.4027 30.5697 26.9399 35.3091 25.0094 24.925 23.6044 21.7985 20.9501 20.7501 18.9929 18.9202 16.994 15.9134 17.3354 15.8817 14.9313 13.3737 15.8584 13.892 29.2562 12.1451
threshold=0.79473535973314147 6.7230781037403355 0.14418139414464085 2.7933205669847365 7.443088802830129 0.6933121904001478 1.0000000180025095e-35 3.5000000000000004 4.1116928651754314 0.8553453582061773 0.289530375812656 1.0000000180025095e-35 6.2620638758769092 4.2703962618332811 7.0969696612111095 9.5000000000000018 6.5000000000000009 7.2074894297125427 1.0000000180025095e-35 4.4891978521044527 0 2.9139397754017575 3.2208718355029702 0.55067158309644137 5.4640436245585393 5.5000000000000009 0.70231109393404834 2.5000000000000004 3.5000000000000004 1
decision_type=8 10 10 10 8 8 2 2 8 10 10 2 10 10 10 2 2 8 2 10 1 10 8 10 10 2 10 2 2 1
left_child=2 3 20 5 6 -2 -3 17 21 13 11 18 15 19 29 -12 23 -8 -10 24 -1 -5 -23 -4 -7 26 -11 -28 -29 -9
right_child=1 4 16 8 -6 9 7 14 10 25 12 -13 -14 -15 -16 -17 -18 -19 -20 -21 -22 22 -24 -25 -26 -27 27 28 -30 -31
leaf_value=-0.003962325162640285 -0.0079812219552504119 0.0069684989486716205 -0.016500173538027556 0.001712772418204489 0.018468633806947212 -0.0058295475404727794 -0.00040047060845269659 -0.0065044525774978551 0.0009183059294269214 -0.0012793619886179775 0.0025765603827863528 -0.00020715117291347784 0.0050388538594255744 0.048357253251972578 0.0089423820302503964 -0.00067449875756977475 -0.0039835688190702273 0.0023846943362650034 0.0038967669560115771 0.075184660605940493 -0.003962325162640285 -0.0023525534840756479 -0.00031968075171602274 -0.0041954604451337361 0.060483420418472371 0.00061759868374263729 -0.021416767923213176 0.017194727257555397 -0.018951712296546481 0.0042775854489774277
leaf_weight=3180 391 3015 545 1765 1455 5381 4539 100 2514 23531 17357 28211 3296 112 1726 6049 1521 5257 2209 61 3322 4196 21023 2691 44 4357 535 349 334 5083
leaf_count=3180 391 3015 545 1765 1455 5381 4539 100 2514 23531 17357 28211 3296 112 1726 6049 1521 5257 2209 61 3322 4196 21023 2691 44 4357 535 349 334 5083
internal_value=-0.000539251 0.000699839 -0.0162648 -0.0002245 0.00601299 -0.00233295 0.00521298 0.00432056 0.000629762 -0.00210927 0.00128027 0.000323374 0.00246049 -0.00549303 0.00794254 0.00188627 -0.010905 0.00176603 0.00432458 -0.00596974 -0.0201861 -0.000807886 -0.00112911 -0.0131799 -0.00628111 -0.00145846 -0.00190816 -0.00747126 -0.00274524 0.00625603
internal_weight=154149 142890 11259 121715 21175 35095 19720 16705 86620 34704 59636 32934 26702 5598 6909 23406 4757 9796 4723 5486 6502 26984 25219 3236 5425 29106 24749 1218 683 5183
internal_count=154149 142890 11259 121715 21175 35095 19720 16705 86620 34704 59636 32934 26702 5598 6909 23406 4757 9796 4723 5486 6502 26984 25219 3236 5425 29106 24749 1218 683 5183
cat_boundaries=0 1 2
cat_threshold=4 2
is_linear=0
shrinkage=0.05


Tree=77
num_leaves=31
num_cat=7
split_feature=0 18 11 10 10 10 10 12 3 12 3 0 3 0 18 13 14 4 10 1 3 3 20 12 0 4 4 1 0 9
split_gain=739.432 477.822 210.674 66.4578 62.9035 62.4249 52.1665 42.0813 37.5515 36.8857 35.7591 27.1885 24.6989 65.201 26.3612 22.9222 22.4012 19.2174 19.1008 19.0657 18.76 17.4517 17.0324 15.2029 15.1466 30.1363 27.3821 53.8574 24.7025 22.3654
threshold=0 0.14418139414464085 5.9214443534142962 0.71754226264466137 7.0826744980803085 0.71754226264466137 1.0471650770867935 4.1934351800673904 4.5000000000000009 0.71754226264466137 1.5000000000000002 1 1.0000000180025095e-35 2 0.48477106054876878 6.3920008584727759 6.8742501990881069 1.5000000000000002 7.4852109456602092 3 5.5000000000000009 1.5000000000000002 0.20419634601659137 5.9634507923900744 4 7.5000000000000009 5.5000000000000009 5 6 1.0000000180025095e-35
decision_type=1 10 10 10 10 10 8 10 2 10 2 1 2 1 8 10 8 2 10 1 2 2 10 10 1 2 2 1 1 2
left_child=1 3 6 19 8 9 22 15 12 21 -7 -10 13 -4 -14 17 -9 -8 -6 -1 -12 -3 -2 -18 26 29 28 -28 -19 -26
right_child=2 5 4 -5 18 10 7 16 11 -11 20 -13 14 -15 -16 -17 23 24 -20 -21 -22 -23 -24 -25 25 -27 27 -29 -30 -31
leaf_value=-0.0037642089045082706 -0.0044916371563815064 -0.0041219598910494093 0.0092505090446609369 -0.0016032022819552239 0.0058008388464191986 -0.0041337828944923161 0.0014045320954082286 0.00049301731215827265 0.006699896567352215 -0.0033517643259656175 -0.0007831222472447386 2.622347306240336e-05 0.00078405805210877153 -0.0006077690511244072 0.01050147839189406 0.0038868755935905332 0.0013828891593853589 0.0033581452949762894 0.01843296729928685 -0.0037642089045082706 0.003774118071639554 -0.0045285200105332881 -0.0053602273734056132 0.0040357552599955106 -0.00053902792072919598 0.00040156731721232577 -0.010954810959078376 -0.002426322658013558 -0.0082459985901250261 -0.0020735845861813208
leaf_weight=3213 467 1304 1615 692 3307 3038 5625 21510 3520 3581 5967 838 12104 1355 1358 1689 5844 1995 722 3636 1560 3873 1839 4758 20069 25559 1461 2847 1414 7593
leaf_count=3213 467 1304 1615 692 3307 3038 5625 21510 3520 3581 5967 838 12104 1355 1358 1689 5844 1995 722 3636 1560 3873 1839 4758 20069 25559 1461 2847 1414 7593
internal_value=-0.000526229 -0.00806356 0.00106256 -0.0187409 0.00519662 -0.00390079 6.33096e-05 0.000234148 0.0040885 -0.00702215 -0.0013133 0.00821478 0.00299416 0.00712121 0.00208364 -0.000468118 0.00172677 -0.00061408 0.0109146 -0.0202329 0.000534742 -0.00972088 -0.00737207 0.00360781 -0.000872198 -0.000571565 -0.00294099 -0.00559424 0.000403344 -0.00171535
internal_weight=154353 26864 127489 7541 24819 19323 102670 100364 20790 8758 10565 4358 16432 2970 13462 68252 32112 66563 4029 6849 7527 5177 2306 10602 60938 53221 7717 4308 3409 27662
internal_count=154353 26864 127489 7541 24819 19323 102670 100364 20790 8758 10565 4358 16432 2970 13462 68252 32112 66563 4029 6849 7527 5177 2306 10602 60938 53221 7717 4308 3409 27662
cat_boundaries=0 1 2 3 4 5 6 7
cat_threshold=18 16481 24576 4 576 2 512
is_linear=0
shrinkage=0.05


Tree=78
num_leaves=31
num_cat=8
split_feature=19 19 16 19 10 15 10 5 10 3 0 3 0 0 3 11 19 0 20 1 0 0 20 11 20 3 10 3 0 11
split_gain=1147.86 236.667 151.341 78.6886 53.329 46.3056 29.4451 29.1622 29.2564 24.7033 39.2825 35.4383 60.9132 25.3595 24.8574 20.184 18.931 18.4735 19.2897 35.6492 40.0986 17.2578 16.4517 16.0045 16.0746 15.8872 14.8509 14.7234 14.2263 13.1962
threshold=0.8266424293133654 6.7230781037403355 0.11641298424820505 2.7509030334285378 7.3674875639408812 0.77455988461188452 0.71754226264466137 1.0000000180025095e-35 4.143927747969351 4.5000000000000009 0 1.0000000180025095e-35 1 2 2.5000000000000004 1.0471650770867935 0.6933121904001478 3 0.19219167629161701 4 5 6 0.17391697079141641 5.9214443534142962 0.37280796857852355 5.5000000000000009 6.8430033505305863 1.5000000000000002 7 5.9214443534142962
decision_type=8 10 10 10 10 8 10 2 8 2 1 2 1 1 2 10 10 1 10 1 1 1 10 10 10 2 8 2 1 10
left_child=2 3 16 5 9 -2 22 8 -5 11 -11 12 -3 14 -13 17 -1 18 19 20 -7 -6 -4 -10 25 -25 -16 -8 -27 -17
right_child=1 4 6 7 21 15 27 -9 23 10 -12 13 -14 -15 26 29 -18 -19 -20 -21 -22 -23 -24 24 -26 28 -28 -29 -30 -31
leaf_value=-0.0035759984592828586 -0.0043163286845649129 -0.0018215135602453359 -0.003643276265988793 -0.00024256575153775995 0.0053059231380813369 -0.013973228881963451 -0.003843586850588482 -0.0011089165739873509 0.00082336594965747305 0.006892781433473872 -0.0011428807983890012 0.0010996116493272813 0.0094443977393391179 0.00050685892447477343 0.0015867108291721665 -0.00053594107410537273 -0.0035781426830154839 -0.0013502732966683474 -0.0047115595317050287 -0.032826513028557595 0.082929709226961607 0.014608748441422126 -0.0051924975950251029 0.00082175342093466781 0.007765959244616494 0.0066629235444784392 0.0070023372983881067 -0.0012321150922969815 -0.001090051464882258 0.059345022351906133
leaf_weight=4304 1379 805 1623 23312 1223 109 567 10957 44630 2812 760 2093 1916 7782 608 17758 2432 7375 5382 882 226 1315 2313 5422 1938 858 1794 1285 299 61
leaf_count=4304 1379 805 1623 23312 1223 109 567 10957 44630 2812 760 2093 1916 7782 608 17758 2432 7375 5382 882 226 1315 2313 5422 1938 858 1794 1285 299 61
internal_value=-0.000533653 0.000748786 -0.0150431 -0.000106147 0.00563294 -0.00217955 -0.00911368 0.000680653 0.00102637 0.00470382 0.00844065 0.00381384 0.00897648 0.00266963 0.00565483 -0.00179049 -0.0201381 -0.00321311 -0.00513315 -0.0108258 0.0030597 0.012431 -0.01156 0.00167413 0.00366033 0.00248138 0.00913822 -0.00391469 0.00780035 -0.000674841
internal_weight=154220 141696 12524 120588 21108 33172 5788 87416 76459 18570 3572 14998 2721 12277 4495 31793 6736 13974 6599 1217 335 2538 3936 53147 8517 6579 2402 1852 1157 17819
internal_count=154220 141696 12524 120588 21108 33172 5788 87416 76459 18570 3572 14998 2721 12277 4495 31793 6736 13974 6599 1217 335 2538 3936 53147 8517 6579 2402 1852 1157 17819
cat_boundaries=0 1 2 3 4 5 6 7 8
cat_threshold=16481 513 1313 834 1 2 16384 1
is_linear=0
shrinkage=0.05


Tree=79
num_leaves=31
num_cat=6
split_feature=17 19 20 17 17 0 19 10 11 10 3 15 3 0 0 3 19 0 5 15 10 4 19 0 10 3 12 3 9 0
split_gain=1145.96 209.65 96.6866 90.5212 68.1824 52.6165 39.3842 38.924 32.4785 28.5699 26.2449 23.7306 23.1837 46.7402 28.8936 19.4453 18.3321 17.9649 17.853 17.8062 17.3872 16.3368 16.3075 22.1116 17.257 15.949 15.2427 14.5342 39.2954 26.1933
threshold=0.79473535973314147 5.481061128867827 0.11068561392174879 7.443088802830129 0.8553453582061773 0 0.6933121904001478 6.7544292437421705 6.4679315911244766 0.71754226264466137 4.5000000000000009 3.309256445875921 1.0000000180025095e-35 1 2 5.5000000000000009 3.0967840245046045 3 1.0000000180025095e-35 0.79471563046672344 2.0731521505764063 1.5000000000000002 3.1896877399293557 4 2.8931418480839728 3.5000000000000004 0.71754226264466137 1.0000000180025095e-35 1.0000000180025095e-35 5
decision_type=8 10 10 8 10 1 10 8 10 10 2 8 2 1 1 2 8 1 2 10 10 2 10 1 10 2 10 2 2 1
left_child=2 4 -1 7 5 6 20 -3 -9 15 12 19 13 -10 -14 26 -7 -12 21 -6 -2 -13 24 -24 -21 -16 -4 28 -23 -29
right_child=1 3 9 -5 11 16 -8 8 10 -11 17 18 14 -15 25 -17 -18 -19 -20 22 -22 27 23 -25 -26 -27 -28 29 -30 -31
leaf_value=-0.0033971985363187131 -0.020655829577914755 0.00053448181690403114 -0.0035247503985501027 0.014919875929960602 -0.0073366513901009407 -0.013221750964665583 -0.0039253585082502903 0.0015258003381909413 -0.001021492893176612 -0.0034699260226832397 -0.0024555825996393612 0.0026906483265163985 0.00047737981447255607 0.0091918921973745526 0.0033683990591759196 -0.0047786622864562367 0.0029876738786168478 0.0070607382692215561 -0.0011579681412256626 -0.00083840211561718729 0.029845599515729449 3.2208965151570014e-05 -0.0049608318387039281 -0.00092377164415036184 0.0012311672583384726 0.0084975561125426591 -0.0034882635254566141 0.0017763530396351368 0.0043654208176391873 -0.00023707077812684663
leaf_weight=4307 1251 12256 4068 2184 579 566 2916 11272 769 1210 274 3942 4722 1802 2649 903 2381 2595 7688 29987 44 4224 1198 1885 3961 882 725 5650 1976 34792
leaf_count=4307 1251 12256 4068 2184 579 566 2916 11272 769 1210 274 3942 4722 1802 2649 903 2381 2595 7688 29987 44 4224 1198 1885 3961 882 725 5650 1976 34792
internal_value=-0.00058474 0.000626733 -0.0159748 0.00372859 -0.000559491 -0.00526683 -0.00884269 0.00314809 0.00428099 -0.0123081 0.00591726 -0.000208068 0.00479028 0.00893621 0.00349873 -0.0137904 -0.000126818 0.010169 0.000423874 -0.00118718 -0.0161197 0.000765064 -0.00105115 -0.00453292 -0.000734948 0.00691189 -0.0150584 0.000503838 0.00275806 0.000158251
internal_weight=153658 142445 11213 39405 103040 7158 4211 37221 24965 6906 13693 95882 10824 2571 8253 5696 2947 2869 58272 37610 1295 50584 37031 3083 33948 3531 4793 46642 6200 40442
internal_count=153658 142445 11213 39405 103040 7158 4211 37221 24965 6906 13693 95882 10824 2571 8253 5696 2947 2869 58272 37610 1295 50584 37031 3083 33948 3531 4793 46642 6200 40442
cat_boundaries=0 1 2 3 4 5 6
cat_threshold=598 1 16384 1280 15872 580
is_linear=0
shrinkage=0.05


Tree=80
num_leaves=31
num_cat=2
split_feature=17 19 18 17 19 15 11 10 18 19 11 1 17 4 4 5 8 17 1 10 3 3 19 10 22 3 19 20 19 10
split_gain=1128.53 209.222 115.259 82.47 69.0859 42.6519 36.2347 34.8823 32.2746 25.2156 24.6794 22.8119 22.0981 20.8456 31.4661 30.0473 20.1344 20.0472 18.7378 17.4621 17.3848 19.8586 16.3109 17.2439 16.1344 15.3027 14.8595 14.6886 29.6398 14.3577
threshold=0.79473535973314147 5.5886066649974113 0.14418139414464085 7.3323126664148139 0.6933121904001478 0.79471563046672344 4.6639105698660028 6.5483623487166556 0.32317019413824022 0.81141822015399701 6.6540236375945438 0 7.5687664974793156 3.5000000000000004 7.5000000000000009 1.0000000180025095e-35 6.5000000000000009 5.7093692998111178 1 0.71754226264466137 4.5000000000000009 1.0000000180025095e-35 4.7934515656378753 5.3662096053087449 7.0492674661447481 1.0000000180025095e-35 0.55067158309644137 0.27711507123597162 4.0124912437951101 5.5960114940598134
decision_type=8 10 10 8 8 8 10 8 10 10 10 1 10 2 2 2 2 8 1 10 2 2 10 10 10 2 10 10 10 10
left_child=2 4 18 7 -2 -6 9 -3 10 11 -9 24 -5 29 25 -16 26 22 -1 -13 21 -12 -8 -24 -7 -15 -4 -27 -29 -11
right_child=1 3 16 12 5 6 17 8 -10 13 20 19 -14 14 15 -17 -18 -19 -20 -21 -22 -23 23 -25 -26 27 -28 28 -30 -31
leaf_value=-0.0032273386095027778 -0.0061823590104025999 6.9593638465814678e-05 -0.015221417222114243 0.0089447767961583942 -0.0041665701930616141 0.0098754408129911857 0.0038464596285223253 0.00076755488467523676 0.0052326482675401076 0.00058220306466014724 0.0054586920472052165 -0.018126166655495879 0.020717559583343093 0.00047230505657527291 0.00029544192482239273 -0.0024019901814234415 -0.0031890889259561851 0.016319610743499569 -0.0032273386095027778 -8.3799329817413345e-05 0.0052346334949235906 0.0012920742363690342 -0.00027128037293737693 0.0029572932872034665 -0.0049800567046526141 -0.0019116914805725306 -0.0033982605082768791 -0.0033257006230080766 0.0029399016089922459 -0.012031514275876232
leaf_weight=3116 406 8026 537 2747 1331 940 3561 10300 6012 21695 1824 1587 563 3703 30855 4979 1527 292 3405 517 2095 6598 8366 2118 417 13133 2684 7871 2672 441
leaf_count=3116 406 8026 537 2747 1331 940 3561 10300 6012 21695 1824 1587 563 3703 30855 4979 1527 292 3405 517 2095 6598 8366 2118 417 13133 2684 7871 2672 441
internal_value=-0.000643476 0.000556627 -0.0158776 0.00372658 -0.00059685 -0.000516855 -0.000402096 0.00301033 0.00387547 -0.000778629 0.00294351 -0.00496244 0.0112689 -0.00060897 -0.00107138 -9.62773e-05 -0.00995156 0.00193032 -0.0201925 -0.00822243 0.00464724 0.00363334 0.00166073 0.000667684 9.2115e-05 -0.0023476 -0.0121934 -0.00281509 -0.00142512 0.000711511
internal_weight=154318 143049 11269 38165 104884 104478 103147 34855 26829 88810 20817 3461 3310 85349 63213 35834 4748 14337 6521 2104 10517 8422 14045 10484 1357 27379 3221 23676 10543 22136
internal_count=154318 143049 11269 38165 104884 104478 103147 34855 26829 88810 20817 3461 3310 85349 63213 35834 4748 14337 6521 2104 10517 8422 14045 10484 1357 27379 3221 23676 10543 22136
cat_boundaries=0 1 2
cat_threshold=1 4
is_linear=0
shrinkage=0.05


Tree=81
num_leaves=31
num_cat=0
split_feature=17 19 18 19 17 19 15 3 3 10 13 10 18 3 11 3 3 19 10 17 17 10 3 12 3 20 2 13 3 2
split_gain=1127.11 193.554 118.661 69.9024 66.5994 57.1982 38.3055 28.3389 40.5065 28.8658 26.3575 24.4548 24.034 28.3982 23.0332 21.7574 18.671 18.0089 15.2042 15.6191 14.4255 17.7854 14.0997 13.8463 13.8345 18.3756 14.4202 19.8419 17.071 25.268
threshold=0.79473535973314147 6.7230781037403355 0.14418139414464085 0.6933121904001478 7.5687664974793156 2.7509030334285378 0.86643746549129441 3.5000000000000004 1.0000000180025095e-35 7.1557864696886755 4.209902627284472 7.2074894297125427 0.21604654223680012 4.5000000000000009 4.6410197225304328 1.0000000180025095e-35 4.5000000000000009 0.6933121904001478 3.8297271732458493 1.0550560724779408 1.1118205962643211 2.0731521505764063 1.5000000000000002 4.4891978521044527 4.5000000000000009 0.78354921171397285 1.5000000000000002 3.714790094103249 3.5000000000000004 2.5000000000000004
decision_type=8 10 10 8 8 10 10 2 2 10 8 8 8 2 10 2 2 10 10 10 10 10 2 10 2 10 2 10 2 2
left_child=2 3 17 -2 7 6 14 8 -3 -9 24 -10 15 -14 18 -12 -4 -1 19 23 22 -22 -8 -5 25 -7 27 -27 29 -28
right_child=1 4 16 5 -6 10 20 9 11 -11 12 -13 13 -15 -16 -17 -18 -19 -20 -21 21 -23 -24 -25 -26 26 28 -29 -30 -31
leaf_value=-0.0030659716790276403 -0.0058732410598824674 0.0051773059424061966 -0.0034068459702148168 -0.0056380040540226495 0.020675541528273292 -0.00041386362656603559 -0.0038564417674186724 0.0033022134169801154 -0.00064967772327992898 0.0090737939154923019 0.0022884640802648625 0.0022735066615812596 0.00087760303670934023 0.0037640118773316191 0.044387398741687005 -0.00043602533772748588 -0.0034407442789836486 -0.0030680086915736374 0.025499227949479855 -0.0012916857991346121 -0.0021595662075891311 0.00072659327576198864 0.00094197557181847089 0.069664188487790699 0.00060664568812232036 -0.029272176751319989 0.024082944951882092 0.00255306066968104 -0.022665744621403562 -0.016820766843121327
leaf_weight=3892 377 3035 3363 6163 887 19160 2275 5674 4605 1447 2966 5506 27616 8968 94 18227 1346 2649 115 1433 13234 4531 6174 49 8249 625 436 215 234 476
leaf_count=3892 377 3035 3363 6163 887 19160 2275 5674 4605 1447 2966 5506 27616 8968 94 18227 1346 2649 115 1433 13234 4531 6174 49 8249 625 436 215 234 476
internal_value=-0.000620532 0.000580125 -0.0158578 -0.000187679 0.00499433 -0.000120835 -0.00185805 0.00440741 0.00303134 0.00694776 0.000558092 0.00151073 0.00117824 0.00195441 -0.00492106 -0.00016161 -0.00980569 -0.0202148 -0.00521907 -0.00549052 -0.000940337 -0.00174923 0.000760445 -0.00657598 -0.000660827 -0.00133831 -0.00591641 -0.0108929 -0.00226876 0.000822368
internal_weight=154021 142771 11250 121617 21154 121240 34068 20267 13146 7121 87172 10111 57777 36584 7854 21193 4709 6541 7760 7645 26214 17765 8449 6212 29395 21146 1986 840 1146 912
internal_count=154021 142771 11250 121617 21154 121240 34068 20267 13146 7121 87172 10111 57777 36584 7854 21193 4709 6541 7760 7645 26214 17765 8449 6212 29395 21146 1986 840 1146 912
is_linear=0
shrinkage=0.05


Tree=82
num_leaves=31
num_cat=6
split_feature=17 19 18 17 19 19 15 0 3 3 0 0 19 3 10 10 1 18 3 3 10 0 18 3 18 0 3 3 3 3
split_gain=1129 172.305 109.126 69.5096 67.4664 48.3837 38.6165 35.5281 25.0959 33.9493 90.5257 32.733 22.8144 19.8727 18.6067 18.8946 18.4325 17.4797 16.5795 15.9967 15.8976 15.8786 26.1069 34.8932 22.857 16.1609 15.123 41.1014 26.8755 27.5574
threshold=0.79473535973314147 6.4499233512262695 0.14418139414464085 7.443088802830129 0.6933121904001478 2.7509030334285378 0.82830221659600056 0 3.5000000000000004 1.0000000180025095e-35 1 2 7.1487814473606361 5.5000000000000009 4.3999891466276564 2.0731521505764063 3 0.18700763890271449 4.5000000000000009 4.5000000000000009 7.0425920224320882 4 0.90551925350337659 1.0000000180025095e-35 0.78014600945476864 5 1.5000000000000002 2.5000000000000004 4.5000000000000009 5.5000000000000009
decision_type=8 10 10 8 8 10 10 1 2 2 1 1 10 2 8 10 1 8 2 2 8 1 8 2 10 1 2 2 2 2
left_child=2 4 16 8 -2 6 7 17 9 10 -3 12 19 -4 15 -7 -1 -6 -13 -10 -11 24 -23 25 -16 -24 -26 -28 -29 -30
right_child=1 3 13 -5 5 14 -8 -9 11 20 -12 18 -14 -15 21 -17 -18 -19 -20 -21 -22 22 23 -25 26 -27 27 28 29 -31
leaf_value=-0.0029126730950762569 -0.0055795790068883418 0.0087635550145339636 -0.0032633717014154576 0.014219376947277641 0.0032630681700705159 0.016134392726389835 -0.00076548157516109219 0.0025293723231917587 0.0019603391818264096 -0.00056931652741947229 -0.0015105665633675881 0.0035943165940008903 0.0073550160051050646 -0.0041510224321869736 0.00017164174448209836 -0.00036030352775413555 -0.0029126730950762569 -0.0057502053143246639 -0.0038174208973444038 0.0050484596749093454 0.0013993260162042276 0.00072978659612106262 -0.10381313272272635 0.014464195967083704 -0.023357340060816481 0.0045081146110637739 0.049498312335720218 -0.028895375358701084 0.070563954888575031 -0.025079817923554126
leaf_weight=3154 382 2249 3991 1619 233 478 26966 1562 3090 5369 1661 651 1407 754 15676 31299 3373 5241 1114 3182 7797 28458 176 2540 278 158 208 477 159 200
leaf_count=3154 382 2249 3991 1619 233 478 26966 1562 3090 5369 1661 651 1407 754 15676 31299 3373 5241 1114 3182 7797 28458 176 2540 278 158 208 477 159 200
internal_value=-0.000699796 0.000504102 -0.0159333 0.00400956 -0.000357452 -0.000287225 -0.00186754 -0.00516629 0.00339555 0.0022517 0.00634271 0.00546379 0.0068702 -0.0101633 0.00038355 -0.00055622 -0.0201279 -0.00705689 -0.000690141 0.00558833 0.00103676 0.00100145 0.00166869 0.00621086 -0.000229304 -0.00898204 -0.00654312 -0.00378352 -0.00873206 0.00160167
internal_weight=153902 142630 11272 28139 114491 114109 34002 7036 26520 17076 3910 9444 7679 4745 80107 31777 6527 5474 1765 6272 13166 48330 31332 2874 16998 334 1322 1044 836 359
internal_count=153902 142630 11272 28139 114491 114109 34002 7036 26520 17076 3910 9444 7679 4745 80107 31777 6527 5474 1765 6272 13166 48330 31332 2874 16998 334 1322 1044 836 359
cat_boundaries=0 1 2 3 4 5 6
cat_threshold=862 16384 16481 4 43168 64
is_linear=0
shrinkage=0.05


Tree=83
num_leaves=31
num_cat=0
split_feature=17 19 18 17 17 19 18 3 3 15 3 19 3 4 19 12 19 16 19 15 15 17 18 5 4 4 9 3 9 3
split_gain=1070.24 156.009 119.532 67.101 66.6558 44.9601 29.921 28.2517 35.264 29.6889 20.8178 20.2276 19.3504 19.3383 18.9911 17.4584 16.9004 16.674 15.7787 14.7697 13.6701 13.2445 13.2002 13.093 21.9446 29.2631 44.6739 20.5892 18.696 41.6685
threshold=0.79473535973314147 5.481061128867827 0.14418139414464085 0.91349761680848707 7.443088802830129 0.6933121904001478 1.1541312959691543 3.5000000000000004 1.0000000180025095e-35 6.181650681730078 5.5000000000000009 0.6933121904001478 1.5000000000000002 1.5000000000000002 7.1487814473606361 4.8239039481049213 6.6724114362431477 0.20117252247252435 5.2624668362929254 5.3255434989396013 5.4253229083784271 7.5687664974793156 0.41160752451822674 1.0000000180025095e-35 7.5000000000000009 4.5000000000000009 1.0000000180025095e-35 1.0000000180025095e-35 1.0000000180025095e-35 1.0000000180025095e-35
decision_type=8 10 10 10 8 8 10 2 2 10 2 10 2 2 10 10 10 10 10 10 10 10 10 2 2 2 2 2 2 2
left_child=2 3 11 5 6 -2 7 8 16 -9 17 -1 -7 -5 22 23 -3 -4 19 -17 -20 -6 -11 24 25 -15 -27 -28 -26 -30
right_child=1 4 10 13 21 12 -8 9 -10 14 -12 -13 -14 15 -16 18 -18 -19 20 -21 -22 -23 -24 -25 28 26 27 -29 29 -31
leaf_value=-0.0027670394403224441 -0.0058560937144397363 0.0010045084061947706 -0.0029462880850819107 0.0014798453906412102 0.010298093302792988 -0.0042478433361989977 0.018935979035955477 0.00039748094939042746 0.00022919093882027843 0.0026298967311338519 -0.0039336029332947501 -0.0027689746022411424 -0.0033585060163421722 0.00012939580808349894 0.0068453298276030423 0.001426580903785224 0.0046169834365464629 -0.0032021327844928118 -0.0016514215239825437 0.0089365075463917251 0.0026104956690337967 0.017791940174990417 0.0071876159711704362 -0.0016383885495425022 -0.00010213648595445158 -0.00076972486984241419 0.00039146456155578771 -0.0042538802630324281 0.0062900169503764874 0.00058924752034856815
leaf_weight=3866 371 2052 2035 7874 1626 2208 569 3825 17874 7524 745 2641 6904 17588 1503 6607 3073 1941 2508 518 928 566 775 9405 21595 13421 871 4596 1180 6874
leaf_count=3866 371 2052 2035 7874 1626 2208 569 3825 17874 7524 745 2641 6904 17588 1503 6607 3073 1941 2508 518 928 566 775 9405 21595 13421 871 4596 1180 6874
internal_value=-0.000708963 0.000459446 -0.0155727 -0.000560185 0.00313746 -0.0045687 0.00263812 0.00246137 0.00139245 0.00426543 -0.00951599 -0.019967 -0.00387401 -0.000155643 0.00572332 -0.000372571 0.00504878 -0.0109532 0.00153158 0.00287368 -0.00125146 0.0116104 0.00478672 -0.000638819 -0.000390548 -0.00121176 -0.00257836 -0.00638833 0.000619751 0.00267569
internal_weight=154063 142835 11228 103448 39387 9483 37195 36626 22999 13627 4721 6507 9112 93965 9802 86091 5125 3976 10561 7125 3436 2192 8299 75530 66125 36476 18888 5467 29649 8054
internal_count=154063 142835 11228 103448 39387 9483 37195 36626 22999 13627 4721 6507 9112 93965 9802 86091 5125 3976 10561 7125 3436 2192 8299 75530 66125 36476 18888 5467 29649 8054
is_linear=0
shrinkage=0.05


Tree=84
num_leaves=31
num_cat=6
split_feature=17 19 18 17 17 0 18 19 10 18 10 18 0 19 12 15 1 0 19 11 21 22 0 18 4 4 9 9 0 22
split_gain=1093.19 147.132 124.99 66.2752 62.4076 40.8581 31.0304 30.9906 29.1499 21.6738 20.4379 19.0503 18.6784 18.5687 18.0395 17.5363 24.8511 59.605 17.0952 16.3896 15.8912 14.1122 13.5896 24.491 20.2398 28.1187 45.1242 31.7273 19.2776 16.1853
threshold=0.79473535973314147 5.481061128867827 0.14418139414464085 7.3323126664148139 0.91349761680848707 0 1.1541312959691543 0.6933121904001478 6.4135409176625826 0.32317019413824022 7.5227516492373985 0.20318389976382753 1 0.6933121904001478 4.2884022971086271 0.77455988461188452 2 3 1.4482443527867719 6.8537213013597844 8.272182292171534 8.140730862761929 4 1.1541312959691543 4.5000000000000009 8.5000000000000018 1.0000000180025095e-35 1.0000000180025095e-35 5 7.0174839642714515
decision_type=8 10 10 8 10 1 10 8 8 10 10 10 1 10 10 10 1 1 10 10 10 10 1 10 2 2 2 2 1 10
left_child=2 4 13 6 5 7 8 -2 20 19 -5 -4 -13 -1 22 16 17 -9 -18 -10 -3 -8 -6 24 -24 27 -27 -26 -25 -28
right_child=1 3 11 10 14 -7 21 15 9 -11 -12 12 -14 -15 -16 -17 18 -19 -20 -21 -22 -23 23 28 25 26 29 -29 -30 -31
leaf_value=-0.0026286874683063236 -0.005007795370821938 -0.00010748248936454097 -0.0026934139537530713 0.0073282516989220175 0.00039865097835243283 0.0022635661198410206 0.020140856255034326 0.057064328883313101 0.00071015901315241159 0.0039113214032371335 0.013908117029314094 -0.017751095843832061 -0.0029933275833356867 -0.0026305258721290858 0.00072650219388081805 -0.0028357415691145529 -0.0097432088455463653 -0.0040661242946258671 -0.00089157174378973192 0.0024398927716676511 -0.0064981491637198466 -0.028082148420239861 0.00037297438091674632 -0.024266297480703958 -0.0011462117669118089 -0.0012000941125306364 0.0034640733465796992 -0.0030602703768778938 0.0078246039803273829 0.0008944330565266057
leaf_weight=3884 361 6402 2580 2591 17223 2403 526 340 14273 6185 738 255 1909 2633 19884 3182 1758 1166 340 8312 289 22 18795 1243 12081 13489 1735 5478 237 3798
leaf_count=3884 361 6402 2580 2591 17223 2403 526 340 14273 6185 738 255 1909 2633 19884 3182 1758 1166 340 8312 289 22 18795 1243 12081 13489 1735 5478 237 3798
internal_value=-0.000734855 0.000447494 -0.0157335 0.00305049 -0.000541719 -0.00439267 0.00242648 -0.00628406 0.00224401 0.00293535 0.00980024 -0.00955944 -0.00609982 -0.0202279 -0.000150325 -0.00553345 -0.00792175 -0.00302125 -0.0114395 0.00221718 -0.000728591 0.0142336 -0.000509254 -0.000881898 -0.000712402 -0.00139758 -6.57134e-05 -0.00284042 -0.00722973 0.00373667
internal_weight=154112 142851 11261 39338 103513 9550 36009 7147 35461 28770 3329 4744 2164 6517 93963 6786 3604 1506 2098 22585 6691 548 74079 56856 55376 36581 19022 17559 1480 5533
internal_count=154112 142851 11261 39338 103513 9550 36009 7147 35461 28770 3329 4744 2164 6517 93963 6786 3604 1506 2098 22585 6691 548 74079 56856 55376 36581 19022 17559 1480 5533
cat_boundaries=0 1 2 3 4 5 6
cat_threshold=9050 64 1 320 20548 818
is_linear=0
shrinkage=0.05


Tree=85
num_leaves=31
num_cat=2
split_feature=17 19 18 17 19 15 18 1 10 17 4 3 3 15 17 19 18 4 3 9 20 3 9 4 1 20 17 17 3 20
split_gain=1070.58 130.345 124.558 65.4007 60.2141 39.4814 33.1778 35.6821 26.066 25.657 25.6431 23.1948 23.2882 23.0973 20.1104 19.754 19.6579 19.0396 18.2265 40.0828 29.5427 22.8027 30.8785 19.0684 19.8246 18.1017 17.9473 17.5853 16.5837 43.5621
threshold=0.79473535973314147 5.5886066649974113 0.14418139414464085 7.443088802830129 0.6933121904001478 0.77455988461188452 0.49384625759367207 0 6.4135409176625826 2.6682319366128362 6.5000000000000009 3.5000000000000004 1.0000000180025095e-35 6.181650681730078 5.7093692998111178 0.72017818776715636 0.20164947538604197 1.5000000000000002 1.0000000180025095e-35 1.0000000180025095e-35 1.6572896647928148 4.5000000000000009 1.0000000180025095e-35 8.5000000000000018 1 1.9205141307831692 4.7321365098602159 0.4751718843447002 3.5000000000000004 1.4508048607936559
decision_type=8 10 10 8 8 8 10 1 8 10 2 2 2 10 10 10 10 2 2 2 10 2 2 2 1 10 10 10 2 10
left_child=2 4 15 6 -2 -6 8 10 -3 -7 -8 12 -10 -13 17 -1 -4 -11 19 20 26 28 25 -24 -25 -23 -19 -18 -20 -30
right_child=1 3 16 -5 5 9 7 -9 11 14 -12 13 -14 -15 -16 -17 27 18 21 -21 -22 22 23 24 -26 -27 -28 -29 29 -31
leaf_value=-0.0024972530948910057 -0.0047574056022808399 -0.00069244925611648971 -0.0025801882232802942 0.011669260952593508 -0.0028982423982924555 -0.0012742929296444385 0.0073892198047139429 0.0085512709646425877 0.0030948702881819614 0.0017104016643954445 -0.020543307328977401 -0.00021378005997434448 0.0002838345280256949 0.0035809532545436618 0.0173423249444014 -0.0024440223285040977 -0.014480719184905434 -0.0010656249043711542 -0.00030925109536634744 0.0030212535931046117 -0.098104951403875346 0.0014412004085159415 -0.0021416538780826945 0.003664356528100066 -0.0011861216205581893 0.086315435357751685 0.0037133908136485205 -0.0029194467235315047 -0.001283317732723388 -0.06894573883456516
leaf_weight=4806 366 5402 2435 2193 1113 33402 200 2306 4084 5943 205 1998 13786 8044 215 1778 220 3510 28725 2975 175 11560 3241 898 1006 225 1660 2092 9487 260
leaf_count=4806 366 5402 2435 2193 1113 33402 200 2306 4084 5943 205 1998 13786 8044 215 1778 220 3510 28725 2975 175 11560 3241 898 1006 225 1660 2092 9487 260
internal_value=-0.000780572 0.000391841 -0.0155745 0.00289131 -0.000519993 -0.000449016 0.00238099 0.00770011 0.00194813 -0.000348076 -0.00598765 0.00256341 0.00148293 0.00448616 0.000196766 -0.0200258 -0.00940067 0.000149645 -0.00010279 0.00207933 -0.000509822 -0.00043049 0.00109864 -0.00213314 0.00183824 0.00250955 0.000174081 -0.00609862 -0.0011034 -0.0028855
internal_weight=154310 142979 11331 38218 104761 104395 36025 2711 33314 103282 405 27912 17870 10042 69880 6584 4747 69665 63722 8320 5345 55402 16930 5145 1904 11785 5170 2312 38472 9747
internal_count=154310 142979 11331 38218 104761 104395 36025 2711 33314 103282 405 27912 17870 10042 69880 6584 4747 69665 63722 8320 5345 55402 16930 5145 1904 11785 5170 2312 38472 9747
cat_boundaries=0 1 2
cat_threshold=2 2
is_linear=0
shrinkage=0.05


Tree=86
num_leaves=31
num_cat=11
split_feature=17 18 11 17 0 10 15 3 1 0 0 1 0 18 4 1 17 0 15 3 4 22 1 3 0 18 3 0 16 20
split_gain=1050.9 131.243 125.705 48.4602 60.222 47.4733 46.6037 33.9418 29.5975 25.6851 24.6648 42.1657 24.2251 23.1625 22.2946 19.8314 18.7568 18.4507 17.1778 15.8041 15.3654 15.1567 17.698 14.762 60.1319 15.0451 14.4584 28.8774 23.7541 19.3942
threshold=0.79473535973314147 0.14418139414464085 5.9214443534142962 0.91349761680848707 0 7.3674875639408812 0.77455988461188452 4.5000000000000009 1 2 3 4 5 0.20518319620604888 1.5000000000000002 6 7.5687664974793156 7 3.3739635453753487 1.5000000000000002 7.5000000000000009 7.0492674661447481 8 1.0000000180025095e-35 9 0.44980994340670571 1.0000000180025095e-35 10 0.55306416066784403 1.6572896647928148
decision_type=8 10 10 10 1 10 10 2 1 1 1 1 1 10 2 1 8 1 8 2 2 10 1 2 1 10 2 1 10 10
left_child=1 15 3 4 6 7 10 16 -6 -10 11 -2 -9 -3 -5 -1 23 -15 -16 -8 -13 22 -11 24 -4 -25 27 28 -20 -29
right_child=2 13 5 14 8 -7 19 12 9 21 -12 20 -14 17 18 -17 -18 -19 26 -21 -22 -23 -24 25 -26 -27 -28 29 -30 -31
leaf_value=-0.0023723904401464547 -0.065852910463054956 -0.0024115881924129225 0.0073305680804248048 0.0016674700535011856 0.012850515687102671 0.010424119098462727 -0.0033585091891754795 -0.0011211256850273356 -0.027559508394717949 -0.01873511234350347 -0.0045195353221667957 0.0093582833611262298 0.0050160926696512405 -0.0088561336196579139 -0.00069376330821253613 -0.0023723904401464547 0.019199094456097156 -0.0019899595586442584 0.0046472137357662646 -3.0339304358650843e-05 -0.010750292063379886 0.024216259577153565 0.0037059811213165043 0.00040125054512354377 -0.002117870361445551 0.0064005927044244355 -8.9752074889259969e-06 0.00024360293708651783 -0.016492094688671612 -0.089558009727673457
leaf_weight=3189 232 2625 1949 8992 1597 1250 962 735 524 154 2294 569 4163 785 34135 3397 208 1354 2919 2608 516 131 795 13394 1469 1449 56067 5024 277 139
leaf_count=3189 232 2625 1949 8992 1597 1250 962 735 524 154 2294 569 4163 785 34135 3397 208 1354 2919 2608 516 131 795 13394 1469 1449 56067 5024 277 139
internal_value=-0.000789139 -0.0154317 0.000376705 -0.000301649 -0.00356386 0.00362656 -0.00610138 0.00311871 0.00214108 -0.00264963 -0.0101149 -0.00454032 0.00681911 -0.00910999 1.32493e-05 -0.0200046 0.00213737 -0.00524778 -0.000204188 -0.00205882 -0.000437788 0.00178899 -0.000395153 0.00196731 0.00492978 0.00128512 0.000276286 0.00221617 0.00594198 -0.000101488
internal_weight=153902 11350 142552 117935 10382 24617 7181 23367 3201 1604 3611 1317 4898 4764 107553 6586 18469 2139 98561 3570 1085 1080 949 18261 3418 14843 64426 8359 3196 5163
internal_count=153902 11350 142552 117935 10382 24617 7181 23367 3201 1604 3611 1317 4898 4764 107553 6586 18469 2139 98561 3570 1085 1080 949 18261 3418 14843 64426 8359 3196 5163
cat_boundaries=0 1 2 3 4 5 6 7 8 9 10 11
cat_threshold=8790 1 256 8256 2 9984 4 80 2 24576 62626
is_linear=0
shrinkage=0.05


Tree=87
num_leaves=31
num_cat=12
split_feature=17 18 19 19 17 17 18 0 3 0 3 0 15 22 18 1 3 0 1 0 0 1 0 3 0 3 0 20 20 3
split_gain=1042.75 132.884 113.209 65.666 57.6765 44.52 32.5229 29.7622 26.3708 42.8038 27.1835 92.5999 24.4291 23.3351 23.1217 22.2253 29.6789 19.9548 19.6598 19.4607 19.2073 35.131 29.6107 18.5026 33.8351 26.498 77.4199 31.5983 18.4304 24.5289
threshold=0.79473535973314147 0.14418139414464085 5.481061128867827 0.6933121904001478 7.443088802830129 0.91349761680848707 1.1541312959691543 0 3.5000000000000004 1 1.0000000180025095e-35 2 0.77455988461188452 7.0211379679761796 0.20518319620604888 3 4.5000000000000009 4 5 6 7 8 9 4.5000000000000009 10 3.5000000000000004 11 1.1664923117169399 1.9205141307831692 5.5000000000000009
decision_type=8 10 10 8 8 10 10 1 2 1 2 1 10 10 10 1 2 1 1 1 1 1 1 2 1 2 1 10 10 2
left_child=1 18 3 -2 6 7 8 -5 10 15 11 -4 20 -6 -3 -10 -17 -12 -1 -11 21 22 -9 25 28 -7 27 -27 29 -25
right_child=2 14 4 5 13 23 -8 12 9 19 17 -13 -14 -15 -16 16 -18 -19 -20 -21 -22 -23 -24 24 -26 26 -28 -29 -30 -31
leaf_value=-0.0022537709181391307 -0.0042935585560584582 -0.0023157618087593312 -0.0018122382864242505 0.0032463198167437483 0.0080547620411612012 -1.5373992239781089e-05 0.017592929027432615 0.066885487316962561 0.0074937039645700757 -0.0029912109877310526 0.0075118864904364152 0.0072674374130410561 -0.0024476434648649072 0.016760213185469032 -0.0037155848654527924 -0.00052978261565765909 0.0055968496211431518 -0.00013611948441401013 -0.0022537709181391307 0.0016883557206074818 -0.0040816096803399709 -0.030133522177789304 -0.0023147399826472627 0.0032421216525447163 -0.0001926013074713351 -0.0049224551073297155 -3.1031940767534127e-05 -0.047081668433699687 0.081748858956381565 0.00030250370371467938
leaf_weight=3160 378 2599 2501 1723 1682 54334 576 190 2191 1434 480 2588 3561 531 2143 1234 1233 17413 3386 7642 1976 992 623 4565 16250 3760 10090 370 221 4336
leaf_count=3160 378 2599 2501 1723 1682 54334 576 190 2191 1434 480 2588 3561 531 2143 1234 1233 17413 3386 7642 1976 992 623 4565 16250 3760 10090 370 221 4336
internal_value=-0.000780348 -0.0154102 0.000375506 -0.000494587 0.0026522 -0.00041824 0.0021868 -0.00376448 0.00200185 0.00373526 0.000965973 0.00419041 -0.00514826 0.0104948 -0.00903627 0.00762639 0.00438792 4.89018e-05 -0.0200275 0.00172793 -0.00795424 -0.00414601 0.00353629 -9.52878e-05 0.00105825 -0.000522216 -0.00244374 -0.00820048 0.00349321 0.00314291
internal_weight=154162 11288 142874 103369 39505 102991 37292 9065 36716 13734 22982 5089 7342 2213 4742 4658 2467 17893 6546 9076 3781 1805 813 93926 25372 68554 14220 4130 9122 8901
internal_count=154162 11288 142874 103369 39505 102991 37292 9065 36716 13734 22982 5089 7342 2213 4742 4658 2467 17893 6546 9076 3781 1805 813 93926 25372 68554 14220 4130 9122 8901
cat_boundaries=0 1 2 3 4 5 6 7 8 9 10 11 12
cat_threshold=56481 33 641 1 256 4 768 8520 1 256 16485 360
is_linear=0
shrinkage=0.05


Tree=88
num_leaves=31
num_cat=10
split_feature=17 18 19 19 17 19 15 0 18 3 0 17 3 19 3 0 3 0 0 3 16 15 3 18 0 1 12 1 1 0
split_gain=1030.33 132.954 113.058 63.4759 54.8806 35.816 28.496 29.637 22.6571 21.7789 38.8581 25.0147 21.978 21.0305 19.931 65.6546 18.7998 56.8057 27.9872 42.9626 59.5943 18.5636 29.4107 23.7843 18.5456 19.8849 17.9203 17.7335 17.5311 17.3804
threshold=0.79473535973314147 0.14418139414464085 6.4499233512262695 0.6933121904001478 7.5687664974793156 1.7808891308395804 0.86643746549129441 0 0.20164947538604197 3.5000000000000004 1 6.9723070523888682 5.5000000000000009 0.72017818776715636 1.0000000180025095e-35 2 4.5000000000000009 3 4 2.5000000000000004 0.63363282206977023 4.0114581261671995 1.5000000000000002 1.0319432276620957 5 6 5.4640436245585393 7 8 9
decision_type=8 10 10 8 8 10 10 1 10 2 1 10 2 10 2 1 2 1 1 2 10 10 2 10 1 1 8 1 1 1
left_child=1 13 3 -2 9 6 7 27 -3 14 11 -11 -12 -1 15 -4 18 26 19 21 -21 -7 23 -23 -9 -26 -18 -5 -24 -10
right_child=2 8 4 5 -6 16 -8 24 29 10 12 -13 -14 -15 -16 -17 17 -19 -20 20 -22 22 28 -25 25 -27 -28 -29 -30 -31
leaf_value=-0.0021410823722321725 -0.0040788806282555327 -0.0021847238481557925 -0.0014132754503702661 -0.010823799872599472 0.015164923369595585 -0.00089822544415474326 -0.00078065686976067647 -0.0044263893610951071 -0.016107373056503199 0.0037047325863917681 0.0022613447893469196 0.0086686438395717335 -0.0035875385841879883 -0.0021175915289546156 0.0004274129243019953 0.0069245269610297647 0.0015186098527520731 -0.0004018723682838399 0.00011835690803225775 -0.0021320399874913409 -0.02741984326825957 0.0022031088235745068 0.075144058013190532 -0.026214302953138605 -0.006939458159423712 -0.00021988554551980735 0.0056252501161778053 0.044257590833519878 0.0049246780137822913 -0.002396101376150506
leaf_weight=4748 379 2458 1663 134 1073 4255 17687 2589 252 2330 5174 1171 1054 1799 13320 2261 6307 14112 54507 4490 793 546 214 129 1628 2190 3479 299 465 2041
leaf_count=4748 379 2458 1663 134 1073 4255 17687 2589 252 2330 5174 1171 1054 1799 13320 2261 6307 14112 54507 4490 793 546 214 129 1628 2190 3479 299 465 2041
internal_value=-0.000805779 -0.015339 0.000348509 -0.000350035 0.00319297 -0.000282014 -0.00197435 -0.00471491 -0.0089718 0.00275183 0.00464333 0.00885075 0.00226034 -0.0199595 0.00168464 0.00481651 0.000182817 0.00138296 -0.000255738 -0.00256834 -0.00580636 0.000476912 0.00557607 -0.00181481 -0.00556724 -0.00333072 0.00430788 0.00784424 0.0129234 -0.00539686
internal_weight=153547 11298 142249 114203 28046 113824 24527 6840 4751 26973 9729 3501 6228 6547 17244 3924 89297 23898 65399 10892 5283 5609 1354 675 6407 3818 9786 433 679 2293
internal_count=153547 11298 142249 114203 28046 113824 24527 6840 4751 26973 9729 3501 6228 6547 17244 3924 89297 23898 65399 10892 5283 5609 1354 675 6407 3818 9786 433 679 2293
cat_boundaries=0 1 2 3 4 5 6 7 8 9 10
cat_threshold=50209 97 513 16485 162 66 4 2 1 64
is_linear=0
shrinkage=0.05


Tree=89
num_leaves=31
num_cat=2
split_feature=17 18 19 19 17 19 15 10 18 3 9 3 9 20 5 1 17 3 17 18 10 6 10 6 17 18 22 1 17 10
split_gain=1035.57 138.347 101.926 63.4854 48.2999 37.9993 31.7732 25.639 24.312 22.4783 34.4975 21.1883 53.2702 27.4259 20.6409 19.7289 19.5236 18.0143 18.7975 17.4917 17.0423 15.7124 14.3982 14.0745 13.7786 13.2827 12.8637 20.5844 17.6905 12.7819
threshold=0.79473535973314147 0.14418139414464085 6.7230781037403355 0.6933121904001478 7.5687664974793156 1.8404337229396177 0.82830221659600056 7.3674875639408812 0.20164947538604197 4.5000000000000009 1.0000000180025095e-35 1.0000000180025095e-35 1.0000000180025095e-35 1.6572896647928148 1.0000000180025095e-35 0 0.4751718843447002 1.5000000000000002 1.0912323333562595 1.7004936570020954 4.257737858700863 1.0000000180025095e-35 6.267485097538894 1.0000000180025095e-35 4.7321365098602159 0.1849052253873302 1.0000000180025095e-35 1 1.6414136698039428 0.71754226264466137
decision_type=8 10 10 8 8 10 10 10 10 2 2 2 2 10 2 1 10 2 10 10 10 2 8 2 10 8 10 1 8 10
left_child=1 15 3 -2 7 6 20 -4 -3 11 19 12 13 24 22 -1 -10 -8 -19 -11 25 -14 -13 -12 -7 -5 27 -27 -29 -17
right_child=2 8 4 5 -6 9 17 -9 16 10 23 14 21 -15 -16 29 -18 18 -20 -21 -22 -23 -24 -25 -26 26 -28 28 -30 -31
leaf_value=-0.0020340282536205623 -0.0038749365968427543 -0.0020658352726773631 0.0014551418720341492 0.0036406474629135602 0.015466919134966339 -0.0011342347492994177 -0.0024896185809196673 0.0055075107726204834 -0.013879362648191985 0.0016673093227339121 -7.5598393189935109e-07 -0.0004637509967425402 0.0045642239999982076 -0.088726952493087513 -0.0020987857648781748 -0.0020340282536205623 -0.0021690813833224855 0.0011495714785329293 -0.001474587279981332 0.072056231103538912 0.038364425036883032 0.0010770288137268214 0.00061790069672975625 -0.0027349592482045384 0.001782905900358145 0.0035325332412470493 -0.0034075021871000145 0.0018076025645032412 -0.018582133756302799 -0.0019926607583748701
leaf_weight=3234 389 2441 18097 203 875 4878 5144 2164 232 18940 4065 32103 2383 205 7220 3179 2099 6184 7711 405 100 1140 19030 2012 3739 1231 2735 417 1521 172
leaf_count=3234 389 2441 18097 203 875 4878 5144 2164 232 18940 4065 32103 2383 205 7220 3179 2099 6184 7711 405 100 1140 19030 2012 3739 1231 2735 417 1521 172
internal_value=-0.000804549 -0.0153364 0.000350442 -0.000205946 0.00355555 -0.000141308 -0.00186762 0.00305883 -0.00885373 0.00031211 0.00158721 -0.000146397 0.00173552 -0.000340059 -0.000544531 -0.0200342 -0.00520163 -0.000854824 8.09644e-05 0.00261954 -0.00497422 0.00693301 -0.000191168 -0.00169903 8.99385e-05 -0.00530948 -0.00574187 -0.00357368 -0.00678535 -0.0173456
internal_weight=154248 11357 142891 121755 21136 121366 25246 20261 4772 96120 25422 70698 12345 8822 58353 6585 2331 19039 13895 19345 6207 3523 51133 6077 8617 6107 5904 3169 1938 3351
internal_count=154248 11357 142891 121755 21136 121366 25246 20261 4772 96120 25422 70698 12345 8822 58353 6585 2331 19039 13895 19345 6207 3523 51133 6077 8617 6107 5904 3169 1938 3351
cat_boundaries=0 1 2
cat_threshold=4 1
is_linear=0
shrinkage=0.05


Tree=90
num_leaves=31
num_cat=9
split_feature=17 18 19 19 17 17 18 18 0 0 14 1 10 10 0 19 0 3 0 3 20 0 0 3 3 12 0 3 9 3
split_gain=1028.61 123.942 94.7088 65.9775 50.9099 36.1948 27.6842 27.4727 27.3664 21.9587 21.6151 21.5152 19.0804 18.1796 14.707 20.4897 14.614 26.3235 37.3779 30.3203 61.1607 49.9709 25.8922 72.349 62.2853 60.5734 20.3802 17.6229 28.1656 21.8184
threshold=0.79473535973314147 0.14418139414464085 5.481061128867827 0.6933121904001478 7.3323126664148139 0.91349761680848707 0.20318389976382753 1.1541312959691543 0 1 6.8890818839599151 2 7.5227516492373985 0.71754226264466137 3 5.4020154970249212 4 1.0000000180025095e-35 5 1.5000000000000002 0.61967053521180471 6 7 3.5000000000000004 5.5000000000000009 2.8875862353714372 8 4.5000000000000009 1.0000000180025095e-35 5.5000000000000009
decision_type=8 10 10 8 8 10 10 10 1 1 8 1 10 10 1 8 1 2 1 2 10 1 1 2 2 10 1 2 2 2
left_child=1 11 3 -2 7 8 -3 10 -5 -8 -4 -1 -6 14 -10 -16 -7 18 -18 20 21 -19 23 25 -25 -21 -23 -24 29 -29
right_child=2 6 4 5 12 16 9 -9 13 -11 -12 -13 -14 -15 15 -17 17 19 -20 22 -22 26 27 24 -26 -27 -28 28 -30 -31
leaf_value=-0.0019323268409395357 -0.0036811897670006146 -0.002040802890070709 0.00016390073182854793 0.0060753193946925695 0.0055513607929372766 0.00037335301761724505 -0.0075438454245309872 0.01439287393171842 -0.0044887171539282041 -0.0015056262593220072 0.0017264928503207156 -0.0019323268409395357 0.011493406597327295 -0.00056475562918332784 -0.002403096677722566 -0.017674202698757645 0.0037519883152921543 0.0027922243026723861 -0.0004357122231380517 0.0017451601723234178 -0.022280946762022726 -0.0063953651448352749 -0.0014806916859217978 -0.003392419227726129 0.0027236253356884956 0.012268462416433847 -0.0012432033626189999 0.0043585272535888288 -0.0012664908727657465 -0.00041507385889312244
leaf_weight=3181 387 2545 16011 1057 2586 35922 807 550 2082 1402 19341 3372 738 2257 2884 846 2698 1550 4402 4234 963 2057 15643 7175 3737 1607 4194 2515 4624 2374
leaf_count=3181 387 2545 16011 1057 2586 35922 807 550 2082 1402 19341 3372 738 2257 2884 846 2698 1550 4402 4234 963 2057 15643 7175 3737 1607 4194 2515 4624 2374
internal_value=-0.000875336 -0.0153909 0.00027697 -0.000517886 0.00236833 -0.000440328 -0.00924485 0.00182023 -0.0034462 -0.00514939 0.00164771 -0.0198497 0.00828821 -0.00443434 -0.00591879 -0.00779412 -0.000147553 -0.000639894 0.00221127 -0.00103951 -0.00371406 -0.00224651 -0.000480207 0.00104247 -0.00136089 0.00553416 -0.00423654 -0.00149408 0.000202355 0.00284823
internal_weight=153741 11307 142434 103208 39226 102821 4754 35902 9126 2209 35352 6553 3324 8069 5812 3730 93695 57773 7100 50673 8764 7801 41909 16753 10912 5841 6251 25156 9513 4889
internal_count=153741 11307 142434 103208 39226 102821 4754 35902 9126 2209 35352 6553 3324 8069 5812 3730 93695 57773 7100 50673 8764 7801 41909 16753 10912 5841 6251 25156 9513 4889
cat_boundaries=0 1 2 3 4 5 6 7 8 9
cat_threshold=56353 80 4 8588 21061 42144 32 282 10
is_linear=0
shrinkage=0.05


Tree=91
num_leaves=31
num_cat=9
split_feature=17 18 17 20 10 20 15 3 1 12 0 20 3 6 0 18 3 3 3 3 1 1 17 0 3 3 0 1 3 0
split_gain=1010.36 129.901 79.2329 44.5777 39.0944 23.5436 23.0542 21.2809 20.867 18.4592 18.0522 22.8731 72.6399 20.2193 27.4285 23.5519 20.1702 44.5332 27.935 30.2915 23.1329 18.9391 18.1983 17.5635 25.6501 19.4845 30.2643 17.1772 17.0914 68.119
threshold=0.79473535973314147 0.14418139414464085 5.4374463361176195 1.0000000180025095e-35 7.3674875639408812 0.36952591217244513 0.82830221659600056 5.5000000000000009 0 5.9634507923900744 1 0.68546791524521089 1.0000000180025095e-35 1.0000000180025095e-35 2 1.1541312959691543 1.5000000000000002 2.5000000000000004 4.5000000000000009 5.5000000000000009 3 4 3.2238836690837691 5 1.0000000180025095e-35 1.5000000000000002 6 7 3.5000000000000004 8
decision_type=8 10 10 8 10 10 8 2 1 10 1 10 2 2 1 10 2 2 2 2 1 1 10 1 2 2 1 1 2 1
left_child=1 8 3 -2 5 -4 -5 -3 -1 -7 11 -8 -13 15 -15 23 -17 21 22 20 -20 -18 -19 24 -12 26 -25 -21 29 -27
right_child=2 7 4 6 -6 9 10 -9 -10 -11 13 12 -14 14 -16 16 17 18 19 27 -22 -23 -24 25 -26 28 -28 -29 -30 -31
leaf_value=-0.0018357104988925566 -0.0034971302786505846 -0.0021088711958477226 0.00066303552664770393 -0.0018927743663327947 0.0056846131733165441 0.0017900373684242466 0.00015847665282121005 -0.0018188739035822383 -0.0018357104988925566 0.0051866521947819162 0.0035602346852709578 -0.063974762110504721 0.011001010796116173 -0.00042779666643827374 -0.002564363467405273 -0.026233645241992565 0.086010480056011848 0.012710173663777491 0.092970175939747129 0.013507902002256733 -0.022928235996583602 -0.023687875924316405 -0.029513935341832553 -0.0063841547123331295 0.00029640220812616748 0.011842920077458286 -0.000813605511855986 -0.0451316525076568 -0.00058887430449615092 -0.00013625381799399207
leaf_weight=3171 230 3945 29228 2158 2596 3684 26546 762 3385 3668 2155 521 3049 14075 7634 304 203 79 169 73 51 31 436 1585 10379 1824 6879 176 16210 8504
leaf_count=3171 230 3945 29228 2158 2596 3684 26546 762 3385 3668 2155 521 3049 14075 7634 304 203 79 169 73 51 31 436 1585 10379 1824 6879 176 16210 8504
internal_value=-0.000817123 -0.0152335 0.000322752 -0.00040355 0.00223734 0.00181657 -0.000354471 -0.00889632 -0.0197834 0.00434576 -0.000245086 0.000780057 0.00453782 -0.000681365 -0.00195196 -0.000119247 -0.00624179 -0.00336617 -0.00802846 0.000799574 0.0143182 0.0162393 -0.016068 7.67839e-05 0.00168208 -0.000498401 -0.00258743 -0.0111446 0.000167684 0.00175736
internal_weight=153710 11263 142447 103271 39176 36580 103041 4707 6556 7352 100883 30116 3570 70767 21709 49058 1522 1218 984 469 220 234 515 47536 12534 35002 8464 249 26538 10328
internal_count=153710 11263 142447 103271 39176 36580 103041 4707 6556 7352 100883 30116 3570 70767 21709 49058 1522 1218 984 469 220 234 515 47536 12534 35002 8464 249 26538 10328
cat_boundaries=0 1 2 3 4 5 6 7 8 9
cat_threshold=4 20549 442 1 1 44032 258 4 264
is_linear=0
shrinkage=0.05


Tree=92
num_leaves=31
num_cat=11
split_feature=17 18 11 20 10 20 18 12 0 1 15 20 0 1 10 17 4 0 4 5 22 0 1 0 4 20 4 0 0 1
split_gain=1007.98 138.556 84.4016 49.8617 36.9344 28.5567 26.4384 26.1123 22.896 20.9787 20.0572 16.8052 31.2673 15.1973 14.7502 13.0996 12.431 18.1764 13.8578 15.5658 12.5529 11.977 12.5342 17.541 11.8821 12.5492 16.1528 28.9276 18.0146 16.8158
threshold=0.79473535973314147 0.14418139414464085 5.8407869850884175 1.0000000180025095e-35 7.341516255720161 0.37280796857852355 0.20318389976382753 3.4672959664678489 0 1 0.69331376394879285 0.080481462141805085 2 3 1.2946333325561217 0.74879815593132204 3.5000000000000004 4 7.5000000000000009 1.0000000180025095e-35 6.6212673555666841 5 6 7 1.5000000000000002 0.29541818593128238 9.5000000000000018 8 9 10
decision_type=8 10 10 8 10 8 10 10 1 1 8 10 1 1 10 10 2 1 2 2 8 1 1 1 2 8 2 1 1 1
left_child=1 9 3 -2 5 -4 -3 10 -8 -1 -5 12 14 -14 -12 -11 -13 20 -19 -20 -18 22 23 -15 -9 26 28 29 -26 -28
right_child=2 6 4 7 -6 -7 8 24 -10 15 11 16 13 21 -16 -17 17 18 19 -21 -22 -23 -24 -25 25 -27 27 -29 -30 -31
leaf_value=-0.0017439249739479301 -0.0033222737647180534 -0.0017550598047475774 0.00091121256930235548 -0.0022534120465315111 0.0076414891084801489 0.0050524561132050845 -0.0070740986212212975 0.0021571353251327308 -0.0012156436800691895 -0.0017439249739479301 -0.016884432496483838 0.00038608212990706161 -0.023561617591281149 0.072996622467761937 0.012634660244509691 0.0022896639943522424 -0.0054168744082689459 -0.0010063805670737613 0.00058421558831820428 -0.0018619152264936602 -0.0015553223827696528 0.029823985541667233 -0.014610322493394135 -0.0019057443153427612 0.00070817548566699535 0.0012009510294188619 0.0039255463246366641 -0.0010072527894925188 -0.00099201628121949894 0.00072481539990292281
leaf_weight=3206 239 2587 19245 414 1402 4610 794 3828 1388 3331 850 17293 229 144 88 47 1277 15995 18675 3006 11537 269 411 406 5186 16829 1850 2541 14324 2097
leaf_count=3206 239 2587 19245 414 1402 4610 794 3828 1388 3331 850 17293 229 144 88 47 1277 15995 18675 3006 11537 269 411 406 5186 16829 1850 2541 14324 2097
internal_value=-0.000879311 -0.0152184 0.00026113 -0.000302584 0.00288336 0.00241983 -0.00872824 -0.000256079 -0.00467461 -0.0199195 -0.00086268 -0.000797948 -0.00491239 -0.000289312 -0.0119726 -0.0171699 -0.00065245 -0.00104872 -0.000494879 0.000328629 -0.00267467 0.00191057 -0.000746653 0.00418182 0.000661773 0.000423214 -0.000265405 0.00189581 -0.000984111 0.00456785
internal_weight=154098 11353 142745 117488 25257 23855 4769 117249 2182 6584 70594 70180 2397 1459 938 3378 67783 50490 37676 21681 12814 1230 961 550 46655 42827 25998 6488 19510 3947
internal_count=154098 11353 142745 117488 25257 23855 4769 117249 2182 6584 70594 70180 2397 1459 938 3378 67783 50490 37676 21681 12814 1230 961 550 46655 42827 25998 6488 19510 3947
cat_boundaries=0 1 2 3 4 5 6 7 8 9 10 11
cat_threshold=80 4 598 2 643 10632 1 256 64512 2020 2
is_linear=0
shrinkage=0.05


Tree=93
num_leaves=31
num_cat=2
split_feature=17 18 19 19 17 17 18 20 10 1 3 4 10 1 17 11 4 3 12 19 18 10 11 12 3 17 4 16 13 3
split_gain=1015.71 140.366 86.9893 58.3793 49.3396 32.8132 25.5127 24.2787 21.227 20.7729 19.6618 20.034 18.4672 18.156 17.6706 15.5421 17.7448 14.242 13.3372 14.4197 12.8914 14.0959 12.8871 14.0491 11.8951 11.7246 11.112 14.7593 11.0662 10.9694
threshold=0.79473535973314147 0.14418139414464085 4.2897082798159749 0.6933121904001478 7.2620971573995039 0.91349761680848707 0.20164947538604197 0.32842814375756396 7.5227516492373985 0 1.0000000180025095e-35 2.5000000000000004 5.262949189169678 1 0.53915103907563411 5.9662749278181524 9.5000000000000018 3.5000000000000004 6.4686298610804647 5.2624668362929254 0.25395495138500807 6.9092540304800165 0.71754226264466137 3.9899091162083553 5.5000000000000009 0.74879815593132204 10.500000000000002 0.11760320369796297 3.4323716941944231 5.5000000000000009
decision_type=8 10 10 8 8 10 10 10 10 1 2 2 10 1 10 10 2 2 10 10 10 10 10 10 2 10 2 10 10 2
left_child=1 9 3 -2 7 12 24 10 -6 -1 -4 13 22 -12 -8 16 -9 26 19 -18 21 -19 23 28 -3 -11 27 -13 -5 -16
right_child=2 6 4 5 8 -7 14 15 -10 25 11 17 -14 -15 29 -17 18 20 -20 -21 -22 -23 -24 -25 -26 -27 -28 -29 -30 -31
leaf_value=-0.0016567287252505338 -0.0031561600764821508 -0.0016673068145102001 0.0020227676033258701 -0.0036995690571139496 0.004123275192319498 -0.0002330179468305549 -0.010904742842723964 0.0025878190616938747 0.0092914857283694641 -0.0016567287252505338 0.0040165524588744008 0.00079113867680915553 0.052267999690546345 0.00044226055722775828 -0.00203776641866692 0.0035585791380818854 4.2882542155631147e-05 -0.00045439464131593612 0.0059690512584671847 -0.0060048647272722194 0.0019250658115294696 0.002720231627075376 -0.00059879730564300633 0.035908194099712756 -0.0030388627358414189 0.002175180794634629 0.00082472564768556469 -0.0013317642888131865 0.026169205473907775 0.0045564167372964285
leaf_weight=3212 376 2041 6102 6024 4090 68630 378 8662 850 3338 1783 2542 90 4405 1610 5357 1664 8389 290 946 4377 1136 2319 83 406 43 2959 11536 80 326
leaf_count=3212 376 2041 6102 6024 4090 68630 378 8662 850 3338 1783 2542 90 4405 1610 5357 1664 8389 290 946 4377 1136 2319 83 406 43 2959 11536 80 326
internal_value=-0.000839371 -0.0152325 0.000305908 -0.000824721 0.00165391 -0.000729029 -0.0086904 0.00125939 0.00645749 -0.0199568 0.000630942 0.000198642 -0.00364123 0.00279573 -0.00492653 0.00286512 0.00183359 -0.000320793 -0.00155172 -0.00268199 0.000866782 -0.000165354 -0.00387961 -0.00507112 -0.0122497 -0.0172212 -0.00128984 -0.00187527 -0.00534895 -0.00299587
internal_weight=154044 11354 142690 77602 65088 77226 4761 60148 4940 6593 43229 37127 8596 6188 2314 16919 11562 30939 2900 2610 13902 9525 8506 6187 2447 3381 17037 14078 6104 1936
internal_count=154044 11354 142690 77602 65088 77226 4761 60148 4940 6593 43229 37127 8596 6188 2314 16919 11562 30939 2900 2610 13902 9525 8506 6187 2447 3381 17037 14078 6104 1936
cat_boundaries=0 1 2
cat_threshold=4 1
is_linear=0
shrinkage=0.05


Tree=94
num_leaves=31
num_cat=6
split_feature=17 18 19 19 17 17 18 18 0 0 18 4 1 18 0 19 10 3 5 4 17 18 3 1 15 3 20 16 13 0
split_gain=981.075 145.939 65.896 56.0435 45.0095 29.3337 27.7787 25.3944 21.4661 20.6735 27.1455 23.1426 28.0843 26.1155 20.5805 20.2708 19.7436 17.7087 16.6373 16.0614 14.3571 13.5941 13.4223 13.7857 12.6067 11.9001 11.6937 11.3583 11.3267 11.3059
threshold=0.79473535973314147 0.14418139414464085 4.2708115296442815 0.6933121904001478 7.2620971573995039 0.91349761680848707 0.20318389976382753 0.3187203021615625 0 1 0.84080743294637894 7.5000000000000009 2 1.0319432276620957 3 0.72017818776715636 7.5227516492373985 5.5000000000000009 1.0000000180025095e-35 1.5000000000000002 0.74879815593132204 0.18884174831662348 4.5000000000000009 4 5.2804936852372544 5.5000000000000009 0.3516745772080922 0.095222319164412331 0.71754226264466137 5
decision_type=8 10 10 8 8 10 10 10 1 1 10 2 1 10 1 10 10 2 2 2 10 8 2 1 10 2 10 8 10 1
left_child=1 15 3 28 7 14 25 18 -8 11 22 13 26 24 -5 -1 -6 21 19 -4 -17 -16 23 -11 -9 -3 -13 -10 -2 -24
right_child=2 6 4 5 16 -7 8 9 27 10 -12 12 -14 -15 17 20 -18 -19 -20 -21 -22 -23 29 -25 -26 -27 -28 -29 -30 -31
leaf_value=-0.0015738922889880049 -0.0029983520726580451 -0.0015839414737846892 0.0027883360819970005 0.010124556529869667 0.0038140863288686159 -0.00020083575921404641 -0.013345097313056907 0.0035656618145541333 -0.0037811033205177869 0.0030359392444062831 0.012802386719022075 0.0028061095069844113 0.0025383102313344843 -0.011759836719638051 0.0013088641233947236 -0.0015515759878743263 0.0086020540369715192 0.0020289273085201094 -0.0012636535663034687 0.00026649723278240336 0.0023035063861313767 -0.003626302804215437 0.0069056608230446681 9.8747884893768403e-05 0.015458991349186137 -0.0028783861322874528 -0.015067471055329485 -0.0012298206271342705 0.0023688408496352121 0.0024174572742866832
leaf_weight=4732 358 2153 2868 376 4158 67848 254 1040 134 3245 1987 63 496 708 436 1772 845 1372 5562 36934 50 6382 810 5093 333 397 465 1791 23 1252
leaf_count=4732 358 2153 2868 376 4158 67848 254 1040 134 3245 1987 63 496 708 436 1772 845 1372 5562 36934 50 6382 810 5093 333 397 465 1791 23 1252
internal_value=-0.000880393 -0.0150736 0.000242194 -0.000752979 0.00140262 -0.000657602 -0.00837915 0.00102784 -0.00423359 0.00277563 0.00368839 -0.000874799 -0.00703125 0.00215041 -0.00341466 -0.0199039 0.00596142 -0.00393902 0.000430958 0.000788905 -0.0154226 -0.0049868 0.00266827 0.00177501 0.00617261 -0.0119216 -0.0150568 -0.00236434 -0.0198819 0.00628031
internal_weight=153937 11283 142654 76795 65859 76414 4729 60856 2179 15492 12387 3105 1024 2081 8566 6554 5003 8190 45364 39802 1822 6818 10400 8338 1373 2550 528 1925 381 2062
internal_count=153937 11283 142654 76795 65859 76414 4729 60856 2179 15492 12387 3105 1024 2081 8566 6554 5003 8190 45364 39802 1822 6818 10400 8338 1373 2550 528 1925 381 2062
cat_boundaries=0 1 2 3 4 5 6
cat_threshold=64 544 2 56321 1 4097
is_linear=0
shrinkage=0.05


Tree=95
num_leaves=31
num_cat=10
split_feature=17 18 10 20 0 1 18 20 3 20 18 0 3 18 0 3 3 0 3 0 3 16 1 0 0 3 0 17 10 14
split_gain=986.377 139.996 57.9566 44.6152 31.347 33.1653 45.4534 33.5281 30.2118 28.0455 26.8548 26.8184 24.3347 24.252 48.341 23.8846 24.8259 31.1613 23.054 47.1641 30.9959 26.0999 20.1144 18.4885 18.0987 17.5745 20.0556 16.0785 15.1098 26.6822
threshold=0.79473535973314147 0.14418139414464085 7.0312993674396251 1.0000000180025095e-35 0 1 0.48477106054876878 2.2443719298359626 1.0000000180025095e-35 1.6572896647928148 0.20164947538604197 2 3.5000000000000004 1.1541312959691543 3 4.5000000000000009 5.5000000000000009 4 2.5000000000000004 5 1.5000000000000002 0.70849655445590509 6 7 8 4.5000000000000009 9 3.5548426433649221 5.3662096053087449 5.8060377678376591
decision_type=8 10 10 8 1 1 8 8 2 10 10 1 2 8 1 2 2 1 2 1 2 10 1 1 1 2 1 10 10 10
left_child=1 22 3 -2 5 6 -5 25 9 -8 -3 -9 -4 28 -15 18 -17 -18 20 -20 27 -22 -1 -12 -14 -7 -27 -16 -6 -30
right_child=2 10 12 4 13 7 8 11 -10 -11 23 -13 24 14 15 16 17 -19 19 -21 21 -23 -24 -25 -26 26 -28 -29 29 -31
leaf_value=-0.0014951976745386066 -0.0028484344690251407 -0.0015047444000954536 0.001327368099718096 0.00070511631857796966 -0.00048834117853045202 -0.00019359416314386203 0.0062811479423013246 0.0216816341529418 0.013692510483433696 -0.087370364581883297 -0.012977546376293789 -0.06267718771079149 0.0026799143640485745 -0.01325077385763121 -0.0050851599337661925 0.026095924229847613 -0.040862813955785338 0.0065746101163658647 -0.030346929737319884 -0.0013251358391415113 0.0020088395509350932 0.082761061393633206 -0.0014951976745386066 -0.0016066083212051387 0.008923853407955918 0.0028915910335732156 -2.4070257185426769e-05 -0.023581819075908086 0.0045667291514881027 -0.0015991528842059567
leaf_weight=3190 228 2433 5594 17878 57348 37513 240 110 3623 193 258 578 1537 1040 328 515 180 475 490 764 519 195 3343 2067 1139 4299 5011 224 1777 1105
leaf_count=3190 228 2433 5594 17878 57348 37513 240 110 3623 193 258 578 1537 1040 328 515 180 475 490 764 519 195 3343 2067 1139 4299 5011 224 1777 1105
internal_value=-0.000924485 -0.0151514 0.000199611 -4.99506e-05 -1.24623e-05 0.00072601 0.00233428 -1.6312e-05 0.00711292 -0.00536952 -0.00862757 -0.0109738 0.00426239 -0.000801909 -0.00424947 -0.00154054 0.00435897 -0.00209924 -0.00428571 -0.00909091 0.000473934 0.00735294 -0.0199028 -0.00478495 0.00818386 0.000144694 0.00208915 -0.00842391 -0.000531297 0.00300139
internal_weight=154194 11291 142903 134633 134405 69445 21934 47511 4056 433 4758 688 8270 64960 4730 3690 1170 655 2520 1254 1266 714 6533 2325 2676 46823 9310 552 60230 2882
internal_count=154194 11291 142903 134633 134405 69445 21934 47511 4056 433 4758 688 8270 64960 4730 3690 1170 655 2520 1254 1266 714 6533 2325 2676 46823 9310 552 60230 2882
cat_boundaries=0 1 2 3 4 5 6 7 8 9 10
cat_threshold=54597 1 49153 530 32 32 4 64 16672 16385
is_linear=0
shrinkage=0.05


Tree=96
num_leaves=31
num_cat=9
split_feature=17 16 12 20 3 20 15 20 0 0 1 20 4 0 4 20 0 4 17 17 0 1 16 1 1 10 3 20 3 20
split_gain=996.924 125.806 52.3909 46.0142 36.6167 27.8584 23.9509 22.9953 22.9246 21.5729 24.3645 32.7137 21.1296 25.1338 42.9197 28.5895 23.9325 21.5154 72.4267 36.2648 21.4578 27.2017 20.7644 18.0589 17.8715 16.6285 16.181 15.3888 14.989 19.0824
threshold=0.79473535973314147 0.11641298424820505 5.8394781477590962 1.0000000180025095e-35 4.5000000000000009 0.22203809119573487 7.4795250139472396 0.11068561392174879 0 1 2 2.2443719298359626 4.5000000000000009 3 8.5000000000000018 0.89894925544318094 4 6.5000000000000009 4.3199456346283505 1.9763025419693736 5 6 0.3251931285138186 7 8 3.5821281169751722 1.0000000180025095e-35 1.1664923117169399 1.0000000180025095e-35 0.85180327947010093
decision_type=8 10 10 8 2 10 8 10 1 1 1 8 2 1 2 8 1 2 10 8 1 1 8 1 1 10 2 8 2 10
left_child=1 7 3 -2 6 -3 -4 -1 -6 10 22 -12 16 15 20 17 -11 18 -14 -19 23 26 -5 -15 -16 -13 -22 -18 29 -24
right_child=2 5 4 9 8 -7 -8 -9 -10 12 11 25 13 14 24 -17 27 19 -20 -21 21 -23 28 -25 -26 -27 -28 -29 -30 -31
leaf_value=-0.001420437790811674 -0.0027060127455738828 -0.0014688123601042215 0.00044944590387701049 0.0004528203254927643 0.0065981352364580699 -0.0022230383037333658 0.0057555676892177225 -0.0015165650672920639 0.0019270511257402313 0.0021971550996179312 0.00012467275787935163 -0.059307484436897775 -0.0022665775944402779 -0.0038997854560347215 -0.0011320966584463133 -0.011560886496011483 2.4244581647669963e-05 -0.00092325327800825148 0.013069396483363471 -0.0065165713826384588 -7.0135805648896546e-05 -0.001363782575351158 0.0049849095292161527 0.00038711318991553335 0.0011201527326978988 0.018748460825008497 -0.0047204804723494755 -0.012127534137227692 0.0063528393985267332 -0.069791345499926577
leaf_weight=3935 222 2670 18400 6159 2406 2064 1304 2559 3098 5132 30745 594 1843 3776 6062 594 19673 4190 648 2365 562 5476 208 6973 13745 49 2753 1130 4475 178
leaf_count=3935 222 2670 18400 6159 2406 2064 1304 2559 3098 5132 30745 594 1843 3776 6062 594 19673 4190 648 2365 562 5476 208 6973 13745 49 2753 1130 4475 178
internal_value=-0.000915656 -0.015261 0.000212595 -0.000230962 0.00228102 -0.0090621 0.00127385 -0.0197798 0.00588663 -0.000187931 0.000713141 3.18593e-06 -0.000697966 -0.00130902 -0.000747643 -0.00359585 0.000455948 -0.00290184 0.00105379 -0.00440503 -0.00241044 -0.004241 0.00273593 -0.000908542 0.000892361 -0.0111586 -0.00782051 -0.000299092 0.00517898 -0.00427461
internal_weight=153988 11228 142760 117552 25208 4734 19704 6494 5504 117330 42408 31388 74922 48987 39347 9640 25935 9046 2491 6555 19540 8791 11020 10749 19807 643 3315 20803 4861 386
internal_count=153988 11228 142760 117552 25208 4734 19704 6494 5504 117330 42408 31388 74922 48987 39347 9640 25935 9046 2491 6555 19540 8791 11020 10749 19807 643 3315 20803 4861 386
cat_boundaries=0 1 2 3 4 5 6 7 8 9
cat_threshold=65 20805 1 514 33280 56 2 1 1
is_linear=0
shrinkage=0.05


Tree=97
num_leaves=31
num_cat=8
split_feature=17 18 19 11 17 18 19 15 3 1 0 0 4 18 3 3 0 20 20 10 0 3 0 19 17 0 3 18 3 0
split_gain=986.355 140.369 66.1388 57.486 32.2865 29.7704 26.603 24.964 22.4306 20.6084 20.026 19.6373 18.6078 22.4079 19.5618 17.7978 24.172 26.4241 17.1083 16.5955 15.209 13.6939 37.6186 14.0266 13.3967 13.1894 26.8546 23.7763 19.3307 44.6965
threshold=0.79473535973314147 0.14418139414464085 0.6933121904001478 6.525102966252069 7.5687664974793156 0.20318389976382753 2.7509030334285378 0.82830221659600056 4.5000000000000009 0 1 2 1.5000000000000002 1.9813939450859666 1.0000000180025095e-35 1.0000000180025095e-35 3 0.85180327947010093 0.30463687343129203 6.6555046962914224 4 4.5000000000000009 5 5.9412727039414435 0.74879815593132204 6 3.5000000000000004 0.70524132303200637 2.5000000000000004 7
decision_type=8 10 8 10 8 10 10 10 2 1 1 1 2 8 2 2 1 10 8 8 1 2 1 10 10 1 2 10 2 1
left_child=1 9 -2 6 8 -3 7 10 19 -1 -4 -7 -8 15 -15 16 17 -14 -12 -5 -21 25 -23 -24 -11 26 -17 -28 29 -27
right_child=2 5 3 4 -6 11 12 -9 -10 24 18 -13 13 14 -16 21 -18 -19 -20 20 -22 22 23 -25 -26 28 27 -29 -30 -31
leaf_value=-0.0013494159012710895 -0.0025707121082951868 -0.001385447744816465 -0.0033113676267467864 -0.00122767421797656 0.010932263844889656 -0.0061770316431804312 0.0017624223605295477 -0.00045126372178382339 0.0034350721381834373 -0.0013494159012710895 -0.005975138645349376 -0.00082781661138005009 0.0037430520818047433 -0.039323656597658935 0.0096568991598850358 -0.00067093625603644738 -4.0689393218951157e-05 -0.072815177429957467 0.0027149382700352612 0.0011583105275713601 0.0066029309823879339 0.0019706994946271151 -0.00036190321266134086 -0.0039173088922921373 0.0023674372215886728 -0.0082431639096610786 -0.0023359626877250128 -0.024885520310086531 0.00044137659221039628 -0.00036517645199897198
leaf_weight=3183 379 2543 4924 2656 531 795 7524 26982 3564 3300 227 1367 3943 269 2677 8542 6075 175 1915 11016 740 9221 9837 1245 44 1686 2116 368 19249 17006
leaf_count=3183 379 2543 4924 2656 531 795 7524 26982 3564 3300 227 1367 3943 269 2677 8542 6075 175 1915 11016 740 9221 9837 1245 44 1686 2116 368 19249 17006
internal_value=-0.000908669 -0.0151754 0.00021296 0.000268444 0.00286783 -0.00859192 -0.000119575 -0.00130992 0.0025089 -0.0199211 -0.00395556 -0.00427845 0.00033108 0.000113762 0.00439579 -4.49895e-05 0.00190572 0.00485707 9.29368e-05 0.00163059 0.00243705 -0.000332034 0.00075974 -0.00120357 -0.01718 -0.000784712 -0.00230609 -0.00688406 -0.000341888 -0.00148727
internal_weight=154099 11232 142867 142488 18507 4705 123981 34048 17976 6527 7066 2162 89933 82409 2946 79463 10193 4118 2142 14412 11756 69270 20303 11082 3344 48967 11026 2484 37941 18692
internal_count=154099 11232 142867 142488 18507 4705 123981 34048 17976 6527 7066 2162 89933 82409 2946 79463 10193 4118 2142 14412 11756 69270 20303 11082 3344 48967 11026 2484 37941 18692
cat_boundaries=0 1 2 3 4 5 6 7 8
cat_threshold=4 342 80 62624 16577 16613 8416 264
is_linear=0
shrinkage=0.05


Tree=98
num_leaves=31
num_cat=7
split_feature=19 18 15 10 16 19 18 14 20 15 0 2 18 0 1 0 6 11 19 3 12 0 0 0 3 3 20 20 18 19
split_gain=929.307 146.187 102.844 50.3085 27.1922 25.9928 22.2275 21.9472 21.8328 19.5026 18.5688 16.1041 14.3599 37.7199 27.4323 24.923 13.7777 12.9702 12.9129 12.2865 12.9021 14.7815 11.9448 11.8577 11.3818 21.1602 12.316 10.9375 13.1359 10.4553
threshold=0.76378503353574334 0.14418139414464085 0.82830221659600056 7.2074894297125427 0.046145997888446519 4.1525332578253762 0.25645809834961225 7.1134677355502491 0.21483218448966998 7.6149357263390618 0 2.5000000000000004 1.2301601052171762 1 2 3 1.0000000180025095e-35 7.3527615103795085 0.6933121904001478 4.5000000000000009 4.8831805670573258 4 5 6 4.5000000000000009 3.5000000000000004 1.1664923117169399 0.15782707927827186 0.18394567752880589 4.4359327727882683
decision_type=8 10 8 10 10 10 8 8 10 8 1 2 8 1 1 1 2 10 10 2 8 1 1 1 2 2 10 10 10 10
left_child=1 18 4 5 -2 12 16 19 -3 11 -10 -5 -4 -14 15 -15 17 29 -1 -8 -21 -22 -16 -18 25 -24 -27 -6 -29 -7
right_child=2 8 3 9 27 6 7 -9 10 -11 -12 -13 13 14 22 -17 23 -19 -20 20 21 -23 24 -25 -26 26 -28 28 -30 -31
leaf_value=-0.0012819451062075328 -0.0014294620660287084 -0.0012629593779203696 -0.00022825604089565799 0.0038457893539562528 0.0019810750762490337 0.0013258882002834761 7.7019033078218335e-05 0.0029727479073404783 -0.013832801236769932 0.0093665065944176455 -0.0014115422771437958 6.6456532040293226e-05 -0.012476050114589354 -0.055648599275431455 0.045553318205364707 0.0051182334828608457 -0.0046850875564995679 0.0038535608398194924 -0.0012836915898391589 -0.0018243678193811343 0.00059476554314370495 0.0063476995652126389 0.00018637930162983542 -0.00054909648596046523 0.010375276727719651 -0.0085079626448669506 -0.047253670761258727 -0.0014809203225657321 -0.0014114464565706643 -3.5558415850456274e-06
leaf_weight=4224 1099 1657 65780 2829 145 3911 14278 10853 230 501 1603 1535 896 307 130 178 564 769 1868 813 1231 1618 2180 10771 1015 287 175 787 2054 19796
leaf_count=4224 1099 1657 65780 2829 145 3911 14278 10853 230 501 1603 1535 896 307 130 178 564 769 1868 813 1231 1618 2180 10771 1015 287 175 787 2054 19796
internal_value=-0.000945588 -0.0160248 5.43245e-05 0.000281839 -0.00776622 0.000102544 0.000828122 0.00186243 -0.00786533 0.00527749 -0.00410529 0.00420486 -0.000558155 -0.00309598 -0.00112097 -0.0123196 -3.49055e-06 0.000663916 -0.0206993 0.00078874 0.00337247 0.00495788 0.000310272 -0.00144464 -0.000238615 -0.00196821 -0.0116883 -0.00529136 -0.00597501 0.000456616
internal_weight=154084 9582 144502 140417 4085 135552 64604 28793 3490 4865 1833 4364 70948 5168 4272 485 35811 24476 6092 17940 3662 2849 3787 11335 3657 2642 462 2986 2841 23707
internal_count=154084 9582 144502 140417 4085 135552 64604 28793 3490 4865 1833 4364 70948 5168 4272 485 35811 24476 6092 17940 3662 2849 3787 11335 3657 2642 462 2986 2841 23707
cat_boundaries=0 1 2 3 4 5 6 7
cat_threshold=64 534 2 352 50688 17409 32768
is_linear=0
shrinkage=0.05


Tree=99
num_leaves=31
num_cat=1
split_feature=17 18 19 11 18 19 17 1 15 3 5 4 3 18 3 17 12 17 19 3 18 17 12 4 21 20 8 4 21 19
split_gain=953.616 142.036 67.6148 51.466 32.5246 26.2812 25.772 22.9018 22.0918 18.8683 18.4603 19.4206 16.2601 16.1341 16.9771 16.0006 15.1119 13.1926 13.0348 11.6996 18.9294 13.8911 12.3584 11.6071 15.8118 15.5151 25.7661 21.9027 13.944 13.2569
threshold=0.79473535973314147 0.14418139414464085 0.6933121904001478 6.7528541473697619 0.20318389976382753 2.7509030334285378 7.5687664974793156 0 0.82830221659600056 4.5000000000000009 1.0000000180025095e-35 1.5000000000000002 1.0000000180025095e-35 1.9813939450859666 1.0000000180025095e-35 0.4751718843447002 3.9899091162083553 0.74879815593132204 6.3620522238071855 1.5000000000000002 0.80792410518870539 1.0912323333562595 1.1150072000796054 7.5000000000000009 8.1622300485615504 0.22702364828498486 6.5000000000000009 4.5000000000000009 5.9952067579627961 2.9139397754017575
decision_type=8 10 8 10 10 10 8 1 10 2 2 2 2 8 2 10 10 10 10 2 10 10 10 2 10 10 2 2 8 10
left_child=1 7 -2 5 -3 8 9 -1 16 12 11 -7 -5 23 18 -6 -4 -9 -15 20 -10 -21 -23 24 25 27 -27 -13 -25 -29
right_child=2 4 3 6 15 10 -8 17 19 -11 -12 13 -14 14 -16 -17 -18 -19 -20 21 -22 22 -24 28 -26 26 -28 29 -30 -31
leaf_value=-0.0012178478508971581 -0.002378079247570053 -0.0012807518802079977 -0.0027980257585454556 0.0037190088859242691 -0.0098675043876409411 0.0022827721505874533 0.010986981836362465 -0.0012178478508971581 -0.0013283414801202875 0.0035114015609682748 -0.00099485025731347329 0.00023427321602512708 0.00049695967410141601 -0.059003012875503559 0.0093805109259998531 -0.0012484659342325512 0.049736577520321706 0.0021763761968555009 0.021876728892550282 0.0010580405814980931 -0.028634307390601382 -0.0019179988794410631 0.00021557738308493058 -0.0060704448958771142 -0.0042413463865672131 0.0002542389068926898 0.0059974908240756804 0.0036659569837226738 0.0006420859386795819 -0.0016285132452442009
leaf_weight=3187 396 2612 7034 2266 209 6091 479 3318 7099 2618 11871 7218 9194 203 2463 1916 76 46 28 6168 170 5389 8083 287 878 24195 712 192 32429 7343
leaf_count=3187 396 2612 7034 2266 209 6091 479 3318 7099 2618 11871 7218 9194 203 2463 1916 76 46 28 6168 170 5389 8083 287 878 24195 712 192 32429 7343
internal_value=-0.000927872 -0.0149185 0.000177419 0.00023476 -0.00832278 -8.57898e-05 0.0030518 -0.0196878 -0.00127649 0.00266373 0.000345544 0.000612209 0.00178883 0.000394349 0.00419451 -0.00372941 -0.00375527 -0.0168103 -0.00876623 -0.000621539 -0.00233526 1.27291e-05 -0.000887025 0.000254594 -0.000310819 -0.000163893 0.000597222 -0.00144886 0.00095519 -0.00333444
internal_weight=154170 11288 142882 142486 4737 127929 14557 6551 34019 14078 93910 82039 11460 75948 2694 2125 7110 3364 231 26909 7269 19640 13472 73254 40538 39660 24907 14753 32716 7535
internal_count=154170 11288 142882 142486 4737 127929 14557 6551 34019 14078 93910 82039 11460 75948 2694 2125 7110 3364 231 26909 7269 19640 13472 73254 40538 39660 24907 14753 32716 7535
cat_boundaries=0 1
cat_threshold=4
is_linear=0
shrinkage=0.05


Tree=100
num_leaves=31
num_cat=7
split_feature=17 18 19 19 18 19 18 0 1 0 3 19 10 14 18 0 0 22 3 10 19 18 10 19 15 3 0 3 9 0
split_gain=956.304 146.201 66.7801 45.3792 31.3117 23.3834 23.5844 28.5792 22.3675 22.9272 22.0928 21.0707 18.9709 18.1128 17.4605 16.8285 16.0189 15.131 15.1292 13.1696 11.8204 16.1466 11.8058 19.2252 17.1223 11.3134 23.2454 16.5332 24.0751 15.7311
threshold=0.79473535973314147 0.14418139414464085 0.6933121904001478 7.1487814473606361 0.20318389976382753 2.7509030334285378 0.70524132303200637 0 1 2 3.5000000000000004 0.72017818776715636 7.4546620756443929 6.9158226451399232 0.25780262949036831 3 4 7.6386229451998195 1.5000000000000002 2.2975599250672958 6.1524324261977137 1.1541312959691543 2.6426160634996907 2.5254725953144042 2.6069423984182647 4.5000000000000009 5 1.0000000180025095e-35 1.0000000180025095e-35 6
decision_type=8 10 8 10 10 10 8 1 1 1 2 10 8 8 8 1 1 10 2 10 10 8 10 10 8 2 1 2 2 1
left_child=1 11 -2 5 -3 6 22 19 9 -9 12 -1 -5 25 -15 -12 -6 18 -10 -8 -16 -22 23 -4 -25 27 -27 28 -7 -29
right_child=2 4 3 10 16 13 7 8 17 -11 15 -13 -14 14 20 -17 -18 -19 -20 -21 21 -23 -24 24 -26 26 -28 29 -30 -31
leaf_value=-0.0011569554583522989 -0.0022591752851915505 -0.0011588958078504574 -0.00036328502151850576 -0.00091976792194521379 -0.0097401628462863848 -0.0001238418158107879 -0.012034528241577875 0.060026209269905539 -0.036342843385245571 -0.00038132920917193229 0.0086454536524171351 -0.0011308612842886978 0.0036389444434288933 0.00010665444824620174 0.0015314515476972379 0.0030824697389706837 -0.0012213418955095618 0.029094590215166072 -0.0061277849948522369 0.013739647396774447 0.0018897456085871902 0.010781288240153765 0.0030393963516067049 -0.013886559318027403 -0.0018684318977755243 0.0018434104728918821 -0.00039833788462664279 0.00015234342064085471 0.0026713483262445162 -0.0010456372597065445
leaf_weight=4736 398 2538 27690 1640 254 5588 1728 271 331 666 748 1804 2136 17506 9798 1337 1942 92 1335 135 6034 807 867 419 580 7186 9380 17442 2369 26254
leaf_count=4736 398 2538 27690 1640 254 5588 1728 271 331 666 748 1804 2136 17506 9798 1337 1942 92 1335 135 6034 807 867 419 580 7186 9380 17442 2369 26254
internal_value=-0.00100658 -0.0150257 0.00010071 0.000157898 -0.00833333 -2.71106e-05 -0.00116081 -0.00450856 -0.00119224 0.00504269 0.00446596 -0.01987 0.00218485 0.000350709 0.00129082 0.00859712 -0.00396175 -0.00452218 -0.00561224 -0.00924987 0.00245057 0.00404546 -0.000644539 -0.000818258 -0.00763263 -0.000119835 0.00101714 -0.000484483 0.00161179 -0.000866212
internal_weight=154011 11274 142737 142339 4734 136478 34114 4558 2695 937 5861 6540 3776 102364 34145 2085 2196 1758 1666 1863 16639 6841 29556 28689 999 68219 16566 51653 7957 43696
internal_count=154011 11274 142737 142339 4734 136478 34114 4558 2695 937 5861 6540 3776 102364 34145 2085 2196 1758 1666 1863 16639 6841 29556 28689 999 68219 16566 51653 7957 43696
cat_boundaries=0 1 2 3 4 5 6 7
cat_threshold=598 1 1312 1 64 16485 4933
is_linear=0
shrinkage=0.05


Tree=101
num_leaves=31
num_cat=0
split_feature=17 18 19 11 18 10 5 19 17 4 19 10 10 4 19 10 17 2 18 15 18 19 17 18 18 11 13 5 19 10
split_gain=988.941 137.508 61.9447 40.8625 27.9132 23.4937 23.0053 20.666 23.0348 21.1011 19.3088 16.3136 14.9578 13.9737 13.7201 20.1975 17.1397 13.575 13.3956 13.2645 12.9507 11.4205 11.3877 10.8343 10.641 10.3544 9.82122 9.10544 8.94622 14.4716
threshold=0.78217582516746165 0.14418139414464085 0.6933121904001478 6.4863893952118836 0.20318389976382753 7.4852109456602092 1.0000000180025095e-35 2.7509030334285378 0.8553453582061773 1.5000000000000002 0.6933121904001478 6.9363913243380484 4.257737858700863 9.5000000000000018 2.5254725953144042 2.3075602584206303 2.6682319366128362 1.5000000000000002 0.10112513943210157 0.53815394315432463 1.9813939450859666 6.0081346980477139 0.78217582516746165 0.38298235052410085 0.64138108983628761 7.3527615103795085 3.4980204219247493 1.0000000180025095e-35 2.9139397754017575 3.3339870432574523
decision_type=8 10 8 10 10 10 2 10 10 2 10 8 10 2 10 10 10 2 8 10 8 10 10 8 8 10 10 2 10 8
left_child=1 10 22 6 -3 11 7 8 12 -9 -1 27 18 -8 15 24 -16 25 -4 -6 28 -22 -2 -19 -10 -13 -20 -5 -11 -30
right_child=2 4 3 5 19 -7 13 9 14 20 -12 17 -14 -15 16 -17 -18 23 26 -21 21 -23 -24 -25 -26 -27 -28 -29 29 -31
leaf_value=-0.001099107685434686 -0.0021462165209319706 -0.0010731437220368957 0.0051235249977796635 0.00038858977731246472 -0.008099618620409782 0.0077594472570717173 -0.00070184155832152262 0.0024577686954123656 -8.6323833259105426e-05 0.0014973768187522829 -0.0011007668448847264 0.0022968873488482533 0.031845288295326117 -0.0029049816654884045 -0.0094647390435937742 0.0036613064832104803 -0.00013080955104693981 0.00081693230193691235 -0.0020245401948605804 -0.0009136910391511849 0.0036226789154436556 0.012352440293944601 0.00088570561681328153 0.0050354937569949245 -0.0074607529016422871 0.0063326322813909821 0.051172777842429032 -0.0027062536297587148 -0.0014456829367793357 0.00021677676626050691
leaf_weight=3935 357 1956 74 6133 487 686 12012 5799 20536 2238 2660 2962 104 4410 660 1320 837 6715 5361 1540 1949 660 53 923 1102 695 46 799 6617 60559
leaf_count=3935 357 1956 74 6133 487 686 12012 5799 20536 2238 2660 2962 104 4410 660 1320 837 6715 5361 1540 1949 660 53 923 1102 695 46 799 6617 60559
internal_value=-0.000948049 -0.0157024 0.000138747 0.000194313 -0.00836681 0.00235949 -0.000135174 0.000130259 -0.000983688 0.000560253 -0.0201327 0.00201761 -0.00388093 -0.00187858 -0.00032202 -1.9601e-05 -0.00495992 0.00318946 -0.00423737 -0.00425506 0.000326632 0.00378498 -0.0192683 0.00199005 -0.000385895 0.00569456 -0.00452654 0.000108194 0.000196646 9.30392e-05
internal_weight=154185 10578 143607 143197 3983 18913 124284 107862 30040 77822 6595 18227 5585 16422 24455 22958 1497 11295 5481 2027 72023 2609 410 7638 21638 3657 5407 6932 69414 67176
internal_count=154185 10578 143607 143197 3983 18913 124284 107862 30040 77822 6595 18227 5585 16422 24455 22958 1497 11295 5481 2027 72023 2609 410 7638 21638 3657 5407 6932 69414 67176
is_linear=0
shrinkage=0.05


Tree=102
num_leaves=31
num_cat=8
split_feature=17 20 19 11 16 3 5 19 4 4 0 19 0 1 20 14 3 0 0 4 3 0 0 3 3 3 16 0 15 20
split_gain=951.481 128.092 61.9249 39.2279 37.224 23.3609 20.7961 20.5977 17.2554 28.2832 24.6668 40.1683 20.3505 20.0394 16.6504 16.5191 15.508 52.5785 22.6017 15.0029 15.2106 56.9413 18.4899 32.0935 28.4145 31.6703 17.2365 15.6318 15.5047 14.5176
threshold=0.79473535973314147 0.11068561392174879 0.6933121904001478 7.3527615103795085 0.184541340893599 5.5000000000000009 1.0000000180025095e-35 4.0547146447304216 7.5000000000000009 4.5000000000000009 0 3.1896877399293557 1 2 0.45961541742143441 7.2796635441494049 4.5000000000000009 3 4 1.5000000000000002 1.0000000180025095e-35 5 6 2.5000000000000004 2.5000000000000004 1.5000000000000002 0.86352270823626776 7 4.6468619874685126 0.21483218448966998
decision_type=8 10 8 10 10 2 2 10 2 2 1 8 1 1 10 8 2 1 1 2 2 1 1 2 2 2 10 1 8 10
left_child=1 -1 -2 6 5 -3 7 8 9 -4 11 -10 13 -11 -13 -5 18 -18 -9 -20 21 28 24 -24 25 -22 -27 -26 -21 -6
right_child=2 4 3 15 29 -7 -8 16 10 12 -12 14 -14 -15 -16 -17 17 -19 19 20 22 -23 23 -25 27 26 -28 -29 -30 -31
leaf_value=-0.001044152301162954 -0.0020389056948853733 -0.0010439240846460307 0.00014639512564346147 0.0010116933036780739 -0.0013811011506052462 -0.0019563943976014021 -0.0010102970876928908 0.0036474117870630264 -0.00018152284079353542 0.050304378755755774 0.00092179338405710693 -0.0062680175124047782 -0.0013618043527549141 -0.0073176577158640902 -0.018783086025102015 0.0057092769265096877 0.0033775751762586295 -0.00072566489983061366 0.0022137876802255543 0.00031587382770421614 -0.0015946413026046271 -0.0014366699219062751 -0.00095876947094106777 0.0016002312665283737 -0.0067195933912904907 0.0015351165426001679 0.056959112656425018 -0.0017832591383867614 0.00539265352475371 -0.0017868882636111667
leaf_weight=4365 391 3476 18262 1237 994 681 18123 2688 7389 65 17510 857 15323 801 219 1737 8001 6431 3251 823 3813 3980 8729 9369 1044 3823 179 6290 2685 1732
leaf_count=4365 391 3476 18262 1237 994 681 18123 2688 7389 65 17510 857 15323 801 219 1737 8001 6431 3251 823 3813 3980 8729 9369 1044 3823 179 6290 2685 1732
internal_value=-0.000987243 -0.0149893 0.00011397 0.000168444 -0.0107402 -0.0137178 4.74383e-05 0.000283053 -0.000371529 -0.00110519 0.00060154 -0.00161357 -0.00262678 -0.0100457 -0.0106413 0.00585071 0.000930351 0.0023628 0.000487423 0.000214792 -4.60292e-05 0.00198985 -0.000504557 0.000574332 -0.00179266 0.000303903 0.00341079 -0.00402918 0.00662308 -0.00619956
internal_weight=154268 11248 143020 142629 6883 4157 139655 121532 60426 34451 25975 8465 16189 866 1076 2974 61106 14432 46674 43986 40735 7488 33247 18098 15149 7815 4002 7334 3508 2726
internal_count=154268 11248 143020 142629 6883 4157 139655 121532 60426 34451 25975 8465 16189 866 1076 2974 61106 14432 46674 43986 40735 7488 33247 18098 15149 7815 4002 7334 3508 2726
cat_boundaries=0 1 2 3 4 5 6 7 8
cat_threshold=8978 384 1 16489 1280 61472 57380 32
is_linear=0
shrinkage=0.05


Tree=103
num_leaves=31
num_cat=6
split_feature=17 20 19 10 16 11 20 20 0 8 10 4 11 5 4 0 0 19 19 4 0 20 22 10 20 4 0 22 19 0
split_gain=949.232 125.415 66.6298 41.3114 41.1061 22.4767 24.2065 14.8433 33.3293 14.706 14.2667 13.7181 12.2746 10.0664 16.2382 63.0786 35.6266 30.9509 28.3056 16.6452 22.7027 15.1649 12.0927 13.0984 11.4228 10.6437 11.3725 10.3282 11.4801 10.7499
threshold=0.79473535973314147 0.11068561392174879 0.6933121904001478 7.3674875639408812 0.20273255405408239 5.4385139026054903 0.37280796857852355 0.080481462141805085 0 6.5000000000000009 0.71754226264466137 1.5000000000000002 7.1399774439508148 1.0000000180025095e-35 7.5000000000000009 1 2 1.8819577763254383 3.1896877399293557 3.5000000000000004 3 0.36065681919837783 8.1974485090383009 4.4641823269688263 0.15611733382794102 10.500000000000002 4 8.8216343874678422 4.1908538795792447 5
decision_type=8 10 8 10 10 10 8 10 1 2 10 2 10 2 2 1 1 10 10 2 1 10 10 8 10 2 1 8 10 1
left_child=1 -1 -2 5 10 7 -7 8 -4 -6 -3 -9 -5 14 16 18 17 -13 -16 -18 -21 -20 23 -19 -25 -15 -27 29 -29 -22
right_child=2 4 3 12 9 6 -8 11 -10 -11 -12 13 -14 25 15 -17 19 22 21 20 27 -23 -24 24 -26 26 -28 28 -30 -31
leaf_value=-0.00099194468610480646 -0.0019369604101411031 -0.0010844114361361124 -0.012338310237954975 0.0023568183549266489 -0.001965855211822565 0.00033816201334577748 0.0034664979457202706 0.0011243195577257171 0.0010028841515868027 0.0010321738412991056 -0.0009164794851140468 -0.0018703829690658203 0.0065023972418099436 -0.00082173678822993206 -0.00059629547035812695 0.00070009799717398737 0.00018062195129970872 0.002687566171788214 -0.0031311151985862207 -0.00040755104830750847 -0.0044813904138535253 -0.010918747047752154 -0.0074068925670539359 -0.0018271633635450258 0.010069353512615687 -0.00017524782871797262 -0.01065844747875232 -0.0043099428531517383 0.0020294674607923115 -0.0021123542584576163
leaf_weight=4377 393 4242 971 1627 1377 22172 5698 8958 1580 769 511 1137 1028 11510 1080 36755 14445 720 653 18369 605 784 88 69 1013 441 620 759 1188 10007
leaf_count=4377 393 4242 971 1627 1377 22172 5698 8958 1580 769 511 1137 1028 11510 1080 36755 14445 720 653 18369 605 784 88 69 1013 441 620 759 1188 10007
internal_value=-0.000964299 -0.0149299 0.000139483 0.000196272 -0.0107298 7.87841e-05 0.00134912 -0.000238027 -0.00400823 -0.00498602 -0.0133232 -0.000149953 0.00637476 -0.000317479 -0.000127749 0.000627674 -0.000740702 0.0045028 -0.00701425 -0.00109127 -0.00174599 -0.0116388 0.00843915 0.00932297 0.0128004 -0.00164068 -0.00643261 -0.00338332 -3.85208e-05 -0.00400019
internal_weight=153946 11276 142670 142277 6899 139622 27870 111752 2551 2146 4753 109201 2655 100243 87672 39272 48400 3027 2517 45373 30928 1437 1890 1802 1082 12571 1061 12559 1947 10612
internal_count=153946 11276 142670 142277 6899 139622 27870 111752 2551 2146 4753 109201 2655 100243 87672 39272 48400 3027 2517 45373 30928 1437 1890 1802 1082 12571 1061 12559 1947 10612
cat_boundaries=0 1 2 3 4 5 6
cat_threshold=598 512 512 16701 62610 128
is_linear=0
shrinkage=0.05


Tree=104
num_leaves=31
num_cat=7
split_feature=17 18 19 10 18 11 19 18 0 19 18 0 10 1 0 0 19 22 17 4 2 15 17 17 15 19 0 4 0 4
split_gain=956.017 154.385 62.6413 36.3003 35.674 21.6017 19.2058 17.0603 14.6113 14.1868 24.004 28.7303 15.6997 12.3811 22.529 15.1811 12.3091 12.1148 11.2938 10.8192 9.66468 9.69698 9.44992 10.9638 10.0692 11.0676 10.8806 9.3013 17.2847 10.1152
threshold=0.79473535973314147 0.14418139414464085 0.6933121904001478 7.3674875639408812 0.20318389976382753 5.4640436245585393 0.6933121904001478 0.32747959054366332 0 1.7207115426956598 0.48477106054876878 1 2.1916379270371573 2 3 4 0.85334004793109941 7.484054643526413 0.74879815593132204 5.5000000000000009 2.5000000000000004 7.6149357263390618 0.91349761680848707 1.1118205962643211 1.2426205730334428 1.4482443527867719 5 2.5000000000000004 6 7.5000000000000009
decision_type=8 10 8 10 10 10 10 8 1 10 8 1 10 1 1 1 10 10 10 2 2 8 10 10 8 10 1 2 1 2
left_child=1 6 -2 5 -3 9 -1 -7 -6 10 17 12 16 14 -13 -15 -12 22 -8 -16 -5 -22 -4 -24 26 -26 -25 28 -11 -29
right_child=2 4 3 20 8 7 18 -9 -10 27 11 13 -14 15 19 -17 -18 -19 -20 -21 21 -23 23 24 25 -27 -28 29 -30 -31
leaf_value=-0.00094234745179956343 -0.0018401123896340467 -0.00096562238885986311 -0.00094166467406112402 0.0049886136442795605 -0.0086014827672671098 0.00032125391267847638 -0.00094392365327710119 0.0027195153271546871 -0.00090765066429082946 0.0018154266791430729 -0.011721394726057228 0.056782888416338079 0.018992459351298754 -0.023782105841918613 0.011028907473847738 0.0036882731987363474 -0.0057994496667948875 -0.0021782982132334677 0.0021572741672748921 -0.010111233759480443 -0.00029150525203986978 0.0081013485301867812 0.0011510531744930996 -0.0026330932804269017 0.0026493800298599381 -0.0017691133336936839 5.0046105408385615e-05 -0.0005273081083150055 -0.00030981422365932158 0.00020540115626753732
leaf_weight=3893 405 2528 3626 1668 255 20976 2641 6650 1914 7071 1005 253 152 595 232 530 1296 3346 48 307 786 182 5385 1264 2623 1910 1300 36569 7845 36890
leaf_count=3893 405 2528 3626 1668 255 20976 2641 6650 1914 7071 1005 253 152 595 232 530 1296 3346 48 307 786 182 5385 1264 2623 1910 1300 36569 7845 36890
internal_value=-0.00103815 -0.0150523 6.82458e-05 0.000124069 -0.00812753 1.44824e-05 -0.0199939 0.00126692 -0.00342324 -0.000293897 -0.00137676 -0.0047254 -0.00829273 -0.000116762 0.00467172 -0.00348889 -0.00935463 -0.00062455 -0.0167441 -0.00122951 0.00593703 0.00196281 -5.58729e-05 0.000596859 -0.000693955 0.00072248 -0.00319813 -1.9802e-06 0.00113636 -0.000233123
internal_weight=154145 11279 142866 142461 4697 139825 6582 27626 2169 112199 23824 4370 2453 1917 792 1125 2301 19454 2689 539 2636 968 16108 12482 7097 4533 2564 88375 14916 73459
internal_count=154145 11279 142866 142461 4697 139825 6582 27626 2169 112199 23824 4370 2453 1917 792 1125 2301 19454 2689 539 2636 968 16108 12482 7097 4533 2564 88375 14916 73459
cat_boundaries=0 1 2 3 4 5 6 7
cat_threshold=64 598 1 17792 256 20 54992
is_linear=0
shrinkage=0.05


Tree=105
num_leaves=31
num_cat=9
split_feature=19 18 15 11 18 20 10 5 18 12 0 19 0 20 1 1 4 0 22 0 8 15 4 1 4 4 4 0 20 0
split_gain=878.786 157.623 87.6371 31.9202 25.6856 24.3163 23.0447 21.4445 20.3864 19.2665 15.9623 15.4663 19.4923 15.2909 14.4946 14.4917 13.2426 17.8759 12.3144 11.5001 15.3585 11.4237 11.0281 12.1581 11.5849 10.9175 26.3173 30.2024 22.022 18.293
threshold=0.76378503353574334 0.14418139414464085 0.82830221659600056 7.3527615103795085 0.18394567752880589 0.14900358130893801 7.4546620756443929 1.0000000180025095e-35 0.20318389976382753 4.3234699656344455 0 0.83968479185746858 1 0.29404010077734721 2 3 10.500000000000002 4 6.6975698537492176 5 4.5000000000000009 0.53815394315432463 2.5000000000000004 6 10.500000000000002 3.5000000000000004 7.5000000000000009 7 0.53016627076389 8
decision_type=8 10 8 10 10 10 8 2 10 10 1 10 1 8 1 1 2 1 8 1 2 10 2 1 2 2 2 1 10 1
left_child=1 15 4 7 5 -2 -5 9 -3 11 21 12 -4 22 -14 -1 -9 -18 -15 -16 -21 -10 23 -11 -24 -13 29 28 -28 -27
right_child=2 8 3 6 -6 -7 -8 16 10 13 -12 25 14 18 19 -17 17 -19 -20 20 -22 -23 24 -25 -26 26 27 -29 -30 -31
leaf_value=-0.00089523007920958584 0.0019211290566755357 -0.00084089828793094685 0.0090484727533271421 0.00027954218854631119 -0.0010722651575636401 -0.00097570615785597678 0.006427246641612339 -0.00081192858359382394 -0.0077152223668288146 0.0031833132362937724 -0.00034137251713442507 0.00065489375030040051 -0.010772738008499939 0.0049830003806321747 0.0019441924945278939 -0.00089523007920958584 -0.013214719599709879 -0.00017614800219711846 0.001590858798370276 -0.0053931620288561301 -0.00045745321937638584 -0.0029259483730641467 -0.0003268485604198013 0.00055459696566977361 0.0015001378238659324 -0.0021246421136631444 -0.0014868485220200568 0.00062586026979052358 -0.011007003252253657 -0.00029611063836549879
leaf_weight=3168 132 1491 656 1308 2441 1562 1639 16333 270 1332 1251 18210 795 1946 884 2880 661 589 13206 550 557 500 15851 3101 3576 9043 1506 30779 511 17290
leaf_count=3168 132 1491 656 1308 2441 1562 1639 16333 270 1332 1251 18210 795 1946 884 2880 661 589 13206 550 557 500 15851 3101 3576 9043 1506 30779 511 17290
internal_value=-0.000961901 -0.0156433 9.6914e-06 0.000221097 -0.00716445 -0.0118949 0.00536987 0.000110645 -0.00721811 0.000349979 -0.00394607 -9.06773e-05 -0.00337013 0.00126243 -0.00518598 -0.0205357 -0.00151993 -0.00648 0.00250462 -0.00292567 -0.00628917 -0.00955128 0.000473596 0.00272389 -3.98929e-05 5.52761e-05 -0.0002744 0.000670814 -0.00524174 -0.0014516
internal_weight=154018 9560 144458 140323 4135 1694 2947 137376 3512 119793 2021 80781 3442 39012 2786 6048 17583 1250 15152 1991 1107 770 23860 4433 19427 77339 59129 32796 2017 26333
internal_count=154018 9560 144458 140323 4135 1694 2947 137376 3512 119793 2021 80781 3442 39012 2786 6048 17583 1250 15152 1991 1107 770 23860 4433 19427 77339 59129 32796 2017 26333
cat_boundaries=0 1 2 3 4 5 6 7 8 9
cat_threshold=80 23721 4 4 621 8976 1 512 40130
is_linear=0
shrinkage=0.05


Tree=106
num_leaves=31
num_cat=9
split_feature=17 20 19 16 11 10 3 3 0 0 3 19 3 0 20 3 0 3 0 0 3 16 16 0 0 10 17 16 20 0
split_gain=947.943 129.288 61.1256 42.0442 28.8115 24.0842 19.4749 15.8223 53.5671 24.1191 29.7847 50.0098 19.8072 27.3565 17.6078 17.3697 52.8012 28.0678 53.354 48.1869 115.335 26.659 23.688 22.2573 21.1011 20.0484 18.1865 17.361 16.033 15.7239
threshold=0.79473535973314147 0.12081960939788845 0.6933121904001478 0.19784671429042153 7.3527615103795085 7.5227516492373985 5.5000000000000009 4.5000000000000009 0 1 3.5000000000000004 3.3772541990606237 5.5000000000000009 2 2.2443719298359626 1.0000000180025095e-35 3 2.5000000000000004 4 5 3.5000000000000004 0.609160287175319 0.30411669748041925 6 7 6.8681304720210319 6.1310990096680653 0.99244273486904622 0.68546791524521089 8
decision_type=8 10 8 10 10 8 2 2 1 1 2 8 2 1 10 2 1 2 1 1 2 10 10 1 1 10 8 10 10 1
left_child=1 -1 -2 6 7 -6 -3 9 14 10 -4 -12 29 -14 -9 16 21 18 -17 20 22 -11 -19 -21 -22 -25 -18 -13 -20 -10
right_child=2 3 4 -5 5 -7 -8 8 12 15 11 27 13 -15 -16 17 26 19 28 23 24 -23 -24 25 -26 -27 -28 -29 -30 -31
leaf_value=-0.00085046857524910817 -0.0017033452661918691 -0.00088779972749131186 -0.00053923182733259798 -0.0012037270406410729 0.00021934706418695883 0.0066581067913856545 -0.0017277667465327136 0.0019225486426184268 -0.0043808461473537567 0.0036737731079840687 -0.0012525708382787077 -0.0076214063734438738 0.0023839730537243867 -0.00083121374486878625 0.070939650961101469 -0.0090105540789059413 0.00043105320631418035 0.0062341424712773156 -0.00051955079649301794 -0.0013573486586690776 0.0017527960271568777 -0.016471904178233587 0.01773678352092687 0.0002281824403608468 -0.0045114480475947575 0.0043053518124424933 -0.0030179793331455598 -0.034723767753118549 0.0050387305382222913 -0.00062791527606658186
leaf_weight=4761 384 3529 22096 2405 1466 1516 642 14479 2906 5876 3830 1204 4931 8010 131 2114 6671 2064 25901 7996 712 318 1215 16255 1992 1172 2393 332 1314 5355
leaf_count=4761 384 3529 22096 2405 1466 1516 642 14479 2906 5876 3830 1204 4931 8010 131 2114 6671 2064 25901 7996 712 318 1215 16255 1992 1172 2393 332 1314 5355
internal_value=-0.000975839 -0.0148915 0.000130229 -0.0103482 0.000184008 0.00504695 -0.0133841 7.98825e-05 0.000985703 -0.000233676 -0.00150335 -0.00484532 -0.000619932 0.000600804 0.00331395 0.00022532 0.00173352 -0.000153536 -0.00126581 0.000885181 0.00491824 0.00528691 0.0112306 -6.58593e-05 -0.0027182 0.000936228 -0.000699802 -0.0124674 -0.000669421 -0.00253299
internal_weight=153970 11337 142633 6576 142249 2982 4171 139267 35812 103455 27462 5366 21202 12941 14610 75993 15258 60735 29329 31406 5983 6194 3279 25423 2704 17427 9064 1536 27215 8261
internal_count=153970 11337 142633 6576 142249 2982 4171 139267 35812 103455 27462 5366 21202 12941 14610 75993 15258 60735 29329 31406 5983 6194 3279 25423 2704 17427 9064 1536 27215 8261
cat_boundaries=0 1 2 3 4 5 6 7 8 9
cat_threshold=16485 242 4122 62464 264 4360 24576 4096 266
is_linear=0
shrinkage=0.05


Tree=107
num_leaves=31
num_cat=9
split_feature=19 18 15 18 19 18 20 19 0 10 0 5 4 4 0 0 22 1 18 20 19 20 4 0 10 4 0 1 4 1
split_gain=893.749 160.6 80.807 34.5917 28.9366 26.9106 22.5418 18.9037 29.0725 18.2923 14.8063 14.3143 16.5068 17.6408 73.3851 48.4506 30.8896 34.9662 22.7257 19.7215 17.9224 16.9131 16.2213 14.2452 13.4439 13.2556 16.2843 42.5149 12.7895 12.1525
threshold=0.76378503353574334 0.14418139414464085 0.82830221659600056 0.18394567752880589 7.2430489464821717 0.20318389976382753 0.15782707927827186 0.81141822015399701 0 7.5227516492373985 1 1.0000000180025095e-35 1.5000000000000002 7.5000000000000009 2 3 8.2603597077224169 4 0.49384625759367207 0.26978995335026917 3.1896877399293557 0.36065681919837783 6.5000000000000009 5 0.50031594015395309 3.5000000000000004 6 7 3.5000000000000004 8
decision_type=8 10 8 10 10 10 10 10 1 8 1 2 2 2 1 1 10 1 8 10 10 10 2 1 10 2 1 1 2 1
left_child=1 29 3 6 7 -3 -2 8 24 -6 -7 12 -9 15 18 16 17 19 20 22 -15 -22 -14 -16 -4 -17 27 -27 -21 -1
right_child=2 5 4 -5 9 10 -8 11 -10 -11 -12 -13 13 14 23 25 -18 -19 -20 28 21 -23 -24 -25 -26 26 -28 -29 -30 -31
leaf_value=-0.00080794514648665496 0.0023067416656918391 -0.00076058248758605897 -0.0092340713599533553 -0.00087249792288687518 0.00057093678866311233 -0.0044091018226921691 -0.0009167654258164543 0.0017000482108596505 0.0036593892122863572 0.0053539989458471163 -3.1143133222916176e-06 -0.00081395409847905833 0.0038917439376623623 0.0011129916231466641 0.0017709675341575305 0.00021406900750489124 -0.0091813048598509365 -0.0015077348601601093 -0.01410284431152329 0.0049314294629400068 -0.0016207308110770093 -0.0082391728719555697 -0.0028576277678517004 0.00054650592733644925 -0.0012217333121544327 -0.0036345574746800002 -0.00042444446725827813 -0.00025947444609144556 0.012742113045044558 -0.00080794514648665496
leaf_weight=3187 138 1487 994 2424 1618 771 1530 8564 1478 1898 1240 17018 763 851 12352 17235 182 1121 603 558 1086 599 218 33177 781 3769 28405 6029 1079 2940
leaf_count=3187 138 1487 994 2424 1618 771 1530 8564 1478 1898 1240 17018 763 851 12352 17235 182 1121 603 558 1086 599 218 33177 781 3769 28405 6029 1079 2940
internal_value=-0.000984944 -0.0157377 -2.07656e-06 -0.00692815 0.000199818 -0.00718982 -0.01247 8.47569e-05 -0.00368122 0.00467861 -0.0034187 0.000176448 0.000374171 0.000206661 0.000912304 -0.00037189 0.00499237 0.00598422 -0.00647031 0.0091482 -0.0044164 -0.00740356 0.0035423 0.00142241 -0.00796919 -0.000752056 -0.0012715 -0.00302814 0.0125076 -0.0206178
internal_weight=154095 9625 144470 4092 140378 3498 1668 136862 3253 3516 2011 133609 116591 108027 48668 59359 3921 3739 3139 2618 2536 1685 981 45529 1775 55438 38203 9798 1637 6127
internal_count=154095 9625 144470 4092 140378 3498 1668 136862 3253 3516 2011 133609 116591 108027 48668 59359 3921 3739 3139 2618 2536 1685 981 45529 1775 55438 38203 9798 1637 6127
cat_boundaries=0 1 2 3 4 5 6 7 8 9
cat_threshold=598 80 512 512 2 12353 48256 2 4
is_linear=0
shrinkage=0.05


Tree=108
num_leaves=31
num_cat=12
split_feature=17 18 20 18 11 1 10 3 0 0 20 3 3 0 20 0 1 4 3 0 0 16 0 14 22 3 0 0 1 20
split_gain=895.659 159.768 47.7758 35.2156 31.7762 21.3584 21.1919 16.797 50.4429 20.875 38.5841 42.0332 97.379 27.2027 20.4216 19.1212 14.7979 14.2875 13.9125 26.5975 15.6884 14.6541 13.6072 11.7877 11.192 11.0821 50.0809 43.8398 34.5812 30.6436
threshold=0.79473535973314147 0.14418139414464085 1.0000000180025095e-35 0.20164947538604197 7.3527615103795085 0 7.5227516492373985 4.5000000000000009 1 2 0.76199920273609778 2.5000000000000004 1.5000000000000002 3 1.9205141307831692 4 5 1.5000000000000002 5.5000000000000009 6 7 0.2981512290321241 8 6.8036162330832139 7.4289015409035004 2.5000000000000004 9 10 11 0.47335940361127821
decision_type=8 10 8 10 10 1 8 2 1 1 8 2 2 1 10 1 1 2 2 1 1 10 1 8 8 2 1 1 1 10
left_child=1 5 -2 -3 7 -1 -6 9 14 10 16 12 -12 -13 -9 -14 -4 23 20 21 -10 -20 -5 -11 -7 26 -19 28 -27 -30
right_child=2 3 4 22 6 24 -8 8 18 17 11 13 15 -15 -16 -17 -18 25 19 -21 -22 -23 -24 -25 -26 27 -28 -29 29 -31
leaf_value=-0.00076754788916232335 -0.0015777807455579441 -0.00076825297476777743 0.00012157585825913753 -0.0074941220251313031 0.00037174063098563973 -0.00076754788916232335 0.0064410645147294334 0.0017487995622785136 -0.0038937603887262088 0.00033997342105804854 -0.013658750666123787 -0.022736159292525107 0.053803224011529288 -0.0030168189120896361 0.063635636405031296 -0.0041703054554343812 -0.001762092385019165 -0.0021838882790102157 0.00066523253272712248 -0.0013574975660308631 -0.0004545044449381086 0.0058061898443154906 -0.00069604131355217869 0.0032555901116783749 -0.00076754788916232335 0.0044056211991577946 0.00033791872811992366 -0.00072120527993787544 -0.00046262982735083562 0.0066696230926448054
leaf_weight=3153 243 2440 11794 265 1430 1583 1518 14401 2907 4018 658 933 496 378 252 133 9565 15129 5725 5304 5319 2001 2066 2619 1757 5497 27469 15138 7693 2115
leaf_count=3153 243 2440 11794 265 1430 1583 1518 14401 2907 4018 658 933 496 378 252 133 9565 15129 5725 5304 5319 2001 2066 2619 1757 5497 27469 15138 7693 2115
internal_value=-0.00103913 -0.0146129 3.20524e-05 -0.00766611 6.98285e-05 -0.0197174 0.00520692 -3.86975e-05 0.00089323 -0.000361606 -0.0016554 -0.00740955 -0.000990676 -0.0137109 0.00314908 0.0130763 -0.000956271 2.76077e-05 -0.00066303 0.000353031 -0.00227328 0.00222337 -0.00327113 0.00224876 -0.0169311 -0.000174217 -0.000694868 0.000554315 0.00244042 0.000662724
internal_weight=153999 11264 142735 4771 142492 6493 2948 139544 35909 103635 23957 2598 1287 1311 14653 629 21359 79678 21256 13030 8226 7726 2331 6637 3340 73041 42598 30443 15305 9808
internal_count=153999 11264 142735 4771 142492 6493 2948 139544 35909 103635 23957 2598 1287 1311 14653 629 21359 79678 21256 13030 8226 7726 2331 6637 3340 73041 42598 30443 15305 9808
cat_boundaries=0 1 2 3 4 5 6 7 8 9 10 11 12
cat_threshold=4 16485 178 34 32 2 4506 266 64 329 5449 1
is_linear=0
shrinkage=0.05


Tree=109
num_leaves=31
num_cat=8
split_feature=17 18 19 20 19 20 0 4 0 17 0 22 3 18 1 19 0 3 3 0 3 19 0 0 22 3 22 4 17 19
split_gain=926.369 151.168 63.5459 42.6619 24.9451 20.7807 23.0393 21.5704 51.3202 20.6478 31.3194 18.6944 17.7399 17.7304 17.5066 17.1259 16.008 15.3076 14.713 44.2584 18.9726 18.7518 17.6657 16.6542 13.9041 13.654 11.8092 11.3919 10.93 10.703
threshold=0.78217582516746165 0.20164947538604197 0.6933121904001478 0.11068561392174879 4.2123605550247882 0.36952591217244513 0 9.5000000000000018 1 0.79473535973314147 2 6.7143567805269022 2.5000000000000004 0.73005131845950133 3 7.2430489464821717 4 5.5000000000000009 1.0000000180025095e-35 5 3.5000000000000004 5.2813009398993662 6 7 7.3138533398789578 3.5000000000000004 7.3507144601576178 4.5000000000000009 4.7321365098602159 6.5326534120710678
decision_type=8 10 8 10 10 10 1 2 1 10 1 8 2 10 1 10 1 2 2 1 2 10 1 1 10 2 10 2 8 10
left_child=1 3 -2 -1 9 15 7 11 -9 10 -4 27 -8 -14 24 18 -16 -5 19 21 23 26 -22 -20 -12 -17 28 -7 -6 -29
right_child=2 -3 4 17 5 6 12 8 -10 -11 14 -13 13 -15 16 25 -18 -19 20 -21 22 -23 -24 -25 -26 -27 -28 29 -30 -31
leaf_value=-0.00072917049470420665 -0.0014988917082800479 -0.0012370127132038556 -0.0025129392922995848 -0.00069960733462168245 0.0003225865353641666 -0.0012395991549761787 0.001585693006210498 0.0015326443256177714 -0.011727131704520577 -0.00019556179834816502 -0.028909157215856886 0.00099816888166075484 0.0040063880193732084 0.017563618057214847 0.023447889629523513 0.00099988415132907789 -0.00071258795342272758 -0.0016573969976961811 0.0010152091100430916 0.0042140851802356495 0.0019147080580911081 -0.0027230048117373286 -8.0469653385817352e-05 -0.00095237694830372375 0.013201361822057889 0.0049111814107176245 -0.0026388111813557161 0.014691774239540267 0.0062215848057121104 0.0021931203939149491
leaf_weight=4373 410 2038 2122 3517 603 128 2887 1212 712 70951 228 5681 2947 964 419 1878 1792 629 4321 2963 6282 2346 12877 19304 54 1093 436 269 579 133
leaf_count=4373 410 2038 2122 3517 603 128 2887 1212 712 70951 228 5681 2947 964 419 1878 1792 629 4321 2963 6282 2346 12877 19304 54 1093 436 269 579 133
internal_value=-0.00102888 -0.015324 2.21114e-05 -0.0182504 7.83973e-05 0.000776085 0.00242249 0.000623082 -0.00400208 -0.00054588 -0.00378657 0.00205683 0.00456816 0.00676937 2.9964e-05 0.000309404 0.00152646 -0.0146165 8.90145e-05 0.00222679 -0.000257105 -0.00123301 0.000912104 -0.00120529 -0.0117021 0.00399697 0.00290482 0.0110377 0.00549915 0.0151741
internal_weight=154148 10557 143591 8519 143181 67615 14933 8135 1924 75566 4615 6211 6798 3911 2493 52682 2211 4146 49711 6927 42784 3964 19159 23625 282 2971 1618 530 1182 402
internal_count=154148 10557 143591 8519 143181 67615 14933 8135 1924 75566 4615 6211 6798 3911 2493 52682 2211 4146 49711 6927 42784 3964 19159 23625 282 2971 1618 530 1182 402
cat_boundaries=0 1 2 3 4 5 6 7 8
cat_threshold=25248 16416 598 2 17441 35465 193 3872
is_linear=0
shrinkage=0.05


Tree=110
num_leaves=31
num_cat=9
split_feature=15 20 18 15 18 10 12 20 0 0 3 1 18 18 18 10 10 3 0 0 3 0 18 4 22 3 0 18 0 1
split_gain=739.34 137.99 112.701 69.1642 36.7452 25.1235 15.5223 21.5558 14.8351 14.4584 12.9421 12.6517 12.1912 11.482 10.2133 9.88608 11.6875 9.6762 16.5838 14.4547 31.9231 17.7502 11.8802 11.2586 9.5402 9.15873 8.44974 11.65 17.6922 19.8167
threshold=0.69331376394879285 1.0000000180025095e-35 0.13857854516322085 0.82830221659600056 0.18394567752880589 7.3674875639408812 4.1596637236431482 0.36952591217244513 0 1 4.5000000000000009 2 0.057511597938124721 0.2732827756279716 0.18700763890271449 0.71754226264466137 1.0471650770867935 3.5000000000000004 3 4 1.0000000180025095e-35 5 0.20674440151942072 10.500000000000002 6.297178475776442 3.5000000000000004 6 0.084330355425894885 7 8
decision_type=8 8 10 8 10 10 10 8 1 1 2 1 8 8 10 10 10 2 1 1 2 1 8 2 8 2 1 10 1 1
left_child=2 -2 11 4 15 6 12 17 -4 10 -9 -1 -5 -12 -10 -3 -17 19 -19 -8 22 23 -21 -22 -11 -7 -14 28 -28 -30
right_child=1 3 8 5 -6 25 7 9 14 24 13 -13 26 -15 -16 16 -18 18 -20 20 21 -23 -24 -25 -26 -27 27 -29 29 -31
leaf_value=-0.00069271196996899547 -0.00069271196996899547 -0.00058849821985422219 -0.0038885821044022718 -0.00081300845324440711 -0.00062765115651687304 0.0017761054641518116 -0.001336516148697875 0.0027364480003094107 -0.00068763681120769806 0.011238458683834685 -0.00075868943865156082 -0.00069271196996899547 0.00011818785147004185 0.010720283111488361 -0.00044024514144072049 0.0019181498660048259 -0.00067708231328483803 0.0014833366837899709 -0.00024621602934509211 0.00061928477088166742 -0.0017423288521651648 0.0013400244151307473 0.0046343452434916225 0.0013461132770949736 0.00090514105411241283 0.0062258421414365106 -0.0066445716603788065 -0.00036632522332644694 -0.0058304057339201576 5.478380389889459e-06
leaf_weight=2677 697 1546 963 514 2420 1908 7739 2833 463 228 168 2243 34604 756 1077 159 363 7090 7875 1506 6072 2958 2000 1138 6831 728 613 51949 775 2875
leaf_count=2677 697 1546 963 514 2420 1908 7739 2833 463 228 168 2243 34604 756 1077 159 363 7090 7875 1506 6072 2958 2000 1138 6831 728 613 51949 775 2875
internal_value=-0.00100411 -0.000223274 -0.0163984 -0.000117063 -0.00622772 7.72173e-05 -1.47989e-05 0.00072149 -0.00776069 0.00268121 0.00518317 -0.0207927 -0.00039527 0.0103355 -0.0046129 -0.0111219 -0.00517241 0.00013882 0.00111427 -0.000542895 0.000434814 -0.000983478 0.00454934 -0.00231994 0.00134036 0.00491275 -0.00035181 -0.000730141 -0.00324302 -0.00189891
internal_weight=153768 146345 7423 145648 4488 141160 138524 47194 2503 10816 3757 4920 91330 924 1540 2068 522 36378 14965 21413 13674 10168 3506 7210 7059 2636 90816 56212 4263 3650
internal_count=153768 146345 7423 145648 4488 141160 138524 47194 2503 10816 3757 4920 91330 924 1540 2068 522 36378 14965 21413 13674 10168 3506 7210 7059 2636 90816 56212 4263 3650
cat_boundaries=0 1 2 3 4 5 6 7 8 9
cat_threshold=80 11585 4 5185 5 61504 54533 514 2
is_linear=0
shrinkage=0.05


Tree=111
num_leaves=31
num_cat=5
split_feature=19 18 15 18 18 10 5 4 0 19 4 0 0 22 19 19 18 19 4 22 4 9 3 22 0 0 16 4 9 22
split_gain=855.233 183.957 71.5228 28.7312 24.2464 20.8156 17.181 17.9237 13.2731 12.4336 11.6896 62.6081 46.1177 29.3427 29.8503 22.3013 21.1546 18.6808 20.2173 15.3015 15.1629 26.824 19.9554 14.2185 15.416 14.3328 13.2215 12.5359 13.001 12.997
threshold=0.76378503353574334 0.14418139414464085 0.82830221659600056 0.18394567752880589 0.20164947538604197 7.3674875639408812 1.0000000180025095e-35 1.5000000000000002 0 0.6933121904001478 7.5000000000000009 1 2 8.3902758943614213 2.1510743216883941 3.1896877399293557 0.3967162063702187 6.2666330350935544 3.5000000000000004 7.5380220547328411 3.5000000000000004 1.0000000180025095e-35 1.0000000180025095e-35 6.5011941067243306 3 4 0.56998527921562037 9.5000000000000018 1.0000000180025095e-35 7.0174839642714515
decision_type=8 10 8 10 10 10 2 2 1 10 2 1 1 10 8 8 8 8 2 10 2 2 2 10 1 1 8 2 2 10
left_child=1 9 3 -2 -3 6 7 -4 -6 -1 12 15 13 14 -9 -12 -17 18 -16 -19 -14 -22 -23 25 -25 -13 27 -26 -29 -30
right_child=2 4 5 -5 8 -7 -8 10 -10 -11 11 23 20 -15 17 16 -18 19 -20 -21 21 22 -24 24 26 -27 -28 28 29 -31
leaf_value=-0.00065807637147054514 -0.00068746050012439283 -0.00060457586857052279 0.0016614947016933446 -0.00084267160321400145 -0.0045220908279947113 0.0026915175736079268 -0.00096159648620991467 -0.001246702409845918 0.00017602618498584467 -0.00062999136939214664 -9.4239835175152781e-05 -0.0035039146350287435 0.0002747449741259289 -0.010270711801978494 0.0027730180824911081 -0.0033885220364317627 -0.014371976562936118 0.0044500877749657167 0.010248261592215169 -0.0054991542473277651 -0.00044596523003717083 0.00093295419323800042 -0.0026271495492210862 9.5484482471430709e-05 0.00038814678379373024 0.00028932252585684993 0.007542055118866609 0.001222749772894627 0.0045125960219166593 0.0011857771040892475
leaf_weight=4261 1660 1429 8802 2458 784 2626 17634 1126 1239 1882 1038 1985 18224 146 941 1617 507 260 1327 145 31852 1185 6360 13100 9427 7411 2191 9081 1612 2039
leaf_count=4261 1660 1429 8802 2458 784 2626 17634 1126 1239 1882 1038 1985 18224 146 941 1617 507 260 1327 145 31852 1185 6360 13100 9427 7411 2191 9081 1612 2039
internal_value=-0.00100762 -0.0154638 -4.93941e-05 -0.00654444 -0.00622827 0.000140789 5.68799e-05 0.000270403 -0.00270638 -0.0206536 9.90374e-05 0.000666893 -0.000362213 0.00486094 0.00571861 -0.00613178 -0.00908663 0.00859521 0.0103616 -0.0012963 -0.000720532 -0.0012723 -0.00395295 0.00112686 0.00156342 -0.000611963 0.00230706 0.00194165 0.00296497 0.0054848
internal_weight=154349 9595 144754 4118 3452 140636 138010 120376 2023 6143 111574 50008 61566 3945 3799 3162 2124 2673 2268 405 57621 39397 7545 46846 37450 9396 24350 22159 12732 3651
internal_count=154349 9595 144754 4118 3452 140636 138010 120376 2023 6143 111574 50008 61566 3945 3799 3162 2124 2673 2268 405 57621 39397 7545 46846 37450 9396 24350 22159 12732 3651
cat_boundaries=0 1 2 3 4 5
cat_threshold=80 512 512 33078 8338
is_linear=0
shrinkage=0.05


Tree=112
num_leaves=31
num_cat=8
split_feature=17 18 19 18 11 19 3 19 18 0 21 18 3 0 0 3 16 3 20 16 3 0 0 3 0 0 18 20 3 0
split_gain=920.804 154.324 52.6695 32.9495 20.6606 17.1857 16.6905 14.44 23.8874 22.494 12.8799 12.785 23.8771 24.7708 21.2834 50.6834 45.3822 22.372 38.9687 35.4788 15.9093 34.1693 25.829 46.0746 68.5204 33.2869 26.1884 19.7512 15.3388 24.9963
threshold=0.78217582516746165 0.14418139414464085 0.6933121904001478 0.20164947538604197 7.0293532468090367 0.6933121904001478 5.5000000000000009 1.8404337229396177 0.47547971740184991 0 7.577377095608937 0.25395495138500807 4.5000000000000009 1 2 2.5000000000000004 0.609160287175319 1.5000000000000002 0.54769278941344857 0.86352270823626776 2.5000000000000004 3 4 3.5000000000000004 5 6 0.5848864208429535 1.4508048607936559 1.0000000180025095e-35 7
decision_type=8 10 8 10 10 10 2 10 8 1 10 8 2 1 1 2 10 2 8 10 2 1 1 2 1 1 10 10 2 1
left_child=1 5 -2 -3 7 -1 -6 8 10 -10 -4 28 14 -14 15 17 -17 19 -19 -13 21 -16 -22 24 26 -25 -24 -27 29 -9
right_child=2 3 4 -5 6 -7 -8 11 9 -11 -12 12 13 -15 20 16 -18 18 -20 -21 22 -23 23 25 -26 27 -28 -29 -30 -31
leaf_value=-0.00062517255289701876 -0.001356407705794066 -0.00057779412332558679 6.4507962457061027e-05 -0.0013519992409028376 0.0010838703458065702 -0.00062807419440459871 0.0066232992659038814 -0.00080927040600857762 0.0048089953237562266 -0.0070738923747000367 -0.0021387025478541211 0.00063145273616206372 0.004235551736044796 0.001154459734054547 0.0020055857594179606 -0.0030230902014495853 -0.020508790942750755 4.7856031137882837e-08 0.028645283552164582 -0.019417796779447397 -0.0014512456289041964 -0.0016547293517007455 0.0067687180314722544 0.0019643936251395821 -3.0458340894234938e-05 -0.0038551934378083467 0.028662392973629602 -0.11454951938813429 -0.00027812913560943954 0.0021980950482503926
leaf_weight=3892 385 1925 18815 2064 7937 2633 741 3077 1107 3828 2315 1488 3207 9911 5910 2686 836 1434 803 307 3070 10919 1891 2891 2160 1776 972 150 50434 4571
leaf_count=3892 385 1925 18815 2064 7937 2633 741 3077 1107 3828 2315 1488 3207 9911 5910 2686 836 1434 803 307 3070 10919 1891 2891 2160 1776 972 150 50434 4571
internal_value=-0.000953547 -0.0152368 9.20826e-05 -0.00748935 0.000141724 -0.0199732 0.00250634 -1.0776e-05 -0.00106752 -0.00419959 -0.000336015 0.000243103 0.000825713 0.00266047 0.000180329 -0.002188 -0.00657297 0.0016369 0.00497318 -0.00252089 0.000782379 -0.000230257 0.00210302 0.00335025 0.00670416 -0.000140129 0.011756 -0.00521694 -0.00026256 0.00182401
internal_weight=154135 10514 143621 3989 143236 6525 8678 134558 26065 4935 21130 108493 50411 13118 37293 7554 3522 4032 2237 1795 29739 16829 12910 9840 5023 4817 2863 1926 58082 7648
internal_count=154135 10514 143621 3989 143236 6525 8678 134558 26065 4935 21130 108493 50411 13118 37293 7554 3522 4032 2237 1795 29739 16829 12910 9840 5023 4817 2863 1926 58082 7648
cat_boundaries=0 1 2 3 4 5 6 7 8
cat_threshold=29857 2133 10402 50196 49152 332 5637 589
is_linear=0
shrinkage=0.05


Tree=113
num_leaves=31
num_cat=4
split_feature=17 20 20 16 10 3 2 17 3 20 3 0 0 3 20 3 3 20 6 22 17 22 20 3 0 12 17 22 10 0
split_gain=891.811 129.826 45.7833 40.9891 24.87 19.0441 16.0897 14.9102 13.1238 13.0585 16.0819 35.41 13.583 17.5492 14.1578 13.1983 40.5591 18.6471 11.9183 11.012 10.4611 10.3608 9.83043 8.84891 17.2614 8.82667 8.66344 9.33635 9.88469 8.49959
threshold=0.78217582516746165 0.11068561392174879 1.0000000180025095e-35 0.20273255405408239 7.2074894297125427 5.5000000000000009 2.5000000000000004 3.923747900012057 3.5000000000000004 0.32244351985509506 1.0000000180025095e-35 0 1 2.5000000000000004 1.0292327137113266 3.5000000000000004 5.5000000000000009 1.4508048607936559 1.0000000180025095e-35 7.6518785882098239 0.79473535973314147 6.2705729698616794 0.17289299550093734 1.5000000000000002 2 6.5268607578673983 5.3295853339082404 7.4499014653474172 4.3999891466276564 3
decision_type=8 10 8 10 10 2 2 10 2 10 2 1 1 2 10 2 2 10 2 10 8 8 10 2 1 10 10 10 8 1
left_child=1 -1 -2 5 7 19 -6 20 -8 10 11 -9 18 21 -15 -16 17 -17 -11 -3 -4 -14 -5 -23 -25 -22 27 28 -13 -10
right_child=2 3 4 22 6 -7 8 9 29 12 -12 26 13 14 15 16 -18 -19 -20 -21 25 23 -24 24 -26 -27 -28 -29 -30 -31
leaf_value=-0.00059391392525216531 -0.0012885873205043643 -0.00052885012099653796 -0.00087593373535116989 -0.00082943000078619655 0.0032222976863852007 -0.0013608098794442415 -0.001747530859178026 0.0029998908894123045 -0.00060277648826805312 -0.00086781720768336346 -0.00024027369933472543 -0.0016525632775527767 0.0065726508441779968 0.0024273654441423266 0.058929485630513902 0.0085773814550533355 0.042068361940479006 -0.10728345689749999 0.0019989009991601583 -0.00098630051366701567 -0.00039217886308656746 0.00099888582202509743 -0.0010120475150055513 -0.14053043211593033 -0.001329804511333288 0.016573331203189001 -0.0028335934642521824 -0.0028123413483619689 0.0050873389978654433 0.0073185623323324123
leaf_weight=4354 243 2747 810 246 3114 693 1223 4151 236 8073 41879 222 283 5540 306 75 318 167 3705 840 65745 3256 1560 133 1179 115 1836 262 567 315
leaf_count=4354 243 2747 810 246 3114 693 1223 4151 236 8073 41879 222 283 5540 306 75 318 167 3705 840 65745 3256 1560 133 1179 115 1836 262 567 315
internal_value=-0.00104788 -0.015158 -2.313e-05 -0.010442 1.35879e-05 -0.0131075 0.00351882 -0.000110011 -0.000281849 0.000389148 -7.3083e-05 0.00213839 0.00137074 0.00261161 0.00433188 0.0102771 0.00571429 -0.00971074 0.000182389 -0.0145735 -0.000648718 0.00034529 -0.00412514 -0.00022986 -0.00369665 -0.000579259 -0.00211426 0.00149857 0.0042142 0.00612523
internal_weight=154193 10440 143753 6086 143510 4280 4888 138622 1774 71952 48917 7038 23035 11257 6406 866 560 242 11778 3587 66670 4851 1806 4568 1312 65860 2887 1051 789 551
internal_count=154193 10440 143753 6086 143510 4280 4888 138622 1774 71952 48917 7038 23035 11257 6406 866 560 242 11778 3587 66670 4851 1806 4568 1312 65860 2887 1051 789 551
cat_boundaries=0 1 2 3 4
cat_threshold=64512 26792 64 16384
is_linear=0
shrinkage=0.05


Tree=114
num_leaves=31
num_cat=8
split_feature=19 18 15 18 18 19 15 3 0 5 19 4 0 19 0 1 0 16 4 4 4 0 0 18 1 19 12 4 19 20
split_gain=825.757 193.436 62.2222 24.8525 22.7166 19.1558 17.7887 13.6116 13.5349 13.3453 13.1883 12.3505 12.7132 11.4628 18.3696 15.0638 31.0418 15.0683 11.0581 9.36578 13.5508 52.0815 48.152 21.098 18.4548 21.8807 15.9698 15.6643 15.6121 16.1348
threshold=0.76378503353574334 0.14418139414464085 0.69331376394879285 0.18780113621741065 0.18700763890271449 7.1688052960300892 0.87304500631975601 3.5000000000000004 0 1.0000000180025095e-35 0.6933121904001478 10.500000000000002 1 0.83968479185746858 2 3 4 0.31759454326580033 4.5000000000000009 1.5000000000000002 7.5000000000000009 5 6 0.54681641137813586 7 5.889943836215541 6.7351858371076387 3.5000000000000004 3.1896877399293557 0.36065681919837783
decision_type=8 10 8 10 10 10 8 2 1 2 10 2 1 10 1 1 1 8 2 2 2 1 1 8 1 10 8 2 10 10
left_child=1 10 4 -3 -2 6 -4 -7 -5 13 -1 -11 -13 14 18 16 -16 -17 -8 -15 22 23 24 28 25 27 -27 -21 -22 -30
right_child=2 3 5 8 -6 7 9 -9 -10 11 -12 12 -14 19 15 17 -18 -19 -20 20 21 -23 -24 -25 -26 26 -28 -29 29 -31
leaf_value=-0.00056421822898955476 -0.00063647999183386039 -0.00049246562917770189 -0.00062180216148427503 -0.0041216956958283202 -0.00068265483086997209 0.00082729160411951783 0.054732163416175088 0.0036098128590077217 0.00013771901274608477 -0.00063335565151692033 -0.00054064558515248275 -0.011855683183882738 -0.0010380116454284051 0.0013324707953573879 0.051511957102750167 0.0011504788752718154 -0.0019878468228175183 -0.0090320964042872719 0.0078697056335597093 0.0027889403152039807 0.0010488597833716862 0.00073064227071772958 -0.00047053483691887892 -0.013617602360271175 -0.00042642323774932933 -0.0035263324536128461 0.0062422367768965705 0.0098062313494718945 -0.0013278925188508818 -0.0074952657509961725
leaf_weight=4224 763 1241 4104 865 611 3371 80 1835 1347 15825 1871 533 719 8215 258 396 735 1269 335 918 920 44480 54076 486 1093 406 295 1176 1132 604
leaf_count=4224 763 1241 4104 865 611 3371 80 1835 1347 15825 1871 533 719 8215 258 396 735 1269 335 918 920 44480 54076 486 1093 406 295 1176 1132 604
internal_value=-0.00101292 -0.0152545 -7.27694e-05 -0.0057993 -0.0106623 2.87936e-05 -8.34812e-05 0.00300615 -0.00262206 1.5864e-05 -0.0206112 -0.00128975 -0.00607029 0.000206633 -0.0028067 -0.00432909 0.000528701 -0.00725225 0.00688235 0.000288003 0.00016148 0.000786401 -0.000351943 -0.00542513 0.00501539 0.00718247 -0.000463623 0.00974212 -0.00368976 -0.00648041
internal_weight=154183 9548 144635 3453 1374 143261 138055 5206 2212 133951 6095 17077 1252 116874 3073 2658 993 1665 415 113801 105586 47622 57964 3142 3888 2795 701 2094 2656 1736
internal_count=154183 9548 144635 3453 1374 143261 138055 5206 2212 133951 6095 17077 1252 116874 3073 2658 993 1665 415 113801 105586 47622 57964 3142 3888 2795 701 2094 2656 1736
cat_boundaries=0 1 2 3 4 5 6 7 8
cat_threshold=80 525 21545 1 448 512 512 2
is_linear=0
shrinkage=0.05


Tree=115
num_leaves=31
num_cat=3
split_feature=19 18 15 18 20 18 10 1 5 19 4 18 1 8 11 20 4 20 15 4 4 4 19 22 21 21 18 1 16 11
split_gain=847.672 178.542 65.9273 32.909 25.2463 24.0651 22.0536 13.329 13.1573 13.5812 12.7658 15.4737 12.9352 12.2172 13.1163 10.7321 9.21971 9.49194 8.9138 8.8166 8.73834 11.2094 12.9086 10.6737 8.53727 8.44304 8.42535 10.3443 8.3997 8.39063
threshold=0.76378503353574334 0.14418139414464085 0.82830221659600056 0.18394567752880589 0.15782707927827186 0.18780113621741065 7.4546620756443929 0 1.0000000180025095e-35 4.0547146447304216 1.5000000000000002 1.9813939450859666 1 3.5000000000000004 6.1234786790418072 0.18833144704220395 9.5000000000000018 0.29965463159987182 0.53815394315432463 2.5000000000000004 7.5000000000000009 4.5000000000000009 3.1896877399293557 6.0621216028152745 8.1354867319456314 7.2445845309701786 0.5848864208429535 2 0.18132950884683138 7.0664243062007577
decision_type=8 10 8 10 10 10 10 1 2 10 2 8 1 2 10 10 2 8 10 2 2 2 10 8 8 10 10 1 8 10
left_child=1 7 3 4 -2 -3 8 -1 9 13 12 -12 29 14 -4 28 -10 -18 -7 -8 21 -15 -23 -22 -19 -25 -24 -28 -5 -11
right_child=2 5 6 15 -6 18 19 -9 16 10 11 -13 -14 20 -16 -17 17 24 -20 -21 23 22 26 25 -26 -27 27 -29 -30 -31
leaf_value=-0.00053600731754007704 0.0022367803324353621 -0.000486678630007531 -0.0018566972698672718 0.0016560365696814683 -0.00060465599224216468 -0.004684088471841469 0.0072044689739998004 -0.00053600731754007704 -0.0003600329864022589 0.0045335178578861162 0.00027290807624822392 0.0079463460807795549 0.00084382698457350367 0.00026047102252420019 0.042005564281423838 -0.00094672628613478031 -0.00080312810912496206 -0.0080099655228716982 -0.00033084377515869016 0.0018521139336772575 -0.010095500204266262 -5.7257278505595814e-05 -0.0021154003382607314 0.001056733140045274 -0.002160578683978598 -0.00014801478617954 -0.013808303483798003 0.0047405997400359889 -0.00018050961864111704 0.0064504120338760851
leaf_weight=3154 136 1257 9854 107 1580 550 543 2888 12928 1229 55268 1951 2966 14300 49 2229 2996 968 1662 1285 127 7274 4676 12544 778 8393 677 834 136 412
leaf_count=3154 136 1257 9854 107 1580 550 543 2888 12928 1229 55268 1951 2966 14300 49 2229 2996 968 1662 1285 127 7274 4676 12544 778 8393 677 834 136 412
internal_value=-0.000932189 -0.0153901 2.11453e-05 -0.00616046 -0.0114802 -0.00634909 0.000205995 -0.0205809 0.000133841 0.000320603 0.000837835 0.000633968 0.00336987 -0.000223914 -0.0018252 -0.00246764 -0.00114035 -0.00302615 -0.00320976 0.00566193 0.00010087 -0.000481791 -0.00151735 0.000868781 -0.00595647 0.000956441 -0.00319622 4.9636e-05 0.00751029 0.00693175
internal_weight=153751 9511 144240 4188 1716 3469 140052 6042 138224 120554 61826 57219 4607 58728 9903 2472 17670 4742 2212 1828 48825 27761 13461 21064 1746 20937 6187 1511 243 1641
internal_count=153751 9511 144240 4188 1716 3469 140052 6042 138224 120554 61826 57219 4607 58728 9903 2472 17670 4742 2212 1828 48825 27761 13461 21064 1746 20937 6187 1511 243 1641
cat_boundaries=0 1 2 3
cat_threshold=4 1 1
is_linear=0
shrinkage=0.05


Tree=116
num_leaves=31
num_cat=2
split_feature=17 18 19 18 19 11 4 19 17 15 10 1 19 3 20 3 10 12 4 14 2 16 3 3 20 16 4 18 2 1
split_gain=865.963 167.454 57.4324 31.6816 21.9695 18.6079 16.8681 13.7836 18.9586 13.3778 13.3302 12.2868 23.0285 12.004 20.6115 10.8597 10.6237 10.2382 10.132 9.89967 19.0951 12.4373 11.0844 9.87214 15.8691 15.1583 14.7179 9.69768 9.30175 14.9679
threshold=0.78217582516746165 0.14418139414464085 0.6933121904001478 0.1991711281952836 0.6933121904001478 7.3319112662676256 2.5000000000000004 3.8041492179738285 0.79473535973314147 0.53815394315432463 5.262949189169678 0 3.2535328256167428 4.5000000000000009 0.59229172419041531 5.5000000000000009 6.3692158019681786 2.4024201905583298 9.5000000000000018 3.5849059018974727 1.5000000000000002 0.63363282206977023 3.5000000000000004 1.0000000180025095e-35 1.6572896647928148 0.77746277437946054 10.500000000000002 0.38298235052410085 2.5000000000000004 1
decision_type=8 10 8 10 10 10 2 10 10 10 10 1 8 2 10 2 10 10 2 8 2 10 2 2 10 8 2 8 2 1
left_child=1 4 27 -3 -1 7 -7 8 10 -5 11 12 -4 19 16 -8 -15 -13 -16 20 21 -9 28 24 -21 -25 -27 -2 -22 -30
right_child=2 3 5 9 -6 6 15 13 -10 -11 -12 17 -14 14 18 -17 -18 -19 -20 23 22 -23 -24 25 -26 26 -28 -29 29 -31
leaf_value=-0.00050920695166307148 0.0020866936402010928 -0.00047005764996662649 -0.0016594834889481103 -0.0061327017113937737 -0.00051134310600756681 0.0059125857028980103 0.00039145019662878422 -0.0020356809968185455 -0.00020780872204738678 -0.00015519562437837366 0.044278900842504014 -0.0056344791607460202 0.0067055265378150215 0.0001490179859103602 0.0092980973787503592 0.0078287226284164731 0.0019377656518228649 0.013976793226611973 -6.6101973579069112e-05 0.001186001603545872 0.018526136406063178 -0.026117987073662998 -0.01386547484072005 -0.0003010313382975305 -0.080022353319886497 0.0033008143427188941 -0.0034679476502750498 -0.0011691466771526604 -0.018165607979236588 0.006212380808857821
leaf_weight=3864 33 1848 624 513 2628 881 2102 279 56581 1590 81 2501 1093 13381 1826 208 3221 108 564 10403 280 295 122 41271 119 5989 1118 358 154 188
leaf_count=3864 33 1848 624 513 2628 881 2102 279 56581 1590 81 2501 1093 13381 1826 208 3221 108 564 10403 280 295 122 41271 119 5989 1118 358 154 188
internal_value=-0.000990611 -0.0148928 1.91264e-05 -0.00677677 -0.0198321 7.13095e-05 0.00384676 -1.46222e-05 -0.000579622 -0.00257965 -0.00373837 -0.00411466 -0.000829936 0.000420401 0.00151643 0.00160173 0.000891459 -0.00627635 0.00585774 7.47285e-05 -0.00421093 -0.0110627 0.00107527 0.000170628 0.00155864 -0.000131258 0.00200155 -0.0191176 0.00377814 -0.00175439
internal_weight=154223 10443 143780 3951 6492 143389 3191 140198 60988 2103 4407 4326 1717 79210 18992 2310 16602 2609 2390 60218 1318 574 744 58900 10522 48378 7107 391 622 342
internal_count=154223 10443 143780 3951 6492 143389 3191 140198 60988 2103 4407 4326 1717 79210 18992 2310 16602 2609 2390 60218 1318 574 744 58900 10522 48378 7107 391 622 342
cat_boundaries=0 1 2
cat_threshold=1 1
is_linear=0
shrinkage=0.05


Tree=117
num_leaves=31
num_cat=5
split_feature=17 18 19 18 19 10 2 5 17 13 4 4 0 0 22 17 17 20 18 4 9 4 22 0 4 19 0 4 0 14
split_gain=851.342 163.005 62.4525 25.4511 21.9406 18.5368 11.0374 9.91043 10.7116 9.61319 9.46446 11.1396 41.646 39.8222 26.5785 27.6814 23.6044 20.2878 19.5366 11.87 19.2985 13.7745 13.2984 11.485 11.7939 13.0407 11.84 11.3065 11.2117 10.9673
threshold=0.76686810930688443 0.14418139414464085 0.6933121904001478 0.1991711281952836 0.6933121904001478 7.2074894297125427 2.5000000000000004 1.0000000180025095e-35 7.5687664974793156 7.5743017447873404 1.5000000000000002 7.5000000000000009 0 1 8.3902758943614213 2.2443938659845943 1.9763025419693736 0.22866580144167364 0.42263741371633773 3.5000000000000004 1.0000000180025095e-35 4.5000000000000009 6.9778068581994885 2 9.5000000000000018 5.376717199315503 3 3.5000000000000004 4 5.8837400413038763
decision_type=8 10 8 10 10 10 2 2 10 8 2 2 1 1 10 8 8 10 8 2 2 2 8 1 2 8 1 2 1 10
left_child=1 4 -2 -3 -1 7 9 8 10 -7 -4 13 16 14 15 -12 -13 -17 -18 -15 -21 -22 -23 24 28 26 -26 -19 -14 -29
right_child=2 3 5 -5 -6 6 -8 -9 -10 -11 11 12 23 19 -16 17 18 27 -20 20 21 22 -24 -25 25 -27 -28 29 -30 -31
leaf_value=-0.00048374660407991544 -0.0011106893432950293 -0.00046358089325445608 0.0011070520901440507 -0.00094969895590327766 -0.00048757498798675529 0.0016141316453317956 -6.0375830627434906e-05 -0.0007801743664902828 0.014616951042610671 0.0055394950965752532 -0.0012185086284423497 0.001206754717540537 0.0019584594726209047 0.00013773385193980304 -0.0097789150621358182 0.00034017959742871362 -0.002866824748956609 0.0034906116266931412 -0.012645512640707525 -0.00047345217932142085 0.00018265520880187403 -0.0043215264982689686 -0.00188573861530702 0.00094705494596880602 0.00034812830680825969 -0.006989634928176525 -0.0013944477364772889 0.012362248728295545 -2.3163415709148706e-05 0.0025479710997330153
leaf_weight=3866 429 1507 8816 1941 2656 2069 1762 17958 140 1050 1227 846 2310 18125 142 789 1794 622 580 32203 1586 1246 4722 30456 4989 562 3748 974 4580 252
leaf_count=3866 429 1507 8816 1941 2656 2069 1762 17958 140 1050 1227 846 2310 18125 142 789 1794 622 580 32203 1586 1246 4722 30456 4989 562 3748 974 4580 252
internal_value=-0.000985566 -0.0151153 -7.11919e-06 -0.00632251 -0.0197639 4.98091e-05 0.00307826 -5.67907e-05 0.000106247 0.00486534 9.01973e-05 -3.42273e-05 0.000521909 -0.000482323 0.00433267 0.00512422 -0.00496904 0.008011 -0.00754002 -0.000816175 -0.00129977 -0.00357427 -0.00467493 0.000901833 -0.000174393 -0.00133617 -0.00086128 0.0108766 0.00139332 0.0136623
internal_weight=153947 9970 143977 3448 6522 143548 4881 138667 120709 3119 120569 111753 49865 61888 4006 3864 3220 2637 2374 57882 39757 7554 5968 46645 16189 9299 8737 1848 6890 1226
internal_count=153947 9970 143977 3448 6522 143548 4881 138667 120709 3119 120569 111753 49865 61888 4006 3864 3220 2637 2374 57882 39757 7554 5968 46645 16189 9299 8737 1848 6890 1226
cat_boundaries=0 1 2 3 4 5
cat_threshold=512 512 182 162 132
is_linear=0
shrinkage=0.05


Tree=118
num_leaves=31
num_cat=7
split_feature=19 18 15 18 10 18 20 1 3 3 0 0 3 20 13 20 1 18 19 19 10 19 3 0 20 3 0 0 3 20
split_gain=815.955 199.663 57.3606 28.7133 18.7033 18.507 14.3647 14.3142 12.9383 11.0791 35.6445 17.5073 28.7258 45.7019 16.9889 16.5004 14.79 24.8633 17.4313 11.9741 20.1158 11.8174 11.2541 36.0003 23.742 17.0296 46.6181 34.6018 108.177 19.5928
threshold=0.76378503353574334 0.14418139414464085 0.77455988461188452 0.17425621190130156 7.2074894297125427 0.20255888853594856 0.15782707927827186 0 3.5000000000000004 4.5000000000000009 1 2 3.5000000000000004 0.80337654490147592 3.4028612767084931 1.6572896647928148 3 1.340064686606284 4.4652654181636802 5.6658976716624254 5.4850043593388911 2.9139397754017575 1.0000000180025095e-35 4 0.85180327947010093 2.5000000000000004 5 6 3.5000000000000004 0.36952591217244513
decision_type=8 10 8 10 10 10 10 1 2 2 1 1 2 8 10 10 1 8 10 8 10 10 2 1 10 2 1 1 2 8
left_child=1 7 3 6 9 -3 -2 -1 -6 11 15 12 14 21 16 -11 17 -4 -18 20 -12 -14 23 24 -13 26 -24 28 29 -27
right_child=2 5 4 -5 8 -7 -8 -9 -10 10 19 22 13 -15 -16 -17 18 -19 -20 -21 -22 -23 25 -25 -26 27 -28 -29 -30 -31
leaf_value=-0.00045955927387592022 0.0024851226041171849 -0.00041566277134609812 0.00037924520461641301 -0.0004230957862538659 0.00078229149046149526 -0.00084746695861988861 -0.00048248388229826247 -0.00045955927387592022 0.0043344619725057985 0.0017345764964140642 -6.0034938531150496e-05 0.0030093064803512928 -0.00096861366530901502 -0.023051913490794385 0.0024911281933533871 0.058849839008549412 -0.0030959585182475271 -0.015692496550536686 0.0017050607430319832 -0.0026720149208687262 0.0094088906300831901 -0.0030699728323563382 -0.0083065374812385847 -0.00042760822585548032 -0.068967629850609294 0.0041402004978480901 -0.00032212568855600755 -0.00014017742459426774 -0.0025309876506597107 0.015942805200299448
leaf_weight=3182 41 1451 8765 1522 3428 2010 1019 2909 1414 11164 20560 5874 3204 717 3156 411 7642 222 2242 3061 195 1432 2108 8773 218 1629 26270 24946 2677 1704
leaf_count=3182 41 1451 8765 1522 3428 2010 1019 2909 1414 11164 20560 5874 3204 717 3156 411 7642 222 2242 3061 195 1432 2108 8773 218 1629 26270 24946 2677 1704
internal_value=-0.0010062 -0.0151591 -6.99475e-05 -0.00745546 6.4522e-05 -0.0055692 -0.0137736 -0.0206083 0.00311855 -4.34402e-05 0.000718403 -0.000308873 -0.00138919 -0.00467495 -0.00059132 0.00299309 -0.00115919 0.000308779 -0.00249393 -0.000388231 4.21585e-05 -0.00285807 8.99487e-05 0.00132022 0.00426909 -0.000218256 -0.00110297 0.000592777 0.00399502 0.0100135
internal_weight=153946 9552 144394 2582 141812 3461 1060 6091 4842 136970 35391 101579 27380 5353 22027 11575 18871 8987 9884 23816 20755 4636 74199 14865 6092 59334 28378 30956 6010 3333
internal_count=153946 9552 144394 2582 141812 3461 1060 6091 4842 136970 35391 101579 27380 5353 22027 11575 18871 8987 9884 23816 20755 4636 74199 14865 6092 59334 28378 30956 6010 3333
cat_boundaries=0 1 2 3 4 5 6 7
cat_threshold=4 16481 242 2 62464 264 4360
is_linear=0
shrinkage=0.05


Tree=119
num_leaves=31
num_cat=10
split_feature=15 18 18 15 18 16 18 0 1 10 0 11 10 1 0 10 4 15 4 10 22 14 11 1 0 1 0 4 22 0
split_gain=688.936 137.751 84.9432 50.7671 44.0054 24.6921 19.1207 48.8449 16.5253 14.8895 14.324 13.5498 15.2481 13.4004 13.1235 12.9151 11.0722 10.775 10.7276 10.2476 9.604 9.21997 8.5278 8.44819 8.8264 8.34582 10.8655 10.316 9.4067 8.31897
threshold=0.69331376394879285 0.14418139414464085 1.0000000180025095e-35 0.82830221659600056 0.17327654595137013 0.15310985204062297 0.084330355425894885 0 1 1.0471650770867935 2 7.4630761014662355 7.5227516492373985 3 4 2.8302634829926228 1.5000000000000002 0.38814794195493374 2.5000000000000004 6.1250115107791077 7.2854231979315944 6.9032449973715968 6.7675157076752059 5 6 7 8 7.5000000000000009 6.5011941067243306 9
decision_type=8 10 8 8 10 10 10 1 1 10 1 10 8 1 1 10 2 10 2 8 10 8 8 1 1 1 1 2 10 1
left_child=1 13 9 4 5 -4 7 15 10 -2 19 16 -13 -1 -10 20 21 -3 -14 -9 25 -8 -21 24 -23 26 27 -5 -28 -19
right_child=2 17 3 6 -6 -7 11 8 14 -11 -12 12 18 -15 -16 -17 -18 29 -20 22 -22 23 -24 -25 -26 -27 28 -29 -30 -31
leaf_value=-0.00043658131018212701 -0.00043658131018212701 -0.013527598969543551 0.001822753593990123 0.0072705577395542958 -0.00037392827971150514 -0.00037120881025117793 0.00033058214878337603 -0.032456689399016872 -0.022545560730914266 0.0023578132692879286 0.0013513070070582112 -0.00054581152128023729 0.010284173784547823 -0.00043658131018212701 9.5133143587777802e-05 -0.00028895709645377911 -1.946032818485044e-05 -0.0020071273434923709 0.0029947445565226883 -0.0036039923115417597 -0.0058020681620051251 -0.0029331770773310343 0.013311078659875042 0.0010787866008653781 0.004791065889914581 -0.008279568672951201 -0.0046636268030473662 -0.0090033366599088453 0.00083779283116608991 -0.0002564091480365183
leaf_weight=2673 646 236 205 437 2753 1619 7092 26 508 46 1408 822 343 2293 1650 645 121046 784 635 79 363 236 663 2135 1403 1158 182 403 55 1437
leaf_count=2673 646 236 205 437 2753 1619 7092 26 508 46 1408 822 343 2293 1650 645 121046 784 635 79 363 236 663 2135 1403 1158 182 403 55 1437
internal_value=-0.00097853 -0.0158393 -0.000225849 -0.000142939 -0.00532554 -0.0113487 2.49489e-05 -0.0024185 0.00105893 -0.0177023 0.00413603 0.000163411 0.00447222 -0.0206303 -0.00203892 -0.00704734 0.000104615 -0.00615588 0.00869121 0.00957584 -0.00864126 0.00163354 0.0107817 0.0036301 0.00633008 -0.00741611 -0.00424791 -0.00147059 -0.0134615 -0.00507654
internal_weight=153981 7423 146558 145866 4577 1824 141289 7577 4334 692 2176 133712 1800 4966 2158 3243 131912 2457 978 768 2598 10866 742 3774 1639 2235 1077 840 237 2221
internal_count=153981 7423 146558 145866 4577 1824 141289 7577 4334 692 2176 133712 1800 4966 2158 3243 131912 2457 978 768 2598 10866 742 3774 1639 2235 1077 840 237 2221
cat_boundaries=0 1 2 3 4 5 6 7 8 9 10
cat_threshold=12886 1 16641 4 256 1 43794 1 12368 80
is_linear=0
shrinkage=0.05


Tree=120
num_leaves=31
num_cat=0
split_feature=17 18 19 17 15 19 15 17 4 18 3 18 20 19 10 22 3 20 9 4 11 17 22 3 16 18 3 3 3 19
split_gain=827.454 158.739 56.4262 31.2067 20.4079 19.6483 15.7219 13.3511 14.4844 13.3031 11.1067 17.0583 15.6881 11.7088 10.8605 10.698 10.5965 31.1777 21.6824 13.1043 12.083 11.0195 13.4306 10.4515 11.1475 10.0451 43.9523 11.8307 36.662 9.22583
threshold=0.74879815593132204 0.14418139414464085 0.76378503353574334 0.74879815593132204 0.91851059460537587 0.6933121904001478 0.53815394315432463 7.5687664974793156 2.5000000000000004 0.18884174831662348 4.5000000000000009 0.25515014078952863 1.9205141307831692 7.1487814473606361 5.2449164507317256 6.4888765563634871 1.0000000180025095e-35 0.92514880752484674 1.0000000180025095e-35 9.5000000000000018 4.615615321433844 1.1118205962643211 7.5833366839763405 1.5000000000000002 0.20938128148948143 1.9813939450859666 3.5000000000000004 2.5000000000000004 1.5000000000000002 4.9735437178471757
decision_type=8 10 8 10 8 10 10 10 2 10 2 10 10 10 10 8 2 8 2 2 10 8 10 2 8 10 2 2 2 8
left_child=1 5 3 -2 -4 -1 -3 10 -9 -5 16 13 14 15 -13 -12 17 18 20 -20 -6 22 23 -18 -25 -23 27 28 -27 -19
right_child=2 6 4 9 7 -7 -8 8 -10 -11 11 12 -14 -15 -16 -17 21 29 19 -21 -22 25 -24 24 -26 26 -28 -29 -30 -31
leaf_value=-0.0004147522446730223 -0.0015473703855143073 -0.0065150485040780144 -0.00056256987423932705 -0.00031371536679305757 -0.00040525479815345378 -0.00041838920938451767 -0.00056211459674483937 0.012855764379738411 0.00086286777598778566 -1.8141958908529655e-05 -0.002055834264550205 0.0010503206659115694 0.057377993421380884 0.0037074976994277975 0.003190299285836762 -4.0321676995302985e-06 -0.0021305544888773425 -0.044740202211574868 0.0015448209982907636 0.0051148703301384657 0.001778957297460826 -0.00039742897561720895 -0.005549793433455897 0.0026293422674331657 0.00094962220971363536 0.073803745514209498 -0.093834580553033273 0.081422862283213521 -0.12359478383451504 -0.0034233910888438637
leaf_weight=3898 371 763 5864 832 8417 2613 1471 181 381 629 1341 12494 228 637 2791 17391 880 515 2703 889 5160 79222 508 851 1946 231 133 204 139 448
leaf_count=3898 371 763 5864 832 8417 2613 1471 181 381 629 1341 12494 228 637 2791 17391 880 515 2703 889 5160 79222 508 851 1946 231 133 204 139 448
internal_value=-0.000994446 -0.015932 -9.59515e-05 -0.0088155 1.53252e-05 -0.0198779 -0.00443151 0.000138354 0.00782918 -0.00552704 0.000106834 0.000877243 0.00211274 -0.000112293 0.00191855 -0.000338992 -0.000155996 0.000940326 0.00143136 0.00488586 0.000517419 -0.000392325 0.00210872 0.00316154 0.00465678 -0.000523277 0.00541018 0.0114111 0.00608108 -0.00781412
internal_weight=154131 8745 145386 1832 143554 6511 2234 137690 562 1461 137128 34882 15513 19369 15285 18732 102246 18132 17169 3592 13577 84114 4185 3677 2797 79929 707 574 370 963
internal_count=154131 8745 145386 1832 143554 6511 2234 137690 562 1461 137128 34882 15513 19369 15285 18732 102246 18132 17169 3592 13577 84114 4185 3677 2797 79929 707 574 370 963
is_linear=0
shrinkage=0.05


Tree=121
num_leaves=31
num_cat=8
split_feature=19 18 15 18 18 11 1 3 15 15 20 1 0 0 18 18 2 19 3 0 20 0 6 0 0 20 19 3 18 3
split_gain=770.577 225.606 43.3569 17.9752 16.4766 15.037 14.8655 12.1472 11.4845 9.48375 9.12934 26.1542 26.613 19.2693 9.60121 8.44776 8.70733 8.10324 7.54661 32.1929 16.1158 15.8198 13.3017 22.373 13.1863 13.2319 12.0673 10.6316 18.6078 13.9559
threshold=0.76378503353574334 0.14418139414464085 0.69331376394879285 0.18884174831662348 0.19820295294296711 7.0293532468090367 0 5.5000000000000009 0.91851059460537587 0.4649631700476346 0.10503519302845991 1 2 3 0.11082534949072302 1.1541312959691543 1.5000000000000002 0.96326941546617084 4.5000000000000009 4 1.9205141307831692 5 1.0000000180025095e-35 6 7 0.50470738819138727 5.8194007463125876 2.5000000000000004 0.70524132303200637 3.5000000000000004
decision_type=8 10 8 10 10 10 1 2 8 8 10 1 1 1 8 8 2 10 2 1 10 1 2 1 1 10 10 2 8 2
left_child=1 6 3 -2 -3 8 -1 15 -4 -6 11 13 -13 14 -10 16 -7 -5 21 20 -20 22 24 -24 27 -26 -21 28 -12 -29
right_child=2 4 5 17 9 7 -8 -9 10 -11 18 12 -14 -15 -16 -17 -18 -19 19 26 -22 -23 23 -25 25 -27 -28 29 -30 -31
leaf_value=-0.0003940146324393712 -0.00039452448121460873 -0.00036063342392658184 -0.00050311486678999149 0.00024608013643667714 -0.0055430665878833055 0.0019035454193531366 -0.0003940146324393712 0.005389520494374845 -0.0022973090811422292 -0.00012276269468706192 -0.00067651948732494471 -0.015331024702921948 -0.00074675765866565329 -0.0026383919657887223 0.032087978543522015 0.013581249995100287 3.1703484858836008e-05 -0.0024538691338059915 0.0016441583408844274 -2.4192315617233007e-05 0.053664921454265851 -0.00045988022976000136 0.00080988833580446511 -0.0016599586159291137 0.0012188414741491462 -0.0020589561376662679 -0.0029014618481192135 0.002184643316170931 -0.029066946525258222 -0.0016980195127191955
leaf_weight=3157 785 1405 5436 463 241 2479 2910 755 110 1849 2395 861 1617 537 550 220 5231 112 11851 18189 249 59849 5299 5589 15605 1580 2220 1498 289 867
leaf_count=3157 785 1405 5436 463 241 2479 2910 755 110 1849 2395 861 1617 537 550 220 5231 112 11851 18189 249 59849 5299 5589 15605 1580 2220 1498 289 867
internal_value=-0.000957211 -0.014704 -4.83974e-05 -0.00893382 -0.00458512 3.59446e-05 -0.0205332 0.00205239 -9.41742e-05 -0.00177033 5.80698e-07 -0.00245578 -0.00538741 0.0036132 0.00925373 0.00147541 0.00119974 -0.00221739 7.25215e-05 0.00072826 0.00277044 -0.000156769 0.000719848 -0.000711793 0.00142125 0.00208055 -0.000483618 -0.000825262 -0.00298063 0.00161734
internal_weight=154198 9562 144636 1360 3495 143276 6067 8685 134591 2090 129155 3675 2478 1197 660 7930 7710 575 125480 32509 12100 92971 33122 10888 22234 17185 20409 5049 2684 2365
internal_count=154198 9562 144636 1360 3495 143276 6067 8685 134591 2090 129155 3675 2478 1197 660 7930 7710 575 125480 32509 12100 92971 33122 10888 22234 17185 20409 5049 2684 2365
cat_boundaries=0 1 2 3 4 5 6 7 8
cat_threshold=4 1 338 1521 16483 48900 4868 260
is_linear=0
shrinkage=0.05


Tree=122
num_leaves=31
num_cat=4
split_feature=17 18 19 17 19 18 0 10 18 18 14 2 2 2 13 2 13 4 17 0 17 0 17 18 12 20 17 12 20 0
split_gain=819.558 165.828 53.3293 23.4617 19.6553 19.1908 18.8316 13.9347 11.4689 9.47789 8.08075 12.4997 26.3647 8.59283 16.5639 12.2586 13.2398 7.93353 11.7181 9.54731 10.6785 7.93082 7.45106 7.27828 7.23887 6.87347 6.48506 6.35528 16.2084 8.48822
threshold=0.74879815593132204 0.14418139414464085 0.73026094190808244 0.79473535973314147 0.6933121904001478 0.19519291100134981 0 7.6307039213370436 0.19980874359203527 1.9813939450859666 4.6890515642745045 1.5000000000000002 2.5000000000000004 1.5000000000000002 5.1122889024878972 2.5000000000000004 5.6028562841402358 1.5000000000000002 6.7300845694372224 1 6.403170498803628 2 0.69339229522435231 0.19341408729873136 4.6908889560840299 0.20330632509161983 6.8827599995976589 4.1596637236431482 0.36952591217244513 3
decision_type=8 10 8 8 10 10 1 10 10 10 10 2 2 2 10 2 10 2 10 1 8 1 10 8 8 10 8 10 8 1
left_child=1 4 5 8 -1 -2 22 9 25 17 13 -12 -13 14 -11 16 -15 18 19 23 -21 -20 -3 -5 -17 -4 -9 -19 -29 -30
right_child=2 6 3 7 -6 -7 -8 26 -10 10 11 12 -14 15 -16 24 -18 27 21 20 -22 -23 -24 -25 -26 -27 -28 28 29 -31
leaf_value=-0.00037431390081740237 -0.00064500425343853591 -0.0060129642430783899 -0.00019579943642507037 -0.00027369900264764271 -0.00037776901729332239 -0.00070294142724737225 -0.00014414505337321805 -0.020809543437373981 0.00028625918184386757 -0.077974272965958491 0.07437806029118979 -0.09035995786842739 0.073407791872573472 0.068526792120625277 0.064202447716496511 -0.086519843326187465 -0.10043200993886592 -0.00024347290635203802 0.0012396841291000716 0.0001355607606435716 -0.0033453122417659745 0.0041551285965033546 0.0017798077605059471 0.0025923534700857068 0.023960353400647949 -0.00081260179564188748 0.0049029021626781693 -0.00010233747837462559 0.0030589567261182895 0.0010468347977004911
leaf_weight=3923 483 780 1274 1317 2598 277 1382 43 483 170 159 100 113 247 49 70 33 84450 1075 5149 861 728 137 2553 204 465 751 34124 3061 7026
leaf_count=3923 483 780 1274 1317 2598 277 1382 43 483 170 159 100 113 247 49 70 33 84450 1075 5149 861 728 137 2553 204 465 751 34124 3061 7026
internal_value=-0.000977869 -0.0157766 -7.93378e-05 -9.86125e-06 -0.0198474 -0.0132895 -0.0042301 6.97553e-05 -0.00510801 3.26881e-05 0.00456332 0.0106183 0.00269953 0.00164942 -0.00673516 0.0049639 0.0123214 -4.27521e-06 0.00124326 0.000566802 -0.000681063 0.00495008 -0.00973571 0.0025 -0.00255474 -0.00700115 0.00667506 -0.000117557 0.000368121 0.00212898
internal_weight=154085 8820 145265 144505 6521 760 2299 142283 2222 141489 1145 372 213 773 219 554 280 140344 11683 9880 6010 1803 917 3870 274 1739 794 128661 44211 10087
internal_count=154085 8820 145265 144505 6521 760 2299 142283 2222 141489 1145 372 213 773 219 554 280 140344 11683 9880 6010 1803 917 3870 274 1739 794 128661 44211 10087
cat_boundaries=0 1 2 3 4
cat_threshold=80 54852 16384 7425
is_linear=0
shrinkage=0.05


Tree=123
num_leaves=31
num_cat=7
split_feature=17 18 20 17 1 0 3 18 20 11 5 0 4 4 4 0 0 22 1 17 18 20 11 22 9 22 0 3 20 13
split_gain=826.831 172.411 46.6017 25.5209 20.8464 17.8436 17.2802 15.3978 14.8363 12.155 10.8613 10.3416 14.672 9.92688 11.4122 38.5949 37.9724 26.5706 28.6687 19.5044 19.6301 18.4489 11.8773 11.8078 22.4123 12.1794 11.3562 21.5343 12.2654 11.1475
threshold=0.74879815593132204 0.14418139414464085 1.0000000180025095e-35 0.79473535973314147 0 1 1.5000000000000002 0.20318389976382753 0.2057593864501901 7.4630761014662355 1.0000000180025095e-35 2 10.500000000000002 1.5000000000000002 7.5000000000000009 3 4 8.2249671467809353 5 1.9763025419693736 0.42263741371633773 0.23674799394557347 4.4846958734632851 7.1316299676593182 1.0000000180025095e-35 6.570727153237045 6 2.5000000000000004 0.32842814375756396 6.830928227411202
decision_type=8 10 8 8 1 1 2 10 10 10 2 1 2 2 2 1 1 10 1 8 8 8 8 8 2 10 1 2 8 10
left_child=1 4 -2 6 -1 -3 8 -8 -4 10 13 -12 -13 -5 16 19 17 18 21 -16 -21 -15 -23 24 25 -17 27 -25 -29 -24
right_child=2 5 3 9 -6 -7 7 -9 -10 -11 11 12 -14 14 15 23 -18 -19 -20 20 -22 22 29 26 -26 -27 -28 28 -30 -31
leaf_value=-0.00035559820577653057 -0.00061275404076661108 -0.0051551674730692778 7.1702445114690819e-05 0.0012298721319836559 -0.00035559820577653057 -5.1509695854720651e-05 -0.0003818149329622822 0.00091728471679155827 -0.00048798333549009978 0.0023712696916708964 0.00019717774954988168 -0.0010619301296145051 -0.0087309684732004289 0.00083920637352949976 0.0010965910590284345 -0.0011194503846716942 -0.00042536927302971872 -0.0081566869010364588 -0.001442961938372378 -0.0024795874981685898 -0.011822727459118942 0.0033454833423752772 0.0099424936919885968 -0.00052043611149903417 0.0030928637631351787 0.0013413205173440357 -0.0001193567712246546 0.0011607977497268608 0.0050719526420762058 -0.0031351749634271455
leaf_weight=3226 239 897 433 9092 3343 1348 1526 376 214 1857 7375 10078 793 805 822 2300 58868 199 1176 1813 587 445 1280 4615 2534 9332 22184 4091 2389 101
leaf_count=3226 239 897 433 9092 3343 1348 1526 376 214 1857 7375 10078 793 805 822 2300 58868 199 1176 1813 587 445 1280 4615 2534 9332 22184 4091 2389 101
internal_value=-0.000911312 -0.0157817 -1.06512e-05 2.56393e-05 -0.0198698 -0.0038196 -0.00493331 -0.00733438 0.00212519 0.000114197 6.12228e-05 -0.00107695 -0.00205634 0.000230566 0.000103267 0.000661673 -0.000346725 0.00435757 0.00529945 -0.00462562 -0.00691667 0.0082003 0.0109803 0.00102149 0.00223069 0.00130244 0.000507077 0.00181225 0.00367284 0.0132694
internal_weight=154338 8814 145524 145285 6569 2245 2549 1902 647 142736 140879 18246 10871 122633 113541 50667 62874 4006 3807 3222 2400 2631 1826 47445 14166 11632 33279 11095 6480 1381
internal_count=154338 8814 145524 145285 6569 2245 2549 1902 647 142736 140879 18246 10871 122633 113541 50667 62874 4006 3807 3222 2400 2631 1826 47445 14166 11632 33279 11095 6480 1381
cat_boundaries=0 1 2 3 4 5 6 7
cat_threshold=4 80 61716 512 512 2 37129
is_linear=0
shrinkage=0.05


Tree=124
num_leaves=31
num_cat=3
split_feature=17 20 19 17 10 1 8 12 11 10 1 8 6 12 19 11 10 20 1 10 4 20 6 10 20 19 15 20 9 19
split_gain=785.806 135.316 56.0262 26.7805 22.2135 13.5216 12.8549 12.7521 12.3849 14.1482 8.58574 7.30764 7.67815 7.08101 12.3801 8.99111 8.89456 7.28123 25.7899 12.3766 6.75965 6.35156 10.2802 8.56539 8.74549 8.45654 8.57706 8.14345 8.03957 7.97538
threshold=0.74879815593132204 0.14043528666188551 0.6933121904001478 0.79473535973314147 0.71754226264466137 0 6.5000000000000009 0.71754226264466137 7.4630761014662355 7.5227516492373985 1 5.5000000000000009 1.0000000180025095e-35 3.2976852969449926 3.1896877399293557 3.0468977391027221 2.7757039971150994 0.080481462141805085 2 4.3208156828808217 2.5000000000000004 0.24677126105350422 1.0000000180025095e-35 5.1360924682260398 0.45961541742143441 5.0441185162808422 5.7507697158752471 0.39587923886541704 1.0000000180025095e-35 3.5258544043041531
decision_type=8 10 8 8 10 1 2 10 10 8 1 2 2 10 10 8 8 10 1 10 2 10 2 8 10 10 8 10 2 10
left_child=1 5 6 -4 7 -1 -2 10 13 -10 -3 -7 -13 17 15 -15 -16 18 -5 -20 -11 22 28 25 -25 27 -27 -23 29 -18
right_child=2 4 3 8 -6 11 -8 -9 9 20 -12 12 -14 14 16 -17 21 -19 19 -21 -22 23 -24 24 -26 26 -28 -29 -30 -31
leaf_value=-0.00033781829548770184 -0.0010602187421306752 -0.00043453351015415587 -0.00025136399093937943 0.0048157356170920543 7.6365037303488533e-06 -0.00033781829548770184 0.0016843399752042465 -0.00036418743859684133 -0.00070011871960060654 0.0087179412085182772 -0.0008531410476384949 -0.00033781829548770184 -0.00022832343218053276 -0.0013036243852774911 0.0080296280306801481 0.006028343438089845 0.0013666562296341224 -0.00013969220070415568 -0.0097098860405372411 0.027512273250795263 0.0029731816859472904 0.00088931119062909405 -0.00077800121778190965 0.0003807366790049116 0.0026013711628467997 -0.0028742146758936162 0.010024404532848719 -0.0013440078774127784 0.00059867235645383321 -0.00045871766255278779
leaf_weight=2812 386 963 2447 965 658 1520 67 429 844 363 1703 526 170 277 476 766 855 72535 1397 53 717 4697 8718 18723 6125 1122 69 4727 8002 10998
leaf_count=2812 386 963 2447 965 658 1520 67 429 844 363 1703 526 170 277 476 766 855 72535 1397 53 717 4697 8718 18723 6125 1122 69 4727 8002 10998
internal_value=-0.000925962 -0.015451 -4.83386e-05 6.55733e-06 -0.00826672 -0.0208134 -0.0176049 -0.0100404 9.56617e-05 0.00408004 -0.0113278 -0.0178926 -0.0136494 4.11017e-05 0.000420639 0.00582454 0.000333271 -0.000290861 -0.00299172 -0.0072069 0.00787037 0.000282654 -0.00027211 0.000729634 0.00123752 -0.000459256 -0.00442905 4.24448e-05 0.000356333 -0.000470345
internal_weight=154110 8781 145329 144876 3753 5028 453 3095 142429 1924 2666 2216 696 140505 65555 1043 64512 74950 2415 1450 1080 64036 28573 35463 24848 10615 1191 9424 19855 11853
internal_count=154110 8781 145329 144876 3753 5028 453 3095 142429 1924 2666 2216 696 140505 65555 1043 64512 74950 2415 1450 1080 64036 28573 35463 24848 10615 1191 9424 19855 11853
cat_boundaries=0 1 2 3
cat_threshold=4 1 1
is_linear=0
shrinkage=0.05


Tree=125
num_leaves=31
num_cat=6
split_feature=17 18 19 17 3 19 0 18 20 3 0 12 20 0 3 20 18 19 19 12 11 3 0 20 0 3 0 20 20 3
split_gain=788.979 176.302 56.9096 20.645 27.1782 20.4771 13.4527 12.5087 12.4189 10.9012 39.6623 17.1745 18.7789 16.0397 22.6618 46.7419 15.7025 14.7966 13.8736 14.138 12.7183 10.9095 38.1764 23.7873 15.6334 34.86 37.9886 25.3873 19.4993 25.6385
threshold=0.74879815593132204 0.14418139414464085 0.6933121904001478 0.79473535973314147 1.5000000000000002 0.72017818776715636 0 0.22208797884218831 0.20330632509161983 4.5000000000000009 1 5.6243783867515438 0.76199920273609778 2 3.5000000000000004 0.87327206558454729 1.340064686606284 2.9139397754017575 5.6658976716624254 5.4385139026054903 3.2600159261750652 1.0000000180025095e-35 3 0.85180327947010093 4 2.5000000000000004 5 0.87327206558454729 0.32842814375756396 3.5000000000000004
decision_type=8 10 8 8 2 10 1 10 10 2 1 8 10 1 2 10 10 8 8 10 10 2 1 10 1 2 1 10 8 2
left_child=1 5 -2 4 8 -1 -3 -6 -4 13 11 -11 -13 14 20 17 21 -16 19 -12 -5 22 23 -15 27 26 -26 -23 -27 -30
right_child=2 6 3 9 7 -7 -8 -9 -10 10 18 12 -14 16 15 -17 -18 -19 -20 -21 -22 24 -24 -25 25 28 -28 -29 29 -31
leaf_value=-0.00032092738071331508 -0.0012105272572525251 -0.0049648195095245212 8.0685522405926641e-05 -0.00074432774766022012 -0.00034665539442291227 -0.00026893559569404757 -6.9903869023690843e-05 0.0016096793531165999 -0.00043048446484623141 0.00053152957780981951 -1.4376433098894915e-05 0.0022105103177311402 0.023800661824283888 0.0030518931800691098 -0.00053876750095129271 -0.026873978157185341 0.012175910745113061 -0.0032918399559195288 -0.0025962087419790117 0.0070939907631936364 0.0018436178304976681 -0.00099534031557633193 -0.00049777240699162568 -0.06892451374629259 -0.0076133378404804721 0.00033161377881847366 -0.00028425958723432565 0.0063287338377350684 0.0056407175605847739 0.00060781569672836439
leaf_weight=4719 454 912 425 19032 1599 1755 1359 272 198 5059 20624 6412 762 6205 3256 524 366 1567 3206 228 3210 16746 9139 197 2090 16424 19105 690 3837 3629
leaf_count=4719 454 912 425 19032 1599 1755 1359 272 198 5059 20624 6412 762 6205 3256 524 366 1567 3206 228 3210 16746 9139 197 2090 16424 19105 690 3837 3629
internal_value=-0.000934572 -0.0155203 -5.64521e-05 -1.0359e-06 -0.00451083 -0.0197251 -0.00353369 -0.00752272 0.00453451 7.79998e-05 0.000825962 0.00314261 0.00471843 -0.000178037 -0.00121472 -0.00413783 0.000186772 -0.00259693 -0.000353166 0.000117495 -0.000512544 0.000138352 0.00132392 0.00428104 -0.000156347 0.000335403 -0.0011406 -0.00142726 0.00164504 0.00376373
internal_weight=154001 8745 145256 144802 2494 6474 2271 1871 623 142308 36291 12233 7174 106017 27589 5347 78428 4823 24058 20852 22242 78062 15541 6402 62521 45085 21195 17436 23890 7466
internal_count=154001 8745 145256 144802 2494 6474 2271 1871 623 142308 36291 12233 7174 106017 27589 5347 78428 4823 24058 20852 22242 78062 15541 6402 62521 45085 21195 17436 23890 7466
cat_boundaries=0 1 2 3 4 5 6
cat_threshold=80 16481 242 62464 24576 264
is_linear=0
shrinkage=0.05


Tree=126
num_leaves=31
num_cat=0
split_feature=17 18 19 17 19 15 8 10 18 19 4 17 12 19 20 18 22 17 8 4 9 6 21 17 19 8 18 14 22 18
split_gain=785.375 185.139 53.7278 25.8834 19.0388 16.3976 11.207 10.0692 9.74357 8.56462 7.57531 10.1409 7.39954 11.8496 10.9203 10.7153 9.377 9.47631 10.7972 7.76531 13.7342 7.6392 11.8709 8.73115 10.0871 8.26567 7.90334 7.49049 7.3758 7.01416
threshold=0.74879815593132204 0.14418139414464085 0.6933121904001478 0.79473535973314147 0.6933121904001478 0.53815394315432463 6.5000000000000009 7.6307039213370436 0.18700763890271449 6.7705651253726717 1.5000000000000002 6.7300845694372224 3.4672959664678489 3.5258544043041531 0.30779007254688961 0.17242656224979208 6.5359038123814708 7.3323126664148139 6.5000000000000009 9.5000000000000018 1.0000000180025095e-35 1.0000000180025095e-35 8.2065830187377617 6.4898676481519173 5.2624668362929254 6.5000000000000009 0.90551925350337659 4.6410197225304328 6.9778068581994885 1.1541312959691543
decision_type=8 10 8 8 10 10 2 10 10 8 2 10 10 10 10 10 8 10 2 2 2 2 10 10 10 2 10 8 8 10
left_child=1 4 6 8 -1 -3 -2 10 -4 -9 11 -5 -12 15 19 -14 17 18 -16 -15 -21 23 -23 24 27 -24 -26 -18 -7 -25
right_child=2 5 3 7 -6 28 -8 9 -10 -11 12 -13 13 14 16 -17 21 -19 -20 20 -22 22 25 29 26 -27 -28 -29 -30 -31
leaf_value=-0.00030488101167764904 -0.00092405041783640842 -0.0054375216471455462 -0.00024318275942741276 0.00044578461110033886 -0.00030816337232977278 -0.0057626201196439159 0.0014969050487454727 -0.022124063829230246 -3.4752887226879857e-05 0.0042938972581645363 -0.00026795289666924071 0.0023268168132239086 0.0033862527807410727 -0.00038463322275728018 0.0027010364192158855 0.0010474881476208898 -0.0014532541430811287 -0.0081359885558441869 0.0066206428163598568 -0.00018884249092459006 0.0015159417899798244 0.0019151369505722383 -0.0014582061420453487 0.0012921004161638994 -0.0041789025175841049 -0.011630382161122511 0.0058775201732782952 0.001638284970368531 0.00036262755339945833 0.012420865524612924
leaf_weight=3927 387 780 1780 9974 2602 90 62 46 713 745 72146 1765 731 26748 1363 1932 3083 64 219 6536 2906 6653 275 2483 1469 99 120 2931 1391 81
leaf_count=3927 387 780 1780 9974 2602 90 62 46 713 745 72146 1765 731 26748 1363 1932 3083 64 219 6536 2906 6653 275 2483 1469 99 120 2931 1391 81
internal_value=-0.00092488 -0.015438 -4.69682e-05 6.55797e-06 -0.0197082 -0.00310703 -0.0173163 9.49996e-05 -0.00504412 0.00572061 6.35692e-05 0.00127992 -4.64036e-05 0.000375695 0.000218063 0.00363312 0.00119427 0.00479951 0.00556258 -0.000290135 0.000942597 0.000849133 0.00211684 -2.70483e-05 -0.000877943 -0.0065508 -0.00442102 5.81975e-05 -1.68805e-05 0.0024961
internal_weight=154101 8790 145311 144862 6529 2261 449 142369 2493 791 141578 11739 129839 57693 55030 2663 18840 1646 1582 36190 9442 17194 7027 10167 7603 374 1589 6014 1481 2564
internal_count=154101 8790 145311 144862 6529 2261 449 142369 2493 791 141578 11739 129839 57693 55030 2663 18840 1646 1582 36190 9442 17194 7027 10167 7603 374 1589 6014 1481 2564
is_linear=0
shrinkage=0.05


Tree=127
num_leaves=31
num_cat=10
split_feature=17 20 20 16 17 1 16 17 4 7 1 0 0 1 20 6 4 14 0 22 0 20 22 16 21 4 0 0 22 1
split_gain=774.557 141.552 44.7772 42.7496 19.0757 11.4512 10.5952 8.42168 16.9247 8.1548 20.2318 15.1559 13.7553 11.5438 10.5299 8.49539 7.68795 9.24626 8.64279 7.35367 7.026 6.50069 6.60377 6.43466 6.29766 6.20658 43.9546 32.7323 26.3435 29.2076
threshold=0.74879815593132204 0.13775605837701535 1.0000000180025095e-35 0.18575945305534244 0.79473535973314147 0 0.12351095566749935 7.5687664974793156 2.5000000000000004 6.5000000000000009 1 2 3 4 2.2443719298359626 1.0000000180025095e-35 1.5000000000000002 7.0470822496030268 5 7.0095110950838517 6 2.2443719298359626 6.5580043817628795 0.24665914280835469 7.675080887828444 7.5000000000000009 7 8 8.3412000329638847 9
decision_type=8 10 8 10 8 1 8 10 2 8 1 1 1 1 8 2 2 10 1 10 1 10 10 8 8 2 1 1 10 1
left_child=1 5 -2 6 23 -1 -3 9 -9 16 12 -12 -11 -13 15 -14 17 18 -6 -5 -15 25 -23 -4 -7 27 -27 28 29 -18
right_child=2 3 4 19 7 24 -8 8 -10 10 11 13 14 20 -16 -17 21 -19 -20 -21 -22 22 -24 -25 -26 26 -28 -29 -30 -31
leaf_value=-0.00028963696109376438 -0.00042237651786729562 -0.00038519041181290516 -0.00022474162903883823 -0.005477530560361466 0.0099751188761681656 -0.00028963696109376438 -0.00075258206847364788 0.011405370112381342 9.5061593867740157e-05 -0.0034778926752993436 0.0047874273962940535 -0.018492718645756114 -0.0014488026092717378 -0.0032386490732436491 0.047316801406918255 0.012930315223782874 0.004447812936560225 0.0035596978949293369 0.00037021278645484881 -0.00029395076941691746 -0.0099597979688971008 0.052920192029365425 0.03312582533081565 4.0795485441563756e-05 -0.00028963696109376438 -0.0035006037827030492 0.00038675212718350952 -0.00044804168473462359 -0.0095853013933708386 -0.0017197895601072462
leaf_weight=2810 226 1334 2069 125 430 1142 992 188 387 429 280 300 417 433 263 121 3014 866 10274 1408 364 170 384 486 942 3658 54086 65359 193 1318
leaf_count=2810 226 1334 2069 125 430 1142 992 188 387 429 280 300 417 433 263 121 3014 866 10274 1408 364 170 384 486 942 3658 54086 65359 193 1318
internal_value=-0.000974312 -0.0154204 -0.000106544 -0.00825991 -7.19986e-05 -0.0210666 -0.0125322 4.54755e-06 0.00604348 -1.98442e-05 -0.00279056 -0.00695352 0.00186992 -0.00955285 0.00570284 0.0017658 3.18421e-05 0.00126621 0.000864163 -0.00177756 -0.0064931 -7.95744e-05 0.00532491 -0.00435421 -0.0182582 -0.000103034 0.000280549 -0.000419982 0.00368798 0.00450139
internal_weight=154468 8753 145715 3859 145489 4894 2326 142934 575 142359 2607 1377 1230 1097 801 538 139752 11570 10704 1533 797 128182 554 2555 2084 127628 57744 69884 4525 4332
internal_count=154468 8753 145715 3859 145489 4894 2326 142934 575 142359 2607 1377 1230 1097 801 538 139752 11570 10704 1533 797 128182 554 2555 2084 127628 57744 69884 4525 4332
cat_boundaries=0 1 2 3 4 5 6 7 8 9 10
cat_threshold=4 1 49677 10758 2 64 224 512 512 2
is_linear=0
shrinkage=0.05


Tree=128
num_leaves=31
num_cat=7
split_feature=17 18 19 19 17 3 18 20 8 0 3 10 3 0 1 17 20 3 3 3 3 3 3 0 0 3 0 1 18 22
split_gain=741.664 171.798 56.3285 37.6367 19.9406 23.4405 15.4256 13.3635 13.3374 11.0484 9.0138 8.99862 9.77302 8.60614 8.49381 7.71282 7.68788 22.8649 12.0762 25.5703 12.8674 30.3705 6.68147 47.6833 16.8544 16.6457 43.9179 17.2955 20.48 13.8236
threshold=0.74879815593132204 0.14418139414464085 0.6933121904001478 0.72017818776715636 0.79473535973314147 1.5000000000000002 0.22208797884218831 0.20505393593781615 6.5000000000000009 0 5.5000000000000009 7.3674875639408812 3.5000000000000004 1 2 6.448264950408702 2.2443719298359626 1.0000000180025095e-35 1.5000000000000002 2.5000000000000004 3.5000000000000004 4.5000000000000009 1.0000000180025095e-35 3 4 1.5000000000000002 5 6 0.75154344666447714 8.551412005653015
decision_type=8 10 8 10 8 2 10 10 2 1 2 10 2 1 1 8 10 2 2 2 2 2 2 1 1 2 1 1 10 8
left_child=1 3 8 14 5 7 -7 -4 -2 -3 -11 16 -13 -5 -1 -14 22 -18 -19 -20 -21 -22 23 29 -25 26 27 28 -24 -6
right_child=2 9 4 13 11 6 -8 -9 -10 10 -12 12 15 -15 -16 -17 17 18 19 20 21 -23 25 24 -26 -27 -28 -29 -30 -31
leaf_value=-0.00027515511303907725 -0.00082803879080610714 -0.0045149498810113714 9.1775083550293957e-05 -0.0002316712220067574 0.003131110704205309 -0.00032416926979039198 0.002104957957203335 -0.00031202355697645956 0.0017247214267317847 -0.00073482177662071444 0.0081356277428224714 0.00066622951707930869 -0.021308693721296956 -2.3190664919603423e-05 -0.00027515511303907725 0.0047555769153595495 -0.083394958957261747 0.077637201101360104 -0.13806209856087265 0.079775529945430315 -0.1087382688204952 0.051739033070791668 -0.0014004331236716406 -0.021619178970170766 -0.00037590087570129607 7.4437877068989083e-05 0.00017899277186965714 -0.004284687639513618 0.013939752794667372 -0.00027885831013017007
leaf_weight=2831 383 898 410 1575 5372 1547 277 201 69 1171 200 1871 28 187 1948 702 79 112 79 122 62 132 3258 710 11007 99382 13295 4422 248 1326
leaf_count=2831 383 898 410 1575 5372 1547 277 201 69 1171 200 1871 28 187 1948 702 79 112 79 122 62 132 3258 710 11007 99382 13295 4422 248 1326
internal_value=-0.0009311 -0.015017 -7.58129e-05 -0.0191293 -2.07409e-05 -0.00450719 -0.00734649 0.0039689 -0.0176991 -0.00316219 -0.000307748 5.60802e-05 0.00297001 -0.0128831 -0.0214323 0.00787671 1.79075e-06 0.00571672 0.00961538 0.00550633 0.0118671 0.00386598 -2.22989e-05 0.000864784 -0.00105952 -0.000157746 -0.00142887 -0.00437138 -0.00175414 0.0042263
internal_weight=153904 8810 145094 6541 144642 2435 1824 611 452 2269 1371 142207 2601 1762 4779 730 139606 586 507 395 316 194 139020 18415 11717 120605 21223 7928 3506 6698
internal_count=153904 8810 145094 6541 144642 2435 1824 611 452 2269 1371 142207 2601 1762 4779 730 139606 586 507 395 316 194 139020 18415 11717 120605 21223 7928 3506 6698
cat_boundaries=0 1 2 3 4 5 6 7
cat_threshold=80 18 4 62624 320 16794 2
is_linear=0
shrinkage=0.05


Tree=129
num_leaves=31
num_cat=7
split_feature=19 16 17 16 0 0 5 4 15 0 4 0 0 22 19 19 9 17 10 10 17 19 22 9 19 16 0 0 3 22
split_gain=709.849 138.345 59.1368 21.1767 18.6689 17.0396 10.0553 12.4046 17.1504 22.3166 13.7077 37.5424 33.2491 23.4012 22.6217 25.05 18.4003 17.0317 16.6014 14.2384 13.9734 12.2843 11.8108 19.0869 11.3426 11.2233 11.0757 10.5663 17.7793 10.4647
threshold=0.73026094190808244 0.13144541920016126 0.79473535973314147 0.19508951139049388 0 1 1.0000000180025095e-35 3.5000000000000004 6.9325992390195621 2 7.5000000000000009 3 4 8.2603597077224169 2.6249933326814792 5.889943836215541 1.0000000180025095e-35 1.9763025419693736 5.2837110854532625 6.3210380056659163 6.5984685798154823 3.2223553924829926 7.1291664318690664 1.0000000180025095e-35 5.6658976716624254 0.13269776114408313 5 6 2.5000000000000004 6.9062491214137172
decision_type=8 10 8 8 1 1 2 2 8 1 2 1 1 10 10 10 2 8 10 8 8 8 8 2 10 10 1 1 2 8
left_child=1 5 3 -2 -3 -1 7 8 26 -10 12 17 13 14 -9 -16 20 25 -19 -17 -14 -22 23 -13 -20 -12 -4 28 -24 -18
right_child=2 4 6 -5 -6 -7 -8 10 9 -11 11 22 16 -15 15 19 29 18 24 -21 21 -23 27 -25 -26 -27 -28 -29 -30 -31
leaf_value=-0.00026139735738712203 -0.00020826991653799531 -0.0013840297725212448 -0.00056396900957117468 -0.00017498063199368474 -0.00013542689655074991 -0.00031841196310691822 -0.00067287572866470136 -0.0013749689180239779 0.00021063696770959873 0.004895830903461751 0.011169972071811536 0.00068123629989657046 5.6010557133223674e-06 -0.0065426000058028677 0.0090731203605936891 -0.0048313783123730136 -0.0032460320499686501 -0.0062104568579060887 0.0052241624049367726 0.0024823795483270628 -0.017747362640010346 -0.0013001660072519351 -0.00058076329756662215 0.0029020268074054778 -0.0020161273689749404 -0.0022153141345629735 0.00071251902126336921 -0.0002045565715295683 0.0020386313506267849 -0.0011315384027727581
leaf_weight=5206 2395 953 9815 1696 1350 169 18265 746 3453 3812 160 11734 25079 192 1124 147 1611 1682 171 548 211 7444 5173 2553 587 645 12620 21104 7297 6030
leaf_count=5206 2395 953 9815 1696 1350 169 18265 746 3453 3812 160 11734 25079 192 1124 147 1611 1682 171 548 211 7444 5173 2553 587 645 12620 21104 7297 6030
internal_value=-0.000894643 -0.0157137 -0.000116888 -0.00604375 -0.00546027 -0.020107 5.36205e-05 0.000215027 0.00110606 0.00321748 -6.57909e-05 0.000488201 -0.000722202 0.00458077 0.0058577 0.00886476 -0.00108518 -0.00470814 -0.00680328 0.00140288 -0.000569744 -0.00243958 0.000841324 0.00204557 -0.000659631 0.00158385 0.000422331 0.000329124 0.00148237 -0.00329473
internal_weight=153972 7678 146294 4091 2303 5375 142203 123938 29700 7265 94238 51106 43132 2757 2565 1819 40375 3245 2440 695 32734 7655 47861 14287 758 805 22435 33574 12470 7641
internal_count=153972 7678 146294 4091 2303 5375 142203 123938 29700 7265 94238 51106 43132 2757 2565 1819 40375 3245 2440 695 32734 7655 47861 14287 758 805 22435 33574 12470 7641
cat_boundaries=0 1 2 3 4 5 6 7
cat_threshold=80 82 26902 512 512 441 37193
is_linear=0
shrinkage=0.05


Tree=130
num_leaves=31
num_cat=5
split_feature=19 18 17 16 8 0 1 10 2 15 18 18 14 2 2 4 18 5 4 0 0 18 4 1 21 19 17 21 4 18
split_gain=734.969 188.287 57.9366 18.9124 11.5965 11.2365 12.2922 10.506 12.0448 9.6251 8.29707 8.12217 7.33264 11.2173 29.1006 6.72243 6.50712 6.30472 9.48896 33.6297 9.78614 7.94761 8.53079 7.74997 7.25301 7.09273 10.9257 6.70754 6.29424 6.25436
threshold=0.73026094190808244 0.14418139414464085 0.79473535973314147 0.19508951139049388 6.5000000000000009 0 1 7.2074894297125427 2.5000000000000004 0.69331376394879285 1.9813939450859666 1.0000000180025095e-35 4.6890515642745045 1.5000000000000002 2.5000000000000004 6.5000000000000009 0.20318389976382753 1.0000000180025095e-35 9.5000000000000018 2 3 0.34066634151602376 3.5000000000000004 4 8.0041954117697518 4.8462388508441432 4.6483722507917218 7.2865340632265418 2.5000000000000004 0.19980874359203527
decision_type=8 10 8 8 2 1 1 10 2 8 10 10 10 2 2 2 10 2 2 1 1 10 2 1 8 8 10 10 2 10
left_child=1 5 3 15 16 6 -1 10 -9 -7 17 -8 -12 -14 -15 -2 -3 -4 20 24 -19 25 23 -23 -20 26 -22 -21 -10 -5
right_child=2 4 7 29 -6 9 11 8 28 -11 12 -13 13 14 -16 -17 -18 18 19 27 21 22 -24 -25 -26 -27 -28 -29 -30 -31
leaf_value=-0.00024832748951776341 -0.00012177149910727048 -0.0025206644164673 5.0315137817413814e-05 -0.00044486703281910181 0.00044941634972512636 1.965560408925815e-05 -0.00024832748951776341 0.0021633806853309069 0.0024730911566164249 -0.0082210764783098751 0.013990151869960821 -0.00038107748531020507 0.065061952112903318 -0.086833743747096404 0.065996069358855852 -0.00023068012710093512 -0.0021489483109341902 -0.0016272384613755355 -0.0065472780842027014 0.0015207514716829797 0.0002901366571241404 -0.0049955451581480403 0.0040951375257481269 0.002694202917071209 -0.0034282164346963518 -0.0011383764018373821 0.0056196348097111055 -0.0013604272026597642 -0.0015475135843015409 0.00036734511359682865
leaf_weight=2991 999 482 118753 951 866 64 1620 3128 434 72 749 764 149 102 117 1386 885 3627 1622 1588 3681 415 1178 710 988 3064 201 561 1328 705
leaf_count=2991 999 482 118753 951 866 64 1620 3128 434 72 749 764 149 102 117 1386 885 3627 1622 1588 3681 415 1178 710 988 3064 201 561 1328 705
internal_value=-0.000897328 -0.0159091 -0.000103458 -0.00600718 -0.00366099 -0.0208719 -0.021221 6.40823e-05 0.00234151 -0.00513699 -1.69085e-05 -0.0185822 0.00427484 0.0100543 0.00285388 -0.00885744 -0.0065289 -5.20574e-05 -0.000934222 -0.00284198 -0.000229108 0.000634518 0.00318063 6.66667e-05 -0.00664122 -0.000208753 0.00121072 0.00179481 -0.000964813 -0.00190217
internal_weight=154180 7744 146436 4041 2233 5511 5375 142395 4890 136 137505 2384 1117 368 219 2385 1367 136388 17635 4759 12876 9249 2303 1125 2610 6946 3882 2149 1762 1656
internal_count=154180 7744 146436 4041 2233 5511 5375 142395 4890 136 137505 2384 1117 368 219 2385 1367 136388 17635 4759 12876 9249 2303 1125 2610 6946 3882 2149 1762 1656
cat_boundaries=0 1 2 3 4 5
cat_threshold=82 4 623 36064 4
is_linear=0
shrinkage=0.05


Tree=131
num_leaves=31
num_cat=4
split_feature=19 20 17 16 3 17 20 16 20 19 4 20 20 3 3 3 3 3 0 17 0 16 3 0 20 19 17 22 3 0
split_gain=723.069 151.933 57.3924 27.6053 18.4741 14.9085 14.1189 12.4455 10.6734 9.88978 19.2541 9.21346 9.08497 21.3232 10.3527 24.8431 10.045 32.2032 8.69042 8.32872 7.20006 6.2946 6.22052 41.6107 19.2253 13.2836 17.4609 19.5463 12.322 42.39
threshold=0.72017818776715636 0.13164897187499633 0.79473535973314147 0.12806079548960078 1.5000000000000002 0.74879815593132204 0.20505393593781615 0.23409538931324972 0.14043528666188551 7.3480325377870965 2.5000000000000004 0.21095475912120176 2.2443719298359626 1.0000000180025095e-35 1.5000000000000002 2.5000000000000004 3.5000000000000004 5.5000000000000009 0 0.62398357544636374 1 0.264885275311118 1.0000000180025095e-35 2 0.92514880752484674 5.2813009398993662 4.7646333947895032 7.2992029009929444 1.5000000000000002 3
decision_type=8 10 8 10 2 10 10 8 10 10 2 10 10 2 2 2 2 2 1 10 1 10 2 1 8 10 10 10 2 1
left_child=1 -1 4 19 5 8 20 -6 -2 12 -11 -10 22 -14 -15 -16 -17 -18 -5 -3 -7 -13 23 -4 25 26 -25 -28 29 -24
right_child=2 3 9 18 7 6 -8 -9 11 10 -12 21 13 14 15 16 17 -19 -20 -21 -22 -23 28 24 -26 -27 27 -29 -30 -31
leaf_value=-0.00023591111504187579 -9.2689349584054731e-05 -0.0092667808518573647 0.0024089749805053296 -0.0045845917830444954 -0.00026777043960699021 0.00015639496852322689 -0.00030289080825934568 -0.00014112579270474934 1.3103749196097248e-05 0.0080625745014646366 0.0005095416199218495 -0.00045123745956024419 -0.07955788834139485 0.071403019326172643 -0.13038822117565713 0.073673895402276243 -0.09563552601504105 0.050038576600819187 0.00012886324287365026 -0.0019602913637136511 1.2370118150423215e-05 0.0026873803013432508 -0.003979962800181802 -0.000305746554578798 -0.018672523020213518 -0.0022677991324030924 0.0076547262007510943 -0.0040603151764405437 0.00010297078707841579 -0.00010576875803680608
leaf_weight=4704 172 672 8632 634 2831 285 186 629 195 491 1258 193 76 114 80 121 73 124 1017 103 141 59 3334 5648 576 2924 549 244 99923 18191
leaf_count=4704 172 672 8632 634 2831 285 186 629 195 491 1258 193 76 114 80 121 73 124 1017 103 141 59 3334 5648 576 2924 549 244 99923 18191
internal_value=-0.000796315 -0.0163464 -4.23328e-05 -0.00618302 -0.00548391 -0.000223396 0.00531046 -0.00735549 -0.00569467 0.000136979 0.00387364 -0.00162192 9.04992e-05 0.00629252 0.00996094 0.00615578 0.0124214 0.00545685 -0.00252877 -0.0139677 0.0103286 -0.00793651 6.44546e-05 0.000916653 -0.00128882 -0.000744794 0.000523987 0.00747163 -6.58718e-05 -0.00115099
internal_weight=154179 7130 147049 2426 4691 1231 612 3460 619 142358 1749 447 140609 588 512 398 318 197 1651 775 426 252 140021 18573 9941 9365 6441 793 121448 21525
internal_count=154179 7130 147049 2426 4691 1231 612 3460 619 142358 1749 447 140609 588 512 398 318 197 1651 775 426 252 140021 18573 9941 9365 6441 793 121448 21525
cat_boundaries=0 1 2 3 4
cat_threshold=80 2 62632 394
is_linear=0
shrinkage=0.05


Tree=132
num_leaves=31
num_cat=8
split_feature=17 20 20 15 18 20 18 3 17 0 1 22 1 3 20 18 20 10 18 5 0 1 0 17 0 6 10 0 17 20
split_gain=615.196 229.096 47.2996 19.3139 12.1166 45.8195 26.9888 13.4321 11.9493 28.5266 18.2892 15.4373 17.4412 12.5032 18.8401 11.0428 10.7098 11.54 10.3611 10.2942 9.68116 9.66223 13.2999 9.60234 9.18614 13.3432 8.5379 8.34033 9.45913 8.18148
threshold=0.74879815593132204 0.13775605837701535 1.0000000180025095e-35 0.53815394315432463 1.0000000180025095e-35 0.21095475912120176 0.20164947538604197 5.5000000000000009 0.79473535973314147 0 1 7.0492674661447481 2 1.5000000000000002 0.20505393593781615 0.20255888853594856 0.65141346032469916 6.2360759619286528 0.14418139414464085 1.0000000180025095e-35 3 4 5 7.5687664974793156 6 1.0000000180025095e-35 7.5737881340590762 7 0.78217582516746165 0.15952840157531062
decision_type=8 10 8 8 10 10 10 2 10 1 1 10 1 2 8 10 8 8 10 2 1 1 1 10 1 2 8 1 8 10
left_child=1 21 -2 18 5 7 -6 -5 9 13 16 12 -12 14 27 20 -11 -18 -3 23 -15 22 -1 -10 29 -26 -25 -4 -29 -14
right_child=2 3 8 4 6 -7 -8 -9 19 10 11 -13 24 15 -16 -17 17 -19 -20 -21 -22 -23 -24 26 25 -27 -28 28 -30 -31
leaf_value=-0.0001885642685273803 -0.00032257395433629157 -0.011966486934532505 0.00011177478694939514 3.055073359074512e-05 -0.00031891735943432865 -0.00043784893757989329 0.00026774744841228103 -0.00078081948438324389 0.00013319645643394828 0.0024142439781036809 -0.021459421058009666 0.022496010376893683 0.029097256605360847 -0.00047192708350137505 -0.0010846601516186106 0.00072248294980537539 -0.031987564606287336 0.030849903310574536 -0.0045534422396911692 -0.00067433760511748098 -0.00081768395691962929 -0.00022411555928978367 -0.00022411555928978367 -0.0040059545570978903 -0.0010538192513950496 -0.030731652165775739 0.0062971922298171723 0.00020097189715929665 -0.0011213577774266349 0.0011848169762592065
leaf_weight=121 239 237 294 329 1076 216 1346 59 118382 950 227 113 91 1576 918 428 57 596 589 17805 1595 2114 2699 69 700 153 421 91 95 227
leaf_count=121 239 237 294 329 1076 216 1346 59 118382 950 227 113 91 1576 918 428 57 596 589 17805 1595 2114 2699 69 700 153 421 91 95 227
internal_value=-0.000833642 -0.0136809 -5.53345e-05 -0.00454309 -0.00269332 0.00364238 -0.00427333 0.0139175 -1.8648e-05 -0.00188324 0.0018726 -0.00206817 -0.00350501 -0.00421909 -0.000214592 -0.00578633 0.00559888 0.0105283 -0.0113196 9.20052e-05 -0.00680385 -0.0208148 -0.0227305 0.000259943 -0.00104611 -0.00373696 0.0072449 0.0078125 -0.000765306 0.00609756
internal_weight=153813 8786 145027 3852 3026 604 2422 388 144788 8111 3114 1511 1398 4997 1398 3599 1603 653 826 136677 3171 4934 2820 118872 1171 853 490 480 186 318
internal_count=153813 8786 145027 3852 3026 604 2422 388 144788 8111 3114 1511 1398 4997 1398 3599 1603 653 826 136677 3171 4934 2820 118872 1171 853 490 480 186 318
cat_boundaries=0 1 2 3 4 5 6 7 8
cat_threshold=10846 1 2 518 4 580 16417 2
is_linear=0
shrinkage=0.05


Tree=133
num_leaves=31
num_cat=7
split_feature=19 20 17 16 3 17 16 20 17 20 20 20 20 3 0 20 19 19 3 0 0 17 0 3 0 0 0 3 20 16
split_gain=690.571 144.62 35.4929 27.2475 15.4141 14.0356 12.5072 10.5284 10.4296 20.1985 26.8304 10.1351 12.1601 9.52886 33.8962 14.1547 14.2726 12.2009 15.0672 19.6029 13.1193 11.6876 10.7585 10.6465 78.3527 21.0178 10.2705 29.4064 38.6961 11.4082
threshold=0.72017818776715636 0.14043528666188551 0.79473535973314147 0.13144541920016126 1.5000000000000002 0.74879815593132204 0.23409538931324972 0.20725643933106036 0.69339229522435231 0.13775605837701535 0.19674916668723333 0.13775605837701535 0.21095475912120176 4.5000000000000009 0 0.82527497884945411 7.2430489464821717 6.310828936697189 5.5000000000000009 1 2 2.7925378721557066 3 5.5000000000000009 4 5 6 3.5000000000000004 0.89894925544318094 0.11760320369796297
decision_type=8 10 8 10 2 10 8 10 10 10 10 10 10 2 1 10 10 8 2 1 1 10 1 2 1 1 1 2 10 8
left_child=1 -1 4 -3 5 11 8 -7 9 -6 -11 -2 -13 26 15 16 -15 18 20 -20 -16 -21 -19 25 -25 -17 27 29 -29 -4
right_child=2 3 13 -5 6 7 -8 -9 -10 10 -12 12 -14 14 17 23 -18 22 19 21 -22 -23 -24 24 -26 -27 -28 28 -30 -31
leaf_value=-0.00021290978132529337 -0.00011176174163611552 -0.007713729441597675 0.0012759337039978615 -0.0016788223631151679 -0.00019287963824985433 0.00011650307018686579 2.108355711183674e-05 -0.0002314543480634923 -0.00027824185539954415 3.0533809185612214e-05 -0.00042161779426393988 2.0302131408278525e-05 -0.00040133770830355631 0.00099124490509101544 -0.0034838506533896862 0.070301272735627723 0.0055893969611136469 -0.00056045638483164244 0.0026074358099264284 -0.0042701757229154811 -0.00020496930167895335 9.6185393222425475e-05 -0.0051562390115421856 -0.037496783585633575 0.030573891428701684 0.0016209614984919352 3.7429367598695865e-05 -0.0019331120979781348 -0.027161369228322265 -0.00054200918623487082
leaf_weight=4696 148 744 1618 1589 133 418 640 182 2236 221 223 225 255 13197 2802 305 508 1004 4577 1230 5130 5395 1133 226 488 273 84673 3589 469 15487
leaf_count=4696 148 744 1618 1589 133 418 640 182 2236 221 223 225 255 13197 2802 305 508 1004 4577 1230 5130 5395 1133 226 488 273 84673 3589 469 15487
internal_value=-0.00081267 -0.0161225 -7.95381e-05 -0.00594728 -0.00436338 0.000447883 -0.00607443 0.00591667 -0.00750978 -0.00151646 0.0036036 -0.00477707 -0.00125 6.15746e-05 0.000761001 0.00258046 0.00211054 -0.000522767 -0.000122818 0.00105785 -0.00179022 -0.000681989 -0.00410622 0.00758514 0.0035014 0.0126298 -0.000178106 -0.00116304 -0.00499014 -0.000255773
internal_weight=153814 7029 146785 2333 4681 1228 3453 600 2813 577 444 628 480 142104 36268 14997 13705 21271 19134 11202 7932 6625 2137 1292 714 578 105836 21163 4058 17105
internal_count=153814 7029 146785 2333 4681 1228 3453 600 2813 577 444 628 480 142104 36268 14997 13705 21271 19134 11202 7932 6625 2137 1292 714 578 105836 21163 4058 17105
cat_boundaries=0 1 2 3 4 5 6 7
cat_threshold=16485 282 266 384 32 32 226
is_linear=0
shrinkage=0.05


Tree=134
num_leaves=31
num_cat=1
split_feature=19 18 17 3 18 20 20 18 10 3 2 18 20 20 3 18 15 18 6 13 18 3 3 3 3 3 17 18 5 1
split_gain=686.751 171.759 31.5852 15.4419 13.6942 13.3951 21.8951 15.3098 10.6407 10.512 10.4568 9.78769 16.596 30.2149 12.0943 9.69611 9.34012 8.41498 7.26646 7.14865 6.85521 28.8063 14.8605 20.1268 20.7294 43.3626 6.5322 6.43627 6.25291 5.94876
threshold=0.72017818776715636 0.14418139414464085 0.79473535973314147 1.5000000000000002 0.22006422116193883 0.21095475912120176 0.15782707927827186 0.14690078553211297 7.1557864696886755 3.5000000000000004 2.5000000000000004 0.11082534949072302 0.13775605837701535 0.21095475912120176 5.5000000000000009 0.11719760132016778 0.4649631700476346 0.084330355425894885 1.0000000180025095e-35 6.8578819608118451 1.9813939450859666 1.0000000180025095e-35 1.5000000000000002 2.5000000000000004 3.5000000000000004 5.5000000000000009 7.5687664974793156 0.38298235052410085 1.0000000180025095e-35 0
decision_type=8 10 8 2 10 8 10 10 10 2 2 10 10 10 2 10 10 10 2 10 10 2 2 2 2 2 10 10 2 1
left_child=1 15 3 5 11 6 7 -2 20 10 19 12 17 14 -14 29 18 -5 -3 -10 26 -22 -23 -24 -25 -26 28 -21 -4 -1
right_child=2 16 8 4 -6 -7 -8 -9 9 -11 -12 -13 13 -15 -16 -17 -18 -19 -20 27 21 22 23 24 25 -27 -28 -29 -30 -31
leaf_value=-0.00020226429225903009 -2.9392308972697734e-05 -0.0081965747449650513 1.5006773960446474e-05 -0.00018323565633736051 0.0014741189444637038 -0.00037753430274462544 8.5416650193814733e-05 6.2419831820753621e-05 0.0034442414690259329 0.0032528173918102035 -0.0017682055910843708 -0.00028294717195204155 3.2941937851610481e-05 -0.00039487560098769862 -0.00072614305185056405 -0.0004881494556953886 -0.00078244468938230014 0.0019246750191032503 -0.00087340902101071824 -0.00035426758539873764 -0.057863495666099697 0.0632835008842043 -0.11473259096867686 0.069598715453142918 -0.073303123518580066 0.045995553684160306 0.011070087297780362 0.0044766377837282658 -0.00061821375763508883 -0.00020226429225903009
leaf_weight=2654 246 296 117956 159 540 430 337 239 1065 1714 1371 2283 236 155 61 626 1444 44 208 1335 151 218 134 207 173 211 170 154 17431 1810
leaf_count=2654 246 296 117956 159 540 430 337 239 1065 1714 1371 2283 236 155 61 626 1444 44 208 1335 151 218 134 207 173 211 170 154 17431 1810
internal_value=-0.000833452 -0.0160912 -0.000103047 -0.00412262 -0.00583669 0.000638978 0.00437956 -0.00242268 3.05714e-05 0.00215907 0.000732484 -0.00718176 -0.00179389 0.00353982 0.0128788 -0.0209234 -0.00346509 -0.01367 -0.0093254 0.00262334 -5.72627e-05 0.00388483 0.0071315 0.00368966 0.00765651 0.00078125 -8.90769e-05 0.000386165 -0.000101376 -0.0217406
internal_weight=154058 7038 147020 4730 3478 1252 822 485 142290 5639 3925 2938 655 452 297 5090 1948 203 504 2554 136651 1094 943 725 591 384 135557 1489 135387 4464
internal_count=154058 7038 147020 4730 3478 1252 822 485 142290 5639 3925 2938 655 452 297 5090 1948 203 504 2554 136651 1094 943 725 591 384 135557 1489 135387 4464
cat_boundaries=0 1
cat_threshold=4
is_linear=0
shrinkage=0.05


Tree=135
num_leaves=31
num_cat=4
split_feature=19 18 15 18 18 19 4 3 18 19 19 3 11 0 3 4 15 18 3 3 3 3 3 18 1 0 3 0 19 3
split_gain=662.373 172.134 28.559 18.4691 9.97453 9.21144 9.10254 8.7487 19.4579 7.48993 12.1413 10.9914 6.96845 9.08272 9.22191 7.59035 6.91953 6.83056 32.9869 10.8303 20.9548 19.0891 46.0414 6.70468 6.40065 8.62559 6.37637 38.1046 15.7502 14.8287
threshold=0.72017818776715636 0.12189734257168457 0.87304500631975601 0.19728857667466962 0.18394567752880589 0.83968479185746858 7.5000000000000009 1.5000000000000002 0.12189734257168457 0.85334004793109941 0.74385949482193026 5.5000000000000009 7.4630761014662355 0 3.5000000000000004 2.5000000000000004 0.4649631700476346 1.9813939450859666 1.0000000180025095e-35 1.5000000000000002 2.5000000000000004 3.5000000000000004 5.5000000000000009 0.11719760132016778 1 2 1.0000000180025095e-35 3 6.8596647690851018 1.5000000000000002
decision_type=8 10 8 10 10 10 2 2 10 10 10 2 10 1 2 2 10 10 2 2 2 2 2 10 1 1 2 1 8 2
left_child=1 24 4 16 7 -6 -5 23 9 10 -9 -12 17 -14 15 -15 -3 26 -19 -20 -21 -22 -23 -2 25 -1 27 -4 -29 -28
right_child=2 3 12 6 5 -7 -8 8 -10 -11 11 -13 13 14 -16 -17 -18 18 19 20 21 22 -24 -25 -26 -27 29 28 -30 -31
leaf_value=-0.0028622109655589037 -5.5744661030293634e-05 -0.011769146366670931 0.002463318629045275 -0.002845364022812125 0.00024162282896968981 -0.0014330521565321275 0.0022646564535374033 -0.00015157623587049864 -0.0002736355740877605 -0.00061365035137876396 3.1999565099777305e-05 -0.00068983589925803454 -0.00013930511041497786 0.0054305408565397343 0.0080015053010394251 -0.0012380788022263501 -0.0002983028246321684 -0.063400250068709932 0.055928254890749797 -0.10812261016730643 0.066427537709753612 -0.076595613162850129 0.042900686146695802 1.9714770774872938e-05 -0.00019215107764607999 -0.00019215107764607999 -0.0008295191598210683 -0.00019626954802260955 -0.0038457370932325932 9.0812792333205838e-05
leaf_weight=108 318 312 6758 1055 1737 2244 394 255 1817 97 366 109 974 261 269 340 721 166 210 130 208 170 217 628 1853 2595 20990 10443 961 97537
leaf_count=108 318 312 6758 1055 1737 2244 394 255 1817 97 366 109 974 261 269 340 721 166 210 130 208 170 217 628 1853 2595 20990 10443 961 97537
internal_value=-0.000786584 -0.0157715 -7.01403e-05 -0.00517728 -0.00306102 -0.0013376 -0.00153554 -0.00497214 -0.00644856 -9.06892e-05 0.00164384 0.00636842 9.20263e-05 0.00314534 0.00681818 0.00345258 -0.0102856 5.11648e-05 0.00397366 0.00762032 0.00472414 0.00869748 0.00213178 -0.000845666 -0.021543 -0.0230947 1.957e-05 0.000891972 -0.000871736 -0.000114109
internal_weight=154243 7038 147205 2482 7571 3981 1449 3590 2644 827 730 475 139634 1844 870 601 1033 137790 1101 935 725 595 387 946 4556 2703 136689 18162 11404 118527
internal_count=154243 7038 147205 2482 7571 3981 1449 3590 2644 827 730 475 139634 1844 870 601 1033 137790 1101 935 725 595 387 946 4556 2703 136689 18162 11404 118527
cat_boundaries=0 1 2 3 4
cat_threshold=16896 4 580 62624
is_linear=0
shrinkage=0.05


Tree=136
num_leaves=31
num_cat=6
split_feature=19 18 17 18 3 17 20 20 20 10 0 3 3 0 4 19 7 0 5 0 4 0 0 18 15 16 20 19 4 4
split_gain=646.897 185.343 29.841 19.3725 14.3208 13.9769 13.088 12.5261 9.33179 8.27032 8.2716 12.9112 9.91779 8.10551 12.9627 8.89113 7.80683 8.32285 7.46319 10.2915 20.0097 15.0177 10.8521 11.3507 7.51218 7.30354 7.78136 7.04089 6.99267 6.86308
threshold=0.72017818776715636 0.12189734257168457 0.79473535973314147 0.19728857667466962 1.5000000000000002 0.74879815593132204 0.14043528666188551 0.21095475912120176 0.20725643933106036 7.341516255720161 0 2.5000000000000004 1.0000000180025095e-35 1 3.5000000000000004 0.79978334585413824 25.500000000000004 2 1.0000000180025095e-35 3 9.5000000000000018 4 5 0.34066634151602376 4.5862885141166219 0.18690762931190288 0.11610310860789565 5.2394119357596383 7.5000000000000009 3.5000000000000004
decision_type=8 10 8 10 2 10 10 10 10 10 1 2 2 1 2 10 8 1 2 1 2 1 1 10 10 8 10 8 2 2
left_child=1 -1 4 -3 5 6 -2 -8 -7 16 12 -12 -11 -6 15 -15 18 -18 29 -20 22 24 23 27 25 26 -22 -21 -5 -4
right_child=2 3 9 28 13 8 7 -9 -10 10 11 -13 -14 14 -16 -17 17 -19 19 20 21 -23 -24 -25 -26 -27 -28 -29 -30 -31
leaf_value=-0.00018254352376377849 -9.186084677124674e-05 -0.0012294424726200682 0.00053181080425992457 -0.0021405515465716617 -0.00015534837938023795 0.00010234780119160181 1.8630936982899637e-05 -0.0003596068746996306 -0.00012302536753302506 0.0060490783584063353 0.00068393973741067706 0.0063764024070597008 -0.00059788001922860272 3.0399586844787054e-05 -0.00024726583363394728 -0.00085333086464717267 -0.0059220602881402242 -0.0028565716179589696 0.00052628898650968208 0.00067702566355962732 -0.0070165369372482411 -0.00579562810860626 -0.0018438934792281314 0.003659090349950234 0.0029894850854299995 -0.0041941045866573995 0.0036057124290919673 -0.0019497723087993802 0.0023114151733904867 -2.3228431287858344e-05
leaf_weight=4515 170 1040 28513 1077 1543 428 220 247 187 220 695 555 1413 279 1553 81 245 472 5298 2615 37 2070 3676 1482 190 764 328 1461 384 92101
leaf_count=4515 170 1040 28513 1077 1543 428 220 247 187 220 695 555 1413 279 1553 81 245 472 5298 2615 37 2070 3676 1482 190 764 328 1461 384 92101
internal_value=-0.000774898 -0.0156072 -6.62272e-05 -0.00468812 -0.00398258 0.000599042 -0.00459184 -0.000267666 0.00597561 6.3496e-05 0.00271419 0.00575397 0.00034997 -0.00564236 -0.00781331 0.000694444 8.61747e-06 -0.00519526 3.55506e-05 -0.000916523 -0.001692 -0.00497934 -0.000487329 0.000906968 -0.000771257 -0.00232507 0.00349315 -0.000453876 -0.000975359 0.000177011
internal_weight=153859 7016 146843 2501 4708 1252 637 467 615 142135 2883 1250 1633 3456 1913 360 139252 717 138535 17921 12623 3389 9234 5558 1319 1129 365 4076 1461 120614
internal_count=153859 7016 146843 2501 4708 1252 637 467 615 142135 2883 1250 1633 3456 1913 360 139252 717 138535 17921 12623 3389 9234 5558 1319 1129 365 4076 1461 120614
cat_boundaries=0 1 2 3 4 5 6
cat_threshold=16928 532 70 53520 11488 527
is_linear=0
shrinkage=0.05


Tree=137
num_leaves=31
num_cat=2
split_feature=19 16 17 0 20 17 3 3 20 20 16 19 0 8 17 17 20 20 15 19 3 4 19 17 20 3 3 3 3 3
split_gain=628.63 158.212 24.5083 19.7332 18.5536 16.9841 13.8781 11.483 14.8715 17.4695 11.2267 10.4683 11.0143 9.11598 8.71019 8.32843 14.4347 9.94296 7.30406 7.08741 7.7902 7.47545 11.9759 7.03857 6.98551 20.8306 11.1651 22.5779 14.689 27.6763
threshold=0.72017818776715636 0.12806079548960078 0.79473535973314147 0 0.14043528666188551 0.72693593956895908 1.5000000000000002 1.5000000000000002 0.21095475912120176 0.15782707927827186 0.23409538931324972 0.81141822015399701 1 6.5000000000000009 0.74879815593132204 0.72693593956895908 0.13775605837701535 0.21095475912120176 0.69331376394879285 7.2430489464821717 4.5000000000000009 2.5000000000000004 7.4079254224089999 0.62398357544636374 2.2443719298359626 1.0000000180025095e-35 1.5000000000000002 2.5000000000000004 3.5000000000000004 5.5000000000000009
decision_type=8 10 8 1 10 10 2 2 10 10 10 10 1 2 10 10 10 8 10 10 2 2 10 10 10 2 2 2 2 2
left_child=1 4 7 -3 5 -1 -7 8 9 14 11 12 18 -5 -2 16 -14 -18 -9 24 21 22 -21 -6 -4 -26 -27 -28 -29 -30
right_child=2 3 19 13 23 6 -8 10 -10 -11 -12 -13 15 -15 -16 -17 17 -19 -20 20 -22 -23 -24 -25 25 26 27 28 29 -31
leaf_value=-0.00017341634757558899 -2.1318223421157302e-05 -0.0032355582724146459 -3.0619684560173609e-05 -0.00025836537097518876 -0.0080007374935876785 9.5663464057210717e-05 -0.00021527805997993422 2.304103507921873e-05 -0.00032319723430885851 8.4872640205435618e-05 0.0015708071984272599 -0.00060868272149400835 -0.00015413177004526825 0.0030565680843738009 3.8239950221652391e-05 -0.00020418320281036519 4.2706252596286248e-05 -0.00081827163292902969 -0.0002094168760102655 0.00028753594858541568 0.0044031205409044817 -0.00052668880413313528 0.0085019693433400437 -0.00060941670679797171 -0.070547240272387193 0.057916178061551915 -0.11277764853605386 0.065324531495832616 -0.083706996109281478 0.041524427243292021
leaf_weight=4150 246 889 138133 512 628 33 79 389 447 325 419 757 130 669 247 1113 239 98 329 556 723 1884 305 97 68 108 80 131 75 123
leaf_count=4150 246 889 138133 512 628 33 79 389 447 325 419 757 130 669 247 1113 239 98 329 556 723 1884 305 97 68 108 80 131 75 123
internal_value=-0.000787105 -0.0153642 -8.69491e-05 -0.00374396 -0.0201875 -0.0214453 -0.00223214 -0.00362418 0.000454545 0.0044621 -0.00510938 -0.00616203 -0.00448216 0.000524769 -0.00147059 -0.00679245 -0.00123126 0.00422849 0.000686813 3.09454e-05 0.00226355 0.00104736 0.00490708 -0.0127931 -2.48706e-05 0.00542735 0.00884913 0.00507335 0.0108663 0.00227273
internal_weight=153982 7057 146925 2070 4987 4262 112 4739 1265 818 3474 3055 2298 1181 493 1580 467 337 718 142186 3468 2745 861 725 138718 585 517 409 329 198
internal_count=153982 7057 146925 2070 4987 4262 112 4739 1265 818 3474 3055 2298 1181 493 1580 467 337 718 142186 3468 2745 861 725 138718 585 517 409 329 198
cat_boundaries=0 1 2
cat_threshold=80 528
is_linear=0
shrinkage=0.05


Tree=138
num_leaves=31
num_cat=4
split_feature=17 16 17 1 10 22 13 3 16 17 1 22 22 17 17 10 17 1 22 3 16 11 16 10 1 17 21 11 21 22
split_gain=569.58 94.0771 25.7365 18.1486 13.5956 12.8619 11.8968 12.4454 21.0181 14.8435 11.133 17.6279 10.672 10.2219 10.359 8.83418 7.2978 7.29447 6.98869 6.66109 15.1265 11.6256 9.81207 7.05715 6.91301 6.30671 6.26084 6.21661 6.16738 6.01425
threshold=0.69339229522435231 0.13269776114408313 0.79473535973314147 0 6.5852055854233473 7.0012227630028159 6.5080234246783482 1.5000000000000002 0.23662224267783238 0.72693593956895908 1 7.1291664318690664 7.484054643526413 0.72693593956895908 0.74879815593132204 4.209902627284472 0.4751718843447002 2 7.1588635960068157 4.5000000000000009 2.1027162033454658 7.3319112662676256 0.31555616445716356 5.4376443371689263 3 0.53915103907563411 7.6978016406699554 6.2620638758769092 7.1320980310634789 7.0132605467467011
decision_type=8 10 10 1 10 10 10 2 8 10 1 10 8 10 10 10 10 1 10 2 10 10 10 10 1 10 10 10 8 8
left_child=1 3 4 5 6 25 7 9 13 -2 11 15 -5 26 -15 -10 17 -3 -11 -4 21 22 23 -21 -23 -1 -9 -12 -27 -18
right_child=2 16 19 12 -6 -7 -8 8 10 18 27 -13 -14 14 -16 -17 29 -19 -20 20 -22 24 -24 -25 -26 28 -28 -29 -30 -31
leaf_value=-0.011608176538005423 -0.00031520307343887999 0.005943915521948318 -0.00010252551885696626 -0.00016474553019680817 0.021435685523260164 -0.00016474553019680817 0.013053981692395578 1.330860281274493e-05 -0.01643325662722572 9.0880290854350462e-05 -0.0002791557669892364 0.0028503955374196647 -0.00016474553019680817 -0.00024544710242642708 -0.00016342654378951327 0.010710739447030626 -0.005182369655560193 -0.0072142487250588918 1.9933830617668847e-05 -0.00019603369165166473 0.048061077967976901 0.0065858260861761941 0.0017173413909358449 0.0010669796074341154 -0.0005599040691207424 -0.00023663861997680335 -0.00018868180408041502 0.011366248784702427 0.00030157376706156929 -0.00054777451530919896
leaf_weight=88 1369 38 102165 1024 85 2631 81 331 416 415 4258 248 1436 766 1520 27 122 305 561 22039 232 331 7937 4005 155 74 51 104 100 1012
leaf_count=88 1369 38 102165 1024 85 2631 81 331 416 415 4258 248 1436 766 1520 27 122 305 561 22039 232 331 7937 4005 155 74 51 104 100 1012
internal_value=-0.000797136 -0.0149122 -0.000141744 -0.0179946 -0.00256059 -0.0206792 -0.00272741 -0.00288099 -0.00384989 0.000309168 -0.00195428 -0.00785094 -0.0148374 -0.00744003 -0.00870516 -0.0138262 -0.00374069 -0.0101312 0.00502049 3.90899e-05 0.000637626 0.000551977 0.000442159 -2.68776e-05 0.00823045 -0.0101145 0.00013089 -0.00102017 -0.0045977 -0.00180776
internal_weight=153926 6830 147096 5353 10232 2893 10147 10066 7721 2345 5053 691 2460 2668 2286 443 1477 343 976 136864 34699 34467 33981 26044 486 262 382 4362 174 1134
internal_count=153926 6830 147096 5353 10232 2893 10147 10066 7721 2345 5053 691 2460 2668 2286 443 1477 343 976 136864 34699 34467 33981 26044 486 262 382 4362 174 1134
cat_boundaries=0 1 2 3 4
cat_threshold=4 2 1 1
is_linear=0
shrinkage=0.05


Tree=139
num_leaves=31
num_cat=1
split_feature=19 18 17 18 19 18 18 19 3 3 19 3 10 19 15 19 1 10 11 11 17 10 21 18 16 3 19 3 17 16
split_gain=632.438 134.676 42.3686 15.5868 11.9937 22.6187 21.118 29.4993 21.0488 11.5521 10.2219 9.83165 8.91632 9.22464 7.66057 8.8704 18.7351 11.4479 11.0061 10.4372 9.51601 11.6944 11.4526 8.98269 7.46322 8.5069 7.42524 11.8155 9.75238 12.2596
threshold=0.6933121904001478 0.15622637862520497 0.74879815593132204 0.20318389976382753 0.74385949482193026 0.069782215410209458 0.12189734257168457 0.81141822015399701 1.5000000000000002 5.5000000000000009 0.72017818776715636 4.5000000000000009 7.7182400622789862 7.1688052960300892 0.91851059460537587 0.81141822015399701 0 0.66750053336617021 3.7623615564016326 2.7757039971150994 1.0912323333562595 1.1150072000796054 7.577377095608937 0.27082386012165588 0.44647623180022333 1.5000000000000002 0.85334004793109941 1.5000000000000002 0.79473535973314147 0.19627908461808638
decision_type=8 10 8 10 10 10 10 10 2 2 10 2 10 8 8 10 1 10 8 10 8 8 10 8 8 2 10 2 10 10
left_child=1 -1 3 4 5 -2 7 9 10 -6 -7 -3 14 -14 26 16 18 19 -16 23 22 -22 24 -18 25 -17 27 -4 -29 -30
right_child=2 11 12 -5 6 8 -8 -9 -10 -11 -12 -13 13 -15 15 20 17 -19 -20 -21 21 -23 -24 -25 -26 -27 -28 28 29 -31
leaf_value=-0.00015650825368696553 -0.00015962649630648642 -0.0036700312724641526 9.0606380258462243e-05 0.00073224433168567757 2.7138466033010956e-05 0.00016747523899613982 -0.00022221537046581143 -0.00032158348981470021 -0.00019224180185961615 -0.00065765360934303416 -1.2842887765388e-05 0.0018709436906380829 -0.011615554107354554 0.0051930533434749737 -0.0034947724080585107 0.0004599977200946848 0.00084717587377743933 0.00013628791003152398 0.0040362041268021008 0.028515856144771635 -0.0017922075946512574 4.6961058792954757e-05 -0.0027862084018252854 -0.01167106625047476 -0.0012329852466889891 0.0017908918421578601 -0.0010920826304794185 -0.00012276045766094757 0.00088005493546314262 -0.0022665341392433093
leaf_weight=4280 656 1097 997 629 427 147 499 214 614 83 92 412 71 446 208 1339 55 493 1031 50 3592 124324 702 1187 683 3390 3355 1385 449 822
leaf_count=4280 656 1097 997 629 427 147 499 214 614 83 92 412 71 446 208 1339 55 493 1031 50 3592 124324 702 1187 683 3390 3355 1385 449 822
internal_value=-0.000789864 -0.0170021 -0.000155468 -0.00570515 -0.00733895 -0.0103214 -0.00365904 0.00179558 -0.00495311 0.00833333 0.00763598 -0.00415838 -2.64561e-05 0.00652805 -4.99785e-05 3.2469e-05 -0.0026455 -0.00592437 0.00207829 -0.00839783 9.28897e-05 7.81763e-07 0.00201995 -0.00929952 0.00279933 0.00350497 -0.00166239 -0.000102655 -0.00184488 0.00131786
internal_weight=153729 5789 147940 3361 2732 1509 1223 724 853 510 239 1509 144579 517 144062 137054 3024 1785 1239 1292 134030 127916 6114 1242 5412 4729 7008 3653 2656 1271
internal_count=153729 5789 147940 3361 2732 1509 1223 724 853 510 239 1509 144579 517 144062 137054 3024 1785 1239 1292 134030 127916 6114 1242 5412 4729 7008 3653 2656 1271
cat_boundaries=0 1
cat_threshold=1
is_linear=0
shrinkage=0.05


Tree=140
num_leaves=31
num_cat=5
split_feature=19 20 17 20 17 19 16 16 17 20 20 20 0 20 10 19 17 16 15 19 0 10 1 0 10 22 17 10 10 0
split_gain=609.371 129.636 40.9935 25.1789 45.1738 21.6009 19.4585 12.2493 10.7935 20.6796 10.4826 10.257 9.69196 7.67557 7.41371 7.59008 7.47406 12.9326 7.78787 7.2692 20.8399 19.6552 11.9532 10.4627 12.3387 9.47035 8.05624 10.2554 10.2438 9.41765
threshold=0.6933121904001478 0.13164897187499633 0.79473535973314147 0.13775605837701535 0.69339229522435231 0.81141822015399701 0.12888182870456658 0.23409538931324972 0.72693593956895908 0.18923903275651463 0.15782707927827186 0.20250262080244444 0 2.2443719298359626 7.7182400622789862 7.1151275456741789 0.82830221659600045 0.19627908461808638 0.87304500631975601 0.83968479185746858 1 0.50031594015395309 2 3 5.9254575605781996 7.4040325160117364 1.1118205962643211 1.1150072000796054 0.97438160901885995 4
decision_type=8 10 8 10 10 10 10 10 10 10 10 10 1 10 10 8 8 8 8 10 1 10 1 1 8 10 8 8 10 1
left_child=1 -1 3 4 -2 8 -3 11 9 -5 -10 -7 -8 14 16 -16 17 -4 -18 20 21 -20 25 24 -24 -22 28 29 -21 -28
right_child=2 6 13 5 -6 7 12 -9 10 -11 -12 -13 -14 -15 15 -17 18 -19 19 26 22 -23 23 -25 -26 -27 27 -29 -30 -31
leaf_value=-0.00014868284100261753 -0.00015164517149116041 -0.0067675744627508421 0.00095152518455217665 3.2022973630330133e-05 -3.5187115528201311e-05 2.5338816658676546e-05 -0.0040569916126964234 0.0059458832152669734 -0.00014408333621135361 -0.00029571379640749298 8.5771435058612514e-06 -0.00051826330433941698 0.00041461638533512592 0.031624461103447209 -0.012050262447980065 0.0045369604124380963 -0.0016494166709603382 -8.7709857198470253e-06 -0.0054812098322732207 -0.00019928126694367665 -0.03266821274301869 -0.00024453746929025132 -0.03077735657730394 0.0021023956724238514 0.03607014083668332 0.015298987017930733 -0.0029456151848771487 1.2344359609461897e-05 0.0015633661881451879 -0.00019706737400208008
leaf_weight=3802 599 721 451 455 1174 148 534 126 617 666 1174 858 744 593 62 460 2516 787 960 3472 164 794 43 1038 240 40 1567 123415 3799 1665
leaf_count=3802 599 721 451 455 1174 148 534 126 617 666 1174 858 744 593 62 460 2516 787 960 3472 164 794 43 1038 240 40 1567 123415 3799 1665
internal_value=-0.000777244 -0.0166738 -0.000153669 -0.00426766 -0.00923576 -0.00208952 -0.00636568 -0.00795053 0.000188874 0.00403657 -0.00221943 -0.00979125 -0.00266041 1.47819e-05 -9.01232e-06 0.0059387 -3.10392e-05 0.00383683 -6.53125e-05 -1.47598e-05 -0.00234065 -0.00603741 0.00193811 0.00369039 0.0120307 -0.00931373 4.219e-05 -5.07316e-05 0.00166071 -0.00283106
internal_weight=153684 5801 147883 5817 1773 4044 1999 1132 2912 1121 1791 1006 1278 142066 141473 522 140951 1238 139713 137197 3279 1754 1525 1321 283 204 133918 126647 7271 3232
internal_count=153684 5801 147883 5817 1773 4044 1999 1132 2912 1121 1791 1006 1278 142066 141473 522 140951 1238 139713 137197 3279 1754 1525 1321 283 204 133918 126647 7271 3232
cat_boundaries=0 1 2 3 4 5
cat_threshold=80 598 2 17441 8276
is_linear=0
shrinkage=0.05


Tree=141
num_leaves=31
num_cat=2
split_feature=19 18 19 18 20 3 20 18 15 20 18 18 3 10 19 3 0 15 18 18 10 18 3 3 3 3 3 3 0 19
split_gain=614.528 150.273 32.0041 50.4845 24.0216 17.2412 9.93753 9.91969 9.57703 12.855 24.5536 23.421 10.4233 13.2496 12.298 8.74715 9.43022 8.39702 8.30762 9.19496 8.18245 7.34551 24.7794 13.4057 20.1836 23.5229 44.965 8.47157 31.9618 14.1872
threshold=0.6933121904001478 0.15489817684766982 0.74385949482193026 0.078442636106420174 0.13775605837701535 1.5000000000000002 0.10503519302845991 0.22522320158898659 0.91851059460537587 0.20330632509161983 0.18394567752880589 1.0000000180025095e-35 1.5000000000000002 0.71754226264466137 0.76378503353574334 1.5000000000000002 0 0.38814794195493374 0.12189734257168457 0.14418139414464085 7.7182400622789862 1.9813939450859666 1.0000000180025095e-35 1.5000000000000002 2.5000000000000004 3.5000000000000004 5.5000000000000009 1.0000000180025095e-35 1 6.8083058279594981
decision_type=8 10 8 10 10 2 10 10 8 10 10 10 2 10 10 2 1 8 10 10 10 10 2 2 2 2 2 2 1 8
left_child=1 -1 3 4 -2 6 -5 18 9 11 -11 -4 13 -13 -14 -3 -17 -18 -7 -20 21 27 -23 -24 -25 -26 -27 28 -10 -30
right_child=2 15 8 5 -6 7 -8 -9 20 10 -12 12 14 -15 -16 16 17 -19 19 -21 -22 22 23 24 25 26 -28 -29 29 -31
leaf_value=-0.00014124869895248415 -0.00014406291291660378 -0.0057418037368106361 2.5873343858978659e-05 0.00016329791564016484 4.0772693141033491e-05 9.8824909460115694e-06 2.9012974931336145e-05 0.001483324735530628 0.0023978518588281487 -0.00034358109336790621 -0.0007233863183238765 7.1927985555841897e-05 -0.00018169471083934186 -0.00022644953754713816 -4.4338536937305054e-06 -0.0024511544807578447 -0.01075699157496466 0.003651232076216582 -0.00021657076653899821 -6.8276138853617943e-05 0.0040701848240619403 -0.053889216974620104 0.054387619369524659 -0.092007267103458718 0.060724976929585762 -0.077484158109894799 0.03831114969819225 -9.0759530800110791e-05 -2.4804187352311936e-05 -0.0036027127343248645
leaf_weight=4319 621 433 239 136 59 184 366 325 6822 843 3872 500 524 276 1555 487 53 550 382 498 533 151 219 138 215 172 212 118061 10135 1090
leaf_count=4319 621 433 239 136 59 184 366 325 6822 843 3872 500 524 276 1555 487 53 550 382 498 533 151 219 138 215 172 212 118061 10135 1090
internal_value=-0.000766383 -0.0166724 -0.000139069 -0.005669 -0.0173529 -0.00146748 0.0064741 -0.00433765 -4.13927e-05 -0.00174478 -0.00338812 0.000759535 -0.000499124 0.00444588 -0.00234488 -0.00316809 -0.000779817 0.00338499 -0.00667293 -0.00869318 5.51732e-05 3.11555e-05 0.00408762 0.00706067 0.00383311 0.00780467 0.000390625 -1.83678e-06 0.00100709 -0.000634179
internal_weight=153970 5842 148128 2571 680 1891 502 1389 145557 7809 4715 3094 2855 776 2079 1523 1090 603 1064 880 137748 137215 1107 956 737 599 384 136108 18047 11225
internal_count=153970 5842 148128 2571 680 1891 502 1389 145557 7809 4715 3094 2855 776 2079 1523 1090 603 1064 880 137748 137215 1107 956 737 599 384 136108 18047 11225
cat_boundaries=0 1 2
cat_threshold=80 62624
is_linear=0
shrinkage=0.05


Tree=142
num_leaves=31
num_cat=3
split_feature=19 18 17 20 18 19 18 20 18 20 22 1 10 17 20 18 8 22 18 20 5 4 20 9 4 1 4 9 1 22
split_gain=596.899 155.616 40.9168 20.3492 49.0926 20.9875 22.2774 22.1495 11.5836 10.7904 8.17551 7.08234 6.71198 6.72689 8.43635 6.58558 5.51087 6.83277 5.4877 5.44369 5.29969 8.8388 6.92061 7.19252 5.91599 13.8747 13.0611 22.7399 24.4894 17.2781
threshold=0.6933121904001478 0.15353732568261549 0.79473535973314147 0.13775605837701535 0.069782215410209458 0.81141822015399701 0.12189734257168457 0.21095475912120176 0.19980874359203527 0.20250262080244444 7.0012227630028159 0 7.341516255720161 5.9140861737207411 0.61967053521180471 0.18394567752880589 6.5000000000000009 7.212374476276354 0.12189734257168457 0.14043528666188551 1.0000000180025095e-35 10.500000000000002 0.95584687892193088 1.0000000180025095e-35 3.5000000000000004 1 7.5000000000000009 1.0000000180025095e-35 2 6.4499223216184403
decision_type=8 10 8 10 10 10 10 10 10 10 10 1 10 8 8 10 2 8 10 10 2 2 10 2 2 1 2 2 1 8
left_child=1 10 3 4 -2 6 7 19 9 -7 -1 -12 20 -14 -15 -8 -3 -18 -6 -5 24 -22 23 -23 25 -4 27 -26 -29 -28
right_child=2 16 12 5 18 8 15 -9 -10 -11 11 -13 13 14 -16 -17 17 -19 -20 -21 21 22 -24 -25 26 -27 29 28 -30 -31
leaf_value=-0.00013418626400485967 -0.00013685976727077499 -0.0028067613992332598 0.0019019906864022218 -5.6005205512021932e-06 9.3883663987104362e-06 1.2424088992651906e-05 -0.00010545471138691531 -0.000286621571552248 5.9825906660299082e-05 -0.00047638653650051711 -0.00013418626400485967 -0.00013418626400485967 -0.019468515360373351 0.00089928306915310063 0.0080873811132175632 0.00017600607042190242 -0.0057190651221632888 0.0027807922843243963 -5.5966934101747692e-05 3.3828133959101782e-05 -0.00030036863064659692 -0.0074045141783199769 0.010515009890288952 0.0010511548684999372 -0.00013948300885027187 2.7428202260448843e-05 -0.0021011279952931616 5.0641732455836141e-05 -0.0029168568613892722 0.00039094190854385149
leaf_weight=670 596 975 8252 48 306 149 1335 75 275 732 2428 1219 41 2548 297 1005 94 474 899 438 16767 1020 31 243 35121 20489 1950 3163 4342 48277
leaf_count=670 596 975 8252 48 306 149 1335 75 275 732 2428 1219 41 2548 297 1005 94 474 899 438 16767 1020 31 243 35121 20489 1950 3163 4342 48277
internal_value=-0.000747606 -0.0163993 -0.000129549 -0.00422499 -0.00864797 -0.00226152 8.61772e-06 0.00895722 -0.00795848 -0.0107548 -0.0212706 -0.0222032 3.87608e-05 0.0024255 0.00271529 -0.00213675 -0.00277058 0.00114437 -0.00284232 0.0128601 -1.05617e-05 -0.000809756 -0.00479134 -0.00536421 0.000108147 0.000735013 -8.58884e-05 -0.000729602 -0.00322785 0.00046041
internal_weight=154259 5860 148399 5858 1801 4057 2901 561 1156 881 4317 3647 142541 2886 2845 2340 1543 568 1205 486 139655 18061 1294 1263 121594 28741 92853 42626 7505 50227
internal_count=154259 5860 148399 5858 1801 4057 2901 561 1156 881 4317 3647 142541 2886 2845 2340 1543 568 1205 486 139655 18061 1294 1263 121594 28741 92853 42626 7505 50227
cat_boundaries=0 1 2 3
cat_threshold=4 1 4
is_linear=0
shrinkage=0.05


Tree=143
num_leaves=31
num_cat=6
split_feature=17 20 20 0 17 3 18 18 20 20 18 10 18 16 20 3 16 3 1 16 10 18 3 0 1 17 18 0 3 0
split_gain=554.932 215.276 34.1344 15.2872 13.9759 32.833 17.9154 16.768 13.6288 10.3067 10.1061 10.0426 8.13588 7.95341 20.4946 9.49243 11.7827 7.68254 7.40039 7.32484 6.74916 6.3916 6.36724 31.4918 14.281 11.166 10.7313 10.4671 33.5039 72.1488
threshold=0.69339229522435231 0.13775605837701535 1.0000000180025095e-35 0 0.79473535973314147 1.5000000000000002 0.20255888853594856 0.12189734257168457 0.21676338903371109 0.15952840157531062 0.1991711281952836 0.71754226264466137 0.15045416360488811 0.036239343375461093 0.20999461548610668 5.5000000000000009 0.13269776114408313 5.5000000000000009 1 1.0000000180025095e-35 0.81068324164968719 0.12189734257168457 4.5000000000000009 2 3 6.2490336573834471 1.9813939450859666 4 5.5000000000000009 5
decision_type=8 10 8 1 8 2 10 10 10 10 10 10 10 10 10 2 10 2 1 8 10 10 2 1 1 10 10 1 2 1
left_child=1 -1 -2 13 5 8 7 17 11 19 -11 21 -9 14 -3 16 -15 20 -16 -5 -7 -4 -6 24 -24 -25 27 28 -26 -30
right_child=2 3 4 9 22 6 -8 12 -10 10 -12 -13 -14 15 18 -17 -18 -19 -20 -21 -22 -23 23 25 26 -27 -28 -29 29 -31
leaf_value=-0.00012747695080461696 -0.00021529191425918027 4.8367127932125166e-05 3.6711041376535914e-07 1.5731840921340278e-05 -0.00015916016219277298 2.4993956397140194e-05 0.00075658862464366707 -0.00020294388150696174 -0.0001585754753865465 -0.0034572921777438152 -0.0017922292895332732 -9.6726609922984102e-05 -0.00016307504421534947 -0.010683682557689657 0.011487936747905492 0.0066465707406592805 -0.0014793243337412915 -0.00052320157954160453 -0.00026483331819089352 -0.00089878635992136089 -0.00018923852237855978 7.3604321847392523e-05 5.56122875653875e-05 -0.00014103006785488593 0.01186302109035855 -0.002827776537256188 0.034706725397660419 0.00072316579874531772 0.0032685261405718926 -0.010885091956118443
leaf_weight=4197 231 253 110 65 106037 229 758 779 394 624 506 158 1441 127 30 155 724 84 83 93 23 516 4191 22632 1621 1611 241 3078 2368 742
leaf_count=4197 231 253 110 65 106037 229 758 779 394 624 506 158 1441 127 30 155 724 84 83 93 23 516 4191 22632 1621 1611 241 3078 2368 742
internal_value=-0.000814563 -0.0147185 -0.00016707 -0.00359023 -0.000136893 -0.0028829 -0.0054315 -0.00743349 0.00428693 -0.00747304 -0.00920354 0.00809949 -0.00900901 0.000108538 0.00642077 -0.00218688 -0.00425969 0.00297619 -0.0112832 0.00443038 0.00734127 0.0109425 -5.03435e-05 0.000519406 0.0025855 -0.000524677 0.00381988 0.00349917 0.00497258 0.00194534
internal_weight=154101 6857 147244 2660 147013 4492 3314 2556 1178 1288 1130 784 2220 1372 366 1006 851 336 113 158 252 626 142521 36484 12241 24243 8050 7809 4731 3110
internal_count=154101 6857 147244 2660 147013 4492 3314 2556 1178 1288 1130 784 2220 1372 366 1006 851 336 113 158 252 626 142521 36484 12241 24243 8050 7809 4731 3110
cat_boundaries=0 1 2 3 4 5 6
cat_threshold=518 4 16481 2 33 1
is_linear=0
shrinkage=0.05


Tree=144
num_leaves=31
num_cat=0
split_feature=19 20 17 3 16 17 20 20 20 17 17 20 3 20 16 3 10 10 10 17 20 3 4 17 16 20 3 3 3 3
split_gain=588.677 139.559 26.6872 24.861 20.6804 12.9575 18.3582 12.4746 11.998 28.6273 16.8533 21.6398 12.3092 11.6713 9.09937 7.832 7.44554 7.1963 6.61686 5.81456 6.02651 5.93656 5.45786 5.43334 5.19476 5.17066 19.723 13.0194 19.6314 14.7909
threshold=0.6933121904001478 0.13164897187499633 0.79473535973314147 1.5000000000000002 0.12888182870456658 0.69339229522435231 0.13775605837701535 0.21095475912120176 0.13775605837701535 0.69339229522435231 0.72693593956895908 0.19123070746432533 5.5000000000000009 0.21095475912120176 0.23409538931324972 1.5000000000000002 0.71754226264466137 0.43773436867694998 7.3918158709654724 6.5984685798154823 0.60623074171271074 4.5000000000000009 9.5000000000000018 0.72693593956895908 0.20117252247252435 2.2443719298359626 1.0000000180025095e-35 1.5000000000000002 2.5000000000000004 3.5000000000000004
decision_type=8 10 8 2 10 10 10 10 10 10 10 10 2 10 8 2 10 10 10 8 8 2 2 10 10 10 2 2 2 2
left_child=1 -1 3 5 -3 6 -2 -8 9 -5 11 12 -10 16 -12 -6 23 -17 25 -20 21 -21 -11 -7 -13 -4 -27 -28 -29 -30
right_child=2 4 18 8 15 13 7 -9 10 22 14 24 -14 -15 -16 17 -18 -19 19 20 -22 -23 -24 -25 -26 26 27 28 29 -31
leaf_value=-0.00012110310326438612 -0.00012364293136700734 -0.0063141977415413393 -2.9413906431574599e-05 -0.00012364293136700734 -0.0044882807848011354 2.6084187889574562e-06 2.5308563712095336e-05 -0.00023617630743156816 4.591006680852994e-05 -5.055662214959456e-05 -0.00020171053111991966 -0.00027562677928210657 -0.00061225681538114036 -0.00010186188020379073 2.757265770284012e-05 -0.0029311728697299037 -4.9703681175011784e-05 0.0027776833296030315 -0.015689780884676742 0.00047306965517281976 0.0075195857505280907 0.0039804832043974338 -0.0001918383390063283 7.0675104968936927e-05 0.0017240603916646364 -0.06506560727626845 0.052517812458549966 -0.10533289016973034 0.055483956173748572 0.0038044838248208813
leaf_weight=3804 163 746 139226 429 363 115 121 169 271 663 1579 368 71 347 397 394 146 545 48 1737 265 316 202 490 280 76 117 78 119 193
leaf_count=3804 163 746 139226 429 363 115 121 169 271 663 1579 368 71 347 397 394 146 545 48 1737 265 316 202 490 280 76 117 78 119 193
internal_value=-0.000731289 -0.016285 -0.000116227 -0.00343745 -0.00576172 0.00198259 -0.00513245 0.00241379 -0.0054108 -0.00942813 -0.00365813 0.00166667 0.0118421 0.00491803 -0.00632591 -0.00195853 0.0084221 0.000452609 1.95182e-05 0.00264159 0.00299827 0.00208232 -0.00419075 0.0108678 -0.0037037 -2.48553e-05 0.0046741 0.00823471 0.00384615 0.00945513
internal_weight=153838 5852 147986 5811 2048 1551 453 290 4260 1294 2966 990 342 1098 1976 1302 751 939 142175 2366 2318 2053 865 605 648 139809 583 507 390 312
internal_count=153838 5852 147986 5811 2048 1551 453 290 4260 1294 2966 990 342 1098 1976 1302 751 939 142175 2366 2318 2053 865 605 648 139809 583 507 390 312
is_linear=0
shrinkage=0.05


Tree=145
num_leaves=31
num_cat=2
split_feature=20 15 0 18 15 20 16 18 3 20 18 20 18 18 3 18 3 3 3 3 3 0 20 3 8 21 18 20 18 16
split_gain=555.461 96.7686 42.9396 31.3177 28.8275 37.4953 15.3307 12.7671 8.3105 6.92412 14.481 12.7155 20.5951 10.4746 9.96615 6.80339 29.9017 10.1791 19.9718 17.0729 41.5831 8.82201 21.3424 16.0245 12.7353 11.2972 9.0847 8.78054 7.43896 6.56208
threshold=0.080481462141805085 0.53815394315432463 0 0.15264285772630756 0.69331376394879285 0.11068561392174879 0.13406906729385359 0.11536097032713168 1.5000000000000002 0.20909111249267764 0.194349247356149 0.14043528666188551 0.090156308798405943 0.11536097032713168 5.5000000000000009 1.9813939450859666 1.0000000180025095e-35 1.5000000000000002 2.5000000000000004 3.5000000000000004 5.5000000000000009 1 0.14704617754666791 5.5000000000000009 6.5000000000000009 7.577377095608937 0.11082534949072302 0.98988820112365794 0.1764220424193399 0.13144541920016126
decision_type=8 8 1 10 8 10 10 10 2 10 10 10 10 10 2 10 2 2 2 2 2 1 10 2 2 10 8 10 10 8
left_child=2 3 6 -2 5 7 -1 -3 -9 11 -11 13 14 -7 -13 21 -17 -18 -19 -20 -21 22 29 25 27 26 -24 28 -25 -6
right_child=1 4 -4 -5 15 9 -8 8 -10 10 -12 12 -14 -15 -16 16 17 18 19 20 -22 -23 23 24 -26 -27 -28 -29 -30 -31
leaf_value=-0.0001150479481011657 -0.011272225336769227 -0.0001174607847986564 4.2500469955658593e-05 -0.0023872455167641806 0.003178447143138502 -0.00010947670649424369 0.00016517277429075607 6.7141349720489804e-05 -0.00015456844577536045 -0.00027008260453831312 -0.00027294834192392317 4.519887985658666e-05 -3.2065276833270763e-05 -4.0659903967343869e-07 -0.00044681007866627658 -0.054289994766889865 0.048744567359520909 -0.089430019217717427 0.055609909583693162 -0.06113208897692958 0.034580050520265984 9.1508978600218782e-06 0.0022058308816966465 -0.0023007033195682203 0.0079820426030095433 -0.0019913016511067471 -0.00030489454321397938 0.024289811691112929 0.0011920889414452241 -0.00019026885632413283
leaf_weight=3229 750 450 247 583 34 198 25 44 113 469 977 248 796 232 40 160 226 135 212 176 227 130628 125 237 596 1354 8768 176 1047 1433
leaf_count=3229 750 450 247 583 34 198 25 44 113 469 977 248 796 232 40 160 226 135 212 176 227 130628 125 237 596 1354 8768 176 1047 1433
internal_value=-0.000756001 -0.000297805 -0.0204442 -0.0137097 -0.0001779 -0.00461873 -0.0219363 -0.015939 -0.00366242 -0.0022973 -0.00477178 6.60502e-05 0.00295203 -0.0072093 0.0144097 -6.9056e-05 0.00378521 0.00706967 0.00426667 0.00808943 0.00204715 -9.93781e-05 -0.00130261 -0.000623832 0.00340467 -0.00143213 -0.000784325 0.000890411 -0.000545171 -0.00700409
internal_weight=153935 150434 3501 1333 149101 3567 3254 607 157 2960 1446 1514 1084 430 288 145534 1136 976 750 615 403 144398 13770 12303 2056 10247 8893 1460 1284 1467
internal_count=153935 150434 3501 1333 149101 3567 3254 607 157 2960 1446 1514 1084 430 288 145534 1136 976 750 615 403 144398 13770 12303 2056 10247 8893 1460 1284 1467
cat_boundaries=0 1 2
cat_threshold=2130 66
is_linear=0
shrinkage=0.05


Tree=146
num_leaves=31
num_cat=8
split_feature=19 18 19 18 20 0 3 18 18 12 3 10 18 1 1 0 18 18 3 3 3 3 3 3 0 0 3 1 20 0
split_gain=583.376 160.567 28.0388 33.8281 60.3465 15.4828 15.9944 19.6443 15.7812 7.77878 7.67946 7.04083 6.42063 6.49128 6.40235 8.64875 6.92647 6.33531 23.7401 10.3384 20.2284 20.6691 38.5463 8.57232 32.9176 12.1617 13.6202 21.9033 33.4328 23.5128
threshold=0.6933121904001478 0.14418139414464085 0.76378503353574334 0.084330355425894885 0.13775605837701535 0 1.5000000000000002 0.22522320158898659 0.30263399395505514 3.7388586794858525 5.5000000000000009 6.1657328810191183 0.20518319620604888 1 2 3 1.0000000180025095e-35 1.9813939450859666 1.0000000180025095e-35 1.5000000000000002 2.5000000000000004 3.5000000000000004 5.5000000000000009 1.0000000180025095e-35 4 5 1.5000000000000002 6 0.73999448770258391 7
decision_type=8 10 10 8 10 1 2 10 8 10 2 10 10 1 1 1 8 10 2 2 2 2 2 2 1 1 2 1 10 1
left_child=1 14 3 4 -2 6 8 -8 -5 11 12 -7 13 -3 15 -1 -17 23 -19 -20 -21 -22 -23 24 -4 -25 27 -27 29 -29
right_child=2 10 17 5 -6 9 7 -9 -10 -11 -12 -13 -14 -15 -16 16 -18 18 19 20 21 22 -24 25 -26 26 -28 28 -30 -31
leaf_value=-0.00010929555069610908 -0.0001115877455587222 0.00020394653084203075 0.0022100387652864042 5.4816246304895125e-05 1.7661235490451509e-05 5.4083086714146194e-06 -0.00021544149571131599 0.002441304018030355 -0.0022264906819310926 0.031908381879847236 0.0038756516159084266 0.038345962655359611 -0.0011044500621599535 -0.006783159428474567 -0.00010929555069610908 0.00032583036079650854 -0.024534715939661125 -0.051657540857445054 0.046499168262559287 -0.085441834607839717 0.053551777778895686 -0.061822267728137675 0.033193515369703476 0.00034476925316710987 -0.00035099353503564856 0.00014644719469897316 -7.0407038318498485e-05 0.00042716166964802406 -0.016432875359376809 -0.0026056001532744457
leaf_weight=2505 600 115 8635 432 208 2450 1700 341 317 74 255 40 922 285 1621 49 66 155 225 138 221 170 227 43507 10079 5906 64484 3136 723 4302
leaf_count=2505 600 115 8635 432 208 2450 1700 341 317 74 255 40 922 285 1621 49 66 155 225 138 221 170 227 43507 10079 5906 64484 3136 723 4302
internal_value=-0.000643325 -0.0161739 -3.30925e-05 -0.00333496 -0.0128713 -0.00189578 -0.00446429 -0.00677364 0.00176903 0.000912976 -0.00255231 0.000441767 -0.00408472 -0.009375 -0.0212391 -0.0227672 -0.007 0.000110283 0.00382923 0.00670234 0.00390212 0.00776699 0.000944584 8.02716e-05 0.00107673 -7.25065e-05 -0.000443923 -0.00185363 -0.00353204 -0.00253428
internal_weight=153888 5818 148070 6162 808 5354 2790 2041 749 2564 1577 2490 1322 400 4241 2620 115 141908 1136 981 756 618 397 140772 18714 122058 78551 14067 8161 7438
internal_count=153888 5818 148070 6162 808 5354 2790 2041 749 2564 1577 2490 1322 400 4241 2620 115 141908 1136 981 756 618 397 140772 18714 122058 78551 14067 8161 7438
cat_boundaries=0 1 2 3 4 5 6 7 8
cat_threshold=33358 4 4 18 62632 4933 2 44064
is_linear=0
shrinkage=0.05


Tree=147
num_leaves=31
num_cat=4
split_feature=19 18 17 20 20 1 18 0 17 16 12 19 8 10 11 14 11 19 2 12 13 0 20 13 10 0 18 2 10 18
split_gain=553.335 172.456 33.0527 66.3617 28.1992 7.05144 6.64981 6.45148 7.48965 6.45118 6.03777 11.2137 10.5466 10.1363 9.24753 8.28371 6.51379 8.32867 6.28835 9.58007 10.0361 9.89951 12.5544 9.89866 7.62476 8.17459 7.04176 6.32149 6.25547 6.25272
threshold=0.6933121904001478 0.14418139414464085 0.69339229522435231 0.13775605837701535 0.20654144663656851 0 0.19609794318246482 1 0.68316635819242255 0.071621037370704368 0.71754226264466137 2.0032329468683323 4.5000000000000009 6.2087911928665935 5.5950829886862072 1.3736354571277458 7.4021465497810377 6.8083058279594981 2.5000000000000004 5.9634507923900744 5.7922511110072499 2 0.55799555584120741 1.1150072000796054 6.7069234575612002 3 0.34066634151602376 1.5000000000000002 7.3918158709654724 0.21694812280492903
decision_type=8 10 8 10 10 1 10 1 10 10 10 10 2 10 10 10 10 10 2 10 10 1 10 10 10 1 8 2 10 10
left_child=1 5 3 -2 -5 7 -3 -1 -9 -7 11 12 13 14 -4 18 -17 -18 19 21 28 23 29 27 -20 -26 -22 -12 -21 -23
right_child=2 6 10 4 -6 9 -8 8 -10 -11 15 -13 -14 -15 -16 16 17 -19 24 20 26 22 -24 -25 25 -27 -28 -29 -30 -31
leaf_value=-0.00010383077316130641 -0.0001060083582807847 -0.0044448755342580441 -0.00099819799350012173 3.9468244718510181e-05 -0.00024986785106100864 -0.00010383077316130641 -9.045053584467167e-05 -0.020340348804114838 0.00030953884275668479 -0.0061015917964784838 -0.00060420161285628109 1.2006069628878181e-05 -2.059426850727353e-05 0.027862164714585403 0.036775376802368621 -0.00010810018047744397 -0.017524476116839004 0.0026993835865614549 0.00022055950584055073 0.0032889257365205761 -0.00077766180272824674 -4.6573537485444799e-05 -0.0058239093355871522 -0.00077132350058242152 -0.0027860940135093328 0.0051664655688092647 0.0045834234978662904 0.0090646071394237648 0.0073347384250755715 0.0013671988855748609
leaf_weight=2484 590 411 7172 379 651 1377 1214 74 55 218 161 34129 8805 39 48 64844 36 857 10166 2290 1036 6361 1278 526 1183 158 269 767 181 6276
leaf_count=2484 590 411 7172 379 651 1377 1214 74 55 218 161 34129 8805 39 48 64844 36 857 10166 2290 1036 6361 1278 526 1183 158 269 767 181 6276
internal_value=-0.000713961 -0.0158195 -0.000119432 -0.00722222 0.000436893 -0.0211621 -0.00198462 -0.0227612 -0.00917266 -0.0185423 -4.09327e-05 -0.000485625 -0.00157495 -0.00298595 -0.00312327 0.000190634 -0.00012588 0.00411534 0.000869438 0.00142465 0.00368114 0.000870258 0.00045781 0.00478142 -5.43148e-05 -0.00359806 0.0001341 0.00792026 0.00555443 0.000935744
internal_weight=154035 5833 148202 1620 1030 4208 1625 2613 129 1595 146582 50193 16064 7259 7220 96389 65737 893 30652 19145 3776 15369 13915 1454 11507 1341 1305 928 2471 12637
internal_count=154035 5833 148202 1620 1030 4208 1625 2613 129 1595 146582 50193 16064 7259 7220 96389 65737 893 30652 19145 3776 15369 13915 1454 11507 1341 1305 928 2471 12637
cat_boundaries=0 1 2 3 4
cat_threshold=4 18 72 16385
is_linear=0
shrinkage=0.05


Tree=148
num_leaves=31
num_cat=5
split_feature=20 17 0 20 17 20 16 16 20 16 3 3 0 20 10 20 3 3 3 3 20 17 0 1 20 20 17 3 3 0
split_gain=563.252 101.45 36.7693 25.7202 23.9068 72.0382 14.3836 9.44042 19.1873 8.96614 8.81439 8.00722 31.8166 19.7461 15.2409 14.4544 16.2123 20.8411 26.2581 43.6291 12.3612 14.1968 11.6576 16.9139 14.3363 13.2904 12.3183 14.2353 11.0286 24.2307
threshold=0.080481462141805085 0.53915103907563411 0 0.14043528666188551 0.69339229522435231 0.13775605837701535 0.13406906729385359 0.057642451048291868 0.21095475912120176 0.16308026683834251 5.5000000000000009 1.0000000180025095e-35 1 0.92514880752484674 5.3425734291997005 1.9205141307831692 1.5000000000000002 2.5000000000000004 3.5000000000000004 5.5000000000000009 0.23956423782537464 4.2637237002328687 2 3 0.080481462141805085 1.2947748904401986 0.79473535973314147 1.5000000000000002 1.5000000000000002 4
decision_type=8 8 1 10 8 10 10 8 10 10 2 2 1 8 10 10 2 2 2 2 10 8 1 1 10 8 8 2 2 1
left_child=2 3 -1 -2 5 -3 -4 8 10 -5 -7 12 13 -6 20 22 -17 -18 -19 -20 21 -14 23 24 -13 -25 27 -24 29 -28
right_child=1 4 6 9 11 7 -8 -9 -10 -11 -12 15 14 -15 -16 16 17 18 19 -21 -22 -23 26 25 -26 -27 28 -29 -30 -31
leaf_value=9.9985609106575954e-05 -0.011179706198850373 -0.00010070794036674547 -9.863923450323942e-05 -0.0078314451295748207 -0.00030488580353544848 3.7494832482587453e-05 0.00015767343356801189 -0.0010275763754765688 -0.00011626137863102737 -0.0011473714461004536 -0.00041459290834517938 -0.018638775023967036 0.001725240386483451 -0.028719924221679374 0.0039839265413915024 0.04533665087455066 -0.083462202408352185 0.05037258351571923 -0.06316649858297288 0.028881004111113075 9.0384276067284613e-05 0.00015876191948267505 5.1980967633555314e-05 0.00038944568974653428 -0.00031903664121838983 0.020607680187706381 -0.0022422849466699371 -0.00013503823527566405 -0.00013219798726142875 0.00019584115450785867
leaf_weight=210 572 602 3249 499 7832 278 24 1296 171 396 49 294 2885 563 1765 228 143 210 183 235 4674 1710 274 36562 12832 438 6783 1790 59997 6787
leaf_count=210 572 602 3249 499 7832 278 24 1296 171 396 49 294 2885 563 1765 228 143 210 183 235 4674 1710 274 36562 12832 438 6783 1790 59997 6787
internal_value=-0.000686669 -0.000225261 -0.0205642 -0.0133095 -9.60755e-05 -0.00505008 -0.0218322 -2.78707e-05 0.00582329 -0.00801676 0.0129205 -1.48784e-05 0.00093031 -0.00138905 0.00269377 -0.000159756 0.00583083 0.00236706 0.00628981 -0.000956938 0.00188532 0.00372688 -0.000207344 0.000383956 -0.00115801 0.000931081 -0.000599212 -0.00440891 -0.000492408 -0.00177966
internal_weight=153531 150048 3483 1467 148581 2396 3273 1794 498 895 327 146185 19429 8395 11034 126756 999 771 628 418 9269 4595 125757 50126 13126 37000 75631 2064 73567 13570
internal_count=153531 150048 3483 1467 148581 2396 3273 1794 498 895 327 146185 19429 8395 11034 126756 999 771 628 418 9269 4595 125757 50126 13126 37000 75631 2064 73567 13570
cat_boundaries=0 1 2 3 4 5
cat_threshold=932 853 4885 4 16522
is_linear=0
shrinkage=0.05


Tree=149
num_leaves=31
num_cat=1
split_feature=19 20 17 20 17 17 17 20 8 16 19 1 7 12 7 10 7 6 19 22 4 4 21 16 17 10 10 19 21 4
split_gain=567.523 160.017 35.5232 25.9256 37.0085 19.9237 14.8468 17.9533 7.97178 7.67973 6.72958 18.2825 14.7632 8.32884 6.7868 6.75022 6.71006 6.48414 6.4584 6.34067 6.10386 5.74776 5.7553 5.56264 5.51986 6.22648 5.46503 7.60174 5.18082 9.14213
threshold=0.6933121904001478 0.13164897187499633 0.74879815593132204 0.13775605837701535 0.69339229522435231 0.38913380226273758 0.72693593956895908 0.18923903275651463 6.5000000000000009 0.12888182870456658 0.76378503353574334 0 2.5000000000000004 4.6390882873898773 50.500000000000007 4.9907726071930645 68.500000000000014 1.0000000180025095e-35 0.73026094190808244 6.9268902955888834 1.5000000000000002 7.5000000000000009 7.2608738450308872 0.14037447774583914 7.0447568795718611 7.1557864696886755 7.8393286149895065 7.0959697384577662 7.6513571967694611 11.500000000000002
decision_type=8 10 8 10 10 10 10 10 2 10 10 1 8 10 10 10 10 2 10 10 2 2 10 8 10 8 10 10 10 2
left_child=1 19 3 4 -2 -3 7 -5 -8 -7 11 13 15 18 17 -13 -16 -14 -4 -1 24 22 -11 -20 -12 -26 28 -28 -22 -30
right_child=2 5 10 6 -6 9 8 -9 -10 21 20 12 14 -15 16 -17 -18 -19 23 -21 26 -23 -24 -25 25 -27 27 -29 29 -31
leaf_value=-9.3707272778076334e-05 -9.5672543348407365e-05 -0.012332212453999651 0.002359320663402309 2.8953114475627208e-05 -5.1520152358380816e-05 -0.0029643607479723447 -0.00014794145086240997 -0.00017500722359669043 0.0040933540878648868 -0.0042625985927181196 0.0004818325142559865 -4.3433693288139065e-05 -0.0062213735625254625 0.052697776365818828 0.012016213526373715 0.037851800964787109 -0.0091936986508182831 -0.043815977669303646 0.00013746586143175977 -9.3707272778076334e-05 4.1523389574660287e-05 0.0025313594225629486 0.0010107935181923545 -0.00014422431137911529 -0.00073999241310827033 0.0031450317615376202 -0.014789269687938478 0.0070914519055869547 -0.0006648770619994915 0.0017929066521010118
leaf_weight=426 608 452 1073 464 766 432 551 923 78 354 10279 1256 463 43 122 46 172 212 68 3408 116061 354 466 371 301 936 46 199 11792 1342
leaf_count=426 608 452 1073 464 766 432 551 923 78 354 10279 1256 463 43 122 46 172 212 68 3408 116061 354 466 371 301 936 46 199 11792 1342
internal_value=-0.000693218 -0.0159114 -8.80733e-05 -0.00514749 -0.010444 -0.00466472 -0.0015377 0.00135184 -0.00790938 -0.00205479 3.03905e-05 -0.00203868 -0.00489872 0.00213826 -0.00957172 -0.00142089 -0.00323129 -0.0123333 0.00152116 -0.0219484 8.65518e-05 4.25894e-05 -0.0022561 -0.0035877 0.00118965 0.00434519 -1.15884e-05 0.00744898 -2.57363e-05 -0.000966956
internal_weight=154064 5892 148172 3390 1374 2058 2016 1387 629 1606 144782 3826 2271 1555 969 1302 294 675 1512 3834 140956 1174 820 439 11516 1237 129440 245 129195 13134
internal_count=154064 5892 148172 3390 1374 2058 2016 1387 629 1606 144782 3826 2271 1555 969 1302 294 675 1512 3834 140956 1174 820 439 11516 1237 129440 245 129195 13134
cat_boundaries=0 1
cat_threshold=1
is_linear=0
shrinkage=0.05


Tree=150
num_leaves=31
num_cat=6
split_feature=19 18 17 0 3 1 18 19 19 19 12 18 0 3 22 19 10 10 0 22 3 1 3 3 1 3 17 18 11 22
split_gain=564.4 176.711 32.3603 12.3203 11.5092 8.07485 7.33558 49.5713 11.8067 9.1101 6.8547 12.4063 20.8122 13.3508 13.9832 11.4155 16.8259 13.2031 9.09112 7.86182 7.09136 8.01991 16.4651 38.1197 7.31321 7.03542 8.6322 6.88341 8.12015 6.8185
threshold=0.6933121904001478 0.15622637862520497 0.74879815593132204 0 1.5000000000000002 1 0.090156308798405943 0.74385949482193026 0.78869382793052656 0.71228376276357264 4.2884022971086271 0.52309695327106154 2 1.5000000000000002 7.8680826504396242 4.7934515656378753 4.8601998511071356 4.8255097295196725 3 8.8216343874678422 2.5000000000000004 4 4.5000000000000009 5.5000000000000009 5 1.0000000180025095e-35 4.281528274689264 0.25645809834961225 7.4021465497810377 7.4634431244767603
decision_type=8 10 8 1 2 1 10 10 10 10 10 8 1 2 10 10 10 8 1 10 2 1 2 2 1 2 10 10 10 8
left_child=1 5 3 -2 -3 -1 7 -5 -9 -8 -4 15 13 25 20 16 18 -17 -12 27 24 22 -22 -24 -15 -13 -27 28 -19 -7
right_child=2 4 10 6 -6 29 9 8 -10 -11 11 12 -14 14 -16 17 -18 19 -20 -21 21 -23 23 -25 -26 26 -28 -29 -30 -31
leaf_value=-8.9021909139175293e-05 3.8305676166899842e-05 -0.0047031478262002189 -8.2488513464390459e-05 -9.0888916180986723e-05 0.00061068355687651516 -8.9021909139175293e-05 0.00014300678374377097 2.3904534605717622e-05 -0.0001585225088668707 -0.00010123245355657119 0.0029250815584964673 0.00045897126725447102 0.0053711599809179948 0.045635225027038054 -0.0167856026595 -0.0030725546021086458 0.0061278367362370472 -0.00038503378338856643 0.00013295593046218636 -0.0053089919043989298 -0.023067115205971645 0.0044586839730097255 0.05647558523754679 -0.034442095304360577 0.0011785799236940786 -0.021983118713938123 -0.0028964280464399031 0.00058366715816324797 0.0020152412146067001 -8.9021909139175293e-05
leaf_weight=2611 323 440 98368 627 1100 488 278 285 225 1614 1598 199 3059 144 86 1151 615 19035 4921 140 128 704 128 83 121 246 138 13651 643 1171
leaf_count=2611 323 440 98368 627 1100 488 278 285 225 1614 1598 199 3059 144 86 1151 615 19035 4921 140 128 704 128 83 121 246 138 13651 643 1171
internal_value=-0.000693364 -0.0159811 -9.52798e-05 -0.00495227 -0.00146104 -0.0212178 -0.00593123 -0.00912489 0.00245098 -0.00404334 1.68782e-05 0.000515067 0.00285941 -0.00114494 0.00150646 0.000232313 0.00205355 -0.000142981 0.00130772 3.8095e-05 0.00279052 0.000934803 -0.00538348 0.00319905 0.0100943 -0.00750429 -0.0114583 8.77614e-05 -0.000510723 -0.0184901
internal_weight=154320 5810 148510 3352 1540 4270 3029 1137 510 1892 145158 46790 5036 1977 1394 41754 7134 34620 6519 33469 1308 1043 339 211 265 583 384 33329 19678 1659
internal_count=154320 5810 148510 3352 1540 4270 3029 1137 510 1892 145158 46790 5036 1977 1394 41754 7134 34620 6519 33469 1308 1043 339 211 265 583 384 33329 19678 1659
cat_boundaries=0 1 2 3 4 5 6
cat_threshold=4 4 554 673 1 1
is_linear=0
shrinkage=0.05


Tree=151
num_leaves=31
num_cat=7
split_feature=20 19 18 0 15 20 16 18 20 19 18 3 18 1 18 18 19 12 10 19 18 0 1 10 18 1 0 4 3 0
split_gain=549.536 101.991 47.016 41.7937 24.8796 32.0323 12.6506 9.83145 8.98898 14.8197 11.8642 10.6843 9.24168 5.74108 5.3313 5.28285 5.26668 11.0894 8.35638 8.26213 12.3796 10.8047 12.4169 7.51174 8.15326 6.61529 5.95888 5.32199 5.28432 50.1494
threshold=0.080481462141805085 0.55067158309644137 0.14418139414464085 0 0.69331376394879285 0.11068561392174879 0.13406906729385359 0.090156308798405943 0.20909111249267764 0.75397102908551894 0.17912142945115392 5.5000000000000009 0.12189734257168457 1 0.14320608311582336 1.0000000180025095e-35 0.76378503353574334 4.615615321433844 6.1250115107791077 0.73026094190808244 0.069782215410209458 2 3 2.0731521505764063 0.18951785938554871 4 5 8.5000000000000018 5.5000000000000009 6
decision_type=8 8 10 1 8 10 10 10 10 10 10 2 10 1 10 8 10 10 10 8 8 1 1 10 10 1 1 2 2 1
left_child=3 2 -2 6 5 7 -1 -3 9 -7 -10 12 -11 -4 -14 -5 17 18 19 20 -6 23 -23 24 25 -21 -24 -27 -18 -30
right_child=1 4 13 15 16 8 -8 -9 10 11 -12 -13 14 -15 -16 -17 28 -19 -20 21 -22 22 26 -25 -26 27 -28 -29 29 -31
leaf_value=-8.4570813682216533e-05 -0.011241524125222224 -8.6344470371935167e-05 -0.0038905208914513881 0.00029819907925938695 -2.1439872063278021e-05 -5.3863047693925031e-05 0.00014053593743846294 -5.7574893119632932e-05 -0.00032398944560409486 6.7292579253824816e-05 -0.00051175214945909102 -0.00056108495987505509 -0.00010921397459818239 0.001694516443012173 0.00013971730605225608 -0.0013200813586756732 -3.8214246831502764e-05 0.039307361259131396 0.032872048229733643 -0.0043633008920675566 4.0106199158318484e-05 -0.021702136878662792 0.0232798010819814 0.0328226041950355 8.6793310525493117e-05 -8.491627802653113e-05 0.00078752421361467657 -0.00020891966946964824 0.0021668426320676781 -0.0010318516539031153
leaf_weight=3212 875 349 361 31 49 881 22 186 473 202 1202 88 89 303 242 192 120463 59 39 489 1089 186 143 42 422 886 1064 352 11168 9175
leaf_count=3212 875 349 361 31 49 881 22 186 473 202 1202 88 89 303 242 192 120463 59 39 489 1089 186 143 42 422 886 1064 352 11168 9175
internal_value=-0.000690062 -0.000238439 -0.0130442 -0.0204006 -0.00010647 -0.00414871 -0.0218095 -0.0154673 -0.00224268 0.000565912 -0.00476119 0.00648148 0.00914634 -0.00301205 0.00400302 0.000965665 -3.43345e-06 -0.00162863 -0.00189561 -0.00208598 0.00162566 -0.00326451 0.000196009 -0.00544071 -0.00587483 -0.00739722 0.00205054 -0.00545234 5.21995e-05 0.000797572
internal_weight=154334 150877 1539 3457 149338 3712 3234 535 3177 1502 1675 621 533 664 331 223 145626 4820 4761 4722 1138 3584 1393 2191 2149 1727 1207 1238 140806 20343
internal_count=154334 150877 1539 3457 149338 3712 3234 535 3177 1502 1675 621 533 664 331 223 145626 4820 4761 4722 1138 3584 1393 2191 2149 1727 1207 1238 140806 20343
cat_boundaries=0 1 2 3 4 5 6 7
cat_threshold=2130 2 598 2 4 32 4315
is_linear=0
shrinkage=0.05


Tree=152
num_leaves=31
num_cat=4
split_feature=19 18 17 20 18 18 20 18 3 3 18 3 1 3 10 21 18 19 10 12 1 1 19 10 1 15 3 20 3 20
split_gain=555.733 175.213 27.0883 28.1927 41.9532 14.7857 18.2864 9.5522 8.44485 8.1883 7.84798 12.0645 7.83704 7.31424 5.9816 9.32168 7.63461 9.35071 7.38086 6.00009 5.63857 5.62632 10.2007 5.38736 5.33884 5.39449 5.73383 8.20786 9.61825 5.21641
threshold=0.6933121904001478 0.15264285772630756 0.74879815593132204 0.14043528666188551 0.090156308798405943 0.11082534949072302 0.21095475912120176 0.20432810146102295 1.5000000000000002 5.5000000000000009 0.12189734257168457 1.5000000000000002 0 1.5000000000000002 7.0312993674396251 7.577377095608937 0.36732109546606279 5.889943836215541 1.1150072000796054 7.1638305717902595 1 2 0.93365085398241132 0.50031594015395309 3 6.1194209965147399 1.5000000000000002 0.54769278941344857 1.0000000180025095e-35 1.2947748904401986
decision_type=8 10 8 10 10 8 10 10 2 2 10 2 1 2 10 10 8 8 10 10 1 1 10 10 1 10 2 10 2 8
left_child=1 12 3 4 -2 6 9 13 -3 -5 -6 20 -1 -7 15 -4 19 -18 -17 -16 -12 22 -8 -10 25 26 27 -20 -29 -19
right_child=2 8 14 5 10 7 21 -9 23 -11 11 -13 -14 -15 16 18 17 29 24 -21 -22 -23 -24 -25 -26 -27 -28 28 -30 -31
leaf_value=-8.0342272998107367e-05 -8.2027246853338964e-05 -0.0039743709976967582 3.7756859723062092e-05 3.908354474325138e-05 2.797339978969915e-05 6.1197378464550315e-06 0.00014663504785059623 0.00064215819631060491 -0.0012497691619427946 -0.00035585124722179454 0.0001332544736989183 -0.00012625001827177852 -8.0342272998107367e-05 -0.00019139528702598053 0.00096453281997703759 -0.00074670547950444479 -0.015701547114743031 0.0028334354971255808 0.002760656076619353 -0.00061118731072853374 6.9327627807841408e-06 -0.00014213126469331261 -0.0034914460114900516 0.0027879847266246206 -0.00063933300798693085 -0.00095429536997082565 0.0028575902027953462 0.0045939564091999289 -0.03278957798162354 0.022523260820803939
leaf_weight=2627 639 441 119876 335 304 183 36 652 616 56 33 380 1648 504 4199 2538 95 1136 224 2769 96 153 21 519 11668 851 1051 72 85 66
leaf_count=2627 639 441 119876 335 304 183 36 652 616 56 33 380 1648 504 4199 2538 95 1136 224 2769 96 153 21 519 11668 851 1051 72 85 66
internal_value=-0.000691317 -0.015805 -9.3905e-05 -0.00451061 -0.00977961 -0.00056701 0.00594842 -0.00349141 -0.00155457 0.0123402 -0.00224477 -0.00604126 -0.0210585 -0.00760553 9.67987e-06 -6.94826e-05 0.00131579 0.00483809 -0.00118412 0.000660161 0.00717054 -0.00595238 0.00745614 0.000726872 -0.000732922 0.00147832 0.00335196 -0.00190289 -0.0106688 0.00603161
internal_weight=153873 5851 148022 3392 1452 1940 601 1339 1576 391 813 509 4275 687 144630 136365 8265 1297 16489 6968 129 210 57 1135 13951 2283 1432 381 157 1202
internal_count=153873 5851 148022 3392 1452 1940 601 1339 1576 391 813 509 4275 687 144630 136365 8265 1297 16489 6968 129 210 57 1135 13951 2283 1432 381 157 1202
cat_boundaries=0 1 2 3 4
cat_threshold=4 4 4 4
is_linear=0
shrinkage=0.05


Tree=153
num_leaves=31
num_cat=8
split_feature=19 18 17 20 20 22 3 5 4 0 20 22 4 0 0 4 1 18 1 22 0 20 3 14 19 20 11 19 0 1
split_gain=550.438 181.374 24.2781 67.1 19.1918 9.65164 8.72788 7.19148 9.17671 14.2785 7.53714 7.18496 6.87459 31.8606 23.4982 22.6332 20.9543 20.9356 19.9609 22.6178 17.4229 16.0638 14.9331 12.5287 12.4535 16.2443 11.962 12.3713 11.927 13.9823
threshold=0.6933121904001478 0.15264285772630756 0.69339229522435231 0.13775605837701535 0.21095475912120176 7.0040384257758559 4.5000000000000009 1.0000000180025095e-35 10.500000000000002 0 0.95584687892193088 8.4512030932751578 7.5000000000000009 1 2 3.5000000000000004 3 0.60129399003526218 4 8.3412000329638847 5 0.20505393593781615 2.5000000000000004 6.9032449973715968 3.1896877399293557 0.36065681919837783 4.7410113136374674 4.3547250048124733 6 7
decision_type=8 10 8 10 10 10 2 2 2 1 10 10 2 1 1 2 1 8 1 10 1 8 2 10 10 10 8 8 1 1
left_child=1 5 3 -2 -5 -1 -3 12 11 -10 -11 -9 14 17 18 16 20 24 19 21 22 -4 -16 26 -14 -26 27 -23 -17 -30
right_child=2 6 7 4 -6 -7 -8 8 9 10 -12 -13 13 -15 15 28 -18 -19 -20 -21 -22 23 -24 -25 25 -27 -28 -29 29 -31
leaf_value=-7.6325159348200622e-05 -7.7925884510671178e-05 -0.0023458584365243008 -0.00022046792525241 3.0805162004932107e-05 -0.00018342722442597493 -7.6325159348200622e-05 0.0026994086602110112 -0.00021634053348990601 0.00082646468023170891 -0.0085642558513105045 0.009962990629235469 0.0069333622573643176 0.00078956489674381351 0.00034827520186382632 0.0011616966738792645 -0.00018964930630740453 -7.139287305526488e-05 -0.012495009572618787 -0.0014489587625555744 -0.0069253154208557266 0.00051803876400859929 0.0044918787890680491 0.0061117544819185195 -0.0032380656308162339 -0.00062321401027645165 -0.0067892202937231087 0.0075803855265215827 -0.006831391216525518 -0.0012863216473485873 -0.00049557167766924872
leaf_weight=651 604 1157 692 421 639 3609 421 17420 519 793 33 51 1008 49498 1158 20933 19664 474 1435 169 6762 766 1381 131 1130 663 1528 149 7253 13217
leaf_count=651 604 1157 692 421 639 3609 421 17420 519 793 33 51 1008 49498 1158 20933 19664 474 1435 169 6762 766 1381 131 1130 663 1528 149 7253 13217
internal_value=-0.000656228 -0.015716 -6.41453e-05 -0.00606971 0.00150943 -0.0210798 -0.00123574 3.91617e-06 -0.000908801 -0.00488848 -0.00891148 -0.000602427 0.000138074 0.000575578 -0.000168798 -0.000401404 0.000670637 -0.0041933 0.00318648 0.00526201 0.00262606 0.00618494 0.00614947 0.00800311 -0.00256159 -0.00506135 0.00881089 0.00428962 -0.00115149 -0.00200928
internal_weight=154329 5838 148491 1664 1060 4260 1578 146827 18816 1345 826 17471 128011 52773 75238 70368 28965 3275 4870 3435 9301 3266 2539 2574 2801 1793 2443 915 41403 20470
internal_count=154329 5838 148491 1664 1060 4260 1578 146827 18816 1345 826 17471 128011 52773 75238 70368 28965 3275 4870 3435 9301 3266 2539 2574 2801 1793 2443 915 41403 20470
cat_boundaries=0 1 2 3 4 5 6 7 8
cat_threshold=62608 512 512 1 2 36929 2109 2
is_linear=0
shrinkage=0.05


Tree=154
num_leaves=31
num_cat=5
split_feature=20 17 18 0 17 20 17 16 3 18 20 18 18 22 3 5 4 0 4 4 0 0 22 18 17 14 10 20 22 0
split_gain=551.096 92.8638 46.224 38.7037 23.5383 27.6263 36.8497 16.8829 11.8627 10.9572 16.0876 13.4864 9.22354 7.60196 6.73761 5.79988 10.1569 16.3661 7.05171 9.17335 28.4165 25.5663 18.8167 18.7255 14.8809 17.0937 13.3515 11.7519 11.1101 13.0523
threshold=0.080481462141805085 0.53915103907563411 0.15622637862520497 0 0.74879815593132204 0.13775605837701535 0.69339229522435231 0.13406906729385359 1.5000000000000002 1.0000000180025095e-35 0.21095475912120176 0.19609794318246482 0.12189734257168457 6.9087370695597974 5.5000000000000009 1.0000000180025095e-35 10.500000000000002 1 1.5000000000000002 7.5000000000000009 2 3 8.3902758943614213 0.60129399003526218 2.1774879385704362 6.0089360204757645 4.5793392943261457 0.23674799394557347 6.5011941067243306 4
decision_type=8 8 10 1 8 10 10 10 2 10 10 10 10 8 2 2 2 1 2 2 1 1 10 8 8 10 8 8 10 1
left_child=3 2 -2 7 5 6 -3 -1 -8 10 14 -11 -10 -13 -7 18 -17 -18 -6 21 23 22 24 -21 -20 26 -26 -28 -22 -30
right_child=1 4 -4 -5 15 9 8 -9 12 11 -12 13 -14 -15 -16 16 17 -19 19 20 28 -23 -24 -25 25 -27 27 -29 29 -31
leaf_value=-7.2508901380791138e-05 -0.0095599264068210957 -7.4029590285135122e-05 -0.0013162093306628778 5.6675825750973636e-06 0.00089782882977149656 3.5107392713867869e-05 5.9869376811197417e-05 0.00014035960711170081 2.8183148498933664e-05 -0.00013284826188332267 -0.00010832602223197485 -0.0051631841494477306 -0.0001302871916085413 0.0011027582288338695 -0.0003395989429609503 -0.0002609015484873467 -0.0094768222189377527 0.00024189971750576689 -0.00046442347494494995 -0.0014261171798290451 -0.0005680861642678892 -0.00033170027970363947 -0.0084873885094842293 -0.011772473923094086 0.0012188000951761869 -0.00088122308688614042 0.0020367928653305389 0.0087373316412316712 0.0012923436663352162 0.0001220228260977313
leaf_weight=3235 860 615 608 224 9329 325 204 27 170 1006 215 45 364 1258 55 17463 731 625 1244 2768 9507 60433 153 461 784 548 382 1169 17318 21976
leaf_count=3235 860 615 608 224 9329 325 204 27 170 1006 215 45 364 1258 55 17463 731 625 1244 2768 9507 60433 153 461 784 548 382 1169 17318 21976
internal_value=-0.000713164 -0.000258273 -0.0127725 -0.0203672 -0.000135101 -0.00379962 -0.00970067 -0.0217145 -0.00216802 -0.00105028 0.005 -0.00260935 -0.00608614 0.000748273 0.0111842 -2.74344e-05 -0.000846219 -0.00501475 9.47871e-05 -1.09214e-05 0.000483375 -0.000408341 0.00332168 -0.00405218 0.00396777 0.00593999 0.00780514 0.0104932 0.000784147 0.00115539
internal_weight=154102 150616 1468 3486 149148 4257 1353 3262 738 2904 595 2309 534 1303 380 144891 18819 1356 126072 116743 52030 64713 4280 3229 4127 2883 2335 1551 48801 39294
internal_count=154102 150616 1468 3486 149148 4257 1353 3262 738 2904 595 2309 534 1303 380 144891 18819 1356 126072 116743 52030 64713 4280 3229 4127 2883 2335 1551 48801 39294
cat_boundaries=0 1 2 3 4 5
cat_threshold=2130 2669 512 512 13513
is_linear=0
shrinkage=0.05


Tree=155
num_leaves=31
num_cat=7
split_feature=19 18 17 20 20 18 3 0 15 5 0 4 20 4 17 1 4 0 18 0 21 1 19 4 4 9 1 17 19 4
split_gain=551.376 180.442 24.2872 58.0142 19.4197 8.48823 7.34656 6.08039 5.98647 5.81736 6.55575 10.5315 6.75584 6.55252 9.22557 9.98277 6.13254 21.2915 19.0151 17.7378 15.8169 14.2947 13.3553 20.3978 10.2196 13.3861 23.9676 12.2555 11.9516 11.5498
threshold=0.6933121904001478 0.15622637862520497 0.69339229522435231 0.13775605837701535 0.21095475912120176 0.11719760132016778 1.5000000000000002 0 0.38814794195493374 1.0000000180025095e-35 1 10.500000000000002 0.95584687892193088 1.5000000000000002 6.7300845694372224 2 7.5000000000000009 3 0.44980994340670571 4 8.2304437952050211 5 5.889943836215541 3.5000000000000004 3.5000000000000004 1.0000000180025095e-35 6 7.443088802830129 3.0699317436910696 4.5000000000000009
decision_type=8 10 8 10 10 8 2 1 8 2 1 2 10 2 10 1 2 1 8 1 10 1 10 2 2 2 1 8 10 2
left_child=1 5 3 -2 -5 -1 -3 8 -8 13 -11 -12 -13 14 -4 -16 19 18 -18 20 21 22 23 -15 27 -26 28 -21 -27 -30
right_child=2 6 9 4 -6 -7 7 -9 -10 10 11 12 -14 16 15 -17 17 -19 -20 24 -22 -23 -24 -25 25 26 -28 -29 29 -31
leaf_value=-6.8883456311752419e-05 -7.0328110770878643e-05 -0.0033724886196456472 0.00029671162660160899 2.7905486375812141e-05 -0.00017532211665443888 -0.00445803998078229 -0.0092122522245080395 -0.001320223778596122 0.004289868049575366 2.3125915360311389e-05 -0.00092222056725748129 -0.0081570347415673827 0.0094389831657318637 0.0012884830489528266 0.0038243020991433952 -0.00043890713190515297 -0.00072275161580037661 0.00025274417410311447 -0.0091417973681300006 3.0988252770419723e-05 -0.0062273024876706717 -0.00061393366072726998 -0.00010980278387977549 0.007634764769294167 -0.00023553133594786114 0.0039618874902572765 -0.0027294645790536978 0.005392575098666752 0.0019581403530786637 -0.0010108549317004224
leaf_weight=3587 594 427 7969 396 614 726 45 507 540 9159 8993 660 33 960 1011 462 2528 49350 764 18721 218 1240 737 1115 33918 267 4397 1117 641 2198
leaf_count=3587 594 427 7969 396 614 726 45 507 540 9159 8993 660 33 960 1011 462 2528 49350 764 18721 218 1240 737 1115 33918 267 4397 1117 641 2198
internal_value=-0.000678064 -0.0157579 -8.40864e-05 -0.00620324 0.00108911 -0.0209773 -0.000938117 0.00123626 0.00466387 -1.70697e-05 -0.000837092 -0.00174299 -0.00768398 0.000104025 0.00137153 0.00500679 2.75025e-06 0.00040462 -0.00348274 -0.000320087 0.00279206 0.00350444 0.00547653 0.00753012 -0.000537384 -0.000984404 -0.00289551 0.000395705 0.000466838 -0.000484325
internal_weight=153894 5832 148062 1604 1010 4313 1519 1092 585 146458 18845 9686 693 127613 9442 1473 118171 52642 3292 65529 4270 4052 2812 2075 61259 41421 7503 19838 3106 2839
internal_count=153894 5832 148062 1604 1010 4313 1519 1092 585 146458 18845 9686 693 127613 9442 1473 118171 52642 3292 65529 4270 4052 2812 2075 61259 41421 7503 19838 3106 2839
cat_boundaries=0 1 2 3 4 5 6 7
cat_threshold=518 61718 1 512 512 2 4
is_linear=0
shrinkage=0.05


Tree=156
num_leaves=31
num_cat=3
split_feature=17 20 10 19 18 17 18 18 14 2 2 2 10 2 13 13 1 0 22 20 13 15 18 19 18 20 5 0 16 16
split_gain=509.23 239.112 12.208 10.5724 7.91441 11.1511 7.66474 6.56562 7.06219 10.5957 22.4975 7.21249 13.7445 8.4001 9.32911 7.16394 6.1193 7.81951 5.32535 5.1837 5.17811 5.15334 7.41869 9.3489 6.19627 7.28654 5.67334 7.77126 5.33338 5.01785
threshold=0.69339229522435231 0.13164897187499633 0.66750053336617021 0.48010728640447298 0.20432810146102295 0.62398357544636374 0.11719760132016778 1.9813939450859666 5.6207630533461712 1.5000000000000002 2.5000000000000004 1.5000000000000002 5.3249591789805892 2.5000000000000004 5.4385139026054903 5.3892999882089621 0 1 7.4166779868012567 0.21582225756348125 5.6356816640660012 0.69331376394879285 0.14690078553211297 0.96326941546617084 0.15622637862520497 0.21764980156013594 1.0000000180025095e-35 2 1.0000000180025095e-35 0.24912030027526488
decision_type=8 10 10 8 10 10 10 10 10 2 2 2 10 2 10 10 1 1 8 10 10 8 10 10 10 10 2 1 8 8
left_child=1 16 4 -2 5 6 -3 21 11 -10 -11 12 20 14 -13 -15 17 -1 -18 29 -9 22 -5 24 25 -24 28 -28 -23 -6
right_child=3 2 -4 7 19 -7 -8 8 9 10 -12 13 -14 15 -16 -17 18 -19 -20 -21 -22 26 23 -25 -26 -27 27 -29 -30 -31
leaf_value=-6.5439283496165909e-05 -0.025234622225887928 -0.0084655753757040941 1.8338646782908864e-05 -5.129067822212119e-05 0.0040093918987640061 -6.3816548534934016e-06 -0.0041454818396397478 -0.010435443119220195 0.047895086830807766 -0.052273463681414681 0.047193594860644922 0.040027987412732259 -0.069247756723128329 -0.037353488355557039 -0.066607618106053895 0.04401187098872144 -6.5439283496165909e-05 -8.875524835907922e-05 -6.5439283496165909e-05 -0.0015057475774329033 0.041117793789050255 0.0014284984898486508 0.00024855277625088489 -0.0018426146260435373 -5.5643296192897653e-09 -0.00014499707264889472 0.00017750939714310522 -0.00093784445691729172 5.094189282726092e-05 -0.0026356414529034979
leaf_weight=2414 77 219 820 641 112 373 453 86 133 101 106 238 95 244 35 38 594 136 989 686 44 295 88 110 898 31 8768 9705 125597 58
leaf_count=2414 77 219 820 641 112 373 453 86 133 101 106 238 95 244 35 38 594 136 989 686 44 295 88 110 898 31 8768 9705 125597 58
internal_value=-0.000603824 -0.0139262 -0.00241639 1.59506e-05 -0.00461599 -0.00753589 -0.0113839 2.56362e-05 0.00383929 0.00985294 0.00277778 0.00121795 -0.00633333 0.00427928 0.0105311 -0.00177305 -0.0215038 -0.0230196 -0.0190619 -0.0010514 0.00423077 -3.59262e-06 -0.00268665 -0.000244011 0.00125369 0.0119748 2.92661e-05 -0.000788989 0.000149334 0.00676471
internal_weight=154184 6854 2721 147330 1901 1045 672 147253 1120 340 207 780 225 555 273 282 4133 2550 1583 856 130 146133 1768 1127 1017 119 144365 18473 125892 170
internal_count=154184 6854 2721 147330 1901 1045 672 147253 1120 340 207 780 225 555 273 282 4133 2550 1583 856 130 146133 1768 1127 1017 119 144365 18473 125892 170
cat_boundaries=0 1 2 3
cat_threshold=4 16 62228
is_linear=0
shrinkage=0.05


Tree=157
num_leaves=31
num_cat=6
split_feature=17 18 19 0 1 19 3 19 19 3 16 16 19 17 3 17 16 19 3 0 19 3 0 0 15 19 11 0 18 3
split_gain=490.528 129.601 109.72 21.1691 11.9634 11.558 8.44927 6.85174 6.08001 7.31142 5.14597 4.86867 4.83948 7.27907 7.52828 15.6834 7.06867 5.05238 4.97089 24.4008 15.5004 13.8551 13.1409 12.9593 10.6453 9.96917 10.6928 9.52618 14.4787 16.6386
threshold=0.69339229522435231 0.1403021877754814 0.74385949482193026 0 1 0.63102192797740631 5.5000000000000009 0.72017818776715636 0.85334004793109941 5.5000000000000009 0.071621037370704368 0.29482333844326031 0.71228376276357264 0.74879815593132204 1.5000000000000002 0.72693593956895908 0.26317711625237455 0.72017818776715636 4.5000000000000009 2 6.2666330350935544 5.5000000000000009 3 4 2.8079173188001696 2.2711086212837892 2.0731521505764063 5 0.68393351966051918 2.5000000000000004
decision_type=8 10 10 1 1 8 2 10 10 2 10 10 8 8 2 10 8 10 2 1 8 2 1 1 8 10 10 1 10 2
left_child=1 2 3 4 7 11 -3 -1 9 -4 -6 -2 -7 14 17 -16 -17 -14 27 24 21 22 -21 -23 25 26 -20 28 -15 -30
right_child=5 6 8 -5 10 12 -8 -9 -10 -11 -12 -13 13 18 15 16 -18 -19 19 20 -22 23 -24 -25 -26 -27 -28 -29 29 -31
leaf_value=-6.2167319321360101e-05 -0.013585737913554254 -0.0020402146060951253 2.559327971787817e-05 3.1521533112216507e-05 -6.2167319321360101e-05 6.804723280416369e-05 0.00364381778960467 4.5394079206673155e-06 -0.00016914203161189079 -0.00043737414067189506 -0.0051455316507551113 0.0020272262020995082 9.0490682753185947e-05 0.00060521986634878291 2.689174549053708e-05 -0.0001470753588820817 0.0051801688368451372 -6.0615905973337998e-06 -0.00038679372586403752 -0.002518586499825537 -0.0034816076365334239 0.0028654927754298899 -8.3802430589796642e-05 -0.00014768022552349438 0.0015228255047734951 -0.0030474001043331758 0.0055841340624783299 -0.00017736843989024642 -0.01174674291197504 0.0021355991743434058
leaf_weight=2591 142 1487 397 101 1591 749 276 25 89 66 228 32 95 18568 329 695 64 312 1700 3046 1856 3149 4916 6982 14301 790 407 87947 607 562
leaf_count=2591 142 1487 397 101 1591 749 276 25 89 66 228 32 95 18568 329 695 64 312 1700 3046 1856 3149 4916 6982 14301 790 407 87947 607 562
internal_value=-0.00066061 -0.0137389 -0.0177869 -0.0203483 -0.020838 -5.21226e-05 -0.00205615 -0.0230505 0.00326087 0.00556156 -0.0177708 -0.012931 -3.68859e-05 -5.74061e-05 -0.00352843 -0.00569853 -0.00965086 0.00227273 -2.15769e-05 0.000477158 -0.000712711 -0.000266678 -0.00182743 0.000959925 0.00185669 -0.00090611 0.000889891 -0.000193622 0.000798856 -0.00459795
internal_weight=154100 6851 5088 4536 4435 147249 1763 2616 552 463 1819 174 147075 146326 1495 1088 759 407 144831 37147 19949 18093 7962 10131 17198 2897 2107 107684 19737 1169
internal_count=154100 6851 5088 4536 4435 147249 1763 2616 552 463 1819 174 147075 146326 1495 1088 759 407 144831 37147 19949 18093 7962 10131 17198 2897 2107 107684 19737 1169
cat_boundaries=0 1 2 3 4 5 6
cat_threshold=82 4 16613 266 10 7936
is_linear=0
shrinkage=0.05


Tree=158
num_leaves=31
num_cat=4
split_feature=17 18 19 19 19 19 3 1 22 16 3 22 17 3 8 22 18 19 19 16 0 19 3 18 10 3 0 16 0 3
split_gain=499.57 133.484 109.747 11.287 10.1195 7.7721 7.77225 7.73391 8.05309 7.86723 7.32977 6.08031 5.02536 12.1913 10.5404 7.49159 6.90953 6.1206 5.45139 17.6144 11.8578 11.5759 11.5629 7.52483 8.17339 5.80471 23.9058 16.872 10.3801 15.8918
threshold=0.69339229522435231 0.1403021877754814 0.72017818776715636 0.74385949482193026 0.48010728640447298 0.85334004793109941 5.5000000000000009 0 7.484054643526413 0.057642451048291868 5.5000000000000009 7.0040384257758559 0.74879815593132204 2.5000000000000004 6.5000000000000009 7.627288271776246 0.29953033752299418 0.72017818776715636 0.8266424293133654 0.19741988575756789 1 0.73026094190808244 5.5000000000000009 0.25284858125050141 1.0471650770867935 4.5000000000000009 2 0.35557615813533167 3 2.5000000000000004
decision_type=8 10 10 10 8 10 2 1 8 10 2 10 8 2 2 10 10 10 8 10 1 10 2 10 10 2 1 10 1 2
left_child=1 2 7 -4 -2 6 -5 11 9 -9 -3 -1 13 15 16 17 -15 -6 19 20 21 -14 23 24 -22 28 -27 -28 29 -20
right_child=4 10 3 5 12 -7 -8 8 -10 -11 -12 -13 18 14 -16 -17 -18 -19 25 -21 22 -23 -24 -25 -26 26 27 -29 -30 -31
leaf_value=-0.001681396418221015 -0.023608426314713146 -0.0021863535724241825 -4.2084905190714619e-05 2.6567445835973261e-05 0.00012328352019093104 -0.00016068493003129625 -0.00040031103628722646 -5.9058953355289884e-05 -5.9058953355289884e-05 -8.7604352905909516e-05 0.0035670020384369686 -5.9058953355289884e-05 -0.012755343897363736 -0.00014607740775260392 5.9127188006807833e-05 -9.382300443524228e-05 0.0051866593997929207 1.9002976297588515e-06 -0.00023261463910855264 -0.00019242477138499138 0.00018311362089748484 0.00021216786187664983 -0.0008050469482933087 -0.00062068795408695698 -0.00015958864885627091 -0.00069125284643511975 0.00053097659015162728 0.0042431966205388255 -0.00035315465052633278 0.000871629219174841
leaf_weight=179 72 1464 288 382 267 87 71 520 994 94 268 2508 82 737 297 162 71 362 21639 2160 1245 129 256 114 110 13451 18906 3765 66582 16730
leaf_count=179 72 1464 288 382 267 87 71 520 994 94 268 2508 82 737 297 162 71 362 21639 2160 1245 129 256 114 110 13451 18906 3765 66582 16730
internal_value=-0.000624383 -0.0138184 -0.0178753 -0.00120773 -9.68485e-06 0.00305556 0.00568433 -0.0210885 -0.0183458 -0.0138436 -0.00181871 -0.0227298 -5.09979e-07 -0.00255802 -0.00595023 0.00218078 -0.00891089 0.00465024 3.28927e-05 0.00183105 0.00529442 -0.00576923 0.00664265 0.00839006 0.00942804 -1.93162e-05 0.000527379 0.00151779 -0.000207478 0.00044751
internal_weight=153992 6855 5123 828 147137 540 453 4295 1608 614 1732 2687 147065 1896 1105 791 808 629 145169 4096 1936 211 1725 1469 1355 141073 36122 22671 104951 38369
internal_count=153992 6855 5123 828 147137 540 453 4295 1608 614 1732 2687 147065 1896 1105 791 808 629 145169 4096 1936 211 1725 1469 1355 141073 36122 22671 104951 38369
cat_boundaries=0 1 2 3 4
cat_threshold=4 8516 40712 40716
is_linear=0
shrinkage=0.05


Tree=159
num_leaves=31
num_cat=4
split_feature=17 20 22 18 18 20 1 17 19 20 10 1 18 13 2 2 2 10 2 22 12 22 4 17 1 4 19 20 1 17
split_gain=464.338 227.902 18.3537 13.4517 17.8767 12.9397 11.5053 15.9431 8.8709 7.2387 6.25059 6.04674 5.64389 5.4279 10.5171 24.6678 7.86673 15.0179 8.01922 4.89336 4.88556 4.79669 5.45526 5.48938 4.76684 5.71237 4.58586 4.5172 10.9098 15.6231
threshold=0.69339229522435231 0.13775605837701535 7.0040384257758559 1.0000000180025095e-35 0.1403021877754814 0.21095475912120176 0 0.53915103907563411 0.48010728640447298 0.45370102799337181 7.6307039213370436 1 1.9813939450859666 5.3252026657153744 1.5000000000000002 2.5000000000000004 1.5000000000000002 2.7694539157329841 2.5000000000000004 7.4166779868012567 4.2069286457533712 8.2946502110986433 7.5000000000000009 0.38913380226273758 2 8.5000000000000018 0.76378503353574334 1.4508048607936559 3 4.7927980266610168
decision_type=8 10 10 10 10 10 1 10 8 10 10 1 10 10 2 2 2 10 2 10 10 10 2 10 1 2 10 8 1 8
left_child=1 2 6 5 -5 26 7 -1 -2 21 12 -4 27 16 -15 -16 17 -14 -18 -13 -20 22 -6 -24 25 -7 -3 -10 29 -29
right_child=8 3 11 4 9 24 -8 -9 10 -11 -12 19 13 14 15 -17 18 -19 20 -21 -22 -23 23 -25 -26 -27 -28 28 -30 -31
leaf_value=-0.011607318925244969 -0.02274282709477481 8.4059415782211655e-06 -5.6106005687522889e-05 -0.0066623266349107651 -0.0016592493919340868 0.00013633088861768062 -5.6106005687522889e-05 2.8605522044766741e-05 -1.6510138053260626e-05 -0.005443931853971096 0.0022494252702741856 -5.6106005687522889e-05 0.017473813777021351 0.040649060806732612 -0.060145846381363027 0.045097180408267115 0.036020600724579042 -0.067055327422808828 -0.03266096387408142 -5.6106005687522889e-05 0.023723763965356207 -0.004989986947420583 -0.0060461634259007038 0.0029410951550631337 -0.00011855951328763604 -0.0029146539214446876 0.00015509063927263145 -0.018143737827950202 -0.0054816459026959564 0.0068608208850597929
leaf_weight=45 70 189 2419 382 1107 31 298 86 141627 102 773 397 114 153 94 104 263 98 181 877 99 68 70 374 167 20 179 807 1472 1324
leaf_count=45 70 189 2419 382 1107 31 298 86 141627 102 773 397 114 153 94 104 263 98 181 877 99 68 70 374 167 20 179 807 1472 1324
internal_value=-0.00065264 -0.0134158 -0.020803 -0.00209186 -0.00395863 0.00460751 -0.011014 0.00133588 -6.19993e-05 -0.00178675 -5.35317e-05 -0.0219402 -7.72195e-05 0.00348101 0.00861823 0.0010101 0.00109272 -0.00707547 0.00428177 -0.0191523 -0.00160714 -0.000972823 -0.000402966 0.00427928 -0.00504587 0.00833333 0.0103261 -0.000104317 -0.00185262 0.000434069
internal_weight=153990 6811 4122 2689 2103 586 429 131 147179 1721 147109 3693 146336 1106 351 198 755 212 543 1274 280 1619 1551 444 218 51 368 145230 3603 2131
internal_count=153990 6811 4122 2689 2103 586 429 131 147179 1721 147109 3693 146336 1106 351 198 755 212 543 1274 280 1619 1551 444 218 51 368 145230 3603 2131
cat_boundaries=0 1 2 3 4
cat_threshold=4 4 4 1
is_linear=0
shrinkage=0.05


Tree=160
num_leaves=31
num_cat=4
split_feature=17 20 22 1 17 17 18 19 3 19 0 3 20 16 10 19 20 3 0 0 22 20 17 20 20 3 3 3 3 16
split_gain=455.94 234.893 18.4293 14.2996 15.164 11.3736 15.8302 9.97795 8.26488 8.56813 7.02208 6.48792 6.15229 12.9076 5.42177 5.99872 5.11191 4.50503 31.121 19.948 14.7557 15.8774 14.542 14.0184 14.0012 13.3742 42.4973 17.2534 31.278 9.45004
threshold=0.69339229522435231 0.13775605837701535 7.0040384257758559 0 0.53915103907563411 0.68316635819242255 0.1403021877754814 0.55067158309644137 5.5000000000000009 0.85334004793109941 1 5.5000000000000009 0.088479740455672265 0.17543189742473525 7.8393286149895065 7.0803513481068396 0.47335940361127821 1.0000000180025095e-35 2 3 6.2084915373643383 0.59229172419041531 6.1310990096680653 0.87327206558454729 1.9205141307831692 3.5000000000000004 5.5000000000000009 2.5000000000000004 1.5000000000000002 0.2231922191542314
decision_type=8 10 10 1 10 10 10 8 2 10 1 2 10 8 10 8 10 2 1 1 10 10 8 8 10 2 2 2 2 10
left_child=1 2 3 4 -1 6 -3 -2 9 -7 12 16 -4 -14 17 -16 -8 18 23 20 21 -20 -21 -9 -19 27 -27 28 -26 -23
right_child=7 5 10 -5 -6 8 11 14 -10 -11 -12 -13 13 -15 15 -17 -18 24 19 22 -22 29 -24 -25 25 26 -28 -29 -30 -31
leaf_value=-0.011263464159549937 -0.020976041548441422 -0.0062540188836615667 -5.3300705403147577e-05 -5.3300705403147577e-05 2.717524594252896e-05 3.1556864547077626e-05 -0.0011781091697549402 -0.0040542124401463991 -0.00045597530537594411 -0.00014672270786534881 -5.3300705403147577e-05 0.0033342139236761589 -5.4673127139315274e-05 1.4697493503956772e-05 -0.014569783793437053 0.006612398035262524 -0.0064015627339701134 -5.995003345369843e-05 0.0019006318895389953 0.00016662375823559561 0.0026172582754069198 0.0069509387937818808 -0.0017420123793502329 -0.042203242071308461 0.038937342906913266 -0.060236619315597165 0.027916412549159022 0.044430606149647958 -0.075177685939732342 -0.078812950364210127
leaf_weight=46 87 382 582 310 88 517 1262 410 104 77 2883 244 211 43 43 218 58 126431 682 10346 4914 79 2518 403 224 179 233 214 139 194
leaf_count=46 87 382 582 310 88 517 1262 410 104 77 2883 244 211 43 43 218 58 126431 682 10346 4914 79 2518 403 224 179 233 214 139 194
internal_value=-0.000610721 -0.0132621 -0.0206642 -0.011036 0.00261194 -0.00160741 -0.00357143 -2.61347e-05 0.00386819 0.00614478 -0.0218137 -0.00134271 -0.0167258 -0.0104331 -1.61316e-05 0.00718391 -0.00272727 -2.89183e-05 0.000677888 0.00109508 0.00350825 -0.00217277 -7.76759e-06 -0.00883961 -0.000137341 0.00578868 -0.00109223 0.0107019 0.00406336 -0.0123626
internal_weight=154121 6807 4163 444 134 2644 1946 147314 698 594 3719 1564 836 254 147227 261 1320 146966 19546 18733 5869 955 12864 813 127420 989 412 577 363 273
internal_count=154121 6807 4163 444 134 2644 1946 147314 698 594 3719 1564 836 254 147227 261 1320 146966 19546 18733 5869 955 12864 813 127420 989 412 577 363 273
cat_boundaries=0 1 2 3 4
cat_threshold=4 518 320 29856
is_linear=0
shrinkage=0.05


Tree=161
num_leaves=31
num_cat=4
split_feature=18 0 11 18 1 22 10 12 18 1 22 4 22 0 22 18 3 3 3 3 3 6 3 22 8 22 22 12 14 11
split_gain=425.257 54.3802 52.2975 58.9173 23.3087 30.4418 11.3075 9.53559 17.0688 8.47031 7.74274 14.2538 7.27839 6.5368 6.44965 6.19225 16.7292 10.0385 19.8573 13.1845 16.35 5.93329 5.86644 4.81579 4.79678 4.39642 4.35884 4.27411 7.44369 8.47169
threshold=0.057511597938124721 0 0.66750053336617021 0.13677947191840603 1 7.0095110950838517 1.0471650770867935 0.55920745798214477 0.15964931374093774 2 7.5936124906339382 3.5000000000000004 7.2026013170540937 3 7.0040384257758559 2.3512442740093462 1.0000000180025095e-35 1.5000000000000002 2.5000000000000004 3.5000000000000004 4.5000000000000009 1.0000000180025095e-35 5.5000000000000009 7.1130808638281939 3.5000000000000004 6.6414547900259473 6.9832735308311573 0.71754226264466137 1.3736354571277458 7.4021465497810377
decision_type=8 1 8 10 1 10 10 8 10 1 8 2 8 1 8 10 2 2 2 2 2 2 2 10 2 8 8 10 10 10
left_child=1 4 3 9 5 21 10 8 -4 14 11 -6 -11 -3 -2 27 -17 -18 -19 -20 -21 -1 -5 24 -7 -15 -24 -9 -29 -30
right_child=2 13 7 22 6 23 -8 15 -10 12 -12 -13 -14 25 -16 16 17 18 19 20 -22 -23 26 -25 -26 -27 -28 28 29 -31
leaf_value=2.5816483645402236e-05 0.0001141357784999686 3.0051561409877304e-05 -0.010423987500430228 -0.0020592925909523941 -5.0635670132992418e-05 -5.0635670132992418e-05 0.002926006860463415 -6.2711880639626519e-05 -0.00072553113090780832 0.0021992536987875014 -5.0635670132992418e-05 -5.0635670132992418e-05 -0.0061412868277396504 0.0018936968079398819 -0.010187849222129558 -0.048328644305332839 0.049424392516969465 -0.081054006215400098 0.049887152552405993 -0.065464063806220371 0.029852025985993926 -0.0025138218352159184 -0.0032390913185972011 -5.0635670132992418e-05 -5.0635670132992418e-05 -0.0038274570470372749 0.0047438048790537039 0.00044358488317816917 -8.3089886872667051e-05 0.0026954247183430535
leaf_weight=75 25 313 201 1390 421 62 34 50107 594 33 923 582 188 20 543 81 121 65 112 61 123 26 20 1588 249 195 239 30338 64473 881
leaf_count=75 25 313 201 1390 421 62 34 50107 594 33 923 582 188 20 543 81 121 65 112 61 123 26 20 1588 249 195 239 30338 64473 881
internal_value=-0.000554409 -0.0157197 -9.94351e-05 -0.00736259 -0.0177078 -0.02155 -0.0138776 2.0896e-05 -0.00544025 -0.0185995 -0.0143821 -0.011341 -0.0102941 -0.000464684 -0.021831 5.05596e-05 0.00528419 0.00881743 0.00463989 0.0101351 0.00190217 0.00519802 -0.00198605 -0.0229726 -0.017283 -0.007 0.00492278 3.035e-05 0.000226247 -7.42112e-05
internal_weight=154083 4488 149595 2438 3960 2000 1960 147157 795 789 1926 1003 221 528 568 146362 563 482 361 296 184 101 1649 1899 311 215 259 145799 95692 65354
internal_count=154083 4488 149595 2438 3960 2000 1960 147157 795 789 1926 1003 221 528 568 146362 563 482 361 296 184 101 1649 1899 311 215 259 145799 95692 65354
cat_boundaries=0 1 2 3 4
cat_threshold=82 4 4 17156
is_linear=0
shrinkage=0.05


Tree=162
num_leaves=31
num_cat=4
split_feature=17 20 22 19 17 1 17 20 16 1 20 3 1 4 3 19 1 20 22 3 11 3 4 12 10 10 15 15 3 17
split_gain=461.117 235.076 15.3441 9.61709 8.78067 7.51768 9.73005 7.26718 8.10999 6.11615 5.08057 12.3023 8.12315 10.3533 5.07712 5.00579 4.79799 5.01396 4.76309 4.54389 4.37003 9.25906 5.88165 4.99462 14.5873 9.61747 6.91075 6.55611 6.32017 6.27767
threshold=0.69339229522435231 0.13775605837701535 7.0040384257758559 0.48010728640447298 0.38913380226273758 0 0.53915103907563411 0.20909111249267764 0.057642451048291868 1 1.0000000180025095e-35 1.0000000180025095e-35 2 2.5000000000000004 5.5000000000000009 0.76378503353574334 3 0.76199920273609778 7.062844356261694 4.5000000000000009 7.3527615103795085 5.5000000000000009 2.5000000000000004 7.2122575939843037 7.2423328333739123 7.0312993674396251 7.6149357263390618 7.1689039739072156 3.5000000000000004 5.568933502588556
decision_type=8 10 10 8 8 1 10 10 10 1 8 2 1 2 2 10 1 10 10 2 10 2 2 10 8 10 8 10 2 8
left_child=1 2 5 -2 -3 6 -1 8 14 -4 11 -5 13 -13 15 -6 -9 -18 -16 -10 23 22 -22 25 28 -12 -26 29 -25 -27
right_child=3 4 9 10 7 -7 -8 16 19 -11 20 12 -14 -15 18 -17 17 -19 -20 -21 21 -23 -24 24 26 27 -28 -29 -30 -31
leaf_value=-0.010547597747272548 -0.020553748068582012 -0.0074098381872480914 -4.8103886626343907e-05 -0.00066068498106469371 8.8743245248323898e-06 -4.8103886626343907e-05 2.4525659463131567e-05 -0.00020436073320317385 -0.0021451001167160201 -4.8103886626343907e-05 -3.3643322750659399e-05 0.0009940278612855459 6.4250158048900779e-05 -0.012567515034452859 0.019820412284862057 0.00015762190734469606 -0.00011199647169708588 -0.0049214933478146155 -0.00040309478792459054 0.0029376982787581054 0.0020902726454971932 0.0058709484439290142 -0.00019807444687400811 -0.0038974294319681583 -2.9712446175889085e-05 -0.015756046032967586 0.0086154669724697319 -0.00079116385286439608 -0.0012632240068382928 0.0018076095941659265
leaf_weight=45 70 372 2463 26 217 293 86 284 333 1303 135413 24 146 34 20 145 1116 22 43 133 744 290 1905 902 2038 61 234 942 872 3542
leaf_count=45 70 372 2463 26 217 293 86 284 333 1303 135413 24 146 34 20 145 1116 22 43 133 744 290 1905 902 2038 61 234 942 872 3542
internal_value=-0.00063393 -0.0132909 -0.0206921 -4.29562e-05 -0.00174115 -0.0116745 -0.00171756 -0.000594466 0.00294613 -0.0217074 -3.41435e-05 0.0073913 0.0115196 -0.00431034 0.00794118 0.010221 -0.00281294 -0.00136204 -0.00515873 -0.00160944 -4.5766e-05 0.00186288 0.000934315 -8.47199e-05 -0.00181661 -3.46533e-05 0.000836268 0.00222772 -0.00521421 0.00319872
internal_weight=154118 6875 4190 147243 2685 424 131 2313 891 3766 147173 230 204 58 425 362 1422 1138 63 466 146943 2939 2649 144004 4046 139958 2272 4545 1774 3603
internal_count=154118 6875 4190 147243 2685 424 131 2313 891 3766 147173 230 204 58 425 362 1422 1138 63 466 146943 2939 2649 144004 4046 139958 2272 4545 1774 3603
cat_boundaries=0 1 2 3 4
cat_threshold=4 4 2 2
is_linear=0
shrinkage=0.05


Tree=163
num_leaves=31
num_cat=2
split_feature=17 20 22 17 19 18 20 6 19 16 20 17 18 18 22 4 22 4 22 22 4 18 22 19 16 4 0 19 22 0
split_gain=453.416 238.924 11.3324 11.22 10.0377 7.52093 6.62965 8.76114 6.25601 14.3138 6.05708 4.96399 5.59667 4.83226 4.63258 4.39577 5.02325 4.3376 4.08702 4.44678 5.27003 4.14744 3.67307 4.29967 3.65937 3.62429 8.62275 13.9284 17.0453 7.99942
threshold=0.69339229522435231 0.13164897187499633 7.0040384257758559 0.38913380226273758 0.48010728640447298 0.20318389976382753 1.0000000180025095e-35 1.0000000180025095e-35 0.71228376276357264 1.0000000180025095e-35 0.76199920273609778 0.68316635819242255 0.12294299153010095 2.3512442740093462 7.4040325160117364 3.5000000000000004 6.8566006059764106 6.5000000000000009 6.9920780744906663 8.2946502110986433 7.5000000000000009 0.29953033752299418 6.9316754925814026 0.83968479185746858 0.32199609396105305 4.5000000000000009 0 7.5273087976397868 6.5483060303696279 1
decision_type=8 10 10 10 8 10 8 2 10 8 10 10 10 10 10 2 10 2 8 10 2 10 8 10 10 2 1 8 8 1
left_child=1 2 15 5 -2 -3 7 -6 -4 -10 11 12 -5 25 22 -1 -17 -7 -14 20 21 -20 -13 -24 -23 26 -8 -28 -29 -27
right_child=4 3 8 10 6 17 13 -9 9 -11 -12 14 18 -15 -16 16 -18 -19 19 -21 -22 24 23 -25 -26 29 27 28 -30 -31
leaf_value=-4.5698692295026436e-05 -0.018896416473558265 -0.010364843275652087 -4.5698692295026436e-05 -0.0028404269024731865 5.9235284823966344e-05 0.0036026550629205123 0.00030321357018103789 -0.00062390935678112718 -4.7071114031194132e-05 1.5552898143642025e-05 -0.0045102672343882433 -9.6125821813591874e-06 -0.0032510243872369534 0.016868269343738685 -5.0050047394223364e-06 -4.7071114031194132e-05 2.2613165621887534e-05 -0.007353579512482342 0.00045550978729384518 -0.0039842973860450435 0.0029654215964412312 -0.0057418920073261008 3.8654474038096746e-05 -0.0015080752816254484 -0.00020254827305559722 5.6478350180455553e-05 -0.00024899583054652788 -0.0074974813722263446 0.0089221601089185306 -0.00016417225824485462
leaf_weight=199 75 275 3352 181 178 59 19231 42 281 44 25 76 120 552 306 153 50 39 650 65 373 122 307 31 101 60986 29778 92 645 35763
leaf_count=199 75 275 3352 181 178 59 19231 42 281 44 25 76 120 552 306 153 50 39 650 65 373 122 307 31 101 60986 29778 92 645 35763
internal_value=-0.000629091 -0.0132435 -0.0209059 -0.00179487 -4.61511e-05 -0.00985255 -3.68379e-05 0.00863636 -0.0217773 -0.0151538 -0.000519728 -0.00025729 -0.00179901 -4.9814e-05 0.00319444 -0.0129353 -0.00775862 0.00204082 -0.000751223 5.72082e-05 0.000722311 -0.00140321 0.00664251 0.00887574 -0.007287 -6.74084e-05 0.000279419 -0.000243243 0.00654681 -0.000245739
internal_weight=154151 6809 4079 2730 147342 373 147267 220 3677 325 2357 2332 1612 147047 720 402 203 98 1431 1311 1246 873 414 338 223 146495 49746 30515 737 96749
internal_count=154151 6809 4079 2730 147342 373 147267 220 3677 325 2357 2332 1612 147047 720 402 203 98 1431 1311 1246 873 414 338 223 146495 49746 30515 737 96749
cat_boundaries=0 1 2
cat_threshold=47698 21805
is_linear=0
shrinkage=0.05


Tree=164
num_leaves=31
num_cat=8
split_feature=17 18 19 22 19 1 18 1 17 22 3 15 19 19 1 18 22 1 3 19 0 19 19 0 18 3 17 3 0 0
split_gain=461.825 127.175 97.1365 13.7181 9.59525 9.53767 12.0258 8.8394 9.67089 7.33853 7.06476 6.23446 10.737 9.21811 6.35407 5.75537 6.61858 6.40626 5.95344 5.56224 6.73144 4.56652 4.41076 11.3457 9.28929 13.811 6.24148 4.44749 29.2821 18.0051
threshold=0.69339229522435231 0.14418139414464085 0.72017818776715636 7.0040384257758559 0.48010728640447298 0 1.0000000180025095e-35 1 0.53915103907563411 7.1205928355629799 5.5000000000000009 0.60200290608154194 0.8266424293133654 0.76378503353574334 2 0.19519291100134981 6.9087370695597974 3 1.5000000000000002 0.86875652959469318 4 0.8266424293133654 0.73026094190808244 5 0.60129399003526218 1.0000000180025095e-35 0.79473535973314147 1.0000000180025095e-35 6 7
decision_type=8 10 10 10 8 1 10 1 10 10 2 10 10 10 1 10 8 1 2 10 1 10 8 1 8 2 8 2 1 1
left_child=1 2 3 7 -2 -5 -7 8 -1 -8 11 12 -4 14 -13 17 -17 -3 -18 20 -15 -22 23 24 -6 -26 -25 28 -24 -30
right_child=4 15 10 5 22 6 9 -9 -10 -11 -12 13 -14 19 -16 16 18 -19 -20 -21 21 -23 27 26 25 -27 -28 -29 29 -31
leaf_value=-0.0080095305895888265 -0.018703453841357021 0.00088928369531382501 4.9805451603371359e-05 -4.3413757680277337e-05 2.8506437342684655e-05 -4.3413757680277337e-05 0.0061637609826700303 -4.3413757680277337e-05 2.6750109347867258e-05 -0.0056896625464603057 -0.00055470020154140822 -3.7477480232689377e-05 -0.0012220211755174155 0.00014859591675643325 -1.0819580090126736e-05 -0.0042728637589770357 -0.0021674913469448445 -0.0041072880767880722 0.0013966575623658329 -0.00012515048698648614 -8.0482719212016114e-06 0.00016584648100474998 0.0021853219760735953 0.0042324544859733528 -0.00062687112102232658 0.00010568154904230798 -0.013591335156843538 -5.8682699455123166e-05 -0.02031202288139693 -4.4620180853699458e-05
leaf_weight=78 73 135 90 2492 1266 1032 25 307 91 267 114 79 24 111 238 43 336 330 900 57 95 21 6515 46 21 192 77 126048 766 11923
leaf_count=78 73 135 90 2492 1266 1032 25 307 91 267 114 79 24 111 238 43 336 330 900 57 95 21 6515 46 21 192 77 126048 766 11923
internal_value=-0.000619993 -0.0132957 -0.0172671 -0.0202936 -2.77349e-05 -0.0212919 -0.0178625 -0.0122899 -0.00310651 -0.00890411 -0.00159831 0.000244755 0.0109649 -0.00178869 -0.00764984 -0.00163417 9.77326e-05 -0.00639785 0.000768608 0.00475352 0.00825991 -0.000793651 -1.87261e-05 0.00259051 0.00381128 0.0134977 -0.0114662 -4.75036e-05 0.000661321 -0.000738247
internal_weight=153792 6865 5121 4292 146927 3816 1324 476 169 292 829 715 114 601 317 1744 1279 465 1236 284 227 116 146854 1602 1479 213 123 145252 19204 12689
internal_count=153792 6865 5121 4292 146927 3816 1324 476 169 292 829 715 114 601 317 1744 1279 465 1236 284 227 116 146854 1602 1479 213 123 145252 19204 12689
cat_boundaries=0 1 2 3 4 5 6 7 8
cat_threshold=4 4 1 4 20 22 58528 320
is_linear=0
shrinkage=0.05


Tree=165
num_leaves=31
num_cat=6
split_feature=17 0 19 17 0 17 17 19 15 19 22 15 19 19 12 4 19 4 15 19 19 0 10 1 7 1 22 0 10 9
split_gain=442.895 64.4574 41.8335 23.8863 20.0377 19.2396 17.6848 25.1907 11.0847 11.0175 10.6286 9.37964 8.61398 7.06239 6.17531 5.91501 5.14672 5.08558 4.88494 5.45719 4.68072 18.0084 9.61887 8.99162 8.93868 8.65499 11.583 10.7817 10.915 6.61065
threshold=0.69339229522435231 0 0.74385949482193026 0.68316635819242255 1 0.4751718843447002 0.68316635819242255 0.73026094190808244 0.38814794195493374 0.69311763256074699 7.0040384257758559 0.66891596514292495 0.48010728640447298 0.83968479185746858 0.66750053336617021 7.5000000000000009 0.76378503353574334 8.5000000000000018 0.60200290608154194 0.78869382793052656 0.63102192797740631 2 2.2975599250672958 3 54.500000000000007 4 6.4370935744835673 5 5.9254575605781996 1.0000000180025095e-35
decision_type=8 1 10 10 1 10 10 10 10 10 8 8 8 10 8 2 10 2 10 10 10 1 10 1 10 1 10 1 8 2
left_child=1 2 3 5 -3 -1 8 9 -6 -8 -5 15 -2 16 -12 -7 -4 -17 19 -9 21 22 23 -14 -25 26 29 28 -27 -23
right_child=12 4 13 10 6 11 7 18 -10 -11 14 -13 20 -15 -16 17 -18 -19 -20 -21 -22 25 -24 24 -26 27 -28 -29 -30 -31
leaf_value=-0.011774355945162879 -0.017016422957812506 2.6713522415744429e-05 -6.3627794359921724e-06 1.7236558252486934e-05 -0.0082649161453305416 -0.0054295757399001115 0.0034011418811733781 0.00015186050021879228 -0.00064467186724113121 -4.1243069796265133e-05 0.00078524304668826928 0.0032015122869687414 0.0037954105882287872 -0.00052610437442021098 -4.1243069796265133e-05 0.0052222798925958859 0.00014267357257143344 -0.0017322226911968331 -1.1018396017165033e-05 -0.0011108008445964602 -7.1875410538130296e-06 -0.029658807895794937 0.029126638969685505 -0.03461714425769144 -0.007933841060473807 -0.026549105476621839 0.002874827744995645 -6.6359740212873505e-05 0.032113341152918862 0.0057674336399574982
leaf_weight=554 72 361 81 41 493 484 44 53 803 1058 20 104 147 57 2110 28 120 179 242 25 144728 149 37 382 110 45 101 1296 235 26
leaf_count=554 72 361 81 41 493 484 44 53 803 1058 20 104 147 57 2110 28 120 179 242 25 144728 149 37 382 110 45 101 1296 235 26
internal_value=-0.000649058 -0.0130706 -0.0174498 -0.0189205 -0.00761573 -0.0136953 -0.00909091 -0.0129747 -0.00489969 -0.0165608 -0.0221672 -0.00871069 -7.09302e-05 0.00193798 -0.0226526 -0.0108177 0.00634328 -0.00374396 -0.000625 0.0102564 -6.24762e-05 -0.00219541 -0.00911079 -0.0106808 -0.0139228 0.00037594 -0.00778986 0.00180838 0.0105172 -0.0155714
internal_weight=154185 6857 3778 3520 3079 1349 2718 1422 1296 1102 2171 795 147328 258 2130 691 201 207 320 78 147256 2528 676 639 492 1852 276 1576 280 175
internal_count=154185 6857 3778 3520 3079 1349 2718 1422 1296 1102 2171 795 147328 258 2130 691 201 207 320 78 147256 2528 676 639 492 1852 276 1576 280 175
cat_boundaries=0 1 2 3 4 5 6
cat_threshold=16 516 596 1 2 17441
is_linear=0
shrinkage=0.05


Tree=166
num_leaves=31
num_cat=4
split_feature=17 20 22 17 20 16 19 20 22 4 22 16 12 19 0 4 22 12 0 4 22 3 0 20 0 20 3 3 3 3
split_gain=431.491 232.503 16.7306 9.19806 5.62115 5.51657 5.49307 5.43381 4.64314 6.97213 6.85163 7.36324 4.10622 3.9608 13.7418 7.04161 6.83507 6.80619 7.60866 7.03475 3.95388 3.85908 23.8629 15.4223 12.2815 16.876 14.2348 26.6394 24.7767 47.5136
threshold=0.69339229522435231 0.13164897187499633 7.0040384257758559 0.38913380226273758 0.11068561392174879 0.19508951139049388 0.48010728640447298 0.51387167467382644 8.2946502110986433 7.5000000000000009 7.3601639064532636 0.17685492148925788 1.2946333325561217 0.63102192797740631 0 3.5000000000000004 7.4765408016713222 4.4891978521044527 1 8.5000000000000018 7.6915453848820405 1.0000000180025095e-35 2 1.6572896647928148 3 1.2947748904401986 1.5000000000000002 2.5000000000000004 3.5000000000000004 5.5000000000000009
decision_type=8 10 10 10 10 8 8 10 10 2 10 10 8 10 1 2 10 10 1 2 10 2 1 10 1 10 2 2 2 2
left_child=1 2 -1 -3 -4 -6 -2 8 9 12 -11 -12 -5 14 15 -8 -17 18 19 20 -16 22 -15 -24 25 -23 -27 -28 -29 -30
right_child=6 3 4 7 5 -7 13 -9 -10 10 11 -13 -14 21 17 16 -18 -19 -20 -21 -22 24 23 -25 -26 26 27 28 29 -31
leaf_value=-3.9180916306452712e-05 -0.014780170790221599 -0.0059302156289609276 -3.9180916306452712e-05 -0.00016649493280026519 -0.00026460344420841666 6.5386225735430963e-06 0.031576413834210192 -0.0033637797670777805 -0.0018588317799277999 0.00018385154249021541 -2.8917160097713391e-05 0.0043102390793491934 4.1290835243318336e-05 0.0018673646111864173 -0.0086336834750271596 6.0988790499749704e-05 0.030585299772717935 0.042540158862690025 -0.0014471504736300212 -0.034671672604796734 -0.046009836951891897 6.6110143477315927e-05 -8.6236148971124979e-05 -0.044779025758582447 -0.00033155747282045402 0.03502866983933639 -0.064668181860625215 0.034893978713402031 -0.052091837528860957 0.025774832311495202
leaf_weight=403 66 373 3403 1073 249 24 104 64 93 292 293 179 393 8243 428 466 65 32 1202 175 30 60827 10817 192 63085 366 216 365 269 366
leaf_count=403 66 373 3403 1073 249 24 104 64 93 292 293 179 393 8243 428 466 65 32 1202 175 30 60827 10817 192 63085 366 216 365 269 366
internal_value=-0.000542481 -0.0128199 -0.0204033 -0.00161232 -0.0214635 -0.0145604 2.74923e-05 -0.000471303 -7.53336e-05 0.000381166 0.00425393 0.000529661 -0.00163711 3.39563e-05 -0.00193845 0.00437984 0.00211864 -0.00408897 -0.00450954 -0.00890358 -0.00578603 6.80502e-05 0.000727197 -0.000796352 -3.30693e-05 0.000464202 0.00556258 0.00296053 0.0064 0.000433071
internal_weight=154153 6839 4079 2760 3676 273 147314 2387 2323 2230 764 472 1466 147248 2502 635 531 1867 1835 633 458 144746 19252 11009 125494 62409 1582 1216 1000 635
internal_count=154153 6839 4079 2760 3676 273 147314 2387 2323 2230 764 472 1466 147248 2502 635 531 1867 1835 633 458 144746 19252 11009 125494 62409 1582 1216 1000 635
cat_boundaries=0 1 2 3 4
cat_threshold=21665 596 58536 4951
is_linear=0
shrinkage=0.05


Tree=167
num_leaves=31
num_cat=4
split_feature=20 17 19 18 0 17 20 16 22 1 1 16 22 17 18 20 20 20 14 2 10 2 2 2 12 10 1 10 20 2
split_gain=439.241 92.8851 64.6378 42.8857 15.783 13.2479 35.9308 19.4906 13.2112 19.203 9.52265 8.7226 6.66788 5.55906 7.64283 5.34109 4.80866 4.60334 4.90803 10.7041 15.4602 8.05368 20.4333 6.17032 6.28349 5.58494 4.40873 4.21947 4.08829 4.04525
threshold=0.080481462141805085 0.69339229522435231 0.55067158309644137 0.15622637862520497 0 0.69339229522435231 0.13775605837701535 0.065334254315281143 7.0040384257758559 1 2 0.065334254315281143 7.0909115107046174 0.68316635819242255 0.19519291100134981 0.29099043416664716 0.21095475912120176 1.9205141307831692 5.6969256731123208 1.5000000000000002 4.0951772018816319 1.5000000000000002 2.5000000000000004 2.5000000000000004 3.0933100309410118 1.3736354571277458 3 7.7182400622789862 1.0828363443916185 2.5000000000000004
decision_type=8 8 8 10 1 8 10 8 10 1 1 8 8 10 10 10 10 10 10 2 10 2 2 2 8 10 1 10 8 2
left_child=1 8 3 10 11 6 7 -4 9 -1 -2 -3 -12 14 -8 -5 -15 27 19 20 -19 -20 -23 25 -25 -21 -18 -7 29 -29
right_child=2 4 5 15 -6 17 13 -9 -10 -11 12 -13 -14 16 -16 -17 26 18 21 23 -22 22 -24 24 -26 -27 -28 28 -30 -31
leaf_value=2.1928430644191366e-05 -0.0042741104358672453 -0.003955630264202337 -3.8525671140482444e-05 0.0013207863479565098 -0.0093216270690110303 -2.4645264619560515e-05 -0.0022805879828818321 8.8069468822393748e-06 -3.7221870491127573e-05 -3.7221870491127573e-05 -0.00082159432694939305 9.7451341469012584e-05 -0.0095296082021277938 1.6185269170443386e-05 0.00023017084877726551 -0.0045223660394807883 -9.2377900993084746e-05 0.014122852412434474 0.035520033663545815 0.013947183745116077 -0.055546819594140207 -0.045910027202311167 0.036010756027397783 -0.055230088223182497 0.011666012284885931 0.039047448327764883 4.9615581883333264e-05 0.0030095398031465327 0.013745434242651445 -0.0018431740190384628
leaf_weight=80 122 37 477 471 140 144765 357 76 2669 218 55 322 756 401 798 116 99 146 145 146 115 95 96 57 223 156 178 296 50 183
leaf_count=80 122 37 477 471 140 144765 357 76 2669 218 55 322 756 401 798 116 99 146 145 146 115 95 96 57 223 156 178 296 50 183
internal_value=-0.000607592 -0.0182054 -0.00020199 -0.0104605 0.00175351 -9.72397e-05 -0.00379296 -0.0149638 -0.0215622 -0.0115772 -0.0171222 0.00724932 -0.0190814 -0.000422804 -0.00253247 0.000127768 0.00317109 -3.70375e-05 0.00307464 0.00103796 -0.00737548 0.00818452 0.00143979 0.004811 -0.000535714 0.00976821 -0.00189531 -6.22875e-05 0.00439509 0.00297495
internal_weight=153845 3466 150379 1520 499 148859 2386 553 2967 298 933 359 811 1833 1155 587 678 146473 1179 843 261 336 191 582 280 302 277 145294 529 479
internal_count=153845 3466 150379 1520 499 148859 2386 553 2967 298 933 359 811 1833 1155 587 678 146473 1179 843 261 336 191 582 280 302 277 145294 529 479
cat_boundaries=0 1 2 3 4
cat_threshold=310 4 1 2
is_linear=0
shrinkage=0.05


Tree=168
num_leaves=31
num_cat=3
split_feature=20 17 19 20 15 20 17 22 1 0 15 17 20 19 20 17 19 15 1 20 20 22 11 2 17 15 21 22 20 5
split_gain=435.937 89.7782 60.7522 41.4403 18.2089 30.6624 22.6162 16.1861 23.1391 15.0761 7.11678 7.02507 5.96229 8.46984 7.6349 4.71235 7.60467 6.99925 4.43671 4.28966 5.13466 4.28864 3.84589 6.38523 5.87972 4.90219 4.19158 3.75337 3.7533 3.49148
threshold=0.080481462141805085 0.69339229522435231 0.55067158309644137 0.14043528666188551 0.69331376394879285 0.13775605837701535 0.69339229522435231 7.0040384257758559 0 1 0.38814794195493374 0.94541141233931913 0.20909111249267764 0.76378503353574334 0.26631507692280476 0.72693593956895908 0.81141822015399701 0.74852350202506512 2 0.22702364828498486 0.20419634601659137 8.3412000329638847 7.4630761014662355 1.5000000000000002 7.0297853653543703 7.0868361261619821 6.2176031103882972 7.0909115107046174 0.85180327947010093 1.0000000180025095e-35
decision_type=8 8 8 10 8 10 10 10 1 1 10 10 10 10 10 8 10 8 1 10 10 8 10 2 8 10 10 8 10 2
left_child=1 7 3 27 5 6 -4 8 -1 18 19 12 13 -7 -14 16 17 -6 -3 20 -5 28 29 26 -25 -26 -24 -2 -16 -17
right_child=2 9 4 10 15 11 -8 -9 -10 -11 -12 -13 14 -15 21 22 -18 -19 -20 -21 -22 -23 23 24 25 -27 -28 -29 -30 -31
leaf_value=2.0832009111981799e-05 -0.0037617595232712522 0.00014178675104167538 -3.666800867027087e-05 -0.005157224437406494 -0.00055148473140902989 -5.646564101230434e-06 -1.5563039766888777e-05 -3.5360776966569811e-05 -3.5360776966569811e-05 -0.0087980091473384824 0.00069953719130919642 -0.00974308117905473 -0.00026902411699613048 8.8831256546781368e-05 0.00018077955287497673 1.9602678154373443e-05 -0.0010875873056579778 9.1730083760727118e-05 4.3170745936021998e-05 -0.0091454252440391348 0.0044093195925287796 -0.0055618468669266091 0.0063535510250254616 -0.0047211778663501574 0.0073116362039915344 0.00012566926250494605 0.0010794701488031633 -0.0082781964061322266 -0.0017439856155266331 -0.00034163187164321096
leaf_weight=84 25 114 530 236 249 652 344 2675 212 131 411 38 803 474 802 124384 79 529 243 175 52 38 222 141 100 1039 380 603 26 18314
leaf_count=84 25 114 530 236 249 652 344 2675 212 131 411 38 803 474 802 124384 79 529 243 175 52 38 222 141 100 1039 380 603 26 18314
internal_value=-0.000583855 -0.0181339 -0.000180888 -0.0101864 -8.01239e-05 -0.0035406 -0.0117277 -0.0213985 -0.0103041 0.0017418 -0.00314645 -0.00101483 -0.000724508 0.00208703 -0.00262133 8.0791e-06 0.00370478 0.00520566 0.00701635 -0.00739741 -0.00364583 0.000635104 -1.38332e-05 0.00223167 0.000234375 0.00142669 0.00647841 -0.0199841 0.00138889 -4.34484e-05
internal_weight=154105 3459 150646 1502 149144 3707 874 2971 296 488 874 2833 2795 1126 1669 145437 857 778 357 463 288 866 144580 1882 1280 1139 602 628 828 142698
internal_count=154105 3459 150646 1502 149144 3707 874 2971 296 488 874 2833 2795 1126 1669 145437 857 778 357 463 288 866 144580 1882 1280 1139 602 628 828 142698
cat_boundaries=0 1 2 3
cat_threshold=4 310 4
is_linear=0
shrinkage=0.05


Tree=169
num_leaves=31
num_cat=5
split_feature=20 17 17 20 0 22 1 15 19 22 15 10 20 5 22 0 20 20 22 10 17 0 8 15 1 22 15 19 22 19
split_gain=435.533 97.7339 58.4917 82.2346 15.1234 13.576 21.5007 12.8328 8.52301 7.33832 7.03934 5.37089 5.08722 4.54817 7.27227 6.05562 4.86898 5.0244 4.71675 4.2871 4.22587 4.20266 4.14419 6.15964 3.94841 3.88582 3.85048 3.79389 7.06694 6.35698
threshold=0.080481462141805085 0.69339229522435231 0.69339229522435231 0.13775605837701535 0 7.0040384257758559 1 0.69331376394879285 0.48010728640447298 6.4218440144304676 0.38814794195493374 0.71754226264466137 0.76199920273609778 1.0000000180025095e-35 8.4512030932751578 2 0.10503519302845991 0.1247995270334528 7.4961165756379318 7.7182400622789862 6.708951165810535 3 5.5000000000000009 7.3614282911068054 4 6.6011944842030514 7.0074338386307824 3.8041492179738285 6.6630296143983729 3.5258544043041531
decision_type=8 8 8 10 1 10 1 8 8 10 8 10 10 2 10 1 8 8 10 10 10 1 2 10 1 8 8 10 10 8
left_child=1 5 3 7 11 6 -1 -2 -4 -9 -5 -3 21 19 15 18 -17 -18 -15 27 -19 -12 23 24 25 -22 -27 28 -10 -30
right_child=2 4 8 10 -6 -7 -8 9 13 -11 12 -13 -14 14 -16 16 17 20 -20 -21 22 -23 -24 -25 -26 26 -28 -29 29 -31
leaf_value=2.7295781197805848e-05 -0.00048966526921421225 9.0420237098759468e-05 -0.015594200308597112 -0.0048993632155361682 -0.0081824116365546203 -3.3592738118243263e-05 -3.3592738118243263e-05 -0.013585738182697019 -0.00063070598443021883 8.5364341338656221e-06 6.3379826092441202e-05 -0.0024752758231381374 -0.0039772600206293305 0.00027149471106824866 0.006151137068152979 -0.00052804273276187976 0.0010284841380541199 -0.00065846411430648408 -0.0013761467812801521 0.0024887028801934721 -0.011392509733273482 -1.2579159604947378e-05 -0.0046204174269314892 0.004661539126060577 -0.0078942570999745339 0.0035263692988348528 -0.0022220518480772222 0.00019026473971450741 4.7719717343519541e-05 -0.00099537544018240003
leaf_weight=77 1084 304 62 322 131 2673 210 20 13675 51 315 70 21 7344 54 72 124 8682 1524 445 29 2009 565 61 32 147 270 71203 36960 5539
leaf_count=77 1084 304 62 322 131 2673 210 20 13675 51 315 70 21 7344 54 72 124 8682 1524 445 29 2009 565 61 32 147 270 71203 36960 5539
internal_value=-0.00057618 -0.0181025 -0.000172963 -0.00627943 0.00222772 -0.0215709 -0.0112369 -0.0174242 -1.39657e-05 0.00316901 -0.00145294 0.00729167 -0.000501066 -6.13388e-06 -0.000730004 -0.000782493 -0.0016263 -0.0015338 0.000168957 0.000100922 -0.00166054 -0.00027969 -0.00457428 -0.00143785 -0.00334728 -0.00213004 -0.000899281 8.38063e-05 -0.000223413 9.47081e-05
internal_weight=154075 3465 150610 3822 505 2960 287 1155 146788 71 2667 374 2345 146726 18904 18850 9982 9910 8868 127822 9786 2324 1104 539 478 446 417 127377 56174 42499
internal_count=154075 3465 150610 3822 505 2960 287 1155 146788 71 2667 374 2345 146726 18904 18850 9982 9910 8868 127822 9786 2324 1104 539 478 446 417 127377 56174 42499
cat_boundaries=0 1 2 3 4 5
cat_threshold=310 4 62228 516 1
is_linear=0
shrinkage=0.05


Tree=170
num_leaves=31
num_cat=5
split_feature=20 17 19 18 0 17 20 16 22 1 1 3 19 20 8 19 10 1 3 22 20 19 16 21 0 19 10 19 10 19
split_gain=429.342 105.626 56.3868 42.0843 15.0145 10.0033 38.297 13.1973 9.78139 10.6246 8.34687 8.24903 6.04687 5.09406 6.32932 4.47412 4.3997 5.27016 4.07956 4.34428 4.29347 4.35554 6.66381 3.89829 15.2663 9.28961 10.6735 11.0801 9.92195 7.29524
threshold=0.080481462141805085 0.69339229522435231 0.55067158309644137 0.15844368369791764 0 0.69339229522435231 0.11068561392174879 0.046145997888446519 7.0040384257758559 1 2 1.0000000180025095e-35 2.093588097231962 0.76199920273609778 4.5000000000000009 2.8849803636449409 7.8393286149895065 3 1.0000000180025095e-35 6.9867697604419536 0.32244351985509506 0.73026094190808244 0.065334254315281143 7.3786959203125102 4 6.2666330350935544 5.5335870781393002 5.2624668362929254 5.1360924682260398 0.85334004793109941
decision_type=8 8 8 10 1 8 10 8 10 1 1 2 10 10 2 10 10 1 2 8 10 10 10 10 1 10 10 8 10 10
left_child=1 8 3 10 11 6 7 -4 9 -1 -2 -3 -13 14 -8 -6 23 -18 -16 -20 21 22 -21 -7 -25 26 27 28 29 -26
right_child=2 4 5 -5 15 16 13 -9 -10 -11 -12 12 -14 -15 18 -17 17 -19 19 20 -22 -23 -24 24 25 -27 -28 -29 -30 -31
leaf_value=1.8425619596496025e-05 -0.0042028704084397326 -0.00052585776800901653 -1.0351344776043937e-05 0.00030567957867169151 -0.01003870142836309 3.7040089118400848e-05 1.4810512488994122e-05 1.8860165709855271e-05 -3.1913101212333041e-05 -3.1913101212333041e-05 -0.0081516950712977876 9.5512120202717601e-05 0.00048739708041822816 -0.004108699911669139 -0.0015897658852210062 -0.0022315910648854631 0.0060403216663684539 -0.0030861373401307015 -0.0014383922540624234 1.2489342612359566e-05 0.0060860243444820607 -1.4802299704946843e-05 -0.00035287891242223314 0.00013787747825220187 3.0710938160843915e-05 -0.0041995763315837657 0.0036114637708147602 -0.0049410802884689358 0.0066981614620885924 -0.001257043571524108
leaf_weight=76 112 28 348 589 57 119091 641 36 2689 225 815 208 95 21 205 95 186 76 140 78 119 242 601 18789 1453 376 333 443 91 5844
leaf_count=76 112 28 348 589 57 119091 641 36 2689 225 815 208 95 21 205 95 186 76 140 78 119 242 601 18789 1453 376 333 443 91 5844
internal_value=-0.000536009 -0.0179168 -0.000135266 -0.00972955 0.00377847 -3.77231e-05 -0.00321884 -0.0177083 -0.0214214 -0.0128738 -0.01637 0.00960411 0.0122937 -0.000500733 -0.000246792 -0.00895062 1.49984e-05 0.00648855 -0.00214801 -0.00101695 9.61538e-05 -0.00105863 0.000994109 3.41483e-06 -0.000535146 -0.00228655 -0.00193533 -0.00230813 -0.00184759 -0.00205221
internal_weight=154102 3473 150629 1516 483 149113 2431 384 2990 301 927 331 303 2047 2026 152 146682 262 1385 1180 1040 921 679 146420 27329 8540 8164 7831 7388 7297
internal_count=154102 3473 150629 1516 483 149113 2431 384 2990 301 927 331 303 2047 2026 152 146682 262 1385 1180 1040 921 679 146420 27329 8540 8164 7831 7388 7297
cat_boundaries=0 1 2 3 4 5
cat_threshold=406 4 1 1 17517
is_linear=0
shrinkage=0.05


Tree=171
num_leaves=31
num_cat=5
split_feature=20 17 19 18 0 3 19 18 0 1 16 1 6 1 12 3 11 18 18 3 20 20 17 17 3 16 3 20 16 20
split_gain=438.168 107.3 57.9912 40.9273 16.0759 9.20013 7.45863 36.8831 10.7751 15.6946 7.71681 7.39147 7.30264 9.73782 7.23264 5.93366 5.77659 5.52555 5.41105 15.4554 10.5422 8.36622 7.13977 6.35348 12.3269 12.1441 13.4878 16.9559 6.54483 6.14942
threshold=0.080481462141805085 0.69339229522435231 0.55067158309644137 0.15622637862520497 0 1.0000000180025095e-35 0.72017818776715636 0.069782215410209458 1 2 0.057642451048291868 3 1.0000000180025095e-35 4 4.5544029305759439 3.5000000000000004 5.9662749278181524 0.069782215410209458 1.0000000180025095e-35 5.5000000000000009 0.11068561392174879 0.21095475912120176 0.74879815593132204 0.82830221659600045 1.5000000000000002 0.19741988575756789 5.5000000000000009 0.21385114261132324 0.20938128148948168 0.15611733382794102
decision_type=8 8 8 10 1 2 10 8 1 1 8 1 2 1 10 2 10 8 8 2 10 10 8 8 2 8 2 10 10 10
left_child=1 -1 3 11 5 -3 7 10 9 -9 -4 -2 13 -11 16 -15 -10 -7 19 20 -8 -22 -20 24 28 26 27 -26 29 -24
right_child=2 4 6 -5 -6 17 18 8 14 12 -12 -13 -14 15 -16 -17 -18 -19 22 -21 21 -23 23 -25 25 -27 -28 -29 -30 -31
leaf_value=-3.03174461517175e-05 -0.0039927268880177473 -0.00055903699225457457 -9.833777537243682e-06 0.00031234739983306004 -0.0076406496198557555 -0.0015109434311735949 -2.8424286366368624e-05 0.03883869510314502 -3.1225543762505861e-05 -0.026432125773495754 1.7917157424363064e-05 -0.0078036921366761713 -0.042605516707045481 0.051091361637263293 0.035062999088098845 -0.01060568446651098 0.025590408349249041 9.0736514192579784e-05 -6.3018818709792424e-05 -0.00054181383839834178 1.8702356605654336e-05 -6.0348508941765466e-06 3.7501839002787586e-05 -8.2445339235626136e-06 0.00021220649613785115 -0.000339399593380782 -0.00094618164085495118 -7.1691776411886296e-05 0.00012823379351092068 0.00046038993366644967
leaf_weight=3031 122 28 307 572 146 52 34 78 3820 128 28 807 124 47 53 29 43 268 1493 114 506 205 220 138547 696 1436 266 294 302 414
leaf_count=3031 122 28 307 572 146 52 34 78 3820 128 28 807 124 47 53 29 43 268 1493 114 506 205 220 138547 696 1436 266 294 302 414
internal_value=-0.000538876 -0.0179645 -0.000131234 -0.00991006 0.00364372 0.00935754 -3.28453e-05 -0.00200236 -0.000763535 -0.00841346 -0.0179851 -0.0163886 -0.0134146 -0.00759804 5.09424e-05 0.00657895 -0.000200621 0.0120313 3.06171e-05 0.00398719 0.00661074 0.00791139 6.96049e-06 4.30807e-05 0.0021086 0.000390045 0.00398089 0.00666667 0.00705128 0.00993691
internal_weight=154210 3525 150685 1501 494 348 149184 4657 4322 406 335 929 328 204 3916 76 3863 320 144527 859 745 711 143668 142175 3628 2692 1256 990 936 634
internal_count=154210 3525 150685 1501 494 348 149184 4657 4322 406 335 929 328 204 3916 76 3863 320 144527 859 745 711 143668 142175 3628 2692 1256 990 936 634
cat_boundaries=0 1 2 3 4 5
cat_threshold=406 64 1 1 2
is_linear=0
shrinkage=0.05


Tree=172
num_leaves=31
num_cat=3
split_feature=20 17 19 20 0 22 3 19 18 15 12 17 0 10 19 4 18 18 15 0 18 3 20 17 19 22 20 17 22 18
split_gain=445.058 109.36 54.7286 35.5919 13.4939 9.61192 9.33064 8.86285 34.2292 10.4736 9.19251 8.20792 8.16938 7.25626 6.58897 6.20116 5.46529 4.9615 4.5814 4.93761 4.47589 15.2702 9.09232 7.2106 5.43771 4.98388 5.66508 4.77454 4.56449 4.31718
threshold=0.080481462141805085 0.69339229522435231 0.55067158309644137 0.13164897187499633 0 7.0040384257758559 1.0000000180025095e-35 0.72017818776715636 0.10789251398818085 0.4649631700476346 4.6390882873898773 0.38913380226273758 1 6.2087911928665935 1.9569491150699891 5.5000000000000009 0.20318389976382753 0.2820515348142183 0.69331376394879285 2 1.0000000180025095e-35 5.5000000000000009 0.11068561392174879 0.74879815593132204 0.73026094190808244 7.1130808638281939 0.21095475912120176 0.72693593956895908 7.5285250570586699 0.360698345272151
decision_type=8 8 8 10 1 10 2 10 8 10 10 10 1 10 10 2 10 10 10 1 8 2 10 8 10 8 10 10 8 10
left_child=1 5 3 -2 6 -1 -3 8 9 -4 12 16 15 18 -6 -10 -5 -13 19 -14 21 22 -9 27 -25 -24 -27 -22 -28 -20
right_child=2 4 7 11 14 -7 -8 20 10 -11 -12 17 13 -15 -16 -17 -18 -19 29 -21 23 -23 25 24 -26 26 28 -29 -30 -31
leaf_value=-2.8801573844133843e-05 -0.0065613483352819808 -0.00051400652660171797 1.70212995531438e-05 -0.0076454164606616698 -0.010822289290886434 -2.8801573844133843e-05 8.6199688482951903e-05 -3.5471169239703618e-05 -0.0024540528028787049 -9.3420886603801101e-06 0.042634092521823957 0.001189497780048232 -0.001087253448329656 0.032132015303119446 -0.0014093187190523883 -0.037717452024017419 0.00040363675955530089 -0.0039491858882383744 8.4658128012499176e-05 2.0820394267595521e-05 -2.0310830268321925e-06 -0.0005085841637412214 0.00013197235069363212 0.00014533564549296663 2.8293560970082955e-05 9.2742191811268085e-06 -9.450916053607151e-05 -8.7828857453609024e-05 6.3660275387711357e-05 -0.0051568744302981587
leaf_weight=286 607 30 37 340 45 2737 244 31 168 408 55 391 1186 39 173 233 91 111 672 1832 692 127 183 215 141872 383 64 772 87 73
leaf_count=286 607 30 37 340 45 2737 244 31 168 408 55 391 1186 39 173 233 91 111 672 1832 692 127 183 215 141872 383 64 772 87 73
internal_value=-0.000513348 -0.018101 -0.00010304 -0.00948052 0.00376016 -0.0216589 0.0109155 -6.20268e-06 -0.00214225 -0.0153371 -0.000763269 -0.00334941 -0.00102903 -0.000301679 -0.00548246 -0.00772506 -0.00841067 0.000996016 -0.000524847 -0.00139165 6.33542e-05 0.00362857 0.00635027 4.16228e-05 7.75933e-05 0.00749651 0.00505618 -0.00344945 -0.0031457 0.00298658
internal_weight=154184 3515 150669 1540 492 3023 274 149129 4703 445 4258 933 4203 3802 218 401 431 502 3763 3018 144426 875 748 143551 142087 717 534 1464 151 745
internal_count=154184 3515 150669 1540 492 3023 274 149129 4703 445 4258 933 4203 3802 218 401 431 502 3763 3018 144426 875 748 143551 142087 717 534 1464 151 745
cat_boundaries=0 1 2 3
cat_threshold=274 64 2324
is_linear=0
shrinkage=0.05


Tree=173
num_leaves=31
num_cat=2
split_feature=19 18 3 18 19 18 3 18 3 16 18 14 14 21 21 16 0 18 10 18 16 19 16 18 12 3 0 18 3 19
split_gain=393.623 202.959 13.145 9.68314 9.18303 36.5285 11.4321 8.04747 5.04035 4.34349 5.48173 4.19463 4.08461 3.90988 3.80397 3.7252 3.64746 13.5547 6.27932 4.90024 3.85118 3.79694 3.65351 3.6129 10.7562 9.67613 22.0163 22.4682 21.4839 16.7582
threshold=0.6933121904001478 0.12685587005984608 1.5000000000000002 0.069782215410209458 0.72017818776715636 1.0000000180025095e-35 1.5000000000000002 0.19519291100134981 5.5000000000000009 0.057642451048291868 0.11536097032713168 0.43773436867694998 0.66750053336617021 7.0462119273641344 6.9092540304800165 0.074340482865459231 0 0.25884648863984522 0.43773436867694998 0.29000723981443471 0.14037447774583914 0.55067158309644137 0.23529023782365463 0.25395495138500807 4.9635434423932265 1.5000000000000002 1 0.80792410518870539 1.0000000180025095e-35 3.2535328256167428
decision_type=8 8 2 10 8 8 2 8 2 8 10 10 8 10 8 10 1 8 8 10 10 10 10 10 10 2 1 10 2 10
left_child=1 3 15 14 5 -2 12 8 -4 -8 -11 -10 -7 -5 -1 -3 17 -9 -18 -19 21 -20 -21 -6 25 26 27 -25 29 -29
right_child=4 2 7 13 23 6 9 16 11 10 -12 -13 -14 -15 -16 -17 18 19 20 22 -22 -23 -24 24 -26 -27 -28 28 -30 -31
leaf_value=-2.7361495151928541e-05 -8.874984227358329e-06 -0.0047523362843388817 -0.003721676195593221 -0.0036674141629971569 -4.3206169915588347e-05 -0.00067391827226100933 -3.0603761797887154e-05 0.0040543884462492684 -0.0019131972779789759 8.1889704058801807e-05 -2.0971708249889478e-05 0.0097982792862322809 0.00015159744030858181 -0.0070752984118108604 -2.7361495151928541e-05 -0.0018439479628850133 -0.0026445080258995558 -0.0086136194114078257 -0.0026101278850196238 0.00282164399051445 0.0030015319062649346 0.00014181300593238966 -0.0025321312788111256 -0.0017783249151525128 0.0008186844634700208 0.00021710090812572248 0.00068122241195114344 -0.017595718989524757 -0.021414807414030103 0.0088586440425583845
leaf_weight=135 351 158 323 238 83076 53 123 80 44 37 450 41 175 528 2804 450 142 91 40 25 476 227 51 5814 17200 34131 5937 109 492 189
leaf_count=135 351 158 323 238 83076 53 123 80 44 37 450 41 175 528 2804 450 142 91 40 25 476 227 51 5814 17200 34131 5937 109 492 189
internal_value=-0.000604585 -0.0133222 -0.00109404 -0.0204116 -0.000102101 -0.00447855 0.00119332 0.00136364 -0.00465686 -0.00237705 -0.000256674 0.00617647 0.0107456 -0.0154047 -0.0217166 -0.00731908 0.00353357 -0.00184825 0.005 -0.0100299 0.00689771 0.0117041 -0.000657895 -6.66903e-05 0.000216057 -0.000177837 -0.00136552 -0.00334896 -0.0112658 -0.000671141
internal_weight=153990 5853 2148 3705 148137 1189 838 1540 408 610 487 85 228 766 2939 608 1132 247 885 167 743 267 76 146948 63872 46672 12541 6604 790 298
internal_count=153990 5853 2148 3705 148137 1189 838 1540 408 610 487 85 228 766 2939 608 1132 247 885 167 743 267 76 146948 63872 46672 12541 6604 790 298
cat_boundaries=0 1 2
cat_threshold=320 2362
is_linear=0
shrinkage=0.05


Tree=174
num_leaves=31
num_cat=8
split_feature=20 17 17 18 0 22 1 3 22 20 17 0 1 0 18 3 8 10 7 20 14 17 1 7 22 20 6 22 0 0
split_gain=420.408 101.775 36.4951 33.8236 16.3774 15.7813 21.3502 9.0196 8.13376 7.63877 46.3643 11.938 14.1941 15.6278 11.4876 14.5871 9.21938 6.37233 6.33908 6.29986 5.84588 5.16307 7.68799 5.09689 5.01673 4.91675 4.87379 4.83589 4.34173 4.31418
threshold=0.080481462141805085 0.69339229522435231 0.53915103907563411 0.15622637862520497 0 7.0040384257758559 1 1.0000000180025095e-35 7.1091597207226584 0.11068561392174879 0.69339229522435231 2 3 4 1.0000000180025095e-35 5.5000000000000009 2.5000000000000004 0.66750053336617021 1.5000000000000002 0.23956423782537464 4.2731876118298775 4.0476670809546631 5 11.500000000000002 6.8566006059764106 1.0000000180025095e-35 1.0000000180025095e-35 7.1045115979425928 6 7
decision_type=8 8 8 10 1 10 1 2 8 10 8 1 1 1 8 2 2 10 10 10 8 8 1 10 10 10 2 10 1 1
left_child=1 5 3 8 7 6 -1 -3 -2 10 16 17 18 -14 15 19 -4 21 -13 -11 24 -12 29 -24 -19 -6 -26 -21 -25 -23
right_child=2 4 9 -5 25 -7 -8 -9 -10 14 11 12 13 -15 -16 -17 -18 20 -20 27 -22 22 23 28 26 -27 -28 -29 -30 -31
leaf_value=2.1828364374054666e-05 -0.00025078579133095417 -0.0002506893860546866 1.661398378685064e-05 0.0003617489842810351 -0.0093580392330425369 -2.5993420394332389e-05 -2.5993420394332389e-05 9.9153528354772874e-05 -0.0064853608975251609 1.9347777818262692e-05 5.0435269983550857e-05 7.8754040719952745e-05 -0.042463621465677184 9.5137382043519739e-05 -1.1175433173918338e-05 -0.00048713362979558309 -8.4312350159931888e-06 0.00079656991933045877 0.02507714413907576 0.00011590846365474584 0.0011420075642137207 0.0023790067895024473 -0.015243665877463687 -0.035050768295395454 -0.00092778605128605038 -0.0016238737325335872 3.4961399522703833e-05 -8.7005386472577273e-05 -7.9125001203939064e-06 -0.0021798581038321775
leaf_weight=83 103 27 22 614 45 2655 210 203 755 583 152 274 233 1406 143432 104 399 95 405 44 476 323 279 126 293 212 146 77 152 159
leaf_count=83 103 27 22 614 45 2655 210 203 755 583 152 274 233 1406 143432 104 399 95 405 44 476 323 279 126 293 212 146 77 152 159
internal_value=-0.000542388 -0.0178384 -0.000148023 -0.00798234 0.00333676 -0.0213365 -0.0103242 0.0127083 -0.0143939 -7.07199e-05 -0.00200405 -0.000525559 0.00197595 -0.000533862 -4.50638e-06 0.00594059 -0.0178741 -0.00315468 0.00806333 0.00852273 -0.000247525 -0.00564652 -0.00690568 -0.0109066 -0.00383895 -0.00533708 -0.00609339 -0.0018595 -0.00611511 -0.00228216
internal_weight=154087 3435 150652 1472 487 2948 293 230 858 149180 4940 4519 2318 1639 144240 808 421 2201 679 704 1010 1191 1039 557 534 257 439 121 278 482
internal_count=154087 3435 150652 1472 487 2948 293 230 858 149180 4940 4519 2318 1639 144240 808 421 2201 679 704 1010 1191 1039 557 534 257 439 121 278 482
cat_boundaries=0 1 2 3 4 5 6 7 8
cat_threshold=18 4 10830 1 256 1 64 8256
is_linear=0
shrinkage=0.05


Tree=175
num_leaves=31
num_cat=2
split_feature=20 17 19 18 20 18 1 16 18 3 7 1 3 6 19 20 13 20 3 20 10 12 19 19 17 12 2 13 12 20
split_gain=421.988 113.808 39.5624 32.8114 9.5462 39.7835 9.53922 9.34258 9.25346 15.7115 8.46092 6.73068 6.34547 7.49931 7.80893 5.47397 5.31137 5.15492 4.94736 11.39 8.86555 8.95171 13.739 8.67099 7.84384 7.06047 10.5663 9.06943 6.83813 7.27174
threshold=0.080481462141805085 0.69339229522435231 0.55067158309644137 0.15844368369791764 0.11068561392174879 1.0000000180025095e-35 0 1.0000000180025095e-35 1.0000000180025095e-35 5.5000000000000009 1.5000000000000002 1 1.0000000180025095e-35 1.0000000180025095e-35 2.1510743216883941 0.25079351240165704 3.2600159261750652 0.21095475912120176 4.5000000000000009 0.29683532831969367 5.6969256731123208 5.1360924682260398 5.6658976716624254 7.2430489464821717 4.9963061297731759 4.796203598077895 1.5000000000000002 5.3892999882089621 6.7528541473697619 0.31480594997913192
decision_type=8 8 8 10 10 8 1 8 8 2 10 1 2 2 10 10 8 10 2 10 10 8 10 10 10 10 2 10 10 10
left_child=1 -1 3 11 5 7 16 -4 9 17 -8 -2 -3 14 -14 -5 -7 -6 -10 23 24 -22 -23 -20 25 -21 -27 -28 29 -26
right_child=2 12 4 15 8 6 10 -9 18 -11 -12 -13 13 -15 -16 -17 -18 -19 19 20 21 22 -24 -25 28 26 27 -29 -30 -31
leaf_value=-2.4693749374615772e-05 -0.0017044196421446113 -0.00027231214883220999 -8.009673265191308e-06 0.002248528602829908 1.8380388927347058e-05 -7.6822174254986841e-05 -2.2585849689263361e-05 1.5783284597509219e-05 -6.1985629412752993e-05 -0.00046277694830580419 -0.0051431475692613306 -0.0065276113797708953 9.4195851937034511e-05 -0.00028701536365229876 -0.00046790425832750061 -0.0033594547006548544 0.0041878753876424925 6.1221941654088233e-06 -0.00015594046870683333 0.0011888986475867671 -0.011340626689899425 0.015994742077221291 0.0019753148408322208 0.0032400468878465817 0.0025190292372353931 0.014172343942490962 0.0026520224530531379 -0.040584386226481285 0.0039564534795083709 -0.0020540003820659347
leaf_weight=2998 115 31 341 383 511 150 2052 20 106294 101 1119 801 202 143 100 215 1208 199 21150 10319 86 269 1548 492 310 355 234 37 296 1770
leaf_count=2998 115 31 341 383 511 150 2052 20 106294 101 1119 801 202 143 100 215 1208 199 21150 10319 86 269 1548 492 310 355 234 37 296 1770
internal_value=-0.000546477 -0.0177749 -0.000148462 -0.00819022 -6.66729e-05 -0.00223926 -0.000965997 -0.0182133 7.11949e-06 0.00533292 -0.00246768 -0.0141376 0.00493697 0.00646067 0.0109272 0.000919732 0.0025405 0.00795775 -2.30511e-05 0.000476048 0.00152391 0.00471624 0.0054623 -0.000261066 0.00106786 0.00163317 0.00678914 -0.000645756 -0.0015362 -0.00254808
internal_weight=153849 3474 150375 1514 148861 4890 4529 361 143971 811 3171 916 476 445 302 598 1358 710 143160 36866 15224 1903 1817 21642 13321 10945 626 271 2376 2080
internal_count=153849 3474 150375 1514 148861 4890 4529 361 143971 811 3171 916 476 445 302 598 1358 710 143160 36866 15224 1903 1817 21642 13321 10945 626 271 2376 2080
cat_boundaries=0 1 2
cat_threshold=1 1
is_linear=0
shrinkage=0.05


Tree=176
num_leaves=31
num_cat=12
split_feature=18 19 19 18 22 1 0 3 1 22 17 10 1 18 19 0 18 19 3 0 0 19 0 18 1 18 0 3 1 0
split_gain=384.562 178.627 50.6245 31.0216 16.9242 19.3137 7.91417 7.42771 6.42895 6.32419 6.13068 5.02607 4.30876 5.30637 4.11784 5.81093 10.2642 7.72787 4.38952 24.5247 14.6982 12.4754 13.0103 12.8404 12.4252 9.67642 9.20717 23.599 21.1188 19.8647
threshold=0.057511597938124721 0.72017818776715636 0.55067158309644137 0.15622637862520497 7.0040384257758559 0 1 5.5000000000000009 2 7.4435109200854583 6.9163050433994862 0.61482027553725704 3 1.0000000180025095e-35 0.71228376276357264 4 0.20164947538604197 0.69311763256074699 1.0000000180025095e-35 5 6 5.1089962499484276 7 0.78014600945476864 8 0.25170104620313766 9 2.5000000000000004 10 11
decision_type=8 10 8 10 10 1 1 2 1 10 10 8 1 10 8 1 10 10 2 1 1 8 1 10 1 8 1 2 1 1
left_child=1 4 3 8 5 -1 7 -3 9 -2 -9 -4 -6 -14 15 17 -17 -13 19 20 -16 22 23 -21 -24 -23 27 29 -29 -20
right_child=2 6 11 -5 12 -7 -8 10 -10 -11 -12 14 13 -15 18 16 -18 -19 26 21 -22 25 24 -25 -26 -27 -28 28 -30 -31
leaf_value=2.1971633624084943e-05 0.0043594641856261997 1.0756906407402568e-05 -0.0016063562428743046 -1.2874106878499326e-05 -2.3459061905883872e-05 -2.3459061905883872e-05 -0.00095923378212778299 -0.00053089496303980195 -0.0071976294109253108 -0.0046261280905777304 0.0046131128577140855 8.8651869233852271e-05 -2.3459061905883872e-05 -0.0020780822549123531 -0.018335364525794207 -0.0083174616722609014 0.0039697070830043979 9.1552300725142319e-05 -0.027684730886812111 -0.0017606735504108739 -0.00031272982929035631 0.0016589990587207116 -0.00030463220109535895 -0.075925925622970167 0.0011471409139830358 0.0046732371939279815 -0.00011292788333362724 0.0021889664497695806 0.00019890642082036615 -0.00054112165455079137
leaf_weight=96 52 774 1256 596 1838 270 298 115 876 54 21 539 1015 42 760 66 93 510 276 514 7556 1662 1950 167 5090 1615 88610 8807 15263 13151
leaf_count=96 52 774 1256 596 1838 270 298 115 876 54 21 539 1015 42 760 66 93 510 276 514 7556 1662 1950 167 5090 1615 88610 8807 15263 13151
internal_value=-0.000522633 -0.0149754 -9.04906e-05 -0.00899873 -0.0210595 -0.010929 0.00144868 0.00375 -0.0144603 -0.00283019 -0.00698529 4.56436e-06 -0.0223402 -0.0197966 3.15422e-05 0.00293874 -0.00576923 0.0042729 7.39233e-06 0.00070933 -0.00133918 0.00225745 0.00116241 -0.00539074 0.00180142 0.00484437 -0.000100113 0.000556563 0.00149356 -0.00112274
internal_weight=153932 4469 149463 1578 3261 366 1208 910 982 106 136 147885 2895 1057 146629 1208 159 1049 145421 19314 8316 10998 7721 681 7040 3277 126107 37497 24070 13427
internal_count=153932 4469 149463 1578 3261 366 1208 910 982 106 136 147885 2895 1057 146629 1208 159 1049 145421 19314 8316 10998 7721 681 7040 3277 126107 37497 24070 13427
cat_boundaries=0 1 2 3 4 5 6 7 8 9 10 11 12
cat_threshold=4 16662 1 4 22 853 320 16384 1 4421 1 256
is_linear=0
shrinkage=0.05


Tree=177
num_leaves=31
num_cat=0
split_feature=20 17 19 18 22 19 18 15 21 22 4 21 4 4 19 16 18 15 20 17 18 20 17 17 10 17 22 11 19 16
split_gain=432.707 94.2406 34.2611 27.8631 15.7193 7.75243 38.072 10.5053 8.22984 6.84074 5.17223 5.45285 4.83598 4.74914 5.66493 14.17 9.98435 7.63671 8.15739 7.3542 8.3736 8.11067 6.71228 6.30024 5.8483 5.60483 8.58483 8.55461 6.25402 5.88538
threshold=0.080481462141805085 0.69339229522435231 0.55067158309644137 0.15264285772630756 7.0040384257758559 0.72017818776715636 0.10789251398818085 0.4649631700476346 6.9579728820873044 7.1130808638281939 7.5000000000000009 7.8073020336262013 6.5000000000000009 1.5000000000000002 0.8266424293133654 0.19299819349287253 0.39180327653431596 0.89587973461402826 0.20250262080244444 0.74879815593132204 0.11719760132016778 0.11068561392174879 0.8553453582061773 0.73369413902673986 0.97438160901885995 1.1118205962643211 7.5285250570586699 1.1150072000796054 1.0388002501276354 0.65917593841380751
decision_type=8 8 8 10 10 8 8 10 8 8 2 10 2 2 8 10 8 8 10 10 10 10 10 8 10 8 10 8 10 8
left_child=1 4 3 9 -1 6 7 -4 -8 -2 12 -12 -10 -7 15 16 19 18 22 20 21 -15 -16 -19 -21 26 29 28 -27 -25
right_child=2 -3 5 -5 -6 13 8 -9 10 -11 11 -13 -14 14 17 -17 -18 23 -20 24 -22 -23 -24 25 -26 27 -28 -29 -30 -31
leaf_value=-2.2286108810587459e-05 0.00027941051039356293 2.2969791287524856e-05 1.6167073462930447e-05 0.00028639222938617591 -2.2286108810587459e-05 0.00039666804529794322 -0.00034025808405758752 -6.4362365066350515e-06 1.6758774464087358e-05 -0.0060869519544000166 0.00025544371354630505 -0.00011201631821274594 -0.0024343679007978627 -2.2729591359876844e-05 0.0014592370371393744 -0.00017548710698971905 -0.0044784629143439112 -0.0021824344728838597 -0.00047141738510870227 0.00018585465630926448 -6.3841344988807555e-05 1.7039582654443387e-05 -0.00078518099975680438 0.0014052176159503938 -0.00012333068827004024 -0.0037560361270889105 -0.0019132013903666286 -3.1079389490429321e-05 -0.0014131863084635987 -0.0014189029808326483
leaf_weight=292 83 501 33 615 2688 12195 207 424 884 793 404 206 123 72 260 2225 79 43 3141 1249 530 760 348 5033 161 206 956 116139 2795 460
leaf_count=292 83 501 33 615 2688 12195 207 424 884 793 404 206 123 72 260 2225 79 43 3141 1249 530 760 348 5033 161 206 956 116139 2795 460
internal_value=-0.000490725 -0.0179187 -8.74196e-05 -0.00762911 -0.0212919 -1.19181e-05 -0.00290443 -0.0158096 0.000328947 -0.0133562 0.00153061 0.00516393 -0.000670308 3.30715e-05 -5.26191e-05 0.00158589 0.00391968 -0.000116903 -0.00234062 0.00441919 0.00179883 0.00492788 0.00296053 -5.05444e-05 0.00695035 -4.39927e-05 0.00139169 -0.000121706 -0.00275741 0.00215274
internal_weight=153905 3481 150424 1491 2980 148933 2281 457 1824 876 1617 610 1007 146652 134457 5076 2851 129381 3749 2772 1362 832 608 125632 1410 125589 6449 119140 3001 5493
internal_count=153905 3481 150424 1491 2980 148933 2281 457 1824 876 1617 610 1007 146652 134457 5076 2851 129381 3749 2772 1362 832 608 125632 1410 125589 6449 119140 3001 5493
is_linear=0
shrinkage=0.05


Tree=178
num_leaves=31
num_cat=4
split_feature=20 17 19 18 22 1 17 20 0 16 3 15 20 19 4 8 20 20 4 15 3 18 16 4 0 14 18 20 16 1
split_gain=437.81 85.637 33.7614 27.369 13.3595 23.261 7.67339 40.5182 7.53681 7.41862 7.41593 6.37126 6.29645 6.03282 5.34315 4.75369 4.47603 4.28506 4.17544 6.02547 4.12075 4.66255 4.29638 3.95099 7.89598 11.7587 10.4321 5.01195 4.98173 6.59141
threshold=0.080481462141805085 0.69339229522435231 0.55067158309644137 0.15622637862520497 7.0040384257758559 0 0.69339229522435231 0.11068561392174879 1 0.068754864210294669 1.0000000180025095e-35 0.4649631700476346 0.76199920273609778 1.9569491150699891 4.5000000000000009 3.5000000000000004 0.099854151802099028 0.28545853574223384 2.5000000000000004 0.66891596514292495 5.5000000000000009 0.19519291100134981 0.21439685877168144 1.5000000000000002 2 7.0470822496030268 0.11536097032713168 0.099854151802099028 0.22441605014861396 3
decision_type=8 8 8 10 10 1 8 10 1 8 2 10 10 10 2 2 10 10 2 8 2 10 10 2 1 8 10 8 8 1
left_child=1 4 3 11 5 -1 7 9 10 -4 -3 14 18 -10 15 -2 -13 -5 -9 20 21 -20 -23 24 25 -8 27 -26 29 -27
right_child=2 8 6 17 -6 -7 23 12 13 -11 -12 16 -14 -15 -16 -17 -18 -19 19 -21 -22 22 -24 -25 26 28 -28 -29 -30 -31
leaf_value=2.9492729924834871e-05 0.00017403177018573691 -0.0002473440299511076 -6.1144246813027443e-06 0.0014598789453664357 -2.1171803370056976e-05 -2.1171803370056976e-05 0.00010981031587178337 -1.6316953666178912e-05 -0.0088659323858477305 1.5358719789781985e-05 6.2401645240639511e-05 -0.0036136305297564397 -0.0034531464770079291 -0.00074374529033058865 -0.0082142648073366808 -0.0064062677812835563 -0.00042296079316373473 -0.0025262774671880347 -0.0017373931650854603 1.4011516900439003e-05 0.0056719302177572709 0.0024266252305384681 -0.0019763170561351464 -3.1837891382691109e-05 -0.0028667888516400899 -0.0015534387459787526 3.152362764333172e-05 -0.0026878423900267069 0.0045012354932342019 0.0017763344919671021
leaf_weight=78 81 28 351 470 2671 216 4041 335 51 31 202 137 25 203 435 88 181 139 203 954 114 144 270 134688 61 408 4729 609 1406 858
leaf_count=78 81 28 351 470 2671 216 4041 335 51 31 202 137 25 203 435 88 181 139 203 954 114 144 270 134688 61 408 4729 609 1406 858
internal_value=-0.000543588 -0.0181574 -0.000140623 -0.00752776 -0.0213406 -0.0112245 -6.48341e-05 -0.00285332 0.00134298 -0.017801 0.00770833 -0.012961 -6.11247e-05 -0.00454545 -0.0159768 -0.00843195 -0.0072327 0.000697865 0.000247525 0.00126113 -0.00215458 -0.00376823 -0.000724638 -1.8733e-05 0.000846268 0.00198944 -0.000577741 -0.00641791 0.00456587 0.00229068
internal_weight=154207 3449 150758 1531 2965 294 149227 2427 484 382 230 922 2045 254 604 169 318 609 2020 1685 731 617 414 146800 12112 6713 5399 670 2672 1266
internal_count=154207 3449 150758 1531 2965 294 149227 2427 484 382 230 922 2045 254 604 169 318 609 2020 1685 731 617 414 146800 12112 6713 5399 670 2672 1266
cat_boundaries=0 1 2 3 4
cat_threshold=4 18 56897 4
is_linear=0
shrinkage=0.05


Tree=179
num_leaves=31
num_cat=7
split_feature=20 17 17 20 22 1 0 19 0 1 19 17 3 19 4 19 3 19 10 19 11 17 22 22 5 0 4 0 1 22
split_gain=451.158 76.368 34.4015 63.4456 13.2765 20.5226 7.41702 6.70923 6.19049 6.09264 5.60669 5.41734 6.83802 5.89642 5.65972 5.41317 4.60219 4.14221 3.806 4.31297 3.7601 3.72318 3.86689 3.71191 3.41905 6.56043 8.75873 12.8935 8.57784 7.83704
threshold=0.080481462141805085 0.69339229522435231 0.69339229522435231 0.11610310860789565 7.0040384257758559 0 1 2.7933205669847365 2 3 0.48010728640447298 0.68316635819242255 5.5000000000000009 0.86875652959469318 2.5000000000000004 7.1903968545216097 1.5000000000000002 0.75397102908551894 7.8393286149895065 7.0803513481068396 0.81068324164968719 0.72693593956895908 7.1395748979590374 7.2854231979315944 1.0000000180025095e-35 4 9.5000000000000018 5 6 6.5580043817628795
decision_type=8 8 8 10 10 1 1 10 1 1 8 10 2 10 2 10 2 10 10 8 10 8 8 10 2 1 2 1 1 10
left_child=1 4 3 -2 5 -1 9 -8 -5 15 -4 16 13 14 17 -3 -10 -13 21 -20 -18 22 -12 -11 -23 -26 28 -28 -27 -30
right_child=2 6 10 8 -6 -7 7 -9 11 23 18 12 -14 -15 -16 -17 20 -19 19 -21 -22 24 -24 -25 25 26 27 -29 29 -31
leaf_value=2.0512720887172489e-05 -0.0004605707433378792 -2.7355255335093087e-06 -0.01174917195338231 5.3620213486238471e-05 -2.0113213201555791e-05 -2.0113213201555791e-05 -0.0078489275092794523 -0.00010856190939154687 -0.0024278697285295692 0.00011620869975851323 8.2805013164810595e-05 -1.2908992040072676e-05 -0.00037197397176130245 -0.0001558697897868 5.1395606248294538e-05 0.013608687481278081 -0.0011811282433523071 4.7522944293909576e-05 -0.012722309802992261 0.0043518258370850221 0.0050129797939515502 1.9200733363483604e-05 2.4527430839699218e-05 1.7037688440979527e-05 0.00016334987602809048 -0.0018692242626482836 0.00037964544794498738 -0.004550512732885992 -0.0016971343537073747 0.00077393026366776594
leaf_weight=79 929 106 61 341 2673 224 70 123 538 111 148 59 109 54 455 24 1232 41 44 201 126 126987 545 46 6357 2500 1135 2294 1918 4612
leaf_count=79 929 106 61 341 2673 224 70 123 538 111 148 59 109 54 455 24 1232 41 44 201 126 126987 545 46 6357 2500 1135 2294 1918 4612
internal_value=-0.00054106 -0.0184028 -0.000131399 -0.004776 -0.0213878 -0.0114686 0.000104167 -0.00726601 -0.00119289 0.00513468 -8.51487e-06 -0.00201982 0.00167131 0.00373563 0.00527027 -0.00269231 -0.00342827 -0.0055 -2.21479e-06 0.00622449 -0.00187776 -1.26283e-05 0.00364358 0.0119427 -3.00062e-05 -0.000659014 -0.00132529 -0.00347769 -0.000509413 0.000444104
internal_weight=154142 3456 150686 3884 2976 303 480 193 2955 287 146802 2614 718 609 555 130 1896 100 146741 245 1358 146496 693 157 145803 18816 12459 3429 9030 6530
internal_count=154142 3456 150686 3884 2976 303 480 193 2955 287 146802 2614 718 609 555 130 1896 100 146741 245 1358 146496 693 157 145803 18816 12459 3429 9030 6530
cat_boundaries=0 1 2 3 4 5 6 7
cat_threshold=4 278 516 1 61698 3280 4
is_linear=0
shrinkage=0.05


Tree=180
num_leaves=31
num_cat=0
split_feature=20 17 19 18 18 3 19 22 22 18 3 20 20 20 3 17 20 14 12 3 15 22 19 20 19 3 3 21 2 22
split_gain=458.516 75.5637 32.7649 28.5297 21.7351 38.2091 28.316 14.4963 5.99141 4.89329 6.18641 4.65307 4.02663 3.82041 10.9157 17.6083 9.86423 9.543 7.1602 6.62964 8.53532 6.46616 8.6104 6.38139 6.07303 15.0133 11.4994 11.0869 13.0799 13.9939
threshold=0.080481462141805085 0.69339229522435231 0.55067158309644137 0.15489817684766982 1.0000000180025095e-35 5.5000000000000009 0.72017818776715636 7.0040384257758559 7.1130808638281939 0.09401274980262693 1.0000000180025095e-35 0.28545853574223384 0.11610310860789565 0.32842814375756396 1.5000000000000002 4.7003496857381792 0.55799555584120741 4.5544029305759439 3.8297271732458493 1.0000000180025095e-35 0.98276511492292029 6.7941572718850649 3.1896877399293557 0.36952591217244513 4.7934515656378753 3.5000000000000004 4.5000000000000009 7.8646115115667223 2.5000000000000004 8.0849595621062722
decision_type=8 8 8 10 8 2 10 10 8 10 2 10 10 10 2 8 10 10 10 2 8 8 8 10 10 2 2 8 2 8
left_child=1 7 3 8 5 6 -4 -1 12 10 -3 -5 -2 19 15 16 -15 -18 -16 20 -6 -22 -23 -17 25 27 -27 -20 29 -29
right_child=2 9 4 11 13 -7 -8 -9 -10 -11 -12 -13 -14 14 18 23 17 -19 24 -21 21 22 -24 -25 -26 26 -28 28 -30 -31
leaf_value=-1.9107552541475226e-05 -0.0027558796912697915 -0.00025940141867767389 1.7288454806468902e-05 0.0015017863019289924 -8.0496287654602269e-05 -0.00043761082725780057 9.7655182328737492e-06 -1.9107552541475226e-05 -0.0054939350224123334 7.482943748959304e-05 4.0889818248701638e-05 -0.0030069396658848808 0.002401688544342512 -0.0005573486477664203 0.00027425760473369641 -0.0015166916479538496 -0.007850913678391469 0.0047762444360044181 0.010201540349942551 -9.8919276923192811e-05 0.0020968798469100493 0.0021489939949634108 -3.9190928066168419e-05 0.0021313587535910505 0.00060049243775779366 -0.0030929585717835995 0.0034544515759486584 0.016770968796306719 -0.0031301105475912694 0.0011385489637283364
leaf_weight=299 24 34 271 475 1539 177 717 2684 824 35 418 144 53 4715 22998 1174 2902 310 700 87423 2349 2200 7810 3526 6589 972 1732 346 412 379
leaf_count=299 24 34 271 475 1539 177 717 2684 824 35 418 144 53 4715 22998 1174 2902 310 700 87423 2349 2200 7810 3526 6589 972 1732 346 412 379
internal_value=-0.000445274 -0.018415 -3.16726e-05 -0.00733553 4.27161e-05 0.00684549 0.0106781 -0.0213962 -0.0130133 -0.000154004 -0.00154867 0.000928918 0.000324675 -1.08053e-05 0.000363063 -0.000892928 -0.00233064 -0.00446762 0.000827766 -0.000183328 0.000831055 0.00126831 0.000714286 0.00153191 0.00186882 0.00327571 0.000906065 0.00676375 0.00371592 0.00775862
internal_weight=154231 3470 150761 1520 149241 1165 988 2983 901 487 452 619 77 148076 46755 12627 7927 3212 34128 101321 13898 12359 10010 4700 11130 4541 2704 1837 1137 725
internal_count=154231 3470 150761 1520 149241 1165 988 2983 901 487 452 619 77 148076 46755 12627 7927 3212 34128 101321 13898 12359 10010 4700 11130 4541 2704 1837 1137 725
is_linear=0
shrinkage=0.05


Tree=181
num_leaves=31
num_cat=3
split_feature=20 17 19 18 18 3 19 22 1 22 20 18 3 20 22 6 21 20 21 19 12 1 18 10 7 1 10 6 7 11
split_gain=460.782 73.2805 30.3384 23.6794 21.8867 35.1414 28.8798 14.6364 20.5333 6.71559 5.00521 4.77113 5.97397 4.74181 4.46647 4.12948 3.84989 5.78519 4.83732 3.59695 9.54941 7.78668 7.852 7.27706 4.69408 7.39199 10.1179 7.40547 6.22898 4.35183
threshold=0.080481462141805085 0.69339229522435231 0.55067158309644137 0.15844368369791764 1.0000000180025095e-35 5.5000000000000009 0.72017818776715636 7.0040384257758559 0 7.1130808638281939 0.11610310860789565 0.09401274980262693 1.0000000180025095e-35 0.21095475912120176 7.1045115979425928 1.0000000180025095e-35 8.5570866396637921 0.13164897187499633 9.3545179236839946 0.63102192797740631 4.6908889560840299 1 0.19519291100134981 3.6389002209295209 52.500000000000007 2 0.43773436867694998 1.0000000180025095e-35 68.500000000000014 5.9214443534142962
decision_type=8 8 8 10 8 2 10 10 1 8 10 10 2 10 10 2 10 10 10 10 10 1 8 10 8 1 10 2 10 8
left_child=1 7 3 9 5 6 -4 8 15 10 -2 12 -3 -8 -15 -1 19 -18 -19 20 21 22 -6 24 25 26 -23 -27 -26 -24
right_child=2 11 4 -5 16 -7 13 -9 -10 -11 -12 -13 -14 14 -16 -17 17 18 -20 -21 -22 23 29 -25 28 27 -28 -29 -30 -31
leaf_value=2.0442462469882907e-05 -0.0026180857067063024 -0.00024268997251345739 1.6424032066147955e-05 0.00031140453616215205 -0.0022618886183380761 -0.00041573028589491083 1.2312912958811762e-05 -1.8152174914398688e-05 -1.8152174914398688e-05 -0.0051081175933654441 0.0031246576139241397 4.9729656116204171e-05 -4.6432401692664276e-06 0.00010243629460988113 -5.0738970109842631e-05 -0.0023242017869107737 0.002393301362348943 -0.0029774495884413721 0.0043647390007199192 1.7246291238715016e-05 0.033597528355667983 -0.02887049270522505 -0.0014267506987830387 0.0085059938256447764 0.010787611954875482 -0.00085371432952768562 -0.0029868237079915985 -0.025318763081202535 -0.0043369504140049701 0.0054662940209202482
leaf_weight=40 32 30 274 605 116 175 549 2681 220 835 64 34 420 57 131 37 43 791 20 143915 53 223 342 92 137 638 125 223 165 853
leaf_count=40 32 30 274 605 116 175 549 2681 220 835 64 34 420 57 131 37 43 791 20 143915 53 223 342 92 137 638 125 223 165 853
internal_value=-0.000422622 -0.0184575 -7.64333e-06 -0.0069987 6.44633e-05 0.00682968 0.0104105 -0.0213902 -0.0108586 -0.0120032 0.000520833 -0.000413223 -0.00177778 0.0052578 -0.00159574 0.0113636 1.01532e-05 -0.00333724 -0.00428483 2.96156e-05 -0.00169363 -0.00207618 0.000781846 -0.0044136 -0.00524487 -0.00663772 -0.0127874 -0.00415215 0.000331126 0.00198745
internal_weight=153920 3462 150458 1536 148922 1186 1011 2978 297 931 96 484 450 737 188 77 147736 854 811 146882 2967 2914 1311 1603 1511 1209 348 861 302 1195
internal_count=153920 3462 150458 1536 148922 1186 1011 2978 297 931 96 484 450 737 188 77 147736 854 811 146882 2967 2914 1311 1603 1511 1209 348 861 302 1195
cat_boundaries=0 1 2 3
cat_threshold=4 1 2
is_linear=0
shrinkage=0.05


Tree=182
num_leaves=31
num_cat=3
split_feature=20 17 15 18 3 20 18 21 0 1 4 4 17 20 15 3 20 17 18 1 4 4 20 20 18 14 21 3 20 18
split_gain=468.129 75.6231 27.2672 17.4446 36.7675 32.4496 17.343 6.30362 6.15978 5.70917 5.37555 5.01649 4.96178 9.01934 5.32826 12.9888 19.2285 8.86939 8.68567 7.19131 5.31476 5.02169 4.85212 4.59021 4.82802 4.59137 4.54661 4.48999 4.46803 4.30588
threshold=0.080481462141805085 0.69339229522435231 0.4649631700476346 1.0000000180025095e-35 5.5000000000000009 0.10503519302845991 0.11536097032713168 7.0913259685875696 0 1 2.5000000000000004 4.5000000000000009 0.68316635819242255 0.11068561392174879 0.77418472113916093 5.5000000000000009 0.20330632509161983 0.79473535973314147 0.28685383942211856 2 1.5000000000000002 7.5000000000000009 0.14043528666188551 0.2651378960955228 0.54681641137813586 1.2088489500472754 6.9092540304800165 5.5000000000000009 1.0000000180025095e-35 0.20318389976382753
decision_type=8 8 8 8 2 10 10 8 1 1 2 2 8 10 8 2 8 10 10 1 2 2 10 10 10 8 8 2 10 10
left_child=1 26 6 4 5 -4 11 -7 9 -3 -9 -2 13 -5 15 16 17 19 -17 -14 -21 -22 -23 -18 25 -25 -1 -15 -10 -8
right_child=2 8 3 12 -6 7 29 10 28 -11 -12 -13 14 27 -16 18 23 -19 -20 20 21 22 -24 24 -26 -27 -28 -29 -30 -31
leaf_value=-1.72445661686782e-05 -0.0019462363589321909 -4.4110781608042158e-06 1.5602830462840833e-05 -0.0038174442559899772 -0.00039494377160016471 8.9743936688926887e-05 -0.0039003875657470793 -1.3367463997648877e-05 -0.0073579927585213983 0.00010858593586661747 4.8646143189001737e-06 -0.0068628786658416208 0.00010528103080090779 -0.0012407073102711581 -5.0305270623618452e-05 -0.00093139480908103762 -0.00019643002238477482 0.0015387673570169459 0.0092310387408591609 -5.694911721584595e-05 7.6979266585267e-05 -3.5406866483481129e-05 6.0077629484373007e-05 6.4704135817994508e-06 -0.0089463813047276474 0.0020701245732382689 -1.72445661686782e-05 0.003634014451421043 -0.0014031765456684832 0.00040370593217191613
leaf_weight=132 88 138 285 208 179 166 299 113 46 189 457 216 224 1356 143172 445 703 146 117 78 544 240 281 415 45 203 2874 224 110 253
leaf_count=132 88 138 285 208 179 166 299 113 46 189 457 216 224 1356 143172 445 703 146 117 78 544 240 281 415 45 203 2874 224 110 253
internal_value=-0.00051674 -0.0186228 -9.68715e-05 -4.59556e-05 0.00595833 0.00962292 -0.00899533 0.00407609 -0.000258799 0.00363501 0.00157895 -0.0185855 -9.45074e-05 -0.00271253 -6.25797e-05 0.00188172 0.00323897 0.00712161 -0.00507117 0.00587052 0.00426509 0.00518779 0.00167946 -0.00106149 0.00192308 0.00307443 -0.0215735 -0.00142405 -0.00813253 -0.00371377
internal_weight=153946 3489 150457 149601 1200 1021 856 736 483 327 570 304 148401 1788 146613 3441 2879 1513 562 1367 1143 1065 521 1366 663 618 3006 1580 156 552
internal_count=153946 3489 150457 149601 1200 1021 856 736 483 327 570 304 148401 1788 146613 3441 2879 1513 562 1367 1143 1065 521 1366 663 618 3006 1580 156 552
cat_boundaries=0 1 2 3
cat_threshold=306 1 4
is_linear=0
shrinkage=0.05


Tree=183
num_leaves=31
num_cat=8
split_feature=18 0 15 22 1 18 22 22 22 0 8 22 10 18 3 22 3 0 0 16 12 18 11 16 0 0 3 0 10 15
split_gain=271.759 54.5152 33.6595 27.1872 21.6661 18.6509 16.6703 12.6065 10.6087 8.70778 11.0621 6.938 6.71264 7.30116 6.0942 5.46818 4.74134 20.7614 13.6308 11.4191 9.73292 13.3376 9.24345 9.02526 9.2212 8.46964 9.54748 20.1284 11.8067 8.73467
threshold=0.057511597938124721 0 0.4649631700476346 7.0095110950838517 1 0.11536097032713168 7.9289399050493179 7.3654843367240659 7.1365242023064424 2 4.5000000000000009 7.2166551358950768 0.61482027553725704 0.10461776324952192 5.5000000000000009 8.2946502110986433 1.0000000180025095e-35 3 4 0.90319036485927573 4.6390882873898773 0.73005131845950133 3.0468977391027221 2.1027162033454658 5 6 2.5000000000000004 7 6.7216063910293151 7.3614282911068054
decision_type=8 1 8 8 1 10 10 8 8 1 2 8 8 10 2 10 2 1 1 10 8 10 10 10 1 1 2 1 10 10
left_child=1 3 5 -1 8 -2 9 -6 -5 -3 -11 14 13 -4 -12 -9 17 20 19 -19 21 -14 -23 25 -25 26 27 -18 29 -28
right_child=2 6 12 4 7 -7 -8 15 -10 10 11 -13 16 -15 -16 -17 23 18 -20 -21 -22 22 -24 24 -26 -27 28 -29 -30 -31
leaf_value=2.7231324551371672e-05 -0.006690103424753702 0.00049292266723930951 -0.0047243060475332561 -1.6382337860243458e-05 1.4754067852884579e-05 -0.0018922823393976386 -1.6382337860243458e-05 -1.6382337860243458e-05 -1.6382337860243458e-05 -1.6382337860243458e-05 3.7168412568067133e-05 -1.2791085044772111e-05 0.00083244784739964226 -0.0010384687374860508 -0.00013216922040161229 1.4754067852884579e-05 -0.025330901211376003 -0.0060994573511163278 -4.8612723488439265e-06 -0.035158085612048265 0.0026500134958612476 0.023097252219905752 -0.071329134361383648 -0.0235371143230668 0.024264313296207887 -0.00020901647516202715 0.00015012932545092062 -8.9072150093083568e-05 0.0020607292919872624 0.0073766579302079645
leaf_weight=82 371 157 219 461 139 559 331 464 1421 920 184 265 2339 1336 32 23 275 621 11902 205 4361 26 163 109 751 76407 30206 16775 2752 99
leaf_count=82 371 157 219 461 139 559 331 464 1421 920 184 265 2339 1336 32 23 275 621 11902 205 4361 26 163 109 751 76407 30206 16775 2752 99
internal_value=-0.000450943 -0.0125865 -8.7305e-05 -0.0172885 -0.0182815 -0.00956989 -0.00601632 -0.0102236 -0.0209617 -0.00388318 -0.00512048 0.000987526 -2.79375e-05 -0.00329582 0.00763889 -0.0140144 6.63306e-06 0.000730234 -0.000467106 -0.00663876 0.00293883 0.000474684 -0.0123016 -0.000104809 0.005 -0.00013951 0.000365644 -0.000595308 0.000861391 0.000576638
internal_weight=153955 4479 149476 2590 2508 930 1889 626 1882 1558 1401 481 148546 1555 216 487 146991 19617 12728 826 6889 2528 189 127374 860 126514 50107 17050 33057 30305
internal_count=153955 4479 149476 2590 2508 930 1889 626 1882 1558 1401 481 148546 1555 216 487 146991 19617 12728 826 6889 2528 189 127374 860 126514 50107 17050 33057 30305
cat_boundaries=0 1 2 3 4 5 6 7 8
cat_threshold=16 4 768 62624 320 34 4871 256
is_linear=0
shrinkage=0.05


Tree=184
num_leaves=31
num_cat=2
split_feature=20 17 19 20 22 1 19 20 3 17 17 4 21 10 3 3 3 21 4 4 15 21 22 21 20 4 8 1 20 22
split_gain=451.208 80.3224 25.6207 15.8754 13.1589 18.1041 8.67057 12.7176 43.1032 17.6915 7.3606 7.23675 10.2784 6.12441 5.62661 4.92539 4.89306 4.79875 4.55637 4.52624 4.39964 4.30311 4.28816 4.134 4.96385 3.9995 7.59887 3.74979 4.79541 4.95322
threshold=0.080481462141805085 0.69339229522435231 0.55067158309644137 0.13164897187499633 7.0040384257758559 0 0.73026094190808244 0.10503519302845991 5.5000000000000009 0.69339229522435231 0.38913380226273758 7.5000000000000009 7.8452197668196186 1.0471650770867935 4.5000000000000009 1.0000000180025095e-35 1.0000000180025095e-35 7.6978016406699554 9.5000000000000018 6.5000000000000009 0.66891596514292495 9.3545179236839946 7.5285250570586699 8.5570866396637921 0.13164897187499633 6.5000000000000009 4.5000000000000009 1 1.0000000180025095e-35 7.7904024185632919
decision_type=8 8 8 10 10 1 8 10 2 10 10 2 8 10 2 2 2 8 2 2 10 10 8 10 8 2 2 1 10 10
left_child=1 4 3 18 5 -1 7 8 9 20 25 16 -13 -11 -14 -3 22 -12 -2 -19 -4 23 -9 -8 -25 26 -5 -6 -29 -30
right_child=2 15 6 10 27 -7 21 11 -10 13 17 12 14 -15 -16 -17 -18 19 -20 -21 -22 -23 -24 24 -26 -27 -28 28 29 -31
leaf_value=1.8921001427252282e-05 -0.0048571003325439017 -0.000226350481131965 3.5972671993428351e-05 0.0022936659922029898 -1.5563220967229618e-05 -1.5563220967229618e-05 5.7186132920716837e-07 -0.0016729585495691313 -0.00037444608721395325 4.6359661546818703e-05 0.0022398351347079808 0.00049026406262124849 -0.00027884205701660391 -0.00011383597903828757 0.0026711363260544575 3.7711037934234914e-05 -8.3694868715511461e-06 -0.0042945157663292046 -0.001624231854624303 0.00091937178936372108 1.5573184745898418e-05 0.0052944671923449652 0.011363164231925918 0.002456739589078283 -0.0028077046308930599 -0.007926659008247702 -0.0039968491986371729 -1.5563220967229618e-05 0.00035309935330813394 -1.824876265738018e-05
leaf_weight=79 426 40 24 161 1812 222 145515 154 128 325 294 361 278 42 128 449 1154 117 198 90 266 21 26 47 778 214 57 825 36 21
leaf_count=79 426 40 24 161 1812 222 145515 154 128 325 294 361 278 42 128 449 1154 117 198 90 266 21 26 47 778 214 57 825 36 21
internal_value=-0.000436845 -0.0182262 -2.58614e-05 -0.00640655 -0.0212938 -0.0113787 4.07043e-05 0.00275468 0.00818471 0.0133562 -0.0022776 0.000725845 0.00459583 0.00606267 -0.000862069 0.000562372 -0.00149925 0.00184631 -0.0125801 -0.00398551 0.0225862 -1.28108e-05 -0.00916667 -1.60585e-05 -0.00354545 -0.00706019 -0.00229358 -0.0224016 -0.0197279 -0.00570175
internal_weight=154288 3484 150804 1557 2995 301 149247 2886 785 657 933 2101 767 367 406 489 1334 501 624 207 290 146361 180 146340 825 432 218 2694 882 57
internal_count=154288 3484 150804 1557 2995 301 149247 2886 785 657 933 2101 767 367 406 489 1334 501 624 207 290 146361 180 146340 825 432 218 2694 882 57
cat_boundaries=0 1 2
cat_threshold=4 4
is_linear=0
shrinkage=0.05


Tree=185
num_leaves=31
num_cat=4
split_feature=20 17 19 18 18 3 19 22 1 22 21 20 15 19 12 1 18 7 7 1 6 4 7 3 4 3 7 22 21 1
split_gain=453.739 81.3804 22.9311 19.6523 14.9874 35.1631 36.0269 14.728 19.3848 6.728 8.41257 5.2683 7.22798 4.91023 8.74257 7.1737 6.67015 4.96903 6.34294 9.31316 5.38043 5.15427 5.11238 4.74092 4.64176 4.21008 4.14674 4.09202 3.84495 3.67863
threshold=0.080481462141805085 0.69339229522435231 0.55067158309644137 0.14418139414464085 1.0000000180025095e-35 5.5000000000000009 0.72017818776715636 7.0040384257758559 0 7.1164589360347836 7.4963748916721205 0.10503519302845991 0.4649631700476346 0.63102192797740631 4.615615321433844 1 0.19519291100134981 1.5000000000000002 51.500000000000007 2 1.0000000180025095e-35 6.5000000000000009 66.500000000000014 1.0000000180025095e-35 5.5000000000000009 1.5000000000000002 42.500000000000007 7.0801963078969345 7.8845747386333587 3
decision_type=8 8 8 10 8 2 10 10 1 10 10 10 10 10 10 1 8 8 8 1 2 2 8 2 2 2 10 10 8 1
left_child=1 7 3 11 5 6 -4 8 -1 24 -11 -2 -13 14 15 16 -6 -17 19 -19 26 -22 -20 -3 -8 -25 27 -21 -18 -9
right_child=2 23 4 -5 13 -7 9 29 -10 10 -12 12 -14 -15 -16 17 28 18 22 20 21 -23 -24 25 -26 -27 -28 -29 -30 -31
leaf_value=1.7974951355892445e-05 -0.0052550044195266267 -0.00021503295707536729 1.4794525508604606e-05 0.00025719853624464606 -0.0020796775077647489 -0.00035565516176644385 0.00014126743488369065 -1.4785059918870358e-05 -1.4785059918870358e-05 -8.7512041243353881e-06 1.9182079265833708e-05 -0.0053654064653377402 0.00041282469222612143 1.139219575342354e-05 0.034658862960913965 -0.00086263640556978334 -0.0014133803495729015 -0.03161829436225546 0.010261168851354537 -0.0002580586590621714 0.020172218764836953 -0.04323251616411386 -0.0035364943196050883 0.00031067643961073537 9.5905383202254946e-06 4.374747608626439e-06 -0.012620946566692548 -0.0049723490555595501 0.0055609701521106116 -1.4785059918870358e-05
leaf_weight=79 337 36 279 662 123 171 132 1804 206 339 191 376 155 144728 58 594 346 167 113 363 29 114 212 64 78 379 25 26 889 888
leaf_count=79 337 36 279 662 123 171 132 1804 206 339 191 376 155 144728 58 594 346 167 113 363 29 114 212 64 78 379 25 26 889 888
internal_value=-0.000432409 -0.0183449 -2.10954e-05 -0.00611111 4.14494e-05 0.00563025 0.00915113 -0.0214226 -0.010614 0.00337838 0.000377358 -0.0110599 -0.00795669 -3.55241e-06 -0.00198594 -0.00235755 0.00033137 -0.00458004 -0.00664919 -0.00925414 -0.00614901 -0.0145105 -0.000846154 0.000782881 0.0109524 0.0022009 -0.00326087 -0.00199229 0.00143725 -0.0225669
internal_weight=153963 3456 150507 1530 148977 1190 1019 2977 285 740 530 868 531 147787 3059 3001 1358 1643 1049 724 557 143 325 479 210 443 414 389 1235 2692
internal_count=153963 3456 150507 1530 148977 1190 1019 2977 285 740 530 868 531 147787 3059 3001 1358 1643 1049 724 557 143 325 479 210 443 414 389 1235 2692
cat_boundaries=0 1 2 3 4
cat_threshold=4 1 2 4
is_linear=0
shrinkage=0.05


Tree=186
num_leaves=31
num_cat=4
split_feature=20 17 19 18 20 22 1 18 22 0 19 22 20 20 1 19 10 19 18 1 18 22 22 4 4 22 4 20 18 20
split_gain=459.474 85.0609 20.3611 16.6931 15.1789 12.3299 13.0168 9.13025 8.4925 7.55984 6.07171 4.18087 4.1609 6.62722 4.13573 4.59437 3.78129 8.6645 14.0063 3.54986 6.05176 3.43919 3.39446 3.32184 3.22236 3.26155 4.03444 3.44848 3.28396 3.13225
threshold=0.080481462141805085 0.69339229522435231 0.55067158309644137 0.15353732568261549 0.088479740455672265 7.0040384257758559 0 0.057511597938124721 7.1291664318690664 1 1.9569491150699891 6.6834271868008477 0.22702364828498486 0.10503519302845991 2 7.1903968545216097 0.61482027553725704 0.72017818776715636 1.0000000180025095e-35 3 1.0000000180025095e-35 7.7030554585783149 6.9867697604419536 11.500000000000002 2.5000000000000004 7.8372719368959496 7.5000000000000009 0.32614422348352162 0.29953033752299418 0.25481015598805073
decision_type=8 8 8 10 8 10 1 10 10 1 10 8 10 10 1 10 8 8 8 1 10 10 8 2 2 10 2 10 10 10
left_child=1 5 3 12 7 6 -1 -4 11 14 -11 -9 13 -2 15 23 -6 18 -18 -7 -21 -15 -20 -3 -24 26 -26 -28 -27 -5
right_child=2 9 4 29 16 19 -8 8 -10 10 -12 -13 -14 21 -16 -17 17 -19 22 20 -22 -23 24 -25 25 28 27 -29 -30 -31
leaf_value=1.7076203788096712e-05 -0.0048274638350108007 -1.3801279802450051e-05 1.4054799233176319e-05 0.0014977268022723146 -0.0013870137116678838 -1.4045806922924343e-05 -1.4045806922924343e-05 -0.0025989673688298744 -7.0233179426493211e-05 -0.0076236410774314541 -0.00084582283165426377 0.0026116458666311849 -0.012410001922934739 -0.0014322946369700691 0.00011150317355424489 0.016216182663880276 1.4123420319989145e-05 -6.2500812698929042e-07 -0.00013629739441797795 -1.4045806922924343e-05 0.00031632103713237773 -0.00604473056091453 -0.00015228337851033171 0.00016421943512338056 5.8090454636836046e-05 -0.00038391233846069576 0.00019850303098104818 0.012531940759978918 0.0066897487675424338 -0.0023928411822933095
leaf_weight=78 348 87 179 401 1261 1834 226 23 175 44 171 136 73 362 141 20 190 146018 75 870 29 115 183 29 482 102 286 32 36 202
leaf_count=78 348 87 179 401 1261 1834 226 23 175 44 171 136 73 362 141 20 190 146018 75 870 29 115 183 29 482 102 286 32 36 202
internal_value=-0.000436099 -0.01827 -1.84166e-05 -0.00581279 3.98852e-05 -0.0213945 -0.0118421 0.00862573 0.00374251 0.00101626 -0.00588889 0.0121069 -0.0101336 -0.00912121 0.00635889 0.000367647 1.0258e-05 3.35812e-05 0.00396825 -0.022457 -0.0198832 -0.0052935 0.00196488 -0.00344828 0.00265388 0.00383795 0.0050625 0.00943396 -0.00326087 0.000621891
internal_weight=154208 3529 150679 1501 149178 3037 304 513 334 492 215 159 898 825 277 136 148665 147404 1386 2733 899 477 1196 116 1121 938 800 318 138 603
internal_count=154208 3529 150679 1501 149178 3037 304 513 334 492 215 159 898 825 277 136 148665 147404 1386 2733 899 477 1196 116 1121 938 800 318 138 603
cat_boundaries=0 1 2 3 4
cat_threshold=4 274 1 4
is_linear=0
shrinkage=0.05


Tree=187
num_leaves=31
num_cat=3
split_feature=20 17 19 18 18 3 19 0 3 19 21 20 19 19 20 21 18 20 19 3 5 7 0 19 17 19 21 20 4 0
split_gain=465.131 77.8053 15.5963 21.1723 13.1151 28.8385 39.8704 7.19342 5.50863 5.40419 6.25542 4.73108 4.66532 4.24591 4.62354 4.23274 4.12103 3.57394 4.04684 3.573 3.14672 3.122 5.81847 9.13669 7.00704 6.1156 4.69223 4.01301 3.89321 7.46155
threshold=0.080481462141805085 0.69339229522435231 0.63102192797740631 0.11719760132016778 1.0000000180025095e-35 5.5000000000000009 0.72017818776715636 0 1.0000000180025095e-35 0.75397102908551894 7.6016521472294505 0.21095475912120176 2.8849803636449409 0.38808891076320767 0.12081960939788845 6.9092540304800165 0.057511597938124721 0.21764980156013594 0.85334004793109941 1.5000000000000002 1.0000000180025095e-35 6.5000000000000009 1 3.0967840245046045 6.3538659294750799 6.2666330350935544 7.2445845309701786 0.21095475912120176 6.5000000000000009 2
decision_type=8 8 8 10 8 2 10 1 2 10 10 10 10 10 10 8 8 10 10 2 2 8 1 8 10 10 10 8 2 1
left_child=1 15 3 13 5 6 -4 8 -3 10 -8 -11 -9 -2 -15 -1 -10 -13 -19 -18 -20 -6 28 -24 25 26 27 -25 29 -23
right_child=2 7 4 -5 21 -7 9 12 16 11 -12 17 -14 14 -16 -17 19 18 20 -21 -22 22 23 24 -26 -27 -28 -29 -30 -31
leaf_value=-1.3343516576780345e-05 -0.0076375601512685271 -0.0001823377472191523 1.3352059271515283e-05 -0.00031070648382546255 8.8292894422359331e-07 -0.0003385785746941206 -9.8743946608526034e-06 -0.0061826654632502814 -0.00162493761919017 0.00012440210966326858 1.6842655535270756e-05 -4.8742738166829286e-05 -0.0014702545717021566 -0.0037739753948804744 -0.00089666797497143797 -1.3343516576780345e-05 0.00028956745895248882 7.5661857743225547e-05 8.038490349495109e-05 4.5353066931569375e-05 -0.00012088384146219101 -0.0025417106770033618 -0.0069352251906575242 -0.010368684533781947 -0.021889267510846945 0.011712591822704121 0.021870168364612388 0.0045998642154285729 -0.0051465442762307634 0.0075824340512948675
leaf_weight=138 223 32 282 1385 144763 184 240 57 38 251 67 23 101 285 226 2843 34 89 54 231 24 357 196 60 39 153 32 865 671 210
leaf_count=138 223 32 282 1385 144763 184 240 57 38 251 67 23 101 285 226 2843 34 89 54 231 24 357 196 60 39 153 32 865 671 210
internal_value=-0.000463987 -0.0185521 -4.69541e-05 -0.00430628 1.37991e-05 0.00518946 0.0084466 -0.00015213 0.00398551 0.00240642 -0.0026873 0.00595238 -0.00863095 -0.0111717 -0.00865949 -0.0215951 0.00618812 0 0.00254491 0.00839623 -0.00576923 -2.88437e-05 -0.00175184 0.000535055 0.00224108 0.00297297 0.00148903 0.000837838 -0.00420673 -0.00119048
internal_weight=154153 3474 150679 2119 148560 1214 1030 493 335 748 307 441 158 734 511 2981 303 190 167 265 78 147346 2583 1345 1149 1110 957 925 1238 567
internal_count=154153 3474 150679 2119 148560 1214 1030 493 335 748 307 441 158 734 511 2981 303 190 167 265 78 147346 2583 1345 1149 1110 957 925 1238 567
cat_boundaries=0 1 2 3
cat_threshold=406 10838 2114
is_linear=0
shrinkage=0.05


Tree=188
num_leaves=31
num_cat=4
split_feature=20 15 19 20 19 16 3 19 21 21 7 21 20 20 20 20 21 19 0 10 20 7 1 21 0 1 10 4 10 3
split_gain=453.661 38.729 14.2549 12.8309 11.6209 8.35575 37.5208 29.2768 8.45014 6.62858 6.36096 6.28811 6.00622 5.61214 4.34299 4.15855 3.912 3.59095 13.2883 6.95197 6.96155 5.76786 4.87969 4.54133 4.33974 7.97022 5.01725 5.38246 4.68806 4.19417
threshold=0.080481462141805085 0.69331376394879285 0.55067158309644137 0.11610310860789565 0.6933121904001478 1.0000000180025095e-35 5.5000000000000009 0.72017818776715636 7.2452983069657719 7.675080887828444 7.5000000000000009 7.5498722538214809 0.53814824247560333 0.21095475912120176 0.11068561392174879 0.11068561392174879 6.9092540304800165 0.63102192797740631 0 2.0731521505764063 0.15782707927827186 13.500000000000002 1 7.0035197977545716 2 3 0.66750053336617021 2.5000000000000004 0.71754226264466137 2.5000000000000004
decision_type=8 8 8 10 10 8 2 10 8 8 10 10 10 10 10 10 8 10 1 10 10 8 1 10 1 1 10 2 8 2
left_child=1 16 3 -2 10 6 7 -4 12 -5 -3 -10 14 -13 -9 -8 -1 18 19 20 21 22 23 -7 26 -26 27 -20 -28 -27
right_child=2 4 5 9 -6 17 15 8 11 -11 -12 13 -14 -15 -16 -17 -18 -19 24 -21 -22 -23 -24 -25 25 29 28 -29 -30 -31
leaf_value=-1.267634074794133e-05 -0.0038385405455399427 -1.267634074794133e-05 1.2684456307937576e-05 0.00094622612544246901 -1.4567295232778555e-05 0.0070242293612747591 -0.00032171483599188755 -1.2121198747400142e-05 -1.667439750513422e-05 -0.0025134750441369925 -9.4994778112450495e-06 3.7357226116674363e-05 -0.0013355211149258695 -2.6898162571442621e-05 0.00011772587099405097 -0.0006237216011750591 -1.267634074794133e-05 -5.2293076263865151e-06 -0.0026754261993167496 0.028543353061442536 -0.00066719710573500681 -0.0063370632735271718 -0.032736915924435617 -0.011778824705742142 -0.0096598109818123792 0.028294125114077185 0.0050139290580864474 -0.00033764701903467033 0.0019779259796375709 0.0066885148742566354
leaf_weight=106 495 640 390 394 242 62 77 31 771 653 96 237 37 167 685 328 2381 143123 238 56 359 277 242 29 104 185 51 903 180 357
leaf_count=106 495 640 390 394 242 62 77 31 771 653 96 237 37 167 685 328 2381 143123 238 56 359 277 242 29 104 185 51 903 180 357
internal_value=-0.000460701 -0.0183478 -4.86934e-05 -0.00483139 -0.0099182 8.39552e-07 0.00274513 0.00519845 0.00267116 -0.00169532 -0.0130435 2.12766e-05 0.00680611 0.00507426 0.00782123 -0.0112963 -0.0216626 -5.02853e-05 -0.00174992 -0.00635266 -0.00740454 -0.0106557 -0.0150901 -0.00521978 0.000616371 0.00396341 -0.000976845 -0.00234443 0.00573593 0.00645756
internal_weight=153896 3465 150431 1542 978 148889 2723 2318 1928 1047 736 1175 753 404 716 405 2487 146166 3043 1025 969 610 333 91 2018 646 1372 1141 231 542
internal_count=153896 3465 150431 1542 978 148889 2723 2318 1928 1047 736 1175 753 404 716 405 2487 146166 3043 1025 969 610 333 91 2018 646 1372 1141 231 542
cat_boundaries=0 1 2 3 4
cat_threshold=33364 1 10506 2
is_linear=0
shrinkage=0.05


Tree=189
num_leaves=31
num_cat=8
split_feature=20 17 19 22 1 16 0 16 19 17 22 6 19 0 20 12 1 0 0 4 15 22 19 22 0 20 1 22 21 7
split_gain=459.341 75.3087 13.6922 12.9652 19.3199 8.59933 6.98886 5.59451 20.6717 10.6556 9.22396 5.14879 4.57149 15.1195 9.8951 5.80875 4.71878 13.8594 8.11845 6.42476 5.6733 5.61072 4.25491 4.15676 4.38359 4.1314 4.12638 4.55862 4.06005 4.36625
threshold=0.080481462141805085 0.69339229522435231 0.38808891076320767 7.0040384257758559 0 0.13780281166581668 1 1.0000000180025095e-35 0.72017818776715636 0.69339229522435231 7.1635013338184725 1.0000000180025095e-35 0.63102192797740631 2 0.11610310860789565 3.2600159261750652 3 4 5 4.5000000000000009 0.38814794195493374 7.6656696169533811 2.8849803636449409 7.3200104921562588 6 0.22283184874155523 7 7.2395625226714939 6.9740109652725932 51.500000000000007
decision_type=8 8 8 10 1 10 1 8 10 10 10 2 10 1 10 10 1 1 1 2 8 10 10 10 1 10 1 10 8 8
left_child=1 3 5 4 11 -2 26 8 9 -4 -10 -1 13 14 28 16 17 -15 19 -18 -19 -21 -8 -12 -25 -26 -3 -28 -9 -30
right_child=2 6 7 -5 -6 -7 22 12 10 -11 23 -13 -14 15 -16 -17 18 20 -20 21 -22 -23 -24 24 25 -27 27 -29 29 -31
leaf_value=1.7523386464929348e-05 -0.0064017391810555343 -1.0267728804963518e-05 1.2050233492538755e-05 -1.2042523710542597e-05 -1.2042523710542597e-05 0.00038178335508502471 -0.0070888402722109785 0.0072726145682192661 7.1381061751918384e-05 3.063494431676528e-06 -1.7456015054995167e-05 -0.0022077079673261169 1.4763684922636245e-05 -0.04193712750021699 -0.00012401406352487433 0.021536271234611461 0.042833264532153595 -0.012210507626013729 0.00027184258268072025 0.0032077734696240204 0.00242253154867034 0.031051880927528554 -0.0012056839252459596 -1.7557149985267253e-05 5.4050244124781438e-05 -2.4061558227184145e-05 0.00014773627980113613 -1.4622296414074089e-05 -0.0052786420883869428 -0.0017717571004026934
leaf_weight=40 350 143 331 2682 229 168 53 85 897 155 469 37 143202 103 779 72 63 22 1418 134 168 50 82 496 267 143 143 69 873 177
leaf_count=40 350 143 331 2682 229 168 53 85 897 155 469 37 143202 103 779 72 63 22 1418 134 168 50 82 496 267 143 143 69 873 177
internal_value=-0.000408382 -0.0183726 6.98036e-06 -0.0213521 -0.0116013 -0.00810811 -0.000204082 3.50224e-05 0.00226613 0.0116255 0.000264085 0.0100649 -6.79597e-06 -0.00168611 -0.00485967 0.00132353 0.00081716 -0.00503413 0.00184685 0.0100195 0.00325 0.00570652 -0.00948276 -0.00230909 -0.000331126 0.00345238 0.00349315 0.00801887 -0.00786344 -0.00871429
internal_weight=153900 3478 150422 2988 306 518 490 149904 2758 486 2272 77 147146 3944 1914 2030 1958 293 1665 247 190 184 135 1375 906 410 355 212 1135 1050
internal_count=153900 3478 150422 2988 306 518 490 149904 2758 486 2272 77 147146 3944 1914 2030 1958 293 1665 247 190 184 135 1375 906 410 355 212 1135 1050
cat_boundaries=0 1 2 3 4 5 6 7 8
cat_threshold=4 310 35420 2 288 17441 2 1
is_linear=0
shrinkage=0.05


Tree=190
num_leaves=31
num_cat=5
split_feature=20 17 15 20 18 20 3 22 1 0 22 3 22 20 21 3 3 0 20 17 17 15 0 20 0 20 3 3 3 3
split_gain=467.537 79.3834 12.2089 12.793 11.4696 25.7964 37.1256 7.31029 13.1134 6.58074 5.95926 5.36588 6.11963 4.86072 4.50279 6.3813 3.87944 21.9079 12.932 11.5957 9.99363 10.945 13.5836 12.9232 8.47611 15.0264 12.8996 26.7615 26.0995 45.0823
threshold=0.080481462141805085 0.69339229522435231 0.60200290608154194 0.10503519302845991 1.0000000180025095e-35 0.10503519302845991 5.5000000000000009 7.0040384257758559 0 1 7.1130808638281939 1.0000000180025095e-35 6.9778068581994885 1.0000000180025095e-35 7.5498722538214809 4.5000000000000009 1.0000000180025095e-35 2 1.6572896647928148 6.5984685798154823 2.4773609772751937 4.6978486082607196 3 0.85180327947010093 4 1.2947748904401986 1.5000000000000002 2.5000000000000004 3.5000000000000004 5.5000000000000009
decision_type=8 8 8 10 8 10 2 10 1 1 10 2 8 10 10 2 2 1 10 8 8 8 1 10 1 10 2 2 2 2
left_child=1 7 3 -2 5 6 -4 8 -1 13 -7 -11 -13 -3 -12 -16 17 20 19 -19 -6 22 23 -22 25 -18 -27 -28 -29 -30
right_child=2 9 4 -5 16 10 -8 -9 -10 11 14 12 -14 -15 15 -17 24 18 -20 -21 21 -23 -24 -25 -26 26 27 28 29 -31
leaf_value=1.6647217141685378e-05 -0.0040233022293479975 -0.0065783293413228363 1.1447721817914314e-05 -0.00085946508279329404 0.0050701911359288254 7.4391776959270575e-05 -0.00030616641583444681 -1.1440397525014356e-05 -1.1440397525014356e-05 -0.00017201477114692776 -1.3200482463859854e-05 0.00084493818950509558 3.5516846866168185e-05 -0.0017735838008694051 1.6422089125561758e-05 -7.5572815842223084e-05 6.3466908038140033e-05 1.0112947668777796e-05 -0.034177395204874582 -0.0028585690959807178 -0.0018888954819099024 0.0028218755554503261 0.0011375547341901161 -0.072480908012623482 -0.00020617736295817647 0.030783851020946853 -0.064430809528262842 0.031851976215632828 -0.050059988178137907 0.02108729475438751
leaf_weight=74 337 46 281 1556 227 234 58 2687 215 30 395 40 287 101 153 63 53360 9017 202 1744 482 3777 4044 147 72920 354 219 382 264 389
leaf_count=74 337 46 281 1556 227 234 58 2687 215 30 395 40 287 101 153 63 53360 9017 202 1744 482 3777 4044 147 72920 354 219 382 264 389
internal_value=-0.00043012 -0.0185489 -1.14538e-05 -0.00400158 3.93378e-05 0.00494088 0.0165929 -0.0216566 -0.0141003 -0.000198413 0.000266272 0.00347411 0.00542813 -0.00875796 -0.00233224 0.00347222 0 0.000654277 -0.000831587 -0.000597063 0.00252964 0.00225444 0.000636636 -0.00614241 -0.000100479 0.000368329 0.0051306 0.0027512 0.00611111 3.82848e-05
internal_weight=154085 3480 150605 1893 148712 1184 339 2976 289 504 845 357 327 147 611 216 147528 19640 10963 10761 8677 8450 4673 629 127888 54968 1608 1254 1035 653
internal_count=154085 3480 150605 1893 148712 1184 339 2976 289 504 845 357 327 147 611 216 147528 19640 10963 10761 8677 8450 4673 629 127888 54968 1608 1254 1035 653
cat_boundaries=0 1 2 3 4 5
cat_threshold=4 2656 62632 16384 4935
is_linear=0
shrinkage=0.05


Tree=191
num_leaves=31
num_cat=2
split_feature=20 17 19 18 18 3 19 22 1 21 10 20 22 4 21 3 4 20 3 20 22 20 10 16 17 20 19 1 4 4
split_gain=440.722 90.0789 12.1126 13.7427 11.2791 26.6697 41.1822 10.7269 13.4361 5.87823 4.42684 5.3834 4.13841 5.24445 4.63453 3.97486 3.73343 3.66837 3.54261 4.73777 3.50704 3.12284 3.07892 4.16857 3.00653 6.3587 8.91501 6.77383 9.35833 9.07492
threshold=0.080481462141805085 0.69339229522435231 0.38808891076320767 0.15489817684766982 1.0000000180025095e-35 5.5000000000000009 0.72017818776715636 7.0040384257758559 0 7.4094391990005262 0.61482027553725704 0.12081960939788845 7.1164589360347836 5.5000000000000009 7.5498722538214809 1.0000000180025095e-35 4.5000000000000009 0.19674916668723333 5.5000000000000009 0.42693148726717101 6.9778068581994885 0.11068561392174879 7.8393286149895065 0.31555616445716356 7.2333556177796501 0.6353753563632879 3.0967840245046045 1 2.5000000000000004 8.5000000000000018
decision_type=8 8 8 10 8 2 10 10 1 8 8 10 10 2 10 2 2 10 2 10 8 10 10 10 8 10 8 1 2 2
left_child=1 7 3 16 5 6 -4 8 9 -1 11 -6 13 -8 -14 -3 -2 -5 -13 -20 -17 -7 24 -24 -12 26 27 28 -26 -30
right_child=2 15 4 17 10 21 12 -9 -10 -11 22 18 14 -15 -16 20 -18 -19 19 -21 -22 -23 23 -25 25 -27 -28 -29 29 -31
leaf_value=2.5500911946607642e-05 -0.0031252963604611857 -0.00018472641583552885 1.0875335727017489e-05 -0.0031789412810059787 -0.0024880523511802534 -0.00029085809504272311 0.00012502629025222257 -1.0868377648765028e-05 -1.0868377648765028e-05 -1.4097074053087688e-06 6.1983669669807291e-06 -0.0010928540971756717 -9.5506168282077926e-06 -1.2149632131608358e-05 1.5600984669283945e-05 0.00072427072614254524 -0.007421111202083561 0.0025253298446104369 0.0040725377748833036 -0.005000858037766915 3.0106446496386277e-05 -0.00017344787583985501 0.0052229994306777884 -0.0011903144359196372 0.019569688624138971 0.0044543154010214803 -0.00056353115500971105 -0.0072669299544138978 -0.016541734105416529 0.0036006024318558875
leaf_weight=44 66 37 276 96 302 67 142 2623 220 39 137237 1267 335 84 189 54 270 92 210 29 402 119 144 123 61 911 7543 347 114 132
leaf_count=44 66 37 276 96 302 67 142 2623 220 39 137237 1267 335 84 189 54 270 92 210 29 402 119 144 123 61 911 7543 347 114 132
internal_value=-0.000449129 -0.0181998 -4.49532e-05 -0.00763359 -1.83784e-05 0.00478548 0.00794347 -0.0215311 -0.0126238 0.00451807 -5.76068e-05 -0.00251659 0.00186667 0.00752212 -0.000572519 0.00157201 -0.0136905 0.00319149 -0.00129482 0.0042887 0.00285088 -0.0126344 -2.72829e-05 0.00533708 -3.70699e-05 -0.000916776 -0.0013572 -0.00695719 -0.00154723 -0.00589431
internal_weight=153575 3419 150156 524 149632 1212 1026 2926 303 83 148420 1808 750 226 524 493 336 188 1506 239 456 186 146612 267 146345 9108 8197 654 307 246
internal_count=153575 3419 150156 524 149632 1212 1026 2926 303 83 148420 1808 750 226 524 493 336 188 1506 239 456 186 146612 267 146345 9108 8197 654 307 246
cat_boundaries=0 1 2
cat_threshold=4 4
is_linear=0
shrinkage=0.05


Tree=192
num_leaves=31
num_cat=7
split_feature=20 17 19 18 18 19 3 0 19 21 21 3 4 18 0 18 3 3 0 3 3 0 3 0 0 18 0 3 3 3
split_gain=461.531 82.8018 13.7455 11.8 10.9913 28.7426 34.5966 7.8545 4.90196 4.87856 4.85202 4.55624 4.39113 4.13969 19.9211 25.7294 24.592 35.5133 39.5304 21.3167 19.6649 46.5013 30.984 53.4504 24.9148 12.1639 15.5377 22.7767 45.0545 21.4223
threshold=0.080481462141805085 0.69339229522435231 0.38808891076320767 0.17833765801123316 1.0000000180025095e-35 0.72017818776715636 5.5000000000000009 0 1.9569491150699891 6.9092540304800165 6.9579728820873044 1.0000000180025095e-35 4.5000000000000009 0.32317019413824022 1 0.70524132303200637 1.5000000000000002 2.5000000000000004 2 5.5000000000000009 4.5000000000000009 3 5.5000000000000009 4 5 0.78014600945476864 6 3.5000000000000004 2.5000000000000004 1.5000000000000002
decision_type=8 8 8 10 8 10 2 1 10 8 8 2 2 10 1 10 2 2 1 2 2 1 2 1 1 10 1 2 2 2
left_child=1 9 3 12 5 6 -4 11 -9 -1 -7 -3 -2 -6 15 -15 -17 18 -18 25 21 -19 23 -22 -24 -16 27 28 29 -27
right_child=2 7 4 -5 13 10 -8 8 -10 -11 -12 -13 -14 14 19 16 17 20 -20 -21 22 -23 24 -25 -26 26 -28 -29 -30 -31
leaf_value=-1.0324958766327886e-05 -0.002520776445361657 -0.00011832245488023752 1.0331568940669113e-05 0.0017532913602344047 -5.506771691731749e-05 0.00012260402521763747 -0.00027631347476341774 -0.0064566087938023823 -0.0015528033008354036 -1.0324958766327886e-05 -5.7425173892400321e-06 9.3467356762333425e-05 -0.0068514169238504457 0.00021009836312950726 -4.5314816346286871e-06 -0.013455082954800957 -0.010914447882496049 -0.019023389514481726 0.043211767033429195 0.0040055852471137859 0.057251253589614672 0.0018815868938245385 0.015905921315435972 -0.010428023351061855 -0.024082708001215727 0.00058233603061743082 0.0054323220202856072 -0.013250606163620794 0.023716090792793933 -0.061265042458942071
leaf_weight=131 84 26 281 122 108959 123 56 40 68 2892 749 335 304 8377 18666 840 184 716 453 3997 371 567 172 249 401 1040 2207 699 681 199
leaf_count=131 84 26 281 122 108959 123 56 40 68 2892 749 335 304 8377 18666 840 184 716 453 3997 371 567 172 249 401 1040 2207 699 681 199
internal_value=-0.000457663 -0.0184278 -4.06985e-05 -0.00823529 -1.28344e-05 0.00473532 0.0171365 0.0011194 -0.0101695 -0.0214605 -5.73394e-05 0.0046496 -0.0125 -5.14189e-05 0.000384867 -0.00128444 -0.00461042 -0.00256184 0.00796703 0.00113368 -0.0052706 -0.00956742 -0.000649623 0.00709677 -0.00903141 0.000559765 0.00279735 0.000180677 0.00299479 -0.00268362
internal_weight=153989 3492 150497 510 149987 1209 337 469 108 3023 872 361 388 148778 39819 12330 3953 3113 637 27489 2476 1283 1193 620 573 23492 4826 2619 1920 1239
internal_count=153989 3492 150497 510 149987 1209 337 469 108 3023 872 361 388 148778 39819 12330 3953 3113 637 27489 2476 1283 1193 620 573 23492 4826 2619 1920 1239
cat_boundaries=0 1 2 3 4 5 6 7
cat_threshold=434 33570 768 32 32 256 1240
is_linear=0
shrinkage=0.05


Tree=193
num_leaves=31
num_cat=4
split_feature=20 17 18 3 20 19 18 0 1 17 10 15 19 13 18 1 0 15 19 10 18 14 10 16 10 17 19 19 13 18
split_gain=468.78 75.0126 11.5109 24.6043 36.4606 9.16274 8.99773 6.4412 6.0961 5.26096 4.29073 4.22421 4.19207 4.041 9.93564 7.528 6.75939 6.57338 10.6456 9.06641 7.59909 4.92647 7.08694 4.25875 4.55566 4.53572 4.31165 3.78503 3.75274 3.74495
threshold=0.080481462141805085 0.69339229522435231 1.0000000180025095e-35 5.5000000000000009 0.10503519302845991 0.38808891076320767 0.17833765801123316 0 1 1.0912323333562595 0.61482027553725704 0.38814794195493374 7.1903968545216097 1.3736354571277458 0.069782215410209458 2 3 1.6837557402874641 1.4482443527867719 1.3986406674150766 0.5848864208429535 0.97438160901885995 1.1150072000796054 0.15325140590973188 0.71754226264466137 0.74879815593132204 0.96326941546617084 1.9569491150699891 1.0471650770867935 0.25395495138500807
decision_type=8 8 8 2 8 8 10 1 1 10 8 8 10 8 10 1 1 8 10 10 10 8 8 8 10 10 10 10 10 10
left_child=1 -1 3 4 -2 6 -4 8 12 -6 -7 -8 -3 14 -12 -16 23 18 19 20 -15 -18 -23 25 -25 -17 -27 -9 -24 -19
right_child=2 7 5 -5 9 10 11 27 -10 -11 13 -13 -14 17 15 16 21 29 -20 -21 -22 22 28 24 -26 26 -28 -29 -30 -31
leaf_value=-9.8087108280131566e-06 9.8149904936339908e-06 -2.218619818750156e-05 -0.0045423574681108308 -0.00026249951655241691 2.1400448517228109e-06 -0.0011577036898114625 0.0048120906222946904 -0.0050158720884667558 0.00013239493330483577 0.0024080762002678838 -0.0042821402643356933 -0.0010052511428194342 0.019518505844501145 -0.0001025414536210828 0.00020484385295247432 -1.3597850105401267e-05 0.0023243051590349033 -0.00015248864888215419 -0.0035378311109837248 0.0047279038977698033 -0.0092941801179632477 -0.0012486121608855539 0.0045593233092085187 -0.00041964624247841644 -0.00012139898272229278 0.00023160386670190714 -0.00074286842373558204 -0.0014751631357936225 0.00027079878228726816 0.00019941035586716895
leaf_weight=3021 272 149 388 182 690 1847 50 47 199 46 122 82 20 6144 7130 499 1040 69090 1901 719 155 998 506 2335 2521 391 104 78 642 52839
leaf_count=3021 272 149 388 182 690 1847 50 47 199 46 122 82 20 6144 7130 499 1040 69090 1901 719 155 998 506 2335 2521 391 104 78 642 52839
internal_value=-0.00048717 -0.0185401 -6.61942e-05 0.00483193 0.0078869 -0.000105182 -0.00673077 -0.000456389 0.00291005 0.00210598 -8.20563e-05 0.00454545 -0.00399408 -5.19927e-05 0.000690693 0.000797971 -0.000160469 -0.000144442 -0.00145476 -0.000555714 -0.00116288 0.00168961 0.000326188 -0.00116894 -0.0017813 0.00181087 0.00520202 -0.00981481 0.00300523 -4.85939e-05
internal_weight=154207 3514 150693 1190 1008 149503 520 493 368 736 148983 132 169 147136 16288 16166 9036 130848 8919 7018 6299 3186 2146 5850 4856 994 495 125 1148 121929
internal_count=154207 3514 150693 1190 1008 149503 520 493 368 736 148983 132 169 147136 16288 16166 9036 130848 8919 7018 6299 3186 2146 5850 4856 994 495 125 1148 121929
cat_boundaries=0 1 2 3 4
cat_threshold=434 1 2 402
is_linear=0
shrinkage=0.05


Tree=194
num_leaves=31
num_cat=9
split_feature=20 17 18 3 19 22 1 19 18 3 22 21 3 0 1 1 0 22 1 17 20 4 0 19 0 18 10 0 19 4
split_gain=477.691 72.1649 11.7022 27.0567 39.7279 10.2839 13.0538 9.23596 11.1515 5.06609 4.87133 4.91334 4.49897 4.60471 7.06743 4.28317 4.15049 11.3466 13.4189 13.7382 11.1356 11.7805 19.2971 13.9502 11.1758 11.0896 11.0433 11.0428 18.7277 13.7806
threshold=0.080481462141805085 0.69339229522435231 1.0000000180025095e-35 5.5000000000000009 0.72017818776715636 7.0040384257758559 0 0.38808891076320767 0.17912142945115392 1.0000000180025095e-35 7.1164589360347836 7.5498722538214809 1.0000000180025095e-35 1 2 3 4 7.6147006362921088 5 6.6240018186301031 0.32842814375756396 9.5000000000000018 6 3.1896877399293557 7 1.1541312959691543 1.6193392260821904 8 6.1524324261977137 11.500000000000002
decision_type=8 8 8 2 10 10 1 8 10 2 10 10 2 1 1 1 1 10 1 8 8 2 1 8 1 10 8 1 10 2
left_child=1 5 3 4 -2 6 -1 8 9 15 -6 -12 -3 14 -14 -4 17 18 19 -9 -20 24 23 -23 26 -26 -22 29 -29 -19
right_child=2 12 7 -5 10 -7 -8 16 -10 -11 11 -13 13 -15 -16 -17 -18 27 20 -21 21 22 -24 -25 25 -27 -28 28 -30 -31
leaf_value=1.5546494166984727e-05 9.3242409689497933e-06 -0.0001684646623903663 0.0073644698972921557 -0.00024937454072479492 0.00012023654096567916 -9.3182752866127764e-06 -9.3182752866127764e-06 -9.8184086800981462e-05 0.0014237317299917924 -0.0056793269071098301 -1.149456935278792e-05 1.5001059062696998e-05 -1.2500283364846877e-05 -0.0038625977362129029 8.2333085405811302e-05 -0.0058034295250565249 -0.00012843289300931983 -4.7580898859966861e-05 0.00011323439398928104 -0.0029265421052754982 -0.0016357278163937174 0.0010940045864837101 0.0017973247454004194 -0.0078087002310752501 0.00079327418849375333 0.014170349617832723 0.0043580361146488226 -0.00033653798914418391 -0.0065668857080648738 0.0058125422816203811
leaf_weight=77 287 42 33 175 210 2689 219 15290 133 323 346 188 154 143 153 35 76532 3250 32212 1729 475 336 1446 610 5088 227 3369 7368 330 482
leaf_count=77 287 42 33 175 210 2689 219 15290 133 323 346 188 154 143 153 35 76532 3250 32212 1729 475 336 1446 610 5088 227 3369 7368 330 482
internal_value=-0.000436665 -0.018759 -1.32913e-05 0.00489221 0.00797769 -0.0216834 -0.0128378 -5.29249e-05 -0.00667939 -0.0109335 0.00188172 -0.000655431 -0.00101626 0.000444444 0.00386435 0.00147059 -2.9581e-05 0.000242308 0.000514132 -0.000677184 0.000977424 0.00230932 -0.000815217 -0.00632845 0.00312534 0.00162911 0.00517644 -0.00120297 -0.00228334 0.00102886
internal_weight=153951 3477 150474 1206 1031 2985 296 149268 524 391 744 534 492 450 307 68 148744 72212 60782 17019 43763 11551 2392 946 9159 5315 3844 11430 7698 3732
internal_count=153951 3477 150474 1206 1031 2985 296 149268 524 391 744 534 492 450 307 68 148744 72212 60782 17019 43763 11551 2392 946 9159 5315 3844 11430 7698 3732
cat_boundaries=0 1 2 3 4 5 6 7 8 9
cat_threshold=4 406 1 2 38663 4 33280 33540 5377
is_linear=0
shrinkage=0.05


Tree=195
num_leaves=31
num_cat=1
split_feature=20 18 15 22 1 18 20 3 15 20 3 13 18 12 18 22 3 3 20 9 15 4 18 22 22 20 15 4 18 3
split_gain=485.236 47.7573 19.632 12.9979 13.8877 9.73605 24.5041 36.5925 7.2174 8.38698 5.71055 4.78262 7.61402 5.59618 5.6684 5.13171 4.49283 4.21044 11.9922 6.56124 8.18105 7.97991 7.7663 7.48735 6.8619 9.42764 6.63919 6.62795 6.27248 7.8551
threshold=0.080481462141805085 0.057511597938124721 0.53815394315432463 7.0040384257758559 0 1.0000000180025095e-35 0.10503519302845991 5.5000000000000009 0.60200290608154194 0.12081960939788845 4.5000000000000009 0.97438160901885995 0.069782215410209458 1.0471650770867935 0.48477106054876878 7.0329584757122063 1.0000000180025095e-35 1.0000000180025095e-35 1.6572896647928148 1.0000000180025095e-35 4.5310227485682226 9.5000000000000018 0.52309695327106154 6.6893751432461306 8.1687616220644532 0.85180327947010093 7.4795250139472396 3.5000000000000004 2.3512442740093462 1.5000000000000002
decision_type=8 8 8 10 1 8 10 2 8 10 2 8 10 8 8 8 2 2 10 2 8 2 10 8 8 10 8 2 10 2
left_child=1 3 -3 4 -1 6 7 -2 9 -7 -8 12 -10 14 15 -13 -4 18 19 20 24 -21 23 26 -15 -26 -22 -25 -19 -30
right_child=5 2 16 -5 -6 8 10 -9 11 -11 -12 13 -14 17 -16 -17 -18 28 -20 21 22 -23 -24 27 25 -27 -28 -29 29 -31
leaf_value=1.4769169458633825e-05 8.8580289204998049e-06 -0.0098394095813770024 -0.00016004142927084631 -8.8523615222824145e-06 -8.8523615222824145e-06 -0.0028077588885731808 5.7995201021343593e-06 -0.0002369058136885538 -0.0048956168931617505 -0.00053854632536091409 -4.8745784260889603e-05 0.00032774023947757528 7.9468258823764415e-05 -0.00016728826362248929 -0.0054057461185558851 -0.00026988859418388133 1.9896275456532388e-05 -6.0170264429892928e-05 -0.035631616792388625 0.00064254676251978009 0.0035264708442372065 0.003786014133771365 0.0070748525607986952 -0.0019110442970308229 -0.0020650717836732113 -0.070745866628834003 -0.010349186454728408 0.00080647044816276048 0.040553023866249149 0.0093308461044379065
leaf_weight=83 281 131 37 2626 257 491 640 59 90 1361 221 1423 9132 5201 520 2939 395 115143 184 2695 905 858 583 1520 641 130 42 4938 108 329
leaf_count=83 281 131 37 2626 257 491 640 59 90 1361 221 1423 9132 5201 520 2939 395 115143 184 2695 905 858 583 1520 641 130 42 4938 108 329
internal_value=-0.000396686 -0.0187234 -0.005373 -0.0212576 -0.0120588 3.32372e-05 0.00451707 0.0158824 -2.8479e-06 -0.00310475 2.9036e-05 3.61308e-05 0.00113858 -3.74568e-05 -0.00170012 -0.00111188 -0.000231481 2.34474e-05 0.000741651 0.000875064 0.000386819 0.00279341 0.0014334 0.000995949 -0.00101306 -0.00541505 0.00514784 0.000387117 -8.65202e-05 0.00589245
internal_weight=153963 3529 563 2966 340 150434 1201 340 149233 1852 861 147381 9222 138159 4882 4362 432 133277 17697 17513 13960 3553 7988 7405 5972 771 947 6458 115580 437
internal_count=153963 3529 563 2966 340 150434 1201 340 149233 1852 861 147381 9222 138159 4882 4362 432 133277 17697 17513 13960 3553 7988 7405 5972 771 947 6458 115580 437
cat_boundaries=0 1
cat_threshold=4
is_linear=0
shrinkage=0.05


Tree=196
num_leaves=31
num_cat=3
split_feature=20 18 10 22 18 19 3 1 19 18 3 1 19 3 1 16 10 20 14 22 19 20 12 19 18 18 3 10 12 18
split_gain=453.784 53.2551 16.1764 11.8126 10.9672 25.6535 35.1934 10.351 8.0874 10.8426 5.16618 4.87838 4.76532 4.60039 3.83576 5.82327 3.49066 3.93399 3.6514 7.58593 4.88721 9.52751 6.74965 5.62918 8.00248 7.5112 7.23521 6.05517 5.75581 5.3032
threshold=0.080481462141805085 0.057511597938124721 0.61482027553725704 7.0040384257758559 1.0000000180025095e-35 0.72017818776715636 5.5000000000000009 0 0.38808891076320767 0.17912142945115392 1.0000000180025095e-35 1 2.2711086212837892 4.5000000000000009 2 1.0000000180025095e-35 0.61482027553725704 0.12828127816927939 1.3736354571277458 7.5936124906339382 1.7207115426956598 0.51387167467382644 5.5950829886862072 1.4482443527867719 0.27198209796467426 0.20255888853594856 3.5000000000000004 4.143927747969351 1.6193392260821904 0.25645809834961225
decision_type=8 8 8 10 8 10 2 1 8 10 2 1 10 2 1 10 8 10 8 10 10 10 10 10 8 10 2 10 10 8
left_child=1 3 -3 7 5 6 -2 -1 9 10 11 -6 14 -7 -5 -16 17 -10 19 -18 21 22 23 25 -25 26 -20 -28 -27 -22
right_child=4 2 -4 12 8 13 -8 -9 16 -11 -12 -13 -14 -15 15 -17 18 -19 20 -21 29 -23 -24 24 -26 28 27 -29 -30 -31
leaf_value=1.4030710985701856e-05 8.4151274744759263e-06 -0.011756774997965387 1.5831099651564264e-05 -8.4097434461694053e-06 0.0070231737186955915 4.0150216749523794e-06 -0.00022505709194978741 -8.4097434461694053e-06 -0.0020140202178212971 0.0015034459856849093 -0.0057829637031313504 -0.0060691361386141568 -0.00093036991472881256 -3.1594772903198456e-05 -8.4097434461694053e-06 0.0001846252963923434 0.00010316794609304681 -0.00048482557778753156 -7.3530516935260692e-06 -0.00012255330756799076 -0.00015704742061126709 -0.0056432023946891736 0.037541313446317753 0.00065262385712655524 -0.0048835149665391155 0.00027186908469848395 -0.0010324445955759655 0.015540785094282984 0.0051671548824377637 0.00028481756177969333
leaf_weight=73 278 104 428 1654 37 633 54 244 340 136 313 37 28 217 840 33 13629 1483 2685 2191 64047 1150 43 783 1220 5499 1715 40 325 53689
leaf_count=73 278 104 428 1654 37 633 54 244 340 136 313 37 28 217 840 33 13629 1483 2685 2191 64047 1150 43 783 1220 5499 1715 40 325 53689
internal_value=-0.000425468 -0.0184783 -0.00394737 -0.0211699 -1.72707e-05 0.00478003 0.0165663 -0.0120662 -5.52349e-05 -0.00626195 -0.0105297 0.00135135 -0.0222994 0.000176471 -0.0225267 -0.0198454 -3.34254e-05 -0.0022079 -6.46188e-06 0.000711125 -9.29906e-05 -0.000995542 -0.000588952 -0.00065827 -0.00308288 -0.000185113 -0.00173423 -0.00423077 0.000995879 1.01923e-05
internal_weight=153948 3404 532 2872 150544 1182 332 317 149362 523 387 74 2555 850 2527 873 148839 1823 147016 15820 131196 13460 12310 12267 2003 10264 4440 1755 5824 117736
internal_count=153948 3404 532 2872 150544 1182 332 317 149362 523 387 74 2555 850 2527 873 148839 1823 147016 15820 131196 13460 12310 12267 2003 10264 4440 1755 5824 117736
cat_boundaries=0 1 2 3
cat_threshold=4 2 4
is_linear=0
shrinkage=0.05


Tree=197
num_leaves=31
num_cat=4
split_feature=20 17 22 1 16 3 19 17 17 17 10 19 16 17 20 17 3 17 21 4 0 19 0 17 17 3 1 10 19 3
split_gain=480.366 73.2234 11.6321 10.845 7.7291 32.28 20.845 14.5162 8.19553 9.84675 6.65595 6.32464 7.17705 5.8357 5.44998 5.25551 4.73445 4.35719 4.20011 4.225 4.06605 6.38721 3.92669 5.3807 4.27761 4.29206 3.51234 3.48125 5.44413 3.42791
threshold=0.080481462141805085 0.69339229522435231 7.0040384257758559 0 1.0000000180025095e-35 5.5000000000000009 0.72017818776715636 0.69339229522435231 0.74879815593132204 0.75952401274393289 1.0471650770867935 0.38808891076320767 0.13780281166581668 0.72693593956895908 0.11068561392174879 0.8553453582061773 1.0000000180025095e-35 0.79473535973314147 7.4094391990005262 8.5000000000000018 1 2.8849803636449409 2 0.78217582516746165 0.78217582516746165 4.5000000000000009 3 7.8393286149895065 7.1151275456741789 4.5000000000000009
decision_type=8 8 10 1 8 2 10 10 10 10 10 8 10 10 10 10 2 10 8 2 1 10 1 10 10 2 1 10 8 2
left_child=1 2 3 18 5 6 7 -2 13 -10 15 12 -6 -8 -7 17 -3 22 -1 -20 21 -18 24 -24 25 -11 -16 29 -29 -13
right_child=4 16 -4 -5 11 14 8 -9 9 10 -12 27 -14 -15 26 -17 20 -19 19 -21 -22 -23 23 -25 -26 -27 -28 28 -30 -31
leaf_value=2.2935809525004291e-05 7.9943711007501864e-06 -0.00015283091278988083 -7.9892562738603796e-06 -7.9892562738603796e-06 -0.0041143418221012652 -0.00021387285843911253 3.1482521524850429e-06 1.2462428848475371e-05 0.00023195548994950355 -9.4129952307214781e-05 0.0019833663132734383 -4.8502684166601422e-05 0.00052345919108510444 -5.5628890037984215e-05 -0.00027841389889630974 -0.0023426960196808568 -0.0053341387916304222 0.00055983262339360802 -2.6292788593174078e-06 0.00057529180654365968 3.6226039878611842e-05 0.00055747440220155209 0.00015964811829784765 -0.00014044185346843708 0.00017998234296052741 7.8000773301617482e-05 -0.0007133416854957276 -0.01215322696082155 0.0048778097711835505 0.00021011773138220337
leaf_weight=44 268 43 2709 214 332 90 719 137 111 81 227 109462 191 255 120 209 48 163 20 20 349 62 68 38 49 24 203 50 208 37641
leaf_count=44 268 43 2709 214 332 90 719 137 111 81 227 109462 191 255 120 209 48 163 20 20 349 62 68 38 49 24 203 50 208 37641
internal_value=-0.000385489 -0.0186734 -0.0216245 -0.0122483 4.04923e-05 0.00266112 0.00492763 0.0152469 0.00277778 0.00603093 0.00422002 -8.45257e-06 -0.00549713 -0.000462012 -0.01023 0.00158228 -0.000996016 0.00478723 0.00297619 -0.00875 0.000490196 -0.0075 0.000769231 0.00775862 -0.00426829 -0.0102381 -0.00719814 1.10273e-05 0.00581395 8.49745e-07
internal_weight=154155 3509 3007 298 150646 2762 2349 405 1944 970 859 147884 523 974 413 632 502 423 84 40 459 110 260 106 154 105 323 147361 258 147103
internal_count=154155 3509 3007 298 150646 2762 2349 405 1944 970 859 147884 523 974 413 632 502 423 84 40 459 110 260 106 154 105 323 147361 258 147103
cat_boundaries=0 1 2 3 4
cat_threshold=4 2752 2 1
is_linear=0
shrinkage=0.05


Tree=198
num_leaves=31
num_cat=7
split_feature=20 17 22 1 18 19 17 20 0 19 20 22 1 19 22 22 0 18 16 8 18 22 0 1 19 19 20 0 20 12
split_gain=466.167 75.5947 11.1959 14.0387 9.83778 21.393 6.57918 5.17826 4.33681 4.05766 4.58453 4.61432 3.80278 5.625 3.80263 3.33327 11.0892 5.00987 5.91 4.07112 3.58678 3.36325 7.34807 11.1732 14.0464 8.56133 8.2125 7.87852 7.07403 8.35311
threshold=0.080481462141805085 0.69339229522435231 7.0040384257758559 0 1.0000000180025095e-35 0.72017818776715636 0.38913380226273758 0.14043528666188551 1 0.76378503353574334 0.21095475912120176 7.1045115979425928 2 0.93365085398241132 7.1708904640190108 8.551412005653015 3 0.32124131563385538 0.94576032671668531 3.5000000000000004 0.09401274980262693 6.6834271868008477 4 5 4.4359327727882683 1.0187400108153508 0.85180327947010093 6 0.40827320181578525 1.7833559100698646
decision_type=8 8 10 1 8 10 8 10 1 10 10 10 1 10 8 10 1 10 10 2 10 10 1 1 8 10 10 1 8 8
left_child=1 2 3 -1 5 -2 7 -6 -3 -7 -11 12 -12 -14 -10 21 17 20 -19 -18 -17 22 23 24 -8 -25 28 -28 -24 -30
right_child=4 8 -4 -5 6 9 15 -9 14 10 11 -13 13 -15 -16 16 19 18 -20 -21 -22 -23 26 25 -26 -27 27 -29 29 -31
leaf_value=2.1789019048756852e-05 7.5946525457115666e-06 7.4459917239350093e-05 -7.5897934601665277e-06 -7.5897934601665277e-06 -0.0044473758488965424 -8.2457334330043878e-06 -0.00072372523300536233 -0.0019648364260079292 5.6661470355540146e-05 0.00011875380691837856 8.1447782593530027e-05 -4.2118798186024931e-05 -0.0024279478589575854 0.01975803457967195 -9.0031491700226507e-05 -0.0016379987153602006 0.0095630221946811037 -0.0087820583971397036 0.031692960176259034 -0.0038481980000705631 0.0039196500860887223 3.3514101572931779e-05 -0.00023773231679417029 0.0069700700286616348 -0.015400875499906475 0.00058977453042818873 -0.0063455697225088597 0.0039406724676454901 -0.00798067102386559 -0.0018514900323831187
leaf_weight=80 336 282 2701 214 146 414 1688 363 81 226 32 155 20 20 147 40 25 97 26 634 192 107320 17881 637 283 9768 463 2304 312 7454
leaf_count=80 336 282 2701 214 146 414 1688 363 81 226 32 155 20 20 147 40 25 97 26 634 192 107320 17881 637 283 9768 463 2304 312 7454
internal_value=-0.000454351 -0.0184807 -0.0215109 -0.0122449 -3.5469e-05 0.004468 -7.16754e-05 -0.00574656 -0.000686275 0.000317186 0.0035872 -0.00143172 0.00902778 -0.00125 -0.00567227 -5.23055e-05 -0.00290927 0.00417808 -0.00386179 -0.00668909 0.00862069 -3.27459e-05 -0.00041922 0.000597449 -0.00285388 0.0012518 -0.000861948 0.0017257 -0.00114146 -0.00240149
internal_weight=154341 3505 2995 294 150836 1203 149633 509 510 867 453 227 72 40 228 149124 1014 355 123 659 232 148110 40790 12376 1971 10405 28414 2767 25647 7766
internal_count=154341 3505 2995 294 150836 1203 149633 509 510 867 453 227 72 40 228 149124 1014 355 123 659 232 148110 40790 12376 1971 10405 28414 2767 25647 7766
cat_boundaries=0 1 2 3 4 5 6 7
cat_threshold=4 436 4 1125 38672 4 42
is_linear=0
shrinkage=0.05


Tree=199
num_leaves=31
num_cat=4
split_feature=19 18 18 19 3 18 22 3 18 18 0 4 21 22 3 3 3 4 4 0 4 9 0 19 14 0 18 18 17 22
split_gain=310.909 223.207 13.0387 11.834 24.4101 22.6527 11.4174 7.00692 7.4389 6.88043 5.89425 5.02343 4.77707 5.01289 5.09066 4.70997 7.71339 4.16354 4.01836 9.6245 7.6912 31.8809 22.8647 34.6387 21.4326 21.0608 22.3261 15.2562 12.3487 11.3203
threshold=0.6933121904001478 0.069782215410209458 0.11719760132016778 0.72017818776715636 5.5000000000000009 0.11082534949072302 7.0040384257758559 4.5000000000000009 0.70524132303200637 0.15045416360488811 0 4.5000000000000009 6.9579728820873044 7.7155876863477983 1.5000000000000002 1.0000000180025095e-35 1.5000000000000002 5.5000000000000009 4.5000000000000009 1 6.5000000000000009 1.0000000180025095e-35 2 3.5258544043041531 6.6194060950237885 3 0.44274298323503875 1.0920782882341034 6.708951165810535 7.0719367112543932
decision_type=8 8 8 8 2 10 10 2 8 10 1 2 8 10 2 2 2 2 2 1 2 2 1 10 10 1 8 10 8 8
left_child=1 6 -3 4 5 -2 11 8 -4 -6 -10 -1 -7 14 -14 -12 -17 -11 19 -5 21 22 23 -20 27 26 -22 -25 -24 -27
right_child=3 2 7 18 9 12 -8 -9 10 17 15 -13 13 -15 -16 16 -18 -19 20 -21 25 -23 28 24 -26 29 -28 -29 -30 -31
leaf_value=-7.2103037871584787e-06 7.2149199184246005e-06 -0.0034600498629816347 -0.00016268414547321864 0.0003778435261490243 -0.0002051157684301086 -4.9760880996910228e-05 -7.2103037871584787e-06 0.00081290621965494914 -0.010139991045283243 -0.0060887092947753442 -0.00014068779256537489 -7.1416827003456531e-06 0.00021888206318723403 -0.00017168229334687537 1.1679167973110972e-05 0.00017900182241503693 -1.1292171585164379e-05 0.011186565475850575 -0.0068300357832868919 -4.8752912985472464e-05 -0.00057807238547937791 -0.0025343993326111484 -6.2968573791177819e-06 0.0088248512953923441 -0.0069909748139137086 0.00070155318441105234 -0.0096622527258332872 -0.0074701908437169624 -0.0019498957473660485 -1.2937587388711647e-05
leaf_weight=180 358 645 1387 16014 131 98 2672 615 101 22 21 116 158 90 366 26 118 24 563 33933 3664 3994 14669 1259 144 17615 930 67 3780 50556
leaf_count=180 358 645 1387 16014 131 98 2672 615 101 22 21 116 158 90 366 26 118 24 563 33933 3664 3994 14669 1259 144 17615 930 67 3780 50556
internal_value=-0.000385248 -0.0116604 -0.00182801 6.14747e-05 0.00491179 0.00775701 -0.0213106 -4.40917e-05 -0.00173926 -0.0122881 -0.0093985 -0.0119932 0.00259831 0.00423453 0.00610687 -0.00271429 0.000347222 0.00434783 2.03821e-05 0.000384908 -0.000166853 -0.000933568 -0.000136705 0.00488253 0.00894558 9.10465e-05 -0.00318202 0.0109351 -0.000692074 0.000312037
internal_weight=154316 5881 2913 148435 1247 1070 2968 2268 1653 177 266 296 712 614 524 165 144 46 147188 49947 97241 24476 20482 2033 1470 72765 4594 1326 18449 68171
internal_count=154316 5881 2913 148435 1247 1070 2968 2268 1653 177 266 296 712 614 524 165 144 46 147188 49947 97241 24476 20482 2033 1470 72765 4594 1326 18449 68171
cat_boundaries=0 1 2 3 4
cat_threshold=576 37458 640 512
is_linear=0
shrinkage=0.05


Tree=200
num_leaves=31
num_cat=6
split_feature=20 18 0 15 18 19 3 10 22 19 22 1 1 20 20 22 20 0 22 20 3 3 1 16 10 21 22 3 0 20
split_gain=481.977 42.3427 16.7515 13.0135 8.99171 25.1462 31.0696 7.29602 7.13114 7.1039 6.73893 10.7912 6.49424 5.35007 5.31638 4.78094 4.02635 3.91978 3.76403 5.8611 3.33433 3.59317 3.2677 7.60542 3.20094 3.22103 3.1449 3.00548 2.9701 7.40761
threshold=0.080481462141805085 0.057511597938124721 0 0.53815394315432463 1.0000000180025095e-35 0.72017818776715636 5.5000000000000009 0.61482027553725704 7.4372032894742484 0.73026094190808244 7.0040384257758559 1 2 0.23956423782537464 0.10503519302845991 7.088222351953525 0.16401871207210103 3 7.7751011027017771 0.21095475912120176 1.0000000180025095e-35 1.5000000000000002 4 1.0000000180025095e-35 1.0471650770867935 8.0041954117697518 7.2395625226714939 2.5000000000000004 5 0.33262307441972788
decision_type=8 8 1 8 8 10 2 8 10 10 8 1 1 10 10 10 10 1 10 10 2 2 1 10 10 10 10 2 1 10
left_child=1 2 10 -3 5 6 -2 14 20 -7 11 -1 -4 16 -6 -15 24 -18 19 -19 -5 -22 -12 -24 25 -11 27 -23 -9 -30
right_child=4 3 12 8 7 9 -8 28 -10 13 22 -13 -14 15 -16 -17 17 18 -20 -21 21 26 23 -25 -26 -27 -28 -29 29 -31
leaf_value=1.1450018142744601e-05 6.8541739225047584e-06 -0.0091744492116549448 0.00061056384629991638 -0.00014113615339776954 -0.0025031690759267562 -1.7602223043750033e-05 -0.00019323796969046849 -8.7406231917475102e-05 -1.9845131690532371e-05 -1.5949912075435837e-05 -6.8497885978013873e-06 -6.8497885978013873e-06 -0.0022487076969192666 3.3085810848090812e-05 -0.0010147784066059761 -0.00051371205887233435 0.00012667384884701427 3.9521007304926808e-05 0.00013426085438544844 -0.00010672000119853476 0.00017013115286770299 -7.2846391611924854e-05 -6.8497885978013873e-06 0.00023649368324610843 0.0018593681309564071 2.641241464232669e-05 -8.0548092629195711e-05 6.1568810372969471e-05 -5.2431605327640801e-06 0.00081207637755631445
leaf_weight=28 287 115 62 24 268 186 55 71044 69 209 1706 136 75 50 1855 93 111 102 28 27 47 45 908 34 39 30 27 201 59443 16751
leaf_count=28 287 115 62 24 268 186 55 71044 69 209 1706 136 75 50 1855 93 111 102 28 27 47 45 908 34 39 30 27 201 59443 16751
internal_value=-0.000412028 -0.0188165 -0.0211512 -0.00577652 1.29501e-05 0.00429334 0.0157895 -2.19267e-05 -0.00163438 -0.0002 -0.0219525 -0.0121951 -0.00289116 0.00214078 -0.00293217 -0.00646853 0.0043956 0.00876866 0.00284431 -0.000581395 0.00130814 0.00265625 -0.0226397 -0.020276 0.000179856 -0.00198745 0.000457875 0.00223577 2.00356e-05 0.000236864
internal_weight=154055 3477 2949 528 150578 1217 342 149361 413 875 2812 164 137 689 2123 143 546 268 157 129 344 320 2648 942 278 239 273 246 147238 76194
internal_count=154055 3477 2949 528 150578 1217 342 149361 413 875 2812 164 137 689 2123 143 546 268 157 129 344 320 2648 942 278 239 273 246 147238 76194
cat_boundaries=0 1 2 3 4 5 6
cat_threshold=18 4 4 16 4 24824
is_linear=0
shrinkage=0.05


Tree=201
num_leaves=31
num_cat=0
split_feature=18 22 17 18 22 4 17 22 5 18 22 4 4 22 21 4 4 21 4 22 4 21 4 21 10 18 4 17 18 15
split_gain=287.468 33.0294 25.407 24.5033 13.2181 10.5891 8.98997 6.55884 5.68858 4.90049 4.77493 4.45398 5.24855 4.47735 4.73059 3.80274 5.12724 3.64988 3.60921 3.58869 4.34851 4.62724 3.23022 3.22997 8.50573 6.43681 6.41415 6.37371 5.7544 5.36514
threshold=1.0000000180025095e-35 7.1130808638281939 0.4751718843447002 0.078442636106420174 7.3708682237053909 3.5000000000000004 1.0912323333562595 7.6915453848820405 1.0000000180025095e-35 0.11719760132016778 7.0095110950838517 8.5000000000000018 7.5000000000000009 7.3079383712889108 7.0488206249888608 4.5000000000000009 10.500000000000002 6.6207394291472461 11.500000000000002 7.0211379679761796 11.500000000000002 7.3469774319598526 6.5000000000000009 7.4857721129469477 7.0043373108806488 0.12294299153010095 11.500000000000002 7.2620971573995039 0.15964931374093774 2.379915260131916
decision_type=8 10 8 10 10 2 10 10 2 10 10 2 2 10 8 2 2 10 2 10 2 8 2 10 10 10 2 10 10 10
left_child=1 5 3 -2 11 6 8 15 -1 -5 17 12 13 14 -3 -6 -17 18 -7 -12 21 -21 -15 -4 25 -25 28 -26 -27 -28
right_child=2 4 23 9 7 10 -8 -9 -10 -11 19 -13 -14 22 -16 16 -18 -19 -20 20 -22 -23 -24 24 27 26 29 -29 -30 -31
leaf_value=-6.5072991679127064e-06 -0.011067374622598781 -6.5072991679127064e-06 8.8109570820282815e-06 -0.0040278908717552133 -6.5072991679127064e-06 6.5766552588497623e-06 0.0020072278826677838 -6.5072991679127064e-06 6.5114652263775777e-06 -0.00045234931147618426 -6.5072991679127064e-06 -6.5072991679127064e-06 -6.5072991679127064e-06 -6.5072991679127064e-06 -6.5072991679127064e-06 -1.7380437823955043e-07 -6.5072991679127064e-06 6.5766552588497623e-06 -6.4421091354405218e-06 -6.5072991679127064e-06 6.5766552588497623e-06 5.9120344588978191e-05 3.8162930251550712e-06 -0.00039434453078639187 0.0022941880137399284 0.00016067431153106161 -0.00011337190403954979 -0.0014329515644715407 -0.0006214104741262106 0.0029695662579250384
leaf_weight=308 262 47 125489 296 194 109 41 661 28 576 22 753 240 80 705 213 99 132 25 154 26 42 28 2098 1541 1845 493 381 15794 1211
leaf_count=308 262 47 125489 296 194 109 41 661 28 576 22 753 240 80 705 213 99 132 25 154 26 42 28 2098 1541 1845 493 381 15794 1211
internal_value=-0.000476792 -0.0138661 -0.000128012 -0.00758377 -0.0163576 -0.00538331 -0.0117374 -0.0121894 -0.0144345 -0.00355505 -0.000686275 -0.0189827 -0.0169545 -0.0187791 -0.0201463 -0.00790514 -0.00448718 0.00394737 -0.00186567 -0.0057377 -0.00382883 -0.00637755 -0.00925926 -7.12117e-05 -0.000611009 -0.000896647 -0.000611332 0.00257544 -0.000894325 0.00231808
internal_weight=153893 3907 149986 1134 3020 887 377 1167 336 872 510 1853 1100 860 752 506 312 266 134 244 222 196 108 148852 23363 21441 19343 1922 17639 1704
internal_count=153893 3907 149986 1134 3020 887 377 1167 336 872 510 1853 1100 860 752 506 312 266 134 244 222 196 108 148852 23363 21441 19343 1922 17639 1704
is_linear=0
shrinkage=0.05


Tree=202
num_leaves=31
num_cat=9
split_feature=20 18 0 15 1 15 20 18 3 20 22 1 3 22 21 3 1 16 21 0 21 7 0 1 4 20 22 20 1 0
split_gain=461.281 53.9128 16.5141 13.4844 7.27063 7.19505 8.68506 9.16295 13.2966 8.07355 5.75122 7.62027 4.82255 4.81583 4.55087 3.83092 3.7907 6.84744 3.77543 5.62646 4.68812 3.7485 5.94856 6.48165 5.32064 5.51472 4.97855 4.55904 3.64473 10.0856
threshold=0.080481462141805085 0.057511597938124721 0 0.53815394315432463 1 0.4649631700476346 0.088479740455672265 1.0000000180025095e-35 5.5000000000000009 0.12081960939788845 7.0040384257758559 2 1.0000000180025095e-35 6.8641810027563332 7.0488206249888608 1.5000000000000002 3 1.0000000180025095e-35 8.5570866396637921 4 9.1746960177379666 6.5000000000000009 5 6 5.5000000000000009 0.1808280092948906 7.8816649884968788 0.1653872548907738 7 8
decision_type=8 8 1 8 1 8 8 10 2 10 10 1 2 10 8 2 1 10 10 1 10 8 1 1 2 10 10 8 1 1
left_child=1 2 10 -3 13 9 7 8 -7 -2 11 14 -5 -4 -1 -14 -12 -18 21 -20 -21 -8 23 27 -25 -26 28 -23 -24 -30
right_child=5 3 4 12 -6 6 18 -9 -10 -11 16 -13 15 -15 -16 -17 17 -19 19 20 -22 22 26 24 25 -27 -28 -29 29 -31
leaf_value=1.5720526691509473e-05 -0.0036209111664864181 -0.0093466637263437125 0.0005797068212219814 -0.00012184495555955245 -0.0023046647236777576 6.6572675440024214e-06 7.0151503277826602e-06 6.860039486165371e-05 -0.00018331589628001744 -0.00063801442548108158 -6.1819342095148503e-06 -6.1819342095148503e-06 0.00024756905734093783 -0.001762562954910063 -3.3944650547512724e-06 -5.6244301935348687e-06 -6.1819342095148503e-06 0.00016569553720990893 7.4351652076387617e-05 -0.0044867517399770577 0.0037051410829101795 0.0050742393385129654 0.0031095897657378302 0.0038302076834400012 -0.018041855338581693 -0.00090484357893194645 0.050873011965825034 -0.025119800278667614 -0.022953335312484169 0.00043681563651613576
leaf_weight=22 276 126 26 31 82 150 145732 370 24 589 1662 192 58 42 20 326 850 33 481 333 43 20 723 264 217 203 30 131 245 784
leaf_count=22 276 126 26 31 82 150 145732 370 24 589 1662 192 58 42 20 326 850 33 481 333 43 20 723 264 217 203 30 131 245 784
internal_value=-0.000405783 -0.0184294 -0.0211079 -0.00392791 -0.00375 9.46121e-06 3.57262e-05 0.00634191 0.0158046 -0.00453757 -0.0219523 -0.0145299 0.000421687 0.00808824 0.0047619 0.00195312 -0.022721 -0.0200736 1.27341e-05 -0.00329638 -0.00777202 3.18506e-05 -0.00184371 -0.00529586 -0.00328947 -0.00678571 -0.000195313 -0.0147351 -0.000542237 -0.00245384
internal_weight=154085 3470 2929 541 150 150615 149750 544 174 865 2779 234 415 68 42 384 2545 883 149206 857 376 148349 2617 835 684 420 1782 151 1752 1029
internal_count=154085 3470 2929 541 150 150615 149750 544 174 865 2779 234 415 68 42 384 2545 883 149206 857 376 148349 2617 835 684 420 1782 151 1752 1029
cat_boundaries=0 1 2 3 4 5 6 7 8 9
cat_threshold=18 4 4 4 16485 10308 2 1 256
is_linear=0
shrinkage=0.05


Tree=203
num_leaves=31
num_cat=3
split_feature=20 18 22 1 19 19 18 20 18 3 22 22 3 10 3 3 1 16 18 4 3 22 22 21 4 20 20 5 1 4
split_gain=463.62 51.9146 15.8181 17.7063 14.5396 6.61735 9.6982 6.75665 11.0235 13.4013 4.42548 4.57619 3.99721 3.99276 3.97257 4.64793 3.96758 5.75599 3.82992 3.77017 3.61134 3.5617 6.11183 3.25518 3.71289 3.18898 3.60692 3.07872 7.64122 13.5083
threshold=0.080481462141805085 0.057511597938124721 7.0040384257758559 0 0.48010728640447298 0.38808891076320767 0.17833765801123316 0.088479740455672265 1.0000000180025095e-35 5.5000000000000009 7.0373830709753236 6.7384244324444769 1.0000000180025095e-35 7.8393286149895065 1.0000000180025095e-35 1.5000000000000002 1 1.0000000180025095e-35 0.11082534949072302 7.5000000000000009 2.5000000000000004 7.8057882028493513 7.235312614376169 7.4094391990005262 8.5000000000000018 0.094733191358820829 0.20909111249267764 1.0000000180025095e-35 2 10.500000000000002
decision_type=8 8 10 1 10 8 10 8 10 2 10 8 2 10 2 2 1 10 10 2 2 10 10 8 2 10 10 2 1 2
left_child=1 2 3 23 -3 6 25 8 9 -7 11 -10 -8 27 -6 -16 -4 -18 -13 -12 -19 22 -17 -1 -25 -2 -27 -9 -29 -30
right_child=5 4 16 -5 14 7 12 13 10 -11 19 18 -14 -15 15 21 17 20 -20 -21 -22 -23 -24 24 -26 26 -28 28 29 -31
leaf_value=2.0941911339383835e-05 -0.0046775061519475332 -0.009521633881358977 -5.8728374990379976e-06 -5.8728374990379976e-06 -0.00010685167203528523 6.3244041668020225e-06 -0.003684290343612515 4.7589510712875429e-06 -0.0031754501805490555 -0.00017432966410679265 -7.764127292044232e-05 0.0041039188802480253 0.0021459345513434925 0.0036079404758265544 0.0001793175656503332 2.0525468315774067e-05 -5.8728374990379976e-06 -0.0022520191601185071 -1.1512379674463724e-05 6.696626071389101e-05 0.000333755138754574 1.3967416715771065e-05 -3.7067090377043702e-05 -3.2247418020159293e-06 0.00048595248326001599 -0.0018724233072715812 -0.0097011165586231244 0.00012769115221682449 -0.00046837170099349739 -0.0055781874880585841
leaf_weight=46 67 103 1704 260 32 150 20 129842 27 22 168 81 117 269 62 253 843 25 26 93 26 25 64 20 23 249 58 7535 10841 823
leaf_count=46 67 103 1704 260 32 150 20 129842 27 22 168 81 117 269 62 253 843 25 26 93 26 25 64 20 23 249 58 7535 10841 823
internal_value=-0.000461741 -0.0184882 -0.0210977 -0.0111032 -0.00422078 -4.38865e-05 -0.00572407 -2.45201e-05 0.00542328 0.0159884 0.000822785 0.00820896 0.00565693 -4.5208e-05 -0.000229358 0.00111386 -0.0224403 -0.0197427 0.0128505 -0.00296935 -0.00343137 -0.00116959 -0.00260252 0.00814607 -0.00174419 -0.00989305 -0.00773616 -5.61926e-05 -0.000647169 -0.0014489
internal_weight=153874 3486 2947 349 539 150388 511 149877 567 172 395 134 137 149310 436 404 2598 894 107 261 51 342 317 89 43 374 307 149041 19199 11664
internal_count=153874 3486 2947 349 539 150388 511 149877 567 172 395 134 137 149310 436 404 2598 894 107 261 51 342 317 89 43 374 307 149041 19199 11664
cat_boundaries=0 1 2 3
cat_threshold=4 4 2
is_linear=0
shrinkage=0.05


Tree=204
num_leaves=31
num_cat=7
split_feature=20 17 22 1 19 18 18 19 3 19 15 0 19 3 22 16 0 3 3 1 0 3 3 1 3 3 3 0 22 20
split_gain=452.438 80.1346 10.9103 13.3126 7.60554 7.6002 7.29696 18.6757 31.1239 8.81078 5.2883 5.12077 4.64655 4.58392 3.71688 3.69873 48.8775 16.6665 41.7935 40.9809 20.3756 27.7586 64.706 19.5613 19.2658 16.9076 11.7633 19.954 11.5175 10.9652
threshold=0.080481462141805085 0.69339229522435231 7.0040384257758559 0 0.38808891076320767 0.18023392803331098 1.0000000180025095e-35 0.72017818776715636 5.5000000000000009 0.73026094190808244 0.38814794195493374 1 1.9569491150699891 1.0000000180025095e-35 8.0849595621062722 0.77746277437946054 2 1.5000000000000002 2.5000000000000004 3 4 4.5000000000000009 5.5000000000000009 5 3.5000000000000004 5.5000000000000009 1.0000000180025095e-35 6 6.4218440144304676 0.85180327947010093
decision_type=8 8 10 1 8 10 8 10 2 10 8 1 10 2 8 10 1 2 2 1 1 2 2 1 2 2 2 1 8 10
left_child=1 2 3 -1 5 -2 7 8 -6 -9 -7 13 -13 -3 -11 -8 17 -17 19 -19 24 -22 23 -23 -20 -26 27 29 -24 -18
right_child=4 11 -4 -5 6 10 15 9 -10 14 -12 12 -14 -15 -16 16 26 18 20 -21 21 22 28 -25 25 -27 -28 -29 -30 -31
leaf_value=8.7155625711210494e-06 -0.0036504749652471803 -9.615033220917169e-05 -5.5791956240835997e-06 -5.5791956240835997e-06 6.0652614946199447e-06 0.0045447741265709357 -2.7429340179041529e-05 -1.4052463570202179e-05 -0.00017053828278369988 4.7537286545273897e-06 -0.0012012275443708878 -0.0043583372545056677 -0.00075313723009995392 2.5827570115777299e-05 0.00024148604503592132 -0.012568072650634133 0.0051136246973183365 0.052229181224551363 0.047294486543376472 -0.011512218585470115 -0.013921034435341118 0.062044413743911078 0.0079237796726291162 -0.0044362658104035949 -0.036751054574221675 0.031063264685581096 0.0062812198292668819 0.0082241514122592847 -0.02755021348784549 -0.041839403363506625
leaf_weight=77 386 28 2657 220 279 39 141337 188 55 606 86 44 108 330 70 603 104 348 115 162 840 281 20 88 113 93 3930 320 308 297
leaf_count=77 386 28 2657 220 279 39 141337 188 55 606 86 44 108 330 70 603 104 348 115 162 840 281 20 88 113 93 3930 320 308 297
internal_value=-0.000436639 -0.0183025 -0.0214624 -0.0123737 -2.58847e-05 -0.00611546 -5.16126e-06 0.00388147 0.0139222 0 0.0046 0 -0.00740741 0.00326087 0.00266272 -3.64194e-05 0.00103647 -0.00396679 -0.00209037 0.0105882 -0.00557051 -0.00793471 -0.000609756 0.0137534 0.00581571 -0.00315534 0.00423192 -0.00162968 -0.0167683 -0.00894161
internal_weight=154132 3464 2954 297 150668 511 150157 1198 334 864 125 510 152 358 676 148959 7622 2971 2368 510 1858 1537 697 369 321 206 4651 721 328 401
internal_count=154132 3464 2954 297 150668 511 150157 1198 334 864 125 510 152 358 676 148959 7622 2971 2368 510 1858 1537 697 369 321 206 4651 721 328 401
cat_boundaries=0 1 2 3 4 5 6 7
cat_threshold=4 306 818 1 256 1 16448
is_linear=0
shrinkage=0.05


Tree=205
num_leaves=31
num_cat=4
split_feature=20 17 22 1 17 20 16 3 20 17 8 3 0 20 3 10 12 4 1 16 3 20 22 21 3 16 17 10 0 20
split_gain=456.741 78.7651 11.8086 11.8478 6.73186 8.22423 5.82124 8.14446 5.64408 5.26301 5.18907 3.91969 5.33364 5.99457 4.17718 3.84149 4.46603 3.811 2.78749 5.36846 2.75238 2.73889 4.22137 2.68339 2.6363 2.58336 2.51288 8.53697 13.5186 8.49681
threshold=0.080481462141805085 0.69339229522435231 7.0040384257758559 0 0.38913380226273758 0.088479740455672265 0.036239343375461093 5.5000000000000009 0.14043528666188551 0.69339229522435231 4.5000000000000009 1.0000000180025095e-35 1 1.0000000180025095e-35 1.5000000000000002 7.8393286149895065 6.7029426542275887 1.5000000000000002 2 1.0000000180025095e-35 1.5000000000000002 0.22460688047104532 7.8816649884968788 7.4094391990005262 2.5000000000000004 0.13780281166581668 1.1118205962643211 1.1150072000796054 3 0.6353753563632879
decision_type=8 8 10 1 8 8 10 2 10 8 2 2 1 10 2 10 8 2 1 10 2 10 10 8 2 10 8 8 1 10
left_child=1 2 3 23 8 6 7 9 20 -6 -9 -3 14 -14 -13 26 -17 -16 -4 -20 -2 22 25 -1 -23 -10 29 28 -28 -7
right_child=4 11 18 -5 5 15 -8 10 21 -11 -12 12 13 -15 17 16 -18 -19 19 -21 -22 24 -24 -25 -26 -27 27 -29 -30 -31
leaf_value=1.8623468880252239e-05 -0.00043897649764050307 -9.670157182306017e-05 -5.3002358428810852e-06 -5.3002358428810852e-06 5.7049208837312019e-06 2.113837746926528e-05 5.3720890347092047e-05 0.0042245897063585506 0.00076595778116769764 0.00010663798441984396 -0.00015846352440715417 0.00016906030886202351 -0.0041404203917803804 -0.00071889019222712855 -2.6327708677856277e-05 -0.011954901647340144 0.004400588202470068 2.4695034756822e-05 -5.3002358428810852e-06 -2.6579786873953684e-06 -0.004246151279277452 -0.0066254551571714422 -0.0030810037220415781 -2.6637140768615009e-06 -0.0017596944652228039 0.0051433598721742696 -0.0028399542104294408 -4.6765481197530434e-06 0.0010584537874649747 -0.0043755570833542094
leaf_weight=42 35 34 1819 211 130 18948 295 21 105 87 25 41 38 111 40 39 227 228 835 32 105 54 68 40 82 55 2125 126614 1377 160
leaf_count=42 35 34 1819 211 130 18948 295 21 105 87 25 41 38 111 40 39 227 228 835 32 105 54 68 40 82 55 2125 126614 1377 160
internal_value=-0.000398479 -0.0183305 -0.0213914 -0.0118601 1.4945e-05 3.43224e-05 0.00609319 0.0115019 -0.00575397 0.015553 -0.0076087 0.000203252 0.00141921 -0.00613208 0.00509404 1.17065e-05 0.00601504 0.00298507 -0.0224311 -0.020098 -0.0142857 -0.00247253 0.000877193 0.00426829 -0.00808824 0.0053125 1.0052e-06 -7.7623e-05 -0.00251285 0.000536425
internal_weight=154023 3471 2979 293 150552 150048 558 263 504 217 46 492 458 149 309 149490 266 268 2686 867 140 364 228 82 136 160 149224 130116 3502 19108
internal_count=154023 3471 2979 293 150552 150048 558 263 504 217 46 492 458 149 309 149490 266 268 2686 867 140 364 228 82 136 160 149224 130116 3502 19108
cat_boundaries=0 1 2 3 4
cat_threshold=4 406 4 8788
is_linear=0
shrinkage=0.05


Tree=206
num_leaves=31
num_cat=1
split_feature=20 17 22 1 15 20 18 3 18 3 18 3 3 3 3 3 17 22 3 18 10 12 3 20 17 16 17 15 3 16
split_gain=459.59 72.5809 13.709 12.0413 5.8553 4.8573 9.90609 11.837 4.40776 3.95588 3.53585 11.8878 6.98125 13.9647 14.5105 19.8081 7.26395 3.28013 3.14135 10.4766 8.22359 7.65949 6.22428 23.7681 18.2338 13.5532 8.96352 14.3042 13.0033 11.5188
threshold=0.080481462141805085 0.69339229522435231 7.0040384257758559 0 0.38814794195493374 0.088479740455672265 0.057511597938124721 5.5000000000000009 0.084330355425894885 1.0000000180025095e-35 2.3512442740093462 1.0000000180025095e-35 1.5000000000000002 2.5000000000000004 3.5000000000000004 5.5000000000000009 5.1323810821198004 7.0132605467467011 4.5000000000000009 0.28685383942211856 0.71754226264466137 7.3601037706569503 3.5000000000000004 1.4508048607936559 4.2637237002328687 0.22584208785925761 5.1586667942844358 5.1508524153530333 2.5000000000000004 0.90319036485927573
decision_type=8 8 10 1 8 8 10 2 10 2 10 2 2 2 2 2 10 10 2 10 10 10 2 10 10 8 10 10 2 10
left_child=1 2 3 -1 8 6 7 17 -2 -3 18 -12 -13 -14 -15 -16 -17 -6 22 20 21 -20 26 24 25 -24 27 28 -7 -28
right_child=4 9 -4 -5 5 10 -8 -9 -10 -11 11 12 13 14 15 16 -18 -19 19 -21 -22 -23 23 -25 -26 -27 29 -29 -30 -31
leaf_value=7.8264857922089034e-06 -0.0040487995321239261 -9.1866493231906887e-05 -5.0352240507367529e-06 -5.0352240507367529e-06 4.9457295729915535e-07 -2.1264078812416322e-05 -3.0799265271747036e-06 -0.00014916309054190948 -0.0018532866202653764 2.273420771092827e-06 -0.035566598103694447 0.037580020094402512 -0.064227265460467267 0.036776178590195018 -0.056659332064076341 0.030248596986994426 -0.017201852512228478 5.4196748395463073e-06 -0.00026166701526382231 0.0012494325012711749 0.00021185457911276906 0.0078578357890003447 -1.4244776759494983e-05 -0.023110291573521249 0.00049343016484688646 -0.0025773320676296869 -0.00048399310146540753 0.0049884273109155781 0.00066485695363711634 0.0058899308726931832
leaf_weight=78 45 36 2697 221 28 42404 364 28 401 464 88 112 63 120 81 101 22 134 9455 13068 15551 102 6072 238 10363 6434 28102 643 15843 598
leaf_count=78 45 36 2697 221 28 42404 364 28 401 464 88 112 63 120 81 101 22 134 9455 13068 15551 102 6072 238 10363 6434 28102 643 15843 598
internal_value=-0.00041343 -0.0183352 -0.0212784 -0.0111204 2.99083e-06 1.99981e-05 0.00469314 0.0139474 -0.00571749 -0.0007 2.6763e-06 0.00387564 0.00686373 0.00368217 0.00787037 -0.000245098 0.0123984 0.0191358 -1.25946e-05 0.00037851 -0.000219054 -0.00137334 -0.000147475 -0.00087744 -0.000713848 -0.00199904 4.50965e-05 0.0003982 0.000316325 -0.000679443
internal_weight=153956 3496 2996 299 150460 150014 554 190 446 500 149460 587 499 387 324 204 123 162 148873 38176 25108 9557 110697 23107 22869 12506 87590 58890 58247 28700
internal_count=153956 3496 2996 299 150460 150014 554 190 446 500 149460 587 499 387 324 204 123 162 148873 38176 25108 9557 110697 23107 22869 12506 87590 58890 58247 28700
cat_boundaries=0 1
cat_threshold=4
is_linear=0
shrinkage=0.05


Tree=207
num_leaves=31
num_cat=3
split_feature=20 18 22 19 1 19 18 11 18 3 19 19 3 20 15 20 20 3 20 15 21 20 1 18 14 18 3 11 1 4
split_gain=464.427 50.3838 14.7316 13.9878 12.0944 5.74016 9.89149 5.58553 4.13508 17.5511 26.257 5.1315 4.09394 4.06094 3.93727 3.69784 3.72157 3.43673 3.35163 3.29646 5.35298 3.90817 3.28328 6.82403 3.2027 6.88493 10.7098 10.561 8.02293 8.52543
threshold=0.080481462141805085 0.057511597938124721 7.0040384257758559 0.48010728640447298 0 0.38808891076320767 0.18023392803331098 0.71754226264466137 1.0000000180025095e-35 5.5000000000000009 0.72017818776715636 0.73026094190808244 1.0000000180025095e-35 0.50470738819138727 0.38814794195493374 0.094733191358820829 0.20909111249267764 1.5000000000000002 0.11068561392174879 0.69331376394879285 7.5498722538214809 0.27220084648416021 1 1.0000000180025095e-35 1.3736354571277458 0.32317019413824022 1.5000000000000002 4.8251082842953776 2 3.5000000000000004
decision_type=8 8 10 10 1 8 10 10 8 2 10 10 2 10 8 10 10 2 10 8 10 10 1 10 10 10 2 10 1 2
left_child=1 2 4 -3 -1 6 15 22 9 10 -7 -12 -5 19 -8 -2 -17 -14 -11 20 -13 -21 -4 -24 25 -10 28 -28 -27 -30
right_child=5 3 7 12 -6 8 14 -9 24 18 11 13 17 -15 -16 16 -18 -19 -20 21 -22 -23 23 -25 -26 26 27 -29 29 -31
leaf_value=6.9572867089418015e-06 -0.003941179384300309 -0.009044756454515147 -4.7834628482013032e-06 -9.7352055767022116e-05 -4.7834628482013032e-06 5.3282537383403387e-06 0.0042972080513590943 -0.00066336927534257353 -7.0862509398139657e-07 -0.00016068418154231991 -1.597282410931711e-05 -1.3760391254918902e-05 0.00016049362238036992 -0.0012111251803900132 0.00019476434739184036 -0.0016448669074568796 -0.0088913903840590561 -6.6530214627769094e-06 -0.00021329376014498638 0.00041519182643931789 5.1235149122941249e-05 -0.00083541921767876228 -4.7834628482013032e-06 0.00019991953734958546 -0.00010247651728905183 -0.0035302346300501333 0.0014396953806717378 0.0043961912081897708 -0.0026754529745645125 0.0030482000338858842
leaf_weight=90 63 102 1686 36 253 263 40 32 42921 66 160 305 66 22 83 272 56 335 112 124 120 24 848 30 91528 1991 8706 1568 672 1536
leaf_count=90 63 102 1686 36 253 263 40 32 42921 66 160 305 66 22 83 272 56 335 112 124 120 24 848 30 91528 1991 8706 1568 672 1536
internal_value=-0.000395172 -0.0184589 -0.0210361 -0.00440631 -0.0112974 2.19077e-05 -0.00525292 -0.0223228 3.99686e-05 0.00296823 0.00550098 0.000761589 -0.000514874 0.00289916 0.00711382 -0.00914322 -0.0070122 0.000935162 -0.0115169 0.00370855 0.00147059 0.0101351 -0.0225819 -0.0201025 1.64516e-05 0.000309266 0.00125233 0.00212186 -0.000875208 0.00120018
internal_weight=154110 3478 2939 539 343 150632 514 2596 150118 1196 1018 755 437 595 123 391 328 401 178 573 425 148 2564 878 148922 57394 14473 10274 4199 2208
internal_count=154110 3478 2939 539 343 150632 514 2596 150118 1196 1018 755 437 595 123 391 328 401 178 573 425 148 2564 878 148922 57394 14473 10274 4199 2208
cat_boundaries=0 1 2 3
cat_threshold=4 4 1
is_linear=0
shrinkage=0.05


Tree=208
num_leaves=31
num_cat=5
split_feature=20 18 19 22 10 20 0 4 18 3 19 15 4 20 15 3 20 4 7 0 4 20 7 0 4 0 4 19 3 0
split_gain=454.516 61.0672 12.9287 11.9954 6.4007 5.03712 4.86603 6.97407 4.32333 16.4577 22.9937 3.76491 5.09457 4.90495 3.42428 3.39386 4.788 3.62761 3.27122 6.15039 8.13442 5.17005 4.10918 6.36244 4.72501 3.79721 3.59966 3.59062 3.22493 16.7423
threshold=0.080481462141805085 0.057511597938124721 0.48010728640447298 7.0040384257758559 0.61482027553725704 0.13465722574039304 0 3.5000000000000004 1.0000000180025095e-35 5.5000000000000009 0.72017818776715636 0.69331376394879285 2.5000000000000004 0.29404010077734721 2.2964226033534856 5.5000000000000009 0.22791741568860363 5.5000000000000009 6.5000000000000009 1 5.5000000000000009 0.49657129449542098 10.500000000000002 2 7.5000000000000009 3 1.5000000000000002 6.5107728487666625 1.0000000180025095e-35 4
decision_type=8 8 10 10 8 10 1 2 8 2 10 8 2 10 10 2 10 2 8 1 2 10 10 1 2 1 2 8 2 1
left_child=1 3 -3 -1 5 -2 7 -4 9 10 -6 12 -12 -13 -5 -7 -17 -18 28 20 25 -22 26 24 -24 -20 -21 -28 29 -10
right_child=4 2 6 14 8 15 -8 -9 18 -11 11 13 -14 -15 -16 16 17 -19 19 22 21 -23 23 -25 -26 -27 27 -29 -30 -31
leaf_value=-4.5442897057934582e-06 -0.0018414914002799294 -0.0085925186317893868 2.2081851302085954e-05 -4.5442897057934582e-06 5.061841051423599e-06 -0.0011067317510995212 6.4809761042150532e-05 -0.0003043298089817015 0.0018018692647762348 -0.00015264997246520196 -2.8783381547292654e-05 0.00032885021716009546 4.3724413628709605e-06 -0.00099732374025514607 -0.00064989088988718366 0.0063175795087909714 -0.0031118073208028564 0.0059119498523739072 0.0089170105809791341 -0.0089105989008084752 -0.016833953763981536 0.0013890093556376494 -0.013507858965254771 0.00034066021457622724 0.036287960223328718 -0.0057189332434758548 -0.0026637007748173459 0.0085654160150603897 -2.7203354170290962e-05 -7.4358137028240909e-05
leaf_weight=322 470 103 85 2570 280 1361 274 97 5514 188 99 150 481 23 27 81 98 72 118 105 473 102 34 963 75 244 329 164 125262 14019
leaf_count=322 470 103 85 2570 280 1361 274 97 5514 188 99 150 481 23 27 81 98 72 118 105 473 102 34 963 75 244 329 164 125262 14019
internal_value=-0.000445088 -0.0183151 -0.00317531 -0.0212145 -3.26797e-05 -0.00278578 0.000438596 -0.00572917 5.88738e-06 0.00296888 0.0054453 0.000896414 -0.00103448 0.00736994 -0.0223431 -0.00145782 0.00388446 -0.000882353 -1.86565e-05 -0.00177407 -0.00498944 -0.00873913 5.95238e-05 0.00191231 0.0128151 0.000828729 -0.00326087 -0.00147059 1.29493e-05 0.000610505
internal_weight=154183 3478 559 2919 150705 2082 456 182 148623 1221 1033 753 580 173 2597 1612 251 170 147402 2607 937 575 1670 1072 109 362 598 493 144795 19533
internal_count=154183 3478 559 2919 150705 2082 456 182 148623 1221 1033 753 580 173 2597 1612 251 170 147402 2607 937 575 1670 1072 109 362 598 493 144795 19533
cat_boundaries=0 1 2 3 4 5
cat_threshold=578 10820 16385 8704 25760
is_linear=0
shrinkage=0.05


Tree=209
num_leaves=31
num_cat=3
split_feature=18 19 15 18 3 19 22 1 19 8 4 4 1 19 13 17 18 19 15 22 19 3 22 4 22 15 0 19 22 3
split_gain=306.083 185.12 18.5606 14.6173 13.2974 13.3982 11.3174 12.0756 4.74015 4.13228 5.32718 5.33889 4.92273 4.03336 3.99508 9.27118 3.98877 3.98357 5.30765 3.9744 3.78465 6.56959 4.41793 3.55733 3.43823 4.24364 4.20981 2.83632 2.77664 2.66704
threshold=1.0000000180025095e-35 0.6933121904001478 0.4649631700476346 0.078442636106420174 5.5000000000000009 0.72017818776715636 7.0040384257758559 0 0.73026094190808244 5.5000000000000009 2.5000000000000004 7.5000000000000009 1 0.74385949482193026 7.8375540494105929 6.8300981318843199 0.21481919197727897 0.48010728640447298 0.38814794195493374 6.523297044386914 0.38808891076320767 4.5000000000000009 7.8680826504396242 7.5000000000000009 8.0580941262726089 0.69331376394879285 2 0.79978334585413824 7.0909115107046174 1.0000000180025095e-35
decision_type=8 10 8 10 2 10 10 1 10 2 2 2 1 10 10 8 10 10 10 8 8 2 8 2 10 8 1 10 8 2
left_child=1 6 3 23 5 9 7 -1 -7 -3 -11 -12 -13 -6 20 -16 28 -18 -19 -17 21 22 -4 -2 25 26 -10 -15 -5 -22
right_child=2 4 14 16 13 8 -8 -9 24 10 11 12 -14 27 15 19 17 18 -20 -21 29 -23 -24 -25 -26 -27 -28 -29 -30 -31
leaf_value=6.8366368587813315e-06 -0.003718483738624179 5.1458672975845946e-06 0.0010361975031912497 0.0018087942450987855 -0.00014786741124088177 -1.6325846385611964e-05 -4.3170752205057287e-06 -4.3170752205057287e-06 -2.5315577972126468e-05 3.2519287131937969e-06 -7.7238780959332242e-06 -3.981512899797757e-06 4.8087489988524195e-06 9.7275390840267939e-05 -0.014255169863338947 -0.0028574104982811432 0.0022224263870611856 -0.0078719004118068519 0.0028796311257633408 0.006709076178677287 0.00018118893732362585 0.0026983915050417698 -0.0078368765309826931 -0.013248722376746853 0.00013305262056337864 0.00026845188151365386 1.3834057802308841e-05 -0.0015200676735125597 -0.0024380262291960279 -1.4308670091703336e-05
leaf_weight=75 96 165 23 29 103 159 2380 216 170 59 30 27 33 50 42 32 89 42 73 196 19660 41 116 123 31 145 241 29 585 128904
leaf_count=75 96 165 23 29 103 159 2380 216 170 59 30 27 33 50 42 32 89 42 73 196 19660 41 116 123 31 145 241 29 585 128904
internal_value=-0.00037184 -0.0141771 -1.18293e-05 -0.00667792 0.00177134 0.00391509 -0.021593 -0.0122852 0.000268097 0.0125796 0.00654362 -0.00111111 0.0075 -0.0107143 3.45605e-05 0.00611111 -0.00360636 0.00245098 -0.00369565 0.0100877 2.35304e-05 -0.00722222 -0.0124101 -0.0181507 0.00234242 0.00143885 -0.00115572 -0.00221519 -0.00561889 3.23093e-05
internal_weight=153964 3913 150051 1037 1242 1060 2671 291 746 314 149 90 60 182 149014 270 818 204 115 228 148744 180 139 219 587 556 411 79 614 148564
internal_count=153964 3913 150051 1037 1242 1060 2671 291 746 314 149 90 60 182 149014 270 818 204 115 228 148744 180 139 219 587 556 411 79 614 148564
cat_boundaries=0 1 2 3
cat_threshold=4 2 2
is_linear=0
shrinkage=0.05


Tree=210
num_leaves=31
num_cat=4
split_feature=20 17 22 1 20 18 3 19 19 1 10 18 22 20 3 4 3 1 18 21 4 20 22 7 7 7 6 1 22 10
split_gain=453.062 65.3799 14.0486 12.8533 4.24778 12.7183 5.42954 4.04139 3.3493 13.1413 7.95956 5.81735 4.41981 3.64519 3.53945 3.95214 3.84159 3.32709 8.2091 3.19514 3.27966 3.1247 4.00391 3.28853 5.07248 3.87614 4.12549 6.04983 5.25829 4.91042
threshold=0.080481462141805085 0.69339229522435231 7.0040384257758559 0 0.088479740455672265 1.0000000180025095e-35 4.5000000000000009 3.9967576563970684 0.55067158309644137 1 5.3035536024188419 0.15264285772630756 7.4166779868012567 0.20909111249267764 5.5000000000000009 3.5000000000000004 3.5000000000000004 2 1.0000000180025095e-35 6.7458242390288694 2.5000000000000004 0.11610310860789565 7.7585760476077974 52.500000000000007 68.500000000000014 41.500000000000007 1.0000000180025095e-35 3 7.0801963078969345 0.50031594015395309
decision_type=8 8 10 1 8 8 2 10 10 1 10 10 8 10 2 2 2 1 10 10 2 10 10 10 10 10 2 1 10 10
left_child=1 2 3 -1 5 6 -2 -7 9 12 11 13 -6 21 16 -16 19 -4 -19 -14 -21 23 -23 25 -25 26 27 -11 -29 -28
right_child=4 -3 17 -5 8 7 -8 -9 -10 10 -12 -13 14 -15 15 -17 -18 18 -20 20 -22 22 -24 24 -26 -27 29 28 -30 -31
leaf_value=6.9726798094998935e-06 4.4665899224194399e-06 -8.8454249371650039e-06 -4.1012214594793315e-06 -4.1012214594793315e-06 0.0043868309770518704 -3.1527128416319887e-05 1.3911892413009942e-06 0.0058046622036862956 -1.5248990420879683e-06 -0.022432798417113032 0.033626652676794766 0.00041136438596013907 0.0087186828268613799 -0.0070855333440551505 -0.0046541208492862753 0.032414862978579276 -0.0044869317061756011 -4.1012214594793315e-06 0.00025055930449022771 0.0057130698495239107 -0.0036516795070064448 0.00095703244144229322 -0.0043856060407572676 0.015003916671394158 -0.0025288568883658769 -0.02422199910848688 -0.013730677861828799 0.00060878575351316357 -0.0023867200260036972 -0.00067070636773564627
leaf_weight=82 112 493 1793 221 91 378 36 61 146174 189 37 513 543 82 36 120 259 870 34 29 115 205 50 118 179 41 389 500 251 131
leaf_count=82 112 493 1793 221 91 378 36 61 146174 189 37 513 543 82 36 120 259 870 34 29 115 205 50 118 179 41 389 500 251 131
internal_value=-0.000441505 -0.0182436 -0.0210167 -0.0108086 -2.8711e-05 0.00421635 0.0168919 -5.69476e-05 -4.53176e-05 -0.00149562 -0.00343575 -0.00375755 0.00287091 -0.00490632 0.00199637 0.00897436 0.000845666 -0.0221635 -0.0196903 0.00280204 -0.00381944 -0.00449342 0.000686275 -0.00522803 -0.000420875 -0.00617921 -0.00575342 -0.0037766 -0.00176431 -0.00932692
internal_weight=154132 3493 3000 303 150639 587 148 439 150052 3878 2685 2648 1193 2135 1102 156 946 2697 904 687 144 2053 255 1798 297 1501 1460 940 751 520
internal_count=154132 3493 3000 303 150639 587 148 439 150052 3878 2685 2648 1193 2135 1102 156 946 2697 904 687 144 2053 255 1798 297 1501 1460 940 751 520
cat_boundaries=0 1 2 3 4
cat_threshold=4 1 4 2
is_linear=0
shrinkage=0.05


Tree=211
num_leaves=31
num_cat=7
split_feature=20 18 0 15 22 1 3 19 18 20 18 3 22 1 16 3 15 0 19 1 1 3 5 0 22 22 22 16 20 20
split_gain=452.728 60.3903 16.1152 14.4648 9.38994 8.65931 6.62284 4.70054 7.8504 5.94908 8.27506 13.1997 5.40729 4.69683 7.2682 4.63915 3.67476 3.66808 7.63907 3.66048 3.2547 2.89275 2.78332 7.88328 4.9951 4.72015 4.87834 4.99497 5.22572 5.40479
threshold=0.080481462141805085 0.057511597938124721 0 0.53815394315432463 7.0040384257758559 1 1.5000000000000002 0.38808891076320767 0.18023392803331098 0.088479740455672265 1.0000000180025095e-35 5.5000000000000009 7.0132605467467011 2 1.0000000180025095e-35 1.0000000180025095e-35 0.38814794195493374 3 2.7509030334285378 4 5 2.5000000000000004 1.0000000180025095e-35 6 8.1687616220644532 8.4512030932751578 7.5285250570586699 1.1251291805262569 0.30300648610167441 0.32052206463140087
decision_type=8 8 1 8 8 1 2 8 10 8 10 2 10 1 10 2 8 1 10 1 1 2 2 1 10 10 10 10 10 10
left_child=1 2 4 -3 5 -1 -4 8 -2 10 11 12 -9 -6 -15 -5 -10 18 -17 -19 -8 -18 -11 24 -24 26 27 28 -25 -30
right_child=7 3 6 15 13 -7 20 9 16 22 -12 -13 -14 14 -16 17 21 19 -20 -21 -22 -23 23 25 -26 -27 -28 -29 29 -31
leaf_value=7.1019206126787804e-06 -0.0028585664573304 -0.0079649565382807052 -0.0024336241971915588 -8.8904473229045605e-05 -3.8961603865073085e-06 -3.8961603865073085e-06 0.00046014982669911886 -2.8181632777402044e-07 0.0053577906976976317 2.0713013840240047e-05 3.3130088967070483e-05 -0.00011871441721445498 4.3023335311365155e-06 -3.8961603865073085e-06 0.00017833824324746674 -0.003898954420496004 -0.0043505800856930149 0.00074011867269234421 0.0016896549039790321 7.2535429776199312e-06 -0.0017877646654407943 0.0025362209099483906 -0.001212838425088303 0.00025444306676912775 0.0042904133199024534 0.0062693611660057163 -0.0009396242404494465 0.009774802140428274 -0.0038988825933476221 -0.00040539106018508967
leaf_weight=23 395 121 36 32 1708 128 52 25 40 130329 382 23 119 910 34 41 41 46 65 254 55 42 8345 6367 102 40 1800 94 294 2221
leaf_count=23 395 121 36 32 1708 128 52 25 40 130329 382 23 119 910 34 41 41 46 65 254 55 42 8345 6367 102 40 1800 94 294 2221
internal_value=-0.000388223 -0.0181526 -0.0210115 -0.00308587 -0.0218183 -0.00976821 -0.00343137 2.50566e-05 -0.00472973 4.1461e-05 0.00523679 0.014521 0.0201389 -0.0225867 -0.0197564 0.00114155 0.00630081 0.00258621 -0.00517241 0.00532258 0.00257009 0.000301205 2.23942e-05 -0.000538597 -0.00168204 0.000355625 0.000292316 0.000768717 0.000647377 -0.00128231
internal_weight=154164 3505 2946 559 2803 151 143 150659 518 150141 549 167 144 2652 944 438 123 406 106 300 107 83 149592 19263 8447 10816 10776 8976 8882 2515
internal_count=154164 3505 2946 559 2803 151 143 150659 518 150141 549 167 144 2652 944 438 123 406 106 300 107 83 149592 19263 8447 10816 10776 8976 8882 2515
cat_boundaries=0 1 2 3 4 5 6 7
cat_threshold=18 4 4 608 2 4 3305
is_linear=0
shrinkage=0.05


Tree=212
num_leaves=31
num_cat=7
split_feature=20 17 22 1 20 18 3 22 0 20 21 4 1 4 22 7 0 22 4 4 14 15 4 0 0 21 18 1 20 13
split_gain=471.555 70.3812 10.7951 12.2466 6.35534 7.82637 9.60535 6.65743 4.22499 4.57755 4.08411 4.55285 4.03538 4.22307 3.56886 3.50839 4.7909 5.74916 3.88388 3.18589 2.94272 5.55872 5.20532 24.4575 21.7326 14.6113 11.1979 6.87831 10.4294 10.2357
threshold=0.080481462141805085 0.69339229522435231 7.0040384257758559 0 0.088479740455672265 1.0000000180025095e-35 5.5000000000000009 7.0132605467467011 1 1.0000000180025095e-35 7.4094391990005262 8.5000000000000018 2 1.5000000000000002 7.0909115107046174 25.500000000000004 3 7.6656696169533811 11.500000000000002 7.5000000000000009 1.3736354571277458 1.6837557402874641 7.5000000000000009 4 5 8.2304437952050211 0.41160752451822674 6 0.26751128348896908 7.6349656543086821
decision_type=8 8 10 1 8 10 2 10 1 10 8 2 1 2 10 8 1 10 2 2 10 8 2 1 1 10 8 1 10 10
left_child=1 2 3 10 5 6 7 -2 12 -10 -1 -12 -3 -14 -7 20 18 -18 -17 -16 -6 -22 23 25 26 27 -24 28 -23 -30
right_child=4 8 -4 -5 15 14 -8 -9 9 -11 11 -13 13 -15 19 16 17 -19 -20 -21 21 22 24 -25 -26 -27 -28 -29 29 -31
leaf_value=1.6134759432417934e-05 -4.2149554544401726e-07 0.00068115278911744519 -3.7013523671802774e-06 -3.7013523671802774e-06 3.3076115318880774e-05 0.0018191097567464177 -0.0001127786963537325 4.0872168545813551e-06 -0.0037040066994712077 -0.0014558482122974837 -1.0095475359289675e-05 0.00043714233536416017 -3.5897635321585629e-05 6.8908658287403226e-06 -0.00013123123891302518 -0.0045860499430324664 -0.0017722101381201895 0.046079753306094373 0.020194200611072601 6.184239623277521e-05 -0.0012598212852665937 0.00054318437800437991 -0.0013605064734541817 -0.00038904420120475794 0.00040329395703639917 -0.0064449535948737152 -0.0074273538679419555 -0.00053050898256573609 0.0050358490485259205 -0.0054442857403992576
leaf_weight=45 31 46 2699 223 58092 167 25 127 43 130 20 21 42 227 150 469 177 40 38 98 4531 1152 1602 47367 33374 179 531 585 1855 59
leaf_count=45 31 46 2699 223 58092 167 25 127 43 130 20 21 42 227 150 469 177 40 38 98 4531 1152 1602 47367 33374 179 531 585 1855 59
internal_value=-0.000381621 -0.0185355 -0.021393 -0.0125405 3.96617e-05 0.00518395 0.0137978 0.0183544 -0.000922131 -0.00696721 0.00348837 -0.00792683 0.00253846 0.00027881 0.00138554 1.91602e-05 -0.00345304 0.0027533 -0.00604449 -0.00241935 3.59948e-05 -0.000141119 -5.19007e-05 -0.000374534 0.000413299 0.00346354 -0.00446804 0.0041564 0.00510437 0.00736677
internal_weight=154145 3496 3008 309 150649 598 183 158 488 173 86 41 315 269 415 150051 724 217 507 248 149327 91235 86704 51197 35507 3830 2133 3651 3066 1914
internal_count=154145 3496 3008 309 150649 598 183 158 488 173 86 41 315 269 415 150051 724 217 507 248 149327 91235 86704 51197 35507 3830 2133 3651 3066 1914
cat_boundaries=0 1 2 3 4 5 6 7
cat_threshold=4 402 2 10590 528 512 2
is_linear=0
shrinkage=0.05


Tree=213
num_leaves=31
num_cat=2
split_feature=18 19 19 18 22 3 19 4 3 22 19 21 15 19 18 13 14 16 14 13 19 4 22 18 4 0 0 19 18 18
split_gain=296.715 179.021 18.9332 18.9893 13.5212 13.1791 11.4848 6.70503 6.36793 7.2261 6.36489 5.68758 4.19761 3.71959 3.56491 3.22726 6.35304 3.8879 3.65683 4.205 3.07769 3.33274 3.04598 3.02663 2.85019 21.3853 17.2231 16.5046 16.6616 16.3304
threshold=1.0000000180025095e-35 0.6933121904001478 0.48010728640447298 0.11719760132016778 7.0040384257758559 5.5000000000000009 0.72017818776715636 4.5000000000000009 4.5000000000000009 7.3800264821152384 0.74385949482193026 6.8548816504324757 0.38814794195493374 0.74385949482193026 0.069782215410209458 7.8375540494105929 7.7257710520853591 0.30411669748041925 7.8448280703951392 5.5170511286648667 7.3054669062755471 2.5000000000000004 6.510786720607503 0.20587379110143214 7.5000000000000009 0 1 2.0032329468683323 0.17756196154094675 0.44274298323503875
decision_type=8 10 8 10 10 2 10 2 2 8 10 10 8 10 10 10 8 10 10 8 10 2 8 10 2 1 1 10 8 8
left_child=1 4 3 8 7 6 -3 -1 14 -10 -8 -9 -4 -7 -2 18 17 -17 24 -20 -21 -22 -18 -5 26 29 27 -14 -29 -26
right_child=2 5 12 23 -6 13 10 11 9 -11 -12 -13 15 -15 -16 16 22 -19 19 20 21 -23 -24 -25 25 -27 -28 28 -30 -31
leaf_value=-3.516284748822374e-06 -0.011887924735372505 3.2713068121636993e-06 -0.0058171255676772674 -0.0013038556970617844 -3.516284748822374e-06 -0.00014308725218469266 -1.8473730674828382e-05 -3.4543542179743536e-06 -0.0063275429354452189 0.00052933110478957379 2.9929031170250477e-05 4.9843370231117406e-06 -0.00027138140050645413 -2.3556257729828723e-05 -0.0033892569339951301 0.0033648789401484972 -0.0022880971094288993 -0.0044545050351504139 0.0038005730935273489 -0.0092147791778151474 0.010703413862817524 -0.0057423351735380827 0.010363276776465025 0.0013495897576552369 -0.00088971909446231576 0.00017746452430187354 -0.00014235230204066862 0.00017398453877268683 0.0031864904172408505 -0.008597002426289092
leaf_weight=188 184 321 65 370 2348 93 231 75 69 102 518 33 4631 78 237 67 20 82 20 64 28 88 118 229 2946 57760 75514 3040 3638 855
leaf_count=188 184 321 65 370 2348 93 231 75 69 102 518 33 4631 78 237 67 20 82 20 64 28 88 118 229 2946 57760 75514 3040 3638 855
internal_value=-0.000392177 -0.0140347 -3.91335e-05 -0.00631822 -0.021388 0.00163175 0.00369159 -0.0113176 -0.0126689 -0.00453216 0.000300401 -0.00138889 1.10786e-05 -0.0112573 -0.0159739 1.66251e-05 0.00531359 -0.00184564 6.39369e-06 -0.00675 -0.00916667 -0.00431034 0.0130435 -4.17362e-05 1.55003e-05 0.000275743 -0.000169022 0.00164988 0.00324199 -0.00335214
internal_weight=154012 3885 150127 1191 2644 1241 1070 296 592 171 749 108 148936 171 421 148871 287 149 148584 200 180 116 138 599 148384 61561 86823 11309 6678 3801
internal_count=154012 3885 150127 1191 2644 1241 1070 296 592 171 749 108 148936 171 421 148871 287 149 148584 200 180 116 138 599 148384 61561 86823 11309 6678 3801
cat_boundaries=0 1 2
cat_threshold=512 516
is_linear=0
shrinkage=0.05


Tree=214
num_leaves=31
num_cat=5
split_feature=20 17 22 1 0 20 18 21 19 22 4 0 14 20 16 1 17 22 21 19 17 19 19 17 16 18 0 20 14 20
split_gain=472.007 79.9572 11.4738 11.4532 5.32973 4.77443 8.81937 4.58026 3.99878 3.60298 3.56283 7.97033 8.95123 7.21135 5.45877 5.4309 4.78412 4.62857 4.93147 4.20791 3.9244 7.8324 4.30361 6.58941 6.34194 3.75034 9.16061 4.20322 5.31659 3.80687
threshold=0.080481462141805085 0.69339229522435231 7.0040384257758559 0 1 0.088479740455672265 1.0000000180025095e-35 7.4094391990005262 1.9569491150699891 7.0719367112543932 1.5000000000000002 2 7.1430644990875054 0.15611733382794102 0.22441605014861396 3 6.403170498803628 7.627288271776246 7.0913259685875696 1.1410870478669595 1.9763025419693736 1.4482443527867719 3.3082135153943253 3.5548426433649221 0.609160287175319 0.42263741371633773 4 0.23674799394557347 1.3986406674150766 0.21095475912120176
decision_type=8 8 10 1 1 8 8 8 10 10 2 1 8 8 8 1 10 10 8 10 8 10 10 8 10 10 1 8 8 10
left_child=1 2 3 7 8 6 9 -1 -3 -2 11 12 20 17 15 -14 25 18 19 -13 21 -7 24 -24 -22 27 -27 28 29 -15
right_child=5 4 -4 -5 -6 10 -8 -9 -10 -11 -12 13 14 16 -16 -17 -18 -19 -20 -21 22 -23 23 -25 -26 26 -28 -29 -30 -31
leaf_value=1.6939585490149955e-05 -5.6398610878138908e-07 -0.0040452841651211378 -3.3404705113815328e-06 -3.3404705113815328e-06 1.3663937639335489e-05 0.0017790801031851823 1.6098616128956689e-05 -3.1830414313316349e-06 -0.00053390591317481473 3.6602175664035567e-06 -6.1290426956600585e-06 0.00013928265803618835 -0.0012701817851414445 9.7045938695844447e-05 0.0043717291383657984 0.0017531519101376515 0.026628368400371062 5.7049794491087491e-05 -0.00065288645809757082 -0.0023839710756591529 0.0055055618219422182 -0.0066492813026517552 -0.0058579139722112821 0.00043139714439122123 -0.015197342128466596 0.009925138706200199 -3.467809118321563e-05 -0.0011783382434853219 -0.00042566007623936477 0.0031191219526711337
leaf_weight=40 26 43 2737 219 372 127 459 36 57 124 137238 39 378 354 1332 797 23 135 312 111 323 75 124 3586 38 255 812 2287 1061 253
leaf_count=40 26 43 2737 219 372 127 459 36 57 124 137238 39 378 354 1332 797 23 135 312 111 323 75 124 3586 38 255 812 2287 1061 253
internal_value=-0.000366612 -0.0185074 -0.0214875 -0.0121186 0.000635593 5.63989e-05 0.00447455 0.00460526 -0.00909091 0.015 3.84204e-05 0.0008493 0.00200295 -0.000539632 0.00437774 0.00189362 7.4331e-05 -0.00573702 -0.00811688 -0.000666667 0.000614322 -0.00618812 0.000951855 0.000444744 0.00616343 -2.98686e-05 0.00260075 -0.00073957 0.00116906 0.00490115
internal_weight=153773 3504 3032 295 472 150269 609 76 100 150 149660 12422 6780 5642 2507 1175 5045 597 462 150 4273 202 4071 3710 361 5022 1067 3955 1668 607
internal_count=153773 3504 3032 295 472 150269 609 76 100 150 149660 12422 6780 5642 2507 1175 5045 597 462 150 4273 202 4071 3710 361 5022 1067 3955 1668 607
cat_boundaries=0 1 2 3 4 5
cat_threshold=4 2628 56897 4 8340
is_linear=0
shrinkage=0.05


Tree=215
num_leaves=31
num_cat=6
split_feature=20 17 22 1 0 5 0 4 1 17 16 4 20 17 4 20 0 0 22 15 17 22 22 16 18 15 16 22 18 22
split_gain=463.363 73.7887 11.1396 12.2296 6.46324 4.71428 6.32489 8.21084 6.33011 5.26736 5.1287 4.48475 7.94925 9.74157 9.36696 9.32128 8.69248 7.92637 7.31058 6.91699 6.82811 6.7155 6.62027 6.36179 5.61058 5.56802 5.13237 4.99912 4.62209 4.54858
threshold=0.080481462141805085 0.69339229522435231 7.0040384257758559 0 1 1.0000000180025095e-35 2 10.500000000000002 3 1.2616272090659659 0.18939803686418208 3.5000000000000004 0.25665321637590394 2.9902518389616599 9.5000000000000018 0.26410026371514633 4 5 7.1244704248337216 2.1163531239018316 4.2243227423102345 8.0295786574466756 7.0970250276219593 0.19627908461808638 0.3187203021615625 2.8079173188001696 0.19508951139049388 7.3373343993445381 0.60129399003526218 6.4888765563634871
decision_type=8 8 10 1 1 2 1 2 1 8 8 2 10 8 2 10 1 1 8 10 8 10 8 10 10 8 8 8 10 8
left_child=1 2 3 -1 -3 -2 -7 9 10 -8 -9 18 13 22 16 -16 25 21 19 -11 26 -17 -13 -24 -18 -14 -19 -25 -21 -15
right_child=5 4 -4 -5 -6 6 7 8 -10 11 -12 12 14 29 15 17 24 20 -20 28 -22 -23 23 27 -26 -27 -28 -29 -30 -31
leaf_value=4.8438904847625254e-06 2.117365480818756e-05 -0.0022953356488056966 -3.1734469858102358e-06 -3.1734469858102358e-06 1.1523399585705586e-05 3.4914545453113013e-05 0.0026296352394286184 0.0041027316928811345 -0.0093138060962993825 -0.0086126510358798102 -0.003570204124310106 -0.0013385626979992684 0.0039053369021480101 -0.0057622489417504591 0.0084039302805408393 -0.0061850126634589225 0.0014549835583913097 0.0025908072146857753 -0.0049187168120368389 -0.00069055487406601836 0.0067600849153913959 0.0050910101881521015 0.0046048458609374348 0.0020121071065418161 0.005320516587207203 -0.0039193911333220924 -0.0052007190777376699 -0.00811803036833505 0.0054479279995755751 -0.0017163993234885488
leaf_weight=74 131141 105 2678 218 394 9007 217 105 434 96 205 164 114 187 49 687 696 50 1492 2146 167 37 253 50 822 552 184 37 174 1514
leaf_count=74 131141 105 2678 218 394 9007 217 105 434 96 205 164 114 187 49 687 696 50 1492 2146 167 37 253 50 822 552 184 37 174 1514
internal_value=-0.000375043 -0.0184419 -0.021431 -0.0121575 -0.000651303 4.11741e-05 -0.000685478 -0.0015227 -0.00658602 -0.00113543 -0.00112903 -0.0013119 -0.000399964 -0.00273243 0.00113163 -0.00247019 0.00306777 -0.0034 -0.00261003 -0.000910596 0.00225061 -0.00647139 0.00337302 0.00735294 0.00513743 -0.00170118 -0.00320513 -0.00431034 -0.000366379 -0.00454145
internal_weight=154049 3469 2970 292 499 150580 19439 10432 744 9688 310 9471 5563 2205 3358 1174 2184 1125 3908 2416 401 724 504 340 1518 666 234 87 2320 1701
internal_count=154049 3469 2970 292 499 150580 19439 10432 744 9688 310 9471 5563 2205 3358 1174 2184 1125 3908 2416 401 724 504 340 1518 666 234 87 2320 1701
cat_boundaries=0 1 2 3 4 5 6
cat_threshold=4 2628 53526 2 1120 649
is_linear=0
shrinkage=0.05


Tree=216
num_leaves=31
num_cat=6
split_feature=20 18 0 19 22 1 3 3 1 20 18 3 1 16 0 19 4 18 22 18 22 22 1 11 3 4 16 14 22 10
split_gain=444.014 54.1651 14.3188 13.2793 8.59986 7.5962 6.70546 5.44867 5.36805 5.31511 9.79829 12.1377 4.74164 8.73994 4.52934 8.94417 2.77359 3.29796 2.69269 2.85552 2.55102 2.42401 2.33333 2.31137 4.59326 3.96078 3.5989 3.11911 4.0125 3.16421
threshold=0.080481462141805085 0.057511597938124721 0 0.48010728640447298 7.0040384257758559 1 1.5000000000000002 1.0000000180025095e-35 2 0.088479740455672265 0.057511597938124721 5.5000000000000009 3 1.0000000180025095e-35 4 2.7933205669847365 1.5000000000000002 0.078442636106420174 7.0419578396499327 0.097701368123677759 6.921919753593512 7.062844356261694 5 0.66750053336617021 4.5000000000000009 5.5000000000000009 0.046145997888446519 1.3736354571277458 7.5380220547328411 1.1150072000796054
decision_type=8 8 1 10 8 1 2 2 1 8 8 2 1 10 1 10 2 8 10 8 8 10 1 8 2 2 10 8 10 10
left_child=1 2 4 -3 5 -1 -4 -5 -8 10 11 21 -6 -14 15 -9 -16 -18 19 -12 -21 -2 -19 24 26 -26 -11 28 -25 -30
right_child=9 3 6 7 12 -7 8 14 -10 23 18 -13 13 -15 16 -17 17 22 -20 20 -22 -23 -24 27 25 -27 -28 -29 29 -31
leaf_value=3.6459463732096966e-06 2.1115685799932836e-06 -0.0070321355169064015 -0.0021738530936173148 -0.00010160445406679486 -3.0147746365172257e-06 -3.0147746365172257e-06 0.00041537489385418125 -0.0022568060708673676 -0.001929254327031188 -0.0057788883633803165 0.0034709644584922207 -0.0001014905174423375 -3.0147746365172257e-06 0.00022191214637992673 -4.4612665510090915e-06 0.001774817736066292 -0.0047713250459127336 0.00067363777925677493 -3.1032502355984871e-05 -0.00031934087692904179 0.0055037274193336927 2.4904933558722587e-06 2.6747507553365191e-05 5.8316550458448194e-05 -0.0012384537655141916 0.0021724373119061126 -0.0010935462515696381 -2.322763832656172e-05 -6.804704787665706e-05 0.002488645034300341
leaf_weight=25 24 97 38 43 1665 131 50 49 55 84 83 23 914 35 51 60 50 24 274 24 44 116 168 13601 277 382 1531 131445 2261 400
leaf_count=25 24 97 38 43 1665 131 50 49 55 84 83 23 914 35 51 60 50 24 274 24 44 116 168 13601 277 382 1531 131445 2261 400
internal_value=-0.000389225 -0.0181114 -0.0208119 -0.00359779 -0.0215827 -0.0102564 -0.00408497 5.61798e-05 0.00214286 1.74339e-05 0.0047619 0.015184 -0.0223412 -0.0195205 0.00186567 -0.00651261 0.005033 0.00743802 0.000764706 0.00612583 -0.00147059 0.0207143 0.0104167 -1.16681e-06 -0.00158311 0.00193475 -0.00301858 2.31878e-05 0.000676424 -0.00109921
internal_weight=154024 3455 2913 542 2770 156 143 445 105 150569 588 163 2614 949 402 109 293 242 425 151 68 140 192 149981 2274 659 1615 147707 16262 2661
internal_count=154024 3455 2913 542 2770 156 143 445 105 150569 588 163 2614 949 402 109 293 242 425 151 68 140 192 149981 2274 659 1615 147707 16262 2661
cat_boundaries=0 1 2 3 4 5 6
cat_threshold=18 4 4 4 608 2
is_linear=0
shrinkage=0.05


Tree=217
num_leaves=31
num_cat=4
split_feature=18 19 17 18 22 1 3 22 19 12 4 4 22 19 21 0 17 21 17 3 1 4 15 15 12 22 19 21 3 0
split_gain=327.472 161.209 17.6314 16.8237 13.0407 11.1302 10.9808 5.94467 6.13832 5.45911 6.59422 5.06604 3.99296 3.84516 3.46035 6.06358 4.73152 4.82115 3.51965 3.37325 3.26159 3.22542 3.88198 3.07087 2.97143 2.92221 3.42995 3.07868 2.87904 17.0085
threshold=1.0000000180025095e-35 0.6933121904001478 0.4751718843447002 0.10461776324952192 7.0012227630028159 0 5.5000000000000009 7.5285250570586699 0.71228376276357264 0.71754226264466137 5.5000000000000009 4.5000000000000009 7.1937844982362149 0.74385949482193026 8.5570866396637921 1 6.5337623634021114 8.7444801799369358 3.4128897427431863 4.5000000000000009 2 1.5000000000000002 0.4649631700476346 3.4357975075743235 4.3888779169685508 7.9289399050493179 0.72017818776715636 8.1185039577312086 1.0000000180025095e-35 3
decision_type=8 10 8 10 10 1 2 8 10 8 2 2 10 10 10 1 10 10 8 2 1 2 10 8 8 8 10 8 2 1
left_child=1 4 3 11 5 -1 7 8 -3 -10 -11 21 -13 -8 28 16 17 24 -17 -14 -5 -2 -23 -20 -16 26 -9 -27 29 -4
right_child=2 6 14 20 -6 -7 13 25 9 10 -12 12 19 -15 15 18 -18 -19 23 -21 -22 22 -24 -25 -26 27 -28 -29 -30 -31
leaf_value=1.4232364580835101e-05 -0.0038005502632167663 1.1355791686928907e-06 -0.012710787755731676 0.0073308437579879806 -2.8640359046927525e-06 -2.8640359046927525e-06 -0.00013935289405132557 2.3788649914369131e-06 -6.1109660602631788e-06 5.2769968490412605e-05 -4.4180570406893164e-06 -0.011990828649823537 -0.0059032673503628778 -3.0407735882570509e-05 0.00089378287595839325 -0.0068913605849558303 0.014365967318654006 0.0018332762099720235 0.0056878888369561904 -0.0014107033184425966 -0.0011468577141474396 0.0035433878850998288 -0.0028993159791042278 -0.0025862592181473357 -0.014567660020164786 -6.4927193896946462e-06 4.6418449778073972e-05 4.4002589653935335e-05 -3.6296102221777815e-05 0.00028695171736997649
leaf_weight=70 24 99 830 62 2378 218 101 41 378 118 131 153 148 79 26 127 22 185 20 73 616 40 27 426 65 62 133 74 128719 19021
leaf_count=70 24 99 830 62 2378 218 101 41 378 118 131 153 148 79 26 127 22 185 20 73 616 40 27 426 65 62 133 74 128719 19021
internal_value=-0.000460619 -0.0147991 -9.09791e-05 -0.00627734 -0.0216804 -0.0116319 0.000287829 0.00226834 -0.000206612 -0.00203349 0.00371486 -0.0136022 -0.0161765 -0.0111111 -4.36627e-05 -0.00318599 0.0025974 0.000905797 -0.00613208 -0.0118778 -0.00125369 -0.00302198 0.00261194 -0.00414798 -0.00851648 0.00806452 0.0123563 0.00257353 -2.52406e-05 0.000535238
internal_weight=154466 3882 150584 1143 2666 288 1216 1036 726 627 249 465 374 180 149441 871 298 276 573 221 678 91 67 446 91 310 174 136 148570 19851
internal_count=154466 3882 150584 1143 2666 288 1216 1036 726 627 249 465 374 180 149441 871 298 276 573 221 678 91 67 446 91 310 174 136 148570 19851
cat_boundaries=0 1 2 3 4
cat_threshold=4 1125 1 320
is_linear=0
shrinkage=0.05


Tree=218
num_leaves=31
num_cat=8
split_feature=20 17 22 1 0 19 21 18 20 18 17 10 22 20 0 1 0 10 17 6 1 8 4 11 4 16 11 1 0 11
split_gain=442.808 78.7259 11.7583 10.1891 6.1366 5.46421 4.45988 2.79533 2.79695 10.9194 4.04321 4.14486 3.52978 3.47165 13.0605 16.2552 8.35934 6.64184 6.84531 6.07132 9.91819 5.36672 4.5592 5.24528 4.36131 4.02938 6.1193 7.64797 6.6238 4.13781
threshold=0.080481462141805085 0.69339229522435231 7.0040384257758559 0 1 2.7509030334285378 7.4094391990005262 2.3512442740093462 0.088479740455672265 0.057511597938124721 4.0328120579544606 3.435597511835168 7.0174839642714515 0.13164897187499633 2 3 4 2.947063657109513 2.9902518389616599 1.0000000180025095e-35 5 3.5000000000000004 1.5000000000000002 3.9899091162083553 9.5000000000000018 0.11760320369796297 5.4897634901759238 6 7 3.2208718355029702
decision_type=8 8 10 1 1 10 8 10 8 10 10 8 10 10 1 1 1 8 8 2 1 2 2 10 2 10 8 1 1 8
left_child=1 2 3 6 -3 -6 -1 8 9 12 11 -11 -2 14 15 24 17 18 -16 20 -17 -22 -19 -24 -10 26 -18 28 -28 -27
right_child=7 4 -4 -5 5 -7 -8 -9 13 10 -12 -13 -14 -15 16 19 25 22 -20 -21 21 -23 23 -25 -26 29 27 -29 -30 -31
leaf_value=1.352074635179168e-05 -1.756826931181843e-06 1.3892059839681892e-05 -2.7208341094597799e-06 -2.7208341094597799e-06 -0.0026929736967528876 -0.0011346587809495158 -4.646507026540015e-06 0.0085541513156374826 0.0084602889711348668 4.1333864138126678e-06 0.0052391544228421521 -0.0014754712389407399 2.1750560303124278e-06 9.348373641268615e-06 -0.00044895682058101463 -0.018638841509061255 -8.0754839211322213e-05 0.0067902876463662668 -0.0069057140511895156 -0.027141578640932387 0.038786415311968504 -0.0051983509913203557 0.0020947949946590327 -0.0014727525352600469 -0.040799221823747983 5.338258528601592e-05 -0.04393765464300934 0.00014939809180067321 -2.8294011536561526e-06 -0.00014203243156368507
leaf_weight=45 39 340 2665 212 45 104 36 546 176 257 45 104 163 141628 312 140 1877 130 58 182 71 21 1397 360 21 709 233 1245 330 506
leaf_count=45 39 340 2665 212 45 104 36 546 176 257 45 104 163 141628 312 140 1877 130 58 182 71 21 1397 360 21 709 233 1245 330 506
internal_value=-0.000405365 -0.0181245 -0.0211968 -0.0116894 0.000460123 -0.0077044 0.00339506 3.32116e-07 -1.26663e-05 0.00337171 -0.00135468 -0.00311634 0.0128713 -2.64398e-05 -0.00105561 -0.00801127 -0.000449979 0.0020622 -0.00405405 -0.0137681 -0.00840517 0.00434783 0.00327239 0.00260387 0.0036802 -0.00160896 -0.00243555 -0.000359513 -0.00519538 0.000884774
internal_weight=153997 3447 2958 293 489 149 81 150550 150004 608 406 361 202 149396 7768 611 7157 2257 370 414 232 92 1887 1757 197 4900 3685 1808 563 1215
internal_count=153997 3447 2958 293 489 149 81 150550 150004 608 406 361 202 149396 7768 611 7157 2257 370 414 232 92 1887 1757 197 4900 3685 1808 563 1215
cat_boundaries=0 1 2 3 4 5 6 7 8
cat_threshold=4 406 2112 1 54433 2 4 772
is_linear=0
shrinkage=0.05


Tree=219
num_leaves=31
num_cat=2
split_feature=18 19 19 18 3 22 1 18 19 0 6 22 13 16 3 3 18 3 3 3 3 3 18 8 22 4 13 19 19 10
split_gain=327.285 166.869 14.0143 21.9433 13.2728 12.4389 13.4523 4.51213 4.31002 4.29229 8.58419 4.26262 3.91883 3.75514 3.65862 3.04242 2.99001 11.4654 9.49042 29.6722 12.2515 19.1355 3.50355 3.00392 9.86135 7.15223 11.5667 6.51661 6.13478 7.79616
threshold=1.0000000180025095e-35 0.6933121904001478 0.48010728640447298 0.10112513943210157 5.5000000000000009 7.0012227630028159 0 0.20318389976382753 0.74385949482193026 1 1.0000000180025095e-35 7.2310138476206127 0.71754226264466137 0.081908801177937376 4.5000000000000009 1.5000000000000002 1.9813939450859666 1.0000000180025095e-35 3.5000000000000004 5.5000000000000009 2.5000000000000004 1.5000000000000002 2.3512442740093462 6.5000000000000009 8.2946502110986433 9.5000000000000018 4.3888779169685508 0.94844081835937732 6.7705651253726717 4.3999891466276564
decision_type=8 10 8 8 2 10 1 10 10 1 2 8 8 10 2 2 10 2 2 2 2 2 10 2 10 2 10 10 10 10
left_child=1 5 3 11 9 6 -1 -5 -6 15 12 13 -11 -2 -13 -3 23 -18 20 -20 21 -19 -23 -4 25 28 27 -27 29 -25
right_child=2 4 16 7 8 -7 -8 -9 -10 10 -12 14 -14 -15 -16 -17 17 18 19 -21 -22 22 -24 24 -26 26 -28 -29 -30 -31
leaf_value=1.3418205143081453e-05 -0.0081642242528287279 1.7583750740146621e-05 -2.089386968968654e-05 -0.0014969015560566123 -0.00012990432767385763 -2.5847924039867911e-06 -2.5847924039867911e-06 0.0016204863000848198 -2.7240804991285341e-05 -1.9374091883017642e-07 -8.6519962425091194e-06 -0.0054058083029601941 5.6215055770203474e-05 -0.0015864619833429738 -0.0013400321108149927 1.6000766706325553e-06 -0.021208309507741465 0.029504615246321687 -0.044236367927097758 0.021873290992870321 0.032424355430578422 -0.04240540439530549 -0.059837281967542968 0.00036041362432461812 -0.003266805795930328 0.00079509294405849258 -0.0075939425780102709 -0.00097000051078193763 -0.0038388862178609486 0.0027250164209026151
leaf_weight=72 148 162 132527 558 102 2413 220 235 80 211 191 157 191 29 65 293 163 219 172 217 228 59 67 10342 360 756 127 2516 154 994
leaf_count=72 148 162 132527 558 102 2413 220 235 80 211 191 157 191 29 65 293 163 219 172 217 228 59 67 10342 360 756 127 2516 154 994
internal_value=-0.000384346 -0.0146188 -1.11597e-05 -0.00541107 0.000650407 -0.0215619 -0.0118151 -0.000598991 -0.0118132 0.00281489 -4.14594e-05 -0.0149749 0.00410448 -0.0207627 -0.0103604 0.00639785 3.20683e-05 0.0026 0.00467775 -0.00134961 0.00876963 0.00282609 -0.0126984 1.25189e-05 0.000677094 0.000874807 -0.00114004 -0.000565403 0.00147084 0.0016055
internal_weight=154028 3935 150093 1192 1230 2705 292 793 182 1048 593 399 402 177 222 455 148901 1125 962 389 573 345 126 147776 15249 14889 3399 3272 11490 11336
internal_count=154028 3935 150093 1192 1230 2705 292 793 182 1048 593 399 402 177 222 455 148901 1125 962 389 573 345 126 147776 15249 14889 3399 3272 11490 11336
cat_boundaries=0 1 2
cat_threshold=4 528
is_linear=0
shrinkage=0.05


Tree=220
num_leaves=31
num_cat=3
split_feature=20 17 22 3 22 10 4 19 16 17 21 0 16 20 20 22 10 19 19 21 16 4 10 11 2 0 3 3 0 17
split_gain=448.792 70.1893 11.0016 4.46837 3.95091 3.82218 3.79228 4.30906 4.29137 4.37288 3.52137 8.48965 8.25928 6.79656 6.20634 5.95998 5.85656 18.2347 9.05605 7.88751 4.77494 4.7426 4.71996 4.76529 5.35835 4.68039 11.4067 13.2672 32.9129 18.7081
threshold=0.080481462141805085 0.69339229522435231 7.0012227630028159 1.0000000180025095e-35 7.7904024185632919 7.5227516492373985 2.5000000000000004 7.3480325377870965 0.26183778483823189 6.9723070523888682 7.3786959203125102 0 0.53647624583751596 0.24569047804164115 0.19968684491124702 7.6915453848820405 5.2449164507317256 5.6658976716624254 5.1642743374250069 7.6016521472294505 0.38317665784393934 10.500000000000002 7.0312993674396251 5.8808122380136565 2.5000000000000004 1 4.5000000000000009 3.5000000000000004 2 2.9902518389616599
decision_type=8 8 10 2 10 10 2 8 8 8 10 1 10 10 8 10 10 10 10 10 10 2 10 8 2 1 2 2 1 8
left_child=1 2 -1 -3 -5 10 7 -7 -8 -10 25 13 14 15 21 20 18 -18 -16 -19 -12 -13 23 24 -15 -2 27 -27 29 -29
right_child=5 3 -4 4 -6 6 8 -9 9 -11 11 12 -14 22 16 -17 17 19 -20 -21 -22 -23 -24 -25 -26 26 -28 28 -30 -31
leaf_value=-2.4555527837866189e-06 4.3489692669013147e-05 -0.00011052172673944871 -2.4555527837866189e-06 -2.3588898579174344e-06 7.5092838590262734e-05 0.00030304918029422367 -0.0013509665496281411 0.0038574461259753613 -0.005580061629140709 0.0037422838062201261 -2.4583856112991854e-05 -1.4114132085490949e-05 -0.0076788595939037202 0.00027837910158935443 -0.00072757363798398034 -0.0012702919233537502 0.0068397007905310449 0.0023441979732548913 -0.0043541395167972846 -0.003470975343814864 0.0094344345869183509 0.00014678768508898378 0.0021484702745709684 -0.0004155694112163655 0.0027687226417525191 -0.00015080529855187043 0.00056737197719280985 0.00067494665306069292 -0.00011410530057562874 -0.0062206190602817736
leaf_weight=304 49960 41 2670 408 36 184 456 233 80 355 3658 2465 287 3772 5123 3214 182 159 152 382 23 725 1177 5336 1814 43458 17123 707 6923 2801
leaf_count=304 49960 41 2670 408 36 184 456 233 80 355 3658 2465 287 3772 5123 3214 182 159 152 382 23 725 1177 5336 1814 43458 17123 707 6923 2801
internal_value=-0.000500298 -0.0183073 -0.0211836 -0.000670103 0.000788288 -9.17087e-05 0.00259939 0.00653477 0.000757576 0.00431034 -0.000115263 -0.000615582 -0.00183711 -5.26205e-06 -0.00157815 -0.00125816 -0.00252584 0.00169433 -0.00310427 -0.00291128 0.000115458 0.000203762 0.000708736 0.000384545 0.0014053 2.47991e-06 -0.000258371 -0.000615617 -0.00221695 -0.00615406
internal_weight=154208 3459 2974 485 444 150749 1308 417 891 435 149441 28469 9475 18994 9188 6895 5998 723 5275 541 3681 3190 12099 10922 5586 120972 71012 53889 10431 3508
internal_count=154208 3459 2974 485 444 150749 1308 417 891 435 149441 28469 9475 18994 9188 6895 5998 723 5275 541 3681 3190 12099 10922 5586 120972 71012 53889 10431 3508
cat_boundaries=0 1 2 3
cat_threshold=20717 38678 104
is_linear=0
shrinkage=0.05


Tree=221
num_leaves=31
num_cat=2
split_feature=20 17 22 1 18 22 12 11 21 3 16 10 4 4 11 22 5 1 16 21 20 16 19 20 19 21 16 3 3 3
split_gain=453.021 71.5056 9.50803 9.06075 5.10975 7.53835 6.03037 6.88892 4.59383 4.29342 4.39304 4.08615 3.57333 3.51446 4.66702 3.48908 3.37277 3.33922 4.76777 3.06878 4.04004 5.17103 3.97158 2.97453 2.96868 2.89711 2.82912 13.0204 7.45536 15.6232
threshold=0.080481462141805085 0.69339229522435231 6.9966452390317579 0 0.084330355425894885 7.505115414509107 1.0471650770867935 3.714790094103249 7.4094391990005262 1.0000000180025095e-35 0.15310985204062297 5.9697295327479045 6.5000000000000009 5.5000000000000009 2.8875862353714372 7.8523004754117958 1.0000000180025095e-35 1 1.0000000180025095e-35 7.764718292812792 0.1691892152064757 0.081908801177937376 6.4909078657160935 0.21293039459239096 0.78869382793052656 7.0462119273641344 2.1027162033454658 1.0000000180025095e-35 3.5000000000000004 5.5000000000000009
decision_type=8 8 10 1 8 8 8 10 8 2 10 10 2 2 10 10 2 1 10 8 10 8 10 10 10 10 10 2 2 2
left_child=1 2 3 8 5 6 16 13 -1 -3 12 -9 -11 -8 25 -14 24 -4 -19 -7 22 23 -21 -22 -2 -15 -6 -28 -29 -30
right_child=4 9 17 -5 26 19 7 11 -10 10 -12 -13 15 14 -16 -17 -18 18 -20 20 21 -23 -24 -25 -26 -27 27 28 29 -31
leaf_value=1.3689616170431407e-05 -4.7226577550796294e-06 -0.00010519138239505899 -2.332775144597843e-06 -2.332775144597843e-06 -6.0763250492312793e-06 5.6267099144385879e-05 5.5977915866556317e-05 -0.0037153753610007058 -4.9623142931776169e-06 2.753412912534503e-05 -2.9489056385550995e-05 0.0010118412318575133 -0.00028185912126189595 -6.3382926841770715e-06 0.001040276150812003 0.00034886217934269051 -3.8913598045697828e-05 -2.332775144597843e-06 -4.9111276915611573e-05 -2.2967275745078286e-05 0.00057670440057184808 -0.00031363266352100186 0.0062103174067751794 0.00011561918867512012 1.7180995256738109e-05 -0.00011667377706672256 -0.027296588033294645 0.022910935141603653 -0.028394688432858795 0.022578349426578284
leaf_weight=40 494 44 1822 219 146687 323 381 190 38 173 20 85 244 203 146 31 91 838 30 387 53 293 68 83 98 172 143 517 169 190
leaf_count=40 494 44 1822 219 146687 323 381 190 38 173 20 85 244 203 146 31 91 838 30 387 53 293 68 83 98 172 143 517 169 190
internal_value=-0.00045504 -0.0182409 -0.0212002 -0.0127104 -4.22821e-05 -0.00206228 -0.00405914 -0.0018904 0.00192308 -0.000976562 0.00042735 -0.00881818 0.00145089 0.000221729 -0.00244722 -0.00209091 -0.00779649 -0.0221375 -0.0195853 0.00101491 -0.00050905 0.00297203 -0.00379121 0.0110294 -0.00641892 -0.0054 -3.3851e-07 0.00262512 0.00490868 -0.000626741
internal_weight=154272 3499 2987 297 150773 3067 1860 1177 78 512 468 275 448 902 521 275 683 2690 868 1207 884 429 455 136 592 375 147706 1019 876 359
internal_count=154272 3499 2987 297 150773 3067 1860 1177 78 512 468 275 448 902 521 275 683 2690 868 1207 884 429 455 136 592 375 147706 1019 876 359
cat_boundaries=0 1 2
cat_threshold=4 4
is_linear=0
shrinkage=0.05


Tree=222
num_leaves=31
num_cat=7
split_feature=20 17 22 1 0 19 3 15 1 10 5 22 0 22 17 15 19 15 17 18 0 21 21 0 19 18 22 18 0 17
split_gain=473.03 70.6127 11.5082 13.2067 5.13716 5.78372 4.43581 4.7613 3.67686 3.2832 2.67307 5.28647 4.99946 4.03796 6.36102 4.26992 3.99342 3.93114 5.48814 5.66216 5.3552 3.94663 3.82996 8.8722 5.76297 4.04953 4.31264 5.07075 4.25595 7.303
threshold=0.080481462141805085 0.69339229522435231 7.0012227630028159 0 1 1.9569491150699891 1.0000000180025095e-35 0.74852350202506512 2 2.7113724724615449 1.0000000180025095e-35 8.4512030932751578 3 7.5122316068503983 0.87146838236434176 1.098649041116053 0.75397102908551894 0.69331376394879285 0.94541141233931913 0.15189541178111035 4 8.0874863237131702 8.1622300485615504 5 0.8266424293133654 0.57141112382746662 8.2946502110986433 0.46623240798807375 6 6.5567707994280235
decision_type=8 8 10 1 1 10 2 10 1 8 2 10 1 10 8 10 10 8 10 10 1 10 10 1 10 10 10 8 1 10
left_child=1 2 3 -1 5 -3 -6 8 -8 -9 17 12 -12 -14 16 -16 -15 18 19 20 21 -2 -19 24 -24 26 27 -25 -28 -30
right_child=10 4 -4 -5 6 -7 7 9 -10 -11 11 -13 13 14 15 -17 -18 22 -20 -21 -22 -23 23 25 -26 -27 28 -29 29 -31
leaf_value=1.1612095607715922e-05 -1.2671457041757429e-06 -0.0036789156026350855 -2.2161363873673957e-06 -2.2161363873673957e-06 -7.9969780874461494e-05 -0.00053630083630618053 1.6496135440968728e-08 -0.00010792490571898128 0.00011389996361462485 0.0003151036679635566 -0.00092701413730392765 0.0043827392694629989 8.2191918372048764e-05 -1.045158744434338e-05 -0.0061123946126248052 -0.0016639329019362604 0.0002808450598457829 7.6844316578075778e-05 -0.0074073905175272188 3.2445018183274722e-05 -1.5133866735728142e-05 8.2421526547654669e-05 0.00010575922896498558 -0.00091758072126313373 -0.0041050919354296417 0.0060727476208028543 -0.0003694934071004408 -0.013537739027604878 0.00058087296794366865 0.0068543423818495878
leaf_weight=79 1230 50 2707 221 29 88 113 23 136 50 8506 52 8894 241 221 1310 168 123372 36 2020 980 42 115 985 670 142 955 104 380 137
leaf_count=79 1230 50 2707 221 29 88 113 23 136 50 8506 52 8894 241 221 1310 168 123372 36 2020 980 42 115 985 670 142 955 104 380 137
internal_value=-0.000410565 -0.0185927 -0.0214583 -0.0121667 -0.00097137 -0.00878378 0.00228532 0.00403727 0.00732932 -0.00719178 1.16233e-05 -0.000536304 -0.000579111 0.000133714 -0.00193299 -0.0034128 0.00360636 9.26293e-05 -0.00139276 -0.00122893 -0.00295293 -0.000780031 0.000143071 -0.00149083 -0.00613208 -0.000119794 -0.000575947 -0.00296143 0.00118886 0.00479127
internal_weight=154056 3496 3007 300 489 138 351 322 249 73 150560 19392 19340 10834 1940 1531 409 131168 4308 4272 2252 1272 126860 3488 785 2703 2561 1089 1472 517
internal_count=154056 3496 3007 300 489 138 351 322 249 73 150560 19392 19340 10834 1940 1531 409 131168 4308 4272 2252 1272 126860 3488 785 2703 2561 1089 1472 517
cat_boundaries=0 1 2 3 4 5 6 7
cat_threshold=4 2884 1 11369 528 538 49156
is_linear=0
shrinkage=0.05


Tree=223
num_leaves=31
num_cat=2
split_feature=19 19 17 22 1 17 16 3 16 3 11 17 19 19 3 8 22 22 6 10 21 22 3 22 14 10 19 22 3 0
split_gain=272.15 180.768 38.0666 13.5446 15.6172 10.3168 10.4134 6.69533 6.24181 5.6904 4.95034 6.39758 5.8711 4.56006 4.52989 4.40238 4.15856 3.73905 3.73459 3.72638 3.91728 4.19143 3.69625 7.14706 3.65521 3.45871 5.18565 6.78263 3.86236 5.64397
threshold=0.6933121904001478 0.69311763256074699 0.68316635819242255 7.0012227630028159 0 0.4751718843447002 0.14727339944409037 1.0000000180025095e-35 0.052680259163655124 4.5000000000000009 0.71754226264466137 0.69339229522435231 0.76378503353574334 0.85334004793109941 4.5000000000000009 3.5000000000000004 7.0677813621155705 7.226432975921333 1.0000000180025095e-35 1.2946333325561217 6.7013457377751759 6.8999600368427725 1.0000000180025095e-35 7.2941202177578965 1.3736354571277458 1.5789255615152133 1.2691338300240427 6.4888765563634871 2.5000000000000004 1
decision_type=8 10 10 10 1 10 10 2 8 2 8 10 10 10 2 2 8 10 2 10 10 10 2 10 8 8 10 10 2 1
left_child=1 5 7 4 -4 6 8 -3 17 -7 11 12 22 -14 -10 -16 -11 -1 -9 -13 -21 -22 23 -2 -12 26 -26 -28 29 -29
right_child=10 2 3 -5 -6 9 -8 18 14 16 24 19 13 -15 15 -17 -18 -19 -20 20 21 -23 -24 -25 25 -27 27 28 -30 -31
leaf_value=-0.010982589739769661 -4.4231675821182481e-06 -0.00012278261027201531 1.2800276669722166e-05 -2.1053295679973607e-06 -2.1053295679973607e-06 -0.00062057783006851531 0.00071125957031492051 1.9941245690580091e-05 -0.0031317685505526192 -0.0013873292242337688 0.00013934854564789101 -4.5514401050994469e-05 4.3903860290159249e-05 -0.0023004738306125179 0.0024826657786207809 -0.0023361667315859162 0.0028589114827105911 -0.0036278803845878589 -0.00054431358288241642 -0.0025571437126723387 0.0096642270271489646 0.0012195363311582664 -6.0921535318392284e-06 5.3861832934315458e-05 -5.1649770528905407e-06 7.9952858026199895e-06 0.0037945822457326251 0.00037675413233305703 -0.0027722172634092159 -0.0087228716499798131
leaf_weight=80 51 25 72 2428 212 1188 321 174 543 43 11022 6285 224 60 70 140 441 78 38 143 99 489 712 51 3493 123411 319 157 1089 563
leaf_count=80 51 25 72 2428 212 1188 321 174 543 43 11022 6285 224 60 70 140 441 78 38 143 99 489 712 51 3493 123411 319 157 1089 563
internal_value=-0.000449452 -0.0110243 -0.019744 -0.0214233 -0.0110915 -0.00216942 -0.00564123 -0.000527426 -0.00836992 0.000388756 -3.17207e-05 -0.00123244 -0.00478142 0.00140845 -0.0064741 -0.000238095 0.00495868 -0.0174051 0.00235849 -0.000677024 0.00270178 0.0045068 -0.00694103 0.00196078 3.78425e-05 -3.68126e-05 -0.00124978 -0.00319549 -0.00438087 -0.00722222
internal_weight=154021 5853 2949 2712 284 2904 1232 237 911 1672 148168 8114 1098 284 753 210 484 158 212 7016 731 588 814 102 140054 129032 5621 2128 1809 720
internal_count=154021 5853 2949 2712 284 2904 1232 237 911 1672 148168 8114 1098 284 753 210 484 158 212 7016 731 588 814 102 140054 129032 5621 2128 1809 720
cat_boundaries=0 1 2
cat_threshold=4 132
is_linear=0
shrinkage=0.05


Tree=224
num_leaves=31
num_cat=7
split_feature=20 18 0 15 3 22 20 0 10 0 3 16 22 16 3 0 0 10 14 4 22 11 11 16 3 0 22 0 18 12
split_gain=466.486 53.7056 14.776 8.83022 6.15269 4.38755 3.52549 10.5128 6.90213 6.65933 6.56565 7.69604 5.5695 6.96135 5.00783 17.2304 13.3879 10.3444 10.6385 9.40022 11.0455 8.02991 7.69329 7.40626 12.6136 36.8792 7.1127 14.5004 6.77413 6.652
threshold=0.080481462141805085 0.057511597938124721 0 0.53815394315432463 1.5000000000000002 7.0012227630028159 0.13164897187499633 1 2.947063657109513 2 5.5000000000000009 1.0000000180025095e-35 7.2992029009929444 0.11492165216933335 4.5000000000000009 3 4 4.796203598077895 5.6565160114619619 7.5000000000000009 6.5912660675808166 7.3319112662676256 6.9636627991442426 1.3146409757933413 5.5000000000000009 5 7.028958264729229 6 1.340064686606284 6.4863893952118836
decision_type=8 8 1 8 2 8 10 1 8 1 2 10 8 10 2 1 1 10 10 2 10 10 10 10 2 1 10 1 10 10
left_child=1 2 5 -3 -4 -1 7 8 12 -9 -11 -12 -2 -14 16 21 17 22 -19 -18 28 23 29 -16 -25 -26 27 -22 -21 -8
right_child=6 3 4 -5 -6 -7 14 9 -10 10 11 -13 13 -15 15 -17 19 18 -20 20 26 -23 -24 24 25 -27 -28 -29 -30 -31
leaf_value=-2.0000630895966597e-06 0.00029781303433223938 -0.0057996093919624684 -0.0020208934203701681 -3.4128465186467064e-06 0.00033361795755426638 -2.0000630895966597e-06 0.00010808291648886082 -0.0069331553746568636 0.0016237553774533621 -4.1431762731469757e-06 -0.00043107071435465608 -0.00066297663705056911 -0.0073539258093228595 0.00040290874140167524 0.00052159362912753695 -0.00039937460879510003 -0.00036023904349602454 0.0031148850008250184 -0.00041218907983155975 -0.0011110417845842325 0.0027649817745482919 0.0043148958806038529 0.0066438723848900594 0.058272152976925541 -0.040493983985334749 0.02332888660863084 3.4155173308803026e-05 8.1810243176233535e-05 0.014206115442191481 0.0053685078102783113
leaf_weight=158 208 124 39 440 101 2660 21712 583 2431 4200 234 422 125 66 18725 16568 48011 2064 817 6167 2358 395 262 241 131 263 20527 3734 153 313
leaf_count=158 208 124 39 440 101 2660 21712 583 2431 4200 234 422 125 66 18725 16568 48011 2064 817 6167 2358 395 262 241 131 263 20527 3734 153 313
internal_value=-0.000496006 -0.0184838 -0.0211799 -0.00434397 -0.004 -0.0219413 -7.5642e-05 -0.00107933 0.00139085 -0.00236282 -0.00174681 -0.00640244 -0.00469925 -0.0108639 -1.73756e-05 0.000489359 -0.000190825 0.000816189 0.00363589 -0.000503953 0.000146483 0.00148621 0.000452057 0.00134298 0.00665354 0.00114213 0.000592622 0.00209291 -0.00173259 0.000350738
internal_weight=154232 3522 2958 564 140 2818 150710 8269 2830 5439 4856 656 399 191 142441 36323 106118 25168 2881 80950 32939 19755 22287 19360 635 394 26619 6092 6320 22025
internal_count=154232 3522 2958 564 140 2818 150710 8269 2830 5439 4856 656 399 191 142441 36323 106118 25168 2881 80950 32939 19755 22287 19360 635 394 26619 6092 6320 22025
cat_boundaries=0 1 2 3 4 5 6 7
cat_threshold=18 54689 2112 28775 7940 32 24784
is_linear=0
shrinkage=0.05


Tree=225
num_leaves=31
num_cat=9
split_feature=20 17 22 1 0 20 22 16 17 20 0 17 1 11 0 20 3 16 1 16 5 22 21 0 1 3 13 16 1 6
split_gain=455.539 76.16 9.55191 8.04449 4.50504 4.92681 4.08806 3.36183 4.88353 3.29125 12.8398 6.83206 6.49393 9.84042 9.23234 6.98612 6.40868 9.01504 6.48646 5.26579 4.60957 7.9457 4.55435 4.46645 10.1223 4.68836 4.51197 4.36187 4.1184 3.96056
threshold=0.080481462141805085 0.69339229522435231 7.0040384257758559 0 1 1.0000000180025095e-35 6.9547095416248377 0.036239343375461093 0.4751718843447002 0.13164897187499633 2 3.7335275093235825 3 5.4897634901759238 4 0.088479740455672265 5.5000000000000009 1.0000000180025095e-35 5 0.065334254315281143 1.0000000180025095e-35 7.3419108664854109 7.4963748916721205 6 7 1.5000000000000002 4.0613043372021433 0.16060644321451037 8 1.0000000180025095e-35
decision_type=8 8 10 1 1 10 8 10 10 10 1 8 1 8 1 10 2 8 1 8 2 10 8 1 1 2 8 10 1 2
left_child=1 2 3 6 -3 -6 -1 -4 -9 10 12 16 13 -2 28 22 18 -18 -12 -16 21 -20 -15 25 29 -13 -26 -19 -14 -25
right_child=9 4 7 -5 5 -7 -8 8 -10 -11 11 23 14 15 19 -17 17 27 20 -21 -22 -23 -24 24 26 -27 -28 -29 -30 -31
leaf_value=-6.4083101467937727e-06 -0.0091406673142453883 1.9558630248417421e-05 -1.9000599351171045e-06 -1.9000599351171045e-06 -0.0032805744267190629 -0.0004803012805715046 1.2231121395639423e-05 -0.0064472796634514997 -0.0010247433375534631 2.0631775641266614e-06 -6.901176841558887e-06 0.0006459887025541428 -0.056402020975595574 -0.0089747033504179903 -0.0020973194478556278 0.0013350362865757861 -0.00011303744893252921 0.00031497616630361271 4.8584293594466922e-05 0.001050991948037594 -1.9664419782716715e-05 -8.2332015669706059e-06 0.030477465511508674 -0.0049314263105007892 -0.0016906990547498335 -0.0018529375978348973 -0.0012776648461026554 -0.00089446065744610008 -0.017251703970399525 -0.036002160848344067
leaf_weight=31 55 330 2513 210 43 111 51 166 41 142261 596 194 49 36 151 368 135 263 1041 1609 272 792 369 156 339 501 879 92 203 163
leaf_count=31 55 330 2513 210 43 111 51 166 41 142261 596 194 49 36 151 368 135 263 1041 1609 272 792 369 156 339 501 879 92 203 163
internal_value=-0.000463901 -0.0183066 -0.0212649 -0.0126712 0.000103306 -0.00670732 0.000609756 -0.0221875 -0.0160628 -4.94938e-05 -0.00101961 -0.0024434 0.00170175 0.00543478 0.000173956 0.00688875 -0.000963648 -0.00622449 -9.25583e-06 0.00146893 0.00129454 0.00219585 0.0114198 -0.00456989 -0.00606012 -0.00117021 -0.00402299 -0.00204225 -0.00858779 -0.0140282
internal_weight=154020 3496 3012 292 484 154 82 2720 207 150524 8263 5423 2840 828 2012 773 3191 490 2701 1760 2105 1833 405 2232 1537 695 1218 355 252 319
internal_count=154020 3496 3012 292 484 154 82 2720 207 150524 8263 5423 2840 828 2012 773 3191 490 2701 1760 2105 1833 405 2232 1537 695 1218 355 252 319
cat_boundaries=0 1 2 3 4 5 6 7 8 9
cat_threshold=4 306 54689 1 256 1 8202 4 2
is_linear=0
shrinkage=0.05


Tree=226
num_leaves=31
num_cat=3
split_feature=20 17 22 1 20 18 16 10 2 13 19 16 16 8 22 18 8 4 22 4 9 17 17 1 10 19 19 22 9 1
split_gain=465.899 68.1629 12.0494 14.6487 4.38745 11.1312 3.54308 2.97235 4.67642 4.10059 3.23319 5.49493 3.04293 2.94152 2.89173 3.75193 5.15519 2.53535 15.0486 9.86334 23.3322 17.8979 33.1828 14.3156 13.4376 12.4868 10.2444 9.21009 13.3626 18.4068
threshold=0.080481462141805085 0.69339229522435231 7.0012227630028159 0 0.088479740455672265 1.0000000180025095e-35 0.057642451048291868 7.5227516492373985 2.5000000000000004 7.8375540494105929 6.7896012518106295 0.90319036485927573 0.036239343375461093 1.5000000000000002 7.0835626883368299 0.097701368123677759 5.5000000000000009 7.5000000000000009 6.4628014604884303 4.5000000000000009 1.0000000180025095e-35 6.1310990096680653 4.3199456346283505 1 5.9697295327479045 3.0699317436910696 4.7676769483991759 7.2310138476206127 1.0000000180025095e-35 2
decision_type=8 8 10 1 8 8 10 10 2 10 8 8 10 2 8 10 2 2 8 2 2 8 10 1 10 10 10 8 2 1
left_child=1 2 3 -1 5 -2 -4 17 10 12 -9 -12 -10 -7 15 -15 -17 19 -19 -6 21 22 -21 25 26 -22 -24 28 -20 -30
right_child=4 -3 6 -5 7 13 -8 8 9 -11 11 -13 -14 14 -16 16 -18 18 27 20 23 -23 24 -25 -26 -27 -28 -29 29 -31
leaf_value=1.0453420187420126e-05 -1.7556681185942891e-06 -4.6786907830859153e-06 -1.8050569383587512e-06 -1.8050569383587512e-06 5.9701873832251895e-05 0.0066490967086462634 -0.0056341942307261451 -0.0076301266513905119 0.00956136914734005 0.0058757359528845976 0.0016219688739291362 0.013088142352530552 -0.0019448328565721874 0.0031814551524261105 -6.6059709518323515e-05 0.0044363012822850488 -0.00028578976927357003 -0.001474994118173223 0.00014423909710443717 -9.0742557878553676e-05 0.0034435233723753901 -0.0011019649771011775 0.0038566458463753952 -0.0028781007920649416 0.0076602012575348825 -0.00096683731170195137 0.0011276844813123965 -1.6277420657070941e-05 0.0031053706838139131 -0.00040698550920668101
leaf_weight=76 154 514 2582 206 50270 27 132 45 27 24 709 56 458 67 276 21 37 2533 16495 15629 257 9323 1193 3497 570 2227 3941 38870 2613 1464
leaf_count=76 154 514 2582 206 50270 27 132 45 27 24 709 56 458 67 276 21 37 2533 16495 15629 257 9323 1193 3497 570 2227 3941 38870 2613 1464
internal_value=-0.000467779 -0.0184758 -0.0213618 -0.0115248 -4.85797e-05 -0.00438144 -0.0223839 -3.17907e-05 0.00233131 -0.00142436 0.00469136 0.00545752 -0.00242268 -0.000233645 -0.00130923 0.005 -0.00431034 -5.27263e-05 0.00019161 -0.000226967 -0.000850916 -0.00029358 0.000505086 -0.00370757 0.00376928 -0.000805153 0.00296065 0.000352444 0.00120795 0.00377116
internal_weight=154293 3510 2996 282 150783 582 2714 150201 1319 509 810 765 485 428 401 125 58 148882 61975 86907 36637 30656 21333 5981 5704 2484 5134 59442 20572 4077
internal_count=154293 3510 2996 282 150783 582 2714 150201 1319 509 810 765 485 428 401 125 58 148882 61975 86907 36637 30656 21333 5981 5704 2484 5134 59442 20572 4077
cat_boundaries=0 1 2 3
cat_threshold=4 4 2
is_linear=0
shrinkage=0.05


Tree=227
num_leaves=31
num_cat=4
split_feature=19 19 17 22 3 16 1 19 22 17 21 8 0 12 3 22 22 4 19 1 19 3 4 22 1 19 3 7 16 22
split_gain=282.422 188.931 32.1273 10.3361 8.52629 10.7719 8.47777 8.45197 5.80383 5.14698 9.9616 6.4689 4.39143 4.00342 3.93273 3.67878 3.43073 3.22887 3.789 3.01603 2.9975 5.27151 2.88993 2.88969 2.85447 2.76304 2.7435 3.17925 2.72222 2.71757
threshold=0.6933121904001478 0.69311763256074699 0.68316635819242255 6.9966452390317579 4.5000000000000009 0.095222319164412331 0 0.48010728640447298 7.1316299676593182 0.69339229522435231 7.4094391990005262 5.5000000000000009 1 0.43773436867694998 1.0000000180025095e-35 7.235312614376169 6.9547095416248377 3.5000000000000004 0.55067158309644137 2 0.75397102908551894 1.0000000180025095e-35 8.5000000000000018 6.9722343509201954 3 0.38808891076320767 1.5000000000000002 4.5000000000000009 0.079427148426906583 7.8816649884968788
decision_type=8 10 10 10 2 10 1 10 8 8 8 2 1 8 2 8 8 2 10 1 10 2 2 10 1 10 2 10 8 10
left_child=1 4 14 6 5 7 16 15 13 10 11 22 20 -6 -3 28 -4 -10 -19 23 21 -12 -2 -13 -24 -17 -16 -28 -1 -7
right_child=9 2 3 -5 8 29 -8 -9 17 -11 12 19 -14 -15 26 25 -18 18 -20 -21 -22 -23 24 -25 -26 -27 27 -29 -30 -31
leaf_value=-0.010110906013607208 7.0234547865921657e-07 -9.0171806372735255e-05 -6.6105656488291146e-06 -1.7148040914405361e-06 -0.0068865962073865672 -8.4676736090183449e-05 -1.7148040914405361e-06 -0.0011141616599081084 -0.00051255993506050537 1.0520128372815131e-05 0.0029652595300763865 -0.0030960969076600621 -3.9293787612970641e-06 -0.00035831136973603909 0.00010745031229658641 -0.0056114070994560117 0.00014629731565111715 0.00031207641566183275 0.004191609053829759 -3.4260184140627592e-06 9.820954158384077e-05 -1.0774449851502778e-05 1.5986626739797338e-05 -6.0493197508115775e-06 -2.970338754991475e-05 -0.0022075481438656175 1.4865475499736825e-05 -3.2354193923062045e-05 -0.0028522683776689623 -0.0015893238407795746
leaf_weight=99 275 25 29 2407 49 1115 219 323 212 146645 29 31 475 78 31 221 43 294 183 198 186 138 42 147 94 108 76 99 22 214
leaf_count=99 275 25 29 2407 49 1115 219 323 212 146645 29 31 475 78 31 221 43 294 183 198 186 138 42 147 94 108 76 99 22 214
internal_value=-0.000419676 -0.0111981 -0.020169 -0.0217013 -0.00219328 -0.00387726 -0.0128007 -0.0085705 0.00214461 5.39593e-06 -0.00280186 -0.00682973 0.00102657 -0.00767717 -0.00227273 -0.013 0.00208333 0.00395501 0.0062369 -0.0115691 0.00516529 0.000449102 -0.00249392 -0.0162921 -0.00845588 -0.0102584 0 -0.00242857 -0.0204545 -0.00114748
internal_weight=154107 5847 2929 2698 2918 2102 291 773 816 148260 1615 787 828 127 231 450 72 689 477 376 353 167 411 178 136 329 206 175 121 1329
internal_count=154107 5847 2929 2698 2918 2102 291 773 816 148260 1615 787 828 127 231 450 72 689 477 376 353 167 411 178 136 329 206 175 121 1329
cat_boundaries=0 1 2 3 4
cat_threshold=4 532 4 1
is_linear=0
shrinkage=0.05


Tree=228
num_leaves=31
num_cat=5
split_feature=20 17 20 17 22 1 3 6 20 8 16 4 0 3 0 17 12 17 1 0 16 19 17 20 17 3 17 17 20 20
split_gain=468.666 35.045 21.246 17.9349 8.90765 8.05206 5.05358 3.87977 3.55455 6.96104 5.73236 3.89673 6.59088 6.43188 9.17648 6.96503 5.86773 5.27986 6.18301 6.89441 6.59631 4.91307 5.13627 4.89521 5.13068 4.77686 4.56857 4.51709 4.1781 4.11605
threshold=1.0000000180025095e-35 1.0000000180025095e-35 0.080481462141805085 0.69339229522435231 7.0012227630028159 0 1.0000000180025095e-35 1.0000000180025095e-35 0.094733191358820829 1.5000000000000002 1.0000000180025095e-35 1.5000000000000002 1 1.5000000000000002 2 0.79473535973314147 6.8410810028831408 0.96274398429464492 3 4 0.48387759351685072 3.6033038032639415 3.6786490011107054 0.33446100873254558 6.5128464608871504 5.5000000000000009 4.589229653628208 5.3489074925691771 1.4508048607936559 0.1510728533328011
decision_type=8 10 8 8 10 1 2 2 8 2 10 2 1 2 1 10 8 10 1 1 10 10 10 10 10 2 10 10 10 8
left_child=1 6 3 -2 5 -3 -1 -8 9 -4 -11 12 23 14 29 -15 27 -17 20 -20 -19 -21 -23 -10 26 -24 28 -16 -25 -14
right_child=2 4 8 -5 -6 -7 7 -9 11 10 -12 -13 13 15 16 17 -18 18 19 21 -22 22 25 24 -26 -27 -28 -29 -30 -31
leaf_value=-9.9381472063186937e-05 -0.0055781182569642068 1.2367670935681252e-06 0.0063539523613102668 6.8157491141890297e-06 -1.6290638868710072e-06 -1.6290638868710072e-06 1.7823076572900942e-05 -0.00028399707642381701 -0.00083085064019683137 -2.3623039051678954e-06 -8.0043569668147851e-05 -1.8186417901167042e-05 -0.0014900282838898105 -0.00014971200209339954 -0.0015179524667640666 0.0035794039630783984 1.8597876681641925e-05 -0.0010037676197697909 0.0020516610132734537 -0.0012186313658468784 0.0066661748850146202 0.0073111484517807586 0.002260595440598845 0.0072993819134580477 -0.028330901790475108 -0.0016002175099098183 0.023251776015187887 -0.0042795749787422734 -0.028374931406943249 0.0020663409727876393
leaf_weight=28 324 74 59 260 2413 214 164 38 109 389 739 136803 86 801 1254 327 1095 1827 2860 1263 255 34 769 211 25 251 109 313 63 749
leaf_count=28 324 74 59 260 2413 214 164 38 109 389 739 136803 86 801 1254 327 1095 1827 2860 1263 255 34 769 211 25 251 109 313 63 749
internal_value=-0.000455148 -0.0202576 -7.07071e-05 -0.00958904 -0.021853 -0.0135417 -0.00152174 0.00123762 -3.37454e-05 -0.00275906 -0.00363475 -1.2064e-05 0.000836626 0.000592736 -0.00120818 0.00134434 -0.00263847 0.00181255 0.00153258 0.00245799 -0.000768492 0.000418994 0.00294118 0.0063093 0.00894608 0.00230392 0.0103786 -0.00461072 0.00693431 0.0033432
internal_weight=153906 2931 150975 584 2701 288 230 202 150391 1187 1128 149204 12401 11884 3497 8387 2662 7586 7259 5177 2082 2317 1054 517 408 1020 383 1567 274 835
internal_count=153906 2931 150975 584 2701 288 230 202 150391 1187 1128 149204 12401 11884 3497 8387 2662 7586 7259 5177 2082 2317 1054 517 408 1020 383 1567 274 835
cat_boundaries=0 1 2 3 4 5
cat_threshold=4 64 9860 4 53891
is_linear=0
shrinkage=0.05


Tree=229
num_leaves=31
num_cat=5
split_feature=20 17 17 20 22 1 22 1 4 1 3 1 22 21 4 20 20 15 20 3 4 9 4 1 4 22 17 20 19 5
split_gain=463.345 34.043 10.927 22.9435 9.4366 7.88744 4.75015 4.08505 2.60611 2.59827 2.51028 2.76371 2.49558 2.47525 11.493 4.49037 2.80021 5.508 3.13512 2.72806 2.65363 9.72893 26.1635 21.9866 13.5795 10.0191 10.7189 10.5209 9.8558 9.77274
threshold=1.0000000180025095e-35 1.0000000180025095e-35 0.4751718843447002 0.080481462141805085 7.0012227630028159 0 6.9547095416248377 1 1.5000000000000002 2 4.5000000000000009 3 7.6791537290874894 5.9952067579627961 7.5000000000000009 0.5226427665959984 0.60623074171271074 4.3791256330796875 0.87327206558454729 2.5000000000000004 7.5000000000000009 1.0000000180025095e-35 8.5000000000000018 4 8.5000000000000018 6.6121930643885127 1.1997944871385984 0.32842814375756396 4.4992151430187013 1.0000000180025095e-35
decision_type=8 10 8 10 10 1 8 1 2 1 2 1 10 8 2 10 8 8 10 2 2 2 2 1 2 10 8 10 8 2
left_child=1 10 3 12 5 6 -3 -5 -9 -6 -1 -12 -2 14 16 19 -4 -18 -19 -16 -15 24 -23 -24 -22 26 -26 -27 -25 -29
right_child=2 4 13 7 9 -7 -8 8 -10 -11 11 -13 -14 20 15 -17 17 18 -20 -21 21 22 23 28 25 27 -28 29 -30 -31
leaf_value=-1.4526508710591136e-05 -0.0093264548000786384 -6.3418757210609302e-06 -0.00014797823708148639 0.007245619644082768 -1.5476106925260691e-06 -1.5476106925260691e-06 0.00031457939410143578 -0.0028274751302667239 -0.00098071435752686569 -1.5476106925260691e-06 -4.9793276541182378e-05 6.7404342923613192e-05 -0.0057585489433452991 -2.266814808836726e-05 0.0005751855288341545 -0.015591439273305731 -0.00785654136946079 0.01530595848832097 0.0009767408406555322 -0.0041086208356603043 0.0005862724015952115 -0.0016257235824092666 0.0025967210247510586 0.0003338852298677253 0.00037279809559351843 -6.3573936193192518e-05 -0.001514209375420228 0.0014483732399589223 -0.0068194606266543945 -0.0021095132420792641
leaf_weight=172 201 34 792 73 1566 211 42 57 801 831 25 32 20 87011 87 89 40 58 27 194 10838 1962 3981 3796 586 20540 9298 9061 182 1529
leaf_count=172 201 34 792 73 1566 211 42 57 801 831 25 32 20 87011 87 89 40 58 27 194 10838 1962 3981 3796 586 20540 9298 9061 182 1529
internal_value=-0.000390564 -0.0201425 -1.00844e-05 -0.00486111 -0.0217213 -0.0131533 0.000657895 -0.0014232 -0.00238928 -0.0227472 -0.00163755 0.00745614 -0.0193439 2.71538e-05 -0.00215618 -0.00959459 0.000845147 0.0078 0.015 -0.00649466 4.60399e-05 0.000296651 0.00173118 0.00300603 2.21785e-05 -0.000393768 -0.00178066 4.65789e-05 0.000377074 0.00132672
internal_weight=154136 2913 151223 1152 2684 287 76 931 858 2397 229 57 221 150071 1287 370 917 125 85 281 148784 61773 9921 7959 51852 41014 9884 31130 3978 10590
internal_count=154136 2913 151223 1152 2684 287 76 931 858 2397 229 57 221 150071 1287 370 917 125 85 281 148784 61773 9921 7959 51852 41014 9884 31130 3978 10590
cat_boundaries=0 1 2 3 4 5
cat_threshold=4 1 4 1 2
is_linear=0
shrinkage=0.05


Tree=230
num_leaves=31
num_cat=3
split_feature=20 17 17 20 22 1 22 4 0 14 0 12 10 3 22 2 21 16 10 2 15 17 17 21 10 17 22 20 17 3
split_gain=457.427 34.4413 11.5817 23.1775 10.4685 8.64344 3.61992 3.30596 7.01873 5.64173 3.49526 3.49214 15.6167 9.24603 4.36568 4.31829 4.83888 4.13588 4.09176 5.54077 5.10227 4.14675 4.10813 4.69749 4.46658 3.35446 3.7466 3.94227 3.74931 3.26905
threshold=1.0000000180025095e-35 1.0000000180025095e-35 0.4751718843447002 0.080481462141805085 6.9966452390317579 0 7.0252266851579472 1.5000000000000002 1 7.1430644990875054 2 7.2122575939843037 7.4852109456602092 3.5000000000000004 7.4166779868012567 1.5000000000000002 8.3489936997640886 0.16178980379383653 7.0312993674396251 2.5000000000000004 7.1689039739072156 5.5127171970859967 6.8300981318843199 7.7465022115569893 7.3918158709654724 6.5128464608871504 6.9920780744906663 1.4508048607936559 4.0776894521594125 3.5000000000000004
decision_type=8 10 8 10 10 1 8 2 1 10 1 10 8 2 10 2 8 8 10 2 10 8 10 10 10 10 8 8 10 2
left_child=1 -1 3 -2 5 -3 -5 8 25 10 -10 18 13 14 -13 16 -14 -15 29 20 21 -20 -23 24 -24 26 -4 -28 -29 -9
right_child=2 4 7 6 -6 -7 -8 11 9 -11 -12 12 15 17 -16 -17 -18 -19 19 -21 -22 22 23 -25 -26 -27 27 28 -30 -31
leaf_value=-5.8114134899867054e-06 -0.0087349251242486003 1.0629283381802247e-07 -0.0028628239914901157 0.0023355279972352874 -1.4702301579017087e-06 -1.4702301579017087e-06 -0.00096901796330357143 2.2735591301659144e-05 -0.00062078316454641238 0.0026046084286580396 0.00011603326742876119 -0.0040233729796246955 -4.1973494196589914e-05 0.0022051422555684043 -0.0010863355918723893 0.00012470889393576546 0.0059533281454061011 -0.0012794136639703525 -0.011884181648784332 -0.00028248528275680583 -0.00019360236177301537 0.0043104134835266093 0.00045888940310634396 0.0042825601584328687 0.0056971397399702807 -0.026913223293546951 0.01272297961358766 -0.023390136975682742 0.029521554141669973 -8.6000535260777341e-05
leaf_weight=233 214 68 52 28 2387 219 918 75011 4196 695 7069 1072 238 216 335 1304 387 965 39 1760 890 496 1279 224 167 25 297 59 43 53487
leaf_count=233 214 68 52 28 2387 219 918 75011 4196 695 7069 1072 238 216 335 1304 387 965 39 1760 890 496 1279 224 167 25 297 59 43 53487
internal_value=-0.000400167 -0.0200464 -2.31075e-05 -0.005 -0.021653 -0.0126307 -0.00163848 1.53021e-05 0.000796076 0.000555556 0.000286285 -5.51244e-05 -0.0014224 -0.00396059 -0.00669865 0.00198289 0.0054 -0.000698561 -8.8112e-06 0.00141607 0.00268982 0.00397959 0.00427054 0.00308383 0.00204011 0.00668724 0.00781596 0.00946115 0.000980392 -6.26469e-05
internal_weight=154373 2907 151466 1160 2674 287 946 150306 12436 11960 11265 137870 4517 2588 1407 1929 625 1181 133353 4855 3095 2205 2166 1670 1446 476 451 399 102 128498
internal_count=154373 2907 151466 1160 2674 287 946 150306 12436 11960 11265 137870 4517 2588 1407 1929 625 1181 133353 4855 3095 2205 2166 1670 1446 476 451 399 102 128498
cat_boundaries=0 1 2 3
cat_threshold=4 64 8489
is_linear=0
shrinkage=0.05


Tree=231
num_leaves=31
num_cat=2
split_feature=20 22 1 19 20 8 15 22 3 21 1 20 20 3 3 20 20 7 21 20 10 4 22 14 10 10 3 22 4 15
split_gain=463.712 26.8799 13.0572 11.2511 21.1232 4.40955 4.28727 3.57999 3.72271 3.18204 3.12261 2.97643 3.59484 3.5655 4.03528 2.89917 2.78445 2.49862 2.4145 4.57032 4.15552 4.41143 6.03859 4.4161 3.1146 2.68588 2.71922 2.49771 8.27168 6.76339
threshold=1.0000000180025095e-35 6.9966452390317579 0 0.48010728640447298 0.080481462141805085 1.5000000000000002 0.38814794195493374 7.8816649884968788 5.5000000000000009 9.3545179236839946 1 0.1247995270334528 0.23584944709823605 3.5000000000000004 5.5000000000000009 0.18923903275651463 0.31675942338386992 1.5000000000000002 8.5570866396637921 0.13164897187499633 1.3736354571277458 8.5000000000000018 8.8216343874678422 2.8361459037824157 6.0523244076961058 3.180132835422278 1.0000000180025095e-35 6.6630296143983729 2.5000000000000004 7.4795250139472396
decision_type=8 10 1 8 10 2 8 8 2 10 1 10 10 2 2 10 10 10 10 10 10 2 8 8 10 10 2 8 2 8
left_child=1 2 -1 4 -2 17 -5 11 -9 18 -7 -6 13 -13 -15 -10 -14 -3 27 -20 -21 23 -23 -22 25 -25 -27 28 -8 -30
right_child=3 5 -4 6 7 10 9 8 15 -11 -12 12 16 14 -16 -17 -18 -19 19 20 21 22 -24 24 -26 26 -28 -29 29 -31
leaf_value=1.0914806643552712e-05 -0.0078277295754061189 -1.3967186500041253e-06 -1.3967186500041253e-06 -0.006306809706628543 -0.001643795937243206 -1.3967186500041253e-06 0.00065651463665945548 -0.0031780781261424029 -0.0017751517922761112 0.0052054272543401673 -1.3967186500041253e-06 0.0035628796504915353 -0.0063789395397937853 -0.0024257153507496326 0.0099547989487507437 0.0027369344809319214 0.0030684680318992658 -1.3967186500041253e-06 0.0029875194414363928 -0.0055642267723276691 0.002656260915471598 0.0065739555843488014 -0.003233684206451759 -0.009903240810293968 -0.0098539369553021228 -0.0034226886182493923 -0.001308446443719591 2.4505828516910301e-05 -0.00034532730362385748 -0.0037323205807222428
leaf_weight=116 216 29 294 68 277 1539 4461 307 27 20 816 149 60 55 23 25 42 143 50 74 44 114 83 78 39 41 298 130074 14216 329
leaf_count=116 216 29 294 68 277 1539 4461 307 27 20 816 149 60 55 23 25 42 143 50 74 44 114 83 78 39 41 298 130074 14216 329
internal_value=-0.000368737 -0.020046 -0.00817073 1.35609e-05 -0.00484759 -0.0219727 5.18371e-05 -0.00168394 -0.00564067 5.75303e-05 -0.0225372 0.000660066 0.00387538 0.00737885 -0.00128205 0.00673077 -0.00392157 -0.0142442 5.48695e-05 -0.00264921 -0.00359922 -0.00240316 0.00393401 -0.0049 -0.00635965 -0.00509592 -0.00317109 6.97612e-05 -0.000465642 -0.00104331
internal_weight=154107 2937 410 151170 1181 2527 149989 965 359 149921 2355 606 329 227 78 52 102 172 149901 821 771 697 197 500 456 417 339 149080 19006 14545
internal_count=154107 2937 410 151170 1181 2527 149989 965 359 149921 2355 606 329 227 78 52 102 172 149901 821 771 697 197 500 456 417 339 149080 19006 14545
cat_boundaries=0 1 2
cat_threshold=4 4
is_linear=0
shrinkage=0.05


Tree=232
num_leaves=31
num_cat=1
split_feature=20 17 20 17 22 20 4 22 4 4 18 4 22 22 4 9 17 19 10 22 22 18 18 15 19 9 4 1 4 20
split_gain=458.794 40.0703 9.10632 13.761 7.86632 6.46396 5.09086 6.01774 3.7224 3.44695 3.43463 3.11877 6.36618 6.2496 5.90467 22.7134 15.3244 26.4161 11.5698 10.6817 10.1228 16.6355 9.48659 9.43382 9.60847 9.42695 26.0433 16.8572 11.1123 9.31406
threshold=1.0000000180025095e-35 1.0000000180025095e-35 0.088479740455672265 0.4751718843447002 7.0587789192180264 0.080481462141805085 2.5000000000000004 7.6386229451998195 6.5000000000000009 11.500000000000002 0.057511597938124721 4.5000000000000009 6.1202109081469223 6.2084915373643383 7.5000000000000009 1.0000000180025095e-35 6.1310990096680653 4.2123605550247882 5.9697295327479045 7.1635013338184725 7.1843874749134136 0.60129399003526218 0.2732827756279716 6.2830432724238596 3.2810843483710435 1.0000000180025095e-35 9.5000000000000018 0 9.5000000000000018 0.29099043416664716
decision_type=8 10 8 8 10 10 2 8 2 2 10 2 8 8 2 2 8 10 10 8 10 10 10 8 8 2 2 1 2 8
left_child=1 8 3 5 -3 10 7 -5 -1 -10 -2 12 -4 -13 15 16 17 22 -19 -17 21 23 -15 -18 -25 28 -27 -28 -16 -22
right_child=2 4 11 6 -6 -7 -8 -9 9 -11 -12 13 -14 14 25 19 20 18 -20 -21 29 -23 -24 24 -26 26 27 -29 -30 -31
leaf_value=7.7451437100084518e-06 -0.0083542683052677865 -1.3268827175061393e-06 0.0020388224687512778 -7.2616673822745174e-06 -1.3268827175061393e-06 0.00045670410066073197 1.4629128083365472e-06 0.00027151757865299112 -0.00022422036994891316 1.4986503924888095e-05 -0.0032235251138126894 -0.0017054440393325045 6.722636033211771e-05 6.5851684197454352e-05 0.00028905266088088413 -0.002814119088318634 -0.0073320431982133449 0.0017773159708047714 0.0075477027065851583 -0.00075417882722303995 -0.00090211326030709138 0.0065964587834557616 -0.0015764604654433523 -0.010587067750183294 -0.00022637535007481447 -0.00073653385264884632 0.0031067744333771242 0.00037790778163118157 -0.00017657842713969529 -0.0037194882697087375
leaf_weight=115 116 364 944 180 2279 51 707 35 69 42 95 1286 49989 7674 21423 2931 201 5201 591 3030 1975 341 7525 174 5421 3893 2992 2973 30307 1283
leaf_count=115 116 364 944 180 2279 51 707 35 69 42 95 1286 49989 7674 21423 2931 201 5201 591 3030 1975 341 7525 174 5421 3893 2992 2973 30307 1283
internal_value=-0.000399625 -0.0202074 -2.41182e-05 -0.00439189 -0.0219353 -0.0145038 -0.00151844 -0.00825581 0 -0.00653153 -0.0183649 1.03227e-05 0.000328373 -0.000152941 -0.000107469 -0.000612843 -5.92378e-05 0.000691963 0.00356526 -0.00343483 -0.00173763 -0.000541796 -0.000402987 -0.00117322 -0.000790885 0.000190784 0.00160783 0.00368399 -7.92577e-05 -0.00399018
internal_weight=154207 2869 151338 1184 2643 262 922 215 226 111 211 150154 50933 99221 97935 36347 30386 20991 5792 5961 9395 6137 15199 5796 5595 61588 9858 5965 51730 3258
internal_count=154207 2869 151338 1184 2643 262 922 215 226 111 211 150154 50933 99221 97935 36347 30386 20991 5792 5961 9395 6137 15199 5796 5595 61588 9858 5965 51730 3258
cat_boundaries=0 1
cat_threshold=2
is_linear=0
shrinkage=0.05


Tree=233
num_leaves=31
num_cat=0
split_feature=18 19 3 6 22 17 18 19 19 4 22 19 18 5 22 17 15 19 15 4 4 4 22 4 18 22 3 18 4 4
split_gain=334.089 151.145 9.69917 11.2969 9.03903 8.3598 17.555 5.40303 4.27853 6.11153 4.04809 3.88618 3.88164 2.95441 5.33829 3.91724 8.14747 6.51511 6.4115 8.65599 6.21122 5.96164 4.68505 3.48168 6.91102 7.4465 6.54525 6.27387 4.88165 7.93113
threshold=1.0000000180025095e-35 0.6933121904001478 5.5000000000000009 1.0000000180025095e-35 6.921919753593512 0.4751718843447002 0.057511597938124721 0.74385949482193026 0.76378503353574334 2.5000000000000004 7.235312614376169 0.72017818776715636 0.20587379110143214 1.0000000180025095e-35 8.4512030932751578 0.8553453582061773 0.89587973461402826 1.245905602725798 1.3359949898512298 8.5000000000000018 4.5000000000000009 6.5000000000000009 6.9087370695597974 10.500000000000002 0.27751277353621079 7.8971588380654145 1.0000000180025095e-35 1.340064686606284 3.5000000000000004 8.5000000000000018
decision_type=8 10 2 2 10 8 10 10 10 2 8 10 10 2 10 8 8 8 8 2 2 2 8 2 8 10 2 10 2 2
left_child=1 4 3 8 -1 6 -2 -4 9 -3 11 -11 -8 -7 15 21 -17 20 19 -19 -18 -15 -22 28 26 27 -25 -26 -20 -30
right_child=5 2 7 -5 -6 13 12 -9 -10 10 -12 -13 -14 14 -16 16 17 18 23 -21 22 -23 -24 24 25 -27 -28 -29 29 -31
leaf_value=-1.2605385816322202e-06 -0.0079365548900044002 -3.4027496402910809e-06 -9.9622942760335675e-05 -1.7884756191482997e-05 -1.2605385816322202e-06 3.2095650579050393e-05 -0.001549335271754887 -1.9301976088847983e-05 8.5197837058714759e-05 4.6249194484926375e-06 1.6827785603912293e-05 -2.2150601490317226e-05 0.0010419223096898495 -1.1802329800958412e-05 0.0053439929158253909 -0.0043475951075498094 0.0024158613320627632 -0.0034907696535586789 -0.0010154540172160997 -0.0107850717918501 0.0032676307813278129 0.00024129021666629004 -0.0017484641324098439 0.0036846561981797145 -0.011479426073028948 0.0049350895144503974 -0.0015383120763921233 0.0041109741403690062 0.0014951133502453919 -0.0005313397724644453
leaf_weight=213 134 120 97 337 2459 129977 793 88 243 115 129 72 216 657 55 428 795 197 5946 115 167 442 621 108 360 84 535 21 3675 4814
leaf_count=213 134 120 97 337 2459 129977 793 88 243 115 129 72 216 657 55 428 795 197 5946 115 167 442 621 108 360 84 535 21 3675 4814
internal_value=-0.000379351 -0.0148786 -0.000145712 0.00177165 -0.0215007 -5.32836e-06 -0.00426509 -0.0106757 0.00548601 0.00252294 0.00617089 0.00147059 -0.00200694 2.73495e-05 -0.000554679 -0.000599789 -0.000778014 -0.000610735 -0.000916115 -0.00801282 0.00244788 0.00229754 -0.00069797 -0.00077366 -0.00347473 -0.00811828 -0.000116641 -0.0110892 -0.000566332 0.000203204
internal_weight=154013 3873 1201 1016 2672 150140 1143 185 679 436 316 187 1009 148997 19020 18965 17866 17438 15855 312 1583 1099 788 15543 1108 465 643 381 14435 8489
internal_count=154013 3873 1201 1016 2672 150140 1143 185 679 436 316 187 1009 148997 19020 18965 17866 17438 15855 312 1583 1099 788 15543 1108 465 643 381 14435 8489
is_linear=0
shrinkage=0.05


Tree=234
num_leaves=31
num_cat=3
split_feature=18 19 22 3 18 19 6 8 0 19 1 19 22 1 10 12 22 12 3 4 16 21 22 3 10 12 10 2 7 8
split_gain=340.957 148.414 10.6609 9.72246 8.14017 17.6157 8.00183 5.99424 5.15201 4.52891 4.34773 3.12725 5.22506 2.67008 2.6075 4.33378 3.23707 2.41808 4.16721 4.61248 3.61714 2.36426 2.31467 2.27077 2.19047 2.13119 15.3151 10.2949 6.80575 5.85978
threshold=1.0000000180025095e-35 0.6933121904001478 7.0587789192180264 5.5000000000000009 0.057511597938124721 0.48010728640447298 1.0000000180025095e-35 4.5000000000000009 0 0.74385949482193026 1 0.76378503353574334 7.6656696169533811 2 7.8393286149895065 7.6480245381714278 6.9062491214137172 0.43773436867694998 5.5000000000000009 7.5000000000000009 0.46379928801566545 7.4857721129469477 7.1395748979590374 4.5000000000000009 2.8361459037824157 7.1638305717902595 7.5227516492373985 1.5000000000000002 1.5000000000000002 6.5000000000000009
decision_type=8 10 10 2 8 8 2 2 1 10 1 10 10 1 10 8 8 8 2 2 8 10 10 2 8 10 8 2 10 2
left_child=1 2 -1 6 5 -2 7 -3 -7 -5 22 12 23 -4 17 -16 -17 18 20 -20 -6 -18 -8 -9 -10 -19 27 -27 -28 -29
right_child=4 3 13 9 14 8 10 11 24 -11 -12 -13 -14 -15 15 16 21 25 19 -21 -22 -23 -24 -25 -26 26 28 29 -30 -31
leaf_value=-1.1975116525508868e-06 -0.0075397271455041777 3.7689875176361026e-05 -1.1975116525508868e-06 -9.4939245736430655e-05 -0.0010914861089290574 0.0017662251420096588 1.459552496529959e-07 -3.027038564495932e-06 -0.0062563026560348289 -4.2397110119651862e-05 -1.1554765017102176e-06 6.7553976462297882e-05 2.7315247317244441e-05 -1.1975116525508868e-06 -0.0041403928289105883 -0.00090123756129592005 0.0058782185651216961 1.2908333820527142e-05 -0.00046966150301322175 0.0047428244098237432 -0.0086765625677677604 -0.0028869903261277809 -4.3216755768482608e-05 4.5259302821454293e-06 -0.0026564791073461439 -0.0029637388038024071 0.00041734997771776251 -0.00055850666220633725 0.0054869583452618054 -0.01253086556137082
leaf_weight=373 136 305 1480 106 775 162 28 207 26 84 228 104 46 824 85 51 113 142659 103 63 78 20 93 37 235 1185 1730 2301 468 33
leaf_count=373 136 305 1480 106 775 162 28 207 26 84 228 104 46 824 85 51 113 142659 103 63 78 20 93 37 235 1185 1730 2301 468 33
internal_value=-0.000394776 -0.0149617 -0.021582 -0.000646204 -1.51442e-05 -0.00603757 0.00124046 0.00432761 -0.00100473 -0.0110526 -0.00494269 0.000253807 -0.00241379 -0.0228516 7.3498e-06 0.00492565 0.00923913 -1.50607e-06 -0.00242885 0.00481928 -0.00383939 0.0133459 -0.0126033 -0.00532787 -0.0052583 1.51642e-05 -0.000931433 -0.0029767 0.00234304 -0.0010497
internal_weight=154138 3915 2677 1238 150223 559 1048 699 423 190 349 394 290 2304 149664 269 184 149395 1019 166 853 133 121 244 261 148376 5717 3519 2198 2334
internal_count=154138 3915 2677 1238 150223 559 1048 699 423 190 349 394 290 2304 149664 269 184 149395 1019 166 853 133 121 244 261 148376 5717 3519 2198 2334
cat_boundaries=0 1 2 3
cat_threshold=18704 4 4
is_linear=0
shrinkage=0.05


Tree=235
num_leaves=31
num_cat=4
split_feature=20 18 20 15 22 20 4 22 18 21 0 4 21 3 21 4 22 4 0 20 18 20 18 0 15 18 14 14 0 22
split_gain=455.111 27.3333 9.60826 10.4751 8.42915 6.2237 4.33667 5.79098 4.1593 3.23316 4.00403 4.61059 5.26017 2.86401 2.8017 2.77222 4.36364 2.66471 5.77073 7.56751 5.58773 5.56393 5.20177 5.65414 4.85536 4.32023 4.61256 3.41099 5.02864 4.76367
threshold=1.0000000180025095e-35 1.0000000180025095e-35 0.088479740455672265 0.4649631700476346 7.0587789192180264 0.080481462141805085 2.5000000000000004 7.6386229451998195 0.057511597938124721 8.5570866396637921 0 10.500000000000002 8.7444801799369358 1.0000000180025095e-35 7.2089702972815557 8.5000000000000018 7.0040384257758559 1.5000000000000002 1 0.85180327947010093 0.62164616300961251 0.61967053521180471 0.10789251398818085 2 3.2851958637707948 0.48477106054876878 7.1557864696886755 2.0856528016791152 3 7.088222351953525
decision_type=8 8 8 8 10 10 2 8 10 10 1 2 10 2 8 2 10 2 1 10 10 10 10 1 8 8 10 8 1 10
left_child=1 4 3 5 15 8 7 13 -2 17 11 12 -11 -5 -3 -1 -17 18 19 20 25 -22 23 -20 -21 26 27 29 -29 -4
right_child=2 14 9 6 -6 -7 -8 -9 -10 10 -12 -13 -14 -15 -16 16 -18 -19 22 24 21 -23 -24 -25 -26 -27 -28 28 -30 -31
leaf_value=-1.1376360699255628e-06 -0.0071627407882289664 6.1395007968209633e-05 -0.0063760636660688437 7.0861561556651018e-05 -1.1376360699255628e-06 0.00054433530040474693 -4.6339956474850119e-07 0.00025806460223204989 -0.0028193861883164003 -0.013263645803736691 -0.0023886281213683969 0.015821631044003848 0.0025149815930030519 -1.0353217349934329e-05 -3.3454670985955114e-05 -5.0102287745268376e-07 -1.1376360699255628e-06 -2.2993058344578102e-06 -0.0042621932451762492 -0.030608830998424333 0.001240861537273874 -0.010946155177906126 3.0801287028636717e-05 2.6216486506513983e-05 0.009963319358330747 0.0073188708091438187 0.0024453912111700228 -0.00011741150154001013 0.0012955927430214897 0.0014433263802605734
leaf_weight=270 105 46 63 30 2256 50 726 36 89 59 695 22 116 140 176 64 24 136303 474 36 110 120 4900 284 302 324 636 3175 1957 82
leaf_count=270 105 46 63 30 2256 50 726 36 89 59 695 22 116 140 176 64 24 136303 474 36 110 120 4900 284 302 324 636 3175 1957 82
internal_value=-0.000378083 -0.0202221 -4.97235e-06 -0.0045068 -0.0216526 -0.0137295 -0.00209227 -0.00849515 -0.0177835 3.04027e-05 -0.00297085 0.00326087 0.000714286 -0.0123529 -0.00337838 -0.0145251 -0.00681818 4.83982e-05 0.000748215 0.00172781 0.00134916 -0.00630435 -0.000432251 -0.0042876 0.00902367 0.00163139 0.00132336 0.000838545 0.00105222 -0.00672414
internal_weight=153670 2836 150834 1176 2614 244 932 206 194 149658 892 197 175 170 222 358 88 148766 12463 6805 6467 230 5658 758 338 6237 5913 5277 5132 145
internal_count=153670 2836 150834 1176 2614 244 932 206 194 149658 892 197 175 170 222 358 88 148766 12463 6805 6467 230 5658 758 338 6237 5913 5277 5132 145
cat_boundaries=0 1 2 3 4
cat_threshold=5 56897 404 49153
is_linear=0
shrinkage=0.05


Tree=236
num_leaves=31
num_cat=7
split_feature=20 17 20 17 18 18 0 1 13 10 3 0 15 3 0 0 21 16 17 1 18 15 2 11 16 13 19 18 0 7
split_gain=460.301 30.5351 9.0242 22.7858 7.27293 4.22216 4.06217 9.2215 3.39103 2.64667 8.23623 7.33311 5.8553 4.56112 8.88468 4.70425 7.65429 4.87684 4.33279 4.11905 4.2009 4.0978 3.83992 3.76927 7.58441 4.22941 3.9463 9.90666 6.11512 4.27864
threshold=1.0000000180025095e-35 1.0000000180025095e-35 0.080481462141805085 0.4751718843447002 1.0000000180025095e-35 0.057511597938124721 0 1 0.66750053336617021 7.0312993674396251 3.5000000000000004 2 7.0868361261619821 1.0000000180025095e-35 3 4 7.207489363820117 0.098896560774217587 5.5127171970859967 5 0.34362749584749963 7.0868361261619821 2.5000000000000004 7.4630761014662355 0.29672058865972717 7.4214766611200211 7.0117130572441058 0.11268019944083622 6 1.5000000000000002
decision_type=8 10 8 8 8 10 1 1 10 10 2 1 10 2 1 1 10 10 8 1 10 10 2 10 10 10 10 10 1 10
left_child=1 -1 3 5 -5 -2 -3 8 -8 23 12 -12 18 14 -14 -15 -17 -18 -11 -16 -21 -13 -20 26 -25 -26 -4 28 -28 -29
right_child=2 6 9 4 -6 -7 7 -9 -10 10 11 21 13 15 19 16 17 -19 22 20 -22 -23 -24 24 25 -27 27 29 -30 -31
leaf_value=-6.8137593707329195e-06 -0.0068046037488175178 -1.0807542664303948e-06 -3.956220711351377e-06 0.00027155013242902707 -7.4511136102017875e-06 -0.0028445582018095162 -1.2660307541728645e-05 -1.0807542664303948e-06 0.00035134866478498951 -0.023660520807913032 0.0028329156728428284 0.002570754529186248 -0.0021937512264805117 -0.0021783785405902422 0.0057080766671052221 -0.0016231188513762262 -0.0069484967651533228 0.0033500044934310358 0.0015490489276105636 -0.00074306173658438284 0.0099245496993873202 -0.00041916507445196596 -0.00046795572285240894 0.0036433218659784662 -0.0032597575771713852 0.0063743661722931669 0.010287001172167565 -0.0014282129035018355 -0.00069203198386125209 0.0013826676831966145
leaf_weight=224 128 1872 136844 48 304 99 52 713 26 31 1153 615 280 1440 202 643 40 364 1526 204 32 932 842 530 281 72 144 3607 128 646
leaf_count=224 128 1872 136844 48 304 99 52 713 26 31 1153 615 280 1440 202 643 40 364 1526 204 32 932 842 530 281 72 144 3607 128 646
internal_value=-0.000408383 -0.0201853 -3.06018e-05 -0.00626079 0.00170455 -0.0186123 -0.0216767 -0.0173845 -0.00128205 -6.64205e-06 0.000861031 0.00312963 -0.000231977 -0.00163027 0.00188022 -0.00264375 -7.09555e-05 0.00532178 0.0016361 0.00625 0.00190678 0.000850996 0.00187922 -5.72927e-05 0.00319932 -0.00247875 -7.76337e-05 -0.00153039 0.00772059 -0.00212203
internal_weight=154022 2887 151135 579 352 227 2663 791 78 150556 8304 2700 5604 3205 718 2487 1047 404 2399 438 236 1547 2368 142252 883 353 141369 4525 272 4253
internal_count=154022 2887 151135 579 352 227 2663 791 78 150556 8304 2700 5604 3205 718 2487 1047 404 2399 438 236 1547 2368 142252 883 353 141369 4525 272 4253
cat_boundaries=0 1 2 3 4 5 6 7
cat_threshold=16 4 1601 1 16896 1 289
is_linear=0
shrinkage=0.05


Tree=237
num_leaves=31
num_cat=2
split_feature=19 19 22 7 3 1 22 14 13 1 14 21 14 12 22 4 19 3 9 19 21 15 19 15 15 19 22 19 11 22
split_gain=251.68 198.26 15.7998 5.81224 5.68259 4.25576 4.1163 4.21952 3.48743 6.94486 3.86953 3.62308 2.99749 2.85092 5.31627 3.40336 3.64252 2.69797 6.18225 10.1945 7.76667 6.54619 5.50725 7.04469 4.93751 9.0183 18.2345 7.51688 6.94733 6.18617
threshold=0.6933121904001478 0.69311763256074699 6.9268902955888834 9.5000000000000018 4.5000000000000009 0 7.8523004754117958 0.55920745798214477 7.8375540494105929 1 7.8448280703951392 6.8040598888354813 1.0471650770867935 0.43773436867694998 7.1291664318690664 3.5000000000000004 0.55067158309644137 1.0000000180025095e-35 1.0000000180025095e-35 4.2708115296442815 7.1176108538148393 5.1508524153530333 1.8404337229396177 3.4357975075743235 4.6171986827677474 5.2624668362929254 7.2901848826559705 4.6879520047297154 5.3468693787720287 6.0621216028152745
decision_type=8 10 10 10 2 1 8 8 10 1 10 8 10 8 10 2 10 2 2 10 8 8 8 8 8 8 8 10 8 10
left_child=1 4 -3 5 12 -4 13 -8 10 11 17 -10 -1 14 -6 -15 -17 18 24 22 -21 -22 -20 -24 29 26 27 -26 -27 -2
right_child=8 2 3 -5 6 -7 7 -9 9 -11 -12 -13 -14 15 -16 16 -18 -19 19 20 21 -23 23 -25 25 28 -28 -29 -30 -31
leaf_value=-0.0013329274409986187 -0.0046251091095668388 -1.0267165531097078e-06 -1.0267165531097078e-06 6.3600920983675206e-07 -0.0060569029410637507 -1.0267165531097078e-06 -0.00023344820631812925 0.0040338257378875701 -0.0030337601467217649 -0.0060155498000719733 -0.0048533030289519274 0.0067947049772284053 0.0026264655425728592 -0.0011584877811656846 -0.00017860812700890296 0.00033436995014245467 0.0036923625942684364 -2.1828877046048412e-05 0.0063829932064274793 0.0020266188248322602 -0.0019861841965631566 0.0039082241773585212 0.00037633955957706579 0.0029776510477960818 -0.00034555127656847877 -0.0039818782046370238 7.4403492092556264e-05 0.0079341622467718597 0.00029626071730102236 -2.276127185506516e-05
leaf_weight=2043 702 337 1578 29 44 916 66 142 27 74 200 170 39 161 123 154 112 127745 72 523 802 49 1060 1109 104 385 1114 536 5911 7427
leaf_count=2043 702 337 1578 29 44 916 66 142 27 74 200 170 39 161 123 154 112 127745 72 523 802 49 1060 1109 104 385 1114 536 5911 7427
internal_value=-0.000438037 -0.0107068 -0.020035 -0.0213932 -0.00145631 -0.021652 0.0021197 0.00817308 -3.95244e-05 0.00562731 -4.99191e-05 0.010533 -0.00283381 0 -0.00553892 0.00216628 0.0056391 -4.04978e-05 0.000502678 0.00237206 -0.00101892 -0.00396592 0.00445114 0.00399954 8.49867e-05 0.000962733 0.00413341 0.0108594 7.94155e-05 -0.000784229
internal_weight=153754 5744 2860 2523 2884 2494 802 208 148010 271 147739 197 2082 594 167 427 266 147539 19794 3615 1374 851 2241 2169 16179 8050 1754 640 6296 8129
internal_count=153754 5744 2860 2523 2884 2494 802 208 148010 271 147739 197 2082 594 167 427 266 147539 19794 3615 1374 851 2241 2169 16179 8050 1754 640 6296 8129
cat_boundaries=0 1 2
cat_threshold=4 1
is_linear=0
shrinkage=0.05


Tree=238
num_leaves=31
num_cat=6
split_feature=20 18 20 15 18 18 10 14 18 0 18 3 3 1 0 3 3 0 1 3 3 3 16 3 3 0 20 15 20 12
split_gain=473.658 28.9154 5.34906 15.8478 9.2139 5.24303 2.95336 3.22715 2.46975 13.0876 20.0674 21.9245 33.3673 39.2288 22.1003 26.8113 59.9036 28.8862 20.5033 17.0963 16.9614 16.3824 11.1554 13.9281 35.51 27.5065 9.91556 9.48285 9.29663 8.43748
threshold=1.0000000180025095e-35 1.0000000180025095e-35 0.080481462141805085 0.4649631700476346 1.0000000180025095e-35 0.057511597938124721 7.8393286149895065 6.846039424273541 0.32124131563385538 0 0.70524132303200637 1.5000000000000002 2.5000000000000004 1 2 4.5000000000000009 5.5000000000000009 3 4 5.5000000000000009 3.5000000000000004 5.5000000000000009 0.77746277437946054 3.5000000000000004 2.5000000000000004 5 0.87327206558454729 3.0654494691438128 1.0828363443916185 5.4163225750585537
decision_type=8 8 8 8 8 10 10 8 10 1 10 2 2 1 1 2 2 1 1 2 2 2 10 2 2 1 10 10 10 10
left_child=1 -1 3 5 -5 -2 8 -8 -4 10 29 -12 13 27 20 18 17 -17 -16 22 -14 -22 -11 24 -24 -25 -26 -13 -21 -10
right_child=2 -3 6 4 -6 -7 7 -9 9 19 11 12 14 -15 15 16 -18 -19 -20 28 21 -23 23 25 26 -27 -28 -29 -30 -31
leaf_value=-9.7538072545422234e-07 -0.0063977271893267077 -9.3714078941986578e-06 -1.8970111538652026e-05 0.00025902724010283816 -0.00012413353823199637 -0.0026356839196691102 -0.0095791232244547345 0.0033223969550982392 -3.7050531762072851e-05 -7.8768289678032852e-05 -0.011836912862306393 0.00063459632054900799 0.036493972288945319 -0.009180079611562442 -0.016819082468957216 0.051791150049330242 -0.021442430029894058 -0.0060300613389671302 -0.0009763873983407612 0.0025640453146667853 -0.02968046107027569 0.016527897169488572 0.0019816648736968867 -0.053462499518178899 0.0057146425279923641 0.001254095322643245 0.021187176922584896 0.04930738152314134 0.020525353041210614 0.0046214806896643255
leaf_weight=2664 101 218 109976 53 341 87 32 216 8416 19282 808 75 180 219 738 352 432 151 280 3751 157 177 2020 173 359 1072 456 343 403 482
leaf_count=2664 101 218 109976 53 341 87 32 216 8416 19282 808 75 180 219 738 352 432 151 280 3751 157 177 2020 173 359 1072 456 343 403 482
internal_value=-0.000409703 -0.0204892 -2.67978e-05 -0.004811 0.000888325 -0.0167553 -8.30289e-06 0.00544355 -1.72985e-05 0.000317413 -0.00100234 -0.00398773 -0.00207796 0.00812402 -0.0047122 -0.00711921 -0.00104278 0.0106859 -0.0127701 0.000931846 0.00448473 -0.00209581 0.000406643 0.00278186 0.00471781 -0.00162651 0.0135276 0.0171053 0.00388782 0.000309058
internal_weight=154014 2882 151132 582 394 188 150550 248 150302 40326 12810 3912 3104 637 2467 1953 935 503 1018 27516 514 334 23362 4080 2835 1245 815 418 4154 8898
internal_count=154014 2882 151132 582 394 188 150550 248 150302 40326 12810 3912 3104 637 2467 1953 935 503 1018 27516 514 334 23362 4080 2835 1245 815 418 4154 8898
cat_boundaries=0 1 2 3 4 5 6
cat_threshold=35618 1 256 32 1 64
is_linear=0
shrinkage=0.05


Tree=239
num_leaves=31
num_cat=5
split_feature=20 17 22 17 20 1 4 18 4 22 22 9 21 20 20 1 17 18 9 4 1 19 22 17 17 15 4 22 1 1
split_gain=464.748 32.1896 10.1914 8.57527 16.6912 6.10105 9.59579 5.99931 3.36217 10.2008 8.45154 10.516 14.856 7.43929 12.2318 6.5987 10.4339 6.41914 6.4003 16.9581 12.1044 10.7539 7.67945 6.67264 6.30607 9.01676 6.95128 9.99719 9.61444 8.25295
threshold=1.0000000180025095e-35 1.0000000180025095e-35 7.0040384257758559 0.4751718843447002 0.080481462141805085 0 7.5000000000000009 0.057511597938124721 7.5000000000000009 6.4370935744835673 7.2395625226714939 1.0000000180025095e-35 7.1712726506405104 0.49657129449542098 0.28264063108802179 1 3.1355364227518554 0.66269532868220382 1.0000000180025095e-35 4.5000000000000009 2 3.0699317436910696 8.8216343874678422 4.559189759835963 6.2490336573834471 6.2830432724238596 3.5000000000000004 7.6915453848820405 3 4
decision_type=8 10 10 8 10 1 2 10 2 8 8 2 10 8 10 1 10 10 2 2 1 10 8 10 10 10 2 10 1 1
left_child=1 -1 5 4 7 6 -3 -2 18 13 11 -11 15 14 -10 -13 -17 -15 24 -20 21 -21 -22 -23 25 -5 28 29 -26 -28
right_child=3 2 -4 8 -6 -7 -8 -9 9 10 -12 12 -14 17 -16 16 -18 -19 19 20 22 23 -24 -25 26 -27 27 -29 -30 -31
leaf_value=-4.3055767577238059e-06 -0.0060778408298603707 -1.2173234837153935e-05 -9.2661168918373171e-07 4.6240551731241421e-05 -0.00062882555763171257 -9.2661168918373171e-07 0.00033388133640966381 -0.0021742401284121776 -0.0016162951398233094 0.00014892344194646914 3.0766319069674978e-06 0.0028010164995114664 -0.0016685512522790714 -0.015175452458266526 0.0016272181779804164 0.0045757062129173631 -0.00056404050466849485 -0.00094552046259444023 0.00017141176282691186 0.0034593199257437093 -0.002695515526543968 -0.00027425373064274842 0.0013674119491260185 -0.0037887339537787668 0.00086913763497173955 0.0046852955459029122 0.0015896670398112935 -0.0059629629411001922 -0.00078873759982003302 -0.00085438058518594318
leaf_weight=217 125 29 2383 55376 940 206 47 99 1373 17234 38371 2490 611 153 633 252 882 109 7754 273 3287 1918 184 301 4763 287 532 270 3513 9596
leaf_count=217 125 29 2383 55376 940 206 47 99 1373 17234 38371 2490 611 153 633 252 882 109 7754 273 3287 1918 184 301 4763 287 532 270 3513 9596
internal_value=-0.000356337 -0.0202464 -0.0217542 2.2468e-05 -0.00425258 -0.012766 -0.000657895 -0.0165179 5.56066e-05 0.000337316 0.000462066 0.00125646 0.00348878 -0.00295414 -0.00191924 0.00470475 0.00154321 -0.0108779 -0.000143094 -0.00113545 -0.0031402 -0.000481541 -0.00504898 -0.00163362 4.00204e-05 0.000306757 -0.000755061 -0.0016157 0.000326245 -0.00136256
internal_weight=154208 2882 2665 151326 1164 282 76 224 150162 62108 59840 21469 4235 2268 2006 3624 1134 262 88054 13717 5963 2492 3471 2219 74337 55663 18674 10398 8276 10128
internal_count=154208 2882 2665 151326 1164 282 76 224 150162 62108 59840 21469 4235 2268 2006 3624 1134 262 88054 13717 5963 2492 3471 2219 74337 55663 18674 10398 8276 10128
cat_boundaries=0 1 2 3 4 5
cat_threshold=4 2 4 1 2
is_linear=0
shrinkage=0.05


Tree=240
num_leaves=31
num_cat=3
split_feature=20 18 22 1 20 19 18 4 3 16 19 11 22 4 1 20 20 22 22 22 16 21 22 22 5 3 0 16 19 22
split_gain=470.794 33.6576 9.9609 7.90626 6.3835 10.0666 8.14707 5.54669 3.39779 7.3762 4.94817 5.27044 4.43131 4.173 5.24126 4.4803 3.88125 3.68082 3.6767 3.46856 3.04918 2.897 2.88639 2.8363 2.79479 2.66113 14.4943 9.92363 8.48764 7.41881
threshold=1.0000000180025095e-35 1.0000000180025095e-35 6.9966452390317579 0 0.094733191358820829 0.48010728640447298 0.057511597938124721 4.5000000000000009 5.5000000000000009 1.0000000180025095e-35 6.9438957143699716 3.5821281169751722 8.3412000329638847 1.5000000000000002 1 0.080481462141805085 0.088479740455672265 6.5912660675808166 7.6656696169533811 6.921919753593512 0.097117154169382505 9.3545179236839946 6.9447459022395996 7.1395748979590374 1.0000000180025095e-35 1.0000000180025095e-35 2 1.1251291805262569 5.2985297355613801 6.921919753593512
decision_type=8 8 10 1 8 10 10 2 2 8 10 10 10 2 1 10 10 8 10 8 10 10 10 10 2 2 1 10 8 8
left_child=1 2 3 7 5 6 -2 -1 10 -10 11 12 13 15 17 -7 -17 -15 22 -16 -11 25 -13 -8 -3 26 27 28 29 -6
right_child=4 24 -4 -5 21 8 23 -9 9 20 -12 18 -14 14 19 16 -18 -19 -20 -21 -22 -23 -24 -25 -26 -27 -28 -29 -30 -31
leaf_value=-2.0892446374348728e-05 -0.0057739487883673507 -2.6377572803548691e-06 -8.8028110472593299e-07 -8.8028110472593299e-07 0.0012122387268827862 5.2763034673702917e-05 0.00035559247947625775 0.00028812700861197696 -8.8923762226980618e-05 0.00033758886692558665 0.009236550318785253 -0.00036301342291525932 -0.0011871832380489613 0.0048046371137940138 -9.4012257654962911e-05 -9.5731910244645228e-06 4.9714412584217495e-05 0.00025594888642600512 0.0037867523901214729 -4.9168090401896516e-08 -0.00075233003601456183 0.0045338298602746741 -0.0051289736149634953 -0.0019150957662806653 -0.00010316133156277886 -1.0371381188245544e-05 0.0010968898034874109 -0.022673008860218516 -0.0018921751823486267 -4.0861207594372621e-05
leaf_weight=21 125 216 2415 209 1617 21 55 51 64 162 30 48 20 26 22 60 32 354 30 442 46 22 79 136 20 129311 11139 239 2881 4163
leaf_count=21 125 216 2415 209 1617 21 55 51 64 162 30 48 20 26 22 60 32 354 30 442 46 22 79 136 20 129311 11139 239 2881 4163
internal_value=-0.00038103 -0.0202251 -0.0218101 -0.0129004 3.97025e-06 -0.00299658 -0.0110759 0.00138889 -0.00121866 -0.00625 -4.29553e-05 -0.000573192 0.000793245 0.00128004 0.00248815 -0.00774336 -0.0125 0.00684211 -0.00907643 -0.00107759 -0.00168269 3.9164e-05 -0.0127953 -0.00458115 -0.00211864 3.64915e-05 0.000572633 -0.000931538 -0.000655236 0.000449827
internal_weight=154056 2932 2696 281 151124 1752 316 72 1436 272 1164 1134 977 957 844 113 92 380 157 464 208 149372 127 191 236 149350 20039 8900 8661 5780
internal_count=154056 2932 2696 281 151124 1752 316 72 1436 272 1164 1134 977 957 844 113 92 380 157 464 208 149372 127 191 236 149350 20039 8900 8661 5780
cat_boundaries=0 1 2 3
cat_threshold=4 2 343
is_linear=0
shrinkage=0.05


Tree=241
num_leaves=31
num_cat=2
split_feature=20 17 20 17 22 18 1 16 20 16 15 13 1 22 13 3 6 6 3 14 18 2 10 10 16 17 2 3 22 16
split_gain=464.831 32.708 9.50032 10.2624 7.10298 7.00084 4.88958 3.91611 5.41205 6.82549 4.51536 7.43 3.12326 3.81619 2.88247 2.8661 2.6627 2.51687 2.50155 2.40814 17.5802 17.1928 15.2551 12.0384 8.29129 8.0861 5.08924 10.8311 4.80127 3.62933
threshold=1.0000000180025095e-35 1.0000000180025095e-35 0.094733191358820829 0.4751718843447002 6.9966452390317579 0.057511597938124721 0 0.065334254315281143 0.080481462141805085 1.0000000180025095e-35 3.4730215503489421 4.0262437516319016 1 7.0909115107046174 0.43773436867694998 1.0000000180025095e-35 1.0000000180025095e-35 1.0000000180025095e-35 1.5000000000000002 4.9635434423932265 1.2301601052171762 1.5000000000000002 4.3888779169685508 5.0882132384568495 0.77746277437946054 5.7811680437422117 2.5000000000000004 3.5000000000000004 8.8216343874678422 1.4294203525726858
decision_type=8 10 8 8 10 10 1 8 10 10 10 10 1 8 8 2 2 2 2 10 8 2 8 8 10 8 2 2 10 10
left_child=1 15 3 5 6 -2 16 8 9 -5 12 -12 -9 -14 -7 -1 -3 18 -17 29 23 25 26 24 -21 -22 -23 -28 -25 -4
right_child=2 4 19 7 -6 14 -8 10 -10 -11 11 -13 13 -15 -16 17 -18 -19 -20 20 21 22 -24 28 -26 -27 27 -29 -30 -31
leaf_value=-9.4811124721855277e-05 -0.0054852513489489834 -1.3842179800471755e-05 1.6375993819828239e-05 0.00024376630891565499 -8.3626704949213435e-07 -0.0017568851078597514 -8.3626704949213435e-07 0.0015204205947257244 -6.5311100264642263e-06 -0.0013309199108005433 -0.0031516468645706123 0.0016978855253367176 -0.00015496103769719883 2.9551307717853859e-05 0.00029094322059133041 0.00011609452216235217 0.00029967552794597508 -0.00025747708042285212 -1.9732655424375967e-06 -0.0023737728628603128 0.034493953978241086 -0.033016945859165071 0.0078872357755634948 -0.00015384223876320214 0.0049824688343644841 0.0061047811712455768 0.038155140135539556 -0.014073578630545348 -0.0029462260305446412 -0.003849500466121647
leaf_weight=27 143 35 110167 51 2370 101 205 257 459 85 96 63 49 384 73 25 32 38 139 2510 311 130 376 33587 247 225 32 57 122 1803
leaf_count=27 143 35 110167 51 2370 101 205 257 459 85 96 63 49 384 73 25 32 38 139 2510 311 130 376 33587 247 225 32 57 122 1803
internal_value=-0.000489141 -0.0204197 -0.000111017 -0.00376207 -0.0219909 -0.0119085 -0.0143382 -0.00197368 -0.00508403 0.00367647 0.000206125 -0.00738994 0.00195652 -0.000635104 -0.00517241 -0.00229258 -0.00261194 -0.000247525 0.00243902 -6.80297e-05 -0.000414262 0.00572502 -0.00012605 -0.000604673 -0.00378128 0.0122201 -0.0106164 -0.00140449 -0.000344863 4.82272e-05
internal_weight=154199 2871 151328 1761 2642 317 272 1444 595 136 849 159 690 433 174 229 67 202 164 149567 37597 1131 595 36466 2757 536 219 89 33709 111970
internal_count=154199 2871 151328 1761 2642 317 272 1444 595 136 849 159 690 433 174 229 67 202 164 149567 37597 1131 595 36466 2757 536 219 89 33709 111970
cat_boundaries=0 1 2
cat_threshold=4 2
is_linear=0
shrinkage=0.05


Tree=242
num_leaves=31
num_cat=2
split_feature=20 17 22 20 17 18 4 0 22 17 18 13 21 15 17 12 21 5 22 0 22 16 4 20 20 22 17 4 20 17
split_gain=465.005 27.0303 8.53697 6.62923 8.59091 5.18518 4.81192 4.55994 3.46616 3.61966 7.271 3.29143 3.11447 2.85134 4.50753 2.56682 2.2189 2.11832 5.53372 4.46879 5.57207 5.93118 5.40148 4.80778 4.5033 5.88364 5.90361 4.35143 5.2671 7.26664
threshold=1.0000000180025095e-35 1.0000000180025095e-35 6.9966452390317579 0.094733191358820829 0.4751718843447002 0.057511597938124721 8.5000000000000018 0 6.9778068581994885 2.0647500501412157 0.10112513943210157 0.43773436867694998 7.1320980310634789 4.0114581261671995 3.5008063322392142 4.1934351800673904 7.2089702972815557 1.0000000180025095e-35 8.3412000329638847 1 7.5122316068503983 0.068754864210294669 10.500000000000002 0.92514880752484674 0.29965463159987182 6.0621216028152745 6.9867044099335995 3.5000000000000004 0.32842814375756396 2.9440602717029951
decision_type=8 10 10 8 8 10 2 1 10 8 10 8 8 8 10 10 8 2 10 1 10 8 2 10 10 8 10 2 10 8
left_child=1 16 6 4 5 -2 -3 -6 9 10 -9 -7 -10 14 -14 -15 -1 -5 19 22 24 -22 27 -24 -21 -26 -27 -19 29 -29
right_child=3 2 -4 17 7 11 -8 8 12 -11 -12 -13 13 15 -16 -17 -18 18 -20 20 21 -23 23 -25 25 26 -28 28 -30 -31
leaf_value=4.2583460195100291e-05 -0.005210988781501536 -7.9445369701725008e-07 -7.9445369701725008e-07 1.590540916680261e-05 -1.5583420044945617e-05 -0.0018351401051241861 -7.6745035233471985e-07 0.0040691770871458368 -7.0583943858393287e-06 0.00032599589246928851 -6.6265112108759847e-05 0.00027639605956176485 2.476926194033835e-06 0.0060448623956277821 -0.0024917150259713642 -0.00044435502304764898 -3.3342019689169837e-05 -0.0016393723271093564 0.0045356490927993881 0.00027324049433188338 0.00014150729672386675 -0.0015502928461623268 -0.0063082614434320844 0.0070326651169601686 0.01064116341872361 -0.0013909606819457743 0.0049860039415657422 0.0029150908030736392 0.0018401125012650567 -0.0013866203609346429
leaf_weight=49 135 213 2373 130266 202 105 70 55 268 384 29 75 418 31 71 27 180 2948 136 6507 168 1705 543 30 47 2745 136 323 1747 2297
leaf_count=49 135 213 2373 130266 202 105 70 55 268 384 29 75 418 31 71 27 180 2948 136 6507 168 1705 543 30 47 2745 136 323 1747 2297
internal_value=-0.000418225 -0.0203033 -0.0217244 -3.93004e-05 -0.00305556 -0.0105556 -0.0135159 -0.00146465 -0.000328693 0.00309829 0.0125 -0.005 -0.00230061 -0.000137112 -0.00138037 0.0103448 -0.00382096 -3.00806e-06 -0.000491413 -0.000562617 7.51016e-05 -0.00241591 -0.00147506 -0.00615183 0.000569687 -0.00105874 -0.00134502 -0.00111073 -0.00010877 -0.00152672
internal_weight=154283 2885 2656 151398 1800 315 283 1485 1283 468 84 180 815 547 489 58 229 149598 19332 19196 11308 1873 7888 573 9435 2928 2881 7315 4367 2620
internal_count=154283 2885 2656 151398 1800 315 283 1485 1283 468 84 180 815 547 489 58 229 149598 19332 19196 11308 1873 7888 573 9435 2928 2881 7315 4367 2620
cat_boundaries=0 1 2
cat_threshold=2050 3177
is_linear=0
shrinkage=0.05


Tree=243
num_leaves=31
num_cat=3
split_feature=18 19 19 18 3 22 4 22 22 18 19 3 15 4 10 3 22 4 1 15 22 18 21 1 19 4 18 0 5 22
split_gain=350.646 142.049 8.31515 12.929 8.26293 7.76862 6.9036 6.31035 4.97979 4.87126 4.62337 3.83838 3.77074 3.65688 3.64524 3.27118 4.36954 3.68171 3.20838 3.12387 2.63721 2.60999 2.59738 2.5311 2.99484 2.50705 2.42068 2.41921 4.95245 2.75412
threshold=1.0000000180025095e-35 0.6933121904001478 0.48010728640447298 0.057511597938124721 5.5000000000000009 7.5207830854981434 6.5000000000000009 7.062844356261694 6.5912660675808166 0.20318389976382753 0.74385949482193026 4.5000000000000009 0.38814794195493374 2.5000000000000004 1.0471650770867935 5.5000000000000009 7.1130808638281939 11.500000000000002 0 0.38814794195493374 7.9289399050493179 0.16409650172846221 7.6513571967694611 1 0.73026094190808244 9.5000000000000018 0.12998615419336848 2 1.0000000180025095e-35 7.054600554839233
decision_type=8 10 8 8 2 8 2 10 10 10 10 2 8 2 10 2 8 2 1 8 8 10 8 1 10 2 8 1 2 10
left_child=1 7 3 11 5 6 14 -1 -8 15 -6 -2 -4 -7 27 16 -5 20 -9 -11 -18 -19 -21 -10 -25 26 -17 28 -3 -29
right_child=2 4 12 9 10 13 8 18 23 19 -12 -13 -14 -15 -16 25 17 21 -20 22 -22 -23 -24 24 -26 -27 -28 29 -30 -31
leaf_value=-7.5473101216472218e-07 -0.0049504393424264605 2.9923749207738659e-05 -0.0063551540107283895 0.0010909807063709919 -9.4546376604409685e-05 -1.3542438548230786e-06 0.00010650033511879765 -7.5473101216472218e-07 -1.5041408769794762e-05 0.0033393122775335821 -3.7465881334475264e-05 -0.0021212391384474948 2.2673446050447409e-06 4.1416550926498545e-05 0.0024127156994144805 0.00065050221331683096 -0.0015787432924588383 -0.0040357354086714928 -7.5473101216472218e-07 0.0024049371164189485 -0.0047871198193150059 0.0060961733201666951 -0.0016945942851093049 -1.8417759637262554e-05 6.0805902007493589e-06 -0.0023742645775805316 0.008671121326633913 -4.7182480681307037e-05 -5.8516348058479384e-06 7.097545360434943e-07
leaf_weight=383 102 139 68 58 99 41 29 1495 174 76 79 37 148590 262 35 65 430 20 796 57 172 21 89 77 106 33 25 53 25 132
leaf_count=383 102 139 68 58 99 41 29 1495 174 76 79 37 148590 262 35 65 430 20 796 57 172 21 89 77 106 33 25 53 25 132
internal_value=-0.00041296 -0.0151656 -2.65278e-05 -0.00419831 -0.00125899 0.000396086 -0.00227273 -0.0216717 -0.00699482 -0.00229446 -0.011236 -0.0185252 6.72685e-06 0.00717822 0.00247396 -0.00406553 -0.00538516 -0.00657076 -0.0226648 0.00427928 -0.00755814 0.00792683 0 -0.00861345 -0.0045082 0.00345528 0.00777778 0.000931232 0.00517241 -0.00294872
internal_weight=153768 3925 149843 1185 1251 1073 770 2674 386 1046 178 139 148658 303 384 824 701 643 2291 222 602 41 146 357 183 123 90 349 164 185
internal_count=153768 3925 149843 1185 1251 1073 770 2674 386 1046 178 139 148658 303 384 824 701 643 2291 222 602 41 146 357 183 123 90 349 164 185
cat_boundaries=0 1 2 3
cat_threshold=4 4 16
is_linear=0
shrinkage=0.05


Tree=244
num_leaves=31
num_cat=4
split_feature=20 17 20 17 22 18 4 1 3 4 22 6 3 11 16 6 12 0 1 17 3 22 4 17 17 20 0 16 17 12
split_gain=441.666 35.8445 8.81243 9.64715 7.44928 5.35517 5.24939 5.93939 3.81277 3.61444 3.57406 2.57162 2.40785 5.16926 4.81412 3.23697 3.05678 2.70736 4.70222 4.33325 3.57034 2.68712 2.67207 2.3807 3.0081 2.35759 10.4978 7.32837 5.04226 6.08797
threshold=1.0000000180025095e-35 1.0000000180025095e-35 0.094733191358820829 0.4751718843447002 6.9966452390317579 0.057511597938124721 8.5000000000000018 0 5.5000000000000009 2.5000000000000004 7.6386229451998195 1.0000000180025095e-35 5.5000000000000009 3.435597511835168 1.0000000180025095e-35 1.0000000180025095e-35 3.435597511835168 1 2 3.4340602586661135 1.0000000180025095e-35 7.0587789192180264 3.5000000000000004 6.3242577404529818 3.9800401347763081 0.13164897187499633 3 0.068754864210294669 3.7335275093235825 2.7113724724615449
decision_type=8 10 8 8 10 10 2 1 2 2 8 2 2 10 8 2 10 1 1 10 2 8 2 10 10 10 1 8 8 8
left_child=1 11 3 5 6 8 -3 -8 -2 10 -5 -1 13 17 -14 16 -15 18 21 -19 -20 -11 -23 24 -16 26 28 -28 -4 -30
right_child=2 4 25 9 -6 -7 7 -9 -10 12 -12 -13 14 15 23 -17 -18 19 20 -21 -22 22 -24 -25 -26 -27 27 -29 29 -31
leaf_value=2.1539773747913938e-06 -0.0047029173753051386 -7.1699446155815141e-07 -2.9904482220757812e-05 -8.6532635502956093e-06 -7.1699446155815141e-07 -0.001418424630673887 0.0002847678606169024 -6.913412841091926e-07 0.00012816862952318709 -0.00015990445410073997 0.00020145923479638063 -0.00026938144967000313 -8.4700107179319645e-05 0.00024630501413019923 -0.00031451372491013988 0.00058685260100561638 -0.003225467869197174 -2.2857561372324753e-05 -0.001216374067870002 0.0015633758388453379 0.0024597430013794889 0.00023127073898929207 -1.1044073726373949e-06 -0.0066619261919638852 0.0040919593338899938 2.2563852976309475e-05 -2.5858785514087934e-05 0.0002622813361525922 -0.050193756280390495 -0.0021720172405373275
leaf_weight=189 112 206 1670 249 2329 183 44 22 22 23 51 40 49 34 124 61 73 193 31 65 194 22 180 52 23 142015 475 3220 36 1784
leaf_count=189 112 206 1670 249 2329 183 44 22 22 23 51 40 49 34 124 61 73 193 31 65 194 22 180 52 23 142015 475 3220 36 1784
internal_value=-0.000377022 -0.019947 -1.01033e-05 -0.00354681 -0.0216167 -0.0114353 -0.0137868 -0.00151515 -0.0190299 -0.00179073 -0.00666667 -0.000982533 -0.000489324 0.000742009 -0.00483871 -0.00714286 -0.0123832 0.00261299 0.0048913 -0.00149254 0.0101111 -0.000111111 0.00173267 -0.00138191 0.00187075 3.11662e-05 -0.00085247 0.0010054 -0.00281429 -0.00464286
internal_weight=153771 2830 150941 1741 2601 317 272 66 134 1424 300 229 1124 876 248 168 107 708 450 258 225 225 202 199 147 149200 7185 3695 3490 1820
internal_count=153771 2830 150941 1741 2601 317 272 66 134 1424 300 229 1124 876 248 168 107 708 450 258 225 225 202 199 147 149200 7185 3695 3490 1820
cat_boundaries=0 1 2 3 4
cat_threshold=4 276 4 10844
is_linear=0
shrinkage=0.05


Tree=245
num_leaves=31
num_cat=7
split_feature=20 17 20 17 16 22 4 1 4 3 22 17 15 20 22 21 3 1 0 1 1 22 22 20 20 0 3 0 3 16
split_gain=466.709 29.4094 10.1235 8.72034 6.35356 5.25945 5.21394 4.72256 6.5153 4.66474 4.00843 4.08058 6.76596 3.28445 3.59147 3.04211 2.89023 2.79689 2.695 9.45233 8.75447 9.72937 7.76214 7.74335 7.56477 19.7355 7.29574 19.8302 19.8163 11.1287
threshold=1.0000000180025095e-35 1.0000000180025095e-35 0.094733191358820829 0.4751718843447002 0.046145997888446519 6.9966452390317579 1.5000000000000002 0 7.5000000000000009 4.5000000000000009 7.1045115979425928 0.81352286644635485 2.1163531239018316 0.080481462141805085 7.1806624576643179 7.0044280632177705 4.5000000000000009 1 2 3 4 7.6014044158093066 7.8680826504396242 0.54769278941344857 0.68546791524521089 5 2.5000000000000004 6 3.5000000000000004 0.86352270823626776
decision_type=8 10 8 8 10 10 2 1 2 2 10 8 8 10 10 8 2 1 1 1 1 10 10 8 8 1 2 1 2 10
left_child=1 -1 3 4 -2 7 -5 8 -3 -6 11 15 -13 -12 16 -8 -15 -7 19 24 21 -20 -22 -24 -4 26 27 -26 29 -28
right_child=2 5 18 6 9 17 10 -9 -10 -11 13 12 -14 14 -16 -17 -18 -19 20 -21 22 -23 23 -25 25 -27 28 -29 -30 -31
leaf_value=-1.2113375272687632e-05 -0.0044677715065398809 -1.303676185190894e-05 -6.7846495884804628e-05 -4.0884094255144722e-05 -0.00180360235518241 -6.8114473847913361e-07 -3.2923910326437823e-05 -6.8114473847913361e-07 0.0002705294675860559 0.0008447319113829635 4.7150053809991159e-05 0.0044828515768965127 0.00051505760100520879 -3.6060041989594009e-05 -1.1855336109151127e-05 2.291408985827248e-06 -3.1664367980560608e-05 -6.8114473847913361e-07 0.00017628248846819351 9.1691616227196359e-05 -0.00048618422413275746 0.0033100164016083957 0.00031660368733679169 0.007211305413501368 -0.024218032169393968 -0.009220720718372738 0.0040024486142469671 0.0026335490464463015 -0.0050052671539889239 0.043809820740301465
leaf_weight=237 78 27 17044 142 170 1551 95 204 42 70 169 63 383 73 409 76 29 824 21666 58408 44786 1447 4140 491 315 261 245 190 614 105
leaf_count=237 78 27 17044 142 170 1551 95 204 42 70 169 63 383 73 409 76 29 824 21666 58408 44786 1447 4140 491 315 261 245 190 614 105
internal_value=-0.000433743 -0.0203553 -5.43015e-05 -0.00382755 -0.0113208 -0.0218656 -0.00217165 -0.015293 -0.00398551 -0.00729167 -0.00117579 0.0017423 0.00426009 -0.00382353 -0.00582192 -0.00482456 -0.0142157 -0.0226211 -1.00192e-05 0.000195616 -0.000228839 0.000574352 -0.000604549 0.0013442 -0.000780335 -0.00393064 -0.00160581 -0.00648515 0.00093361 0.0104286
internal_weight=154354 2885 151469 1757 318 2648 1439 273 69 240 1297 617 446 680 511 171 102 2375 149712 77182 72530 23113 49417 4631 18774 1730 1469 505 964 350
internal_count=154354 2885 151469 1757 318 2648 1439 273 69 240 1297 617 446 680 511 171 102 2375 149712 77182 72530 23113 49417 4631 18774 1730 1469 505 964 350
cat_boundaries=0 1 2 3 4 5 6 7
cat_threshold=4 4 37655 4 4 33027 256
is_linear=0
shrinkage=0.05


Tree=246
num_leaves=31
num_cat=3
split_feature=20 17 20 19 18 22 1 4 18 22 10 14 10 3 16 22 0 3 20 18 4 3 3 3 3 11 3 0 19 10
split_gain=453.487 36.9045 7.65821 8.96845 8.4231 7.33185 5.056 5.19231 3.76239 3.87803 3.32756 3.92069 3.17251 3.92962 3.59828 3.27737 3.07542 9.79835 14.9899 10.3549 10.2334 9.76339 18.0156 17.5435 22.9286 7.4264 7.06721 16.6541 11.5224 10.1357
threshold=1.0000000180025095e-35 1.0000000180025095e-35 0.094733191358820829 0.48010728640447298 0.057511597938124721 6.9966452390317579 0 7.5000000000000009 0.11082534949072302 8.3902758943614213 7.8393286149895065 6.8036162330832139 3.5821281169751722 5.5000000000000009 1.0000000180025095e-35 7.7155876863477983 1 1.0000000180025095e-35 1.6572896647928148 1.9813939450859666 3.5000000000000004 1.5000000000000002 2.5000000000000004 3.5000000000000004 5.5000000000000009 4.7099804489789596 2.5000000000000004 2 5.2624668362929254 6.7216063910293151
decision_type=8 10 8 10 10 10 1 2 10 10 10 8 10 2 8 10 1 2 10 10 2 2 2 2 2 8 2 1 10 10
left_child=1 -1 3 4 -2 6 7 -3 9 12 16 -12 13 -5 -15 -14 17 18 20 -19 -4 -21 -23 -24 -25 -22 27 -18 -29 -28
right_child=2 5 10 8 -6 -7 -8 -9 -10 -11 11 -13 15 14 -16 -17 26 19 -20 21 25 22 23 24 -26 -27 29 28 -30 -31
leaf_value=-6.5659730613287783e-06 -0.0042443829312128869 -1.2384923759312106e-05 -0.00071597663044598026 5.1007558206805916e-06 -0.00097272180130966723 -6.4708750155406669e-07 -6.4708750155406669e-07 0.00025700299420675088 -5.614936095357792e-05 -0.00069237921580891373 -0.010572251852408444 0.0040419476293823697 -0.0022767614669383595 -4.3131837329923874e-05 -0.0001039047804124893 0.0056742822535092111 -0.01839746166873283 -0.0003772782925825613 -0.027815014838330911 0.026978953545645657 0.00041408064818078129 -0.056198878857009804 0.027576377018411868 -0.038810265238856535 0.019429251757160062 0.0027481058484664536 8.3107192699971583e-05 3.3703141966048847e-05 -0.00096014111272362261 0.0017031684341111131
leaf_weight=246 137 26 2035 733 199 2357 205 39 297 23 38 220 180 49 131 21 506 58506 179 224 2453 132 201 148 191 3424 43424 25820 9430 2666
leaf_count=246 137 26 2035 733 199 2357 205 39 297 23 38 220 180 49 131 21 506 58506 179 224 2453 132 201 148 191 3424 43424 25820 9430 2666
internal_value=-0.000465508 -0.0201444 -9.1995e-05 -0.00336158 -0.0107143 -0.0218786 -0.0140741 -0.00192308 -0.00163877 -0.000329815 -5.33099e-05 0.00562016 8.97666e-05 0.00134173 -0.00527778 -0.00559701 -6.31114e-05 -0.000312949 0.00131937 -0.000535336 0.00164307 0.00479911 0.00178571 0.00583333 -0.00110619 0.00270121 0.000142934 -0.000384551 -0.000253829 0.000552181
internal_weight=154240 2873 151367 1770 336 2627 270 65 1434 1137 149597 258 1114 913 180 201 149339 67493 8091 59402 7912 896 672 540 339 5877 81846 35756 35250 46090
internal_count=154240 2873 151367 1770 336 2627 270 65 1434 1137 149597 258 1114 913 180 201 149339 67493 8091 59402 7912 896 672 540 339 5877 81846 35756 35250 46090
cat_boundaries=0 1 2 3
cat_threshold=4 25832 256
is_linear=0
shrinkage=0.05


Tree=247
num_leaves=31
num_cat=3
split_feature=20 17 22 17 20 22 20 22 22 1 4 20 20 22 15 20 17 4 14 6 1 4 19 22 14 17 19 0 20 21
split_gain=452.481 35.7953 7.28248 6.88813 7.1876 6.10711 5.3833 4.79352 5.97737 4.37124 6.34885 4.31898 4.55966 3.97736 3.33203 3.29269 3.23061 3.76955 3.0566 2.98894 4.86507 3.7544 2.98308 2.84381 4.63716 2.83909 2.81445 3.20482 3.64998 2.76196
threshold=1.0000000180025095e-35 1.0000000180025095e-35 6.9966452390317579 0.74879815593132204 0.16094307490559948 6.9158047398560543 0.76199920273609778 7.062844356261694 6.4499223216184403 0 7.5000000000000009 0.32052206463140087 0.28687782410164803 7.235312614376169 0.96345725263205595 0.080481462141805085 0.72693593956895908 7.5000000000000009 0.50031594015395309 1.0000000180025095e-35 1 6.5000000000000009 0.79978334585413824 7.9289399050493179 0.55920745798214477 0.73369413902673986 0.6933121904001478 2 0.28113920260340364 6.3430009264237421
decision_type=8 10 10 8 10 8 10 8 10 1 2 10 10 10 8 10 10 2 10 2 1 2 10 10 8 10 8 1 10 10
left_child=1 -1 9 4 7 -6 11 8 -2 10 -3 12 16 18 -13 -10 17 -7 -14 -9 25 -22 -18 -19 -25 -21 27 28 -5 -17
right_child=3 2 -4 26 5 6 -8 19 15 -11 -12 14 13 -15 -16 29 22 23 -20 20 21 -23 -24 24 -26 -27 -28 -29 -30 -31
leaf_value=-4.8580576088919084e-06 0.00015757448863261693 -1.1765677571345946e-05 -6.1473312647497564e-07 0.0012977294589533923 -0.00031750796909955637 -1.549529354303858e-05 -0.0019441628267151873 -4.414621220133475e-06 -0.0040321637846522434 -6.1473312647497564e-07 0.00024415284449641472 0.0019744295986697052 -0.0037949144544639382 -0.0032006956764138203 -0.00097902778396880279 3.5556443064621582e-05 1.3309497905988899e-05 0.00015005356594278152 0.0058349792222329062 -1.7537268045353384e-05 2.5438434882008034e-06 -8.1786336064904047e-05 -0.0001841008150138046 -0.002203262979783023 0.00085216586546557063 0.00015332564417885333 1.6320535051406183e-06 -0.0069746081924454868 -0.0015388189643511685 -6.8247873660629016e-05
leaf_weight=227 25 29 2377 58 189 1215 28 1487 51 213 43 406 53 230 84 42 213 412 53 245 84 543 170 100 131 38 144868 107 57 280
leaf_count=227 25 29 2377 58 189 1215 28 1487 51 213 43 406 53 230 84 42 213 412 53 245 84 543 170 100 131 38 144868 107 57 280
internal_value=-0.000448857 -0.0200502 -0.0216754 -7.42546e-05 -0.00172315 -0.000137028 0.0003958 -0.00358676 -0.00866834 -0.0141228 -0.00347222 0.000595044 -0.000223128 -0.00565476 0.00489796 -0.0102547 0.000591254 0.00145318 0.00235849 -0.00274301 -0.005 -0.00745614 -0.00359008 0.00454899 0.000108225 0.000441696 -5.16921e-06 -0.00563063 0.0006 -0.00838509
internal_weight=154058 2889 2662 151169 6079 3284 3095 2795 398 285 72 3067 2577 336 490 373 2241 1858 106 2397 910 627 383 643 231 283 145090 222 115 322
internal_count=154058 2889 2662 151169 6079 3284 3095 2795 398 285 72 3067 2577 336 490 373 2241 1858 106 2397 910 627 383 643 231 283 145090 222 115 322
cat_boundaries=0 1 2 3
cat_threshold=4 2 258
is_linear=0
shrinkage=0.05


Tree=248
num_leaves=31
num_cat=5
split_feature=20 18 18 19 0 22 3 20 20 1 4 19 22 3 4 22 21 18 16 19 15 20 16 14 5 1 0 4 1 16
split_gain=462.855 30.0663 8.20568 10.1294 8.84157 7.43048 7.07391 5.10232 6.87659 5.0289 6.38966 4.81116 4.77111 4.46339 4.28607 4.75895 5.56411 3.39993 3.05336 3.04054 5.16834 2.81152 3.97903 3.61066 2.76592 2.7038 2.54389 12.4036 7.50428 8.62813
threshold=1.0000000180025095e-35 1.0000000180025095e-35 0.084330355425894885 0.48010728640447298 0 6.9966452390317579 4.5000000000000009 0.15782707927827186 0.2618558447703096 1 7.5000000000000009 7.3480325377870965 7.028958264729229 5.5000000000000009 6.5000000000000009 6.4888765563634871 7.6016521472294505 0.057511597938124721 0.068754864210294669 4.2708115296442815 4.0240811739825135 0.080481462141805085 1.0000000180025095e-35 0.55920745798214477 1.0000000180025095e-35 2 3 11.500000000000002 4 0.37469279246477089
decision_type=8 8 8 10 1 10 2 10 10 1 2 10 10 2 2 8 10 10 10 10 8 10 8 10 2 1 1 2 1 10
left_child=1 5 3 6 7 9 17 12 -9 10 -1 -10 -5 14 -6 -16 19 -2 -18 20 -17 22 -14 -23 -25 -7 27 28 -4 -30
right_child=2 -3 26 4 13 25 -8 8 11 -11 -12 -13 21 -15 15 16 18 -19 -20 -21 -22 23 -24 24 -26 -27 -28 -29 29 -31
leaf_value=-1.1177393692779481e-05 -0.0038347847703303407 -1.0936504975539442e-05 -0.00017850528819929323 0.00029176944472690812 -1.9095567492244393e-07 -5.8399647014928399e-07 0.00065715791731671414 0.00022247197700133727 -0.00020348783465360678 -5.8399647014928399e-07 0.00023194520227159401 0.0049475961486832977 0.0002168386265903044 -0.00054039088264032646 0.00018705656477148726 -5.8733864570215125e-05 2.7155863035827069e-05 -0.0014938074388091138 -0.0055912395162045526 -0.0064356557273467898 0.00012869135840846703 1.3166440855527652e-06 -0.0012017101752279298 -1.3825106955983603e-05 -0.0001067898876814577 -5.8399647014928399e-07 -2.2873148127500188e-05 -0.0019446613550415826 0.00066361025095988961 0.0062737182065201631
leaf_weight=30 94 224 5859 328 657 1554 78 393 206 199 41 27 31 306 21 325 135 110 34 134 83 177 90 289 51 839 130911 1251 9402 349
leaf_count=30 94 224 5859 328 657 1554 78 393 206 199 41 27 31 306 21 325 135 110 34 134 83 177 90 289 51 839 130911 1251 9402 349
internal_value=-0.000439933 -0.0202719 -6.16158e-05 -0.00243065 -0.00165044 -0.0217518 -0.0115248 0.00102996 0.00455272 -0.0138889 -0.00246479 -0.00225322 -0.00124224 -0.00414956 -0.00296976 -0.00560109 -0.00629395 -0.0164216 0.00162722 -0.00876384 -0.00661765 -0.00376176 0.00309917 -0.0053675 -0.00838235 -0.0226389 -4.39867e-06 0.000573469 0.000957719 0.00180751
internal_weight=154228 2887 151341 3569 3287 2663 282 1592 626 270 71 233 966 1695 1389 732 711 204 169 542 408 638 121 517 340 2393 147772 16861 15610 9751
internal_count=154228 2887 151341 3569 3287 2663 282 1592 626 270 71 233 966 1695 1389 732 711 204 169 542 408 638 121 517 340 2393 147772 16861 15610 9751
cat_boundaries=0 1 2 3 4 5
cat_threshold=33585 4 4 4356 4
is_linear=0
shrinkage=0.05


Tree=249
num_leaves=31
num_cat=6
split_feature=20 8 20 15 20 0 0 1 3 14 14 0 6 15 21 16 4 16 3 3 13 3 20 9 3 5 15 3 0 1
split_gain=464.987 13.6494 6.64914 9.12986 6.17812 5.73166 4.80243 7.28276 4.35865 3.80317 4.59423 3.28221 3.1743 4.6926 4.03691 4.41871 3.46894 3.1623 3.03464 2.94148 5.18869 2.87161 3.76748 3.30926 2.91557 4.0574 2.8758 2.8193 11.5438 7.35465
threshold=1.0000000180025095e-35 1.5000000000000002 0.13164897187499633 0.4649631700476346 0.080481462141805085 0 1 2 4.5000000000000009 2.947063657109513 3.7388586794858525 3 1.0000000180025095e-35 5.3703718702246652 6.8029500104663247 0.046145997888446519 7.5000000000000009 0.18132950884683138 5.5000000000000009 1.5000000000000002 3.0933100309410118 1.5000000000000002 0.080481462141805085 1.0000000180025095e-35 5.5000000000000009 1.0000000180025095e-35 4.0555174813860324 1.0000000180025095e-35 4 5
decision_type=8 2 8 8 10 1 1 1 2 8 8 1 2 10 10 10 2 8 2 2 8 2 10 2 2 2 10 2 1 1
left_child=1 -1 3 4 18 12 -3 -8 9 -7 -11 -10 13 17 -14 16 -16 21 -2 -17 -21 -5 -23 24 26 -26 -24 28 29 -4
right_child=2 6 27 5 -6 8 7 -9 11 10 -12 -13 14 -15 15 19 -18 -19 -20 20 -22 22 23 -25 25 -27 -28 -29 -30 -31
leaf_value=-5.5479664664015444e-07 -0.003638816356903113 -5.5479664664015444e-07 0.003619655533809807 -0.00017882989999541967 -0.001193476125737801 -3.6116895603011125e-06 -1.4875582611484362e-06 -5.5479664664015444e-07 -0.00017406675305262632 0.0025436348416505552 0.00015872993979549333 0.001917496066374258 -0.00060840092822775924 0.0061537447883914798 2.2225069103182228e-06 0.0019127312615667691 -9.250355395039046e-05 3.5091211707066754e-05 -0.0001634050156907152 0.0029512081230603118 -0.00019689371610333018 0.00022354102466212722 -1.8594785914510803e-05 -0.0063207302836705281 -0.0011283832610349542 0.002802378234482439 0.002431288160778422 -3.3529361272566228e-05 -5.6406547004930753e-05 0.00082209237817520986
leaf_weight=349 162 1822 1527 431 310 988 75 673 779 246 1112 250 219 20 48 131 85 232 34 99 294 28 725 39 175 37 77 125353 13628 4291
leaf_count=349 162 1822 1527 431 310 988 75 673 779 246 1112 250 219 20 48 131 85 232 34 99 294 28 725 39 175 37 77 125353 13628 4291
internal_value=-0.000471833 -0.0202381 -9.05366e-05 -0.00165235 -0.00810277 -0.00110973 -0.0214981 -0.0168865 0.000258493 0.00144928 0.00316642 -0.00245384 -0.00284906 -0.00408163 -0.000399543 0.00156012 -0.00657895 -0.0043578 -0.015051 0.00362595 0.0014631 -0.0051918 -0.00381591 -0.00429725 -0.00374753 -0.00896226 -0.00236908 -2.02004e-05 0.000539957 0.0024022
internal_weight=154239 2919 151320 6521 506 6015 2570 748 3375 2346 1358 1029 2640 1764 876 657 133 1744 196 524 393 1512 1081 1053 1014 212 802 144799 19446 5818
internal_count=154239 2919 151320 6521 506 6015 2570 748 3375 2346 1358 1029 2640 1764 876 657 133 1744 196 524 393 1512 1081 1053 1014 212 802 144799 19446 5818
cat_boundaries=0 1 2 3 4 5 6
cat_threshold=2566 16 4 37168 29856 1
is_linear=0
shrinkage=0.05


Tree=250
num_leaves=31
num_cat=2
split_feature=20 17 22 18 17 20 1 4 22 16 22 16 15 15 15 13 17 17 22 12 20 13 15 17 20 15 1 22 10 20
split_gain=458.445 29.9349 6.90584 4.87907 10.7617 5.37389 3.78285 6.03712 3.39135 3.26177 2.3698 4.41368 4.38739 3.00857 5.38241 3.53348 4.35581 2.93841 2.8707 2.50939 2.48352 3.00548 4.55606 3.95664 4.63818 3.18379 3.10406 3.41054 3.07098 2.51145
threshold=1.0000000180025095e-35 1.0000000180025095e-35 6.9966452390317579 0.084330355425894885 0.4751718843447002 0.080481462141805085 0 7.5000000000000009 6.9638999774350436 0.046145997888446519 7.505115414509107 0.084335439995838729 6.2830432724238596 0.69331376394879285 3.309256445875921 5.8270314912734955 6.8497772202431122 5.8490748518935165 6.6121930643885127 3.4980204219247493 0.55799555584120741 5.6712583343199432 3.6733346334645884 2.9218467950147082 0.094733191358820829 2.9450137272358168 1 7.2493058327794762 0.97438160901885995 0.13164897187499633
decision_type=8 10 10 8 10 10 1 2 8 10 8 10 10 8 8 8 10 10 10 8 10 10 10 10 10 10 1 10 10 10
left_child=1 -1 6 4 5 9 7 -3 -9 -2 18 12 13 -12 -15 19 17 -17 -6 -16 21 22 23 24 28 -25 27 -26 -20 -28
right_child=3 2 -4 -5 10 -7 -8 8 -10 -11 11 -13 -14 14 15 16 -18 -19 20 -21 -22 -23 -24 25 26 -27 29 -29 -30 -31
leaf_value=-1.0361939894432126e-05 -0.0034568755390579579 -1.0590784175806835e-05 -5.2705681430897935e-07 2.1309124422674853e-05 0.000167140512838887 -0.00071943913722223585 -5.2705681430897935e-07 -0.0018512067955254174 0.00022352771128367755 -0.001612263459479635 9.8092691744877669e-06 -0.0040493333761671751 0.0066347139925561297 -0.0064826470714150824 0.0032829871416363179 -2.6874224986128683e-05 0.0036608019318892463 -0.0046554100116725783 2.4035869567728962e-06 0.0011636821037245726 -0.0027912984567656841 0.0035075125131653895 -0.0033404913350270518 0.0052595026496339405 -1.4300501508310305e-05 0.00079317579163482596 -6.3260157544720028e-05 0.00016856222347546581 -0.0047146389586446846 -3.2619653571297479e-05
leaf_weight=224 77 30 2350 147818 221 113 200 20 23 121 350 109 62 58 22 275 111 192 314 129 24 93 217 20 136 263 169 48 20 377
leaf_count=224 77 30 2350 147818 221 113 200 20 23 121 350 109 62 58 22 275 111 192 314 129 24 93 217 20 136 263 169 48 20 377
internal_value=-0.000345038 -0.020223 -0.0217213 2.89086e-05 -0.00181057 -0.0106913 -0.0141941 -0.00445205 0.00755814 -0.0156566 -0.000950156 0.000688073 0.0015638 0.00085752 -0.000857687 0.000308642 -0.00147059 -0.00358672 -0.00207676 0.00711921 -0.00278108 -0.00254979 -0.00306905 -0.00198589 -0.00338346 0.00326855 -0.00561644 0 0.00149701 -0.00750916
internal_weight=154186 2847 2623 151339 3521 311 273 73 43 198 3210 1308 1199 1137 787 729 578 467 1902 151 1681 1657 1564 1347 1064 283 730 184 334 546
internal_count=154186 2847 2623 151339 3521 311 273 73 43 198 3210 1308 1199 1137 787 729 578 467 1902 151 1681 1657 1564 1347 1064 283 730 184 334 546
cat_boundaries=0 1 2
cat_threshold=4 1
is_linear=0
shrinkage=0.05


Tree=251
num_leaves=31
num_cat=6
split_feature=20 17 22 20 0 1 18 22 22 19 20 21 18 11 0 1 1 20 22 3 22 6 20 15 4 0 18 15 17 22
split_gain=465.284 33.3898 7.20902 5.3285 12.7505 7.2351 10.1813 7.7457 6.06946 5.37765 8.83386 7.39932 5.47784 5.22304 5.03483 8.37879 6.35774 4.70345 5.0901 3.89993 3.64594 3.62485 4.54784 4.36354 3.45459 6.24016 5.17737 6.85222 3.33339 5.97708
threshold=1.0000000180025095e-35 1.0000000180025095e-35 6.921919753593512 0.13164897187499633 0 1 0.09401274980262693 7.6656696169533811 7.7751011027017771 0.63102192797740631 0.080481462141805085 7.1320980310634789 0.057511597938124721 4.1279401869922632 2 3 4 0.080481462141805085 8.551412005653015 1.5000000000000002 6.2705729698616794 1.0000000180025095e-35 0.1247995270334528 5.0691547090292959 4.5000000000000009 5 0.09401274980262693 7.3183046819880024 3.7531982166451665 7.8372719368959496
decision_type=8 10 10 10 1 1 10 8 8 10 8 8 10 10 1 1 1 10 8 2 10 2 10 8 2 1 10 8 10 10
left_child=1 -1 -3 4 9 6 8 -7 19 10 12 -12 -2 14 16 -16 -13 20 28 -6 -11 23 -23 -8 25 -9 -27 -28 29 -19
right_child=3 2 -4 -5 5 7 21 24 -10 17 11 13 -14 -15 15 -17 -18 18 -20 -21 -22 22 -24 -25 -26 26 27 -29 -30 -31
leaf_value=-8.2746524255328247e-06 -0.0033847207159053982 -5.0070397359380794e-07 -5.0070397359380794e-07 -6.4879599381173493e-06 0.0034120839231673306 -0.0019042067301514366 0.0019886838421458554 0.0061182970307261724 -0.008583950794466522 -0.00018401812198646229 0.0026620209278124503 0.0040852028984792732 -0.0014898233847577382 0.032611285825356218 0.018909472356491708 -0.024990340695252175 -0.0013848964527653385 -2.132758855000194e-06 0.0022746403520107149 -0.0011000716065299287 0.00020605710039096615 -0.0022272084405749572 0.0040248738835760413 -0.0058860499705663209 0.0033902593707061503 0.024626282748030959 0.0052526353543774331 -0.010701878057754089 -0.0012414928627295986 -0.00024602111171533324
leaf_weight=237 128 225 2470 142231 66 191 493 231 261 27 201 75 120 21 86 380 1149 2242 142 268 142 185 67 53 1074 114 22 23 824 341
leaf_count=237 128 225 2470 142231 66 191 493 231 261 27 201 75 120 21 86 380 1149 2242 142 268 142 185 67 53 1074 114 22 23 824 341
internal_value=-0.000480404 -0.020208 -0.0217904 -9.77461e-05 -0.00128277 0.00134075 -0.00131012 0.00358006 -0.0062605 -0.00264096 -0.00462963 -0.00347803 -0.0135081 -0.00454413 -0.00485207 -0.0092437 -0.00307942 -0.00149274 -0.00188081 -0.00179641 0.0066568 0.00238095 -0.00257937 0.00467033 0.00481557 0.00884615 0.0161243 0.00277778 -0.00226739 -0.00138405
internal_weight=154089 2932 2695 151157 8926 3048 1393 1655 595 5878 2160 1912 248 1711 1690 466 1224 3718 3549 334 169 798 252 546 1464 390 159 45 3407 2583
internal_count=154089 2932 2695 151157 8926 3048 1393 1655 595 5878 2160 1912 248 1711 1690 466 1224 3718 3549 334 169 798 252 546 1464 390 159 45 3407 2583
cat_boundaries=0 1 2 3 4 5 6
cat_threshold=10838 2 10258 1 2 384
is_linear=0
shrinkage=0.05


Tree=252
num_leaves=31
num_cat=0
split_feature=18 19 22 6 18 17 3 4 4 22 22 15 22 5 4 19 22 8 8 4 15 19 19 11 19 10 18 3 18 11
split_gain=342.87 149.039 7.8783 6.28753 5.1766 5.48035 4.79232 4.64029 3.80148 3.52833 3.21847 3.23294 3.20859 3.16824 2.75563 2.75145 2.71842 2.45181 2.24297 6.59086 13.4308 8.5302 7.66798 8.44 8.43272 7.2826 6.09009 5.7721 5.67243 5.7122
threshold=1.0000000180025095e-35 0.6933121904001478 6.9966452390317579 1.0000000180025095e-35 0.069782215410209458 0.4751718843447002 5.5000000000000009 8.5000000000000018 11.500000000000002 6.9547095416248377 7.5285250570586699 0.69331376394879285 7.0909115107046174 1.0000000180025095e-35 8.5000000000000018 0.73026094190808244 6.9832735308311573 4.5000000000000009 6.5000000000000009 9.5000000000000018 4.1717810542598324 0.94844081835937732 5.9412727039414435 6.2047597419695393 6.7705651253726717 5.4118692163309614 0.11952193119248146 1.5000000000000002 0.23454949588744176 3.4672959664678489
decision_type=8 10 10 2 8 10 2 2 2 8 8 8 10 2 2 10 10 2 2 2 10 10 10 10 10 10 10 2 10 10
left_child=1 2 7 10 5 6 14 17 9 -9 11 12 16 -13 -2 -14 -3 -1 -6 22 21 -21 25 -24 -25 -20 -26 -23 29 -29
right_child=4 3 -4 -5 18 -7 -8 8 -10 -11 -12 13 15 -15 -16 -17 -18 -19 19 20 -22 27 23 24 26 -27 -28 28 -30 -31
leaf_value=-4.7566877491300731e-07 -0.0016504545055470471 -8.2507936543324553e-06 -4.7566877491300731e-07 -2.3792291389065914e-05 -3.8512807653751095e-05 -0.00056077765959323684 0.0010183062601445997 -0.0017586214205504659 -4.5129825633760668e-07 0.00021237636091817614 1.1911577712730993e-05 0.00020839546264023458 2.3900455516812082e-06 -2.3980360327627295e-05 -0.003114795726309791 -2.1349656560520905e-05 -1.9147642670130917e-05 -3.1532062963302024e-06 0.00038101345960654399 0.0012597844289134353 -0.0082148942594550307 -0.0026090115993949283 -0.0052049426257216652 0.0024780284714039703 0.0021066555196815884 0.0036069582503889253 -0.0060305504412893731 -0.0022916733967683236 0.0014354375398665242 0.00073315835278511268
leaf_weight=194 118 90 2392 424 133554 932 31 25 22 26 264 82 147 20 56 97 87 40 10826 803 132 700 164 155 37 308 111 667 944 208
leaf_count=194 118 90 2392 424 133554 932 31 25 22 26 264 82 147 20 56 97 87 40 10826 803 132 700 164 155 37 308 111 667 944 208
internal_value=-0.000472809 -0.0150895 -0.0216284 -0.000516102 -9.11544e-05 -0.00345207 -0.0108537 -0.0140879 -0.00308219 0.00441176 0.00212834 -0.000143403 -0.00207838 0.00784314 -0.0140805 0.00163934 -0.00720339 -0.0175214 -6.54402e-05 0.000513119 -0.00140417 -0.000782661 0.00108396 -0.00519272 -0.000247525 0.00134722 -0.00878378 -0.00221318 -0.000728422 -0.00362857
internal_weight=153656 3910 2699 1211 149746 1137 205 307 73 51 787 523 421 102 174 244 177 234 148609 15055 3454 3322 11601 467 303 11134 148 2519 1819 875
internal_count=153656 3910 2699 1211 149746 1137 205 307 73 51 787 523 421 102 174 244 177 234 148609 15055 3454 3322 11601 467 303 11134 148 2519 1819 875
is_linear=0
shrinkage=0.05


Tree=253
num_leaves=31
num_cat=2
split_feature=20 17 22 20 0 11 3 4 19 18 11 0 20 4 18 4 22 16 18 22 21 19 15 4 17 4 19 15 3 20
split_gain=465.082 38.0214 6.78024 4.69577 11.75 5.55656 6.58966 4.39235 4.35074 5.32855 5.26954 4.84942 6.62609 5.8363 4.75131 4.59379 4.21169 4.1864 4.03355 4.02262 3.69747 3.59927 3.4661 7.80682 4.31438 4.86631 3.93878 4.85754 5.46937 3.5842
threshold=1.0000000180025095e-35 1.0000000180025095e-35 6.9966452390317579 0.13164897187499633 0 2.8361459037824157 3.5000000000000004 8.5000000000000018 0.63102192797740631 0.10112513943210157 3.9899091162083553 1 0.080481462141805085 5.5000000000000009 0.13515503603605497 3.5000000000000004 8.3412000329638847 0.071621037370704368 0.057511597938124721 6.6011944842030514 7.2803527241344659 6.82361406100416 0.86643746549129441 1.5000000000000002 0.78217582516746165 1.5000000000000002 2.4239349227705196 2.9878597672225973 1.5000000000000002 0.080481462141805085
decision_type=8 10 10 10 1 8 2 2 10 10 10 1 8 2 10 2 10 10 8 8 8 10 8 2 10 2 10 10 2 10
left_child=1 -1 7 4 8 -6 18 -3 10 19 11 12 -2 20 16 -13 -11 -15 -7 -10 -14 -20 24 -24 25 -21 -25 28 -28 -27
right_child=3 2 -4 -5 5 6 -8 -9 9 14 -12 15 13 17 -16 -17 -18 -19 21 22 -22 -23 23 26 -26 29 27 -29 -30 -31
leaf_value=-2.2640906260140702e-06 -0.0029590559399943015 -4.5188533616680183e-07 -4.5188533616680183e-07 4.4263592949955742e-06 -0.0021594856556087726 -0.0049925662309153298 -0.00053646699000462481 -4.2873334352155901e-07 0.0034307628374887992 -0.00011534225269362597 0.029093844786819756 0.028075740610764045 0.00031951647864616464 0.0015384377572967942 1.15268969726412e-05 -0.024879170776988598 0.0022930036259477984 -0.00085178738446232418 0.0022095451537679669 5.6087423008388539e-06 -0.0020181952440091189 0.0063523072522000401 -0.0023547996220370849 -0.00053102160668642149 0.0030683136886437701 0.00019553826973698897 -0.0037081487502629742 -0.00023370454169642231 0.0041682366567578509 -2.311114793335234e-06
leaf_weight=230 231 215 2358 142712 289 34 1306 68 76 1402 24 68 114 384 613 440 51 251 1618 78 381 90 51 125 85 65 40 511 93 447
leaf_count=230 231 215 2358 142712 289 34 1306 68 76 1402 24 68 114 384 613 440 51 251 1618 78 381 90 51 125 85 65 40 511 93 447
internal_value=-0.000431208 -0.0203675 -0.0220655 -5.36024e-05 -0.00117007 0.00117269 0.00180446 -0.0147527 -0.00258123 -0.0015741 -0.00452985 -0.00482879 -0.0031911 -0.00163717 -0.00324298 -0.00897683 -0.00480041 0.00153543 0.00381745 0.000620624 -0.00570707 0.00415691 5.01672e-05 -0.00213415 0.0027037 0.00118644 -0.000877763 0.000698758 0.00921053 -0.000585938
internal_weight=154450 2871 2641 151579 8867 3337 3048 283 5530 3637 1893 1869 1361 1130 2066 508 1453 635 1742 1571 495 1708 1495 820 675 590 769 644 133 512
internal_count=154450 2871 2641 151579 8867 3337 3048 283 5530 3637 1893 1869 1361 1130 2066 508 1453 635 1742 1571 495 1708 1495 820 675 590 769 644 133 512
cat_boundaries=0 1 2
cat_threshold=2654 2074
is_linear=0
shrinkage=0.05


Tree=254
num_leaves=31
num_cat=0
split_feature=20 17 22 4 10 20 17 21 22 6 7 4 18 14 22 22 22 22 22 15 15 16 19 19 9 18 19 20 20 20
split_gain=460.043 35.3138 6.36149 5.61061 3.62541 5.02517 3.09282 4.75152 3.01659 2.47501 2.32653 2.12434 4.4615 5.13932 3.88972 3.62039 3.54709 3.99074 4.45989 4.42287 4.44707 3.85838 3.45671 4.47635 3.86099 3.9293 3.69175 4.36617 3.96471 3.43127
threshold=1.0000000180025095e-35 1.0000000180025095e-35 6.9966452390317579 8.5000000000000018 0.61482027553725704 0.080481462141805085 0.87146838236434176 7.1312986703816295 7.0373830709753236 1.0000000180025095e-35 1.0000000180025095e-35 1.5000000000000002 0.17425621190130156 7.0470822496030268 6.297178475776442 6.6414547900259473 7.4098999784603228 6.6414547900259473 6.787160825647514 4.672254389097839 4.5310227485682226 0.11168761888604538 6.9438957143699716 3.2223553924829926 1.0000000180025095e-35 0.12821932533482064 0.71228376276357264 0.1247995270334528 0.1808280092948906 0.15435792862514089
decision_type=8 10 10 2 8 10 8 10 10 2 10 2 10 8 8 8 10 8 8 10 10 8 10 10 2 10 8 8 10 10
left_child=1 9 3 -3 5 8 -7 -8 -2 -1 -5 12 16 -14 -15 -16 17 -6 -19 20 22 -18 23 26 -25 -26 -20 -28 -29 -21
right_child=4 2 -4 10 11 6 7 -9 -10 -11 -12 -13 13 14 15 -17 21 18 19 29 -22 -23 -24 24 25 -27 27 28 -30 -31
leaf_value=6.4125465645492602e-06 -0.0028843202040327227 -4.292910693592944e-07 -4.292910693592944e-07 -4.0729667634686885e-07 0.0010039633123899883 -0.00023432822903542705 0.0077470948739557068 -0.010757383088140804 -0.0017273127178002281 -0.00019358786530253026 8.4172733697229782e-05 -5.4677612059905739e-06 0.00018768631752372756 -0.0050986425268697349 0.0042801459471243806 0.0017326130946529795 0.00021122388100271451 -0.0057508632732630183 -1.7782538455290985e-05 0.0020699517232542599 0.003702807294684396 -8.878697513757251e-05 0.0059575116984957877 -0.0047283049256048098 0.0056132325727229482 -0.0013455445362925201 9.9054616597621381e-05 -0.00015368874212923211 0.0027413068715827385 -0.004549365880044798
leaf_weight=185 41 208 2365 29 469 1836 55 165 185 40 39 136638 6177 73 328 2711 236 92 69 55 51 350 43 487 49 211 64 408 223 231
leaf_count=185 41 208 2365 29 469 1836 55 165 185 40 39 136638 6177 73 328 2711 236 92 69 55 51 350 43 487 49 211 64 408 223 231
internal_value=-0.000392082 -0.0202373 -0.0218573 -0.0146739 -1.60334e-05 -0.00199387 -0.00121595 -0.00681818 -0.0090708 -0.00122222 -0.00220588 1.42651e-05 0.000642898 0.00118689 0.00284383 0.0031178 -0.00102041 -0.00185563 -0.00283661 -0.00231359 -0.00129283 0.0024744 -0.00176963 -0.00216744 -0.00491968 0 0.00052356 0.00161871 0.000356577 -0.00804196
internal_weight=154113 2866 2641 276 151247 2282 2056 220 226 225 68 148965 12327 9289 3112 3039 3038 2452 1983 1891 1605 586 1554 1511 747 260 764 695 631 286
internal_count=154113 2866 2641 276 151247 2282 2056 220 226 225 68 148965 12327 9289 3112 3039 3038 2452 1983 1891 1605 586 1554 1511 747 260 764 695 631 286
is_linear=0
shrinkage=0.05


Tree=255
num_leaves=31
num_cat=7
split_feature=20 17 22 1 20 17 18 20 22 15 11 17 0 1 3 3 0 0 3 0 0 8 16 3 16 20 15 20 20 3
split_gain=468.32 33.1084 6.97564 4.61216 4.50585 4.48177 4.81499 4.61612 4.32943 4.07563 3.71355 3.41992 3.19502 8.20005 12.1971 24.187 31.293 10.2556 13.3794 63.0968 41.6032 20.251 12.4824 9.31697 10.2125 7.89792 7.64088 7.53807 7.51013 12.33
threshold=1.0000000180025095e-35 1.0000000180025095e-35 6.9966452390317579 0 0.094733191358820829 0.4751718843447002 0.11082534949072302 0.080481462141805085 8.3902758943614213 0.77455988461188452 3.5821281169751722 4.0181830448838118 1 2 4.5000000000000009 3.5000000000000004 3 4 5.5000000000000009 5 6 2.5000000000000004 0.90319036485927573 5.5000000000000009 0.99244273486904622 1.1664923117169399 0.69331376394879285 0.33682172602125943 1.9205141307831692 2.5000000000000004
decision_type=8 10 10 1 8 8 10 10 10 8 10 8 1 1 2 2 1 1 2 1 1 2 10 2 8 10 10 10 8 2
left_child=1 -1 3 -3 5 7 8 -2 10 -8 -7 -12 27 14 15 28 -17 23 20 -20 25 -22 -21 -16 -25 -19 -15 -6 -14 -30
right_child=4 2 -4 -5 12 6 9 -9 -10 -11 11 -13 13 26 17 16 -18 18 19 22 21 -23 -24 24 -26 -27 -28 -29 29 -31
leaf_value=-5.637322633134101e-06 -0.0027247375071045746 -5.9952002657071016e-06 -4.0782651589132968e-07 -4.0782651589132968e-07 7.314208216208096e-06 4.8746481568773259e-06 -6.2298949485428695e-05 0.00040086777382351835 -0.00061073517395207058 0.004591099583174274 -0.0030572467240340242 0.00043401589205134262 -0.00018830690427484311 -5.1519165462066146e-05 -0.0019564456103775552 -0.015517288218783688 -0.00095756442116045899 0.00025108175862578188 -0.024478665194498109 0.0013668461850876669 0.0097063065814883553 0.046857342953030949 0.025674057750880854 0.0020242117732272025 -0.0038298186275977477 -0.070132159278484554 0.00016266437912770826 0.00091974168035946491 7.6986623724395467e-05 0.023195558444034026
leaf_weight=228 205 72 2392 211 51722 912 281 101 24 35 108 88 16532 6559 1203 667 3688 1720 350 2237 448 380 235 1307 83 54 46811 14223 845 334
leaf_count=228 205 72 2392 211 51722 912 281 101 24 35 108 88 16532 6559 1203 667 3688 1720 350 2237 448 380 235 1307 83 54 46811 14223 845 334
internal_value=-0.000371134 -0.0202635 -0.0218224 -0.0143993 1.09162e-05 -0.00250855 -0.00134669 -0.00800654 0.000176678 -0.0068038 0.000631769 -0.00561224 4.04959e-05 -0.000165043 -0.000825217 -0.00143207 -0.00477038 0.000845079 0.0020795 -0.000301205 0.00466949 0.0138425 0.00253828 -0.00173838 0.00104317 0.000308296 0.000207045 0.000300584 -0.000611202 0.00324427
internal_weight=154055 2903 2675 283 151152 1754 1448 306 1132 316 1108 196 149398 83453 30083 22066 4355 8017 5424 2822 2602 828 2472 2593 1390 1774 53370 65945 17711 1179
internal_count=154055 2903 2675 283 151152 1754 1448 306 1132 316 1108 196 149398 83453 30083 22066 4355 8017 5424 2822 2602 828 2472 2593 1390 1774 53370 65945 17711 1179
cat_boundaries=0 1 2 3 4 5 6 7
cat_threshold=4 40709 1 96 10 32 16464
is_linear=0
shrinkage=0.05


Tree=256
num_leaves=31
num_cat=3
split_feature=18 1 0 17 22 22 22 4 8 22 4 22 4 5 5 22 15 17 17 16 3 17 5 18 4 17 15 0 16 22
split_gain=314.729 41.5727 23.0217 10.5247 9.56463 8.49633 8.31985 5.82239 5.22622 5.61636 4.51745 5.39132 4.81743 5.64909 4.35054 3.94786 3.31178 7.15092 6.12036 14.2805 5.47725 6.09079 5.45482 5.02623 5.39902 4.60958 8.66731 9.55404 7.99544 5.10298
threshold=1.0000000180025095e-35 0 1 1.0912323333562595 7.1395748979590374 7.5380220547328411 7.572562846340877 9.5000000000000018 4.5000000000000009 7.4040325160117364 10.500000000000002 8.2946502110986433 9.5000000000000018 1.0000000180025095e-35 1.0000000180025095e-35 7.0012227630028159 0.91851059460537587 0.8553453582061773 0.79473535973314147 0.18809173775227148 5.5000000000000009 0.82830221659600045 1.0000000180025095e-35 0.194349247356149 7.5000000000000009 1.1118205962643211 1.2426205730334428 2 0.20733255774532086 8.1687616220644532
decision_type=8 1 1 10 8 8 8 2 2 10 2 10 2 2 2 10 8 10 10 10 2 10 2 10 2 8 8 1 8 10
left_child=1 2 5 6 15 -1 7 8 14 -10 11 12 13 -8 -3 -4 17 18 23 20 21 -20 -19 -2 -25 28 27 -27 -18 -29
right_child=16 3 4 -5 -6 -7 10 -9 9 -11 -12 -13 -14 -15 -16 -17 25 22 19 -21 -22 -23 -24 24 -26 26 -28 29 -30 -31
leaf_value=-4.0753158655515437e-05 -3.4908410977332886e-05 -3.8743519009676319e-07 -9.6686074960328227e-06 0.0016876097051137353 -3.8743519009676319e-07 0.0012202922365913917 -3.8743519009676319e-07 1.3367848466927513e-05 5.1365029779537608e-07 -3.8743519009676319e-07 -3.8743519009676319e-07 2.7156984950196807e-05 -3.8743519009676319e-07 5.4935678455808605e-05 2.0191127430096989e-05 -3.8743519009676319e-07 0.0014128830754834287 -0.0019273458698392282 0.0010470038806366434 -0.00055277991536199778 -0.00047765791491048704 0.00036836608340065082 -0.0039218267322697229 -0.0001457764007633755 0.0013263317343431532 -0.0021723946638540939 8.5766250594199188e-06 0.00048147272633055629 0.00012674338082758753 -0.010942781438404726
leaf_weight=101 4828 445 56 51 1330 38 433 124 258 82 300 28 165 23 41 460 1997 2262 389 1262 102 245 495 1487 594 1657 127336 1639 5536 37
leaf_count=101 4828 445 56 51 1330 38 433 124 258 82 300 28 165 23 41 460 1997 2262 389 1262 102 245 495 1487 594 1657 127336 1639 5536 37
internal_value=-0.000406207 -0.0143647 -0.0194584 -0.00917949 -0.0208782 0.000838926 -0.00978146 -0.00647368 -0.00799031 -0.00323529 -0.0130927 -0.0107473 -0.011715 -0.014364 -0.0113169 -0.0152132 -3.97021e-05 -0.000848765 -0.000159987 0.00227728 0.0078125 0.00954259 -0.00307399 -0.000864814 0.00118933 2.85814e-05 -4.07518e-05 -0.00255776 0.00123125 0.000118624
internal_weight=153801 3935 1985 1950 1846 139 1899 950 826 340 949 649 621 456 486 516 149866 11664 8907 1998 736 634 2757 6909 2081 138202 130669 3333 7533 1676
internal_count=153801 3935 1985 1950 1846 139 1899 950 826 340 949 649 621 456 486 516 149866 11664 8907 1998 736 634 2757 6909 2081 138202 130669 3333 7533 1676
cat_boundaries=0 1 2 3
cat_threshold=4 516 276
is_linear=0
shrinkage=0.05


Tree=257
num_leaves=31
num_cat=3
split_feature=20 18 22 1 20 15 18 15 22 21 3 8 3 22 22 3 22 18 4 22 8 20 0 22 16 3 0 20 18 22
split_gain=449.764 35.5519 10.2931 5.36904 3.80495 4.50999 4.81198 5.2105 5.07868 4.75134 4.14156 3.82653 3.87821 3.77922 3.95859 4.29215 3.67347 3.02527 3.00833 4.27111 2.63804 2.51148 8.21308 7.24155 6.42168 15.9767 6.09587 5.75317 4.9594 4.35264
threshold=1.0000000180025095e-35 1.0000000180025095e-35 6.9966452390317579 0 0.094733191358820829 0.53815394315432463 0.11082534949072302 2.0698572641558219 6.9778068581994885 7.0488206249888608 4.5000000000000009 3.5000000000000004 1.0000000180025095e-35 8.0849595621062722 7.3507144601576178 5.5000000000000009 7.0909115107046174 0.057511597938124721 7.5000000000000009 6.9547095416248377 4.5000000000000009 0.20725643933106036 1 8.3412000329638847 1.0000000180025095e-35 5.5000000000000009 2 0.11068561392174879 0.097701368123677759 5.9579582124838781
decision_type=8 8 10 1 8 8 10 10 8 8 2 2 2 10 8 2 8 8 2 8 2 8 1 10 10 2 1 10 10 8
left_child=1 2 3 18 5 10 7 8 -7 -10 -2 -8 -13 14 15 -11 -12 -16 -1 -20 -5 22 23 24 25 26 -6 -27 -29 -24
right_child=4 -3 -4 20 21 6 11 -9 9 13 16 12 -14 -15 17 -17 -18 -19 19 -21 -22 -23 29 -25 -26 27 -28 28 -30 -31
leaf_value=-9.1851771212292377e-06 -0.002055426084459347 -2.6184785442529004e-06 -3.6806343058914951e-07 -3.6806343058914951e-07 -0.000963587016839651 0.0038471383564787163 0.0033792610404107803 -0.00080229811601228995 -6.4760928859541878e-06 7.6233722848595423e-06 -0.0037199777533990508 9.1998584272937062e-05 -6.7467926830649957e-05 9.4799160659342355e-05 -9.9500796374996092e-06 -2.078395258223731e-05 0.0010588389614095612 0.00088602685737113615 -0.0017610877022341239 0.00019520150394933822 -2.9567783503381409e-06 -5.1561891517470927e-05 -0.0058991690247217404 0.0013440918287586923 0.0001010802191425464 -0.00069785456113805608 6.9419619389224366e-05 0.0012916404902605372 -0.0012879604925396583 -8.9732902633188341e-05
leaf_weight=27 284 226 2381 163 253 52 24 416 80 175 26 36 234 20 121 29 87 208 20 25 44 110418 59 139 18527 57 1910 155 290 17520
leaf_count=27 284 226 2381 163 253 52 24 416 80 175 26 36 234 20 121 29 87 208 20 25 44 110418 59 139 18527 57 1910 155 290 17520
internal_value=-0.000371089 -0.0199238 -0.0215414 -0.0124552 2.31604e-06 -0.00228795 -0.000949821 0.000567666 0.00324818 0.00201422 -0.00698992 -0.00663265 -0.00833333 0.00366184 0.00286116 0.00833333 0.00110619 -0.000531915 -0.000694444 0.00722222 -0.0165459 2.98002e-05 0.000375225 0.00103439 0.000960268 0.00325516 0.0051202 -0.00478088 -0.00286517 -0.000424982
internal_weight=154006 2886 2660 279 151120 1792 1395 1101 685 633 397 294 270 553 533 204 113 329 72 45 207 149328 38910 21331 21192 2665 2163 502 445 17579
internal_count=154006 2886 2660 279 151120 1792 1395 1101 685 633 397 294 270 553 533 204 113 329 72 45 207 149328 38910 21331 21192 2665 2163 502 445 17579
cat_boundaries=0 1 2 3
cat_threshold=4 22835 32
is_linear=0
shrinkage=0.05


Tree=258
num_leaves=31
num_cat=0
split_feature=20 17 22 20 19 16 16 3 21 10 3 10 4 17 22 3 20 10 21 19 22 22 4 6 22 10 15 17 19 2
split_gain=464.797 33.1933 6.48018 4.12304 3.59527 4.1869 2.84265 2.72898 3.22128 2.3386 3.26726 4.25386 3.24436 2.46099 2.44166 2.35733 4.22824 2.30777 4.64843 2.22575 2.69628 4.00766 3.03719 2.20478 2.16082 2.15554 6.98218 5.14912 4.02745 3.81556
threshold=1.0000000180025095e-35 1.0000000180025095e-35 7.0587789192180264 0.094733191358820829 0.48010728640447298 0.046145997888446519 0.15310985204062297 4.5000000000000009 7.2089702972815557 3.4672959664678489 5.5000000000000009 0.66750053336617021 1.5000000000000002 4.0181830448838118 7.1291664318690664 3.5000000000000004 0.088479740455672265 0.71754226264466137 7.0488206249888608 6.931146276154724 7.2026013170540937 7.235312614376169 6.5000000000000009 1.0000000180025095e-35 7.1205928355629799 7.0312993674396251 7.0868361261619821 7.5687664974793156 4.3818327666509029 2.5000000000000004
decision_type=8 10 10 8 10 8 10 2 8 10 2 10 2 8 10 2 10 10 8 10 8 8 2 2 10 10 10 8 10 2
left_child=1 23 -3 4 5 -2 9 8 -7 10 12 -12 -6 14 -11 17 -17 18 -14 20 22 -22 -20 -1 -9 -5 27 28 -27 -30
right_child=3 2 -4 25 6 7 -8 24 -10 13 11 -13 15 -15 -16 16 -18 -19 19 -21 21 -23 -24 -25 -26 26 -28 -29 29 -31
leaf_value=2.0206291995061855e-06 -0.0025282757808598373 -3.4966025905802669e-07 -3.4966025905802669e-07 -1.4241255304911494e-05 -8.6596471678579433e-06 0.00033091852571274648 -5.0602906393248936e-05 -0.0037620853204133834 -0.001296970560473132 -0.00043088983661196959 4.8514562183218926e-05 -0.00015503915862523644 -6.5832365899187728e-06 0.000452001171996419 -0.0023616967945715665 0.0001917446939720957 -2.6815540611346833e-06 0.0017711989577980482 0.0002138576640343115 0.0097326678372050782 -0.001027313931226459 -6.9238453482278752e-07 -2.5896325527019481e-06 -0.00017376425804261353 0.0015978557253309017 -0.022201670271312368 -0.00021983269936889374 0.021352612758715098 0.0018736864484788286 0.00017435711870015247
leaf_weight=186 64 374 2283 141070 105 68 147 24 106 72 118 85 41 98 71 119 94 95 66 20 33 199 55 46 47 26 4849 41 2111 1208
leaf_count=186 64 374 2283 141070 105 68 147 24 106 72 118 85 41 98 71 119 94 95 66 20 33 199 55 46 47 26 4849 41 2111 1208
internal_value=-0.000426355 -0.0202925 -0.0218762 -4.63478e-05 -0.00247539 -0.00736246 -0.00141044 -0.00438776 -0.00775862 -0.000649095 0.00038835 -0.00529557 0.00178356 -0.00508299 -0.00926573 0.00297784 0.00739437 0.00112967 -0.000483092 0.00127346 0.000354108 -0.00280172 0.00640496 -0.00215517 0.00387324 -1.82512e-05 0.000768063 0.00251034 0.00229447 0.00244803
internal_weight=153921 2889 2657 151032 1727 309 1418 245 174 1271 1030 203 827 241 143 722 213 509 414 373 353 232 121 232 71 149305 8235 3386 3345 3319
internal_count=153921 2889 2657 151032 1727 309 1418 245 174 1271 1030 203 827 241 143 722 213 509 414 373 353 232 121 232 71 149305 8235 3386 3345 3319
is_linear=0
shrinkage=0.05


Tree=259
num_leaves=31
num_cat=1
split_feature=20 17 22 20 4 22 22 18 18 3 17 3 15 12 14 22 13 12 13 16 16 3 22 18 0 4 15 17 18 4
split_gain=452.226 35.8717 6.5299 4.62552 3.65558 3.00492 3.72308 2.85826 3.55781 2.55735 2.98544 2.48657 2.78441 2.56076 2.47626 2.83944 4.89356 2.44145 3.52328 2.61707 2.54237 2.40498 3.53947 2.39092 2.38901 12.8987 8.83697 10.3923 7.26267 7.09685
threshold=1.0000000180025095e-35 1.0000000180025095e-35 6.9966452390317579 0.094733191358820829 8.5000000000000018 7.8680826504396242 8.1687616220644532 0.11082534949072302 0.084330355425894885 2.5000000000000004 3.2523401430370171 1.0000000180025095e-35 0.76072469857797287 0.71754226264466137 0.97438160901885995 7.0419578396499327 0.71754226264466137 3.3339870432574523 0.50031594015395309 0.091000923690105304 0.097117154169382505 1.0000000180025095e-35 7.7431535415143342 0.057511597938124721 0 11.500000000000002 3.7099379903650198 4.559189759835963 0.12821932533482064 6.5000000000000009
decision_type=8 10 10 8 2 8 8 10 8 2 8 2 10 8 8 10 8 10 8 10 10 2 10 8 1 2 8 8 10 2
left_child=1 21 4 5 -3 7 -7 8 14 23 -11 -9 -13 -14 15 16 -2 18 -10 -20 -21 -1 -23 -8 25 29 28 -28 -27 -5
right_child=3 2 -4 24 -6 6 9 11 17 10 -12 12 13 -15 -16 -17 -18 -19 19 20 -22 22 -24 -25 -26 26 27 -29 -30 -31
leaf_value=-0.00012063095701587702 -0.00016515051546222293 -3.3217724610401513e-07 -3.3217724610401513e-07 -1.0935652622356963e-05 -3.1128257274581905e-07 0.00018110504485587266 -0.007358496336096196 5.855888746350846e-05 -0.0019271792747535073 0.0024931434868085511 -2.4677961234642611e-05 -8.1162133525961033e-05 -8.9945788624795641e-05 0.00060885217048213265 -0.00072072504621547575 -1.1500044346246519e-06 0.00075963023586419771 -0.0013660229869279174 0.0044947150365675873 -0.0029191995741748135 0.0021104331145058498 -7.1494674048211415e-06 1.5815916323280722e-05 -4.5832802444245591e-05 -1.7224471494081685e-05 -0.0057160787537792468 0.0013486824874133774 -0.0049421629245227638 -0.0021063032280863926 0.00082766126242441731
leaf_weight=29 44 203 2370 8606 64 61 29 38 59 27 199 206 21 32 293 415 26 76 65 27 98 175 27 57 131980 160 362 373 438 7305
leaf_count=29 44 203 2370 8606 64 61 29 38 59 27 199 206 21 32 293 415 26 76 65 27 98 175 27 57 131980 160 362 373 438 7305
internal_value=-0.000415137 -0.0200837 -0.0217387 -4.15571e-05 -0.0143258 -0.00258037 0.00140751 -0.00364286 -0.00247053 -0.000801282 0.00199115 -0.00799663 -0.00974903 0.000471698 -0.00430591 -0.0021134 -0.0114286 0.00192308 0.00431727 0.00763158 0.0034 -0.00119048 0.000742574 -0.00813953 -1.13923e-05 0.000541903 -0.0041823 -0.000510204 -0.00869565 0.00093803
internal_weight=153865 2868 2637 150997 267 1773 373 1400 1103 312 226 297 259 53 778 485 70 325 249 190 125 231 202 86 149224 17244 1333 735 598 15911
internal_count=153865 2868 2637 150997 267 1773 373 1400 1103 312 226 297 259 53 778 485 70 325 249 190 125 231 202 86 149224 17244 1333 735 598 15911
cat_boundaries=0 1
cat_threshold=4356
is_linear=0
shrinkage=0.05


Tree=260
num_leaves=31
num_cat=5
split_feature=20 17 22 1 20 17 18 15 3 15 20 22 17 22 22 3 21 8 0 3 0 0 1 19 22 20 21 19 19 15
split_gain=466.697 35.4326 7.14859 3.23494 3.21277 4.87054 4.62527 4.80749 4.14011 3.67972 3.48713 5.39361 3.44715 3.18113 2.98982 2.69353 3.19401 2.3932 2.11608 7.50642 13.9702 13.3771 11.6104 15.5909 12.2655 9.42359 8.83814 7.98993 7.75894 13.8808
threshold=1.0000000180025095e-35 1.0000000180025095e-35 6.9966452390317579 0 0.094733191358820829 0.4751718843447002 0.11082534949072302 2.7314570030009899 4.5000000000000009 0.76072469857797287 0.080481462141805085 7.3920278226805616 0.88555773293035756 7.0040384257758559 7.1205928355629799 1.5000000000000002 7.0904933289280381 4.5000000000000009 1 2.5000000000000004 2 3 4 4.9451715491569219 6.7054683321583566 0.5226427665959984 7.577377095608937 4.7934515656378753 5.2624668362929254 5.6047181173329781
decision_type=8 10 10 1 8 8 10 10 2 10 10 10 10 10 10 2 10 2 1 2 1 1 1 10 10 8 8 8 10 8
left_child=1 -1 3 -3 5 8 7 9 10 -7 -2 -12 15 -11 -10 16 -8 -5 19 20 25 22 23 -21 27 -6 -23 -24 -22 -30
right_child=4 2 -4 17 18 6 12 -9 14 13 11 -13 -14 -15 -16 -17 -18 -19 -20 21 28 26 24 -25 -26 -27 -28 -29 29 -31
leaf_value=-2.3690893388272907e-06 -0.0023575126177127897 -8.6918263899060655e-06 -3.155683837963164e-07 -3.155683837963164e-07 0.0063379732478856983 3.9435407284571513e-06 -0.00015706197678815316 -0.00073216934661849429 -0.0033715288243753336 0.0040883122874031622 0.0026510899667286343 -0.00090763889567567479 0.0040681852000655772 -0.00046976561587748212 0.0011852720665180838 -7.0790077235935453e-05 5.6386426843324512e-05 -2.7748475575573029e-06 -4.4363479716291737e-05 0.035563390649598681 4.5975561281491607e-05 0.00011991657254681876 0.0013666641883396391 0.0017533655501621671 0.00095058704860622183 -0.02131890902767887 -0.00035556418321380789 -0.0018611482352589805 -0.0026702470865438421 -0.00027631243183261488
leaf_weight=227 163 73 2424 159 107 667 21 402 27 49 37 40 21 25 59 210 47 45 83097 206 17948 12511 745 4853 7990 397 8785 1863 1802 9304
leaf_count=227 163 73 2424 159 107 667 21 402 27 49 37 40 21 25 59 210 47 45 83097 206 17948 12511 745 4853 7990 397 8785 1863 1802 9304
internal_value=-0.000412821 -0.0201844 -0.021779 -0.0141697 -3.03879e-05 -0.00214932 -0.000901526 0.000546807 -0.00766871 0.00293522 -0.0110417 -0.00227273 -0.00643813 0.0135135 0.00174419 -0.00791367 0.000735294 -0.017402 -5.34731e-06 0.000204823 -0.000389066 0.000679918 0.00178879 0.00376062 0.000849217 -0.00856031 -0.000136112 -0.00212807 -0.000244288 -0.00128309
internal_weight=154304 2928 2701 277 151376 1768 1442 1143 326 741 240 77 299 74 86 278 68 204 149608 66511 29558 36953 15657 5059 10598 504 21296 2608 29054 11106
internal_count=154304 2928 2701 277 151376 1768 1442 1143 326 741 240 77 299 74 86 278 68 204 149608 66511 29558 36953 15657 5059 10598 504 21296 2608 29054 11106
cat_boundaries=0 1 2 3 4 5
cat_threshold=4 16131 256 4353 1
is_linear=0
shrinkage=0.05


Tree=261
num_leaves=31
num_cat=0
split_feature=18 22 22 22 4 4 10 4 22 3 4 4 4 18 17 11 3 15 16 22 4 8 5 8 22 8 12 4 18 3
split_gain=326.207 12.8008 11.525 8.57696 5.09403 8.5961 4.77028 4.65841 4.07306 3.84579 3.32112 4.43714 3.04293 2.72721 4.14276 3.78318 3.5722 4.30382 3.56966 2.7051 2.5436 2.51834 2.2405 2.84496 2.2027 2.04627 2.03799 2.09716 2.20801 2.07198
threshold=1.0000000180025095e-35 6.9087370695597974 7.3419108664854109 7.1365242023064424 10.500000000000002 6.5000000000000009 1.0471650770867935 3.5000000000000004 8.0849595621062722 5.5000000000000009 5.5000000000000009 3.5000000000000004 2.5000000000000004 0.084330355425894885 2.8920043092174166 3.8297271732458493 4.5000000000000009 2.7314570030009899 0.077018340623071793 7.3857968241872047 1.5000000000000002 6.5000000000000009 1.0000000180025095e-35 4.5000000000000009 7.2440896554934016 1.5000000000000002 6.7528541473697619 11.500000000000002 0.069782215410209458 3.5000000000000004
decision_type=8 8 8 10 2 2 10 2 8 2 2 2 2 8 10 10 2 10 8 10 2 2 2 2 10 2 10 2 10 2
left_child=1 6 3 20 5 10 -1 12 9 19 11 22 -5 14 16 18 -2 -18 -16 -7 21 -3 23 -4 -9 -22 27 29 -29 -20
right_child=13 2 4 7 -6 8 -8 24 -10 -11 -12 -13 -14 -15 15 -17 17 -19 26 -21 25 -23 -24 -25 -26 -27 -28 28 -30 -31
leaf_value=-2.9978996460844345e-07 -0.0018297550989204688 -2.9978996460844345e-07 -2.9978996460844345e-07 -2.9978996460844345e-07 -2.9978996460844345e-07 -2.9978996460844345e-07 0.0014987565921420144 -2.9978996460844345e-07 5.8217830702150813e-05 -2.9978996460844345e-07 -2.9978996460844345e-07 9.0808808333259213e-06 2.7135562599228669e-06 7.9603441871523017e-06 0.0017916848189134971 -0.0015129509770110629 0.00045340564271673101 -0.0037581031450320103 0.00042438496160783772 -2.9978996460844345e-07 -2.9978996460844345e-07 3.3661930664119491e-06 -2.9978996460844345e-07 -3.223171018085225e-07 -2.9978996460844345e-07 -2.9978996460844345e-07 0.005263359581127891 -0.00068487758957671565 0.0059156428105871855 -0.003078798037158448
leaf_weight=207 546 45 242 217 373 49 28 789 86 78 94 46 30 147793 377 498 177 30 334 283 32 23 38 132 547 579 28 20 22 269
leaf_count=207 546 45 242 217 373 49 28 789 86 78 94 46 30 147793 377 498 177 30 334 283 32 23 38 132 547 579 28 20 22 269
internal_value=-0.000369452 -0.014612 -0.015334 -0.0175508 -0.0118051 -0.0100191 -0.00329787 -0.0195673 -0.00524194 -0.00731707 -0.0143116 -0.0125546 -0.0132591 2.33187e-06 -0.00170578 -0.000226098 -0.00474768 0.000845411 0.00147619 -0.00496988 -0.0128498 -0.00367647 -0.014199 -0.0153743 -0.0207335 -0.0138707 -0.000705795 -0.00127907 0.00952381 -0.00203151
internal_weight=154012 3918 3683 2262 1421 1048 235 1583 496 410 552 458 247 150094 2301 1548 753 207 1050 332 679 68 412 374 1336 611 673 645 42 603
internal_count=154012 3918 3683 2262 1421 1048 235 1583 496 410 552 458 247 150094 2301 1548 753 207 1050 332 679 68 412 374 1336 611 673 645 42 603
is_linear=0
shrinkage=0.05


Tree=262
num_leaves=31
num_cat=3
split_feature=20 17 22 1 4 5 1 18 19 4 10 4 18 19 22 4 1 22 16 20 14 3 16 22 16 22 3 20 4 4
split_gain=448.064 41.4852 8.01625 4.62339 4.38145 2.57876 5.74704 11.8571 7.81189 7.63065 7.02026 6.60349 7.04045 6.75431 6.40189 5.87518 7.44191 7.59626 5.05704 4.99672 5.00821 4.84267 4.82668 4.50319 4.60381 4.4613 4.34791 5.08844 4.26989 9.01464
threshold=1.0000000180025095e-35 1.0000000180025095e-35 6.9966452390317579 0 7.5000000000000009 1.0000000180025095e-35 1 0.069782215410209458 5.2624668362929254 10.500000000000002 5.3662096053087449 3.5000000000000004 0.16727773217855646 7.1688052960300892 7.302665488410284 4.5000000000000009 2 7.3419108664854109 0.22584208785925761 0.2651378960955228 7.3673928161276931 1.5000000000000002 0.90319036485927573 6.3592465465486949 0.264885275311118 6.765727487313927 5.5000000000000009 0.23866636004637004 3.5000000000000004 7.5000000000000009
decision_type=8 10 10 1 2 2 1 10 10 2 10 2 10 10 10 2 1 8 8 10 8 2 10 8 10 10 2 10 2 2
left_child=1 -1 3 4 -3 28 7 14 21 11 -10 12 26 15 -7 16 -13 -18 -12 20 -11 -9 -21 24 -14 -23 -8 -28 -2 -30
right_child=5 2 -4 -5 -6 6 9 8 10 19 18 13 23 -15 -16 -17 17 -19 -20 22 -22 25 -24 -25 -26 -27 27 -29 29 -31
leaf_value=2.785483987505222e-06 0.00014644523233965369 -8.2422455721764549e-06 -2.8480046637691103e-07 -2.8480046637691103e-07 0.00014280597330242341 -0.0064875051478577028 0.00018790945518095683 0.0015055928695149046 -0.0040785105685621657 -0.0032673008569970466 0.002786080110050371 0.0059655229693672375 -0.0066688407810679088 0.0030406054865823821 2.8850786640050031e-05 -0.00035607754312592114 -0.0017104006252094629 0.0041188829372823758 -0.0042680401233816667 -0.0094117644433514783 0.0016082874616045297 -0.0005060374671201906 0.013198623683409939 -0.0021570996207300021 0.0065682085678537179 0.00073628852926267425 0.00010143950837531168 -0.011590522420865274 -0.00021874384401411319 5.9956835083765925e-05
leaf_weight=223 31839 28 2406 191 43 130 642 1773 673 317 257 567 32 216 55 4938 493 139 160 363 115 1699 33 3742 38 2823 122 52 45697 54404
leaf_count=223 31839 28 2406 191 43 130 642 1773 673 317 257 567 32 216 55 4938 493 139 160 363 115 1699 33 3742 38 2823 122 52 45697 54404
internal_value=-0.000433824 -0.0199325 -0.0216642 -0.0133588 -0.00246479 -6.12944e-05 -0.000599876 0.000475561 0.000788761 -0.00128927 -0.00311927 -0.00094026 -0.00237684 0.000106249 -0.012027 -0.000199609 0.00293995 -0.000791139 0.00197842 -0.00591787 -0.00219907 0.00146545 -0.00997475 -0.00327912 0.00928571 0.000597081 0.00183824 -0.00517241 1.78111e-05 -0.000142606
internal_weight=154210 2891 2668 262 71 151319 19379 7570 7385 11809 1090 10981 4628 6353 185 6137 1199 632 417 828 432 6295 396 3812 70 4522 816 174 131940 100101
internal_count=154210 2891 2668 262 71 151319 19379 7570 7385 11809 1090 10981 4628 6353 185 6137 1199 632 417 828 432 6295 396 3812 70 4522 816 174 131940 100101
cat_boundaries=0 1 2 3
cat_threshold=4 2 1
is_linear=0
shrinkage=0.05


Tree=263
num_leaves=31
num_cat=2
split_feature=20 17 22 20 1 19 18 19 19 14 3 6 20 16 22 16 3 22 22 3 22 16 12 19 18 0 10 19 17 12
split_gain=463.735 35.0485 6.87217 6.60418 4.54445 3.52512 2.96289 2.79844 4.49811 4.74989 3.91516 2.78218 2.65779 2.52668 3.41939 2.51496 2.42645 4.35608 2.32515 2.27409 3.61684 2.5162 2.22474 13.2726 10.3933 6.88872 6.28394 6.11418 9.92313 5.28839
threshold=1.0000000180025095e-35 1.0000000180025095e-35 6.9966452390317579 0.094733191358820829 0 3.9967576563970684 0.10789251398818085 0.48010728640447298 3.4556084306385171 3.0468977391027221 4.5000000000000009 1.0000000180025095e-35 0.080481462141805085 1.0000000180025095e-35 7.2076105174328191 0.12499309470751359 1.0000000180025095e-35 7.7431535415143342 7.0909115107046174 1.5000000000000002 7.0719367112543932 0.16553043722790364 3.4028612767084931 3.5258544043041531 0.16081729010561116 1 2.2975599250672958 3.3772541990606237 3.4507276636918927 3.6389002209295209
decision_type=8 10 10 8 1 10 8 10 10 8 2 2 10 8 8 8 2 10 10 2 10 8 10 10 10 1 8 10 10 10
left_child=1 16 4 5 11 6 7 10 9 15 -2 -3 -10 -11 -15 -9 -1 -18 -12 20 -8 -21 -5 24 -24 -26 -25 -27 -29 -28
right_child=3 2 -4 22 -6 -7 19 8 12 13 18 -13 -14 14 -16 -17 17 -19 -20 21 -22 -23 23 26 25 27 29 28 -30 -31
leaf_value=-4.9610993254919916e-05 -0.0020850966737723103 -7.8301332935681873e-06 -2.7056044306084103e-07 -1.687297151296008e-05 -2.7056044306084103e-07 0.00083834739901451634 -0.00018548649352689297 -6.1975893459575999e-06 0.0034505548559108814 2.9108135645972146e-05 -0.0028849366981126504 0.00013571231271802264 -0.0020843824941500391 0.0030664226024188172 -0.00019966575124163999 0.0042426919948623581 -6.7659847102496951e-06 1.2607657077196022e-05 0.0010723235459189852 -9.1530590909588716e-05 5.8529011252800302e-05 -2.8812492153268424e-05 0.0023650259485181405 0.0063635864115805692 3.753091183896773e-05 0.0043303557261977878 -0.0012857002450774591 -0.0031322509838045409 0.0042504695635869894 8.1889696617598595e-05
leaf_weight=24 215 33 2391 85131 198 247 26 442 23 50 20 32 153 74 71 23 180 29 64 212 75 74 874 202 1998 536 2201 107 209 58238
leaf_count=24 215 33 2391 85131 198 247 26 442 23 50 20 32 153 74 71 23 180 29 64 212 75 74 874 202 1998 536 2201 107 209 58238
internal_value=-0.000351925 -0.0202026 -0.021835 2.69395e-05 -0.0141635 -0.00301018 -0.00390933 -0.00262115 -0.00113636 0.000757576 -0.00677258 -0.00269231 -0.00823864 0.00730769 0.00396552 -0.00198925 -0.00160944 0.000119617 0.00238095 -0.00768734 -0.00123762 -0.00996503 6.28779e-05 0.000284704 0.00318206 0.0017193 0.000106776 0.00545244 0 7.73507e-05
internal_weight=154152 2887 2654 151265 263 1769 1522 1135 836 660 299 65 176 195 145 465 233 209 84 387 101 286 149496 64365 3724 2850 60641 852 316 60439
internal_count=154152 2887 2654 151265 263 1769 1522 1135 836 660 299 65 176 195 145 465 233 209 84 387 101 286 149496 64365 3724 2850 60641 852 316 60439
cat_boundaries=0 1 2
cat_threshold=4 57640
is_linear=0
shrinkage=0.05


Tree=264
num_leaves=31
num_cat=6
split_feature=18 19 22 0 4 22 21 1 1 22 18 0 17 21 22 4 16 22 22 22 8 17 22 7 7 0 22 7 7 1
split_gain=318.688 168.051 6.87709 6.18535 5.95528 4.54748 3.56201 3.19792 2.69836 2.66724 2.62977 5.4031 3.78547 2.87596 4.58442 2.6225 2.6154 2.56162 2.52576 2.48231 2.40728 2.34895 2.29679 2.17914 3.68742 3.66648 3.58592 3.37789 2.0657 3.99311
threshold=1.0000000180025095e-35 0.6933121904001478 6.9966452390317579 0 8.5000000000000018 7.5285250570586699 7.3135536093618825 1 2 8.0295786574466756 0.069782215410209458 3 2.9680319430432345 7.5237513638898124 6.9966452390317579 6.5000000000000009 0.052680259163655124 7.1130808638281939 8.1687616220644532 6.9547095416248377 6.5000000000000009 3.5359194078201357 7.3200104921562588 25.500000000000004 173.50000000000003 4 7.8816649884968788 283.50000000000006 20.500000000000004 5
decision_type=8 10 10 1 2 8 10 1 1 10 8 1 10 8 10 2 10 8 10 8 2 10 10 8 10 1 10 10 10 1
left_child=1 2 4 9 -1 6 -5 19 -4 -3 11 15 16 14 -14 20 -13 -17 21 -6 -2 -15 -8 28 25 -25 -27 -26 -12 -30
right_child=10 3 8 5 7 -7 22 -9 -10 -11 23 12 13 18 -16 17 -18 -19 -20 -21 -22 -23 -24 24 27 26 -28 -29 29 -31
leaf_value=-2.5703242090835412e-07 5.5977119267941466e-05 1.5461368006752797e-05 -2.5703242090835412e-07 -4.6043446486510044e-06 -0.0015952542588638598 3.1182754452269146e-05 -4.0236397386475559e-05 -2.3718248121640253e-07 -2.5703242090835412e-07 3.7320986477717982e-05 -1.0344908901172012e-06 -0.004641802606708878 0.0018601171091580659 0.002742406327680658 -0.00298856444362996 -0.00209930758207435 -0.00043558875763467509 -0.0018090178825779903 -0.0059733882061330686 0.00012892669708212124 -0.003562503093392737 0.0022789343967617895 -8.0982421421654793e-06 -0.007142798919168936 0.041520400775288041 -0.00026963114265161073 0.040345506535119618 -0.0024798722717884027 0.041474834159802576 -0.00048428705586021085
leaf_weight=203 179 557 1541 344 20 141 86 27 834 45 148079 39 78 55 80 82 93 254 25 27 38 207 54 354 43 265 21 30 65 59
leaf_count=203 179 557 1541 344 20 141 86 27 834 45 148079 39 78 55 80 82 93 254 25 27 38 207 54 354 43 265 21 30 65 59
internal_value=-0.000396459 -0.0145463 -0.0216252 0.000753871 -0.0141697 -0.00271654 -0.00506198 -0.00202703 -0.0224947 0.00433007 -3.06573e-05 -0.00243363 0.000979557 0.00320225 -0.00221519 -0.00590586 -0.00643939 -0.00877976 0.00618467 0.00585106 -0.00172811 0.00763359 -0.0117857 -1.24231e-05 -0.00276999 -0.00398438 0.000337838 0.00787671 8.43438e-07 0.00645161
internal_weight=153925 3879 2652 1227 277 625 484 74 2375 602 150046 1130 577 445 158 553 132 336 287 47 217 262 140 148916 713 640 286 73 148203 124
internal_count=153925 3879 2652 1227 277 625 484 74 2375 602 150046 1130 577 445 158 553 132 336 287 47 217 262 140 148916 713 640 286 73 148203 124
cat_boundaries=0 1 2 3 4 5 6
cat_threshold=34 4 4 13520 8948 1
is_linear=0
shrinkage=0.05


Tree=265
num_leaves=31
num_cat=5
split_feature=20 17 22 1 20 19 16 4 22 18 12 21 22 4 4 0 20 17 22 13 17 0 18 0 19 1 8 16 13 19
split_gain=454.139 34.214 6.62401 6.44832 4.73047 3.50292 4.03786 3.27114 4.39803 3.86085 3.40554 3.11131 3.02878 3.01658 2.93639 6.1412 3.96156 3.92967 6.17186 5.92386 5.13164 9.98778 4.82998 5.51052 4.69398 4.39557 6.92201 3.80968 3.69291 3.80635
threshold=1.0000000180025095e-35 1.0000000180025095e-35 6.9966452390317579 0 0.094733191358820829 0.48010728640447298 0.046145997888446519 2.5000000000000004 7.505115414509107 0.12189734257168457 3.3339870432574523 7.2089702972815557 7.7431535415143342 7.5000000000000009 1.5000000000000002 1 0.3391657509649269 6.7300845694372224 6.6893751432461306 7.3412569700463655 6.3538659294750799 2 0.11082534949072302 3 7.2430489464821717 4 3.5000000000000004 1.0000000180025095e-35 6.9907166938075465 7.3054669062755471
decision_type=8 10 10 1 8 10 8 2 8 10 10 8 10 2 2 1 10 10 10 8 8 1 10 1 10 1 2 8 10 10
left_child=1 12 3 13 5 6 -2 8 -7 10 -9 -8 -1 -3 15 16 -6 20 19 -19 22 -22 23 -17 -21 26 -23 -25 -20 -30
right_child=4 2 -4 -5 14 7 11 9 -10 -11 -12 -13 -14 -15 -16 17 -18 18 28 24 21 25 -24 27 -26 -27 -28 -29 29 -31
leaf_value=-2.170103870986484e-05 -0.0019419268608429825 -7.4257750078465804e-06 -2.4418079986321397e-07 -2.4418079986321397e-07 -0.0013257006364286979 -1.1999719020200362e-05 0.00069994052950638353 2.8221081586471411e-05 1.7508739440863509e-05 -8.345149986060397e-05 -0.0010288689895822545 -0.00094908135873611747 1.2028998767843468e-05 0.00012243372414729725 -1.0916197552657271e-05 4.0066242509415041e-05 0.0088659175162671602 0.0056849418629022711 0.0017023365492959909 0.0035783293997963209 0.0051364604659736917 0.0024348399278489256 0.00025235018256358765 0.00021734293999392252 -0.0058507504502311354 -0.010446429624202995 -0.0028085596962073248 -0.0025870551833871327 -0.0015310879755186413 0.0026320014001813608
leaf_weight=194 63 29 2365 202 117 205 96 745 109 146 246 163 37 47 137025 116 398 211 647 149 277 195 8480 20 72 220 446 272 619 149
leaf_count=194 63 29 2365 202 117 205 96 745 109 146 246 163 37 47 137025 116 398 211 647 149 277 195 8480 20 72 220 446 272 619 149
internal_value=-0.000387187 -0.0200765 -0.0216894 -0.0143885 -1.2898e-05 -0.00258037 -0.00729814 -0.00153343 -0.00605096 -0.00028584 0.000832492 -0.00453668 -0.00162338 -0.00197368 1.75688e-05 0.000754763 0.00604762 0.00051965 0.00263942 0.00787037 0.000129663 -0.00303163 0.000534428 -0.00477941 0.00214932 -0.00565442 -0.00362715 -0.00827815 0.0010424 -0.00130208
internal_weight=154060 2874 2643 278 151186 1773 322 1451 314 1137 991 259 231 76 149413 12388 515 11873 1847 432 10026 1138 8888 408 221 861 641 292 1415 768
internal_count=154060 2874 2643 278 151186 1773 322 1451 314 1137 991 259 231 76 149413 12388 515 11873 1847 432 10026 1138 8888 408 221 861 641 292 1415 768
cat_boundaries=0 1 2 3 4 5
cat_threshold=4 64 25632 32770 4
is_linear=0
shrinkage=0.05


Tree=266
num_leaves=31
num_cat=3
split_feature=20 17 22 20 14 16 17 22 21 15 17 17 19 7 16 15 19 0 10 19 17 11 14 10 0 0 15 17 22 20
split_gain=466.591 30.4854 6.32979 3.04809 4.82027 4.19983 4.20208 3.75961 2.46394 2.29075 3.17147 4.09549 3.08538 3.23923 2.41086 2.0312 21.2105 10.609 8.98014 9.21065 8.6014 17.6748 19.0185 12.5433 9.49757 6.7989 6.6449 8.27201 7.93486 6.47732
threshold=1.0000000180025095e-35 1.0000000180025095e-35 7.0587789192180264 0.094733191358820829 0.71754226264466137 1.0000000180025095e-35 0.69339229522435231 7.0373830709753236 9.3545179236839946 0.53815394315432463 2.0647500501412157 0.81352286644635485 2.8849803636449409 4.5000000000000009 0.11168761888604538 2.6069423984182647 2.5254725953144042 0 2.3075602584206303 2.2711086212837892 2.9902518389616599 3.0933100309410118 3.913022006759483 2.9418004506160189 1 2 3.0351854086856838 3.1355364227518554 7.2212499079072021 0.2057593864501901
decision_type=8 10 10 8 8 8 10 8 10 8 8 10 10 10 10 8 10 1 10 10 8 8 10 10 1 1 8 8 8 10
left_child=1 -1 -3 4 7 6 -6 -2 15 -7 11 -11 -12 14 -14 16 18 -18 19 -5 23 22 24 25 -22 -17 -23 28 -28 -30
right_child=3 2 -4 8 5 9 -8 -9 -10 10 12 -13 13 -15 -16 20 17 -19 -20 -21 21 26 -24 -25 -26 -27 27 -29 29 -31
leaf_value=-4.1199584198736708e-06 -0.0001031672839877762 -2.3197175986755527e-07 -2.3197175986755527e-07 -1.7670032806516023e-05 2.7821760760887717e-05 -0.0012786327287956257 -7.907528696096677e-06 -8.9334082680553314e-06 0.0042511068065557043 -1.5353964141923139e-05 -0.0036048289504477583 0.003603729823324442 -8.2574360610943043e-05 0.0038786801242929551 -0.0018553053858678004 0.00058299563443987845 0.0017714548576915458 -0.010217942966809246 0.0023403065357396669 -0.003794604518502376 -0.00095039749397984874 -0.001942946788610911 0.0043477737266240267 0.0027251557902032045 -0.0048654532583544685 -0.0006120130596911522 0.0047888981435569196 2.2754145330772247e-05 -0.0034269984615798335 0.0020850468343140529
leaf_weight=232 91 364 2282 32198 57 93 50 716 20 83 70 57 467 62 42 3288 164 614 1263 783 1448 645 653 1718 1904 3112 555 100391 150 478
leaf_count=232 91 364 2282 32198 57 93 50 716 20 83 70 57 467 62 42 3288 164 614 1263 783 1448 645 653 1718 1904 3112 555 100391 150 478
internal_value=-0.000452775 -0.0203961 -0.0219199 -7.30955e-05 -0.00212528 0.000229358 0.00957944 -0.00498761 -4.85326e-05 -0.000915332 -3.20102e-05 0.00678571 -0.00152106 -0.00030648 -0.00162083 -5.08824e-05 -0.000384044 -0.00854756 -0.000198575 -0.000357024 5.11623e-05 -6.87227e-05 -0.00332709 0.00161986 -0.00484785 0.000601563 5.89421e-05 9.10666e-05 0.00424768 0.000398089
internal_weight=154050 2878 2646 151172 1788 981 107 807 149384 874 781 140 641 571 509 149364 35022 778 34244 32981 114342 106224 4005 8118 3352 6400 102219 101574 1183 628
internal_count=154050 2878 2646 151172 1788 981 107 807 149384 874 781 140 641 571 509 149364 35022 778 34244 32981 114342 106224 4005 8118 3352 6400 102219 101574 1183 628
cat_boundaries=0 1 2 3
cat_threshold=17416 17695 10790
is_linear=0
shrinkage=0.05


Tree=267
num_leaves=31
num_cat=3
split_feature=20 17 22 1 20 1 10 21 4 7 7 3 3 12 4 3 22 6 22 1 17 20 21 13 12 18 4 3 10 22
split_gain=463.669 35.0279 9.02367 3.86235 3.62702 8.09827 5.99261 4.78698 4.46394 3.72148 6.51542 3.47226 5.70851 3.33557 3.22423 2.95635 3.87921 2.94668 7.55928 4.85323 8.68892 3.9598 3.62261 2.92493 3.75358 2.89541 2.7014 3.6507 2.69455 2.53107
threshold=1.0000000180025095e-35 1.0000000180025095e-35 6.9966452390317579 0 0.094733191358820829 1 5.9697295327479045 7.4682278018910955 7.5000000000000009 80.500000000000014 31.500000000000004 2.5000000000000004 3.5000000000000004 3.714790094103249 7.5000000000000009 5.5000000000000009 7.1937844982362149 1.0000000180025095e-35 7.7286189737228055 2 3.483489865392603 0.088479740455672265 8.0075332078766461 0.50031594015395309 3.5278289544528167 0.069782215410209458 3.5000000000000004 1.5000000000000002 3.6389002209295209 6.9087610166783255
decision_type=8 10 10 1 10 1 8 8 2 10 10 2 2 10 2 2 8 2 10 1 8 10 8 8 10 10 2 2 10 10
left_child=1 -1 3 14 5 6 -2 15 9 10 26 -10 -13 17 -3 23 -17 19 -19 20 21 -9 -22 -7 28 -15 27 -8 -25 -26
right_child=4 2 -4 -5 -6 7 8 13 11 -11 -12 12 -14 25 -16 16 -18 18 -20 -21 22 -23 -24 24 29 -27 -28 -29 -30 -31
leaf_value=-8.3089938001101877e-07 -1.7646709377408533e-05 -7.0428876694561552e-06 -2.2037317187195705e-07 -2.2037317187195705e-07 2.9093124857965114e-06 -0.00058923992994253528 0.007638832615774316 -1.6133555781350229e-05 -0.0035939459934969833 0.027722383159644592 -0.018602288807078007 0.021332504087881166 -0.0010997584260055426 0.0032196525607869121 9.8169825992311388e-05 -0.00041588430987251626 0.0013074977643469836 -0.0066009147297107973 0.0036007538674589588 -0.0001019639746102058 -0.0010185824824541223 0.0021005629612812714 -0.024558237970603393 1.0534784056390191e-05 0.00053432569267639616 -0.0010002217615555197 0.013783907506254557 -0.00095116785994169288 0.015416394840655956 -0.0036959496313348607
leaf_weight=215 286 29 2410 195 146938 138 55 109 156 30 63 110 181 47 45 107 66 537 90 628 39 49 179 704 25 46 309 169 53 59
leaf_count=215 286 29 2410 195 146938 138 55 109 156 30 63 110 181 47 45 107 66 537 90 628 39 49 179 704 25 46 309 169 53 59
internal_value=-0.000406804 -0.0202315 -0.0217898 -0.0131041 -2.72866e-05 -0.00146989 0.00171082 -0.00297288 0.00342498 0.00615016 0.00528523 -0.000391499 0.00283505 -0.00464037 -0.00337838 -0.000477431 -0.00650289 -0.00516554 -0.00785486 -0.00348606 -0.00797872 0.000949367 -0.0144495 0.000587334 0.00169441 0.00456989 0.00708255 0.00290179 0.00280713 -0.00833333
internal_weight=154067 2894 2679 269 151173 4235 1359 2876 1073 626 596 447 291 1724 74 1152 173 1631 627 1004 376 158 218 979 841 93 533 224 757 84
internal_count=154067 2894 2679 269 151173 4235 1359 2876 1073 626 596 447 291 1724 74 1152 173 1631 627 1004 376 158 218 979 841 93 533 224 757 84
cat_boundaries=0 1 2 3
cat_threshold=4 1 2
is_linear=0
shrinkage=0.05


Tree=268
num_leaves=31
num_cat=9
split_feature=20 17 0 1 14 3 21 20 0 10 19 1 18 14 18 21 18 4 1 0 17 0 10 8 4 3 1 10 0 4
split_gain=451.643 40.3671 3.71479 6.70355 3.91012 2.85423 2.59806 2.48765 11.3713 5.19749 5.80071 4.14001 4.63852 4.12529 3.52746 4.10786 3.16108 3.01652 3.00899 7.59322 10.0166 6.81472 8.44733 5.45099 4.02767 5.85943 5.54145 4.42285 6.67345 3.87664
threshold=1.0000000180025095e-35 1.0000000180025095e-35 0 1 0.66750053336617021 1.0000000180025095e-35 7.6513571967694611 0.094733191358820829 2 0.71754226264466137 0.48010728640447298 3 0.057511597938124721 0.37096867236468872 0.10112513943210157 7.6513571967694611 1.0000000180025095e-35 2.5000000000000004 4 5 2.9218467950147082 6 5.9697295327479045 1.5000000000000002 6.5000000000000009 1.0000000180025095e-35 7 0.89587973461402759 8 4.5000000000000009
decision_type=8 10 1 1 10 2 8 10 1 10 10 1 10 10 10 8 10 2 1 1 10 1 8 2 2 2 1 8 1 2
left_child=1 5 -3 4 -4 -1 -5 8 9 10 11 -2 -13 16 15 -11 -12 -15 19 20 -10 22 -20 -21 25 -23 -26 -27 -29 -24
right_child=7 2 3 6 -6 -7 -8 -9 18 14 13 12 -14 17 -16 -17 -18 -19 21 23 -22 24 29 -25 26 27 -28 28 -30 -31
leaf_value=-5.0599106605198066e-05 -0.00078857942544627866 -2.0935451328085719e-07 -3.8281873569118167e-05 -2.0935451328085719e-07 9.3261334692695827e-05 7.9919434659458953e-06 -2.0935451328085719e-07 2.7301126278356239e-06 -0.015583081389809928 0.0043089696850663111 3.7074364299397036e-05 -0.0064841967411347484 -0.00031332327500459837 -7.9515915739736272e-06 -0.000330735542618682 -0.0060731988678332629 -1.333888266558947e-05 -4.7413842120813677e-07 -0.01779641935755091 0.0049719610657404274 0.00083673175074230335 0.0015749612952829174 0.019015634043274401 -1.3845987207983247e-05 -0.0035926527931093551 0.0029139684317775168 0.0031042932030503376 0.0064231752425600421 -0.0022620784365002091 0.0078299975915356208
leaf_weight=27 153 1872 63 314 26 217 400 146891 143 137 54 540 203 151 29 31 62 297 66 112 107 82 209 398 286 42 188 231 160 469
leaf_count=27 153 1872 63 314 26 217 400 146891 143 137 54 540 203 151 29 31 62 297 66 112 107 82 209 398 286 42 188 231 160 469
internal_value=-0.000398155 -0.0198784 -0.0216542 -0.0174969 -0.00477528 -0.000409836 -0.0193277 -2.16829e-05 -0.00122892 -0.00442412 -0.00547945 -0.00797991 -0.00952221 -0.00150709 0.00317259 0.00595238 0.00689655 -0.00368304 0.000908909 -0.00171053 -0.00865385 0.0020629 0.0056366 0.00182692 -0.000675676 0.00237864 -0.00400844 5.77367e-05 -0.00159847 0.00737463
internal_weight=153960 2919 2675 803 89 244 714 151041 4150 1657 1460 896 743 564 197 168 116 448 2493 760 250 1733 744 510 989 515 474 433 391 678
internal_count=153960 2919 2675 803 89 244 714 151041 4150 1657 1460 896 743 564 197 168 116 448 2493 760 250 1733 744 510 989 515 474 433 391 678
cat_boundaries=0 1 2 3 4 5 6 7 8 9
cat_threshold=16 4 35408 1 2 416 17697 1 8320
is_linear=0
shrinkage=0.05


Tree=269
num_leaves=31
num_cat=5
split_feature=20 17 22 1 4 15 20 3 0 18 16 22 0 6 12 14 0 22 19 14 18 3 0 16 19 19 22 17 15 19
split_gain=457.611 39.3083 8.86819 3.52352 4.70889 2.42396 3.7114 3.12906 2.28975 2.07923 2.8869 2.05161 9.15067 4.30926 4.5995 3.33728 5.43732 3.71208 3.24953 3.20847 2.29402 2.26697 12.9779 8.53231 9.84381 12.663 15.9826 8.35633 8.06241 8.23239
threshold=1.0000000180025095e-35 1.0000000180025095e-35 6.9966452390317579 0 7.5000000000000009 0.4649631700476346 0.12081960939788845 4.5000000000000009 1 0.11268019944083622 0.057642451048291868 8.551412005653015 2 1.0000000180025095e-35 4.796203598077895 5.21520742292401 3 8.8216343874678422 3.5258544043041531 2.6426160634996907 0.1764220424193399 1.0000000180025095e-35 4 1.1251291805262569 5.2813009398993662 4.5596602212810682 7.2901848826559705 5.1035535791321669 5.1251796722864809 5.3176810969375934
decision_type=8 10 10 1 2 8 10 2 1 10 10 10 1 2 10 10 1 10 10 8 10 2 1 10 8 10 8 10 10 10
left_child=1 -1 3 4 -3 6 7 -2 -8 10 -9 21 15 -14 19 16 -13 -18 20 -15 -19 22 23 24 25 -7 -27 -28 -24 -30
right_child=5 2 -4 -5 -6 11 8 9 -10 -11 -12 12 13 14 -16 -17 17 18 -20 -21 -22 -23 28 -25 -26 26 27 -29 29 -31
leaf_value=-2.4595723899789592e-07 -0.0012601966856489013 -7.8447013923066408e-06 -1.9888678761681434e-07 -1.9888678761681434e-07 0.00011006397774058208 -2.0720408289720549e-05 0.0013798845859315208 -0.0020000426058037371 -0.00046331014106114067 -0.0030125650414532888 0.00096506269078132237 0.0033602327127616239 0.011784831354456227 0.0044949330195332314 -0.014565896358896803 -0.0037807088437780802 -0.0046190097558437065 0.0032851540034747107 -0.0079977487512589377 0.0010012668377356148 -0.0036532207232327974 -6.7268796046709992e-06 0.00040468937394423925 -0.019517396004283732 -0.0018179096317013867 0.0065499661856070149 0.0050874822167242375 -0.009929619816575053 0.0077045688750669861 0.0016610090025432013
leaf_weight=229 347 31 2413 202 42 3541 109 41 484 29 70 139 81 29 46 212 191 43 47 198 45 129210 9042 250 2909 488 192 82 255 3087
leaf_count=229 347 31 2413 202 42 3541 109 41 484 29 70 139 81 29 46 212 191 43 47 198 45 129210 9042 250 2909 488 192 82 255 3087
internal_value=-0.000379339 -0.0199949 -0.021689 -0.0131818 -0.00376712 -8.269e-07 -0.00236111 -0.00559548 0.00029511 0.000714286 0.00382883 1.61573e-05 -0.0022066 0.00425824 0.00137363 -0.00556769 -0.00327957 -0.00669643 -0.000555556 0.00429515 0.00511364 3.15318e-05 0.000529074 -0.00111751 -0.000804215 0.000714618 0.00656168 -0.00310219 0.0015209 0.00362059
internal_weight=154084 2917 2688 275 73 151167 1080 487 593 140 111 150087 1031 354 273 677 465 326 135 227 88 149056 19846 7462 7212 4303 762 274 12384 3342
internal_count=154084 2917 2688 275 73 151167 1080 487 593 140 111 150087 1031 354 273 677 465 326 135 227 88 149056 19846 7462 7212 4303 762 274 12384 3342
cat_boundaries=0 1 2 3 4 5
cat_threshold=4 16 49690 16384 339
is_linear=0
shrinkage=0.05


Tree=270
num_leaves=31
num_cat=3
split_feature=20 17 22 6 8 6 1 1 3 22 8 20 1 11 21 12 14 11 7 14 7 21 3 11 18 18 13 3 8 22
split_gain=456.367 36.4232 6.86905 3.12113 3.39411 2.55387 2.42263 2.3913 2.27611 1.95809 2.46905 1.60745 4.64273 7.92447 4.15447 3.73313 4.06581 3.86379 4.09419 3.00838 3.86017 2.87289 2.85865 2.82681 2.76445 2.89457 2.47458 2.4114 2.47622 2.38729
threshold=1.0000000180025095e-35 1.0000000180025095e-35 6.9966452390317579 1.0000000180025095e-35 4.5000000000000009 1.0000000180025095e-35 0 1 1.0000000180025095e-35 7.3857968241872047 4.5000000000000009 0.094733191358820829 2 3.7623615564016326 7.4682278018910955 0.50031594015395309 2.3075602584206303 2.2975599250672958 10.500000000000002 6.3791896073303089 1.0000000180025095e-35 7.5498722538214809 3.5000000000000004 3.5849059018974727 0.10789251398818085 0.084330355425894885 0.43773436867694998 1.5000000000000002 5.5000000000000009 7.7431535415143342
decision_type=8 10 10 2 2 2 1 1 2 10 2 10 1 8 8 10 10 10 8 8 8 10 2 8 10 10 10 2 2 8
left_child=1 5 3 4 -3 8 -4 -5 -1 10 -8 12 13 21 19 16 17 18 26 23 -21 -2 29 24 25 -14 -16 -26 -29 -20
right_child=11 2 6 7 -6 -7 9 -9 -10 -11 -12 -13 14 -15 15 -17 -18 -19 22 20 -22 -23 -24 -25 27 -27 -28 28 -30 -31
leaf_value=-0.00011299838333849177 -2.9532953896516112e-05 -1.8894244823708384e-07 -1.8894244823708384e-07 8.3095069071031924e-05 -2.5252576633050251e-06 -0.00016013476536647087 -1.8894244823708384e-07 -3.117361878707259e-06 1.1287792408098963e-05 -1.8894244823708384e-07 -4.1355936340470305e-07 9.970645979817673e-06 -1.1408751991459632e-07 0.0027197389643730282 -0.0057975570740563592 2.3115712133411903e-05 0.0018209124448136161 0.0066479983926136521 -0.003921597177046876 0.00084805259823333425 -0.001541915524692078 6.1440500500145609e-05 -0.0036137467132883183 -0.00040376155164313925 6.0106842339563427e-05 0.0023437333729888986 -1.3693255146618456e-05 3.1508712041194985e-05 -6.4165928314158244e-05 6.2674525301470443e-05
leaf_weight=22 181 184 1564 31 36 48 127 22 165 650 43 146763 309 1090 511 370 37 83 34 355 70 40 235 184 27 95 91 28 62 357
leaf_count=22 181 184 1564 31 36 48 127 22 165 650 43 146763 309 1090 511 370 37 83 34 355 70 40 235 184 27 95 91 28 62 357
internal_value=-0.000363426 -0.020038 -0.0217068 -0.0141941 -0.0168182 -0.00117021 -0.0225671 -0.00330189 0.00147059 -0.0203659 -0.0155882 1.35832e-05 -0.000955759 0.00150648 -0.00208919 -0.00363795 -0.00485905 -0.00532037 -0.00602606 0.000265487 0.00358824 -0.0071267 -0.00319489 -0.00173759 0.000143954 0.00210396 -0.0089701 -0.00662393 -0.0105556 -0.000575448
internal_weight=153814 2892 2657 273 220 235 2384 53 187 820 170 150922 4159 1311 2848 1718 1348 1311 1228 1130 425 221 626 705 521 404 602 117 90 391
internal_count=153814 2892 2657 273 220 235 2384 53 187 820 170 150922 4159 1311 2848 1718 1348 1311 1228 1130 425 221 626 705 521 404 602 117 90 391
cat_boundaries=0 1 2 3
cat_threshold=4 4 1
is_linear=0
shrinkage=0.05


Tree=271
num_leaves=31
num_cat=1
split_feature=20 17 0 21 4 12 7 11 16 2 21 20 16 4 20 20 21 18 18 20 20 21 16 21 11 4 4 3 13 21
split_gain=469.87 32.6158 5.02779 3.9494 2.80093 2.59689 11.9162 7.00092 5.62551 4.78572 4.19255 3.89247 4.01316 3.79608 3.57202 3.46904 2.96156 2.72243 2.8451 3.78242 2.96712 2.62865 2.61947 4.27475 2.61807 2.46759 2.41623 2.37656 2.29167 2.2394
threshold=1.0000000180025095e-35 1.0000000180025095e-35 0 7.6263264821815211 11.500000000000002 7.1943993121536609 1.5000000000000002 7.4630761014662355 0.036239343375461093 1.5000000000000002 6.7759365416542883 0.20419634601659137 0.18039395371203318 2.5000000000000004 0.19399637164958042 0.92514880752484674 6.9579728820873044 0.78014600945476864 0.29806128343693289 0.21095475912120176 0.1976807359539472 7.1681945407902399 0.40122962541668167 6.5489349224980922 7.0909930790945799 7.5000000000000009 6.5000000000000009 1.5000000000000002 7.2796635441494049 6.7644619426714891
decision_type=8 10 1 10 2 10 10 10 10 2 10 10 8 2 10 10 8 10 10 10 10 10 10 10 10 2 2 2 8 10
left_child=1 4 -3 25 26 -2 7 8 -7 24 29 13 16 -9 21 22 -13 18 19 20 -12 -15 -14 -24 -10 -4 -1 -27 -19 -11
right_child=5 2 3 -5 -6 6 -8 11 9 10 17 12 15 14 -16 -17 -18 28 -20 -21 -22 -23 23 -25 -26 27 -28 -29 -30 -31
leaf_value=7.0402545341963225e-06 -8.137707167926723e-07 -1.7949532582495209e-07 -1.7949532582495209e-07 -1.7949532582495209e-07 3.9285246750270235e-05 0.0082045831953854176 0.0047104458530016881 0.0055953949045223442 -0.0032574516442799295 -0.0019744520487923189 -0.00037379032328574983 -0.0054381658552001616 0.0025592086421531326 -0.0054776591129244608 0.0053600539458376062 0.012838545974042282 -0.00041729571839672631 0.0011662769063095269 -0.0020142252649111292 0.0013915795505129226 -0.0047233712473826461 0.0032978039397980386 0.0046527101193166503 -0.0099408137085954321 -0.0011955760560737217 -5.2337741724972635e-07 -0.00015212802709814734 -1.7949532582495209e-07 0.01102906596590616 -0.0066001980887322904
leaf_weight=110 145712 1898 346 294 36 34 430 51 948 1009 201 63 235 42 23 39 208 55 450 903 77 20 36 30 476 32 70 128 33 21
leaf_count=110 145712 1898 346 294 36 34 430 51 948 1009 201 63 235 42 23 39 208 55 450 903 77 20 36 30 476 32 70 128 33 21
internal_value=-0.000428868 -0.0203157 -0.0218125 -0.017284 -0.00162037 -4.53354e-05 -0.0011237 -0.00181671 -0.00260875 -0.00277378 -0.00155511 0.00264391 0.00094108 0.0102941 0.00382353 0.00455882 -0.00359779 -4.363e-05 -0.000505825 0.000783235 -0.00431655 -0.00241935 0.00274086 -0.00606061 -0.0051264 -0.0148221 -0.00416667 -0.0096875 0.00852273 -0.00407767
internal_weight=154010 2914 2698 800 216 151096 5384 4954 4207 4173 2749 747 611 136 85 340 271 1719 1631 1181 278 62 301 66 1424 506 180 160 88 1030
internal_count=154010 2914 2698 800 216 151096 5384 4954 4207 4173 2749 747 611 136 85 340 271 1719 1631 1181 278 62 301 66 1424 506 180 160 88 1030
cat_boundaries=0 1
cat_threshold=16
is_linear=0
shrinkage=0.05


Tree=272
num_leaves=31
num_cat=0
split_feature=20 17 21 21 10 20 20 17 15 11 17 10 21 4 12 20 20 13 20 14 8 18 12 17 14 4 14 10 21 7
split_gain=452.932 36.4277 3.17756 2.49651 2.73029 3.49008 2.20542 3.98986 5.48102 2.12027 3.80544 2.52796 2.11222 2.05885 5.08017 4.53271 3.63789 2.73036 2.66187 3.82417 2.32961 1.88253 2.14868 1.77936 3.83527 2.68671 1.76333 1.75774 1.86419 1.71392
threshold=1.0000000180025095e-35 1.0000000180025095e-35 6.8580395486683789 8.5022697001354874 3.180132835422278 0.18182177050678175 0.094733191358820829 0.81352286644635485 2.0698572641558219 6.948369158516555 2.9902518389616599 6.3442318044851342 6.4777410025491262 8.5000000000000018 4.796203598077895 0.24768064623426697 0.28826452425703736 6.4873795117760524 0.30957579110541356 4.8601998511071356 5.5000000000000009 0.14690078553211297 5.2435971194836286 2.7925378721557066 1.9387157803292638 7.5000000000000009 2.4890560511953486 3.5849059018974727 7.577377095608937 175.50000000000003
decision_type=8 10 8 10 10 10 8 8 8 8 8 8 10 2 8 10 10 10 10 10 2 10 8 8 10 2 8 10 10 10
left_child=1 12 -3 6 5 26 7 -2 -9 27 -11 -12 -1 14 -6 20 -17 21 -18 -20 -15 -16 -23 24 -7 -26 -5 -10 -29 -8
right_child=3 2 -4 4 13 23 29 8 9 10 11 -13 -14 15 17 16 18 -19 19 -21 -22 22 -24 -25 25 -27 -28 28 -30 -31
leaf_value=-3.5834225375186439e-05 -1.4089816646284393e-05 -1.7052055953370449e-07 -1.7052055953370449e-07 0.00013737505294942888 0.0017339506878718991 -0.0065213154385491247 1.589497475285029e-06 0.0029201532704385583 4.8392646574080267e-05 -0.0036141188826788631 0.0030165373187276859 0.00021436065606312839 6.4321120469834625e-06 0.005029856028979829 -0.0047180608669941115 0.0087937643042853338 -0.0023155044453523565 -0.0076685793582274009 0.00036564826336937806 0.012698116518042469 -0.0024290547032808532 -0.004050756027381564 -0.00021258385694740146 -0.0084395920957806465 0.0041960754751181112 -0.0043001637348578431 -0.00011084992899219604 -0.0027876071816228089 0.0016301354317207473 0.01716193333335796
leaf_weight=113 1087 100 2540 20 203 117 148031 65 227 23 50 197 119 24 34 48 49 28 71 32 62 77 188 98 46 21 30 118 31 77
leaf_count=113 1087 100 2540 20 203 117 148031 65 227 23 50 197 119 24 34 48 49 28 71 32 62 77 188 98 46 21 30 118 31 77
internal_value=-0.000403116 -0.0200731 -0.0217424 -2.91287e-05 -0.00235192 -0.0061747 -1.13404e-05 -0.00175195 0.00116034 -0.000232198 0.00314815 0.00495951 -0.00107759 -0.000796569 -0.00264151 0.00262238 0.00675 -0.00649847 0.00296053 0.00752427 -0.00697674 -0.00510033 -0.00367925 -0.00833333 -0.00543478 0.00410448 0.006 -0.00265957 -0.00687919 9.79015e-06
internal_weight=153926 2872 2640 151054 1148 332 149906 1798 711 646 270 247 232 816 530 286 200 327 152 103 86 299 265 282 184 67 50 376 149 148108
internal_count=153926 2872 2640 151054 1148 332 149906 1798 711 646 270 247 232 816 530 286 200 327 152 103 86 299 265 282 184 67 50 376 149 148108
is_linear=0
shrinkage=0.05


Tree=273
num_leaves=31
num_cat=4
split_feature=20 17 0 1 4 6 15 19 20 12 18 3 12 20 19 18 15 14 20 12 17 0 4 0 4 20 15 20 6 4
split_gain=456.3 39.1814 4.96419 7.25848 3.41523 2.92513 2.29366 12.1991 6.61713 6.1368 4.80767 4.73834 5.41063 4.91505 4.29323 6.68094 4.66666 4.09125 4.00633 3.75907 5.38949 8.09382 5.73644 7.46365 5.18922 5.68082 4.69447 3.99563 3.67454 3.63684
threshold=1.0000000180025095e-35 1.0000000180025095e-35 0 1 7.5000000000000009 1.0000000180025095e-35 1.6837557402874641 1.4482443527867719 0.54769278941344857 1.7833559100698646 0.15189541178111035 5.5000000000000009 0.66750053336617021 0.24979972610822085 0.48010728640447298 0.057511597938124721 1.098649041116053 1.9530024665512917 0.89894925544318094 0.71754226264466137 1.855104182090989 2 8.5000000000000018 3 5.5000000000000009 0.17506239573951654 1.8430567234671125 0.23313266703421051 1.0000000180025095e-35 8.5000000000000018
decision_type=8 10 1 1 2 2 8 10 10 10 10 2 8 10 10 10 10 8 8 8 8 1 2 1 2 10 8 10 2 2
left_child=1 5 -3 4 -4 -1 7 8 9 10 11 14 -13 28 15 -2 -16 18 -10 -8 21 27 24 -24 -23 -26 -22 -21 -14 -9
right_child=6 2 3 -5 -6 -7 19 29 17 -11 -12 12 13 -15 16 -17 -18 -19 -20 20 26 22 23 -25 25 -27 -28 -29 -30 -31
leaf_value=5.2677991457028565e-06 -0.0015316317189269818 -1.6199453155563149e-07 -1.7827569861450509e-05 -1.6199453155563149e-07 0.0001036887873604564 -0.00015006456257726233 -0.0011439337072354616 -0.0019570169453814955 0.000492146566557633 0.0048252013534718866 4.0701986969776674e-05 0.0011125651913744706 -0.00050086411764685423 0.014866801888429416 1.8194535914228816e-06 -0.00039203176098533414 -0.0015240560200944109 -0.0063180243859389112 -0.0067599681666767114 0.0052680056024559168 -0.0026544841586706447 0.00026491840649869316 0.0026614951300002357 -0.00097859951276133006 0.00063070056587761776 -0.002996087539513026 1.2109237276680673e-05 0.0023170408216927063 -7.6395015204561164e-05 -0.0059689270980577639
leaf_weight=191 98 1855 42 730 46 43 372 1633 258 443 19856 151 336 37 3159 445 314 243 63 187 396 1339 579 338 123 413 119091 318 201 705
leaf_count=191 98 1855 42 730 46 43 372 1633 258 443 19856 151 336 37 3159 445 314 243 63 187 396 1339 579 338 123 413 119091 318 201 705
internal_value=-0.000424824 -0.0200464 -0.0217639 -0.0173309 -0.00397727 -0.00042735 -4.73203e-05 -0.000456302 -0.000140603 -1.99681e-05 -0.000125015 -0.00155558 -0.00527586 -0.00749129 -0.000883964 -0.00501842 -0.000237547 -0.00549645 -0.00179128 4.54708e-05 6.06757e-05 0.0020549 0.000981442 0.00422574 -0.0006 -0.00475746 5.64915e-06 0.00781553 -0.00870577 -0.0039136
internal_weight=154005 2907 2673 818 88 234 151098 27942 25604 25040 24597 4741 725 574 4016 543 3473 564 321 123156 122784 3297 2792 917 1875 536 119487 505 537 2338
internal_count=154005 2907 2673 818 88 234 151098 27942 25604 25040 24597 4741 725 574 4016 543 3473 564 321 123156 122784 3297 2792 917 1875 536 119487 505 537 2338
cat_boundaries=0 1 2 3 4
cat_threshold=16 4 4 706
is_linear=0
shrinkage=0.05


Tree=274
num_leaves=31
num_cat=4
split_feature=20 17 22 6 6 10 0 18 20 10 19 17 10 15 0 22 22 16 16 22 22 0 0 3 16 22 22 17 20 3
split_gain=445.32 38.8869 8.70944 4.21314 3.49509 2.89909 3.77756 10.2471 5.04828 4.70556 3.46875 3.28718 9.57553 7.96667 5.83163 5.21398 7.70232 4.17192 3.97535 3.77695 4.54214 3.90713 3.69651 8.7015 3.67086 3.67044 5.96978 3.57889 3.88251 4.17414
threshold=1.0000000180025095e-35 1.0000000180025095e-35 6.9966452390317579 1.0000000180025095e-35 1.0000000180025095e-35 0.81068324164968719 0 0.10461776324952192 2.2443719298359626 0.66750053336617021 0.76378503353574334 1.1118205962643211 1.1150072000796054 0.96345725263205595 1 7.1937844982362149 6.7054683321583566 0.50796866841656729 0.14849294448839226 6.9364570009069029 6.9867697604419536 2 3 1.5000000000000002 0.12499309470751359 7.5833366839763405 7.3282110481776348 0.92966849362304138 0.22203809119573487 2.5000000000000004
decision_type=8 10 10 2 2 8 1 10 8 10 10 8 8 10 1 10 8 10 10 8 8 1 1 2 10 10 8 10 10 2
left_child=1 4 3 -3 -1 6 7 -2 -8 -10 -9 13 14 19 -13 16 18 -18 -15 -7 24 25 23 -17 -21 26 -22 -24 -29 -30
right_child=5 2 -4 -5 -6 11 8 10 9 -11 -12 12 -14 15 -16 22 17 -19 -20 20 21 -23 27 -25 -26 -27 -28 28 29 -31
leaf_value=8.216563118962351e-06 -0.0001269305745475957 -1.538948049772948e-07 -1.538948049772948e-07 -5.8238394429199758e-07 -0.0001511675824570069 -0.00031840631037927672 -6.73382874409878e-06 0.00010582780280238291 -0.0077051279957190862 0.0047097642244280508 -0.0013125496904587697 -0.0026937838297657946 4.4447929062574333e-05 0.0065045682795495281 3.070229691854998e-05 -0.0078537387609738784 0.0023682135640168637 -0.0065746118383093024 -0.0014383872143112987 0.002186957233138487 -1.8479552217409712e-05 -7.2877748552840901e-05 0.0055407293510504945 0.00076141591411943432 0.0016633053815474947 -7.1529287766769478e-05 0.0013715173565887807 0.0015378841957963574 0.0014826451811073061 -0.0015164030095541404
leaf_weight=175 127 216 2355 53 38 1073 9027 462 21 60 825 1442 127094 40 909 297 1746 105 320 39 1086 2350 98 708 204 928 1331 238 172 260
leaf_count=175 127 216 2355 53 38 1073 9027 462 21 60 825 1442 127094 40 909 297 1746 105 320 39 1086 2350 98 708 204 928 1331 238 172 260
internal_value=-0.00033339 -0.0199595 -0.0216273 -0.0131041 0.000586854 3.54394e-05 -0.000765064 -0.00316011 -0.00038934 0.012037 -0.00184538 9.54144e-05 2.49141e-05 0.000925421 -0.00313696 0.00271084 0.00433062 0.00563209 -0.00236111 -8.91456e-05 0.000404176 0.000118525 0.000690919 -0.00130542 0.00709877 0.00121461 0.00224452 0.00327763 0.00201493 -0.000810185
internal_weight=153799 2837 2624 269 213 150962 10522 1414 9108 81 1287 140440 129445 10995 2351 3984 2211 1851 360 7011 5938 5695 1773 1005 243 3345 2417 768 670 432
internal_count=153799 2837 2624 269 213 150962 10522 1414 9108 81 1287 140440 129445 10995 2351 3984 2211 1851 360 7011 5938 5695 1773 1005 243 3345 2417 768 670 432
cat_boundaries=0 1 2 3 4
cat_threshold=8260 596 774 18
is_linear=0
shrinkage=0.05


Tree=275
num_leaves=31
num_cat=4
split_feature=20 18 22 1 4 21 8 22 22 21 4 15 15 0 3 19 3 10 22 18 12 0 22 16 22 16 15 0 22 18
split_gain=463.457 33.7647 8.20912 4.82119 4.32279 3.10434 2.87913 3.01385 2.67566 2.46955 6.86505 7.91678 7.18671 6.21687 4.87521 6.16162 9.98275 9.79518 4.96219 4.89855 4.62686 4.17291 6.04592 5.82469 4.23273 4.93438 4.16642 7.07579 10.9297 10.731
threshold=1.0000000180025095e-35 1.0000000180025095e-35 6.9966452390317579 0 7.5000000000000009 7.1712726506405104 4.5000000000000009 6.8503028891172892 7.6915453848820405 7.3786959203125102 11.500000000000002 2.4578007222645857 1.098649041116053 1 4.5000000000000009 4.0678903747984849 5.5000000000000009 3.9522043336703749 7.3979846160380367 0.31464531841043047 7.5948842607028952 2 8.3902758943614213 0.20503941691052388 8.140730862761929 0.48387759351685072 0.91851059460537587 3 7.5833366839763405 1.0920782882341034
decision_type=8 8 10 1 2 8 2 10 10 10 2 8 10 1 2 8 2 8 8 10 10 1 10 8 8 10 8 1 10 10
left_child=1 2 3 4 -1 -3 -5 -8 -7 26 13 12 -12 14 18 -16 19 -18 -11 -17 -15 22 -13 -23 25 -25 -2 29 -29 -28
right_child=9 5 -4 6 -6 8 7 -9 -10 10 11 21 -14 20 15 16 17 -19 -20 -21 -22 23 -24 24 -26 -27 27 28 -30 -31
leaf_value=-6.6852883195245301e-06 -1.8774124846798745e-05 4.4038203819035672e-05 -1.4620006472676474e-07 -1.4620006472676474e-07 9.2002944857277899e-05 -3.3305139125511256e-05 6.1011821294421071e-06 -4.7928265206442784e-06 5.4362883314007517e-06 0.0017146815884934608 1.3444358338071672e-05 0.0032615180656272004 -0.0041123954858643006 -0.00016658798340220271 0.00011592464482586551 0.004255432370579593 -0.010393569669682813 0.0016717046744283205 -0.00036424380182800145 0.025647325378347442 -0.0052034927885518563 -0.0014924733989938766 0.0087155262275999019 0.0049904463529596658 -0.00052778757965632472 -0.00074795759676296039 0.00041743615939719985 -0.00013331361510051653 0.001833808337298093 -0.0071559721159402349
leaf_weight=31 8759 47 2391 161 43 139 22 20 31 671 430 905 172 15894 1615 97 55 750 6923 118 100 428 54 250 237 117 35197 74366 3573 480
leaf_count=31 8759 47 2391 161 43 139 22 20 31 671 430 905 172 15894 1615 97 55 750 6923 118 100 428 54 250 237 117 35197 74366 3573 480
internal_value=-0.000382279 -0.020234 -0.0217766 -0.0136282 -0.0027027 -0.00126728 -0.0176108 -0.00595238 -0.00441176 -3.47243e-06 -0.000419906 0.00203432 -0.00299003 -0.000662586 0.000300322 0.0021537 0.00519608 0.00263975 -0.000342376 0.0147674 -0.00127781 0.00355349 0.00590815 0.00129559 0.0044702 0.00783379 9.45863e-05 0.000175591 -9.14059e-05 0.00075868
internal_weight=154076 2885 2668 277 74 217 203 42 170 151191 28816 2593 602 26223 10229 2635 1020 805 7594 215 15994 1991 959 1032 604 367 122375 113616 77939 35677
internal_count=154076 2885 2668 277 74 217 203 42 170 151191 28816 2593 602 26223 10229 2635 1020 805 7594 215 15994 1991 959 1032 604 367 122375 113616 77939 35677
cat_boundaries=0 1 2 3 4
cat_threshold=4 165 34313 37654
is_linear=0
shrinkage=0.05


Tree=276
num_leaves=31
num_cat=8
split_feature=18 19 22 22 0 1 3 22 8 3 22 1 8 22 19 3 22 0 1 19 18 22 18 0 17 19 0 8 3 0
split_gain=317.866 168.366 7.64506 5.9775 5.05953 3.29213 3.13197 2.81952 3.12418 2.80364 2.80248 2.60651 2.55388 2.54848 2.51848 2.47276 2.39951 2.3518 8.4775 12.1229 10.5312 9.2692 7.68586 7.61159 11.6542 10.013 8.96953 6.21341 7.24689 14.554
threshold=1.0000000180025095e-35 0.6933121904001478 6.9966452390317579 7.5537336704754754 0 1 4.5000000000000009 8.0295786574466756 4.5000000000000009 5.5000000000000009 7.2941202177578965 2 4.5000000000000009 6.816915248281787 0.76378503353574334 4.5000000000000009 6.816915248281787 3 4 6.6186264698440436 0.40663471407806423 8.3902758943614213 0.12507434442054619 5 6.7923992032443303 5.5886066649974113 6 5.5000000000000009 5.5000000000000009 7
decision_type=8 10 10 8 1 1 2 10 2 2 10 1 2 8 10 2 10 1 1 8 8 10 8 1 8 10 1 2 2 1
left_child=1 2 11 4 -3 -4 7 8 -5 14 -11 -1 -13 -14 15 16 -6 18 20 -20 21 27 -21 25 -25 -22 -26 28 -2 -30
right_child=17 3 5 6 9 -7 -8 -9 -10 10 -12 12 13 -15 -16 -17 -18 -19 19 22 23 -23 -24 24 26 -27 -28 -29 29 -31
leaf_value=-5.9110336912193698e-06 0.0013698133051226026 -5.0975795301211327e-05 -1.3889006149070406e-07 7.867417785088483e-05 0.00011633498038721157 -1.3889006149070406e-07 -4.415932344781215e-06 6.0049720862837e-05 -4.5611708107823334e-06 -2.9602792881278095e-05 -4.501808577042077e-05 -1.3889006149070406e-07 7.9946948197079376e-05 -2.6689456830930603e-06 4.0681023341659909e-05 2.5450756989431335e-05 -3.2675268850534957e-06 -3.3972109648239272e-05 1.4473322814811952e-05 0.0022750751281335638 0.026702156320371231 0.0051067759180414068 -0.0029945254896671437 0.0030048746847431309 -0.00050725114438940897 0.0036577856676762279 -0.027042444133490131 -0.00031349951115617892 -0.0029433247799432131 0.0028013287900860331
leaf_weight=67 6458 118 1591 123 48 825 89 59 52 91 37 151 20 24 237 54 348 88413 40519 167 264 270 1689 971 224 1321 101 7235 1469 540
leaf_count=67 6458 118 1591 123 48 825 89 59 52 91 37 151 20 24 237 54 348 88413 40519 167 264 270 1689 971 224 1321 101 7235 1469 540
internal_value=-0.000357968 -0.0143874 -0.0214712 0.000716561 -0.00131297 -0.022351 0.00657895 0.00961538 0.00642857 0.000151515 -0.00664063 -0.0133588 -0.0162821 -0.00568182 0.00141921 -0.000777778 -0.00214646 1.08593e-05 0.000249028 -0.000143363 0.00113112 0.000629226 -0.00409483 0.00391357 0.00103369 0.00622257 -0.00715385 0.000471278 0.00139069 -0.00123196
internal_weight=153575 3934 2678 1256 933 2416 323 234 175 815 128 262 195 44 687 450 396 149641 61228 42375 18853 15972 1856 2881 1296 1585 325 15702 8467 2009
internal_count=153575 3934 2678 1256 933 2416 323 234 175 815 128 262 195 44 687 450 396 149641 61228 42375 18853 15972 1856 2881 1296 1585 325 15702 8467 2009
cat_boundaries=0 1 2 3 4 5 6 7 8
cat_threshold=8708 4 4 38661 1 257 1024 34560
is_linear=0
shrinkage=0.05


Tree=277
num_leaves=31
num_cat=1
split_feature=20 17 22 4 6 13 17 21 17 4 17 20 22 20 8 20 16 16 21 20 4 22 3 0 22 20 17 15 22 16
split_gain=453.505 44.8866 7.90718 3.69505 3.18611 2.49219 5.61498 5.01249 3.25072 11.4793 4.07711 3.38674 3.09337 5.99717 3.32226 2.56993 2.55208 2.475 2.312 2.85537 2.17175 2.1176 2.04242 12.4633 11.2373 10.6085 9.30128 7.28025 6.72065 7.02886
threshold=1.0000000180025095e-35 1.0000000180025095e-35 6.9966452390317579 8.5000000000000018 1.0000000180025095e-35 7.8375540494105929 6.7923992032443303 6.6864847774674381 7.443088802830129 2.5000000000000004 7.5687664974793156 0.61967053521180471 6.9062491214137172 0.24873419540375288 5.5000000000000009 1.0292327137113266 0.15520330361781395 0.17220835004399274 7.4963748916721205 0.38591740925133805 9.5000000000000018 6.9404033511799428 1.0000000180025095e-35 0 6.2084915373643383 0.85180327947010093 2.1201183923627638 4.3011868994813689 6.8566006059764106 0.31759454326580033
decision_type=8 10 10 2 2 10 8 8 10 2 8 10 10 10 2 10 8 10 8 10 2 10 2 1 10 10 10 8 10 10
left_child=1 4 3 -3 -1 8 -7 -8 22 10 17 12 13 14 16 -13 -11 -10 19 -12 -5 -14 23 24 25 -2 -26 -27 -28 -30
right_child=5 2 -4 20 -6 6 7 -9 9 11 18 15 21 -15 -16 -17 -18 -19 -20 -21 -22 -23 -24 -25 26 27 28 -29 29 -31
leaf_value=6.9425009706636231e-06 -0.00015287495229817651 -1.3194555841811174e-07 -1.3194555841811174e-07 6.9497900682641278e-05 -0.00012641776165518427 -0.008476522233367657 -0.0050112743290334112 0.0051209053535198118 -0.0055315421975755674 0.0035646633592419708 0.0035707464226597987 0.0053161958470877568 0.0031597437893129856 -0.011675212822096005 -0.0055235320028854231 -0.0060855510492740629 -0.0020221930273986335 0.0030073931843096705 0.0081437207365646636 -0.0021844072547605453 -1.1308811571075773e-07 -0.0019670886978778502 -8.9360227254975385e-06 -3.716888858673051e-05 0.0059653925572427441 -0.068518312487523936 0.0039385916958941895 0.01327412365523133 0.00050705638929654517 0.0045249513233529548
leaf_weight=186 840 214 2394 35 35 38 34 209 60 24 59 40 22 124 99 26 96 72 45 21 33 267 130091 14458 135 126 974 26 2840 618
leaf_count=186 840 214 2394 35 35 38 34 209 60 24 59 40 22 124 99 26 96 72 45 21 33 267 130091 14458 135 126 974 26 2840 618
internal_value=-0.000364203 -0.0199603 -0.0217489 -0.0138298 0.00169683 1.09023e-05 0.0047153 0.00751029 2.15142e-06 -0.00290576 0.0061284 -0.00623209 -0.00735759 -0.0105685 -0.00559361 0.00454545 0 0 0.0126 0.0075 -0.00367647 -0.00354671 2.06518e-05 0.000490833 0.00250045 -0.00231855 0.00355266 -0.0144737 0.00315884 0.00212551
internal_weight=154241 2897 2676 282 221 151344 281 243 151063 955 257 698 632 343 219 66 120 132 125 80 68 289 150108 20017 5559 992 4567 152 4432 3458
internal_count=154241 2897 2676 282 221 151344 281 243 151063 955 257 698 632 343 219 66 120 132 125 80 68 289 150108 20017 5559 992 4567 152 4432 3458
cat_boundaries=0 1
cat_threshold=25760
is_linear=0
shrinkage=0.05


Tree=278
num_leaves=31
num_cat=0
split_feature=20 18 22 10 16 19 20 21 12 18 19 16 22 12 7 3 10 10 3 12 19 11 10 4 11 2 19 20 11 11
split_gain=458.308 41.0881 6.46705 2.95257 4.79263 3.51602 5.43749 3.25358 3.04425 2.90328 2.76146 3.50551 3.20559 2.51168 17.8907 8.72501 5.29993 4.81794 8.00151 6.86962 4.60881 17.8946 12.1172 8.79743 8.35175 11.9017 6.51875 11.7675 9.88646 9.23188
threshold=1.0000000180025095e-35 1.0000000180025095e-35 6.9268902955888834 7.5227516492373985 0.036239343375461093 6.7705651253726717 0.61967053521180471 5.9952067579627961 7.077919816563452 0.360698345272151 7.2734794284340536 0.17802361175919973 6.921919753593512 7.1638305717902595 1.5000000000000002 3.5000000000000004 7.3008103100619168 6.7544292437421705 3.5000000000000004 6.9622908105093186 5.2624668362929254 5.3468693787720287 4.8601998511071356 8.5000000000000018 3.6122674411288074 1.5000000000000002 4.7934515656378753 0.85180327947010093 4.9652891314998238 4.8366785749611774
decision_type=8 8 10 10 10 10 10 10 8 10 10 10 10 10 10 2 8 10 2 8 8 8 10 2 8 2 10 10 8 10
left_child=1 2 -1 13 -5 -6 7 -7 -9 -8 11 -10 -13 17 15 -15 -17 20 -19 -20 22 23 26 -22 25 -24 29 28 -28 -2
right_child=3 -3 -4 4 5 6 9 8 10 -11 -12 12 -14 14 -16 16 -18 18 19 -21 21 -23 24 -25 -26 -27 27 -29 -30 -31
leaf_value=-1.2534828049970415e-07 -4.282635744473629e-06 5.0924101908655932e-07 -1.2534828049970415e-07 0.006988162116548069 -0.011221648062833678 -0.0025419889635626804 -0.0023813560518617829 0.0052740130755212448 -0.0033917541119425246 0.0079073201487962052 0.00072349674842677738 0.0025361396710990025 -0.0019538372567954321 -0.0020026221487961407 0.0050611936609618272 -0.00066881607125452997 0.0026388340925759483 1.4403446716571013e-05 0.0032156302561902276 0.0005682972649054596 -0.0011468324470185586 -0.00015991432048396704 -0.021663985736357062 -0.0043415304616236886 0.001514418067532608 0.00231822096292702 -0.0034149576637602765 0.0073134349304552872 -0.00045157159798456806 0.0034301560260839195
leaf_weight=225 90366 233 2462 58 58 41 26 89 56 120 575 77 210 2803 471 1194 552 6343 1346 2024 1678 28473 145 980 6525 239 1577 359 3105 1779
leaf_count=225 90366 233 2462 58 58 41 26 89 56 120 575 77 210 2803 471 1194 552 6343 1346 2024 1678 28473 145 980 6525 239 1577 359 3105 1779
internal_value=-0.00041394 -0.0200342 -0.0217808 -3.52022e-05 0.00232824 0.00167732 0.00226131 0.00100191 0.00156405 0.0113014 0.000708061 -0.00284257 -0.000609756 -5.58486e-05 -0.00115538 -0.00211585 0.000658648 -1.77661e-05 0.00105786 0.00302671 -9.50261e-05 -0.000628794 6.46044e-05 -0.00455229 0.00208786 -0.00507813 -7.92295e-05 -0.00182999 -0.00249893 1.655e-05
internal_weight=154189 2920 2687 151269 1310 1252 1194 1048 1007 146 918 343 287 149959 5020 4549 1746 144939 9713 3370 135226 31131 104095 2658 6909 384 97186 5041 4682 92145
internal_count=154189 2920 2687 151269 1310 1252 1194 1048 1007 146 918 343 287 149959 5020 4549 1746 144939 9713 3370 135226 31131 104095 2658 6909 384 97186 5041 4682 92145
is_linear=0
shrinkage=0.05


Tree=279
num_leaves=31
num_cat=1
split_feature=18 0 22 22 22 22 4 13 5 4 8 13 22 21 7 10 15 4 22 3 18 22 22 2 14 13 13 18 3 21
split_gain=303.308 29.189 7.22823 7.65704 6.31441 5.65466 5.63351 5.14112 5.12823 5.0696 5.79641 4.2051 3.54409 4.46908 2.85012 2.69231 5.56972 5.1605 5.82589 4.09363 3.66821 3.76366 4.10627 2.89987 2.91596 2.74219 2.63043 2.60378 4.74948 3.26033
threshold=1.0000000180025095e-35 0 8.0849595621062722 7.1365242023064424 7.8372719368959496 7.3373343993445381 3.5000000000000004 1.0471650770867935 1.0000000180025095e-35 10.500000000000002 5.5000000000000009 0.66750053336617021 6.816915248281787 7.5498722538214809 1.0000000180025095e-35 7.3918158709654724 7.4118832881896823 3.5000000000000004 6.816915248281787 3.5000000000000004 0.70524132303200637 6.8889832842497229 6.9547095416248377 2.5000000000000004 7.4524022829966956 7.7200178419296526 7.1288967473047054 0.057511597938124721 2.5000000000000004 7.0488206249888608
decision_type=8 1 10 10 10 10 2 10 2 2 2 10 10 8 10 10 10 2 10 2 10 8 10 2 10 8 8 8 2 8
left_child=1 2 3 -1 6 -5 7 8 -3 10 -6 -4 -8 -14 -15 27 17 18 -17 20 21 -18 -23 24 -19 -20 -26 28 -2 -30
right_child=15 4 11 5 9 -7 12 -9 -10 -11 -12 -13 13 14 -16 16 19 23 25 -21 -22 22 -24 -25 26 -27 -28 -29 29 -31
leaf_value=-1.190808664730536e-07 -0.0018167178414207051 -1.190808664730536e-07 -3.0449618998062979e-06 -1.190808664730536e-07 -1.190808664730536e-07 -1.190808664730536e-07 4.1930450399660371e-05 0.0011274979533984098 6.1135994466571256e-05 -1.190808664730536e-07 2.003654596576532e-05 0.00012109720946542058 -3.3246693588173674e-07 3.6428797346371726e-05 -4.3575560595976448e-07 0.0067879181194276496 -0.005645486959411361 0.0024677509945645994 6.5826193348694778e-05 0.00073286603826443479 0.0099605858635004822 0.005177134550108287 -0.0018930629336706862 -0.001503032070842303 -0.0069173153620811336 0.0043778462448878178 0.0022310999017744583 -1.6799514825999173e-05 -0.0019647808318575158 0.00057891174433128973
leaf_weight=496 204 368 32 1315 208 492 162 34 25 145 42 21 353 58 130 201 215 518 241 310 27 29 291 352 23 136 23 146876 57 301
leaf_count=496 204 368 32 1315 208 492 162 34 25 145 42 21 353 58 130 201 215 518 241 310 27 29 291 352 23 136 23 146876 57 301
internal_value=-0.000403585 -0.0142038 -0.0177092 -0.0182045 -0.00861564 -0.019715 -0.00676991 -0.0112998 -0.0129135 -0.0141139 -0.0098 0.000471698 -0.00401849 -0.00596118 0.000265957 -4.60602e-05 0.00162722 0.00348059 0.00717993 -0.00154817 -0.00409253 -0.005 -0.0015625 0.00114629 0.00336879 0.00351459 -0.00869565 -7.2912e-05 -0.00346975 0
internal_weight=153685 3881 2356 2303 1525 1807 1130 427 393 395 250 53 703 541 188 149804 2366 1494 578 872 562 535 320 916 564 377 46 147438 562 358
internal_count=153685 3881 2356 2303 1525 1807 1130 427 393 395 250 53 703 541 188 149804 2366 1494 578 872 562 535 320 916 564 377 46 147438 562 358
cat_boundaries=0 1
cat_threshold=16
is_linear=0
shrinkage=0.05


Tree=280
num_leaves=31
num_cat=9
split_feature=20 17 0 1 10 4 4 0 3 0 18 0 20 20 5 20 17 0 0 3 15 20 3 13 18 18 1 0 20 8
split_gain=452.738 38.6517 4.11091 12.0202 3.18093 4.31787 2.87675 6.58728 4.22467 7.05097 6.3456 5.80843 5.47401 5.03286 4.43834 4.18249 3.65435 5.85916 5.23307 5.94486 9.77901 4.57325 4.1281 4.00016 3.87397 4.97756 4.56425 3.69634 6.15834 5.38672
threshold=1.0000000180025095e-35 1.0000000180025095e-35 0 1 0.66750053336617021 7.5000000000000009 1.5000000000000002 2 1.5000000000000002 3 0.11082534949072302 4 0.1691892152064757 0.15611733382794102 1.0000000180025095e-35 0.3391657509649269 3.7964810737120342 5 6 5.5000000000000009 4.2637744639062687 0.17391697079141641 3.5000000000000004 2.6426160634996907 0.3967162063702187 0.93996527593722456 7 8 0.17506239573951654 4.5000000000000009
decision_type=8 10 1 1 10 2 2 1 2 1 10 1 8 10 2 10 10 1 1 2 10 8 2 10 10 10 1 1 10 2
left_child=1 -1 -3 4 5 -4 7 15 9 12 11 -10 -9 -11 16 -2 17 21 19 -18 -21 22 -12 -19 26 -26 -20 29 -29 -28
right_child=6 2 3 -5 -6 -7 -8 8 10 13 14 -13 -14 -15 -16 -17 18 23 24 20 -22 -23 -24 -25 25 -27 27 28 -30 -31
leaf_value=-1.8431697932974612e-06 -0.0011840199152367697 -1.1312682314801316e-07 -3.4377569794880047e-05 -1.1312682314801316e-07 3.1716307808610238e-05 6.7198011708730085e-05 -3.630857759839845e-06 -0.0015937929475753343 0.0029843147798722658 6.0461892609420259e-05 -0.00060672980321350165 -0.00099527520398895735 0.0022658298564022239 -0.0016332217487643132 -0.0001686462246816678 0.010353126577097549 0.0069786399413337202 0.00029796629506475549 -0.00012881978732153245 0.0075691002258423627 -0.018013009302697513 -0.0021559845553317468 0.0037299476547590586 0.0043942413192387562 -0.0034578066123319043 0.0053559444090097944 0.0067406460947614828 -0.0036551795468776852 0.0010776476215720975 0.0017305695253361454
leaf_weight=233 102 1872 26 729 28 28 138569 111 235 273 57 546 663 2454 1781 383 533 1491 795 81 54 686 48 263 191 37 211 94 315 1123
leaf_count=233 102 1872 26 729 28 28 138569 111 235 273 57 546 663 2454 1781 383 533 1491 795 81 54 686 48 263 191 37 211 94 315 1123
internal_value=-0.000341856 -0.019856 -0.0215524 -0.0173264 0.000609756 -0.00648148 3.47461e-05 0.000760358 0.000526884 -0.000935447 0.00112692 -0.00316901 0.00325255 -0.00212824 0.00155928 0.00641414 0.00221191 0.000776031 0.00327606 0.00722714 -0.00203704 -0.00277778 0.00690476 0.00238095 0.00228746 -0.00394737 0.00285658 0.00428858 5.96659e-05 0.00554315
internal_weight=154012 2916 2683 811 82 54 151096 12527 12042 3501 8541 781 774 2727 7760 485 5979 2545 3434 668 135 791 105 1754 2766 228 2538 1743 409 1334
internal_count=154012 2916 2683 811 82 54 151096 12527 12042 3501 8541 781 774 2727 7760 485 5979 2545 3434 668 135 791 105 1754 2766 228 2538 1743 409 1334
cat_boundaries=0 1 2 3 4 5 6 7 8 9
cat_threshold=16 4 64 9732 50433 11304 680 4 53249
is_linear=0
shrinkage=0.05


Tree=281
num_leaves=31
num_cat=4
split_feature=18 19 6 3 21 21 0 1 14 21 19 8 18 19 12 8 15 1 8 21 19 21 0 21 21 16 3 10 19 19
split_gain=309.454 182.339 5.91649 4.33885 4.7937 3.27963 3.27704 9.07126 3.49482 2.55507 4.10221 2.86324 2.39115 5.5654 3.27982 2.06326 2.10506 1.97861 1.90273 3.47642 1.90273 1.88259 4.17631 1.97547 2.36869 3.13534 2.31176 1.95126 4.38959 3.27678
threshold=1.0000000180025095e-35 0.6933121904001478 1.0000000180025095e-35 5.5000000000000009 7.4963748916721205 7.6016521472294505 0 1 0.66750053336617021 7.2796635441494049 0.73026094190808244 4.5000000000000009 0.057511597938124721 7.3054669062755471 0.50031594015395309 5.5000000000000009 0.69331376394879285 2 4.5000000000000009 7.577377095608937 0.76378503353574334 8.5022697001354874 3 8.9746645112192205 8.7444801799369358 0.19784671429042153 2.5000000000000004 6.6043501635094684 6.7230781037403355 4.8462388508441432
decision_type=8 10 2 2 8 8 1 1 10 10 10 2 8 10 10 2 8 1 2 10 10 10 1 10 10 8 2 10 10 8
left_child=1 6 3 4 15 9 -1 8 -8 11 -11 -4 13 14 -2 16 -3 -5 -9 -20 -18 -14 27 24 25 -24 -25 29 -29 -23
right_child=12 2 5 17 -6 -7 7 18 -10 10 -12 -13 21 -15 -16 -17 20 -19 19 -21 -22 22 23 26 -26 -27 -28 28 -30 -31
leaf_value=-1.0747048199144516e-07 -0.001719190923475525 -8.1385447645354606e-06 -3.8577874099732239e-05 -0.00028144576864660433 4.2226299613240541e-05 5.4434754464666171e-05 -2.4852413028308985e-05 -1.0747048199144516e-07 6.0572849957113428e-05 -7.0615708575161315e-05 -7.5439821812017808e-06 9.5124098113907887e-06 4.1333330347170795e-06 0.0043116144529831146 0.00012655634235660961 3.043536962889504e-05 -2.8049434684962462e-05 -2.2753392045460342e-05 -2.8590676590667388e-07 -1.0747048199144516e-07 0.0011721708570143598 0.0010738668703691669 9.7269896308826997e-05 -0.001966969995559298 -0.0059955926494651424 -0.007768664591404884 0.0019312873048658698 0.0067194960465126741 -0.0010623195961492638 -0.003455098545813007
leaf_weight=1866 327 171 85 29 280 132 64 504 23 64 67 70 148551 42 203 199 23 75 71 124 20 305 113 60 114 109 66 55 90 201
leaf_count=1866 327 171 85 29 280 132 64 504 23 64 67 70 148551 42 203 199 23 75 71 124 20 305 113 60 114 109 66 55 90 201
internal_value=-0.000367125 -0.0143328 0.00170782 0.00423463 0.00566378 -0.00311005 -0.0216817 -0.0175879 -0.00258621 -0.00611888 -0.0112595 -0.00177419 -7.65462e-06 -0.00323427 -0.00462264 0.00223971 -0.00116822 -0.00528846 -0.0197067 -0.0155128 0.00872093 4.67714e-06 -0.00204403 -0.00561441 -0.0077381 -0.00472973 -0.000396825 0.000567322 0.00568966 -0.000889328
internal_weight=154103 3867 1215 797 693 418 2652 786 87 286 131 155 150236 572 530 413 214 104 699 195 43 149664 1113 462 336 222 126 651 145 506
internal_count=154103 3867 1215 797 693 418 2652 786 87 286 131 155 150236 572 530 413 214 104 699 195 43 149664 1113 462 336 222 126 651 145 506
cat_boundaries=0 1 2 3 4
cat_threshold=16 4 1 17509
is_linear=0
shrinkage=0.05


Tree=282
num_leaves=31
num_cat=3
split_feature=20 18 22 1 4 6 20 0 22 7 15 20 20 19 19 20 8 22 18 1 19 22 10 4 18 22 4 20 19 19
split_gain=440.064 49.1177 6.45309 3.56782 3.58941 2.55427 1.79732 6.07667 4.93868 4.63402 4.62243 6.35623 4.49543 5.25118 5.01418 5.20656 4.22004 4.08715 3.743 3.65496 4.51941 6.65797 4.59159 5.36408 6.7327 5.18825 4.43227 5.01873 3.62903 3.34242
threshold=1.0000000180025095e-35 1.0000000180025095e-35 6.9966452390317579 0 7.5000000000000009 1.0000000180025095e-35 0.20909111249267764 1 8.3902758943614213 13.500000000000002 0.89587973461402826 0.26631507692280476 0.44249796011961912 1.1410870478669595 0.90698530092224039 0.33682172602125943 5.5000000000000009 8.006703621351809 0.25884648863984522 2 7.2734794284340536 7.1937844982362149 1.6193392260821904 6.5000000000000009 0.090156308798405943 6.3592465465486949 2.5000000000000004 0.18291332797706808 0.63102192797740631 7.1903968545216097
decision_type=8 8 10 1 2 2 8 1 10 10 8 10 10 10 10 10 2 10 10 1 10 8 8 2 8 8 2 10 8 10
left_child=1 2 3 4 -1 -3 7 8 9 17 11 16 13 14 -13 -16 -8 19 -9 20 22 26 -2 25 -25 -24 -22 -28 -12 -27
right_child=6 5 -4 -5 -6 -7 10 18 -10 -11 28 12 -14 -15 15 -17 -18 -19 -20 -21 21 -23 23 24 -26 29 27 -29 -30 -31
leaf_value=-7.3464174918325136e-06 -0.0038164252869048788 1.0965025841339072e-05 -1.0209695789353824e-07 -1.0209695789353824e-07 6.2945100200073609e-05 -0.00011728355117303635 -0.00030499669094057329 4.2424243099467578e-05 0.0020166224164856251 -0.019015906750204217 -0.0036676954956153169 0.00054491999856750575 -0.00095755530125051641 0.0094307495494321721 -0.002015060457019846 0.0011669718490322002 -0.00028945394793695735 -0.001462160833337567 -0.0023365683292429387 -0.00020853967360674465 0.0025483136205973313 -0.0042617625527063387 -0.0053959250733779385 -0.0053785939875128589 0.00022395897409390744 0.0015286379668492335 -0.0080435272253230657 0.00056040999633517614 -4.3716962582251997e-05 0.0034300984516176802
leaf_weight=29 81 188 2356 209 40 43 1032 26882 146 34 125 1563 394 59 479 240 1673 607 156 10339 124 171 45 96 1472 1303 55 134 103721 208
leaf_count=29 81 188 2356 209 40 43 1032 26882 146 34 125 1563 394 59 479 240 1673 607 156 10339 124 171 45 96 1472 1303 55 134 103721 208
internal_value=-0.000421418 -0.0198342 -0.021773 -0.0145683 -0.00471014 0.00227273 -5.34276e-05 0.000225193 -0.000588533 -0.000680005 -0.00016013 -0.00158088 0.00011883 0.000950449 0.000569676 -0.00288595 -0.00329945 -0.000637171 0.000671029 -0.000463359 0.000887774 -0.0036157 0.00156786 0.0018726 -0.000191327 0.00395244 0.00071885 -0.00410053 -8.57038e-05 0.00445069
internal_weight=154004 2865 2634 278 69 231 151139 41853 14815 14669 109286 5440 2735 2341 2282 719 2705 14635 27038 14028 3689 484 3205 3124 1568 1556 313 189 103846 1511
internal_count=154004 2865 2634 278 69 231 151139 41853 14815 14669 109286 5440 2735 2341 2282 719 2705 14635 27038 14028 3689 484 3205 3124 1568 1556 313 189 103846 1511
cat_boundaries=0 1 2 3
cat_threshold=4 1677 1
is_linear=0
shrinkage=0.05


Tree=283
num_leaves=31
num_cat=11
split_feature=20 17 22 22 1 6 6 7 0 7 1 1 22 7 3 7 1 1 0 3 20 3 3 0 20 0 3 0 1 18
split_gain=446.787 43.6842 7.20883 4.84436 3.91837 2.38805 2.31175 2.06353 5.15062 6.97285 6.33035 3.05438 3.92441 2.39783 2.27444 2.01892 1.99673 1.95919 1.94036 8.2935 13.0652 8.57146 16.2125 32.8533 20.7345 15.9661 24.554 48.4599 64.0965 23.1483
threshold=1.0000000180025095e-35 1.0000000180025095e-35 6.9966452390317579 7.6915453848820405 0 1.0000000180025095e-35 1.0000000180025095e-35 25.500000000000004 1 55.500000000000007 2 3 7.8971588380654145 21.500000000000004 3.5000000000000004 66.500000000000014 4 5 6 1.0000000180025095e-35 1.6572896647928148 4.5000000000000009 3.5000000000000004 7 1.2947748904401986 8 2.5000000000000004 9 10 0.49384625759367207
decision_type=8 10 10 10 1 2 2 8 1 8 1 1 8 10 2 10 1 1 1 2 10 2 2 1 10 1 2 1 1 10
left_child=1 3 4 6 5 -3 -1 13 11 -10 -11 15 -13 18 -14 -9 -4 -12 19 20 -2 22 25 -24 -25 26 -21 29 -29 -28
right_child=7 2 16 -5 -6 -7 -8 8 9 10 17 12 14 -15 -16 -17 -18 -19 -20 21 -22 -23 23 24 -26 -27 27 28 -30 -31
leaf_value=6.6099525529716991e-07 0.0011267139154266248 -6.9790966172433862e-06 -9.6992109999138886e-08 1.0606986598921121e-05 -9.6992109999138886e-08 8.3422505587588128e-05 -0.00016246243524972449 -0.0035882335769282792 -0.018939274340646507 0.040940473777993661 0.014012100465144506 -0.0073771375514521675 0.00077835051022777108 0.021558248398647929 -0.0027465917375573135 -0.03822066140219417 -9.6992109999138886e-08 -0.00080766137933986355 2.1367809058836508e-05 -0.00045980748095750815 -0.026520377307321197 0.00037541166272812013 -9.0902443719131931e-05 -0.0033682101402888742 -0.022176557085649608 -0.00060559110962128411 0.0036266233904022507 -0.021478191271663574 0.0013043644980079705 0.017060606961722024
leaf_weight=157 7819 39 1538 41 201 32 36 70 47 47 51 28 212 120 169 37 842 45 82955 8393 193 17212 6628 4018 315 17857 1867 470 1445 1078
leaf_count=157 7819 39 1538 41 201 32 36 70 47 47 51 28 212 120 169 37 842 45 82955 8393 193 17212 6628 4018 315 17857 1867 470 1445 1078
internal_value=-0.000366649 -0.0198545 -0.0216817 0.000854701 -0.0139706 -0.00387324 -0.00246114 5.62631e-06 -0.00269122 0.00425 0.00996503 -0.00522814 -0.00336186 1.82882e-05 -0.00203412 -0.0128505 -0.022563 0.00260417 1.26456e-05 -0.000186836 0.00132302 -0.000390922 -0.000775475 -0.00242907 -0.0058082 -0.000192864 0.00112154 0.00395062 -0.00224675 0.00796108
internal_weight=153962 2886 2652 234 272 71 193 151076 706 190 143 516 409 150370 381 107 2380 96 150250 67295 8012 59283 42071 10961 4333 31110 13253 4860 1915 2945
internal_count=153962 2886 2652 234 272 71 193 151076 706 190 143 516 409 150370 381 107 2380 96 150250 67295 8012 59283 42071 10961 4333 31110 13253 4860 1915 2945
cat_boundaries=0 1 2 3 4 5 6 7 8 9 10 11
cat_threshold=4 8678 2 2 4 1 25832 25728 104 72 1
is_linear=0
shrinkage=0.05


Tree=284
num_leaves=31
num_cat=2
split_feature=20 18 22 1 4 22 6 1 12 10 15 20 16 10 18 14 18 20 16 18 4 13 18 21 22 18 18 18 18 8
split_gain=435.388 40.0025 6.99235 4.23336 3.94703 3.51057 4.18858 2.69093 2.41766 3.85293 4.44399 3.57693 4.20123 3.90315 5.70417 3.58765 4.13788 3.39879 4.13295 3.69753 5.46456 6.16791 3.57083 4.80606 3.14655 3.12701 4.40176 3.58652 3.0337 4.29433
threshold=1.0000000180025095e-35 1.0000000180025095e-35 6.9966452390317579 0 7.5000000000000009 7.7155876863477983 1.0000000180025095e-35 1 3.0468977391027221 2.2975599250672958 3.8318903512538758 0.21185311678546212 0.30411669748041925 6.5124877202785187 0.069782215410209458 6.6860481779261933 2.3512442740093462 0.26631507692280476 0.12067692945406279 0.21131383642586224 5.5000000000000009 2.2027494954295124 0.09401274980262693 6.9072550288153467 7.1045115979425928 0.18700763890271449 0.3967162063702187 0.360698345272151 0.24103247882758752 6.5000000000000009
decision_type=8 8 10 1 2 10 2 1 10 8 8 8 10 10 10 10 8 10 8 10 2 8 8 10 8 10 10 10 10 2
left_child=1 2 3 4 -1 6 -3 -4 11 10 -10 12 -2 15 -15 17 -17 19 25 20 -13 24 23 -20 -22 -19 27 -27 29 -24
right_child=8 5 7 -5 -6 -7 -8 -9 9 -11 -12 13 -14 14 -16 16 -18 18 22 -21 21 -23 28 -25 -26 26 -28 -29 -30 -31
leaf_value=-6.6301417863789964e-06 1.6181935679235315e-05 3.1028732949633931e-06 -9.2142504498626823e-08 -9.2142504498626823e-08 6.1027612651504137e-05 6.2962024018120569e-06 -0.00041327286977306814 -9.2142504498626823e-08 0.0020147600791680987 9.8051224003203885e-05 0.011437885837327855 -2.8379845606396615e-05 -0.0015097292361827997 0.010834227319727897 0.00038902252743286961 -0.001994343192443493 0.015004444779421 -4.7413471152946141e-05 -0.0011884929519691224 -0.0001699089159728412 -0.00058597020490805396 -0.00059668126241159143 0.00022477634873695752 -0.0017716192151910255 -0.00092587967234625257 0.0022535146575560576 -0.00067084140680366555 0.0043638288763882651 -0.00038746259247472996 0.001870303941983298
leaf_weight=31 23762 156 1546 197 41 35 35 801 265 70036 81 3147 267 71 4053 1370 71 526 146 8850 334 3441 5270 44 1027 704 248 71 26697 539
leaf_count=31 23762 156 1546 197 41 35 35 801 265 70036 81 3147 267 71 4053 1370 71 526 146 8850 334 3441 5270 44 1027 704 248 71 26697 539
internal_value=-0.000350964 -0.0197396 -0.0214832 -0.0138476 -0.00347222 0.000442478 -0.00222513 -0.0223583 1.39054e-05 0.000228041 0.00549133 -0.000172995 0.000338133 -0.000389956 0.00109117 -0.000506335 -0.00296669 -0.000436878 -0.000151117 -0.00101941 -0.00180211 -0.00286339 -0.000270675 -0.00710526 -0.00571271 0.0023725 0.00398338 0.00583871 -0.000230727 0.000804786
internal_weight=153862 2842 2616 269 72 226 191 2347 151020 70382 346 80638 24029 56609 4124 52485 1441 51044 34245 16799 7949 4802 32696 190 1361 1549 1023 775 32506 5809
internal_count=153862 2842 2616 269 72 226 191 2347 151020 70382 346 80638 24029 56609 4124 52485 1441 51044 34245 16799 7949 4802 32696 190 1361 1549 1023 775 32506 5809
cat_boundaries=0 1 2
cat_threshold=4 4
is_linear=0
shrinkage=0.05


Tree=285
num_leaves=31
num_cat=5
split_feature=20 18 22 22 6 4 0 19 20 0 19 19 11 22 19 18 18 18 22 16 10 18 16 20 0 3 3 0 0 3
split_gain=455.298 45.5185 7.24898 4.24561 2.88723 2.54959 14.0417 14.9306 14.5441 13.2056 14.2028 12.8058 12.5609 12.3829 10.0741 8.17688 7.64913 7.5218 7.11436 6.01893 5.91558 5.53865 5.4819 5.27934 19.129 28.631 30.4468 29.6135 15.1067 43.1227
threshold=1.0000000180025095e-35 1.0000000180025095e-35 6.9966452390317579 7.5833366839763405 1.0000000180025095e-35 7.5000000000000009 0 1.7808891308395804 0.38264296565925476 1 2.0428998040419537 6.310828936697189 4.6410197225304328 7.6386229451998195 4.1720288082435042 0.1764220424193399 0.19519291100134981 0.75154344666447714 6.7455543138982437 0.68458703204763027 6.9636627991442426 0.42263741371633773 0.39683484713218908 0.87327206558454729 2 1.5000000000000002 2.5000000000000004 3 4 4.5000000000000009
decision_type=8 8 10 10 2 2 1 8 8 1 8 10 8 10 8 10 8 10 10 8 8 10 10 8 1 2 2 1 1 2
left_child=1 2 -1 4 -3 9 7 -7 20 10 -2 12 14 19 15 -12 -14 -17 -10 -13 -9 -18 -20 -11 -25 -26 27 -27 -28 -30
right_child=5 3 -4 -5 -6 6 -8 8 18 23 11 13 16 -15 -16 17 21 -19 22 -21 -22 -23 -24 24 25 26 28 -29 29 -31
leaf_value=-8.7535379272862817e-08 -0.00096792376186151385 1.0290931149470329e-05 -8.7535379272862817e-08 1.0786033161863663e-05 -0.00039260922628441279 0.0011890149778590487 0.00011432331251626238 0.00011215975491798425 -0.013207388792029529 -9.3387983177006814e-05 -0.0011537633969221917 -4.8150769664578874e-05 0.0016028786488967218 -0.0067629284816933533 -0.0033639543794765636 0.00540851521535104 0.0084895531056280674 -0.0044165041714359313 -0.0020670736047117 0.014697878436653955 -0.00354221892292812 0.0041008065555804057 -0.008222820464168645 0.0040581545706678268 -0.015322193430622756 0.053965993484624497 0.006561479245795288 -0.010006085601059889 -0.016715130134927671 0.014686548000865574
leaf_weight=266 1702 136 2422 54 35 988 58847 1247 406 76803 282 370 704 212 427 643 806 53 579 55 390 357 234 3244 521 322 707 113 536 488
leaf_count=266 1702 136 2422 54 35 988 58847 1247 406 76803 282 370 704 212 427 643 806 53 579 55 390 357 234 3244 521 322 707 113 536 488
internal_value=-0.000357099 -0.0199365 -0.0217448 0.00166667 -0.00219298 2.05249e-05 0.000264392 -0.00265957 -0.0044993 -0.000152527 0.00219267 0.00385649 0.00511919 -0.00262951 0.00154804 0.0043456 0.00780664 0.00725575 -0.00863413 0.00229412 -0.00142028 0.0102966 -0.00593481 -0.000311805 0.00112544 -0.00199296 0.000530933 0.0123563 -0.00244079 -0.00628627
internal_weight=153949 2913 2688 225 171 151036 62691 3844 2856 88345 5611 3909 3272 637 1405 978 1867 696 1219 425 1637 1163 813 82734 5931 2687 2166 435 1731 1024
internal_count=153949 2913 2688 225 171 151036 62691 3844 2856 88345 5611 3909 3272 637 1405 978 1867 696 1219 425 1637 1163 813 82734 5931 2687 2166 435 1731 1024
cat_boundaries=0 1 2 3 4 5
cat_threshold=512 512 25795 32 2312
is_linear=0
shrinkage=0.05


Tree=286
num_leaves=31
num_cat=3
split_feature=18 19 22 21 3 6 19 22 3 3 6 6 0 3 0 19 21 10 3 17 10 0 18 16 3 19 10 10 21 19
split_gain=314.123 177.921 8.32494 7.10367 5.78076 3.75141 3.44228 4.92518 4.03522 3.05914 2.83776 2.63525 2.43431 6.39948 15.0743 11.1048 9.13644 10.0057 7.72436 7.49252 7.12469 6.93051 14.8548 12.6777 9.80029 8.15087 14.7715 10.7429 8.00812 6.90808
threshold=1.0000000180025095e-35 0.6933121904001478 6.9966452390317579 7.5498722538214809 5.5000000000000009 1.0000000180025095e-35 0.73026094190808244 7.2310138476206127 4.5000000000000009 5.5000000000000009 1.0000000180025095e-35 1.0000000180025095e-35 0 2.5000000000000004 1 5.2624668362929254 7.4392654507645917 4.8601998511071356 1.5000000000000002 1.802182191679182 1.9387157803292638 2 0.68393351966051918 0.81854028080076013 3.5000000000000004 4.4359327727882683 4.257737858700863 4.615615321433844 6.6864847774674381 4.8462388508441432
decision_type=8 10 10 8 2 2 10 10 2 2 2 2 1 2 1 10 10 10 2 8 8 1 8 10 2 10 10 8 8 10
left_child=1 2 10 5 11 -3 7 8 -7 -8 -1 -5 13 14 -2 16 17 19 -17 -16 -21 23 25 28 -25 26 -23 -27 -15 -18
right_child=12 3 -4 4 -6 6 9 -9 -10 -11 -12 -13 -14 21 15 18 29 -19 -20 20 -22 22 -24 24 -26 27 -28 -29 -30 -31
leaf_value=-8.3158610308942124e-08 -0.015274181922876202 2.1423840768586278e-06 -8.3158610308942124e-08 4.1853290023263767e-05 -8.6411758138088546e-05 -1.2236157306402817e-05 1.3972236174014664e-05 -6.4251592328778981e-05 0.019678948392289366 -0.00012409521364963594 -2.5926998559688831e-06 2.1721405644192784e-05 -2.5416975474357176e-05 -0.00062618666222660215 0.001774354057611527 -0.00026446567833673387 -0.00034651686208531096 0.0027875606095018046 -0.0019077560031350417 -0.0047330057526834834 0.00019360079392503061 0.00013466540329796218 -0.005713986012947459 0.023608229382171553 0.0042752816020357742 -0.0042588268638769078 0.0028684030520524043 -0.00028395147318338587 0.001028796608551552 -0.0056594993722152605
leaf_weight=229 524 495 2413 283 62 46 103 61 25 24 55 136 90898 2354 1543 6275 2613 1617 3230 189 9681 11931 783 179 370 574 1065 2962 12865 425
leaf_count=229 524 495 2413 283 62 46 103 61 25 24 55 136 90898 2354 1543 6275 2613 1617 3230 189 9681 11931 783 179 370 574 1065 2962 12865 425
internal_value=-0.000329524 -0.0142803 -0.0214776 0.00143725 0.00618503 -0.00159151 -0.00646718 -0.0121212 -0.00316901 -0.000590551 -0.0133803 0.00829356 3.59813e-05 0.000285521 -0.000299843 -0.00012606 0.000675255 0.00125096 -0.0014808 0.000729431 0.000222898 0.000747363 5.62771e-05 0.00150526 0.00897086 0.00037503 0.00095414 -0.00175339 0.00123694 -0.00179394
internal_weight=154010 3932 2697 1235 481 754 259 132 71 127 284 419 150078 59180 26097 25573 16068 13030 9505 11413 9870 33083 17315 15768 549 16532 12996 3536 15219 3038
internal_count=154010 3932 2697 1235 481 754 259 132 71 127 284 419 150078 59180 26097 25573 16068 13030 9505 11413 9870 33083 17315 15768 549 16532 12996 3536 15219 3038
cat_boundaries=0 1 2 3
cat_threshold=39685 256 4353
is_linear=0
shrinkage=0.05


Tree=287
num_leaves=31
num_cat=4
split_feature=20 17 21 21 4 16 0 20 17 19 18 18 17 16 13 21 0 15 17 10 0 20 0 4 17 15 17 21 4 19
split_gain=441.403 44.6111 3.52399 3.39626 2.84211 2.38514 7.32462 4.63453 7.33091 4.85233 5.13826 4.64779 3.87465 4.68574 4.46108 5.12196 3.88652 5.03462 3.8582 3.80202 3.73534 6.98841 12.6151 13.7869 13.7765 10.0187 9.96869 11.3076 11.2467 10.041
threshold=1.0000000180025095e-35 1.0000000180025095e-35 6.7469993277013458 6.6207394291472461 6.5000000000000009 0.093201861558409885 0 0.13164897187499633 0.78217582516746165 2.8849803636449409 0.3967162063702187 1.0000000180025095e-35 3.9531838811693132 0.091000923690105304 3.0421357983470947 6.8040598888354813 1 7.0702689220775303 7.0612477840652312 2.8875862353714372 2 0.36952591217244513 3 8.5000000000000018 2.0647500501412157 4.7823462470767302 2.8253034666815129 8.2304437952050211 4.5000000000000009 4.1335283774900953
decision_type=8 10 8 10 2 8 1 10 10 10 10 10 10 10 10 8 1 10 10 10 1 10 1 2 8 8 8 10 2 10
left_child=1 3 -3 4 -1 6 7 11 -9 10 -10 -2 14 16 -8 -16 18 -18 -14 -13 21 -7 23 26 -25 -24 -23 28 29 -28
right_child=5 2 -4 -5 -6 20 12 8 9 -11 -12 19 13 -15 15 -17 17 -19 -20 -21 -22 22 25 24 -26 -27 27 -29 -30 -31
leaf_value=1.1299795443070471e-05 1.6835991868563439e-05 -7.9000679792384798e-08 -7.9000679792384798e-08 1.0493374264508581e-05 -0.00010085875610743589 -3.8016219008785159e-06 -1.651248174566744e-06 -1.1312302217994509e-05 0.0015960888123903506 0.0013666380712435977 -0.0043378737167983463 -0.00021002858770455268 0.00021015183475590061 0.0019432530722178765 -0.0012724095793885228 0.0012494942219334782 -0.0018272157406624247 0.0049385170717380694 -0.0040546071216693404 0.00040834282061967824 -9.1063510090366734e-05 -0.0011784928408647645 0.0045592151672293807 0.0024505092393996343 -0.0054334292823075454 0.0012315018364232877 0.006205522120789609 -0.0068677558252698834 0.0063627749009763871 -0.0016883704050240757
leaf_weight=57 278 69 2564 116 57 49929 3201 672 847 1833 36 402 1480 161 206 885 1027 93 313 271 79050 1679 962 569 1287 4375 428 103 731 496
leaf_count=57 278 69 2564 116 57 49929 3201 672 847 1833 36 402 1480 161 206 885 1027 93 313 271 79050 1679 962 569 1287 4375 428 103 731 496
internal_value=-0.000363705 -0.0198131 -0.0216578 0.00130435 -0.00482456 4.2957e-06 0.000689876 0.00231662 0.00318772 0.00434462 0.00738958 -0.000762355 -0.00027115 -0.00162655 0.000698975 0.00346013 -0.00208548 -0.00438053 -0.00062396 -0.00300892 -5.31843e-05 0.000242286 0.0014064 -0.000325288 -0.00379849 0.00311857 0.00154932 0.00418089 0.00518127 0.00151515
internal_weight=154177 2863 2633 230 114 151314 11705 4339 3388 2716 883 951 7366 3074 4292 1091 2913 1120 1793 673 139609 60559 10630 5293 1856 5337 3437 1758 1655 924
internal_count=154177 2863 2633 230 114 151314 11705 4339 3388 2716 883 951 7366 3074 4292 1091 2913 1120 1793 673 139609 60559 10630 5293 1856 5337 3437 1758 1655 924
cat_boundaries=0 1 2 3 4
cat_threshold=8866 51201 40709 768
is_linear=0
shrinkage=0.05


Tree=288
num_leaves=31
num_cat=7
split_feature=18 19 4 21 0 1 18 19 1 12 21 4 0 17 18 0 1 17 4 14 18 19 4 18 21 14 10 1 19 14
split_gain=311.711 169.901 5.85456 5.71126 4.78723 9.30899 3.7762 4.54121 3.75792 3.27709 3.17563 3.10497 13.7151 16.3454 11.7069 11.1325 12.035 10.486 10.4685 10.1591 8.97476 12.3516 13.3926 8.0259 7.02671 6.95604 6.71581 6.55123 10.3923 8.18452
threshold=1.0000000180025095e-35 0.6933121904001478 5.5000000000000009 7.4392654507645917 0 1 0.057511597938124721 7.3054669062755471 2 0.50031594015395309 7.6016521472294505 7.5000000000000009 3 1.2175051973531987 0.14690078553211297 4 5 0.38913380226273758 3.5000000000000004 2.998226044309511 0.13857854516322085 6.5326534120710678 3.5000000000000004 0.73005131845950133 6.1169800745085334 3.7623615564016326 7.5227516492373985 6 4.8166666813717214 3.9328050649669928
decision_type=8 10 2 8 1 1 8 10 1 10 8 2 1 8 8 1 1 10 2 8 8 10 2 10 10 10 8 1 10 8
left_child=1 4 -3 8 -1 -6 7 9 -4 -2 -7 15 13 -13 -15 16 20 -18 27 -16 -8 22 23 25 -21 -22 -23 29 -29 -17
right_child=6 2 3 -5 5 10 11 -9 -10 -11 -12 12 -14 14 19 18 17 -19 -20 24 21 26 -24 -25 -26 -27 -28 28 -30 -31
leaf_value=-7.505064580359822e-08 -0.0016488081357696777 2.7198821231055882e-05 -2.07283154563781e-05 1.2699694730000655e-05 -6.1273068167555516e-06 -7.505064580359822e-08 -4.3177586709547411e-05 0.0040026882521029703 -1.0757373218650557e-05 -2.7833975040170158e-05 -7.505064580359822e-08 0.0042942329155347238 0.00014960608805967559 0.0010759526517708062 0.00095287206734278045 -0.0001649949048143834 -0.066803531648063963 -6.2842364787010771e-05 -0.00040227968053394573 -0.0073688017482551162 0.0025924689291735637 -0.00588437546120546 0.0043828697971466379 -0.0042028567844251017 -0.0028454033695919814 -0.00038041418905081508 0.0013126634934757853 0.00013875360076145426 -0.00081319162364856812 0.0010759670052202131
leaf_weight=1904 325 469 164 364 75 300 1740 37 227 200 394 373 58052 578 506 2534 47 5340 42347 833 1094 164 1861 94 1499 830 132 15262 7818 8396
leaf_count=1904 325 469 164 364 75 300 1740 37 227 200 394 373 58052 578 506 2534 47 5340 42347 833 1094 164 1861 94 1499 830 132 15262 7818 8396
internal_value=-0.00036422 -0.0143251 0.00110294 -0.00162252 -0.0213898 -0.0168485 -1.66598e-06 -0.00409253 -0.00581841 -0.00528571 -0.0188761 1.37124e-05 0.000285005 -0.00262569 -0.0037178 -0.000177677 0.00128624 -0.000422313 -0.000394477 -0.00503876 0.00284446 0.0041018 0.00485305 0.00203171 -0.00643225 0.00272869 -0.00574324 0.000258747 -0.000218804 0.00126715
internal_weight=153959 3897 1224 755 2673 769 150062 562 391 525 694 149500 61841 3789 3416 87659 11302 5387 76357 2838 5915 4175 3879 2018 2332 1924 296 34010 23080 10930
internal_count=153959 3897 1224 755 2673 769 150062 562 391 525 694 149500 61841 3789 3416 87659 11302 5387 76357 2838 5915 4175 3879 2018 2332 1924 296 34010 23080 10930
cat_boundaries=0 1 2 3 4 5 6 7
cat_threshold=16 4 4 512 516 2 1
is_linear=0
shrinkage=0.05


Tree=289
num_leaves=31
num_cat=2
split_feature=18 0 22 22 22 17 4 4 8 5 4 4 8 22 22 4 4 8 18 0 17 4 22 3 21 4 4 21 3 17
split_gain=319.779 34.8346 7.91364 10.7369 7.19098 5.12997 4.66065 4.40392 4.64835 4.8943 4.47059 4.39908 4.90003 3.95397 4.63197 4.23655 3.73951 3.18925 3.06151 5.0137 5.15945 3.02833 3.51795 2.99861 2.91037 3.46272 2.75289 2.69443 2.6562 3.12364
threshold=1.0000000180025095e-35 0 7.1130808638281939 7.4289015409035004 7.9289399050493179 1.0912323333562595 3.5000000000000004 9.5000000000000018 4.5000000000000009 1.0000000180025095e-35 11.500000000000002 2.5000000000000004 6.5000000000000009 7.5936124906339382 8.0849595621062722 7.5000000000000009 10.500000000000002 3.5000000000000004 0.084330355425894885 1 2.8590663734527015 3.5000000000000004 6.3188735531406452 5.5000000000000009 6.5489349224980922 7.5000000000000009 9.5000000000000018 7.0035197977545716 3.5000000000000004 7.2934499754892892
decision_type=8 1 10 10 10 10 2 2 2 2 2 2 2 10 10 2 2 2 8 1 10 2 10 2 10 2 2 10 2 10
left_child=1 2 26 6 5 7 11 8 9 21 23 -4 -13 15 -15 -5 -6 -17 19 20 -2 -3 -23 -9 -10 -26 27 -1 -22 -30
right_child=18 4 3 13 16 -7 -8 10 24 -11 -12 12 -14 14 -16 17 -18 -19 -20 -21 28 22 -24 -25 25 -27 -28 -29 29 -31
leaf_value=-7.1298113513140746e-08 -0.0030585703088567341 -7.1298113513140746e-08 -7.1298113513140746e-08 -7.1298113513140746e-08 -7.1298113513140746e-08 0.0013486002366326411 -7.1298113513140746e-08 3.1521657240518586e-05 6.6297271220866491e-05 1.8511728122233564e-05 -7.3119888832073884e-07 -2.2196542474040017e-07 0.00016784097443217627 -7.1298113513140746e-08 -2.8508850951791677e-06 -7.1298113513140746e-08 -7.1298113513140746e-08 6.5440904797114954e-05 -2.7209102240410844e-06 -0.00098077308154973799 0.002556434195981261 4.9018965791594597e-05 -6.0628810044649481e-08 -2.5086075429170406e-07 -2.4973439742836946e-07 -5.9920034530791538e-05 -5.3937595794112395e-06 -7.1298113513140746e-08 -0.00097677842162569029 0.0042960502413884605
leaf_weight=90 96 251 211 32 193 50 1376 143 42 51 53 21 22 250 54 25 126 44 148028 1529 355 32 280 25 212 59 68 202 273 43
leaf_count=90 96 251 211 32 193 50 1376 143 42 51 53 21 22 250 54 25 126 44 148028 1529 355 32 280 25 212 59 68 202 273 43
internal_value=-0.00040652 -0.0145194 -0.0182848 -0.01957 -0.00839882 -0.0066778 -0.0213804 -0.00736063 -0.00887271 -0.0114007 -0.0010181 -0.0151575 -0.000581395 -0.012284 -0.0151316 -0.00371287 -0.0151254 0.00326087 -3.92486e-05 -0.00185105 0.00144788 -0.0127442 -0.00945513 0.00297619 -0.00391374 -0.00581181 -0.0115278 -0.00941781 0.00301788 -0.000316456
internal_weight=154236 3912 2395 2035 1517 1198 1630 1148 927 614 221 254 43 405 304 101 319 69 150324 2296 767 563 312 168 313 271 360 292 671 316
internal_count=154236 3912 2395 2035 1517 1198 1630 1148 927 614 221 254 43 405 304 101 319 69 150324 2296 767 563 312 168 313 271 360 292 671 316
cat_boundaries=0 1 2
cat_threshold=16 33568
is_linear=0
shrinkage=0.05


Tree=290
num_leaves=31
num_cat=3
split_feature=18 19 22 4 21 3 4 19 1 6 3 18 19 3 19 12 1 22 3 21 3 15 10 4 4 19 0 18 18 7
split_gain=311.063 164.916 10.649 8.14106 6.16095 5.3417 3.49234 4.7143 3.17869 2.81352 2.80701 2.73145 4.73338 4.34571 3.15942 2.52106 2.47401 2.85479 2.43604 2.35936 2.43436 2.22913 12.6791 6.28419 5.18779 4.96505 6.31572 5.6169 4.94984 5.75946
threshold=1.0000000180025095e-35 0.6933121904001478 7.0211379679761796 7.5000000000000009 7.5503982927968831 5.5000000000000009 1.5000000000000002 0.76378503353574334 0 1.0000000180025095e-35 5.5000000000000009 0.057511597938124721 0.48010728640447298 4.5000000000000009 7.3054669062755471 6.0807334696462201 1 7.0095110950838517 1.5000000000000002 7.3135536093618825 3.5000000000000004 7.1171204382232576 7.2074894297125427 2.5000000000000004 7.5000000000000009 7.1487814473606361 2 1.1541312959691543 0.36732109546606279 1.5000000000000002
decision_type=8 10 10 2 8 2 2 10 1 2 2 8 10 2 10 8 1 8 2 10 2 10 8 2 2 10 1 8 10 10
left_child=1 2 3 -1 6 9 -3 19 -4 -6 -9 12 13 -2 15 18 17 -5 -14 20 -8 25 24 -24 -23 -13 27 -27 29 -25
right_child=11 4 8 16 5 -7 7 10 -10 -11 -12 21 14 -15 -16 -17 -18 -19 -20 -21 -22 22 23 28 -26 26 -28 -29 -30 -31
leaf_value=-6.7733207836928597e-08 -0.0012536203860079977 5.2756639236106743e-05 -6.7733207836928597e-08 -6.4590986653900733e-06 3.8776218155178732e-05 -0.00013148442524958949 -1.0556846718862145e-05 4.7240121891856114e-05 -6.7733207836928597e-08 6.1303452312422292e-06 -5.8575402253535637e-05 5.0616388419522096e-06 -0.0016356658653789325 0.0012524271164583518 0.0036160387268929562 -0.0020368350145724356 -2.1193001618291519e-06 2.268310762488235e-05 0.00081128797976640641 -2.3970599864464595e-05 7.6145112586911709e-07 -0.0024809214864245145 0.0014247239934373824 -0.00096298621740680272 -0.00070437358193717889 0.00165881942935735 -0.0048023759418581724 0.01797011056952056 0.0020065985484984507 0.0041895531551892516
leaf_weight=208 100 77 1539 29 281 67 175 193 839 136 32 141327 40 40 40 271 44 32 108 123 149 1358 1484 2865 848 960 166 106 434 181
leaf_count=208 100 77 1539 29 281 67 175 193 839 136 32 141327 40 40 40 271 44 32 108 123 149 1358 1484 2865 848 960 166 106 434 181
internal_value=-0.000373739 -0.0142712 -0.0212096 -0.0125399 0.000871857 0.0052686 -0.00196929 -0.003125 -0.0223507 0.0073741 0.00277778 -1.0976e-05 -0.00338063 -0.0114286 -0.000925926 -0.00220764 -0.00119048 0.00532787 0.00304054 -0.0060962 -0.00385802 2.50452e-06 -0.000857741 0.000543916 -0.00401179 4.57705e-05 0.00320617 0.00460037 -0.000617816 -0.00132961
internal_weight=154252 3924 2691 313 1233 484 749 672 2378 417 225 150328 599 140 459 419 105 61 148 447 324 149729 7170 4964 2206 142559 1232 1066 3480 3046
internal_count=154252 3924 2691 313 1233 484 749 672 2378 417 225 150328 599 140 459 419 105 61 148 447 324 149729 7170 4964 2206 142559 1232 1066 3480 3046
cat_boundaries=0 1 2 3
cat_threshold=4 4 16673
is_linear=0
shrinkage=0.05


Tree=291
num_leaves=31
num_cat=7
split_feature=20 18 22 4 1 1 22 4 3 0 18 22 0 14 3 0 1 0 20 16 14 18 22 3 20 16 8 22 22 13
split_gain=442.916 29.5625 10.2998 6.38874 3.70513 2.34427 2.2497 2.05848 4.79514 8.51571 5.98221 5.41786 4.42157 4.72401 4.53436 4.01166 3.92796 5.09375 4.93349 4.56639 3.90481 4.24784 3.56818 3.46377 5.5353 3.90271 3.86008 3.31939 3.77399 4.51217
threshold=1.0000000180025095e-35 1.0000000180025095e-35 6.9966452390317579 7.5000000000000009 0 1 7.1676027991681508 1.5000000000000002 1.5000000000000002 2 0.16311063473562137 7.4098999784603228 3 7.1557864696886755 5.5000000000000009 4 5 6 0.19589106062162362 1.0000000180025095e-35 2.2027494954295124 0.17425621190130156 6.5912660675808166 3.5000000000000004 0.78354921171397285 0.19784671429042153 4.5000000000000009 6.8503028891172892 6.6011944842030514 2.9932260026422193
decision_type=8 8 10 2 1 1 10 2 2 1 10 10 1 8 2 1 1 1 10 10 8 8 8 2 10 10 2 10 10 8
left_child=1 2 3 -1 -5 -4 -3 8 9 20 11 16 14 -14 23 -15 19 18 -18 -10 -2 -22 -19 27 25 26 -25 28 29 -12
right_child=7 6 5 4 -6 -7 -8 -9 10 -11 12 -13 13 15 -16 -17 17 22 -20 -21 21 -23 -24 24 -26 -27 -28 -29 -30 -31
leaf_value=-6.4346547445914842e-08 -0.0077700246182583537 2.0725738706123265e-05 -6.4346547445914842e-08 7.3082542181757135e-05 -2.0133351537388044e-06 -6.4346547445914842e-08 -2.8982770292801388e-05 -1.2636150542327807e-05 0.00051906048014043469 -0.00077822332142173383 0.0112603909429074 0.00014363413951689748 0.00024195435321036076 -0.0013578172951396073 0.0057472581863987739 0.0029123438162367956 0.0043976532273306999 0.00014650597536227663 -0.002022435949941359 -0.001085191173649891 -0.00021487370230944826 0.004039468305248351 -0.0030675493731100096 -0.0003006256514818562 -0.04178437003787179 -0.0043407993972380769 0.0065686804546217122 0.0047075526796576785 -0.00094209515344136909 0.00021772942576645527
leaf_weight=188 54 134 1551 39 39 820 97 138902 224 2915 37 398 4182 270 296 1385 139 136 113 254 184 549 608 39 23 162 67 279 41 155
leaf_count=188 54 134 1551 39 39 820 97 138902 224 2915 37 398 4182 270 296 1385 139 136 113 254 184 549 608 39 23 162 67 279 41 155
internal_value=-0.000391496 -0.019857 -0.0213595 -0.0120301 0 -0.0224062 -0.00270563 -2.27855e-05 0.000591527 -0.000918422 0.00122616 -0.00128205 0.00190311 0.00134684 0.00480162 0.00361027 -0.00267978 -0.00446787 0.00171756 0.00104603 0.00367001 0.00467258 -0.00649867 0.00289539 -0.00146048 0.000559701 0.00801887 0.00537109 0.000965665 0.00390625
internal_weight=154280 2868 2637 266 78 2371 231 151412 12510 3702 8808 1872 6936 5837 1099 1655 1474 996 252 478 787 733 744 803 291 268 106 512 233 192
internal_count=154280 2868 2637 266 78 2371 231 151412 12510 3702 8808 1872 6936 5837 1099 1655 1474 996 252 478 787 733 744 803 291 268 106 512 233 192
cat_boundaries=0 1 2 3 4 5 6 7
cat_threshold=4 4 9920 2242 41220 4 62473
is_linear=0
shrinkage=0.05


Tree=292
num_leaves=31
num_cat=11
split_feature=20 17 0 1 21 8 0 18 3 3 3 0 15 3 0 3 0 1 19 18 0 3 3 1 0 3 3 1 3 3
split_gain=467.027 27.1899 5.11008 6.02773 3.43722 3.711 2.30522 13.1504 11.8844 19.6628 26.5361 20.6192 18.3988 10.3448 15.9273 10.626 39.1209 20.6066 11.1816 9.7408 23.8327 17.0108 37.8749 42.1468 22.005 20.737 54.3598 34.7596 19.6556 15.2422
threshold=1.0000000180025095e-35 1.0000000180025095e-35 0 1 7.6016521472294505 4.5000000000000009 2 0.78014600945476864 5.5000000000000009 3.5000000000000004 2.5000000000000004 3 6.7026142670613647 1.5000000000000002 4 1.0000000180025095e-35 5 6 5.0441185162808422 0.73005131845950133 7 1.5000000000000002 2.5000000000000004 8 9 4.5000000000000009 5.5000000000000009 10 3.5000000000000004 5.5000000000000009
decision_type=8 10 1 1 8 2 1 10 2 2 2 1 8 2 1 2 1 1 10 10 1 2 2 1 1 2 2 1 2 2
left_child=1 -1 -3 -4 5 -5 7 -2 9 10 13 -11 -12 15 -15 17 -17 -9 -19 -8 21 -21 23 -23 28 -26 27 -27 -24 -30
right_child=6 2 3 4 -6 -7 19 8 -10 11 12 -13 -14 14 -16 16 -18 18 -20 20 -22 22 24 -25 25 26 -28 -29 29 -31
leaf_value=-1.7213474536464935e-05 -0.00030241536128845504 -6.1129220074729318e-08 -1.1862139315232945e-05 -6.1129220074729318e-08 -6.1129220074729318e-08 -2.3064368979697216e-07 4.2174183223486764e-05 0.0089321200275607089 0.01384137458143906 -0.049279903649118807 0.016104338666442255 -0.0004009707183086464 -0.002441266486050564 -0.064258500414144895 0.001834855299242444 0.018461525151833458 -0.019749647707589957 -0.032277434767482717 0.017606264441283239 -0.0098777703742934826 0.0039969337917942216 0.040109318319937741 0.036541866370698006 -0.0085431154141360818 -0.012141960690313591 0.047968909938338147 -0.02062972921979548 -0.0074930600922509145 -0.02957741857723355 0.015865223301092746
leaf_weight=235 43715 1897 83 207 394 83 97838 256 677 224 686 940 237 173 272 575 191 384 61 782 998 409 167 224 1002 336 414 156 155 170
leaf_count=235 43715 1897 83 207 394 83 97838 256 677 224 686 940 237 173 272 575 191 384 61 782 998 409 167 224 1002 336 414 156 155 170
internal_value=-0.000361015 -0.0202397 -0.0216779 -0.0170206 -0.0187865 -0.0146552 2.05241e-05 -0.000263941 0.0022562 0.00121905 0.00346561 -0.00425258 0.010428 0.000104603 -0.00657303 0.0021302 0.00620104 -0.00231812 -0.00882022 0.000154635 -0.00204135 -0.0038366 -0.00215134 0.00872828 -0.00502083 -0.00742961 -0.00198675 0.00924797 0.00438247 -0.00269231
internal_weight=153941 2899 2664 767 684 290 151042 48391 4676 3999 2835 1164 923 1912 445 1467 766 701 445 102651 4813 3815 3033 633 2400 1908 906 492 492 325
internal_count=153941 2899 2664 767 684 290 151042 48391 4676 3999 2835 1164 923 1912 445 1467 766 701 445 102651 4813 3815 3033 633 2400 1908 906 492 492 325
cat_boundaries=0 1 2 3 4 5 6 7 8 9 10 11
cat_threshold=16 4 49352 64 64 16448 4 818 1 256 1
is_linear=0
shrinkage=0.05


Tree=293
num_leaves=31
num_cat=10
split_feature=20 17 22 1 8 1 19 19 15 19 0 0 16 1 21 11 17 0 6 15 19 1 0 0 19 17 17 1 22 16
split_gain=444.842 27.9259 9.69848 4.69978 2.57896 2.24012 2.1881 10.0728 12.4184 9.47009 8.5381 7.66832 6.0995 6.00786 6.46037 5.93071 10.2276 12.1624 14.8103 11.9969 7.81645 8.76918 10.5669 8.43833 6.87825 16.7376 12.0282 7.87227 7.78004 6.75757
threshold=1.0000000180025095e-35 1.0000000180025095e-35 6.9966452390317579 0 4.5000000000000009 1 3.8041492179738285 3.5258544043041531 3.3953834375023537 3.3772541990606237 2 3 0.11910980321993252 4 6.8172832260245597 3.0468977391027221 2.9902518389616599 5 1.0000000180025095e-35 2.8946446114230837 3.2810843483710435 6 7 8 2.5254725953144042 2.5686298449536538 2.4773609772751937 9 8.3412000329638847 0.12663528224107282
decision_type=8 10 10 1 2 1 10 10 10 10 1 1 10 1 8 10 8 1 2 10 10 1 1 1 10 10 10 1 10 10
left_child=1 -1 3 -3 -5 -4 7 8 9 15 -10 13 -12 -9 -15 16 19 18 20 24 21 23 -23 -18 26 -26 27 -2 -29 -25
right_child=6 2 5 4 -6 -7 -8 11 10 -11 12 -13 -14 14 -16 -17 17 -19 -20 -21 -22 22 -24 29 25 -27 -28 28 -30 -31
leaf_value=-1.2350645430597718e-05 7.5132949335612886e-05 -4.5083879911644862e-06 -5.80727590682173e-08 -5.80727590682173e-08 -1.8924187576263574e-06 -5.80727590682173e-08 8.8366307195464352e-05 -0.0058130124474834125 0.0044238861781651598 -0.0026269148746420946 0.001549855302274872 -0.0006447984651222205 0.00015370608313221014 -0.00060590234327035925 -0.0062193396000079122 0.00086212289190364946 0.0026284044224860418 4.4998217060587825e-05 -0.0052006114829824092 0.0018613458654549886 0.0036479944000140877 0.0151847851493367 -0.0033950624976008537 -0.0090901604015442821 -0.010969718340651425 -0.00054203132033938675 0.0045975565740391305 -2.7190027654153126e-05 -0.0038773128733472304 -0.0032701993078571249
leaf_weight=221 13818 72 1542 156 40 833 82287 932 842 1688 770 6797 2583 177 287 4466 155 3308 1396 1684 255 401 594 283 454 3588 507 23114 204 387
leaf_count=221 13818 72 1542 156 40 833 82287 932 842 1688 770 6797 2583 177 287 4466 155 3308 1396 1684 255 401 594 283 454 3588 507 23114 204 387
internal_value=-0.000381075 -0.0199022 -0.0213299 -0.0123134 -0.0163265 -0.0223474 -1.07632e-05 -0.0002191 3.71919e-06 -0.000191823 0.00262813 -0.0018644 0.00147933 -0.0052276 -0.00991379 -7.78189e-05 -0.000233309 -0.00203939 -0.00410083 4.89981e-05 -0.00143373 -0.00258242 0.000577889 -0.00639394 -0.000118148 -0.00207818 9.23146e-05 -1.21176e-05 -0.000572519 -0.00875
internal_weight=153841 2864 2643 268 196 2375 150977 68690 60497 56302 4195 8193 3353 1396 464 54614 50148 6779 3471 43369 2075 1820 995 825 41685 4042 37643 37136 23318 670
internal_count=153841 2864 2643 268 196 2375 150977 68690 60497 56302 4195 8193 3353 1396 464 54614 50148 6779 3471 43369 2075 1820 995 825 41685 4042 37643 37136 23318 670
cat_boundaries=0 1 2 3 4 5 6 7 8 9 10
cat_threshold=4 4 39490 9248 1 10852 2 96 2052 2
is_linear=0
shrinkage=0.05


Tree=294
num_leaves=31
num_cat=7
split_feature=18 19 6 19 3 21 21 21 8 15 21 5 1 19 7 0 7 1 8 1 1 1 21 21 19 10 3 17 16 0
split_gain=316.93 164.4 5.88147 5.21184 4.77722 4.95476 4.6905 3.35853 3.28169 2.99822 2.86873 2.76435 2.51541 2.58052 2.41187 6.8003 3.04919 2.97076 2.35714 2.21968 2.15106 1.91696 2.07136 1.96486 1.7719 1.69926 5.987 6.33272 5.57539 5.40676
threshold=1.0000000180025095e-35 0.6933121904001478 1.0000000180025095e-35 0.73026094190808244 5.5000000000000009 7.3786959203125102 6.7759365416542883 7.2796635441494049 6.5000000000000009 1.098649041116053 7.8073020336262013 1.0000000180025095e-35 0 0.71228376276357264 41.500000000000007 1 52.500000000000007 2 3.5000000000000004 3 4 5 7.1312986703816295 7.6263264821815211 0.79978334585413824 7.0312993674396251 4.5000000000000009 7.1871305236567169 0.90319036485927573 6
decision_type=8 10 2 10 2 8 8 10 2 8 10 2 1 10 8 1 10 1 2 1 1 1 10 8 10 10 2 10 10 1
left_child=1 6 4 7 5 8 18 -4 9 20 19 -7 -10 -14 25 16 -16 -17 -1 24 -3 22 -8 -23 -5 -2 27 29 -29 -27
right_child=14 2 3 10 -6 11 21 -9 12 -11 -12 -13 13 -15 15 17 -18 -19 -20 -21 -22 23 -24 -25 -26 26 -28 28 -30 -31
leaf_value=-5.5169121115916655e-08 -1.5611028333450962e-05 -1.1093604298906268e-05 -1.2722776039938988e-05 8.5826388900436812e-05 -8.6730343301338886e-05 2.2527198650554305e-05 -5.5169121115916655e-08 -5.7023933133260046e-05 -3.3228749234226476e-06 0.00015277257912595934 0.00014903698121531141 0.00011418006146028393 0.00015896402204788608 0.00020511054403416496 -0.014076459848289292 0.035803614500037682 -0.0032692396816236258 0.00080349751568378205 9.8941383530615212e-07 -2.1033857346813847e-05 -6.7946646958305665e-07 -5.5169121115916655e-08 -5.5169121115916655e-08 -5.5169121115916655e-08 -1.3322872707377532e-05 0.0020010208483844938 0.0017110326304381918 -0.00087619712381159509 0.0097235768027284855 7.3376437392358447e-06
leaf_weight=42 141505 105 92 38 109 276 449 71 26 43 24 41 36 52 64 43 292 103 24 159 122 328 1177 634 41 1410 1399 2510 38 2941
leaf_count=42 141505 105 92 38 109 276 449 71 26 43 24 41 36 52 64 43 292 103 24 159 122 328 1177 634 41 1410 1399 2510 38 2941
internal_value=-0.000390742 -0.0144832 0.000587045 -0.00417647 0.00308642 0.00460057 -0.0214959 -0.0111963 0.00078125 -0.00222222 0.00019084 0.00922713 0.00789474 0.0119318 -2.61136e-05 -0.00348606 -0.00710383 0.00544872 -0.00833333 -0.00147059 -0.00451542 -0.0218315 -0.0228782 -0.0200624 0.00537975 -1.45191e-05 0.000680887 7.6098e-05 -0.00190345 0.00123535
internal_weight=154194 3889 1235 425 810 701 2654 163 384 270 262 317 114 88 150305 502 356 146 66 238 227 2588 1626 962 79 149803 8298 6899 2548 4351
internal_count=154194 3889 1235 425 810 701 2654 163 384 270 262 317 114 88 150305 502 356 146 66 238 227 2588 1626 962 79 149803 8298 6899 2548 4351
cat_boundaries=0 1 2 3 4 5 6 7
cat_threshold=1 8686 2 1 4 4 1537
is_linear=0
shrinkage=0.05


Tree=295
num_leaves=31
num_cat=2
split_feature=18 19 4 22 22 4 22 22 19 19 6 4 21 1 18 0 4 19 22 16 12 22 22 21 8 4 19 4 22 19
split_gain=325.971 161.387 11.6451 9.6481 8.2284 4.64453 4.62413 3.71868 3.17429 3.11864 2.54071 2.61968 2.37867 2.11664 2.06648 5.16798 3.35344 2.79587 2.23177 1.92315 2.13333 1.87415 1.90731 1.79989 1.76775 2.34562 1.84592 1.58429 1.65547 1.9312
threshold=1.0000000180025095e-35 0.6933121904001478 1.5000000000000002 6.9966452390317579 7.5207830854981434 7.5000000000000009 7.7904024185632919 7.280728009855939 0.76378503353574334 0.76378503353574334 1.0000000180025095e-35 7.5000000000000009 7.4673709036522284 0 0.057511597938124721 1 8.5000000000000018 0.38808891076320767 7.1635013338184725 0.046145997888446519 5.8394781477590962 8.140730862761929 8.0295786574466756 5.8951876834278805 6.5000000000000009 4.5000000000000009 0.71228376276357264 8.5000000000000018 7.0132605467467011 0.79978334585413824
decision_type=8 10 2 10 8 2 8 10 10 10 2 2 10 1 8 1 2 10 10 8 8 10 8 10 2 2 10 2 10 10
left_child=1 3 6 5 7 -1 -3 8 23 12 -9 -12 -6 -5 15 16 17 -2 -19 20 -20 22 -14 -4 25 -25 -26 28 -10 -30
right_child=14 2 4 13 9 -7 -8 10 27 -11 11 -13 21 -15 -16 -17 -18 18 19 -21 -22 -23 -24 24 26 -27 -28 -29 29 -31
leaf_value=-5.2410665057900374e-08 -0.0048689183424872554 5.6392420897538602e-05 3.8864287615203442e-05 -5.2410665057900374e-08 0.0010624438087301791 -1.9039498410367006e-06 -0.00049714568270444739 -8.7365554796603472e-06 3.4385133975164964e-05 9.357313797411505e-05 -4.0883417024573101e-07 -5.4172736476598709e-05 -4.4770047763209586e-06 -5.2410665057900374e-08 3.9433441207381572e-07 0.00092383767839846484 -0.0018982370379486192 -0.0014467695998052978 0.00053090268658773088 0.0016603758437052614 -0.0018106507290376773 -5.3136989254698456e-05 2.5334569089119353e-05 -3.0152286419338203e-05 2.2596881740027941e-05 -9.4716841127939776e-06 -1.674935351320961e-05 -0.00015576616138386347 0.00028348416007323296 7.6826244371663865e-06
leaf_weight=200 23 110 33 1563 26 87 20 81 88 128 33 115 89 841 149639 230 89 121 24 41 30 23 36 43 46 223 30 26 36 31
leaf_count=200 23 110 33 1563 26 87 20 81 88 128 33 115 89 841 149639 230 89 121 24 41 30 23 36 43 46 223 30 26 36 31
internal_value=-0.000380422 -0.0146366 0.000472473 -0.0214697 -0.00121895 -0.0128049 0.0146154 -0.0039172 -0.00170863 0.0057947 -0.00927948 -0.0131757 0.00143678 -0.0225042 -9.48754e-06 -0.00304659 -0.00695266 -0.0040795 -0.00231481 0.00342105 -0.00277778 -0.00101351 0.0014 -0.00433333 -0.00540936 -0.00733083 0.00131579 0.00372928 0.00564516 0.0115672
internal_weight=154105 3908 1217 2691 1087 287 130 785 556 302 229 148 174 2404 150197 558 328 239 216 95 54 148 125 375 342 266 76 181 155 67
internal_count=154105 3908 1217 2691 1087 287 130 785 556 302 229 148 174 2404 150197 558 328 239 216 95 54 148 125 375 342 266 76 181 155 67
cat_boundaries=0 1 2
cat_threshold=4 1648
is_linear=0
shrinkage=0.05


Tree=296
num_leaves=31
num_cat=6
split_feature=20 17 21 8 20 11 11 19 4 0 17 16 10 0 21 16 16 21 16 21 0 1 20 8 10 20 0 4 4 0
split_gain=464.298 29.598 3.62849 2.12757 2.12746 2.89595 3.69762 4.25951 5.94711 6.44575 4.77125 3.56604 4.30509 3.50029 3.28538 3.20063 3.11911 2.99594 3.26615 3.72189 2.95519 3.69046 2.79692 2.77635 2.75026 2.68764 7.3626 8.74178 8.00669 19.2835
threshold=1.0000000180025095e-35 1.0000000180025095e-35 6.8040598888354813 4.5000000000000009 0.13164897187499633 0.50031594015395309 3.7853247081855312 3.3082135153943253 7.5000000000000009 0 2.9902518389616599 0.081908801177937376 2.0731521505764063 1 6.9072550288153467 0.14727339944409037 0.046145997888446519 8.1550583822950067 0.052680259163655124 7.5237513638898124 2 3 0.12828127816927939 1.5000000000000002 3.913022006759483 0.22203809119573487 4 4.5000000000000009 8.5000000000000018 5
decision_type=8 10 8 2 8 8 10 10 2 1 8 10 10 1 10 8 10 10 8 8 1 1 10 2 8 8 1 2 2 1
left_child=1 -1 3 -3 5 16 7 8 17 10 11 -10 -13 -9 -14 -11 -2 18 19 -7 21 -20 -23 -15 -8 26 -6 -28 -29 -30
right_child=4 2 -4 -5 25 6 24 13 9 15 -12 12 14 23 -16 -17 -18 -19 20 -21 -22 22 -24 -25 -26 -27 27 28 29 -31
leaf_value=-1.5508233044442266e-05 -0.00088882291684257576 -4.9790131806393137e-08 -4.9790131806393137e-08 -1.7147242948378773e-06 0.00011545623762035384 7.6570512324736228e-06 -0.0018263941604000245 -0.0014384721318294602 -3.3252423415056075e-05 0.0040112693976556927 -0.0046840293774309981 -5.1622467567319363e-05 -0.0016641983056521427 0.0042850667910633525 0.0028991784994462978 -0.0020137296499493809 -0.00044503034995840851 -0.00028166648281238715 0.0037937501836417865 0.00011961164048290286 -3.8944687857250805e-05 0.0021486365557649933 -0.0024730811016347946 0.00049220492725141616 -0.00066340043405963564 -8.7546538437255358e-05 0.00037798078086604406 -0.00068249927635095637 -0.0016317910045662522 0.00080636060295697927
leaf_weight=231 86 64 2562 29 13425 407 125 273 670 90 139 467 49 158 95 50 367 21 25 101 1024 188 32 1075 1033 100927 11162 9745 2198 7062
leaf_count=231 86 64 2562 29 13425 407 125 273 670 90 139 467 49 158 95 50 367 21 25 101 1024 188 32 1075 1033 100927 11162 9745 2198 7062
internal_value=-0.000438978 -0.0203049 -0.0217985 -0.0120968 -5.92739e-05 -0.000945946 -0.000655928 -5.1398e-05 -0.00104229 -0.00330128 -0.0043007 -0.00337627 -0.000613748 0.00215803 0.00694444 0.00666667 -0.00480132 0.000917686 0.00113956 0.00452756 -0.000216706 0.00460784 0.00272727 0.00327836 -0.00319516 -1.95476e-05 0.000308543 -0.000125095 -0.000777427 0.000275378
internal_weight=153880 2886 2655 93 150994 6475 6022 4864 3358 1560 1420 1281 611 1506 144 140 453 1798 1777 508 1269 245 220 1233 1158 144519 43592 30167 19005 9260
internal_count=153880 2886 2655 93 150994 6475 6022 4864 3358 1560 1420 1281 611 1506 144 140 453 1798 1777 508 1269 245 220 1233 1158 144519 43592 30167 19005 9260
cat_boundaries=0 1 2 3 4 5 6
cat_threshold=54 11009 8196 4 2354 588
is_linear=0
shrinkage=0.05


Tree=297
num_leaves=31
num_cat=3
split_feature=18 19 4 22 19 22 3 4 1 18 3 19 1 21 19 21 10 12 19 10 15 15 19 10 3 3 16 1 18 18
split_gain=307.849 174.998 8.75061 7.7355 6.34155 4.35786 4.26594 4.22123 2.94414 2.3126 4.15889 3.64389 3.48944 3.34107 2.06157 2.05177 2.03478 9.19838 8.85703 13.0679 9.28566 8.85295 8.81016 10.7765 7.60457 11.7364 12.2208 13.5587 17.2371 10.7741
threshold=1.0000000180025095e-35 0.6933121904001478 1.5000000000000002 6.9966452390317579 0.76378503353574334 7.7904024185632919 5.5000000000000009 7.5000000000000009 0 0.057511597938124721 2.5000000000000004 7.3054669062755471 1 6.9989660548792818 0.81141822015399701 7.675080887828444 4.0439276922482579 6.7528541473697619 4.7934515656378753 4.9419994379761336 4.7823462470767302 5.7507697158752471 5.2624668362929254 5.3035536024188419 3.5000000000000004 2.5000000000000004 0.29318953076718585 2 0.51177694824047804 1.9813939450859666
decision_type=8 10 2 10 10 8 2 2 1 8 2 10 1 8 10 10 10 10 10 10 10 10 10 10 2 2 10 1 10 10
left_child=1 3 5 7 -4 -3 -6 -1 -5 10 -2 12 13 -12 -8 -10 17 24 20 21 -18 -20 -21 -24 25 -11 -27 28 -28 -29
right_child=9 2 4 8 6 -7 14 -9 15 16 11 -13 -14 -15 -16 -17 18 -19 19 22 -22 -23 23 -25 -26 26 27 29 -30 -31
leaf_value=-4.7300625216628594e-08 -0.0013727684986442807 6.5954574186460896e-05 -5.7857761495083709e-06 -4.7300625216628594e-08 4.5529401713034769e-05 -0.00044246585652550353 2.8941900724333007e-07 -1.806262842396489e-06 -4.7300625216628594e-08 -6.472102499523458e-05 -0.0028338898593771259 0.0039692025271384161 -0.0010389218941894902 0.0011221330074865227 -0.0013699147807649415 -4.7300625216628594e-08 0.00048908280717050443 0.0013493974661123566 -0.0020791623346182232 0.0012100711255666142 0.0041460023481205924 0.0095180674324341751 -0.0018206850543947219 3.1120438543341676e-05 -0.00023577116480860694 9.6702271951348847e-05 0.00081402621381618809 0.00086478633449035283 0.01867094792196693 0.024562226645458419
leaf_weight=204 195 115 694 1549 360 24 27 88 437 39547 22 30 242 58 25 402 13569 4094 2883 4371 1056 37 1662 27921 39551 10965 475 2655 621 113
leaf_count=204 195 115 694 1549 360 24 27 88 437 39547 22 30 242 58 25 402 13569 4094 2883 4371 1056 37 1662 27921 39551 10965 475 2655 621 113
internal_value=-0.000361382 -0.0141847 0.00130522 -0.0213806 -0.000180832 0.0131295 0.00473301 -0.0136986 -0.0223199 1.66592e-07 -0.00324497 0 -0.0015528 0.0075 -0.00865385 -0.0199344 1.20385e-05 -0.000121658 0.00026651 -0.000146445 0.00130769 -0.00335616 0.000129587 -0.000180002 -0.000222779 0.000160917 0.00136051 0.00377847 0.0084854 0.00191474
internal_weight=153992 3925 1245 2680 1106 139 412 292 2388 150067 547 352 322 80 52 839 149520 98021 51499 36874 14625 2920 33954 29583 93927 54376 14829 3864 1096 2768
internal_count=153992 3925 1245 2680 1106 139 412 292 2388 150067 547 352 322 80 52 839 149520 98021 51499 36874 14625 2920 33954 29583 93927 54376 14829 3864 1096 2768
cat_boundaries=0 1 2 3
cat_threshold=4 2 4
is_linear=0
shrinkage=0.05


Tree=298
num_leaves=31
num_cat=5
split_feature=18 19 22 4 19 19 6 1 0 8 19 8 22 19 1 6 1 5 1 18 4 19 17 19 4 16 14 18 17 4
split_gain=311.409 157.336 9.61757 7.99358 6.10038 4.90196 4.49646 4.41762 4.11762 3.84024 3.025 2.91948 2.86506 3.07377 2.49475 2.24524 2.47375 2.19066 5.93658 11.2789 7.14016 6.88943 5.96311 5.43878 6.92234 5.55716 4.99949 4.96569 6.26139 4.71731
threshold=1.0000000180025095e-35 0.6933121904001478 7.0012227630028159 1.5000000000000002 0.76378503353574334 0.75397102908551894 1.0000000180025095e-35 0 1 2.5000000000000004 0.85334004793109941 2.5000000000000004 6.808618460033407 0.71228376276357264 2 1.0000000180025095e-35 3 1.0000000180025095e-35 4 0.069782215410209458 10.500000000000002 0.91970697664282708 3.9393637232285985 5.2394119357596383 8.5000000000000018 0.18939803686418208 4.6639105698660028 0.23569473421557122 5.7811680437422117 3.5000000000000004
decision_type=8 10 10 2 10 10 2 1 1 2 10 2 10 10 1 2 1 2 1 10 2 8 10 10 2 8 10 10 10 2
left_child=1 2 6 5 12 -3 -1 -4 9 10 -6 -10 -5 -14 -8 -13 -17 -2 19 -19 29 -22 -23 -21 25 27 -24 28 -25 -20
right_child=17 3 7 4 8 -7 14 -9 11 -11 -12 15 13 -15 -16 16 -18 18 20 23 21 22 26 24 -26 -27 -28 -29 -30 -31
leaf_value=-4.4935593956907387e-08 -3.6450389665154682e-06 3.4772241437391881e-05 -4.4935593956907387e-08 0.00016447244653764739 0.00033442598401515203 -1.8064727199879061e-05 6.4990169213269278e-05 -4.4935593956907387e-08 0.020502639671858714 7.5443183058732102e-05 -0.0013319569637289337 7.3010173245457999e-06 2.394294419533205e-06 -1.5868816956859934e-05 -2.3126386028249349e-06 1.4916332402464817e-05 -6.93112451040756e-05 -0.0057148984535586372 -0.00082867364892866844 0.00048497033023033877 0.00062538777469546558 -0.0081013508657443063 0.0015848711488401169 0.003304611948093217 -0.0050568666920584263 -0.003107252846150477 -0.0065280222716918692 0.0052447218293658173 -0.0050273357733913396 -1.3184596442827879e-05
leaf_weight=226 130318 85 1562 66 20 51 34 851 20 135 20 149 123 523 21 24 38 129 4626 6269 78 359 164 204 413 437 214 70 61 6356
leaf_count=226 130318 85 1562 66 20 51 34 851 20 135 20 149 123 523 21 24 38 129 4626 6269 78 359 164 204 413 437 214 70 61 6356
internal_value=-0.000450061 -0.014311 -0.021121 0.000318979 -0.00107335 0.0117647 -0.0123665 -0.0221405 0.00381773 0.00932432 -0.00375 -0.000726141 -0.00386236 -0.00487616 0.000454545 -0.00248815 -0.0104839 -8.45035e-05 -0.000580495 0.000511011 -0.00128211 -0.00579755 -0.00729308 0.00076469 -0.00234177 0.000453368 -0.00291005 0.00529851 0.00216981 -0.000947004
internal_weight=153646 3948 2694 1254 1118 136 281 2413 406 175 40 231 712 646 55 211 62 149698 19380 7583 11797 815 737 7454 1185 772 378 335 265 10982
internal_count=153646 3948 2694 1254 1118 136 281 2413 406 175 40 231 712 646 55 211 62 149698 19380 7583 11797 815 737 7454 1185 772 378 335 265 10982
cat_boundaries=0 1 2 3 4 5
cat_threshold=4 16 4 1 2
is_linear=0
shrinkage=0.05


Tree=299
num_leaves=31
num_cat=4
split_feature=18 19 22 4 4 19 19 3 19 1 22 1 16 19 17 17 3 18 0 12 0 4 4 13 21 18 22 3 18 9
split_gain=316.982 165.2 8.0521 6.4836 6.30345 4.35214 3.97366 3.84927 3.44572 3.32131 2.92684 2.69382 2.28656 5.28009 7.97356 6.20972 5.88142 3.95325 3.93533 3.84939 4.97095 4.40654 4.23129 3.6946 3.7515 3.65418 3.62848 3.45172 4.00751 4.87457
threshold=1.0000000180025095e-35 0.6933121904001478 6.9966452390317579 7.5000000000000009 1.5000000000000002 0.76378503353574334 0.74385949482193026 5.5000000000000009 0.71228376276357264 0 7.5462889595111662 1 0.093201861558409885 3.5470935110447401 0.74879815593132204 0.75952401274393289 5.5000000000000009 0.49384625759367207 2 3.2208718355029702 3 7.5000000000000009 4.5000000000000009 1.0471650770867935 8.0562679118615215 0.2732827756279716 7.9836927080539022 1.0000000180025095e-35 0.11536097032713168 1.0000000180025095e-35
decision_type=8 10 10 2 2 10 10 2 10 1 8 1 8 10 10 10 2 10 1 10 1 2 2 8 10 10 10 2 8 2
left_child=1 2 3 -1 6 8 -3 10 -6 -4 -7 -5 13 14 -2 16 -16 19 -15 20 21 23 25 -17 -25 -22 -20 -23 -29 -30
right_child=12 4 9 11 5 7 -8 -9 -10 -11 -12 -13 -14 18 15 17 -18 -19 26 -21 22 27 -24 24 -26 -27 -28 28 29 -31
leaf_value=-4.2688814261282459e-08 -4.0453626728417794e-05 2.5902303398084305e-05 -4.2688814261282459e-08 5.0466466760545892e-05 5.2918403611212918e-06 1.8248528663655782e-05 6.8152006634342185e-05 -7.8050500625137523e-05 -1.1965290540205675e-05 -4.2688814261282459e-08 0.00012043139463223385 -1.8235256926402155e-06 -2.3685799700423616e-05 0.00075086029565092367 0.00025938347545128584 -0.00076556363825572857 -0.00068089327074852268 -0.0047706853945339136 -0.00076311791394885204 0.0015793154253338493 -4.2814665223878112e-05 -0.0080045852762360651 0.00077200625271732774 0.0013299490852219265 -0.0066825089591763479 0.004237615993865196 0.0016362410478851343 -0.0028933429612324037 0.0006169319865435563 -0.0043073682951246034
leaf_weight=196 1426 66 1548 47 119 247 69 55 576 843 96 44 139585 1607 125 47 27 79 3269 670 498 49 1069 729 26 48 311 290 320 26
leaf_count=196 1426 66 1548 47 119 247 69 55 576 843 96 44 139585 1607 125 47 27 79 3269 670 498 49 1069 729 26 48 311 290 320 26
internal_value=-0.000390151 -0.0144521 -0.0214152 -0.0135017 0.000732899 -0.000526075 0.0109259 0.00364322 -0.00291367 -0.0223651 0.00561224 -0.00247253 -2.44672e-05 0.000682931 0.00177289 0.00291656 0.0128289 0.00252532 -0.000457875 0.00275716 0.00201483 -8.35003e-05 0.00392308 0.00243142 0.00327815 0.0003663 -0.00137883 -0.0030292 -0.00204403 0.0015896
internal_weight=154107 3906 2678 287 1228 1093 135 398 695 2391 343 91 150201 10616 5429 4003 152 3851 5187 3772 3102 1487 1615 802 755 546 3580 685 636 346
internal_count=154107 3906 2678 287 1228 1093 135 398 695 2391 343 91 150201 10616 5429 4003 152 3851 5187 3772 3102 1487 1615 802 755 546 3580 685 636 346
cat_boundaries=0 1 2 3 4
cat_threshold=4 4 10784 2156
is_linear=0
shrinkage=0.05


end of trees

feature_importances:
dow=1043
market=1023
y_roll_mean_28=875
y_roll_std_28=815
y_roll_mean_14=785
y_roll_std_14=703
price_roll_mean_7=571
month=467
commodity=454
y_lag_1=431
y_roll_mean_7=423
y_roll_std_7=292
y_lag_2=213
price_lag_1=182
y_lag_3=141
y_lag_14=85
reports_last_7d=84
is_synthetic=84
y_lag_7=79
monsoon=70
festival_3d=66
horizon=61
days_since_last_report=53

parameters:
[boosting: gbdt]
[objective: quantile]
[metric: quantile]
[tree_learner: serial]
[device_type: cpu]
[data_sample_strategy: bagging]
[data: ]
[valid: ]
[num_iterations: 300]
[learning_rate: 0.05]
[num_leaves: 31]
[num_threads: 4]
[seed: 0]
[deterministic: 0]
[force_col_wise: 0]
[force_row_wise: 0]
[histogram_pool_size: -1]
[max_depth: -1]
[min_data_in_leaf: 20]
[min_sum_hessian_in_leaf: 0.001]
[bagging_fraction: 0.8]
[pos_bagging_fraction: 1]
[neg_bagging_fraction: 1]
[bagging_freq: 1]
[bagging_seed: 7719]
[bagging_by_query: 0]
[feature_fraction: 0.8]
[feature_fraction_bynode: 1]
[feature_fraction_seed: 2437]
[extra_trees: 0]
[extra_seed: 11797]
[early_stopping_round: 0]
[early_stopping_min_delta: 0]
[first_metric_only: 0]
[max_delta_step: 0]
[lambda_l1: 0]
[lambda_l2: 0]
[linear_lambda: 0]
[min_gain_to_split: 0]
[drop_rate: 0.1]
[max_drop: 50]
[skip_drop: 0.5]
[xgboost_dart_mode: 0]
[uniform_drop: 0]
[drop_seed: 21238]
[top_rate: 0.2]
[other_rate: 0.1]
[min_data_per_group: 100]
[max_cat_threshold: 32]
[cat_l2: 10]
[cat_smooth: 10]
[max_cat_to_onehot: 4]
[top_k: 20]
[monotone_constraints: ]
[monotone_constraints_method: basic]
[monotone_penalty: 0]
[feature_contri: ]
[forcedsplits_filename: ]
[refit_decay_rate: 0.9]
[cegb_tradeoff: 1]
[cegb_penalty_split: 0]
[cegb_penalty_feature_lazy: ]
[cegb_penalty_feature_coupled: ]
[path_smooth: 0]
[interaction_constraints: ]
[verbosity: -1]
[saved_feature_importance_type: 0]
[use_quantized_grad: 0]
[num_grad_quant_bins: 4]
[quant_train_renew_leaf: 0]
[stochastic_rounding: 1]
[linear_tree: 0]
[max_bin: 255]
[max_bin_by_feature: ]
[min_data_in_bin: 3]
[bin_construct_sample_cnt: 200000]
[data_random_seed: 38]
[is_enable_sparse: 1]
[enable_bundle: 1]
[use_missing: 1]
[zero_as_missing: 0]
[feature_pre_filter: 1]
[pre_partition: 0]
[two_round: 0]
[header: 0]
[label_column: ]
[weight_column: ]
[group_column: ]
[ignore_column: ]
[categorical_feature: 0,1]
[forcedbins_filename: ]
[precise_float_parser: 0]
[parser_config_file: ]
[objective_seed: 8855]
[num_class: 1]
[is_unbalance: 0]
[scale_pos_weight: 1]
[sigmoid: 1]
[boost_from_average: 1]
[reg_sqrt: 0]
[alpha: 0.5]
[fair_c: 1]
[poisson_max_delta_step: 0.7]
[tweedie_variance_power: 1.5]
[lambdarank_truncation_level: 30]
[lambdarank_norm: 1]
[label_gain: ]
[lambdarank_position_bias_regularization: 0]
[eval_at: ]
[multi_error_top_k: 1]
[auc_mu_weights: ]
[num_machines: 1]
[local_listen_port: 12400]
[time_out: 120]
[machine_list_filename: ]
[machines: ]
[gpu_platform_id: -1]
[gpu_device_id: -1]
[gpu_device_id_list: ]
[gpu_use_dp: 0]
[num_gpu: 1]

end of parameters

pandas_categorical:[["Pune", "Pimpri", "Manjri", "Moshi", "Khadki", "Khed(Chakan)", "Manchar", "Junnar", "Otur", "Narayangaon", "Alephata", "Baramati", "Shirur", "Indapur", "Vashi", "Kalyan"], ["Onion", "Tomato", "Potato"]]
