tree
version=v4
num_class=1
num_tree_per_iteration=1
label_index=0
max_feature_idx=23
objective=quantile
feature_names=market commodity horizon dow month festival_3d monsoon days_since_last_report reports_last_7d is_synthetic y_lag_1 y_lag_2 y_lag_3 y_lag_7 y_lag_14 y_roll_mean_7 y_roll_std_7 y_roll_mean_14 y_roll_std_14 y_roll_mean_28 y_roll_std_28 arr_lag_1 arr_lag_7 arr_roll_mean_7
feature_infos=-1:0:14:4:1:15:5:2:3:9:10:6:13:7:11:12:8 -1:1:0:2 [1:3] [0:6] [1:12] [0:1] [0:1] [0:2139] [0:7] [0:1] [4.3307333402863311:10.275085591132715] [4.3944491546724391:10.275085591132715] [4.3307333402863311:10.275085591132715] [4.3307333402863311:10.275085591132715] [4.3307333402863311:9.6804064992688748] [4.5068097260101831:9.5273624642561412] [0:1.1855126487393999] [4.5377241574785732:9.4642037583233343] [0:1.0555366753411013] [4.6073960936051455:9.3755034714754952] [0:1.2571483358615101] [0.095310179804324865:9.9306648805409203] [0.095310179804324865:9.9306648805409203] [0.095310179804324865:8.1172527553088116]
tree_sizes=2828 3041 3055 3046 3044 3056 3058 3047 3040 3076 3056 3086 3056 3065 3077 3070 3080 3086 3074 3087 3077 3084 3095 3078 3096 3076 3084 3091 3093 3100 3123 3110 3105 3111 3082 3101 3084 3094 3115 3093 3107 3078 3090 3113 3110 3104 3102 3090 3122 3096 3105 3087 3098 3085 3071 3091 3089 3085 3092 3088 3080 3077 3067 3057 3086 3045 3079 3080 3069 3087 3084 3090 3104 3080 3060 3045 3109 3092 3083 3080 3095 3094 3041 3099 3082 3115 3051 3096 3079 3090 3098 3076 3081 3105 3080 3083 3062 3031 3036 3012 3028 3128 3057 3081 3015 3073 3088 3094 3046 3044 3063 3113 3118 3083 3079 3071 3123 3058 3044 3096 3059 3083 3056 2971 3130 3034 3001 3045 3051 3055 3049 2958 3020 3076 3061 3046 3035 3054 3046 3055 3051 3022 2978 3043 3002 3039 3023 2998 3008 3086 2943 3006 3005 3020 3016 3076 2985 3054 3052 3103 3022 3027 3041 3012 2986 3046 2984 3016 3028 3014 3009 2957 3028 3066 3117 3064 3010 3031 3012 3063 3032 3056 3026 3070 3046 2993 3081 3029 3026 3012 2994 3063 3126 3041 3015 3070 3058 3097 2976 3047 2980 2972 2970 3039 3093 3036 3019 3104 3005 3041 2958 3069 3009 2971 2939 3004 3000 3056 2946 2954 3011 2990 3002 3099 2956 3065 2916 2985 3032 2939 3044 3075 3109 3062 2983 3024 3014 2991 2975 3076 3058 3059 3004 3054 3001 3016 3061 2993 2954 2939 3069 3029 3085 2904 2951 2951 3017 2989 2931 3037 2979 3055 3055 2959 3026 2987 2961 2989 2887 3019 2993 3078 2948 2966 2999 2982 2998 3007 2982 2951 2952 2958 2955 2993 2902 2991 2946 3021 3002 3039 2982 2943 2924 3040 3015 3007 2975 2962 2955 3004

Tree=0
num_leaves=31
num_cat=2
split_feature=17 17 10 15 10 10 19 11 17 10 19 11 15 15 16 11 15 10 18 12 15 1 11 11 10 0 12 19 15 19
split_gain=26864.2 1617.36 1535.22 545.17 461.887 404.883 237.463 195.215 115.414 110.28 114.931 96.8493 77.2935 60.8233 56.9669 56.2329 50.7727 43.95 38.2478 37.6256 35.058 43.8663 33.9394 32.6313 31.4789 29.9547 25.6703 25.1081 24.8401 20.8325
threshold=7.1482657029125702 7.2701533109239351 7.1320980310634789 7.0573134195900762 7.1689649569673177 7.1712726506405104 7.020304041181439 7.1518771599686382 7.0286585642461006 7.1240755238490161 7.1487498694592677 7.2089702972815557 7.1160278237254735 7.1668276575651984 0.23652100972269152 7.0854828791590796 7.1855680703530576 7.0574674595548741 0.087856857493248328 7.1643335315572036 7.4880225585237339 0 7.1518771599686382 7.1674235306143332 7.0846453580252327 1 7.2089702972815557 7.5207401072216662 7.1513126914312126 7.3909682946391611
decision_type=8 10 10 10 10 8 8 8 10 8 10 8 10 10 8 10 8 10 10 8 10 1 10 10 10 1 10 10 10 8
left_child=2 4 3 8 6 17 18 29 15 28 22 -7 -5 25 -10 24 -6 -3 -2 -12 21 -13 26 -14 -1 -4 -11 -21 -9 -8
right_child=1 5 13 12 16 11 7 9 14 10 19 20 23 -15 -16 -17 -18 -19 -20 27 -22 -23 -24 -25 -26 -27 -28 -29 -30 -31
leaf_value=7.1124342918396 7.1124342918396 7.1296591758728027 7.1316986083984375 7.1296591758728027 7.1336580991744993 7.1373607635498049 7.1296591758728027 7.1275330066680906 7.1253123760223387 7.1296591758728027 7.1336580991744993 7.1440328598022464 7.1316986083984375 7.1373607635498049 7.1296591758728027 7.1253123760223387 7.1373607635498049 7.1355437040328979 7.1373607635498049 7.1373607635498049 7.1663359642028812 7.1440328598022464 7.1373607635498049 7.1336580991744993 7.1275330066680906 7.1336580991744993 7.1408080101013187 7.1692927360534666 7.1336580991744993 7.1205514192581179
leaf_weight=68464 1331 891 1392 5902 2006 1651 2001 812 4911 2319 468 5803 2238 1476 1569 2339 6931 1577 207 3412 38181 19260 630 1296 1437 3266 191 944 797 473
leaf_count=68464 1331 891 1392 5902 2006 1651 2001 812 4911 2319 468 5803 2238 1476 1569 2339 6931 1577 207 3412 38181 19260 630 1296 1437 3266 191 944 797 473
internal_value=7.13059 7.15015 7.11195 7.11026 7.13855 7.15403 7.13274 7.1351 7.1089 7.13834 7.14075 7.15478 7.12162 7.13613 7.11529 7.10833 7.14738 7.13415 7.11424 7.1456 7.1551 7.15364 7.13331 7.12747 7.10807 7.13333 7.1307 7.14705 7.1264 7.12258
internal_weight=184175 89885 94290 88156 22522 67363 13585 12047 78720 9573 7964 64895 9436 6134 6480 72240 8937 2468 1538 4824 63244 25063 3140 3534 69901 4658 2510 4356 1609 2474
internal_count=184175 89885 94290 88156 22522 67363 13585 12047 78720 9573 7964 64895 9436 6134 6480 72240 8937 2468 1538 4824 63244 25063 3140 3534 69901 4658 2510 4356 1609 2474
cat_boundaries=0 1 2
cat_threshold=2 1368
is_linear=0
shrinkage=1


Tree=1
num_leaves=31
num_cat=0
split_feature=17 15 15 19 10 10 10 11 17 10 19 17 11 10 15 11 10 11 10 11 10 15 15 10 15 20 11 19 20 15
split_gain=25913.3 1702.58 1470.98 492.27 416.828 332.705 242.312 156.033 150.806 147.844 111.523 86.3889 70.6994 66.9318 61.4479 59.1854 51.8621 41.2697 40.924 39.5247 33.6274 33.0544 32.7457 29.7637 26.651 33.0001 26.1226 25.6391 24.7687 21.1291
threshold=7.1482657029125702 7.0573134195900762 7.2645118361753669 7.0482482953508105 7.1689649569673177 7.0904933289280381 7.1530513288056925 7.1518771599686382 7.0242830957388298 7.2082301046963382 6.9134048657940168 7.4301482649919235 7.0295302379280242 7.1689649569673177 6.6858726326791684 7.1518771599686382 7.111919780603535 7.2089702972815557 7.3128864978553141 7.1312986703816295 7.0904933289280381 6.9087370695597974 7.1619188520237076 7.111919780603535 7.4880225585237339 0.1599653179984567 7.1902991025390088 7.7240022494579099 0.15219414839452497 7.1762129108444919
decision_type=8 10 10 10 8 10 10 8 10 8 8 10 10 10 10 10 10 8 10 10 8 8 8 8 10 10 10 10 10 10
left_child=1 5 3 10 19 8 15 29 12 -4 -2 22 21 20 -10 23 -7 -11 -8 -5 -12 -1 -9 -3 25 -19 -22 28 -24 -6
right_child=2 6 9 4 7 16 18 11 14 17 13 -13 -14 -15 -16 -17 -18 24 -20 -21 26 -23 27 -25 -26 -27 -28 -29 -30 -31
leaf_value=-0.022914094924926777 -0.021328659057617206 -0.0020394325256347656 0.0054699003696441657 -0.0019374608993530274 -9.797453880309171e-05 -0.0038462901115417394 0.0018615162372589201 0.0018615162372589201 -0.0019374608993530274 0.0088262939453124922 -0.013749048113822937 0.029853301048278793 -0.006066920757293693 0.010464730262756339 -0.006066920757293693 0.00010197162628173829 -0.0018311524391174229 0.010131125450134261 0.0088262939453124922 0.00055735945701598235 -0.0019374608993530274 -0.010183973312377949 0.0053790473937988196 -0.0019374608993530274 0.032905488014221176 0.011717538833618146 0.013588776588439933 0.041870388984680186 0.0070515727996826039 0.003561987876892081
leaf_weight=50100 1094 3931 1586 2410 1267 2101 2984 1015 1223 1256 262 4207 2863 389 4790 2088 2280 14662 1377 1822 2451 16762 7784 3597 38181 5987 161 830 3254 945
leaf_count=50100 1094 3931 1586 2410 1267 2101 2984 1015 1223 1256 262 4207 2863 389 4790 2088 2280 14662 1377 1822 2451 16762 7784 3597 38181 5987 161 830 3254 945
internal_value=-0.000578654 -0.018902 0.0186721 0.00914363 0.0120018 -0.0217111 -0.00279924 0.0151176 -0.0224861 0.0229813 -0.00629447 0.0167349 -0.0231413 -0.00166258 -0.0148886 -0.00723274 -0.00831431 0.023379 0.00697661 -0.00220936 -0.00429715 -0.0234707 0.0147035 -0.00929862 0.0235705 0.0221233 -0.00258423 0.0154407 0.0148034 0.00262206
internal_weight=183659 94096 89563 27891 23534 80119 13977 19302 75738 61672 4357 17090 69725 3263 6013 9616 4381 60086 4361 4232 2874 66862 12883 7528 58830 20649 2612 11868 11038 2212
internal_count=183659 94096 89563 27891 23534 80119 13977 19302 75738 61672 4357 17090 69725 3263 6013 9616 4381 60086 4361 4232 2874 66862 12883 7528 58830 20649 2612 11868 11038 2212
is_linear=0
shrinkage=0.05


Tree=2
num_leaves=31
num_cat=1
split_feature=17 17 15 15 10 10 19 10 19 10 17 11 10 10 16 11 7 10 11 19 15 1 10 10 11 15 17 18 10 12
split_gain=25263.1 2007.9 1229.81 450.51 390.93 285.071 214.4 205.749 179.146 156.768 107.969 98.3495 87.7633 76.5112 62.2111 55.6992 59.3742 46.9169 45.7597 40.5911 37.7864 45.0194 33.3595 30.5845 26.8983 26.5405 26.1068 25.4993 25.1505 22.9877
threshold=7.1187982885483629 7.2643744023976859 7.0480401179710155 7.1706597236104495 7.2082301046963382 7.0846453580252327 7.5802645681994054 7.1240755238490161 6.9180578963801098 7.1012639402817479 6.8705620043081241 7.2089702972815557 7.1689649569673177 7.2452983069657719 0.17329751724090861 7.1312986703816295 1.5000000000000002 7.111919780603535 7.111919780603535 7.1296993643630566 7.5824837342403084 0 7.6016521472294505 7.1689649569673177 6.9082550291486795 7.2069510365098592 7.0286585642461006 0.0097234701318512032 7.3768197455032354 7.111919780603535
decision_type=8 10 10 10 8 10 10 8 8 8 10 8 8 10 8 8 10 10 8 10 10 1 8 10 10 10 10 10 10 8
left_child=2 3 5 6 23 10 8 -4 -2 -10 24 -6 -5 18 -12 22 27 -7 -9 -18 21 28 -11 -3 -1 -14 -16 -17 -13 -21
right_child=1 4 7 12 11 17 -8 13 9 15 14 20 25 -15 26 16 19 -19 -20 29 -22 -23 -24 -25 -26 -27 -28 -29 -30 -31
leaf_value=-0.023941217899322534 -0.02026222610473636 -9.5381736755362217e-05 -0.0019425594806671055 0.0016485150456428512 0.0053839461207389585 -0.0036539756059646325 0.036251644611358637 -0.0018405878543853672 -0.0021425056457519353 0.00065423250198364262 -0.0080873929262160974 0.0079861328601837037 0.001856417655944842 0.008384979248046865 -0.0096747746467590549 0.008923166990280151 -0.0018405878543853672 -0.0019478749036788924 0.00019884467124939854 -0.002260261207818992 0.033220491170883153 0.011986503362655609 -0.0036033435463905584 0.0033793458342552098 -0.0096747746467590549 0.0065465006828308251 -0.0050647461414337069 0.0017684404253959674 0.015688912630081164 0.0051100950241088853
leaf_weight=45913 1111 1879 4532 1354 1714 1899 1115 1879 3317 874 19933 4409 2749 1155 3475 694 2608 1974 3530 236 31122 24168 933 719 3518 6511 1387 3465 3959 1629
leaf_count=45913 1111 1879 4532 1354 1714 1899 1115 1879 3317 874 19933 4409 2749 1155 3475 694 2608 1974 3530 236 31122 24168 933 719 3518 6511 1387 3465 3959 1629
internal_value=-0.000384875 0.01762 -0.0194739 0.0059727 0.0221774 -0.0216869 0.000669503 -0.0038978 -0.000916459 0.000643356 -0.0223769 0.0229334 0.013958 0.0017596 -0.0196844 0.00365217 0.00532322 -0.00846243 -0.000734886 0.00132461 0.0232516 0.0220602 -0.00433038 0.00315627 -0.0237275 0.0156965 -0.0146133 0.00962371 0.0188994 0.0069571
internal_weight=183761 94566 89195 26596 67970 78099 15982 11096 14867 13756 74226 65372 10614 6564 24795 10439 8632 3873 5409 4473 63658 32536 1807 2598 49431 9260 4862 4159 8368 1865
internal_count=183761 94566 89195 26596 67970 78099 15982 11096 14867 13756 74226 65372 10614 6564 24795 10439 8632 3873 5409 4473 63658 32536 1807 2598 49431 9260 4862 4159 8368 1865
cat_boundaries=0 1
cat_threshold=2
is_linear=0
shrinkage=0.05


Tree=3
num_leaves=31
num_cat=2
split_feature=17 17 10 10 15 10 11 15 11 10 15 18 12 15 10 10 15 1 11 10 14 11 0 13 7 7 10 23 12 10
split_gain=25051.4 2017.51 1210.96 486.993 450.525 383.97 161.559 120.854 119.428 102.523 82.4806 73.9316 69.2818 61.7682 52.2238 46.1781 44.0286 42.9218 38.2447 33.9093 32.1187 31.5687 28.2517 26.8466 26.3109 25.4413 23.1812 22.5206 21.442 19.38
threshold=7.1187982885483629 7.2412687980163293 7.111919780603535 7.1712726506405104 7.0350446983203261 7.1689649569673177 7.2082301046963382 6.8347400581175437 7.2089702972815557 7.0904933289280381 7.0927029880511006 0.10495134499066124 7.1643335315572036 7.1706597236104495 7.2452983069657719 7.111919780603535 7.5824837342403084 0 7.1312986703816295 6.6637708581706061 7.577377095608937 7.0913259685875696 1 6.995308071068961 1.0000000180025095e-35 1.5000000000000002 7.4103463658656468 4.4896642110568434 7.0259825616690792 6.9885669099024179
decision_type=8 10 10 8 10 10 10 8 8 8 10 10 10 8 10 10 10 1 8 10 10 10 1 8 10 10 10 8 8 8
left_child=2 5 4 15 7 6 9 -1 -5 27 -6 -9 18 -7 22 -3 17 26 -11 -8 23 29 -4 -20 -12 -14 -10 -2 -25 -13
right_child=1 3 14 8 10 13 19 11 16 12 24 21 25 -15 -16 -17 -18 -19 20 -21 -22 -23 -24 28 -26 -27 -28 -29 -30 -31
leaf_value=-0.022921991038322487 -0.0038545331954956022 -0.0018358187675476146 0.00039723145365715422 0.0048408977180719242 -0.0031385744273662477 0.0016800184041261712 0.0077006967663764588 -0.0086338989198208264 0.0075868262171745028 -0.0018303356170654263 -0.0018403329253196877 -0.010120161837339393 0.0012309834957122678 0.0047827699899673616 0.0079657302856445348 0.0031686810135841182 0.031559466612338972 0.010849261295795422 -0.013366899299621605 0.0017512225121259829 0.02885154774188994 -0.0052798359870910531 -0.0017485584616661054 -0.0060953583121299733 0.00018890243768692196 0.0081463902711868211 0.016312233340740213 -0.0061771354675292933 8.4510236978641015e-06 -0.0085545298337936782
leaf_weight=42557 917 1814 1848 2129 5673 2154 1584 18988 5296 1597 1577 5369 1323 6352 1637 1374 31256 25351 268 849 215 898 2505 433 1253 839 3465 1264 6145 6645
leaf_count=42557 917 1814 1848 2129 5673 2154 1584 18988 5296 1597 1577 5369 1323 6352 1637 1374 31256 25351 268 849 215 898 2505 433 1253 839 3465 1264 6145 6645
internal_value=-0.000331608 0.0175765 -0.0193822 0.0218254 -0.0209499 0.00503133 0.000330439 -0.022195 0.0227273 -0.00188255 -0.0100465 -0.0198683 0.000110906 0.013561 0.00232888 0.00272898 0.0231069 0.0218647 -0.00188843 0.0121558 -0.00030803 -0.0169493 -0.000534114 -0.000905638 -0.0030742 0.00811748 0.0188477 -0.0117721 -0.000273639 -0.0176253
internal_weight=183575 94625 88950 70685 82960 23940 15434 74457 67497 13001 8503 31900 10820 8506 5990 3188 65368 34112 8658 2433 7061 12912 4353 6846 2830 2162 8761 2181 6578 12014
internal_count=183575 94625 88950 70685 82960 23940 15434 74457 67497 13001 8503 31900 10820 8506 5990 3188 65368 34112 8658 2433 7061 12912 4353 6846 2830 2162 8761 2181 6578 12014
cat_boundaries=0 1 2
cat_threshold=2 56484
is_linear=0
shrinkage=0.05


Tree=4
num_leaves=31
num_cat=0
split_feature=17 17 15 15 15 10 10 10 10 10 10 10 10 15 11 12 15 17 16 11 20 15 15 14 15 10 4 12 18 14
split_gain=23755.3 1548.79 1542.26 475.936 398.15 280.26 189.489 150.836 142.233 115.374 86.6616 81.5277 80.018 78.4013 60.9383 57.3416 45.6067 44.8371 58.2312 42.6503 41.6028 37.7028 32.9391 31.2546 30.5383 30.4604 29.2614 28.5962 27.2877 26.2221
threshold=7.1398570803376247 7.2934100465559233 7.0573134195900762 7.1706597236104495 6.9302851699752326 7.2089702972815557 7.1240755238490161 7.1012639402817479 7.111919780603535 7.1689649569673177 7.2082301046963382 7.0035197977545716 7.2089702972815557 7.2696777905581191 7.2089702972815557 7.1712726506405104 7.6691206864016941 6.7238827923090918 0.088909626729055044 7.0574674595548741 0.16316474563096944 7.0927029880511006 7.0927029880511006 6.8095908780790593 7.2405235665241756 7.3814970480868451 4.5000000000000009 6.9358565909245806 0.17302108486899864 7.5503982927968831
decision_type=8 10 10 10 8 8 8 10 8 8 10 10 10 8 10 10 10 10 8 8 10 10 10 8 10 10 2 8 10 10
left_child=2 3 4 8 11 28 22 17 -2 -5 14 -1 21 -7 15 19 20 -6 -19 -10 -15 -8 -4 -21 -11 -22 -20 -25 -3 -29
right_child=1 5 6 9 7 13 12 -9 10 24 -12 -13 -14 16 -16 -17 -18 18 26 23 25 -23 -24 27 -26 -27 -28 29 -30 -31
leaf_value=-0.018090109530687348 -0.0036669051170349133 0.0034713079160451966 -0.0023364803758263888 0.0014785281677544228 -0.02586233467221262 0.0039142159873246651 -0.0015916297402978064 -0.0014437416166066975 -0.0067906042148173197 0.0029610761249065478 0.0070819485300779306 -0.005769033870697049 0.0055432726207375275 0.012293251048922517 0.0080838847160339174 0.0054523667941987156 0.033685516642928091 -0.0049275101271271556 -0.0087593409684300749 -0.021803545293807992 0.01211247969806193 0.00017435873448850005 -0.0017287865419685746 -0.010551547160744646 0.0070986287707090591 0.016869043635725944 -0.0050826109206675964 0.00044736367188396024 0.00029540469646454075 0.027193270443677919
leaf_weight=53095 2562 860 2457 1563 2556 916 1874 1777 719 5329 1705 2118 2000 22418 837 836 26149 10285 4641 175 6831 4194 2213 286 6147 6007 5413 6394 1414 213
leaf_count=53095 2562 860 2457 1563 2556 916 1874 1777 719 5329 1705 2118 2000 22418 837 836 26149 10285 4641 175 6831 4194 2213 286 6147 6007 5413 6394 1414 213
internal_value=-0.00020192 0.0178881 -0.0180455 0.00777479 -0.0206218 0.0220787 -0.00188805 -0.0153413 0.00127668 0.0146158 0.00371473 -0.0229815 0.00275161 0.0227078 0.00184461 0.000594341 0.0229244 -0.0164304 -0.015646 -0.000741621 0.0217509 -0.000107119 -0.00990364 0.000438596 0.0163515 0.0194812 -0.0129401 0.000968374 0.00483729 0.00163841
internal_weight=183984 91361 92623 26766 79885 64595 12738 24672 13727 13039 11165 55213 8068 62321 9460 8623 61405 22895 20339 7787 35256 6068 4670 7068 11476 12838 10054 6893 2274 6607
internal_count=183984 91361 92623 26766 79885 64595 12738 24672 13727 13039 11165 55213 8068 62321 9460 8623 61405 22895 20339 7787 35256 6068 4670 7068 11476 12838 10054 6893 2274 6607
is_linear=0
shrinkage=0.05


Tree=5
num_leaves=31
num_cat=0
split_feature=17 17 15 15 15 10 10 10 10 10 10 15 10 15 10 12 18 15 20 17 10 12 10 14 15 18 15 14 10 17
split_gain=23473.9 1626.51 1412.69 486.801 397.486 279.777 172.493 167.175 137.489 114.003 90.2617 69.2019 68.9432 66.4246 53.7056 53.0788 45.1747 43.5728 42.5686 40.5319 39.3539 37.9596 33.1113 28.6476 26.7383 33.223 25.9601 25.8207 25.6065 26.0785
threshold=7.1352721882084493 7.2934100465559233 7.0573134195900762 7.1706597236104495 6.9087610166783255 7.2452983069657719 7.1530513288056925 7.1012639402817479 7.2082301046963382 7.1689649569673177 7.1240755238490161 7.2405235665241756 7.0479518150395899 7.0927029880511006 7.1689649569673177 7.2082301046963382 0.10322744592801772 7.5297062250694902 0.16316474563096944 6.6121884062350835 7.3128864978553141 7.0026107065950418 7.0268706613697072 7.6016521472294505 6.7648676409163739 0.15301542582951491 7.2405235665241756 6.692703705388289 7.0035197977545716 6.9282958468483402
decision_type=8 10 10 10 8 8 10 10 10 8 8 8 10 10 10 10 10 10 10 10 10 8 8 10 10 10 10 8 8 10
left_child=2 3 4 8 12 14 13 16 10 -5 -2 -7 24 -4 -3 21 28 18 -13 -18 -8 -12 -21 27 -1 -26 -11 -23 -6 -30
right_child=1 5 6 9 7 11 20 -9 -10 26 15 17 -14 -15 -16 -17 19 -19 -20 22 -22 23 -24 -25 25 -27 -28 -29 29 -31
leaf_value=-0.023602950054824358 -0.0033623311662673849 0.00091060276491941041 -0.0015815490515679099 0.0014046017593666972 -0.0073589237128347312 0.00097432875412697408 0.0015447854636609028 -0.0009007981865108317 0.0066979146634340127 0.0028130223186612294 -0.0099737167874500276 0.0094545317757427586 -0.0050867608184813843 -0.0006325213772319316 0.003718505187958421 0.0050961045473292502 -0.028269140500247494 0.026336939892202607 0.01309539340618251 -0.0083264298601597904 0.0074754133590906775 -0.024827021752864154 -0.0046851030750721277 0.028487875901520267 -0.0096838644261360244 -0.011053072888076311 0.0067732327986060881 0.00061127692862223977 -0.012821943264722836 -0.0038313777838796526
leaf_weight=34931 2737 1446 3897 1577 4937 398 2406 1813 1798 5393 462 17002 876 4748 2134 962 1183 34969 8469 4613 1182 120 4842 199 13178 3677 6209 7952 2306 7411
leaf_count=34931 2737 1446 3897 1577 4937 398 2406 1813 1798 5393 462 17002 876 4748 2134 962 1183 34969 8469 4613 1182 120 4842 199 13178 3677 6209 7952 2306 7411
internal_value=-0.000233236 0.0176509 -0.0180837 0.0074492 -0.02051 0.0219915 -0.00226232 -0.0155903 0.00103654 0.0143732 -0.000832529 0.0227909 -0.0230422 -0.00608733 0.00840782 0.00143115 -0.0166416 0.0229277 0.0213547 -0.0141615 0.00695373 0.000203252 -0.0130698 0.000982348 -0.0232775 -0.0216419 0.0160877 0.000520317 -0.0184421 -0.0169522
internal_weight=183827 91827 92000 27409 79767 64418 12233 27105 14230 13179 12432 60838 52662 8645 3580 9695 25292 60440 25471 10638 3588 8733 9455 8271 51786 16855 11602 8072 14654 9717
internal_count=183827 91827 92000 27409 79767 64418 12233 27105 14230 13179 12432 60838 52662 8645 3580 9695 25292 60440 25471 10638 3588 8733 9455 8271 51786 16855 11602 8072 14654 9717
is_linear=0
shrinkage=0.05


Tree=6
num_leaves=31
num_cat=1
split_feature=17 17 15 10 10 15 15 19 15 10 11 10 19 10 10 19 10 1 15 17 10 18 11 12 18 10 17 18 15 11
split_gain=22648.9 1524.07 1467.49 391.271 346.426 324.023 255.83 206.708 199.086 98.2704 96.8453 88.9616 70.5024 69.2479 65.8367 59.7622 49.4135 50.9543 48.6615 47.468 36.057 35.4174 34.9579 34.8831 34.7803 34.6533 27.896 26.7696 30.1174 26.1846
threshold=7.1398570803376247 7.2701533109239351 7.004001367917728 7.1689649569673177 7.2089702972815557 7.0927029880511006 6.8951759268300394 7.0612478009096531 7.1706597236104495 7.1012639402817479 7.2089702972815557 7.0913259685875696 6.838030858824995 7.1240755238490161 7.0035197977545716 7.5207401072216662 7.4682278018910955 0 7.1855680703530576 7.0505755428638262 7.3128864978553141 0.090622505831806505 7.2082301046963382 7.3142198319787717 0.10322744592801772 7.0488206249888608 6.6121884062350835 0.10556227608318547 6.6014664364919016 7.1674235306143332
decision_type=8 10 10 10 8 10 8 10 8 10 8 10 8 8 10 10 10 1 8 10 10 10 10 10 10 10 10 10 10 10
left_child=2 3 6 7 25 9 14 12 -9 24 -6 19 -2 -7 27 22 17 -12 -5 21 -15 -8 -10 29 -4 -3 -23 -1 -29 -14
right_child=1 4 5 18 10 13 11 8 15 -11 16 -13 23 20 -16 -17 -18 -19 -20 -21 -22 26 -24 -25 -26 -27 -28 28 -30 -31
leaf_value=-0.017211878403523562 -0.02196762748666985 -0.002174696265689269 -0.0028764037087477324 0.001166568455646555 0.0050059293370827932 -0.0015282792568119597 -0.0072571178689516463 -0.0010731439845562464 0.0019771777348429167 -0.0001843178425058989 0.012511312810270471 -0.0016348256671204987 -0.0061487128933401802 0.00029923849290738327 -0.0058540027813106747 0.029877082218627261 0.025020092897592463 0.010519438129155345 0.004489430719634902 -0.0039989084398217136 0.007101642691136157 -0.026855683475235106 0.0044646315402001148 0.021521572334191188 -0.0035591400054164612 0.0026924538366631004 -0.0073642008530117493 -0.030118453606465458 -0.012727582558491823 0.0068344640527054695
leaf_weight=26380 900 889 6588 2366 1514 2208 10390 3517 3809 1994 8754 968 2972 4895 1318 984 31003 22988 7206 1739 1111 1231 1910 154 3246 1980 8379 10548 11615 248
leaf_count=26380 900 889 6588 2366 1514 2208 10390 3517 3809 1994 8754 968 2972 4895 1318 984 31003 22988 7206 1739 1111 1231 1910 154 3246 1980 8379 10548 11615 248
internal_value=-0.000210278 0.017477 -0.0176271 0.00668163 0.0213473 -0.00565063 -0.0209348 0.00150062 0.00536204 -0.0109486 0.0221062 -0.0165356 -0.0077328 0.00197833 -0.0229383 0.010417 0.0224078 0.021021 0.0145267 -0.0171961 0.0047619 -0.017885 0.00845865 -0.00441612 -0.0130008 0.0043482 -0.0156972 -0.0232376 -0.0219566 -0.00552795
internal_weight=183804 91194 92610 24066 67128 20042 72568 14494 10220 11828 64259 22707 4274 8214 49861 6703 62745 31742 9572 21739 6006 20000 5719 3374 9834 2869 9610 48543 22163 3220
internal_count=183804 91194 92610 24066 67128 20042 72568 14494 10220 11828 64259 22707 4274 8214 49861 6703 62745 31742 9572 21739 6006 20000 5719 3374 9834 2869 9610 48543 22163 3220
cat_boundaries=0 1
cat_threshold=2
is_linear=0
shrinkage=0.05


Tree=7
num_leaves=31
num_cat=0
split_feature=17 17 15 15 15 15 15 19 19 11 11 11 16 20 11 18 18 15 11 15 18 17 20 12 15 17 11 20 19 15
split_gain=21798 1516.4 1466.62 406.925 327.241 249.215 240.489 204.167 153.644 88.3147 79.8877 79.2034 66.9048 62.2217 57.2026 52.1434 50.6247 49.9744 44.1581 41.064 56.1123 36.8886 30.821 30.2102 29.2947 28.0272 26.7902 26.0332 25.103 24.9569
threshold=7.1398570803376247 7.2934100465559233 6.9974386396464849 7.1706597236104495 7.0927029880511006 6.8951759268300394 7.2767286192726948 6.9952932463749233 7.6438586596235041 7.1232697219018464 7.0904933289280381 7.3482644339574383 0.087230356831450556 0.1589037844501254 7.2089702972815557 0.14375775147513578 0.1747775919504482 6.6014664364919016 7.1518771599686382 7.7918171560465863 0.15417847293015854 7.0732312751413611 0.13459519164345793 7.3482644339574383 7.2645118361753669 6.6121884062350835 7.3482644339574383 0.28415672957853771 7.2522342267063902 7.2405235665241756
decision_type=8 10 10 10 10 8 8 8 10 8 10 8 10 10 10 10 10 10 8 10 10 10 8 10 10 10 10 10 10 10
left_child=2 3 5 7 12 16 29 27 9 -9 15 13 -4 -8 -6 21 -1 -18 -5 20 -13 -7 28 26 -20 -17 -24 -2 -11 -3
right_child=1 6 4 18 14 10 11 8 -10 22 -12 19 -14 -15 -16 25 17 -19 24 -21 -22 -23 23 -25 -26 -27 -28 -29 -30 -31
leaf_value=-0.016704197624597985 -0.016746813993508858 -0.00065844126556662279 -0.0027071227972876423 0.001341429141995798 -1.6089426858889589e-05 -0.0070871554631684493 0.0052309835795701261 -0.001917807980962194 0.034722590087346017 0.00099971242964591589 -0.0022688219377066999 0.013126343573172461 -0.0024405498977665197 0.0052422049414158518 0.0055476408832949801 -0.025434617701296069 -0.028612530926142202 -0.010656731364403217 0.0028122282642994989 0.033606860554122965 0.01442060074975493 -0.00051001074410419458 -6.0596750407682093e-05 0.015942558470138968 0.0066134592599396587 -0.0069390277449925099 0.015536726099915256 -0.0038818770857192765 0.0059136665220591135 0.0035575283954933923
leaf_weight=39571 1160 1024 7551 1340 6494 14260 4915 2420 973 2542 1540 24756 5460 2898 1699 822 4959 5339 7232 19686 10314 383 5036 239 4474 4386 261 273 921 895
leaf_count=39571 1160 1024 7551 1340 6494 14260 4915 2420 973 2542 1540 24756 5460 2898 1699 822 4959 5339 7232 19686 10314 383 5036 239 4474 4386 261 273 921 895
internal_value=-0.000227801 0.0170938 -0.0173424 0.00711455 -0.00579843 -0.0207774 0.021252 0.00113743 0.00320368 0.00157851 -0.0162627 0.0217867 -0.0107275 0.0170773 0.00202917 -0.0171137 -0.022714 -0.0195912 0.0134486 0.0224587 0.0214328 -0.018642 0.00385876 0.00154444 0.0144328 -0.0128168 0.000759864 -0.0167306 0.00755848 0.00381709
internal_weight=183823 91359 92464 26871 21204 71260 64488 13825 12392 11419 21391 62569 13011 7813 8193 19851 49869 10298 13046 54756 35070 14643 8999 5536 11706 5208 5297 1433 3463 1919
internal_count=183823 91359 92464 26871 21204 71260 64488 13825 12392 11419 21391 62569 13011 7813 8193 19851 49869 10298 13046 54756 35070 14643 8999 5536 11706 5208 5297 1433 3463 1919
is_linear=0
shrinkage=0.05


Tree=8
num_leaves=31
num_cat=2
split_feature=17 17 17 10 10 10 10 19 11 11 17 10 11 20 19 10 11 10 1 19 11 10 20 16 11 11 10 0 4 11
split_gain=21117.1 1528.99 1375.06 396.288 357.24 345 341.545 207.947 163.375 119.281 111.447 95.1038 89.5668 84.5722 77.1141 76.1424 54.7544 51.9795 73.6008 46.9527 45.9295 40.8211 35.8861 35.2175 31.6058 27.2992 26.1838 25.6903 23.3996 22.1636
threshold=7.1398570803376247 7.2701533109239351 6.9682332758958525 7.111919780603535 7.2082301046963382 7.0488206249888608 7.3128864978553141 7.0612478009096531 7.1518771599686382 7.111919780603535 6.7969130076515647 7.1689649569673177 7.2348981604083002 0.11098333502401223 6.838030858824995 7.0479518150395899 7.0762313397111702 7.6016521472294505 0 7.5802645681994054 6.8569880235699889 7.2089702972815557 0.1004079760636734 0.12831717450947622 7.3142198319787717 7.2082301046963382 7.0913259685875696 1 4.5000000000000009 7.1320980310634789
decision_type=8 10 10 10 10 10 8 10 8 10 10 8 8 10 8 8 10 10 1 10 10 10 10 8 10 10 8 1 2 8
left_child=2 4 5 9 7 10 13 14 -9 15 20 27 -8 -3 -2 -4 22 18 -14 28 -1 -5 -12 -17 26 -15 -16 -10 -13 -6
right_child=1 6 3 21 29 -7 12 8 11 -11 16 19 17 25 24 23 -18 -19 -20 -21 -22 -23 -24 -25 -26 -27 -28 -29 -30 -31
leaf_value=-0.020726998750677031 -0.020135685039617136 0.0041133414827581932 -0.0050700361384189655 3.3349584676312108e-05 0.0027822896771811491 -0.0010722179661647236 0.0058631084900859776 -0.0011103899336268874 0.0012758504405537829 -0.00045882034430475563 -0.0068490447256750464 0.0014347714096298869 0.012105795502541029 -0.00030412852399201999 -0.0093346394761900427 -0.0018866196103803912 -0.00411920313426406 0.027753046143585803 0.010828910251619518 0.030233679188095764 -0.0071415454433515274 0.0049018436171919255 -0.0073437381610541811 -0.001553032448910141 0.019159237937612386 0.003022631828545386 -0.0015444630196916 -0.0012194278121337556 0.0030147210948879622 0.0049349611282280218
leaf_weight=38611 919 1556 7776 4009 839 2338 1306 2949 1074 2976 9813 2078 11562 1686 429 7653 981 22139 26943 892 2197 2145 11198 2738 157 1841 2895 1140 4042 6573
leaf_count=38611 919 1556 7776 4009 839 2338 1306 2949 1074 2976 9813 2078 11562 1686 429 7653 981 22139 26943 892 2197 2145 11198 2738 157 1841 2895 1140 4042 6573
internal_value=-0.000195007 0.0169001 -0.0170285 -0.00760798 0.00606683 -0.0209762 0.0207767 0.00198643 0.00535318 -0.0108582 -0.0216783 0.00862779 0.021799 0.00831694 -0.00732955 -0.0123782 -0.0188091 0.022078 0.0209681 0.0114803 -0.0232246 0.00355866 -0.0193482 -0.009578 -0.00392847 0.00403317 -0.0049639 -0.000406504 0.0099183 0.0151916
internal_weight=183455 91020 92435 27297 23987 65138 67033 16575 12175 21143 62800 9226 61950 5083 4400 18167 21992 60644 38505 7012 40808 6154 21011 10391 3481 3527 3324 2214 6120 7412
internal_count=183455 91020 92435 27297 23987 65138 67033 16575 12175 21143 62800 9226 61950 5083 4400 18167 21992 60644 38505 7012 40808 6154 21011 10391 3481 3527 3324 2214 6120 7412
cat_boundaries=0 1 2
cat_threshold=2 94
is_linear=0
shrinkage=0.05


Tree=9
num_leaves=31
num_cat=2
split_feature=17 17 15 10 10 10 15 11 10 15 10 11 17 15 1 18 8 18 10 10 11 10 4 10 18 18 0 11 10 21
split_gain=20613.7 1545.36 1469.37 351.047 334.604 303.433 257.281 169.716 148.335 116.818 82.7271 81.6345 80.5801 54.6104 85.1861 53.7524 50.4345 50.3244 49.2012 42.4321 41.2552 38.8944 35.8714 34.5339 33.6146 27.1451 22.9394 22.5176 21.9588 21.2458
threshold=7.1398570803376247 7.2934100465559233 6.9797463350625693 7.1689649569673177 7.111919780603535 7.3128864978553141 6.7952368969855597 7.2082301046963382 7.0268706613697072 7.0927029880511006 7.0479518150395899 7.2348981604083002 6.9945219163740768 7.7918171560465863 0 0.16093488710472967 2.5000000000000004 0.089165069893267057 7.2452983069657719 6.870572353204337 6.9768147060392485 7.3128864978553141 5.5000000000000009 6.6194060950237885 0.10322744592801772 0.080061805048311549 1 7.0904933289280381 7.4103463658656468 3.0468977391027221
decision_type=8 10 10 10 10 8 8 10 10 10 8 8 10 10 1 10 2 10 10 10 8 10 2 10 10 8 1 8 10 10
left_child=2 3 6 7 9 15 19 10 12 24 -2 -7 17 14 28 -3 -14 -8 -5 -1 -12 26 25 -9 -4 -22 -6 -26 -13 -11
right_child=1 5 4 18 21 11 8 23 -10 29 20 13 16 -15 -16 -17 -18 -19 -20 -21 22 -23 -24 -25 27 -27 -28 -29 -30 -31
leaf_value=-0.019690648813143197 -0.0064632655998304589 0.0035027290328216499 -0.0028282642475605971 0.0018260360457757587 0.00091506153054710104 0.0058077812624648846 -0.0065446040406688336 0.0054267788994765368 -0.001850423142654556 -2.272425856293392e-05 -0.0094317571211539174 0.0074577728717110771 -0.00049864551208052006 0.031385072013835828 0.010689930723974551 0.00058411762653935999 -0.0069340387444218003 -0.0074624622639308143 0.0062577885053099807 -0.0059112411101455821 0.0012436658611652885 0.0063171396282974083 0.0017963305874506787 0.0010918693779109478 -0.0047631918672344405 -0.0016454534344887417 -0.00031608798432150034 -0.0018058986824605273 0.012424922490004375 -0.0014587014683911104
leaf_weight=36863 1662 2115 8881 5619 2544 1085 13033 2276 2153 3018 577 5249 1333 19755 27677 2021 2081 11770 5567 1345 817 1492 5548 925 2113 3692 2460 2408 6766 980
leaf_count=36863 1662 2115 8881 5619 2544 1085 13033 2276 2153 3018 577 5249 1333 19755 27677 2021 2081 11770 5567 1345 817 1492 5548 925 2113 3692 2460 2408 6766 980
internal_value=-0.000147559 0.0166985 -0.016789 0.00657441 -0.0061119 0.0208759 -0.0205095 0.00170194 -0.0170744 -0.00972701 -0.000967794 0.0217711 -0.0180397 0.0220192 0.0209501 0.00777321 -0.0108377 -0.019031 0.0133247 -0.0232399 0.000653564 0.00357143 0.00139952 0.0119572 -0.0119646 -0.00191284 0.00145883 -0.00845499 0.0174345 -0.00222611
internal_weight=183825 91351 92474 26683 23896 64668 68578 15497 30370 17400 12296 60532 28217 59447 39692 4136 3414 24803 11186 38208 10634 6496 10057 3201 13402 4509 5004 4521 12015 3998
internal_count=183825 91351 92474 26683 23896 64668 68578 15497 30370 17400 12296 60532 28217 59447 39692 4136 3414 24803 11186 38208 10634 6496 10057 3201 13402 4509 5004 4521 12015 3998
cat_boundaries=0 1 2
cat_threshold=2 53413
is_linear=0
shrinkage=0.05


Tree=10
num_leaves=31
num_cat=0
split_feature=19 15 15 10 15 15 10 15 19 15 18 10 10 15 20 10 18 10 20 10 11 10 15 15 11 16 12 10 19 16
split_gain=18556.5 2221.82 1813.18 770.465 261.893 256.575 244.288 200.64 164.28 121.521 100.667 100.381 96.7592 78.6632 67.6566 57.7436 56.4383 51.7658 50.6786 49.6275 46.6592 40.99 37.7995 34.4833 33.1929 32.6318 29.1454 26.6963 25.2287 24.912
threshold=7.1532928989888491 6.9797463350625693 7.2405235665241756 7.1530513288056925 7.142729371107734 7.0927029880511006 7.2452983069657719 6.8013667076152702 6.838030858824995 7.6917217173580212 0.11127756685883737 7.0488206249888608 7.0044280632177705 7.2011734864764794 0.13079665070456117 7.1012639402817479 0.090622505831806505 6.8569880235699889 0.13079665070456117 7.1432225019328719 7.2348981604083002 7.111919780603535 7.2405235665241756 7.3096943278878248 7.1232697219018464 0.038708569790585449 7.2082301046963382 7.3142198319787717 7.4653354718131455 0.19138778107031171
decision_type=10 8 8 10 10 10 8 10 8 10 8 8 10 8 8 10 10 10 10 8 8 8 10 10 10 10 8 10 10 10
left_child=1 7 4 5 15 8 18 17 25 10 23 -10 16 -5 -13 24 -9 29 -4 -6 -12 -7 -23 28 -2 -3 -22 -15 -8 -1
right_child=2 3 6 13 19 21 9 12 11 -11 20 14 -14 27 -16 -17 -18 -19 -20 -21 26 22 -24 -25 -26 -27 -28 -29 -30 -31
leaf_value=-0.018138727837940127 -0.0052421242888843096 -0.019131772804032689 0.003181515883401076 0.0014484822649488028 -0.00021109447796328063 -0.0013555936291812288 0.0038934923518119113 -0.0060631152516928306 -0.0036226952780725966 0.026608435593347225 0.0048553148750405846 -0.0019698338442122321 -0.0027005954493631635 0.0035517937603937177 -0.0012235588292243806 0.00046066042127943522 -0.0062966479020789556 -0.0056156790546383123 0.0018213550809883295 0.0017347342434869796 0.0036585112548729094 5.0265469150767572e-05 0.0087415826207872804 0.0087896996920044049 -0.00031892429476183538 -0.0029133362914004926 0.01120497549654096 0.01375800963175149 0.026000302683125434 -0.021165293508907279
leaf_weight=32427 3769 4305 2128 4438 1869 2429 4585 11459 6890 24593 1038 6387 1861 1518 5585 1271 9121 1944 2515 5867 723 3237 603 16632 737 463 17719 1588 1874 4316
leaf_count=32427 3769 4305 2128 4438 1869 2429 4585 11459 6890 24593 1038 6387 1861 1518 5585 1271 9121 1944 2515 5867 723 3237 603 16632 737 463 17719 1588 1874 4316
internal_value=-0.000112431 -0.0148895 0.0169597 -0.00529805 0.000157256 -0.0089008 0.0201216 -0.0207646 -0.0112865 0.0208884 0.0192719 -0.00919044 -0.0170035 0.00898065 -0.00642332 -0.0078977 -0.0179908 -0.0229463 0.00902972 0.00617244 0.0166247 9.17212e-05 0.00330729 0.0215051 -0.0105526 -0.0195784 0.0172053 0.0150837 0.0184046 -0.023367
internal_weight=183891 98571 85320 37443 13513 29899 71807 61128 23630 67164 42571 18862 22441 7544 11972 5777 20580 38687 4643 7736 19480 6269 3840 23091 4506 4768 18442 3106 6459 36743
internal_count=183891 98571 85320 37443 13513 29899 71807 61128 23630 67164 42571 18862 22441 7544 11972 5777 20580 38687 4643 7736 19480 6269 3840 23091 4506 4768 18442 3106 6459 36743
is_linear=0
shrinkage=0.05


Tree=11
num_leaves=31
num_cat=1
split_feature=17 17 17 10 10 10 10 19 11 10 17 11 18 19 11 17 10 10 16 20 10 11 12 0 10 10 23 11 19 11
split_gain=18868.3 1468.98 1399.24 402.267 310.762 297.851 269.115 203.291 165.765 134.538 99.0041 87.0017 85.2584 75.8743 69.4597 65.342 60.1791 55.0674 46.8881 45.2391 44.2762 43.2762 42.7894 40.4736 39.2718 36.2594 32.1249 31.436 28.2331 30.6442
threshold=7.1482657029125702 6.932780974261247 7.2934100465559233 7.0574674595548741 7.2348981604083002 7.2452983069657719 6.9885669099024179 6.9180578963801098 7.1312986703816295 7.1240755238490161 7.6981885152930323 7.0035197977545716 0.11199201279289299 7.7240022494579099 7.1432225019328719 6.7161499496516894 7.1012639402817479 7.4103463658656468 0.07429309336358593 0.10934233804488806 7.6263264821815211 7.0854828791590796 7.1712726506405104 0 7.1320980310634789 7.1902991025390088 4.760246240126019 7.2082301046963382 7.0612478009096531 6.2116030863880871
decision_type=8 10 10 8 10 8 10 8 10 8 10 10 10 10 10 10 10 10 8 10 8 10 10 1 10 10 8 8 10 10
left_child=1 6 4 21 7 19 11 -2 16 26 12 15 -7 14 22 -1 18 27 -5 -4 -12 -3 28 -17 -8 -10 -9 -14 -11 -30
right_child=2 3 5 8 -6 10 24 9 25 13 20 -13 17 -15 -16 23 -18 -19 -20 -21 -22 -23 -24 -25 -26 -27 -28 -29 29 -31
leaf_value=-0.020853773782087439 -0.015081550146572821 -0.004186148366879916 0.0043215884103516627 -0.0016562989847260568 0.0047411600406491511 0.0081711837656059504 -0.003423350929352731 -0.00024297519406202284 0.00019473305984800683 -0.0035690322023275382 0.0094895222981549402 -0.0050080469481327055 0.0020237288820776468 0.032519199844764972 0.0021384557865792076 -0.0073729852117806697 -7.2590391990168265e-05 0.012533293344205811 -0.001723960378539946 0.0011856305412654589 0.026914157100456526 -0.0028156450289093639 0.0031906771991676575 -0.0067000482581433211 0.0022145101174188219 0.0044149985035356835 -0.0028263287561487885 0.0063052070266671478 0.0022369721477413676 -0.00053495124648388352
leaf_weight=31699 1143 11670 826 5285 7508 19598 2365 1577 3981 2346 1715 1779 622 666 4963 9309 3755 7739 5756 2824 24428 2322 1529 13600 866 1634 1575 6689 2777 1307
leaf_count=31699 1143 11670 826 5285 7508 19598 2365 1577 3981 2346 1715 1779 622 666 4963 9309 3755 7739 5756 2824 24428 2322 1529 13600 866 1634 1575 6689 2777 1307
internal_value=-0.000198392 -0.0158552 0.0161886 -0.00762797 0.00624729 0.0201056 -0.0206028 0.00266314 -0.00315149 0.00405615 0.0209385 -0.021407 0.0191858 0.00621504 0.00536682 -0.0217615 -0.00592728 0.0163555 -0.00778689 0.00623288 0.0232615 -0.0141581 0.00247204 -0.019727 -0.00656917 0.00416296 -0.00525063 0.0132437 0.000684292 0.0031954
internal_weight=183853 94021 89832 34403 25391 64441 59618 17883 20411 16740 60791 56387 34648 13588 12922 54608 14796 15050 11041 3650 26143 13992 7959 22909 3231 5615 3152 7311 6430 4084
internal_count=183853 94021 89832 34403 25391 64441 59618 17883 20411 16740 60791 56387 34648 13588 12922 54608 14796 15050 11041 3650 26143 13992 7959 22909 3231 5615 3152 7311 6430 4084
cat_boundaries=0 1
cat_threshold=33646
is_linear=0
shrinkage=0.05


Tree=12
num_leaves=31
num_cat=3
split_feature=17 17 15 10 10 10 19 10 15 10 11 15 17 11 0 19 10 15 1 10 15 19 10 11 1 23 11 11 16 10
split_gain=17959.4 1491.27 1348.98 393.947 388.121 283.864 179.914 170.114 134.547 129.267 121.206 103.799 93.7342 74.5654 74.1498 70.1836 68.3314 57.0629 62.1575 56.2402 42.5311 41.0814 39.7235 39.3724 39.2357 29.5759 26.1055 24.296 22.9098 22.6587
threshold=7.1398570803376247 7.3131910491904426 6.9566665681144189 7.1012639402817479 7.2348981604083002 7.3142198319787717 6.9180578963801098 6.9579728820873044 7.0927029880511006 7.1240755238490161 7.3437453586499073 6.619924828622362 6.7492784809647413 7.2789734129149251 0 7.5903969154921755 7.2082301046963382 7.7918171560465863 1 7.0488206249888608 7.2405235665241756 7.0522346833800116 7.2817282408204109 7.1432225019328719 2 4.6328087806402438 7.0259825616690792 6.9426395642594496 0.15594204488520411 7.0488206249888608
decision_type=8 10 8 10 10 8 8 10 10 8 8 10 10 10 1 10 10 10 1 8 8 10 10 8 1 8 8 10 10 10
left_child=2 4 7 8 6 16 -2 11 12 25 -7 -1 -4 15 28 21 -3 18 -12 -14 -6 -11 -5 -23 -18 -8 -21 -16 -13 -9
right_child=1 5 3 22 20 10 9 29 -10 13 17 14 19 -15 27 -17 24 -19 -20 26 -22 23 -24 -25 -26 -27 -28 -29 -30 -31
leaf_value=-0.023211396920642759 -0.014070345920396223 0.0005523559461752648 -0.019844081185585161 9.2238497215291204e-05 0.0032279990461868916 0.0036515687210069816 -0.00025371488866090532 -0.0026660429849933998 -0.0010387497232783095 -0.0012644113874992426 0.010726842563283469 -0.0069358755280946489 -0.0034208366929036507 0.0050352373906138673 -0.0073330795019696422 0.024109452229580653 0.0030454481789313984 0.02713968877845381 0.011036193552889983 -0.003919056296283108 0.0047681838724201514 -0.00012212274137302082 0.0056150553117158891 0.0014391781282768969 0.0030454481789313984 -0.0024899347881135684 -0.0011046284591547551 -0.004052648217864707 -0.0078853573379735753 -0.0028370229898106781
leaf_weight=22614 1123 1712 2812 5387 2859 3270 1791 2139 3921 2550 9187 9871 9718 2362 17800 755 2122 19649 22182 2881 6587 2013 1615 7530 3431 1854 7331 1470 3742 1228
leaf_count=22614 1123 1712 2812 5387 2859 3270 1791 2139 3921 2550 9187 9871 9718 2362 17800 755 2122 19649 22182 2881 6587 2013 1615 7530 3431 1854 7331 1470 3742 1228
internal_value=-0.000199721 0.0155751 -0.0157099 -0.00772687 0.00631627 0.0200011 0.0023676 -0.0202756 -0.0104986 0.00352559 0.0212432 -0.0209376 -0.0119734 0.00555227 -0.0191444 0.00405121 0.0107192 0.0218413 0.0205179 -0.0107677 0.0146676 0.00312784 0.00282776 0.00463429 0.0134117 -0.00493141 -0.00817665 -0.021167 -0.0162538 -0.00936293
internal_weight=183506 90977 92529 33665 29424 61553 19978 58864 26663 18855 54288 55497 22742 15210 32883 12848 7265 51018 31369 19930 9446 12093 7002 9543 5553 3645 10212 19270 13613 3367
internal_count=183506 90977 92529 33665 29424 61553 19978 58864 26663 18855 54288 55497 22742 15210 32883 12848 7265 51018 31369 19930 9446 12093 7002 9543 5553 3645 10212 19270 13613 3367
cat_boundaries=0 1 2 3
cat_threshold=33646 2 4
is_linear=0
shrinkage=0.05


Tree=13
num_leaves=31
num_cat=0
split_feature=17 15 15 17 10 10 15 19 10 11 18 15 10 15 18 19 10 20 10 17 10 17 15 12 15 16 18 16 15 16
split_gain=17311.8 1473.79 1357.95 355.971 275.393 264.018 261.227 184.302 168.382 132.023 93.9664 92.4609 85.9979 82.6436 74.2129 72.2873 92.9157 57.1864 55.8365 53.8172 52.3637 49.0914 46.1037 39.5531 37.673 36.7783 36.5536 35.0235 32.2106 30.5931
threshold=7.1398570803376247 7.3037542686951697 6.9659287004316335 7.465584369735482 7.2082301046963382 7.111919780603535 6.8295429521500557 6.9180578963801098 7.3768197455032354 7.1518771599686382 0.090622505831806505 7.1160278237254735 6.7996129651804988 7.6917217173580212 0.11127756685883737 7.1631701938036914 7.1712726506405104 0.10122294407423536 6.9413512154243238 7.0119589777774562 7.0268706613697072 6.6121884062350835 7.2405235665241756 7.2082301046963382 7.1958044212383401 0.07304047909285781 0.14712415777596533 0.11407776680367666 6.534132845689884 0.15594204488520411
decision_type=8 10 10 10 10 10 8 8 8 8 10 10 10 10 10 10 8 10 8 10 8 10 8 8 8 10 10 10 10 10
left_child=2 3 6 4 7 11 12 -2 17 -9 19 20 26 14 -10 -11 -17 -3 -12 -8 -4 -20 -6 -18 -7 -22 -1 -5 -28 -14
right_child=1 8 5 27 22 24 10 9 13 15 18 -13 29 -15 -16 16 23 -19 21 -21 25 -23 -24 -25 -26 -27 28 -29 -30 -31
leaf_value=-0.015595921445452543 -0.013552370693717864 0.0028931757699848237 -0.0032565594810136213 0.023271797473943326 0.0027613852006066254 0.00022884693564058091 -0.0052125616880450924 -0.0011117857858340852 0.0083531143523147833 0.00013338556966790982 -0.0061858503201989825 9.9003429400701398e-05 -0.0054540288505331887 0.023394133726504229 0.0097741853182243613 0.00026037764408921583 0.00021871437705125454 0.0029741347405254806 -0.020757587088999288 -0.00044157162959672651 -0.0013203858747440123 -0.003589085916776558 0.0037696299282500957 0.0045163207200599629 0.0050440037525925525 -0.0011800842670911305 -0.026242507786118363 -0.0018777563990962866 -0.01095645003097463 -0.0046627134892546444
leaf_weight=25977 1121 3005 6951 4014 4013 5823 11332 3931 13822 5011 5236 2445 4011 24618 11541 3559 841 4571 942 573 5662 6505 5412 5548 777 3979 5416 140 4900 1718
leaf_count=25977 1121 3005 6951 4014 4013 5823 11332 3931 13822 5011 5236 2445 4011 24618 11541 3559 841 4571 942 573 5662 6505 5412 5548 777 3979 5416 140 4900 1718
internal_value=-0.00017885 0.0152756 -0.015449 0.00695296 0.00501936 -0.00567052 -0.0192126 0.00170031 0.0201327 0.00286924 -0.0151192 -0.00865814 -0.0216077 0.0211856 0.0191825 0.00501203 0.00747889 0.0131864 -0.0121245 -0.0183095 -0.00999578 -0.00934269 0.0120663 0.0110855 0.00294697 -0.00761073 -0.0225064 0.0206548 -0.0199884 -0.0159146
internal_weight=183394 91147 92247 33590 29436 25637 66610 20011 57557 18890 24588 19037 42022 49981 25363 14959 9948 7576 12683 11905 16592 7447 9425 6389 6600 9641 36293 4154 10316 5729
internal_count=183394 91147 92247 33590 29436 25637 66610 20011 57557 18890 24588 19037 42022 49981 25363 14959 9948 7576 12683 11905 16592 7447 9425 6389 6600 9641 36293 4154 10316 5729
is_linear=0
shrinkage=0.05


Tree=14
num_leaves=31
num_cat=1
split_feature=17 15 15 17 10 15 10 10 19 11 10 15 10 18 10 19 17 10 1 15 18 12 10 18 23 11 15 11 19 18
split_gain=16565.6 1744.27 1097.3 346.506 266.981 261.103 223.013 185.154 158.207 142.051 133.478 91.1792 79.2516 76.3664 72.193 68.7746 67.3357 66.7994 57.0165 50.1562 47.5814 45.9843 44.6431 37.3081 36.9567 36.4275 35.9361 30.417 27.0561 26.4249
threshold=7.1187982885483629 7.2992029009929444 6.9566665681144189 7.495824504744248 7.1712726506405104 6.6858726326791684 7.111919780603535 7.3142198319787717 6.9180578963801098 7.1674235306143332 6.9092540304800165 7.6917217173580212 7.0044280632177705 0.11199201279289299 7.1689649569673177 7.2414870951201884 6.9945219163740768 7.0268706613697072 0 7.2405235665241756 0.089165069893267057 7.1424319879342129 6.7838911316208028 0.077534836874518051 2.9129399720280329 7.2089702972815557 7.2342535109878527 7.2789734129149251 7.8022619462953067 0.41301574735743501
decision_type=8 10 10 10 10 8 10 8 8 8 8 10 10 10 8 10 10 8 1 8 10 10 10 10 8 10 8 10 10 8
left_child=2 3 5 4 8 22 17 18 -2 -10 20 13 16 -9 24 27 23 -4 -3 -6 -7 -19 -1 -12 -11 -8 -17 29 -28 -16
right_child=1 7 6 -5 19 10 25 11 9 14 12 -13 -14 -15 15 26 -18 21 -20 -21 -22 -23 -24 -25 -26 -27 28 -29 -30 -31
leaf_value=-0.018516047934825419 -0.012342735494053026 0.0028254280034992088 -0.0031669989353010578 0.022881836537233947 0.0023232389703565118 -0.0057446248522981863 0.00011273848165527234 0.0079354586346990445 -0.00099634217673050252 0.0011963699581386768 -0.0054144412425928493 0.022201690256721432 -0.0015555278149761431 0.0091019391013119396 0.00084662097528771525 0.00024595328656884519 -0.0020873160241182465 -0.0014012774816186903 0.0027485169814855936 0.0035811484318375888 -0.0066819286069250252 0.00068730651052000273 -0.0063045424137765597 -0.0058190177935089965 -0.0010976852472898812 0.0047918035649629157 0.0037021469093324825 0.0050560514445977759 0.030288166949063201 -0.0012078600966076714
leaf_weight=27142 1110 3023 7753 3827 4629 9865 4209 14598 5333 1270 5716 24622 1835 11777 3627 997 1587 9541 4223 5115 10227 1241 921 7915 2472 979 3965 839 579 2681
leaf_count=27142 1110 3023 7753 3827 4629 9865 4209 14598 5333 1270 5716 24622 1835 11777 3627 997 1587 9541 4223 5115 10227 1241 921 7915 2472 979 3965 839 579 2681
internal_value=-0.000147317 0.0144072 -0.0156439 0.00582812 0.00415811 -0.0189938 -0.00643574 0.0197753 0.00120557 0.0021447 -0.0162438 0.020838 -0.0129904 0.0187953 0.00444614 0.00624606 -0.014174 -0.00900054 0.0122964 0.0110889 -0.0190051 -0.0064552 -0.0226339 -0.0153089 -0.00165687 0.00272745 0.0104268 0.00300476 0.0123129 0.00181516
internal_weight=183618 94687 88931 36444 32617 65208 23723 58243 22873 21763 37145 50997 17053 26375 16430 12688 15218 18535 7246 9744 20092 10782 28063 13631 3742 5188 5541 7147 4544 6308
internal_count=183618 94687 88931 36444 32617 65208 23723 58243 22873 21763 37145 50997 17053 26375 16430 12688 15218 18535 7246 9744 20092 10782 28063 13631 3742 5188 5541 7147 4544 6308
cat_boundaries=0 1
cat_threshold=2
is_linear=0
shrinkage=0.05


Tree=15
num_leaves=31
num_cat=2
split_feature=17 15 17 15 17 10 10 19 10 15 10 10 18 15 18 1 19 10 16 19 15 18 10 18 15 15 1 10 19 4
split_gain=15937.1 1437.43 1312.98 318.175 305.437 294.362 223.458 175.187 167.966 132.031 126.037 118.553 101.922 99.4479 102.985 63.284 58.3716 57.4088 47.3532 40.4601 58.8231 39.6881 37.7799 28.2637 27.1461 26.0104 25.2736 24.7617 24.0395 23.8869
threshold=7.1398570803376247 7.3037542686951697 6.932780974261247 7.0927029880511006 7.5918238651324224 6.9092540304800165 7.2348981604083002 6.977718970487822 7.3482644339574383 6.619924828622362 7.1240755238490161 7.0330653726578527 0.11955100077415255 7.8707057712821058 0.11199201279289299 0 7.8155932471590388 7.2089702972815557 0.063106093354861156 7.020304041181439 7.2181394476373422 0.20058552022167839 7.6016521472294505 0.15815034801118019 7.2405235665241756 7.3669880626776667 1 7.1530513288056925 7.4653354718131455 3.5000000000000004
decision_type=8 10 10 8 10 10 10 8 8 8 8 8 10 10 10 1 10 10 10 10 8 10 10 10 8 10 1 8 8 2
left_child=2 4 5 11 6 9 7 -2 15 23 28 -4 -11 14 25 -3 19 27 -13 -12 -21 -7 26 -1 -8 -10 -16 -5 -9 -22
right_child=1 8 3 17 -6 21 24 10 13 12 16 18 -14 -15 22 -17 -18 -19 -20 20 29 -23 -24 -25 -26 -27 -28 -29 -30 -31
leaf_value=-0.020408315953640524 -0.0095411933033356724 0.0026841566033242617 -0.0036730628254131761 -0.00094517948401233736 0.025485743103535442 -0.0028259785351593793 0.0028123678853293477 -0.00073150363808491834 0.0032251234896352623 -0.0063352762841045523 -0.00097537789068029572 -0.0015574838292746309 -0.0076366249527626941 0.027503767632557352 0.0073264244436942018 0.002611091132411314 0.027953292844597133 0.0041695542999074407 -0.0012633326309329897 0.00020995353117849727 0.0016612823419380085 4.4691188845646934e-05 0.013242308626406763 -0.01981289928856338 0.0035856976628831031 0.0093760717857686252 0.0078112675771956136 0.00037765570049228539 -0.0087810224387717458 0.0032622479099934766
leaf_weight=16364 1348 2988 10996 3544 3047 3061 2997 3303 2240 20942 2339 5035 11470 16065 5804 4584 591 1718 6753 5578 2343 1407 5433 6227 5213 15635 4909 4899 717 6158
leaf_count=16364 1348 2988 10996 3544 3047 3061 2997 3303 2240 20942 2339 5035 11470 16065 5804 4584 591 1718 6753 5578 2343 1407 5433 6227 5213 15635 4909 4899 717 6158
internal_value=-9.58042e-05 0.0147214 -0.0147328 -0.0067256 0.00650681 -0.0191686 0.00500294 0.00241431 0.0195133 -0.0201712 0.0035344 -0.010007 -0.018126 0.0205626 0.0190316 0.0125726 0.00541625 0.00063232 -0.00652358 0.00486052 0.00587222 -0.00682632 0.0161371 -0.0231054 0.0120585 0.0216462 0.0144147 -0.00106301 -0.00442786 0.00849018
internal_weight=183708 91292 92416 32945 33634 59471 30587 22377 57658 55003 21029 22784 32412 50086 34021 7572 17009 10161 11788 16418 14079 4468 16146 22591 8210 17875 10713 8443 4020 8501
internal_count=183708 91292 92416 32945 33634 59471 30587 22377 57658 55003 21029 22784 32412 50086 34021 7572 17009 10161 11788 16418 14079 4468 16146 22591 8210 17875 10713 8443 4020 8501
cat_boundaries=0 1 2
cat_threshold=2 2
is_linear=0
shrinkage=0.05


Tree=16
num_leaves=31
num_cat=0
split_feature=17 15 15 17 17 10 15 10 15 18 10 10 11 10 18 10 18 12 11 18 11 15 11 10 4 11 11 11 10 18
split_gain=15355.7 1460.12 1287.76 350.347 290.313 218.87 180.703 176.41 171.041 169.393 108.993 88.9711 85.1911 82.774 79.9107 68.4387 61.3306 52.6052 40.8772 38.5805 38.1717 37.8307 35.4151 33.4712 31.7414 31.1288 29.4925 28.4815 27.7469 24.9754
threshold=7.1398570803376247 7.3096943278878248 6.9837332257864189 6.6678375814300459 7.5918238651324224 7.2348981604083002 7.1160278237254735 6.9300057683576393 7.8043244326352621 0.11199201279289299 7.0904933289280381 6.8040598888354813 7.3128864978553141 7.4103463658656468 0.090622505831806505 7.111919780603535 0.089165069893267057 7.2789734129149251 6.8314139001060186 0.17991591929767201 6.9092540304800165 7.4081006315931139 6.7458242390288694 7.1530513288056925 5.5000000000000009 7.0677459245207599 7.1232697219018464 7.3814970480868451 7.3142198319787717 0.10556227608318547
decision_type=8 10 10 10 10 10 10 8 10 10 8 10 10 8 10 10 10 10 8 8 8 10 10 8 2 8 10 8 10 10
left_child=2 4 3 11 5 10 15 16 9 21 26 22 17 -11 20 25 -5 19 -16 -12 -9 -3 -1 -8 -21 -4 -2 -15 -7 -27
right_child=1 8 6 7 -6 28 23 14 -10 13 12 -13 -14 27 18 -17 -18 -19 -20 24 -22 -23 -24 -25 -26 29 -28 -29 -30 -31
leaf_value=-0.018670926040586799 -0.0050460016744776851 0.0027727902536838658 -0.0023255308095341265 -0.0052219881601457191 0.023794365395723816 0.002505025551171425 -0.00025804837196981013 -0.0049938905588906126 0.022973153921583347 0.0028028350244035053 0.00069038760281507909 -0.0028130710635265511 0.0048347233998980339 0.0047363663304646145 -0.0066542831797912873 -3.2000438479062865e-05 -0.0062814208339080583 0.0032350244257288276 -0.0027225478310299424 -0.0032341742796006879 -0.0029294812110281401 0.0091360578258203439 -0.0076134668112542775 0.0016119428860196462 0.0017865206955795633 -0.00098046869270600472 0.00060896041127640472 0.0096931452719003289 0.007241841792439585 -0.0006013264790550644
leaf_weight=26251 1983 7121 6500 10976 3042 6157 1813 3695 19165 4693 8607 758 2335 1943 2513 3165 11898 2210 7403 3038 4902 12790 1110 3863 3504 5259 791 11282 2501 2637
leaf_count=26251 1983 7121 6500 10976 3042 6157 1813 3695 19165 4693 8607 758 2335 1943 2513 3165 11898 2210 7403 3038 4902 12790 1110 3863 3504 5259 791 11282 2501 2637
internal_value=-7.10965e-05 0.0145017 -0.0143954 -0.0178021 0.00632902 0.0048882 -0.00420558 -0.014876 0.0194012 0.0174516 0.00228547 -0.0221087 0.00359246 0.0139245 -0.0112475 -0.00671232 -0.0178128 0.00238637 -0.00818879 0.00133507 -0.0147755 0.0206255 -0.0225768 0.00355004 -0.00155916 -0.00817588 -0.00699351 0.015949 0.0116424 -0.00606636
internal_weight=183905 91162 92743 69506 34168 31126 23237 41387 56994 37829 22468 28119 19694 17918 18513 17561 22874 17359 9916 15149 8597 19911 27361 5676 6542 14396 2774 13225 8658 7896
internal_count=183905 91162 92743 69506 34168 31126 23237 41387 56994 37829 22468 28119 19694 17918 18513 17561 22874 17359 9916 15149 8597 19911 27361 5676 6542 14396 2774 13225 8658 7896
is_linear=0
shrinkage=0.05


Tree=17
num_leaves=31
num_cat=0
split_feature=15 15 15 10 11 10 12 10 11 13 10 10 15 12 20 16 10 14 15 16 10 20 16 11 11 16 13 23 4 16
split_gain=13596.5 2428.02 855.797 343.533 221.976 211.117 199.328 188.227 156.962 135.247 130.913 130.544 106.181 102.483 99.4848 87.9455 84.5982 82.5163 70.3219 78.1345 65.9325 63.1435 51.2442 42.4613 41.9826 41.2879 37.523 33.2289 30.6309 30.242
threshold=7.1113069394735975 7.2931132519995137 6.8395111275663742 7.2348981604083002 7.3482644339574383 7.0035197977545716 7.1518771599686382 7.3482644339574383 6.9493768386570434 6.8580395486683789 6.9541615378757635 6.8495962243894803 7.8850943611837252 6.995308071068961 0.12808492653421097 0.012368737509700129 7.0574674595548741 7.3814970480868451 6.534132845689884 0.14678152471029865 7.4040633484516265 0.10122294407423536 0.038960093643967096 7.3142198319787717 7.0044280632177705 0.092688928794212824 7.4974835395764439 6.5225812376602077 4.5000000000000009 0.059761287965687152
decision_type=8 10 10 10 10 8 10 8 8 8 8 10 10 8 10 10 10 10 10 10 10 10 10 8 8 10 10 8 2 10
left_child=2 3 11 4 6 25 8 21 -2 -10 -11 18 14 -12 -9 -8 24 26 -1 27 -5 -3 -19 -16 -7 -4 28 -20 -15 -18
right_child=1 7 5 20 -6 16 15 12 9 10 13 -13 -14 17 23 -17 29 22 19 -21 -22 -23 -24 -25 -26 -27 -28 -29 -30 -31
leaf_value=-0.022077761168199907 -0.010944055919462193 0.0023418970631065238 -0.0039156868896343512 0.002535783742201936 0.012245249152593996 -0.0026780916240283672 0.008042242333967442 0.0079681744412982702 -0.013984474779915823 -0.010377811088314771 -0.0072128175632753429 -0.0032387241610613684 0.025743099426554394 -0.001051414093964187 0.003431622909714882 0.00074585920439940168 -0.00050434317622176654 0.014561250086466604 -0.0074585741569834331 -0.0081319489082341441 0.013454852513158588 0.0024098070219378711 -0.00069018819694592897 0.0089678939263003084 -0.0014017405524109794 -0.0049972848499972855 0.014924436695468524 -0.0077751352817358567 0.00043799856114428164 -0.00026558237214502345
leaf_weight=16802 1751 3439 9490 7067 1849 7295 1943 16165 1102 1440 1252 3264 15480 5171 1934 7259 2201 1322 8266 3967 2401 5074 437 17108 8141 5588 356 11036 9529 5634
leaf_count=16802 1751 3439 9490 7067 1849 7295 1943 16165 1102 1440 1252 3264 15480 5171 1934 7259 2201 1322 8266 3967 2401 5074 437 17108 8141 5588 356 11036 9529 5634
internal_value=-0.000105707 0.0120605 -0.0153096 0.00299972 0.000617312 -0.00986923 -0.000369115 0.0186233 -0.00291816 -0.00169707 -0.000734352 -0.020124 0.0197787 0.00042204 0.0182613 0.00582482 -0.00688303 0.0014496 -0.0209073 -0.0191274 0.0114068 0.0117438 0.011697 0.0158124 -0.00903084 -0.014478 0.000252391 -0.0204409 -0.000136054 -0.00265156
internal_weight=183763 102079 81684 42879 33411 38349 31562 59200 22360 20609 19507 43335 50687 18067 35207 9202 23271 16815 40071 23269 9468 8513 1759 19042 15436 15078 15056 19302 14700 7835
internal_count=183763 102079 81684 42879 33411 38349 31562 59200 22360 20609 19507 43335 50687 18067 35207 9202 23271 16815 40071 23269 9468 8513 1759 19042 15436 15078 15056 19302 14700 7835
is_linear=0
shrinkage=0.05


Tree=18
num_leaves=31
num_cat=2
split_feature=17 17 17 17 11 11 11 11 18 19 18 11 19 11 11 11 17 17 18 11 11 19 18 18 11 11 1 16 17 1
split_gain=13816.7 1309.53 1206.36 260.591 248.015 221.929 208.92 152.55 188.795 151.403 132.5 100.02 86.0623 77.0819 50.8513 49.7579 49.4558 45.1855 43.1471 34.3947 33.4906 31.3332 29.1137 28.144 27.2472 27.1301 26.2816 23.6812 23.3026 22.9054
threshold=7.1482657029125702 6.923700858613782 7.3131910491904426 6.6678375814300459 7.111919780603535 7.3128864978553141 7.2348981604083002 7.8264411450176032 0.11277974244479837 6.9089345279158811 0.15069504733077252 7.0574674595548741 7.7240022494579099 6.7458242390288694 7.1312986703816295 6.9231362598071584 7.9261649125304539 7.4877303756846372 0.15069504733077252 7.5248301129598225 7.1320980310634789 7.0656292606887492 0.10234586653992676 0.072812222893796255 7.3128864978553141 7.3128864978553141 0 0.085700232739975651 7.2199798583068615 1
decision_type=8 10 10 10 10 8 10 10 10 8 10 8 10 10 8 10 10 10 10 10 10 10 10 10 10 10 1 8 8 1
left_child=1 3 6 13 11 -4 9 8 17 -2 15 27 14 18 -11 23 19 26 -1 29 -12 -16 -13 -5 -6 -8 -7 -3 -23 -10
right_child=2 4 5 10 24 7 25 -9 16 12 20 22 -14 -15 21 -17 -18 -19 -20 -21 -22 28 -24 -25 -26 -27 -28 -29 -30 -31
leaf_value=-0.015776606576862175 -0.011766270745761621 -0.0024416509513543795 0.0014932207821522605 -0.004683746042989068 9.5357564019282751e-05 0.0035034397291462405 0.0017045147942309049 0.023496263000212483 0.004509090556372719 -0.0011290555675284697 -0.0055867413463091212 -0.0010053884780039991 0.026591176947287187 -0.0050080115251801786 -0.00040713911067666867 -0.0024841401005431863 0.021110463813767178 0.010428352236005934 -0.016784819963695876 0.009072428167638957 0.00088938910230935704 0.00061357863896405185 -0.00094487023906606469 -0.0052795352507743146 0.0043819300456255927 0.0040582487744658556 0.0043781000677670439 -0.0036390551602674126 0.0024197090263942123 0.0061984960118059542
leaf_weight=19131 1098 8591 2913 10558 5603 6693 3484 13640 5809 3015 7278 8253 680 1381 2970 1796 3176 13173 7384 6649 587 5041 5533 10004 1425 5779 3877 6213 6126 5442
leaf_count=19131 1098 8591 2913 10558 5603 6693 3484 13640 5809 3015 7278 8253 680 1381 2970 1796 3176 13173 7384 6649 587 5041 5533 10004 1425 5779 3877 6213 6126 5442
internal_value=-7.01029e-05 -0.0134885 0.0139734 -0.018115 -0.00593941 0.0179064 0.0054118 0.0185776 0.0171685 0.00240095 -0.0148984 -0.00800804 0.00351054 -0.0215999 0.00281891 -0.016862 0.0137241 0.020226 -0.0221997 0.0127039 -0.00931659 0.00407618 -0.00494342 -0.0175591 0.00247581 0.0115648 0.0177909 -0.0108619 0.00529014 0.011019
internal_weight=183302 93737 89565 58119 35618 61372 28193 58459 44819 18930 30223 28590 17832 27896 17152 22358 21076 23743 26515 17900 7865 14137 13786 20562 7028 9263 10570 14804 11167 11251
internal_count=183302 93737 89565 58119 35618 61372 28193 58459 44819 18930 30223 28590 17832 27896 17152 22358 21076 23743 26515 17900 7865 14137 13786 20562 7028 9263 10570 14804 11167 11251
cat_boundaries=0 1 2
cat_threshold=4 2
is_linear=0
shrinkage=0.05


Tree=19
num_leaves=31
num_cat=1
split_feature=17 17 17 10 10 10 10 17 10 18 19 11 18 19 11 11 10 10 17 10 10 1 12 10 16 11 18 12 11 4
split_gain=13252.8 1266.92 1188.39 336.222 279.425 265.707 258.4 193.077 178.171 187.531 139.112 122.049 116.236 85.265 74.3415 64.6048 55.2051 46.0592 42.4578 42.1955 39.6554 38.5359 38.042 36.5013 35.1598 33.2772 32.2358 32.1116 28.7192 27.0344
threshold=7.1482657029125702 6.932780974261247 7.3131910491904426 6.9092540304800165 7.3128864978553141 7.0330653726578527 7.2348981604083002 6.6032281859479101 7.8264411450176032 0.11199201279289299 6.8485956357787918 7.1518771599686382 0.12404084483262522 7.7116806338175978 7.2082301046963382 7.6016521472294505 6.7458242390288694 7.1012639402817479 7.4443264469589083 6.9962238222406956 6.7838911316208028 0 7.0904933289280381 6.8227417564880897 0.07304047909285781 7.2817282408204109 0.24057473945888805 7.2789734129149251 6.7099137248553644 4.5000000000000009
decision_type=8 10 10 10 8 8 10 10 10 10 8 10 10 10 10 10 10 10 10 8 8 1 10 8 8 8 10 10 10 2
left_child=1 3 6 7 -4 22 10 16 9 18 -2 17 20 14 19 21 28 24 -6 -12 -9 -11 -3 -14 -7 -8 -5 -21 -1 -23
right_child=2 5 4 26 8 11 25 12 -10 15 13 -13 23 -15 -16 -17 -18 -19 -20 27 -22 29 -24 -25 -26 -27 -28 -29 -30 -31
leaf_value=-0.017425013147591529 -0.013647183224098015 -0.0032008082458117705 0.0011418134617871001 -0.0021225379516256028 0.003010104364082178 -0.0010403390092621034 0.0020534396855652836 -0.0073138875762167824 0.022461530184671522 0.0045234912951607866 -0.0081268135945292922 0.0014355635501912545 -0.0078253904306826438 0.025109093405161122 0.0021104276947520708 0.011568216925447917 -0.0036109908897664412 1.8440566035238249e-05 0.00889580077521499 -1.1434086701833658e-05 -0.0040551074365615227 0.0040650600370303108 -0.0019240397009744781 -0.0037047850497736513 -0.0011121865642061081 0.003847892889273963 0.0013899814156464352 0.0031230007519027717 -0.0065451215992443634 0.0082590182357775276
leaf_weight=21781 908 10010 3307 3477 8454 6850 3440 7310 13743 7400 1014 4164 5368 708 4739 6724 680 4647 15123 10302 14199 2258 1986 5241 6594 5879 1029 1306 542 4594
leaf_count=21781 908 10010 3307 3477 8454 6850 3440 7310 13743 7400 1014 4164 5368 708 4739 6724 680 4647 15123 10302 14199 2258 1986 5241 6594 5879 1029 1306 542 4594
internal_value=-8.42053e-05 -0.0132235 0.0136367 -0.0176258 0.0175328 -0.00555969 0.00515444 -0.0186993 0.0183349 0.0167997 0.00180613 -0.00232644 -0.016195 0.00276579 0.00207217 0.0133605 -0.022196 -0.00410287 0.0198594 6.73427e-05 -0.0183075 0.0114545 -0.011558 -0.0119121 -0.00558614 0.0119729 -0.00449401 0.000921778 -0.0226235 0.0141565
internal_weight=183777 93878 89899 59627 61603 34251 28296 55121 58296 44553 18977 22255 32118 18069 17361 20976 23003 18091 23577 12622 21509 14252 11996 10609 13444 9319 4506 11608 22323 6852
internal_count=183777 93878 89899 59627 61603 34251 28296 55121 58296 44553 18977 22255 32118 18069 17361 20976 23003 18091 23577 12622 21509 14252 11996 10609 13444 9319 4506 11608 22323 6852
cat_boundaries=0 1
cat_threshold=2
is_linear=0
shrinkage=0.05


Tree=20
num_leaves=31
num_cat=0
split_feature=17 17 17 10 10 10 10 20 10 11 17 19 11 12 19 20 20 10 10 11 17 12 10 10 10 11 10 20 19 4
split_gain=12554.9 1516.54 954.336 314.05 294.785 276.173 259.903 144.449 135.299 134.17 123.451 107.49 106.2 99.6648 79.483 79.4581 71.8781 55.4166 53.2783 40.2796 35.3065 34.7741 31.1909 30.326 29.9714 29.4984 27.631 26.5228 25.4576 23.6781
threshold=7.1098782080624288 7.3131910491904426 6.8599332879172863 7.2789734129149251 7.4682278018910955 6.870572353204337 7.0035197977545716 0.10122294407423536 7.8264411450176032 7.2082301046963382 6.5563962494082153 6.6768410585156852 7.111919780603535 7.3482644339574383 7.7240022494579099 0.12808492653421097 0.11015476857330431 7.1240755238490161 7.2089702972815557 7.0259825616690792 8.0365314023032024 7.1902991025390088 6.7838911316208028 6.6814816381200126 7.1432225019328719 7.0035197977545716 7.2348981604083002 0.09966696372954878 6.6683241707892522 4.5000000000000009
decision_type=8 10 10 10 8 10 8 10 10 10 10 8 10 8 10 10 10 8 10 8 10 10 8 10 8 10 8 10 10 2
left_child=2 3 5 9 7 10 25 -3 13 11 23 -2 19 -6 17 -15 -12 -13 -9 -8 -17 -19 -18 -1 -14 -4 -11 -21 -7 -29
right_child=1 4 6 -5 8 28 12 18 -10 26 16 14 24 15 -16 20 22 21 -20 27 -22 -23 -24 -25 -26 -27 -28 29 -30 -31
leaf_value=-0.018302726686220527 -0.017771996097200395 0.0031427933230534946 -0.0036373889020735019 0.0037052517313606705 0.0016478705146029339 0.00040443003644905499 -0.0022168552264603572 -0.00043212629044426799 0.021338453675437963 0.00081230510633933939 -0.0059578872801139939 -0.0013551530865760332 -0.00074042172528665517 0.0082817348039330163 0.023129316828186842 0.0081501733507013171 -0.0080598135268866063 -4.8325909200985789e-05 0.0023278681531397451 -0.0010409314506941937 0.028555192355932846 0.001557291771561964 -0.0050621386993366492 -0.0050821768643668722 0.0017245293524935424 -0.0029500543283528472 0.0023826891834545006 -0.0013117112859011737 -0.0018849600642630194 0.00023711479962029713
leaf_weight=18683 593 5751 10958 7427 2469 1047 8883 1840 13703 2703 11979 4413 1494 13052 540 15670 6974 11472 6751 5655 2360 2910 6654 699 2696 2750 4307 2759 2987 3557
leaf_count=18683 593 5751 10958 7427 2469 1047 8883 1840 13703 2703 11979 4413 1494 13052 540 15670 6974 11472 6751 5655 2360 2910 6654 699 2696 2750 4307 2759 2987 3557
internal_value=-5.68751e-05 0.0124433 -0.0137229 0.00402808 0.0171383 -0.0183582 -0.00785895 0.0108597 0.0190439 0.0015183 -0.019482 -0.000574568 -0.0048295 0.0173341 6.85286e-05 0.0181021 -0.0172033 -0.00047486 0.00675416 -0.00628896 0.0159512 0.00102906 -0.0147197 -0.0224925 0.00243437 -0.0133936 0.0074679 -0.00439604 -0.00582548 -0.00216909
internal_weight=183736 95961 87775 34365 61596 49023 38752 14342 47254 26938 44989 19928 25044 33551 19335 31082 25607 18795 8591 20854 18030 14382 13628 19382 4190 13708 7010 11971 4034 6316
internal_count=183736 95961 87775 34365 61596 49023 38752 14342 47254 26938 44989 19928 25044 33551 19335 31082 25607 18795 8591 20854 18030 14382 13628 19382 4190 13708 7010 11971 4034 6316
is_linear=0
shrinkage=0.05


Tree=21
num_leaves=31
num_cat=0
split_feature=17 17 17 10 10 10 10 18 19 17 10 11 19 11 18 17 11 10 18 11 10 11 10 11 10 11 18 18 10 18
split_gain=12004.5 1511.61 933.03 279.163 276.51 263.043 243.159 236.539 126.402 120.229 110.953 98.4715 93.5291 84.3247 77.2764 67.9304 55.2705 51.1558 47.4288 45.2144 44.0632 41.6702 37.2902 36.8784 30.8771 34.1071 29.3643 27.8473 27.4936 27.4211
threshold=7.1098782080624288 7.3131910491904426 6.8599332879172863 7.6016521472294505 7.2348981604083002 6.8303339860793031 7.0268706613697072 0.11199201279289299 6.6683241707892522 6.6032281859479101 7.4682278018910955 7.111919780603535 7.6992287865607203 7.2348981604083002 0.12404084483262522 7.4301482649919235 7.9015624361563814 7.0479518150395899 0.16355344055694493 7.2817282408204109 6.9092540304800165 7.0035197977545716 7.8264411450176032 7.3814970480868451 6.9541615378757635 7.0035197977545716 0.083895153525251023 0.15069504733077252 6.5517941110389986 0.21119831907995187
decision_type=8 10 10 10 10 10 8 10 8 10 8 10 10 10 10 10 10 8 10 8 10 8 10 8 10 10 10 10 10 10
left_child=2 4 5 7 8 9 24 15 -2 18 29 21 13 17 -11 -3 23 -10 -1 -6 -7 -8 26 -12 25 -4 -5 -23 -15 -9
right_child=1 3 6 22 19 20 11 10 12 14 16 -13 -14 28 -16 -17 -18 -19 -20 -21 -22 27 -24 -25 -26 -27 -28 -29 -30 -31
leaf_value=-0.015307577792018724 -0.016883396292340393 0.0024455124056814272 -0.0037196696292594923 0.0088112399398040612 0.0017261913653657591 -0.0024756612868540809 -0.0032650179469308153 0.0021594313710702863 -0.0040802156778742219 -0.0056926042952541557 0.0015068417150326141 0.00077395153975190478 0.022697172893493711 0.0030243047981253659 -0.006464056177512268 0.0075998514553711873 0.024216092432943894 8.741683577300208e-05 -0.014761057423572943 0.0034528089517789962 -0.00069980951240760096 -0.00097909677151466492 0.020271530991666079 0.0075722371986287843 -0.0016679751238330544 -0.0030187333126445726 0.0087046873830532116 0.00033477770559482424 0.00083175557737158456 0.00071350276420993901
leaf_weight=16920 577 8491 9288 2616 3864 3602 4661 3972 2331 13892 1473 3792 705 2394 6980 12139 1702 16433 5816 6240 1915 9680 13729 8903 6584 2036 5950 2511 1951 2646
leaf_count=16920 577 8491 9288 2616 3864 3602 4661 3972 2331 13892 1473 3792 705 2394 6980 12139 1702 16433 5816 6240 1915 9680 13729 8903 6584 2036 5950 2511 1951 2646
internal_value=-4.58396e-05 0.0121587 -0.0134251 0.0168502 0.00377808 -0.0179944 -0.00760272 0.0143162 0.000896847 -0.0192958 0.0102428 -0.00390428 0.00145713 0.000909819 -0.0165557 0.0180078 0.0130941 -0.000543594 -0.0218112 0.0107334 -0.00770799 -0.00554237 0.0213198 0.0117242 -0.0118662 -0.0134493 0.018731 -0.004005 0.00718642 0.00503929
internal_weight=183793 96116 87677 61621 34495 49125 38552 39326 24391 43608 18696 20644 23814 23109 20872 20630 12078 18764 22736 10104 5517 16852 22295 10376 17908 11324 8566 12191 4345 6618
internal_count=183793 96116 87677 61621 34495 49125 38552 39326 24391 43608 18696 20644 23814 23109 20872 20630 12078 18764 22736 10104 5517 16852 22295 10376 17908 11324 8566 12191 4345 6618
is_linear=0
shrinkage=0.05


Tree=22
num_leaves=31
num_cat=1
split_feature=17 17 15 15 15 15 18 19 18 19 18 15 11 15 11 11 15 11 17 17 20 19 11 11 15 13 12 17 1 18
split_gain=11471.8 1392.16 975.153 380.731 341.014 197.625 246.256 127.07 112.587 106.893 100.241 85.4046 62.178 61.0486 53.0547 51.6965 50.3387 48.4321 38.7203 37.4475 34.7627 32.194 31.0525 29.451 28.7629 27.4653 26.9125 26.0003 23.4442 23.2796
threshold=7.1187982885483629 7.3834100054238467 6.7458513605168298 7.2405235665241756 6.9927541077751858 7.8850943611837252 0.11277974244479837 6.6683241707892522 0.14491567668325966 7.7240022494579099 0.072812222893796255 7.1160278237254735 7.4682278018910955 6.4732991092973755 7.1312986703816295 6.9655522663537601 6.6103128689890758 7.3128864978553141 6.9373132756357885 6.6032281859479101 0.073260327237968506 7.410262465622746 7.2789734129149251 6.9152271706749397 7.4449364579954684 6.9436048155244787 7.2817282408204109 7.0877912522566033 0 0.016699584755952179
decision_type=8 10 8 10 10 10 10 8 10 10 10 10 8 10 8 10 10 8 10 10 10 10 10 8 8 8 10 10 1 10
left_child=2 3 8 7 10 6 20 -2 16 14 18 25 -8 -10 -9 19 -1 -5 -4 -12 -3 29 26 -21 -14 -6 -16 -20 -26 -19
right_child=1 5 4 17 11 -7 12 9 13 -11 15 -13 24 -15 22 -17 -18 21 27 23 -22 -23 -24 -25 28 -27 -28 -29 -30 -31
leaf_value=-0.014542198902417793 -0.016039226477723378 0.0069419406585194306 -0.0033914784843330549 0.0013284722461337495 0.00014410276198701945 0.021447447621404072 0.0022254750603377229 -0.00098828835755717672 -0.018885207897473943 0.023327743022957748 -0.016183521344396469 0.0010241970155832503 0.0026479948775981034 -0.0068515218093030857 0.00024719113729154696 -0.0013986268846769346 -0.0059071935982437209 0.0016197097188530131 -0.0023049541612542692 -0.0038491609820556329 0.0068076060495153362 0.00091012861173345172 0.002923696417003008 -0.0030365858037067596 0.0072281190156901157 -0.0010819479188027171 0.003385331216146259 0.00053154309477667641 0.0087041427513049104 0.0028983472380480716
leaf_weight=14970 573 6892 10192 3860 1910 15434 4516 4570 4835 838 1513 3758 1085 5516 15782 3879 7927 788 3097 10838 11070 813 2358 7538 6795 13080 1089 128 6318 11712
leaf_count=14970 573 6892 10192 3860 1910 15434 4516 4570 4835 838 1513 3758 1085 5516 15782 3879 7927 788 3097 10838 11070 813 2358 7538 6795 13080 1089 128 6318 11712
internal_value=-8.05775e-05 0.0120588 -0.0129431 0.00532938 -0.008912 0.0175321 0.0155347 0.00141809 -0.0197245 0.00195945 -0.0116841 -0.0034137 0.0115208 -0.0153971 0.00134144 -0.00973368 -0.0216808 0.0110712 -0.0151394 -0.0107635 0.0197166 0.0125009 0.00249233 -0.0101409 0.0131462 -0.0051034 0.00174115 -0.0103643 0.0137936 0.013128
internal_weight=183674 94493 89181 42383 55933 52110 36676 25210 33248 24637 37185 18748 18714 10351 23799 23768 22897 17173 13417 19889 17962 13313 19229 18376 14198 14990 16871 3225 13113 12500
internal_count=183674 94493 89181 42383 55933 52110 36676 25210 33248 24637 37185 18748 18714 10351 23799 23768 22897 17173 13417 19889 17962 13313 19229 18376 14198 14990 16871 3225 13113 12500
cat_boundaries=0 1
cat_threshold=2
is_linear=0
shrinkage=0.05


Tree=23
num_leaves=31
num_cat=0
split_feature=17 17 17 11 11 11 17 18 18 17 19 11 12 19 18 11 12 11 18 18 18 11 4 11 11 19 12 4 11 18
split_gain=10838.3 1383.21 952.077 336.978 208.709 197.6 181.798 142.354 132.949 162.449 131.17 106.858 102.465 76.5693 62.1435 49.8346 48.8481 48.1972 45.4403 39.8942 33.1907 32.3932 31.3763 30.5725 28.9176 27.1134 29.2313 25.8343 25.7441 24.2754
threshold=7.1187982885483629 7.3834100054238467 6.8256904648379839 7.3128864978553141 7.0035197977545716 7.3814970480868451 6.5563962494082153 0.11955100077415255 0.096440724845825873 7.9261649125304539 6.651859600632438 7.1518771599686382 7.2082301046963382 7.7240022494579099 0.16093488710472967 7.0904933289280381 7.0488206249888608 7.6016521472294505 0.030293939699619282 0.17991591929767201 0.090622505831806505 6.7996129651804988 3.5000000000000004 6.6814816381200126 7.8264411450176032 7.020304041181439 6.2156070997535293 4.5000000000000009 6.7838911316208028 0.072155791913293507
decision_type=8 10 10 10 8 8 10 10 10 10 8 10 10 10 10 8 8 10 10 10 10 8 2 10 8 10 10 2 10 10
left_child=2 3 6 10 20 19 14 28 22 17 -2 16 13 15 -1 -12 -6 -10 -5 -3 -4 -9 -7 -16 -11 -17 -27 -13 -8 -18
right_child=1 5 4 18 11 8 7 21 9 24 12 27 -14 -15 23 25 29 -19 -20 -21 -22 -23 -24 -25 -26 26 -28 -29 -30 -31
leaf_value=-0.015175549011767231 -0.015237265153837233 0.0025512502051221022 -0.002762426682630359 0.001538724232910349 -0.0018875448624649405 0.0058127694971009452 -0.0057970920532395727 -0.0068587015057944628 0.0057203295773766046 0.0059392613365853112 -0.0030166432984951364 -0.00092520647265486038 0.001634927558061783 0.021127149008158864 -0.016819887702824322 -0.0020384142566982179 -0.00098129988229969114 0.0094789474670048616 0.0027534298761456633 0.0012685306631111894 -0.0036861697846658492 -0.0034617330445972927 0.0090281392648793989 -0.0040416031385443144 0.023152794738014529 0.0012309494754173757 -5.3060953916350685e-05 0.0017757174625271156 -0.0031033746737257895 -0.00053215684172003286
leaf_weight=14135 549 2728 8322 1576 11148 3284 12326 4258 11388 963 2387 1228 9923 584 5005 3138 4783 7396 10126 2081 8042 5674 15364 646 9025 7504 6848 2586 2972 8089
leaf_count=14135 549 2728 8322 1576 11148 3284 12326 4258 11388 963 2387 1228 9923 584 5005 3138 4783 7396 10126 2081 8042 5674 15364 646 9025 7504 6848 2586 2972 8089
internal_value=-3.04219e-05 0.0117352 -0.0125412 0.00505277 -0.00732839 0.0171902 -0.0176593 -0.0148454 0.0181695 0.0160382 0.00231872 -0.0046939 0.00275638 0.000734324 -0.0212473 0.000210042 -0.00592839 0.0132986 0.01228 0.00753275 -0.0118095 -0.0101843 0.0214581 -0.0168156 0.0211904 0.00113493 0.00205546 0.00308076 -0.0178716 -0.00383002
internal_weight=184078 94864 89214 42635 44198 52229 45016 25230 47420 28772 30933 27834 30384 20461 19786 19877 24020 18784 11702 4809 16364 9932 18648 5651 9988 17490 14352 3814 15298 12872
internal_count=184078 94864 89214 42635 44198 52229 45016 25230 47420 28772 30933 27834 30384 20461 19786 19877 24020 18784 11702 4809 16364 9932 18648 5651 9988 17490 14352 3814 15298 12872
is_linear=0
shrinkage=0.05


Tree=24
num_leaves=31
num_cat=1
split_feature=17 17 15 10 10 17 15 10 15 18 18 19 10 10 10 10 20 18 17 18 10 15 11 19 10 19 19 0 20 11
split_gain=10400.7 1258.24 1022 333.26 247.531 248.638 208.802 206.792 178.889 187.673 147.24 131.299 84.1243 83.9821 72.8779 51.9054 48.8081 46.3437 46.2837 42.6042 42.0188 38.5511 37.0159 33.0034 32.5545 31.5047 29.8794 29.2814 29.0985 28.943
threshold=7.16763489591587 6.932780974261247 7.3784359012085785 6.6814816381200126 7.3128864978553141 7.5918238651324224 7.1160278237254735 6.9092540304800165 7.9925207001280638 0.096440724845825873 0.11861061595043201 6.977718970487822 6.9885669099024179 7.5248301129598225 7.2082301046963382 7.2817282408204109 0.19495647423790666 0.030293939699619282 6.4785114882230443 0.11522242802473394 7.1012639402817479 6.4589096576097758 6.6814816381200126 7.4804399948755842 7.7465022115569893 7.7503381873875457 7.6660181165071615 0 0.070705356063605854 7.4974835395764439
decision_type=8 10 10 8 10 10 8 10 10 10 10 8 8 8 8 10 8 10 10 10 10 10 8 10 10 10 8 1 10 10
left_child=1 3 4 19 5 11 12 10 9 28 18 -2 -3 25 26 -8 23 -6 -5 -1 -14 -21 -12 -16 -15 -11 27 -13 -4 -18
right_child=2 6 8 7 17 -7 15 -9 -10 13 22 14 20 24 16 -17 29 -19 -20 21 -22 -23 -24 -25 -26 -27 -28 -29 -30 -31
leaf_value=-0.011266099113901574 -0.0078077402292752399 -0.003269734980456596 0.0062877382933181018 -0.019289886566460003 0.0014617880212648426 0.019538938909259951 6.5928655153157931e-05 -0.0011563666130462336 0.022666112566421415 0.0035536549261047327 -0.0094251973237073471 0.00098118958351758336 -0.00095064197204961518 0.0063551720061232331 0.0011694020016465247 0.0042654834704563887 0.00018905215053188762 0.0025204839213540001 -0.0036149992751049798 -0.020583991845352978 0.00013696837158008179 -0.0082418401342986506 -0.0036269120687059345 0.0093133286108941556 0.0099927130534147156 -0.00023837345714921023 -0.0088263238950364361 -0.00058294140510892765 0.0059404571477650325 0.013966863403826735
leaf_weight=11119 1288 7667 6721 2326 1652 2390 9731 4444 11190 4795 3021 2809 14860 10243 11108 1339 5411 9635 20045 4979 3433 4162 9532 1130 5847 1017 405 2995 8169 324
leaf_count=11119 1288 7667 6721 2326 1652 2390 9731 4444 11190 4795 3021 2809 14860 10243 11108 1339 5411 9635 20045 4979 3433 4162 9532 1130 5847 1017 405 2995 8169 324
internal_value=3.41428e-05 -0.0112588 0.0125621 -0.0157543 0.00656691 0.00403625 -0.00401971 -0.0130728 0.0174534 0.0157697 -0.0143655 0.00258932 -0.00647149 0.0128253 0.00341783 0.0017299 0.00503116 0.0128134 -0.0167974 -0.020965 -0.00462882 -0.0184362 -0.0100315 0.00681484 0.0146861 0.00767378 -0.00125221 -0.000335975 0.0201007 0.00122493
internal_weight=183787 96658 87129 59628 39147 27860 37030 39368 47982 36792 34924 25470 25960 21902 24182 11070 17973 11287 22371 20260 18293 9141 12553 12238 16090 5812 6209 5804 14890 5735
internal_count=183787 96658 87129 59628 39147 27860 37030 39368 47982 36792 34924 25470 25960 21902 24182 11070 17973 11287 22371 20260 18293 9141 12553 12238 16090 5812 6209 5804 14890 5735
cat_boundaries=0 1
cat_threshold=94
is_linear=0
shrinkage=0.05


Tree=25
num_leaves=31
num_cat=0
split_feature=17 17 17 10 10 10 10 10 18 11 15 18 10 10 18 16 17 18 11 10 12 18 17 16 16 10 11 12 15 15
split_gain=9708.96 1248.39 987.958 387.611 329.968 221.775 217.132 211.514 152.304 138.229 111.316 138.894 83.3078 53.3284 49.1685 46.7661 44.5004 42.8729 42.8093 42.4282 41.4953 37.3558 35.3453 33.84 33.0383 30.0095 27.1787 26.9604 26.7699 26.1237
threshold=7.16763489591587 6.932780974261247 7.4582409601060204 7.3128864978553141 6.6194060950237885 7.0330653726578527 7.4682278018910955 6.9092540304800165 0.10640148932491496 7.3128864978553141 8.0536723757832238 0.096440724845825873 7.1530513288056925 6.9541615378757635 0.030293939699619282 0.0758212364823901 6.4785114882230443 0.11685752321925411 7.0259825616690792 7.7465022115569893 7.4103463658656468 0.13951064810039635 6.3147214931391193 0.11506043413769938 0.15594204488520411 7.2817282408204109 6.7838911316208028 7.2089702972815557 7.212374476276354 6.4732991092973755
decision_type=8 10 10 10 8 8 8 10 10 10 10 10 10 8 10 8 10 10 8 10 10 8 10 10 10 8 8 10 10 10
left_child=1 4 3 9 17 -3 15 8 16 13 11 -8 18 -2 -5 -4 -6 -1 -7 23 21 -15 -10 -13 -24 -11 -18 -20 -14 -19
right_child=2 5 6 14 7 12 10 -9 22 25 -12 19 28 20 -16 -17 26 29 27 -21 -22 -23 24 -25 -26 -27 -28 -29 -30 -31
leaf_value=-0.013138335311160577 -0.0077576280500724964 -0.0023630531677806491 0.0037420400481082529 0.0014904123119402258 -0.018366995372431607 -0.0020286752837585186 0.0072818678197058787 -0.0010254099723115307 -0.021191252984659983 0.0016877076070465069 0.024090355192732418 0.0072022977336086763 0.00076150069774953981 0.00067541612576367267 0.0028642444097784826 0.0014312955556508022 -0.0049575050993142522 -0.019554792253085342 -0.00021023444697831906 0.010098078300687386 0.0063541322432319807 -0.00061324691548403365 -0.0042217256904575782 0.0051052642958727473 -0.0034689734020592945 0.003143057909327274 -0.0029880832880250898 0.0029854321050488911 0.0038113725874705075 -0.0085245061403151912
leaf_weight=9443 1111 12456 1007 1832 2105 4562 12695 4456 1153 2288 9395 6015 5377 9796 14278 3342 6984 4879 13161 6689 915 8605 9795 5531 4968 3648 13006 850 900 2844
leaf_count=9443 1111 12456 1007 1832 2105 4562 12695 4456 1153 2288 9395 6015 5377 9796 14278 3342 6984 4879 13161 6689 915 8605 9795 5531 4968 3648 13006 850 900 2844
internal_value=7.87675e-05 -0.0108086 0.0121895 0.00672957 -0.0152965 -0.0036348 0.0173804 -0.0129318 -0.01414 0.00299568 0.0185251 0.0170773 -0.000905433 0.00104396 0.0128399 0.00676592 -0.0168262 -0.0211465 -0.00258843 0.0142816 0.00165666 0.00113988 -0.0104109 0.0124459 -0.00975242 0.00971193 -0.016098 -0.00121869 0.0040744 -0.0183834
internal_weight=184086 96939 87147 42473 59633 37306 44674 42467 38011 26363 40325 30930 24850 20427 16110 4349 22095 17166 18573 18235 19316 18401 15916 11546 14763 5936 19990 14011 6277 7723
internal_count=184086 96939 87147 42473 59633 37306 44674 42467 38011 26363 40325 30930 24850 20427 16110 4349 22095 17166 18573 18235 19316 18401 15916 11546 14763 5936 19990 14011 6277 7723
is_linear=0
shrinkage=0.05


Tree=26
num_leaves=31
num_cat=1
split_feature=17 17 17 10 10 10 17 10 18 10 18 19 10 10 16 19 18 10 12 18 10 12 19 10 10 4 4 18 0 12
split_gain=9066.5 1176.84 960.921 377.992 333.551 212.179 209.566 195.794 135.295 127.935 150.863 121.338 73.4493 71.2929 66.5233 53.0352 53.0259 48.9675 46.5821 46.5113 46.2305 43.3341 40.1518 36.6264 36.337 32.8292 37.2457 30.4114 30.053 29.7822
threshold=7.16763489591587 6.932780974261247 7.4367094521501675 7.3128864978553141 6.8992188208074312 7.4682278018910955 6.4651721562189381 7.0330653726578527 0.10640148932491496 7.9736718141258169 0.096440724845825873 7.020304041181439 7.2817282408204109 7.2082301046963382 0.07020885393059148 6.651859600632438 0.114431566274404 6.7171997342723353 7.0677459245207599 0.030293939699619282 6.601909005459107 7.4682278018910955 7.7503381873875457 6.7917829450984977 7.6016521472294505 3.5000000000000004 10.500000000000002 0.16355344055694493 0 7.4103463658656468
decision_type=8 10 10 10 10 8 10 8 10 10 10 10 10 8 8 8 10 8 8 10 10 8 10 8 8 2 2 10 1 10
left_child=1 4 3 11 6 16 20 -3 17 10 -7 15 18 28 -6 -2 -4 -8 -9 -5 27 -12 25 -10 -23 -15 -27 -1 -13 -17
right_child=2 7 5 19 14 9 8 12 23 -11 21 13 -14 22 -16 29 -18 -19 -20 -21 -22 24 -24 -25 -26 26 -28 -29 -30 -31
leaf_value=-0.017916375172291454 -0.014054352538907411 -0.0021813703115021398 0.0035429408513929952 0.0013141780046045605 -0.001913711811706964 0.006893693640992727 -0.0059685322131196377 -0.0012643503157143245 -0.006360811045701676 0.018971452290915593 0.0032282041174373612 0.00094607114803326733 0.0039518398079910538 0.00038771264879828849 -0.00067905500491485251 -0.002711383953734936 0.0012842668663632928 -0.0034055674963215489 -4.2435356786274525e-06 0.0026540693805884976 -0.0029343377679268649 0.0041940016340244139 0.019858373968122223 -0.0034210271577543418 0.0084978037650744083 0.0018861841584477902 0.00022847882805678845 -0.018577052640431059 -0.00071555326699033204 0.020633222783228301
leaf_weight=9849 539 12354 1737 1754 3182 13300 7367 6922 7834 10119 1722 2830 1864 4167 5560 3309 3550 14073 15971 12884 515 3034 626 7735 13244 9123 2145 3529 2955 117
leaf_count=9849 539 12354 1737 1754 3182 13300 7367 6922 7834 10119 1722 2830 1864 4167 5560 3309 3550 14073 15971 12884 515 3034 626 7735 13244 9123 2145 3529 2955 117
internal_value=0.000126964 -0.0104095 0.011824 0.00618248 -0.0147592 0.0167098 -0.0163088 -0.0034188 -0.0143431 0.0179139 0.0163339 0.00254252 -0.000853294 0.00400302 -0.00573667 -0.00550441 0.00727728 -0.0169193 -0.00163041 0.0126008 -0.021545 0.01335 0.00571727 -0.0107955 0.0141479 0.0052138 0.00661608 -0.0221109 -0.000756266 -0.00321074
internal_weight=183910 96755 87155 40449 59644 46706 50902 37111 37009 41419 31300 25811 24757 21846 8742 3965 5287 21440 22893 14638 13893 18000 16061 15569 16278 15435 11268 13378 5785 3426
internal_count=183910 96755 87155 40449 59644 46706 50902 37111 37009 41419 31300 25811 24757 21846 8742 3965 5287 21440 22893 14638 13893 18000 16061 15569 16278 15435 11268 13378 5785 3426
cat_boundaries=0 1
cat_threshold=350
is_linear=0
shrinkage=0.05


Tree=27
num_leaves=31
num_cat=1
split_feature=17 15 17 15 10 10 10 18 10 18 19 15 20 11 10 10 18 11 10 9 10 10 19 11 17 10 19 17 4 1
split_gain=8532.89 1138.78 931.496 365.249 360.767 199.119 152.966 148.913 138.577 126.87 114.01 103.194 98.7505 89.1637 85.2311 68.4432 54.1499 50.8713 50.1181 46.0566 42.9082 41.2681 39.2152 36.6929 32.752 30.4493 29.7303 26.1358 25.6749 24.8425
threshold=7.16763489591587 6.9351261315586337 7.4367094521501675 6.5643788500761406 7.3128864978553141 7.6016521472294505 6.9092540304800165 0.097926027754413295 7.1530513288056925 0.10495134499066124 6.651859600632438 8.0794589554913046 0.09966696372954878 7.3128864978553141 6.5950969868555456 7.0035197977545716 0.029403397973934018 7.6016521472294505 6.7770767930036504 1.0000000180025095e-35 6.9541615378757635 6.8303339860793031 7.8938077595985581 7.0854828791590796 7.0199604236881816 7.2817282408204109 7.0565578972825707 6.3518465614141801 4.5000000000000009 0
decision_type=8 10 10 8 10 8 10 10 10 10 8 10 10 10 10 8 10 8 8 2 8 8 10 8 10 10 10 10 2 1
left_child=1 3 4 14 10 7 9 -4 15 18 -2 12 -7 20 19 -3 -6 -14 -5 -1 -12 -11 26 -17 -20 -10 -22 -23 -19 -9
right_child=2 8 5 6 16 11 -8 29 25 21 13 -13 17 -15 -16 23 -18 28 24 -21 22 27 -24 -25 -26 -27 -28 -29 -30 -31
leaf_value=-0.011585599786987989 -0.014440359458016406 -0.0026240356285532232 0.0042255465690248075 -0.0046626810298149302 0.0012484691043743281 0.0076208726504950258 -0.00083559833691977399 0.0013870592979810859 0.00041789905833540254 -0.0052025392382582863 -0.0069947112670868178 0.022605853725172854 0.0042617749541407511 0.0021735462629449034 -0.0026517583744621212 -0.0010396954910388613 0.0025213659115590928 0.006100674970644749 -0.0028176557209898204 -0.015094774199656014 -0.0019070472398821981 -0.022408334545210587 0.019299061607275417 -0.00010931280274339983 -0.00019690332621515874 0.0040685073482746859 0.00064424286369035855 -0.0026025760224552387 0.0094491718161355386 0.0037639529483834977
leaf_weight=11758 556 6945 5035 7230 1686 6936 3994 4350 4505 8376 1048 8623 3136 5550 1257 8046 12890 2923 14336 5821 3131 341 359 12508 513 1969 15126 9089 12538 2931
leaf_count=11758 556 6945 5035 7230 1686 6936 3994 4350 4505 8376 1048 8623 3136 5550 1257 8046 12890 2923 14336 5821 3131 341 359 12508 513 1969 15126 9089 12538 2931
internal_value=7.79266e-05 -0.0101388 0.0114561 -0.0141326 0.00589773 0.0162818 -0.0116326 0.0108314 -0.00276617 -0.0125668 0.00234187 0.0182472 0.01665 0.00283573 -0.0199565 -0.00431561 0.0121844 0.014751 -0.0150992 -0.0208559 0.0012561 -0.0094266 0.00181027 -0.00286562 -0.0134369 0.00381526 0.00148847 -0.00715801 0.0159288 0.00625944
internal_weight=183506 96688 86818 62715 40346 46472 43879 12316 33973 39885 25770 34156 25533 25214 18836 27499 14576 18597 22079 17579 19664 17806 18616 20554 14849 6474 18257 9430 15461 7281
internal_count=183506 96688 86818 62715 40346 46472 43879 12316 33973 39885 25770 34156 25533 25214 18836 27499 14576 18597 22079 17579 19664 17806 18616 20554 14849 6474 18257 9430 15461 7281
cat_boundaries=0 1
cat_threshold=2
is_linear=0
shrinkage=0.05


Tree=28
num_leaves=31
num_cat=1
split_feature=19 15 15 15 10 15 16 18 19 19 15 10 10 10 15 16 10 10 10 1 11 10 4 10 10 10 6 19 18 4
split_gain=7507.79 1306.39 1001.39 343.016 313.355 296.416 189.582 177.97 133.401 128.275 114.045 105.705 86.691 83.3836 63.3872 61.8838 54.837 50.6353 49.1424 47.8428 46.2725 46.1398 40.8326 39.878 36.9738 36.7212 35.8007 35.1226 31.9502 31.6352
threshold=7.1682282651360252 6.9087610166783255 7.3037542686951697 7.0762971439062747 6.5517941110389986 7.9568967365605836 0.099320573148558092 0.11277974244479837 6.651859600632438 7.4590218600978018 7.1203247611464322 7.4103463658656468 6.9758809989518511 7.6978016406699554 6.7177736692782402 0.46469696405167848 6.8303339860793031 7.3128864978553141 7.9199014799889058 0 7.0044280632177705 7.3128864978553141 4.5000000000000009 7.1240755238490161 6.9092540304800165 7.2452983069657719 1.0000000180025095e-35 7.3909682946391611 0.11685752321925411 2.5000000000000004
decision_type=10 8 8 10 8 10 10 10 8 10 10 10 8 10 10 8 10 10 8 1 8 10 2 8 10 10 2 10 10 2
left_child=1 4 10 8 28 7 14 9 15 17 -2 23 -10 19 -6 -3 -8 -4 -7 -9 -14 27 29 -5 -16 -22 -11 -12 -1 -21
right_child=2 3 5 11 6 18 16 13 12 26 21 -13 20 -15 24 -17 -18 -19 -20 22 25 -23 -24 -25 -26 -27 -28 -29 -30 -31
leaf_value=-0.013130677021149319 -0.0027807762204371312 0.0031578532378554237 0.0018425529688124609 -0.00045350810296396205 -0.0054859839100539712 0.0032600321270131352 -0.0047537671381761909 0.0020954559843348263 -0.0026742097709310467 0.0052609498024272401 0.00061705724050553634 0.010182270360842427 -0.0015474010227637615 0.0079733883834732563 -0.0022947610967722688 -0.012920366601187117 -0.00079906072719702079 0.0018993874825761648 0.018249423877659331 0.0038730569897031056 -0.00077944318773364167 0.0017541943342937794 0.0054576467987716981 0.00067414240140872828 -0.0004422306252521491 0.005415574690250136 0.0064149843428175759 -0.0018334896589197404 -0.013147162946004888 -0.00052373269161791751
leaf_weight=6959 4000 267 5186 3839 10900 895 10501 9059 7895 9229 9397 1407 7109 5676 13586 2542 3528 7811 11478 2026 14574 2884 5931 10419 691 571 6736 1465 5960 993
leaf_count=6959 4000 267 5186 3839 10900 895 10501 9059 7895 9229 9397 1407 7109 5676 13586 2542 3528 7811 11478 2026 14574 2884 5931 10419 691 571 6736 1465 5960 993
internal_value=0.000149852 -0.00901656 0.0113078 -0.00312147 -0.0145156 0.014181 -0.0122902 0.0125444 -0.00601675 0.0151733 0.000780458 0.00297 -0.00504577 0.00932974 -0.0148856 -0.0164382 -0.0076324 0.0114853 0.0211448 0.00766422 -0.00344882 0.00294267 0.010257 0.00167976 -0.0126935 -0.00188676 0.0181757 0.00145001 -0.0212691 0.00552335
internal_weight=183514 100748 82766 48623 52125 65020 39206 52647 32958 28962 17746 15665 30149 23685 25177 2809 14029 12997 12373 18009 22254 13746 8950 14258 14277 15145 15965 10862 12919 3019
internal_count=183514 100748 82766 48623 52125 65020 39206 52647 32958 28962 17746 15665 30149 23685 25177 2809 14029 12997 12373 18009 22254 13746 8950 14258 14277 15145 15965 10862 12919 3019
cat_boundaries=0 1
cat_threshold=2
is_linear=0
shrinkage=0.05


Tree=29
num_leaves=31
num_cat=1
split_feature=17 15 17 15 10 10 16 15 20 10 11 10 19 10 17 16 11 10 10 19 11 10 1 20 10 6 10 19 9 11
split_gain=7624.31 1048.17 870.688 391.723 385.896 202.403 162.945 130.322 147.708 116.9 107.932 87.8249 85.3581 66.3188 61.1478 52.8727 50.6792 50.5674 47.1625 44.7268 49.9964 43.9846 42.7323 37.8535 37.3082 37.0847 34.9638 30.1564 28.758 26.9136
threshold=7.16763489591587 6.9351261315586337 7.4723489953799218 6.4589096576097758 7.3128864978553141 7.4682278018910955 0.093477399346829637 8.0794589554913046 0.093511131402657863 7.0846453580252327 7.3814970480868451 6.8227417564880897 6.5879707207896088 6.7264332025612061 6.9549326913823277 0.11140523640968171 7.1432225019328719 7.2817282408204109 6.9092540304800165 7.0612478009096531 7.2082301046963382 6.5617373797951473 0 0.026820862412156334 7.8073020336262013 1.0000000180025095e-35 7.4040633484516265 7.9380349766914593 1.0000000180025095e-35 6.9971387355792336
decision_type=8 10 10 8 10 8 8 10 10 10 10 10 8 8 10 10 10 10 10 10 8 10 1 10 10 2 10 10 2 8
left_child=1 3 4 21 10 -4 13 8 -7 16 12 14 -2 -5 15 -8 29 -11 -15 -14 -21 28 24 -6 -10 -24 -25 -22 -1 -3
right_child=2 9 5 6 23 7 11 -9 22 17 -12 -13 19 18 -16 -17 -18 -19 -20 20 27 -23 25 26 -26 -27 -28 -29 -30 -31
leaf_value=-0.014692794941637244 -0.015185926588035949 -0.0023729100075671195 0.0014627173695066276 -0.0047523090848502038 0.0010910762750267811 0.0060483553132316022 -0.0066077455688298148 0.02056308984503126 0.0043669634790596493 -2.3283506128457535e-06 0.0051334695899526665 -0.00092178388351058524 -0.0022535187942017035 -0.002440069401231937 -0.0012797437558861981 -0.0043189958199085334 0.00071887907767274059 0.0037469342239597305 -0.00067822880594907713 -0.00034611966801327836 0.00091171437498926977 -0.0033789630687555586 0.0062090328485938208 0.0011976694728604187 0.0082845641660838961 0.0076947432950168039 0.004740180893513646 0.021646934705492352 -0.017508869500422807 -0.00086838794831951567
leaf_weight=8433 430 5358 3735 8063 874 8088 6620 8686 6395 11019 2451 5179 3705 16892 2555 9063 2317 2006 1287 4856 15265 398 8276 8718 4249 3634 7340 322 4230 13157
leaf_count=8433 430 5358 3735 8063 874 8088 6620 8686 6395 11019 2451 5179 3705 16892 2555 9063 2317 2006 1287 4856 15265 398 8276 8718 4249 3634 7340 322 4230 13157
internal_value=0.000189133 -0.00948285 0.0109228 -0.0133099 0.00597291 0.015976 -0.0112835 0.0170324 0.0155 -0.00239315 0.00226516 -0.00825148 0.00126739 -0.013989 -0.00988321 -0.0110518 -0.0047163 0.00132246 -0.012315 0.00166059 0.00257668 -0.0210149 0.0134211 0.0118917 0.0111189 0.0154786 0.0113401 0.00395682 -0.0215293 -0.00558871
internal_weight=183601 96577 87024 62720 43961 43063 49659 39328 30642 33857 27029 23417 24578 26242 18238 15683 20832 13025 18179 24148 20443 13061 22554 16932 10644 11910 16058 15587 12663 18515
internal_count=183601 96577 87024 62720 43961 43063 49659 39328 30642 33857 27029 23417 24578 26242 18238 15683 20832 13025 18179 24148 20443 13061 22554 16932 10644 11910 16058 15587 12663 18515
cat_boundaries=0 1
cat_threshold=2
is_linear=0
shrinkage=0.05


Tree=30
num_leaves=31
num_cat=1
split_feature=17 15 17 15 11 15 18 15 11 18 12 11 12 18 18 17 18 15 15 11 20 15 4 18 20 15 6 0 15 16
split_gain=7134.93 987.855 848.441 335.549 252.425 184.31 222.258 144.111 105.081 92.9833 88.5229 77.6957 66.9516 60.6902 59.1186 52.0725 54.4451 51.5912 36.5839 34.7736 31.1943 29.3185 26.2697 27.5527 25.4798 25.1304 24.1312 24.7782 21.7266 20.3665
threshold=7.16763489591587 6.7177736692782402 7.4723489953799218 7.0350446983203261 7.3128864978553141 8.1298163614287429 0.096440724845825873 6.4589096576097758 6.9768147060392485 0.10889428751093554 7.3128864978553141 7.577377095608937 7.0026107065950418 0.14491567668325966 0.030293939699619282 6.4785114882230443 0.090622505831806505 7.1706597236104495 7.3669880626776667 7.0904933289280381 0.076475400361534537 7.9246899883694732 4.5000000000000009 0.089894306800598664 0.050342689510561221 7.3784359012085785 1.0000000180025095e-35 0 6.2401693155098394 0.099770425885579758
decision_type=8 8 10 10 10 10 10 10 10 10 10 8 10 10 10 10 10 10 10 8 10 8 2 8 10 8 2 1 10 8
left_child=1 7 4 8 10 6 20 13 12 -9 19 -8 15 -1 -6 -3 24 -5 -16 -2 -4 -13 23 -21 -17 -12 27 -26 -15 -10
right_child=2 3 5 17 14 -7 11 9 29 -11 25 21 -14 28 18 16 -18 -19 -20 22 -22 -23 -24 -25 26 -27 -28 -29 -30 -31
leaf_value=-0.014835702255260054 -0.0034025072907152066 -0.016053766286899539 0.0056167748295241184 -0.00020608469401453002 0.0010365224612754354 0.020894563664646794 0.0016224172261572356 -0.004457423473651456 -0.00074932921260320031 -0.0045286543121696669 0.00093584917860165548 0.0050721536337699829 -0.0010805218578247011 -0.017377607509482251 0.0012353145310455282 -0.0019298016263019414 -0.0026724878971016611 0.0021076144057560866 0.0033850521950891557 0.00067686239003030837 0.0057278815054479185 0.0089574955107595954 0.00089171783707389098 -0.00098741893810989629 -0.003527237195277744 0.0040640811951317083 -0.001677025567508217 -0.0021490971092402501 -0.0079145153445970614 -0.00016466289764531796
leaf_weight=8498 1733 1174 6362 16498 1856 7398 4067 9683 4525 7782 3854 11357 4655 1911 7698 2830 15620 3059 7410 2103 7444 6523 12196 4498 2866 2473 4821 6104 2655 4015
leaf_count=8498 1733 1174 6362 16498 1856 7398 4067 9683 4525 7782 3854 11357 4655 1911 7698 2830 15620 3059 7410 2103 7444 6523 12196 4498 2866 2473 4821 6104 2655 4015
internal_value=0.000197911 -0.00914826 0.010589 -0.00571546 0.00568848 0.0155657 0.0140792 -0.0165883 -0.00802188 -0.0136172 0.00267249 0.0109525 -0.00914631 -0.0205603 0.0104633 -0.00992892 -0.00955228 -0.000218592 0.00942878 0.00107891 0.0190497 0.0123714 0.00170373 -0.000836994 -0.0115441 0.00784337 -0.0106573 -0.0121906 -0.0159111 -0.00300937
internal_weight=183668 96696 86972 66167 43821 43151 35753 30529 46610 17465 26857 21947 38070 13064 16964 33415 32241 19557 15108 20530 13806 17880 18797 6601 16621 6327 13791 8970 4566 8540
internal_count=183668 96696 86972 66167 43821 43151 35753 30529 46610 17465 26857 21947 38070 13064 16964 33415 32241 19557 15108 20530 13806 17880 18797 6601 16621 6327 13791 8970 4566 8540
cat_boundaries=0 1
cat_threshold=16000
is_linear=0
shrinkage=0.05


Tree=31
num_leaves=31
num_cat=1
split_feature=17 15 17 15 15 15 16 15 16 19 11 11 18 11 11 20 18 19 18 15 11 17 17 12 11 17 16 20 1 7
split_gain=6748.25 961.08 813.969 312.956 246.169 174.05 212.891 160.65 109.153 97.666 83.8445 69.6724 66.5936 64.1276 61.3846 54.7669 49.0448 45.0395 43.3341 42.5909 41.4308 41.2094 34.1347 33.2077 30.3963 29.3978 30.2881 27.4095 26.733 26.5344
threshold=7.16763489591587 6.7177736692782402 7.4877303756846372 6.9927541077751858 7.3037542686951697 8.1298163614287429 0.085700232739975651 6.3985975381764968 0.11036061025755321 6.9089345279158811 6.9655522663537601 7.0854828791590796 0.072155791913293507 7.7202392267623416 7.2348981604083002 0.078480491753715007 0.029403397973934018 7.7748742161611917 0.1268653758939722 7.3669880626776667 7.3128864978553141 6.4504655433615694 8.0365314023032024 7.2789734129149251 6.8495962243894803 6.9373132756357885 0.012368737509700129 0.38824048265638744 0 1.5000000000000002
decision_type=8 8 10 10 10 10 10 10 10 8 10 8 10 10 8 10 10 10 10 10 10 10 10 10 8 10 10 8 1 10
left_child=1 7 4 10 9 6 15 18 -9 -2 12 -5 25 28 27 -4 29 23 -1 -18 -13 -14 -17 -16 -23 26 -3 -11 -8 -6
right_child=2 3 5 11 16 -7 13 8 -10 14 -12 20 21 -15 17 22 19 -19 -20 -21 -22 24 -24 -25 -26 -27 -28 -29 -30 -31
leaf_value=-0.016861573496291006 -0.0070443190108017365 -0.0028937485862020385 0.0055747268384294564 -0.00098884618617378628 0.00098469633821167695 0.019866242312054229 0.0022569105589119952 -0.0046111424306137126 -0.0046556153564732304 -1.3060774824991128e-05 -0.00062556908935147433 -1.9420416375592886e-05 -0.014591247002005581 0.0073621489848620493 0.00097958219951364009 0.0050289914182276357 0.00084239718812697542 0.019517976198195175 -0.015281196357448136 0.0031769706625659924 0.0033566697543144122 -0.0033696677063614457 0.017854655029992152 0.0019066071004377072 -0.0018809399113434379 -0.00148079089645341 -0.0018676450502878251 -0.0088971564993995285 0.0038834439232571238 -0.00051020885509363019
leaf_weight=5972 1095 2321 6028 7711 1559 7424 5590 13227 6977 6147 5342 16406 787 6625 13428 10047 6730 739 4562 11117 1696 7289 1748 3772 13992 2415 8253 498 4209 83
leaf_count=5972 1095 2321 6028 7711 1559 7424 5590 13227 6977 6147 5342 16406 787 6625 13428 10047 6730 739 4562 11117 1696 7289 1748 3772 13992 2415 8253 498 4209 83
internal_value=0.000229475 -0.00883806 0.0103528 -0.00544614 0.00570315 0.0153926 0.0138881 -0.0161445 -0.0135344 0.00248744 -0.00819389 -0.00114574 -0.00908306 0.00978142 0.00313822 0.0176724 0.00994022 0.00465884 -0.0211506 0.00917941 0.000549663 -0.00741118 0.015691 0.00413953 -0.00699568 -0.0119236 -0.0130603 -0.000966892 0.00721247 0.0182095
internal_weight=183789 96950 86839 66212 45168 41671 34247 30738 20204 25679 40399 25813 35057 16424 24584 17823 19489 17939 10534 17847 18102 22068 11795 17200 21281 12989 10574 6645 9799 1642
internal_count=183789 96950 86839 66212 45168 41671 34247 30738 20204 25679 40399 25813 35057 16424 24584 17823 19489 17939 10534 17847 18102 22068 11795 17200 21281 12989 10574 6645 9799 1642
cat_boundaries=0 1
cat_threshold=2
is_linear=0
shrinkage=0.05


Tree=32
num_leaves=31
num_cat=2
split_feature=17 15 17 10 10 10 10 11 15 20 11 16 19 15 10 10 16 17 1 0 20 16 6 10 10 10 19 17 23 10
split_gain=6300.99 954.247 753.786 344.807 308.015 212.329 169.133 137.845 133.622 140.283 113.772 82.4912 77.5177 75.7055 61.0753 59.5306 58.0412 59.2452 50.1249 46.5249 45.3916 41.7518 41.1949 40.7863 38.2347 34.9376 34.0383 31.5872 31.059 30.1178
threshold=7.1779547991026247 6.7177736692782402 7.4877303756846372 7.3128864978553141 7.0044280632177705 7.5248301129598225 6.5517941110389986 7.0035197977545716 8.1567087778626295 0.088496208967217327 7.3814970480868451 0.11210412393684614 6.5879707207896088 6.3985975381764968 6.8303339860793031 7.3128864978553141 0.049245526277660559 7.0077240982711926 0 1 0.050342689510561221 0.076410666171753058 1.0000000180025095e-35 7.4103463658656468 6.9541615378757635 7.9736718141258169 7.9380349766914593 6.676670101175687 6.6881898575453125 6.3108265436897168
decision_type=8 8 10 10 10 8 10 10 10 10 10 10 8 10 8 10 10 10 1 1 10 8 2 10 8 10 10 10 8 10
left_child=1 6 3 10 7 21 13 14 9 -7 12 -8 -2 -1 28 -6 17 27 25 -15 -5 -4 -20 -22 -14 -11 -26 -16 -3 -9
right_child=2 4 5 20 15 8 11 29 -10 18 -12 -13 24 19 16 -17 -18 -19 22 -21 23 -23 -24 -25 26 -27 -28 -29 -30 -31
leaf_value=-0.015279276902860595 -0.01402504336118855 -0.0031583420058642676 0.0013345615483743246 0.00093546152130108418 -9.3489498220677983e-05 0.0057562635620656451 -0.0034366066438923149 4.2714949703093197e-05 0.020090816349820531 0.0040039600084031514 0.0046632261676531339 -0.0024167533609928075 -0.0060751573055878088 -0.0057975029243349189 -0.011102940916265425 0.0033634282075275523 -0.0015976672283902317 -0.00063243292227523897 0.0058152228227676961 -0.0055814236252756059 0.0010570130589620419 0.00078661551256211661 0.0074971926175642079 0.0045351738958484102 0.00042139774286122924 0.0088605564737910935 0.020392612464843741 -0.0016694490888475855 -0.0035258827497367754 -0.0011068627364593021
leaf_weight=10103 428 5518 1463 2823 15888 6741 6797 5372 6774 8282 2610 3667 1128 4004 1770 2346 14194 2213 8430 6002 8095 3506 3815 6846 21647 2521 309 9580 4808 5818
leaf_count=10103 428 5518 1463 2823 15888 6741 6797 5372 6774 8282 2610 3667 1128 4004 1770 2346 14194 2213 8430 6002 8095 3506 3815 6846 21647 2521 309 9580 4808 5818
internal_value=0.000269213 -0.00837735 0.0101975 0.00562822 -0.00505836 0.0150258 -0.0157059 -0.00711292 0.0163437 0.0149023 0.00197343 -0.0105505 0.000874022 -0.0183885 -0.00854646 0.000493583 -0.00732518 -0.00966416 0.0130467 -0.0153058 0.0110026 0.00532803 0.0152368 0.00990396 0.00126495 0.0105642 0.00172618 -0.0111233 -0.0118294 -0.00223414
internal_weight=183498 98080 85418 43886 67507 41532 30573 49273 36563 29789 26122 10464 23512 20109 38083 18234 27757 13563 23048 10006 17764 4969 12245 14941 23084 10803 21956 11350 10326 11190
internal_count=183498 98080 85418 43886 67507 41532 30573 49273 36563 29789 26122 10464 23512 20109 38083 18234 27757 13563 23048 10006 17764 4969 12245 14941 23084 10803 21956 11350 10326 11190
cat_boundaries=0 1 2
cat_threshold=2 33660
is_linear=0
shrinkage=0.05


Tree=33
num_leaves=31
num_cat=1
split_feature=17 15 17 10 10 10 15 11 16 11 18 15 18 18 19 10 12 17 10 10 15 10 12 10 0 19 10 10 18 11
split_gain=5843.99 925.705 751.441 337.375 276.383 216.72 169.502 134.803 129.211 118.408 115.723 103.368 106.333 78.6782 78.3805 68.0607 62.664 48.5935 49.0141 46.6089 41.8416 58.6545 40.097 36.7826 34.5933 31.6558 30.4266 29.6296 24.5925 22.7007
threshold=7.16763489591587 6.7177736692782402 7.503355385435337 7.3128864978553141 6.9758809989518511 7.7202392267623416 6.3222921624249588 7.0453408470044421 0.076410666171753058 7.3814970480868451 0.10640148932491496 8.1815846450434737 0.099392396546067421 0.029403397973934018 6.5879707207896088 7.2817282408204109 7.0026107065950418 6.5664042917183334 6.8303339860793031 6.6194060950237885 6.900236191411266 6.8992188208074312 7.3482644339574383 6.5517941110389986 0 7.7503381873875457 8.0562679118615215 7.4040633484516265 0.14066410459026216 6.9152271706749397
decision_type=8 8 10 10 10 8 10 10 10 10 10 10 10 10 8 10 10 10 8 8 8 10 10 8 1 10 10 10 10 8
left_child=1 6 3 9 7 8 28 16 -4 14 23 12 -7 -5 -2 -6 17 -3 -19 -12 21 -20 24 -8 -16 -10 -14 -15 -1 -22
right_child=2 4 5 13 15 11 10 -9 25 -11 19 -13 26 27 22 -17 -18 18 20 -21 29 -23 -24 -25 -26 -27 -28 -29 -30 -31
leaf_value=-0.016365754373053099 -0.01332379119312912 -0.011881258234822402 0.0031979962186217126 0.0010493632555472309 -0.00021556712254646728 0.0067064822171093667 -0.0065857444201098403 8.1687114660500267e-06 0.0025152753077541945 0.0042678169575216087 -0.0063273449353796092 0.020290861561382247 0.0060525707040691495 0.00086062960108486137 0.0005655719601430631 0.0032903591795606871 -0.0010223000072124844 -0.0030554054412592182 -0.0015982657765658992 -0.0030521370778568094 -0.001868778482491762 6.7599684892094564e-05 0.0021604273949551002 -0.0036990034875455271 -0.00039334794486358684 -8.4653736323270223e-05 0.011622269236421623 0.0037206266827744198 -0.014084916991097663 -0.0019687531188437471
leaf_weight=4935 421 1691 4942 1972 20232 8917 3503 5692 4145 2921 4825 6199 11452 8439 12750 2228 5694 9421 6311 5883 4158 2806 2577 8516 9175 2424 2344 8291 2950 7862
leaf_count=4935 421 1691 4942 1972 20232 8917 3503 5692 4145 2921 4825 6199 11452 8439 12750 2228 5694 9421 6311 5883 4158 2806 2577 8516 9175 2424 2344 8291 2950 7862
internal_value=0.000316862 -0.00814083 0.00972157 0.00539037 -0.00481163 0.0147088 -0.015329 -0.00713132 0.0089067 0.00190167 -0.0131375 0.0170189 0.015457 0.0105844 0.000785419 -0.000304987 -0.00820771 -0.00906152 -0.00860495 -0.00935749 -0.00726806 -0.00471372 0.00115297 -0.0165051 0.000459521 0.00431192 0.0127066 0.00947101 -0.0216455 -0.00920549
internal_weight=183676 96707 86969 46546 66095 40423 30612 43635 11511 27844 22727 28912 22713 18702 24923 22460 37943 32249 30558 10708 21137 9117 24502 12019 21925 6569 13796 16730 7885 12020
internal_count=183676 96707 86969 46546 66095 40423 30612 43635 11511 27844 22727 28912 22713 18702 24923 22460 37943 32249 30558 10708 21137 9117 24502 12019 21925 6569 13796 16730 7885 12020
cat_boundaries=0 1
cat_threshold=50396
is_linear=0
shrinkage=0.05


Tree=34
num_leaves=31
num_cat=2
split_feature=19 15 15 15 15 10 20 15 10 10 18 10 19 4 15 16 19 18 1 10 18 10 16 10 10 4 20 15 0 23
split_gain=5150.42 1021.66 781.496 361.281 284.56 195.412 188.207 184.327 142.017 102.741 95.2031 87.7806 76.9986 76.6341 72.0751 70.2705 74.4083 57.4296 51.1055 45.3523 41.1011 40.3361 40.0767 37.4032 35.8173 35.4892 38.4339 32.5191 32.1745 28.9144
threshold=7.1682282651360252 6.7177736692782402 7.3669880626776667 7.0677894583810481 8.1041083815946564 7.3128864978553141 0.088496208967217327 6.3829606773533376 6.8992188208074312 7.5248301129598225 0.10640148932491496 7.3128864978553141 7.5535389915062563 4.5000000000000009 7.0306227867562461 0.015999237457950625 6.5056125435794003 0.0097234701318512032 0 7.3142198319787717 0.10322744592801772 7.9386235179612585 0.049848136465464085 6.7010385181034522 6.5475022567614491 4.5000000000000009 0.097366006089747811 7.4961028498443385 1 7.071784956884632
decision_type=10 8 8 10 10 10 10 10 8 8 10 10 10 2 10 8 8 10 1 10 10 8 10 10 8 2 8 8 1 8
left_child=1 7 5 8 6 14 12 20 29 27 24 -5 -4 -11 -2 -10 22 -7 -15 25 -1 -6 -17 -12 -9 28 -27 -8 -18 -3
right_child=2 3 4 11 21 17 9 10 15 13 23 -13 -14 18 -16 16 19 -19 -20 -21 -22 -23 -24 -25 -26 26 -28 -29 -30 -31
leaf_value=-0.014950816485691076 -0.0048006873680791267 -0.0022137437029493777 0.0021097516396381354 6.0780858796416486e-05 -0.0025144800652193936 0.00083622028245864408 0.0021790332810903922 -0.005652047450077813 -0.0013917876554681908 0.0026764850730183645 -0.0044439813369969274 0.0035724090203758997 0.0054946501784425283 0.0070987998253729595 6.6964370141420204e-05 -0.013504252253824657 -0.0010831081809934417 0.000820173008365277 0.0048648712186172283 0.0094896661042777278 -0.013431081810884394 0.016184043932041269 0.0043809573180050082 -0.00050695872517629863 -0.003396208889206909 -0.00094609061607395803 -0.00028024214131101567 0.00036522412651289753 -0.002565703020732002 -0.00301734637746689
leaf_weight=4535 1686 8262 6281 13689 151 603 4629 2849 1712 6348 8016 2934 5966 9506 15797 1300 8099 7250 12866 431 5262 7914 171 1503 8367 9617 12474 3879 5639 5911
leaf_count=4535 1686 8262 6281 13689 151 603 4629 2849 1712 6348 8016 2934 5966 9506 15797 1300 8099 7250 12866 431 5262 7914 171 1503 8367 9617 12474 3879 5639 5911
internal_value=0.000296084 -0.00729749 0.0095293 -0.0039782 0.0127511 0.00221227 0.0113315 -0.0149335 -0.0059749 0.00956269 -0.0122631 0.00246195 0.0167082 0.0109923 -0.00073071 -0.00443235 -0.0039828 0.00876417 0.0123681 -0.00353558 -0.0205854 0.02146 -0.0150068 -0.00858546 -0.0153843 -0.00372952 -0.00248857 0.00473672 -0.005725 -0.0102678
internal_weight=183647 100771 82876 70239 57540 25336 49475 30532 53616 37228 20735 16623 12247 28720 17483 39443 37731 7853 22372 36260 9797 8065 1471 9519 11216 35829 22091 8508 13738 14173
internal_count=183647 100771 82876 70239 57540 25336 49475 30532 53616 37228 20735 16623 12247 28720 17483 39443 37731 7853 22372 36260 9797 8065 1471 9519 11216 35829 22091 8508 13738 14173
cat_boundaries=0 1 2
cat_threshold=1 49703
is_linear=0
shrinkage=0.05


Tree=35
num_leaves=31
num_cat=2
split_feature=17 15 17 10 10 10 15 11 11 15 16 16 12 10 12 17 16 16 10 15 10 10 10 10 10 0 16 11 4 1
split_gain=5087.86 885.03 707.39 329.204 226.987 209.029 188.402 154.751 135.649 128.763 97.2581 90.6238 60.4315 56.7681 50.0207 49.6571 49.3848 45.6141 43.2139 53.4737 52.1092 37.0492 34.005 33.6889 33.5991 32.628 32.2767 27.6826 29.9882 27.2878
threshold=7.16763489591587 6.7177736692782402 7.6213986237138007 7.3128864978553141 6.9693205241217697 7.6016521472294505 6.3829606773533376 7.3814970480868451 7.0453408470044421 8.1567087778626295 0.11036061025755321 0.063106093354861156 7.0026107065950418 7.2817282408204109 7.3814970480868451 6.5563962494082153 0.050637658926965735 0.16452434364201821 6.8303339860793031 6.8951759268300394 6.8992188208074312 7.4974835395764439 6.5517941110389986 6.5005383555981231 8.0562679118615215 0 0.12478939770906088 7.0365880542184067 4.5000000000000009 1
decision_type=8 8 10 10 10 8 10 10 10 8 10 10 10 10 10 10 10 10 8 8 10 10 8 8 10 1 10 8 2 1
left_child=1 6 3 7 8 26 17 14 12 11 22 -7 15 -6 25 -3 -5 -1 -17 20 -20 -18 -8 -12 29 -2 -4 -27 -29 -13
right_child=2 4 5 16 13 9 10 -9 -10 -11 23 24 -14 -15 -16 18 21 -19 19 -21 -22 -23 -24 -25 -26 27 -28 28 -30 -31
leaf_value=-0.013604903530893608 -0.0057819407403927776 -0.01134545815132122 0.0029360218892351408 0.0014372480416643631 -0.00015813480461293052 0.0053907379734926767 -0.0053586411126209212 0.0036446114440420452 7.2646291215860978e-05 0.017482793156399223 -0.0068170378659437427 0.0039833945986821996 -0.00089910516946383194 0.0029999281749296005 0.0031506793883739892 -0.0027910633354763406 0.0014511442053547264 -0.012377372754333616 -0.0013877602814117429 -0.0017999254781986052 0.00011889991257518773 0.0051531820933428119 -0.0032806308731611502 -0.0024304512459649265 0.010396885159478453 -0.0040459453331167959 -0.00017657187347144279 -0.00035207479235297437 0.00067616407699757632 0.0050896517265310416
leaf_weight=7541 917 1649 1321 9254 20306 6244 3483 4291 5650 9526 2119 5061 5632 2193 2197 9480 10139 2228 6122 12234 2586 5767 10206 5085 2022 1449 1986 7748 13972 4954
leaf_count=7541 917 1649 1321 9254 20306 6244 3483 4291 5650 9526 2119 5061 5632 2193 2197 9480 10139 2228 6122 12234 2586 5767 10206 5085 2022 1449 1986 7748 13972 4954
internal_value=0.000337584 -0.00756315 0.00911765 0.00574604 -0.004296 0.0151572 -0.0145799 0.00226009 -0.00641074 0.0165705 -0.0118999 0.0141144 -0.00749344 -0.000221121 0.000822775 -0.00833229 0.00998211 -0.0203117 -0.00787424 -0.00660634 -0.00361162 0.00829247 -0.0143747 -0.00719739 0.0115789 0.000163996 0.00327336 0.000531731 0.000978361 0.0103919
internal_weight=183362 96514 86848 55734 65852 31114 30662 30574 43353 27807 20893 18281 37703 22499 26283 32071 25160 9769 30422 20942 8708 15906 13689 7204 12037 24086 3307 23169 21720 10015
internal_count=183362 96514 86848 55734 65852 31114 30662 30574 43353 27807 20893 18281 37703 22499 26283 32071 25160 9769 30422 20942 8708 15906 13689 7204 12037 24086 3307 23169 21720 10015
cat_boundaries=0 1 2
cat_threshold=14336 2
is_linear=0
shrinkage=0.05


Tree=36
num_leaves=31
num_cat=0
split_feature=17 15 17 10 10 15 10 15 18 12 16 12 18 19 10 16 17 17 10 10 18 10 18 10 19 18 20 10 19 17
split_gain=4708.11 817.004 670.093 288.535 231.007 209.722 209.106 120.551 142.087 110.182 105.858 100.986 97.3546 64.8193 60.0158 53.9645 63.8332 45.5191 43.9082 43.5131 39.0755 38.8771 38.5093 36.9746 34.8442 32.8535 32.7788 32.4867 33.5725 31.1851
threshold=7.16763489591587 6.7177736692782402 7.6014051336195001 7.3128864978553141 7.0488206249888608 6.3222921624249588 7.6016521472294505 8.1567087778626295 0.096440724845825873 7.0026107065950418 0.11036061025755321 7.4103463658656468 0.029403397973934018 7.0565578972825707 6.8303339860793031 0.019904899595063856 6.932780974261247 7.5444213626306089 6.5517941110389986 7.4103463658656468 0.091127558337893738 6.6547964352754336 0.13545967988498001 7.3128864978553141 7.5710814444043502 0.13238489617369484 0.1711825927763462 7.9736718141258169 8.0370057272781104 7.8018968922807526
decision_type=8 8 10 10 10 10 8 8 10 10 10 10 10 10 8 10 10 8 8 10 8 10 10 10 10 10 8 10 10 10
left_child=1 5 3 11 9 25 20 8 -8 14 18 13 -5 26 -3 16 22 24 -7 -14 -4 -12 -16 -6 -15 -1 -2 28 -10 -9
right_child=2 4 6 12 23 10 7 29 27 -11 21 -13 19 17 15 -17 -18 -19 -20 -21 -22 -23 -24 -25 -26 -27 -28 -29 -30 -31
leaf_value=-0.014119680653571188 -0.0065235864573980566 -0.0027238983043975876 0.0027892207947733728 0.0010511617994192425 3.1950303647709791e-05 -0.0053890154982088939 0.005218496987658883 0.006337146448241438 0.0042208238797233569 -0.00040307668220371798 -0.0049943860555525356 0.0032393088656202276 0.00078441313957648977 0.00039339129394497799 -0.0030933971963182042 -0.0011691172942605466 -0.00087822434723907607 0.0049327849316642249 -0.0031802113250498643 0.003072630034342572 0.00058367532262204591 -0.00048147796057786965 -0.003371729361359366 0.0027485191777995247 -0.0038436080421138108 -0.012181135988267667 -0.001379143693461149 0.0072367446917654295 0.00045855381401409549 0.017592976628891099
leaf_weight=4663 952 10142 603 2331 12548 4310 7507 952 7035 12603 5958 3797 9963 18591 3312 21405 2587 2715 10486 11992 3367 2077 1465 2228 963 3243 3167 3303 1259 8743
leaf_count=4663 952 10142 603 2331 12548 4310 7507 952 7035 12603 5958 3797 9963 18591 3312 21405 2587 2715 10486 11992 3367 2077 1465 2228 963 3243 3167 3303 1259 8743
internal_value=0.000256014 -0.00732245 0.00868466 0.00528584 -0.00419822 -0.0140604 0.0143344 0.0158174 0.0135129 -0.00577901 -0.01163 0.0020217 0.00934283 0.000924663 -0.00709504 -0.00592913 -0.00962113 0.00199044 -0.014139 0.00831132 0.00357683 -0.00700996 -0.0130469 0.00131294 0.0011481 -0.0210789 -0.00483734 0.0100435 0.00837352 0.0203584
internal_weight=184267 97027 87240 54471 66290 30737 32769 28799 19104 51514 22831 30185 24286 26388 38911 28769 7364 22269 14796 21955 3970 8035 4777 14776 19554 7906 4119 11597 8294 9695
internal_count=184267 97027 87240 54471 66290 30737 32769 28799 19104 51514 22831 30185 24286 26388 38911 28769 7364 22269 14796 21955 3970 8035 4777 14776 19554 7906 4119 11597 8294 9695
is_linear=0
shrinkage=0.05


Tree=37
num_leaves=31
num_cat=1
split_feature=17 17 17 10 10 10 10 18 11 17 18 11 18 17 19 10 10 10 16 10 20 10 10 15 10 11 20 15 0 17
split_gain=4435.03 801.445 634.133 264.773 234.471 226.053 190.239 165.9 121.821 117.855 102.481 76.6368 76.5763 70.7502 61.6971 52.8848 48.9009 39.5324 44.3962 38.956 38.0593 35.3878 35.3461 33.5234 50.8451 30.3661 30.3341 30.296 30.0898 30.0699
threshold=7.16763489591587 6.6849754112465458 7.6110646670876827 7.3128864978553141 6.9413512154243238 6.6100226439425702 8.0075332078766461 0.097926027754413295 7.4103463658656468 6.3147214931391193 0.029403397973934018 6.9092540304800165 0.10640148932491496 8.0626391053674897 6.651859600632438 7.4040633484516265 7.2817282408204109 6.7770767930036504 0.014683614468516246 7.7202392267623416 0.093511131402657863 7.0427230439640427 6.6864847774674381 6.8951759268300394 6.8992188208074312 7.6273001923237187 0.072046294221517912 6.7648676409163739 0 6.5762645263599664
decision_type=8 10 10 10 8 10 8 10 10 10 10 8 10 10 8 10 10 10 8 10 10 8 10 8 10 8 10 10 1 10
left_child=1 5 3 8 17 9 7 26 14 -1 -5 -6 -11 20 -2 -12 -13 28 -19 -9 -8 -16 29 24 27 -22 -4 -20 -3 -7
right_child=2 4 6 10 11 22 13 19 -10 12 15 16 -14 -15 21 -17 -18 18 23 -21 25 -23 -24 -25 -26 -27 -28 -29 -30 -31
leaf_value=-0.013413696620892646 -0.010032539031159438 -0.0030829437433655517 0.0041684214206469507 0.001321584708529322 -0.0018349272591263956 -0.00052432434737639257 0.0070084476407214161 0.00083311128802101566 0.0033998920233901941 -0.00483206224703241 0.0006428306956779207 -0.00023857433752478842 -0.0049557169730100716 0.01566896947869063 -0.0034350396161919594 0.002891237664485913 0.0026555551988783677 -0.001101135716055568 0.00029181919911707154 0.0040456455180197803 0.0012757394856823812 0.00051176655573561549 1.0375713851962232e-05 -0.0019906046693177969 0.00016403510053542014 0.0079954146431714165 0.00387498043660639 -0.0016302102328578983 -0.0036346457954851809 -0.0024962006967045982
leaf_weight=7541 534 3528 2270 2344 8987 1255 1731 4183 3918 8821 9151 31741 7535 8701 1896 13202 1949 1086 1027 5250 743 24185 2195 6783 2378 5759 3150 4584 5124 2048
leaf_count=7541 534 3528 2270 2344 8987 1255 1731 4183 3918 8821 9151 31741 7535 8701 1896 13202 1949 1086 1027 5250 743 24185 2195 6783 2378 5759 3150 4584 5124 2048
internal_value=0.000282817 -0.00709345 0.0084699 0.00523176 -0.00408077 -0.0139794 0.0140962 0.009966 0.0021182 -0.0160826 0.00908106 -0.00184233 -0.0136983 0.0177188 0.000906444 0.00803807 -0.000747996 -0.00797838 -0.00649514 0.00596046 0.0143963 0.00125091 -0.00483812 -0.00577782 -0.00358305 0.0126423 0.0169373 -0.00617983 -0.0106969 -0.00810627
internal_weight=183599 96582 87017 55230 67187 29395 31787 14853 30533 23897 24697 42677 16356 16934 26615 22353 33690 24510 15858 9433 8233 26081 5498 14772 7989 6502 5420 5611 8652 3303
internal_count=183599 96582 87017 55230 67187 29395 31787 14853 30533 23897 24697 42677 16356 16934 26615 22353 33690 24510 15858 9433 8233 26081 5498 14772 7989 6502 5420 5611 8652 3303
cat_boundaries=0 1
cat_threshold=31873
is_linear=0
shrinkage=0.05


Tree=38
num_leaves=31
num_cat=1
split_feature=17 15 17 15 10 10 18 11 10 10 18 9 17 10 11 18 15 10 11 10 23 10 17 11 4 10 16 17 0 16
split_gain=4207.48 787.874 589.798 283.286 240.036 188.277 164.538 125.601 120.461 107.428 104.883 74.2934 66.4577 64.6108 62.0393 52.3046 50.4735 48.9482 41.2917 41.0353 40.4284 39.7849 31.0397 30.3104 30.2017 35.9301 29.9009 49.0674 28.0235 23.7407
threshold=7.1779547991026247 6.552525572745167 7.6213986237138007 6.9879129579753698 7.3128864978553141 8.0075332078766461 0.092589412078797492 7.4103463658656468 6.5005383555981231 6.7770767930036504 0.029403397973934018 1.0000000180025095e-35 8.0886733377880677 6.9579728820873044 7.0854828791590796 0.070960939853992835 6.2401693155098394 7.4682278018910955 7.6273001923237187 7.1902991025390088 6.6881898575453125 7.577377095608937 6.3720777042259797 7.3128864978553141 4.5000000000000009 6.9541615378757635 0.0087760965597175316 6.932780974261247 0 0.038205222722130457
decision_type=8 8 10 10 10 8 10 10 10 8 10 2 10 10 8 10 10 10 8 8 8 10 10 10 2 8 10 10 1 8
left_child=1 8 4 9 7 6 -4 24 11 20 -6 16 18 15 -5 26 -1 -12 -7 -16 -3 -8 -17 -21 -2 -26 27 -11 -15 -24
right_child=2 3 5 14 10 12 21 -9 -10 13 17 -13 -14 28 19 22 -18 -19 -20 23 -22 -23 29 -25 25 -27 -28 -29 -30 -31
leaf_value=-0.012743011789848026 -0.00033601625504289247 -0.0029077597208854835 0.0038665042891457891 -0.00086791256770810685 0.0011692651469037863 0.0015753191756366026 -0.00051245114990843281 0.0033407888011470991 -0.0018514817729619716 -0.0022338399643221153 0.00088584607250203902 -0.0098454127065278566 0.015281152833149837 -0.0015965011206320768 -0.00016490657153092061 -0.012720686963749573 -0.0051347082425436952 0.0030900510479996424 0.0073746423939231144 0.00030674388239377849 -0.0030700529301218582 0.0029929235847249826 -0.0013848185533722468 0.0031264732636378857 -0.0060828452684237094 0.00082068205259737685 -0.0012917233300649756 5.0641688574692983e-05 0.00060134633828523576 -0.001484192768857806
leaf_weight=3277 8952 7561 4860 8270 2359 773 1749 3912 2947 2071 12827 5037 8319 2455 11417 446 7055 9760 7783 6611 6788 7759 1579 1437 811 15587 9505 496 3159 18331
leaf_count=3277 8952 7561 4860 8270 2359 773 1749 3912 2947 2071 12827 5037 8319 2455 11417 446 7055 9760 7783 6611 6788 7759 1579 1437 811 15587 9505 496 3159 18331
internal_value=0.0002114 -0.00683499 0.00832904 -0.00469635 0.00517544 0.0138007 0.00959424 0.00210341 -0.0161908 -0.00685948 0.00877896 -0.0179664 0.0173822 -0.00546896 -0.00061024 -0.00632632 -0.0155391 0.00773122 0.0142882 0.000931158 -0.010546 0.00576883 -0.00477992 0.00366551 0.000816568 0.00209172 -0.0089339 -0.0137222 -0.000516566 -0.00448769
internal_weight=183893 98442 85451 80126 54208 31243 14368 29262 18316 52391 24946 15369 16875 38042 27735 32428 10332 22587 8556 19465 14349 9508 20356 8048 25350 16398 12072 2567 5614 19910
internal_count=183893 98442 85451 80126 54208 31243 14368 29262 18316 52391 24946 15369 16875 38042 27735 32428 10332 22587 8556 19465 14349 9508 20356 8048 25350 16398 12072 2567 5614 19910
cat_boundaries=0 1
cat_threshold=858
is_linear=0
shrinkage=0.05


Tree=39
num_leaves=31
num_cat=2
split_feature=19 15 15 15 10 15 16 10 10 10 18 10 4 16 10 10 15 18 15 19 1 18 20 1 10 9 20 23 4 19
split_gain=3633.94 854.862 622.951 305.8 285.953 192.668 188.579 123.137 119.969 97.9118 85.8726 85.3034 79.4394 76.7387 69.0483 62.5445 56.9441 53.8481 51.2268 45.9996 43.6513 43.4039 33.2561 32.7875 31.7739 31.1187 30.577 30.5722 30.0611 29.9242
threshold=7.1682282651360252 6.6530145809297396 7.3669880626776667 7.0677894583810481 8.0562679118615215 6.3222921624249588 0.052942275547020468 6.7838911316208028 7.2348981604083002 7.5503982927968831 0.0097234701318512032 6.6352899567741668 4.5000000000000009 0.017262389838694381 6.9814702089390606 7.4974835395764439 6.9927541077751858 0.10322744592801772 7.6223874600010744 6.5056125435794003 0 0.10556227608318547 0.087746649827149123 1 7.1902991025390088 1.0000000180025095e-35 0.32246568235896805 6.5738585738546149 4.5000000000000009 8.1112974079172862
decision_type=10 8 8 10 10 10 8 8 10 8 10 10 2 8 10 10 10 10 10 8 1 8 10 1 8 2 8 8 2 10
left_child=1 5 8 7 6 25 18 27 16 -8 -10 17 -11 -9 19 24 -2 -7 -4 23 29 -21 -20 -15 -5 -1 -16 -3 -23 -14
right_child=2 3 4 15 -6 11 9 13 10 12 -12 -13 20 14 26 -17 -18 -19 22 21 -22 28 -24 -25 -26 -27 -28 -29 -30 -31
leaf_value=-0.011208088363495917 -0.0055823355943536157 -0.0026145892591138867 0.0019254185096964083 -7.1228694502556419e-05 0.01176263987888726 -0.0037363315745950311 0.00088234289625401809 -0.00093199570683075725 0.00054544628350985393 0.0017125467319805577 0.00058722670360427114 -0.00089549977427432208 0.0053387655443237758 0.00047699275204529103 -0.00025874297632446643 0.010253944140356942 -0.00016831209036816119 -0.0041297631474913393 0.0044107388861579283 -0.0012643998822968962 0.0040033107889595248 -0.0022041866832864798 0.0047205672287794044 -0.010857600034233439 0.00095385215903815996 -0.012840850776261448 0.0040865048505029037 -0.0030735946678784212 -0.00034836506860944641 0.020481917440089027
leaf_weight=4948 1171 4913 6615 7880 7960 7983 9461 2224 618 6007 10885 2357 7584 325 10349 916 12833 6976 2982 18786 12768 6782 2620 1162 7753 2935 725 4788 8917 1409
leaf_count=4948 1171 4913 6615 7880 7960 7983 9461 2224 618 6007 10885 2357 7584 325 10349 916 12833 6976 2982 18786 12768 6782 2620 1162 7753 2935 725 4788 8917 1409
internal_value=0.000136414 -0.00624535 0.00788869 -0.00358448 0.0107776 -0.0142198 0.00936173 -0.00526996 0.00138687 0.00759287 0.00517039 -0.0112699 0.0090896 -0.00425614 -0.00382711 0.0024216 -0.00172094 -0.0126629 0.014752 -0.00488991 0.0104947 -0.00451863 0.0182703 -0.0135003 0.00167754 -0.0206996 -0.000374752 -0.010419 -0.00257819 0.013163
internal_weight=183632 100719 82913 75520 57406 25199 49446 58971 25507 37229 11503 17316 27768 49270 47046 16549 14004 14959 12217 35972 21761 34485 5602 1487 15633 7883 11074 9701 15699 8993
internal_count=183632 100719 82913 75520 57406 25199 49446 58971 25507 37229 11503 17316 27768 49270 47046 16549 14004 14959 12217 35972 21761 34485 5602 1487 15633 7883 11074 9701 15699 8993
cat_boundaries=0 1 2
cat_threshold=1 2
is_linear=0
shrinkage=0.05


Tree=40
num_leaves=31
num_cat=1
split_feature=19 15 15 15 15 15 16 10 10 10 20 10 10 4 15 0 12 10 15 15 16 10 19 11 20 20 23 12 23 4
split_gain=3371.91 805.266 576.243 276.697 260.682 187.035 173.53 113.937 110.245 101.55 75.8038 73.1522 72.1626 70.472 62.3327 56.7024 53.2261 52.2529 50.9927 49.7416 46.0497 39.5649 36.2226 36.1864 36.1617 33.8804 28.9249 27.8346 27.606 27.1446
threshold=7.1682282651360252 6.6530145809297396 7.3669880626776667 8.1815846450434737 7.0677894583810481 6.3222921624249588 0.052942275547020468 7.2089702972815557 6.9579728820873044 7.9199014799889058 0.026820862412156334 6.7458242390288694 6.6194060950237885 3.5000000000000004 7.2405235665241756 0 7.0026107065950418 7.5503982927968831 7.6223874600010744 7.0181046990406921 0.012368737509700129 6.391078890228977 6.4041007376710279 7.4682278018910955 0.098131947843099157 0.087746649827149123 6.0836323570319877 7.3814970480868451 6.5738585738546149 4.5000000000000009
decision_type=10 8 8 10 10 10 8 10 10 10 10 8 10 2 10 1 10 8 10 10 8 10 8 8 8 10 8 8 8 2
left_child=1 5 7 6 8 21 18 19 11 13 -9 28 15 -8 -6 -7 20 -15 -4 -2 -13 -1 -22 -19 -24 -20 -25 -28 -3 -26
right_child=2 4 3 -5 14 12 9 10 -10 -11 -12 16 -14 17 -16 -17 -18 23 25 -21 22 -23 24 26 29 -27 27 -29 -30 -31
leaf_value=-0.011545456782180842 -0.0046065206434125821 -0.0031262804499073704 0.0018355620738840007 0.014577689687910135 5.7193626318019501e-05 -0.0036798356665099785 0.00088294406573845578 0.00051817396933437896 -8.7623520657764689e-05 0.006676080166166898 0.00055439904198930636 -0.00091389370294612257 -0.00109927118031794 0.0012861915470788077 0.0033539649558914867 -0.0038554650068815424 -0.00021277114605604554 0.00086837157833636886 0.0042071433936382357 -0.00015367707123341569 -0.012445788440846917 -0.0028264361532716279 -0.0013122703233467981 0.0032244510439756627 -0.0022874462275705109 0.0041103803981291437 0.00016391398221000665 0.0058378355963911504 -0.0037558666995751722 -0.00084607240283194338
leaf_weight=7176 1525 3534 6653 6170 13593 5034 7872 622 11769 5405 10940 1726 3553 6766 3055 8712 5259 1941 3119 12531 823 728 13119 7758 8594 2711 535 8667 3386 10648
leaf_count=7176 1525 3534 6653 6170 13593 5034 7872 622 11769 5405 10940 1726 3553 6766 3055 8712 5259 1941 3119 12531 823 728 13119 7758 8594 2711 535 8667 3386 10648
internal_value=0.000161208 -0.00599276 0.0076089 0.0103838 -0.00340966 -0.0137315 0.00918341 0.00137013 -0.00497214 0.00753903 0.0050467 -0.00605396 -0.01082 0.00651406 0.00211437 -0.0124618 -0.005236 0.00778334 0.0143135 -0.0016541 -0.00594242 -0.0201037 -0.00552827 0.00913311 -0.00526482 0.0177273 0.00987323 0.0117692 -0.010802 -0.00388473
internal_weight=183924 100709 83215 57597 75506 25203 51427 25618 58858 38944 11562 47089 17299 33539 16648 13746 40169 25667 12483 14056 34910 7904 33184 18901 32361 5830 16960 9202 6920 19242
internal_count=183924 100709 83215 57597 75506 25203 51427 25618 58858 38944 11562 47089 17299 33539 16648 13746 40169 25667 12483 14056 34910 7904 33184 18901 32361 5830 16960 9202 6920 19242
cat_boundaries=0 1
cat_threshold=33660
is_linear=0
shrinkage=0.05


Tree=41
num_leaves=31
num_cat=4
split_feature=17 15 17 10 10 10 16 10 11 10 11 0 10 16 16 17 12 16 10 10 1 11 10 10 0 13 0 12 11 10
split_gain=3469.99 709.69 530.011 250.402 189.608 189.106 147.787 128.124 91.0671 88.6845 78.4042 71.5381 64.6396 59.7191 56.8901 48.8903 47.553 46.9573 44.2819 43.3996 35.1082 33.8029 31.9373 31.0153 29.7039 27.0899 27.0345 26.561 25.0369 28.0902
threshold=7.1779547991026247 6.4732991092973755 7.6213986237138007 6.9646079790098261 8.0434947150409375 7.3128864978553141 0.098441196331072553 6.7099137248553644 7.4974835395764439 6.4914816847614896 7.0453408470044421 0 8.272182292171534 0.042420270841008391 0.014683614468516246 7.0119589777774562 7.3482644339574383 0.079619815031764601 7.3814970480868451 7.3128864978553141 1 7.7202392267623416 6.3288288446259466 7.7465022115569893 2 6.9162192344924618 3 6.9503356117216795 6.6814816381200126 6.7171997342723353
decision_type=8 8 10 10 8 10 10 8 10 10 10 1 10 10 10 10 10 10 10 10 1 8 8 10 1 10 1 8 8 10
left_child=1 9 5 7 6 8 20 24 16 11 13 -1 17 15 -7 -9 27 -6 -16 -5 -4 -19 -13 -8 -3 28 -27 -2 29 -15
right_child=2 3 4 19 12 14 23 10 -10 -11 -12 22 -14 25 18 -17 -18 21 -20 -21 -22 -23 -24 -25 -26 26 -28 -29 -30 -31
leaf_value=-0.0092401391046991865 -0.0055924225509001559 -0.0028391225817653966 0.0031112785379495914 -0.00011906761238489327 0.0075840996892868164 0.00064496799861881728 1.0150961349997268e-05 -0.0014470809890089421 0.0045956883869735067 -0.0011248310048407983 8.7679920567396155e-05 -0.0099329472800925092 0.016057334648821444 -0.0040231893582046707 0.00054360381066800303 -0.00030293026572394412 0.0017196098012795425 0.00052285344697238227 0.0023805397196529745 0.002476274449079963 0.0031032335337939365 0.0072206353438049268 -0.0048936959214657353 0.0034068615586978269 -0.0032702365068876028 -0.0031858550945483622 -0.0017366021692526434 0.00015009150335412171 -0.0007917071515231689 -0.00044581462181194633
leaf_weight=4983 718 6508 2707 21348 6598 3047 3408 13224 2214 1004 5739 4075 3960 1568 8609 1879 4289 711 13345 2375 4895 5032 3653 3641 7817 874 5895 22186 16116 931
leaf_count=4983 718 6508 2707 21348 6598 3047 3408 13224 2214 1004 5739 4075 3960 1568 8609 1879 4289 711 13345 2375 4895 5032 3653 3641 7817 874 5895 22186 16116 931
internal_value=0.000221572 -0.0061984 0.00759138 -0.00448181 0.012815 0.00461973 0.00868712 -0.00618776 0.00190176 -0.0167463 -0.00490741 -0.0178762 0.0165251 -0.00568269 0.00781669 -0.00817222 0.00110782 0.0147415 0.00692812 -0.000127513 0.0135228 0.0114357 -0.0147842 0.00347212 -0.0103194 -0.00420147 -0.00691018 0.000203021 -0.00321649 -0.00787315
internal_weight=183349 97989 85360 84274 30952 54408 14651 60551 29407 13715 46226 12711 16301 40487 25001 15103 27193 12341 21954 23723 7602 5743 7728 7049 14325 25384 6769 22904 18615 2499
internal_count=183349 97989 85360 84274 30952 54408 14651 60551 29407 13715 46226 12711 16301 40487 25001 15103 27193 12341 21954 23723 7602 5743 7728 7049 14325 25384 6769 22904 18615 2499
cat_boundaries=0 1 2 3 4
cat_threshold=31872 4 31873 15360
is_linear=0
shrinkage=0.05


Tree=42
num_leaves=31
num_cat=3
split_feature=17 17 17 10 10 10 16 10 10 11 20 17 12 10 19 16 20 10 0 20 20 6 0 4 10 12 12 1 4 11
split_gain=3176.04 691.141 535.786 257.145 185.624 168.865 152.071 132.483 118.396 92.108 75.5818 72.9225 67.2386 58.8172 54.7619 53.4845 52.4108 47.3024 38.7239 38.5764 38.1911 34.5707 43.2707 32.5696 32.3771 30.3131 29.12 27.6887 29.8207 26.4311
threshold=7.16763489591587 6.4504655433615694 7.6213986237138007 6.7010385181034522 8.1027375051170818 7.3128864978553141 0.068902070038146801 6.9758809989518511 6.4401484558665105 7.4103463658656468 0.037168973575952287 8.0626391053674897 7.0677459245207599 7.5503982927968831 6.651859600632438 0.015999237457950625 0.13743172895787401 7.7465022115569893 0 0.089970429929553966 0.084319751626471318 1.0000000180025095e-35 1 6.5000000000000009 7.2817282408204109 7.0854828791590796 7.7846807463779397 2 4.5000000000000009 8.0434947150409375
decision_type=8 10 10 8 8 10 10 10 10 10 10 10 10 10 8 8 10 10 1 10 10 2 1 2 10 8 8 1 2 8
left_child=1 8 5 18 6 9 20 12 16 14 -7 19 15 -12 -2 -5 -1 -8 -3 -6 -4 22 -17 -23 -9 -16 -21 28 -24 -13
right_child=2 3 4 7 11 10 17 24 -10 -11 13 29 -14 -15 25 21 -18 -19 -20 26 -22 23 27 -25 -26 -27 -28 -29 -30 -31
leaf_value=-0.0093374419881580017 -0.0092615277568070652 -0.0028546288046336524 0.0035174288887351857 -0.00082677220134566023 0.005511603566316259 0.00046001687093673028 0.00033747707421678542 -9.0609023765431124e-05 -0.0016774205816475708 0.0027285734911807417 0.00081839523663691522 0.0039503996941810506 0.00015422490861198847 0.0040894294910693635 -0.0026869916273254192 -0.0023507301987324204 -0.0091005531798578065 0.0033690710038913442 -0.0030987912680880084 0.0019530877808909164 0.0030576019186565164 0.00029475605663500384 -0.0026770061544252322 -0.00095020548578719224 0.0021130257059651879 0.00038043405609355929 0.0072069560536066838 -0.00096343447845279604 -0.0011465832248525266 0.013973422919465329
leaf_weight=6061 549 6773 2465 2314 1463 1819 4213 20491 1785 3979 17299 432 4727 6014 1347 5446 5550 5936 8344 1300 3200 3567 3914 8925 2246 24697 4475 13814 2914 7689
leaf_count=6061 549 6773 2465 2314 1463 1819 4213 20491 1785 3979 17299 432 4727 6014 1347 5446 5550 5936 8344 1300 3200 3567 3914 8925 2246 24697 4475 13814 2914 7689
internal_value=0.000199458 -0.0060258 0.00714084 -0.00433393 0.0123897 0.00420347 0.00858733 -0.00302891 -0.0165684 0.00170744 0.00723977 0.0163048 -0.00458287 0.00647386 0.000645847 -0.00523549 -0.0184114 0.00492413 -0.0102352 0.0126554 0.01515 -0.00479264 -0.00582835 -0.00262968 8.90619e-05 0.000975273 0.0108182 -0.00477436 -0.00738137 0.0195573
internal_weight=183748 96871 86877 83475 31173 55704 15814 68358 13396 30572 25132 15359 45621 23313 26593 40894 11611 10149 15117 7238 5665 38580 26088 12492 22737 26044 5775 20642 6828 8121
internal_count=183748 96871 86877 83475 31173 55704 15814 68358 13396 30572 25132 15359 45621 23313 26593 40894 11611 10149 15117 7238 5665 38580 26088 12492 22737 26044 5775 20642 6828 8121
cat_boundaries=0 1 2 3
cat_threshold=31873 15488 1
is_linear=0
shrinkage=0.05


Tree=43
num_leaves=31
num_cat=1
split_feature=17 17 17 10 10 10 18 10 11 17 11 18 11 18 18 19 18 10 20 19 12 19 10 10 10 11 11 10 10 0
split_gain=2968.19 625.616 506.421 221.887 186.701 169.24 145.579 109.472 108.378 78.9779 70.3065 86.2177 61.5469 56.3489 55.4567 49.4829 48.3115 42.9197 38.8531 38.5924 38.3959 36.3668 33.3484 32.3212 30.0179 29.6406 29.6291 27.9985 27.8696 26.5828
threshold=7.16763489591587 6.4504655433615694 7.6213986237138007 6.9072550288153467 8.0874863237131702 7.3768197455032354 0.092589412078797492 6.391078890228977 6.7838911316208028 8.0365314023032024 7.2348981604083002 0.029403397973934018 7.1518771599686382 0.13641875424532432 0.029403397973934018 6.5396345827673468 0.02721958419886766 6.6814816381200126 0.072046294221517912 8.0865182092703414 7.4103463658656468 6.7539791950019863 7.7202392267623416 6.4914816847614896 8.2949240625415008 7.6016521472294505 7.9206276965290625 7.0846453580252327 7.1902991025390088 0
decision_type=8 10 10 8 8 10 10 10 8 10 10 10 10 10 10 8 10 10 10 10 10 10 10 10 10 10 10 10 8 1
left_child=1 7 5 17 6 10 -4 13 -5 18 15 -12 16 -1 -7 -2 -10 29 -6 22 -17 -19 -8 -9 -11 -13 -20 -18 -14 -3
right_child=2 3 4 8 9 14 19 23 12 24 11 25 28 -15 -16 20 27 21 26 -21 -22 -23 -24 -25 -26 -27 -28 -29 -30 -31
leaf_value=-0.0096235855453997501 -0.012368179254030177 -0.0027686737214375869 0.0030698349754587628 -0.0030042031193494357 0.0049323150003464994 0.0029065463201967349 0.00089583706319462664 -0.0031073363931600098 -0.000701974350102308 0.0087325972724119801 0.00043701602738988043 0.00045697725456181896 -0.00018059493472546431 -0.0085555737761445101 0.001840096619736631 -2.5182554168567962e-05 -0.00063791563286921262 -0.00059919880865195736 0.0040821195701783884 -0.0014866908489222343 0.003189746761084944 -0.0017688627940962043 0.0034245335777782328 -0.0006701242326771162 0.017969892676052535 0.006483602710165415 0.0087128026082321959 6.0117942101234339e-05 0.0016493542012767206 -0.0032204677069837652
leaf_weight=6466 355 5293 5210 5939 1064 1304 3706 2118 1838 5775 1857 13951 2866 3597 16513 19082 31720 5100 4288 1278 1716 11253 5255 1133 2895 864 1603 9531 3640 6125
leaf_count=6466 355 5293 5210 5939 1064 1304 3706 2118 1838 5775 1857 13951 2866 3597 16513 19082 31720 5100 4288 1278 1716 11253 5255 1133 2895 864 1603 9531 3640 6125
internal_value=0.000216953 -0.00581019 0.0069324 -0.00420173 0.0120454 0.00407696 0.00814778 -0.0158743 -0.00237692 0.0158992 0.0021844 0.00461252 -0.00161256 -0.0184513 0.0080948 0.000270647 -0.00229699 -0.00785082 0.0119303 0.00468552 0.000586595 -0.00620834 0.00584477 -0.00789757 0.019083 0.00333952 0.010342 -0.00194359 0.00292038 -0.0102032
internal_weight=183335 96619 86716 83305 31074 55642 15449 13314 55534 15625 37825 16672 49595 10063 17817 21153 43089 27771 6955 10239 20798 16353 8961 3251 8670 14815 5891 41251 6506 11418
internal_count=183335 96619 86716 83305 31074 55642 15449 13314 55534 15625 37825 16672 49595 10063 17817 21153 43089 27771 6955 10239 20798 16353 8961 3251 8670 14815 5891 41251 6506 11418
cat_boundaries=0 1
cat_threshold=31873
is_linear=0
shrinkage=0.05


Tree=44
num_leaves=31
num_cat=1
split_feature=17 17 15 15 10 16 10 9 11 10 16 20 10 17 10 17 10 12 20 19 12 0 10 19 11 23 10 16 20 9
split_gain=2739.04 557.804 527.956 207.669 201.88 161.981 160.921 87.9819 84.8899 84.7078 74.29 74.1717 66.3707 65.8726 60.5973 52.1267 49.6588 46.2276 37.336 35.762 34.2119 31.6707 30.8954 31.4222 30.1814 28.9546 28.9361 28.1928 27.8071 24.4008
threshold=7.1098782080624288 7.6110646670876827 6.4589096576097758 8.2061249493002979 7.3128864978553141 0.065551622665950882 6.9646079790098261 1.0000000180025095e-35 7.4974835395764439 6.7099137248553644 0.017262389838694381 0.030143181522078431 7.7202392267623416 6.932780974261247 7.4974835395764439 7.81544289430175 6.3288288446259466 7.3482644339574383 0.083645028242441702 6.5396345827673468 7.0904933289280381 0 8.1027375051170818 8.1674943672940241 6.9002268856650231 6.6507344182500203 6.4159146208419617 0.1659353356853899 0.18816514838881473 1.0000000180025095e-35
decision_type=8 10 8 8 10 10 10 2 10 8 10 10 8 10 10 10 8 10 10 8 8 1 10 10 8 8 10 10 10 2
left_child=2 4 7 5 8 18 9 16 17 25 13 -6 -7 28 -13 -5 -1 19 -3 -2 -21 -8 23 -14 -12 -4 -9 -18 -11 -22
right_child=1 3 6 15 11 12 21 26 -10 10 24 14 22 -15 -16 -17 27 -19 -20 20 29 -23 -24 -25 -26 -27 -28 -29 -30 -31
leaf_value=-0.0088131634971348582 -0.011464297296252002 0.0034372159250414484 -0.0024306873672703677 0.0043553494007245513 0.00041516522602038643 0.00033863244026928198 0.00043111029360631825 -0.0088085744632770083 0.0041765348982646389 -0.0023899090140554247 -0.0013232344259294093 0.000685062354530297 0.0035250614918221458 -0.00066518482948048081 0.0031696993565446976 0.013999876947464341 -0.0040960511565022893 0.001608874912796976 0.0032691254721743945 -0.0019328751437584391 0.00016470006480973076 -0.00035602683390569825 0.0066883512632248459 -0.0013483691494809325 -0.00068597799010756695 -0.0026681858645599024 -0.001314227459280426 -0.0026615326278677021 -0.001365479187315133 -0.0013371641611023223
leaf_weight=4195 338 3385 7858 1077 1200 4212 5209 3798 2176 4214 14200 16790 9014 2154 7527 7280 3195 4415 4275 2710 28425 11637 1902 692 21141 6860 363 1495 1372 650
leaf_count=4195 338 3385 7858 1077 1200 4212 5209 3798 2176 4214 14200 16790 9014 2154 7527 7280 3195 4415 4275 2710 28425 11637 1902 692 21141 6860 363 1495 1372 650
internal_value=0.000262436 0.00609464 -0.00612691 0.0115063 0.00341229 0.0090971 -0.00450499 -0.015407 0.00113654 -0.00575832 -0.00463952 0.00686503 0.00620733 -0.00907623 0.00626619 0.0182751 -0.0125971 0.000565165 0.0150653 -9.41693e-05 7.78669e-05 -0.000204796 0.00815817 0.00701628 -0.00366784 -0.00903316 -0.0214071 -0.00906183 -0.0119406 0.000578676
internal_weight=183759 96068 87691 31837 64231 23480 74645 13046 38714 57799 43081 25517 15820 7740 24317 8357 8885 36538 7660 32123 31785 16846 11608 9706 35341 14718 4161 4690 5586 29075
internal_count=183759 96068 87691 31837 64231 23480 74645 13046 38714 57799 43081 25517 15820 7740 24317 8357 8885 36538 7660 32123 31785 16846 11608 9706 35341 14718 4161 4690 5586 29075
cat_boundaries=0 1
cat_threshold=37540
is_linear=0
shrinkage=0.05


Tree=45
num_leaves=31
num_cat=2
split_feature=17 17 17 10 10 16 10 18 11 10 18 10 10 16 10 18 19 10 19 0 11 11 0 12 10 17 17 19 10 7
split_gain=2580.05 564.856 486.976 211.757 184.353 187.396 180.079 120.81 90.6948 88.4189 80.8764 78.73 62.7053 62.3505 53.2939 48.0921 40.897 40.7638 39.6695 38.5883 34.3264 34.0292 32.8056 29.9839 29.4636 54.9719 27.1077 25.9801 30.4254 25.1411
threshold=7.0776251040972769 7.6327274727332535 6.3518465614141801 7.3128864978553141 8.2573848150395737 0.061480956252847045 6.7099137248553644 0.029403397973934018 7.4974835395764439 6.9758809989518511 0.10722006650513223 7.9199014799889058 7.577377095608937 0.018172895174427533 7.0904933289280381 0.077534836874518051 6.651859600632438 6.3604381731226871 7.7503381873875457 0 7.7202392267623416 6.6814816381200126 1 7.3482644339574383 6.5617373797951473 6.6032281859479101 7.7751994873538148 6.7539791950019863 6.9072550288153467 1.5000000000000002
decision_type=8 10 10 10 10 10 8 10 10 10 10 8 10 10 8 10 8 10 10 1 8 8 1 10 10 10 10 10 8 10
left_child=2 3 10 8 5 26 19 -5 14 13 -1 18 -9 15 -2 -8 -16 -12 -7 24 -13 -15 -11 -18 -4 -26 -3 29 -29 -23
right_child=1 4 6 7 -6 11 9 12 -10 22 17 20 -14 21 16 -17 23 -19 -20 -21 -22 27 -24 -25 25 -27 -28 28 -30 -31
leaf_value=-0.0091588137612728555 -0.0015442530673395183 0.0025455968358564455 -0.0033513446858888019 0.00090446874910372628 0.013074265980765354 0.0025975595320189451 -0.0014320266663355064 0.00072406744803652509 0.003968647682790971 0.00073300651781655908 -0.0088656152769003294 0.00035631600364041118 0.0035188713771319604 -0.0027536244586785054 -0.0083078131300430517 -0.0013564645524928754 0.00013678140079842471 -0.0011927387932646472 -6.9826289848817777e-05 -0.0027625087254503633 0.0048352324190733768 0.00023981823419707562 -0.0003333463714846996 0.0015340037787231254 5.0681199837421254e-05 -0.0025965533926465504 0.0052245184300605992 -0.0013354001980276698 -0.00066891975853986549 -0.002361099042587167
leaf_weight=4450 5264 3279 4276 2345 4103 2892 3212 18378 2377 3285 3722 926 6094 4143 483 3783 31314 968 4593 9753 8035 5056 10227 4269 1186 2685 6644 8248 16348 1324
leaf_count=4450 5264 3279 4276 2345 4103 2892 3212 18378 2377 3285 3722 926 6094 4143 483 3783 31314 968 4593 9753 8035 5056 10227 4269 1186 2685 6644 8248 16348 1324
internal_value=0.000252094 0.00561359 -0.00629824 0.00315566 0.0113022 0.0097681 -0.00494519 0.00665343 0.00100956 -0.00354151 -0.0171827 0.00649398 0.00561458 -0.00467066 0.000463344 -0.00898142 0.00114928 -0.0126013 0.00270875 -0.00930726 0.00965573 -0.00381204 -2.22025e-05 0.00134545 -0.0118579 -0.00871222 0.0151945 -0.00324283 -0.00398032 -0.000399687
internal_weight=183662 100996 82666 70524 30472 26369 73526 26817 43707 55626 9140 16446 24472 42114 41330 6995 36066 4690 7485 17900 8961 35119 13512 35583 8147 3871 9923 30976 24596 6380
internal_count=183662 100996 82666 70524 30472 26369 73526 26817 43707 55626 9140 16446 24472 42114 41330 6995 36066 4690 7485 17900 8961 35119 13512 35583 8147 3871 9923 30976 24596 6380
cat_boundaries=0 1 2
cat_threshold=31873 37536
is_linear=0
shrinkage=0.05


Tree=46
num_leaves=31
num_cat=0
split_feature=17 17 17 10 10 10 10 11 16 11 10 9 11 19 20 16 10 18 6 23 18 18 10 19 17 20 10 11 18 10
split_gain=2333.39 533.419 437.565 196.232 176.965 170.549 107.4 94.7759 94.0832 80.1092 65.731 64.0404 62.7405 53.8245 58.3204 52.8645 44.6226 43.3109 37.9404 49.4836 35.8978 34.5736 48.8949 43.1816 31.7354 31.3264 30.4065 28.9643 27.9418 26.3602
threshold=7.16763489591587 6.4504655433615694 7.7500375875879248 7.9386235179612585 6.9221510378135092 7.577377095608937 6.391078890228977 7.0035197977545716 0.061480956252847045 7.3482644339574383 6.6194060950237885 1.0000000180025095e-35 7.9206276965290625 6.977718970487822 0.13356372124408386 0.012368737509700129 8.1896606337060707 0.028385596778298234 1.0000000180025095e-35 7.071784956884632 0.095028440547900259 0.029403397973934018 7.2089702972815557 7.3909682946391611 6.1782257415122013 0.11098333502401223 7.2817282408204109 6.3994261899220151 0.14268688256633585 7.0904933289280381
decision_type=8 10 10 8 10 10 10 10 10 10 8 2 8 8 8 8 8 10 2 8 10 10 10 10 10 10 10 10 10 8
left_child=1 6 5 8 7 9 11 10 -4 13 -3 24 25 -2 21 -12 -14 -11 19 -17 -21 22 23 -15 -1 -5 -6 -13 -8 -16
right_child=2 4 3 12 26 -7 28 -9 -10 17 15 27 16 14 29 18 -18 -19 -20 20 -22 -23 -24 -25 -26 -27 -28 -29 -30 -31
leaf_value=-0.017099627676042051 -0.0038680528425778962 -0.0027923337387290915 0.0024177671833052194 0.003912972985120655 -0.00012608527647659518 0.0031177287884069705 -0.0025866136408643882 -6.3863364164973296e-06 0.00036012849370901104 0.0026035271313775699 -0.00061751199094888247 -0.0087070476271227555 0.0037005767113471146 -0.00021566378491035822 -0.0035685686183557943 -0.0011825572085406135 0.010907230205623187 0.001279320534446038 -0.00063009831385394408 -0.0021778169622439724 -0.0019666016771501039 0.00047895989408925922 0.00034918352726416303 0.0054896743852800751 -0.0063035151929978555 0.0016876175289197715 0.0019376321716534585 -0.00089539808612850715 -0.0010077146884928112 0.00014132742313859305
leaf_weight=2126 1360 8138 2233 566 23390 10482 1782 7750 4816 1159 2276 3479 4545 1163 1846 15854 9741 14693 11702 7852 4260 15296 1386 600 4345 1649 2207 175 1468 15609
leaf_count=2126 1360 8138 2233 566 23390 10482 1782 7750 4816 1159 2276 3479 4545 1163 1846 15854 9741 14693 11702 7852 4260 15296 1386 600 4345 1649 2207 175 1468 15609
internal_value=0.00016608 -0.00517696 0.0061014 0.0119236 -0.00369086 0.00394534 -0.0144467 -0.00522289 0.00494042 0.00279504 -0.00601913 -0.0169852 0.0149067 0.00152845 0.00189833 -0.00522125 0.0161207 0.00577214 -0.00479606 -0.00579632 -0.00820261 0.00385877 0.00862972 0.0031055 -0.0139971 0.00707675 -0.000229519 -0.022277 -0.00653846 -0.000173303
internal_weight=183948 96804 87144 23550 83429 63594 13375 57832 7049 53112 50082 10125 16501 37260 35900 41944 14286 15852 39668 27966 12112 18445 3149 1763 6471 2215 25597 3654 3250 17455
internal_count=183948 96804 87144 23550 83429 63594 13375 57832 7049 53112 50082 10125 16501 37260 35900 41944 14286 15852 39668 27966 12112 18445 3149 1763 6471 2215 25597 3654 3250 17455
is_linear=0
shrinkage=0.05


Tree=47
num_leaves=31
num_cat=0
split_feature=17 17 17 15 15 11 18 11 11 18 12 16 11 19 9 18 17 19 17 19 20 6 23 12 11 15 16 11 7 15
split_gain=2176.03 522.647 440.296 205.736 149.081 146.642 144.27 86.7005 70.5727 85.0933 63.8 58.0289 57.9653 49.7862 46.7469 45.1945 42.9768 37.3944 36.6758 36.6546 35.8257 34.7511 36.3301 29.9906 29.4425 27.4805 26.2086 23.7257 23.4333 30.773
threshold=7.0732312751413611 7.6327274727332535 6.3518465614141801 8.2688770321312468 7.3552118042316978 6.6814816381200126 0.093402585194666016 6.3927539336716181 7.2348981604083002 0.02721958419886766 7.0026107065950418 0.018172895174427533 8.0075332078766461 7.9380349766914593 1.0000000180025095e-35 0.069146366745720347 7.81544289430175 8.0865182092703414 7.2934100465559233 6.5396345827673468 0.05192216869764768 1.0000000180025095e-35 7.0862846617828383 7.0383447524178626 7.5514487133512889 6.1929253147626779 0.08809826118045605 7.7465022115569893 1.0000000180025095e-35 7.3136832863123269
decision_type=8 10 10 8 10 8 10 10 10 10 10 10 10 10 2 10 10 10 10 8 10 2 8 8 10 10 10 8 10 10
left_child=2 4 7 6 8 26 -3 14 13 28 11 15 17 19 25 -7 -5 27 -11 -2 -6 22 -13 -21 -22 -1 -4 -8 -10 -30
right_child=1 3 5 16 20 10 12 -9 9 18 -12 21 -14 -15 -16 -17 -18 -19 -20 23 24 -23 -24 -25 -26 -27 -28 -29 29 -31
leaf_value=-0.012596414729849804 -0.010559432488162823 0.0029887336289281309 -0.0024759679819162717 0.0043284291326961986 0.0013151327861685048 -0.0012377762373343205 0.00060262521763925219 -0.0013349727566360327 0.00033172435090094159 0.0011892134044170445 -4.9641298517055789e-05 -0.0009664910203544875 0.0044609969382030995 0.020699185399265609 -0.0084958489227246591 -0.00123268027562351 0.014666259880973254 -0.0015496649011774279 -1.6468019848536743e-05 -0.0018273450639328726 0.0010998475828129185 -0.0003463613745013028 -0.00167842071595683 5.3274140120729288e-05 0.0027707263131887764 -0.0059832646804911073 -0.0030753826278092423 0.0026401570006032494 0.005363383996499627 -0.00020488059566483587
leaf_weight=2843 362 8012 7609 995 2674 2986 3395 1110 943 7339 11947 18204 3281 413 3133 4287 6100 1506 5599 3039 14880 13127 8362 29867 5526 2033 6363 7091 512 119
leaf_count=2843 362 8012 7609 995 2674 2986 3395 1110 943 7339 11947 18204 3281 413 3133 4287 6100 1506 5599 3039 14880 13127 8362 29867 5526 2033 6363 7091 512 119
internal_value=0.000168385 0.00505666 -0.00589118 0.0105481 0.00271597 -0.00459525 0.00827679 -0.016249 0.00113346 0.00404837 -0.00350305 -0.00433292 0.00542624 -0.000122473 -0.0180641 -0.00843875 0.0180021 0.00381504 0.00271294 -0.00033666 0.00602036 -0.00358061 -0.00462057 -0.000162584 0.00530726 -0.0150021 -0.00920054 0.00487316 0.0150254 0.00756735
internal_weight=183657 101653 82004 30380 71273 72885 23285 9119 48193 14512 58913 46966 15273 33681 8009 7273 7095 11992 12938 33268 23080 39693 26566 32906 20406 4876 13972 10486 1574 631
internal_count=183657 101653 82004 30380 71273 72885 23285 9119 48193 14512 58913 46966 15273 33681 8009 7273 7095 11992 12938 33268 23080 39693 26566 32906 20406 4876 13972 10486 1574 631
is_linear=0
shrinkage=0.05


Tree=48
num_leaves=31
num_cat=1
split_feature=17 17 15 15 10 18 10 15 11 18 11 10 10 16 17 17 16 10 10 10 16 18 19 15 6 0 19 11 12 18
split_gain=2022.93 496.012 416.615 206.587 175.232 136.804 112.823 85.2859 75.9812 85.5532 63.1663 60.915 46.4414 45.9669 47.3889 44.4115 44.2178 43.3534 41.8873 38.8792 36.2283 36.2232 33.0356 31.2269 31.0409 32.2705 30.6079 30.3621 29.0134 28.3498
threshold=7.0732312751413611 7.6327274727332535 6.4465081812149796 8.2355062975576736 7.3142198319787717 0.090622505831806505 6.9072550288153467 6.2401693155098394 7.2348981604083002 0.028385596778298234 7.0035197977545716 7.9736718141258169 7.0035197977545716 1.1904002499163084e-07 6.9087731635259422 7.81544289430175 0.068565834159655573 7.577377095608937 6.6194060950237885 6.391078890228977 0.018172895174427533 0.1080506243624229 6.6768410585156852 7.4880225585237339 1.0000000180025095e-35 0 7.9380349766914593 7.4974835395764439 7.5503982927968831 0.029403397973934018
decision_type=8 10 8 8 10 10 10 10 10 10 10 10 8 10 10 10 10 10 8 10 8 10 8 10 2 1 10 10 10 10
left_child=2 4 7 5 8 -3 10 19 12 -10 13 26 -2 14 21 -5 -9 23 -15 -1 -8 -4 -14 29 25 -20 -7 -11 -24 -6
right_child=1 3 6 15 17 11 20 16 9 27 -12 -13 22 18 -16 -17 -18 -19 24 -21 -22 -23 28 -25 -26 -27 -28 -29 -30 -31
leaf_value=-0.010211156797433098 -0.0034029860187515526 0.0028027987324096507 -0.0036573986824462779 0.0036306183254471991 0.0025410701547232462 0.0019341431819253074 -0.00038301443716348693 -0.0037466952007772837 0.0003151381333558856 0.00028167903992861734 0.0001088624474099742 0.0035924264620119661 -0.0077277241128788539 -0.0024003597701696133 -0.00067666108442456798 0.012581614614772186 -0.0029244194015374705 0.0032875081026962241 -0.00092695797605726329 0.00055967558707172851 -0.00016997468018096207 -0.0034697842795420987 2.4898843405773977e-05 0.00011463659912771541 -0.0004905386568154757 -0.0015588644653307339 -0.00037399297914864071 0.0028544606579027801 0.0052120864274447509 0.0013872443167771921
leaf_weight=5040 2492 7455 2861 968 630 7987 1308 2779 1739 13579 4013 4336 512 7472 1308 6830 4401 6535 5055 244 21509 2272 29651 3540 8727 15347 3025 2378 812 9288
leaf_count=5040 2492 7455 2861 968 630 7987 1308 2779 1739 13579 4013 4336 512 7472 1308 6830 4401 6535 5055 244 21509 2272 29651 3540 8727 15347 3025 2378 812 9288
internal_value=0.000191344 0.00490605 -0.00563545 0.0102292 0.00261679 0.00782682 -0.00413327 -0.0140565 0.00106571 0.00371553 -0.00553236 0.0051277 -0.000335405 -0.00609172 -0.0099868 0.0172544 -0.0105084 0.00658606 -0.00540627 -0.0188777 -0.00124797 -0.0121518 0.000192897 0.00496359 -0.00454959 -0.0056171 0.00315111 0.00256784 0.000404589 0.0064025
internal_weight=184093 101757 82336 30601 71156 22803 69872 12464 51163 17696 47055 15348 33467 43042 6441 7798 7180 19993 36601 5284 22817 5133 30975 13458 29129 20402 11012 15957 30463 9918
internal_count=184093 101757 82336 30601 71156 22803 69872 12464 51163 17696 47055 15348 33467 43042 6441 7798 7180 19993 36601 5284 22817 5133 30975 13458 29129 20402 11012 15957 30463 9918
cat_boundaries=0 1
cat_threshold=33126
is_linear=0
shrinkage=0.05


Tree=49
num_leaves=31
num_cat=0
split_feature=17 17 17 15 10 10 18 10 12 9 10 11 18 18 11 15 19 10 11 4 4 9 10 11 10 15 7 10 15 11
split_gain=1845.66 490.023 372.784 186.195 147.097 138.302 125.229 103.604 79.5737 69.3233 65.9242 53.5203 49.4361 47.6236 43.0299 42.8203 37.8309 35.373 35.3848 34.1353 46.88 37.7107 30.7733 27.4995 27.4358 29.7657 35.6294 33.8287 34.5164 35.7298
threshold=7.16763489591587 6.4504655433615694 7.7354631806102638 8.3069140811378457 7.4974835395764439 6.7609937299437428 0.096440724845825873 6.3724658184044349 7.0854828791590796 1.0000000180025095e-35 7.9736718141258169 7.6016521472294505 0.0097234701318512032 0.029403397973934018 6.7469993277013458 6.2401693155098394 6.5396345827673468 7.2348981604083002 7.4682278018910955 4.5000000000000009 10.500000000000002 1.0000000180025095e-35 7.4974835395764439 7.9206276965290625 6.9579728820873044 6.7952368969855597 1.5000000000000002 6.9072550288153467 6.900236191411266 7.0191475557565832
decision_type=8 10 10 8 10 8 10 10 10 2 8 10 10 8 8 10 8 10 8 2 2 2 8 8 10 8 10 8 8 10
left_child=1 7 4 6 11 -3 -4 9 12 15 -8 13 -7 17 22 -1 -15 -2 -19 -18 21 -21 -14 -12 25 26 -16 -27 -29 -30
right_child=2 5 3 -5 -6 8 10 -9 -10 -11 23 -13 14 16 24 -17 19 18 -20 20 -22 -23 -24 -25 -26 27 -28 28 29 -31
leaf_value=-0.0092289663547918451 0.00023920707074678307 -0.0017757916803184505 0.0031357884081415267 0.014217684871546421 0.0022751054139174666 -0.00040260907449596317 0.00026189925976054517 -0.001672040362957139 0.00015704917931342878 -0.007257158678525855 0.0010404042605420382 0.0041991062330245304 -0.00045678199462382277 -0.0091091728087463238 0.00060355719567906085 -0.0034883147418645066 -4.8734467124544881e-05 0.00029938122668808913 8.7833793990155237e-05 0.00099263740196113841 -0.0002606014399106904 -0.0029428145075330427 -0.0026283071082005894 0.0039146233466067493 -6.9680335114341574e-05 -0.0013665168951296769 -0.0018991180037311929 0.00031456468797137483 -0.00095340304136413154 0.00028481777094653272
leaf_weight=3945 1176 18546 6338 5976 12156 783 4885 3323 13298 3504 1470 2302 2336 356 3293 2620 15174 1175 553 22850 6904 240 4585 5563 13702 5762 1579 4477 12329 2804
leaf_count=3945 1176 18546 6338 5976 12156 783 4885 3323 13298 3504 1470 2302 2336 356 3293 2620 15174 1175 553 22850 6904 240 4585 5563 13702 5762 1579 4477 12329 2804
internal_value=0.000171464 -0.00457703 0.00545237 0.0107214 0.00342207 -0.00315292 0.00821374 -0.0134558 -0.0020655 -0.0159822 0.00519382 0.00223832 -0.00295353 0.00188424 -0.00276161 -0.0129513 0.00148823 0.00809229 0.0126447 0.00161619 0.00259385 0.00367475 -0.00642609 0.00829305 -0.0021845 -0.00302539 0.000554187 -0.00371275 -0.0027231 -0.00386407
internal_weight=184004 96886 87118 24232 62886 83494 18256 13392 64948 10069 11918 50730 51650 48428 50867 6565 45524 2904 1728 45168 29994 23090 6921 7033 43946 30244 4872 25372 19610 15133
internal_count=184004 96886 87118 24232 62886 83494 18256 13392 64948 10069 11918 50730 51650 48428 50867 6565 45524 2904 1728 45168 29994 23090 6921 7033 43946 30244 4872 25372 19610 15133
is_linear=0
shrinkage=0.05


Tree=50
num_leaves=31
num_cat=2
split_feature=17 17 17 11 15 15 11 11 4 16 16 16 0 11 4 11 6 11 12 9 20 4 4 15 20 17 11 4 4 0
split_gain=1706.83 469.428 354.748 157.448 140.593 114.987 83.4118 65.5948 64.7684 62.6143 54.6731 51.8896 51.5496 46.3173 35.9607 34.0071 33.5852 34.3635 31.4351 28.6452 28.327 28.1986 27.4357 26.3744 26.2112 23.1248 22.778 21.397 20.9296 19.9086
threshold=7.16763489591587 6.3518465614141801 8.0365314023032024 7.577377095608937 6.9566665681144189 8.349268533095481 6.3758758838633627 6.6814816381200126 4.5000000000000009 0.11140523640968171 0.0087760965597175316 0.049848136465464085 0 7.2348981604083002 10.500000000000002 7.3128864978553141 1.0000000180025095e-35 6.9082550291486795 7.6273001923237187 1.0000000180025095e-35 0.066663075547639936 4.5000000000000009 10.500000000000002 6.2401693155098394 0.64516462020244802 7.7894125240929926 6.9971387355792336 11.500000000000002 11.500000000000002 1
decision_type=8 10 10 10 10 8 10 8 2 10 8 10 1 8 2 10 2 10 10 2 8 2 2 10 8 8 8 2 2 1
left_child=1 6 3 8 7 9 12 22 20 -4 -9 -5 -1 -10 18 26 17 29 24 -18 -2 -13 -3 -14 -15 -16 -6 -23 -27 -12
right_child=2 4 5 11 15 -7 -8 10 13 -11 16 21 23 14 25 -17 19 -19 -20 -21 -22 27 -24 -25 -26 28 -28 -29 -30 -31
leaf_value=-0.0078260395638732657 0.00038114836621230277 -0.0019911208054030462 0.0041373558734659538 0.0022510100124891962 -0.001308844437578305 0.016691626325568976 -0.00089787213930456753 -0.00039626526975928834 -0.00019099857863298376 0.0015621120482132156 -0.0017624763999044557 0.0005753087223641318 -0.0088574697817726655 0.0010631205441518966 5.485374246960717e-05 0.0020123826220792562 -0.00067371747633826473 -0.00035228190674603256 0.0035014287810899436 0.00053746408961945495 -0.00012436386178582559 0.00327037961415817 -0.0035440446439695353 -0.0035064594795579662 -0.0012156547980016086 0.0066241884317693516 -5.8170292998438459e-05 0.00066209781699724248 0.0004620990953023707 -0.0012433292690544385
leaf_weight=3549 2461 11721 3619 5049 4893 4177 1137 2029 4994 2529 6813 2472 3109 22751 6173 1776 9688 6429 2568 2582 15231 10229 2244 1321 1234 1065 24043 1430 929 15421
leaf_count=3549 2461 11721 3619 5049 4893 4177 1137 2029 4994 2529 6813 2472 3109 22751 6173 1776 9688 6429 2568 2582 15231 10229 2244 1321 1234 1065 24043 1430 929 15421
internal_value=0.00016824 -0.00440003 0.00525394 0.00408103 -0.00327679 0.013954 -0.0151986 -0.00474775 0.00277062 0.00960475 -0.00378008 0.00800313 -0.017004 0.00389157 0.00453917 -0.000550274 -0.00338297 -0.00432003 0.00543159 -0.00119397 0.000254352 0.00644859 -0.00772467 -0.0132883 0.00486867 0.00163769 -0.000962469 0.00747706 0.00631896 -0.00525097
internal_weight=183666 96755 86911 76586 87639 10325 9116 56927 57406 6148 42962 19180 7979 39714 34720 30712 40933 28663 26553 12270 17692 14131 13965 4430 23985 8167 28936 11659 1994 22234
internal_count=183666 96755 86911 76586 87639 10325 9116 56927 57406 6148 42962 19180 7979 39714 34720 30712 40933 28663 26553 12270 17692 14131 13965 4430 23985 8167 28936 11659 1994 22234
cat_boundaries=0 1 2
cat_threshold=15488 15520
is_linear=0
shrinkage=0.05


Tree=51
num_leaves=31
num_cat=3
split_feature=17 17 17 11 11 11 11 16 18 11 11 16 18 4 4 18 4 19 1 9 0 18 11 21 4 5 4 4 19 0
split_gain=1567.59 408.555 391.709 138.814 134.431 133.16 72.2481 73.136 71.028 65.9563 64.3843 61.6437 60.2705 52.47 47.1556 43.9057 32.4723 28.158 27.8328 26.6163 25.8859 25.849 32.0982 27.6657 25.7344 25.1167 24.612 26.1575 23.0379 22.8113
threshold=7.0776251040972769 7.7354631806102638 6.2531782152055664 7.9386235179612585 6.5489349224980922 7.4974835395764439 8.2974141075284873 0.063106093354861156 0.085146510042966625 6.9570214070142606 7.2348981604083002 0.014683614468516246 0.080061805048311549 4.5000000000000009 10.500000000000002 0.14821698440596834 4.5000000000000009 6.6431160552365052 0 1.0000000180025095e-35 1 0.029403397973934018 7.4682278018910955 7.2174801141366656 6.5000000000000009 1.0000000180025095e-35 10.500000000000002 9.5000000000000018 6.0864575551297238 2
decision_type=8 10 10 8 8 10 10 10 10 10 8 10 10 2 2 10 2 8 1 2 1 8 8 8 2 2 2 2 10 1
left_child=2 5 15 8 20 10 7 -5 -3 11 -2 12 -6 -12 16 -1 18 -15 -13 -20 -4 22 23 -19 -18 -21 27 -23 -17 -11
right_child=1 3 4 6 9 -7 -8 -9 -10 29 13 14 -14 17 -16 28 24 21 19 25 -22 26 -24 -25 -26 -27 -28 -29 -30 -31
leaf_value=-0.0087363445935372038 -0.00018839744286063277 0.0020927604076315109 -0.0028918668479345879 0.0051932433146477663 -0.0011390426038756952 0.0019083615678193945 0.012988047965804928 0.0034244921545377952 0.0003972850746022161 0.00041533369076016683 1.9970794849655252e-05 -0.0019170654663419385 -0.0012384726593067442 -0.0068238061501548763 -0.0021466929177623938 -0.016154482286380036 0.00010710175958430491 0.00023125613814607427 -0.00058939008104239585 -0.0020118801290973432 -0.0031504204712083706 0.00090694484867739347 0.00027745481410588194 0.00023125613814607427 -0.0007044428915624402 0.00046585659758200396 0.00023046189449127397 0.0023748190144008419 -0.0041418854821866358 -0.00032985617210661293
leaf_weight=3898 16406 2212 4254 5434 3372 12224 3027 8398 5109 4568 15235 4855 4253 287 5354 665 9638 880 10466 1954 5009 20020 1131 328 11939 458 6691 3567 1093 10902
leaf_count=3898 16406 2212 4254 5434 3372 12224 3027 8398 5109 4568 15235 4855 4253 287 5354 665 9638 880 10466 1954 5009 20020 1131 328 11939 458 6691 3567 1093 10902
internal_value=0.000124573 0.00430539 -0.00498016 0.00997312 -0.00404754 0.00252022 0.0124696 0.0109384 0.00422415 -0.00327521 0.00161399 -0.00412372 -0.00827869 0.00253589 -0.00341438 -0.0176803 -0.00281481 0.00365913 -0.00439999 -0.00318372 -0.00969718 0.00379633 0.00886062 0.0145281 -0.00151203 -0.00791874 0.00340511 0.00416437 -0.0111206 -0.00040724
internal_weight=183627 100949 82678 24180 77022 76769 16859 13832 7321 67759 64545 52289 7625 48139 44664 5656 39310 32904 17733 12878 9263 32617 2339 1208 21577 2412 30278 23587 1758 15470
internal_count=183627 100949 82678 24180 77022 76769 16859 13832 7321 67759 64545 52289 7625 48139 44664 5656 39310 32904 17733 12878 9263 32617 2339 1208 21577 2412 30278 23587 1758 15470
cat_boundaries=0 1 2 3
cat_threshold=1 31873 37796
is_linear=0
shrinkage=0.05


Tree=52
num_leaves=31
num_cat=1
split_feature=17 17 17 10 10 10 18 12 16 11 10 18 17 11 10 10 0 18 10 18 18 10 11 11 19 10 9 10 18 19
split_gain=1457.78 404.353 385.449 176.187 165.724 144.03 75.5276 69.2258 64.9357 64.4878 59.4485 49.8972 56.2049 49.6064 49.4773 37.8331 36.527 31.9589 31.0121 28.9389 28.0217 50.7803 39.0177 26.4534 25.1462 24.81 24.2756 24.2222 23.5261 22.857
threshold=7.0685415441575836 7.7354631806102638 6.2531782152055664 8.1622300485615504 7.4974835395764439 6.5701821913769409 0.096440724845825873 7.3482644339574383 0.017262389838694381 7.8264411450176032 6.3126414277150058 0.10495134499066124 6.932780974261247 6.8495962243894803 7.0904933289280381 8.4367383964734284 0 0.1001829292218472 7.9199014799889058 0.016699584755952179 1.0000000180025095e-35 7.4682278018910955 7.2348981604083002 7.6513571967694611 6.5396345827673468 6.9072550288153467 1.0000000180025095e-35 6.3108265436897168 0.26706966100090518 8.0606324665774487
decision_type=8 10 10 8 10 8 10 10 10 8 10 10 10 8 8 10 1 10 10 10 8 8 10 10 8 8 2 10 10 10
left_child=2 4 10 6 7 16 -3 14 11 -5 26 12 -7 -10 -2 17 27 -11 29 -6 21 22 -16 24 -22 -15 -1 -4 -27 -8
right_child=1 3 5 9 19 8 18 -9 13 15 -12 -13 -14 25 20 -17 -18 -19 -20 -21 23 -23 -24 -25 -26 28 -28 -29 -30 -31
leaf_value=-0.0090844159528328926 -0.0013774365239284103 0.0021018350423013922 -0.006108003925391881 0.0013691513260611909 0.015016730389530065 -0.0014805357336185043 0.00076569678350137951 0.0011229470935585351 -0.0011931257768635463 0.0065106855675160615 -6.6055891389349422e-05 -0.0007285045937047486 -0.00024043786673586532 -0.00078073237618512268 -8.6852782439050821e-05 0.018710658986955942 -0.0026079984713407445 0.0061401705261587393 0.002028956355673284 0.0018421646386714398 -0.0089334501771335621 -0.00023912666495120585 0.00021969333123879055 0.0060544046729004153 0.00012951651445258783 -0.00022856349395681264 -0.0085180608456095989 -0.0021392155459860618 0.0024279369552289379 -0.0024904367488126859
leaf_weight=3089 5450 4317 851 1231 401 3677 3654 14725 18979 3366 454 3424 1260 8645 128 1690 6911 5604 3525 11984 312 341 534 784 43321 25564 2093 4659 1870 868
leaf_count=3089 5450 4317 851 1231 401 3677 3654 14725 18979 3366 454 3424 1260 8645 128 1690 6911 5604 3525 11984 312 341 534 784 43321 25564 2093 4659 1870 868
internal_value=0.000145473 0.00412163 -0.00484376 0.00975984 0.00236791 -0.00390625 0.00558072 0.00136634 -0.00294194 0.0141052 -0.0174592 -0.0070476 -0.0102643 -0.00231846 0.000492432 0.0153565 -0.0088298 0.0140635 0.0027184 0.00767259 0.00103258 0.00929711 0.0173716 0.00084596 0.000682396 -0.00122994 -0.0189792 -0.011875 -0.000493913 -2.21141e-05
internal_weight=183711 102235 81476 24255 77980 75840 12364 65595 63419 11891 5636 8361 4937 55058 50870 10660 12421 8970 8047 12385 45420 1003 662 44417 43633 36079 5182 5510 27434 4522
internal_count=183711 102235 81476 24255 77980 75840 12364 65595 63419 11891 5636 8361 4937 55058 50870 10660 12421 8970 8047 12385 45420 1003 662 44417 43633 36079 5182 5510 27434 4522
cat_boundaries=0 1
cat_threshold=31873
is_linear=0
shrinkage=0.05


Tree=53
num_leaves=31
num_cat=2
split_feature=17 15 17 15 11 15 16 0 12 17 16 15 11 11 16 20 19 19 20 11 7 1 11 15 17 11 11 20 19 20
split_gain=1333.84 412.213 340.616 174.083 132.785 110.336 70.5324 53.4072 51.0933 44.8663 46.6475 37.8593 35.7335 35.3806 34.3663 34.3244 30.1307 29.2908 29.8826 40.5271 32.6737 27.053 26.3077 25.4945 25.2127 24.5975 21.8167 20.4581 20.3218 20.0291
threshold=7.1098782080624288 6.305501493305294 7.8978964357955705 8.349268533095481 7.5248301129598225 6.6949477483065314 0.11036061025755321 0 7.3482644339574383 6.9639938975168034 0.059267637884018932 7.0762971439062747 6.5701821913769409 7.0904933289280381 0.0087760965597175316 0.077151925572931906 8.0370057272781104 6.651859600632438 0.022314142830296119 7.1674235306143332 1.0000000180025095e-35 1 6.7747949886470034 6.1700722167933488 6.7854189391483697 8.0874863237131702 7.9736718141258169 0.21979277110020368 8.0865182092703414 0.086267534254743483
decision_type=8 8 10 8 10 10 10 1 10 10 10 10 10 8 10 10 10 8 8 10 10 1 8 10 10 10 10 10 10 10
left_child=1 7 4 6 8 9 29 -1 13 10 21 14 -12 -2 -7 -6 -8 -15 19 -19 -21 -3 -16 -9 -24 -18 -17 -23 -20 -4
right_child=2 5 3 -5 15 11 16 23 -10 -11 12 -13 -14 17 22 26 25 18 28 20 -22 27 24 -25 -26 -27 -28 -29 -30 -31
leaf_value=-0.0071452078787087375 -0.0014936587677727875 -0.0030821046056888294 0.003205252768175626 0.014109248117043373 0.0014775611062918693 -0.00020672773020598002 0.003285692963048481 -0.01009110547948211 0.0010924484328666661 0.00088852431955537274 -0.0021565001448711654 0.00013920235659430348 -9.7754018333695577e-05 -0.006594211783302906 -0.0013786380812655708 0.0015657973478903299 -0.001917719586955924 -8.8291218283309558e-05 0.00023406492178139617 0.00020870866467683771 -0.00027511632695405021 -0.0015802071168550481 0.00031175955545990067 -0.0043124687397271492 -0.00050840448283946411 0.0026605983233644716 0.0059645133141095208 1.7291367670502213e-05 0.015225726694305441 0.0026817285728323982
leaf_weight=2934 3481 4622 1545 4526 3002 1888 2622 1899 16625 1595 9823 6737 3876 484 6402 12435 1456 337 41387 556 74 6802 5212 2390 32408 897 1510 973 249 4858
leaf_count=2934 3481 4622 1545 4526 3002 1888 2622 1899 16625 1595 9823 6737 3876 484 6402 12435 1456 337 41387 556 74 6802 5212 2390 32408 897 1510 973 249 4858
internal_value=0.00015291 -0.00431042 0.00422202 0.0109061 0.00289556 -0.00328176 0.00760679 -0.0157518 0.00184158 -0.00583673 -0.0063343 -0.00193791 -0.00432331 0.000992098 -0.00245154 0.00682569 0.0031407 0.00138383 0.00152278 0.010212 0.0176984 -0.00855651 -0.00216823 -0.01209 -0.00166401 -0.000966851 0.00578164 -0.00675563 0.00132097 0.0110768
internal_weight=183605 87561 96044 15904 80140 80338 11378 7223 63193 27691 26096 52647 13699 46568 45910 16947 4975 43087 42603 967 630 12397 44022 4289 37620 2353 13945 7775 41636 6403
internal_count=183605 87561 96044 15904 80140 80338 11378 7223 63193 27691 26096 52647 13699 46568 45910 16947 4975 43087 42603 967 630 12397 44022 4289 37620 2353 13945 7775 41636 6403
cat_boundaries=0 1 2
cat_threshold=15488 1
is_linear=0
shrinkage=0.05


Tree=54
num_leaves=31
num_cat=3
split_feature=17 15 17 15 12 16 11 11 11 16 16 17 12 0 21 6 9 17 17 11 16 20 17 15 15 15 15 11 0 0
split_gain=1250.46 414.352 297.155 193.776 122.134 106.183 78.2467 64.1477 47.08 45.8371 42.5657 63.2631 41.6145 32.6925 37.8718 31.8632 29.9387 41.1358 29.795 27.9751 32.7384 27.6398 24.3236 23.5824 22.9621 22.0677 20.9935 20.986 20.7163 19.1431
threshold=7.1779547991026247 6.305501493305294 7.7354631806102638 8.349268533095481 7.0026107065950418 0.052153789963222195 7.4974835395764439 6.5489349224980922 7.9206276965290625 0.12478939770906088 0.017262389838694381 6.9549326913823277 7.3482644339574383 0 1.3986406674150766 1.0000000180025095e-35 1.0000000180025095e-35 6.6032281859479101 7.8852032996409163 7.4404391602237441 1.0000000180025095e-35 0.09966696372954878 7.2874735882524302 7.2405235665241756 6.4732991092973755 6.1929253147626779 6.1359579690779986 6.9493768386570434 1 2
decision_type=8 8 10 8 10 10 10 8 10 10 10 10 10 1 8 2 2 10 10 8 10 10 10 8 10 10 10 8 1 1
left_child=1 9 6 5 7 28 12 -3 -7 25 11 21 13 14 19 16 -12 24 -5 20 -2 -9 -8 -6 -18 -1 -11 -15 -4 -23
right_child=2 4 3 18 23 8 22 10 -10 26 15 -13 -14 27 -16 -17 17 -19 -20 -21 -22 29 -24 -25 -26 -27 -28 -29 -30 -31
leaf_value=-0.009330872365754762 0.00019827323144299138 -0.002316520223440133 0.0011414141557459568 0.0051274768297356003 -6.6436342590847635e-06 0.00084516053059815468 0.011557056970591929 -0.0011278678130260734 0.002883608510234459 -0.012433445723112869 -0.00084867022385015645 5.7113328717894877e-05 0.0010342958530242807 -0.0047701933562095183 0.00037480582905649042 -0.00020795708665639624 -0.0023167266986568792 -0.0018400897732724797 0.013047532917016859 -8.3876657369152962e-05 0.00093334251739827243 -0.0042360998814368498 0.0013575040277283403 0.0022664133496367533 0.00038671087758270775 -0.004322817929305822 -0.0037234982044747067 3.5344977838303038e-05 0.0026278629138493329 -0.00070985014528512913
leaf_weight=2576 484 7822 774 724 21380 8066 720 2662 6266 911 28358 2633 14242 800 9150 16457 424 4392 4600 216 410 848 11350 1278 1479 2241 1432 24127 3895 3189
leaf_count=2576 484 7822 774 724 21380 8066 720 2662 6266 911 28358 2633 14242 800 9150 16457 424 4392 4600 216 410 848 11350 1278 1479 2241 1432 24127 3895 3189
internal_value=0.00013023 -0.00372647 0.00453777 0.00921583 -0.0028145 0.00685359 0.00268744 -0.00387027 0.00472021 -0.0153073 -0.00331888 -0.00642413 0.00180613 0.000883139 0.00325706 -0.00275191 -0.00361224 -0.00673153 0.0176465 0.011982 0.0158837 -0.00900508 0.0062966 0.000366317 -0.000591172 -0.0180974 -0.00957106 -9.524e-05 0.0134022 -0.00639708
internal_weight=183906 98082 85824 24325 90922 19001 61499 68264 14332 7160 60442 9332 49429 35187 10260 51110 34653 6295 5324 1110 894 6699 12070 22658 1903 4817 2343 24927 4669 4037
internal_count=183906 98082 85824 24325 90922 19001 61499 68264 14332 7160 60442 9332 49429 35187 10260 51110 34653 6295 5324 1110 894 6699 12070 22658 1903 4817 2343 24927 4669 4037
cat_boundaries=0 1 2 3
cat_threshold=49156 2134 26656
is_linear=0
shrinkage=0.05


Tree=55
num_leaves=31
num_cat=2
split_feature=17 15 17 15 10 10 16 10 16 10 11 10 10 4 15 10 20 10 4 15 17 10 9 4 1 4 11 1 4 19
split_gain=1129.27 351.005 330.999 183.116 131.347 124.153 92.1259 65.5043 60.7569 58.828 54.6059 49.8554 48.6441 45.9234 41.6096 40.8577 33.6767 32.8624 31.9638 31.2679 26.2163 27.0486 25.7991 23.6996 28.2145 27.3473 22.5588 22.3141 23.7781 26.1481
threshold=7.0685415441575836 6.2401693155098394 7.7354631806102638 8.3069140811378457 7.4103463658656468 6.5184092804263356 0.060386317959711382 6.9358565909245806 0.014683614468516246 7.8264411450176032 7.4974835395764439 7.7465022115569893 6.2567088148180039 10.500000000000002 7.4880225585237339 7.0904933289280381 0.09966696372954878 7.5248301129598225 4.5000000000000009 7.6917217173580212 7.8852032996409163 8.2949240625415008 1.0000000180025095e-35 4.5000000000000009 0 6.5000000000000009 7.8264411450176032 1 2.5000000000000004 7.5903969154921755
decision_type=8 8 10 8 10 8 10 10 10 8 10 10 10 2 10 8 10 10 2 10 10 8 2 2 1 2 8 1 2 8
left_child=1 12 4 6 10 -3 -4 8 16 -8 15 14 22 23 -6 -2 -7 -16 27 -19 -5 -22 -1 24 -10 -25 -11 28 29 -17
right_child=2 5 3 20 11 7 9 -9 13 26 -12 -13 -14 -15 17 18 -18 19 -20 -21 21 -23 -24 25 -26 -27 -28 -29 -30 -31
leaf_value=-0.0065371019160828771 -0.0012805329245737741 -0.0027817347134196702 0.0021060143065841255 0.0047659080988533111 0.0021361701538860967 -0.0011147862383341868 -0.00043890489883198215 3.6564343787448553e-05 -0.0016203460657026937 0.00018288623331970123 0.0023144800428280599 0.0055618173379650589 -0.00064082132943803498 -0.0019132215998720172 -0.00029030432933705444 -0.00040037257764253821 -0.0010849541425183684 0.00094209560753100163 0.00023502318707153692 -0.00045713234771276316 0.0038931585651935221 0.012912508699898396 -0.0077890132720031431 0.00023754164419504954 -0.00060260676679972929 -0.00062197449381167229 0.0026466079759654097 8.2877517103963083e-05 -0.0016333573489365706 0.0059132385822942002
leaf_weight=2895 5742 8934 5229 764 6494 2871 3697 15253 4858 1497 3982 3086 511 5280 2517 2706 4953 5571 33089 1174 785 4458 1843 9527 12723 11415 7906 10246 2856 635
leaf_count=2895 5742 8934 5229 764 6494 2871 3697 15253 4858 1497 3982 3086 511 5280 2517 2706 4953 5571 33089 1174 785 4458 1843 9527 12723 11415 7906 10246 2856 635
internal_value=0.000153 -0.00425626 0.00364235 0.00873397 0.00205575 -0.00339053 0.00625102 -0.00265102 -0.00350156 0.00401145 0.000899487 0.00569207 -0.0167603 -0.00277664 0.00455382 0.000492094 -0.00756007 0.00240229 0.000954938 0.00422165 0.0163101 0.017571 -0.0183411 -0.00217727 -0.0035308 -0.00104097 0.00611241 -0.000846865 -0.00321527 -0.000351691
internal_weight=183497 81063 102434 24336 78098 75814 18329 66880 51627 13100 59256 18842 5249 43803 15756 55274 7824 9262 49532 6745 6007 5243 4738 38523 17581 20942 9403 16443 6197 3341
internal_count=183497 81063 102434 24336 78098 75814 18329 66880 51627 13100 59256 18842 5249 43803 15756 55274 7824 9262 49532 6745 6007 5243 4738 38523 17581 20942 9403 16443 6197 3341
cat_boundaries=0 1 2
cat_threshold=1 1
is_linear=0
shrinkage=0.05


Tree=56
num_leaves=31
num_cat=3
split_feature=17 15 17 15 10 10 18 10 10 10 10 16 17 23 10 17 18 10 23 12 17 18 0 6 0 13 23 15 10 0
split_gain=1039.62 361.366 289.177 174.667 123.001 117.031 92.2496 59.6554 54.3594 47.879 45.8035 34.7933 45.3291 33.4321 33.1979 30.6266 29.3828 45.7899 32.4347 28.0578 27.689 27.4125 26.1821 22.5757 29.3885 24.9466 29.61 22.4701 41.8134 24.277
threshold=7.0732312751413611 6.2401693155098394 7.7354631806102638 8.349268533095481 7.577377095608937 6.5095137387474162 0.096440724845825873 7.2082301046963382 6.9072550288153467 6.2567088148180039 7.9199014799889058 0.014683614468516246 6.7558730882228666 3.4712055116152225 7.9386235179612585 7.2819564478174916 0.029403397973934018 7.4682278018910955 1.1099306967952589 7.698933631191955 8.1402912018707934 0.10556227608318547 0 1.0000000180025095e-35 1 6.5827171805257967 7.071784956884632 6.9087370695597974 6.9358565909245806 2
decision_type=8 8 10 8 10 8 10 8 10 10 8 10 10 8 8 10 8 8 8 10 10 10 1 2 1 8 8 8 10 1
left_child=1 9 4 6 7 -3 14 13 11 22 -8 12 21 -2 -4 -6 17 -9 -19 -18 -5 -7 -1 24 -13 -26 -27 -10 -29 -30
right_child=2 5 3 20 15 8 10 16 27 -11 -12 23 -14 -15 -16 -17 19 18 -20 -21 -22 -23 -24 -25 25 26 -28 28 29 -31
leaf_value=-0.0030138358300420887 0.00025617954055729976 -0.0025970607632647804 0.0010568052240034654 0.0055380099235718743 0.013532423499755232 -0.0038405604333681346 -0.00020901781183011448 0.00018112167262818168 0.00058004968785194675 -0.00064749207507515123 0.0022819875379429533 -0.00044429516209891777 -0.00056002314708771819 -0.00061434121690093777 0.0033110539539116693 0.0016890731730701881 0.00035874781425064843 -0.00029185196141279235 0.00049921058058783891 0.0046417425849642367 0.013148919401113623 -0.0026510915136492398 -0.0077101494731613984 -0.00022949355810220062 -0.00024948159323996412 -0.00094869065485623247 -0.0017033131924822698 -0.00054838848432077209 0.00051722245377228138 -0.00027229516433160408
leaf_weight=583 6036 8817 2600 1365 799 1805 4372 1598 5311 501 7817 9315 3622 9256 3866 9363 47169 227 1457 1486 3946 1537 4192 10932 3598 8641 5667 4050 3812 9701
leaf_count=583 6036 8817 2600 1365 799 1805 4372 1598 5311 501 7817 9315 3622 9256 3866 9363 47169 227 1457 1486 3946 1537 4192 10932 3598 8641 5667 4050 3812 9701
internal_value=0.000189843 -0.00399286 0.00357721 0.00837645 0.00209101 -0.00312337 0.0060989 0.00131602 -0.00242054 -0.0166509 0.00353803 -0.0034272 -0.0066772 -0.00142885 0.0109264 0.00721807 0.00212421 0.00670323 0.000950119 0.00181533 0.0163764 -0.0108767 -0.0181937 -0.00283398 -0.00360475 -0.00478902 -0.00572756 -0.000434992 -0.00129676 3.88515e-05
internal_weight=183441 82084 101357 23966 77391 76808 18655 67229 67991 5276 12189 45117 6964 15292 6466 10162 51937 3282 1684 48655 5311 3342 4775 38153 27221 17906 14308 22874 17563 13513
internal_count=183441 82084 101357 23966 77391 76808 18655 67229 67991 5276 12189 45117 6964 15292 6466 10162 51937 3282 1684 48655 5311 3342 4775 38153 27221 17906 14308 22874 17563 13513
cat_boundaries=0 1 2 3
cat_threshold=32846 49510 37540
is_linear=0
shrinkage=0.05


Tree=57
num_leaves=31
num_cat=3
split_feature=19 10 11 10 12 11 18 10 4 11 4 16 19 10 0 11 11 10 10 20 11 19 10 10 19 6 0 1 18 18
split_gain=825.86 411.777 231.234 147.755 122.256 92.0881 85.2863 82.3955 66.3846 59.2881 55.5372 56.223 69.9191 53.3034 44.0475 43.716 41.1723 38.1467 33.4655 29.3535 26.3763 30.0443 26.1854 25.4043 27.6977 25.3219 29.0136 28.6101 24.3313 22.496
threshold=7.1682282651360252 6.344758397477464 8.272182292171534 7.3768197455032354 7.0854828791590796 7.6978016406699554 1.0000000180025095e-35 6.8992188208074312 4.5000000000000009 6.3126414277150058 11.500000000000002 0.041945406939436804 7.5036562650305765 8.4367383964734284 0 7.2348981604083002 7.0035197977545716 7.3128864978553141 6.9300057683576393 0.31723568268772656 7.3437453586499073 7.4653354718131455 6.2116030863880871 7.9199014799889058 7.7748742161611917 1.0000000180025095e-35 1 2 0.094157121492387724 0.28126895917943129
decision_type=10 8 10 8 10 8 8 10 2 8 2 10 10 8 1 10 10 8 10 8 10 10 10 8 10 2 1 1 10 8
left_child=1 14 3 6 7 20 15 9 -7 28 11 12 -10 -4 22 -2 25 -6 -8 -9 -5 -22 -1 24 -13 26 -11 -28 -3 -19
right_child=2 4 13 5 17 8 18 19 10 16 -12 23 -14 -15 -16 -17 -18 29 -20 -21 21 -23 -24 -25 -26 -27 27 -29 -30 -31
leaf_value=-0.0092995594758704236 -0.00010049006748569234 -0.0056386201043551413 0.0035288639801875025 -0.00011183150805931241 1.5395338612700373e-05 0.00055942685399925642 -0.0037862746238328526 -5.683921691161942e-05 0.0011271955366672249 -0.0016224912987245601 0.00076647005293157828 0.0020810812763646159 0.0033287953722048072 0.014813145206579571 -0.0040776249108065432 0.00016755232688585588 0.00029834964579915639 0.00091222052328043812 -3.1491777578285256e-05 0.0030998383583229262 0.0010910621817690868 0.00023955194279627891 -0.0034396369204196201 0.003091863133096129 -0.00023903563581924027 -0.00045701167473115594 -0.0015741987393994795 -0.00062831810469603515 -0.0037268093893812805 0.0068831729492608851
leaf_weight=2108 92 937 1794 6541 9303 6450 2051 22037 2573 10968 3858 4271 5966 2203 2741 541 4264 4516 18409 1308 7790 9656 2194 8936 2076 12908 8929 15486 1785 1222
leaf_count=2108 92 937 1794 6541 9303 6450 2051 22037 2573 10968 3858 4271 5966 2203 2741 541 4264 4516 18409 1308 7790 9656 2194 8936 2076 12908 8929 15486 1785 1222
internal_value=0.000148032 -0.00289754 0.00383411 0.00324201 -0.00202081 0.00454299 -0.000342531 -0.00281092 0.00621154 -0.00386282 0.00727601 0.00817732 0.011427 0.0155679 -0.014557 0.017733 -0.00349015 0.00210923 -0.00090176 -0.000320197 0.00216888 0.00318411 -0.0177296 0.00636164 0.00394281 -0.00390601 -0.00459755 -0.00363255 -0.011058 0.00531544
internal_weight=183913 100706 83207 79210 93663 58117 21093 78622 34130 55277 27680 23822 8539 3997 7043 633 52555 15041 20460 23345 23987 17446 4302 15283 6347 48291 35383 24415 2722 5738
internal_count=183913 100706 83207 79210 93663 58117 21093 78622 34130 55277 27680 23822 8539 3997 7043 633 52555 15041 20460 23345 23987 17446 4302 15283 6347 48291 35383 24415 2722 5738
cat_boundaries=0 1 2 3
cat_threshold=16001 11424 1
is_linear=0
shrinkage=0.05


Tree=58
num_leaves=31
num_cat=1
split_feature=17 15 17 15 12 15 4 17 15 4 19 19 18 15 4 12 4 20 20 12 18 19 18 21 16 4 0 13 19 4
split_gain=920.994 369.855 239.306 104.312 93.3108 87.3673 66.3913 48.755 45.5932 51.4503 42.9711 41.9147 39.0588 62.6505 30.6967 29.9505 29.5231 27.6661 27.27 26.3444 26.2062 45.1589 25.0851 24.9404 24.9384 24.707 25.8716 21.9051 20.951 19.9694
threshold=7.16763489591587 6.216661124246083 8.2300583629944928 6.6949477483065314 7.9199014799889058 8.3981904900284849 4.5000000000000009 6.9857721534732775 7.4372423182002629 11.500000000000002 6.6431160552365052 7.4168250591343163 0.10556227608318547 6.3635956835933767 3.5000000000000004 7.0854828791590796 7.5000000000000009 0.066663075547639936 0.022314142830296119 7.698933631191955 0.046760258419106061 7.3974611996346527 0.10083795166040879 1.599336558775341 0.049848136465464085 4.5000000000000009 0 7.4682278018910955 6.6253014872725187 7.5000000000000009
decision_type=8 8 10 10 10 8 2 10 8 2 10 10 10 10 2 10 2 8 10 8 10 10 10 8 10 2 1 8 10 2
left_child=1 14 4 7 6 22 17 12 11 10 29 18 13 -3 -1 28 25 -2 23 27 21 -21 -4 -8 -6 -15 -27 -12 -5 -10
right_child=2 3 5 15 24 -7 8 -9 9 -11 19 -13 -14 16 -16 -17 -18 -19 -20 20 -22 -23 -24 -25 -26 26 -28 -29 -30 -31
leaf_value=-0.008071020353494985 0.0003784746843940479 -0.0035198169637248979 0.0038690944744042 0.0011513144320602908 0.0030355158996846487 0.015487862677278664 0.0001591747105415653 0.00090321356417999432 -0.0068756949356756809 -6.4334630089613051e-05 0.0023758952261480506 -0.00079935796880008518 -0.0015238032982757945 -0.0011882069146657238 -0.0035790798429756079 0.00010821698625458344 -0.0020305138303092552 -9.3580315696506489e-05 0.00042901048159051938 0.00092169234464003493 0.0021611775775065567 0.0022860412784208475 0.0011718657727922022 -0.00014080515964129959 0.0025943921983410338 0.00082071262950806918 -0.00061281356999667305 0.00073017669667212464 -0.00038938158178432048 0.0038642976888607627
leaf_weight=2736 2792 4531 864 1349 1648 3131 390 2019 899 4456 2012 3262 14155 4593 1868 13180 2649 18133 16668 1238 12078 2980 1545 138 5807 1677 1463 8118 46523 900
leaf_count=2736 2792 4531 864 1349 1648 3131 390 2019 899 4456 2012 3262 14155 4593 1868 13180 2649 18133 16668 1238 12078 2980 1545 138 5807 1677 1463 8118 46523 900
internal_value=0.000148257 -0.00320928 0.00387927 -0.00251821 0.00319588 0.013935 0.00265919 -0.00487583 0.00359858 0.00475735 0.00554562 0.00174748 -0.00539769 -0.00718333 -0.0170395 -0.00131773 -0.00504238 0.000273596 0.00273319 0.00605464 0.00729934 0.0106923 0.00677667 0.0139205 0.00852783 -0.00348183 -6.36943e-05 0.00405232 -0.00189881 -0.00193163
internal_weight=183802 96743 87059 92139 81519 5540 74064 31087 53139 32681 28225 20458 29068 14913 4604 61052 10382 20925 17196 26426 16296 4218 2409 528 7455 7733 3140 10130 47872 1799
internal_count=183802 96743 87059 92139 81519 5540 74064 31087 53139 32681 28225 20458 29068 14913 4604 61052 10382 20925 17196 26426 16296 4218 2409 528 7455 7733 3140 10130 47872 1799
cat_boundaries=0 1
cat_threshold=15496
is_linear=0
shrinkage=0.05


Tree=59
num_leaves=31
num_cat=0
split_feature=17 10 17 10 15 11 11 10 18 10 18 19 16 11 15 10 17 16 17 18 19 10 10 19 10 19 11 15 11 10
split_gain=809.041 371.113 220.87 107.233 86.108 83.4491 80.4821 55.7841 53.9138 47.5001 43.1402 36.2613 39.7973 33.4318 32.4856 27.8268 27.9419 27.5174 50.9271 37.5337 27.7027 36.037 29.2639 26.5241 25.5314 37.2479 30.8956 24.203 34.5733 24.5498
threshold=7.1779547991026247 6.2980292833949401 8.2300583629944928 7.6978016406699554 8.3981904900284849 6.4523117665326337 7.8264411450176032 6.9579728820873044 0.029403397973934018 7.3142198319787717 0.11522242802473394 7.6438586596235041 0.019904899595063856 6.8303339860793031 6.1700722167933488 7.9386235179612585 7.8543495719381369 1.1904002499163084e-07 6.9549326913823277 0.10556227608318547 6.5487968410250446 6.4914816847614896 6.6194060950237885 6.8274054813240168 7.4682278018910955 7.5535389915062563 7.2348981604083002 6.9087370695597974 7.0035197977545716 6.8643255847119082
decision_type=8 8 10 10 8 8 10 10 8 8 10 10 10 10 10 10 10 10 10 10 10 10 8 8 8 10 10 10 10 8
left_child=1 10 3 6 -4 14 8 13 24 -10 -1 -5 -13 17 -3 16 -14 18 19 -7 21 -19 -22 -11 26 -26 -2 29 -29 -15
right_child=2 5 4 11 -6 7 -8 -9 9 23 -12 12 15 27 -16 -17 -18 20 -20 -21 22 -23 -24 -25 25 -27 -28 28 -30 -31
leaf_value=-0.0056247690901760853 0.0001143951246788344 -0.0076532111880651017 0.0023836651822120025 0.0047909055686404583 0.014185229290335678 -0.0024978336893869638 0.0042142522344100989 4.0376397284669356e-05 -0.00014518073466709413 -0.0035974224238729314 -0.0054521227655615961 0.0019635062846097731 0.0014151703118145953 -0.00049837517000768112 -0.0019610884951574369 0.0020374610925208538 -0.00036738887146188227 -0.00094864118486546198 0.00036296248289127144 -0.0017652444590817496 -0.0017317451206865454 0.00093054632820455119 -0.00074453507025626928 0.0006664656821695037 -0.00023005901883843549 0.00150546570248995 0.00019252113588197339 -0.00064848497866680792 1.7687224776796739e-05 0.00066591483915001692
leaf_weight=2710 436 970 2447 3849 3132 2809 2859 24021 17100 805 3133 1320 2777 3070 5637 5398 2671 3609 1665 2145 4259 2629 24002 39774 1161 737 1200 5476 7209 4684
leaf_count=2710 436 970 2447 3849 3132 2809 2859 24021 17100 805 3133 1320 2777 3070 5637 5398 2671 3609 1665 2145 4259 2629 24002 39774 1161 737 1200 5476 7209 4684
internal_value=0.000162499 -0.00293947 0.00371209 0.003042 0.0133312 -0.00216494 0.00212729 -0.00174694 0.00174432 0.00137702 -0.0151592 0.00670153 0.00536331 -0.00254439 -0.00757908 0.00436566 0.00184471 -0.00336592 -0.00631893 -0.00886153 -0.00279936 0.000216416 -0.00346502 0.00230846 0.00773911 0.00379347 0.0123166 -0.000891678 -0.00223689 0.001309
internal_weight=183694 98028 85666 80087 5579 92185 64072 85578 61213 57679 5843 16015 12166 61557 6607 10846 5448 41118 6619 4954 34499 6238 28261 40579 3534 1898 1636 20439 12685 7754
internal_count=183694 98028 85666 80087 5579 92185 64072 85578 61213 57679 5843 16015 12166 61557 6607 10846 5448 41118 6619 4954 34499 6238 28261 40579 3534 1898 1636 20439 12685 7754
is_linear=0
shrinkage=0.05


Tree=60
num_leaves=31
num_cat=3
split_feature=17 10 10 4 10 10 17 12 4 20 9 4 1 19 4 23 17 16 19 10 16 4 17 20 19 17 9 0 10 1
split_gain=712.315 337.409 202.277 102.298 101.572 98.4842 73.7491 66.0012 48.0096 44.9503 43.226 39.5045 42.5624 38.9199 42.1218 47.2605 43.0607 37.5006 34.0594 31.4955 28.7433 26.5551 25.4115 25.3815 24.1903 26.92 23.8499 23.3976 23.1834 22.7386
threshold=7.16763489591587 6.2980292833949401 8.2949240625415008 4.5000000000000009 6.8992188208074312 7.6978016406699554 6.1782257415122013 7.4103463658656468 10.500000000000002 0.022314142830296119 1.0000000180025095e-35 4.5000000000000009 0 6.9690323732042661 11.500000000000002 6.1942268421988436 7.5623564083547388 0.050198186187052664 7.6772935926991241 7.3814970480868451 1.0000000180025095e-35 6.5000000000000009 7.4797037160445772 0.066663075547639936 7.2907676009093381 7.9122323511931798 1.0000000180025095e-35 1 6.692703705388289 2
decision_type=8 8 10 2 10 8 10 8 2 8 2 2 1 10 2 8 8 10 8 10 8 2 10 8 10 8 2 1 8 1
left_child=1 10 3 23 6 9 28 -7 11 -5 -1 12 -8 -9 15 -15 -17 24 19 -11 -6 27 -21 -2 -18 -26 -10 -13 -3 -28
right_child=2 4 -4 5 20 7 8 13 26 18 -12 21 -14 14 -16 16 17 -19 -20 22 -22 -23 -24 -25 25 -27 29 -29 -30 -31
leaf_value=-0.0052753538330129858 0.00033316656375972367 -0.00023841030447475654 0.0079336631708255122 0.00014158991822039725 3.9222419288043045e-05 -6.5226935626094831e-05 -0.0019028206002613679 -0.00011869995929068012 -0.0015224111904108108 9.0285870989292863e-05 -0.005335189178025646 -0.00048359613581259179 -0.00068083432500565255 0.0018207564850997839 0.00092939796667437238 0.0013516641014654331 0.001103259409574986 0.0027664947238000394 -0.00078498910651594314 0.001888081364480332 -8.5017264009445988e-06 -0.00058941045400264793 0.00039205127281636279 -0.00013773342438994085 0.0018828589005988718 0.0087372186540054294 -0.0027914283842435553 0.00047968120869898992 -0.0090320093989063373 -0.0011985686521957641
leaf_weight=3875 2799 221 3120 537 991 4034 7271 2003 4549 14083 1883 4251 15860 11665 3701 2895 450 4066 3476 4792 32412 14238 5182 18821 2574 2898 1468 7556 1038 1156
leaf_count=3875 2799 221 3120 537 991 4034 7271 2003 4549 14083 1883 4251 15860 11665 3701 2895 450 4066 3476 4792 32412 14238 5182 18821 2574 2898 1468 7556 1038 1156
internal_value=0.000180159 -0.00277232 0.00346055 0.00299609 -0.0020297 0.00402367 -0.00330162 0.00582162 -0.00303422 0.00182757 -0.0145102 -0.00247682 -0.00398059 0.0066227 0.00710025 0.00784993 0.00993751 0.0114938 0.00154814 0.00221661 0.000163907 -0.00114129 0.00436635 3.23774e-05 0.0140324 0.0149488 -0.00685557 0.000611925 -0.0152701 -0.0106517
internal_weight=183865 96769 87096 83976 91011 62356 57608 34286 56349 28070 5758 49176 23131 30252 28249 24548 12883 9988 27533 24057 33403 26045 9974 21620 5922 5472 7173 11807 1259 2624
internal_count=183865 96769 87096 83976 91011 62356 57608 34286 56349 28070 5758 49176 23131 30252 28249 24548 12883 9988 27533 24057 33403 26045 9974 21620 5922 5472 7173 11807 1259 2624
cat_boundaries=0 1 2 3
cat_threshold=1 16444 2
is_linear=0
shrinkage=0.05


Tree=61
num_leaves=31
num_cat=0
split_feature=17 15 10 10 11 10 4 10 18 10 10 11 11 11 4 19 23 19 17 19 15 10 13 7 15 10 12 17 10 17
split_gain=657.611 335.464 194.832 97.3979 92.0872 67.1265 59.4744 51.8879 60.5862 50.1227 41.9541 33.7236 32.9622 31.5505 30.0043 29.2645 25.9538 29.3253 31.9762 26.8554 29.4645 25.1173 23.7954 23.2599 23.0784 58.7851 37.7354 33.3488 32.9606 27.0458
threshold=7.16763489591587 6.216661124246083 8.2949240625415008 6.5095137387474162 7.9386235179612585 7.0035197977545716 4.5000000000000009 7.3814970480868451 1.0000000180025095e-35 6.8992188208074312 6.2116030863880871 7.3142198319787717 6.9082550291486795 7.3128864978553141 11.500000000000002 7.5626114678821343 4.6328087806402438 6.9647274098113412 8.1713022845728691 7.2907676009093381 8.3981904900284849 8.5183919731893152 8.1572207036699762 1.5000000000000002 6.8013667076152702 6.7099137248553644 7.0470822496030268 6.6032281859479101 6.5532206455302013 6.7492784809647413
decision_type=8 8 10 8 10 10 2 8 8 10 10 8 10 10 2 8 8 10 8 10 8 10 10 10 8 10 10 10 10 10
left_child=1 10 4 -3 6 -6 -2 8 13 12 -1 -9 24 -8 16 -10 -13 23 -19 -20 -21 -4 -7 -18 25 27 29 28 -5 -26
right_child=2 3 21 9 5 22 7 11 15 -11 -12 14 -14 -15 -16 -17 17 18 19 20 -22 -23 -24 -25 26 -27 -28 -29 -30 -31
leaf_value=-0.0071095311748128331 1.1257308472556461e-05 -0.0020443154122022022 0.0041556623948790341 -0.00077561694068770679 0.0068827652511289639 0.0019514549099086675 -0.00013805794650167957 -6.9413066914991717e-05 0.00012945166379001451 6.2372002305188801e-06 -0.0019140980404038777 0.00098349616277073628 2.3067333963844309e-06 0.00013451042230938626 0.00037860669249762947 -0.0023827975606084185 0.011016614344625308 0.0013074943143418949 0.00099305511949481233 0.0018087398911566411 0.016944466731656862 0.020247078802487464 6.6961338423698893e-05 -0.0012070373806641666 -0.0049094586202184766 0.00040001098166380093 0.00069887211574610759 -0.0013677684063595043 0.00080537969775695828 -0.001010763335870113
leaf_weight=3509 21147 9352 1891 5675 2623 4127 68 3891 13313 33410 1158 10105 10723 441 4652 1679 182 16193 425 406 1270 1205 1882 1566 2585 5095 1488 10041 2327 11203
leaf_count=3509 21147 9352 1891 5675 2623 4127 68 3891 13313 33410 1158 10105 10723 441 4652 1679 182 16193 425 406 1270 1205 1882 1566 2585 5095 1488 10041 2327 11203
internal_value=0.000196317 -0.00264482 0.00334746 -0.00198071 0.0028933 0.00778499 0.00233282 0.0032104 0.00076608 -0.00143282 -0.0157221 0.00418971 -0.00244877 0.0177308 0.00468332 0.000190101 0.00526006 0.00630177 0.00689297 0.0126963 0.015543 0.0156654 0.00487186 0.000114416 -0.00313297 -0.00213718 -0.00464127 -0.00347642 -0.00106848 -0.00545764
internal_weight=183632 96566 87066 91899 83970 8632 75338 54191 15501 82547 4667 38690 49137 509 34799 14992 30147 20042 18294 2101 1676 3096 6009 1748 38414 23138 15276 18043 8002 13788
internal_count=183632 96566 87066 91899 83970 8632 75338 54191 15501 82547 4667 38690 49137 509 34799 14992 30147 20042 18294 2101 1676 3096 6009 1748 38414 23138 15276 18043 8002 13788
is_linear=0
shrinkage=0.05


Tree=62
num_leaves=31
num_cat=2
split_feature=15 15 11 19 4 11 11 12 20 4 4 20 15 19 4 19 15 19 18 1 19 11 21 4 4 20 11 15 20 0
split_gain=525.594 310.153 202.591 177.284 101.317 63.4929 48.6899 47.4488 44.5523 42.3036 40.694 39.8413 37.8614 31.9589 30.2527 29.1506 44.9496 63.8718 36.2743 29.1517 47.2621 28.7282 27.6674 22.5599 21.9574 21.9479 21.6214 24.7512 21.2937 19.7327
threshold=7.142729371107734 6.2621182081353917 8.272182292171534 6.7263071149029381 4.5000000000000009 7.6978016406699554 6.7171997342723353 7.4103463658656468 0.022314142830296119 11.500000000000002 3.5000000000000004 0.19079237476961111 8.5530487046315731 7.6772935926991241 10.500000000000002 6.9910751954032859 8.3981904900284849 7.6772935926991241 0.14821698440596834 0 7.6314950141955293 6.2116030863880871 7.1014287935638221 2.5000000000000004 10.500000000000002 0.066663075547639936 7.3814970480868451 7.4880225585237339 0.2381008371806482 1
decision_type=8 10 10 8 2 8 8 8 8 2 2 10 8 8 2 10 8 10 10 1 10 10 8 2 2 8 10 10 10 1
left_child=1 10 3 11 25 8 14 -7 22 15 21 -2 -4 26 -3 18 19 -18 -9 20 28 -1 -6 -8 -25 -5 -10 -28 -17 -21
right_child=2 6 12 4 5 7 23 9 13 -11 -12 -13 -14 -15 -16 16 17 -19 -20 29 -22 -23 -24 24 -26 -27 27 -29 -30 -31
leaf_value=-0.0069747723228356321 -0.0063754577081723829 -0.00088782024666871355 0.0037840735006396289 0.00025581006785118098 0.00012778490119389475 7.66493141394431e-05 -0.00076647653041390657 -0.00054396314007394426 0.00016596674955402513 0.00049719293497862971 -0.0024355158402856293 -0.0011440077451507324 0.022399986782168615 -0.00075303514103346463 -0.0022427674150966581 0.00061546772841398762 0.0027763038998667613 0.012602259296353968 0.0074506134357990922 0.001204199163830344 0.00021053037523550701 -0.002348699162581003 -0.00024639257888816604 -5.3753286446633908e-05 -0.0010773736246080469 -0.00016417915920747818 0.0017445024881177496 0.00036429477980761684 0.0056628086830635919 0.0017105150213550637
leaf_weight=2590 2112 16671 2806 3070 436 4729 9756 1980 16603 4146 2580 1136 1200 3148 3036 840 3160 2304 376 3302 5003 747 113 44685 5946 20837 4719 5644 2107 7750
leaf_count=2590 2112 16671 2806 3070 436 4729 9756 1980 16603 4146 2580 1136 1200 3148 3036 840 3160 2304 376 3302 5003 747 113 44685 5946 20837 4719 5644 2107 7750
internal_value=0.000168363 -0.00268076 0.00268122 0.00220954 0.0026225 0.00362794 -0.00186468 0.00506135 0.0019592 0.0057737 -0.0137274 -0.00926724 0.013692 0.00170187 -0.00402268 0.00650026 0.00701177 0.0110084 0.00118846 0.00586254 0.00355346 -0.0173734 0.0160747 -0.00116043 -0.000736209 -0.000168361 0.0022584 0.00405047 0.00857652 0.00752353
internal_weight=183532 86011 97521 93515 90267 66360 80094 35697 30663 30968 5917 3248 4006 30114 19707 26822 24466 5464 2356 19002 7950 3337 549 60387 50631 23907 26966 10363 2947 11052
internal_count=183532 86011 97521 93515 90267 66360 80094 35697 30663 30968 5917 3248 4006 30114 19707 26822 24466 5464 2356 19002 7950 3337 549 60387 50631 23907 26966 10363 2947 11052
cat_boundaries=0 1 2
cat_threshold=2 2396
is_linear=0
shrinkage=0.05


Tree=63
num_leaves=31
num_cat=4
split_feature=15 15 11 19 15 4 15 11 20 1 18 19 16 18 19 20 4 4 4 20 4 4 7 1 0 4 19 16 1 20
split_gain=484.283 281.814 210.784 130.705 88.6688 78.4682 56.6471 55.6403 47.4322 46.5775 44.6774 42.3203 38.2142 38.0992 50.7226 32.0878 36.9022 30.3028 29.193 26.4416 26.0548 25.3087 24.5334 22.2723 27.739 22.6397 23.8874 25.4408 23.1904 22.0082
threshold=7.0762971439062747 6.216661124246083 7.9206276965290625 6.7110850337203036 8.4585450976476171 4.5000000000000009 8.2355062975576736 6.4975285698311493 0.21787336859020884 0 0.14491567668325966 7.8022619462953067 0.047750001644481919 0.029403397973934018 7.3086927982365149 0.034083748449118129 7.5000000000000009 6.5000000000000009 10.500000000000002 0.23379719836567589 3.5000000000000004 10.500000000000002 1.0000000180025095e-35 1 2 2.5000000000000004 7.5999885645984628 0.030294187848798431 3 0.38824048265638744
decision_type=8 10 10 8 8 2 10 8 10 1 10 10 10 10 10 10 2 2 2 10 2 2 10 1 1 2 8 10 1 10
left_child=1 10 3 8 22 23 9 -3 -2 11 -1 15 -13 14 -11 16 -7 19 20 -15 -9 -17 29 24 -5 26 -25 -28 -27 -4
right_child=2 7 4 5 -6 6 -8 18 -10 13 -12 12 -14 17 -16 21 -18 -19 -20 -21 -22 -23 -24 25 -26 28 27 -29 -30 -31
leaf_value=-0.005585024662948657 -0.0058019261503936773 -0.0017897787943356837 0.0013466191196195522 0.00056355119973561241 0.014917774279426067 -0.0057060506685122636 0.0065905803400402975 -0.00072716343037955162 0.00069717186084159452 5.6337616180801579e-05 -0.0044282779282479815 0.0087403756989483002 0.0014979958468329892 0.00041991637988041401 0.00051423272722141979 0.0011577160388981157 0.0037465353665731005 5.2428600160858707e-05 -0.0012508260077020328 0.0049295453723625648 -0.00010551128567801716 7.5027152147022493e-06 0.0043361575165484561 -0.00035654214717619761 -3.1084564544903158e-05 -8.8764431640964148e-05 0.004091266709652608 0.00016984063042229104 -0.0016425621100768506 0.004365576953145967
leaf_weight=2959 2290 8764 6713 2630 1979 499 1140 17651 973 2503 1708 1686 1556 6552 2816 15266 353 28112 7084 2151 38326 3328 1933 6980 5676 3420 1242 2658 4171 750
leaf_count=2959 2290 8764 6713 2630 1979 499 1140 17651 973 2503 1708 1686 1556 6552 2816 15266 353 28112 7084 2151 38326 3328 1933 6980 5676 3420 1242 2658 4171 750
internal_value=0.000134743 -0.00290553 0.00230054 0.00153799 0.00873626 0.00188405 0.00281071 -0.00213192 -0.00829758 0.0026164 -0.0148114 0.00444288 0.00973165 0.00163289 0.00558846 0.00356114 -0.00592723 0.00106139 -0.00161312 0.00363955 -0.00123042 0.00399591 0.0067103 -0.000398663 0.00175175 -0.00136565 9.65074e-05 0.00323077 -0.00346134 0.00541002
internal_weight=183869 76492 107377 96002 11375 92739 65962 71825 3263 64822 4667 22688 3242 42134 5319 19446 852 36815 63061 8703 55977 18594 9396 26777 8306 18471 10880 3900 7591 7463
internal_count=183869 76492 107377 96002 11375 92739 65962 71825 3263 64822 4667 22688 3242 42134 5319 19446 852 36815 63061 8703 55977 18594 9396 26777 8306 18471 10880 3900 7591 7463
cat_boundaries=0 1 2 3 4
cat_threshold=1 4 16900 2
is_linear=0
shrinkage=0.05


Tree=64
num_leaves=31
num_cat=2
split_feature=17 15 10 10 4 10 11 10 10 4 15 11 4 10 15 10 19 15 19 4 19 19 16 7 10 0 4 10 16 0
split_gain=511.797 280.676 166.611 92.3448 71.3921 66.9375 56.2402 43.9535 37.0894 34.3031 33.0182 27.6062 27.189 26.5918 27.8582 33.5862 26.1328 35.2751 62.2119 25.8748 23.5658 23.5169 23.1562 23.0314 22.8937 22.4489 21.4877 20.9559 32.8091 34.0103
threshold=7.1935566518898204 6.216661124246083 8.3489936997640886 6.5095137387474162 4.5000000000000009 7.6978016406699554 7.4404391602237441 6.8992188208074312 6.2116030863880871 11.500000000000002 7.6917217173580212 7.1902991025390088 3.5000000000000004 7.4040633484516265 6.9087610166783255 6.9541615378757635 6.9690323732042661 8.4585450976476171 7.6886576956287334 10.500000000000002 8.3531820737346596 7.1682282651360252 0.090232561718876989 1.5000000000000002 8.6135932733793492 0 3.5000000000000004 7.4103463658656468 1.1904002499163084e-07 1
decision_type=8 8 10 8 2 8 8 10 10 2 8 10 2 10 8 10 10 8 10 2 10 8 10 10 10 1 2 10 10 1
left_child=1 8 4 -3 21 10 -7 11 12 16 27 19 -1 14 22 -16 23 20 -19 26 25 -2 -9 -8 -4 -18 -5 28 29 -6
right_child=2 3 24 7 5 6 9 13 -10 -11 -12 -13 -14 -15 15 -17 17 18 -20 -21 -22 -23 -24 -25 -26 -27 -28 -29 -30 -31
leaf_value=-0.00689956616296219 -0.0024925756396675159 -0.0019220677854731251 0.0042520848795072124 -0.00093926761164908612 9.5684019773134574e-05 -0.00013102505709490232 0.017900807716059286 0.00019004003992222353 -0.00139428699546984 0.00073724972920108378 -0.00079729682960500987 0.0019914454840731731 -0.0036143334004312688 0.0054178104833951359 -0.00095646998623748485 2.0837176048660314e-05 0.0011510561498757621 0.0027973994331413898 0.012854931800845871 -0.0013792204072281768 -0.0011017072946694739 0.00012470582209691549 0.00013755931385834864 -0.00085760109323993481 0.021073670793658295 0.0018591084645691591 -0.00021333858778664895 0.00088268941872671203 5.9356461853044001e-05 -3.0812506643584924e-05
leaf_weight=2298 1401 9324 1897 13777 531 3874 156 2834 1160 3862 3043 1406 1169 954 4300 24452 5308 2660 2135 6103 581 19251 3285 1612 907 13610 29136 9574 12743 408
leaf_count=2298 1401 9324 1897 13777 531 3874 156 2834 1160 3862 3043 1406 1169 954 4300 24452 5308 2660 2135 6103 581 19251 3285 1612 907 13610 29136 9574 12743 408
internal_value=0.000231972 -0.00217769 0.00312167 -0.00159541 0.00270561 0.00357713 0.00504912 -0.00108439 -0.0142047 0.00578298 0.00168543 -0.00203582 -0.0167941 0.00025471 2.93941e-05 -0.000622565 0.00643466 0.00686178 0.0107039 -0.00223396 0.00591697 0.000169475 0.00309283 0.000565611 0.0151034 0.00622159 -0.00180074 0.00232628 0.00107075 0.0100905
internal_weight=183751 100198 83553 95571 80749 60097 33798 86247 4627 29924 26299 50422 3467 35825 34871 28752 26062 24294 4795 49016 19499 20652 6119 1768 2804 18918 42913 23256 13682 939
internal_count=183751 100198 83553 95571 80749 60097 33798 86247 4627 29924 26299 50422 3467 35825 34871 28752 26062 24294 4795 49016 19499 20652 6119 1768 2804 18918 42913 23256 13682 939
cat_boundaries=0 1 2
cat_threshold=10588 4
is_linear=0
shrinkage=0.05


Tree=65
num_leaves=31
num_cat=5
split_feature=17 17 17 12 12 12 4 12 4 19 1 23 19 17 4 4 1 4 19 9 4 7 0 1 23 4 4 20 9 1
split_gain=483.989 260.6 166.102 59.5524 58.1696 39.376 38.6491 31.5916 27.819 38.1283 30.3424 28.7261 36.8465 29.806 27.4085 33.9787 47.5385 34.9012 26.9008 25.5458 24.4784 24.4239 22.6659 20.8195 20.6803 18.5542 22.3461 18.3039 17.5502 20.7478
threshold=7.16763489591587 6.2067729615038676 8.2300583629944928 7.9386235179612585 6.463808880305316 8.4131645053506663 3.5000000000000004 7.0854828791590796 10.500000000000002 6.5487968410250446 0 6.2803556814810788 7.5207401072216662 8.1987510027762145 10.500000000000002 4.5000000000000009 1 6.5000000000000009 7.8938077595985581 1.0000000180025095e-35 1.5000000000000002 1.0000000180025095e-35 2 3 0.82446862701750179 9.5000000000000018 6.5000000000000009 0.026820862412156334 1.0000000180025095e-35 4
decision_type=8 10 10 10 8 8 2 10 2 10 1 8 10 8 2 2 1 2 10 2 2 10 1 1 10 2 2 10 2 1
left_child=1 19 3 6 -3 -4 22 14 9 10 -8 18 25 23 15 16 -6 -17 27 -1 -18 -5 24 -14 -2 26 -13 -11 -16 -30
right_child=2 4 5 21 7 -7 8 -9 -10 11 -12 12 13 -15 28 17 20 -19 -20 -21 -22 -23 -24 -25 -26 -27 -28 -29 29 -31
leaf_value=-0.0062912752303212922 0.00054416010505748964 -0.0018407655597156847 0.0019887754916052547 0.0013873009542813008 -0.0014786634501996244 0.0093842384578339821 -0.010538458500237137 0.00014312399535865161 0.00011493088467120494 9.0899818784473407e-05 0.00063173254063819684 0.00097411568177028238 0.00061804798763396293 0.015082394450733361 -0.00092348216046342921 0.00025770005542224972 -0.0012247524617656769 -0.00035186377981215604 -0.00092468440133748337 -0.0050960133843047208 -0.00010227203360160254 0.0050111021840408389 -0.00020370045210027499 0.001552453996250769 0.00035797430912136723 0.002381627831704103 5.3317029104227313e-05 0.00058993758512682071 -0.0023220866479635393 -0.00076230781128476814
leaf_weight=2722 367 7631 2164 5277 8299 3392 713 13703 13512 618 930 5247 1393 513 5641 14479 4341 20418 1536 1490 15678 1645 15475 4722 1788 1516 5754 20444 1145 1320
leaf_count=2722 367 7631 2164 5277 8299 3392 713 13703 13512 618 930 5247 1393 513 5641 14479 4341 20418 1536 1490 15678 1645 15475 4722 1788 1516 5754 20444 1145 1320
internal_value=0.000159757 -0.00227141 0.00286647 0.00229589 -0.00171847 0.0112311 0.00188386 -0.00134315 0.00251766 0.00313465 -0.00433658 0.00342872 0.00485375 0.00786814 -0.00176561 -0.00141462 -0.00270146 -0.000370376 0.00222144 -0.0144349 -0.00138244 0.00673216 -0.000161656 0.00689697 0.00463048 0.00325757 0.00254295 0.0026873 -0.00450284 -0.00802231
internal_weight=183873 96867 87006 81450 92655 5556 74528 85024 56898 43386 1643 41743 19145 6628 71321 63215 28318 34897 22598 4212 20019 6922 17630 6115 2155 12517 11001 21062 8106 2465
internal_count=183873 96867 87006 81450 92655 5556 74528 85024 56898 43386 1643 41743 19145 6628 71321 63215 28318 34897 22598 4212 20019 6922 17630 6115 2155 12517 11001 21062 8106 2465
cat_boundaries=0 1 2 3 4 5
cat_threshold=1 1 4100 2 2
is_linear=0
shrinkage=0.05


Tree=66
num_leaves=31
num_cat=0
split_feature=10 15 19 15 10 18 23 11 10 15 18 19 11 10 10 12 18 10 15 10 19 10 4 11 10 18 12 19 10 15
split_gain=369.891 260.59 176.378 129.959 100.352 98.9445 64.5152 61.1406 55.542 52.0393 46.816 35.3821 31.8692 30.3546 28.4285 29.1587 27.5033 27.366 32.3984 33.085 27.1309 25.7506 24.808 23.7737 22.293 21.6092 20.868 20.2799 20.0431 29.9522
threshold=6.2980292833949401 7.3999095143819487 7.7888644411076262 8.3981904900284849 7.2089702972815557 0.0097234701318512032 0.6931071725578114 6.6864847774674381 7.9571757909813918 6.1929253147626779 0.11603700860635618 7.8524163284590314 7.6978016406699554 8.5570866396637921 6.6483364617940532 6.5228275521598329 0.051385596461368692 7.6978016406699554 7.4880225585237339 7.4103463658656468 7.737826801457504 7.4974835395764439 10.500000000000002 7.4682278018910955 6.197461422143415 0.13641875424532432 7.6016521472294505 8.2362778391612128 7.4974835395764439 7.6917217173580212
decision_type=8 10 10 10 10 10 10 8 8 10 10 10 8 8 8 8 10 10 10 10 10 10 2 10 10 10 10 10 10 10
left_child=10 2 4 8 7 -6 27 9 11 25 24 17 -10 -5 -9 -16 -14 18 19 -3 -18 -7 -11 26 -1 -2 -17 -4 -20 -30
right_child=1 3 6 13 5 21 -8 14 12 22 -12 -13 16 -15 15 23 20 -19 28 -21 -22 -23 -24 -25 -26 -27 -28 -29 29 -31
leaf_value=-0.0058864564250604269 -0.006384278084566342 -4.1063617795611411e-05 0.0076901912327878019 0.0022806211293506353 9.972561360491739e-05 0.00017888353837036686 -0.004218072543666085 -0.0014445579608811433 0.00028071685756492215 -0.00064442207523263129 -0.0040969170677817249 -0.0005871902529939188 0.001893767282713843 0.015086098001858783 -0.0032205082537959842 -0.00013293620439505104 0.0038125182250506209 0.0013815210559405822 -0.00066569683606356735 0.0015791592366283247 0.0013185886409341264 0.0047124576227499659 -0.0019125614224005051 0.0032927425548101353 -0.0024497819030478763 -0.0028481955351779224 0.0075835960101924733 0.019390336438780409 0.00041439608569109336 -0.0011285767856988205
leaf_weight=1413 1022 2309 1686 920 1121 16982 362 4910 3823 15721 3113 4150 1682 1581 1485 81359 3440 5842 3371 3451 8998 1490 2822 1082 1321 668 337 761 5297 1265
leaf_count=1413 1022 2309 1686 920 1121 16982 362 4910 3823 15721 3113 4150 1682 1581 1485 81359 3440 5842 3371 3451 8998 1490 2822 1082 1321 668 337 761 5297 1265
internal_value=0.00015861 0.000565228 -0.000566733 0.00379967 -0.000836634 0.00245879 0.0118281 -0.0014268 0.00316425 -0.00390822 -0.0122157 0.00167316 0.00529872 0.014884 -0.00086377 -0.000648268 0.00639518 0.00248781 0.00140031 0.00438368 0.0055837 0.00158348 -0.0031427 -0.00052369 -0.0169898 -0.0123077 -0.000621205 0.0147425 -0.000329709 0.0012801
internal_weight=183784 177937 131808 46129 128999 19593 2809 109406 43628 20233 5847 25685 17943 2501 89173 84263 14120 21535 15693 5760 12438 18472 18543 82778 2734 1690 81696 2447 9933 6562
internal_count=183784 177937 131808 46129 128999 19593 2809 109406 43628 20233 5847 25685 17943 2501 89173 84263 14120 21535 15693 5760 12438 18472 18543 82778 2734 1690 81696 2447 9933 6562
is_linear=0
shrinkage=0.05


Tree=67
num_leaves=31
num_cat=2
split_feature=10 12 10 11 10 11 15 18 15 10 15 4 1 19 4 10 15 15 4 0 16 10 19 4 18 10 15 18 11 20
split_gain=337.834 222.181 136.975 113.484 96.7972 64.581 54.0441 50.3465 41.5631 35.8449 45.8322 37.7418 41.8496 31.9314 28.787 28.6798 27.1006 26.1864 25.9555 24.4535 27.3813 22.9805 21.1663 20.2199 20.1344 21.5809 19.6992 19.6187 19.1014 18.7613
threshold=6.3126414277150058 7.9199014799889058 7.3142198319787717 7.6978016406699554 8.3489936997640886 6.6864847774674381 8.3981904900284849 0.11522242802473394 6.1929253147626779 6.8303339860793031 6.8013667076152702 4.5000000000000009 0 7.2796229773130463 6.5000000000000009 6.7609937299437428 8.7983821770676496 8.1567087778626295 2.5000000000000004 1 0.0087760965597175316 6.197461422143415 7.971220347293781 10.500000000000002 1.0000000180025095e-35 7.8264411450176032 5.9811921524785587 0.0097234701318512032 7.3814970480868451 0.038510926085197551
decision_type=8 10 10 10 8 8 8 10 10 8 8 2 1 10 2 10 8 8 2 1 8 10 10 2 10 10 8 8 8 10
left_child=7 2 3 5 -3 8 13 21 -2 10 15 12 18 -4 29 -7 -6 -5 27 20 28 -1 -22 -10 -8 -26 -9 -11 -16 -13
right_child=1 4 6 17 16 9 24 26 23 11 -12 14 -14 -15 19 -17 -18 -19 -20 -21 22 -23 -24 -25 25 -27 -28 -29 -30 -31
leaf_value=-0.005562005807216908 -0.0050580556672457089 0.00099259484810452223 0.0028257819551551489 0.001872978867802222 0.0042752806458624453 -0.00036391178241592661 0.013373052277058806 -0.015432558256009711 -0.00055507798143121794 8.6276245058902748e-05 -0.0017521448583656342 -0.00025113151416955581 -0.00065913353277107238 0.00038532436569909127 8.1368547165006078e-05 0.00073829069401891716 0.022245624331137217 0.0088690641511584237 0.00051578682142867655 -7.9609665559665651e-05 0.00040900291705656681 -0.0021869052142450495 0.013720232943920574 -0.0017352155614012599 0.00083869546193722228 0.0069799321969377997 -0.0024206963684156868 -0.00040289443438639165 -0.0001795532657491883 0.00069004892316875126
leaf_weight=1386 1680 6539 4297 2252 3833 7386 420 366 15013 229 5995 1332 21065 27239 497 1820 899 910 6069 35963 7719 1768 296 2775 809 841 3335 5577 88 14887
leaf_count=1386 1680 6539 4297 2252 3833 7386 420 366 15013 229 5995 1332 21065 27239 497 1820 899 910 6069 35963 7719 1768 296 2775 809 841 3335 5577 88 14887
internal_value=0.000186458 0.00060959 0.000146071 -0.000581705 0.00740174 -0.000812168 0.002995 -0.0107039 -0.00346466 -0.000338083 -0.00259029 2.72081e-05 -0.00133576 0.00248129 0.000765852 -0.000374756 0.0128487 0.00877609 0.00103789 0.000109396 0.0025029 -0.0153456 0.00174361 -0.00275467 0.0108213 0.00833333 -0.00674818 -0.00135205 0.0129487 0.00256952
internal_weight=183285 176430 165159 131553 11271 128391 33606 6855 19468 108923 15201 93722 32940 31536 60782 9206 4732 3162 11875 44563 8600 3154 8015 17788 2070 1650 3701 5806 585 16219
internal_count=183285 176430 165159 131553 11271 128391 33606 6855 19468 108923 15201 93722 32940 31536 60782 9206 4732 3162 11875 44563 8600 3154 8015 17788 2070 1650 3701 5806 585 16219
cat_boundaries=0 1 2
cat_threshold=4 326
is_linear=0
shrinkage=0.05


Tree=68
num_leaves=31
num_cat=0
split_feature=17 10 10 10 10 20 12 17 18 10 12 15 10 18 15 10 19 12 10 17 17 19 17 16 10 15 23 19 12 15
split_gain=349.536 210.247 141.564 58.2361 53.2266 67.2028 45.5617 45.5052 42.7917 28.0243 27.9987 27.5417 45.5547 27.675 27.2857 36.3738 26.2449 23.8119 18.9253 58.5305 31.9679 30.7835 34.5269 72.3157 24.7459 32.3227 23.1583 20.4788 18.1024 17.6725
threshold=7.16763489591587 6.2980292833949401 8.3489936997640886 6.8303339860793031 7.4974835395764439 1.0000000180025095e-35 7.4103463658656468 6.1782257415122013 0.11522242802473394 8.7444801799369358 7.1643335315572036 6.9087610166783255 6.9541615378757635 0.02721958419886766 7.4880225585237339 7.4103463658656468 6.6768410585156852 8.519886444761223 7.9386235179612585 7.8543495719381369 7.303436350980216 7.1150532474838988 7.7751994873538148 0.052153789963222195 7.764718292812792 7.6917217173580212 0.6931071725578114 7.4037590519248626 7.577377095608937 5.9811921524785587
decision_type=8 8 10 10 8 8 8 10 10 10 10 10 10 10 8 10 8 10 8 10 10 10 8 10 10 10 10 10 10 8
left_child=1 8 4 7 5 -2 -6 -3 -1 -4 -9 13 -13 -5 15 -7 -8 18 19 20 -18 26 28 27 25 -22 -20 -24 -23 -10
right_child=2 3 9 11 6 14 16 10 29 -11 -12 12 -14 -15 -16 -17 17 -19 21 -21 24 22 23 -25 -26 -27 -28 -29 -30 -31
leaf_value=-0.0034418597328594648 7.7300119806755779e-05 -0.005903968821670969 0.0037600481889014329 8.0155598212128265e-05 -0.00016222026525851698 -9.2447047661536893e-08 -0.0054011297270850633 -0.00059674535841431904 -0.014407429438741161 0.02113334311458033 0.001325334040810744 -0.00092528013322379365 6.0028890100927157e-05 0.00031805933930106889 -0.00073833833362411125 0.0012619952050747286 0.0091129138167274967 0.016282511920136945 -0.0010009932911334563 -0.00067952306144896117 0.00063711720754411338 0.00043667264881297463 0.0018165365248311582 0.0012919092582809101 0.0018690250309239432 -0.00051383993719198438 0.0094015280042286445 0.003570244264782918 0.0020720386997082232 -0.0027764154434812838
leaf_weight=2726 513 1243 2096 466 6770 21353 432 51052 365 691 1704 5006 22436 9111 5358 3964 535 396 2866 3514 6983 7615 736 8353 3711 2336 294 5712 2907 2757
leaf_count=2726 513 1243 2096 466 6770 21353 432 51052 365 691 1704 5006 22436 9111 5358 3964 535 396 2866 3514 6983 7615 736 8353 3711 2336 294 5712 2907 2757
internal_value=0.000133287 -0.0019336 0.002431 -0.00134314 0.00206466 0.000424843 0.00302671 -0.00239032 -0.0111235 0.0135181 -0.00216753 0.000184365 -0.00062131 0.00249295 0.000124694 0.00081072 0.0035859 0.00370121 0.0035951 0.00227911 0.00376889 0.00438419 0.00496485 0.00652152 0.00327705 0.00190203 -0.000268987 0.0104994 0.00277514 -0.00712684
internal_weight=184001 96866 87135 91018 84348 31188 53160 53999 5848 2787 52756 37019 27442 9577 30675 25317 46390 45958 45562 17079 13565 28483 25323 14801 13030 9319 3160 6448 10522 3122
internal_count=184001 96866 87135 91018 84348 31188 53160 53999 5848 2787 52756 37019 27442 9577 30675 25317 46390 45958 45562 17079 13565 28483 25323 14801 13030 9319 3160 6448 10522 3122
is_linear=0
shrinkage=0.05


Tree=69
num_leaves=31
num_cat=2
split_feature=17 10 10 11 10 11 0 17 7 16 10 10 10 11 4 4 17 20 19 10 10 16 9 19 3 0 11 17 10 20
split_gain=314.651 201.59 137.347 49.719 66.1332 43.7941 38.96 33.5479 33.5298 33.445 31.1574 26.9489 23.3322 21.9221 21.7342 23.5137 21.3206 20.8772 20.679 19.2806 19.152 17.7934 17.761 17.4872 17.4445 17.4078 17.3033 17.1534 16.5062 15.7664
threshold=7.1779547991026247 6.2980292833949401 8.3208116111730011 7.9386235179612585 7.0035197977545716 6.5701821913769409 0 8.2626584699169889 1.0000000180025095e-35 0.1258726441417275 7.9199014799889058 8.6135932733793492 6.9541615378757635 7.3128864978553141 4.5000000000000009 10.500000000000002 6.1102516108581968 0.066663075547639936 7.1938252568753018 7.1712726506405104 6.6100226439425702 1.0000000180025095e-35 1.0000000180025095e-35 8.2027777531673554 1.5000000000000002 1 6.197461422143415 6.5946718664883468 6.1664671725598819 1.0000000180025095e-35
decision_type=8 8 10 10 10 8 1 10 10 10 10 10 8 10 2 2 10 8 10 8 8 8 2 10 2 1 10 10 10 10
left_child=1 6 3 7 -5 8 28 10 -3 -9 12 -4 -2 16 17 22 -7 -14 20 -15 27 -22 -16 -6 -23 -8 -10 -18 -1 -17
right_child=2 5 11 4 23 13 25 9 26 -11 -12 -13 14 19 15 29 18 -19 -20 -21 21 24 -24 -25 -26 -27 -28 -29 -30 -31
leaf_value=-0.0060026873928839654 -0.0042022251110338752 -0.00056260504913130394 0.003120027411593629 0.0053075779201568812 0.0010877389699207375 -0.010759694501983774 -0.00050781233176362412 0.012119342767829711 -0.0057215185266445536 -0.0017925145190084814 0.0019284520086469748 0.017320450526368793 0.00022339410911786928 -0.0014805014660177918 0.00055133192235101713 0.00027564119491378934 -0.00030110367731983612 -0.00016184173838380557 -0.0015052997973227457 0.0023615949015937335 7.0469590379707014e-05 0.00012309767069371703 -0.0025297176227928823 -0.00079951466765302301 -0.00025913481342909606 -0.0039121856076056449 -0.0017568969624933706 -0.0024158488662774594 -0.0021427460964481781 -9.6096870416984009e-05
leaf_weight=786 1332 8242 2078 2576 4908 278 841 691 833 270 3210 889 2694 571 36382 486 2824 17122 3458 1601 1973 19819 178 1152 47309 3296 3346 2073 826 11767
leaf_count=786 1332 8242 2078 2576 4908 278 841 691 833 270 3210 889 2694 571 36382 486 2824 17122 3458 1601 1973 19819 178 1152 47309 3296 3346 2073 826 11767
internal_value=0.000151378 -0.0017828 0.00236397 0.00198507 0.0055755 -0.00121714 -0.0108671 0.0015668 -0.00397915 0.0108481 0.0014449 0.0129339 0.0012239 -0.000787801 0.00135111 0.00191803 -0.000926236 -4.54178e-05 -0.000876627 0.00416667 -0.000700019 -0.000485883 0.00255334 0.00272277 -0.000623436 -0.00822884 -0.00762742 -0.00372167 -0.0174784 2.24435e-05
internal_weight=183811 98076 85735 82768 8636 92327 5749 74132 12421 961 73171 2967 69961 79906 68629 48813 77734 19816 77456 2172 73998 69101 36560 6060 67128 4137 4179 4897 1612 12253
internal_count=183811 98076 85735 82768 8636 92327 5749 74132 12421 961 73171 2967 69961 79906 68629 48813 77734 19816 77456 2172 73998 69101 36560 6060 67128 4137 4179 4897 1612 12253
cat_boundaries=0 1 2
cat_threshold=13440 334
is_linear=0
shrinkage=0.05


Tree=70
num_leaves=31
num_cat=4
split_feature=10 10 15 19 10 15 4 10 20 15 0 20 12 4 12 4 4 1 4 0 0 15 10 15 10 20 23 20 23 5
split_gain=278.222 174.444 111.812 109.866 56.1041 45.7753 41.9639 44.7589 39.7509 38.9684 38.1954 37.6904 29.0029 25.6235 25.0557 24.8178 27.8569 26.0606 24.6743 21.44 20.6718 20.2552 27.0636 28.717 20.4724 18.1373 17.9703 17.6976 22.8861 25.9444
threshold=6.4651072450961715 8.2041239973879385 7.1910967941341619 6.7263071149029381 6.2116030863880871 8.5530487046315731 4.5000000000000009 7.6978016406699554 1.0000000180025095e-35 6.1929253147626779 0 0.19079237476961111 8.2949240625415008 11.500000000000002 7.4103463658656468 10.500000000000002 4.5000000000000009 1 6.5000000000000009 2 3 7.6917217173580212 7.4040633484516265 7.4880225585237339 7.577377095608937 0.066663075547639936 1.2220457835734273 0.14605895627485491 6.5225812376602077 1.0000000180025095e-35
decision_type=8 10 8 8 10 8 2 8 8 10 1 10 10 2 8 2 2 1 2 1 1 10 10 10 10 8 8 10 8 2
left_child=4 2 9 11 10 -3 25 8 26 -2 -1 -4 13 14 -9 16 17 -11 19 -18 -19 22 -10 -24 -25 -5 -8 28 -22 -30
right_child=1 5 3 6 -6 -7 7 12 21 15 -12 -13 -14 -15 -16 -17 18 20 -20 -21 27 -23 23 24 -26 -27 -28 -29 29 -31
leaf_value=-0.005590329398056682 -0.0047627922630931081 0.0021919030378144909 -0.0052228225371407037 0.00019338504618888753 -0.0014458980509649778 0.015761499532386394 4.5868517698899329e-05 8.4719023597257259e-05 -2.3581325830024369e-05 -0.00089340317365786963 -0.0042325562524990539 0.00010129360079753625 0.0077255832490418898 -2.2022666336818378e-05 0.0014440337072399779 -0.00085240393969261425 -6.3476458163513882e-05 0.00017391712541758864 -0.00011530795380529924 0.00064240269475144282 0.00013582764686468352 -0.0011071416862777905 0.0014750781102782274 -0.00033273503278632435 0.00070420115648313082 -0.00011404697751191684 -0.00044522092749934574 -0.0014993825915823767 -0.00098441125013051258 0.00097877327043276456
leaf_weight=1797 1000 3717 2000 2804 7669 1216 357 3735 14265 8558 1358 997 1056 4193 24721 8801 6136 7227 25174 9805 6458 1807 5000 2872 3120 19041 38 5343 2982 723
leaf_count=1797 1000 3717 2000 2804 7669 1216 357 3735 14265 8558 1358 997 1056 4193 24721 8801 6136 7227 25174 9805 6458 1807 5000 2872 3120 19041 38 5343 2982 723
internal_value=0.000164157 0.000650318 0.000378538 0.00163884 -0.00761271 0.0099179 0.0019784 0.00265025 0.00115172 -0.000940005 -0.013225 -0.0077661 0.00387109 0.00360731 0.004145 -0.000819203 -0.00051446 -0.00163865 0.000341116 0.00188037 -0.00075331 0.000921889 0.00128776 0.00315229 0.000817757 9.72763e-05 0.0168987 -0.00178203 -0.000558398 -0.00369096
internal_weight=183970 173146 168213 86006 10824 4933 83009 61164 27459 82207 3155 2997 33705 32649 28456 81207 72406 31291 41115 15941 22733 27064 25257 10992 5992 21845 395 15506 10163 3705
internal_count=183970 173146 168213 86006 10824 4933 83009 61164 27459 82207 3155 2997 33705 32649 28456 81207 72406 31291 41115 15941 22733 27064 25257 10992 5992 21845 395 15506 10163 3705
cat_boundaries=0 1 2 3 4
cat_threshold=16000 1 16476 49988
is_linear=0
shrinkage=0.05


Tree=71
num_leaves=31
num_cat=2
split_feature=17 10 10 10 20 15 4 11 0 17 11 4 19 11 7 20 9 15 4 0 19 7 23 17 16 19 16 4 19 10
split_gain=255.303 156.871 125.848 62.1632 73.1714 53.1496 43.4201 41.7867 41.2433 41.1349 40.8476 34.4868 28.4779 24.8577 27.0966 23.6142 20.6268 20.1177 19.7119 21.4205 18.9973 22.3138 20.2551 30.473 35.4996 26.1513 19.4679 19.0539 18.9024 25.7075
threshold=7.0553740558561406 6.2832004539834054 8.4367383964734284 7.3142198319787717 0.022314142830296119 6.1700722167933488 3.5000000000000004 7.9206276965290625 0 6.7910581856836627 7.1674235306143332 10.500000000000002 7.9227007889779211 8.3436726137160147 1.0000000180025095e-35 0.18423945194150484 1.0000000180025095e-35 5.9811921524785587 3.5000000000000004 1 6.9601892265448315 1.5000000000000002 6.2803556814810788 7.8978964357955705 0.059267637884018932 7.3974611996346527 0.015999237457950625 10.500000000000002 6.5879707207896088 6.7010385181034522
decision_type=8 8 10 8 8 10 2 8 1 10 10 2 8 10 10 10 2 10 2 1 10 10 8 8 10 10 10 2 10 8
left_child=1 8 3 4 10 9 -5 12 -1 15 -2 18 -8 20 -15 -3 -13 -10 19 -7 21 -9 -22 27 25 -25 -27 -24 -20 -30
right_child=2 5 -4 6 -6 11 7 13 17 -11 -12 16 -14 14 -16 -17 -18 -19 28 -21 22 -23 23 24 -26 26 -28 -29 29 -31
leaf_value=-0.0033325347680586148 -0.0001967541526274097 -0.0046607656169914691 0.0090342504377308504 -2.5704194591380515e-05 -9.8857766956372833e-05 -4.3830863918170596e-05 0.00048199666631107977 0.011846585175541869 -0.013491369291795575 -0.00024219095566384576 5.7258469050269768e-05 -0.00071098716666848647 -0.001537122209830666 0.0011334464742380312 0.010412614338600079 -0.0023078944241447185 -0.0013723737955181115 -0.0022390152230990614 0.00053608759244483384 -0.0009032674783084893 0.00085801191421697176 -0.0010742272741758542 0.0012646622839242118 0.0016677720426966581 0.0011843066446120432 0.011103644020481897 0.0012942960467601683 -0.00044119721524527034 -0.0011318423099139219 2.0926911966023812e-05
leaf_weight=1577 164 2486 1763 14397 30730 9469 26799 187 482 2676 497 4748 1976 911 689 1432 2781 3628 7906 9356 10719 2095 5793 773 1898 2140 1237 1634 4890 27929
leaf_count=1577 164 2486 1763 14397 30730 9469 26799 187 482 2676 497 4748 1976 911 689 1432 2781 3628 7906 9356 10719 2095 5793 773 1898 2140 1237 1634 4890 27929
internal_value=0.000146657 -0.00199093 0.00177152 0.001544 -0.000309802 -0.0013733 0.00236077 0.00298192 -0.00999209 -0.00565666 0.0161498 -0.000952235 0.00164292 0.00435425 0.0104063 -0.00892037 -0.00414066 -0.00729369 -0.000549118 -0.00188712 0.00398852 -0.00037248 0.00439985 0.00569017 0.00832507 0.0109157 0.0128146 0.0035445 6.93677e-05 -0.000459338
internal_weight=183762 79360 104402 102639 31391 73673 71248 56851 5687 6594 661 67079 28775 28076 1600 3918 7529 4110 59550 18825 26476 2282 24194 13475 6048 4150 3377 7427 40725 32819
internal_count=183762 79360 104402 102639 31391 73673 71248 56851 5687 6594 661 67079 28775 28076 1600 3918 7529 4110 59550 18825 26476 2282 24194 13475 6048 4150 3377 7427 40725 32819
cat_boundaries=0 1 2
cat_threshold=13440 50036
is_linear=0
shrinkage=0.05


Tree=72
num_leaves=31
num_cat=1
split_feature=10 11 10 10 11 18 19 16 10 19 10 19 4 4 20 19 11 20 23 18 20 10 11 20 0 18 10 19 18 11
split_gain=222.868 146.905 97.4 94.0924 57.4059 47.8503 42.8839 42.5694 41.1808 41.1248 37.9874 33.8732 29.4026 25.3595 35.1227 28.0309 22.6539 22.0458 21.961 34.6255 21.802 27.1467 25.4475 21.5858 24.5442 20.9014 20.732 20.5042 20.2583 19.8564
threshold=6.3126414277150058 7.9386235179612585 7.4103463658656468 8.4666363294987992 6.8303339860793031 0.11522242802473394 8.1112974079172862 0.14375775147513589 8.2041239973879385 7.2796229773130463 6.4523117665326337 6.7752091275127126 4.5000000000000009 10.500000000000002 0.097366006089747811 7.5626114678821343 8.7719603986732384 0.022314142830296119 7.098056190590488 0.02263521046826018 0.022314142830296119 7.3482644339574383 7.1674235306143332 0.14605895627485491 0 inf 6.197461422143415 8.2027777531673554 0.090622505831806505 6.197461422143415
decision_type=8 10 10 8 8 10 10 10 10 10 10 8 2 2 10 10 10 10 8 10 8 8 10 10 1 8 10 10 10 10
left_child=5 2 4 27 10 26 12 -8 9 -4 29 -12 18 14 15 20 28 -15 19 -6 21 22 -14 -21 -25 -11 -1 -3 -5 -2
right_child=1 3 8 16 6 -7 7 -9 -10 25 11 -13 13 17 -16 -17 -18 -19 -20 23 -22 -23 -24 24 -26 -27 -28 -29 -30 -31
leaf_value=-0.0044648262479516591 -0.0050055948401713573 0.0011393862515096664 0.0039719173569079834 0.0050268234037382344 0.00011987974224236808 -0.0025998411847304227 0.0099150446492530797 -0.0044471282027620518 0.0049574970027458148 0.00033829930860644901 0.00017902678479240209 -0.00096544888152207966 1.9247396010202424e-05 0.00024604664710481394 0.00068773839435549717 0.0012945732068426975 0.020356069363155704 -0.00048657190177330283 -0.00079794922582236976 0.00011261358548892987 -8.2742216948750172e-05 -0.00030299130887780914 4.0712168361434209e-05 -0.0011353099004840939 0.00020299156489276272 0.011191572801965567 -0.001631480887431458 -0.00062642524412250824 0.003839616597202289 -0.0010229933736263241
leaf_weight=1426 929 5415 3127 913 633 3697 1064 297 1345 23722 10495 6986 200 498 29462 1244 616 12722 12658 13833 24961 218 313 6369 4270 142 1815 1710 2238 10593
leaf_count=1426 929 5415 3127 913 633 3697 1064 297 1345 23722 10495 6986 200 498 29462 1244 616 12722 12658 13833 24961 218 313 6369 4270 142 1815 1710 2238 10593
internal_value=0.000135528 0.000480158 0.000111241 0.0061054 -0.000437947 -0.00865523 8.9202e-05 0.00890889 0.00278091 0.00235541 -0.00241441 -0.000945312 -2.25831e-05 0.000586774 0.0010488 -0.000256163 0.0124967 -0.00138427 -0.00114596 -0.000289783 -0.000611085 0.00790014 0.0141813 -0.000588428 -0.0022817 0.00164893 -0.0130901 0.00272632 0.0107823 -0.00464329
internal_weight=183911 176973 166081 10892 137745 6938 108742 1361 28336 26991 29003 17481 107381 69618 56398 26936 3767 13220 37763 25105 25692 731 513 24472 10639 23864 3241 7125 3151 11522
internal_count=183911 176973 166081 10892 137745 6938 108742 1361 28336 26991 29003 17481 107381 69618 56398 26936 3767 13220 37763 25105 25692 731 513 24472 10639 23864 3241 7125 3151 11522
cat_boundaries=0 1
cat_threshold=10809
is_linear=0
shrinkage=0.05


Tree=73
num_leaves=31
num_cat=4
split_feature=17 17 11 15 18 4 1 17 15 4 15 4 20 16 17 18 15 11 17 0 20 11 13 0 18 4 18 0 21 21
split_gain=220.307 129.439 125.713 48.7418 53.4775 43.7013 51.3917 35.2079 32.9758 32.6982 30.2 27.9393 31.0958 26.8317 26.4416 24.2217 23.7597 21.3377 29.0408 20.9837 19.9285 19.2802 19.2136 20.3947 20.0243 19.1964 18.7629 17.9913 17.3642 16.9212
threshold=7.0732312751413611 6.1465386788760581 8.3436726137160147 6.4309616742704323 0.10083795166040879 4.5000000000000009 0 7.9587936055729189 8.4585450976476171 4.5000000000000009 8.7983821770676496 7.5000000000000009 0.26100187434263888 0.1659353356853899 6.881593375366438 0.029403397973934018 6.1929253147626779 6.6864847774674381 6.6121884062350835 1 0.065954441944350975 6.4975285698311493 6.9436048155244787 2 0.024429055134103598 8.5000000000000018 0.089894306800598664 3 3.5567745959806172 0.55920745798214477
decision_type=8 10 10 10 10 2 1 10 8 2 8 2 10 10 10 10 10 8 10 1 8 10 10 1 10 2 10 1 8 10
left_child=1 9 5 4 14 20 7 13 26 -1 -4 12 -8 -7 16 19 -3 18 21 28 -2 -5 24 -24 -19 -17 29 -20 -13 -9
right_child=2 3 10 17 -6 6 11 8 -10 -11 -12 15 -14 -15 -16 25 -18 22 27 -21 -22 -23 23 -25 -26 -27 -28 -29 -30 -31
leaf_value=-0.0062905975281638774 0.00017510035630743383 -0.0034843775708347739 0.0033061967251828417 -0.0010104216467023974 -0.0005278436188684843 0.00062960469422730376 0.0001747620540031747 0.0042493823164422295 0.011273148802264954 -0.0034413577806385212 0.020362654076467115 9.1406159167872769e-05 0.0039581738245792588 0.0037071742771650931 3.4277403729188196e-06 -0.00055394897736222865 -0.0013024384643362643 9.4633573438596141e-05 -0.0018502921211934532 3.2402013865429068e-05 -0.00017920115131786485 0.00045994517036591632 -0.00078850897715301296 -0.00010529885204542123 2.4970233738841331e-05 9.3529761282473711e-05 0.00089091685978708317 -0.0010885109676495031 0.00078717743684504355 0.00085072017140825913
leaf_weight=2002 3349 2093 2082 2694 8069 18750 13598 519 1008 767 693 419 3897 2237 1039 5877 3626 831 2423 1744 23290 4242 4695 9454 35019 20050 2109 5233 1201 919
leaf_count=2002 3349 2093 2082 2694 8069 18750 13598 519 1008 767 693 419 3897 2237 1039 5877 3626 831 2423 1744 23290 4242 4695 9454 35019 20050 2109 5233 1201 919
internal_value=0.000155903 -0.00176944 0.00171119 -0.00139893 -0.00398429 0.00141689 0.00205453 0.00385835 0.00784303 -0.0123962 0.0122072 0.00106976 0.00265076 0.00299352 -0.00726546 0.000125465 -0.00859853 -0.000805453 -0.00248766 0.00411712 -0.000314389 -0.000144175 -0.000314506 -0.00187469 0.000301255 -0.000392448 0.00557513 -0.00461076 0.00819018 0.00997914
internal_weight=183929 82187 101742 79418 14827 98967 72328 25542 4555 2769 2775 46786 17495 20987 6758 29291 5719 64591 14592 3364 26639 6936 49999 14149 35850 25927 3547 7656 1620 1438
internal_count=183929 82187 101742 79418 14827 98967 72328 25542 4555 2769 2775 46786 17495 20987 6758 29291 5719 64591 14592 3364 26639 6936 49999 14149 35850 25927 3547 7656 1620 1438
cat_boundaries=0 1 2 3 4
cat_threshold=1 16973 48129 15489
is_linear=0
shrinkage=0.05


Tree=74
num_leaves=31
num_cat=3
split_feature=17 17 17 12 4 12 12 16 20 21 4 4 12 17 7 9 17 1 12 4 1 20 4 19 4 4 20 4 1 19
split_gain=196.728 118.706 99.1825 35.5538 35.4049 34.5367 32.5169 34.8553 28.0359 47.9948 23.6605 24.2226 23.3854 30.6252 22.9337 17.5341 15.9018 15.2568 14.3992 14.3111 19.4764 22.413 45.2277 19.3871 17.4387 16.5659 15.0487 15.9141 14.2395 13.9717
threshold=7.1779547991026247 6.1782257415122013 8.3422228412316795 6.463808880305316 4.5000000000000009 7.9199014799889058 8.7444801799369358 0.0087760965597175316 1.0000000180025095e-35 7.3860370016457289 2.5000000000000004 10.500000000000002 7.3142198319787717 7.2934100465559233 1.0000000180025095e-35 1.0000000180025095e-35 6.1102516108581968 0 7.1518771599686382 4.5000000000000009 1 0.030143181522078431 7.5000000000000009 7.0565578972825707 6.5000000000000009 10.500000000000002 0.16532997332520022 2.5000000000000004 2 7.2357475522142627
decision_type=8 10 10 8 2 10 10 10 8 8 2 2 8 8 10 2 10 1 10 2 1 10 2 8 2 2 8 2 1 10
left_child=1 4 5 -3 16 8 7 -4 9 -2 -5 18 13 -10 -7 -13 -1 -17 29 23 21 22 -21 -14 -22 -23 -25 28 -28 -12
right_child=2 3 6 10 -6 14 -8 -9 12 -11 11 15 19 -15 -16 17 -18 -19 -20 20 24 25 -24 26 -26 -27 27 -29 -30 -31
leaf_value=-0.0070703133312614245 3.9646540670235098e-05 -0.0012442633463764841 0.017330213470709666 -0.00065483077911570047 -0.0014175975308244881 0.00079870729796711621 0.017305760599917976 0.0019235548050957618 0.00029037878073792103 -0.00029657984613407073 -2.9742489235973227e-05 -0.00044022722586141151 -0.004242359500210036 -0.0003344973845489374 0.0035510046554845689 -0.0017385894962911319 -0.0021750799214427462 -0.0004168166370187132 0.00058054309383934741 -0.0079111617919047639 0.00089699402327805269 0.0013800484364872468 0.0073834598162285658 0.00038222813200898824 9.6524337011461014e-05 0.00061993375158913015 0.0015169935432902905 -0.0020043929196627897 -0.0011363683946809201 -0.0026132132557127987
leaf_weight=1513 482 8194 457 14361 1064 6774 673 2333 9014 233 56239 6917 569 8048 2051 1136 990 1336 5604 418 6290 10101 313 7992 19872 3779 1934 1866 2152 1016
leaf_count=1513 482 8194 457 14361 1064 6774 673 2333 9014 233 56239 6917 569 8048 2051 1136 990 1336 5604 418 6290 10101 313 7992 19872 3779 1934 1866 2152 1016
internal_value=0.000112535 -0.00141151 0.00186905 -0.0010746 -0.0103659 0.00151854 0.0101574 0.00777778 0.00116167 0.011014 -0.000776767 -0.000408316 0.0010643 -0.000553862 0.00447309 -0.00277719 -0.0136137 -0.00639159 -5.4487e-05 0.00156369 0.00204363 0.00350592 -0.00502736 0.000215324 0.00122697 0.00395533 0.000584481 -0.00131888 0.000428292 -0.000291241
internal_weight=183721 98370 85351 94803 3567 81888 3463 2790 73063 715 86609 72248 72348 17062 8825 9389 2503 2472 62859 55286 40773 14611 731 14513 26162 13880 13944 5952 4086 57255
internal_count=183721 98370 85351 94803 3567 81888 3463 2790 73063 715 86609 72248 72348 17062 8825 9389 2503 2472 62859 55286 40773 14611 731 14513 26162 13880 13944 5952 4086 57255
cat_boundaries=0 1 2 3
cat_threshold=2 1 1
is_linear=0
shrinkage=0.05


Tree=75
num_leaves=31
num_cat=3
split_feature=17 17 17 4 4 4 17 16 4 4 1 19 16 18 16 19 20 0 1 20 17 14 19 17 19 17 17 4 19 4
split_gain=189.343 114.47 90.2247 31.8026 30.3671 35.3252 30.9763 29.1829 22.5166 28.5367 23.8278 33.851 34.3803 29.7899 29.08 22.126 28.7258 22.0198 27.6484 21.9431 21.7812 27.706 20.4292 29.181 20.3036 32.7111 20.7673 20.0003 19.1697 19.097
threshold=7.1779547991026247 6.1465386788760581 8.3422228412316795 4.5000000000000009 2.5000000000000004 10.500000000000002 6.5035681253239366 0.0087760965597175316 4.5000000000000009 11.500000000000002 0 7.9227007889779211 0.019099714277765998 0.029403397973934018 0.13625857790494783 8.1112974079172862 0.26100187434263888 1 2 0.098131947843099157 8.7630688070276204 8.7412959628385636 7.6314950141955293 7.6434728596362591 7.3135575868412381 7.4877303756846372 7.503355385435337 8.5000000000000018 6.6431160552365052 7.5000000000000009
decision_type=8 10 10 2 2 2 10 10 2 2 1 10 10 10 10 10 10 1 1 10 10 10 10 10 10 10 10 2 10 2
left_child=1 3 8 -1 6 -6 19 -4 -2 10 11 14 -13 24 28 16 -15 18 -7 -3 21 -9 -18 -24 -12 -26 -27 -14 29 -10
right_child=2 4 7 -5 5 17 -8 20 9 -11 13 12 27 15 -16 -17 22 -19 -20 -21 -22 -23 23 -25 25 26 -28 -29 -30 -31
leaf_value=-0.0055015451168527914 1.93005300755722e-05 -0.0023337419975034248 0.017057245475051632 -0.0026150413138853468 -4.6909843292697317e-05 -0.0018679799644620188 -0.00046401700483569288 0.0023618942889991335 -0.010147145804050184 -0.00025011540062114257 0.00024379909696241599 0.009422502189135918 0.0041105376659096747 6.7087898014284167e-05 0.0031486551300578649 -0.0015056228774768866 0.0033086278553921657 -0.00043764162327128989 -0.00037982766023905159 -0.0015001601131834797 0.016961401555668054 -0.0073657541986452031 -0.0042041347693423606 0.0014042449173834459 0.00046525084745701055 -0.0005194094486376422 0.0004805336922385273 0.0010963712305701813 0.00058918919369981286 0.0066820706825032605
leaf_weight=2009 21193 1262 509 792 68350 2074 13323 2198 488 7283 1813 800 251 20992 2435 1632 4780 6675 1895 1749 622 179 706 2219 1508 119 1061 2460 12080 299
leaf_count=2009 21193 1262 509 792 68350 2074 13323 2198 488 7283 1813 800 251 20992 2435 1632 4780 6675 1895 1749 622 179 706 2219 1508 119 1061 2460 12080 299
internal_value=0.000135506 -0.00136377 0.00185368 -0.0113263 -0.00107104 -0.00066524 -0.00303355 0.00970639 0.00151822 0.00200653 0.00240525 0.0038391 0.00826688 0.00163078 0.00282316 0.00106746 0.00138952 -0.00334461 -0.00628927 -0.00761375 0.00782761 0.00564788 0.00400065 0.000709402 0.00542657 0.00818452 0.00194915 0.00557912 0.00187495 -0.00568615
internal_weight=183756 98129 85627 2801 95328 78994 16334 3508 82119 60926 53643 18813 3511 34830 15302 30329 28697 10644 3969 3011 2999 2377 7705 2925 4501 2688 1180 2711 12867 787
internal_count=183756 98129 85627 2801 95328 78994 16334 3508 82119 60926 53643 18813 3511 34830 15302 30329 28697 10644 3969 3011 2999 2377 7705 2925 4501 2688 1180 2711 12867 787
cat_boundaries=0 1 2 3
cat_threshold=1 16000 2
is_linear=0
shrinkage=0.05


Tree=76
num_leaves=31
num_cat=1
split_feature=11 11 12 11 12 19 8 11 20 4 4 19 21 11 19 19 19 5 4 4 18 7 12 11 16 4 4 4 1 16
split_gain=144.322 114.743 63.1474 61.0814 53.412 38.9563 49.1861 33.8267 68.0308 32.2432 25.6345 24.7455 23.717 21.126 25.4821 20.434 19.2737 18.0116 19.3245 23.7093 16.083 16.0765 25.173 15.6179 15.6083 14.3408 13.8852 16.5516 35.4947 28.0953
threshold=6.7171997342723353 8.4376382923284527 7.4103463658656468 6.197461422143415 6.391078890228977 7.8155932471590388 2.5000000000000004 7.2817282408204109 1.0000000180025095e-35 3.5000000000000004 11.500000000000002 7.0522346833800116 0.2223429106307229 8.0075332078766461 8.1112974079172862 6.7752091275127126 6.1305491618457619 1.0000000180025095e-35 3.5000000000000004 7.5000000000000009 0.10322744592801772 1.0000000180025095e-35 7.8254445331668174 8.7719603986732384 0.047452755527067174 4.5000000000000009 10.500000000000002 4.5000000000000009 0 0.060386317959711382
decision_type=8 10 10 10 8 10 2 10 10 2 2 10 10 8 10 8 8 2 2 2 10 10 10 10 8 2 2 2 1 8
left_child=3 2 4 9 -2 7 10 16 12 -1 -7 -4 -9 14 -13 17 -6 18 -5 -20 -21 -15 -23 -3 -10 -26 27 28 -18 -30
right_child=1 23 11 15 5 6 -8 8 24 -11 -12 13 -14 21 -16 -17 26 -19 19 20 -22 22 -24 -25 25 -27 -28 -29 29 -31
leaf_value=-0.0041712148901211559 -0.0025916415990308475 0.0041675226341098886 0.0059942948111426199 -0.0012996514611736121 -0.010031239076951116 0.009348031955503178 0.00036936518493100315 5.0189655599486296e-05 -7.4261064214153905e-05 -0.0021080949514774129 0.00036363153067946468 0.00037936614642992695 2.1318590903574022e-05 0.0006806041123122331 -0.0030664632453127451 -0.001975860185876721 -0.00083861649290857272 0.00058487064634746842 0.0001634438131521865 -0.0013195388002270382 -0.00037716263567491028 0.00075891147159419254 0.0040537457905739155 0.016349946559743336 -4.1078679941275459e-05 0.001038200372110576 -0.00053347919741162373 7.2636950609661355e-05 0.00018799453085098785 -0.00038681543335035152
leaf_weight=1764 2096 1094 713 4455 254 1401 4114 176 4972 1246 480 19859 448 9602 667 4162 11261 2113 7022 2107 2142 1727 2133 658 4188 9788 10718 48673 7756 16021
leaf_count=1764 2096 1094 713 4455 254 1401 4114 176 4972 1246 480 19859 448 9602 667 4162 11261 2113 7022 2107 2142 1727 2133 658 4188 9788 10718 48673 7756 16021
internal_value=0.000160764 0.000716787 0.000574828 -0.00336952 4.08677e-05 0.000178794 0.00410759 -2.73511e-05 0.00186491 -0.0100498 0.0108054 0.00245742 0.018109 0.00226403 0.00125451 -0.00245557 -0.000418502 -0.00171955 -0.00230192 -0.00119998 -0.00414803 0.0038033 0.0065285 0.0134418 0.00132996 0.00218589 -0.000381504 -0.000164554 -0.000993207 0.000101989
internal_weight=183810 158799 157047 25011 122346 120250 5995 114255 19572 3010 1881 34701 624 33988 20526 22001 94683 17839 15726 11271 4249 13462 3860 1752 18948 13976 94429 83711 35038 23777
internal_count=183810 158799 157047 25011 122346 120250 5995 114255 19572 3010 1881 34701 624 33988 20526 22001 94683 17839 15726 11271 4249 13462 3860 1752 18948 13976 94429 83711 35038 23777
cat_boundaries=0 1
cat_threshold=1
is_linear=0
shrinkage=0.05


Tree=77
num_leaves=31
num_cat=0
split_feature=10 10 17 10 4 17 11 10 17 10 20 11 7 12 17 19 10 15 17 20 19 11 10 10 15 11 19 15 10 17
split_gain=155.647 123.245 81.8367 42.7627 37.7287 36.8163 33.1572 42.971 26.343 24.0336 23.2138 58.8393 34.7824 24.296 24.7771 22.151 22.3679 19.3278 38.3674 25.0198 24.6226 24.9416 19.3711 18.7201 37.17 21.9726 22.7242 25.8815 33.1924 34.9454
threshold=6.4651072450961715 8.5183919731893152 7.1779547991026247 6.197461422143415 3.5000000000000004 6.1102516108581968 8.1896606337060707 7.3128864978553141 6.3147214931391193 8.2041239973879385 1.0000000180025095e-35 7.3142198319787717 1.0000000180025095e-35 7.3142198319787717 7.2874735882524302 7.2357475522142627 7.1530513288056925 6.3635956835933767 6.881593375366438 0.18553512275310405 6.5585847125271268 6.7171997342723353 6.4914816847614896 7.7202392267623416 7.6917217173580212 7.4404391602237441 6.9449690205294203 7.7918171560465863 7.764718292812792 8.1402912018707934
decision_type=8 10 8 10 2 10 10 10 8 10 8 8 10 8 8 10 10 10 10 10 10 8 10 8 10 8 8 10 10 10
left_child=3 2 5 4 -1 -2 9 -8 -5 10 11 12 -4 14 -12 16 17 18 19 -7 22 -22 -19 24 -15 -25 -27 28 29 -28
right_child=1 -3 6 8 -6 15 7 -9 -10 -11 13 -13 -14 23 -16 -17 -18 20 -20 -21 21 -23 -24 25 -26 26 27 -29 -30 -31
leaf_value=-0.0043289992287355089 -0.007574570041551998 0.010038465541357034 2.0252661358410862e-05 5.4260778242265498e-05 -0.0023516707994814647 -0.002701973257311785 0.0065761237538856324 0.00062490545536895157 -0.0016692629105114376 0.0027637314960185845 0.00029955424976191303 -0.00025946565570951209 -0.00029089787591343177 0.00021763046932914422 -0.00031437038215329508 -0.0017108394139654594 0.00064216781074495361 -0.00016372261122432619 0.00035705702881290159 -0.00045992134914085714 -0.00076109623189322137 -5.2495889132808671e-05 0.001048534801688339 -0.00039807192008205487 -0.0011971537800506749 -0.0027928004755156002 0.0010048292564650342 0.00033225540451362615 0.0033423670956527433 0.013257766155185103
leaf_weight=1810 694 1196 432 2726 1279 3629 1203 2810 5112 1668 8721 211 64 24214 8470 2168 7418 2916 2877 1712 10159 52539 3477 3484 2667 767 13726 12543 2908 500
leaf_count=1810 694 1196 432 2726 1279 3629 1203 2810 5112 1668 8721 211 64 24214 8470 2168 7418 2916 2877 1712 10159 52539 3477 3484 2667 767 13726 12543 2908 500
internal_value=0.000111353 0.000476547 0.00036531 -0.00567631 -0.0106588 -0.000705283 0.00147651 0.00591204 -0.00371268 0.00125505 0.00112919 0.0101485 0.0195565 0.00104744 -0.000612239 -0.000613672 -0.000485973 -0.000737624 -0.00302993 -0.00553735 -0.000464966 -0.000766372 0.00249101 0.00151663 0.000531044 0.00229751 0.00272796 0.00294757 0.00421093 0.00321594
internal_weight=184100 173173 171977 10927 3089 87589 84388 4013 7838 80375 78707 707 496 78000 17191 86895 84727 77309 8218 5341 69091 62698 6393 60809 26881 33928 30444 29677 17134 14226
internal_count=184100 173173 171977 10927 3089 87589 84388 4013 7838 80375 78707 707 496 78000 17191 86895 84727 77309 8218 5341 69091 62698 6393 60809 26881 33928 30444 29677 17134 14226
is_linear=0
shrinkage=0.05


Tree=78
num_leaves=31
num_cat=0
split_feature=10 10 11 12 18 10 20 11 19 15 15 15 10 10 18 11 10 15 19 10 20 5 16 10 15 13 18 10 11 11
split_gain=152.918 111.765 62.8061 41.3301 36.5253 33.9063 61.4621 48.6047 45.879 29.419 24.7904 24.0362 35.8458 23.1089 20.5971 19.9164 30.865 19.7073 18.67 26.4854 18.4186 17.4192 16.3323 21.7683 35.9054 19.4197 15.1063 14.9531 14.5999 13.5659
threshold=6.3126414277150058 8.5183919731893152 7.0904933289280381 7.0677459245207599 0.10556227608318547 7.577377095608937 1.0000000180025095e-35 7.3142198319787717 6.7413507196719413 6.1359579690779986 5.9811921524785587 7.4880225585237339 7.4103463658656468 6.1323122662398957 0.20889589104648534 8.3436726137160147 7.7202392267623416 6.1359579690779986 7.0700282717351106 6.9646079790098261 1.0000000180025095e-35 1.0000000180025095e-35 0.18156070890387668 7.7465022115569893 7.9246899883694732 8.1027375051170818 0.086547745696905015 8.7719603986732384 6.1323122662398957 6.7016531463308171
decision_type=8 10 8 8 10 8 8 8 8 10 10 8 10 10 10 10 10 10 10 10 8 2 8 10 10 8 10 10 10 10
left_child=4 2 9 17 13 6 7 -5 14 28 -6 12 -8 -1 -7 20 -17 -4 29 -20 -10 -15 -22 -24 26 -26 -25 -3 -2 -11
right_child=1 27 3 5 10 8 11 -9 15 18 -12 -13 -14 21 -16 16 -18 -19 19 -21 22 -23 23 24 25 -27 -28 -29 -30 -31
leaf_value=-0.0046866347673720108 -0.0064252618929447449 0.0036891119901143912 -0.0028132606448496135 1.9240028290479218e-05 -0.011177843140769639 -0.0037016778058435841 1.5374631076703338e-06 -0.00021193146932736441 -0.00063876570190664068 -0.00038419705738328429 -0.0013795161838135118 -0.00054162706677924894 0.0011304402428207628 -0.001552926409010791 0.0036639751783785536 0.0086309641220145405 0.00059334463839890719 -0.00022033340552984892 -0.0018538800511687993 -7.9220872668983599e-06 0.00036693584060247812 0.00033030221285170749 0.0013398474951245021 0.012702729372310539 0.0038276876641013982 -0.0024638395976238851 0.0048065769247598537 0.014911111256709388 -0.0020001305256577284 2.1743765544890438e-05
leaf_weight=807 500 571 1627 458 511 1623 32785 112 220 17877 3544 8114 4721 1743 419 678 1210 15856 3571 3161 34816 325 16165 327 430 631 2032 635 1858 26496
leaf_count=807 500 571 1627 458 511 1623 32785 112 220 17877 3544 8114 4721 1743 419 678 1210 15856 3571 3161 34816 325 16165 327 430 631 2032 635 1858 26496
internal_value=9.26163e-05 0.000378053 0.000273925 0.000899169 -0.00719336 0.00127481 0.000261961 0.0165789 0.00207383 -0.00115547 -0.00413687 5.80886e-05 0.000591905 -0.0115043 -0.00528893 0.00233989 0.00738877 -0.00135131 -0.000903532 -0.0033571 0.00216538 -0.00870406 0.00222376 0.00337886 0.00700292 -0.000636192 0.0104387 0.0155473 -0.00661578 -0.000531292
internal_weight=183823 176893 175687 122224 6930 104741 46190 570 58551 53463 4055 45620 37506 2875 2042 56509 1888 17483 51105 6732 54621 2068 54401 19585 3420 1061 2359 1206 2358 44373
internal_count=183823 176893 175687 122224 6930 104741 46190 570 58551 53463 4055 45620 37506 2875 2042 56509 1888 17483 51105 6732 54621 2068 54401 19585 3420 1061 2359 1206 2358 44373
is_linear=0
shrinkage=0.05


Tree=79
num_leaves=31
num_cat=3
split_feature=10 11 17 10 15 17 18 10 0 20 11 10 10 4 15 11 19 10 16 16 4 4 19 15 10 4 0 19 0 3
split_gain=141.841 107.557 70.8296 58.9543 34.8582 51.9807 35.1985 34.7484 31.7865 26.8458 61.0684 30.9595 24.3998 23.2482 19.107 18.9238 26.4272 23.4467 21.0201 18.8297 19.4452 20.9764 38.9848 17.3309 16.9522 15.1932 15.1841 15.1338 15.11 16.1788
threshold=6.2832004539834054 8.272182292171534 7.1098782080624288 8.7444801799369358 6.1359579690779986 6.8761699663318945 0.10495134499066124 8.2041239973879385 0 1.0000000180025095e-35 7.3142198319787717 7.2348981604083002 7.3142198319787717 3.5000000000000004 6.0574431575940402 6.8495962243894803 6.7752091275127126 6.5282015229866879 1.1904002499163084e-07 0.18379376300096203 11.500000000000002 8.5000000000000018 8.0606324665774487 8.7983821770676496 6.1323122662398957 5.5000000000000009 1 7.0700282717351106 2 1.0000000180025095e-35
decision_type=8 10 8 8 10 10 10 10 1 8 8 10 8 2 10 8 10 10 10 8 2 2 8 8 10 2 1 10 1 2
left_child=8 2 4 -3 5 6 -2 9 24 10 11 -4 -11 -14 -10 16 17 -6 -17 -15 21 22 -21 -9 -1 -8 -24 28 -20 -30
right_child=1 3 7 -5 15 -7 25 23 14 12 -12 -13 13 19 -16 18 -18 -19 27 20 -22 -23 26 -25 -26 -27 -28 -29 29 -31
leaf_value=-0.0045748269153963019 -0.0038975820321701438 0.0010734576919714024 -0.00024441469702241037 0.0087074415862297815 -0.00051072755493757342 0.00034295124220000699 -0.0037063165673107304 0.00192619100657625 -0.0076147606949914966 -5.4906365051188292e-05 -0.00033626299390712158 1.8278026875950816e-05 -9.2309961340930621e-05 0.00029366489214979199 -0.0013658678887076949 8.2607930791578365e-05 -0.0010261837926670125 0.00028057499524600796 0.00043045404243069463 0.0016958351699821962 -0.00057609920385184312 0.0039324882317180792 -0.016689568627017204 0.015898526292267512 -0.0013892409035864972 0.00044451388767647871 -0.0014888843389106567 -0.00050546136650742035 0.00048899986472237254 -0.00016776153920776695
leaf_weight=518 1852 2513 59 1517 10072 2637 1510 2025 821 24978 213 447 13518 35076 3578 1986 9209 8957 7375 6012 2048 5801 381 305 785 1030 993 6676 4786 25677
leaf_count=518 1852 2513 59 1517 10072 2637 1510 2025 821 24978 213 447 13518 35076 3578 1986 9209 8957 7375 6012 2048 5801 381 305 785 1030 993 6676 4786 25677
internal_value=0.000124758 0.000373903 0.000186467 0.00844913 -0.000883914 -0.00425025 -0.00758197 0.00113928 -0.00763767 0.000982396 0.010605 0.0200593 0.00090449 0.00142294 -0.00556249 -0.000567315 -0.00158829 -0.0005242 5.26882e-05 0.00191757 0.0033853 0.00408925 0.00232196 0.00716738 -0.0144897 -0.00375984 -0.00527656 -0.000171856 0.000215392 -0.000276474
internal_weight=183355 177653 173623 4030 81767 7029 4392 91856 5702 89526 719 506 88807 63829 4399 74738 28238 19029 46500 50311 15235 13187 7386 2330 1303 2540 1374 44514 37838 30463
internal_count=183355 177653 173623 4030 81767 7029 4392 91856 5702 89526 719 506 88807 63829 4399 74738 28238 19029 46500 50311 15235 13187 7386 2330 1303 2540 1374 44514 37838 30463
cat_boundaries=0 1 2 3
cat_threshold=13312 10780 16736
is_linear=0
shrinkage=0.05


Tree=80
num_leaves=31
num_cat=2
split_feature=11 11 15 12 12 7 19 15 4 1 1 18 4 20 4 19 23 19 15 21 19 18 18 11 19 18 18 11 19 18
split_gain=110.962 100.109 57.7262 49.8312 38.0666 29.0115 25.6395 24.8234 23.2275 35.8636 29.6459 28.6331 26.5457 35.64 26.3195 25.4649 36.5302 25.0445 32.5606 21.0934 23.268 19.1782 17.7816 17.7675 27.8296 17.4396 16.8665 16.6334 16.4923 17.1516
threshold=6.8040598888354813 8.5183919731893152 6.1037297580709327 6.6802269323173 7.9199014799889058 1.5000000000000002 6.1305491618457619 6.1037297580709327 4.5000000000000009 0 1 0.028385596778298234 6.5000000000000009 0.2662401266464795 1.5000000000000002 7.9884189688966964 0.55226828603482558 7.3086927982365149 7.4880225585237339 1.5150668501356621 7.3455332787747709 0.025925437329741893 0.27635299096790933 6.3126414277150058 6.5487968410250446 0.13841536472973112 0.075191388827942754 5.992712987207276 7.7503381873875457 0.10966966493400594
decision_type=8 10 10 8 10 10 8 10 2 1 1 10 2 8 2 10 10 10 10 8 10 8 8 10 10 10 10 10 10 10
left_child=2 3 25 7 6 28 -5 -2 10 15 14 17 13 -13 26 21 -17 -11 19 -19 -21 -10 -16 -4 -25 -1 -8 -27 -6 -30
right_child=1 -3 23 4 5 -7 8 -9 9 11 -12 12 -14 -15 22 16 -18 18 -20 20 -22 -23 -24 24 -26 27 -28 -29 29 -31
leaf_value=-0.0046121382756375787 -0.0051177464634426517 0.0088362722523546832 -0.0011898835052243763 -0.010442920261347743 0.0035209190462212048 0.0067531373315077971 5.4924528431765655e-05 -0.00076099676714140867 -0.00020448704555378063 4.1544582871244631e-05 -0.00033799690961120458 0.00013307861288631707 -0.00014043041500508835 0.0040081113212508956 0.00041923610590572925 0.0095386376453789005 0.00045623438180619758 4.9069172071813945e-06 -2.7608814780855087e-05 -0.00016715270580269781 0.0020273920007952031 0.00057563289552302614 -0.0020038704476740945 0.0004348590957947485 -0.00056559077464886094 -0.013200413124393285 -0.0011833114799197242 -0.00071767900981680734 0.00084011574052154101 -2.3909497665730584e-05
leaf_weight=1449 959 1219 5330 228 1374 1012 1847 5184 964 3042 27707 10826 40537 2413 9750 994 1005 437 909 327 1008 28014 797 6408 19569 317 1640 768 3388 4625
leaf_count=1449 959 1219 5330 228 1374 1012 1847 5184 964 3042 27707 10826 40537 2413 9750 994 1005 437 909 327 1008 28014 797 6408 19569 317 1640 768 3388 4625
internal_value=9.76653e-05 0.000680399 -0.00248884 0.00056364 0.000753269 0.00366622 0.000524557 -0.00384584 0.000553446 0.00100358 -0.000422247 0.000285299 -7.25231e-05 0.00187136 0.00145005 0.00238322 0.00784142 0.00364756 0.00717083 0.0111174 0.00799625 0.00200669 0.00269508 -0.00190133 -0.00136178 -0.00974743 -0.00231574 -0.00495392 0.00279908 0.00193124
internal_weight=184047 150206 33841 148987 142844 10399 132445 6143 132217 90476 41741 59499 53776 13239 14034 30977 1999 5723 2681 1772 1335 28978 10547 31307 25977 2534 3487 1085 9387 8013
internal_count=184047 150206 33841 148987 142844 10399 132445 6143 132217 90476 41741 59499 53776 13239 14034 30977 1999 5723 2681 1772 1335 28978 10547 31307 25977 2534 3487 1085 9387 8013
cat_boundaries=0 1 2
cat_threshold=1 4
is_linear=0
shrinkage=0.05


Tree=81
num_leaves=31
num_cat=0
split_feature=10 10 17 4 10 11 17 11 10 20 11 10 10 12 23 15 10 10 15 16 10 11 15 19 10 10 11 17 12 17
split_gain=123.524 101.094 68.1815 33.3567 31.9967 38.5312 36.0718 27.6482 33.3147 23.0396 60.5762 29.0028 22.9719 21.8512 21.6982 21.5315 43.0081 21.143 20.6672 19.8574 18.6456 16.5579 25.1267 43.2268 39.5688 29.3042 23.1119 20.6165 19.8071 19.14
threshold=6.2116030863880871 8.5570866396637921 7.1935566518898204 3.5000000000000004 6.7010385181034522 6.8040598888354813 6.7742184339657427 8.2304437952050211 7.0904933289280381 1.0000000180025095e-35 7.3142198319787717 7.2348981604083002 6.8569880235699889 7.0125655419730064 7.2594335808718133 6.619924828622362 6.5005383555981231 7.4103463658656468 6.7952368969855597 1.0000000180025095e-35 6.6194060950237885 7.3437453586499073 7.4880225585237339 7.7619123033302335 7.4404391602237441 7.577377095608937 7.4404391602237441 8.1713022845728691 7.6016521472294505 7.2643744023976859
decision_type=8 10 8 2 10 10 10 10 10 8 8 10 10 10 10 8 10 8 8 8 8 8 10 10 10 8 10 8 10 10
left_child=3 2 4 -1 5 13 -6 9 -9 10 11 -4 18 15 17 16 -2 -11 -8 -14 -17 -19 23 24 26 -24 28 -25 -23 -26
right_child=1 -3 7 -5 6 -7 12 8 -10 14 -12 -13 19 -15 -16 20 -18 21 -20 -21 -22 22 25 27 29 -27 -28 -29 -30 -31
leaf_value=-0.0033506007319093812 -0.00074854871549034918 0.0090307270332990359 -0.00022383632688116606 -0.001962058905307229 0.00078831043015710207 0.00020748612329208883 0.00038580239623304814 0.005520924760731561 0.00066734885214896349 -3.9088391118857762e-05 -0.00021932799562263128 1.1782916466263061e-05 9.5860297521266352e-05 0.00082483323032256362 -0.0011337156991752418 -0.003048493557288623 0.00044565443635895545 -0.00031053235487839005 -0.00114096742865204 -5.2606088130069395e-06 -0.00089193978386767911 -9.8593326530105332e-05 -0.00049995635728514729 0.00255566546438637 0.007682054139186878 0.00044007277468383066 0.0017374527117120842 0.010613375816922477 0.0078870167053123105 0.0013805806118480481
leaf_weight=1885 13847 1126 60 1254 5909 10374 1433 1087 2518 21246 218 451 1080 1600 1166 1985 5137 5073 4573 35535 15445 10403 3878 1274 551 27702 1741 1256 280 3567
leaf_count=1885 13847 1126 60 1254 5909 10374 1433 1087 2518 21246 218 451 1080 1600 1166 1985 5137 5073 4573 35535 15445 10403 3878 1274 551 27702 1741 1256 280 3567
internal_value=0.000124963 0.000295959 0.000202214 -0.00970851 -0.000696981 -0.0016068 0.000210179 0.00125893 0.00554092 0.0010632 0.00991084 0.0193249 -0.000297389 -0.00234387 0.000980649 -0.00259516 -0.00143015 0.0010832 -0.0031635 0.000172743 -0.00386403 0.00159489 0.00186765 0.00330065 0.00236973 0.00100222 0.000961848 0.00938735 9.12665e-05 0.00661729
internal_weight=183654 180515 179389 3139 96918 48388 48530 82471 3605 78866 729 511 42621 38014 78137 36414 18984 76971 6006 36615 17430 55725 50652 19072 16542 31580 12424 2530 10683 4118
internal_count=183654 180515 179389 3139 96918 48388 48530 82471 3605 78866 729 511 42621 38014 78137 36414 18984 76971 6006 36615 17430 55725 50652 19072 16542 31580 12424 2530 10683 4118
is_linear=0
shrinkage=0.05


Tree=82
num_leaves=31
num_cat=6
split_feature=17 10 17 10 10 10 17 12 10 0 4 4 1 0 5 10 17 15 15 16 10 15 10 15 0 0 19 0 19 13
split_gain=104.531 82.6956 77.542 43.1787 42.3719 38.068 29.7174 26.1122 46.7892 23.3493 20.3359 22.894 28.3435 20.1972 20.0177 19.5445 28.1756 24.3202 21.7127 19.3688 19.1349 21.1008 29.4157 20.7245 19.083 18.7344 17.8874 20.8859 15.1668 14.958
threshold=7.0553740558561406 8.7444801799369358 6.1102516108581968 7.0904933289280381 6.1323122662398957 6.7010385181034522 6.7799066519924507 8.0075332078766461 8.370078286999183 0 10.500000000000002 3.5000000000000004 1 2 1.0000000180025095e-35 7.9736718141258169 8.2626584699169889 7.9568967365605836 8.2688770321312468 0.34079900380006561 6.9072550288153467 6.9087610166783255 6.9358565909245806 6.7952368969855597 3 4 6.5678696929722422 5 6.5396345827673468 8.1572207036699762
decision_type=8 10 10 8 10 10 10 10 8 1 2 2 1 1 2 10 10 10 8 8 10 8 10 8 1 1 10 1 8 8
left_child=2 3 4 9 -1 10 -7 15 29 -2 11 12 -4 14 -14 16 28 -17 -18 26 23 24 -23 -8 -22 -25 27 -13 -5 -9
right_child=1 -3 5 7 -6 6 20 8 -10 -11 -12 19 13 -15 -16 17 18 -19 -20 -21 21 22 -24 25 -26 -27 -28 -29 -30 -31
leaf_value=-0.0060241256514587341 -0.0016143281474278127 0.012849795303352974 -1.7212361296126135e-05 -0.0058825178659461796 0.0012285806655304655 0.00065598205456756102 0.00051228210926343996 0.0012738212662906534 0.0031920460631511996 -0.00020825180387942235 -0.0012257840596732628 0.00095928674531708946 -0.0023710932357362546 -0.0010240292321743282 1.8678387163584276e-05 0.0042295514904505897 -0.0052119733331039255 0.00038911427854610993 0.0085205166530846199 -0.0020106464157164882 9.3019879581213161e-06 -0.00075340980901241752 0.00012453267832053251 -0.00022772675709439307 0.00037850337696294646 -0.001113864968312206 -0.00027769373065340553 -0.0001399957514967465 0.00011841330032433817 -0.00042561050231268996
leaf_weight=1756 2694 679 4731 314 357 6327 1414 1584 3337 3889 5746 3522 2218 6251 552 1859 92 2853 626 3163 2204 3162 11694 3022 2225 3450 13019 4347 83580 2931
leaf_count=1756 2694 679 4731 314 357 6327 1414 1584 3337 3889 5746 3522 2218 6251 552 1859 92 2853 626 3163 2204 3162 11694 3022 2225 3450 13019 4347 83580 2931
internal_value=8.87809e-05 0.00112746 -0.00128158 0.00101365 -0.0107312 -0.00102243 0.000244791 0.00127912 0.00404356 -0.00290521 -0.00199718 -0.00157593 -0.00320317 -0.00484702 -0.00839928 0.00103612 0.00086158 0.0041702 0.0107242 -0.000645503 -0.000473851 0.000374644 -0.000528406 -0.00254882 0.0034037 -0.00374691 -9.3355e-05 0.00178866 0.000777171 0.00072536
internal_weight=183598 104438 79160 103759 2113 77047 33498 97176 7852 6583 43549 37803 13752 9021 2770 89324 84612 4712 718 24051 27171 19285 14856 7886 4429 6472 20888 7869 83894 4515
internal_count=183598 104438 79160 103759 2113 77047 33498 97176 7852 6583 43549 37803 13752 9021 2770 89324 84612 4712 718 24051 27171 19285 14856 7886 4429 6472 20888 7869 83894 4515
cat_boundaries=0 1 2 3 4 5 6
cat_threshold=30241 4 15712 16734 2906 48292
is_linear=0
shrinkage=0.05


Tree=83
num_leaves=31
num_cat=2
split_feature=17 11 11 17 19 8 19 17 11 11 23 19 11 7 17 12 20 20 5 6 18 0 6 11 13 0 12 12 11 11
split_gain=91.7891 90.0509 62.2332 42.2444 33.9501 34.5733 49.5357 34.0754 28.3164 22.7726 21.8047 20.6544 17.7493 19.9847 19.6746 17.668 17.1331 17.0522 16.1539 17.4021 15.6871 15.5062 15.4062 15.3334 23.2635 15.3195 14.4102 13.8306 13.8288 12.8004
threshold=6.1102516108581968 8.6870958293510121 6.7099137248553644 7.6327274727332535 7.1441363151927701 2.5000000000000004 7.3909682946391611 8.0886733377880677 7.6978016406699554 6.1516677315751922 0.61848675678476406 7.6314950141955293 7.9915908515222656 1.0000000180025095e-35 7.8018968922807526 7.3142198319787717 0.43858420620735078 0.42175131570414598 1.0000000180025095e-35 1.0000000180025095e-35 0.10556227608318547 0 1.0000000180025095e-35 6.3126414277150058 6.5687796659131363 1 6.4159146208419617 7.4682278018910955 7.4682278018910955 7.7202392267623416
decision_type=8 10 8 8 8 2 10 8 10 10 10 10 8 10 10 10 10 8 2 2 10 1 2 10 10 1 8 10 10 10
left_child=9 2 17 8 -5 6 21 -8 11 22 -9 15 14 16 29 26 -14 18 19 23 -15 -6 -1 -2 -25 -26 -4 28 -23 -7
right_child=1 -3 3 4 5 12 7 10 -10 -11 -12 -13 13 20 -16 -17 -18 -19 -20 -21 -22 27 -24 24 25 -27 -28 -29 -30 -31
leaf_value=-0.0055994595545682873 -0.0013815342204355876 0.010185383677614457 -0.0012870576510689792 -0.0025713773627169981 0.0033865499808720225 1.0159335987314223e-05 0.001560749327940858 0.009459242108389089 0.0028977839722970525 0.00087457023732424595 -0.0045476844160688536 -0.0011787078362660798 0.0003197581197409427 0.0022124902901927259 -0.00047987289226290034 0.00029996827794867011 0.0038708774658984704 -0.0064101427509037027 0.00040964449542046921 5.6542497511369309e-05 0.001337426947053233 -0.0016447326969976307 0.0017095233908957842 -0.00013211550265475048 -0.0016933375932817185 -0.0011285433570508375 -8.7209815132993637e-06 0.014963396984438604 0.012723147629740118 0.0011455627954938042
leaf_weight=1660 3816 874 2473 1623 1027 3654 1811 2217 2067 277 90 2487 10875 1457 5469 17173 614 649 2805 4195 2208 2205 148 7343 1287 3503 97227 72 72 2512
leaf_count=1660 3816 874 2473 1623 1027 3654 1811 2217 2067 277 90 2487 10875 1457 5469 17173 614 649 2805 4195 2208 2205 148 7343 1287 3503 97227 72 72 2512
internal_value=5.95465e-05 0.000179175 0.000101834 0.000460965 0.00196764 0.00230216 0.00530424 0.00898494 1.54414e-05 -0.0103717 0.0130147 -8.50369e-05 0.00146235 0.00259008 -6.44607e-06 1.09093e-05 0.00156454 -0.00229257 -0.00206654 -0.00256156 0.00580491 0.000814573 -0.012417 -0.00331525 -0.00244581 -0.00515658 -0.000244233 -0.00143069 -0.00211902 0.00192994
internal_weight=183890 181805 180931 157333 35906 34283 7494 4118 121427 2085 2307 119360 26789 15154 11635 116873 11489 23598 22949 20144 3665 3376 1808 15949 12133 4790 99700 2349 2277 6166
internal_count=183890 181805 180931 157333 35906 34283 7494 4118 121427 2085 2307 119360 26789 15154 11635 116873 11489 23598 22949 20144 3665 3376 1808 15949 12133 4790 99700 2349 2277 6166
cat_boundaries=0 1 2
cat_threshold=53893 15360
is_linear=0
shrinkage=0.05


Tree=84
num_leaves=31
num_cat=3
split_feature=10 10 12 10 19 16 10 4 12 19 10 19 16 5 4 4 9 19 1 1 19 19 9 21 3 20 14 19 10 1
split_gain=107.922 89.8104 42.9055 35.0637 51.1807 31.5423 29.4155 27.4933 26.4769 22.2206 20.7804 20.2852 19.828 16.9579 22.0427 24.9471 34.1162 28.2741 20.8138 20.5309 17.3431 16.6859 16.3393 13.7164 13.6487 13.536 13.2826 13.114 13.0464 12.8635
threshold=6.197461422143415 8.5570866396637921 7.3814970480868451 7.4974835395764439 7.8404273631886623 0.18156070890387668 8.1896606337060707 3.5000000000000004 7.698933631191955 7.8654381142696161 6.8040598888354813 6.7539791950019863 0.091127457281373794 1.0000000180025095e-35 3.5000000000000004 7.5000000000000009 1.0000000180025095e-35 6.0864575551297238 0 1 6.6768410585156852 7.2737589909698679 1.0000000180025095e-35 0.2223429106307229 1.5000000000000002 0.43858420620735078 8.272182292171534 6.651859600632438 6.1014387733168176 2
decision_type=8 10 10 10 10 8 8 2 10 10 10 10 10 2 2 2 2 10 1 1 8 10 2 10 2 8 10 8 10 1
left_child=7 2 3 4 10 -5 9 28 21 -4 13 -12 23 14 20 17 -17 19 -18 -16 -2 -8 -15 -6 -13 -10 -7 -20 -1 -19
right_child=1 -3 6 5 12 26 8 -9 25 -11 11 24 -14 22 15 16 18 29 27 -21 -22 -23 -24 -25 -26 -27 -28 -29 -30 -31
leaf_value=-0.0057124499708458565 -0.0012095499994041249 0.0082159967780018658 0.00036536274937564177 0.00019199564114542601 0.0051942175140380353 0.004357466759745199 0.0043419194054440174 -0.00236534174899985 0.0014814684644353982 -0.00048542680319596521 0.00098069499251538525 0.00011021061569809199 -0.00025139371390983103 -7.0920424700915424e-06 -0.015274401236333369 -0.00032345669303281979 -0.0016307482482488035 0.0006383149774466635 0.0037433562225339667 -0.00088211461788287879 -0.00051676767864301538 -0.00017200013720397589 0.0010067775149386726 -0.0042618776656710988 -6.2353730636388607e-05 0.0058174817614528255 -0.002537865909946424 -0.00059943053534379238 -0.0012694564561668287 -4.1784467277050656e-05
leaf_weight=973 6190 1133 18807 5512 1876 2856 532 1276 6979 5660 3025 15257 766 7791 464 17196 2201 7216 87 545 10907 3652 1383 114 41608 565 161 1350 837 16893
leaf_count=973 6190 1133 18807 5512 1876 2856 532 1276 6979 5660 3025 15257 766 7791 464 17196 2201 7216 87 545 10907 3652 1383 114 41608 565 161 1350 837 16893
internal_value=8.48693e-05 0.000243186 0.000154655 -0.000233616 -0.000430232 0.00287548 0.00169291 -0.00918665 0.00375171 0.000706053 -0.000570913 0.000117716 0.0063135 -0.00114195 -0.0014342 -0.000863945 -0.00214313 0.00019707 -0.00654206 -0.00800297 -0.00296689 0.000561663 0.000866579 0.00894472 -9.45221e-05 0.00552094 0.00698542 -0.00186152 -0.0131492 0.000540255
internal_weight=183812 180726 179593 143398 134869 8529 36195 3086 11728 24467 132113 59890 2756 72223 63049 45952 20834 25118 3638 1009 17097 4184 9174 1990 56865 7544 3017 1437 1810 24109
internal_count=183812 180726 179593 143398 134869 8529 36195 3086 11728 24467 132113 59890 2756 72223 63049 45952 20834 25118 3638 1009 17097 4184 9174 1990 56865 7544 3017 1437 1810 24109
cat_boundaries=0 1 2 3
cat_threshold=2 1 2
is_linear=0
shrinkage=0.05


Tree=85
num_leaves=31
num_cat=3
split_feature=10 10 11 4 11 10 12 19 1 16 19 19 10 11 19 16 16 0 4 4 19 10 4 11 15 0 11 15 10 10
split_gain=96.2583 86.789 47.7859 32.8373 31.5916 30.9111 42.7956 27.1907 26.5508 22.897 22.6247 20.7455 24.7644 23.8328 21.2961 22.4281 20.5452 19.6136 18.8138 16.5385 16.4946 22.2158 16.3071 15.2309 17.0263 15.1637 14.7782 17.4477 14.952 14.6722
threshold=6.1664671725598819 8.7719603986732384 7.0677459245207599 4.5000000000000009 6.2116030863880871 7.9199014799889058 7.577377095608937 7.8654381142696161 0 0.11140523640968171 6.7477636104197378 7.0700282717351106 6.9646079790098261 6.4523117665326337 6.5487968410250446 0.0087760965597175316 0.048764644842797959 1 1.5000000000000002 3.5000000000000004 7.5626114678821343 7.4404391602237441 11.500000000000002 6.7171997342723353 6.8013667076152702 2 6.8569880235699889 6.9087610166783255 6.9358565909245806 6.2567088148180039
decision_type=8 10 8 2 10 8 8 10 1 10 8 8 10 10 10 8 10 1 2 2 10 10 2 10 8 1 10 10 8 10
left_child=4 2 11 8 19 7 16 9 18 -5 -8 13 -13 29 -15 -16 -7 22 -4 -1 21 -11 -12 25 -25 -17 -26 -28 -29 -2
right_child=1 -3 3 5 -6 6 10 -9 -10 20 17 12 -14 14 15 23 -18 -19 -20 -21 -22 -23 -24 24 26 -27 27 28 -30 -31
leaf_value=-0.0036070421712120827 -0.0013038882490763683 0.011942748494998989 -0.00029934775571298648 1.7054961147788816e-06 0.0003579332900035759 -0.00038814720202466906 -0.0020832879471669452 -0.00095783484092022426 -0.00040556101454725102 0.00065906232889130229 0.0017209583811339968 -0.0019636096581911568 -5.0797688630521701e-05 0.00082609429449465033 8.1068819863849842e-05 2.3127911924802904e-05 0.00054981362275889904 0.00070595331913345669 0.00038942701356905476 -0.0037296749502540028 -0.00039009011950015272 0.0027397898281032564 0.00026533134809847425 0.00046435123031489671 -0.000887081412379942 -0.00094962268419713787 0.000400763889136746 -0.00070355827392032388 -4.8607361008734534e-05 -0.00025540336981850765
leaf_weight=1375 4502 666 2885 33925 637 4535 1000 3109 24533 8215 13487 3917 3158 4317 1556 3519 5315 10164 8579 750 2909 3526 2061 5571 4002 6236 5100 2678 7575 4177
leaf_count=1375 4502 666 2885 33925 637 4535 1000 3109 24533 8215 13487 3917 3158 4317 1556 3519 5315 10164 8579 750 2909 3526 2061 5571 4002 6236 5100 2678 7575 4177
internal_value=8.57435e-05 0.000226938 0.000160481 0.000708088 -0.00917813 0.00122725 0.00233986 0.000440175 -0.00056463 0.000730314 0.00337863 -0.00104781 -0.00357951 -0.000683992 -0.000175075 -0.000570549 -0.000477157 0.0036656 0.00142184 -0.0121059 0.00238225 0.00321736 0.00478211 -0.00083403 -0.000178528 -0.00250897 -0.000879618 -0.000174233 -0.00136302 -0.00306199
internal_weight=183979 181217 180551 124243 2762 88246 36562 51684 35997 48575 26712 56308 7075 49233 40554 36237 9850 25712 11464 2125 14650 11741 15548 34681 24926 9755 19355 15353 10253 8679
internal_count=183979 181217 180551 124243 2762 88246 36562 51684 35997 48575 26712 56308 7075 49233 40554 36237 9850 25712 11464 2125 14650 11741 15548 34681 24926 9755 19355 15353 10253 8679
cat_boundaries=0 1 2 3
cat_threshold=4 54497 49624
is_linear=0
shrinkage=0.05


Tree=86
num_leaves=31
num_cat=3
split_feature=17 11 10 12 4 16 4 19 4 15 15 4 10 10 17 17 16 16 1 19 1 10 18 11 1 22 10 17 21 18
split_gain=88.1957 77.6535 54.05 37.0664 29.8075 38.5976 34.0856 29.6413 22.2802 21.0184 20.6313 27.4872 26.7775 20.3815 31.2328 20.9245 26.0302 20.2303 20.0224 19.9116 26.7677 18.0079 17.8263 17.0374 16.9219 16.289 15.138 23.9787 14.7457 14.555
threshold=6.0678676885337319 8.6870958293510121 6.7010385181034522 6.6637708581706061 4.5000000000000009 0.1659353356853899 11.500000000000002 6.7752091275127126 5.5000000000000009 6.1037297580709327 7.9246899883694732 6.5000000000000009 8.4367383964734284 7.6016521472294505 7.4517596618881115 8.2300583629944928 0.55506913247183176 0.051792228961146845 0 7.9549494645849146 1 8.7835421394681745 0.1104813708092735 7.6978016406699554 2 6.7950344026536387 6.4651072450961715 6.6032281859479101 6.4105858971968752 0.10155326020985499
decision_type=8 10 8 8 2 8 2 8 2 10 10 2 8 10 10 10 8 8 1 10 1 8 10 10 1 8 10 10 8 8
left_child=8 2 7 -4 17 10 13 9 -1 -2 11 18 -12 15 -15 23 -17 -5 -6 -16 -21 -3 -14 29 -8 -20 -11 -28 -29 -7
right_child=1 21 3 4 5 6 24 -9 -10 26 12 -13 22 14 19 16 -18 -19 25 20 -22 -23 -24 -25 -26 -27 27 28 -30 -31
leaf_value=-0.0063780575888960026 -0.0025682548733304334 0.0018624165494168122 -0.00098367007799651253 0.00010736082074647157 -2.7373584466738879e-05 -0.0002392472019646652 0.001415692931627044 -0.0021591256044322994 0.0015284918570877882 -0.00062926170093706717 0.00018817336058152279 -5.1085687795815463e-05 0.0027651276756128331 0.0098108079082151814 0.0032691000158426853 -0.0030377987045278501 0.012136786106113018 -0.00029846930303580879 0.00034513150876283041 -0.0027940876669072523 0.0039695463024395309 0.013599313310114526 0.0011287642435756418 0.004861244966191669 -0.001801422956138632 0.00098517113759371004 0.00050771295470513071 0.0002584500986885896 -0.001004448243760514 0.0013833069539892719
leaf_weight=1163 1083 268 6777 11410 6886 2940 1506 4419 235 8374 6617 50165 1358 871 2317 163 347 34210 5634 764 432 585 1583 1364 2187 4928 5656 2087 2327 14874
leaf_count=1163 1083 268 6777 11410 6886 2940 1506 4419 235 8374 6617 50165 1358 871 2317 163 347 34210 5634 764 432 585 1583 1364 2187 4928 5656 2087 2327 14874
internal_value=6.42947e-05 0.000160323 8.95029e-05 0.000426325 0.00058915 0.00105302 0.00265172 -0.00212353 -0.0124464 -0.00128668 0.000477835 0.000170455 0.00265223 0.0033379 0.00642108 0.00265136 0.0126471 -0.000477861 0.00187987 0.00431967 -0.000919732 0.015211 0.0066219 0.00238555 -0.00182101 0.00324749 -0.000889178 0.00041708 -0.00234481 0.00197317
internal_weight=183530 182132 181279 157333 150556 104936 27765 23946 1398 19527 77171 67613 9558 24072 4384 19688 510 45620 17448 3513 1196 853 2941 19178 3693 10562 18444 10070 4414 17814
internal_count=183530 182132 181279 157333 150556 104936 27765 23946 1398 19527 77171 67613 9558 24072 4384 19688 510 45620 17448 3513 1196 853 2941 19178 3693 10562 18444 10070 4414 17814
cat_boundaries=0 1 2 3
cat_threshold=4 2 1
is_linear=0
shrinkage=0.05


Tree=87
num_leaves=31
num_cat=2
split_feature=10 10 17 11 15 17 4 10 23 3 10 12 15 11 13 19 7 4 0 15 11 10 0 16 11 17 11 4 15 19
split_gain=84.5909 80.166 42.3093 31.1227 25.277 26.6988 24.4758 23.7908 21.2314 20.8531 20.3367 26.7318 25.351 17.9892 29.9064 28.8583 32.5556 15.3562 14.9385 14.3688 35.1131 17.8886 14.1034 20.4147 24.1806 14.074 23.1248 13.8483 15.0405 44.2486
threshold=8.7719603986732384 6.1824291408094032 7.0553740558561406 6.9570214070142606 6.0574431575940402 6.7910581856836627 3.5000000000000004 6.9092540304800165 7.2594335808718133 1.5000000000000002 7.6978016406699554 7.4974835395764439 7.6917217173580212 8.2041239973879385 8.2041239973879385 7.0164571990878217 2.5000000000000004 10.500000000000002 0 7.7918171560465863 7.7465022115569893 7.9571757909813918 1 1.0000000180025095e-35 7.4404391602237441 7.2874735882524302 7.3128864978553141 11.500000000000002 8.7983821770676496 8.0094198647998471
decision_type=10 8 8 8 10 10 2 10 10 2 8 8 10 8 10 10 10 2 1 10 10 8 1 8 8 8 10 2 8 10
left_child=1 6 4 7 5 -3 -1 -4 10 -6 12 25 22 14 19 16 -15 18 -11 20 -13 -21 23 24 -5 26 -12 28 -17 -30
right_child=-2 2 3 8 9 -7 -8 -9 -10 17 11 13 -14 15 -16 27 -18 -19 -20 21 -22 -23 -24 -25 -26 -27 -28 -29 29 -31
leaf_value=-0.0028907939114835692 0.010835556951924686 -0.0031436769998677951 -0.0037273940581344037 1.5446108857330997e-05 0.00014003861005984497 -1.8849679640986497e-05 -0.0015633745430038372 0.00061540084991964508 -0.0008973250393905952 9.3900369710997472e-05 -1.128376650090246e-05 0.00039709442760562654 -0.0013048923647617006 0.019403877205100752 -0.0018573823148841486 0.0010266511349042774 -0.0015715613413946007 -0.00080778495202264993 -0.00028481996162397219 -0.00046145407899764738 0.0027911331994929347 0.0004961013976679141 9.0369244569288305e-06 0.00022990173900676593 -0.0001656845333859458 -0.00040280165316159967 0.0030782434319286847 0.00012057761560817504 0.002277865708223348 0.01021596321362539
leaf_weight=1712 644 3428 1572 716 21391 2695 1182 987 1504 14613 4419 6833 2164 157 989 9579 2666 5624 28833 3595 2306 5420 35852 11536 214 5115 764 1950 4306 1093
leaf_count=1712 644 3428 1572 716 21391 2695 1182 987 1504 14613 4419 6833 2164 157 989 9579 2666 5624 28833 3595 2306 5420 35852 11536 214 5115 764 1950 4306 1093
internal_value=7.81849e-05 1.46003e-05 0.000147099 0.000805161 -0.000744281 -0.00382574 -0.00824119 -0.00464048 0.000942893 -0.000476505 0.00103186 0.00175537 0.000326849 0.00235512 0.00126286 0.00341375 -0.00126638 -0.00104443 -0.000726189 0.00172414 0.00312124 0.00030782 0.000563972 0.00201186 0.00913978 -0.000509808 0.00132645 0.00419423 0.00471024 0.00682071
internal_weight=183859 183215 180321 103737 76584 6123 2894 2559 101178 70461 99674 49192 50482 38894 19143 19751 2823 49070 43446 18154 9139 9015 48318 12466 930 10298 5183 16928 14978 5399
internal_count=183859 183215 180321 103737 76584 6123 2894 2559 101178 70461 99674 49192 50482 38894 19143 19751 2823 49070 43446 18154 9139 9015 48318 12466 930 10298 5183 16928 14978 5399
cat_boundaries=0 1 2
cat_threshold=39904 16388
is_linear=0
shrinkage=0.05


Tree=88
num_leaves=31
num_cat=4
split_feature=10 11 11 4 10 12 10 4 18 17 1 10 14 10 20 1 4 15 13 18 20 10 4 10 17 0 14 11 0 18
split_gain=75.1515 68.3526 35.9539 28.3264 26.5499 34.5347 25.3753 23.5221 32.9031 29.6909 28.3717 26.3816 19.7492 19.055 18.9079 18.5633 26.4972 17.9785 17.1565 16.8635 16.3744 16.0977 15.8707 15.5842 15.5185 22.1753 15.2654 14.4383 14.391 13.3201
threshold=6.1323122662398957 8.6870958293510121 6.6864847774674381 3.5000000000000004 7.1712726506405104 6.6864847774674381 6.2980292833949401 4.5000000000000009 0.19156471728716684 7.2874735882524302 0 7.4404391602237441 8.1622300485615504 7.7846807463779397 0.18423945194150484 1 2.5000000000000004 7.4799656941301702 6.9436048155244787 0.035171950217915256 0.55864286566772003 6.9541615378757635 9.5000000000000018 8.7719603986732384 6.9190211491163156 2 6.3977622948756778 7.2452983069657719 3 0.02263521046826018
decision_type=8 10 8 2 8 8 10 2 8 10 1 10 10 10 10 1 2 8 8 10 8 10 2 8 8 1 10 10 1 8
left_child=3 2 6 28 18 -6 -2 15 10 11 19 14 13 -11 27 -7 20 -18 29 22 -17 24 -9 -3 -20 -26 -8 -10 -1 -4
right_child=1 23 4 -5 5 7 26 8 9 12 -12 -13 -14 -15 -16 16 17 -19 21 -21 -22 -23 -24 -25 25 -27 -28 -29 -30 -31
leaf_value=-0.0004554648709333087 -0.00099767161762842616 0.0005996889360520897 5.8942072414458482e-05 -0.0021896784298099273 -0.0015216849206598937 0.00024006090352812759 0.00042718046800689359 -0.00038442855529403631 0.00053179766486919353 0.00019732131473193526 -7.6559448585200591e-07 0.0075666295752494957 -0.0020537911062935344 0.0025254535763563624 0.0035796762646894465 2.1967467581873734e-05 -0.00032500837893594263 -0.0026008577212332188 -0.00012384474966764536 0.00070362521726616842 0.0083296640466238754 -5.7014794217069566e-05 0.0018679202497557503 0.011604132644778354 -0.0018308011671052784 -0.00078473148848750012 -0.00041951958718420282 0.0042890848355242595 -0.0040322239964727391 7.4489948910061446e-05
leaf_weight=237 8742 210 358 1130 2729 8346 4985 1248 2942 5693 34049 1152 1229 3417 3689 10666 4864 2567 5642 19529 346 21372 336 631 2074 4307 8929 304 1173 20225
leaf_count=237 8742 210 358 1130 2729 8346 4985 1248 2942 5693 34049 1152 1229 3417 3689 10666 4864 2567 5642 19529 346 21372 336 631 2074 4307 8929 304 1173 20225
internal_value=7.60426e-05 0.000196172 0.000129632 -0.00846457 0.000398195 0.000868524 -0.00173243 0.00101941 0.00148122 0.00331054 0.000870164 0.00557994 0.00153545 0.00233809 0.00441601 -0.000249169 -0.00113458 -0.00344166 -0.000500204 0.00231019 0.000422267 -0.00120003 -0.00265152 0.0144174 -0.00266364 -0.00435277 -0.000406066 0.00163278 -0.0131915 0.000635233
internal_weight=183121 180581 179740 2540 157084 103106 22656 100377 73588 18426 55162 8087 10339 9110 6935 26789 18443 7431 53978 21113 11012 33395 1584 841 12023 6381 13914 3246 1410 20583
internal_count=183121 180581 179740 2540 157084 103106 22656 100377 73588 18426 55162 8087 10339 9110 6935 26789 18443 7431 53978 21113 11012 33395 1584 841 12023 6381 13914 3246 1410 20583
cat_boundaries=0 1 2 3 4
cat_threshold=1 4 15873 32858
is_linear=0
shrinkage=0.05


Tree=89
num_leaves=31
num_cat=4
split_feature=17 10 10 15 11 10 10 11 0 10 10 5 12 19 15 23 0 0 10 19 17 11 12 19 21 19 10 17 17 0
split_gain=72.1594 66.424 42.841 33.0137 26.9436 33.4911 26.8882 23.4656 22.7357 22.2382 17.3214 16.8719 16.8163 15.793 14.7339 14.5937 16.0358 12.235 11.6581 24.4166 14.0309 34.3339 23.5005 16.5294 13.2749 15.0538 13.7627 14.4662 12.8424 14.7545
threshold=6.0678676885337319 8.7719603986732384 6.6483364617940532 6.6103128689890758 8.2304437952050211 8.6870958293510121 6.5005383555981231 6.5701821913769409 0 6.2116030863880871 8.1896606337060707 1.0000000180025095e-35 8.4367383964734284 7.7619123033302335 8.1298163614287429 7.1524342964589085 1 2 7.2348981604083002 6.5774327080046282 7.2874735882524302 7.2817282408204109 7.2356181029372939 7.5207401072216662 1.9095150692894911 8.1674943672940241 7.9386235179612585 7.8543495719381369 7.0286585642461006 3
decision_type=8 10 8 8 10 8 10 8 1 10 10 2 10 10 10 10 1 1 8 8 10 10 10 10 10 10 10 10 8 1
left_child=9 2 3 6 7 13 11 -4 -5 -1 12 17 15 -6 -12 16 -9 -2 19 -18 21 22 23 -20 -22 26 27 -26 -21 -30
right_child=1 -3 4 8 5 -7 -8 10 -10 -11 14 -13 -14 -15 -16 -17 18 -19 20 28 24 -23 -24 -25 25 -27 -28 -29 29 -31
leaf_value=-0.0056474461219737206 -0.00097734793566979223 0.010092745715724228 -0.000998732008942449 -0.0025175477628353706 0.0052017978061556841 0.0048845521228183314 0.0003699739076150621 -6.4496506865707745e-05 -0.0013682123722412955 0.0028900875928608016 0.0058697956683744223 0.00054704023304024134 0.010001683736025014 5.1142744953835976e-05 0.00057018184719281884 -0.00044606551959205378 0.001933053398256357 -0.0004133671341759904 0.00012493292491315701 7.45453979299704e-05 0.00014366618184555869 0.0016821052616137423 0.0014751394131164554 0.0083953480977354122 -5.02678490812869e-05 -0.00171507301143492 0.00092695164868228375 -0.0013120336862982641 7.3929733646060924e-07 -0.0007448869609454345
leaf_weight=1228 3940 656 5309 1735 254 1222 4000 51850 2989 158 676 1402 234 2453 1388 5024 913 5325 18161 16330 24772 3159 2695 522 11680 664 1745 1179 6747 5572
leaf_count=1228 3940 656 5309 1735 254 1222 4000 51850 2989 158 676 1402 234 2453 1388 5024 913 5325 18161 16330 24772 3159 2695 522 11680 664 1745 1179 6747 5572
internal_value=3.80472e-05 0.000124318 6.70551e-05 -0.00215435 0.000332054 0.00442224 -0.0009835 0.00023074 -0.00578959 -0.0113276 0.000343909 -0.00229446 0.000281824 0.00132065 0.00489341 0.00026107 0.000352253 -0.003068 0.000741112 -8.11853e-05 0.00111766 0.00205914 0.00134016 0.000710539 0.000540709 -0.000618942 -0.000284169 -0.0008496 -0.000337708 -0.00155654
internal_weight=183982 182596 181940 19391 162549 3929 14667 158620 4724 1386 153311 10667 151247 2707 2064 151013 145989 9265 94139 29562 64577 24537 21378 18683 40040 15268 14604 12859 28649 12319
internal_count=183982 182596 181940 19391 162549 3929 14667 158620 4724 1386 153311 10667 151247 2707 2064 151013 145989 9265 94139 29562 64577 24537 21378 18683 40040 15268 14604 12859 28649 12319
cat_boundaries=0 1 2 3 4
cat_threshold=15521 14648 15617 16454
is_linear=0
shrinkage=0.05


Tree=90
num_leaves=31
num_cat=0
split_feature=17 10 10 17 10 19 10 4 17 16 4 16 4 20 10 13 21 4 16 18 19 16 10 5 11 19 16 17 10 20
split_gain=70.8457 56.6698 36.2944 29.3571 37.3491 25.0729 38.4436 24.1476 23.7772 23.0722 21.8024 20.7148 20.2055 35.2 20.1557 16.5899 16.8473 16.39 16.9305 16.3129 16.4916 16.2184 16.1159 15.9209 15.41 14.9541 18.3697 20.5289 14.7567 14.6702
threshold=6.0678676885337319 8.8211354301087557 6.5701821913769409 7.6213986237138007 7.6978016406699554 7.1150532474838988 8.2041239973879385 5.5000000000000009 7.8018968922807526 0.058822155269994035 11.500000000000002 0.0087760965597175316 10.500000000000002 1.0000000180025095e-35 6.2116030863880871 6.5687796659131363 3.9579514811989376 3.5000000000000004 4.8025112254415846e-08 0.071514378757155619 7.5802645681994054 0.014683614468516246 7.764718292812792 1.0000000180025095e-35 7.0854828791590796 7.2907676009093381 0.058173627980728608 7.9968865038264996 7.5248301129598225 0.39855300717941933
decision_type=8 10 8 8 10 8 8 2 10 10 2 10 2 10 10 10 8 2 8 10 10 8 10 2 8 10 8 8 10 10
left_child=14 2 11 4 12 -5 8 -8 22 10 25 -2 13 -4 -1 -13 -17 18 -15 -19 24 28 -7 -23 -21 -9 -27 -28 -14 -11
right_child=1 -3 3 5 -6 6 7 9 -10 29 -12 15 21 17 -16 16 -18 19 -20 20 -22 23 -24 -25 -26 26 27 -29 -30 -31
leaf_value=-0.005193135950145456 -0.0018621269257936613 0.010915373918438576 -7.9106238538351196e-06 -0.0020995486845255761 0.0031263591015167958 0.0001840275831848981 -3.5148440123222714e-05 0.0029412073736952539 -0.0002866798628237799 0.00061637623816166451 0.00011260777267754208 -0.00020431404250573771 0.00010943351266869961 0.0001485892056285021 0.0030971091298558576 -0.0004119530339732114 -0.0021334777720031449 -3.4082016465575292e-05 -0.00022285812115161452 2.917340706767302e-05 -0.00185864326082128 -0.000615759089701573 0.001552575726307448 0.0015532987026580349 0.00059198440516743393 0.0010197817500968043 0.0020169915194676149 0.0090954118813477269 -0.00051183395837108849 0.0041583582658605072
leaf_weight=1252 878 545 661 1589 2159 5388 3469 1272 10306 5784 1116 11747 568 1120 153 1278 1775 29498 32560 16788 1200 13727 2756 758 29657 2303 711 1486 77 758
leaf_count=1252 878 545 661 1589 2159 5388 3469 1272 10306 5784 1116 11747 568 1120 153 1278 1775 29498 32560 16788 1200 13727 2756 758 29657 2303 711 1486 77 758
internal_value=9.91333e-05 0.000185507 0.000137136 0.000354684 -1.74726e-06 0.00159727 0.00187346 0.00359637 0.000295393 0.00455696 0.00657666 -0.00216227 -0.000112942 0.000119748 -0.0110854 -0.00171959 -0.00500328 0.000188363 -0.000731888 0.000590138 0.00116224 -0.0018275 0.00231459 -0.00217294 0.00131177 0.00781358 0.00916667 0.0124374 0.00593023 0.00243045
internal_weight=183339 181934 181389 165711 128773 36938 35349 16899 18450 13430 6888 15678 126614 111484 1405 14800 3053 110823 33680 77143 47645 15130 8144 14485 46445 5772 4500 2197 645 6542
internal_count=183339 181934 181389 165711 128773 36938 35349 16899 18450 13430 6888 15678 126614 111484 1405 14800 3053 110823 33680 77143 47645 15130 8144 14485 46445 5772 4500 2197 645 6542
is_linear=0
shrinkage=0.05


Tree=91
num_leaves=31
num_cat=5
split_feature=10 10 17 10 10 17 18 0 5 10 12 10 9 20 18 10 17 10 0 0 17 0 17 10 21 20 3 14 0 3
split_gain=70.5101 55.1829 30.8076 38.4836 32.2959 24.2882 23.8617 23.028 20.8694 20.0038 20.4915 18.2019 17.4375 16.348 15.2832 13.7531 13.6249 25.5842 16.0373 14.4322 13.1601 13.1566 12.0889 11.9183 11.6388 10.6966 10.4692 10.4165 11.2265 15.0474
threshold=6.1824291408094032 8.8211354301087557 7.6327274727332535 7.6978016406699554 7.9386235179612585 7.8543495719381369 0.093402585194666016 0 1.0000000180025095e-35 6.8367960459813295 7.577377095608937 6.9072550288153467 1.0000000180025095e-35 0.39855300717941933 0.48029719616053018 7.2089702972815557 6.9190211491163156 6.9541615378757635 1 2 6.6587004398350524 3 5.9841555006066143 6.3126414277150058 3.6389002209295209 1.0000000180025095e-35 1.5000000000000002 7.4988659015296859 4 1.0000000180025095e-35
decision_type=8 10 8 10 8 10 8 1 2 10 10 10 2 10 8 10 10 10 1 1 10 1 10 8 10 10 2 10 1 2
left_child=7 2 3 8 5 11 -6 -1 9 10 22 -4 -10 21 -13 -16 19 18 -18 -11 -14 -8 23 -2 -7 -19 -27 28 29 -24
right_child=1 -3 4 -5 6 24 13 -9 12 16 -12 14 20 -15 15 -17 17 25 -20 -21 -22 -23 27 -25 -26 26 -28 -29 -30 -31
leaf_value=3.3350742479010265e-05 0.0047141415517520276 0.010526009099531297 -0.0074622728513374266 0.0029550598813520516 0.0010969805962135037 -0.00041948884427567279 0.0012521813860036702 -0.0027425935604468155 0.00015054971799282059 -0.00013489910157926666 0.002058004106071154 0.00013759720808366184 0.0017813082431171079 0.0032785640274348715 -0.00062311533141621309 0.0044352408354790818 -0.0012365906254322434 -3.3472979193760469e-06 -0.00025502113028323946 0.00035728122686835563 0.00030311074624915784 -5.9300547033558362e-05 0.00059448812695896971 -0.01250128937027415 -0.0014762921056425959 0.00021717010760049507 -2.7299948258319164e-05 -0.0015002901612594323 -0.00017397443388667 -0.00060583399189217957
leaf_weight=685 35 536 235 2258 5806 2317 7353 2195 15530 2591 1154 7885 900 1612 210 415 2232 495 2935 5929 1106 9107 1199 221 1463 12901 35543 1633 44501 12423
leaf_count=685 35 536 235 2258 5806 2317 7353 2195 15530 2591 1154 7885 900 1612 210 415 2232 495 2935 5929 1106 9107 1199 221 1463 12901 35543 1633 44501 12423
internal_value=8.81928e-05 0.00021202 0.000164316 -0.000165058 0.00146348 -0.000592814 0.00254209 -0.00767361 -0.000268524 -0.000497205 -0.00114034 0.000854774 0.0013458 0.00164619 0.00123384 0.00876 0.000130936 -0.00016172 -0.00350784 0.00198944 0.0057328 0.00117558 -0.00126725 -0.0121094 -0.0039418 0.000191565 0.000266287 -0.0012208 -0.00111015 -0.00236576
internal_weight=183405 180525 179989 143586 36403 12525 23878 2880 141328 123792 61166 8745 17536 18072 8510 625 62626 54106 5167 8520 2006 16460 60012 256 3780 48939 48444 59756 58123 13622
internal_count=183405 180525 179989 143586 36403 12525 23878 2880 141328 123792 61166 8745 17536 18072 8510 625 62626 54106 5167 8520 2006 16460 60012 256 3780 48939 48444 59756 58123 13622
cat_boundaries=0 1 2 3 4 5
cat_threshold=32862 46721 8526 54480 13344
is_linear=0
shrinkage=0.05


Tree=92
num_leaves=31
num_cat=4
split_feature=12 15 4 19 5 11 4 18 0 19 18 19 16 19 9 23 16 0 0 4 19 16 19 4 18 19 15 0 14 4
split_gain=51.9408 49.3627 33.3552 27.816 26.4457 23.2274 25.4249 21.5739 21.1235 18.6861 27.1364 15.7783 15.3475 15.7584 15.3469 13.5232 15.0239 12.4629 12.4002 12.387 12.2907 12.804 11.8167 11.5885 11.2116 23.1594 35.016 15.9344 15.4296 14.6774
threshold=8.6870958293510121 5.9811921524785587 3.5000000000000004 6.6165389556826186 1.0000000180025095e-35 7.4404391602237441 6.5000000000000009 0.097229080974069002 0 8.3531820737346596 0.28126895917943129 6.1920460200698395 1.1904002499163084e-07 7.8404273631886623 1.0000000180025095e-35 7.199571516174939 0.094064459607530834 1 2 11.500000000000002 7.5999885645984628 0.15896712319063169 8.6730548214017276 8.5000000000000018 0.15301542582951491 7.9884189688966964 8.7983821770676496 3 7.9571757909813918 4.5000000000000009
decision_type=10 8 2 8 2 8 2 10 1 8 8 10 10 10 2 10 8 1 1 2 8 10 10 2 8 10 8 1 10 2
left_child=1 -1 3 4 7 6 17 -3 9 10 12 -12 13 -7 -6 16 -5 -4 -9 24 21 -8 -21 -11 25 27 -27 -10 29 -26
right_child=-2 2 5 15 14 8 20 18 19 23 11 -13 -14 -15 -16 -17 -18 -19 -20 22 -22 -23 -24 -25 28 26 -28 -29 -30 -31
leaf_value=-0.0076880847301375793 0.0085160392790395896 -0.0013027547969118427 0.00087341110734255882 8.297454818011474e-05 -0.00085324440776155539 -0.00051989726999543959 -0.0001472793204821521 -0.0043353014944394362 -0.00095526935010177289 -0.0066566668761689936 -0.012900436731535382 0.0026986074280063834 5.350322755155457e-05 0.00094176105403684937 0.0012300533399713931 -0.0010295930632858497 -0.0004723482153205616 8.4688377015806893e-05 -0.00025071941318881573 -0.00033517537608540593 -0.0025755996247915471 0.00052755174467837844 0.019717286916608057 0.0011035972244574312 -0.0012808788352147715 0.00079511261224096685 0.0084781819300016499 0.00020406148899470013 -0.00079059806684620435 0.0021559343465171743
leaf_weight=620 845 3636 2667 16863 898 2803 33984 261 1785 725 103 3259 19882 461 671 2085 19472 24491 2506 4599 1348 5913 69 298 873 3091 488 17621 1454 9877
leaf_count=620 845 3636 2667 16863 898 2803 33984 261 1785 725 103 3259 19882 461 671 2085 19472 24491 2506 4599 1348 5913 69 298 873 3091 488 17621 1454 9877
internal_value=2.85873e-05 -2.85827e-05 1.93487e-05 -0.00113813 -0.00382589 0.000414792 -0.000234273 -0.00525144 0.00107363 8.16964e-06 0.000264071 0.00446163 -0.000345632 -0.00352328 0.00199171 -0.000580427 -0.000355718 0.000953678 -0.00192447 0.00180914 -0.00101649 -0.000857834 -0.00061054 -0.00662268 0.00213064 0.00148031 0.00517603 0.000798722 0.00335546 0.0040093
internal_weight=183648 182803 182183 46392 7972 135791 68403 6403 67388 27531 26508 3362 23146 3264 1569 38420 36335 27158 2767 39857 41245 39897 4668 1023 35189 22985 3579 19406 12204 10750
internal_count=183648 182803 182183 46392 7972 135791 68403 6403 67388 27531 26508 3362 23146 3264 1569 38420 36335 27158 2767 39857 41245 39897 4668 1023 35189 22985 3579 19406 12204 10750
cat_boundaries=0 1 2 3 4
cat_threshold=10812 6336 11584 320
is_linear=0
shrinkage=0.05


Tree=93
num_leaves=31
num_cat=0
split_feature=17 11 10 15 17 10 10 4 15 11 10 10 10 23 10 17 12 21 18 17 20 15 10 17 10 10 11 13 15 12
split_gain=59.9305 47.7738 33.9308 31.6246 25.7032 27.7035 23.5611 30.9969 27.2132 23.6289 21.4921 20.5718 19.933 18.7165 17.7033 20.1842 16.2899 14.9905 14.5091 13.7436 13.4756 12.7499 43.4897 19.071 18.5076 18.1953 17.1404 16.9928 16.3741 15.978
threshold=6.0678676885337319 8.8272695731952897 6.6483364617940532 6.6103128689890758 7.6327274727332535 7.6978016406699554 8.1896606337060707 5.5000000000000009 7.6917217173580212 7.6978016406699554 6.1014387733168176 6.4914816847614896 7.4974835395764439 4.218280600890421 7.7202392267623416 7.8018968922807526 6.5785562848655745 5.403127629538905 0.085863674124400449 7.6327274727332535 0.39855300717941933 7.4880225585237339 7.4103463658656468 6.7438323036456964 6.8303339860793031 7.2452983069657719 6.7838911316208028 6.9436048155244787 6.8054129082323955 6.7171997342723353
decision_type=8 10 8 8 8 10 8 2 10 8 10 10 10 8 10 10 8 10 8 10 10 8 10 10 8 8 10 8 10 8
left_child=10 2 3 11 5 16 8 -8 12 -9 -1 -2 -6 -5 17 -16 -4 -10 -11 -14 -20 22 23 25 28 -18 -27 29 -25 -26
right_child=1 -3 4 13 6 -7 7 9 14 18 -12 -13 19 -15 15 -17 21 -19 20 -21 -22 -23 -24 24 27 26 -28 -29 -30 -31
leaf_value=-0.005019756571498047 -0.00044978446877907974 0.010858253169661226 -0.00085056350638315072 -0.00074226641276857745 -0.00053309437004824824 0.0026156277989249246 -0.00043005301992038447 -0.0010197775007494414 -0.00071876399770896002 0.0014697534241039812 0.00090575721505059548 0.00033116469298444251 0.010009212275359714 -0.002340793795063645 0.0009195691198331746 -0.00024725932273552689 0.00074116779233195378 -0.0031159868498742416 0.001379889667653389 0.0011100733557901422 0.004573813596264009 -0.00025242012766502064 0.001180471489949131 -3.9462613245166983e-06 -0.0023252954335814648 -0.00037385269281813298 0.0029510725316165055 -4.1715132576625184e-05 -0.0012542630391112032 0.00027088962628116778
leaf_weight=1122 10494 534 5460 2056 1505 2246 4327 1141 2037 3062 275 4112 252 2645 2578 8740 5541 474 8890 2418 1004 19611 5965 3660 688 3521 507 59953 4585 14445
leaf_count=1122 10494 534 5460 2056 1505 2246 4327 1141 2037 3062 275 4112 252 2645 2578 8740 5541 474 8890 2418 1004 19611 5965 3660 688 3521 507 59953 4585 14445
internal_value=6.25517e-05 0.000141545 9.77094e-05 -0.00188403 0.000333005 -4.75504e-06 0.00150296 0.00275999 0.000216619 0.00389622 -0.0102541 -0.000735999 0.00375449 -0.00545097 -0.000851472 -8.83548e-06 -0.000104489 -0.00464954 0.0045037 0.00634831 0.00357287 1.85692e-05 0.000249583 -1.61464e-05 -0.000258907 0.00209792 -0.000459285 -1.19863e-05 -0.00250758 0.00148516
internal_weight=183848 182451 181917 19307 162610 126182 36428 18424 18004 14097 1397 14606 4175 4701 13829 11318 123936 2511 12956 2670 9894 118476 98865 92900 83331 9569 4028 75086 8245 15133
internal_count=183848 182451 181917 19307 162610 126182 36428 18424 18004 14097 1397 14606 4175 4701 13829 11318 123936 2511 12956 2670 9894 118476 98865 92900 83331 9569 4028 75086 8245 15133
is_linear=0
shrinkage=0.05


Tree=94
num_leaves=31
num_cat=4
split_feature=17 15 4 12 4 9 16 11 4 23 20 6 0 0 20 20 0 15 20 17 15 18 0 17 16 4 3 17 18 16
split_gain=55.6866 50.8866 28.0531 26.5647 26.0443 19.5616 18.8276 20.3231 19.7741 17.7907 19.7118 15.9406 15.9137 14.3881 13.9812 13.5425 16.2876 13.5353 13.1462 12.3145 13.1696 11.2486 10.1761 10.1033 10.0781 9.91022 9.84017 9.27358 16.5845 10.089
threshold=6.0678676885337319 8.7983821770676496 3.5000000000000004 7.0854828791590796 7.5000000000000009 1.0000000180025095e-35 0.074539318500575338 7.0453408470044421 11.500000000000002 7.0461849327357369 0.14705272623878582 1.0000000180025095e-35 0 1 0.37799015437550892 0.43858420620735078 2 5.9811921524785587 0.022314142830296119 8.5337749101913492 7.4880225585237339 0.052491967981448666 3 7.5808932944248086 0.021537580370275523 4.5000000000000009 1.0000000180025095e-35 6.9021633284691104 0.11603700860635618 0.16452434364201821
decision_type=8 10 2 8 2 2 8 8 2 8 10 2 1 1 8 10 1 10 8 10 8 10 1 10 10 2 2 8 10 8
left_child=11 2 9 4 5 -4 -5 21 15 10 18 17 -11 -6 -15 16 27 -1 -2 20 -10 -8 -12 -14 -20 -19 -7 28 -9 -29
right_child=1 -3 3 6 13 26 7 8 19 12 22 -13 23 14 -16 -17 -18 25 24 -21 -22 -23 -24 -25 -26 -27 -28 29 -30 -31
leaf_value=-0.011157931205789319 -3.7471284884604833e-05 0.0094561866662842501 -3.6092687255262491e-05 2.1019948877931681e-06 -0.00084632495061578441 0.0016659096162192633 -0.0040596275018454087 -0.0031754912117929915 0.0010751636994734692 -7.8919808031385774e-05 -0.000986415552813602 0.0033096090114438149 -0.00093182835381422358 -0.00021271195067038562 -0.0043238273372638416 0.0028717018091738212 0.00040806260295114252 -0.002658286850137337 0.00022871862949127577 0.0147197970591058 -0.0009101831618949952 -0.00015477755258581639 -4.703457556933799e-05 0.00035445598184518094 0.00016746757901304755 0.0032293543379237734 0.0004947466737287076 0.00065300063118627354 0.0019706584187589638 0.0018738738684856095
leaf_weight=677 199 653 17780 37921 3894 594 389 427 1603 6804 6558 140 9949 13819 741 2221 23586 484 1256 136 4195 6683 7351 995 12917 89 3476 8471 631 9030
leaf_count=677 199 653 17780 37921 3894 594 389 427 1603 6804 6558 140 9949 13819 741 2221 23586 484 1256 136 4195 6683 7351 995 12917 89 3476 8471 631 9030
internal_value=4.17871e-05 0.000117814 6.77216e-05 0.000429766 -0.000646338 0.000521739 0.000884902 0.00145629 0.00180915 -0.000998827 -0.000220112 -0.00992806 -0.00223969 -0.00202937 -0.00130405 0.00217171 0.00197117 -0.01172 0.00107849 -0.000901584 -0.00125043 -0.00105345 -0.00156194 -0.00341884 0.00125767 -0.00606457 0.00364865 0.00307906 -0.00146503 0.00335552
internal_weight=183669 182279 181626 135597 40304 21850 95293 57372 50300 46029 28281 1390 17748 18454 14560 44366 42145 1250 14372 5934 5798 7072 13909 10944 14173 573 4070 18559 1058 17501
internal_count=183669 182279 181626 135597 40304 21850 95293 57372 50300 46029 28281 1390 17748 18454 14560 44366 42145 1250 14372 5934 5798 7072 13909 10944 14173 573 4070 18559 1058 17501
cat_boundaries=0 1 2 3 4
cat_threshold=34964 9856 54466 10297
is_linear=0
shrinkage=0.05


Tree=95
num_leaves=31
num_cat=2
split_feature=10 12 0 11 4 16 13 10 12 20 19 3 3 10 19 18 15 12 10 16 4 17 1 19 18 10 16 19 20 16
split_gain=47.9149 45.689 22.0767 17.7242 17.5092 16.4934 18.7929 15.6959 14.6575 14.0893 17.1104 13.3938 14.4004 15.8006 15.0339 12.5992 11.6953 10.3642 9.37249 8.83051 12.7535 10.7112 14.7612 13.8556 16.7399 15.1605 11.2642 14.7916 14.8187 13.3271
threshold=6.1014387733168176 8.6870958293510121 0 6.5785562848655745 3.5000000000000004 0.015999237457950625 6.5403079774037876 8.9172057226338222 7.0677459245207599 0.51351351832832715 7.4168250591343163 1.0000000180025095e-35 5.5000000000000009 6.7010385181034522 6.9007171196170853 0.11861061595043201 7.8043244326352621 6.3450512232545018 6.4746617065281837 0.045567028819997975 4.5000000000000009 6.9190211491163156 1 7.7240022494579099 0.15301542582951491 7.8264411450176032 0.11036061025755321 7.8022619462953067 0.088496208967217327 0.41687178236749928
decision_type=8 10 1 8 2 10 10 8 8 10 10 2 2 8 8 8 8 8 10 8 2 8 1 10 8 8 8 10 8 8
left_child=4 2 8 5 -1 -4 -7 -3 -2 11 -11 15 13 14 -13 -5 -12 -15 -8 -10 -21 -22 26 24 -24 -25 -23 28 -28 -29
right_child=1 7 3 9 -6 6 18 -9 19 10 16 12 -14 17 -16 -17 -18 -19 -20 20 21 22 23 25 -26 -27 27 29 -30 -31
leaf_value=-0.0035738388555121682 -9.0117514083276617e-05 0.0011050755658192025 -0.0014795977497070291 0.00041543794573031259 -0.0022547201049169631 -0.00010936935232688239 -0.0025667356856229786 0.012962977389940723 -1.5301609104234615e-06 0.0066855972882637451 -0.0070060490507849018 -0.00057006049477679175 0.00019494006165148294 -0.0042024624216148391 -0.0045115408166419126 -0.00027224264805485453 0.0036294781578253723 -7.6454567794259631e-05 -0.00056812866275826048 8.119189725150911e-05 -0.00036513948948919684 0.00049330310244024569 0.00012096900495217611 -0.001696153887257479 0.0019550097651246825 0.00027883081232746857 -0.00074665744851536435 0.001723030129751857 0.0016568983007653416 0.0078492162514034024
leaf_weight=997 21675 348 744 6926 781 6796 1273 501 13289 382 140 4879 13394 342 664 4145 154 55117 1279 15802 2896 5001 6279 1674 5920 4311 586 1167 5399 953
leaf_count=997 21675 348 744 6926 781 6796 1273 501 13289 382 140 4879 13394 342 664 4145 154 55117 1279 15802 2896 5001 6279 1674 5920 4311 586 1167 5399 953
internal_value=9.7381e-05 0.000177163 0.000122939 -0.000395605 -0.00807087 -0.00237812 -0.00180787 0.0117491 0.000710318 -0.000163391 0.00702663 -0.00022026 -0.000461718 -0.000787679 -0.00333303 0.00140231 -0.00204082 -0.000533277 -0.0054663 0.00109479 0.00139934 0.00194232 0.00221157 0.0012896 0.00225633 -0.000680869 0.00349077 0.0046422 0.00337093 0.00823113
internal_weight=183814 182036 181187 96235 1778 10092 9348 849 84952 86143 676 85467 74396 61002 5543 11071 294 55459 2552 63277 49988 34186 31290 18184 12199 5985 13106 8105 5985 2120
internal_count=183814 182036 181187 96235 1778 10092 9348 849 84952 86143 676 85467 74396 61002 5543 11071 294 55459 2552 63277 49988 34186 31290 18184 12199 5985 13106 8105 5985 2120
cat_boundaries=0 1 2
cat_threshold=53702 1
is_linear=0
shrinkage=0.05


Tree=96
num_leaves=31
num_cat=4
split_feature=10 12 4 1 4 1 19 16 16 4 20 20 18 23 1 1 4 18 10 4 10 23 10 19 16 10 13 16 19 10
split_gain=48.8084 38.147 20.5601 28.062 24.2094 27.1842 31.9511 36.0992 32.6773 28.4872 25.6475 20.0826 20.0248 18.2776 17.3189 17.1126 15.7859 15.4058 13.476 13.1553 13.0252 12.2278 11.8273 14.1382 15.2531 12.8182 16.9286 16.0946 21.7267 13.4082
threshold=6.1014387733168176 8.6527629543726707 4.5000000000000009 0 6.5000000000000009 1 7.5535389915062563 0.20920929221911777 0.16762717059955223 9.5000000000000018 0.037168973575952287 0.2662401266464795 0.020184598259166232 6.5569355499675934 2 3 2.5000000000000004 0.020184598259166232 6.5785562848655745 3.5000000000000004 8.993532301340311 7.1823884905027668 8.5183919731893152 8.1112974079172862 0.15297439008478989 7.0044280632177705 6.9082550291486795 0.20648571288069398 7.6314950141955293 7.6978016406699554
decision_type=8 10 2 1 2 1 8 8 10 2 10 10 10 8 1 1 2 10 10 2 8 10 10 10 10 8 10 10 10 10
left_child=19 2 3 16 10 6 8 9 -6 17 14 13 -7 -12 -4 -15 -2 -8 -5 -1 -3 -17 23 25 -25 26 -14 -27 29 -29
right_child=1 20 4 18 5 12 7 -9 -10 -11 11 -13 22 15 -16 21 -18 -19 -20 -21 -22 -23 -24 24 -26 27 -28 28 -30 -31
leaf_value=-0.0033938243135565927 -4.3650507915704575e-05 0.0019746492182483701 -0.0059059344308726837 -0.00066765319814048323 -0.0001114633076808147 5.3103590329151023e-05 -0.00056341596216147316 0.0054921443093571831 0.0025504419290362625 -0.00022696604169558654 6.4034696724135651e-05 0.0025250077671541862 -0.00017366991999896443 3.5379095662935182e-05 -5.00393129914567e-05 0.0010036610510401722 0.00041805246798267694 0.0013652517439100009 -0.0001300994692287505 -0.0027839301153183894 0.014655587564317774 -0.00070890844066604517 0.0055772847214793147 -0.00036028205310270069 -0.0053288553678344291 -9.9924893796465863e-05 -0.00091685337752780429 0.0018337741855166457 -0.0015495253140717536 0.0059349001496403547
leaf_weight=983 9468 462 429 18103 17963 3086 91 3010 2111 4721 14193 4015 9917 3770 1371 7235 9446 3285 22986 793 407 418 316 1445 824 33633 4893 2308 1316 621
leaf_count=983 9468 462 429 18103 17963 3086 91 3010 2111 4721 14193 4015 9917 3770 1371 7235 9446 3285 22986 793 407 418 316 1445 824 33633 4893 2308 1316 621
internal_value=8.42778e-05 0.00016484 0.000114657 -0.000642051 0.000489993 7.0918e-05 0.00126279 0.00341451 7.22327e-05 0.00167655 0.00168385 0.00203587 -0.000565894 0.00152053 -0.00411111 0.00300928 0.000951676 0.00518365 -0.00137567 -0.00816441 0.0106157 0.00436757 -0.000784741 -0.000840202 -0.00470472 -0.000673778 -0.001921 -0.000186124 0.00271496 0.00511267
internal_weight=183619 181843 180974 60003 120971 89540 31181 11107 20074 8097 31431 29631 58359 25616 1800 11423 18914 3376 41089 1776 869 7653 55273 54957 2269 52688 14810 37878 4245 2929
internal_count=183619 181843 180974 60003 120971 89540 31181 11107 20074 8097 31431 29631 58359 25616 1800 11423 18914 3376 41089 1776 869 7653 55273 54957 2269 52688 14810 37878 4245 2929
cat_boundaries=0 1 2 3 4
cat_threshold=4 1 1 4
is_linear=0
shrinkage=0.05


Tree=97
num_leaves=31
num_cat=6
split_feature=17 12 4 1 4 1 19 16 17 20 16 4 20 4 18 1 18 19 23 4 16 4 23 19 15 1 0 19 0 4
split_gain=41.1532 34.6688 21.4209 26.5276 24.192 32.703 27.0483 26.9668 26.2827 25.4855 25.1612 23.1605 18.5895 18.2306 17.5821 16.7158 15.4599 15.4475 15.0784 15.0529 14.1501 16.4208 16.1089 16.0564 19.6118 13.5506 12.558 11.8847 12.4974 11.7314
threshold=6.0678676885337319 8.6870958293510121 4.5000000000000009 0 6.5000000000000009 1 7.5357727051078394 0.21848500688872602 8.1713022845728691 0.037168973575952287 0.11210412393684614 9.5000000000000018 0.2662401266464795 2.5000000000000004 0.031309557126473354 2 0.020184598259166232 8.0094198647998471 6.5569355499675934 5.5000000000000009 0.20158376284456675 2.5000000000000004 6.9377443033387651 7.5903969154921755 7.4880225585237339 3 4 6.8216289302710322 5 7.5000000000000009
decision_type=8 10 2 1 2 1 8 8 8 10 10 2 10 2 10 1 10 10 8 2 8 2 10 8 10 1 1 10 1 2
left_child=19 2 3 13 9 6 10 11 -9 15 -6 16 18 -2 17 -4 -8 -7 -11 -1 22 23 -5 -22 -25 -20 -10 -27 -29 -16
right_child=1 -3 4 20 5 14 7 8 26 12 -12 -13 -14 -15 29 -17 -18 -19 25 -21 21 -23 -24 24 -26 27 -28 28 -30 -31
leaf_value=-0.0040854459079754605 -8.5114603917113568e-05 0.0063146197904210945 -0.0058230871289583598 -0.00010352474951669244 -0.00016780101713140816 4.2746327982934323e-05 -0.00052330949399410638 0.0013161990155469818 0.0053299636845246749 6.491376222963475e-05 0.0011446865419519226 -0.0001293578274319085 0.0025202553489942717 0.00041280147377684709 0.00014682624869015727 -6.5774055056544431e-05 0.0013615592641886831 0.0035287057175864335 0.0011372552448719821 0.0020916108935239651 -0.0014564089146695824 -0.0026081699574318053 -0.00078641402658328205 0.004007240579688087 -0.0030999990831991567 -6.18819747967958e-05 0.0094009321229839848 0.00019731289760307471 0.0014367658224269553 -0.00026642894278201547
leaf_weight=1139 9418 864 416 27535 14499 5145 100 1524 457 14243 5334 4856 4006 9529 9288 1368 3411 205 2547 246 3492 4209 4392 1117 416 3535 1028 3401 2118 43874
leaf_count=1139 9418 864 416 27535 14499 5145 100 1524 457 14243 5334 4856 4006 9529 9288 1368 3411 205 2547 246 3492 4209 4392 1117 416 3535 1028 3401 2118 43874
internal_value=1.22474e-05 7.74707e-05 2.98959e-05 -0.000741998 0.00041222 -6.96604e-06 0.00130011 0.00324367 0.00730309 0.00160113 0.000185297 0.00178379 0.00194807 0.000806196 -0.000704129 -0.00420404 0.00487753 0.00202804 0.00145682 -0.00857401 -0.00145465 -0.00317847 -0.000956087 -0.00124876 0.00301696 0.00279502 0.012037 0.00188867 0.00333847 -0.000979083
internal_weight=183712 182327 181463 60108 121355 89721 31209 11376 3009 31634 19833 8367 29850 18947 58512 1784 3511 5350 25844 1385 41161 9234 31927 5025 1533 11601 1485 9054 5519 53162
internal_count=183712 182327 181463 60108 121355 89721 31209 11376 3009 31634 19833 8367 29850 18947 58512 1784 3511 5350 25844 1385 41161 9234 31927 5025 1533 11601 1485 9054 5519 53162
cat_boundaries=0 1 2 3 4 5 6
cat_threshold=4 1 1 2 10805 61976
is_linear=0
shrinkage=0.05


Tree=98
num_leaves=31
num_cat=5
split_feature=10 12 4 1 4 1 16 20 4 4 11 4 10 12 11 13 20 1 23 1 18 10 18 10 9 4 1 13 13 4
split_gain=42.5085 36.2522 20.1029 30.0109 28.8688 28.3328 20.8299 20.0908 18.0891 15.5108 16.9325 14.8929 14.0414 20.8085 16.3598 14.7733 14.0371 16.2645 14.5726 17.1334 13.8302 13.7632 13.1581 13.0521 11.6868 23.7241 22.7531 27.8408 19.6066 13.519
threshold=6.1014387733168176 8.6870958293510121 4.5000000000000009 0 6.5000000000000009 1 0.16762717059955223 0.28772803846792888 3.5000000000000004 7.5000000000000009 6.9152271706749397 3.5000000000000004 8.4666363294987992 6.8839746192279376 8.0874863237131702 8.1207304717265796 0.037168973575952287 2 6.5569355499675934 3 0.031309557126473354 8.993532301340311 0.1553311506986654 7.9915908515222656 1.0000000180025095e-35 9.5000000000000018 4 6.9162192344924618 7.144670199790645 8.5000000000000018
decision_type=8 10 2 1 2 1 10 10 2 2 8 2 8 8 10 10 10 1 8 1 10 8 8 10 2 2 1 10 10 2
left_child=11 2 3 8 7 6 9 16 22 -6 -11 -1 -12 -14 15 -15 17 -4 -18 -20 23 -3 -2 -7 29 28 -27 -28 -26 -22
right_child=1 21 4 -5 5 20 -8 -9 -10 10 12 -13 13 14 -16 -17 18 -19 19 -21 24 -23 -24 -25 25 26 27 -29 -30 -31
leaf_value=-0.0030651608002816525 0.00010420762736522704 0.0015601857678149145 -0.0053194833528811269 -0.00035740742875831625 -0.00021904843910571794 3.6689309500337333e-05 0.0021247547319547702 0.0026317406568400871 0.0006399285701514934 -0.00057318828373831288 0.00017186184982258547 -0.0022644158426871732 -0.0026396620810379191 0.00097077902003204217 0.0028955398216348183 0.0052146359481833222 0.00011904983823809446 -2.3660778708256559e-05 2.5218962778938982e-05 0.00090428340967423364 -0.00041745702380986406 0.012379460985450841 -0.0014101023366898781 0.002489851114763342 0.00018746849830684199 -0.0013890985425107916 0.0003558488798627968 -0.0024410275464259445 -0.0015499393834402797 1.5184571021054084e-05
leaf_weight=960 11765 432 434 41068 5524 5236 3447 3454 4362 2701 11967 798 340 5739 968 473 14553 1334 3848 7878 15580 419 2902 168 3717 2372 1428 389 426 29078
leaf_count=960 11765 432 434 41068 5524 5236 3447 3454 4362 2701 11967 798 340 5739 968 473 14553 1334 3848 7878 15580 419 2902 168 3717 2372 1428 389 426 29078
internal_value=5.85002e-05 0.00013324 8.48739e-05 -0.000662679 0.000455995 -1.95415e-06 0.00121554 0.00175788 0.000978769 0.000759599 0.00134983 -0.00767918 0.00186406 0.00355718 0.00412953 0.00318738 0.00131476 -0.00299774 0.00160489 0.0029166 -0.000651608 0.0104289 0.000138065 0.00175796 -0.000897339 -0.00261642 -0.00526975 -0.00105944 6.6377e-05 -0.000576604
internal_weight=183760 182002 181151 60097 121054 89553 31159 31501 19029 27712 22188 1758 19487 7520 7180 6212 28047 1768 26279 11726 58394 851 14667 5404 52990 8332 4189 1817 4143 44658
internal_count=183760 182002 181151 60097 121054 89553 31159 31501 19029 27712 22188 1758 19487 7520 7180 6212 28047 1768 26279 11726 58394 851 14667 5404 52990 8332 4189 1817 4143 44658
cat_boundaries=0 1 2 3 4 5
cat_threshold=4 1 1 4 2
is_linear=0
shrinkage=0.05


Tree=99
num_leaves=31
num_cat=5
split_feature=17 12 11 3 0 3 15 0 19 20 0 4 0 15 11 12 16 23 23 20 4 4 4 8 0 19 19 4 19 19
split_gain=34.2564 29.7876 20.0499 18.0081 24.4764 20.4172 15.4775 15.2282 12.5105 12.3007 12.4223 11.3074 9.90121 14.0344 11.9179 9.69345 13.0008 9.70059 14.5277 11.3799 11.9047 13.6939 11.0001 9.56055 9.44159 11.152 9.10161 9.03474 8.18188 8.01633
threshold=6.0678676885337319 8.8272695731952897 6.3126414277150058 1.5000000000000002 0 5.5000000000000009 5.9811921524785587 1 6.2201282559728606 0.098131947843099157 2 4.5000000000000009 3 6.2401693155098394 6.2176031103882972 7.0677459245207599 0.035198913266442512 6.9377443033387651 6.2437017006216244 1.0000000180025095e-35 10.500000000000002 6.5000000000000009 3.5000000000000004 5.5000000000000009 4 8.2027777531673554 6.331818229615819 2.5000000000000004 8.0865182092703414 7.4590218600978018
decision_type=8 10 8 2 1 2 10 1 10 8 1 2 1 8 10 8 8 10 10 8 2 2 2 2 1 10 8 2 10 10
left_child=6 2 12 4 -4 7 8 -5 -1 24 28 -8 -2 14 27 16 -9 18 19 20 21 22 -17 -22 -7 -26 -18 -14 -11 -19
right_child=1 -3 3 5 -6 9 11 15 -10 10 -12 -13 13 -15 -16 17 26 29 -20 -21 23 -23 -24 -25 25 -27 -28 -29 -30 -31
leaf_value=-0.0090587417185692635 0.0011146699033847795 0.0082950970657238894 -0.0061456634763804368 -0.00027179036560365244 0.00019403760810579043 0.00023189546232642579 -0.0014016854359697906 0.00012299966289028852 0.006071958848644643 0.001172738691011044 0.00024299128356108923 0.0034492810666930662 -0.0010568121848839151 -0.0020120893084820237 0.0011964221597029479 -3.4293338371504947e-05 0.0015547764754705097 -9.9879844733274944e-05 0.00046248959460397647 8.1733441843145904e-05 -0.0010967009678376272 -4.5535582017031121e-06 1.2888123552112774e-05 8.2244941342324301e-05 -0.00020527961339120716 0.0051250014693973618 -0.00054325228865490514 1.5942954912340215e-05 0.0064724175011781964 -0.0010727682647584836
leaf_weight=708 626 544 375 35352 50450 2296 493 2388 53 5170 10966 152 978 2517 363 84 390 2981 3613 39830 21 200 76 52 5890 92 14071 1557 349 1194
leaf_count=708 626 544 375 35352 50450 2296 493 2388 53 5170 10966 152 978 2517 363 84 390 2981 3613 39830 21 200 76 52 5890 92 14071 1557 349 1194
internal_value=2.21671e-05 8.20885e-05 4.71462e-05 0.000144449 0.000938023 -0.000178179 -0.00775249 -0.000495751 -0.0125821 0.0011075 0.00189718 -0.00205426 -0.00278513 -0.00347005 -0.00110421 -4.08258e-05 -0.00107276 0.000321013 0.000540159 0.000267615 -0.00779446 -0.0115278 -0.000625 0.0106164 -0.000465088 -0.00151035 -0.00163716 -0.00231755 0.00382981 -0.00198204
internal_weight=183831 182425 181881 175840 50825 125015 1406 100252 761 24763 16485 645 6041 5415 2898 64900 16849 48051 43876 40263 433 360 160 73 8278 5982 14461 2535 5519 4175
internal_count=183831 182425 181881 175840 50825 125015 1406 100252 761 24763 16485 645 6041 5415 2898 64900 16849 48051 43876 40263 433 360 160 73 8278 5982 14461 2535 5519 4175
cat_boundaries=0 1 2 3 4 5
cat_threshold=256 11305 5600 70 32801
is_linear=0
shrinkage=0.05


Tree=100
num_leaves=31
num_cat=5
split_feature=10 10 15 19 13 21 0 20 23 0 3 3 0 18 20 5 0 0 19 3 10 8 6 16 15 19 19 14 10 16
split_gain=32.9863 27.0078 30.6198 17.8594 16.5438 13.3659 13.2824 13.9175 14.3507 12.576 12.4749 12.7467 18.4131 10.4928 10.1012 10.0803 10.9857 10.3732 9.37489 9.34639 9.31443 9.16577 9.08965 8.96739 8.89769 9.30527 8.87496 8.72093 8.54312 8.5181
threshold=8.8555905539014876 6.5701821913769409 5.9811921524785587 6.0173691477424764 6.5950969868555456 3.9579514811989376 0 1.0000000180025095e-35 6.9377443033387651 1 5.5000000000000009 1.5000000000000002 2 0.11522242802473394 0.42175131570414598 1.0000000180025095e-35 3 4 7.020304041181439 5.5000000000000009 5.992712987207276 4.5000000000000009 1.0000000180025095e-35 0.13625857790494783 7.3383304993538623 7.3086927982365149 6.9222091236706706 8.272182292171534 5.5729269024244674 0.022941481144008943
decision_type=10 8 10 8 10 8 1 8 10 1 2 2 1 10 10 2 1 1 10 2 10 2 2 8 8 10 10 10 10 10
left_child=1 2 13 -3 15 -6 7 19 9 21 11 12 -8 -1 -13 17 -17 20 23 22 -4 -9 -5 29 25 -16 -19 -26 -15 -10
right_child=-2 3 4 6 5 -7 10 8 18 -11 -12 14 -14 28 24 16 -18 26 -20 -21 -22 -23 -24 -25 27 -27 -28 -29 -30 -31
leaf_value=-0.0076671329122647517 0.010232590250147933 -0.010954179775054064 -0.005273603457095888 -7.8529363455093207e-06 -0.00041336088660295369 -0.00217119449223524 -0.0061654421553537508 0.0012985453913723077 0.00028403339954841123 0.00017999918484643552 0.00022954074797683078 -0.00018967528200204421 0.00011110351839516142 -0.049759130865825535 0.0017128175446552874 0.0013251285508879551 -2.7755063489953714e-06 0.00017775982009484716 -0.00039380872128753631 9.878217209635665e-06 -0.00042370244860197027 0.00036401444375417925 -5.4419741698730211e-06 0.0037783738840816428 0.0034956880446598729 -0.0066734015107570155 -0.00823551070237496 -0.0015692338686045916 -0.0027558286161596616 -7.0163224046004838e-05
leaf_weight=365 406 260 63 331 1259 1614 366 1786 345 56524 14875 48893 24686 99 222 579 1060 5567 5428 100 5319 8761 292 116 716 133 155 89 517 2740
leaf_count=365 406 260 63 331 1259 1614 366 1786 345 56524 14875 48893 24686 99 222 579 1060 5567 5428 100 5319 8761 292 116 716 133 155 89 517 2740
internal_value=4.95465e-05 1.80072e-05 -0.00190546 0.000209555 -0.00136719 -0.00479464 0.000230014 0.000714678 0.000780713 0.00102764 -0.000181687 -0.000443712 0.000477008 -0.010474 -0.000904541 -0.000594444 0.00306589 -0.00113473 -0.0011386 -0.00618949 -0.00270772 0.00261201 -0.00846709 0.0010075 0.0037069 -0.00288732 0.000348918 0.00661491 -0.00649351 0.000494327
internal_weight=183666 183260 16597 166663 15616 2873 166403 76423 75700 67071 89980 75105 25052 981 50053 12743 1639 11104 8629 723 5382 10547 623 3201 1160 355 5722 805 616 3085
internal_count=183666 183260 16597 166663 15616 2873 166403 76423 75700 67071 89980 75105 25052 981 50053 12743 1639 11104 8629 723 5382 10547 623 3201 1160 355 5722 805 616 3085
cat_boundaries=0 1 2 3 4 5
cat_threshold=53446 16384 256 15492 32001
is_linear=0
shrinkage=0.05


Tree=101
num_leaves=31
num_cat=2
split_feature=10 15 10 11 17 17 10 4 13 10 11 0 15 10 15 10 17 20 15 23 14 11 17 12 0 12 10 15 10 17
split_gain=27.7519 28.8689 25.9757 23.8422 18.2719 14.3707 21.6562 23.3204 20.7313 20.3973 18.3692 17.8981 14.9886 20.1524 14.6575 35.6218 18.2392 19.4443 13.8429 13.539 13.1729 12.6334 16.4623 18.5121 12.7318 12.4372 11.9987 15.3533 11.9748 12.8157
threshold=6.5701821913769409 5.9811921524785587 8.993532301340311 6.3126414277150058 6.6121884062350835 7.6327274727332535 8.2177074967233796 5.5000000000000009 8.1896606337060707 7.8073020336262013 7.7202392267623416 0 7.6917217173580212 7.7202392267623416 7.4880225585237339 7.4404391602237441 6.7616531994863545 0.073872270221775574 7.7918171560465863 5.2344586284256875 6.5882382461791584 7.4103463658656468 7.2934100465559233 7.2356181029372939 1 7.6016521472294505 7.9736718141258169 8.1567087778626295 7.5248301129598225 8.5337749101913492
decision_type=8 10 10 8 10 8 8 2 10 10 8 1 10 10 8 10 10 10 10 10 8 10 10 10 1 8 10 10 10 8
left_child=1 -1 3 -2 -3 9 8 -8 12 14 -9 -12 28 19 15 20 17 -16 -15 -14 -5 22 23 -22 -24 -13 -20 -28 -7 -30
right_child=2 4 -4 5 -6 6 7 10 -10 -11 11 25 13 18 16 -17 -18 -19 26 -21 21 -23 24 -25 -26 -27 27 -29 29 -31
leaf_value=-0.0057860001996082435 -0.0017333585642350881 -0.00014236534843909966 0.011360279203827074 0.00058420699810763927 -0.0018598361364181139 -0.0003079114948683959 -0.00033324613425516074 -0.00092932550084108285 -0.0015335247005276332 0.0031427947792534551 0.00011190773054812198 -0.0021931980820775188 -0.0007696533319920374 0.0010508496261087297 -0.005156940927275722 0.0013103465677632544 -0.00017140439702769685 -0.0016295605203016318 -0.00038025222750186498 -0.0028388525246606511 -3.9683923039346426e-05 0.00072186858746507991 2.3456126743148787e-07 0.00052478912700073546 -0.00038039122721325038 0.0019215211672104716 0.000707139622815034 -0.00084717992289964352 0.00078312645776299492 0.0095712385919938473
leaf_weight=1018 2046 12907 258 6701 2676 1476 4259 1202 1230 1338 2882 367 1929 1678 247 4587 18428 2030 4668 472 69785 3826 3855 7649 9745 9700 3480 678 2403 253
leaf_count=1018 2046 12907 258 6701 2676 1476 4259 1202 1230 1338 2882 367 1929 1678 247 4587 18428 2030 4668 472 69785 3826 3855 7649 9745 9700 3480 678 2403 253
internal_value=3.87707e-05 -0.00191103 0.000232395 0.000207891 -0.0013781 0.000274462 0.00114718 0.00235741 -7.25352e-05 2.47677e-05 0.00333369 0.00388254 0.000380055 -0.000459124 -4.00069e-05 0.000197366 -0.00125694 -0.0054787 0.000485529 -0.00459184 2.70773e-06 -0.00014864 -0.000266933 1.48514e-05 -0.00187132 0.00487496 -0.000305914 0.00164743 0.00300097 0.00500753
internal_weight=183773 16601 167172 166914 15583 164868 36677 18410 18267 128191 14151 12949 17037 12905 126853 106148 20705 2277 10504 2401 101561 94860 91034 77434 13600 10067 8826 4158 4132 2656
internal_count=183773 16601 167172 166914 15583 164868 36677 18410 18267 128191 14151 12949 17037 12905 126853 106148 20705 2277 10504 2401 101561 94860 91034 77434 13600 10067 8826 4158 4132 2656
cat_boundaries=0 1 2
cat_threshold=10254 1222
is_linear=0
shrinkage=0.05


Tree=102
num_leaves=31
num_cat=4
split_feature=10 17 0 3 4 4 1 23 16 23 23 18 19 19 10 18 10 12 3 16 1 19 17 1 16 13 10 19 10 18
split_gain=30.9441 24.4077 18.477 16.4615 15.5954 18.2172 22.6757 14.6492 18.1055 13.9515 13.9277 12.4189 12.3174 12.1434 11.8859 11.7592 14.7437 11.4003 10.8646 10.5798 10.5209 10.2519 18.9868 9.96186 13.6163 11.6353 10.7791 9.60826 9.57165 8.57499
threshold=8.8555905539014876 5.9841555006066143 0 1.0000000180025095e-35 4.5000000000000009 7.5000000000000009 1 7.2377072833237177 0.10410611476915232 6.9746572882518736 6.5569355499675934 0.032200072977609011 1.0000000180025095e-35 6.4494059259785095 5.992712987207276 0.22598492660681105 7.6978016406699554 6.9814702089390606 2.5000000000000004 0.20371435179836012 2 7.4037590519248626 7.2934100465559233 3 0.04302218434612879 6.9082550291486795 6.8172832260245597 6.5678696929722422 6.0438190738591979 0.12943487352022356
decision_type=10 8 1 2 2 2 1 8 10 10 8 10 10 8 10 8 8 8 2 10 1 10 8 1 10 8 10 10 8 10
left_child=1 14 9 -4 7 12 19 8 13 17 21 18 20 -5 -1 -14 -17 -3 -12 -7 -6 -8 -23 24 -13 26 -25 -18 -9 -24
right_child=-2 2 3 4 5 6 10 28 -10 -11 11 23 15 -15 -16 16 27 -19 -20 -21 -22 22 29 25 -26 -27 -28 -29 -30 -31
leaf_value=-0.012061395889145565 0.0091529467774491557 -0.00010399338758020349 0.0002460119519008597 -0.0021656500945108183 0.008017524090866068 0.00011132836157323744 -2.6358736523235393e-05 -0.0036472868553185213 -0.0010472618730109852 -0.0002333984344102369 -0.0010372596862361584 -0.00052500640815265063 7.9410390827927557e-05 6.6885573239394708e-05 0.00074974617087208983 0.00021027703358409422 -0.001822354549323224 0.00021310238484182343 0.0014696515634938124 0.0032377075678245771 -0.022603183879520962 -0.0099607161944582426 -5.3830047311542729e-05 -0.0002754313685280563 -0.0018283631748722497 -0.00070498615225225161 0.0011136704101174734 0.0041334013617438268 -0.0006935387832731621 -0.0016953646208160977
leaf_weight=514 412 15328 12745 592 51 9812 10917 168 8757 8171 283 1181 18813 11640 175 1600 179 62044 459 684 176 204 3068 804 1322 2748 351 1245 6585 2758
leaf_count=514 412 15328 12745 592 51 9812 10917 168 8757 8171 283 1181 18813 11640 175 1600 179 62044 459 684 176 204 3068 804 1322 2748 351 1245 6585 2758
internal_value=2.61173e-05 -4.63534e-06 3.07907e-05 -0.000441061 -0.000694041 -0.000218427 -0.000934492 -0.00166534 -0.00101363 0.000566608 -0.00177941 -0.00363039 0.000904188 0.000228908 -0.00939768 0.00102464 0.00391865 0.000774182 0.00249326 0.00100514 -0.0106828 -0.000998702 -0.0026534 -0.00433968 -0.00680184 -0.0027607 0.00145022 0.00761938 -0.00369095 -0.00212839
internal_weight=183786 183374 182685 97142 84397 56655 34591 27742 20989 85543 24095 7148 22064 12232 689 21837 3024 77372 742 10496 227 16947 6030 6406 2503 3903 1155 1424 6753 5826
internal_count=183786 183374 182685 97142 84397 56655 34591 27742 20989 85543 24095 7148 22064 12232 689 21837 3024 77372 742 10496 227 16947 6030 6406 2503 3903 1155 1424 6753 5826
cat_boundaries=0 1 2 3 4
cat_threshold=53702 1 4 2
is_linear=0
shrinkage=0.05


Tree=103
num_leaves=31
num_cat=5
split_feature=10 10 16 17 20 1 0 11 15 10 10 17 10 0 3 3 0 23 12 23 15 19 10 10 11 20 19 0 17 20
split_gain=24.7103 23.388 23.1482 19.3811 15.6094 13.3001 12.7308 14.9875 15.4633 24.1582 11.5201 12.043 21.1297 12.4568 9.70636 10.5601 11.9334 9.52836 11.2735 10.3682 10.305 34.4249 23.0503 21.1222 10.2954 10.1205 10.9462 9.52146 9.35627 9.04875
threshold=6.4792771020676119 8.993532301340311 0.0087760965597175316 6.0678676885337319 1.0000000180025095e-35 0 1 6.4159146208419617 6.5643788500761406 6.601909005459107 5.5729269024244674 6.3147214931391193 6.1323122662398957 2 5.5000000000000009 1.0000000180025095e-35 3 6.9377443033387651 6.9579728820873044 6.1942268421988436 7.4880225585237339 8.308337593441129 7.5503982927968831 7.4103463658656468 7.3142198319787717 0.10360823015593805 7.0034820746941753 4 6.9506100869322527 0.48191591808416084
decision_type=8 10 10 8 8 1 1 8 8 8 10 10 10 1 2 2 1 10 8 10 10 10 8 10 8 8 10 1 10 10
left_child=2 3 -1 -2 5 -5 17 -8 -9 -10 -4 12 13 -12 15 16 -11 18 -6 20 21 23 -22 25 -21 26 -20 -16 -25 -17
right_child=1 -3 10 4 6 -7 7 8 9 14 11 -13 -14 -15 27 29 -18 -19 19 24 22 -23 -24 28 -26 -27 -28 -29 -30 -31
leaf_value=-0.0024356302603947277 -0.0050172813878087922 0.0098864858852889988 -0.036783156195030163 0.00010914891832847218 -0.00014031672264880335 -1.4720628888564847e-05 -0.0013498335477796219 0.000631518709049006 -0.0012049578095469473 -0.0058408926039823063 -0.0019759909884405681 -0.00084310555566795569 0.00052659358567219705 -0.00032957385917473662 0.0004291025929776371 -0.00011098190612708337 0.00025463659810514016 -0.00011680345849862661 -0.0007380573759093956 5.9363651447741367e-05 -0.00087577748289200405 0.0097090597274931412 0.00024175378900235245 0.011557960331407059 0.00074992894082974719 0.00045847485643810696 1.4915162006134963e-05 -0.00011726042188793252 0.0011693682150096141 0.0022600885903045764
leaf_weight=717 467 274 135 153 10108 742 2430 3588 1565 217 556 6660 3112 1271 8903 61748 10899 8763 1459 1942 2526 365 14918 222 3500 20797 5769 5754 3423 705
leaf_count=717 467 274 135 153 10108 742 2430 3588 1565 217 556 6660 3112 1271 8903 61748 10899 8763 1459 1942 2526 365 14918 222 3500 20797 5769 5754 3423 705
internal_value=2.83089e-05 0.000184686 -0.00212232 0.000161292 0.000189154 -0.00639665 0.000223908 -0.000156284 -5.54193e-05 -0.000184038 -0.0015894 -0.00142038 0.000450496 -0.00381773 -7.48079e-05 -0.000308894 0.00111101 0.00071746 0.000926125 0.00120855 0.000980719 0.00151319 2.86632e-06 0.00133723 0.00328004 0.000871543 -0.000740177 0.00110016 0.0049177 -0.000561622
internal_weight=183688 171237 12451 170963 170496 895 169601 95809 93379 89791 11734 11599 4939 1827 88226 73569 11116 73792 65029 54921 49479 32035 17444 31670 5442 28025 7228 14657 3645 62453
internal_count=183688 171237 12451 170963 170496 895 169601 95809 93379 89791 11734 11599 4939 1827 88226 73569 11116 73792 65029 54921 49479 32035 17444 31670 5442 28025 7228 14657 3645 62453
cat_boundaries=0 1 2 3 4 5
cat_threshold=1 49350 11392 256 1825
is_linear=0
shrinkage=0.05


Tree=104
num_leaves=31
num_cat=7
split_feature=12 10 0 3 5 0 3 0 4 0 10 17 0 16 17 19 16 10 21 17 10 19 0 7 17 1 16 10 16 14
split_gain=25.9645 22.6451 19.4776 15.1582 15.5427 16.091 16.0195 14.8532 14.3784 14.1619 12.1728 18.6363 11.1231 10.5275 10.4829 21.0703 19.5733 13.0725 9.13092 11.0908 9.06088 8.57945 8.31317 10.2384 8.18117 7.92819 7.13065 7.01676 7.01572 7.60742
threshold=8.8272695731952897 6.1323122662398957 0 1.5000000000000002 1.0000000180025095e-35 1 5.5000000000000009 2 9.5000000000000018 3 6.4523117665326337 6.3147214931391193 4 1.1904002499163084e-07 8.5337749101913492 7.3909682946391611 0.072314205618639049 7.2089702972815557 4.1751559095550812 7.9122323511931798 9.110615268917222 6.2706605812444831 5 36.500000000000007 7.2643744023976859 6 0.13625857790494783 8.5780032636808432 0.19138778107031171 6.7171997342723353
decision_type=10 8 1 2 2 1 2 1 2 1 8 8 1 8 8 10 10 10 8 10 8 8 1 10 10 1 8 8 8 8
left_child=1 2 -1 9 5 -5 10 21 25 -3 11 -7 18 -11 -12 17 -17 -16 24 -20 -2 -6 23 -15 -8 -9 -10 -18 29 -27
right_child=20 3 -4 4 7 6 12 8 26 13 14 -13 -14 22 15 16 27 -19 19 -21 -22 -23 -24 -25 -26 28 -28 -29 -30 -31
leaf_value=-0.0026259345807940096 0.0022456839501954207 -0.004923318226647844 -0.000313095166215982 -0.00074278507243725762 0.0027258578509391507 0.00023992344897991736 0.0028213079265808627 -0.00061304677639999476 0.00030025266130433441 -3.2542373076305256e-05 -0.00010878407095304965 -0.0017644423101712992 -5.4650951186729912e-07 6.9194775155789764e-05 -0.0010924551588640252 0.0071241028059824355 -0.0055536377753059533 0.0027895873918838635 0.00020113334925171423 0.0027799217234881547 0.013225508955589584 0.00069673633793811975 0.00034689246006736063 -0.027720510314219762 0.00052505622112288821 0.0012157331430877605 0.0029341047257441578 0.0015587672530430032 -0.0014514190263820838 2.9092407610686877e-05
leaf_weight=1153 297 366 1368 3163 154 1357 865 2616 1953 1809 80727 2484 12798 22443 2275 911 116 171 6987 589 231 4345 27422 68 565 666 972 216 1125 3565
leaf_count=1153 297 366 1368 3163 154 1357 865 2616 1953 1809 80727 2484 12798 22443 2275 911 116 171 6987 589 231 4345 27422 68 565 666 972 216 1125 3565
internal_value=7.75396e-06 -2.41475e-05 -0.00473027 4.14988e-05 -0.000249961 -0.000452643 -0.000351364 0.00124058 0.000240671 0.00076092 -0.000651223 -0.00340406 0.000862227 0.000830886 -0.000525967 0.00208051 0.00738134 -0.000613246 0.00220719 0.00151795 0.0110795 0.0036538 0.000966796 0.000254207 0.00587413 -0.000859257 0.00323932 -0.00301205 0.000242718 0.00117584
internal_weight=183777 183249 2521 180728 128620 113224 110061 15396 10897 52108 88257 3841 21804 51742 84416 3689 1243 2446 9006 7576 528 4499 49933 22511 1430 7972 2925 332 5356 4231
internal_count=183777 183249 2521 180728 128620 113224 110061 15396 10897 52108 88257 3841 21804 51742 84416 3689 1243 2446 9006 7576 528 4499 49933 22511 1430 7972 2925 332 5356 4231
cat_boundaries=0 1 2 3 4 5 6 7
cat_threshold=11904 8192 54656 256 481 8793 1
is_linear=0
shrinkage=0.05


Tree=105
num_leaves=31
num_cat=0
split_feature=17 10 20 4 15 10 10 11 19 10 12 15 17 7 17 10 23 19 10 10 10 20 19 13 23 22 4 19 17 12
split_gain=22.4102 22.2181 17.036 23.9041 22.8665 16.3638 15.262 15.031 24.0089 14.8782 22.0899 20.7918 48.2978 26.7337 36.0967 25.5305 22.064 17.1023 14.8002 14.6813 14.4357 14.2498 13.9819 13.2062 14.7104 12.7041 11.7676 18.2095 21.3308 11.7183
threshold=5.9841555006066143 8.993532301340311 1.0000000180025095e-35 10.500000000000002 7.3136832863123269 7.3128864978553141 5.992712987207276 6.9002268856650231 6.9360305412992798 6.9072550288153467 6.6637708581706061 6.9087610166783255 8.2626584699169889 1.5000000000000002 6.9418590447660122 6.9541615378757635 3.9873593400761491 6.8102413713292549 7.5503982927968831 6.8839746192279376 6.3126414277150058 0.073260327237968506 8.0370057272781104 6.9879517145002916 6.9746572882518736 6.6044855364627795 11.500000000000002 7.4037590519248626 7.8852032996409163 7.4974835395764439
decision_type=8 10 8 2 10 10 10 8 8 8 8 10 10 10 10 8 8 8 10 10 10 10 8 8 10 10 2 10 8 10
left_child=6 2 3 4 -2 -5 -1 8 20 22 -11 12 13 14 16 -13 -12 -15 -18 21 -4 -10 -9 -17 25 -25 27 29 -29 -19
right_child=1 -3 7 5 -6 -7 -8 9 19 10 11 15 -14 17 -16 23 18 26 -20 -21 -22 -23 -24 24 -26 -27 -28 28 -30 -31
leaf_value=-0.010953174281250845 2.2727567660396632e-05 0.0093473395682375227 -0.0003748178681703962 -0.0019838764879892778 -2.662691157193642e-05 5.6003793230408054e-05 0.00079809056876234408 -0.0002757824070468207 -0.0076972279974765641 -0.0018745968345871946 9.3482960911295273e-05 -0.00071939570838139852 0.0082140588205571238 -0.0013149776485978039 8.0813546416091949e-06 0.00052683031959177562 0.00088418037430235694 -3.511682315271436e-05 0.012192041169095714 -7.1401882037003267e-05 0.00010126071783385094 -0.0019252216186499639 -0.016145924736475827 4.4439297162357505e-05 -0.00029542696611093436 0.00043772861970359234 -0.0023593227676161014 0.00038255995922904519 0.005877687988898473 0.01127374621208972
leaf_weight=519 288 255 13101 35 489 97 173 12939 171 2079 1915 4339 598 2985 4557 7302 3871 6640 295 1474 19730 2788 103 79573 7531 6140 1031 1405 1140 136
leaf_count=519 288 255 13101 35 489 97 173 12939 171 2079 1915 4339 598 2985 4557 7302 3871 6640 295 1474 19730 2788 103 79573 7531 6140 1031 1405 1140 136
internal_value=2.13665e-05 5.53258e-05 3.47465e-05 -0.00679318 -0.0101351 0.0128788 -0.00895954 6.88781e-05 -0.000826535 0.000299663 0.000459376 0.000541488 0.00185061 0.00150052 0.00336999 0.000234781 0.0058913 9.37242e-06 0.00793327 -0.0042804 -0.000360178 -0.00631125 -0.00131115 0.000396833 0.000236476 0.000422631 0.000970827 0.00153149 0.00513752 0.000177096
internal_weight=183699 183007 182752 909 777 132 692 181843 37264 144579 131537 129458 24573 23975 10638 104885 6081 13337 4166 4433 32831 2959 13042 100546 93244 85713 10352 9321 2545 6776
internal_count=183699 183007 182752 909 777 132 692 181843 37264 144579 131537 129458 24573 23975 10638 104885 6081 13337 4166 4433 32831 2959 13042 100546 93244 85713 10352 9321 2545 6776
is_linear=0
shrinkage=0.05


Tree=106
num_leaves=31
num_cat=2
split_feature=10 17 17 10 19 15 17 10 10 5 10 0 19 18 10 0 9 11 3 16 10 19 7 18 10 11 3 17 18 11
split_gain=21.2334 20.3369 14.8862 22.7632 21.0408 29.0385 29.2632 23.8247 23.6499 16.5601 16.323 16.2759 13.6227 17.3807 17.8979 12.7865 12.7049 12.2478 11.5513 13.6982 11.856 11.5183 11.4842 12.1008 11.3794 10.2166 9.85532 9.16481 8.81528 8.79984
threshold=8.9641391362395684 5.9841555006066143 7.6327274727332535 7.764718292812792 7.1441363151927701 7.6917217173580212 8.2948384325981515 6.9072550288153467 7.7465022115569893 1.0000000180025095e-35 7.9015624361563814 0 7.8654381142696161 0.1104813708092735 8.6135932733793492 1 1.0000000180025095e-35 5.5729269024244674 1.5000000000000002 1.1904002499163084e-07 6.4159146208419617 6.8638767101791496 51.500000000000007 0.21119831907995187 8.1622300485615504 7.9386235179612585 5.5000000000000009 7.6550933335661417 0.067574513512397308 7.0762313397111702
decision_type=10 8 8 10 8 10 10 8 8 2 10 1 10 10 8 1 2 10 2 10 8 10 10 10 10 8 2 10 8 8
left_child=1 17 3 9 -4 6 7 -6 11 18 15 -7 24 14 -14 28 -11 -1 19 -3 -20 -18 23 29 -10 -16 -22 -12 -9 -17
right_child=-2 2 4 -5 5 8 -8 10 12 16 27 -13 13 -15 25 22 21 -19 20 -21 26 -23 -24 -25 -26 -27 -28 -29 -30 -31
leaf_value=-0.014027156058290703 0.0079276037051231544 -0.00010880475360850462 -0.0021041846652223753 0.0028398306848020473 -0.012499509132687159 -0.0014885118875923365 0.0092012846320406183 0.0030404383775370913 0.00047932171114186686 0.00012172554226150823 0.020319866844022316 -5.9073193970426989e-05 1.3719772483833382e-05 -0.00060960799415328288 -0.00057172836354060232 -0.0052837614440118365 0.0012738876748281892 -0.00095206053855165793 -0.0007064673145473322 0.00012393692572947314 -0.00014023757612036114 -6.5716478716559834e-06 -0.011425654457557855 -0.00091943816415902553 0.0031094987852564593 0.0019723435480491157 5.9199925051833806e-05 0.0037723007947106702 -0.00088145393251022337 0.0015901358212195849
leaf_weight=341 324 3457 1715 1466 145 1483 528 90 7134 15883 147 1502 4250 6944 253 96 1342 340 6051 33394 66999 772 242 1079 653 1331 16659 291 2038 6656
leaf_count=341 324 3457 1715 1466 145 1483 528 90 7134 15883 147 1502 4250 6944 253 96 1342 340 6051 33394 66999 772 242 1079 653 1331 16659 291 2038 6656
internal_value=2.00158e-05 -2.59165e-06 2.95728e-05 -0.000196373 0.000931596 0.00119758 0.0032797 0.00271699 0.000197452 -0.00025924 0.00299135 -0.00396147 0.000801118 -0.000203475 0.00180836 0.00258553 0.00115992 -0.00862702 -0.000461046 0.000284253 -0.000767203 0.00480132 0.0034919 0.00382774 0.0024496 0.0063447 -0.000612613 0.0124429 -0.000865295 0.00461345
internal_weight=183605 183281 182600 146023 36577 34862 11312 10784 23550 144557 10639 2985 20565 12778 5834 10201 17997 681 126560 36851 89709 2114 8073 7831 7787 1584 83658 438 2128 6752
internal_count=183605 183281 182600 146023 36577 34862 11312 10784 23550 144557 10639 2985 20565 12778 5834 10201 17997 681 126560 36851 89709 2114 8073 7831 7787 1584 83658 438 2128 6752
cat_boundaries=0 1 2
cat_threshold=51729 8226
is_linear=0
shrinkage=0.05


Tree=107
num_leaves=31
num_cat=2
split_feature=17 16 11 0 10 15 19 3 16 10 11 17 16 20 10 1 10 20 19 18 18 20 18 23 20 15 23 11 23 19
split_gain=20.9467 23.1409 17.3857 15.2393 14.1997 13.2028 15.7628 14.6495 12.9147 12.4783 14.2017 15.1292 11.637 10.9465 9.37018 9.30129 9.18045 8.99373 8.88155 10.0445 9.12346 10.177 8.70967 8.63901 16.2365 10.6263 10.1176 12.2013 8.40673 11.9068
threshold=8.5337749101913492 0.070844925690621938 5.992712987207276 0 8.5958799490139821 7.4372423182002629 7.1055326889765142 1.0000000180025095e-35 0.11578737589883131 7.4974835395764439 6.5785562848655745 6.6121884062350835 0.04401058572824073 0.34023425943627883 5.992712987207276 1 6.5841003072722417 0.30787311638481446 8.2362778391612128 0.058583961243289524 0.22852283654696068 0.077151925572931906 0.0097234701318512032 6.9746572882518736 0.12287074984011313 7.4603938825183382 6.3105743109447294 7.3142198319787717 7.2855534267443156 7.3909682946391611
decision_type=10 10 8 1 8 10 10 2 8 10 10 10 10 8 10 1 8 10 10 10 10 10 10 10 10 10 10 8 8 10
left_child=2 -2 14 8 -3 7 12 -5 23 10 13 16 -7 -9 -1 -15 -12 -6 20 -20 21 -8 -11 26 -25 -26 -4 -28 29 -13
right_child=1 4 3 5 17 6 18 9 -10 22 11 28 -14 15 -16 -17 -18 -19 19 -21 -22 -23 -24 24 25 -27 27 -29 -30 -31
leaf_value=-0.0079052005688066591 0.0083724339217541299 -0.0039753249413642779 -2.1478347103087714e-06 0.00020162722126164658 0.00051227327837670704 -0.0014045095277609222 0.00033789756589013291 -0.00033669273859153752 0.00048841384422742 0.0091508947885039944 -0.00050205071725819563 -7.7565541793944703e-06 0.0064722547625898135 0.0038987734874116331 0.00046257526144373174 -0.0049466441733642345 0.0017381963835894521 0.0082278770581788226 0.0014031376139155506 -0.0015766733528062905 0.0014294515846359436 -7.5084134643543807e-05 0.0019394639009872262 -5.0210892549085173e-05 -0.00066681929289778017 -0.0021072494237781348 -6.1205434462419106e-05 0.00061618494814030811 -0.00038477916969785757 -0.00086260940175719725
leaf_weight=422 462 224 33415 10454 481 20 3360 25990 37517 107 500 28493 293 212 164 1835 1519 268 162 840 2520 11488 924 6031 970 518 2679 3615 6029 2260
leaf_count=422 462 224 33415 10454 481 20 3360 25990 37517 107 500 28493 293 212 164 1835 1519 268 162 840 2520 11488 924 6031 970 518 2679 3615 6029 2260
internal_value=2.80239e-05 0.0060453 -1.93323e-05 8.3906e-06 0.00167009 -0.000419518 0.000774769 -0.000704455 0.000498201 -0.00097283 -0.00105703 -0.000437489 0.011901 -0.00191443 -0.00861775 -0.00543478 0.00377662 0.0049733 0.000585193 -0.00399202 0.000849263 0.000377155 0.00448594 -5.1876e-05 -0.00160593 -0.0062836 0.000242388 0.00208135 -0.000668805 -0.000334114
internal_weight=183772 1435 182337 181751 973 97006 18683 78323 84745 67869 66838 38801 313 28037 586 2047 2019 749 18370 1002 17368 14848 1031 47228 7519 1488 39709 6294 36782 30753
internal_count=183772 1435 182337 181751 973 97006 18683 78323 84745 67869 66838 38801 313 28037 586 2047 2019 749 18370 1002 17368 14848 1031 47228 7519 1488 39709 6294 36782 30753
cat_boundaries=0 1 2
cat_threshold=53702 4
is_linear=0
shrinkage=0.05


Tree=108
num_leaves=31
num_cat=4
split_feature=10 4 1 4 18 11 19 23 1 1 1 16 19 18 10 16 19 23 4 4 23 11 19 7 4 19 18 19 4 4
split_gain=21.7712 17.8703 22.3688 18.9992 21.1288 16.8414 15.7375 17.3746 17.9838 16.7693 15.4141 18.6541 17.1691 15.9404 13.3248 13.0636 27.8461 14.9365 12.9207 11.3141 11.1453 11.1004 12.0048 14.5853 10.9627 10.7389 10.6717 10.5217 10.2685 20.0171
threshold=8.9241230053980214 4.5000000000000009 0 6.5000000000000009 0.3907492643283455 5.992712987207276 1.0000000180025095e-35 6.8082579322886119 1 2 3 0.13488623761358023 6.977718970487822 0.025925437329741893 7.0904933289280381 0.30426709215664577 7.3044588177413967 7.098056190590488 3.5000000000000004 2.5000000000000004 3.3318410914147121 8.4148243497432098 7.7888644411076262 1.0000000180025095e-35 9.5000000000000018 7.1055326889765142 0.15301542582951491 8.1674943672940241 11.500000000000002 9.5000000000000018
decision_type=10 2 1 2 8 8 10 8 1 1 1 10 10 10 8 8 8 10 2 2 10 8 10 10 2 10 10 10 2 2
left_child=1 2 18 6 10 -4 9 26 -9 -3 11 12 20 24 -6 17 -17 27 -1 -18 -5 -15 -23 -24 -14 -10 -8 -7 29 -16
right_child=-2 3 5 4 14 15 7 8 25 -11 -12 -13 13 21 28 16 19 -19 -20 -21 -22 22 23 -25 -26 -27 -28 -29 -30 -31
leaf_value=8.3080956456260686e-06 0.0079039005601847286 -0.015950235272603443 -0.005378775846153561 -0.0010140386737046648 -0.0026111400720021829 -9.2589461518821644e-05 -2.4646225649993527e-05 0.0014085362955225779 9.1413789219063624e-05 0.00049399476100147059 -9.0077440253422136e-05 0.0013602865598770775 -0.00069201665800462393 6.5990001885829488e-05 0.001274269575751319 -0.0028252791797382716 0.001822469881647959 -0.00074730872974861919 0.00055545097237148517 -0.0024234368826371758 4.0024319348797022e-05 0.0002744757538122755 0.000647866091884719 0.0045418251689440586 0.0012075658365686692 0.00077546619547890221 0.0011212774824772788 -0.0042370459178465497 -0.0012839869911870584 0.0067834086123247823
leaf_weight=14577 336 268 362 3098 529 32372 12452 3566 5652 347 55815 5794 559 11688 2010 3610 1634 3291 4341 794 2330 3728 1261 1038 195 3032 6555 223 662 1568
leaf_count=14577 336 268 362 3098 529 32372 12452 3566 5652 347 55815 5794 559 11688 2010 3610 1634 3291 4341 794 2330 3728 1261 1038 195 3032 6555 223 662 1568
internal_value=8.17968e-05 5.84944e-05 -0.000638847 0.00040791 3.73858e-05 -0.0012782 0.00145739 0.00161324 0.00308163 -0.00646341 -0.000143265 0.000777172 0.000160062 0.000886621 0.00327637 -0.00118548 -0.0033372 -0.000823441 0.000790253 0.00080313 -0.00231209 0.00118967 0.00293264 0.00577425 -0.00623342 0.00185398 0.00066686 -0.00049931 0.00420991 0.00526831
internal_weight=183687 183351 61204 122147 90275 42286 31872 31257 12250 615 85506 29691 23897 18469 4769 41924 6038 35886 18918 2428 5428 17715 6027 2299 754 8684 19007 32595 4240 3578
internal_count=183687 183351 61204 122147 90275 42286 31872 31257 12250 615 85506 29691 23897 18469 4769 41924 6038 35886 18918 2428 5428 17715 6027 2299 754 8684 19007 32595 4240 3578
cat_boundaries=0 1 2 3 4
cat_threshold=4 2 1 1
is_linear=0
shrinkage=0.05


Tree=109
num_leaves=31
num_cat=5
split_feature=10 10 4 4 17 19 20 0 20 23 20 0 0 5 10 19 12 13 9 4 0 4 18 0 11 20 11 3 4 10
split_gain=21.7045 17.671 14.3573 16.7673 22.0295 26.8716 21.1672 15.1496 13.5283 15.238 12.8685 12.5428 11.2371 11.2369 14.7903 21.7791 14.2182 10.0729 12.1523 14.8032 13.6422 10.4534 13.3901 9.93061 10.4416 9.88434 15.8666 11.6221 11.6857 10.3697
threshold=8.993532301340311 5.992712987207276 4.5000000000000009 6.5000000000000009 8.5337749101913492 7.2907676009093381 0.035732399018099263 0 0.28772803846792888 6.5569355499675934 0.37799015437550892 1 2 1.0000000180025095e-35 6.8992188208074312 6.8587280538456481 6.7171997342723353 6.9758809989518511 1.0000000180025095e-35 8.5000000000000018 3 10.500000000000002 0.036778982082173665 4 6.7770767930036504 0.026820862412156334 6.6194060950237885 1.5000000000000002 10.500000000000002 7.3142198319787717
decision_type=10 8 2 2 8 8 10 1 10 8 10 1 1 2 8 10 8 8 2 2 1 2 10 1 8 10 10 2 2 8
left_child=1 -1 7 6 13 10 -4 -3 9 -8 -6 -7 -11 14 15 -5 -16 23 20 -20 25 22 -22 24 -18 26 -19 28 -28 -29
right_child=-2 2 3 4 5 11 8 -9 -10 12 -12 -13 -14 -15 16 -17 17 18 19 -21 21 -23 -24 -25 -26 -27 27 29 -30 -31
leaf_value=-0.0052695701572279324 0.0085651826074738761 0.00011225519408033514 -0.00037176471281983318 -0.00015384149542834182 -0.0034689856009653131 0.00034874190791218674 4.4888159323930311e-05 -0.00023832752046373253 0.0022433103757619091 0.0009182467002169626 0.012323225209338774 0.0056258169315920765 0.00031063484035569471 0.00033685642638623395 -0.001504862656584316 -0.0016048594140006145 -0.00070772228329079039 -0.00016669930476480578 -2.2722089733107077e-05 -0.0012547039332826638 -0.00017755559865517689 -0.0003063220599581085 0.00013072812117693734 3.0370316651318063e-05 0.00078102791475065381 0.00040499289027948752 -1.536461267352962e-05 8.5768889780624132e-06 6.3255104997494982e-05 -0.00019339429136522313
leaf_weight=604 283 18259 1584 8553 771 871 14858 42579 3480 3218 84 2372 8609 9465 2150 3125 304 66 1648 1286 3700 15082 27370 3856 2725 6591 69 218 31 28
leaf_count=604 283 18259 1584 8553 771 871 14858 42579 3480 3218 84 2372 8609 9465 2150 3125 304 66 1648 1286 3700 15082 27370 3856 2725 6591 69 218 31 28
internal_value=3.30452e-05 1.1713e-05 3.99012e-05 0.000352539 5.25646e-06 0.00358712 0.00134099 -0.000587626 0.00163683 0.00125445 -0.00429825 0.00566605 0.00259364 -0.000164895 -0.000365225 -0.00200377 -7.14022e-05 6.51062e-05 -0.000156448 -0.00328903 1.64613e-05 -0.000295698 0.000228516 0.00187001 0.00400625 0.00207115 0.00958738 0.0138728 -0.0005 0.0197154
internal_weight=183839 183556 182952 122114 90365 4098 31749 60838 30165 26685 855 3243 11827 86267 76802 11678 65124 62974 56089 2934 53155 46152 31070 6885 3029 7003 412 346 100 246
internal_count=183839 183556 182952 122114 90365 4098 31749 60838 30165 26685 855 3243 11827 86267 76802 11678 65124 62974 56089 2934 53155 46152 31070 6885 3029 7003 412 346 100 246
cat_boundaries=0 1 2 3 4 5
cat_threshold=53508 14870 2183 13444 23585
is_linear=0
shrinkage=0.05


Tree=110
num_leaves=31
num_cat=2
split_feature=12 17 0 23 11 16 19 11 11 21 23 0 20 21 22 19 14 16 18 20 12 15 11 12 19 23 18 11 12 21
split_gain=18.3158 16.3115 12.2662 10.6359 9.85044 17.9195 17.3061 9.77384 8.44658 8.39891 7.59358 9.41249 8.71123 9.20763 9.40321 7.99969 9.75788 8.84753 7.83977 7.57648 7.53843 11.629 9.78153 8.46406 8.97807 17.7621 16.2711 9.2643 9.27761 8.91965
threshold=8.8272695731952897 5.9841555006066143 0 2.0512275922459415 6.601909005459107 0.012368737509700129 6.5487968410250446 6.1323122662398957 5.5729269024244674 5.2582760123112591 6.9377443033387651 1 0.026820862412156334 5.2582760123112591 6.5767480430181076 8.417931615151085 7.4404391602237441 0.1335118461161762 0.046760258419106061 0.12532761463474723 6.4159146208419617 6.619924828622362 6.8040598888354813 6.7111317522543041 6.4041007376710279 0.6931071725578114 0.3907492643283455 6.9971387355792336 7.1240755238490161 1.0816615128302691
decision_type=10 8 1 8 8 10 10 10 8 10 10 1 8 10 8 8 10 10 10 10 8 8 8 8 10 10 8 10 10 10
left_child=1 3 10 -1 5 -4 7 -7 -5 -2 11 12 -3 -14 -15 16 17 18 -12 -18 -6 22 -22 -23 25 27 29 28 -25 -26
right_child=9 2 4 8 20 6 -8 -9 -10 -11 15 -13 13 14 -16 -17 19 -19 -20 -21 21 23 -24 24 26 -27 -28 -29 -30 -31
leaf_value=0.0052723407238578273 0.0066891007023206052 -0.00024940630837746449 -0.0014005591247437943 -0.0421379040046789 -0.00090727882631425061 -0.001053744693443992 -0.0010853601430521832 0.00026613562788744275 -0.0034591310906359144 -0.0023389101338410433 0.00011025040302192757 6.0092349747620236e-05 0.0010731347395319447 -0.00018188685534523686 0.00046005197014538092 0.0094473482888738584 -0.0003270841347485565 0.001905187657935148 -0.0003024376849350308 -0.0020220138403989731 0.0017186904377461067 -0.00065780240858699386 0.0001935485592021724 -0.007709963285442112 6.8384967411549985e-05 0.0052219798399917756 0.0021445341208936597 0.0043012766481085761 0.012220717056627417 -9.8301204602724296e-05
leaf_weight=49 453 344 690 107 2193 1503 3423 5312 536 91 2342 65447 3942 2610 3747 37 857 290 4917 546 1239 4069 2115 914 34380 189 1879 63 26 39112
leaf_count=49 453 344 690 107 2193 1503 3423 5312 536 91 2342 65447 3942 2610 3747 37 857 290 4917 546 1239 4069 2115 914 34380 189 1879 63 26 39112
internal_value=3.02581e-05 3.00747e-06 3.211e-05 -0.00765896 -0.000351895 -0.00176611 -0.00124048 0.000216434 -0.00937014 0.00919118 0.00047039 0.000632803 0.00201117 0.00227449 0.00109722 -0.000903883 -0.000999777 -0.000288118 -0.000630252 -0.00482894 -0.000172606 -9.704e-05 0.00278772 -0.000217035 -9.89381e-05 -0.00440436 -3.08474e-05 -0.00705384 -0.00829787 -0.000148315
internal_weight=183422 182878 182186 692 97107 10928 10238 6815 643 544 85079 76090 10643 10299 6357 8989 8952 7549 7259 1403 86179 83986 3354 80632 76563 1192 75371 1003 940 73492
internal_count=183422 182878 182186 692 97107 10928 10238 6815 643 544 85079 76090 10643 10299 6357 8989 8952 7549 7259 1403 86179 83986 3354 80632 76563 1192 75371 1003 940 73492
cat_boundaries=0 1 2
cat_threshold=53702 16384
is_linear=0
shrinkage=0.05


Tree=111
num_leaves=31
num_cat=3
split_feature=12 11 4 16 20 1 4 20 19 19 16 17 16 19 23 4 20 15 1 19 16 4 1 21 23 19 18 18 4 20
split_gain=18.3799 17.6451 11.6942 21.0405 18.3153 17.1517 27.0033 20.9068 21.3627 15.3659 23.5154 19.9108 18.4158 15.6684 24.2382 14.3136 16.8403 13.4436 13.2233 14.1016 21.8041 14.7714 18.1296 12.6574 12.4293 12.4193 11.7122 11.4255 11.3065 28.4476
threshold=8.8272695731952897 5.992712987207276 4.5000000000000009 0.062161004903903201 1.0000000180025095e-35 0 7.5000000000000009 0.26100187434263888 6.5774327080046282 6.9601892265448315 0.1659353356853899 8.1402912018707934 0.0087760965597175316 7.3974611996346527 0.42074319241571762 10.500000000000002 0.12451045380878169 7.4603938825183382 1 7.2045485442231589 0.28536763791325448 2.5000000000000004 2 1.0471650770867935 6.9377443033387651 7.5802645681994054 0.039449978612362997 0.094157121492387724 8.5000000000000018 0.092008479238761293
decision_type=10 8 2 8 10 1 2 10 8 10 8 8 10 10 10 2 10 8 1 8 8 2 1 10 8 8 10 8 2 10
left_child=1 -1 3 4 -3 9 7 8 -7 17 12 26 -11 -13 -15 -14 -17 -4 -5 20 -20 22 -21 -10 -6 -23 -12 -19 29 -8
right_child=-2 2 5 18 24 6 28 -9 23 10 11 13 15 14 -16 16 -18 27 19 21 -22 25 -24 -25 -26 -27 -28 -29 -30 -31
leaf_value=-0.0048075796302464282 0.0055200140511256109 -3.9897385662035491e-05 6.171372616123883e-05 9.5252714301752311e-05 0.00018675978750106739 0.0011611413594891928 3.0356264649311626e-05 0.0018560989887999259 0.00010285203678381816 -0.00040825700673920997 -0.0011849099542299959 -0.00054515177442766578 0.00039122797227069133 0.0076988141576449509 -0.00059240200376566856 0.00094663729462092234 -0.00089289646773786928 -0.0021270990873857309 -0.00058453471162553947 -0.0007218271632783769 -0.0027386485496896152 -0.0003744732256674821 0.0010142887232821086 -0.00017701600606123691 -6.7425935928921995e-05 -0.0032970040698599768 0.0011492977162060659 -0.00071736579631191959 -8.0380682978065121e-05 -0.0016263457433521645
leaf_weight=576 546 173 11715 10174 10721 1937 4515 5950 13572 860 362 377 15195 1276 328 1093 3360 704 14822 3286 3368 3366 4477 9413 9582 915 5366 2044 38297 5631
leaf_count=576 546 173 11715 10174 10721 1937 4515 5950 13572 860 362 377 15195 1276 328 1093 3360 704 14822 3286 3368 3366 4477 9413 9582 915 5366 2044 38297 5631
internal_value=-2.58151e-06 -2.98438e-05 -2.32394e-06 -0.000568294 0.000737449 0.000280134 -0.000154763 0.00100091 0.000365139 0.00108833 0.00176755 0.00412181 0.000882582 0.00844271 0.0105985 0.00119605 -0.00129688 -0.000236811 -0.00122995 -0.00175465 -0.00263332 -0.000427599 0.00087273 -5.98216e-05 0.000875486 -0.00278556 0.00262744 -0.00338428 -0.000891254 -0.00237532
internal_weight=184001 183455 182879 60884 20476 121995 79315 30872 24922 42680 28217 7709 20508 1981 1604 19648 4453 14463 40408 30234 18190 12044 7763 22985 20303 4281 5728 2748 48443 10146
internal_count=184001 183455 182879 60884 20476 121995 79315 30872 24922 42680 28217 7709 20508 1981 1604 19648 4453 14463 40408 30234 18190 12044 7763 22985 20303 4281 5728 2748 48443 10146
cat_boundaries=0 1 2 3
cat_threshold=1 4 2
is_linear=0
shrinkage=0.05


Tree=112
num_leaves=31
num_cat=1
split_feature=10 10 12 15 10 10 12 13 11 10 15 20 11 19 19 15 10 11 15 0 15 19 20 4 19 19 11 10 15 13
split_gain=15.6026 14.9822 10.8315 21.8975 17.5568 16.9216 13.6687 12.5964 11.5596 11.4096 12.0212 11.5794 11.2639 12.454 11.2379 11.1057 11.0512 28.3093 22.5708 10.1613 11.8498 30.4071 15.6222 14.3989 13.5561 11.748 10.6074 9.98522 12.5521 11.0377
threshold=9.110615268917222 5.992712987207276 7.3482644339574383 7.4880225585237339 7.4103463658656468 7.5503982927968831 8.272182292171534 7.7857187372012122 7.6978016406699554 7.9015624361563814 7.7918171560465863 0.072046294221517912 8.4796941365426743 8.2027777531673554 7.1196223878212725 7.6917217173580212 7.6016521472294505 8.0874863237131702 7.5626393994849677 0 6.0574431575940402 6.9910751954032859 0.21583194722957214 1.5000000000000002 6.2938352396225765 8.1112974079172862 6.2176031103882972 6.5095137387474162 6.2401693155098394 6.9436048155244787
decision_type=10 8 10 10 8 8 10 8 8 8 10 10 8 10 10 10 10 10 10 1 10 10 10 2 10 10 10 8 10 10
left_child=1 -1 16 4 -4 -5 14 8 15 10 -9 -11 13 -13 -6 -7 17 19 -18 20 21 22 -3 -22 26 -21 -25 28 -26 -29
right_child=-2 2 3 5 6 7 -8 9 -10 11 -12 12 -14 -15 -16 -17 18 -19 -20 25 23 -23 -24 24 27 -27 -28 29 -30 -31
leaf_value=-0.0046850864053453291 0.0094680220514582036 -0.0031851256713595344 3.2456792328705578e-05 -0.00058115692236908605 0.0063687371805228434 0.00020048327321973148 0.01060897865618733 8.4790920843458295e-05 0.00098171963290396582 0.00067552692929560018 -0.00087913035021731651 7.7981862900422527e-06 0.00076528040892043236 -0.0013890525357583173 0.00076747279222648683 -0.0010669280574978847 0.003749425524447614 0.0036484775294752581 2.6237869692224971e-05 -5.090902604365511e-07 -0.00062904888577175466 0.00040703136116242438 9.8210265541576192e-05 0.00017256236993041797 0.001086750831479666 0.0045709585181168853 0.0018579995963254659 4.2565355854118359e-05 -0.00099460216961546623 -0.00022416401619875794
leaf_weight=588 148 2887 4835 3794 540 3146 198 2213 4516 1080 2808 5844 3432 1591 5933 451 1542 666 4740 72878 4738 2830 839 1987 439 528 852 26660 3602 17423
leaf_count=588 148 2887 4835 3794 540 3146 198 2213 4516 1080 2808 5844 3432 1591 5933 451 1542 666 4740 72878 4738 2830 839 1987 439 528 852 26660 3602 17423
internal_value=-1.17021e-05 -2.47848e-05 8.19708e-07 0.000723731 0.00256823 -1.12554e-05 0.004231 0.000459511 0.00208 -0.000315299 -0.00231528 0.000525236 3.45081e-05 -0.00105918 0.00383516 -3.47512e-05 -0.000203876 -0.000298359 0.00184655 -0.000348842 -0.000818652 -0.00282947 -0.0057971 -0.000582126 -0.000337009 4.97167e-05 0.00302043 -0.000535076 -0.00291388 -0.000317016
internal_weight=183728 183580 182992 40381 11506 28875 6671 25081 8113 16968 5021 11947 10867 7435 6473 3597 142611 136329 6282 135663 62257 6556 3726 55701 50963 73406 2839 48124 4041 44083
internal_count=183728 183580 182992 40381 11506 28875 6671 25081 8113 16968 5021 11947 10867 7435 6473 3597 142611 136329 6282 135663 62257 6556 3726 55701 50963 73406 2839 48124 4041 44083
cat_boundaries=0 1
cat_threshold=11817
is_linear=0
shrinkage=0.05


Tree=113
num_leaves=31
num_cat=4
split_feature=11 11 0 11 17 12 13 3 9 3 16 4 20 0 21 16 20 0 16 4 13 4 1 19 16 16 17 19 11 17
split_gain=15.961 14.9628 11.6983 11.502 18.3911 15.608 11.7056 9.99632 12.1456 10.6191 10.9378 12.5835 11.4804 11.6578 7.89766 7.86011 7.70373 8.5644 7.67755 13.795 9.49022 8.46407 11.6063 17.1253 17.008 12.6017 10.4775 10.1001 12.7659 10.2307
threshold=5.5729269024244674 9.127008388409914 0 7.4682278018910955 7.2874735882524302 7.9386235179612585 7.4682278018910955 1.0000000180025095e-35 1.0000000180025095e-35 5.5000000000000009 0.13488623761358023 5.5000000000000009 0.19892357048986006 1 7.1512895007433022 0.090962094405737437 0.095003045773493736 2 0.092688928794212824 4.5000000000000009 8.0075332078766461 6.5000000000000009 3 7.7888644411076262 0.15594204488520411 0.096642239201276112 8.2626584699169889 7.6094513544861373 7.1320980310634789 7.6759503736175025
decision_type=8 10 1 10 10 10 8 2 2 2 8 2 10 1 8 8 8 1 8 2 10 2 1 8 10 10 8 10 10 8
left_child=-1 2 18 5 -5 7 -6 8 -4 10 12 -12 13 -9 -11 -10 -13 -18 -2 20 -20 -21 23 24 -23 26 -25 28 -24 -29
right_child=1 -3 3 4 6 -7 -8 9 15 14 11 16 -14 -15 -16 -17 17 -19 19 21 -22 22 27 25 -26 -27 -28 29 -30 -31
leaf_value=-0.032873684207700919 3.0744557635298264e-06 0.010379200737198602 1.4423114089634483e-05 0.0046138468149742318 0.0014479376528013788 0.0017171343417194951 2.5576535827021019e-05 6.9753504755221135e-05 0.00081708520721481828 0.00027554045123550085 -0.0014443029176197443 -0.00097050169535113368 -0.00073215133339030744 -0.00017262061202156788 -0.00015976155686745486 -0.0020161643094829484 0.00093139287286305719 -0.00055649362061891414 -2.7201847991853436e-05 0.0010793330483515275 -0.0035727624050857945 -0.00018882115165614889 -7.3944641875867137e-05 0.0017953027709714188 0.0020130273202341176 0.0011603603337102975 0.0080303912065763147 -0.0036845267327093147 0.0016670757002788417 -0.00028946397159310692
leaf_weight=131 40198 131 9210 686 1429 1176 11815 18593 1961 7888 9055 1033 4812 17955 6163 70 2717 6760 13540 7379 294 4558 4902 382 1887 1616 593 696 2217 3930
leaf_count=131 40198 131 9210 686 1429 1176 11815 18593 1961 7888 9055 1033 4812 17955 6163 70 2717 6760 13540 7379 294 4558 4902 382 1887 1616 593 696 2217 3930
internal_value=8.01243e-05 9.25694e-05 8.05111e-05 -0.000279031 0.00105528 -0.000491744 0.0006418 -0.000569783 0.000820657 -0.000778249 -0.00106401 -0.00203808 -0.00060324 -0.000300974 0.000460821 0.00432053 -0.000861085 -0.000414161 0.00052371 0.000996571 -0.000296371 0.00163175 0.0011152 0.00246237 0.00108223 0.00589541 0.0103846 7.87569e-05 0.00126071 -0.00174016
internal_weight=183777 183646 183515 101323 13930 87393 13244 86217 11241 74976 60925 19565 41360 36548 14051 2031 10510 9477 82192 41994 13834 28160 20781 9036 6445 2591 975 11745 7119 4626
internal_count=183777 183646 183515 101323 13930 87393 13244 86217 11241 74976 60925 19565 41360 36548 14051 2031 10510 9477 82192 41994 13834 28160 20781 9036 6445 2591 975 11745 7119 4626
cat_boundaries=0 1 2 3 4
cat_threshold=53446 824 1792 1
is_linear=0
shrinkage=0.05


Tree=114
num_leaves=31
num_cat=1
split_feature=11 10 12 10 0 15 10 11 15 12 16 4 18 4 10 14 5 15 18 13 4 10 23 16 13 14 16 22 15 14
split_gain=16.8128 19.2492 14.0121 9.61574 8.38131 13.0306 13.0378 11.3763 10.4894 11.1647 8.92265 14.3848 9.88053 9.32751 9.6992 9.05485 10.1066 8.89835 8.08157 7.93971 7.75359 7.71391 7.68516 9.74264 7.88232 7.03029 6.91418 6.65259 7.35536 7.08569
threshold=8.4988919935795035 9.110615268917222 5.5729269024244674 8.5183919731893152 0 8.1567087778626295 6.8992188208074312 6.6220709878569881 8.2355062975576736 6.8580395486683789 0.092688928794212824 4.5000000000000009 0.024429055134103598 11.500000000000002 7.6978016406699554 7.4103463658656468 1.0000000180025095e-35 7.9113386592349322 0.083209239341439464 6.6864847774674381 8.5000000000000018 8.272182292171534 7.3151623515795157 0.10212081482673137 6.6802269323173 8.832123273398123 0.092688928794212824 6.8824887504194612 7.9246899883694732 7.1320980310634789
decision_type=10 8 8 10 1 8 8 8 8 8 8 2 8 2 8 10 2 10 10 8 2 10 10 10 10 10 10 10 10 10
left_child=2 -2 -1 4 5 21 -7 18 -9 -10 -6 17 -13 14 15 16 -14 -12 -8 -11 -17 22 27 -24 -25 -16 -5 29 -29 -4
right_child=1 -3 3 26 10 6 7 8 9 19 11 12 13 -15 25 20 -18 -19 -20 -21 -22 -23 23 24 -26 -27 -28 28 -30 -31
leaf_value=-0.030325202732049129 0.0003886115172649696 0.007421300234006889 1.9133336085808141e-05 0.0088507691613708417 -1.3612569643317586e-05 -0.0045185056493074914 -0.0053020052430431622 -0.0011895558370847326 -0.0032594337618453207 -0.0041684771632313653 -9.2074561314747788e-05 -0.00095539630549765784 0.00029104198028440109 -0.00030339469297246957 0.0012030183912008941 0.00023875028310875736 0.002036302770061216 -0.0020976155468191318 -0.0017495524135720643 7.1914097762881832e-05 -0.0019167539183532869 0.0052615789770397827 -0.0014774533465212515 0.001408446108772532 -0.0011065803581335576 -0.0098613752663347046 0.0020701101659821755 0.00020560184776587944 0.0021638205306723224 -0.00015917713566522275
leaf_weight=132 1040 472 53330 145 45189 432 145 664 375 247 15690 437 8655 3786 14251 1085 1099 393 158 5618 909 169 889 254 316 63 281 3272 146 24176
leaf_count=132 1040 472 53330 145 45189 432 145 664 375 247 15690 437 8655 3786 14251 1085 1099 393 158 5618 909 169 889 254 316 63 281 3272 146 24176
internal_value=4.02572e-05 0.00529101 -3.29117e-06 8.50835e-06 -9.0785e-06 -0.00035116 -0.00232688 -0.00182115 -0.00140498 -0.000769231 0.000327902 0.000815217 0.00145699 0.00156627 0.00190315 0.000838441 0.00146607 -0.000393272 -0.0113036 -0.000234442 -0.0022317 -0.000168379 -0.00019027 -0.00378684 0.00131579 0.002777 0.00751174 -0.000125426 0.00203335 -0.000220628
internal_weight=183818 1512 182306 182174 181748 90191 7639 7207 6904 6240 91557 46368 30285 29848 26062 11748 9754 16083 303 5865 1994 82552 82383 1459 570 14314 426 80924 3418 77506
internal_count=183818 1512 182306 182174 181748 90191 7639 7207 6904 6240 91557 46368 30285 29848 26062 11748 9754 16083 303 5865 1994 82552 82383 1459 570 14314 426 80924 3418 77506
cat_boundaries=0 1
cat_threshold=10809
is_linear=0
shrinkage=0.05


Tree=115
num_leaves=31
num_cat=5
split_feature=10 10 15 12 23 10 3 0 3 0 17 5 12 21 19 19 12 16 19 23 16 0 13 16 8 19 17 0 0 10
split_gain=16.3881 15.3627 15.5764 11.1323 10.8254 9.62067 7.51349 12.719 10.0804 9.84033 11.683 9.47182 9.2067 8.70587 8.46698 8.30722 7.78586 14.5788 10.6413 7.65382 7.60157 7.43833 7.53945 8.08499 7.38097 8.92994 12.4719 10.4056 6.94114 6.81813
threshold=9.127008388409914 6.4914816847614896 6.4589096576097758 5.9952067579627961 4.3392341994101118 5.5729269024244674 1.5000000000000002 0 5.5000000000000009 1 7.8852032996409163 1.0000000180025095e-35 8.6870958293510121 6.3548046344796445 7.0970343766911368 7.2138969139339908 7.3128864978553141 1.0000000180025095e-35 7.3510830435398935 3.4075457060715877 1.1904002499163084e-07 2 6.4762025397968879 0.063106093354861156 1.5000000000000002 7.3510830435398935 7.4097488227528823 3 4 6.2980292833949401
decision_type=10 8 8 8 8 10 2 1 2 1 8 2 10 8 10 8 8 8 8 10 8 1 8 8 2 10 10 1 1 10
left_child=1 2 5 -3 -4 -1 7 -5 11 10 13 16 20 14 -10 -12 17 -8 21 -20 -9 -19 -23 -24 25 27 -27 -22 -13 -7
right_child=-2 3 4 6 -6 29 8 12 9 -11 15 28 -14 -15 -16 -17 -18 18 19 -21 24 22 23 -25 -26 26 -28 -29 -30 -31
leaf_value=-0.030312804374912197 0.009571880399088073 -0.0037009076575731828 -0.00046391298136949644 -0.0048900447103310324 -0.0022624712123502366 -0.00040358366193173902 0.00012559442947877031 -2.9041434768806164e-05 0.00103084548194623 -2.9640903894656569e-05 -0.00082271587735784915 0.00062229989191686652 0.0056421928968316331 2.6764656164424139e-05 0.00016073566194676483 0.0024660358798782147 -4.6322017676958541e-06 -0.00049190661076567996 -0.00068614405839446675 -0.0023793284896616476 -0.0042550422721545859 0.0013159941436176716 4.8248520554361467e-05 -0.00045120662122726256 0.00021204846674012235 0.0054311999627240318 -0.0011311905717255044 -0.0002101713723130505 5.7565065324460822e-05 0.00031974005690573739
leaf_weight=126 137 377 1574 358 1901 5193 741 1700 1660 10814 330 3482 226 7321 2015 1942 52052 10496 902 621 668 912 9105 10888 44694 263 346 717 8015 3842
leaf_count=126 137 377 1574 358 1901 5193 741 1700 1660 10814 330 3482 226 7321 2015 1942 52052 10496 902 621 668 912 9105 10888 44694 263 346 717 8015 3842
internal_value=4.90682e-05 3.61467e-05 -0.00164609 0.000160714 -0.0044964 -0.000564895 0.000179717 0.000702442 -3.13283e-05 0.000884478 0.0017962 -0.000258193 0.000772252 0.00112314 0.00310884 0.00506162 -0.000438944 -0.00103149 -0.00118758 -0.00526921 0.000725386 -0.000989618 -0.000443462 -0.000646476 0.000844971 -0.00213139 0.00291461 -0.00435018 0.00108941 -0.000373547
internal_weight=183418 183281 12636 170645 3475 9161 170268 48972 121296 24082 13268 97214 48614 10996 3675 2272 85717 33665 32924 1523 48388 31401 20905 19993 46688 1994 609 1385 11497 9035
internal_count=183418 183281 12636 170645 3475 9161 170268 48972 121296 24082 13268 97214 48614 10996 3675 2272 85717 33665 32924 1523 48388 31401 20905 19993 46688 1994 609 1385 11497 9035
cat_boundaries=0 1 2 3 4 5
cat_threshold=256 6113 9258 9824 56448
is_linear=0
shrinkage=0.05


Tree=116
num_leaves=31
num_cat=2
split_feature=10 12 10 15 10 23 11 14 7 0 16 12 16 10 17 10 15 11 18 19 12 10 13 15 10 15 12 11 0 10
split_gain=16.4024 14.2988 9.14899 23.4082 17.876 11.0656 9.26577 10.5089 17.0072 12.4284 8.66223 8.53756 14.2971 10.9807 13.0715 30.2226 17.6059 15.9292 15.904 14.3831 11.0121 10.7266 9.86725 25.5934 14.8405 17.7753 17.7398 19.4383 16.4315 13.7856
threshold=9.127008388409914 5.5729269024244674 6.4401484558665105 6.3829606773533376 6.3126414277150058 4.802141907797882 6.3994261899220151 6.5517941110389986 1.5000000000000002 0 0.012368737509700129 7.1518771599686382 0.063644413667936897 7.0044280632177705 7.2934100465559233 7.3128864978553141 7.3383304993538623 7.6513571967694611 0.035171950217915256 6.7110850337203036 7.3128864978553141 7.0574674595548741 7.4682278018910955 7.4372423182002629 7.9386235179612585 7.8707057712821058 7.5503982927968831 8.4988919935795035 1 7.7465022115569893
decision_type=10 8 8 8 10 8 8 8 8 1 10 8 8 8 10 10 8 10 10 8 10 10 8 10 8 8 8 8 1 10
left_child=1 -1 3 4 -3 -5 10 8 9 -8 -4 12 -9 -13 15 17 -16 19 -17 -15 -21 -22 23 -18 25 29 -26 -28 -27 -24
right_child=-2 2 6 5 -6 -7 7 11 -10 -11 -12 13 -14 14 16 18 22 -19 -20 20 21 -23 24 -25 26 28 27 -29 -30 -31
leaf_value=-0.033261913698443536 0.0094905893672075706 -0.00022035704180565219 -0.004364103388067142 -0.00062382425588647372 0.0013268621790726077 -0.0019953717039794317 0.0017600714573089427 4.6474002940000148e-05 -0.0010146665618054663 0.00048451326315890331 -0.0004946074934968792 -0.00021892921628834385 -0.00035191928317650505 -0.0012418531974951021 -9.8916488012212875e-05 0.0044050640015236286 -2.8422639920711035e-05 0.010940898610837869 0.0010488721993684891 0.00010639542834025573 0.0024683170701592649 0.00015801673044597565 -0.00016395936647328746 0.0010882546948975946 -0.00076951324873346665 -0.0011175262919544515 4.8774264260398331e-05 0.0012039472830506883 -8.7699751482794858e-05 0.00056728966426933258
leaf_weight=124 134 5694 410 1615 1229 2031 1467 22395 1224 3646 3499 12016 30580 2103 6617 531 5980 251 4634 24728 1574 1318 14856 4182 2124 2239 12994 8273 1755 3768
leaf_count=124 134 5694 410 1615 1229 2031 1467 22395 1224 3646 3499 12016 30580 2103 6617 531 5980 251 4634 24728 1574 1318 14856 4182 2124 2239 12994 8273 1755 3768
internal_value=5.04101e-05 3.76651e-05 4.91202e-05 -0.00137903 0.000328615 -0.0046215 0.000136287 0.00019187 0.00218952 0.00345687 -0.0022704 0.000114168 -0.000407268 0.000365417 0.000540454 0.00131264 0.000108301 0.000703943 0.00484511 0.000598022 0.000901521 0.00382089 0.000395667 0.00180575 8.42227e-05 -0.000828986 0.000967252 0.00140241 -0.00385578 -0.000179875
internal_weight=183991 183857 183733 10569 6923 3646 173164 169255 6337 5113 3909 162918 52975 109943 97927 35139 62788 29974 5165 29723 27620 2892 56171 10162 46009 22618 23391 21267 3994 18624
internal_count=183991 183857 183733 10569 6923 3646 173164 169255 6337 5113 3909 162918 52975 109943 97927 35139 62788 29974 5165 29723 27620 2892 56171 10162 46009 22618 23391 21267 3994 18624
cat_boundaries=0 1 2
cat_threshold=39680 51761
is_linear=0
shrinkage=0.05


Tree=117
num_leaves=31
num_cat=3
split_feature=10 10 4 1 20 4 17 4 17 20 1 16 9 4 13 17 4 4 11 23 16 16 20 17 15 4 18 10 1 10
split_gain=16.3316 12.6705 10.0708 18.0528 16.8769 13.7142 13.8491 13.053 18.6413 18.0751 13.838 15.3103 14.8546 35.8113 18.4793 16.6438 15.8329 32.1668 13.0577 12.3238 11.6433 11.6165 17.5173 11.442 20.4628 20.2436 11.0405 11.0127 10.756 14.1188
threshold=9.127008388409914 5.992712987207276 4.5000000000000009 0 0.022314142830296119 1.5000000000000002 6.6587004398350524 6.5000000000000009 8.5337749101913492 0.037168973575952287 1 0.1659353356853899 1.0000000180025095e-35 9.5000000000000018 7.144670199790645 6.6678375814300459 8.5000000000000018 7.5000000000000009 7.3142198319787717 6.0188070890551968 0.052623607963293149 0.11680953026978509 0.19892357048986006 7.9415154561939474 8.1298163614287429 11.500000000000002 0.029403397973934018 8.4367383964734284 2 6.5517941110389986
decision_type=10 8 2 1 10 2 8 2 8 10 1 10 2 2 10 10 2 2 8 10 8 10 10 10 10 2 8 8 1 10
left_child=1 -1 3 4 -3 6 -6 9 10 28 12 23 16 14 -14 -15 17 19 -10 -9 -5 22 -20 -12 25 -25 -8 -26 29 -4
right_child=-2 2 7 20 5 -7 26 8 18 -11 11 -13 13 15 -16 -17 -18 -19 21 -21 -22 -23 -24 24 27 -27 -28 -29 -30 -31
leaf_value=-0.0044565746254030978 0.0086597732575890429 -0.00010185508787818875 -0.0075239945837382921 5.2363111911235555e-05 0.0013244305795978573 0.00028419886380905981 0.00047346984952403306 -4.702638169442608e-05 -0.0035805868947280219 0.00031652312611443192 -1.8687823329877063e-05 0.0013765551797627396 0.00039728531526030955 -0.00069135575101602069 -0.0013082083504084797 -0.0018888493082461545 0.00010248887480930336 -0.0018940440417054784 0.0017879670730283959 0.0022764311368810076 -0.00045329906035966876 -0.0015652172792736787 0.0068527122948185198 0.0017090115559816434 -0.0006264510253137346 -0.0012173536256174346 -0.00051273479593549887 0.00087453714075023123 -0.00011044039695597974 0.00051872998096496041
leaf_weight=587 146 538 331 9369 463 13933 197 4249 186 29808 44560 4514 2090 1337 371 1121 17628 4654 2548 454 32393 559 928 2336 1652 460 3799 833 1391 98
leaf_count=587 146 538 331 9369 463 13933 197 4249 186 29808 44560 4514 2090 1337 371 1121 17628 4654 2548 454 32393 559 928 2336 1652 460 3799 833 1391 98
internal_value=6.47023e-05 5.1394e-05 7.49453e-05 -0.00045146 0.000829371 0.00108471 -0.00132877 0.000336587 3.09461e-05 0.00121095 -0.000127813 0.000357373 -0.000954426 -0.0034814 0.000782202 -0.0077502 -0.000493793 -0.00215614 0.00327529 0.000760153 -0.00103204 0.00387237 0.00494822 0.000104833 0.00230543 0.00523963 -0.00227728 -0.000995976 -0.00362637 -0.0105478
internal_weight=183533 183387 182800 60692 18930 18392 4459 122108 90480 31628 86259 54355 31904 4919 2461 2458 26985 9357 4221 4703 41762 4035 3476 49841 5281 2796 3996 2485 1820 429
internal_count=183533 183387 182800 60692 18930 18392 4459 122108 90480 31628 86259 54355 31904 4919 2461 2458 26985 9357 4221 4703 41762 4035 3476 49841 5281 2796 3996 2485 1820 429
cat_boundaries=0 1 2 3
cat_threshold=4 2 1
is_linear=0
shrinkage=0.05


Tree=118
num_leaves=31
num_cat=5
split_feature=11 19 11 5 9 0 17 3 3 11 17 18 21 19 0 21 19 0 7 1 0 18 19 3 17 19 17 17 20 11
split_gain=14.2005 12.2969 11.6945 9.81211 16.2774 11.512 10.1765 9.6328 14.2933 11.0539 11.0777 10.1367 13.5661 9.36186 8.65272 8.45596 12.7389 10.3824 8.45326 8.26248 7.94053 9.52246 7.71726 8.21469 7.52166 15.4352 10.9923 9.21199 7.09132 7.38861
threshold=9.127008388409914 6.0173691477424764 5.7087686410618739 1.0000000180025095e-35 1.0000000180025095e-35 0 6.6587004398350524 5.5000000000000009 1.5000000000000002 6.3126414277150058 6.2757617758271902 0.029403397973934018 7.2958368263025291 6.6768410585156852 1 1.0816615128302691 8.2362778391612128 2 86.500000000000014 3 4 0.19156471728716684 8.0606324665774487 1.0000000180025095e-35 7.4877303756846372 7.2956304784794499 7.0119589777774562 7.0599323774842153 0.51351351832832715 7.5248301129598225
decision_type=10 8 10 2 2 1 10 2 2 8 8 10 8 8 1 10 10 1 8 1 1 10 8 2 10 8 8 8 10 8
left_child=1 2 -1 5 -5 22 -6 8 14 10 -10 12 24 -14 -7 17 28 -13 -16 -15 21 -9 23 -3 25 26 -11 -28 -17 -30
right_child=-2 3 -4 4 6 7 -8 20 9 11 -12 15 13 19 18 16 -18 -19 -20 -21 -22 -23 -24 -25 -26 -27 27 -29 29 -31
leaf_value=-0.010087369234828759 0.0087774427104641457 0.00050174477330715565 0.00031934798515940169 0.00011334827667570658 0.0014862530290227439 -0.0048379172606990211 0.00024701006330187794 0.00027351785239764225 -0.00014367531920207456 5.8908862582063298e-05 -0.0023687490807420275 -0.00045535354494017358 -0.0023005555460549722 0.0015769021334094192 0.00011070476031105336 -0.00021045538603396975 -0.0018528471229410926 5.7418376151074926e-05 -0.016190609613602414 -5.3517280098991374e-05 3.1452779671958807e-05 0.0023737264973874741 -0.013873185869915417 -0.00051042689793752156 -0.00016729507355233155 9.0106439746895372e-05 -0.001050837576323116 -3.9219495073994365e-05 -0.0027159910211172369 0.0043223305254981529
leaf_weight=432 142 748 280 19896 1004 319 1102 6083 1472 511 1324 6735 418 594 44601 37798 1164 32981 53 3524 14584 1344 270 3634 507 995 74 528 108 235
leaf_count=432 142 748 280 19896 1004 319 1102 6083 1472 511 1324 6735 418 594 44601 37798 1164 32981 53 3524 14584 1344 270 3634 507 995 74 528 108 235
internal_value=3.95182e-05 2.7275e-05 -0.0065309 5.2846e-05 0.00104309 -8.28124e-05 0.00522317 -9.61773e-06 -0.000168918 -0.000536148 -0.00363019 -0.000435756 0.00136694 -0.000286596 0.000557557 -0.000598891 -0.00111881 -8.43489e-05 0.000616828 0.000437105 0.000959747 0.00228923 -0.0025311 -0.00203104 0.00423518 0.00555028 0.00150494 -0.00307309 -0.000961564 0.00619534
internal_weight=183460 183318 712 182606 22002 160604 2106 155952 133941 88968 2796 86172 7151 4536 44973 79021 39305 39716 44654 4118 22011 7427 4652 4382 2615 2108 1113 602 38141 343
internal_count=183460 183318 712 182606 22002 160604 2106 155952 133941 88968 2796 86172 7151 4536 44973 79021 39305 39716 44654 4118 22011 7427 4652 4382 2615 2108 1113 602 38141 343
cat_boundaries=0 1 2 3 4 5
cat_threshold=8192 256 1064 2 353
is_linear=0
shrinkage=0.05


Tree=119
num_leaves=31
num_cat=2
split_feature=10 10 23 4 16 4 16 16 10 20 17 17 18 14 20 15 11 15 17 1 23 17 23 5 18 14 11 1 4 23
split_gain=17.8025 12.7282 10.6519 8.51929 12.6862 10.8007 15.0316 12.3405 21.8578 16.2802 20.9599 17.0232 13.2998 12.6517 12.2191 11.9916 10.8269 11.3452 16.9641 10.4285 12.142 10.6283 15.2446 11.0404 9.93213 9.87583 11.5748 9.85075 41.7748 14.0775
threshold=9.127008388409914 5.992712987207276 5.3847662222333259 11.500000000000002 0.014683614468516246 4.5000000000000009 0.20158376284456675 0.18379376300096203 7.0427230439640427 0.20544734385959032 7.303436350980216 6.9069928672694934 0.1553311506986654 6.6100226439425702 1.0000000180025095e-35 6.9745652681393935 6.8095908780790593 8.1041083815946564 8.2626584699169889 0 7.0461849327357369 6.5563962494082153 0.35216667429625431 1.0000000180025095e-35 0.12943487352022356 8.1600893288650465 7.6978016406699554 1 7.5000000000000009 6.4654941470080169
decision_type=10 8 8 2 8 2 8 8 8 10 10 8 10 8 10 8 8 10 10 1 10 10 10 2 10 10 8 1 2 8
left_child=1 2 -1 5 -5 6 14 13 24 11 15 12 -10 -7 -3 -11 -13 18 -18 21 -21 -16 23 -23 -9 26 -12 28 29 -15
right_child=-2 3 -4 4 -6 7 -8 8 9 10 25 16 -14 27 19 -17 17 -19 -20 20 -22 22 -24 -25 -26 -27 -28 -29 -30 -31
leaf_value=-0.00061647905096695599 0.0087135596845008042 -3.2485585364350204e-05 -0.0077679466898642469 8.7890152797864829e-05 -0.00035982156896130491 0.00059344549264215294 -0.00084912658372933165 -0.0022966122098394327 -0.0024304360706032258 0.0014954075264771661 -0.00083064202669596026 -0.0050377592302560011 0.0021131299447183951 5.7526962180176616e-05 0.0010991466888982339 0.0042930336202306576 0.00066456474694378544 -0.0043514780182078994 0.0060491180744085332 -2.0180684439008446e-05 -0.0006076940091370276 -0.00068270544082433833 0.00021980237770962143 0.00059130576910448873 -0.00048653577775359391 -0.0020886267637143519 0.0020438913266758621 3.2563860874379459e-05 -0.00057140583758590329 0.00088619130355918065
leaf_weight=310 140 163 290 564 13441 5610 12839 530 984 1049 1441 180 524 7204 1038 3204 8449 276 297 28769 3639 2476 11295 557 4146 817 3157 52639 14203 3508
leaf_count=310 140 163 290 564 13441 5610 12839 530 984 1049 1441 180 524 7204 1038 3204 8449 276 297 28769 3639 2476 11295 557 4146 817 3157 52639 14203 3508
internal_value=3.41517e-05 2.05611e-05 -0.00725 4.43991e-05 -0.00114066 0.000142609 -0.000390779 0.000442163 0.00141494 0.00212239 0.00360985 0.000779645 -0.00414456 0.000149103 1.61671e-05 0.00623677 0.00158661 0.00182886 0.00214384 6.27957e-05 -0.000445878 0.00113562 0.000781686 -0.00236564 -0.00166809 0.00154663 0.00244672 -1.67625e-05 -0.000835842 0.00152166
internal_weight=183739 183599 600 182999 14005 168994 60776 108218 25054 20378 9668 10710 1508 83164 47937 4253 9202 9022 8746 47774 32408 15366 14328 3033 4676 5415 4598 77554 24915 10712
internal_count=183739 183599 600 182999 14005 168994 60776 108218 25054 20378 9668 10710 1508 83164 47937 4253 9202 9022 8746 47774 32408 15366 14328 3033 4676 5415 4598 77554 24915 10712
cat_boundaries=0 1 2
cat_threshold=4 2
is_linear=0
shrinkage=0.05


Tree=120
num_leaves=31
num_cat=5
split_feature=14 12 5 0 15 3 0 3 16 19 17 19 18 6 17 20 19 1 18 21 23 0 0 23 14 17 15 15 17 18
split_gain=12.6342 12.5945 8.69581 13.0785 12.2564 9.14956 9.7181 11.067 9.06598 10.7641 15.9211 7.80931 8.78897 7.51221 12.4228 11.7076 7.11099 7.09478 12.5543 9.43146 10.3852 9.95901 7.04942 7.38144 6.91894 6.81895 10.3874 6.65855 8.19393 6.96021
threshold=5.5729269024244674 8.8272695731952897 1.0000000180025095e-35 0 6.662712462519309 1.5000000000000002 1 5.5000000000000009 1.1904002499163084e-07 7.3399238562180846 8.1987510027762145 7.1783493292036775 0.043990051949273697 1.0000000180025095e-35 6.9639938975168034 0.11611080374281024 7.4653354718131455 2 1.0000000180025095e-35 5.21520742292401 6.4654941470080169 3 4 7.2855534267443156 6.3994261899220151 6.1465386788760581 6.619924828622362 7.6917217173580212 7.7611441093909059 0.10155326020985499
decision_type=8 10 2 1 8 2 1 2 10 10 8 10 8 2 8 10 10 1 10 10 8 1 1 10 8 8 10 10 10 8
left_child=-1 2 5 4 -4 8 11 17 9 -2 16 12 -7 25 -15 -16 -11 18 -8 21 -21 -20 23 -9 -22 -14 -27 28 29 -5
right_child=1 -3 3 27 -6 6 7 22 -10 10 -12 -13 13 14 15 -17 -18 -19 19 20 24 -23 -24 -25 -26 26 -28 -29 -30 -31
leaf_value=-0.032102100724505256 -0.00017791189499103411 0.0039096071605309929 0.001321597445607825 -4.9825342285414467e-05 0.00035601425084901277 7.2982651995356915e-05 0.0018201458768473346 0.0003968110860558705 0.00015859012882906144 0.00060126837424390178 0.0056515364313412426 0.00039103017565431667 -0.0022604060508375047 0.00027970442020068819 -0.001163620666126164 0.0014357191053687047 -0.00045203742700552498 -1.6230047306597938e-05 0.001073469178487474 -0.0011840881460778885 0.0083082996165772648 -0.00030571527882903297 1.3087978767423181e-07 -0.001959727353923402 0.00012181213505797485 -0.00030443685803529521 -0.0013390090260071653 -0.00041903792459121461 0.003331605168952079 0.00051385276680639971
leaf_weight=137 3749 523 1093 7185 2097 2091 647 8870 40917 308 395 1457 423 1506 712 199 896 53338 1032 3658 77 25050 10977 201 294 2523 1546 2526 250 9062
leaf_count=137 3749 523 1093 7185 2097 2091 647 8870 40917 308 395 1457 423 1506 712 199 896 53338 1032 3658 77 25050 10977 201 294 2523 1546 2526 250 9062
internal_value=3.22468e-05 4.35725e-05 2.14388e-05 0.000948769 0.00390625 -0.00010661 -0.000346201 -0.000200184 0.000486869 -0.00144914 0.00198562 -0.00179851 -0.00235 -0.00320958 -0.000961936 -0.0055708 -0.000872093 -0.000451865 -0.00105664 -0.00120471 -0.00345619 -0.000856913 0.000855447 0.00188581 0.00451482 -0.00441897 -0.00379086 0.000450533 0.000816815 0.000678587
internal_weight=183739 183602 183079 22213 3190 160866 114601 104144 46265 5348 1599 10457 9000 6909 2417 911 1204 84096 30758 30111 4029 26082 20048 9071 371 4492 4069 19023 16497 16247
internal_count=183739 183602 183079 22213 3190 160866 114601 104144 46265 5348 1599 10457 9000 6909 2417 911 1204 84096 30758 30111 4029 26082 20048 9071 371 4492 4069 19023 16497 16247
cat_boundaries=0 1 2 3 4 5
cat_threshold=15488 11264 2 16384 357
is_linear=0
shrinkage=0.05


Tree=121
num_leaves=31
num_cat=4
split_feature=10 10 3 16 3 20 0 10 15 10 20 17 12 16 13 14 0 20 15 13 10 10 17 17 0 22 20 0 18 17
split_gain=16.1962 9.86653 8.10176 10.2463 9.94564 12.5325 10.2255 9.42311 13.4448 11.0005 7.98929 7.7994 6.93918 11.0958 11.6295 8.07518 10.1838 7.94171 7.17826 6.95693 19.4327 9.14585 8.69679 8.20461 8.19059 7.43414 6.46784 6.36463 10.3102 7.2422
threshold=9.110615268917222 5.5729269024244674 1.5000000000000002 1.1904002499163084e-07 5.5000000000000009 0.070705356063605854 0 6.4523117665326337 6.2401693155098394 6.1323122662398957 0.1893781684958171 7.4034884855345346 7.1902991025390088 0.035198913266442512 6.5882382461791584 7.1232697219018464 1 0.43858420620735078 6.0574431575940402 7.8073020336262013 7.764718292812792 7.9571757909813918 6.8761699663318945 7.1313641591336951 2 2.5687807938343217 0.42175131570414598 3 0.1648931327066738 6.7304523613433913
decision_type=10 8 2 10 2 8 1 8 8 10 10 10 8 8 8 10 1 10 10 8 10 8 8 8 1 10 8 1 8 8
left_child=1 -1 3 10 7 6 11 8 9 -4 -3 -6 13 15 18 16 -9 19 -15 20 -14 25 -23 -24 -25 -21 -16 28 -7 -30
right_child=-2 2 4 -5 5 27 -8 12 -10 -11 -12 -13 17 14 26 -17 -18 -19 -20 21 -22 22 23 24 -26 -27 -28 -29 29 -31
leaf_value=-0.028253894796571501 0.0071157377701189795 -0.00013235022414432863 -0.00096162302730813394 0.00017119575810449207 -0.00010991876214112574 0.00019242623522806035 -0.00040026407648574569 0.00021206018311654696 -0.0012015661664579015 0.00064212020867548958 0.00048003295674790006 0.00058519350858019512 1.0504634387453748e-05 -0.002569778121626465 -0.00036870633512977593 -0.00022784213853550562 2.4812354218184399e-05 0.0016929277983156689 0.00050973051293139453 -0.00023779903742451316 0.0017737167564339186 -0.0012233070940994573 0.0012613814367653743 -0.00057297583709541304 0.00024574035896101075 -0.0010553218240026529 -0.0035420229402080674 5.5271497251974114e-05 0.0039802928568470012 0.0012907480103540704
leaf_weight=143 157 4450 1064 47018 2441 8071 1526 1485 3883 1064 1659 581 33897 173 25399 785 3419 1774 3454 8462 1881 1069 865 3550 9958 1736 467 9209 644 3483
leaf_count=143 157 4450 1064 47018 2441 8071 1526 1485 3883 1064 1659 581 33897 173 25399 785 3419 1774 3454 8462 1881 1069 865 3550 9958 1736 467 9209 644 3483
internal_value=3.03373e-05 1.66113e-05 2.68441e-05 0.000547274 -0.000185285 0.000690618 -0.00169305 -0.000403075 -0.0023249 0.000869361 -0.00137911 0 -0.000285645 -0.000848445 -0.00123843 0.00117332 0.001927 2.76934e-05 0.00141301 -6.75698e-05 0.000382917 -0.000696178 7.12343e-05 0.000394838 9.25378e-05 -0.00185821 -0.00161022 0.00119704 0.00194545 0.00397989
internal_weight=183767 183610 183467 53127 130340 25955 4548 104385 6011 2128 6109 3022 98374 35182 29493 5689 4904 63192 3627 61418 35778 25640 15442 14373 13508 10198 25866 21407 12198 4127
internal_count=183767 183610 183467 53127 130340 25955 4548 104385 6011 2128 6109 3022 98374 35182 29493 5689 4904 63192 3627 61418 35778 25640 15442 14373 13508 10198 25866 21407 12198 4127
cat_boundaries=0 1 2 3 4
cat_threshold=39345 33553 10828 5617
is_linear=0
shrinkage=0.05


Tree=122
num_leaves=31
num_cat=6
split_feature=11 12 3 0 3 12 16 13 11 11 16 0 0 0 19 8 22 21 21 23 23 0 19 15 0 19 23 19 16 11
split_gain=15.4287 9.08928 7.43975 9.3897 8.90299 7.98012 16.2654 15.9242 9.9627 7.63368 7.2774 7.12233 7.1155 6.83033 7.45883 8.83608 6.68886 8.14007 8.02373 6.51925 6.42608 7.63897 6.18688 8.42325 6.08386 6.07661 6.02216 8.70193 6.91875 5.95943
threshold=9.127008388409914 5.5729269024244674 1.5000000000000002 0 5.5000000000000009 6.9503356117216795 0.062161004903903201 6.5950969868555456 6.4899642329139136 6.3126414277150058 0.11307770617930123 1 2 3 8.417931615151085 2.5000000000000004 6.2734427241249042 6.3548046344796445 5.1935120980322251 4.8463993089828499 7.2377072833237177 4 6.9360305412992798 6.9974386396464849 5 6.3118571825043261 6.9377443033387651 7.4590218600978018 1.0000000180025095e-35 8.395235567913474
decision_type=10 8 2 1 2 8 8 8 8 10 8 1 1 1 10 2 10 10 10 8 10 1 8 10 1 10 10 10 8 10
left_child=1 -1 3 -3 5 6 24 9 -7 -8 20 -9 16 -12 19 -16 18 -18 -10 -15 21 -6 -13 -24 -4 -11 -14 28 -28 -5
right_child=-2 2 4 29 10 8 7 11 12 25 13 22 26 14 15 -17 17 -19 -20 -21 -22 -23 23 -25 -26 -27 27 -29 -30 -31
leaf_value=-0.019734906552488243 0.0082258820279720538 -0.0045008236671306712 -0.00021284023814764909 7.6652230660045897e-05 0.00017344972303319218 -0.00093197167789069732 -0.00052116465254510309 -0.00053071693801500788 -0.00021641365609439414 0.0018521236784831531 3.1839785928866608e-05 -0.0010508473411449115 4.2315380059720908e-05 0.0017141747957854616 0.013090833908954692 -0.003747155155848603 0.00071168654049418305 -0.00013279696204178127 -0.0006970178732565558 0.0004638611685009231 -0.0021704715161532163 -0.00012288598958076768 -0.0024098826449565625 -0.00077150186213490466 9.0530117783393934e-05 0.00041673267597568402 0.00014773480724867839 -0.00088602354291436038 -9.9563776423927669e-05 0.0021070444278793233
leaf_weight=134 150 363 2392 52040 4654 1931 2453 4173 11786 238 4919 4752 53499 1924 90 32 1438 2910 3001 4998 280 9111 1527 721 7082 2056 71 1156 3367 665
leaf_count=134 150 363 2392 52040 4654 1931 2453 4173 11786 238 4919 4752 53499 1924 90 32 1438 2910 3001 4998 280 9111 1527 721 7082 2056 71 1156 3367 665
internal_value=-2.92258e-05 -4.23099e-05 -3.28107e-05 0.000466383 -0.000235714 -0.000441642 -0.00121288 -0.00218907 -0.000194229 0.000236992 0.000592125 -0.00321982 -0.000105532 0.00149837 0.00249504 0.0147541 -0.000941499 0.000781969 -0.00144891 0.00228258 -0.000179779 -2.7243e-05 -0.00419401 -0.00636121 0.000427486 0.00231037 0.000169957 -0.00156726 -0.00030541 0.000522147
internal_weight=183913 183763 183629 53068 130561 104553 25394 15920 79159 4747 26008 11173 77228 11963 7044 122 19135 4348 14787 6922 14045 13765 7000 2248 9474 2294 58093 4594 3438 52705
internal_count=183913 183763 183629 53068 130561 104553 25394 15920 79159 4747 26008 11173 77228 11963 7044 122 19135 4348 14787 6922 14045 13765 7000 2248 9474 2294 58093 4594 3438 52705
cat_boundaries=0 1 2 3 4 5 6
cat_threshold=256 49356 11337 41486 2373 9316
is_linear=0
shrinkage=0.05


Tree=123
num_leaves=31
num_cat=5
split_feature=10 10 22 3 0 19 18 10 20 12 14 10 17 17 19 19 19 12 0 20 11 23 0 3 11 19 17 0 16 0
split_gain=15.0115 9.24347 8.41902 6.9843 10.074 6.67424 5.94461 17.4246 10.8655 10.0322 9.40063 8.6397 11.4735 8.6483 8.28631 7.70584 6.92614 5.90206 5.73978 7.8562 5.91803 5.65211 5.63055 6.86306 5.47878 5.48806 5.30135 5.12265 4.95954 6.03324
threshold=9.127008388409914 5.992712987207276 5.7686333981781939 1.5000000000000002 0 6.2201282559728606 0.26257260087559642 6.9072550288153467 0.09274687359051155 6.6864847774674381 8.7719603986732384 7.9915908515222656 7.188562932069483 7.416617483055159 8.1374543662597745 7.257295882699152 8.1674943672940241 8.6870958293510121 1 0.20544734385959032 7.5248301129598225 2.6389307766950703 2 5.5000000000000009 7.4404391602237441 6.8587280538456481 6.6678375814300459 3 1.1904002499163084e-07 4
decision_type=10 8 8 2 1 10 8 8 8 8 10 10 10 10 10 10 8 10 1 10 8 10 1 2 10 10 10 1 8 1
left_child=1 2 -1 4 -3 -4 -5 16 15 -10 11 13 -13 14 24 -9 22 28 20 -20 -15 -12 -8 -24 -11 -26 -7 -14 -6 -30
right_child=-2 3 5 6 17 26 7 8 9 10 21 12 27 18 -16 -17 -18 -19 19 -21 -22 -23 23 -25 25 -27 -28 -29 29 -31
leaf_value=0.00075617539100156792 0.0066687059397537501 -0.0042757824837741159 -0.0064135608460380578 -3.7443218319954678e-05 -3.0518500878518039e-05 0.0084018021706677281 -0.002674539283093913 -0.0023178263731367999 -0.0033649498082237274 0.0011953822527960957 0.00019325844408104589 0.020324066139586528 0.00028416915811280141 -0.0024094243634571466 0.008452633431178835 0.00075395152978092745 -0.014975389104848658 0.0045354425011782775 -0.0064206312832953312 -0.00077054146237389711 0.0024747358929801512 -0.011918470944756711 -0.0013202652730345934 0.0042035206393976621 0.0076008947710982881 0.0023582248465693571 -0.041727147257862862 0.0030145428219680915 0.00027974576577949328 3.6573035830556048e-05
leaf_weight=245 143 371 257 115148 1765 48 1192 472 695 6842 58 111 440 276 132 338 89 229 69 1351 869 77 572 186 197 687 22 516 23500 27114
leaf_count=245 143 371 257 115148 1765 48 1192 472 695 6842 58 111 440 276 132 338 89 229 69 1351 869 77 572 186 197 687 22 516 23500 27114
internal_value=6.50776e-05 5.24833e-05 -0.00629371 7.22874e-05 0.000556353 -0.0115443 -0.000124504 0.00080592 0.00147372 0.00184253 0.0021914 0.00234552 0.00663074 0.00190684 0.0027297 -0.0041358 -0.00349436 0.000614809 -0.000614035 -0.00272727 0.00201299 -0.0109259 -0.00287179 0.000520833 0.00251747 0.00622172 0.00214286 0.00486402 0.000579908 0.000670763
internal_weight=184011 183868 572 183296 52979 327 130317 15169 13130 12320 11625 11490 1067 10423 7858 810 2039 52608 2565 1420 1145 135 1950 758 7726 884 70 956 52379 50614
internal_count=184011 183868 572 183296 52979 327 130317 15169 13130 12320 11625 11490 1067 10423 7858 810 2039 52608 2565 1420 1145 135 1950 758 7726 884 70 956 52379 50614
cat_boundaries=0 1 2 3 4 5
cat_threshold=256 24818 41499 71 56354
is_linear=0
shrinkage=0.05


Tree=124
num_leaves=31
num_cat=2
split_feature=11 13 5 9 17 11 17 11 12 13 21 16 19 16 16 20 13 9 6 19 16 15 19 18 1 11 16 20 0 11
split_gain=15.2866 10.2052 8.67873 14.9419 10.6351 9.99783 20.3825 15.7196 9.9757 9.87495 9.32939 9.23809 9.20899 8.8876 7.90995 8.61489 7.76531 16.1593 18.1015 17.3481 13.8639 13.2777 11.7466 12.4675 11.3845 10.1071 12.8877 9.48899 10.4988 9.20518
threshold=9.127008388409914 5.5729269024244674 1.0000000180025095e-35 1.0000000180025095e-35 7.0367338286196341 6.7099137248553644 6.6121884062350835 6.5785562848655745 6.4990345950661448 6.4975285698311493 6.8245366869439499 0.012368737509700129 7.0884292043754735 0.037237291816758188 0.0087760965597175316 0.21583194722957214 6.9377992826203219 1.0000000180025095e-35 1.0000000180025095e-35 7.0034820746941753 0.032898715836204372 1.0000000180025095e-35 6.6855671361567603 0.088629820669297421 0 6.9300057683576393 0.068902070038146801 0.032272416552388723 1 6.9092540304800165
decision_type=10 8 2 2 10 8 8 10 8 10 8 10 10 8 10 10 8 2 2 8 10 10 8 10 1 8 8 10 1 10
left_child=1 -1 5 -4 -5 6 7 9 14 11 13 -3 -6 -8 15 -7 21 22 19 -19 -20 -10 23 -18 25 -24 -27 -23 29 -29
right_child=-2 2 3 4 12 8 10 -9 16 -11 -12 -13 -14 -15 -16 -17 17 18 20 -21 -22 27 24 -25 -26 26 -28 28 -30 -31
leaf_value=-0.023065707638079358 0.0076278899242037124 -0.00083376491684110658 0.00010004062073365461 0.0009893649515555047 -0.0016210902379870441 -0.0040401331431565435 0.00049871682831781339 0.00087650603409301648 -0.0015993234277336789 -0.00084093142985923745 -0.0011823448538665904 9.0581304600312332e-05 0.0021358027440134377 -0.00081381826296818012 -0.00053689877895315432 0.0026350954845856924 -0.0026026746884134869 -0.0009933697906759464 0.00040801291891021666 -0.0038979598485997524 -0.00044657726355854524 0.00016211530882852544 -0.00058209104079183234 -0.00023372811292139418 -2.7317567164297785e-05 -4.2408081659317537e-05 0.00056873868528026781 0.00031532854412072989 7.9789633233051665e-05 0.0013214890716005678
leaf_weight=131 138 711 20154 1896 135 298 242 2084 1220 2413 3824 9074 75 3487 2822 82 849 984 1230 263 2271 334 2156 1445 66031 12319 24917 4623 16623 1042
leaf_count=131 138 711 20154 1896 135 298 242 2084 1220 2413 3824 9074 75 3487 2822 82 849 984 1230 263 2271 334 2156 1445 66031 12319 24917 4623 16623 1042
internal_value=3.16795e-05 1.91852e-05 2.91388e-05 0.000954627 0.00496201 -9.85472e-05 -0.00109343 1.75046e-05 5.71648e-05 -0.000668142 -0.0031941 3.8324e-05 -0.00571429 -0.00141459 -0.00270144 -0.00947368 0.000121967 -5.17939e-05 -0.00290649 -0.00807939 -0.00106398 0.000941616 7.40366e-05 -0.00346556 0.000151058 0.000823771 0.00101649 0.00121563 0.00109027 0.00294714
internal_weight=183873 183735 183604 22260 2106 161344 21835 14282 139509 12198 7553 9785 210 3729 3202 380 136307 112465 4748 1247 3501 23842 107717 2294 105423 39392 37236 22622 22288 5665
internal_count=183873 183735 183604 22260 2106 161344 21835 14282 139509 12198 7553 9785 210 3729 3202 380 136307 112465 4748 1247 3501 23842 107717 2294 105423 39392 37236 22622 22288 5665
cat_boundaries=0 1 2
cat_threshold=1 22944
is_linear=0
shrinkage=0.05


Tree=125
num_leaves=31
num_cat=6
split_feature=11 10 23 0 3 18 7 0 14 3 0 23 15 16 12 0 11 14 23 16 15 11 15 10 1 0 10 15 16 4
split_gain=14.3999 8.48621 7.82758 7.63038 9.36144 11.7761 9.16632 8.05294 7.85754 7.35438 7.26204 6.63112 9.14752 8.68185 7.71982 6.78672 11.2948 6.74533 7.98119 6.68757 6.45184 6.27994 14.2838 6.25944 7.32916 6.21535 5.85058 7.11652 6.28827 5.83571
threshold=9.127008388409914 5.992712987207276 5.3847662222333259 0 5.5000000000000009 0.10556227608318547 39.500000000000007 1 6.2176031103882972 1.0000000180025095e-35 2 6.9746572882518736 6.7952368969855597 0.021537580370275523 6.8788411363758835 3 8.8555905539014876 8.2573848150395737 5.2344586284256875 0.035769924388144143 8.4585450976476171 6.4651072450961715 6.3985975381764968 6.4305252799863091 4 5 6.3288288446259466 6.2401693155098394 0.025633917030991736 10.500000000000002
decision_type=10 8 8 1 2 8 10 1 8 2 1 10 8 10 8 1 8 10 8 10 10 8 8 10 1 1 10 10 10 2
left_child=1 2 -1 8 6 25 9 -7 -3 10 -5 14 13 -13 -10 16 17 18 -16 -15 29 22 26 24 -24 -6 27 28 -11 -14
right_child=-2 3 -4 4 5 7 -8 -9 11 21 -12 12 20 19 15 -17 -18 -19 -20 -21 -22 -23 23 -25 -26 -27 -28 -29 -30 -31
leaf_value=-0.00065886755291497687 0.0064636965116522394 0.0010163910213276228 -0.0076858456512251209 0.00033845893441757373 -0.00034240806192888942 0.0017124035784128466 -0.016198253421404553 0.0003158277012654587 -0.00018039673795859913 -0.00058782255612759298 -8.9446044850638459e-05 0.00054940400141596519 -0.00022054618634448353 -0.00064488521649823665 0.0019933060973197137 5.3858251131533312e-05 0.00092347995449104658 -0.0013626882832121546 9.6248878079885364e-05 0.00051153068774651984 0.0063379932142909826 -9.3136001172444693e-05 0.00064284607423554802 -0.00068351146791636455 -0.0031973962381354418 2.8714867650414535e-05 0.00073903407600885986 -0.0013869565190152144 0.00022499547500003382 -0.00092022271492808727
leaf_weight=294 134 932 281 6538 1981 3439 222 5487 10165 226 7292 195 5109 368 709 45306 2959 466 6763 1134 50 70539 121 539 840 7089 696 947 1777 1050
leaf_count=294 134 932 281 6538 1981 3439 222 5487 10165 226 7292 195 5109 368 709 45306 2959 466 6763 1134 50 70539 121 539 840 7089 696 947 1777 1050
internal_value=3.32157e-05 2.12518e-05 -0.00604348 4.0314e-05 -0.000229481 0.000811291 -0.000438225 0.0021006 0.000426771 -0.000413059 0.000647144 0.000369578 -0.000999241 0.00225398 0.000532636 0.00076197 0.00188182 0.000900731 0.00126472 0.000965379 -0.00188839 -0.000606791 -0.00229304 -0.0064 -0.00881894 -0.000457552 -0.000603401 -0.00157627 0.000112332 -0.00203361
internal_weight=183648 183514 575 182939 107733 17996 89737 8926 75206 89515 13830 74274 7906 1697 66368 56203 10897 7938 7472 1502 6209 75685 5146 1500 961 9070 3646 2950 2003 6159
internal_count=183648 183514 575 182939 107733 17996 89737 8926 75206 89515 13830 74274 7906 1697 66368 56203 10897 7938 7472 1502 6209 75685 5146 1500 961 9070 3646 2950 2003 6159
cat_boundaries=0 1 2 3 4 5 6
cat_threshold=53382 1376 11297 16384 4 8288
is_linear=0
shrinkage=0.05


Tree=126
num_leaves=31
num_cat=8
split_feature=10 19 10 5 0 4 1 0 17 23 4 19 0 0 16 4 23 19 0 13 22 16 16 19 4 19 11 0 16 1
split_gain=16.3291 8.8431 13.6117 8.74465 11.1044 8.83458 10.611 9.96896 8.60171 8.24045 8.0949 17.3309 15.0569 12.369 14.0532 11.2865 16.6009 13.7831 14.0947 11.9016 15.4744 16.4868 11.4457 12.3889 8.98762 8.90083 10.3487 14.2431 8.67586 8.24837
threshold=9.110615268917222 6.0173691477424764 5.992712987207276 1.0000000180025095e-35 0 9.5000000000000018 1 2 7.3139090222858423 4.760246240126019 10.500000000000002 8.4829332955706498 3 4 4.8025112254415846e-08 3.5000000000000004 7.2196347581982794 7.511980611119017 5 6.5475022567614491 0.66750053336617021 0.036821073891974823 0.068020181095631752 8.1112974079172862 2.5000000000000004 7.0612478009096531 7.3482644339574383 6 0.15452858528144964 7
decision_type=10 8 10 2 1 2 1 1 10 8 2 8 1 1 8 2 8 10 1 8 10 10 10 10 2 10 10 1 10 1
left_child=1 2 9 10 -5 6 -6 -7 -9 -1 15 13 -13 14 -12 16 22 18 -18 20 -17 -22 25 -24 -19 -3 27 -27 -20 -14
right_child=-2 3 -4 4 5 7 -8 8 -10 -11 11 12 29 -15 -16 19 17 24 28 -21 21 -23 23 -25 -26 26 -28 -29 -30 -31
leaf_value=-0.0022681731041046759 0.0061868096549384079 0.00031953336465506688 0.0013185558148530508 0.00073890689546303185 -0.00039620795852881587 -8.6459973102304133e-05 0.00015520364214669514 0.0017947630619337574 0.00045735774013526691 -0.012743103158237325 7.5540935245399515e-05 -0.0019379244033271626 0.0068221624803276541 -0.00033096051881489343 0.00055839160370450001 0.0011083519745273219 -0.00034457136577228378 0.001099053262369587 -0.0010611050598988037 3.1982075359948682e-05 -0.001225731052654444 0.00057201587665352 -0.00014488004242509955 -0.0053707800178417926 -0.0024867148145088173 0.00012129242283451803 0.00048215211611779552 -0.00028487368782150748 0.0016653460412136224 0.015309545198730935
leaf_weight=191 149 3504 239 2623 5022 1681 9393 1545 1815 292 166 277 175 23950 1542 1885 6489 1758 4415 90912 399 3649 15570 181 291 2025 1732 1445 137 297
leaf_count=191 149 3504 239 2623 5022 1681 9393 1545 1815 292 166 277 175 23950 1542 1885 6489 1758 4415 90912 399 3649 15570 181 291 2025 1732 1445 137 297
internal_value=6.51704e-05 5.17429e-05 -0.00547091 7.35463e-05 0.00100661 0.000593342 -3.64204e-05 0.00239536 0.00396142 -0.0103002 -5.45712e-05 -0.000854887 0.00664219 -0.00107374 0.00302678 0.000102685 -0.000633206 -0.00207028 -0.00276922 0.000387991 0.00255773 0.000815217 0.000135953 -0.000668212 0.00169595 0.00159086 0.000278739 -0.00129683 -0.00489917 0.0119295
internal_weight=183749 183600 722 182878 22079 19456 14415 5041 3360 483 160799 26407 749 25658 1708 134392 37547 13090 11041 96845 5933 4048 24457 15751 2049 8706 5202 3470 4552 472
internal_count=183749 183600 722 182878 22079 19456 14415 5041 3360 483 160799 26407 749 25658 1708 134392 37547 13090 11041 96845 5933 4048 24457 15751 2049 8706 5202 3470 4552 472
cat_boundaries=0 1 2 3 4 5 6 7 8
cat_threshold=13440 1 2836 57345 4 51606 18002 4
is_linear=0
shrinkage=0.05


Tree=127
num_leaves=31
num_cat=5
split_feature=11 11 4 0 23 5 9 19 16 4 19 0 21 18 10 0 0 4 4 11 19 19 22 11 16 18 5 0 18 12
split_gain=14.6014 9.95831 7.49529 9.40942 9.24773 8.77932 12.5805 9.25918 8.46273 8.32128 20.6718 16.0905 14.1808 13.455 13.6043 9.93028 9.91493 9.63268 19.3058 13.009 9.47467 9.23424 8.42835 7.09024 7.03531 6.79992 6.73364 7.77016 7.79811 7.07047
threshold=9.127008388409914 5.5729269024244674 3.5000000000000004 0 7.2377072833237177 1.0000000180025095e-35 1.0000000180025095e-35 7.4168250591343163 0.30426709215664577 6.5000000000000009 6.0864575551297238 1 5.9851941429858151 0.3907492643283455 7.0904933289280381 2 3 11.500000000000002 9.5000000000000018 7.3142198319787717 6.1672163690271722 7.3728448333838017 1.0816615128302691 5.7087686410618739 0.096642239201276112 0.10640148932491496 1.0000000180025095e-35 4 0.046175698820740997 6.7469993277013458
decision_type=10 8 2 1 8 2 2 8 10 2 10 1 8 8 8 1 1 2 2 8 10 8 8 10 10 8 2 1 10 8
left_child=1 -1 3 8 24 7 -7 -6 -3 10 11 23 15 20 -15 22 -14 18 -16 -20 -11 -19 -12 -4 -5 -18 29 -28 -29 -22
right_child=-2 2 9 4 5 6 -8 -9 -10 13 12 -13 16 14 17 -17 25 21 19 -21 26 -23 -24 -25 -26 -27 27 28 -30 -31
leaf_value=-0.026478760312253602 0.0066033814306769578 5.194555226002429e-05 -0.0014308410464682897 6.9705853250745528e-05 -0.0009055663627991706 -0.0008776076843419301 0.00091588742173494004 0.00010123685143370587 -0.0031851010545949302 0.0027817975938548402 0.00013598229074416324 -0.01035103065844707 0.00052429724609590609 -0.0026331217295735287 0.00074862527705943371 0.00026966202819553867 5.7546113930495583e-06 -0.0071280582276877173 -0.0029421892745208791 0.0066339963129032897 -0.00043447572090447032 0.0014812099782764766 -0.00036318292340724594 0.0025523585605506938 -0.00060917471905967972 0.00059216044111622959 0.00068669455080279114 -0.00021062423885536143 0.0002031824485499101 -2.221585828263706e-05
leaf_weight=124 147 22233 441 8276 4800 815 606 1252 776 237 1649 599 10766 534 1995 9863 9100 147 150 1424 7646 511 7367 205 8024 6303 3795 761 4821 68865
leaf_count=124 147 22233 441 8276 4800 815 606 1252 776 237 1649 599 10766 534 1995 9863 9100 147 150 1424 7646 511 7367 205 8024 6303 3795 761 4821 68865
internal_value=6.43211e-05 5.17424e-05 6.12902e-05 -0.000485229 -0.00118257 -0.0026395 0.000897255 -0.00346993 0.000235675 0.000247669 0.000793316 -0.00556225 0.000968966 -3.02577e-05 0.00255724 -7.54807e-05 0.00172246 0.00350722 0.00453208 0.00867217 -0.000173295 -0.00205167 -0.0012741 0 -0.000515337 0.000906702 -0.000200843 0.00106377 -0.000125179 -0.000355831
internal_weight=184232 184085 183961 46782 23773 7473 1421 6052 23009 137179 46293 1245 45048 90886 4761 18879 26169 4227 3569 1574 86125 658 9016 646 16300 15403 85888 9377 5582 76511
internal_count=184232 184085 183961 46782 23773 7473 1421 6052 23009 137179 46293 1245 45048 90886 4761 18879 26169 4227 3569 1574 86125 658 9016 646 16300 15403 85888 9377 5582 76511
cat_boundaries=0 1 2 3 4 5
cat_threshold=52116 49829 8853 14979 30026
is_linear=0
shrinkage=0.05


Tree=128
num_leaves=31
num_cat=5
split_feature=11 11 4 4 16 13 11 19 16 0 17 15 15 18 15 22 19 13 16 0 15 15 22 23 0 0 0 4 5 19
split_gain=14.6708 8.00358 7.16282 8.96562 14.5122 10.6336 11.1544 15.2596 14.1228 15.7898 14.4326 12.9787 10.9843 12.5219 10.8973 8.90787 7.98654 8.08738 8.03138 11.1807 7.97445 7.81065 7.83943 7.27808 7.22174 7.11205 6.9031 13.4984 9.51676 6.89499
threshold=9.127008388409914 5.5729269024244674 3.5000000000000004 11.500000000000002 0.014683614468516246 6.5532206455302013 7.1432225019328719 7.410262465622746 0.047452755527067174 0 6.9087731635259422 7.3484838407913475 6.6284463835173026 0.14821698440596834 7.505115414509107 5.4227445550764886 8.4829332955706498 7.8452197668196186 0.098441196331072553 1 7.3608182114651752 6.3635956835933767 5.4434987920240419 7.4366949008166321 2 3 4 9.5000000000000018 1.0000000180025095e-35 6.4349194429150858
decision_type=10 8 2 2 8 8 8 8 8 1 8 10 10 10 8 8 10 8 10 1 10 10 8 10 1 1 1 2 2 8
left_child=1 -1 23 5 21 14 7 26 -8 -10 12 -9 13 -11 -4 -14 17 18 19 -6 -21 -5 -23 25 -20 -3 27 -7 -29 -12
right_child=-2 2 3 4 16 6 8 11 9 10 29 -13 15 -15 -16 -17 -18 -19 24 20 -22 22 -24 -25 -26 -27 -28 28 -30 -31
leaf_value=-0.020446279320947714 0.0062732123591430879 -0.00033458787947941997 0.00058995659183049833 -0.0004403423463085421 7.2489252143759231e-05 -0.00014265771942720829 -3.7826728447343251e-05 -0.0048771242607663192 0.00061592157142951196 -0.0025186501170149978 -0.0080137278716992718 0.0053820737608060833 -0.0011132894033204054 -0.00041462379140491115 -0.003400543093494468 0.00090292010780435028 0.0051562088729136596 -0.00087396512772079942 0.0023406921337862266 -0.0011198201826531974 0.0004638607623397295 0.0001362032800911628 0.00018359113588763967 -0.001063143808486622 1.3795740737676532e-05 -9.1239362965733765e-06 -6.1364293046484171e-06 -0.001622514037976819 0.00056901555922874716 0.0001885885204975235
leaf_weight=136 135 13016 8910 32 2466 5536 19350 701 21828 879 84 120 1278 626 363 987 249 5111 744 1804 444 181 356 868 2674 32743 28389 945 281 32341
leaf_count=136 135 13016 8910 32 2466 5536 19350 701 21828 879 84 120 1278 626 363 987 249 5111 744 1804 444 181 356 868 2674 32743 28389 945 281 32341
internal_value=4.76639e-06 -7.35927e-06 1.63661e-06 0.000184191 -0.00101166 0.000321323 0.000188142 -0.000539308 0.000526346 0.000916447 0.000275514 -0.00727771 -0.00265252 -0.00596346 0.00194921 -0.000452539 -0.00134154 -0.00150834 -0.000528775 -0.00186678 -0.00440655 0.00681019 0.00824022 -0.000533489 0.00131656 -0.000447453 -0.000381924 -0.0018163 -0.00656607 0.000616037
internal_weight=183577 183442 183306 136679 14061 122618 113345 35972 77373 58023 36195 821 3770 1505 9273 2265 13492 13243 8132 4714 2248 569 537 46627 3418 45759 35151 6762 1226 32425
internal_count=183577 183442 183306 136679 14061 122618 113345 35972 77373 58023 36195 821 3770 1505 9273 2265 13492 13243 8132 4714 2248 569 537 46627 3418 45759 35151 6762 1226 32425
cat_boundaries=0 1 2 3 4 5
cat_threshold=54402 1687 16420 13416 9732
is_linear=0
shrinkage=0.05


Tree=129
num_leaves=31
num_cat=5
split_feature=10 14 10 10 13 11 10 11 10 13 10 17 12 10 15 10 0 0 10 11 10 16 15 10 0 0 0 10 17 20
split_gain=11.9928 9.8614 6.98166 5.42268 10.2802 8.7521 8.47335 7.59332 7.07327 11.5008 12.9243 17.7765 15.4766 20.4456 13.4895 26.2022 12.4436 11.1256 10.6096 10.5343 9.43826 9.28788 9.09469 27.8111 14.9438 12.0899 9.02383 10.0551 8.70905 8.48604
threshold=9.110615268917222 5.5729269024244674 5.5729269024244674 6.1014387733168176 6.2116030863880871 6.3126414277150058 6.7171997342723353 6.0991966170931535 6.344758397477464 6.5475022567614491 6.6864847774674381 6.6121884062350835 6.6864847774674381 6.9579728820873044 6.8013667076152702 6.8569880235699889 0 1 6.5005383555981231 6.7747949886470034 6.9072550288153467 0.019099714277765998 6.9087610166783255 6.9541615378757635 2 3 4 6.4651072450961715 6.9945219163740768 0.28772803846792888
decision_type=10 8 10 8 8 8 8 10 8 8 8 8 8 8 8 8 1 1 10 10 8 8 8 8 1 1 1 10 10 10
left_child=1 2 -1 -3 6 -6 -5 -8 -7 26 11 18 13 -12 19 17 -13 29 -11 20 -14 -18 24 25 -17 -24 27 -10 -26 -16
right_child=-2 3 -4 4 5 8 7 -9 9 10 12 16 14 -15 15 22 21 -19 -20 -21 -22 -23 23 -25 28 -27 -28 -29 -30 -31
leaf_value=-0.04003162599025889 0.0041461283012957928 -0.0012629403733341871 0.001304908169290675 0.00095266755385936541 -0.00056465487599060009 -0.0010253329335434991 -0.0019220611500847307 0.00092956063256834922 0.00046526480398501047 -0.0004324280849239193 0.00054898168209536189 -0.00034006044124459402 0.00043139734011639065 -0.0013913383683848313 -6.0679800467866585e-05 -0.00027170987551574657 0.00038327005553546735 -0.0010640429135010843 0.00048893934415141784 0.00080938398375178804 -0.00026051580251018613 -0.0013643609979317574 -0.001068715275032517 4.614532324680454e-05 0.0002627648326801957 -0.0002718173577244354 0.00027058597289997266 0.0015496120121755608 -0.00059593575410050732 -0.0052283604803339935
leaf_weight=89 143 1686 43 1526 4290 1950 518 448 1046 1790 2000 4167 2808 4169 2330 2479 183 2262 2862 2103 2653 3494 2173 120388 5989 3707 5111 788 269 219
leaf_count=89 143 1686 43 1526 4290 1950 518 448 1046 1790 2000 4167 2808 4169 2330 2479 183 2262 2862 2103 2653 3494 2173 120388 5989 3707 5111 788 269 219
internal_value=3.63398e-05 2.50627e-05 -0.0136364 3.48949e-05 6.10823e-05 1.67383e-05 0.0032504 -0.000414079 7.14531e-05 0.000105208 2.18314e-05 -0.00152449 0.000147673 -0.00230588 0.000250373 0.000139111 -0.0029768 -0.0034868 0.000924334 0.00230698 0.00114906 -0.00509222 0.000268323 0.000160373 0.00182843 -0.00319728 0.00209863 0.00509761 0.00312699 -0.00120164
internal_weight=183683 183540 132 183408 181722 179230 2492 966 174940 172990 166045 12496 153549 6169 147380 139816 7844 4811 4652 7564 5461 3677 135005 126268 8737 5880 6945 1834 6258 2549
internal_count=183683 183540 132 183408 181722 179230 2492 966 174940 172990 166045 12496 153549 6169 147380 139816 7844 4811 4652 7564 5461 3677 135005 126268 8737 5880 6945 1834 6258 2549
cat_boundaries=0 1 2 3 4 5
cat_threshold=17246 507 24780 15873 14848
is_linear=0
shrinkage=0.05


Tree=130
num_leaves=31
num_cat=0
split_feature=10 10 17 23 16 17 22 20 22 16 20 17 18 17 23 18 4 10 23 11 5 10 17 11 12 17 16 10 16 17
split_gain=12.7998 8.0061 6.583 6.33807 12.9792 11.0166 7.85546 6.99983 6.84928 6.49974 6.30077 7.69373 6.20547 6.19485 5.81609 5.38427 12.6673 18.8377 12.4024 8.19347 5.8025 8.11551 35.0731 24.6136 16.0941 11.9081 8.32891 8.29242 7.9217 7.91688
threshold=9.127008388409914 5.5729269024244674 5.9841555006066143 7.071784956884632 0.15107920362676536 7.8701049846293687 6.6044855364627795 0.42175131570414598 7.6622326870510662 0.012368737509700129 0.12451045380878169 6.3518465614141801 0.049589521499424923 6.3887156949822073 7.3486884620199531 0.016699584755952179 10.500000000000002 7.4974835395764439 0.75109080256885963 7.3128864978553141 1.0000000180025095e-35 7.5248301129598225 7.303436350980216 8.2177074967233796 8.2949240625415008 7.81544289430175 0.20920929221911777 7.9386235179612585 0.033622296803365759 6.676670101175687
decision_type=10 8 10 10 10 10 10 8 8 8 10 10 10 8 10 8 2 8 8 10 2 10 10 10 10 10 10 10 10 8
left_child=1 2 -1 6 10 8 15 9 14 -8 13 -12 -13 -5 -6 16 18 19 -3 -18 21 23 26 24 -17 -24 -23 -27 -25 -22
right_child=-2 3 -4 4 5 -7 7 -9 -10 -11 11 12 -14 -15 -16 20 17 -19 -20 -21 29 22 25 28 -26 27 -28 -29 -30 -31
leaf_value=-0.025334063049819736 0.0045402407190263897 -1.8812461357597954e-05 0.0068417780002092872 -0.0019936923710428991 0.0020168190514774365 -0.005986494901774453 -9.4094295224289592e-05 0.010126018287848605 0.0037617757313932465 0.00022985354101976441 0.001132159505088337 0.00042517593361350863 -0.00098480806511509473 -5.4261634749597225e-05 -0.0012373124067603936 -7.8069797053448309e-05 1.4965752437667847e-05 -0.00031116808553612876 -2.8131158575117612e-05 6.8138554465191348e-05 0.00079649555601051252 0.0079405783849986651 0.00035080576884176655 0.0066545232819426488 0.0057589853567941779 -0.0006244454722358129 0.0050579723354253758 4.0957840285749118e-05 0.0021317194961135932 8.5405923629400257e-05
leaf_weight=107 141 266 21 215 282 67 549 117 192 11742 224 160 2383 5658 131 115871 59 198 2143 129 3243 489 10699 265 319 3636 520 7563 653 15816
leaf_count=107 141 266 21 215 282 67 549 117 192 11742 224 160 2383 5658 131 115871 59 198 2143 129 3243 489 10699 265 319 3636 520 7563 653 15816
internal_value=1.19658e-05 4.08237e-07 -0.0125 9.12364e-06 -0.00126181 0.00543155 7.70325e-05 0.00128949 0.00756198 0.00117362 -0.00178241 -0.00374955 -0.00453205 -0.00085561 0.00393462 -1.59079e-05 -0.00219141 0.00621762 -0.00353881 0.0175532 2.23167e-05 -8.90976e-05 0.000771598 -0.000257455 -0.000321887 0.00035163 0.00988603 -0.000788017 0.0078976 0.00084081
internal_weight=183858 183717 128 183589 9312 672 174277 12408 605 12291 8640 2767 2543 5873 413 161869 2795 386 2409 188 159074 140015 22907 117108 116190 21898 1009 11199 918 19059
internal_count=183858 183717 128 183589 9312 672 174277 12408 605 12291 8640 2767 2543 5873 413 161869 2795 386 2409 188 159074 140015 22907 117108 116190 21898 1009 11199 918 19059
is_linear=0
shrinkage=0.05


Tree=131
num_leaves=31
num_cat=4
split_feature=12 19 15 4 13 0 7 4 17 19 18 4 3 1 12 7 17 1 20 8 19 15 0 15 19 15 17 18 15 17
split_gain=9.56994 6.79025 8.91454 7.55079 5.84171 5.57026 7.70528 6.07469 14.584 10.9593 13.3221 13.5839 6.99828 6.9245 6.41065 8.59334 7.47927 5.44431 10.0331 5.13654 5.30255 6.20208 6.17618 5.87884 5.1333 4.94033 6.20168 6.89495 4.87045 9.38051
threshold=9.127008388409914 6.0173691477424764 5.9811921524785587 5.5000000000000009 5.5729269024244674 0 183.00000000000003 1.5000000000000002 6.1102516108581968 8.6730548214017276 0.11127756685883737 8.5000000000000018 3.5000000000000004 1 8.272182292171534 1.5000000000000002 7.977978420161854 2 0.1480642355397685 5.5000000000000009 7.5999885645984628 7.633921693492665 3 7.8707057712821058 7.3561874376877574 8.2355062975576736 8.3877880361832258 0.078150668591263447 8.1298163614287429 8.3877880361832258
decision_type=10 8 10 2 10 1 10 2 10 8 8 2 2 1 10 10 10 1 10 2 10 10 1 8 8 8 10 10 10 10
left_child=1 2 3 4 -1 -3 7 8 24 14 -11 17 13 -13 28 16 -16 -12 -19 20 21 -10 -22 -24 -7 -18 -27 -28 29 -9
right_child=-2 5 -4 -5 -6 6 -8 9 19 10 11 12 -14 -15 15 -17 25 18 -20 -21 22 -23 23 -25 -26 26 27 -29 -30 -31
leaf_value=-0.017679495778320089 0.00431322868307511 4.1310021785334607e-05 0.0011107372106042624 0.0039771810439091391 -0.0020710792437108384 0.00047198420708729485 -0.023577148595818276 -8.8553325709561655e-06 -0.00087006955556931951 0.0084823835740304616 -0.019287981806070765 -0.010088166666753273 0.012703125616455325 0.0051347246196760121 0.0076106973041215834 0.0064203386760378406 -0.0013076032123048532 -0.00062838528178423838 -0.0070638689332515273 -9.5699388486636394e-05 -0.0014497477352878986 0.0040917989061236785 0.0024070109123729422 -0.00097933798104143932 0.0066320674019379362 0.0017019277497765551 0.0016403266069494828 -0.0011819699723476518 -0.00059613691781312816 0.0090167170534638519
leaf_weight=249 139 78742 252 51 174 208 39 91484 3843 85 407 86 128 112 95 135 158 354 97 3519 339 28 254 172 232 456 118 372 1460 84
leaf_count=249 139 78742 252 51 174 208 39 91484 3843 85 407 86 128 112 95 135 158 354 97 3519 339 28 254 172 232 456 118 372 1460 84
internal_value=1.49561e-05 5.03448e-06 -0.00482094 -0.00886076 -0.011052 2.41794e-05 -0.000215536 -0.000207242 -0.00148051 -9.28046e-05 -0.00470843 -0.00608108 0.00260736 -0.00328283 -3.07327e-05 0.00341079 0.00206422 -0.00938228 -0.00559867 -0.00195892 -0.0030522 -0.00380393 0.000751634 0.00470183 0.00738636 0.000905797 0.00227273 -0.00163265 -8.00834e-05 -3.44007e-05
internal_weight=183872 183733 726 474 423 183007 104265 104226 8595 95631 1269 1184 326 198 94362 1334 1199 858 451 8155 4636 3871 765 426 440 1104 946 490 93028 91568
internal_count=183872 183733 726 474 423 183007 104265 104226 8595 95631 1269 1184 326 198 94362 1334 1199 858 451 8155 4636 3871 765 426 440 1104 946 490 93028 91568
cat_boundaries=0 1 2 3 4
cat_threshold=53638 4 1 8265
is_linear=0
shrinkage=0.05


Tree=132
num_leaves=31
num_cat=3
split_feature=11 14 22 0 3 16 19 12 15 0 17 19 8 7 15 19 10 10 21 12 16 10 16 10 19 21 0 22 16 14
split_gain=11.2132 6.68954 8.28749 5.5926 6.35526 10.1135 12.3653 11.2763 11.1438 10.7154 10.4268 18.8748 14.229 10.3055 9.34606 11.7532 8.2663 7.10135 6.44213 6.35134 6.21637 6.06776 6.98883 6.01932 5.93721 5.72445 5.70839 5.59955 5.56855 5.78874
threshold=9.127008388409914 5.5729269024244674 4.7108797297969174 0 5.5000000000000009 0.11680953026978509 8.0370057272781104 7.4974835395764439 8.2688770321312468 1 6.3887156949822073 7.3728448333838017 4.5000000000000009 55.500000000000007 7.0625701745537368 7.3728448333838017 7.7846807463779397 8.2949240625415008 4.9491143746184694 5.9952067579627961 0.095714728133735119 7.0206373363005339 0.3572706974438154 8.993532301340311 6.4636143409000981 6.7286884181203579 2 5.0501764173854626 0.1217033122161902 7.4103463658656468
decision_type=10 8 8 1 2 8 8 10 8 1 10 10 2 10 10 10 10 8 10 8 10 10 10 10 10 10 1 8 8 8
left_child=1 2 -1 4 5 19 7 10 -8 -10 11 12 24 -11 -12 16 26 -9 -14 27 -6 22 -17 -5 -7 -21 -16 -3 -19 -30
right_child=-2 3 -4 23 20 6 8 17 9 13 14 -13 18 -15 15 21 -18 28 -20 25 -22 -23 -24 -25 -26 -27 -28 -29 29 -31
leaf_value=0.0023406035738197774 0.00530957185601606 0.00068628320493560049 -0.03544939847519548 4.2037948369211264e-05 -1.257985936966577e-05 -0.0036588708531745564 -0.0032366818598974058 0.00010994466804201686 -0.012501312940888454 0.00047762410715357362 -0.00089499192634376898 0.0065066162411069328 0.00049836198999217982 -0.02049154365987076 0.00089746846419704875 -0.0031361102286779465 0.0061678767702002986 -0.0021718273004490917 0.0023411648962518238 3.8855164513806888e-05 0.00070514315820053859 -0.00028821880411125103 0.0073857294130090789 0.0039083277694992981 -0.00018363684538473814 -0.0002201187193127563 -9.1759803192625894e-05 -0.0038183708417016682 0.007905546720477297 0.0020440402299859886
leaf_weight=44 145 99 92 90607 8528 732 643 2475 381 1335 14119 394 1565 66 1415 830 193 55 651 41683 6000 2063 61 127 819 4072 3000 187 249 845
leaf_count=44 145 99 92 90607 8528 732 643 2475 381 1335 14119 394 1565 66 1415 830 193 55 651 41683 6000 2063 61 127 819 4072 3000 187 249 845
internal_value=6.66303e-05 5.56374e-05 -0.0110294 6.38667e-05 -0.000209798 -0.0003888 -0.00107319 -0.000790742 -0.00450515 -0.00246914 -0.00115703 0.00113554 4.64561e-05 -0.000407512 -0.00159702 -0.000178524 0.00139974 0.00182119 0.00261733 8.52501e-05 0.000750275 -0.00264049 -0.00608866 0.000342722 -0.00362669 0.00013168 0.000956965 -0.00734266 0.00506963 0.00585009
internal_weight=183475 183330 136 183194 92460 77932 31891 29466 2425 1782 25842 4161 3767 1401 21681 7562 4608 3624 2216 46041 14528 2954 891 90734 1551 45755 4415 286 1149 1094
internal_count=183475 183330 136 183194 92460 77932 31891 29466 2425 1782 25842 4161 3767 1401 21681 7562 4608 3624 2216 46041 14528 2954 891 90734 1551 45755 4415 286 1149 1094
cat_boundaries=0 1 2 3
cat_threshold=8825 8200 40
is_linear=0
shrinkage=0.05


Tree=133
num_leaves=31
num_cat=1
split_feature=12 23 18 23 11 10 5 19 17 23 19 15 19 16 10 23 12 17 12 3 3 0 12 16 19 10 16 10 17 18
split_gain=10.7823 6.3557 7.26899 14.4156 11.7434 15.2399 8.56778 8.20836 7.55761 7.19103 7.33344 7.37807 7.18653 6.71696 6.59053 8.91514 6.59197 6.47713 5.95779 5.67715 7.86352 10.2807 7.99598 11.7977 10.6804 9.59616 9.00281 8.84382 9.57816 8.64528
threshold=9.127008388409914 7.2196347581982794 0.016699584755952179 0.75109080256885963 7.4682278018910955 7.2789734129149251 1.0000000180025095e-35 7.3086927982365149 7.1352721882084493 1.3168678644487994 6.7413507196719413 7.3784359012085785 6.3118571825043261 0.041359484979713597 6.0438190738591979 5.3847662222333259 6.2156070997535293 6.3887156949822073 7.3482644339574383 1.5000000000000002 5.5000000000000009 0 7.1240755238490161 0.041359484979713597 6.769645712544146 6.7917829450984977 0.04401058572824073 6.9758809989518511 6.7969130076515647 0.22598492660681105
decision_type=10 10 8 8 8 10 2 10 10 8 10 10 10 8 8 8 10 10 10 2 2 1 8 8 8 8 10 8 8 8
left_child=1 2 3 -1 5 8 7 -7 -5 -6 -11 -12 13 -3 15 -4 -17 -14 -10 -16 22 -22 23 -21 26 -26 -25 28 -24 -29
right_child=-2 12 14 4 9 6 -8 -9 18 10 11 -13 17 -15 19 16 -18 -19 -20 20 21 -23 27 24 25 -27 -28 29 -30 -31
leaf_value=-2.2039236797466445e-05 0.0059361422722114645 -0.0068225818984655184 -0.00013955993971490611 2.6187355687090633e-05 -0.00020871870458605279 -0.00018097830616832234 -4.0625541453609418e-05 3.5710506464536883e-05 -0.00017994775612395486 -0.0019300534065616937 5.3790775722939447e-05 -0.00037751058622581546 -0.0035689103331492337 0.0012631888624249133 0.00012180903134706433 -0.0034948337477972661 0.0019786739229138649 -0.00040804442946029695 0.00011392155065956811 7.629859164757225e-05 0.00052502064067723182 1.0561202811354421e-05 3.3771451589781343e-05 -0.0013987333309492202 -0.0015527786542401945 -0.00045547336528564133 5.2741953890711457e-05 2.0666351557618866e-06 -0.00078142789534438881 0.000747527684623206
leaf_weight=301 140 28 896 611 98 24 40 394 217 171 747 450 129 285 50407 435 90 4101 26 6800 7903 16905 4062 716 2170 13416 9772 47141 3728 11114
leaf_count=301 140 28 896 611 98 24 40 394 217 171 747 450 129 285 50407 435 90 4101 26 6800 7903 16905 4062 716 2170 13416 9772 47141 3728 11114
internal_value=5.79597e-05 4.73586e-05 9.43269e-05 -0.00231406 -0.0011879 0.00224848 0.00960699 0.0117225 -0.00169789 -0.0042633 -0.00332602 -0.00194236 -0.00179947 0.00551118 0.000136567 -0.00325475 -0.00842857 -0.00234043 -0.00915638 0.000164241 -1.79831e-05 0.000777975 -0.000217602 -0.000854779 -0.0013385 -0.00216861 -0.000104882 9.95533e-05 -0.00148267 0.000311132
internal_weight=183317 183177 178634 3079 2778 1312 458 418 854 1466 1368 1197 4543 313 175555 1421 525 4230 243 174134 123727 24808 98919 32874 26074 15586 10488 66045 7790 58255
internal_count=183317 183177 178634 3079 2778 1312 458 418 854 1466 1368 1197 4543 313 175555 1421 525 4230 243 174134 123727 24808 98919 32874 26074 15586 10488 66045 7790 58255
cat_boundaries=0 1
cat_threshold=353
is_linear=0
shrinkage=0.05


Tree=134
num_leaves=31
num_cat=4
split_feature=5 9 4 1 4 14 17 17 23 0 17 4 20 10 21 18 0 23 20 20 17 20 23 14 0 4 13 23 18 10
split_gain=7.21521 10.0428 10.078 8.54207 8.11619 7.13882 7.10448 6.92255 6.80742 6.69647 6.20032 11.466 16.075 10.6044 10.0247 9.85679 10.511 10.2542 8.96966 8.71636 8.32559 7.86297 13.7561 7.82137 10.4094 8.0603 9.17587 9.01695 7.81436 7.5125
threshold=1.0000000180025095e-35 1.0000000180025095e-35 9.5000000000000018 0 9.5000000000000018 7.238137516408905 6.1102516108581968 7.0286585642461006 3.3318410914147121 1 7.6327274727332535 10.500000000000002 1.0000000180025095e-35 6.6100226439425702 1.3986406674150766 0.095028440547900259 2 6.9122591015999744 0.12451045380878169 0.034083748449118129 8.0626391053674897 1.0000000180025095e-35 0.75109080256885963 7.1432225019328719 3 11.500000000000002 6.9082550291486795 0.95868167035196661 0.18481930607802599 7.4103463658656468
decision_type=2 2 2 1 2 10 8 10 8 1 8 2 10 8 8 10 1 10 10 8 10 10 8 10 1 2 10 8 10 10
left_child=9 2 6 8 -3 -5 -2 -6 -4 -1 11 21 14 -12 -13 16 -15 -17 -19 20 -18 22 -11 24 28 27 -27 -25 -14 -23
right_child=1 4 3 5 7 -7 -8 -9 -10 10 13 12 23 15 -16 17 19 18 -20 -21 -22 29 -24 25 -26 26 -28 -29 -30 -31
leaf_value=-0.00034835406723487949 -0.0047557596819691296 0.0010982746151424916 -0.00066430034454190157 0.0018003694581976593 0.00015975619954669009 0.00046890575948799196 -3.09485141740673e-06 -0.0027912546173093134 0.00033646852314577207 -1.7339848579389639e-05 -0.013529278776419363 4.9797517966254649e-05 -3.2849281198732427e-05 0.00067500255553696329 -0.00070189836761627158 2.8742581206220308e-05 -0.00058127400787926224 0.0010149985506813009 -0.0020997200375524106 0.00036155050647508348 0.0022264696880101909 -2.5557873181925039e-05 -2.5786934947369389e-06 0.0001119578235781571 -0.0004874644079448931 -0.0015527937615369858 -2.4470974674772886e-05 -0.0015777881652519366 0.0014942301282184101 0.00028422983257414547
leaf_weight=4752 210 1487 436 1973 561 1693 14722 69 968 181 118 95 4383 4369 20 16966 638 168 736 9427 57 96458 412 355 5457 571 2462 2032 993 11014
leaf_count=4752 210 1487 436 1973 561 1693 14722 69 968 181 118 95 4383 4369 20 16966 638 168 736 9427 57 96458 412 355 5457 571 2462 2032 993 11014
internal_value=-4.0809e-07 0.000846557 0.00049995 0.00242604 0.0041214 0.00369613 -0.000154032 -0.000634921 -0.000890313 -0.000116291 -6.0221e-05 -0.000220802 -0.00145406 0.000554974 0.0171739 0.00060953 0.00157857 -0.000176273 -0.00536504 0.00069088 -0.00471223 -3.40073e-05 -0.00577572 -0.00158586 -0.000810025 -0.00313653 -0.00142598 -0.00531001 0.000751949 -2.32619e-06
internal_weight=183783 22119 20002 5070 2117 3666 14932 630 1404 161664 156912 124433 16368 32479 115 32361 14491 17870 904 10122 695 108065 593 16253 10833 5420 3033 2387 5376 107472
internal_count=183783 22119 20002 5070 2117 3666 14932 630 1404 161664 156912 124433 16368 32479 115 32361 14491 17870 904 10122 695 108065 593 16253 10833 5420 3033 2387 5376 107472
cat_boundaries=0 1 2 3 4
cat_threshold=4 8192 38401 16439
is_linear=0
shrinkage=0.05


Tree=135
num_leaves=31
num_cat=5
split_feature=10 10 20 3 0 12 20 0 16 4 17 4 16 20 4 19 12 0 7 19 20 1 17 4 0 23 7 4 16 20
split_gain=7.88611 7.45667 7.61746 5.04717 8.51129 8.63865 8.45199 6.38997 6.80108 8.29074 9.01073 6.65536 10.7668 8.6507 5.94468 10.7035 5.24747 5.23969 5.23191 5.61692 5.21368 5.17613 6.1582 5.16806 5.02396 6.08722 5.77874 4.92205 10.1763 10.9166
threshold=9.127008388409914 5.5729269024244674 0.36813524903673961 1.5000000000000002 0 8.395235567913474 0.035732399018099263 1 0.10033453544169767 6.5000000000000009 8.2948384325981515 4.5000000000000009 0.32600356813527953 0.046199632433433502 11.500000000000002 8.2701949356695348 6.2275238364393255 2 61.500000000000007 8.308337593441129 0.39855300717941933 3 7.8269895419162436 10.500000000000002 4 1.7266864391944801 54.500000000000007 4.5000000000000009 0.20158376284456675 1.0000000180025095e-35
decision_type=10 8 10 2 1 10 10 1 8 2 10 2 10 8 2 8 8 1 8 8 10 1 10 2 1 8 10 2 8 10
left_child=1 2 -1 4 6 24 17 8 9 10 -5 12 20 -13 16 -16 -15 23 19 27 21 -10 -23 -3 25 -6 -26 28 29 -9
right_child=-2 3 -4 7 5 -7 -8 18 11 -11 -12 13 -14 14 15 -17 -18 -19 -20 -21 -22 22 -24 -25 26 -27 -28 -29 -30 -31
leaf_value=-0.029086932367458032 0.0049043953626301652 -5.6200884147106227e-05 0.00072274686899604929 8.3879702926248364e-05 0.0035405154797222282 0.0037522396281792327 0.00025405991356231006 -2.0070282528639186e-05 -0.00063321945379111186 -0.00017964634280955851 -0.0032349529122792653 -0.00098380056478184494 -0.0053898940584677264 -0.0033771578223557477 -0.0011144516014298445 0.0065037853330744081 0.00084107487502897986 -3.6686288706189178e-05 0.014904526807115494 -0.0012929271172512635 0.0040440987729668532 0.00035802221369771739 -0.0046948951601152979 4.7307642067950795e-05 -3.723857391038088e-05 -0.0044387745421116346 -0.021397881959924939 -1.0248912344223982e-05 -0.0011991587282001782 -9.8737717107599823e-05
leaf_weight=96 151 320 37 11370 52 365 23415 100 2942 11372 85 299 476 402 1728 268 13184 813 82 1861 265 4575 57 40 27661 310 31 54252 4187 23029
leaf_count=96 151 320 37 11370 52 365 23415 100 2942 11372 85 299 476 402 1728 268 13184 813 82 1861 265 4575 57 40 27661 310 31 54252 4187 23029
internal_value=2.03998e-06 -7.34998e-06 -0.0118421 1.22588e-06 0.000412681 -0.000176756 0.00109358 -0.000165857 0.000300321 -0.000318702 0.000630729 0.000884444 -0.000261575 0.00148448 0.00164613 -0.000901804 0.00202046 -0.00304774 -0.000428335 -0.000440794 0.000181783 -5.94138e-05 0.000982297 -0.00797297 -0.000276253 -0.00604839 -0.000198542 -0.000378825 -0.000926197 -0.000515586
internal_weight=183825 183674 133 183541 53007 28419 24588 130534 47023 22827 11455 24196 8315 15881 15582 1996 13586 1173 83511 83429 7839 7574 4632 360 28054 362 27692 81568 27316 23129
internal_count=183825 183674 133 183541 53007 28419 24588 130534 47023 22827 11455 24196 8315 15881 15582 1996 13586 1173 83511 83429 7839 7574 4632 360 28054 362 27692 81568 27316 23129
cat_boundaries=0 1 2 3 4 5
cat_threshold=31782 54208 8196 1 256
is_linear=0
shrinkage=0.05


Tree=136
num_leaves=31
num_cat=2
split_feature=10 23 19 23 13 16 23 19 15 18 11 0 10 23 22 5 19 5 9 19 6 15 19 18 23 20 0 15 19 20
split_gain=6.80234 10.6443 6.74841 6.56855 5.94897 6.95346 7.4887 5.4115 5.32143 5.26587 12.4086 9.76614 9.74071 13.8318 9.42099 7.79911 6.92338 5.55717 9.81122 8.40461 10.0998 7.12629 12.366 7.55772 8.50496 6.65423 9.75852 8.05826 6.86037 6.09871
threshold=5.992712987207276 5.0598042707645554 6.0173691477424764 7.2196347581982794 8.8608995865796469 0.11749752797240944 5.324640855120415 6.3118571825043261 6.4309616742704323 0.016699584755952179 7.4682278018910955 0 7.2789734129149251 0.75109080256885963 2.7757039971150994 1.0000000180025095e-35 8.0865182092703414 1.0000000180025095e-35 1.0000000180025095e-35 6.8485956357787918 1.0000000180025095e-35 7.6917217173580212 7.8938077595985581 0.10155326020985499 5.7618860294750229 0.24526099119956632 1 7.1855680703530576 6.6607716201600553 0.083645028242441702
decision_type=8 8 10 10 10 10 8 10 10 8 8 1 10 10 8 2 10 2 2 10 2 10 10 8 10 8 1 10 8 10
left_child=1 -1 -3 4 9 -6 -7 -5 -9 10 12 -12 14 -14 -2 -15 -13 -11 21 -20 29 22 23 24 -19 -25 27 28 -27 -21
right_child=3 2 -4 7 5 6 -8 8 -10 17 11 16 13 15 -16 -17 -18 18 19 20 -22 -23 -24 25 -26 26 -28 -29 -30 -31
leaf_value=0.0013212020942505731 -0.00014349828807205255 -0.016577412966491956 -0.0013425237027801407 0.00086632724236357372 0.0059524243916044828 -0.005131842084912375 0.0055123314452868669 -0.0024104913634817263 -0.00039670688603081765 -1.2570312353243908e-07 -0.0003125333073752401 -0.00027579154725954069 -6.5702864947780886e-06 3.2500775249122429e-05 8.1415331482759263e-06 -1.4909035087162792e-05 0.0013650004992888044 -0.00026743402574069819 0.0010230825715598524 -0.0011831228482759304 0.0015667960717832053 -0.00039779634484915505 0.0032951641197789261 0.00067780591450739003 0.00031168414475897245 0.00028280272381986382 0.0014804631781946131 0.0010203207797118365 -0.0028847695329266235 9.7837898409469667e-05
leaf_weight=276 176 136 196 270 216 80 114 260 3930 153834 157 1307 194 395 739 44 91 4750 1280 242 351 2584 307 6595 2005 296 1364 401 686 237
leaf_count=276 176 136 196 270 216 80 114 260 3930 153834 157 1307 194 395 739 44 91 4750 1280 242 351 2584 307 6595 2005 296 1364 401 686 237
internal_value=1.67563e-05 -0.00526316 -0.0112952 3.43074e-05 8.16778e-05 0.00609756 -0.000773196 -0.00186099 -0.0023031 6.78237e-05 -0.0019739 -0.00512862 0.00119509 0.00596367 -0.00210383 0.010877 -0.00369318 0.00010404 0.000865011 0.00409953 0.000180723 0.000505582 0.000890027 0.000700441 -0.000573649 0.00162171 -0.000445941 -0.00339196 -0.0058554 -0.00454071
internal_weight=183513 608 332 182905 178445 410 194 4460 4190 178035 3103 1555 1548 633 915 439 1398 174932 21098 2110 830 18988 16404 16097 6755 9342 2747 1383 982 479
internal_count=183513 608 332 182905 178445 410 194 4460 4190 178035 3103 1555 1548 633 915 439 1398 174932 21098 2110 830 18988 16404 16097 6755 9342 2747 1383 982 479
cat_boundaries=0 1 2
cat_threshold=4 8989
is_linear=0
shrinkage=0.05


Tree=137
num_leaves=31
num_cat=2
split_feature=12 21 12 13 0 16 4 20 20 17 16 17 18 11 17 10 17 11 12 14 10 13 12 13 0 10 17 10 11 18
split_gain=8.07696 6.16333 5.57986 4.45125 4.26105 8.81043 8.75574 6.55588 6.99548 7.07178 5.84252 17.5453 22.7536 8.43369 7.2722 7.03966 5.86633 5.80812 5.53501 5.19115 16.189 10.3286 9.95792 11.8552 11.8404 7.90648 14.8156 11.7713 9.34159 9.74772
threshold=5.7087686410618739 5.21520742292401 9.2154150374028525 5.5729269024244674 0 0.22902013578974825 1.5000000000000002 0.13935482130118218 0.14411045451337384 7.9587936055729189 0.20158376284456675 6.923700858613782 0.13440023231431927 7.8264411450176032 8.2948384325981515 6.4401484558665105 6.1102516108581968 6.4401484558665105 7.8254445331668174 6.5532206455302013 6.7458242390288694 6.6220709878569881 6.6637708581706061 6.8992188208074312 1 6.3994261899220151 6.5664042917183334 7.8845747386333587 7.8264411450176032 0.14712415777596533
decision_type=8 8 10 10 1 10 2 10 10 10 8 8 10 10 10 8 10 8 10 10 8 8 8 8 1 10 10 10 10 10
left_child=1 -1 4 -3 5 10 -7 -8 -9 -10 -2 12 -12 14 15 -13 -14 -17 -19 25 21 -21 -22 24 -24 28 27 -27 29 -6
right_child=2 3 -4 -5 19 6 7 8 9 -11 11 13 16 -15 -16 17 -18 18 -20 20 22 -23 23 -25 -26 26 -28 -29 -30 -31
leaf_value=0.00063860702736791015 -4.9485605331689442e-05 -0.020245789840401731 0.011566275742604848 -0.0030599317583178912 -0.00019343049752424958 -0.0031056787124949638 0.0044896871466399979 -0.0055737610533708407 0.0014340559563484458 -0.0026998344484292502 -0.0031565365350053835 -0.019081228037662126 -0.0063670944792905138 0.0031649920346386476 0.0047872326016871192 -0.012179727305619581 -0.00034603464928359976 -0.0003205549290294485 0.0056871774624114527 3.2859467424550819e-05 -0.0014711293010536864 -0.00097267254619126664 0.0007588345175884915 1.5508111784079405e-06 0.00011314272908302669 0.00063836533573504719 0.00010396028928485458 0.016177204236098232 0.0016798378718476004 0.00075127864842934329
leaf_weight=108 35992 107 61 85 15824 466 54 24 4792 273 950 49 134 323 141 43 1434 6085 174 2155 1499 4026 2869 70616 5799 3799 20393 96 752 4475
leaf_count=108 35992 107 61 85 15824 466 54 24 4792 273 950 49 134 323 141 43 1434 6085 174 2155 1499 4026 2869 70616 5799 3799 20393 96 752 4475
internal_value=3.07738e-05 -0.00816667 4.41903e-05 -0.0135417 3.91569e-05 -0.000349403 0.00151988 0.00211452 0.00193063 0.00205824 -0.000580805 -0.0016956 -0.00526211 -0.000377843 -0.000770179 -0.00101952 -0.0015625 -0.000872739 -0.000746924 0.000188757 -3.73718e-05 -0.00250364 0.000151331 0.000227663 0.00197277 0.000622532 0.00123724 0.0040629 -8.66942e-05 -0.000289423
internal_weight=183598 300 183298 192 183237 50934 5609 5143 5089 5065 45325 9333 2518 6815 6492 6351 1568 6302 6259 132303 86964 6181 80783 79284 8668 45339 24288 3895 21051 20299
internal_count=183598 300 183298 192 183237 50934 5609 5143 5089 5065 45325 9333 2518 6815 6492 6351 1568 6302 6259 132303 86964 6181 80783 79284 8668 45339 24288 3895 21051 20299
cat_boundaries=0 1 2
cat_threshold=8808 6145
is_linear=0
shrinkage=0.05


Tree=138
num_leaves=31
num_cat=4
split_feature=10 20 11 3 0 20 23 3 15 10 0 0 11 19 18 16 16 19 19 23 10 20 15 18 13 11 0 10 23 15
split_gain=7.15915 6.31549 5.40599 4.78414 7.11657 7.18508 6.80759 10.4163 9.03306 7.4188 6.08653 5.81555 7.01197 14.7977 7.94365 7.02484 6.42617 20.9858 9.82911 9.45034 8.34125 9.54378 7.62879 7.62366 7.02176 6.79892 6.42473 6.32206 7.13776 9.04123
threshold=5.5729269024244674 0.39855300717941933 9.2471781552446988 1.5000000000000002 0 0.45796470963226049 6.9122591015999744 1.0000000180025095e-35 7.0140680320882458 6.9358565909245806 1 2 7.4103463658656468 7.3399238562180846 0.020184598259166232 0.15734862536072997 1.0000000180025095e-35 8.1674943672940241 8.2362778391612128 1.2688136058330963 6.601909005459107 0.075797326021477388 7.4880225585237339 1.0000000180025095e-35 8.0562679118615215 8.1354867319456314 3 7.9386235179612585 0.76072469857797287 6.9087610166783255
decision_type=8 10 10 2 1 10 8 2 10 10 1 1 10 10 10 10 10 10 10 10 10 8 10 10 10 8 1 10 10 8
left_child=1 -1 3 4 5 6 7 -2 9 -8 -6 12 -5 15 -15 -14 17 20 -18 25 21 26 27 -24 -21 -19 -13 28 29 -22
right_child=2 -3 -4 11 10 -7 8 -9 -10 -11 -12 16 13 14 -16 -17 18 19 -20 24 22 -23 23 -25 -26 -27 -28 -29 -30 -31
leaf_value=-0.02276190044404014 9.975347954358505e-05 0.0059619443093916541 0.0089915153892824225 -0.00018281764468550677 -0.0037537987982134259 -0.0037473739832927233 0.00015193915922866454 0.00090684017691389229 -0.00025448122939524253 0.00098533871355352973 8.2101620044738866e-06 0.00042177526309976625 0.00050436728759972738 0.0013858436951733389 -8.090189910507917e-05 0.0053968984467595467 -3.6702460443738263e-06 -0.0024972802577396536 -0.00083750319569428919 -0.0090901651904097495 0.00016584738640981202 0.00014119007399764351 -0.00034549835100476938 -5.2190543546570824e-05 0.0013149353434446455 0.0059842857029239306 -0.00077736317694125927 0.0064610268846096112 3.8801998359661031e-05 1.473270619500866e-06
leaf_weight=102 3803 32 60 37355 361 106 6388 4167 3145 707 34247 293 490 147 6893 526 69129 35 1942 42 122 8038 79 290 23 529 1091 182 1161 2072
leaf_count=102 3803 32 60 37355 361 106 6388 4167 3145 707 34247 293 490 147 6893 526 69129 35 1942 42 122 8038 79 290 23 529 1091 182 1161 2072
internal_value=-1.43007e-05 -0.0115672 -5.86077e-06 -1.0771e-05 0.000390182 0.00118684 0.00126304 0.00235885 0.000410156 0.00139887 -3.17754e-05 -0.000173453 -0.000630215 0.000707547 -0.000106534 0.00634843 7.05567e-05 0.00105144 -0.000122061 0.00997615 0.000630252 -0.000175122 0.00257296 -0.00426829 -0.00807692 0.0120567 -0.00401012 0.00328668 0.00279434 0.00111668
internal_weight=183557 134 183423 183363 52924 18316 18210 7970 10240 7095 34608 130439 45411 8056 7040 1016 85028 13957 71071 629 13328 9422 3906 369 65 564 1384 3537 3355 2194
internal_count=183557 134 183423 183363 52924 18316 18210 7970 10240 7095 34608 130439 45411 8056 7040 1016 85028 13957 71071 629 13328 9422 3906 369 65 564 1384 3537 3355 2194
cat_boundaries=0 1 2 3 4
cat_threshold=31746 256 11306 49152
is_linear=0
shrinkage=0.05


Tree=139
num_leaves=31
num_cat=3
split_feature=11 20 21 10 20 10 19 0 8 13 10 11 13 0 9 4 19 13 18 19 10 21 12 18 4 4 0 19 20 19
split_gain=7.20604 9.4859 5.43064 5.07198 4.74333 4.52617 29.0047 12.5695 11.8015 12.1212 10.0239 9.86645 9.42305 13.776 12.3978 18.7062 15.4414 13.2013 9.19339 8.00808 7.62163 7.75001 7.35294 8.66455 16.7849 19.4251 10.6045 9.31338 15.0431 8.98819
threshold=5.5729269024244674 0.39855300717941933 4.9491143746184694 8.9241230053980214 0.24033072381853715 6.7099137248553644 6.7861830387820889 0 2.5000000000000004 6.5950969868555456 6.5005383555981231 6.6194060950237885 6.9436048155244787 1 1.0000000180025095e-35 9.5000000000000018 6.9910751954032859 7.144670199790645 0.2135009681619198 6.1305491618457619 6.6100226439425702 3.714790094103249 7.0488206249888608 0.3907492643283455 8.5000000000000018 11.500000000000002 2 7.1991199552537157 0.36813524903673961 7.3791975582662861
decision_type=8 10 8 10 10 8 8 1 2 10 10 8 8 1 2 2 8 10 8 10 10 8 8 8 2 2 1 8 10 10
left_child=1 2 -1 5 -5 6 8 18 -2 10 -10 -7 13 -13 22 17 -17 -16 -8 -15 21 -11 -14 -24 26 27 29 28 -26 -25
right_child=3 -3 -4 4 -6 11 7 -9 9 20 -12 12 14 19 15 16 -18 -19 -20 -21 -22 -23 23 24 25 -27 -28 -29 -30 -31
leaf_value=0.0046433421034596471 -0.0024992059679396664 0.0079286788480505532 -0.028790481464987042 -7.817581326539092e-05 0.0046999379990744668 -0.00059920454186430667 0.00089110134248779902 -0.0020076761565540834 2.6599970457041879e-05 1.0045977075989755e-06 0.00050607817395240671 0.00037949574590003812 -0.00018172071409101599 -0.0062622989135887822 3.5492007131732174e-05 -0.00073329474668231147 -0.0030656813724556642 -0.0014606768095295265 -0.0041538193197923068 1.9614514833699027e-05 9.9442109900316221e-06 -0.0012270115781628955 1.4064701596439023e-05 -0.0018509090490951509 -0.0032545085486060279 -0.0017304161760119286 0.0016869848789381249 0.0062660784143717674 0.0089032846551778677 0.0021614123700811837
leaf_weight=20 541 34 88 152 180 5299 756 2959 10425 764 5141 11764 16605 164 3504 791 369 420 432 14996 2409 1474 96764 2245 311 637 2032 1523 190 631
leaf_count=20 541 34 88 152 180 5299 756 2959 10425 764 5141 11764 16605 164 3504 791 369 420 432 14996 2409 1474 96764 2245 311 637 2032 1523 190 631
internal_value=-8.44135e-06 -0.0112676 -0.0185185 2.72512e-07 0.0061747 -1.09202e-05 -0.000637525 -0.00445503 0.000125277 0.000320338 0.000989336 8.76805e-05 0.000161168 0.00101025 -2.02346e-05 -0.00243902 -0.00801724 -0.00079001 -8.34725e-05 1.31839e-05 -0.00192059 -0.00402145 8.14467e-05 0.000236982 0.00186616 0.00506389 0.000132437 0.00746047 0.00154691 -0.00181913
internal_weight=183620 142 108 183478 332 183146 24901 4147 20754 20213 15566 158245 152946 26924 126022 5084 1160 3924 1188 15160 4647 2238 120938 104333 7569 2661 4908 2024 501 2876
internal_count=183620 142 108 183478 332 183146 24901 4147 20754 20213 15566 158245 152946 26924 126022 5084 1160 3924 1188 15160 4647 2238 120938 104333 7569 2661 4908 2024 501 2876
cat_boundaries=0 1 2 3
cat_threshold=16728 55329 9674
is_linear=0
shrinkage=0.05


Tree=140
num_leaves=31
num_cat=2
split_feature=13 20 4 13 10 4 4 12 0 6 4 18 15 15 1 17 10 11 12 20 4 13 9 17 10 15 11 13 10 17
split_gain=6.87842 6.2611 18.3008 14.226 14.2062 9.61187 10.5388 5.24571 5.01026 7.24393 12.3344 15.9384 9.71813 7.57067 7.51427 12.3274 13.8911 8.8231 7.44356 7.42652 7.42563 8.26932 7.73857 15.5365 11.684 12.0443 7.20589 13.9349 10.1771 7.90069
threshold=5.5729269024244674 1.0000000180025095e-35 10.500000000000002 7.1240755238490161 7.3128864978553141 6.5000000000000009 4.5000000000000009 9.3545179236839946 0 1.0000000180025095e-35 7.5000000000000009 0.23120258836792354 6.8054129082323955 8.1298163614287429 1 6.4785114882230443 7.1689649569673177 7.2789734129149251 7.2089702972815557 0.077839083914803611 1.5000000000000002 6.5532206455302013 1.0000000180025095e-35 6.5946718664883468 6.6483364617940532 6.8182136752619265 8.395235567913474 8.2041239973879385 6.6864847774674381 6.7616531994863545
decision_type=8 8 2 10 10 2 2 10 1 2 2 10 8 10 1 10 10 10 10 10 2 8 2 8 10 8 8 10 8 8
left_child=-1 2 3 -2 -4 6 -5 8 9 14 11 12 -11 -12 15 16 17 18 -3 -15 -16 -22 -23 -24 -25 -26 27 -10 29 -28
right_child=1 7 4 5 -6 -7 -8 -9 26 10 13 -13 -14 19 20 -17 -18 -19 -20 -21 21 22 23 24 25 -27 28 -29 -30 -31
leaf_value=-0.014268425516013573 5.3189722508673043e-06 -0.0031859720623273139 -0.00082277269594177582 -2.5656728067158242e-05 4.2125937463177725e-05 -9.3470602438028294e-06 1.4917027385363825e-05 0.010970865306188494 5.9389751302596499e-06 0.0011016385953535491 -0.00012422977589461316 0.003252476121976744 -1.8765022040367897e-05 0.0052870185148534699 -0.00060640246302359204 -0.00026693493424312376 0.0084465882906477052 0.0065423472423773443 0.0050271394519329164 -0.0017344225326484165 0.00051800956687353406 -7.334079311815956e-06 0.00043043127567892196 -0.0015652223571624325 0.00034548247756598376 -0.0011289888974731711 -0.00016352852657379737 -0.0012230168802239928 0.00022533731700988824 -0.0029744775779214638
leaf_weight=122 345 1656 33 122 91 253 67 21 89323 1468 9216 1846 6921 30 3249 8286 64 55 43 406 3775 16072 857 900 675 425 3059 1762 31783 461
leaf_count=122 345 1656 33 122 91 253 67 21 89323 1468 9216 1846 6921 30 3249 8286 64 55 43 406 3775 16072 857 900 675 425 3059 1762 31783 461
internal_value=-1.69042e-05 -9.0034e-06 -0.0041438 -0.0069568 0.0137097 -0.0128959 -0.00436508 1.16532e-05 8.7752e-06 -0.000385138 0.000380902 0.00159013 0.000664561 -0.000901368 -0.000807749 -0.00196457 -0.00569307 -0.00652794 -0.00716598 -0.00733945 -0.000357377 -3.74383e-05 -0.000463574 -0.00286139 -0.005275 -0.00181818 0.000183152 -5.18746e-05 0.000789593 -0.00176136
internal_weight=183386 183264 911 787 124 442 189 182353 182332 55944 19887 10235 8389 9652 36057 10104 1818 1754 1699 436 25953 22704 18929 2857 2000 1100 126388 91085 35303 3520
internal_count=183386 183264 911 787 124 442 189 182353 182332 55944 19887 10235 8389 9652 36057 10104 1818 1754 1699 436 25953 22704 18929 2857 2000 1100 126388 91085 35303 3520
cat_boundaries=0 1 2
cat_threshold=10856 1
is_linear=0
shrinkage=0.05


Tree=141
num_leaves=31
num_cat=2
split_feature=20 4 10 13 4 4 10 23 4 17 23 5 12 4 9 15 15 1 17 23 16 23 22 10 13 23 1 4 10 9
split_gain=8.80895 17.2833 15.2702 11.4701 6.9419 13.1098 6.09513 9.57158 6.12242 12.0947 10.6701 8.29417 7.18914 6.28591 37.7788 14.365 13.798 12.1827 13.0347 9.79496 8.55835 6.79634 6.54209 6.35085 6.27863 6.03164 9.14097 7.56235 5.94712 5.79487
threshold=1.0000000180025095e-35 10.500000000000002 7.3128864978553141 7.1240755238490161 6.5000000000000009 5.5000000000000009 5.992712987207276 5.5230573081077603 10.500000000000002 8.3877880361832258 0.77380959676134509 1.0000000180025095e-35 9.2154150374028525 9.5000000000000018 1.0000000180025095e-35 7.0262138603821267 7.5824837342403084 0 6.8495928112900737 5.2699693949249218 0.10212081482673137 3.834779443242128 1.9242220118926376 8.0727781170296904 8.0874863237131702 6.9949689287973529 1 11.500000000000002 7.0044280632177705 1.0000000180025095e-35
decision_type=8 2 10 10 2 2 8 8 2 8 8 2 10 2 2 8 10 1 10 8 10 10 10 10 8 8 1 2 10 2
left_child=1 3 -3 -1 5 -5 7 -2 12 10 24 -12 13 29 16 17 19 -16 -19 21 -18 22 -15 -21 -10 -11 27 -27 -20 -8
right_child=6 2 -4 4 -6 -7 8 -9 9 25 11 -13 -14 14 15 -17 20 18 28 23 -22 -23 -24 -25 -26 26 -28 -29 -30 -31
leaf_value=-6.9989466213726814e-06 0.0005863938696407889 -0.00078163406114466487 4.2491288050472421e-05 -2.8914359461484908e-05 -8.879707231601586e-06 1.7660975781397249e-05 -1.2399176915067756e-05 -0.0046745009693081267 0.00090802713342648118 -0.00054542738859590938 -0.00034072323443359311 0.00080215202202964524 0.010723213961029999 0.00018730719691695263 -0.0014268625335255526 -0.0033403415803153536 -0.00037688200009329266 0.0014001432719025876 -0.0011479639667109742 0.0011651895268400825 0.00076619097243657563 -0.00047746297264810171 0.0022889581724489629 0.0084082843935190613 -0.00052103485600651922 0.0035112789265943968 0.0049143691355983954 -0.0044415167202506824 0.00071475372142424396 0.00014193544196852148
leaf_weight=321 310 36 89 135 242 58 126647 280 1397 433 22647 1383 47 2411 722 209 2400 210 316 4134 1816 979 930 69 442 225 1091 238 44 13230
leaf_count=321 310 36 89 135 242 58 126647 280 1397 433 22647 1383 47 2411 722 209 2400 210 316 4134 1816 979 930 69 442 225 1091 238 44 13230
internal_value=-3.50153e-05 -0.0050227 0.0122 -0.00787037 -0.0131609 -0.00608808 -1.09523e-05 -0.00508475 5.4939e-06 -0.000676694 -0.000965441 -0.00124636 0.000128759 0.000122796 0.0011236 -0.00637908 0.00200761 -0.00441176 0.00105263 0.00316497 -0.000332068 0.00149306 0.0025666 0.00488342 0.00270527 0.00308254 0.00453668 -0.00134989 -0.00472222 2.09112e-05
internal_weight=183491 881 125 756 435 193 182610 590 182020 27856 25869 24030 154164 154117 14240 1501 12739 1292 570 8523 4216 4320 3341 4203 1839 1987 1554 463 360 139877
internal_count=183491 881 125 756 435 193 182610 590 182020 27856 25869 24030 154164 154117 14240 1501 12739 1292 570 8523 4216 4320 3341 4203 1839 1987 1554 463 360 139877
cat_boundaries=0 1 2
cat_threshold=2 4
is_linear=0
shrinkage=0.05


Tree=142
num_leaves=31
num_cat=6
split_feature=10 23 12 5 0 20 4 19 0 18 17 1 19 4 20 4 17 20 23 17 0 18 0 22 18 0 16 4 19 17
split_gain=6.78296 7.73418 5.74309 3.6541 10.4149 7.66618 5.91532 8.55698 8.42954 12.4935 6.57414 6.11737 7.58777 7.9175 7.2037 6.95314 17.1588 7.83824 7.22526 7.2572 6.92147 5.72872 7.19155 5.64373 5.8348 5.3085 6.53532 6.5398 7.5195 9.71367
threshold=5.5729269024244674 6.0188070890551968 9.3545179236839946 1.0000000180025095e-35 0 1.0000000180025095e-35 9.5000000000000018 6.8329412816595143 1 0.085146510042966625 8.1402912018707934 2 6.0173691477424764 6.5000000000000009 0.068705597283720346 4.5000000000000009 6.8917317073696882 0.21419717272464195 3.9703981933967207 7.2412687980163293 3 0.083895153525251023 4 0.66750053336617021 0.15069504733077252 5 0.033218756375587237 9.5000000000000018 6.2706605812444831 6.62140661133592
decision_type=8 8 10 2 1 8 2 8 1 8 10 1 10 2 10 2 8 10 10 10 1 8 1 10 8 1 8 2 10 10
left_child=1 -1 3 25 -5 -6 11 -8 10 -10 -9 -7 -13 14 20 17 -17 21 -19 -20 -14 22 -16 24 -18 26 -2 28 -28 -30
right_child=2 -3 -4 4 5 6 7 8 9 -11 -12 12 13 -15 15 16 23 18 19 -21 -22 -23 -24 -25 -26 -27 27 -29 29 -31
leaf_value=0.00048350163598565032 0.00021671430248910718 -0.0306005671798006 0.011584396289780585 0.00085111688074333012 -4.3423507628981284e-05 -0.00039436611888359345 0.0021928393753073649 0.00080906385610743934 -0.0010214112634240548 0.00041958038980451919 -0.00062727940655018524 -0.007541270675522016 -8.6012616831454569e-05 -0.00029756478275591027 0.00012148712599651113 -0.00089533760518836216 -0.00082551008456290822 -0.00065089577885000258 -0.0037582781498177067 0.0045664869388462931 0.00075985625558652183 0.00064564439210856861 -0.00098393628888611136 0.003311413411485642 0.0062899000830630054 -3.6496030153987393e-06 -0.0018315394604165648 -0.0013331959070517431 0.0007480694373946051 -0.00050621018057821492
leaf_weight=69 1172 73 23 1826 75 5362 849 2209 691 1182 324 169 374 2318 793 174 102 952 178 31 1014 2803 444 332 83 156634 719 824 750 1331
leaf_count=69 1172 73 23 1826 75 5362 849 2209 691 1182 324 169 374 2318 793 174 102 952 178 31 1014 2803 444 332 83 156634 719 824 750 1331
internal_value=8.15749e-06 -0.0109155 1.65997e-05 1.3472e-05 0.000613641 0.000289462 0.000348312 0.00179353 0.000907853 -0.00163303 0.00278215 -0.000153678 0.000591277 0.000776203 0.00158654 0.00082315 0.00553546 0.000197077 -0.00342377 -0.0118421 0.00482709 0.00123762 -0.0015966 0.0101064 0.00310811 -6.93799e-05 -0.0017062 -0.00275938 -0.00160714 -8.40942e-05
internal_weight=183880 142 183738 183715 22285 20459 20384 5255 4406 1873 2533 15129 9767 9598 7280 5892 691 5201 1161 209 1388 4040 1237 517 185 161430 4796 3624 2800 2081
internal_count=183880 142 183738 183715 22285 20459 20384 5255 4406 1873 2533 15129 9767 9598 7280 5892 691 5201 1161 209 1388 4040 1237 517 185 161430 4796 3624 2800 2081
cat_boundaries=0 1 2 3 4 5 6
cat_threshold=12416 49251 1 20 17969 8192
is_linear=0
shrinkage=0.05


Tree=143
num_leaves=31
num_cat=5
split_feature=11 19 23 18 20 10 17 20 11 15 7 10 0 17 11 11 0 15 10 10 23 0 15 10 0 11 23 0 20 23
split_gain=6.03554 5.805 10.9335 12.7497 6.96692 4.87999 16.6134 11.7179 7.85454 10.5716 14.2119 11.9631 8.96389 9.24566 8.02346 7.89797 7.62506 7.60002 29.5585 13.6824 15.6586 9.34896 8.79662 17.2259 14.4708 12.8365 8.68726 8.02428 7.68742 7.69443
threshold=9.2471781552446988 6.0173691477424764 5.9244963238185209 0.10889428751093554 0.43858420620735078 6.5701821913769409 6.6032281859479101 0.076475400361534537 6.4975285698311493 6.619924828622362 1.5000000000000002 6.6194060950237885 0 6.5362718001286026 6.6483364617940532 6.6483364617940532 1 6.7952368969855597 6.8569880235699889 6.7609937299437428 7.0461849327357369 2 6.9087610166783255 6.9541615378757635 3 6.8314139001060186 0.65995577320040499 4 0.28772803846792888 3.8793224534098587
decision_type=10 8 8 8 10 8 8 10 8 8 10 8 1 10 8 8 1 8 8 10 8 1 8 8 1 8 10 1 10 8
left_child=1 2 -1 -4 -5 6 -3 -8 16 10 12 -11 13 -10 -15 -13 -7 19 21 27 -21 28 25 24 -24 -20 -27 -17 -19 -30
right_child=-2 5 3 4 -6 8 7 -9 9 11 -12 15 -14 14 -16 17 -18 18 22 20 -22 -23 23 -25 -26 26 -28 -29 29 -31
leaf_value=0.0006724151612577334 0.0086355641255840606 -1.1078715314383204e-05 0.0017824388151713945 -0.012440623625002978 0.0027938042691975974 0.00085653032288215416 -0.0029185145035780071 -0.0011728414646447805 0.0019540758650307354 -0.0014932076094868131 -0.00071098297958074321 -0.00096276105875565683 0.00045633656894361607 0.00022527312489577513 0.0015391349639954255 -0.00035665515396781093 -0.00099230238475049863 -6.0900030759358795e-05 -0.00037959452123914605 0.00039483460984977018 0.0010533441949490019 -0.0010240267619821442 -0.0010409420093345778 2.3382947374450682e-05 -0.00012005421391969584 0.00062249885791960675 0.00012367415895173651 0.00024733834131414057 -0.0058996242812307201 0.007233479429095269
leaf_weight=375 51 13005 61 249 20 988 276 2890 696 319 1231 2567 1899 837 444 3107 3087 2404 2042 1993 1284 3669 2170 121529 3770 1882 5537 5219 253 66
leaf_count=375 51 13005 61 249 20 988 276 2890 696 319 1231 2567 1899 837 444 3107 3087 2404 2042 1993 1284 3669 2170 121529 3770 1882 5537 5219 253 66
internal_value=-4.13223e-05 -4.60926e-05 -0.00457447 -0.0112121 -0.0158922 -2.86628e-05 -0.000858017 -0.00410613 5.16489e-05 0.000105881 0.00234482 3.34261e-05 0.00383127 0.00617765 0.00368852 5.30186e-05 -0.00211656 9.85961e-05 -1.04659e-06 0.0013294 0.00406622 -0.00332447 0.000154093 4.49129e-05 -0.00258418 0.00162509 0.00259132 0.000252222 -0.00108855 -0.00838558
internal_weight=183920 183869 705 330 269 183164 16171 3166 166993 162918 5107 157811 3876 1977 1281 157492 4075 154925 143322 11603 3277 6392 136930 127469 5940 9461 7419 8326 2723 319
internal_count=183920 183869 705 330 269 183164 16171 3166 166993 162918 5107 157811 3876 1977 1281 157492 4075 154925 143322 11603 3277 6392 136930 127469 5940 9461 7419 8326 2723 319
cat_boundaries=0 1 2 3 4 5
cat_threshold=49024 32854 506 13953 34482
is_linear=0
shrinkage=0.05


Tree=144
num_leaves=31
num_cat=5
split_feature=20 4 10 22 4 4 10 15 0 10 4 0 20 14 11 19 15 11 15 10 1 0 10 15 10 21 7 19 0 15
split_gain=6.24035 17.5437 17.6182 12.5374 7.16973 11.5056 5.98305 21.2745 13.7925 9.82415 11.3236 6.09042 6.04383 6.00695 10.4003 6.15423 6.79763 6.10613 13.245 17.0658 16.0533 12.7444 8.34004 10.0742 27.1576 11.9428 11.2689 12.4025 11.8453 9.38521
threshold=1.0000000180025095e-35 10.500000000000002 7.3128864978553141 2.5687807938343217 6.5000000000000009 3.5000000000000004 6.2832004539834054 6.2401693155098394 0 6.1323122662398957 3.5000000000000004 1 0.16096752874084505 6.3894010363054905 6.2176031103882972 6.331818229615819 7.0306227867562461 6.6194060950237885 6.5733446719583286 6.601909005459107 2 3 6.6483364617940532 6.7952368969855597 6.8314139001060186 1.2382692000587421 1.5000000000000002 6.5585847125271268 4 6.619924828622362
decision_type=8 2 10 8 2 2 8 8 1 10 2 1 10 8 10 10 8 8 8 10 1 1 8 8 8 8 10 10 1 8
left_child=1 3 -3 4 5 -1 7 9 -9 10 11 -2 -10 14 -8 -16 -17 18 20 21 -15 -20 29 26 25 -25 27 28 -24 -19
right_child=6 2 -4 -5 -6 -7 13 8 12 -11 -12 -13 -14 17 15 16 -18 22 19 -21 -22 -23 23 24 -26 -27 -28 -29 -30 -31
leaf_value=-2.5729333043100768e-05 -0.003512068919827849 -0.00074353902530539535 3.7322230823222392e-05 -7.4238243893853808e-06 -9.4223890879874275e-06 1.2301460009034316e-05 -0.00015281873179011642 0.0010878803965225891 -0.0021007065022022875 0.00041467794534124638 0.0018364665960892701 -0.00059949842329327658 -0.0027966155625304802 0.00085520631058333407 0.0014968932287886096 0.00014014967257471866 0.0070977339569537673 7.221005824973315e-05 -0.00061464360676368737 0.00049980897898027621 -0.00020032614318450382 -0.002022615557028895 -0.00093432932902492993 0.00059126252134515949 3.2102233377351297e-05 -0.0010825911562971414 -0.00063221787901353028 0.00028295119145953506 0.0021301340795862878 -0.00106639680674272
leaf_weight=101 253 35 98 394 202 65 2278 557 719 1621 688 1051 904 1297 1137 1375 136 2880 938 1209 5824 1430 263 881 135927 4799 1852 10443 807 3401
leaf_count=101 253 35 98 394 202 65 2278 557 719 1621 688 1051 904 1297 1137 1375 136 2880 938 1209 5824 1430 263 881 135927 4799 1852 10443 807 3401
internal_value=2.86002e-06 -0.00416201 0.012594 -0.00708661 -0.0137228 -0.0060241 2.3266e-05 -0.00155791 -0.00545872 0.000795738 -0.00155622 -0.00429448 -0.00776179 7.50522e-05 0.00179659 0.00392749 0.00183653 2.57341e-05 -0.00113105 -0.00361336 0.000115855 -0.00608108 0.000102479 0.00017487 5.10215e-05 -0.00333627 0.00148709 0.0020694 0.00719626 -0.00168365
internal_weight=183565 895 133 762 368 166 182670 5793 2180 3613 1992 1304 1623 176877 4926 2648 1511 171951 10698 3577 7121 2368 161253 154972 141607 5680 13365 11513 1070 6281
internal_count=183565 895 133 762 368 166 182670 5793 2180 3613 1992 1304 1623 176877 4926 2648 1511 171951 10698 3577 7121 2368 161253 154972 141607 5680 13365 11513 1070 6281
cat_boundaries=0 1 2 3 4 5
cat_threshold=78 640 4 990 32812
is_linear=0
shrinkage=0.05


Tree=145
num_leaves=31
num_cat=1
split_feature=18 4 10 22 4 11 19 19 11 10 10 11 1 19 22 3 5 4 9 18 12 8 19 17 3 16 10 17 10 11
split_gain=6.76094 14.891 15.5386 14.0678 8.3442 7.10098 6.98497 6.5535 6.37755 5.7211 5.28377 5.13318 4.66625 4.56803 4.71765 4.53187 6.1763 9.3282 10.7296 8.21 5.9276 5.62187 8.57569 10.9375 5.20898 6.73062 5.38496 13.099 6.52866 5.95929
threshold=0.016699584755952179 10.500000000000002 7.3814970480868451 2.9496746291000888 8.5000000000000018 7.4404391602237441 6.5487968410250446 8.0865182092703414 7.3128864978553141 5.7087686410618739 7.9015624361563814 9.2471781552446988 0 6.0173691477424764 4.5114086553913824 1.5000000000000002 1.0000000180025095e-35 9.5000000000000018 1.0000000180025095e-35 0.17635481415863233 8.4131645053506663 1.5000000000000002 7.3510830435398935 7.4034884855345346 5.5000000000000009 0.1186979538955442 6.4401484558665105 6.3147214931391193 6.2567088148180039 6.197461422143415
decision_type=8 2 8 8 2 8 10 10 10 8 10 10 1 10 8 2 2 2 2 8 10 2 10 10 2 8 8 8 10 8
left_child=1 3 8 4 5 -1 -5 12 -3 13 -8 15 -4 14 -2 20 24 18 -18 -19 21 22 -11 -24 26 -26 27 28 -17 -28
right_child=9 2 7 6 -6 -7 10 -9 -10 11 -12 -13 -14 -15 -16 16 17 19 -20 -21 -22 -23 23 -25 25 -27 29 -29 -30 -31
leaf_value=-6.7004207295440217e-06 0.00090376130706029125 6.06950653072591e-05 0.0049725611212950499 -0.0017889061440586663 -4.1950360161902014e-05 -0.00025978900758403259 -7.6084457192759915e-06 0.0037740240810792969 4.5328498888519421e-05 -0.0019972662237241145 -0.00038395133437827414 0.006755152274837784 -0.00036416040176625588 0.0013532021090890023 -0.0093338567531679132 -0.00024606497041059774 -8.1543515841220326e-05 0.00030321796324292997 0.00090025490754785942 0.0028063704910452182 0.0025543963218435553 8.9215341557258299e-05 0.0052435007408407237 -0.0013238221247676486 -4.8499542109947669e-05 0.00048242566858696105 -0.0020958439040849263 -0.0014271833049153138 0.0012557523750024837 -6.6663354929863422e-05
leaf_weight=334 38 49 38 129 170 117 1927 56 126 1554 65 53 121 109 147 1698 10426 2900 938 1142 573 49383 256 340 12405 9899 406 2735 571 84909
leaf_count=334 38 49 38 129 170 117 1927 56 126 1554 65 53 121 109 147 1698 10426 2900 938 1142 573 49383 256 340 12405 9899 406 2735 571 84909
internal_value=-4.35697e-05 -0.00234674 0.00679487 -0.00364697 -0.0102657 -0.00670732 -0.0017091 -0.0022093 0.0178571 -3.60147e-06 -0.000978916 7.76966e-06 -0.00738994 -0.00697279 -0.0117568 3.19205e-06 -0.0001568 0.000782163 4.83985e-05 0.00284513 0.000396308 0.000340073 -0.00216279 0.00293624 -0.000285244 0.000399032 -0.000454223 -0.00204836 0.000760247 -0.000360722
internal_weight=183614 3132 390 2742 621 451 2121 215 175 180482 1992 180188 159 294 185 180135 128029 15406 11364 4042 52106 51533 2150 596 112623 22304 90319 5004 2269 85315
internal_count=183614 3132 390 2742 621 451 2121 215 175 180482 1992 180188 159 294 185 180135 128029 15406 11364 4042 52106 51533 2150 596 112623 22304 90319 5004 2269 85315
cat_boundaries=0 1
cat_threshold=1
is_linear=0
shrinkage=0.05


Tree=146
num_leaves=31
num_cat=3
split_feature=0 16 16 17 0 10 17 15 19 1 12 23 12 19 4 4 23 23 3 23 19 4 15 17 17 19 15 19 23 4
split_gain=6.45458 6.16562 7.28832 9.08927 22.0818 7.73626 14.0567 7.36089 6.28139 7.46095 5.92311 5.87928 6.68581 5.76735 10.9875 12.9028 11.7856 10.3222 8.55963 6.20592 5.71093 5.64499 10.1315 8.14295 5.5871 21.9644 7.51265 9.71192 7.51162 5.54093
threshold=0 0.11578737589883131 0.22164618401324443 8.1713022845728691 1 7.6016521472294505 7.4877303756846372 7.5131071549784449 7.737826801457504 2 8.9025685046267764 0.84042933448865254 6.7469993277013458 6.0173691477424764 1.5000000000000002 5.5000000000000009 5.6914034743529536 7.3151623515795157 3.5000000000000004 2.5461040655098572 8.308337593441129 9.5000000000000018 7.2931132519995137 7.303436350980216 6.0678676885337319 7.3728448333838017 6.1037297580709327 6.4196367266474343 0.65995577320040499 1.5000000000000002
decision_type=1 8 8 10 1 10 10 10 10 1 10 8 8 10 2 2 8 10 2 10 10 2 10 10 10 10 8 10 10 2
left_child=1 -1 8 5 -5 7 -7 11 21 -10 -11 -4 -13 14 -2 16 -16 -18 19 -17 -14 -3 23 -23 25 26 -15 -28 -27 -26
right_child=13 2 3 4 -6 6 -8 -9 9 10 -12 12 20 24 15 18 17 -19 -20 -21 -22 22 -24 -25 29 28 27 -29 -30 -31
leaf_value=-3.1154746022998836e-06 0.0046377648645950396 0.0005607462604380498 0.0045555885538808962 0.0064111727165161447 -0.00073873490598952429 0.0055276991864727787 7.6652729735782188e-06 -0.0028718637677465522 0.00091180787634419507 -0.00087346791648785789 0.0094160948114392802 -0.0024049474045096278 -6.6546106922693582e-05 0.00077241301856672 0.00010281659656281584 -0.0048951331803461567 -0.014069770299457884 0.00077232573365124688 0.0086982692352243884 0.0057402425727781647 0.0084323362664735502 0.00087959548678977488 0.0029616461481311697 -0.0060716565174509188 -0.00027665067224007521 0.0057434201298248062 -0.0044768427304329173 -0.00028457221296815941 -0.0060208995281284764 -2.6549372718420729e-05
leaf_weight=50024 202 10258 266 276 473 503 1132 819 1426 2375 45 967 12445 546 257 408 536 87 278 40 64 1280 1023 48 7781 640 215 957 25 88080
leaf_count=50024 202 10258 266 276 473 503 1132 819 1426 2375 45 967 12445 546 257 408 536 87 278 40 64 1280 1023 48 7781 640 215 957 25 88080
internal_value=-5.4503e-07 0.000324208 0.000850299 0.000122455 0.00550734 -0.000126574 0.00313456 -0.000492755 0.00159982 -0.000169007 -0.0018595 -0.000218309 -0.000363609 -0.000271332 -0.00306969 -0.00445205 -0.00852273 -0.0122392 0.000482094 -0.00379464 -5.39611e-05 0.00213934 0.00434921 0.00146837 -0.000219861 0.00217163 -0.000814901 -0.00307167 0.00988722 -0.000279311
internal_weight=183476 83424 33400 16945 749 16196 1635 14561 16455 3846 2420 13742 13476 100052 1808 1606 880 623 726 448 12509 12609 2351 1328 98244 2383 1718 1172 665 95861
internal_count=183476 83424 33400 16945 749 16196 1635 14561 16455 3846 2420 13742 13476 100052 1808 1606 880 623 726 448 12509 12609 2351 1328 98244 2383 1718 1172 665 95861
cat_boundaries=0 1 2 3
cat_threshold=55686 6528 1
is_linear=0
shrinkage=0.05


Tree=147
num_leaves=31
num_cat=0
split_feature=10 23 23 16 15 22 20 22 19 19 18 17 16 20 16 17 11 10 18 4 10 23 11 23 11 19 15 4 11 19
split_gain=4.8412 8.54137 4.72115 8.21128 9.82264 6.8458 5.53383 6.51294 5.30461 7.05336 5.83192 5.77804 5.18653 4.6694 6.05083 6.48951 4.66336 4.36722 4.25596 11.5071 17.6362 10.9786 8.04964 8.80789 5.91275 6.51632 6.36308 5.68555 5.46232 4.42338
threshold=5.992712987207276 5.4573900923466807 7.071784956884632 0.15107920362676536 7.6572030363814179 6.8824887504194612 0.079139624440200826 6.8165715600589012 8.1112974079172862 7.020304041181439 0.058583961243289524 6.9143089312934469 0.037736859904045246 0.51351351832832715 0.012368737509700129 7.9968865038264996 9.2471781552446988 6.9579728820873044 0.016699584755952179 10.500000000000002 7.4974835395764439 0.75109080256885963 7.4682278018910955 1.4967604349326693 7.6513571967694611 6.7413507196719413 7.8979338912159927 1.5000000000000002 7.3128864978553141 7.3909682946391611
decision_type=8 8 10 10 10 10 10 8 10 10 10 10 10 8 10 10 10 8 8 2 8 8 8 8 8 10 10 2 10 10
left_child=1 -1 5 6 -5 16 -4 -8 9 10 -9 -12 -13 14 15 -7 18 -11 19 21 28 -2 27 -24 -25 -26 -27 -23 -21 -29
right_child=2 -3 3 4 -6 13 7 8 -10 17 11 12 -14 -15 -16 -17 -18 -19 -20 20 -22 22 23 24 25 26 -28 29 -30 -31
leaf_value=0.0010441766388861408 -1.607354467001443e-05 -0.0044206522155755051 9.2997848228915103e-06 0.0018719749803223441 -0.0041176172096127677 -0.00025967141165512687 -0.0020268313966532946 -0.00077983375608714489 0.0011743676225657751 -0.0021854967376729209 -9.9988121146354916e-05 0.0014107823378925134 0.00052852623991048728 0.010333538589212732 0.00038823444681339585 0.0063277577018011405 0.0076956512333255849 -0.00065350422934775667 8.5037609715232773e-06 9.2669050475757691e-05 -0.00018737434744027227 4.9602581050223199e-05 -0.00027040536416071957 -0.00089692296911536573 -0.0017323284591600709 5.927097951863303e-06 -0.00036533472767881215 -3.7241131026988229e-06 4.3261067061628472e-05 0.0011816922045357005
leaf_weight=293 254 269 3348 557 85 663 196 338 181 201 1416 48 295 62 5776 41 45 2419 164658 53 211 116 89 95 140 789 88 861 125 59
leaf_count=293 254 269 3348 557 85 663 196 338 181 201 1416 48 295 62 5776 41 45 2419 164658 53 211 116 89 95 140 789 88 861 125 59
internal_value=7.21006e-06 -0.00462633 2.14236e-05 -0.00108983 0.00436137 7.9397e-05 -0.00150438 -0.00254221 -0.00218457 -0.00250689 -0.000345732 0.000810119 0.00663265 0.00166616 0.00153549 -0.00284091 1.7454e-05 -0.00423664 1.31313e-05 -0.00189236 0.0061054 -0.00314131 -0.0020228 -0.00480849 -0.00359712 -0.00248279 -0.000883694 0.00120656 0.0176966 -0.000108696
internal_weight=183771 562 183209 9084 642 174125 8442 5094 4898 4717 2097 1759 343 6542 6480 704 167583 2620 167538 2880 389 2491 2237 1201 1112 1017 877 1036 178 920
internal_count=183771 562 183209 9084 642 174125 8442 5094 4898 4717 2097 1759 343 6542 6480 704 167583 2620 167538 2880 389 2491 2237 1201 1112 1017 877 1036 178 920
is_linear=0
shrinkage=0.05


Tree=148
num_leaves=31
num_cat=5
split_feature=13 11 13 16 10 15 0 10 15 20 19 11 17 19 7 12 18 10 0 11 1 0 16 3 10 17 21 0 19 12
split_gain=5.1161 6.36742 5.20353 11.6027 7.38911 12.3729 10.5455 8.78204 9.23866 9.28239 7.7335 7.54637 8.82174 29.0085 25.0608 16.2175 11.3752 11.0694 10.943 8.97992 8.66761 7.87276 7.84233 7.6238 7.40485 7.29194 7.28047 7.26449 7.22529 8.71668
threshold=5.5729269024244674 5.5729269024244674 6.0969494222992333 0.015999237457950625 6.3994261899220151 6.3985975381764968 0 6.2700423577822813 6.2401693155098394 0.11701369266231477 6.4041007376710279 6.3126414277150058 6.5563962494082153 7.3909682946391611 1.5000000000000002 7.4682278018910955 0.070347881986637259 6.6483364617940532 1 7.577377095608937 2 3 0.047750001644481919 3.5000000000000004 6.5617373797951473 6.3147214931391193 0.66750053336617021 4 6.5585847125271268 6.6864847774674381
decision_type=8 10 8 10 8 8 1 10 10 10 10 8 10 10 10 10 8 8 1 10 1 1 8 2 10 10 10 1 10 8
left_child=1 -1 3 -2 5 7 -7 8 10 -10 -4 -6 13 14 19 16 22 -14 -15 21 27 -13 -16 26 -23 -9 -22 -18 -19 -30
right_child=2 -3 4 -5 11 6 -8 25 9 -11 -12 12 17 18 15 -17 20 28 -20 -21 23 24 -24 -25 -26 -27 -28 -29 29 -31
leaf_value=-0.023922367293448255 -0.0029671114187737936 0.0034428041560580214 -0.0001642099001662789 0.00080853281579609251 -0.0010761300666451978 -0.0038797575878600555 -0.0013866104246864853 0.0011854748576026531 -0.001637060822430958 -0.0013642041181354703 0.0016330998469155757 -0.00019062189747480753 -0.00044979710096542118 0.0068839017313101275 -0.00054533752620660185 0.01535985874238628 -0.0030632951167070435 0.0010644235820419067 0.0022120729874141711 0.014899227165925533 -0.00226962205870751 0.00035831768490759421 -0.0041210578265671758 0.00012177699194111381 0.0013760119882797461 -2.8112312542516449e-05 0.015557411649964915 0.0043434799792058778 -0.00054485018629275579 1.191764829906461e-05
leaf_weight=88 151 44 2359 1510 1990 137 2834 949 412 909 216 1908 5804 710 233 72 278 1276 675 85 2498 4154 263 1482 1605 1203 21 651 6359 142312
leaf_count=88 151 44 2359 1510 1990 137 2834 949 412 909 216 1908 5804 710 233 72 278 1276 675 85 2498 4154 263 1482 1605 1203 21 651 6359 142312
internal_value=-8.46125e-06 -0.00984848 -1.3657e-06 0.00278447 -2.68751e-05 -0.001422 -0.00406429 -0.000124008 -0.00154004 -0.00493944 0.000203883 4.61201e-05 8.18729e-05 0.00125555 0.000535849 -0.0020462 -0.00235901 -2.84107e-05 0.00814079 0.00236713 -0.00163286 0.00218795 -0.00957661 -0.00264309 0.00310712 0.00243959 -0.00431719 0.00271798 5.45193e-05 2.23648e-05
internal_weight=183188 132 183056 1661 181395 9019 2971 6048 3896 1321 2575 172376 170386 14635 13250 5498 5426 155751 1385 7752 4930 7667 496 4001 5759 2152 2519 929 149947 148671
internal_count=183188 132 183056 1661 181395 9019 2971 6048 3896 1321 2575 172376 170386 14635 13250 5498 5426 155751 1385 7752 4930 7667 496 4001 5759 2152 2519 929 149947 148671
cat_boundaries=0 1 2 3 4 5
cat_threshold=10240 50281 2 488 1816
is_linear=0
shrinkage=0.05


Tree=149
num_leaves=31
num_cat=1
split_feature=11 18 19 10 6 20 10 23 23 19 23 11 20 19 22 10 10 9 18 19 19 20 22 18 21 16 10 23 1 13
split_gain=5.81753 4.24945 10.3754 7.17322 6.94165 9.28239 7.78749 6.79608 6.87757 11.5756 8.38081 7.81244 9.97591 6.56146 6.37918 7.33557 7.25712 6.17473 5.80849 8.03011 8.72656 4.93935 4.54405 4.73505 6.70832 4.63023 4.43507 8.45936 4.17637 4.16308
threshold=9.2154150374028525 0.03742342545924885 7.9884189688966964 8.1572207036699762 1.0000000180025095e-35 0.059723064261871316 6.7747949886470034 7.1524342964589085 0.77435709176599266 6.6431160552365052 0.82446862701750179 7.4682278018910955 0.022314142830296119 7.3561874376877574 1.9530024665512917 7.8264411450176032 7.3142198319787717 1.0000000180025095e-35 0.032200072977609011 7.4724791136251172 7.5036562650305765 1.0000000180025095e-35 0.43773436867694998 0.041767491114772806 1.0471650770867935 0.047061520580556175 5.992712987207276 5.5648497131336878 0 6.9879517145002916
decision_type=10 8 10 10 2 10 8 10 10 10 10 8 10 10 8 10 10 2 10 10 10 8 8 8 10 10 8 8 1 10
left_child=1 2 4 -4 7 6 -6 8 21 -10 -11 13 -13 -12 -8 16 -16 -7 19 -18 -21 28 -3 24 -24 -26 27 -25 -1 -19
right_child=-2 22 3 -5 5 17 14 -9 9 10 11 12 -14 -15 15 -17 18 29 -20 20 -22 -23 23 26 25 -27 -28 -29 -30 -31
leaf_value=0.0006815983479548926 0.0073102727892443656 0.00055502459479692676 0.0022781289247059801 -3.6969081786475404e-05 0.00043983687974455957 -0.00053385542091246576 -3.1328091711246842e-05 -0.00074662501524853659 -0.00077121508945643402 0.00010482335126278387 4.6063900779413919e-05 -0.00031031311798628285 4.1492357543493343e-05 0.0011657902765734196 -4.5339114240272597e-05 -0.00056971902682976248 0.00087914236652542055 0.00063902673053686245 -0.00017120200853755209 -0.00039290778085518955 0.00016317988193872426 -7.6600024819417644e-05 0.00035556831447665084 0.00099769047193292164 -0.00016054192573102812 0.00053664204557855031 -1.8748148218339367e-06 -0.0044599869344093884 -2.6470252469090741e-05 -0.00088324372901178456
leaf_weight=25 59 1444 292 180 165 1432 1030 393 128 126 1724 115 1293 201 2597 246 318 226 316 84 391 3412 2868 307 1581 336 161928 264 136 112
leaf_count=25 59 1444 292 180 165 1432 1030 393 128 126 1724 115 1293 201 2597 246 318 226 316 84 391 3412 2868 307 1581 336 161928 264 136 112
internal_value=-2.00023e-05 -2.50449e-05 -0.000833222 0.00646186 -0.00107118 -0.00221556 -0.00114144 -2.31696e-05 0.000328212 0.00187483 0.00242122 0.00194269 -0.000887784 0.00401299 -0.00149538 -0.000581984 -2.69833e-05 -0.00533898 0.00335888 0.00564313 0.00152632 -0.00122446 4.65246e-05 2.2417e-05 0.00157262 -0.000717267 -2.32309e-05 -0.00442207 -0.00978261 0.000739645
internal_weight=183729 183670 14942 472 14470 6917 5147 7553 7160 3587 3459 3333 1408 1925 4982 3952 3706 1770 1109 793 475 3573 168728 167284 4785 1917 162499 571 161 338
internal_count=183729 183670 14942 472 14470 6917 5147 7553 7160 3587 3459 3333 1408 1925 4982 3952 3706 1770 1109 793 475 3573 168728 167284 4785 1917 162499 571 161 338
cat_boundaries=0 1
cat_threshold=1
is_linear=0
shrinkage=0.05


Tree=150
num_leaves=31
num_cat=3
split_feature=10 21 18 4 10 22 0 0 10 11 11 4 4 4 18 21 4 15 19 10 4 11 19 20 4 0 19 17 15 15
split_gain=4.79767 7.48993 4.53952 13.3019 15.0713 8.84417 7.14934 6.45178 9.604 4.59054 4.50165 4.50638 7.34059 8.385 10.6017 4.69785 7.01078 4.48259 4.61136 5.94499 4.99718 4.72082 5.25911 4.67725 4.08865 6.51419 11.2409 6.63536 7.94011 5.64569
threshold=5.7087686410618739 6.0892715814130982 0.016699584755952179 10.500000000000002 7.3814970480868451 1.9530024665512917 0 1 7.6016521472294505 7.3128864978553141 7.3142198319787717 1.5000000000000002 3.5000000000000004 6.5000000000000009 1.0000000180025095e-35 1.1150072000796054 8.5000000000000018 7.9246899883694732 6.7413507196719413 6.7690675942505676 4.5000000000000009 7.7465022115569893 7.4653354718131455 0.1117389336581993 11.500000000000002 2 6.331818229615819 8.5337749101913492 8.7983821770676496 7.8575014471002449
decision_type=8 10 8 2 8 8 1 1 8 10 8 2 2 2 10 10 2 10 10 8 2 10 10 10 2 1 8 10 10 8
left_child=1 -1 3 5 9 10 -7 8 -6 -5 11 -2 -13 14 -14 -15 -17 18 -8 -20 -21 22 23 -22 -4 -26 -27 29 -29 -28
right_child=2 -3 24 4 7 6 17 -9 -10 -11 -12 12 13 15 -16 16 -18 -19 19 20 21 -23 -24 -25 25 26 27 28 -30 -31
leaf_value=-0.0013499372516544207 3.1334326421550429e-05 -0.020074853037713503 2.0994801665308317e-05 4.5433740419698057e-05 -0.00020095845593237627 2.9047995326614285e-05 -0.0013996342159822818 -0.00075016006481263284 0.0040281802354313889 3.5260963730410211e-05 -0.00015485772704066926 -2.5146739845638424e-05 2.0930980709898962e-05 -6.252555112729042e-06 -7.9334827278021447e-05 3.0150733329570301e-05 -1.0928030551582424e-05 -0.00098783192905651531 0.00047533443775056307 0.00012591740347422942 -1.1209037787196509e-05 0.00010249143838478859 -0.00053270864457328766 -0.00053699150818049552 8.8279047524952858e-05 0.0028081160454683563 -0.00034046405380570025 0.010782459788536248 -0.0020435125151919476 -0.0012933331720972774
leaf_weight=231 31 80 166607 50 29 893 228 129 74 123 121 63 65 228 23 28 25 49 20 222 447 53 202 51 5956 113 5195 111 96 2315
leaf_count=231 31 80 166607 50 29 893 228 129 74 123 121 63 65 228 23 28 25 49 20 222 447 53 202 51 5956 113 5195 111 96 2315
internal_value=1.52291e-05 -0.00618971 2.57427e-05 -0.00185479 0.00660494 -0.00310113 -0.00162818 -0.00172414 0.00730088 0.0177746 -0.00856164 -0.00631749 -0.00763889 -0.0049458 0.00852273 -0.0091637 0.00424528 -0.00401716 -0.00345462 -0.00198492 -0.00253846 -0.00448207 -0.00557143 -0.00281124 5.8622e-05 -0.000768896 -0.00171556 -0.001947 0.00688406 -0.00219041
internal_weight=183858 311 183547 3154 405 2749 2165 232 103 173 584 463 432 369 88 281 53 1272 1223 995 975 753 700 498 180393 13786 7830 7717 207 7510
internal_count=183858 311 183547 3154 405 2749 2165 232 103 173 584 463 432 369 88 281 53 1272 1223 995 975 753 700 498 180393 13786 7830 7717 207 7510
cat_boundaries=0 1 2 3
cat_threshold=17046 545 10005
is_linear=0
shrinkage=0.05


Tree=151
num_leaves=31
num_cat=0
split_feature=23 18 16 19 22 19 10 3 18 4 11 23 8 10 10 19 17 7 16 19 23 8 11 17 11 22 19 21 19 21
split_gain=4.58075 8.38556 7.68835 7.57403 6.47755 5.65795 5.32636 5.30287 4.95183 13.0774 14.1974 8.74548 5.90107 5.49801 5.09319 8.24225 10.7685 6.90788 5.09136 4.94747 13.653 7.42975 4.85732 4.49187 4.46659 4.60388 4.46866 4.25723 4.38381 4.20175
threshold=6.9746572882518736 0.016699584755952179 0.15107920362676536 7.9884189688966964 6.8600344547591634 7.020304041181439 7.0330653726578527 2.5000000000000004 0.016699584755952179 10.500000000000002 7.4974835395764439 0.75109080256885963 4.5000000000000009 7.2789734129149251 6.8580395486683789 6.9007171196170853 7.0411694768257709 2.5000000000000004 1.1904002499163084e-07 6.0173691477424764 5.9244963238185209 2.5000000000000004 9.2471781552446988 7.0505755428638262 6.8839746192279376 6.8490132575525449 6.838030858824995 4.3006807654008599 6.9313034767973951 5.236707849568468
decision_type=10 10 10 10 10 10 8 2 8 2 8 8 2 10 8 10 10 10 8 8 10 2 10 8 8 10 10 10 10 10
left_child=4 23 5 7 8 24 -7 -4 9 11 13 -1 -12 -11 18 -16 17 27 -13 20 21 -10 29 -2 26 -26 -3 -17 -29 -21
right_child=1 2 3 -5 -6 6 -8 -9 19 10 12 14 -14 -15 15 16 -18 -19 -20 22 -22 -23 -24 -25 25 -27 -28 28 -30 -31
leaf_value=-1.339170604635065e-05 -1.0101776875881542e-06 -4.9026669374252486e-05 0.0028819856559783477 -0.0039903370356258348 0.00034346444920103637 -0.0011393208194780513 -0.00030173851042727409 0.00058592907952639275 -0.0054586161101388697 4.124486448797704e-05 0.0005004308389012557 0.00034773990124477018 -0.00036449707067509607 3.3497915543900805e-05 -0.00033727065560515971 0.00023232565573463317 -3.822771284238691e-05 -0.00044062469917229843 -0.00040707999927018794 3.1086616676923028e-05 -0.029238853466863546 0.00063814316932626631 0.0081933482472406286 0.00038958881086048613 -0.00048992115144694812 0.00035418324542666472 -0.00073515665946077835 -6.9372028068404032e-05 0.00011808405953512847 -9.6932981097763726e-05
leaf_weight=262 80 2236 363 103 4769 567 6107 461 100 41 142 78 57 140 321 164 1363 76 69 141798 95 424 49 158 662 1795 526 57 58 20962
leaf_count=262 80 2236 363 103 4769 567 6107 461 100 41 142 78 57 140 321 164 1363 76 69 141798 95 424 49 158 662 1795 526 57 58 20962
internal_value=6.65461e-06 -0.000896002 -0.00106864 0.00331715 7.55737e-05 -0.00141049 -0.00237489 0.00491505 2.34578e-05 -0.00205092 0.00657895 -0.00339052 -0.00263819 0.0167127 -0.0023559 -0.00300392 -0.0016298 0.00612676 0.00663265 5.93534e-05 -0.00440226 -0.00124046 7.63164e-05 0.00840336 -0.000177237 0.00137363 -0.00155684 0.00976703 0.0023913 7.15778e-05
internal_weight=184083 13058 12820 927 171025 11893 6674 824 166256 2828 380 2448 199 181 2186 2039 1718 355 147 163428 619 524 162809 238 5219 2457 2762 279 115 162760
internal_count=184083 13058 12820 927 171025 11893 6674 824 166256 2828 380 2448 199 181 2186 2039 1718 355 147 163428 619 524 162809 238 5219 2457 2762 279 115 162760
is_linear=0
shrinkage=0.05


Tree=152
num_leaves=31
num_cat=2
split_feature=14 23 23 16 12 1 22 20 16 14 4 20 4 23 23 4 4 4 13 16 1 23 10 14 12 14 17 10 15 4
split_gain=6.24364 8.04535 4.87084 5.88693 7.71498 5.4035 4.30656 3.99901 3.85553 3.88429 5.50169 3.65025 10.2948 7.73824 4.84283 4.1204 7.54172 3.81246 7.30767 7.95887 6.62839 4.66415 5.46204 4.68569 4.60329 7.08495 4.27931 15.4207 15.2084 21.9588
threshold=5.5729269024244674 6.0188070890551968 7.2196347581982794 0.15297439008478989 8.0075332078766461 0 7.6622326870510662 0.27797350623832728 0.13488623761358023 6.3710417217424924 2.5000000000000004 1.0000000180025095e-35 11.500000000000002 0.75109080256885963 0.92494190391864406 5.5000000000000009 6.5000000000000009 11.500000000000002 6.6802269323173 0.0087760965597175316 1 1.1269433577172636 7.3142198319787717 6.5532206455302013 9.2154150374028525 8.993532301340311 7.6327274727332535 6.6100226439425702 7.6917217173580212 7.5000000000000009
decision_type=8 10 10 10 8 1 8 10 8 8 2 8 2 8 8 2 2 2 10 8 1 8 8 8 10 10 8 8 10 2
left_child=1 -1 11 5 6 8 7 -5 9 10 -4 12 13 15 -14 -2 -17 24 -19 20 -20 -21 23 -23 25 26 -13 -28 29 -29
right_child=2 -3 3 4 -6 -7 -8 -9 -10 -11 -12 17 14 -15 -16 16 -18 18 19 21 -22 22 -24 -25 -26 -27 27 28 -30 -31
leaf_value=0.00097797035274542758 -2.2823532153903871e-05 -0.023219272589825746 -0.0026695857526467751 6.4885141423731693e-05 -0.0016122097730860041 0.00015284722991775192 0.0036090299401950079 0.0059907898291654332 -0.0023381742314906753 -0.00067000428801813341 0.0010808079339446942 2.6610488541578546e-07 3.1823019766719088e-05 -3.6527834394783912e-06 -0.00065122332806972778 2.8115362242631115e-05 -4.416763568770854e-06 -0.00048034684078099857 -0.0054224019273527938 0.00058764832911268889 0.00057192751569083993 0.0025092520919997698 0.00019546765625810814 -0.00070048404178884032 0.0088331642958360494 -0.0032978725124804598 -0.01127377653504822 5.471587183258908e-05 -1.6777936342649014e-05 0.0017412675691033108
leaf_weight=50 67 71 43 142 121 1230 117 23 154 2612 127 132332 55 630 21 20 108 5810 24 1364 177 105 3791 2274 45 215 130 5998 20855 5075
leaf_count=50 67 71 43 142 121 1230 117 23 154 2612 127 132332 55 630 21 20 108 5810 24 1364 177 105 3791 2274 45 215 130 5998 20855 5075
internal_value=-9.52194e-06 -0.0113636 -2.04176e-06 -0.00161414 0.00415633 -0.00217235 0.00868794 0.00348485 -0.00333787 -0.00291157 0.00441176 3.90852e-05 -0.00313541 -0.00475758 0.0144737 -0.0134615 -0.00820313 5.51362e-05 -0.0007512 0.000255333 0.0100746 -6.63658e-06 -0.000591572 -0.00246953 0.00012147 0.000117099 0.000128962 0.000647264 0.000717239 0.00221485
internal_weight=183786 121 183665 4569 403 4166 282 165 2936 2782 170 179096 901 825 76 195 128 178195 13545 7735 201 7534 6170 2379 164650 164605 164390 32058 31928 11073
internal_count=183786 121 183665 4569 403 4166 282 165 2936 2782 170 179096 901 825 76 195 128 178195 13545 7735 201 7534 6170 2379 164650 164605 164390 32058 31928 11073
cat_boundaries=0 1 2
cat_threshold=1 4
is_linear=0
shrinkage=0.05


Tree=153
num_leaves=31
num_cat=4
split_feature=11 3 18 4 4 1 0 0 19 20 23 11 23 19 5 0 4 18 18 15 18 20 15 11 10 3 17 9 23 11
split_gain=4.80485 4.82802 9.43629 10.4939 9.69796 8.74004 9.23771 5.60967 5.49618 5.37797 5.71275 7.73922 7.06973 5.65081 5.35082 6.6703 9.88255 10.4942 6.73513 6.21804 6.92229 5.25285 5.15182 7.32237 7.11725 5.66657 8.95481 6.89863 6.59872 5.21271
threshold=9.127008388409914 1.5000000000000002 0.025925437329741893 10.500000000000002 1.5000000000000002 0 1 2 7.2248170684122295 0.45796470963226049 5.324640855120415 7.9015624361563814 4.6763561960702678 8.0370057272781104 1.0000000180025095e-35 3 9.5000000000000018 0.1747775919504482 0.19875417403239259 7.4880225585237339 0.072155791913293507 0.38824048265638744 6.7833388397633003 6.7747949886470034 6.8580395486683789 1.0000000180025095e-35 7.0286585642461006 1.0000000180025095e-35 5.6262542286679613 6.8569880235699889
decision_type=10 2 10 2 2 1 1 1 8 10 8 8 10 10 2 1 2 8 10 8 10 10 10 10 8 2 10 2 10 10
left_child=1 2 3 4 -1 -6 8 9 -7 10 12 22 21 -14 -3 16 -16 19 -19 -18 -21 -4 23 -12 -24 26 27 -26 -27 -30
right_child=-2 14 7 -5 5 6 -8 -9 -10 -11 11 -13 13 -15 15 -17 17 18 -20 20 -22 -23 24 -25 25 28 -28 -29 29 -31
leaf_value=0.00031611308960322049 0.003341535049864364 -3.8959169663232984e-05 0.00067478357257952934 0.00059269774076986526 0.00017807286325546292 -0.00036856987220765806 -0.00054884609089353995 4.6902796339765024e-05 0.00010155247243726073 -0.0022929775058599501 0.00012062901311606923 0.00044353194018780244 0.002992877831525043 0.00023116581464117659 -0.00026100735327343471 0.00030610177715955094 0.00050562660402204702 0.008622604567033499 0.0024488335160526065 -0.0013192092984478433 -0.00011794279662757923 -0.0039736525524864952 -0.0013520334504300902 0.0011581466898824778 -0.00037758215638099561 -0.00026052282070234691 -0.00062915005706671862 0.0012379632167081045 -0.0012999714588598056 0.00063829465279159343
leaf_weight=331 140 115136 4272 428 416 415 1008 32657 516 106 2416 4542 355 167 5072 8765 692 173 454 122 466 103 379 314 361 889 1626 345 60 1220
leaf_count=331 140 115136 4272 428 416 415 1008 32657 516 106 2416 4542 355 167 5072 8765 692 173 454 122 466 103 379 314 361 889 1626 345 60 1220
internal_value=2.63664e-05 1.93138e-05 0.000422288 -0.00224791 -0.00340655 -0.00453291 -0.00594379 0.000589215 -0.00225824 0.001321 0.00139158 0.000810566 0.00283337 0.00833333 -0.000143643 0.00072091 -0.000432823 0.00263503 0.00793461 3.90625e-05 -0.0037415 0.00217714 -0.000164258 0.00157509 -0.0011373 -0.000583204 -0.00229417 0.00240793 0.00125634 0.00355469
internal_weight=183946 183806 52926 3114 2686 2355 1939 49812 931 17155 17049 12152 4897 522 130880 15744 6979 1907 627 1280 588 4375 7610 2730 4880 4501 2332 706 2169 1280
internal_count=183946 183806 52926 3114 2686 2355 1939 49812 931 17155 17049 12152 4897 522 130880 15744 6979 1907 627 1280 588 4375 7610 2730 4880 4501 2332 706 2169 1280
cat_boundaries=0 1 2 3 4
cat_threshold=2 54944 31746 606
is_linear=0
shrinkage=0.05


Tree=154
num_leaves=31
num_cat=6
split_feature=14 23 13 16 11 13 12 1 15 17 0 14 0 18 0 11 0 0 11 13 12 7 19 11 19 23 9 6 15 13
split_gain=4.60416 9.48126 4.92611 7.73531 7.49369 6.77562 9.51037 6.33883 6.31539 8.43141 6.11636 5.88002 5.91668 5.35821 5.30925 5.09277 6.76086 4.9903 4.89827 7.2537 7.47006 8.30873 8.25128 10.2273 8.36839 8.2028 8.2749 22.1233 16.6339 15.21
threshold=5.5729269024244674 6.0836323570319877 6.2116030863880871 0.0087760965597175316 6.3126414277150058 6.4762025397968879 6.4990345950661448 0 6.2401693155098394 6.1782257415122013 1 7.6016521472294505 2 0.089165069893267057 3 6.1323122662398957 4 5 6.5701821913769409 6.8007265513869113 6.8569880235699889 1.5000000000000002 6.792363913298078 6.8569880235699889 7.1833648170481714 7.0582788261197935 1.0000000180025095e-35 1.0000000180025095e-35 7.0262138603821267 7.144670199790645
decision_type=8 10 8 10 8 8 10 1 8 10 1 8 1 10 1 10 1 1 8 8 8 8 8 10 8 10 2 2 8 10
left_child=1 -1 3 -2 8 6 7 -6 14 -10 13 -12 -13 -11 -4 16 -5 -8 -7 -20 21 22 -21 24 -24 26 -22 28 -28 -29
right_child=2 -3 4 15 5 18 17 -9 9 10 11 12 -14 -15 -16 -17 -18 -19 19 20 25 -23 23 -25 -26 -27 27 29 -30 -31
leaf_value=0.00095762293258863098 -0.0033871127871032414 -0.0249850186615602 0.00072992727677299038 -0.00033425784681688779 0.0015727077088456554 -0.00032694986277159721 0.00083551334999212303 6.0479745280339621e-06 -0.0091221837628715722 -0.001865513621941828 -0.001800434756213054 0.0012357599282787569 -0.001375313092265529 0.0018394891213742827 -0.00027036958259967213 0.000958253203472248 0.0015169876071811307 0.0020502120397248194 0.00020899493211798959 0.00015681389604786934 2.3638349032584217e-05 -0.0015304151585954886 -0.00056322057920161768 0.00027117005737156143 -0.0061096561057142123 -0.00028465673561512973 -0.0006681656568167327 0.00016624111722043369 -0.0035080803891837987 -0.0014191897680669642
leaf_weight=59 178 72 533 1238 339 6735 923 3985 121 96 1737 289 366 342 1478 1251 502 452 14582 4372 123992 1429 3729 1955 211 6673 1387 4077 252 422
leaf_count=59 178 72 533 1238 339 6735 923 3985 121 96 1737 289 366 342 1478 1251 502 452 14582 4372 123992 1429 3729 1955 211 6673 1387 4077 252 422
internal_value=1.91809e-05 -0.00935115 2.5865e-05 0.00198012 -8.44983e-06 4.57226e-05 0.00174153 0.000589732 -0.00192463 -0.00339715 -0.00284452 -0.00383014 0.00019084 0.00256696 0.000236201 0.00258275 0.000833333 0.00536364 -1.11886e-05 4.33833e-05 -6.11115e-05 -0.00127394 -0.00077676 -0.00199746 -0.00346447 4.25795e-05 0.000130254 -0.00166178 -0.00663514 0.000150033
internal_weight=183777 131 183646 3169 180477 175515 5699 4324 4962 2951 2830 2392 655 438 2011 2991 1740 1375 169816 163081 148499 11696 10267 5895 3940 136803 130130 6138 1639 4499
internal_count=183777 131 183646 3169 180477 175515 5699 4324 4962 2951 2830 2392 655 438 2011 2991 1740 1375 169816 163081 148499 11696 10267 5895 3940 136803 130130 6138 1639 4499
cat_boundaries=0 1 2 3 4 5 6
cat_threshold=4 262 34849 57422 11952 36975
is_linear=0
shrinkage=0.05


Tree=155
num_leaves=31
num_cat=3
split_feature=0 16 16 0 20 22 7 16 20 17 20 15 9 10 17 20 17 16 10 17 15 10 0 6 18 15 17 23 23 20
split_gain=5.90859 6.82402 6.72593 8.71065 5.74687 5.44197 5.43482 5.04508 9.31967 14.907 8.57692 8.86504 7.38888 6.61811 13.7298 11.8179 7.60819 6.8957 6.3871 9.78849 9.11918 8.30224 6.32072 10.7532 6.30131 6.28436 6.27161 8.18347 8.87926 7.70672
threshold=0 0.11036061025755321 0.26982383811451027 1 0.19348867559327815 4.0561229745961933 3.5000000000000004 0.11506043413769938 0.077151925572931906 6.7438323036456964 0.19892357048986006 8.2355062975576736 1.0000000180025095e-35 7.7846807463779397 7.9261649125304539 0.43858420620735078 8.3422228412316795 0.14375775147513589 6.2980292833949401 6.9190211491163156 6.2401693155098394 6.9413512154243238 2 1.0000000180025095e-35 0.093402585194666016 8.3981904900284849 6.6489644359581987 3.4075457060715877 3.8997539907354342 0.069320016001576321
decision_type=1 8 10 1 10 10 10 8 8 8 10 10 2 10 10 8 10 10 8 10 10 8 1 2 10 10 10 10 10 10
left_child=1 6 -3 -4 -5 -6 -1 10 9 -9 18 -12 13 16 15 -15 -10 -18 20 22 -2 -21 -20 26 -16 -13 -24 -28 -29 -30
right_child=7 2 3 4 5 -7 -8 8 12 -11 11 25 -14 14 24 -17 17 -19 19 21 -22 -23 23 -25 -26 -27 27 28 29 -31
leaf_value=-4.5219858161527076e-06 -8.3956973443344304e-05 0.00040188941816134973 0.0019039508832750852 -0.0041496346114433535 -0.001827989388296869 0.0024388827272467497 0.0012833004403633554 -0.0038502914051735896 -0.00030065100605138897 -0.00046731804356834331 -0.00043098448337763884 0.0022558893297966345 -0.0021510817953981133 0.0015441055126738101 0.0050775729808194116 0.0051085508038441144 0.0086756949585709894 -0.0034154896461412233 0.00022802436315809695 -0.00030258314919335839 -0.0017085795466794452 1.0242947813932091e-05 9.5867671837002177e-05 0.00038686537291203753 -0.0010478731010171495 0.00012862341322388284 -0.00072581702252616509 0.0017573207491547117 -0.00013539662656616435 0.00012559479994589395
leaf_weight=45635 1565 32445 1403 197 2154 185 223 237 33925 1440 6648 150 89 1410 67 260 162 100 12050 2331 479 31637 3102 1747 1327 272 1826 107 142 381
leaf_count=45635 1565 32445 1403 197 2154 185 223 237 33925 1440 6648 150 89 1410 67 260 162 100 12050 2331 479 31637 3102 1747 1327 272 1826 107 142 381
internal_value=3.94674e-05 0.000354399 0.000865765 -0.0010853 -0.00282797 -0.00214835 -5.12451e-05 -0.00021584 -0.000661891 -0.00430829 6.28634e-05 -0.00157709 -0.000498125 -0.000463746 0.0017624 0.00482036 -0.000663264 0.00782443 0.000272274 0.000377417 -0.00247065 -0.00013395 0.00127486 0.000112782 -0.001901 0.00545024 -0.000962576 -0.00285016 0.00206349 -0.000621415
internal_weight=183696 82242 36384 3939 2536 2339 45858 101454 39017 1677 62437 7070 37340 37251 3064 1670 34187 262 55367 53323 2044 33968 19355 7305 1394 422 5558 2456 630 523
internal_count=183696 82242 36384 3939 2536 2339 45858 101454 39017 1677 62437 7070 37340 37251 3064 1670 34187 262 55367 53323 2044 33968 19355 7305 1394 422 5558 2456 630 523
cat_boundaries=0 1 2 3
cat_threshold=53446 194 2329
is_linear=0
shrinkage=0.05


Tree=156
num_leaves=31
num_cat=9
split_feature=11 23 4 8 0 18 1 23 20 0 18 22 10 17 0 21 18 4 1 0 0 13 4 1 20 21 18 12 20 0
split_gain=5.60769 7.47326 3.47766 7.34737 7.96934 7.05561 5.71757 5.93245 5.32423 4.85192 4.63522 7.28328 7.15818 13.9329 6.51219 6.38073 7.93105 6.09975 12.1411 10.2633 10.2465 12.1823 7.98418 12.2193 19.38 18.0914 10.0725 10.4215 9.3713 10.6763
threshold=5.5729269024244674 6.0188070890551968 11.500000000000002 1.5000000000000002 0 0.016699584755952179 1 1.4499843930985394 0.25294969796680306 2 0.03585767684401394 0.71754226264466137 7.4682278018910955 7.3582153437849085 3 6.157614175169182 0.032200072977609011 4.5000000000000009 4 5 6 6.5827171805257967 6.5000000000000009 7 0.032272416552388723 6.0892715814130982 0.34546017771078802 7.0488206249888608 0.089210677987024978 8
decision_type=8 8 2 2 1 10 1 10 10 1 8 8 8 10 1 8 10 2 1 1 1 8 2 1 10 8 8 8 8 1
left_child=1 -1 10 4 -4 -5 8 -8 -6 -7 11 -2 13 -13 -14 -15 -17 18 20 -20 -12 -22 23 -19 -25 -26 -24 -28 -29 -30
right_child=2 -3 3 5 6 9 7 -9 -10 -11 17 12 14 15 -16 16 -18 22 19 -21 21 -23 26 24 25 -27 27 28 29 -31
leaf_value=0.00018920698648312585 -3.3874704830494372e-05 -0.017471852486294216 0.0026549908958950043 4.4496165924501341e-05 0.0058957627209679231 -0.00036210676396264407 -0.0027536025754969495 -0.0094916734082743041 -0.0087189306363819833 3.5725230456229438e-05 0.0003853421110918021 -1.1023359545170308e-06 -0.0002862190674911336 0.0010807670194957098 -7.660483250795381e-05 0.00059788274206380449 -0.00069792548824607623 -0.00013914927286378111 -2.6544669482975183e-05 -0.00043189560869680846 0.00091841280114985941 -0.00014139438887159628 -1.6177887761137377e-05 -0.0062917480257310482 8.2908800513648018e-05 0.00077947945319980507 -0.0026983801257859374 -0.0019309943912305006 -0.0010186740768280079 0.002920349053199778
leaf_weight=70 1214 60 206 218 104 4542 574 85 64 7982 6838 5101 720 229 5297 310 78 7096 24894 15636 1162 9403 64814 449 10122 11559 642 351 775 3366
leaf_count=70 1214 60 206 218 104 4542 574 85 64 7982 6838 5101 720 229 5297 310 78 7096 24894 15636 1162 9403 64814 449 10122 11559 642 351 775 3366
internal_value=-3.66926e-06 -0.0103846 3.67185e-06 -0.000760436 -0.00481607 -0.000431643 -0.00695938 -0.00914264 0.00119048 -0.000586873 6.55666e-05 -0.000843694 -0.000462292 0.000804477 -0.00166611 0.00790113 0.00399485 0.000140509 -0.000267119 -0.000741426 0.000837499 -0.00013948 0.000378627 0.00107268 0.0016516 0.00186454 8.86373e-05 0.00222049 0.00307213 0.00373702
internal_weight=183961 130 183831 13775 1033 12742 827 659 168 12524 170056 12949 11735 5718 6017 617 388 157107 57933 40530 17403 10565 99174 29226 22130 21681 69948 5134 4492 4141
internal_count=183961 130 183831 13775 1033 12742 827 659 168 12524 170056 12949 11735 5718 6017 617 388 157107 57933 40530 17403 10565 99174 29226 22130 21681 69948 5134 4492 4141
cat_boundaries=0 1 2 3 4 5 6 7 8 9
cat_threshold=1296 2 63496 588 4 54326 17029 4 43008
is_linear=0
shrinkage=0.05


Tree=157
num_leaves=31
num_cat=3
split_feature=13 23 16 16 13 12 5 20 20 3 20 17 0 17 23 20 20 0 17 5 16 13 10 17 17 10 10 10 12 0
split_gain=5.1241 4.56563 6.99836 6.75277 5.37327 5.31349 4.6932 5.69245 5.50203 4.43213 4.32784 4.27728 4.07698 8.79099 10.3299 6.98362 8.01164 9.11976 5.49979 5.38191 8.52049 5.34565 6.7489 6.11492 5.29907 16.6224 9.29649 8.09861 10.2616 7.76957
threshold=9.2471781552446988 7.071784956884632 0.11506043413769938 0.019904899595063856 7.9199014799889058 6.3126414277150058 1.0000000180025095e-35 0.11435192249130145 0.26899209233648513 1.0000000180025095e-35 0.077151925572931906 6.3147214931391193 0 5.9841555006066143 5.9244963238185209 0.069320016001576321 0.059723064261871316 1 7.0367338286196341 1.0000000180025095e-35 0.018172895174427533 6.2116030863880871 6.4523117665326337 7.0286585642461006 6.5664042917183334 7.9015624361563814 6.6418344855539244 6.4792771020676119 7.4682278018910955 2
decision_type=10 10 10 8 10 8 2 10 10 2 10 10 1 8 10 10 8 1 8 2 10 8 8 8 10 10 8 10 10 1
left_child=1 12 3 5 6 -3 7 -4 -9 -5 -11 -8 13 14 -1 16 18 -18 19 -15 -21 -14 23 -23 25 27 -26 28 -24 -29
right_child=-2 2 4 9 -6 -7 11 8 -10 10 -12 -13 21 15 -16 -17 17 -19 -20 20 -22 22 24 -25 26 -27 -28 29 -30 -31
leaf_value=-0.0014535092154315254 0.0084206693228989771 -0.0016452163756903726 0.0026755443628065038 -0.00093840111977212543 -0.0028495512053940079 0.00017627311152312863 0.0036125339424712744 0.00035576513487507456 0.004030219719477657 1.0298095279970276e-05 -0.00056325283314571093 -0.00075640448367253477 0.00062606381668428579 1.8406530959036439e-05 -0.02683214725755674 -1.3351448256315736e-06 -0.0016102769941569895 -0.00026253917074525734 -0.0004994644740728305 -0.00081151127047842666 0.0014164822716229875 -0.00033618491505269524 -9.3273432942186939e-06 -0.012124706468162438 -0.00054764014712622717 0.014470446858708953 2.3168238164905653e-05 0.0012653270192052092 0.0064792387600559609 0.00026967679238829593
leaf_weight=341 53 32 149 1110 91 746 20 881 125 2312 3603 169 1554 2328 104 33137 972 1690 821 37 209 5274 7309 127 3415 115 113822 963 178 2117
leaf_count=341 53 32 149 1110 91 746 20 881 125 2312 3603 169 1554 2328 104 33137 972 1690 821 37 209 5274 7309 127 3415 115 113822 963 178 2117
internal_value=2.14903e-05 1.70067e-05 -0.00106625 -0.00165641 0.00214286 0.0027635 0.00293899 0.0041342 0.0027833 -0.00214591 -0.00160186 -0.00436508 7.43498e-05 -0.000371384 -0.00735955 -0.000292137 -0.00185323 -0.00390684 -0.000243004 0.000893551 0.00792683 0.000205362 0.000171392 -0.0015599 0.000244491 0.00131062 0.000147351 0.00110485 0.000217043 0.00326299
internal_weight=183804 183751 9238 7803 1435 778 1344 1155 1006 7025 5915 189 174513 39639 445 39194 6057 2662 3395 2574 246 134874 133320 5401 127919 10682 117237 10567 7487 3080
internal_count=183804 183751 9238 7803 1435 778 1344 1155 1006 7025 5915 189 174513 39639 445 39194 6057 2662 3395 2574 246 134874 133320 5401 127919 10682 117237 10567 7487 3080
cat_boundaries=0 1 2 3
cat_threshold=9992 8192 55296
is_linear=0
shrinkage=0.05


Tree=158
num_leaves=31
num_cat=2
split_feature=10 23 23 0 8 19 19 19 10 17 21 23 13 21 23 22 10 19 5 23 21 23 21 23 21 17 22 19 1 10
split_gain=4.75175 7.57675 3.84385 5.97961 10.9068 6.2484 5.96959 7.98185 6.25909 7.17968 5.95159 5.77231 6.82453 8.58541 6.47996 5.21209 5.20224 5.07335 4.95725 5.41545 4.94992 4.73821 4.53488 13.1987 7.15478 6.45825 5.75989 7.75207 5.18448 6.18116
threshold=5.5729269024244674 6.0188070890551968 6.9746572882518736 0 4.5000000000000009 6.3884462446230854 7.4590218600978018 7.5626114678821343 7.4404391602237441 7.4797037160445772 7.276832951398327 4.995822278138113 8.1896606337060707 5.361995895593366 5.2886807807109699 6.7950344026536387 8.0562679118615215 7.0656292606887492 1.0000000180025095e-35 5.2518227541910409 6.2187992832076082 6.2437017006216244 5.21520742292401 5.6914034743529536 6.4105858971968752 7.5918238651324224 5.9647348198034997 6.977718970487822 1 7.1689649569673177
decision_type=8 8 10 1 2 8 10 10 10 10 10 8 10 8 8 10 10 10 2 8 10 10 10 8 10 10 8 10 1 10
left_child=1 -1 3 4 5 -2 8 -8 -4 -10 15 -6 13 16 -14 22 17 -13 19 -15 -16 -17 -5 25 26 -24 27 -25 -26 -30
right_child=2 -3 6 10 11 -7 7 -9 9 -11 -12 12 14 18 20 21 -18 -19 -20 -21 -22 -23 23 24 28 -27 -28 -29 29 -31
leaf_value=0.00074282548488717741 0.0039569016992542011 -0.017817658814709248 -4.1921801990740806e-05 5.3549278151265873e-06 0.0023886411493007523 0.00072252112394095575 -0.0017982552742132453 -0.00027734447017149224 0.0022074511083819194 -0.000817969084778758 -0.0018097313657883696 0.001509320995815089 -0.0031974477811866466 0.0027581407905714617 0.00045535687802038542 -0.00040898306130952026 0.0031533304748031735 0.00057127667081338098 0.00056328408764001476 -4.6587098289441188e-05 -0.0013887273102327403 0.00061638407458597388 -0.00048147515680776467 0.001378896049199474 -0.00037879237896571994 -0.0014238275488152486 0.00035898892958503571 -0.0007611033162346015 -0.00026488771091286444 0.00064813767330855758
leaf_weight=65 52 67 9739 136308 450 2505 527 2279 312 115 296 106 154 178 281 716 147 669 1130 9948 256 2386 4043 229 3134 807 3734 485 1283 1298
leaf_count=65 52 67 9739 136308 450 2505 527 2279 312 115 296 106 154 178 281 716 147 669 1130 9948 256 2386 4043 229 3134 807 3734 485 1283 1298
internal_value=1.34731e-05 -0.0094697 2.02923e-05 8.33846e-05 0.00100718 0.00399883 -0.000809436 -0.00285103 -0.000245918 0.00567916 -1.14717e-05 0.000433591 0.000238946 0.000513221 -0.00459479 2.10461e-06 0.00515184 0.00351613 0.000133262 -0.000217262 -0.00200186 0.00203095 -3.94856e-05 -0.000864251 0.000159894 -0.00301031 0.00166367 -0.00245098 -0.0010105 0.000648973
internal_weight=183699 132 183567 170595 15876 2557 12972 2806 10166 427 154719 13319 12869 12178 691 154423 922 775 11256 10126 537 3102 151321 15013 10163 4850 4448 714 5715 2581
internal_count=183699 132 183567 170595 15876 2557 12972 2806 10166 427 154719 13319 12869 12178 691 154423 922 775 11256 10126 537 3102 151321 15013 10163 4850 4448 714 5715 2581
cat_boundaries=0 1 2
cat_threshold=20480 4
is_linear=0
shrinkage=0.05


Tree=159
num_leaves=31
num_cat=1
split_feature=10 23 15 10 21 10 4 13 16 10 20 15 13 13 22 17 16 17 16 23 10 1 16 18 10 15 10 15 23 21
split_gain=4.48488 4.84598 4.35582 13.163 11.6846 9.73629 6.57199 5.72826 8.64219 7.66463 14.9669 7.24678 10.005 9.72382 10.2352 7.83645 7.41408 6.90865 10.8279 9.52161 7.98719 7.6594 6.69097 6.12849 5.94192 21.6322 9.0881 11.9934 8.9106 6.39883
threshold=5.7087686410618739 5.9244963238185209 6.216661124246083 6.2700423577822813 1.3986406674150766 6.1323122662398957 2.5000000000000004 6.5403079774037876 0.017262389838694381 6.7010385181034522 0.32792034134839126 6.6438060245300088 6.5827171805257967 6.8007265513869113 5.3237413891874761 6.2950619357622868 0.046136951816006661 6.6489644359581987 0.019099714277765998 6.5738585738546149 6.5388628896926706 0 0.030294187848798431 0.090622505831806505 6.9413512154243238 6.9087610166783255 6.8495962243894803 6.8182136752619265 7.008078582606176 5.236707849568468
decision_type=8 10 8 8 8 10 2 8 10 8 8 8 10 8 8 8 10 10 8 8 10 1 8 10 8 8 10 8 8 8
left_child=1 -1 5 4 -4 6 -2 8 -5 10 17 12 -11 14 -13 -15 22 20 23 21 -9 -20 -16 -19 25 26 27 -17 -29 -27
right_child=2 -3 3 7 -6 -7 -8 9 -10 11 -12 13 -14 15 16 24 -18 18 19 -21 -22 -23 -24 -25 -26 29 -28 28 -30 -31
leaf_value=-0.00095099957974849054 -0.00062882929839354069 -0.0097515919026939461 0.0043368772611966921 -0.00072815173305669229 -0.0015475439922449487 0.00054990763163216278 0.00064685995375493024 -0.00033389129068361889 0.00043926017577593517 -6.8145271715724936e-06 -0.0044749312430795605 -7.7043260337594799e-05 -0.0016653511913498733 -0.0043222972320422492 0.00046872118708747302 0.00019045654040747984 0.00092694792473149159 0.00060232165111884228 0.0017334858833480294 -0.00090676406997860506 0.00028684338705333714 -0.00065829668220538382 -0.00031332318015597771 -0.0004399872745883826 2.0690803965939253e-05 -0.0003469258586384694 0.0001357789500726625 -0.00015233921357722392 -0.00099728894668216217 -0.00093166290650925632
leaf_weight=216 1109 85 203 756 2150 1617 1659 2858 8294 1828 818 3588 1148 250 726 2655 2551 147 560 2307 3878 3056 1097 60 125905 4377 4529 1414 946 2793
leaf_count=216 1109 85 203 756 2150 1617 1659 2858 8294 1828 818 3588 1148 250 726 2655 2551 147 560 2307 3878 3056 1097 60 125905 4377 4529 1414 946 2793
internal_value=3.51345e-05 -0.00606312 4.51497e-05 6.98738e-06 -0.00370803 0.00160205 -0.000198699 5.65025e-05 0.00128177 -9.70201e-06 -0.00114367 9.11857e-05 -0.00235215 0.000139394 0.00183999 4.46213e-05 0.00346365 -0.000726722 -0.00194127 -0.00233412 0.000378563 -0.000732854 0.00102852 0.00929952 6.01252e-05 -0.000825655 0.000733445 -0.000732802 -0.00332627 -0.00290098
internal_weight=183580 301 183279 178894 2353 4385 2768 176541 9050 167491 13684 153807 2976 150831 7962 142869 4374 12866 6130 5923 6736 3616 1823 207 142619 16714 9544 5015 2360 7170
internal_count=183580 301 183279 178894 2353 4385 2768 176541 9050 167491 13684 153807 2976 150831 7962 142869 4374 12866 6130 5923 6736 3616 1823 207 142619 16714 9544 5015 2360 7170
cat_boundaries=0 1
cat_threshold=4
is_linear=0
shrinkage=0.05


Tree=160
num_leaves=31
num_cat=3
split_feature=4 16 8 19 20 0 7 0 18 16 17 19 19 20 20 22 19 20 12 19 16 16 16 19 18 0 6 16 20 10
split_gain=3.68129 9.13644 5.85355 10.0149 8.71597 8.02522 5.57605 5.57367 6.03175 7.9137 4.78196 4.71276 4.61045 5.27382 7.13063 4.59332 4.51348 8.05337 8.72728 6.69694 4.88861 4.40747 6.51039 4.6535 4.20744 8.63176 6.73558 7.10928 7.07974 5.69257
threshold=11.500000000000002 0.014683614468516246 1.5000000000000002 8.4829332955706498 0.29560471560188389 0 36.500000000000007 1 0.060765528447053518 0.037237291816758188 6.3887156949822073 6.3118571825043261 7.1487498694592677 0.20218178730461786 0.1711825927763462 5.4883176778983378 7.0401552938386205 0.13837483777848023 6.8569880235699889 7.2462353254192857 0.3811619325567363 0.098441196331072553 0.03255724530638348 6.8746937081132566 0.036778982082173665 2 1.0000000180025095e-35 0.03093707086265091 1.0000000180025095e-35 6.9072550288153467
decision_type=2 8 2 10 8 1 8 1 10 8 10 8 10 8 10 8 10 10 10 10 10 10 8 10 8 1 2 8 10 8
left_child=24 10 3 4 -3 6 -6 8 9 -4 -2 -9 13 14 21 -12 17 18 -10 -18 -19 22 -13 -23 25 -1 28 29 -27 -28
right_child=1 2 7 -5 5 -7 -8 11 16 -11 15 12 -14 -15 -16 -17 19 20 -20 -21 -22 23 -24 -25 -26 26 27 -29 -30 -31
leaf_value=-0.00055910213990255646 -0.00037163477538206815 -0.0030653354942423495 -0.00051572476175385515 0.019430594476379959 -0.0083350123630123504 0.006575887907809364 0.019365905788294425 0.0025811844237634499 -0.0011999220380885412 0.00096236990611555664 0.00035937906423795242 5.9647515440852672e-05 -0.00019427395565543295 -0.0028166224091974446 0.0015424086019724115 0.00019339184015219058 -0.0014009794567778401 0.0011507266501122437 0.0010876986947314872 -0.00015653313494041755 -0.016498366516861873 0.0017703566365551372 -0.0010710533149251411 -0.0016003585804321931 3.0511350309225807e-05 -1.6369435164520495e-05 0.00034289825555484655 -0.00039072011974869983 5.7290471468363084e-05 -1.184738323019019e-05
leaf_weight=533 26 733 361 31 90 176 22 81 561 752 180 382 3452 404 210 344 607 1063 118 2808 23 194 1179 265 156179 335 311 2163 6343 3865
leaf_count=533 26 733 361 31 90 176 22 81 561 752 180 382 3452 404 210 344 607 1063 118 2808 23 194 1179 265 156179 335 311 2163 6343 3865
internal_value=5.84904e-06 -0.000771583 -0.00102872 -0.00461027 -0.00546033 0.00190972 -0.00819672 -0.000726324 0.000321276 0.00366128 0.00554545 -0.00179294 -0.00195531 -0.00353075 -0.00257848 0.00658397 -0.000395753 0.00165722 -0.00261414 -0.00145681 0.00432781 -0.0034901 -0.00475657 0.000816993 7.02591e-05 -0.000774908 -0.000516236 -0.00168402 0.000591494 -0.000478927
internal_weight=183791 14062 13512 1052 1021 288 112 12460 6293 1113 550 6167 6086 2634 2230 524 5180 1765 679 3415 1086 2020 1561 459 169729 13550 13017 6339 6678 4176
internal_count=183791 14062 13512 1052 1021 288 112 12460 6293 1113 550 6167 6086 2634 2230 524 5180 1765 679 3415 1086 2020 1561 459 169729 13550 13017 6339 6678 4176
cat_boundaries=0 1 2 3
cat_threshold=8358 1717 74
is_linear=0
shrinkage=0.05


Tree=161
num_leaves=31
num_cat=2
split_feature=13 0 23 10 20 15 10 19 23 14 20 13 16 19 10 18 1 20 18 19 14 4 15 10 13 4 21 5 19 5
split_gain=5.04035 3.46475 9.08041 7.91834 6.70472 6.23362 10.92 9.09437 6.6387 7.10113 8.29233 11.742 6.86491 6.79924 10.7959 8.04766 6.63682 7.99245 6.11462 6.11278 5.99027 7.54929 6.73827 6.03756 5.60322 5.57676 6.27619 5.50786 5.17482 5.15561
threshold=9.3545179236839946 0 5.2699693949249218 7.0904933289280381 0.48191591808416084 6.7892361583621872 6.8314139001060186 8.0865182092703414 6.9122591015999744 7.4404391602237441 0.12626522696638701 8.4367383964734284 0.044505994786822455 7.7240022494579099 7.675080887828444 0.057452041218379137 1 0.15219414839452497 0.077534836874518051 8.2362778391612128 6.2156070997535293 2.5000000000000004 6.4589096576097758 6.6100226439425702 6.8007265513869113 8.5000000000000018 6.7286884181203579 1.0000000180025095e-35 6.7110850337203036 1.0000000180025095e-35
decision_type=10 1 8 10 10 10 8 10 8 10 10 10 10 10 10 10 1 8 10 8 8 2 8 10 8 2 10 2 10 2
left_child=1 2 3 -1 5 7 -7 16 12 24 18 -12 -8 14 25 -15 -4 20 -11 -5 -18 27 -23 -24 -10 29 -27 -22 -25 -14
right_child=-2 -3 4 19 -6 6 8 -9 9 10 11 -13 13 15 -16 -17 17 -19 -20 -21 21 22 23 28 -26 26 -28 -29 -30 -31
leaf_value=0.0024536981614696977 0.018692821158465822 -1.1047476724179717e-05 0.00050191784311366401 0.0012103759260456261 -0.0043355097554114153 -0.00094742768459044058 -5.5778988866350689e-05 0.0051651838629950932 0.001167785357724771 -0.00037319445591417201 -0.0018422469544253418 0.0035318708403575096 0.00034194315128974754 0.0034970503499945019 0.0036925638814960362 -0.00044371971884009658 0.00064906865079952249 0.001132217546898917 0.0011497681232945035 -0.0011835413606178236 -0.0013252799846279473 0.00065243217241031106 -0.00063267628430851985 0.00073651218348920195 -5.3301316687148771e-05 0.0027611896324124087 -1.896456311007988e-05 0.00060066426266653934 -0.00019280507038537122 0.001766958850692335
leaf_weight=551 24 154675 2944 800 30 768 3059 255 238 774 568 71 2014 74 222 1264 351 1318 231 221 739 752 1776 424 8211 334 169 127 550 213
leaf_count=551 24 154675 2944 800 30 768 3059 255 238 774 568 71 2014 74 222 1264 351 1318 231 221 739 752 1776 424 8211 334 169 127 550 213
internal_value=4.48987e-06 1.49682e-06 0.000502443 0.00419847 0.000291163 0.000316986 -0.00021966 0.00137505 3.72664e-05 -0.000795106 -0.0038017 -0.00825509 0.00118043 0.00247086 0.00381098 -0.0004858 0.00111068 0.000161504 -0.000970149 0.00159158 -0.000799958 -0.00130495 -0.000271274 -0.00141818 -0.000210084 0.00294872 0.00770378 -0.00548499 0.00174538 0.00187472
internal_weight=183747 183723 29048 1572 27476 27446 18210 9236 17442 10093 1644 639 7349 4290 2952 1338 8981 6037 1005 1021 4719 4368 3502 2750 8449 2730 503 866 974 2227
internal_count=183747 183723 29048 1572 27476 27446 18210 9236 17442 10093 1644 639 7349 4290 2952 1338 8981 6037 1005 1021 4719 4368 3502 2750 8449 2730 503 866 974 2227
cat_boundaries=0 1 2
cat_threshold=20608 4
is_linear=0
shrinkage=0.05


Tree=162
num_leaves=31
num_cat=4
split_feature=3 12 16 0 17 7 10 20 3 20 0 16 15 17 11 23 18 10 15 0 4 20 15 10 20 0 13 18 12 18
split_gain=4.01581 7.42255 5.9711 5.73789 6.85054 6.54651 5.87141 4.9983 4.67302 9.48606 8.15122 7.87852 6.86413 9.68428 7.04341 8.44891 5.97102 5.44261 15.6856 6.12484 5.57428 5.63099 5.03596 12.1621 5.13922 4.91308 5.44446 6.06667 4.83343 4.67559
threshold=1.5000000000000002 8.519886444761223 1.1904002499163084e-07 0 7.7500375875879248 93.500000000000014 6.8367960459813295 0.096637317966020153 5.5000000000000009 0.070705356063605854 1 1.0000000180025095e-35 6.9087610166783255 7.8978964357955705 6.6739296797910415 3.8113069407217437 0.3907492643283455 6.2567088148180039 6.2401693155098394 2 3.5000000000000004 0.077151925572931906 6.4589096576097758 6.4746617065281837 0.059723064261871316 3 6.4159146208419617 0.054029916636066655 6.2156070997535293 0.10234586653992676
decision_type=2 10 10 1 8 10 8 10 2 8 1 8 10 10 10 8 8 8 8 1 2 10 8 8 10 1 10 10 10 10
left_child=1 2 3 -1 7 6 -6 -5 17 10 -10 -12 13 14 15 16 -11 18 20 -20 21 -2 25 24 -24 -19 -27 -28 -23 -29
right_child=8 -3 -4 4 5 -7 -8 -9 9 12 11 -13 -14 -15 -16 -17 -18 22 19 -21 -22 28 23 -25 -26 26 27 29 -30 -31
leaf_value=-0.0030513801154278264 0.00050614175904628578 0.0032368263376020058 0.00010159080262992504 -7.6633224198952029e-05 -0.0063428288005476403 -0.010183802444593893 0.0014219346205217144 -5.5886889516898466e-05 -0.00097717852124696854 0.0014904058472187788 -2.7949117928738334e-05 -1.5939537529430226e-05 8.9339070380001224e-06 0.0048257535989101544 0.00086459076034701716 -5.140841651924966e-05 -0.01167054153067606 -5.4341802314805677e-05 -0.00031301614779746247 -0.002602515016637197 0.00053116800441315175 -0.001582991674929546 -0.0030128507038592826 -3.5250200885861287e-05 -0.0015847696890764597 0.00069806227987916363 0.00090113512834042462 -0.0019669899975669038 0.00058182457313415981 0.00033939862366789698
leaf_weight=642 376 384 46707 1545 45 57 1461 2265 742 1454 231 3579 11552 311 3017 5179 35 2099 287 835 795 632 74 96030 1037 1957 87 149 174 128
leaf_count=642 376 384 46707 1545 45 57 1461 2265 742 1454 231 3579 11552 311 3017 5179 35 2099 287 835 795 632 74 96030 1037 1957 87 149 174 128
internal_value=-1.35969e-06 0.000365307 0.000314859 -0.00116791 -0.000626974 0.00215931 0.00278884 -0.00177165 -0.000150275 0.000448276 -0.00162566 -0.000680628 0.000886393 0.00184574 0.00156686 0.000659868 0.00397918 -0.000299541 -0.00236367 -0.00708556 0.000316136 -0.00186125 -0.000236557 -0.00031166 -0.00551305 0.00141403 0.00299228 -0.00260989 -0.00421836 -0.00622744
internal_weight=183866 53106 52722 6015 5373 1563 1506 3810 130760 26100 4552 3810 21548 9996 9685 6668 1489 104660 3099 1122 1977 1182 101561 97141 1111 4420 2321 364 806 277
internal_count=183866 53106 52722 6015 5373 1563 1506 3810 130760 26100 4552 3810 21548 9996 9685 6668 1489 104660 3099 1122 1977 1182 101561 97141 1111 4420 2321 364 806 277
cat_boundaries=0 1 2 3 4
cat_threshold=8576 8778 16462 8826
is_linear=0
shrinkage=0.05


Tree=163
num_leaves=31
num_cat=2
split_feature=14 15 7 17 0 19 14 20 17 23 3 20 14 14 0 18 20 23 16 15 20 19 20 3 19 17 15 23 19 19
split_gain=3.90214 10.5178 12.9453 5.30357 4.44996 5.91209 5.24147 3.94691 3.79524 6.16475 3.95833 3.65523 3.97552 3.49361 3.18349 11.5745 9.43828 11.4045 9.87141 9.29097 9.05521 7.89848 7.12077 7.04839 6.81691 6.34539 13.6454 5.9241 5.87557 6.18931
threshold=8.2573848150395737 8.7983821770676496 1.0000000180025095e-35 8.4500833425192443 0 8.3531820737346596 8.9172057226338222 0.07002109562555825 8.5337749101913492 2.4250970790912172 3.5000000000000004 0.20218178730461786 8.9241230053980214 8.3924192937110451 1 0.20458154259467673 0.2003818420810895 6.8553515217369645 0.049245526277660559 7.6804502555480054 0.48191591808416084 7.6555645855975731 0.18148182637084198 1.0000000180025095e-35 8.2027777531673554 7.9415154561939474 7.8850943611837252 7.098056190590488 6.6253014872725187 8.0094198647998471
decision_type=10 8 10 8 1 10 10 10 10 10 2 10 10 10 1 10 10 8 10 10 10 10 10 2 10 10 10 10 10 10
left_child=14 4 11 7 6 13 8 -4 -2 -10 -11 -3 -13 -6 15 16 17 18 21 28 22 23 -17 -1 -20 26 -19 -28 -18 -30
right_child=1 2 3 -5 5 -7 -8 -9 9 10 -12 12 -14 -15 -16 20 19 25 24 -21 -22 -23 -24 -25 -26 -27 27 -29 29 -31
leaf_value=-0.00054707237904172423 -0.0011907085604475843 -0.001135477512937122 0.0086061691729472766 0.0107039316447334 -7.1351858781865121e-05 -0.0016790058081943117 -0.0081165657685605911 8.0325685591953191e-05 -0.0036149545212757154 0.0039398470807688211 -0.00090887118056706131 -0.00071184497391343362 0.0052343604239137864 0.0023400628633938325 -2.226156659368428e-06 -0.0035313466621733625 0.0055981403216238904 -1.8643226136649815e-05 0.0010703873161939993 -0.0016713312708337648 -0.0018531361290488046 0.00089172761813003385 0.0031894412191008749 3.8933638838223317e-05 -0.0011775419654652453 0.00095904448426669124 -0.0015221376104526787 0.0036399883102091082 -0.00065148346930929977 0.0045072105114194018
leaf_weight=449 1986 249 27 204 372 407 85 136 62 95 57 150 74 264 155482 132 32 14057 3132 521 59 397 1122 2076 165 549 130 20 1167 55
leaf_count=449 1986 249 27 204 372 407 85 136 62 95 57 150 74 264 155482 132 32 14057 3132 521 59 397 1122 2076 165 549 130 20 1167 55
internal_value=2.4903e-05 -0.00148752 0.0035119 0.0105586 -0.0027494 -2.37417e-05 -0.00397603 0.00383436 -0.00352273 0.00280374 0.00822368 -0.0019556 0.00267857 0.00298742 6.00128e-05 0.000595065 0.000331868 0.000628129 0.00242402 -0.00316901 0.00515994 0.000308008 0.00606061 -0.000722772 0.00429936 -0.000128761 -0.000332583 -0.0153333 -0.000837321 -0.00139116
internal_weight=183713 4168 840 367 3328 1043 2285 163 2200 214 152 473 224 636 179545 24063 22750 20975 6219 1775 1313 2922 1254 2525 3297 14756 14207 150 1254 1222
internal_count=183713 4168 840 367 3328 1043 2285 163 2200 214 152 473 224 636 179545 24063 22750 20975 6219 1775 1313 2922 1254 2525 3297 14756 14207 150 1254 1222
cat_boundaries=0 1 2
cat_threshold=18987 16512
is_linear=0
shrinkage=0.05


Tree=164
num_leaves=31
num_cat=3
split_feature=12 0 21 15 17 19 19 16 16 15 10 0 4 4 12 16 18 10 4 7 17 16 0 4 10 19 18 15 10 10
split_gain=3.95793 3.22803 5.9466 14.9041 12.6574 12.5939 6.52319 6.50511 5.89827 6.25191 8.47814 10.0851 6.99769 5.60857 5.53781 4.83055 6.40209 10.7697 8.60994 6.57935 5.89775 13.4441 6.10814 6.08399 5.95805 6.67378 7.51916 5.57251 5.32169 5.27523
threshold=9.2154150374028525 0 1.8000241202036604 7.4880225585237339 7.5110800060882079 7.4443603456260439 7.4168250591343163 0.098441196331072553 0.26982383811451027 8.0536723757832238 7.3142198319787717 1 1.5000000000000002 1.5000000000000002 7.8254445331668174 0.12351774036278522 1.0000000180025095e-35 7.4682278018910955 6.5000000000000009 3.5000000000000004 8.2948384325981515 0.1258726441417275 2 10.500000000000002 8.4602939840099207 8.0370057272781104 0.13744227130442008 7.7027066716516055 8.0434947150409375 7.5503982927968831
decision_type=10 1 8 10 10 8 10 10 10 10 10 1 2 2 10 8 10 8 2 10 10 10 1 2 10 10 10 8 10 10
left_child=1 2 3 5 7 6 -1 -5 15 10 11 14 -12 -6 -10 16 17 18 -4 -18 22 -22 23 24 25 29 -27 -25 -29 -17
right_child=-2 -3 8 4 13 -7 -8 -9 9 -11 12 -13 -14 -15 -16 20 19 -19 -20 -21 21 -23 -24 27 -26 26 -28 28 -30 -31
leaf_value=1.4112974620372754e-05 0.0083783899381039365 -2.617768670045706e-05 -6.918582888642e-05 -0.00068349225024983979 0.00041643671848730081 0.0013760311589943175 -0.0008292946345102248 0.0063703270027137384 -0.0058327790814454829 -0.0056167822201473429 -0.011846256974384817 -0.00013310743847014806 0.0015907465214842988 -0.00015168512847902883 0.0070179993526666264 0.00066251446757603638 -6.0956004042100886e-06 -0.00023008925369127908 0.00011321067278620146 0.001284251641464218 0.006428725724594209 0.00011908198558860939 -2.6088564069981504e-05 0.00084834004901976909 0.009601048524119183 0.0025886914644576153 -0.0032983332664993092 -0.0019592581994977822 0.0020043878962400898 0.0019673734880172769
leaf_weight=2427 53 117181 71 201 106 427 146 25 618 178 46 860 761 1043 57 6224 38232 211 60 198 263 502 10645 596 37 76 198 911 128 900
leaf_count=2427 53 117181 71 201 106 427 146 25 618 178 46 860 761 1043 57 6224 38232 211 60 198 263 502 10645 596 37 76 198 911 128 900
internal_value=1.75863e-05 1.36368e-05 0.000292864 0.00207429 -0.00223636 0.00405 0.00273028 -0.0130531 0.000166742 -0.00220238 -0.0015158 -0.00369707 0.00263321 -0.00010879 -0.00821168 0.000267502 -6.06108e-05 -0.00687135 0.00438931 0 0.000888672 0.00519608 0.000721532 0.00167401 0.00228312 0.00218302 -0.00547445 -0.00108563 -0.00329644 0.00247754
internal_weight=183381 183328 66147 4375 1375 3000 2573 226 61772 2520 2342 1535 807 1149 675 59252 38772 342 131 38430 20480 765 19715 9070 7435 7398 274 1635 1039 7124
internal_count=183381 183328 66147 4375 1375 3000 2573 226 61772 2520 2342 1535 807 1149 675 59252 38772 342 131 38430 20480 765 19715 9070 7435 7398 274 1635 1039 7124
cat_boundaries=0 1 2 3
cat_threshold=55684 32768 53248
is_linear=0
shrinkage=0.05


Tree=165
num_leaves=31
num_cat=0
split_feature=11 23 18 22 22 18 14 15 19 15 20 21 22 10 23 11 21 19 12 18 13 10 15 18 19 19 20 23 22 18
split_gain=4.02895 3.2199 5.96899 5.35758 4.78284 4.16552 3.82537 5.21074 4.50788 4.20094 6.18053 3.7697 10.7447 9.36553 7.83572 8.78656 6.84764 6.62671 6.46835 5.99844 5.98276 7.42001 6.29921 5.68562 5.59133 7.64742 7.64727 5.13514 4.93378 4.7474
threshold=9.2154150374028525 7.071784956884632 0.016699584755952179 6.8824887504194612 6.9099528426133352 0.31057921840702168 7.3768197455032354 7.2342535109878527 7.9884189688966964 7.7391464824435188 0.037168973575952287 5.236707849568468 5.9647348198034997 5.5729269024244674 4.7157207853159067 7.4404391602237441 6.6496317993061007 8.6730548214017276 7.3814970480868451 0.056744586759611096 7.5503982927968831 7.4974835395764439 7.4880225585237339 0.3907492643283455 7.2522342267063902 6.1920460200698395 0.13356372124408386 6.3562856519958002 6.7478212135268896 0.056222662982527184
decision_type=10 10 10 10 8 10 10 10 8 8 10 10 8 10 10 8 10 10 8 10 8 8 10 8 10 8 10 10 8 10
left_child=1 3 -3 11 -4 -6 7 8 -5 10 -8 14 20 -14 -1 27 -15 18 19 -17 21 22 -13 28 25 -20 -26 -16 -18 -29
right_child=-2 2 4 6 5 -7 9 -9 -10 -11 -12 12 13 16 15 17 23 -19 24 -21 -22 -23 -24 -25 26 -27 -28 29 -30 -31
leaf_value=-5.0765649981077139e-06 0.0054171985601676022 0.00034692793947352921 -0.00076569036975846503 0.00017529006773076006 -0.00012295731116525045 0.005487103322299092 0.001435492273148764 0.00096018244762463567 0.0064071067210472732 0.00066193114069110779 -0.00053924718335554014 -0.00035451433693145518 -0.010285066312454983 0.00015774853375152278 0.0001197922317275335 -0.00054602391021494332 -0.00033698367510988093 -0.0049990569549318133 -0.031870092390419824 0.00040605347358537716 -0.0011567731649281931 0.00087588263871047907 -0.0011666421332403143 0.0028990154413854443 0.0008036667520794794 0.0029291369705508165 0.00036160647835334906 -0.00064243104095225163 2.3319016105194381e-06 -0.00019267427800158111
leaf_weight=131675 56 133 670 3585 8400 49 78 1062 38 846 948 4228 118 8917 5448 317 3272 101 27 1159 1660 435 126 143 1930 529 2340 554 4097 1062
leaf_count=131675 56 133 670 3585 8400 49 78 1062 38 846 948 4228 118 8917 5448 317 3272 101 27 1159 1660 435 126 143 1930 529 2340 554 4097 1062
internal_value=-1.64399e-05 -2.05222e-05 -0.000929529 2.76196e-05 -0.0010829 -0.000760445 0.00142977 0.00219317 0.00129037 -0.000480769 -0.00263158 -2.70611e-05 -0.000621847 5.28797e-05 6.71756e-05 0.00121594 0.000153692 0.00255739 0.00276103 -0.000135501 -0.00235308 -0.00145646 -0.00207855 -0.000958466 0.00364691 0.00836331 0.00303279 0 -0.00115009 -0.00247525
internal_weight=184003 183947 9252 174695 9119 8449 6557 4685 3623 1872 1026 168138 22996 16547 145142 13467 16429 6403 6302 1476 6449 4789 4354 7512 4826 556 4270 7064 7369 1616
internal_count=184003 183947 9252 174695 9119 8449 6557 4685 3623 1872 1026 168138 22996 16547 145142 13467 16429 6403 6302 1476 6449 4789 4354 7512 4826 556 4270 7064 7369 1616
is_linear=0
shrinkage=0.05


Tree=166
num_leaves=31
num_cat=2
split_feature=4 16 13 13 17 16 14 15 17 0 22 16 10 13 14 23 1 15 17 14 13 3 10 11 13 12 10 23 13 10
split_gain=4.14755 9.9021 8.17435 6.06262 8.39183 6.75315 5.69384 5.07401 4.9694 4.7999 5.99998 5.95205 4.8144 4.62393 6.14247 4.27378 4.2193 4.09312 5.66407 3.82558 3.63034 4.25681 5.29833 3.96122 3.60932 11.217 10.8303 10.0116 16.0292 8.59228
threshold=11.500000000000002 0.014683614468516246 6.2176031103882972 7.8452197668196186 8.3877880361832258 0.055562424200658468 7.1232697219018464 7.633921693492665 7.5623564083547388 0 7.0219318180496062 0.098441196331072553 7.577377095608937 5.5729269024244674 5.5729269024244674 5.6914034743529536 1 6.2401693155098394 6.2950619357622868 7.7465022115569893 6.9092540304800165 1.5000000000000002 7.3128864978553141 7.3128864978553141 6.5882382461791584 6.5785562848655745 6.2275238364393255 6.3562856519958002 6.2547894266644208 6.344758397477464
decision_type=2 8 8 8 10 10 10 10 10 1 10 10 10 8 10 8 1 8 10 10 8 2 10 10 8 10 10 8 10 10
left_child=13 2 -2 7 6 -6 -5 9 16 11 17 12 -3 14 -1 -9 20 -11 -19 -10 -4 22 -22 -23 25 26 -15 -28 -29 -30
right_child=1 3 8 4 5 -7 -8 15 19 10 -12 -13 -14 24 -16 -17 -18 18 -20 -21 21 23 -24 -25 -26 -27 27 28 29 -31
leaf_value=-0.013755554729807962 -0.00034810955224315879 -0.00066426195100368626 -0.0021518049941224196 -0.00044615580951787862 0.0051881764451692019 5.8273219159943329e-05 -0.0013417775336486805 0.0016867757518126414 -0.00074545080798009704 0.00073395173189076961 0.001749011818672086 0.00032529704974715301 0.0028957279321916163 -0.00026176773589470237 0.0057022989984979681 -0.00045125974604700583 0.00059590251927716948 -0.0022421447640014413 -3.1333277541234494e-05 0.0010425181485403279 0.002306895541859433 -1.3151477824902004e-05 -2.6361222351756199e-05 2.3816077151428418e-05 -4.4045786204982564e-07 0.0010780809265336754 -7.820634749702294e-05 0.0016372030592732402 -0.00067864950273723859 0.00051037404237046506
leaf_weight=83 32 1728 36 3010 128 267 1990 511 87 169 227 912 26 6789 33 331 209 68 4043 43 20 32 26 61 153655 2596 3377 478 419 2489
leaf_count=83 32 1728 36 3010 128 267 1990 511 87 169 227 912 26 6789 33 331 209 68 4043 43 20 32 26 61 153655 2596 3377 478 419 2489
internal_value=-2.58328e-06 -0.000831184 0.00576923 -0.00109993 -0.00239574 0.00462025 -0.00295 -0.000227698 0.00729572 -0.00065872 0.000337613 -0.00233558 -0.00404789 6.54724e-05 -0.00991379 0.00344418 0.0101563 -8.17757e-05 -0.000395281 -0.00115385 0.00442857 0.00809353 -0.00434783 0.0142473 7.22897e-05 0.000783379 0.000206612 0.0016228 0.003544 0.00214924
internal_weight=183875 13956 546 13410 5395 395 5000 8015 514 7173 4507 2666 1754 169919 116 842 384 4280 4111 130 175 139 46 93 169803 16148 13552 6763 3386 2908
internal_count=183875 13956 546 13410 5395 395 5000 8015 514 7173 4507 2666 1754 169919 116 842 384 4280 4111 130 175 139 46 93 169803 16148 13552 6763 3386 2908
cat_boundaries=0 1 2
cat_threshold=63560 4
is_linear=0
shrinkage=0.05


Tree=167
num_leaves=31
num_cat=5
split_feature=13 3 0 16 13 15 19 18 21 11 0 4 3 0 4 10 7 11 19 15 13 16 15 10 15 13 11 0 0 21
split_gain=2.90979 2.80691 7.77804 5.59336 8.59297 8.08254 8.25665 8.96381 6.52308 5.97623 6.58302 6.47309 5.45725 12.5359 6.0973 5.53351 4.96872 4.71257 9.62672 5.57259 4.59878 19.6623 12.981 10.3473 15.7675 9.45851 9.41205 7.61638 7.38636 7.00575
threshold=9.3545179236839946 1.5000000000000002 0 0.043619632628989997 7.9571757909813918 7.0573134195900762 6.769645712544146 0.072155791913293507 6.7902097088019735 7.2789734129149251 1 10.500000000000002 1.0000000180025095e-35 2 9.5000000000000018 6.4523117665326337 64.500000000000014 8.5183919731893152 8.2362778391612128 8.3981904900284849 8.2177074967233796 0.55506913247183176 8.2688770321312468 7.9915908515222656 7.8575014471002449 8.1027375051170818 8.0874863237131702 3 4 7.1765984737713326
decision_type=10 2 1 10 10 8 8 8 8 8 1 2 2 1 2 10 10 10 10 10 10 8 10 10 10 8 10 1 1 8
left_child=1 2 -1 4 5 12 7 -7 -6 10 11 -8 13 14 -4 -15 -11 18 -5 -20 23 22 -22 26 -25 28 -3 -28 -26 -24
right_child=-2 20 3 17 8 6 9 -9 -10 16 -12 -13 -14 15 -16 -17 -18 -19 19 -21 21 -23 29 24 25 -27 27 -29 -30 -31
leaf_value=-0.0036618512923916272 0.012400653766338011 -2.5932274031204017e-05 -0.00028754029046409448 0.00021846805165313122 -0.00028713223352903053 -0.0043489694588496608 -0.00013890813393795389 -0.0023642321196959862 0.0020543216968169188 -2.504316123417283e-05 -0.00074258929904105211 0.0018919751855447364 -5.4686129194969628e-05 0.00023716919739724673 0.00082568845556254546 0.00070338319666891642 -0.0089963053891132464 0.0030559721900853989 -0.002631123904450128 0.0007570863119359839 -0.0017678969328748908 0.0071783623789320574 -0.00082212928250244852 0.0043998529260953932 0.001918555477604933 -0.0002720398585614792 -0.00061308584150934211 0.0027082037433579843 0.00043128087870636378 0.00085642730948687351
leaf_weight=372 22 120820 702 35136 114 131 694 559 378 7618 1021 96 2999 935 69 1057 65 285 595 286 1011 213 1249 864 524 2170 255 675 1619 996
leaf_count=372 22 120820 702 35136 114 131 694 559 378 7618 1021 96 2999 935 69 1057 65 285 595 286 1011 213 1249 864 524 2170 255 675 1619 996
internal_value=-1.08974e-06 -3.26961e-06 0.000303133 0.000354502 -0.000410634 -0.000611439 -0.00145817 -0.00673913 0.00609756 -0.00107436 -0.0036582 -0.0001875 0.000885109 0.00248824 -0.00291293 0.00457043 -0.000465313 0.000701063 0.000650387 -0.00451192 -0.000128071 -0.00192419 -0.00288698 -7.89824e-05 0.0021103 0.000875261 -0.000172074 0.00483871 0.00323145 -0.000768374
internal_weight=183530 183508 53112 52740 16438 15946 10184 690 492 9494 1811 790 5762 2763 771 1992 7683 36302 36017 881 130396 3469 3256 126927 5177 4313 121750 930 2143 2245
internal_count=183530 183508 53112 52740 16438 15946 10184 690 492 9494 1811 790 5762 2763 771 1992 7683 36302 36017 881 130396 3469 3256 126927 5177 4313 121750 930 2143 2245
cat_boundaries=0 1 2 3 4 5
cat_threshold=256 2229 49176 32796 16416
is_linear=0
shrinkage=0.05


Tree=168
num_leaves=31
num_cat=1
split_feature=13 5 9 17 20 15 17 12 4 20 6 17 1 20 17 18 12 4 4 17 18 20 23 10 13 16 23 17 23 18
split_gain=4.18547 3.69237 7.32574 8.33913 6.02278 5.83561 6.46636 5.56405 4.97456 4.33642 4.32646 6.85209 4.27208 4.27119 4.46354 4.38063 5.28148 8.32833 5.76983 9.94657 5.24893 5.1181 4.24926 4.1556 5.49446 4.03824 3.98428 4.44474 5.43378 4.73486
threshold=9.2471781552446988 1.0000000180025095e-35 1.0000000180025095e-35 7.0367338286196341 0.11349579584851281 7.6917217173580212 6.1102516108581968 7.902856097938856 9.5000000000000018 1.0000000180025095e-35 1.0000000180025095e-35 6.6587004398350524 0 0.1480642355397685 7.7894125240929926 0.10556227608318547 6.9358565909245806 4.5000000000000009 5.5000000000000009 6.8974500917705681 0.32569540705210981 0.2278678664371426 6.2803556814810788 6.6483364617940532 6.6220709878569881 0.21848500688872602 0.61848675678476406 6.9722570992288757 7.1248316296744489 0.10234586653992676
decision_type=10 2 2 10 10 10 8 8 2 8 2 10 1 10 10 8 8 2 2 10 8 10 8 10 10 8 8 8 8 10
left_child=1 -1 4 10 9 6 -6 -7 13 -3 11 23 -10 -8 15 -15 21 -18 19 -19 -20 25 -23 24 -4 -17 -11 28 -28 -29
right_child=-2 2 3 -5 5 7 8 -9 12 26 -12 -13 -14 14 -16 16 17 18 20 -21 -22 22 -24 -25 -26 -27 27 29 -30 -31
leaf_value=-1.5026359645342602e-05 0.0067687740390870227 -3.1189928842456639e-05 0.00088554064123034246 -0.00088238207508259956 -0.004275206802641574 -0.0014443714524356112 0.00042066945749053009 5.0277032492251911e-05 0.001972523278809102 -0.00091032697603194996 0.0019868319061537854 -3.3403085957917079e-05 0.00072064866937600065 -0.00054686947745559162 0.003242791524636357 0.0007834511850826287 1.7903193203849811e-05 -0.00078101757486039871 0.00068663645396194184 0.01245476656516047 0.0044195356517423351 -0.0017274343957051298 0.00031924891136068115 0.0019739776689567724 -0.0006722717546136848 -0.0034376349936959373 -0.00011455872100534226 -2.9527468579271244e-05 -0.001172074101164089 0.0011984908553718922
leaf_weight=161512 54 85 878 207 209 571 2212 1288 1130 192 207 684 1067 900 86 788 2207 50 811 105 149 556 169 85 52 123 1698 4538 549 573
leaf_count=161512 54 85 878 207 209 571 2212 1288 1130 192 207 684 1067 900 86 788 2207 50 811 105 149 556 169 85 52 123 1698 4538 549 573
internal_value=-2.92541e-05 -3.33459e-05 0.000571744 0.00337198 0.000276725 0.000956042 0.00141072 -0.00162722 0.0015865 -0.000828422 0.00440714 0.00357563 0.00369822 0.00101766 0.00031965 0.000153636 0.000736184 0.0018814 0.00540359 0.0143548 0.00395833 -0.00158924 -0.00472414 0.00618227 0.00521505 0.000905598 -0.000701987 -0.000516445 -0.00236983 0.000298376
internal_weight=183735 183681 22169 2113 20056 12421 10562 1859 10353 7635 1906 1699 2197 8156 5944 5858 4958 3322 1115 155 960 1636 725 1015 930 911 7550 7358 2247 5111
internal_count=183735 183681 22169 2113 20056 12421 10562 1859 10353 7635 1906 1699 2197 8156 5944 5858 4958 3322 1115 155 960 1636 725 1015 930 911 7550 7358 2247 5111
cat_boundaries=0 1
cat_threshold=2
is_linear=0
shrinkage=0.05


Tree=169
num_leaves=31
num_cat=5
split_feature=3 8 0 16 10 18 4 20 20 20 1 18 21 0 18 16 3 18 0 20 16 16 10 18 0 18 4 18 15 21
split_gain=4.30165 4.46902 9.53975 4.3845 6.55617 5.766 6.81892 5.45426 4.31263 4.17162 4.86967 5.83448 3.93911 3.89428 3.9021 9.85817 3.87906 8.44404 10.5484 7.14607 5.55422 5.25718 14.2801 9.5525 7.89432 6.73168 5.50142 7.04224 5.38365 5.03657
threshold=1.5000000000000002 1.5000000000000002 0 0.0087760965597175316 7.4682278018910955 1.0000000180025095e-35 10.500000000000002 0.075132568342426528 0.21243802319453173 0.054329444409475312 1 0.12500138507882455 1.599336558775341 2 0.039923827810430891 0.027905101820587315 5.5000000000000009 0.13238489617369484 3 0.09274687359051155 0.46469696405167848 0.021537580370275523 7.4682278018910955 1.0000000180025095e-35 4 0.051385596461368692 10.500000000000002 1.0000000180025095e-35 7.4529641866994201 1.0816615128302691
decision_type=2 2 1 8 8 10 2 10 8 8 1 8 8 1 8 8 2 8 1 8 10 8 8 10 1 10 2 10 10 10
left_child=1 2 8 4 5 6 12 -7 -1 -4 11 -11 -3 -5 15 -15 21 -18 19 -19 -21 22 24 -24 25 -2 28 -28 -26 -23
right_child=16 3 9 13 -6 7 -8 -9 -10 10 -12 -13 -14 14 -16 -17 17 18 -20 20 -22 29 23 -25 26 -27 27 -29 -30 -31
leaf_value=-0.0031294594627763409 0.0002596140095471933 2.1719168284661806e-05 0.0030390867564105807 0.00026789182766784325 -0.000195630984620232 -6.9548489663784352e-05 -2.3039685190173745e-05 6.6757617677248865e-05 -0.0033526145036540723 -0.0024833537990980761 -0.0010175708311772613 0.0060413866376108245 2.5385632286445415e-05 0.00020779913049580047 9.1541860438137945e-05 -0.00041463175448286371 -3.4169165363695519e-05 -0.0017316225721853318 6.3757608574466225e-06 0.0014477554166756335 -0.0083862293222565672 -5.0324914496302504e-06 -0.00022614060758019416 -4.911984716580165e-05 3.6530535575352023e-05 -0.0010394640407822564 1.5731108716199318e-05 0.00040876142202623812 0.0012979982611775133 -0.00016372277743443854
leaf_weight=252 290 109 112 17694 984 309 37 525 271 97 1091 338 76 1183 28612 1509 15510 190 5631 4645 69 51404 228 2839 3172 231 78 251 85 45958
leaf_count=252 290 109 112 17694 984 309 37 525 271 97 1091 338 76 1183 28612 1509 15510 190 5631 4645 69 51404 228 2839 3172 231 78 251 85 45958
internal_value=8.70606e-06 0.000387695 -0.00183943 0.000481994 -0.00178922 0.00094697 0.00810811 -0.000959233 -0.0076454 6.06796e-05 -0.000622543 0.00385057 0.012027 0.000576554 0.000241106 -0.00157875 -0.000145695 0.000400269 0.00149264 0.00318478 0.00357446 -0.000281721 0.00102453 -0.0015569 0.00295228 -0.00277778 0.00378198 0.00995441 0.0031701 -0.000377971
internal_weight=183780 53199 2161 51038 2040 1056 222 834 523 1638 1526 435 185 48998 31304 2692 130581 26045 10535 4904 4714 104536 7174 3067 4107 521 3586 329 3257 97362
internal_count=183780 53199 2161 51038 2040 1056 222 834 523 1638 1526 435 185 48998 31304 2692 130581 26045 10535 4904 4714 104536 7174 3067 4107 521 3586 329 3257 97362
cat_boundaries=0 1 2 3 4 5
cat_threshold=9984 2 48162 5601 5320
is_linear=0
shrinkage=0.05


Tree=170
num_leaves=31
num_cat=9
split_feature=13 4 15 10 23 13 0 19 0 11 19 1 12 12 10 10 15 10 0 0 0 0 0 0 19 13 10 17 22 11
split_gain=3.67771 3.61076 10.1043 14.6128 10.6828 7.87763 7.21194 6.44952 6.39038 6.28451 6.13596 11.9928 8.97371 7.71127 11.6551 6.86803 11.8622 17.207 9.818 7.60387 6.72261 6.40201 6.39747 6.02775 5.9957 5.9234 5.89843 11.4237 5.79582 5.70999
threshold=9.3545179236839946 3.5000000000000004 6.3829606773533376 6.4523117665326337 3.9372234875121532 5.5729269024244674 0 6.0173691477424764 1 6.3306113777081938 6.5487968410250446 2 6.4305252799863091 6.6864847774674381 6.5388628896926706 6.7099137248553644 6.8013667076152702 6.8303339860793031 3 4 5 6 7 8 7.0656292606887492 6.197461422143415 6.5517941110389986 6.9190211491163156 3.4028612767084931 8.272182292171534
decision_type=10 2 8 8 8 8 1 8 1 10 8 1 8 8 10 8 8 8 1 1 1 1 1 1 8 8 10 10 10 8
left_child=1 5 9 4 -4 -1 -6 -5 26 25 11 -9 -13 14 21 19 23 18 -18 -15 -16 -12 -14 -17 -8 -3 -7 28 -28 -19
right_child=-2 2 3 7 6 8 24 10 -10 -11 13 12 22 15 20 16 17 29 -20 -21 -22 -23 -24 -25 -26 -27 27 -29 -30 -31
leaf_value=-0.013082526170939879 0.011443536184532156 0.0011962300455745424 0.00012099225623496412 -0.0049332447360642467 -0.0027636579036985245 -0.00026436039990260788 -0.00065128875715534393 -0.00015777894054176401 -0.00019477609670375264 0.0014563175148464504 -0.00039457778548679379 -0.0005997913725951376 0.0016215450967543177 0.0001319607703179848 -0.00074214895899338273 0.00077773424003724223 -0.00042487506849218096 -2.0610521211938959e-06 -0.0012151132885847905 -0.00094711851239412956 0.000191321684845569 -0.0016392771628637615 0.00050536447050175681 0.00012326852161543834 -0.013638409367862781 4.8787787674542397e-05 0.00037092298887375641 1.878243236523858e-05 0.00083862682358821778 0.00015796203946183418
leaf_weight=73 22 944 1058 73 453 6304 1109 2456 28404 1099 1105 454 1328 1701 1444 2402 1944 69555 1047 1998 3253 1480 1173 3113 120 3120 1509 9623 956 34469
leaf_count=73 22 944 1058 73 453 6304 1109 2456 28404 1099 1105 454 1328 1701 1444 2402 1944 69555 1047 1998 3253 1480 1173 3113 120 3120 1509 9623 956 34469
internal_value=1.26504e-05 1.02031e-05 0.000139885 5.4845e-05 -0.00355839 -0.000368581 -0.00603448 0.000131594 -0.000342978 0.0023097 0.000140007 0.00178802 0.00393401 6.78077e-05 -0.00151057 0.000166697 0.000236381 0.000119843 -0.00361919 -0.00195323 -2.66127e-05 -0.00420696 0.00510796 0.00249773 -0.00393462 0.00140256 0.000383111 0.00102995 0.00406694 0.000227351
internal_weight=183789 183767 136898 131735 2740 46869 1682 128995 46796 5163 128922 5411 2955 123511 7282 116229 112530 107015 2991 3699 4697 2585 2501 5515 1229 4064 18392 12088 2465 104024
internal_count=183789 183767 136898 131735 2740 46869 1682 128995 46796 5163 128922 5411 2955 123511 7282 116229 112530 107015 2991 3699 4697 2585 2501 5515 1229 4064 18392 12088 2465 104024
cat_boundaries=0 1 2 3 4 5 6 7 8 9
cat_threshold=3616 49700 1 49499 20574 2630 34520 3607 14945
is_linear=0
shrinkage=0.05


Tree=171
num_leaves=31
num_cat=7
split_feature=7 13 5 9 3 15 20 15 19 4 0 17 4 1 19 0 0 16 15 19 0 19 17 0 17 16 15 20 1 20
split_gain=4.28908 4.20308 3.59329 9.96657 7.04595 7.27977 6.28968 4.89779 9.29968 6.53867 7.09059 5.4744 5.32155 6.96589 6.01057 7.25469 5.74356 8.80681 5.1555 5.15549 6.74961 5.08485 5.2569 4.97498 4.68824 4.47956 4.43246 4.17132 4.00725 4.53637
threshold=1074.5000000000002 9.2471781552446988 1.0000000180025095e-35 1.0000000180025095e-35 1.0000000180025095e-35 7.0015550025078133 1.0000000180025095e-35 7.6917217173580212 7.8792572761734556 8.5000000000000018 0 7.7354631806102638 9.5000000000000018 1 6.4494059259785095 2 3 0.46469696405167848 7.3608182114651752 7.1441363151927701 4 6.7263071149029381 6.9549326913823277 5 8.1987510027762145 0.2247797219774961 6.3985975381764968 0.24526099119956632 6 0.11701369266231477
decision_type=8 10 2 2 2 10 8 10 10 2 1 10 2 1 10 1 1 10 10 8 1 8 8 1 10 10 10 8 1 10
left_child=1 2 -1 6 -5 -6 -4 8 12 -9 11 -11 14 18 15 26 21 25 19 -14 -21 -15 -23 -20 -10 -18 -8 -24 -16 -30
right_child=-2 -3 3 4 5 -7 7 9 24 10 -12 -13 13 16 28 -17 17 -19 23 20 -22 22 27 -25 -26 -27 -28 -29 29 -31
leaf_value=-8.3462892512375937e-06 0.016777175151520753 0.0066426273878327008 -3.5549988680672055e-05 0.0017073042848480215 0.00058428920319386624 -0.00083790829414995835 0.0019825307463622543 -0.0018442769518048241 0.0038408090091774927 -0.0013805680693692369 0.00060959905943487331 -0.00037332595272361325 -0.0005432782966022121 0.0018692304586398478 0.00021175529014072492 -0.0018536918277046511 0.0013791994081228777 -0.008625581600408605 0.00048824460777361359 0.002068662760286655 6.5767473793165727e-06 -0.0056570779644519844 0.00045046017932386388 -0.0012741424360054321 9.1541443547260576e-05 0.0065888417129439606 -0.0015952014571816164 -0.0031716611550264063 -0.00041475173364236007 7.4159096269443839e-05
leaf_weight=161644 21 57 88 327 1524 263 234 685 228 146 1072 775 429 155 3866 940 1366 35 110 142 295 57 285 208 112 185 31 115 2609 5939
leaf_count=161644 21 57 88 327 1524 263 234 685 228 146 1072 775 429 155 3866 940 1366 35 110 142 295 57 285 208 112 185 31 115 2609 5939
internal_value=2.37845e-05 2.12046e-05 1.69962e-05 0.000613159 0.0038789 0.0026441 0.000269807 0.000328438 0.000635776 -0.00166169 -0.000213246 -0.00341031 0.000472031 0.00224719 3.12064e-05 -0.00334025 0.00391265 0.00548246 -0.000844595 0.00115473 0.00497712 -0.000241158 -0.00289934 -0.00628931 0.00882353 0.00607672 0.00390909 -0.000875 0.000358466 -0.000245672
internal_weight=183943 183922 183865 22221 2114 1787 20107 20019 17341 2678 1993 921 17001 3382 13619 1205 2198 1586 1184 866 437 612 457 318 340 1551 265 400 12414 8548
internal_count=183943 183922 183865 22221 2114 1787 20107 20019 17341 2678 1993 921 17001 3382 13619 1205 2198 1586 1184 866 437 612 457 318 340 1551 265 400 12414 8548
cat_boundaries=0 1 2 3 4 5 6 7
cat_threshold=33301 4 133 9104 49153 49168 4
is_linear=0
shrinkage=0.05


Tree=172
num_leaves=31
num_cat=0
split_feature=5 9 3 17 17 20 19 21 18 17 16 10 18 23 16 20 20 10 6 23 17 16 6 17 12 17 10 20 18 20
split_gain=3.16438 9.06807 6.43173 7.06061 5.06486 5.5622 6.11404 10.6519 5.2153 4.77423 4.5701 4.41144 3.98734 4.07583 4.75208 4.18951 3.95991 10.9316 7.56078 7.14402 6.11121 4.16019 3.92391 6.2907 5.1039 4.35438 4.11079 3.84087 3.83516 3.85846
threshold=1.0000000180025095e-35 1.0000000180025095e-35 1.0000000180025095e-35 6.6587004398350524 6.1102516108581968 0.097366006089747811 6.9995629078524031 3.2995269196531409 0.086547745696905015 6.2067729615038676 0.045567028819997975 8.2949240625415008 0.046760258419106061 1.0399299351045934 0.077004239292880611 0.09966696372954878 1.0000000180025095e-35 7.3142198319787717 1.0000000180025095e-35 0.79455950150566201 7.3131910491904426 1.0000000180025095e-35 1.0000000180025095e-35 7.5192770190507447 7.8845747386333587 7.4582409601060204 7.8452197668196186 0.093511131402657863 0.099392396546067421 0.037168973575952287
decision_type=2 2 2 10 8 10 10 8 8 8 10 10 8 10 8 10 8 8 2 10 10 8 2 10 8 8 10 10 10 10
left_child=16 4 -3 -4 -2 6 -6 8 -8 -7 -5 12 -11 14 -14 -15 17 18 19 -1 -19 -20 23 27 -25 28 -27 -9 29 -24
right_child=1 2 3 10 5 9 7 22 -10 11 -12 -13 13 15 -16 -17 -18 20 21 -21 -22 -23 25 24 -26 26 -28 -29 -30 -31
leaf_value=-8.7344976261061201e-06 -0.0041209414148704491 0.0013535586582387406 0.00078591370320886262 -0.00044540584036374399 -0.00059452274434406154 0.0037081092538827631 -0.0004486198737810643 0.00063716148800394565 0.00064037750599061922 -0.00035445259331261529 0.00053908498995314247 -0.0020081223940358051 -0.00025664635755768829 0.0013957495531869092 0.00093323476588145224 5.7369064568169041e-05 -1.0030537644389882e-05 5.2416487536000036e-05 9.0876770229453295e-06 8.7058279998775145e-06 -0.0001280165989755666 -1.5379920874214471e-05 0.00098175796037414109 -0.0008049659913927699 0.00031141176226787696 0.0010223448502006073 -0.00056330213322417497 -0.001488623839215153 0.0019013835638244103 -0.00073132765707928371
leaf_weight=106 220 322 809 463 2110 166 893 1446 189 396 461 155 825 90 3980 8223 160881 143 238 151 114 34 33 235 372 203 56 71 25 427
leaf_count=106 220 322 809 463 2110 166 893 1446 189 396 461 155 825 90 3980 8223 160881 143 238 151 114 34 33 235 372 203 56 71 25 427
internal_value=3.52214e-05 0.000595399 0.00375912 0.00255338 0.000272185 0.000355617 -0.000907591 0.000253165 -0.00397412 0.000908927 -0.0004329 0.00080657 0.000902768 0.00105199 0.00221124 0.000381932 -4.15979e-05 0.00349873 0.0076087 0.00145914 -0.00496109 0.0134191 0.00184798 0.00294256 -0.00135914 -0.00127688 0.00395753 0.00466381 -0.00407216 -0.0051087
internal_weight=183837 22170 2055 1733 20115 19895 6060 3950 1082 13835 924 13669 13514 13118 4805 8313 161667 786 529 257 257 272 2868 2124 607 744 259 1517 485 460
internal_count=183837 22170 2055 1733 20115 19895 6060 3950 1082 13835 924 13669 13514 13118 4805 8313 161667 786 529 257 257 272 2868 2124 607 744 259 1517 485 460
is_linear=0
shrinkage=0.05


Tree=173
num_leaves=31
num_cat=2
split_feature=13 4 23 16 4 19 18 16 19 16 11 12 1 17 13 23 17 4 22 16 23 19 17 19 11 19 17 1 13 11
split_gain=4.36834 6.37703 3.51214 4.32327 2.98371 13.0244 8.26492 7.21881 7.0536 17.1808 12.3888 10.6757 7.03537 6.65841 6.96405 6.4732 6.03934 6.30105 11.1735 13.2523 11.2623 11.6397 8.52184 7.24451 7.82565 6.8106 8.15261 6.31258 6.15621 8.64016
threshold=5.5729269024244674 4.5000000000000009 0.35216667429625431 0.058173627980728608 10.500000000000002 6.331818229615819 0.044555037558675813 0.32600356813527953 8.1112974079172862 0.17122877941643014 6.7917829450984977 8.0075332078766461 0 8.0886733377880677 6.9693205241217697 6.9242657159952499 8.0365314023032024 9.5000000000000018 5.6650411060582746 0.11140523640968171 0.51436162408876551 6.8638767101791496 7.465584369735482 7.971220347293781 7.9915908515222656 7.3247131201772566 7.2643744023976859 1 7.7857187372012122 7.6978016406699554
decision_type=8 2 8 10 2 10 8 10 8 10 8 10 1 8 8 10 10 2 10 8 10 10 10 10 10 10 10 1 10 10
left_child=1 -1 3 -2 8 -6 12 -8 11 10 -10 16 -7 -12 -15 -14 17 23 19 20 21 27 25 24 28 26 -22 -19 29 -4
right_child=2 -3 4 -5 5 6 7 -9 9 -11 13 -13 15 14 -16 -17 -18 18 -20 -21 22 -23 -24 -25 -26 -27 -28 -29 -30 -31
leaf_value=-0.015557839218173353 -0.00077868993757128639 0.0029341193873780205 -1.482024033050422e-06 0.002434309070859442 0.001846510232338794 0.00090013602455547577 -0.0002336665706461627 0.0033032991320015807 -0.013854043094848389 -0.003322789977441776 -0.0028674531443415143 0.0011122901263830088 2.8522366227567988e-05 -0.018870573579184757 7.9738102471615951e-05 -0.0012280538280637909 0.001536027711986332 0.0010653410497298177 0.000763285713692885 0.00096759456109691839 0.00050427775639443344 -0.0011297580084016269 -0.00033930154442738395 -0.0015454405365463498 0.0016411806713976908 0.0012866219134064494 -0.0001977482508568329 -0.00080937422952220839 -0.00043929929519412884 0.00060396919571426011
leaf_weight=89 107 38 122973 356 865 428 24228 459 80 1019 399 2710 1835 48 5912 174 785 258 1870 4729 1708 1505 1296 864 1010 305 457 248 3641 3352
leaf_count=89 107 38 122973 356 865 428 24228 459 80 1019 399 2710 1835 48 5912 174 785 258 1870 4729 1708 1505 1296 864 1010 305 457 248 3641 3352
internal_value=1.79594e-05 -0.00925197 2.43709e-05 0.00437365 1.33764e-05 -0.000461789 -0.000654402 -0.000928626 9.90855e-05 -0.00140118 -0.000446498 0.000174835 0.00212351 -0.000200503 0.000218121 0.000883524 0.000116723 9.29162e-05 0.00117162 0.000537788 -0.00106889 -0.00409 0.000544344 -8.34345e-06 2.17597e-05 0.00226721 0.00128176 0.00247036 -1.23109e-05 4.61112e-05
internal_weight=183748 127 183621 463 183158 27989 27124 24687 155169 7458 6439 147711 2437 6359 5960 2009 145001 144216 12376 10506 5777 2011 3766 131840 130976 2470 2165 506 129966 126325
internal_count=183748 127 183621 463 183158 27989 27124 24687 155169 7458 6439 147711 2437 6359 5960 2009 145001 144216 12376 10506 5777 2011 3766 131840 130976 2470 2165 506 129966 126325
cat_boundaries=0 1 2
cat_threshold=1 4
is_linear=0
shrinkage=0.05


Tree=174
num_leaves=31
num_cat=2
split_feature=5 15 9 4 14 20 0 3 17 20 20 12 12 10 11 12 17 15 15 10 20 10 14 0 11 15 15 10 15 10
split_gain=3.57455 8.51301 5.52551 6.26425 5.83576 5.43591 5.40098 4.74794 5.69767 5.13722 5.63354 4.67076 4.14944 4.05946 21.1319 17.0393 15.1036 14.9483 13.2976 18.3875 14.5099 12.4673 14.6899 12.9956 11.3617 10.3059 21.2856 16.8565 12.4831 13.6404
threshold=1.0000000180025095e-35 7.6917217173580212 1.0000000180025095e-35 9.5000000000000018 5.5729269024244674 0.095798306191594754 0 1.0000000180025095e-35 6.5762645263599664 0.084319751626471318 0.12719687722387193 7.902856097938856 6.4401484558665105 7.0904933289280381 7.6978016406699554 8.1065042850234388 6.1102516108581968 7.7918171560465863 6.9087370695597974 6.9474565303751943 0.034083748449118129 6.8580395486683789 7.1432225019328719 1 6.9823987143126667 7.4880225585237339 7.4372423182002629 7.5503982927968831 7.6917217173580212 7.764718292812792
decision_type=2 10 2 2 8 10 1 2 10 10 10 8 8 10 10 10 10 10 8 8 10 10 10 1 10 10 10 10 10 10
left_child=13 2 3 4 -2 6 -5 -4 -9 -10 -11 -3 -6 14 15 18 -15 -16 20 24 -1 22 -22 -23 -20 26 -18 -27 -29 -30
right_child=1 11 7 5 12 -7 -8 8 9 10 -12 -13 -14 16 17 -17 25 -19 19 -21 21 23 -24 -25 -26 27 -28 28 29 -31
leaf_value=0.00038670659208059902 -0.029043390880876221 -0.0010952075440513909 0.0012709047834285059 0.0004153506932256024 -0.00084497837536927638 0.0011482648767388915 -0.00055384117132371011 0.00071416455381236867 -0.00031476428063639263 0.0011473919248302211 -0.001018618798975668 -0.00010860838302404475 5.4110350423042243e-05 0.0033229413452914528 0.0028126250312268566 0.004147839050210678 1.3312348710492472e-05 0.00026391763454975959 -0.00044843249249628683 -0.00013800261062759666 -1.8243741763290799e-05 0.00078835469840918835 -0.0029751659044847667 -1.6392790876840202e-05 -0.00011123290869299308 -0.00062449504063866179 0.00086979837501295349 0.0003999784784186833 -0.00083063831169265527 -2.1407189783628767e-05
leaf_weight=424 23 826 339 584 867 2460 514 676 711 286 88 1821 13052 579 1526 570 33474 2697 6108 40108 38723 2131 843 2372 2244 4627 3071 5455 2594 14108
leaf_count=424 23 826 339 584 867 2460 514 676 711 286 88 1821 13052 579 1526 570 33474 2697 6108 40108 38723 2131 843 2372 2244 4627 3071 5455 2594 14108
internal_value=-1.99836e-05 0.000574235 0.000933673 0.000642857 0.000164969 0.00251546 -0.000409836 0.00335714 0.00231403 6.91244e-05 0.00481283 -0.00208727 0.000206552 -0.000101761 -0.00030436 -0.000460582 0.000208112 0.00315534 -0.000513432 -0.00108646 0.000110692 2.21244e-05 -0.000261588 0.00251499 -0.00322079 0.000134614 0.000680668 -0.000610439 -3.72343e-05 -0.000715483
internal_weight=183901 22247 19600 17500 13942 3558 1098 2100 1761 1085 374 2647 13919 161654 97746 93523 63908 4223 92953 48460 44493 44069 39566 4503 8352 63329 36545 26784 22157 16702
internal_count=183901 22247 19600 17500 13942 3558 1098 2100 1761 1085 374 2647 13919 161654 97746 93523 63908 4223 92953 48460 44493 44069 39566 4503 8352 63329 36545 26784 22157 16702
cat_boundaries=0 1 2
cat_threshold=49633 16033
is_linear=0
shrinkage=0.05


Tree=175
num_leaves=31
num_cat=2
split_feature=21 13 11 11 18 18 21 16 15 15 17 15 3 11 22 1 21 22 22 6 20 8 21 22 17 11 13 0 21 20
split_gain=2.93114 6.74514 6.39996 5.83245 5.51192 5.28584 6.63884 5.81473 5.266 9.99605 7.28518 5.46052 5.25228 7.58344 5.93628 4.99201 6.45244 9.32268 6.90983 6.59611 7.65148 6.52611 5.66493 5.51776 5.30234 4.99615 4.92395 4.82961 6.2163 4.75109
threshold=1.8000241202036604 8.2041239973879385 8.8555905539014876 8.4608204661055275 0.029403397973934018 0.44091355147560812 5.865049616265698 0.26982383811451027 7.5723401895307463 7.3439452018789213 7.4723489953799218 7.6460135513131986 5.5000000000000009 7.2348981604083002 2.2027494954295124 0 5.1935120980322251 4.4784718887454771 5.4883176778983378 1.0000000180025095e-35 0.09274687359051155 3.5000000000000004 6.2713663608256516 6.2261412560600577 6.2950619357622868 6.7996129651804988 7.7857187372012122 1 6.5338615070708892 0.04437217952361517
decision_type=10 10 10 8 10 10 10 8 10 10 10 10 2 8 8 1 10 10 8 2 10 2 10 10 10 10 10 1 10 10
left_child=2 4 -1 -3 8 12 -7 -8 9 -2 -11 -10 14 27 -6 -16 17 21 -18 20 22 -17 23 -20 -21 -24 -22 -14 -29 -12
right_child=1 3 -4 -5 5 6 7 -9 11 10 29 -13 13 -15 15 16 18 -19 19 24 26 -23 25 -25 -26 -27 -28 28 -30 -31
leaf_value=1.7879830580058709e-05 2.2063161972951661e-05 -0.0012861019158302957 0.0074963855665766133 -5.6559661070121338e-05 -0.00061545519041059657 0.00064281012599582972 -0.0012235967870778853 0.016540999419904657 -0.00031900416516443823 0.00092276932271120329 0.00038672786645710389 -2.5458435106084923e-05 -3.2264756417732522e-05 -8.847755490899446e-05 6.6127141432748013e-05 -0.0012358458937294704 -0.00079493641745376209 0.00034890036615182752 0.0002468947315950487 0.0027379354900427979 -0.00027569216509657494 -9.7069979098352024e-05 0.00037705894413364582 0.0015028548354773187 -0.00040879497287877876 -0.00011084639936609353 -0.0029867238383781028 0.0012701566034756695 -8.4994100121615906e-05 -0.0010664066286928842
leaf_weight=114227 2245 1074 164 1042 2835 461 34 112 77 354 163 380 1236 4773 16752 863 3487 3915 443 77 3660 13829 1306 321 4871 2194 72 1977 576 70
leaf_count=114227 2245 1074 164 1042 2835 461 34 112 77 354 163 380 1236 4773 16752 863 3487 3915 443 77 3660 13829 1306 321 4871 2194 72 1977 576 70
internal_value=3.5405e-05 -0.000221463 0.000190793 -0.00300095 -0.000133789 -0.000236699 0.00440692 0.0136986 0.00186227 0.00266596 0.0084753 -0.00311816 -0.000281308 0.000870124 -0.000461785 -0.000339834 -0.000679263 -4.1651e-05 -0.00140131 -0.000869129 1.87594e-05 -0.000619385 0.00146576 0.00536649 -0.00230396 0.000614286 -0.00163451 0.00254025 0.00377487 0.00160944
internal_weight=183590 69199 114391 2116 67083 63794 607 146 3289 2832 587 457 63187 8562 54625 51790 35038 18607 16431 12944 7996 14692 4264 764 4948 3500 3732 3789 2553 233
internal_count=183590 69199 114391 2116 67083 63794 607 146 3289 2832 587 457 63187 8562 54625 51790 35038 18607 16431 12944 7996 14692 4264 764 4948 3500 3732 3789 2553 233
cat_boundaries=0 1 2
cat_threshold=1 520
is_linear=0
shrinkage=0.05


Tree=176
num_leaves=31
num_cat=6
split_feature=8 19 17 15 1 6 4 4 19 0 10 19 0 4 16 0 13 10 0 16 0 15 19 17 16 15 19 19 10 10
split_gain=4.77563 8.96915 16.4833 14.3601 11.0584 16.6316 9.08762 9.3856 8.76127 8.41366 8.212 7.43854 7.38835 7.21508 11.331 10.0413 6.99744 7.72508 9.89309 6.98253 9.75214 7.47383 8.51441 6.88882 10.668 10.1465 8.71863 8.69222 7.441 7.34798
threshold=5.5000000000000009 7.5357727051078394 8.5337749101913492 8.7983821770676496 0 1.0000000180025095e-35 2.5000000000000004 3.5000000000000004 8.6730548214017276 1 7.9571757909813918 8.1374543662597745 2 11.500000000000002 0.054482611489596849 3 6.9377992826203219 6.9541615378757635 4 0.020802226989985861 5 7.8043244326352621 7.8022619462953067 7.2934100465559233 0.07304047909285781 7.2069510365098592 7.3728448333838017 6.2706605812444831 7.1902991025390088 6.4523117665326337
decision_type=2 10 8 8 1 2 2 2 10 1 10 10 1 2 8 1 10 8 1 8 1 10 8 8 8 10 10 8 8 8
left_child=1 10 4 8 -3 6 -6 -8 -4 -5 23 12 -11 15 -15 -9 -2 18 -18 -7 21 22 -21 25 -25 26 -1 -26 -27 -29
right_child=16 2 3 9 5 19 7 13 -10 11 -12 -13 -14 14 -16 -17 17 -19 -20 20 -22 -23 -24 24 27 28 -28 29 -30 -31
leaf_value=-7.9136672266288965e-05 0.00011431720592791628 -0.00048448746464777596 0.00052836222855630062 -0.0022877300232417852 0.0008962699736121849 -0.00019598922775287964 -0.0028891272500009891 -0.00065155563853456231 -0.0083207243880611959 -0.0027081387949570604 0.0033435778604109512 0.0081754141138694614 0.0044108249330911068 0.00059963113825110001 -0.0019205594505460333 0.0006650214401567212 -0.0014295188112118497 2.7513529213152312e-06 -0.00014341296392483827 -0.00019127837915213777 0.00099364108508974707 -0.001475400266087723 0.0058372881984840143 -0.00030218904206971155 -0.0089330943970614696 -0.0013218626044040783 -0.0030009131641831389 -0.010332025232188924 0.00069397872725920353 -0.00015989226149983884
leaf_weight=48105 38701 5670 215 113 2140 486 385 1142 92 212 244 516 583 323 1127 2725 1295 52066 2998 277 2406 282 134 4815 102 458 497 83 3667 11696
leaf_count=48105 38701 5670 215 113 2140 486 385 1142 92 212 244 516 583 323 1127 2725 1295 52066 2998 277 2406 282 134 4815 102 458 497 83 3667 11696
internal_value=-2.41072e-05 -0.000288434 0.000679839 0.00532929 0.000209101 0.00110484 -0.000184902 -0.00122764 -0.00447883 0.00744382 -0.000550117 0.0085352 0.00556604 -0.000681775 -0.00368966 0.000446082 0.000221965 -0.000133519 -0.00217214 0.00392608 0.00479994 -0.000462304 0.00383212 -0.0005823 -0.00146742 -0.000302027 -0.000504094 -0.000662823 0.00207879 -0.000536973
internal_weight=183555 88495 18828 1731 17097 11427 7842 5702 307 1424 69667 1311 795 5317 1450 3867 95060 56359 4293 3585 3099 693 411 69423 16696 52727 48602 11881 4125 11779
internal_count=183555 88495 18828 1731 17097 11427 7842 5702 307 1424 69667 1311 795 5317 1450 3867 95060 56359 4293 3585 3099 693 411 69423 16696 52727 48602 11881 4125 11779
cat_boundaries=0 1 2 3 4 5 6
cat_threshold=2 514 384 24900 46721 10892
is_linear=0
shrinkage=0.05


Tree=177
num_leaves=31
num_cat=1
split_feature=0 20 21 17 10 23 11 15 12 15 17 18 11 10 3 23 4 13 17 20 4 7 4 20 17 4 18 14 4 17
split_gain=3.47089 6.58989 9.30069 10.8675 8.10557 7.04622 5.89869 8.58411 6.27633 6.44147 11.5536 19.7657 6.77645 5.82214 5.79577 5.69862 5.59796 5.46523 5.45672 6.4796 5.34829 12.7361 6.14691 6.68641 9.17115 6.33065 5.20757 5.19135 5.08219 7.07736
threshold=0 1.0000000180025095e-35 1.3986406674150766 7.2412687980163293 6.6864847774674381 0.76072469857797287 8.2304437952050211 7.8433401841919155 8.4367383964734284 7.8707057712821058 6.8974500917705681 0.075191388827942754 6.4401484558665105 6.4401484558665105 1.5000000000000002 4.003860577807699 7.5000000000000009 6.0969494222992333 7.8978964357955705 0.42175131570414598 5.5000000000000009 12.500000000000002 11.500000000000002 0.097366006089747811 7.8978964357955705 10.500000000000002 0.11955100077415255 8.3436726137160147 1.5000000000000002 7.6873364506086679
decision_type=1 10 8 10 8 8 10 10 10 8 8 10 8 8 2 8 2 8 10 8 2 10 2 8 10 2 10 8 2 10
left_child=6 2 5 4 -4 14 8 -8 9 17 11 -11 -12 -14 -2 18 -16 -1 19 -15 21 -17 23 24 -22 -26 -20 -9 29 -19
right_child=1 -3 3 -5 -6 -7 7 27 -10 10 12 -13 13 15 16 20 -18 28 26 -21 22 -23 -24 -25 25 -27 -28 -29 -30 -31
leaf_value=0.00080071398382406409 7.7342591805695801e-06 2.209571361624363e-05 -0.016043531943520463 -8.1624948137992709e-05 0.0010104815217504282 1.0514245988924032e-05 0.0073042183474592908 0.0019924798792975373 0.0051652305952026639 -0.0027238563808378081 -0.010307856342701038 -0.00072528988059894495 -0.0060095983675862996 -0.0028361083774025575 -1.754122255359647e-06 -0.00019378626576258551 6.0384610931052414e-06 -0.00053802709452734911 0.00074788215312557868 0.000962330677766321 -0.00054965132993620711 -0.0082583666462878735 -0.0013868264256958974 0.0014049145644124518 8.6046969527009412e-05 0.0026779858074672982 -0.00088495363872684871 -0.00063811011134564668 3.6871069434951667e-06 0.001738816940027066
leaf_weight=703 52 125924 39 163 1175 364 139 273 154 622 72 1476 58 374 91 2900 32 3276 376 111 1123 364 836 3442 237 91 715 381 37775 219
leaf_count=703 52 125924 39 163 1175 364 139 273 154 622 72 1476 58 374 91 2900 32 3276 376 111 1123 364 836 3442 237 91 715 381 37775 219
internal_value=5.16188e-05 0.000195151 0.00310543 0.000925926 0.00255354 0.00867347 -0.000277693 0.00400378 -0.00033956 -0.000367902 -0.00134993 -0.00474261 -0.000684643 -0.000581067 0.000428571 -0.00049437 -0.0054878 -6.84964e-05 -0.00326777 -0.00768041 -8.33982e-06 -0.00162377 0.000912027 0.001589 -0.00125775 0.00609756 -0.00130614 0.0016055 -0.000142961 -0.0019671
internal_weight=183557 127840 1916 1377 1214 539 55717 793 54924 54770 12797 2098 10699 10627 175 10569 123 41973 1576 485 8993 3264 5729 4893 1451 328 1091 654 41270 3495
internal_count=183557 127840 1916 1377 1214 539 55717 793 54924 54770 12797 2098 10699 10627 175 10569 123 41973 1576 485 8993 3264 5729 4893 1451 328 1091 654 41270 3495
cat_boundaries=0 1
cat_threshold=11624
is_linear=0
shrinkage=0.05


Tree=178
num_leaves=31
num_cat=4
split_feature=11 20 0 16 10 19 16 17 10 16 19 12 10 0 17 14 0 20 12 10 19 1 10 16 20 11 20 19 22 4
split_gain=3.90334 5.22662 3.01993 6.23251 10.577 7.92931 6.06026 6.70726 11.4667 5.53097 7.40164 7.30813 6.73189 6.67638 9.46911 6.61415 7.26175 6.25851 5.49376 5.46207 6.43216 5.37774 5.18253 16.4598 10.27 8.67613 14.0491 9.78763 7.95061 9.61371
threshold=5.5729269024244674 0.39855300717941933 0 0.30426709215664577 7.6016521472294505 8.0094198647998471 0.12351774036278522 7.2199798583068615 7.1320980310634789 0.25249920917239138 7.971220347293781 7.2817282408204109 7.6263264821815211 1 7.0037672902722621 7.3814970480868451 2 0.29560471560188389 6.9231362598071584 7.0488206249888608 7.3909682946391611 3 7.4682278018910955 1.0000000180025095e-35 0.026820862412156334 7.3128864978553141 0.083056429672564089 7.3086927982365149 5.5496594020914598 7.5000000000000009
decision_type=8 10 1 10 10 10 8 10 10 10 10 8 8 1 10 8 1 10 10 8 10 1 8 10 10 10 10 10 8 2
left_child=1 -1 3 6 18 -6 22 8 -8 -4 11 13 -13 -11 -15 -14 -17 -16 -5 20 -9 -12 23 25 -24 26 28 -27 -2 -30
right_child=2 -3 9 4 5 -7 7 19 -10 10 21 12 15 14 17 16 -18 -19 -20 -21 -22 -23 24 -25 -26 27 -28 -29 29 -31
leaf_value=-0.0086117430700961787 -9.4405542312303586e-05 0.0028899884710914536 -3.0792678481983418e-05 -0.0033128262443643088 0.0042470280497193041 -0.0021037626558636723 0.000387592679308435 0.00034928661179507438 0.0017125775967997026 -0.001560089175467816 -0.0063041767165020971 0.00052607913391291563 0.0049708149047548392 0.0027567733304642685 0.0010313869673697518 0.0056689585497942119 4.5860054199842183e-05 -0.0064050676074007386 -0.00023850435652983393 0.00012688018496200825 -0.0056387397642299946 0.0011134135009735148 -0.00016368423931805155 1.7981874803996156e-05 -6.2627947642490692e-05 -0.00015553929369065413 0.00014062753154178153 1.1380621727585806e-05 -6.4602084915055255e-05 0.00031891742861331899
leaf_weight=107 90 24 109859 1440 426 124 10831 213 1738 744 242 1314 569 867 236 173 567 212 897 10421 173 184 467 21052 19182 138 694 691 159 56
leaf_count=107 90 24 109859 1440 426 124 10831 213 1738 744 242 1314 569 867 236 173 567 212 897 10421 173 184 467 21052 19182 138 694 691 159 56
internal_value=3.99695e-05 -0.00858779 4.61202e-05 0.000308131 -0.00196571 0.00427273 0.000407784 0.0010545 0.00183984 -0.000110674 0.00149765 0.00207176 0.00382196 -0.000157844 0.00198113 0.00635982 0.00324324 -0.00390625 -0.00343389 0.000141112 -0.00569948 -0.00481221 5.23172e-05 0.000563811 -0.000543285 0.00511488 0.00197698 0.00889626 -0.00696721 -0.00174419
internal_weight=183890 131 183759 68792 2887 550 65905 23376 12569 114967 5108 4682 2623 2059 1315 1309 740 448 2337 10807 386 426 42529 22880 19649 1828 999 829 305 215
internal_count=183890 131 183759 68792 2887 550 65905 23376 12569 114967 5108 4682 2623 2059 1315 1309 740 448 2337 10807 386 426 42529 22880 19649 1828 999 829 305 215
cat_boundaries=0 1 2 3 4
cat_threshold=53892 8216 24 2
is_linear=0
shrinkage=0.05


Tree=179
num_leaves=31
num_cat=1
split_feature=11 15 11 7 11 17 17 18 18 4 12 0 12 19 11 20 4 18 15 15 11 19 17 18 20 4 20 4 19 16
split_gain=4.22154 3.57023 16.5403 18.0617 16.1161 14.1524 12.2253 6.84904 6.36371 7.37805 5.99619 5.59149 5.57501 5.17292 5.44562 4.9425 4.91878 4.76819 4.50623 20.7294 16.6287 12.7255 11.7025 18.3269 11.5972 9.14599 13.0553 8.46952 8.05698 7.97144
threshold=9.2154150374028525 8.1298163614287429 8.1896606337060707 1.0000000180025095e-35 8.0874863237131702 8.5337749101913492 7.2982867247611152 0.083209239341439464 0.23120258836792354 7.5000000000000009 8.2949240625415008 0 8.2304437952050211 8.3531820737346596 8.4376382923284527 0.07002109562555825 8.5000000000000018 0.22064862965985238 7.4880225585237339 7.4372423182002629 7.577377095608937 7.3974611996346527 6.8865431742195629 0.13440023231431927 0.037168973575952287 2.5000000000000004 0.055997815631715221 11.500000000000002 6.4196367266474343 0.012368737509700129
decision_type=10 10 8 10 10 10 10 10 10 2 10 1 8 10 8 10 2 10 8 10 8 10 8 10 10 2 10 2 8 8
left_child=1 4 -3 8 5 10 -6 -5 -4 -10 18 15 -9 14 -14 -8 -11 -12 19 21 29 -1 23 -22 -23 26 -26 -27 -24 -20
right_child=-2 2 3 7 6 -7 11 12 9 16 17 -13 13 -15 -16 -17 -18 -19 20 -21 22 24 28 -25 25 27 -28 -29 -30 -31
leaf_value=9.6444211554747028e-06 0.0050854578023417753 -0.0012553189160956269 -0.00044853960433304256 0.0025733661384907515 0.018704565077511014 0.011956172375708186 0.0017207084707492994 -0.0019006297825420405 0.0020760044890012264 -0.0046576656810309201 0.0070551955092576614 0.0021645865398823628 0.00052753216472614108 -4.0719839754999046e-05 0.0052989629166479979 -3.4878079300959544e-05 0.0011402616179810199 -0.00057163230358181494 -0.00027140752935448379 0.00072853832647643566 -0.0017427805609170788 0.0025649847287196881 -0.0059805201744032926 0.00070009233534618076 -0.0020469452639726884 -0.0011319567865964776 0.00036432902530290082 0.00024350432353665853 5.4040001747557303e-05 -0.00052949301503117945
leaf_weight=113191 57 1548 3749 382 105 105 31 137 410 110 105 973 246 336 252 796 218 67 209 4446 1622 53 168 1218 71 4328 1640 889 37835 8424
leaf_count=113191 57 1548 3749 382 105 105 31 137 410 110 105 973 246 336 252 796 218 67 209 4446 1622 53 168 1218 71 4328 1640 889 37835 8424
internal_value=-8.57278e-06 -1.27951e-05 -0.0010896 0.000128425 3.23357e-05 -1.76348e-05 0.0046063 0.00519217 -0.00139848 0.00284553 -2.86918e-05 0.00363889 0.00296087 0.0044964 0.00773092 0.000567503 -0.0027439 0.00930233 -3.79106e-05 0.000122374 -0.000441628 -1.66428e-06 -2.01993e-05 -0.0031162 -0.00207349 -0.00225173 0.000920514 -0.00329212 0.000211168 -0.00243542
internal_weight=183721 183664 7388 5840 176276 174371 1905 1353 4487 738 174266 1800 971 834 498 827 328 172 174094 124618 49476 120172 40843 2840 6981 6928 1711 5217 38003 8633
internal_count=183721 183664 7388 5840 176276 174371 1905 1353 4487 738 174266 1800 971 834 498 827 328 172 174094 124618 49476 120172 40843 2840 6981 6928 1711 5217 38003 8633
cat_boundaries=0 1
cat_threshold=32813
is_linear=0
shrinkage=0.05


Tree=180
num_leaves=31
num_cat=4
split_feature=15 10 11 19 18 10 19 15 10 0 18 17 12 18 0 10 17 13 10 15 23 11 0 12 18 23 15 4 4 0
split_gain=4.18782 25.168 12.458 16.7827 15.7779 11.6542 12.9514 12.3466 13.9928 11.5854 10.6475 11.4084 10.2763 9.36468 9.12964 8.83726 8.49122 7.52435 10.7046 14.843 15.8341 7.38349 7.4218 7.14476 7.08736 7.08645 7.07855 11.6173 6.9163 6.67676
threshold=7.7918171560465863 7.764718292812792 7.9915908515222656 6.9910751954032859 0.10556227608318547 8.395235567913474 7.4037590519248626 8.1567087778626295 8.1354867319456314 0 0.096440724845825873 7.8407368537624214 7.6273001923237187 0.23120258836792354 1 6.6194060950237885 6.6587004398350524 7.4682278018910955 7.4404391602237441 7.4880225585237339 4.6328087806402438 7.6016521472294505 2 7.9386235179612585 0.058583961243289524 0.99024596330289716 8.349268533095481 11.500000000000002 3.5000000000000004 3
decision_type=8 10 8 8 10 8 10 10 10 1 10 8 10 8 1 10 8 10 10 10 8 8 1 8 10 10 10 2 2 1
left_child=1 17 -2 4 16 7 12 8 15 -10 11 -8 25 29 -3 -5 24 18 -1 20 -20 -19 -23 -15 -4 -7 27 28 -13 -12
right_child=2 14 3 5 -6 6 10 -9 9 -11 13 26 -14 23 -16 -17 -18 21 19 -21 -22 22 -24 -25 -26 -27 -28 -29 -30 -31
leaf_value=6.0431024231810683e-06 -0.0004846670400681763 0.0024390504192844721 -0.0034415872445435758 -0.011690631684791187 0.00039443576800977101 -0.00053464867151506998 -0.00026583212598152439 -0.00072847637138906407 0.00027522902785594996 0.0029700666756924399 0.0011305081138611951 0.0014872318115753736 0.010998893008888101 -0.0037178794050690914 0.0011753403730829339 -8.0018083158162057e-05 -0.00093587618974781965 -0.00037950951068683737 0.00035949817947549261 -6.1313469138601922e-05 0.0016819417657883752 0.0003946128546921335 -0.00024998296382490183 0.0029475092530271588 -0.0015233433151732091 0.013716581333827627 0.00038142110971834954 -0.00033387417052650471 0.0030622204180180469 -0.0002941082909486248
leaf_weight=118572 9856 537 276 78 1877 5275 720 3052 742 629 996 389 130 162 2309 6445 2192 8081 2195 3367 1809 2830 3819 1318 367 120 612 340 1690 3157
leaf_count=118572 9856 537 276 78 1877 5275 720 3052 742 629 996 389 130 162 2309 6445 2192 8081 2195 3367 1809 2830 3819 1318 367 120 612 340 1690 3157
internal_value=3.20753e-05 0.00015869 -0.00041746 8.09697e-05 -0.00266341 0.000581126 0.00149071 -0.000657775 0.000386369 0.00497812 0.00262148 0.00468542 -0.000429864 0.00124712 0.00481377 -0.000578721 -0.00501764 6.45113e-05 0.00018957 0.00203839 0.0040959 -0.00100475 0.000229358 0.00466216 -0.01007 -0.000764597 0.00602936 0.00724473 0.00864598 3.00987e-05
internal_weight=183942 143519 40423 30567 4712 25855 14909 10946 7894 1371 9384 3751 5525 5633 2846 6523 2835 140673 125943 7371 4004 14730 6649 1480 643 5395 3031 2419 2079 4153
internal_count=183942 143519 40423 30567 4712 25855 14909 10946 7894 1371 9384 3751 5525 5633 2846 6523 2835 140673 125943 7371 4004 14730 6649 1480 643 5395 3031 2419 2079 4153
cat_boundaries=0 1 2 3 4
cat_threshold=1150 49152 26136 19712
is_linear=0
shrinkage=0.05


Tree=181
num_leaves=31
num_cat=3
split_feature=15 15 11 19 18 19 16 13 15 17 11 11 0 19 18 0 4 17 17 4 11 17 11 4 17 19 4 16 0 18
split_gain=2.96863 22.1008 15.8921 14.5295 15.2496 13.7798 9.1138 8.70399 7.60645 17.3838 14.5461 13.9545 8.7428 8.57448 11.3041 8.0724 7.39754 7.33149 7.32221 8.6084 7.27872 7.10249 9.99091 7.07593 6.6882 7.01118 6.68811 8.98839 7.1544 6.55773
threshold=7.4880225585237339 7.4372423182002629 7.577377095608937 6.6768410585156852 0.087128939587912971 7.3845823720445969 0.012368737509700129 7.5248301129598225 7.6917217173580212 8.3877880361832258 7.6513571967694611 7.7202392267623416 0 7.8654381142696161 0.11277974244479837 1 2.5000000000000004 7.2643744023976859 7.6110646670876827 10.500000000000002 8.993532301340311 7.2469605387760039 6.8569880235699889 11.500000000000002 6.1782257415122013 6.4196367266474343 1.5000000000000002 0.082259382052440183 2 0.13545967988498001
decision_type=8 10 8 8 8 10 8 10 10 10 10 8 1 10 10 1 2 10 8 2 8 8 10 2 10 10 2 10 1 10
left_child=1 5 6 4 -4 -1 -2 -3 9 10 15 -10 -12 -13 20 -5 26 -14 19 -17 -15 22 29 -18 25 -6 28 -28 -7 -8
right_child=2 7 3 8 24 16 21 -9 11 -11 12 13 17 14 -16 18 23 -19 -20 -21 -22 -23 -24 -25 -26 -27 27 -29 -30 -31
leaf_value=1.4922645291060023e-05 -0.00029595946339497917 0.00081926517642449959 -0.0027346746449623538 -0.00019217119867465104 -0.0054475934915024123 0.0010283998896123414 -0.0019316704086010273 -0.00042771592686328134 -0.0009807109217920384 0.0062951290527970107 -0.00048263498833596153 0.00028252154093584282 0.0078767176881339163 -3.8000911084457026e-05 -0.0006645579613586694 0.00031414563490235193 -0.00078333361013318561 0.0012790547887141736 0.00069966953116944457 -0.00064522243609352889 0.00070353939403462469 -0.00061990031215544141 0.00086328431210240812 0.00021159846462519562 0.0005134751406445482 -8.9688451310410144e-05 -0.00013813510714033583 0.0028100827097220062 -0.0010221429475972821 0.00085901462162887301
leaf_weight=112348 209 3701 557 11212 319 241 495 678 2076 292 557 8922 240 4554 7250 4484 5091 2503 3735 920 1565 6374 1146 930 893 326 302 510 766 379
leaf_count=112348 209 3701 557 11212 319 241 495 678 2076 292 557 8922 240 4554 7250 4484 5091 2503 3735 920 1565 6374 1146 930 893 326 302 510 766 379
internal_value=3.20033e-05 0.00017039 -0.000260134 7.88612e-05 -0.00399761 4.32656e-05 -0.00224631 0.00365951 0.000255641 0.000888569 0.000738869 -0.000366274 0.00381818 -1.12153e-06 -0.000802229 0.000239546 -0.00198342 0.00496731 0.00134168 0.000166543 0.000780356 -0.00198952 0.000594059 -0.0028276 -0.00143043 -0.00531008 0.000810885 0.00418719 -0.00191162 -0.00343249
internal_weight=183575 124567 59008 50405 2095 120188 8603 4379 48310 23943 23651 24367 3300 22291 13369 20351 7840 2743 9139 5404 6119 8394 2020 6021 1538 645 1819 812 1007 874
internal_count=183575 124567 59008 50405 2095 120188 8603 4379 48310 23943 23651 24367 3300 22291 13369 20351 7840 2743 9139 5404 6119 8394 2020 6021 1538 645 1819 812 1007 874
cat_boundaries=0 1 2 3
cat_threshold=8452 8678 32836
is_linear=0
shrinkage=0.05


Tree=182
num_leaves=31
num_cat=1
split_feature=0 21 15 19 11 16 4 19 16 16 23 11 11 23 18 21 4 19 19 23 19 4 16 15 4 15 11 16 23 4
split_gain=4.0369 6.56485 9.81397 7.80043 7.53938 7.99562 6.34138 5.53782 5.40583 7.59355 7.39911 6.46517 6.44318 10.4977 6.65543 5.302 5.30174 8.66054 6.54516 5.1579 5.05829 4.82082 4.78937 5.40221 4.78257 4.3362 4.33077 4.26531 6.2429 8.07667
threshold=0 1.1785366391390579 7.4880225585237339 7.5802645681994054 6.8569880235699889 0.03093707086265091 1.5000000000000002 7.4443603456260439 0.2573769476996024 0.089490817959460053 6.1413550177341421 7.4103463658656468 6.5124877202785187 2.1331782629243956 1.0000000180025095e-35 6.9718561867951454 2.5000000000000004 6.4196367266474343 6.2938352396225765 4.0195543578698043 7.8155932471590388 4.5000000000000009 0.026697416909641891 6.8013667076152702 5.5000000000000009 6.9477671572440602 8.4148243497432098 0.050637658926965735 0.79455950150566201 7.5000000000000009
decision_type=1 8 10 10 10 8 2 8 10 8 8 10 10 8 10 10 2 10 10 10 10 2 10 10 2 10 10 8 10 2
left_child=1 2 4 -4 5 -1 -5 27 9 12 11 -10 13 14 -3 21 17 18 -15 -13 -21 -14 23 -17 -12 -25 -11 28 29 -6
right_child=-2 8 3 6 7 -7 -8 -9 10 26 24 19 15 16 -16 22 -18 -19 -20 20 -22 -23 -24 25 -26 -27 -28 -29 -30 -31
leaf_value=-0.00010364313059567643 -2.1815039934303118e-05 -0.00045354802730814827 -0.00054403829729148261 0.00044040627676777966 -3.765955672463406e-06 0.0005478176547294211 0.00014052328838274342 0.0013421120998471149 0.0016170452813145887 0.0002896484072056893 -0.0051127971237295185 -0.0030294454630065194 0.00010021939375390865 -0.00030918619523090385 -0.00086722294127961064 0.00046245968304905463 0.00028133201015529964 0.00015570034335903317 -0.0016438347914612184 0.0052296152460981522 -0.0022691507749425634 -7.3898069902966773e-05 -0.00052494097995525735 -0.0024970187053690029 -0.0018669955091522362 1.5141832162601788e-05 0.0016981555465633846 0.00059865324328964862 1.0628140793933484e-05 5.8998961547818142e-06
leaf_weight=44 122299 55 442 60 131 277 407 238 1005 25346 451 467 4666 384 343 113 7328 1059 284 100 27 12799 2369 38 942 413 537 528 397 66
leaf_count=44 122299 55 442 60 131 277 407 238 1005 25346 451 467 4666 384 343 113 7328 1059 284 100 27 12799 2369 38 942 413 537 528 397 66
internal_value=4.3161e-05 0.00037423 0.00283784 -0.00134763 0.00510113 -0.00179128 0.00315846 0.00672794 0.00026564 0.00037679 -0.00180481 0.000515947 -0.000166661 0.000912409 -0.00703518 -0.000666732 0.00126173 -0.00123046 -0.00568862 -0.00361953 0.00531496 -0.000336387 -0.00263382 0.00150709 -0.00446877 -0.00094235 0.00100355 0.00525847 0.00816498 0.000888325
internal_weight=183615 61316 2590 909 1681 321 467 1360 58726 55734 2992 1599 29851 9453 398 20398 9055 1727 668 594 127 17465 2933 564 1393 451 25883 1122 594 197
internal_count=183615 61316 2590 909 1681 321 467 1360 58726 55734 2992 1599 29851 9453 398 20398 9055 1727 668 594 127 17465 2933 564 1393 451 25883 1122 594 197
cat_boundaries=0 1
cat_threshold=53636
is_linear=0
shrinkage=0.05


Tree=183
num_leaves=31
num_cat=0
split_feature=23 3 18 8 20 20 4 16 19 15 12 22 18 15 23 4 15 18 9 19 19 10 15 19 10 19 15 20 19 10
split_gain=4.19194 4.69491 4.98605 5.58714 5.09386 4.22721 6.79679 9.41364 11.8908 17.1435 12.7807 8.14663 7.976 10.3351 7.82007 7.31102 11.0941 11.5907 7.16799 6.68259 6.67309 6.48689 5.90664 11.7728 9.27854 6.42143 6.73639 6.58416 6.17109 5.84006
threshold=0.99024596330289716 5.5000000000000009 0.13545967988498001 5.5000000000000009 0.062609912607316034 0.16316474563096944 4.5000000000000009 0.15896712319063169 7.3561874376877574 7.0015550025078133 7.698933631191955 3.3357632440596361 0.14268688256633585 6.4309616742704323 3.8113069407217437 7.5000000000000009 8.1298163614287429 0.20889589104648534 1.0000000180025095e-35 8.4829332955706498 7.971220347293781 6.3994261899220151 8.1567087778626295 6.3532537634622201 8.1354867319456314 7.0078976198335257 8.2355062975576736 0.074468649066434758 6.4636143409000981 6.6220709878569881
decision_type=8 2 8 2 8 8 2 8 8 10 8 10 8 10 10 2 10 10 2 10 10 8 8 10 10 10 8 10 10 8
left_child=-1 5 3 -3 -4 22 -7 15 9 12 -10 -11 -9 -14 21 16 20 -18 -17 -16 -8 -12 24 -24 -2 27 -27 -25 -29 -15
right_child=1 2 4 -5 -6 6 7 8 10 11 14 -13 13 29 19 18 17 -19 -20 -21 -22 -23 23 25 -26 26 -28 28 -30 -31
leaf_value=5.1374160266592918e-05 1.9901530187738105e-05 -0.00012679699628943554 -0.0022144974315065459 0.00014023190286156507 0.00059801873665756846 -0.00038664262197651844 -4.0720103532887467e-05 -0.0019472377271491093 -0.0020317518181703687 0.0011315892282374397 -0.01720607134463099 0.0037721914077509136 0.0017353544104464548 -0.0030585174874970811 -0.00074715254495578704 -0.00044776586875903138 0.00080799798115545058 0.003716726005660931 0.0017810388612545581 -0.004652577743999897 -0.0058949787721968685 0.00076817833516356075 -0.0053709615390746595 -0.0013831007872765035 0.0020049965509716383 -0.00074203772438536937 0.00011117808550515919 0.0025268075859492534 -0.00062129336466991707 8.5765561140771507e-05
leaf_weight=23004 74484 7187 122 6312 9054 17236 4467 674 2163 2038 40 1513 2871 792 1320 11147 712 257 83 114 96 5196 276 756 310 589 6363 218 1949 2277
leaf_count=23004 74484 7187 122 6312 9054 17236 4467 674 2163 2038 40 1513 2871 792 1320 11147 712 257 83 114 96 5196 276 756 310 589 6363 218 1949 2277
internal_value=6.64416e-05 -2.39702e-05 0.000642778 3.14838e-05 0.00154207 -0.000133572 -0.000483999 -9.08837e-05 0.000671123 0.00183719 -0.00067078 0.00463954 0.000332628 0.000917508 0.000412294 -0.00095454 0.000533261 0.00539216 -0.00168744 -0.00285914 -0.000498575 0.00130825 8.5055e-05 -0.00104669 0.000238656 -0.000762025 6.47296e-05 -0.00272836 -0.00132672 -0.00109971
internal_weight=183620 160616 22675 13499 9176 137941 52996 35760 18998 10165 8833 3551 6614 5940 6670 16762 5532 969 11230 1434 4563 5236 84945 10151 74794 9875 6952 2923 2167 3069
internal_count=183620 160616 22675 13499 9176 137941 52996 35760 18998 10165 8833 3551 6614 5940 6670 16762 5532 969 11230 1434 4563 5236 84945 10151 74794 9875 6952 2923 2167 3069
is_linear=0
shrinkage=0.05


Tree=184
num_leaves=31
num_cat=2
split_feature=10 23 13 16 22 22 20 22 14 3 8 13 20 1 18 7 20 3 18 19 10 15 20 19 1 18 10 23 19 10
split_gain=3.37627 3.9636 3.50273 8.65469 3.89969 5.47389 3.96806 3.768 3.53118 3.23837 6.62854 5.26185 5.20174 4.6334 4.66452 5.37219 5.14243 4.58634 6.015 5.46688 4.21316 9.16051 4.20927 7.70954 6.26785 5.5495 5.88843 5.23007 5.07099 6.64102
threshold=5.7087686410618739 6.0188070890551968 6.0969494222992333 0.015999237457950625 7.7460195909627982 6.1338316943681521 0.17897110480408226 3.0933100309410118 6.8580395486683789 1.5000000000000002 1.5000000000000002 8.9587921779349138 0.054329444409475312 0 0.12943487352022356 73.500000000000014 0.33358687486319499 5.5000000000000009 0.16227209535809703 6.792363913298078 6.2275238364393255 6.2401693155098394 0.064614539327178491 7.971220347293781 1 0.11199201279289299 6.4523117665326337 7.0582788261197935 7.9380349766914593 8.0874863237131702
decision_type=8 8 8 10 10 10 10 10 8 2 2 10 8 1 8 10 10 2 8 10 8 8 8 10 1 10 8 8 10 10
left_child=1 -1 3 7 5 8 -7 -2 -5 10 12 22 -4 14 -14 16 -16 20 -19 -20 21 -11 23 24 27 26 -24 -12 29 -27
right_child=2 -3 9 4 -6 6 -8 -9 -10 17 11 -13 13 -15 15 -17 -18 18 19 -21 -22 -23 25 -25 -26 28 -28 -29 -30 -31
leaf_value=-0.00095320764627799821 0.00084561145848951471 -0.0064269084090624153 0.0023148397631521877 0.00099648059618435698 0.0027064963970864666 0.00024499946513749648 -0.0082271598032518153 -0.0033597948666264088 -0.00034855375006896954 0.00013641610657142423 -0.00010091223907315872 0.0070239348545688253 -0.0032603107552002797 -0.001793960501047609 0.0091693615731314182 -0.02804342576767991 -0.0045559704070596398 -4.5623498804214794e-06 0.0015571857961708124 0.00027501743363991251 -4.0642016906033974e-05 -0.0021899515869910238 -0.00045276208015803125 0.0016432738239097412 -6.4969577020734808e-06 4.9343835342963162e-05 0.00023780705720257702 -0.0010477907794772757 -0.00080241580039932538 0.0029665457935748487
leaf_weight=192 61 119 145 1101 25 80 74 104 258 1241 1090 94 109 1507 250 35 102 17968 2030 5836 101423 1010 977 147 6530 19461 18965 546 2121 387
leaf_count=192 61 119 145 1101 25 80 74 104 258 1241 1090 94 109 1507 250 35 102 17968 2030 5836 101423 1010 977 147 6530 19461 18965 546 2121 387
internal_value=-1.98383e-05 -0.00522508 -1.10248e-05 0.00224604 0.00341352 0.00308989 -0.00584416 -0.00863636 0.00410228 -3.21474e-05 0.000299241 0.000415358 -0.00242086 -0.00308288 0.00110887 0.00368217 0.00553977 -0.000166399 0.000429666 0.00158276 -0.000314929 -0.00245446 0.000393238 -0.000634548 -0.000838844 0.000597099 0.00120098 -0.00360636 4.89326e-05 0.000297259
internal_weight=183988 311 183677 1703 1538 1513 154 165 1359 181974 52466 50318 2148 2003 496 387 352 129508 25834 7866 103674 2251 50224 8313 8166 41911 19942 1636 21969 19848
internal_count=183988 311 183677 1703 1538 1513 154 165 1359 181974 52466 50318 2148 2003 496 387 352 129508 25834 7866 103674 2251 50224 8313 8166 41911 19942 1636 21969 19848
cat_boundaries=0 1 2
cat_threshold=2 1
is_linear=0
shrinkage=0.05


Tree=185
num_leaves=31
num_cat=1
split_feature=13 23 13 16 10 21 4 10 15 0 22 11 22 16 17 17 13 16 17 12 18 21 17 17 18 18 15 23 16 18
split_gain=2.92216 6.45182 3.37187 12.3563 8.20005 9.11582 6.72073 6.15993 9.07365 10.1645 6.10084 5.23735 4.59328 5.84631 4.31067 4.26326 4.13037 4.18925 3.98807 5.69369 4.65852 4.22611 3.95367 3.87726 3.82589 3.98916 3.82428 3.60127 3.53866 3.2593
threshold=5.5729269024244674 6.0836323570319877 6.2547894266644208 0.0087760965597175316 6.2275238364393255 1.7316163862908043 2.5000000000000004 6.3288288446259466 6.2401693155098394 0 3.3357632440596361 6.2850661277898343 4.3950660578969041 0.08179232366943251 6.2950619357622868 6.4504655433615694 6.1125747596674556 0.21535686742011231 6.3319211500892898 6.5532206455302013 0.35900508881603577 3.4028612767084931 6.1782257415122013 6.2531782152055664 0.14164549893701497 0.056222662982527184 6.216661124246083 4.8463993089828499 0.12831717450947622 0.1104813708092735
decision_type=8 10 8 10 10 10 2 8 8 1 10 10 10 10 10 8 10 10 10 8 10 10 8 10 10 10 10 8 8 10
left_child=1 -1 3 10 6 -6 16 8 -4 11 -2 23 -7 -14 -12 29 -5 -18 20 -20 24 -21 -9 -10 25 26 -8 -26 -13 -11
right_child=2 -3 7 4 5 12 18 22 9 15 14 28 13 -15 -16 -17 17 -19 19 21 -22 -23 -24 -25 27 -27 -28 -29 -30 -31
leaf_value=0.0022008540197809181 0.00027694118039489624 -0.019989711495355247 0.00026337659024726622 0.00013031699018535293 0.0018103919031239981 -0.00051908533880777878 0.0011766596212851033 -0.0023976430867603373 -0.0024800724742840342 -0.0011031877643788769 -0.0026596223900952512 -0.0005644149654067121 -0.004844105250022524 0.0018803413241357482 2.5033026479537315e-05 -0.0060646079997316088 -0.0009737430065155817 0.00398352332137486 -0.001953852176300952 0.0053684549232635888 -0.0055214082853028094 -0.0043427169593875268 3.1860826935847798e-06 -0.00083016894871217333 0.0014505621343055442 -1.5651074074551909e-05 -0.00047283142540881511 0.0024130995624608966 0.0025650091313816239 -0.00046765469115443996
leaf_weight=66 119 58 1224 565 650 537 238 350 100 688 187 262 26 390 51 458 633 32 172 111 74 31 173749 478 482 926 87 273 356 363
leaf_count=66 119 58 1224 565 650 537 238 350 100 688 187 262 26 390 51 458 633 32 172 111 74 31 173749 478 482 926 87 273 356 363
internal_value=1.17016e-05 -0.00766129 1.68834e-05 0.00122672 0.0018414 0.00481909 0.000524283 -2.10641e-05 -0.00197888 -0.00359519 -0.00777311 -0.000124378 0.00170514 0.00564904 -0.012395 -0.00630349 -0.00247967 -0.00515038 0.00206767 -0.00318471 0.00286058 0.00422535 2.3119e-05 -0.00354671 0.00331505 0.00161871 0.00638462 0.00612583 0.00307443 -0.00459087
internal_weight=183736 124 183612 5584 5227 1603 3624 178028 3929 2705 357 1196 953 416 238 1509 1230 665 2394 314 2080 142 174099 578 2006 1251 325 755 618 1051
internal_count=183736 124 183612 5584 5227 1603 3624 178028 3929 2705 357 1196 953 416 238 1509 1230 665 2394 314 2080 142 174099 578 2006 1251 325 755 618 1051
cat_boundaries=0 1
cat_threshold=510
is_linear=0
shrinkage=0.05


Tree=186
num_leaves=31
num_cat=1
split_feature=0 16 16 10 19 23 4 18 22 21 18 20 14 23 15 10 10 15 23 4 19 19 18 16 10 4 15 18 16 18
split_gain=3.66131 8.75042 7.30221 6.18533 5.22164 5.03386 5.12052 8.71 5.10539 6.75673 9.07902 6.23852 5.91693 5.18596 5.04995 10.1037 10.0746 6.83641 6.27569 5.21522 10.7795 6.65499 8.29337 6.87776 6.53942 5.19935 5.64905 5.2663 5.7387 5.06889
threshold=0 0.2247797219774961 0.11307770617930123 6.4746617065281837 6.2201282559728606 6.8965166542799272 2.5000000000000004 1.0000000180025095e-35 5.1935120980322251 5.361995895593366 0.020184598259166232 0.037168973575952287 7.3814970480868451 0.79455950150566201 6.7892361583621872 6.7469993277013458 6.8314139001060186 6.9351261315586337 7.3151623515795157 9.5000000000000018 7.5626114678821343 7.5626114678821343 0.10083795166040879 0.031289063412121586 6.9693205241217697 2.5000000000000004 7.6917217173580212 0.12779184974818969 0.042754558642795044 0.085146510042966625
decision_type=1 10 8 10 10 8 2 10 8 8 10 10 8 10 10 10 8 10 10 2 10 10 10 10 8 2 10 10 10 10
left_child=1 2 4 -3 -1 6 7 -6 9 10 12 -11 13 -8 15 29 18 -18 -16 20 25 24 23 -23 -21 27 -27 -19 -29 -7
right_child=-2 3 -4 -5 5 14 8 -9 -10 11 -12 -13 -14 -15 16 -17 17 19 -20 21 -22 22 -24 -25 -26 26 -28 28 -30 -31
leaf_value=0.00089374951405889473 -1.8017563825512006e-05 -0.0034065030869231852 0.00052412226864457796 -0.00030873704685558946 -1.2953242141477973e-05 -8.5219994520668873e-05 2.6460923981286301e-06 0.00056308198831782623 0.00013551442919212953 -0.0001311244251491761 -5.0267932796543849e-05 -0.0005766024478335741 -9.577215911704685e-06 7.988776915457407e-06 -0.0012529398317947305 0.00083033890983852388 0.0002915351421311385 -0.00094903786134858947 0.00088023151450737917 -0.0015444286930912376 0.00038915263205923094 -0.00076267114848520561 -0.0024183027400165539 0.00010645039381609323 2.7472461042887811e-05 -5.4794016548864734e-05 -0.0019875081020019002 0.0026388939231692722 -0.00025278195907700861 0.00051604668640643509
leaf_weight=238 131056 1106 14132 3056 142 2971 113 1593 6623 86 3963 796 69 231 719 519 1697 979 58 155 2576 272 562 643 1774 6165 129 33 183 1215
leaf_count=238 131056 1106 14132 3056 142 2971 113 1593 6623 86 3963 796 69 231 719 519 1697 979 58 155 2576 272 562 643 1774 6165 129 33 183 1215
internal_value=3.48102e-05 0.000386305 0.000574677 -0.00181403 0.000182588 0.000131326 0.000877644 0.00341499 0.000507112 -0.000656143 0.000148537 -0.00464853 0.00720339 0.00988372 -0.000360775 0.00107864 -0.000785513 -0.000501055 -0.00633848 -0.000877812 -0.000305514 -0.002569 -0.00509479 -0.00215847 -0.000635044 -0.00126519 -0.000691134 -0.0042887 0.00277778 0.000262781
internal_weight=183854 52798 48636 4162 34504 34266 13616 1735 11881 5258 4376 882 413 344 20650 4705 15945 15168 777 13471 10065 3406 1477 915 1929 7489 6294 1195 216 4186
internal_count=183854 52798 48636 4162 34504 34266 13616 1735 11881 5258 4376 882 413 344 20650 4705 15945 15168 777 13471 10065 3406 1477 915 1929 7489 6294 1195 216 4186
cat_boundaries=0 1
cat_threshold=53252
is_linear=0
shrinkage=0.05


Tree=187
num_leaves=31
num_cat=3
split_feature=10 15 23 10 4 1 20 17 14 20 20 1 11 23 4 6 11 20 10 15 10 21 1 23 15 10 10 11 15 10
split_gain=3.07175 9.0498 8.46274 6.16745 9.86652 4.66113 5.19947 3.921 4.84097 7.95764 6.41886 5.41704 6.23666 7.14175 5.40114 4.3615 4.27222 10.2655 6.2974 5.50305 13.6055 8.80747 7.61406 4.90522 4.41932 19.2633 11.1278 9.62818 8.69626 13.8053
threshold=6.3126414277150058 6.2401693155098394 4.1352535733808802 6.1323122662398957 3.5000000000000004 0 0.041066916943848848 6.0678676885337319 6.4762025397968879 0.38824048265638744 0.034083748449118129 1 6.0741952825945456 3.6910121464252437 1.5000000000000002 1.0000000180025095e-35 6.4975285698311493 inf 6.391078890228977 6.5643788500761406 6.6100226439425702 3.9787461999340556 2 3.5739949660142463 6.7892361583621872 6.8569880235699889 6.6637708581706061 6.7609937299437428 6.9087610166783255 6.9358565909245806
decision_type=8 8 8 10 2 1 10 8 8 10 10 1 8 8 2 2 8 8 10 8 8 8 1 10 8 8 10 10 8 8
left_child=1 3 -3 4 -1 -4 -7 -2 9 10 -9 15 13 -13 -14 -12 17 18 -10 22 21 23 -18 -21 26 -26 27 -22 -27 -30
right_child=7 2 5 -5 -6 6 -8 8 16 -11 11 12 14 -15 -16 -17 19 -19 -20 20 24 -23 -24 -25 25 28 -28 -29 29 -31
leaf_value=-0.00095804084576478488 -0.0022448163648913556 3.157762124437191e-05 0.0043254831443392044 0.00029981013086626267 0.001297287174665085 -0.016173791636118984 -0.001221088129111525 -0.0054089314055229655 -0.0010815916277896688 0.0047188691584056034 -0.00069948393333265637 0.0033959023272216895 -0.00063241847944541798 -0.0044859117914216821 0.00061301932185409136 0.0004919060610273807 0.00091686526416510103 -0.020752900774413854 5.6161374075336394e-05 -0.0003880208979456512 -0.0003727059412037326 -0.0010976673857346242 0.00011328973424415967 0.0037673653598617298 -0.00061923511252728327 0.00014676618503353114 0.00034781443421461056 0.00087920279558009187 -0.00046008712228560181 7.365455165198043e-06
leaf_weight=1295 498 1261 69 1729 708 34 1791 31 1851 344 1297 31 451 99 4153 717 1022 46 2944 960 5242 1990 2884 157 6764 9672 7988 953 5611 121241
leaf_count=1295 498 1261 69 1729 708 34 1791 31 1851 344 1297 31 451 99 4153 717 1022 46 2944 960 5242 1990 2884 157 6764 9672 7988 953 5611 121241
internal_value=-2.76066e-05 -0.0010636 -0.00303487 0.000602894 -0.00128557 -0.00514784 -0.00563014 1.27157e-05 2.52199e-05 0.00130212 0.000925653 0.00102993 0.00195395 -0.00884615 0.00225891 -0.00114201 -2.84955e-05 -0.00149246 -0.00126694 1.45911e-05 -3.05148e-05 -0.00330705 0.00186892 0.000246195 3.41333e-05 -4.92016e-05 0.000876049 -0.000714286 7.98394e-05 -3.03503e-05
internal_weight=183833 6887 3155 3732 2003 1894 1825 176946 176448 7123 6779 6748 4734 130 4604 2014 169325 4841 4795 164484 160578 3107 3906 1117 157471 143288 14183 6195 136524 126852
internal_count=183833 6887 3155 3732 2003 1894 1825 176946 176448 7123 6779 6748 4734 130 4604 2014 169325 4841 4795 164484 160578 3107 3906 1117 157471 143288 14183 6195 136524 126852
cat_boundaries=0 1 2 3
cat_threshold=4 1 4
is_linear=0
shrinkage=0.05


Tree=188
num_leaves=31
num_cat=0
split_feature=13 16 14 13 18 6 23 21 18 23 21 18 23 16 19 23 19 14 18 15 4 15 18 15 16 16 23 21 18 13
split_gain=3.06247 5.89957 5.58981 3.82016 3.84303 3.91862 3.3216 2.501 8.26017 6.67794 9.32868 7.40542 6.99287 7.69115 10.1905 6.50915 5.8864 5.85192 5.25855 5.08447 4.97666 6.15649 5.55147 4.91871 4.85795 4.69155 4.57314 4.48084 4.4485 4.39655
threshold=6.0969494222992333 0.015999237457950625 5.5729269024244674 5.5729269024244674 0.23746727631158548 1.0000000180025095e-35 5.6262542286679613 6.6649826707415887 0.3907492643283455 5.9244963238185209 5.1935120980322251 0.56898791336510268 6.8688396784939885 0.040209334032320805 7.5802645681994054 4.802141907797882 8.6730548214017276 7.8452197668196186 0.14164549893701497 7.9246899883694732 5.5000000000000009 6.2836603338076014 0.047320334985942618 8.0794589554913046 0.18601190478488058 0.41687178236749928 6.6507344182500203 6.120846567825482 0.040601699666118742 7.0026107065950418
decision_type=8 10 10 10 10 2 10 10 8 10 10 8 10 10 10 10 10 10 10 10 2 10 10 10 10 10 8 8 10 10
left_child=1 -1 3 6 -5 -6 -3 9 17 10 15 12 13 14 27 -2 -17 26 -18 -19 21 -15 -22 -21 29 -24 -9 -11 -12 -23
right_child=7 2 -4 4 5 -7 -8 8 -10 11 28 -13 -14 20 -16 16 18 19 -20 23 22 24 25 -25 -26 -27 -28 -29 -30 -31
leaf_value=-0.0020729591010948847 -8.8237387128708995e-06 0.0016243964921685006 0.00076687720398371795 0.0011003817707006646 -0.0052640701759864243 0.0078145805843455648 -0.021008865454445625 -0.00036862393362782078 0.0053623014766559065 0.00030889518778307593 0.00014188363870699662 0.0089327674519950277 -0.0001038664195323058 -0.0069199165998998563 0.0005596719556995478 0.0003208054628796031 0.0039612687924714509 -0.001315736412184565 -0.010248927906621665 0.00065683109409393487 -0.00054741079855169517 0.0011296370909584575 0.0005232932718362449 -0.00066968810058019032 -0.0037007846755120703 0.013674074078237598 -1.9024211319607076e-05 -0.00014841981216899837 -0.00042704508966107113 0.00053137884837359815
leaf_weight=153 131470 25 1299 156 69 33 57 1900 158 344 625 54 4953 48 773 7743 25 345 43 239 468 1351 4561 634 95 34 13637 3082 7847 1228
leaf_count=153 131470 25 1299 156 69 33 57 1900 158 344 625 54 4953 48 773 7743 25 345 43 239 468 1351 4561 634 95 34 13637 3082 7847 1228
internal_value=-2.00328e-05 0.00203683 0.00291336 -0.00279412 0.000193798 -0.00735294 -0.0121951 -4.03232e-05 -0.000619346 1.91206e-05 -8.88307e-05 0.00095786 0.00089892 0.00155207 -0.00017266 9.15416e-06 0.00141147 -0.000726649 -0.0132353 -0.00406404 0.00248234 0.00420647 0.0015554 -0.00203322 0.00452506 0.00208379 -0.000465019 -0.00134267 -0.00169972 0.00493408
internal_weight=183449 1792 1639 340 258 102 82 181657 16913 164744 147753 16991 16937 11984 4199 139281 7811 16755 68 1218 7785 2722 5063 873 2674 4595 15537 3426 8472 2579
internal_count=183449 1792 1639 340 258 102 82 181657 16913 164744 147753 16991 16937 11984 4199 139281 7811 16755 68 1218 7785 2722 5063 873 2674 4595 15537 3426 8472 2579
is_linear=0
shrinkage=0.05


Tree=189
num_leaves=31
num_cat=2
split_feature=11 18 10 20 0 13 7 22 10 23 17 20 8 3 18 18 21 0 14 10 11 21 23 23 20 18 11 20 8 18
split_gain=3.34819 5.5217 4.9534 3.85129 3.06584 3.0427 6.86383 5.45616 4.3404 5.60683 4.57371 9.01674 6.28991 5.41868 3.74483 3.39232 3.67702 3.37925 5.87566 8.70127 12.6547 6.29617 5.38815 4.83223 4.68589 5.78055 4.41972 8.08157 4.37649 4.22367
threshold=6.0414437724798988 0.042363597860671086 5.5729269024244674 0.18423945194150484 0 6.110357461133523 1.5000000000000002 4.6643816014599535 6.2567088148180039 2.0512275922459415 6.232486072302426 0.13647855253710819 2.5000000000000004 1.5000000000000002 0.22852283654696068 0.11861061595043201 3.4672959664678489 1 6.463808880305316 6.3126414277150058 6.5882382461791584 1.1785366391390579 0.6931071725578114 7.3151623515795157 0.046199632433433502 0.039923827810430891 6.7458242390288694 0.041066916943848848 3.5000000000000004 0.033031021069887166
decision_type=8 8 10 10 1 8 10 10 8 8 8 10 2 2 8 10 10 1 8 10 10 8 8 10 10 10 10 8 2 8
left_child=1 -1 3 -3 -4 6 -2 -8 9 -7 12 15 -11 14 -13 16 -12 23 19 20 29 22 -20 -10 -25 -26 27 -24 -29 -19
right_child=5 2 4 -5 -6 8 7 -9 17 10 11 13 -14 -15 -16 -17 -18 18 21 -21 -22 -23 26 24 25 -27 -28 28 -30 -31
leaf_value=0.0016570812849683314 0.00067048155021343092 -0.0045058908977876344 0.0026591821214414502 -0.0029085855659187311 -0.00049632383571736056 0.0024353111509007874 -7.3390465545486452e-05 -0.010306649187213336 -1.4399000421994046e-05 -0.0083009729955560337 -0.0011170228792096281 0.0020305107348491448 5.5552070122466549e-05 -0.0014100913609524923 -0.00073606516769253449 0.0017415686913962115 -0.0024649857279943847 0.0017073650443844013 -0.00018479683266763304 0.0010405233148521153 0.0048108170225054092 2.1267119171053395e-05 -9.8595545786839267e-05 0.0028791682801392773 -0.0024881926009757472 -0.00066892275526795339 2.636833199416433e-05 0.0022940223584750007 -0.00022132509793162394 -0.00043779176809737312
leaf_weight=25 1170 202 122 273 867 327 131 68 86803 52 414 211 1545 965 164 56 112 91 220 1874 161 81916 71 24 65 1217 2440 199 477 1327
leaf_count=25 1170 202 122 273 867 327 131 68 86803 52 414 211 1545 965 164 56 112 91 220 1874 161 81916 71 24 65 1217 2440 199 477 1327
internal_value=6.1142e-05 -0.0023002 -0.00269809 -0.00689474 -0.000682508 8.04503e-05 0.00242878 -0.00615578 6.26622e-05 -0.00159906 -0.00218102 -0.00382414 -0.000203507 -0.00156716 0.00353333 -0.00902062 -0.0102662 9.8793e-05 0.000316491 0.00233855 -0.00039582 0.000234696 0.00234077 -0.000120576 -0.00313936 -0.00354914 0.00286319 -0.000502008 0.00118343 -0.00190409
internal_weight=183589 1489 1464 475 989 182100 1369 199 180731 3846 3519 1922 1597 1340 375 582 526 176885 88776 3453 1579 85323 3407 88109 1306 1282 3187 747 676 1418
internal_count=183589 1489 1464 475 989 182100 1369 199 180731 3846 3519 1922 1597 1340 375 582 526 176885 88776 3453 1579 85323 3407 88109 1306 1282 3187 747 676 1418
cat_boundaries=0 1 2
cat_threshold=74 9307
is_linear=0
shrinkage=0.05


Tree=190
num_leaves=31
num_cat=3
split_feature=0 19 6 15 9 19 16 10 13 10 1 20 15 16 19 18 16 4 22 1 13 12 18 15 18 19 10 18 18 20
split_gain=2.84913 10.6767 9.46379 8.59287 11.9197 11.113 6.8458 9.99014 6.29997 7.08214 5.55388 5.51552 5.38788 5.72023 6.22571 6.01835 5.08715 6.73339 4.84007 8.0072 5.21717 5.39364 4.90384 4.50834 4.43425 4.33116 6.12049 4.91895 4.24485 7.18493
threshold=0 8.4829332955706498 1.0000000180025095e-35 6.8123624943466323 1.0000000180025095e-35 6.5973060279258311 0.12711723384189652 6.6739296797910415 6.5403079774037876 6.4523117665326337 1 0.32792034134839126 6.7407356682988206 0.090232561718876989 7.7748742161611917 0.082591070086359505 0.26982383811451027 1.5000000000000002 3.7388586794858525 2 6.601909005459107 6.7316144034746452 0.055618145063373418 6.662712462519309 0.17991591929767201 7.0164571990878217 6.8917952450640341 0.049018534328419752 0.057983039061419717 0.12122640856363863
decision_type=1 8 2 8 2 10 10 10 10 8 1 10 10 8 10 8 8 2 10 1 10 10 10 10 10 10 10 10 10 10
left_child=1 2 3 6 5 11 7 8 28 -10 -8 -5 13 -4 15 -15 -7 -18 19 -11 -21 -22 -20 -12 -9 26 -6 -28 29 -1
right_child=-2 -3 12 4 25 16 10 24 9 18 23 -13 -14 14 -16 -17 17 -19 22 20 21 -23 -24 -25 -26 -27 27 -29 -30 -31
leaf_value=0.00048557450179680388 2.5203251080796464e-06 -0.0084824499137990516 0.0015779311443422372 -0.0077071502434429284 -0.0014402301845805711 -0.00055790182275674562 0.00010041592352179053 0.00073125216388774121 -0.0028290813212001886 -0.0019010087366483131 -0.003093245836277703 0.0014834752239101024 6.0471100545012038e-05 -0.0016793612793424729 0.0072158586184163827 0.00075457869047004247 -0.0042082241190285032 0.00199787059527754 -0.001368093746887955 0.00053306078848704976 -0.00077462766707037112 0.0010569792948269985 0.0014294025833093916 -0.00041428872176969557 -0.0032560507487370272 -0.0037924373989500107 -0.0045976203195153614 0.00066767678666947996 -9.5198385200845348e-05 -0.0016786262790095875
leaf_weight=1506 160291 478 509 183 448 5333 621 1176 62 266 517 52 6675 114 46 991 112 665 44 312 598 93 303 297 36 45 28 120 1749 52
leaf_count=1506 160291 478 509 183 448 5333 621 1176 62 266 517 52 6675 114 46 991 112 665 44 312 598 93 303 297 36 45 28 120 1749 52
internal_value=-3.86453e-05 -0.000553517 -0.00039973 -0.00116637 -0.00243344 -0.00177699 -6.55136e-06 0.000714055 -0.000275827 -0.00277116 -0.00311847 -0.0124468 0.000944811 0.00349398 0.00154214 0.000791855 -0.00136661 0.00241313 -0.0021349 -0.0035658 -0.00152044 -0.00394356 0.00309798 -0.00583538 0.00478548 -0.00893136 -0.00780201 0.00101351 0.000990324 0.00288832
internal_weight=183722 23431 22953 14618 6986 6345 7632 6197 4985 1678 1435 235 8335 1660 1151 1105 6110 777 1616 1269 1003 691 347 814 1212 641 596 148 3307 1558
internal_count=183722 23431 22953 14618 6986 6345 7632 6197 4985 1678 1435 235 8335 1660 1151 1105 6110 777 1616 1269 1003 691 347 814 1212 641 596 148 3307 1558
cat_boundaries=0 1 2 3
cat_threshold=10248 2 2
is_linear=0
shrinkage=0.05


Tree=191
num_leaves=31
num_cat=3
split_feature=23 16 16 13 23 4 17 10 11 15 10 23 0 11 10 16 0 15 11 18 15 10 10 13 10 19 0 18 15 10
split_gain=4.43385 7.13181 3.20772 3.20148 5.23618 3.12958 2.84448 28.3928 11.8302 10.9321 11.6153 10.6494 9.65547 9.10637 11.4976 7.311 9.3463 7.18096 17.3995 10.9609 10.0409 8.37635 7.96565 15.8016 15.4468 9.70998 6.99571 6.97493 6.91757 11.2355
threshold=0.35216667429625431 0.058173627980728608 0.042754558642795044 5.5729269024244674 5.9244963238185209 3.5000000000000004 7.2934100465559233 7.4404391602237441 8.1572207036699762 7.3383304993538623 7.0125655419730064 4.380698959468277 0 7.2089702972815557 6.6637708581706061 0.03093707086265091 1 7.4880225585237339 7.5514487133512889 0.029403397973934018 7.4449364579954684 7.4974835395764439 8.4367383964734284 8.1354867319456314 8.0874863237131702 8.4829332955706498 2 0.12943487352022356 6.8951759268300394 6.6352899567741668
decision_type=8 10 8 8 10 2 10 10 10 8 10 8 1 10 10 8 1 8 8 10 10 10 8 8 10 10 1 10 10 10
left_child=1 2 -1 4 -2 -3 7 8 13 10 -8 -9 -12 15 26 16 -5 19 21 -11 -21 -19 23 24 27 -25 -15 -20 29 -18
right_child=3 5 -4 6 -6 -7 9 11 -10 17 12 -13 -14 14 -16 -17 28 18 22 20 -22 -23 -24 25 -26 -27 -28 -29 -30 -31
leaf_value=0.00054016407069767958 0.0010777805539350371 -0.00028577809853786996 -0.0015094174195966926 -6.5891779546367599e-05 -0.016740706708703559 0.0031782535071149588 -0.00069035595322577417 0.0012663823101889183 0.015659400071262208 0.00071121453380604835 4.1414972185460643e-06 0.0050961543272627814 -0.00029958009354529307 0.0020974688841398858 9.2169925315332973e-05 -4.244584145620678e-05 0.00014312571423324982 -0.0007484243157490412 0.00012927946219636334 -2.8701795201246941e-05 0.00058997873765607176 -5.597166618427352e-05 0.0003811730154868798 -0.00033994678112385661 0.0014839940005360486 -0.0034108972459907963 0.00078815795350526416 -0.0003537733581343794 2.2185559411891378e-05 0.00051157757479627366
leaf_weight=54 62 79 49 4404 64 268 1966 829 73 626 2162 1035 3578 944 6560 94435 2653 3511 7680 8600 3448 1967 12992 9565 1582 303 1673 6141 4381 1515
leaf_count=54 62 79 49 4404 64 268 1966 829 73 626 2162 1035 3578 944 6560 94435 2653 3511 7680 8600 3448 1967 12992 9565 1582 303 1673 6141 4381 1515
internal_value=4.2986e-05 0.005 -0.0065534 3.07799e-05 -0.00793651 0.00842939 3.62769e-05 0.000181432 8.3592e-05 -0.000231983 -0.00199844 0.00630365 -0.000862369 7.09904e-05 0.00158276 -5.82002e-05 0.00105574 9.30604e-06 -0.000294346 0.00105728 0.000722112 -0.0029299 8.29783e-05 -0.000434292 0.000566448 -0.00199635 0.00438479 3.07503e-05 0.00201834 0.00347889
internal_weight=183199 450 103 182749 126 347 182623 118502 116638 64121 7706 1864 5740 116565 9177 107388 12953 56415 43741 12674 12048 5478 38263 25271 15403 9868 2617 13821 8549 4168
internal_count=183199 450 103 182749 126 347 182623 118502 116638 64121 7706 1864 5740 116565 9177 107388 12953 56415 43741 12674 12048 5478 38263 25271 15403 9868 2617 13821 8549 4168
cat_boundaries=0 1 2 3
cat_threshold=1542 17866 27657
is_linear=0
shrinkage=0.05


Tree=192
num_leaves=31
num_cat=1
split_feature=10 21 10 17 10 12 10 15 20 21 19 10 18 20 23 16 20 19 10 14 20 19 19 1 16 4 20 15 23 21
split_gain=2.80121 3.68551 2.59085 2.61492 26.7566 11.7539 11.239 8.80803 11.4326 8.83929 8.21426 8.07877 7.91021 7.0134 6.53194 6.48957 9.67169 16.2668 8.93465 8.33323 10.7961 7.70554 7.15953 6.42371 10.5403 6.42031 6.55679 7.94335 6.31668 7.19261
threshold=5.7087686410618739 6.0892715814130982 9.2471781552446988 7.2934100465559233 7.4404391602237441 7.3128864978553141 6.2116030863880871 7.3383304993538623 0.026820862412156334 0.97438160901885995 8.1374543662597745 8.0727781170296904 0.23120258836792354 0.15565400820442618 6.9122591015999744 0.3139549948208642 0.094188847329590847 6.8433834757060037 6.8040598888354813 6.5532206455302013 0.42175131570414598 6.0173691477424764 7.3044588177413967 0 0.024383364303120828 2.5000000000000004 0.24526099119956632 6.9395336669511289 6.2437017006216244 5.6285199740105947
decision_type=8 10 10 10 10 10 10 8 10 10 10 10 10 10 10 8 8 10 8 10 10 8 8 1 8 2 10 10 10 10
left_child=1 -1 3 4 5 10 -7 8 9 -5 15 -6 -8 23 28 19 17 -17 22 25 -21 -20 -18 24 -9 26 -2 -28 29 -15
right_child=2 -3 -4 7 11 6 12 13 -10 -11 -12 -13 -14 14 -16 16 18 -19 21 20 -22 -23 -24 -25 -26 -27 27 -29 -30 -31
leaf_value=-0.00061657944323734171 -0.00021456144104943232 -0.0064438934807515176 0.0066702535577254814 -5.2488532946703976e-07 0.0029549291079139731 0.0021901858421024658 0.00047474955280721879 -0.00029864555494687475 -0.00029990570245854722 7.5362754811791895e-06 0.0056677519956789936 0.016804855173760538 -0.0012213750326440121 -0.00013237755667994122 -0.00090715719950678069 -0.0019329924232717622 -0.0015115088055696281 -0.00021770308105533155 -0.0071378898654777204 -2.9949731126821534e-05 -0.002600480331667532 9.597817399573661e-05 -0.010296434321824722 -1.0490892776782169e-05 0.00044605079873754065 0.00017948917401022779 0.0012543188420006679 -0.0014789183768006975 0.00076661860276256994 -0.0014413041902025638
leaf_weight=227 6322 84 51 447 1732 1600 2658 1060 6921 260 178 134 744 24006 1479 1070 1509 2019 120 59202 573 11120 173 17576 10168 28610 774 275 1483 956
leaf_count=227 6322 84 51 447 1732 1600 2658 1060 6921 260 178 134 744 24006 1479 1070 1509 2019 120 59202 573 11120 173 17576 10168 28610 774 275 1483 956
internal_value=-1.49838e-06 -0.00474277 6.5495e-06 3.41215e-06 0.000142451 4.76712e-05 0.00241903 -0.000253279 -0.00184845 0.00420792 -5.82876e-05 0.00608253 0.000793651 -3.87816e-05 -0.000603424 -7.538e-05 -0.00100712 -0.00352056 -0.000406284 8.04127e-05 -0.000281472 0.000102313 -0.00380499 0.00050861 0.00144282 0.00068161 -0.000634242 0.00302669 -0.000422575 -0.000610929
internal_weight=183531 311 183220 183169 118813 116947 5002 64356 7628 707 111945 1866 3402 56728 27924 111767 16011 3089 12922 95756 59775 11240 1682 28804 11228 35981 7371 1049 26445 24962
internal_count=183531 311 183220 183169 118813 116947 5002 64356 7628 707 111945 1866 3402 56728 27924 111767 16011 3089 12922 95756 59775 11240 1682 28804 11228 35981 7371 1049 26445 24962
cat_boundaries=0 1
cat_threshold=1
is_linear=0
shrinkage=0.05


Tree=193
num_leaves=31
num_cat=4
split_feature=23 3 20 17 11 18 0 20 20 17 14 3 16 0 18 17 23 0 17 4 17 23 16 20 20 17 0 21 20 18
split_gain=3.79086 4.86435 3.5524 8.44953 5.35458 5.48321 4.62295 5.73629 3.85283 3.82667 8.78171 3.47499 5.91036 5.4042 6.85428 6.52903 5.02601 6.98084 4.78572 4.74911 4.58111 8.13657 4.57457 4.19308 4.10877 4.71252 4.0479 8.5897 7.50936 3.82784
threshold=0.99024596330289716 4.5000000000000009 0.047003191573582792 7.6981885152930323 6.4899642329139136 0.055618145063373418 0 0.037168973575952287 0.14029082378391863 6.9069928672694934 7.0017007882365494 5.5000000000000009 0.11140523640968171 1 0.14712415777596533 8.3877880361832258 6.8553515217369645 2 8.0365314023032024 10.500000000000002 6.4921790526071605 1.5430873896410076 0.46469696405167848 0.40883417556662688 0.067316371266143385 7.4582409601060204 3 1.3736354571277458 0.21419717272464195 0.10407905372919442
decision_type=8 2 8 10 10 10 1 10 10 10 10 2 8 1 10 10 10 1 10 2 8 10 10 10 10 10 1 10 8 10
left_child=1 2 3 4 6 9 7 -1 -4 -6 -11 26 16 18 15 20 17 -13 -14 24 21 -15 -16 -22 25 -19 27 29 -29 -2
right_child=11 -3 8 -5 5 -7 -8 -9 -10 10 -12 12 13 14 22 -17 -18 19 -20 -21 23 -23 -24 -25 -26 -27 -28 28 -30 -31
leaf_value=0.00060233681861272543 -0.00026328760840268475 -2.8443902636610122e-05 0.0003497935607949421 -0.0012549141621366112 0.00024464326610780241 -0.001184577050798863 -0.00030702429568005843 -0.00047185871996440203 0.00015850725936585877 -9.5852580277711044e-05 6.4544360416807224e-06 0.00018236101168080945 0.0001073404701289249 -0.0058179456593723707 0.0016409005407166612 0.0059682681251853609 -0.00075073310222792964 -0.00042202281648724417 -0.0031112239166709134 -0.00060665858303783355 0.00021955082504578895 0.0010567100226807292 -0.006868004955962537 0.0068384723518707616 2.9498426861840343e-05 0.00053639479923670572 -1.1859977166706061e-05 -0.00044180082330040897 -0.0025064916143490382 0.000363696401464253
leaf_weight=66 5027 6611 8062 77 256 51 109 119 6643 321 871 5005 3899 85 2853 65 867 1008 266 874 3566 111 59 51 3736 132 124299 2906 1290 4644
leaf_count=66 5027 6611 8062 77 256 51 109 119 6643 321 871 5005 3899 85 2853 65 867 1008 266 874 3566 111 59 51 3736 132 124299 2906 1290 4644
internal_value=8.29124e-06 0.000605969 0.00106335 -0.000989305 -0.000292805 0.000917278 -0.00646259 -0.00115385 0.00132438 0.00148481 0.000293624 -7.79194e-05 0.000497187 0.00133044 0.00219853 0.000825168 -0.000288246 6.9735e-06 -8.98204e-05 -0.00118056 0.000557304 -0.00688776 0.00403503 0.000960741 -0.000574241 -0.00320175 -0.000171895 -0.00098184 -0.00287178 -0.000162858
internal_weight=183929 23186 16575 1870 1793 1499 294 185 14705 1448 1192 160743 22577 10955 6790 3878 11622 10755 4165 5750 3813 196 2912 3617 4876 1140 138166 13867 4196 9671
internal_count=183929 23186 16575 1870 1793 1499 294 185 14705 1448 1192 160743 22577 10955 6790 3878 11622 10755 4165 5750 3813 196 2912 3617 4876 1140 138166 13867 4196 9671
cat_boundaries=0 1 2 3 4
cat_threshold=16 41486 6471 336
is_linear=0
shrinkage=0.05


Tree=194
num_leaves=31
num_cat=1
split_feature=0 15 15 17 18 20 4 23 20 18 13 23 16 21 23 17 4 4 17 21 21 8 18 4 11 4 20 23 23 16
split_gain=3.40074 5.2383 9.5251 9.33309 7.7649 8.52021 7.71985 7.38099 10.6215 8.06191 7.81389 10.7363 7.22429 6.93969 8.2374 6.12644 6.81921 6.0157 5.92222 5.66139 5.49037 5.48388 5.56162 5.44675 5.3782 5.18919 5.13794 5.04162 7.87761 5.03976
threshold=0 7.4880225585237339 7.4372423182002629 7.5192770190507447 0.055618145063373418 0.14217575256247528 3.5000000000000004 6.9122591015999744 0.13079665070456117 0.073962362502258197 8.272182292171534 6.2437017006216244 0.029459106952716477 5.4471682204650511 4.218280600890421 8.3422228412316795 9.5000000000000018 7.5000000000000009 8.2300583629944928 7.1765984737713326 2.3075602584206303 5.5000000000000009 0.13238489617369484 9.5000000000000018 7.9915908515222656 11.500000000000002 0.23578827302832081 3.8997539907354342 2.3553240223036798 1.0000000180025095e-35
decision_type=1 10 10 10 10 10 2 10 10 10 10 10 10 10 10 10 2 2 10 10 8 2 10 2 8 2 10 10 10 8
left_child=1 2 18 4 -3 -6 -7 10 9 23 11 13 -13 14 21 16 -10 -12 29 -14 -4 27 26 -9 25 -11 -23 28 -5 -1
right_child=-2 3 20 7 5 6 -8 8 15 24 17 12 19 -15 -16 -17 -18 -19 -20 -21 -22 22 -24 -25 -26 -27 -28 -29 -30 -31
leaf_value=3.6229232873719042e-06 -1.9148019835180109e-05 -0.00062711088255644758 0.00095593414787313873 -0.00064080016229062231 0.001390738634330524 -0.00413973279021187 -0.00063574076701191642 0.00018895561742193756 -0.00085769393822965334 -0.00092209634769715445 0.00037728184286125457 2.3812733493633333e-05 0.0017650351990378789 -0.0012558741487975755 0.0013909392335010652 0.0022630846514585913 -0.0023952305755713167 -0.0014063069737566992 0.0048506377558496187 -0.0011626748718284174 0.00044391308299696064 0.00036495475566020733 -0.0003240750691824168 -0.0009682715061781977 0.0019315623193674636 0.0025388783812668072 0.0080389612947494807 -0.0082082181636083714 0.0024137020237681387 5.7540285931034778e-05
leaf_weight=1202 141439 386 432 595 238 137 498 365 286 111 428 426 752 550 1127 79 250 687 156 50 1074 1322 1623 350 186 37 76 80 199 28609
leaf_count=1202 141439 386 432 595 238 137 498 365 286 111 428 426 752 550 1127 79 250 687 156 50 1074 1322 1623 350 186 37 76 80 199 28609
internal_value=1.4966e-05 0.00040819 0.000734757 -0.000539767 -0.00458697 -0.00197595 -0.005 -7.82963e-06 -0.00303486 2.38322e-05 0.000628553 0.00126471 0.00549674 0.000332017 0.00091597 -0.00825203 -0.0101679 -0.00325112 0.00053976 0.00829177 0.00461487 -0.000173299 0.000835816 -0.00297203 0.00643713 -0.000675676 0.00314735 -0.00366133 -0.00245592 0.000488913
internal_weight=183750 42311 31473 10838 1259 873 635 9579 1664 1049 7915 6800 1228 5572 5022 615 536 1115 29967 802 1506 3895 3021 715 334 148 1398 874 794 29811
internal_count=183750 42311 31473 10838 1259 873 635 9579 1664 1049 7915 6800 1228 5572 5022 615 536 1115 29967 802 1506 3895 3021 715 334 148 1398 874 794 29811
cat_boundaries=0 1
cat_threshold=20612
is_linear=0
shrinkage=0.05


Tree=195
num_leaves=31
num_cat=3
split_feature=20 0 19 17 11 4 19 12 0 3 18 17 10 4 14 18 17 20 0 23 6 17 19 17 19 18 18 20 23 20
split_gain=3.29667 7.25555 6.60548 10.5706 8.97269 7.87517 12.42 7.93011 5.9897 7.24042 6.12679 6.03908 6.46803 6.14137 5.91996 5.68157 6.29872 6.79957 6.40191 11.0942 7.23762 6.86887 6.85874 6.18987 6.04765 5.5 5.42043 5.42034 7.81441 5.50024
threshold=0.16641186148500123 0 7.1055326889765142 7.1013744671960657 6.5882382461791584 8.5000000000000018 6.6855671361567603 6.7171997342723353 1 1.0000000180025095e-35 0.062964814293062041 8.4500833425192443 8.9172057226338222 8.5000000000000018 7.9736718141258169 0.072812222893796255 7.977978420161854 0.059723064261871316 2 1.0239740953064616 1.0000000180025095e-35 6.2757617758271902 7.5036562650305765 6.8917317073696882 8.2701949356695348 0.18481930607802599 0.032200072977609011 0.022314142830296119 7.008078582606176 0.077839083914803611
decision_type=8 1 8 10 8 2 10 10 1 2 10 10 10 2 10 10 10 10 1 10 2 10 10 8 10 8 8 10 10 10
left_child=8 2 3 5 -4 -2 7 25 9 10 -1 13 -13 -11 26 16 18 -18 -10 23 21 -21 -22 -20 -17 -7 -15 28 -23 -29
right_child=1 -3 4 -5 -6 6 -8 -9 15 11 -12 12 -14 14 -16 24 17 -19 19 20 22 27 -24 -25 -26 -27 -28 29 -30 -31
leaf_value=0.00062718258462712839 -0.00059237765895074905 1.4427077444745252e-05 -0.0095797376474544126 0.0017267352873733266 -0.00057132939822224227 9.2403264840124077e-05 -0.0006213982644332817 0.0054372321546026564 1.0424588742541374e-05 -5.7164360379036166e-05 -6.8322301486145606e-05 0.0050300020494737918 -0.0054133264002757643 0.00020118977074201627 0.0012375883052135662 0.00017427377277741131 0.0014434550833607675 0.00024185558236107242 -0.0010364767429688283 -0.002295630914642821 -0.00015743792363316357 -0.00057771233012799967 0.00016637815396718382 -0.00027791069471658772 -0.00080849519703338766 0.0027478391314690099 -0.00056356466226032971 0.00016555675748892719 0.00014866031449698447 -9.1176910895773844e-05
leaf_weight=1253 6053 48358 93 865 9586 481 1245 149 19541 12638 1430 58 23 406 240 48792 319 1411 705 87 7166 68 1405 2918 1113 376 4621 7872 32 4291
leaf_count=1253 6053 48358 93 865 9586 481 1245 149 19541 12638 1430 58 23 406 240 48792 319 1411 705 87 7166 68 1405 2918 1113 376 4621 7872 32 4291
internal_value=5.03826e-06 -0.000273785 -0.00110563 -0.000144509 -0.00201725 -0.000692437 0.00183252 0.00596421 0.000166038 -0.000605687 0.001817 -0.000967419 0.0126543 -0.00102904 -0.00246345 0.000332707 -6.93004e-05 0.00289017 -0.000185437 -0.000722896 -0.000280818 0.000493927 -0.00139715 -0.00327767 0.000701833 0.00411319 -0.00282972 0.000593248 -0.011 0.000688564
internal_weight=183595 67206 18848 9169 9679 8304 2251 1006 116389 20669 2683 17986 81 17905 5267 95720 45815 1730 44085 24544 20921 12350 8571 3623 49905 857 5027 12263 100 12163
internal_count=183595 67206 18848 9169 9679 8304 2251 1006 116389 20669 2683 17986 81 17905 5267 95720 45815 1730 44085 24544 20921 12350 8571 3623 49905 857 5027 12263 100 12163
cat_boundaries=0 1 2 3
cat_threshold=10265 9920 38940
is_linear=0
shrinkage=0.05


Tree=196
num_leaves=31
num_cat=0
split_feature=10 15 23 20 16 20 18 12 10 4 17 13 11 10 23 18 16 23 11 20 13 10 22 17 13 22 9 17 4 19
split_gain=3.08086 5.60956 7.75425 7.49106 5.89736 4.8626 6.94572 5.32541 5.01106 6.39261 4.42146 5.07937 9.16234 8.32287 5.56034 5.03676 5.65004 4.83714 4.74359 12.1953 7.64597 11.2755 5.40047 5.82389 5.14878 8.66926 7.89771 12.1717 11.7232 12.5449
threshold=6.2275238364393255 6.2401693155098394 2.0948862010840741 0.13079665070456117 0.11506043413769938 0.22591257275229534 0.054585431179535258 6.2075829764107793 6.1014387733168176 3.5000000000000004 5.9841555006066143 6.4762025397968879 6.3758758838633627 7.0753860309722159 5.1443266533435805 0.048390993695236063 0.034145700874662795 4.9244737577708451 6.6194060950237885 0.48191591808416084 6.4975285698311493 6.5095137387474162 4.2202424591657879 6.5946718664883468 6.9377992826203219 3.9768735385689742 1.0000000180025095e-35 7.1532731859208019 9.5000000000000018 6.9551629721624115
decision_type=8 8 8 10 10 10 10 8 10 2 8 8 10 8 8 8 8 10 8 8 10 10 8 10 8 8 2 8 2 10
left_child=1 4 -3 -4 5 6 7 -1 9 -8 -2 12 13 15 17 -12 -17 -15 19 20 -13 22 -22 -24 25 -20 -26 28 -28 -30
right_child=10 2 3 -5 -6 -7 8 -9 -10 -11 11 18 -14 14 -16 16 -18 -19 24 -21 21 -23 23 -25 26 -27 27 -29 29 -31
leaf_value=0.00056583423613001396 -0.0035661007422651105 0.0019107618922222791 -0.0020657593473996094 -0.0017005152703370554 0.00088212506617439961 0.00046876688807251377 -0.0018984314656226521 -0.00027216297665897396 -0.00026728601613399409 0.002119842608034861 0.00094150740642100499 0.00012579487804336155 0.00062188843106261162 0.0002644216204261474 -0.00090663278204807798 -0.0008863012852418084 0.00034900394243355672 0.0074817526054754557 -6.738667704597745e-05 -0.0090602838043825525 -0.00040994693898690484 4.5860068624792309e-05 -0.0008791546652004101 -0.002558281274983898 -8.1056686115354992e-06 0.00016501440059069061 -1.0696942916998964e-05 -0.0018482339003531136 -0.00015015187814695354 -0.0019171432943196011
leaf_weight=354 267 269 293 1285 1174 273 446 250 812 70 369 3974 3364 470 1581 177 1933 58 12262 199 848 2269 1015 583 124066 19158 4144 350 727 563
leaf_count=354 267 269 293 1285 1174 273 446 250 812 70 369 3974 3364 470 1581 177 1933 58 12262 199 848 2269 1015 583 124066 19158 4144 350 727 563
internal_value=-6.63116e-05 -0.00126292 -0.00347861 -0.00481622 -5.17905e-05 -0.00157596 -0.00245859 0.00198675 -0.00448042 -0.00833333 -3.1254e-05 -2.16159e-05 0.00121353 -0.000239756 -0.0025486 0.00172449 0.000781991 0.00189394 -7.9338e-05 -0.00120387 -0.000923582 -0.00228526 -0.00464023 -0.00635169 -1.73622e-05 0.00055697 -0.000156334 -0.00196231 -0.0013802 -0.00554264
internal_weight=183603 5226 1847 1578 3379 2205 1932 604 1328 516 178377 178110 7952 4588 2109 2479 2110 528 170158 8888 8689 4715 2446 1598 161270 31420 129850 5784 5434 1290
internal_count=183603 5226 1847 1578 3379 2205 1932 604 1328 516 178377 178110 7952 4588 2109 2479 2110 528 170158 8888 8689 4715 2446 1598 161270 31420 129850 5784 5434 1290
is_linear=0
shrinkage=0.05


Tree=197
num_leaves=31
num_cat=4
split_feature=15 10 17 13 12 10 0 10 17 22 15 12 10 15 15 1 17 13 0 10 0 18 17 17 15 18 23 7 17 15
split_gain=3.33513 33.246 17.4769 12.5459 13.194 9.73332 9.69251 7.97542 7.58044 7.48676 6.79051 9.79691 8.85082 9.63881 11.4371 9.42078 8.65323 8.3631 12.2913 14.7394 7.92038 7.94276 13.7129 12.9447 9.45032 10.2765 9.29714 7.82497 6.89576 6.62807
threshold=7.7918171560465863 7.764718292812792 8.2948384325981515 8.2177074967233796 7.9386235179612585 8.4602939840099207 0 8.1896606337060707 7.3240082434495166 4.4784718887454771 7.6917217173580212 7.698933631191955 7.577377095608937 7.4880225585237339 7.4372423182002629 1 6.2950619357622868 6.9436048155244787 2 6.9413512154243238 3 0.10083795166040879 7.2524715222277285 6.881593375366438 7.5391201334918598 0.096440724845825873 4.4896642110568434 1.0000000180025095e-35 7.6981885152930323 6.9477671572440602
decision_type=10 10 10 8 8 8 1 8 10 10 10 10 10 8 10 1 8 10 1 8 1 8 8 10 8 10 10 10 10 10
left_child=1 2 10 4 -2 -5 -3 -6 -8 -9 11 12 13 14 17 -16 -15 -1 -19 -20 -18 23 -23 -22 26 -26 -25 -13 -29 -21
right_child=3 6 -4 5 7 -7 8 9 -10 -11 -12 27 -14 16 15 -17 20 18 19 29 21 22 -24 24 25 -27 -28 28 -30 -31
leaf_value=3.2839771430959173e-05 -0.00042878866823967691 0.0025184278317246459 0.004247937106867195 -0.00070413367037787118 6.0744984472838048e-05 -1.6233484750749485e-05 0.0075320023284358942 0.00067378079075863795 0.00086866350063576905 0.0018349176830896319 -0.00051937942763253815 0.00015201058719107598 0.00036126204623132541 -0.0040207985754079799 -0.00024649619197694152 0.00065382160294340523 0.00041552329156817618 9.6783908785091923e-07 -0.0012371240026890719 -0.0017264800090302846 -0.0015993366743854321 0.00082226258883211223 -0.00069119144356106783 -0.00062547807004240683 -2.4988466176356641e-05 -0.0033199794528212534 -0.00022563443598273559 0.0056719327402633638 0.00046467380149350923 -0.00012935446502151393
leaf_weight=70524 3892 765 372 5071 4508 3397 326 1785 2486 1063 3509 1082 5896 441 1151 2730 2944 29988 2723 713 1209 3728 10876 679 4754 210 858 584 330 15175
leaf_count=70524 3892 765 372 5071 4508 3397 326 1785 2486 1063 3509 1082 5896 441 1151 2730 2944 29988 2723 713 1209 3728 10876 679 4754 210 858 584 330 15175
internal_value=-3.98598e-05 3.39829e-05 -7.2285e-05 -0.000654291 0.000440078 -0.00210794 0.00480151 0.0016857 0.00340184 0.00375702 -9.74367e-05 -4.86925e-05 -9.36293e-05 -0.000168961 1.50402e-05 0.00268616 -0.00104965 -7.19844e-05 -0.000576658 -0.00158558 -0.000928419 -0.00124978 -0.000564914 -0.00254864 -0.00166513 -0.000604351 -0.00509109 0.00343186 0.00683807 -0.0010039
internal_weight=183769 164053 160476 19716 11248 8468 3577 7356 2812 2848 160104 156595 154599 148703 123004 3881 25699 119123 48599 18611 25258 22314 14604 7710 6501 4964 1537 1996 914 15888
internal_count=183769 164053 160476 19716 11248 8468 3577 7356 2812 2848 160104 156595 154599 148703 123004 3881 25699 119123 48599 18611 25258 22314 14604 7710 6501 4964 1537 1996 914 15888
cat_boundaries=0 1 2 3 4
cat_threshold=55296 2 16886 5144
is_linear=0
shrinkage=0.05


Tree=198
num_leaves=31
num_cat=5
split_feature=14 11 13 16 20 16 11 16 13 17 19 0 20 0 11 0 16 23 17 20 14 13 1 10 19 16 10 12 10 0
split_gain=3.59778 7.67857 2.75065 5.08831 5.03792 4.96696 3.66449 4.63407 6.5617 6.19537 5.63168 5.73839 5.13511 4.81789 3.77748 4.0228 4.11881 3.62754 3.89155 3.56994 3.55949 3.40952 8.8152 5.26074 8.08393 7.73033 6.82138 5.82883 4.92345 6.5935
threshold=5.5729269024244674 5.5729269024244674 6.0390628155997765 0.047452755527067174 0.12905485411011974 0.040209334032320805 6.2719327192022343 0.017262389838694381 6.2116030863880871 6.1782257415122013 6.3704979792662959 0 0.089970429929553966 1 5.992712987207276 2 0.041359484979713597 1.5430873896410076 6.2531782152055664 0.046199632433433502 7.3814970480868451 6.4762025397968879 3 6.2275238364393255 6.3704979792662959 0.06943441643248556 6.2431950830594518 6.4990345950661448 6.5005383555981231 4
decision_type=8 10 8 10 8 8 8 10 10 10 10 1 10 1 10 1 10 8 10 10 8 8 1 8 8 10 10 10 8 1
left_child=1 -1 3 4 5 -2 7 12 14 -10 19 17 -4 -14 -9 16 -16 -12 -19 -11 -5 22 -8 -24 25 26 -25 -26 29 -23
right_child=2 -3 6 20 -6 -7 21 8 9 10 11 -13 13 -15 15 -17 -18 18 -20 -21 -22 28 23 24 27 -27 -28 -29 -30 -31
leaf_value=-0.014006002863177925 0.0019444038920235053 0.0010226811893533584 -0.00092197831932256953 0.00094014610512269678 -0.0022814560425534315 -0.0019739876820777935 0.0013869518913353974 -0.0025397741188745385 0.00064363151790809432 0.002954183082837303 0.0026722166544856044 0.0013546118208303426 -0.0020092863957516861 0.00061133678680449501 0.0014373627762483744 3.1390091765537419e-05 0.00070420443447867249 0.0027774959679900181 -0.0022540086964978555 -0.0012996490829400465 -0.00059746540594596276 -0.0011058645627688879 -0.00053612820603823332 -0.00057583808475722973 -0.00038791927856829389 0.0016430221858388717 0.00051554539005920223 0.0008561470127794957 3.0301196456861136e-06 -0.00020539444282086095
leaf_weight=84 79 45 160 1011 130 26 536 185 385 22 21 488 122 130 159 1117 504 30 443 1023 228 885 991 477 2357 1031 711 1042 165559 4039
leaf_count=84 79 45 160 1011 130 26 536 185 385 22 21 488 122 130 159 1117 504 30 443 1023 228 885 991 477 2357 1031 711 1042 165559 4039
internal_value=1.38572e-05 -0.00833333 1.97128e-05 0.00217096 -0.00457447 0.00357143 2.32983e-06 -0.0013625 -0.00088531 -0.00263267 -0.00373705 -0.00101833 -0.00643204 -0.00198413 0.00125954 0.00196629 0.00501486 -0.0047619 -0.0057611 -0.00629187 0.00345036 3.91267e-05 0.00110917 0.000609018 0.0012015 0.0035489 0.000799663 -0.00033098 -5.71905e-06 -0.00156377
internal_weight=184020 129 183891 1474 235 105 182417 4789 4377 2412 2027 982 412 252 1965 1780 663 494 473 1045 1239 177628 7145 6609 5618 2219 1188 3399 170483 4924
internal_count=184020 129 183891 1474 235 105 182417 4789 4377 2412 2027 982 412 252 1965 1780 663 494 473 1045 1239 177628 7145 6609 5618 2219 1188 3399 170483 4924
cat_boundaries=0 1 2 3 4 5
cat_threshold=27153 10337 35461 4 3104
is_linear=0
shrinkage=0.05


Tree=199
num_leaves=31
num_cat=2
split_feature=21 11 22 22 10 2 16 23 16 21 16 6 12 12 21 13 16 19 19 22 0 21 22 21 16 10 0 17 19 10
split_gain=2.58764 7.69556 7.1525 5.50197 4.91278 3.36488 4.38996 3.34171 3.78188 3.21995 3.65505 6.47352 3.53025 3.11057 2.94225 3.30546 3.38187 4.18619 4.03171 3.69631 2.90849 5.069 7.23785 7.97136 7.05529 8.17392 6.68478 5.50835 13.0809 6.74314
threshold=6.9946666341625168 7.9386235179612585 6.8600344547591634 7.1865226624669791 7.6016521472294505 1.5000000000000002 0.18601190478488058 5.6914034743529536 0.15452858528144964 7.5183356990241661 0.1258726441417275 1.0000000180025095e-35 7.0470822496030268 6.7171997342723353 7.3860370016457289 6.8839746192279376 0.026697416909641891 7.3247131201772566 7.4590218600978018 7.3834924323522086 0 1.8000241202036604 5.3425734291997005 5.21520742292401 0.22164618401324443 7.4974835395764439 1 7.4797037160445772 7.4443603456260439 7.4404391602237441
decision_type=10 8 8 8 10 2 10 10 10 10 8 2 10 10 10 8 10 10 10 8 1 8 8 10 10 10 1 10 10 10
left_child=20 3 -3 5 7 -2 -7 -5 14 10 -4 -12 -11 -10 15 -9 -17 -18 -19 -20 21 27 23 26 -24 -26 -23 28 -1 -29
right_child=1 2 9 4 -6 6 -8 8 13 12 11 -13 -14 -15 -16 16 17 18 19 -21 -22 22 24 -25 25 -27 -28 29 -30 -31
leaf_value=5.9988960126711184e-06 -0.00016424813783160188 -0.00022441466243112719 0.00052222044267606908 -0.0019037492556793767 -0.0012005445252804227 -0.00093495955855469335 0.0026387543333557862 0.00050540821986360123 -0.00016734433360658942 0.00029137904710285767 -0.0011584240995946126 0.0028108828362687134 -0.0013856380822311999 0.0033856394423751992 -0.00053424700522182185 0.00030591062878257972 -0.00061249671394461027 0.0010635079998304376 -0.0015788901378832156 0.00024472459947060264 -2.3478997616033227e-05 0.0012453355591516059 8.5574068910609929e-05 -0.00093852730256986931 -0.0020844867636663489 0.0014999089672672384 -9.9396652001315644e-05 0.0019608321848162413 0.0010955596097279585 -0.00015510466258927824
leaf_weight=2644 884 1232 1965 24 205 1309 37 412 89 407 356 96 216 128 775 254 921 184 60 127 93334 885 59049 2456 2074 726 11337 170 261 1304
leaf_count=2644 884 1232 1965 24 205 1309 37 412 89 407 356 96 216 128 775 254 921 184 60 127 93334 885 59049 2456 2074 726 11337 170 261 1304
internal_value=2.86808e-05 -0.000766966 0.000819288 -0.00201978 -0.000684177 -0.00392377 -0.00549777 -0.000168124 -1.69492e-05 0.00212171 0.00294787 -0.00110619 -0.00108347 0.00633641 -0.000521405 0.000510725 -0.000549806 -0.00158669 0.00289757 -0.00227273 7.2888e-05 0.000292278 0.000197643 -0.000800518 0.000434526 -0.00201786 -0.000278187 0.00194679 0.00320998 -0.000542741
internal_weight=183921 9681 4272 5409 3179 2230 1346 2974 2950 3040 2417 452 623 217 2733 1958 1546 1292 371 187 174240 80906 76527 14678 61849 2800 12222 4379 2905 1474
internal_count=183921 9681 4272 5409 3179 2230 1346 2974 2950 3040 2417 452 623 217 2733 1958 1546 1292 371 187 174240 80906 76527 14678 61849 2800 12222 4379 2905 1474
cat_boundaries=0 1 2
cat_threshold=55685 16384
is_linear=0
shrinkage=0.05


Tree=200
num_leaves=31
num_cat=0
split_feature=11 15 4 14 19 14 10 19 10 19 10 16 11 10 7 17 23 15 10 19 22 15 21 7 15 23 11 4 12 16
split_gain=3.90468 6.46101 6.34202 5.66675 4.91378 4.24539 7.31804 7.73246 5.04894 6.89062 7.02991 6.34581 4.90343 4.09112 4.08162 7.4417 4.25129 4.10616 4.28399 4.50277 3.84021 5.2807 4.07038 3.76817 3.88806 3.75335 3.47501 3.61095 3.55331 3.44624
threshold=6.2176031103882972 6.1929253147626779 3.5000000000000004 5.5729269024244674 6.3532537634622201 6.5532206455302013 7.4103463658656468 7.3618891925627263 6.2567088148180039 6.3704979792662959 6.5095137387474162 0.071502141721504667 6.3017023852040754 6.1323122662398957 1.5000000000000002 6.8080408711407925 0.88612133633453694 6.4465081812149796 6.6220709878569881 6.5585847125271268 1.1150072000796054 6.216661124246083 5.361995895593366 1.5000000000000002 6.2621182081353917 3.2329546865747454 6.4792771020676119 11.500000000000002 6.1323122662398957 0.099320573148558092
decision_type=8 8 2 8 10 8 10 8 8 10 8 10 8 10 10 10 10 10 10 10 8 8 8 10 10 8 8 2 8 10
left_child=1 2 13 -2 -3 6 7 8 20 11 -11 23 -12 -1 16 -16 17 -14 -19 -20 -5 -22 -23 24 -10 -15 28 -28 -13 -6
right_child=3 4 -4 5 29 -7 -8 -9 9 10 12 26 14 25 15 -17 -18 18 19 -21 21 22 -24 -25 -26 -27 27 -29 -30 -31
leaf_value=-0.00067368044683364665 -0.016375580853289762 -0.0010834142443791439 0.00078862013483158586 0.0024792910826997305 0.0011878791658316513 6.5225846475058806e-07 0.008098008213109598 -0.019753455142658496 0.0013618418075248774 -0.00036527054375719016 -0.0030705446589008646 -0.0022041880521256997 0.0019711349240512321 -0.003340138155632744 -0.00075493256030889633 0.0084875257658609381 0.00022990819560189115 0.00017290942935008769 0.0014699092787257451 0.00045903675253584631 0.00011337905040065266 -0.00077682740475921725 -0.0013010806414744946 -0.00079027671593423499 0.00015619496726770876 0.0005468285726566213 0.001158884553626094 0.0027020403975578145 0.0019807786346496049 -0.00099743333126312006
leaf_weight=1264 61 1111 1038 64 303 164999 181 29 245 2136 31 52 296 47 915 56 3762 1138 278 429 684 378 426 365 879 318 752 42 544 1006
leaf_count=1264 61 1111 1038 64 303 164999 181 29 245 2136 31 52 296 47 915 56 3762 1138 278 429 684 378 426 365 879 318 752 42 544 1006
internal_value=3.4135e-05 -0.00133183 0.000365579 7.30103e-05 -0.00320248 7.8212e-05 0.000924572 0.000790682 0.0008462 0.00119547 0.000517089 0.00332581 0.00129254 -0.00158072 0.00138202 -0.00162204 0.00187616 0.00365483 0.00277778 0.00583451 -0.00183634 -0.00235215 -0.0050995 0.00105776 0.0024911 0.00308219 0.0057554 0.00358942 0.00864094 -0.00112681
internal_weight=183829 5087 2667 178742 2420 178681 13682 13501 13472 11920 9041 2879 6905 1629 6874 971 5903 2141 1845 707 1552 1488 804 1489 1124 365 1390 794 596 1309
internal_count=183829 5087 2667 178742 2420 178681 13682 13501 13472 11920 9041 2879 6905 1629 6874 971 5903 2141 1845 707 1552 1488 804 1489 1124 365 1390 794 596 1309
is_linear=0
shrinkage=0.05


Tree=201
num_leaves=31
num_cat=6
split_feature=7 7 10 19 15 0 19 19 13 20 18 0 21 10 20 8 13 10 12 1 0 15 11 23 11 12 10 0 10 0
split_gain=3.44883 2.65879 2.55881 8.57131 6.55365 11.5374 5.99111 4.66645 4.00476 3.70968 3.75569 5.09566 5.08926 3.58061 3.56648 3.51519 3.50004 11.6477 8.74743 5.71232 5.06711 4.49264 8.50129 5.35375 5.14577 4.09587 15.3956 7.82311 6.63229 11.4302
threshold=1074.5000000000002 310.50000000000006 6.3126414277150058 7.0656292606887492 6.2401693155098394 0 6.4041007376710279 6.5487968410250446 7.4682278018910955 0.43858420620735078 0.056744586759611096 1 5.3425734291997005 5.992712987207276 0.2426545810963118 6.5000000000000009 6.3977622948756778 6.7171997342723353 6.3450512232545018 2 3 6.2401693155098394 6.3927539336716181 5.3055104104873054 6.1516677315751922 6.7171997342723353 6.9579728820873044 4 6.7458242390288694 5
decision_type=8 10 8 8 8 1 10 10 10 10 10 1 10 10 10 2 8 8 10 1 1 8 10 10 10 8 8 1 8 1
left_child=1 2 3 4 6 -6 9 -8 -5 10 12 14 -1 -11 15 -12 17 20 19 -19 -4 23 -23 24 -21 26 27 -18 29 -27
right_child=-2 -3 16 8 5 -7 7 -9 -10 13 11 -13 -14 -15 -16 -17 25 18 -20 21 -22 22 -24 -25 -26 28 -28 -29 -30 -31
leaf_value=0.00036709454013985623 0.014959872112743123 -0.01340149034967375 0.00032397095686302895 -0.016122745183182973 0.00037191220152603681 -0.0011908785257928934 0.00185920737005012 -0.00016144786019185454 0.0132753247416594 -0.0039493091737800917 -1.9575773618596418e-05 -0.00048101812103900081 -0.00068908553630664393 0.0020208701825244813 0.0020775753006586849 0.0027830104432712056 0.00034848063465999781 0.0046042135694329021 0.0016999198634446877 -0.00072040817419023468 0.0010925027647980645 -0.0020437635160520883 0.0021585278700184452 -0.0026553753693681959 0.0016204753341653166 0.00016551336771466476 -0.00083647674140483472 -0.00017400036292705148 1.2925446389022711e-05 -0.00081727743362369765
leaf_weight=764 21 24 658 120 1251 1783 183 100 20 20 1108 1310 31 29 139 31 4410 70 606 511 1110 599 176 144 297 3509 5772 7065 147728 4103
leaf_count=764 21 24 658 120 1251 1783 183 100 20 20 1108 1310 31 29 139 31 4410 70 606 511 1110 599 176 144 297 3509 5772 7065 147728 4103
internal_value=-2.34087e-05 -2.57253e-05 -2.35506e-05 -0.000968936 -0.000714921 -0.00243902 0.000693136 0.00768551 -0.0132143 0.00011655 -8.12888e-05 -0.00100464 0.00292453 0.0137755 0.00124224 0.000329236 1.3295e-05 0.0014445 -0.000821889 -0.00257373 0.00452489 -0.00314129 -0.00596774 -0.000840336 0.000742574 -2.12936e-05 -0.000752305 0.00030719 5.98687e-05 -0.0013794
internal_weight=183692 183671 183647 6889 6749 3034 3715 283 140 3432 3383 2588 795 49 1278 1139 176758 4171 2403 1797 1768 1727 775 952 808 172587 17247 11475 155340 7612
internal_count=183692 183671 183647 6889 6749 3034 3715 283 140 3432 3383 2588 795 49 1278 1139 176758 4171 2403 1797 1768 1727 775 952 808 172587 17247 11475 155340 7612
cat_boundaries=0 1 2 3 4 5 6
cat_threshold=16862 24623 4 126 62880 29018
is_linear=0
shrinkage=0.05


Tree=202
num_leaves=31
num_cat=8
split_feature=23 13 4 4 1 19 19 15 20 23 0 0 0 7 15 0 17 20 1 4 18 0 19 0 15 4 19 18 19 18
split_gain=2.82278 2.68035 2.61131 10.5 16.7405 12.3034 11.4381 11.8688 11.8851 11.2428 10.9825 10.143 9.21455 9.02433 8.71308 8.67993 8.64203 7.4446 7.17002 11.2891 10.7997 9.03583 7.50906 9.24127 7.30015 7.12959 20.1363 7.05627 6.84247 6.61857
threshold=0.35216667429625431 9.3545179236839946 6.5000000000000009 5.5000000000000009 0 7.5626114678821343 7.5207401072216662 6.7251998996963938 1.0000000180025095e-35 5.4870479362737354 1 2 3 10.500000000000002 6.3447448683810128 4 7.6434728596362591 0.35339126986646546 5 7.5000000000000009 0.087128939587912971 6 8.6730548214017276 7 8.7983821770676496 8.5000000000000018 7.5207401072216662 0.2135009681619198 7.7888644411076262 0.078150668591263447
decision_type=8 10 2 2 1 8 10 8 8 10 1 1 1 10 10 1 8 10 1 2 10 1 8 1 8 2 10 10 10 8
left_child=-1 2 3 12 6 10 7 -5 -9 15 14 -10 -2 -14 -6 -7 -17 -12 19 20 21 -4 25 24 -24 26 29 -18 -8 -21
right_child=1 -3 18 4 5 9 28 8 11 -11 17 -13 13 -15 -16 16 27 -19 -20 22 -22 -23 23 -25 -26 -27 -28 -29 -30 -31
leaf_value=0.001198813679649713 5.1306352239066656e-05 0.010353984338040245 -0.0015974704257326611 0.0016446221434292198 0.0035064871569996381 -0.0015761620068362348 0.00077470708094693483 2.0877739527813689e-05 0.00022388900064376218 -0.0028649761765082052 0.00080213894451366399 -0.00038402003893160956 -0.00012746068551789947 -0.0077451959660526093 4.0408824464321924e-05 -0.0085989637517708498 0.00055865788993765271 0.0045732714833137678 -6.1701494594057493e-05 -0.00016307462441491618 0.00018899311357003514 -0.00022650557082708468 0.010213846217341338 0.01620029076744367 -0.0014743150240524195 6.8633567545628446e-05 0.0018125796524343985 0.0032761860628267138 -0.0014082869739642679 0.00055309553506381896
leaf_weight=434 46767 21 552 212 448 473 404 75 1073 184 5248 2769 29029 443 3637 57 1081 698 59131 1685 2776 2545 26 199 195 19204 1394 231 61 2732
leaf_count=434 46767 21 552 212 448 473 404 75 1073 184 5248 2769 29029 443 3637 57 1081 698 59131 1685 2776 2545 26 199 195 19204 1394 231 61 2732
internal_value=4.62499e-06 -4.90864e-06 -6.95471e-06 0.000179244 0.00131674 0.00229535 -0.00125163 -0.00208888 -0.00271254 -0.00125864 0.00301316 -0.00309735 -6.91903e-05 -0.000761482 0.00100733 -8.14332e-05 0.00193981 0.00438214 -0.0001982 0.000413632 -0.00156223 -0.00359219 0.000869864 0.0075 0.000108225 0.000758545 0.00229306 0.00278201 0.0061828 0.000639574
internal_weight=183784 183350 183329 92890 16651 12057 4594 4129 3917 2026 10031 3842 76239 29472 4085 1842 1369 5946 90439 31308 5873 3097 25435 420 221 25015 5811 1312 465 4417
internal_count=183784 183350 183329 92890 16651 12057 4594 4129 3917 2026 10031 3842 76239 29472 4085 1842 1369 5946 90439 31308 5873 3097 25435 420 221 25015 5811 1312 465 4417
cat_boundaries=0 1 2 3 4 5 6 7 8
cat_threshold=4 5461 4632 53429 8325 1 11200 57376
is_linear=0
shrinkage=0.05


Tree=203
num_leaves=31
num_cat=3
split_feature=7 7 4 23 22 16 18 17 23 18 18 14 16 16 14 15 19 16 3 21 15 16 10 0 10 15 0 17 15 0
split_gain=3.18897 3.15862 3.44217 2.88597 5.00961 5.70356 5.02826 10.4071 6.04558 4.91361 4.84872 4.72082 4.62357 4.21869 5.70295 3.56496 4.27981 4.05396 3.55815 5.61603 4.4382 3.98423 9.40377 6.73773 5.05941 23.2831 14.9558 7.45298 12.4533 6.64468
threshold=1074.5000000000002 187.00000000000003 8.5000000000000018 0.99024596330289716 0.71754226264466137 0.018172895174427533 0.038771201199269349 7.6981885152930323 0.75109080256885963 0.070960939853992835 0.02721958419886766 7.6513571967694611 0.46469696405167848 0.027905101820587315 7.5248301129598225 6.8951759268300394 6.9134048657940168 0.029459106952716477 5.5000000000000009 3.6389002209295209 8.1815846450434737 0.021537580370275523 7.8452197668196186 0 7.5503982927968831 7.5824837342403084 1 8.3422228412316795 8.7983821770676496 2
decision_type=8 10 2 8 10 8 8 10 10 10 10 10 8 10 10 10 10 10 2 8 10 8 10 1 10 10 1 10 8 1
left_child=1 3 -3 4 6 10 7 8 11 -7 -6 15 -11 -10 -15 17 -17 -1 21 20 -20 22 23 -5 27 26 -26 -23 -29 -27
right_child=-2 2 -4 18 5 9 -8 -9 13 12 -12 -13 -14 14 -16 16 -18 -19 19 -21 -22 24 -24 -25 25 29 -28 28 -30 -31
leaf_value=0.00067348201104411309 0.013787302379418366 -0.010462593815560162 0.018216213700488648 -0.00036642070792058945 4.3396918198546073e-06 -0.00014706388171390473 8.8257474265596161e-05 -0.0010815707783457639 8.0860277796190882e-06 0.00061875116958123313 0.00036585691026314038 0.0010181130117051574 -0.0050170450520531599 -0.00065609424421708695 0.00030224371965204 -7.1158673240612211e-05 -2.1381234993778089e-05 -0.001072772522428922 0.00051086968679041615 1.7735986911082691e-05 -0.0014030680873229784 -7.9402388753391237e-05 -0.00033602624283339826 4.4934014845088301e-05 0.00019880965149292608 -0.0010389396161444521 0.0022611574921839852 -8.2471992585286821e-05 0.0073324308313059035 -1.6919957063166181e-05
leaf_weight=48 20 46 21 864 134 1378 15492 119 273 4132 70 43 39 126 25 106 1162 21 5027 17403 151 108308 649 8170 1457 667 2017 525 324 14544
leaf_count=48 20 46 21 864 134 1378 15492 119 273 4132 70 43 39 126 25 106 1162 21 5027 17403 151 108308 649 8170 1457 667 2017 525 324 14544
internal_value=3.55855e-05 3.34077e-05 -0.0108209 3.73757e-05 0.000558961 0.00183817 0.000136377 -0.00227509 -0.00133038 0.00153631 0.010049 -0.00293478 0.00239151 0.00389151 -0.00281457 -0.00345924 -0.00406151 0.0076087 -3.80998e-05 0.000543599 0.00198919 -0.000133612 0.000844263 0.0012619 -0.000207678 0.000552582 0.00424583 -0.000337816 0.00432862 -0.000290908
internal_weight=183361 183341 67 183274 23168 5753 17415 1923 1804 5549 204 1380 4171 424 151 1337 1268 69 160106 22581 5178 137525 9683 9034 127842 18685 3474 109157 849 15211
internal_count=183361 183341 67 183274 23168 5753 17415 1923 1804 5549 204 1380 4171 424 151 1337 1268 69 160106 22581 5178 137525 9683 9034 127842 18685 3474 109157 849 15211
cat_boundaries=0 1 2 3
cat_threshold=1352 1404 10320
is_linear=0
shrinkage=0.05


Tree=204
num_leaves=31
num_cat=2
split_feature=23 16 20 11 16 0 18 12 16 14 12 20 16 19 17 11 23 0 18 20 4 11 20 6 18 15 7 16 19 23
split_gain=3.16721 6.15349 3.12029 2.65823 4.0149 3.82093 5.88541 3.21235 3.16307 3.06776 10.5116 6.42607 6.86681 6.32699 11.0434 7.81936 6.80356 6.93723 6.19027 6.07876 6.06124 8.57454 5.6698 5.51903 5.87638 8.69975 6.15829 6.69971 5.41064 5.28325
threshold=0.35216667429625431 0.062161004903903201 0.14411045451337384 6.1323122662398957 0.015999237457950625 0 0.062964814293062041 6.8314139001060186 0.054184993975732045 7.1020876636970476 7.0383447524178626 0.1711825927763462 0.08809826118045605 7.6886576956287334 7.7083054730005491 7.9736718141258169 6.2437017006216244 1 0.058583961243289524 0.062609912607316034 7.5000000000000009 7.0125655419730064 0.34658629974894689 1.0000000180025095e-35 0.028385596778298234 7.8850943611837252 1.0000000180025095e-35 1.1904002499163084e-07 7.4298727903054473 0.75109080256885963
decision_type=8 10 10 8 10 1 10 10 10 10 8 10 8 10 8 8 10 1 8 8 2 10 10 2 10 8 10 10 10 8
left_child=1 -1 -3 4 -2 6 -6 8 -7 -5 20 18 -13 14 16 -15 17 -14 23 -20 -11 22 -22 -12 25 26 -25 -28 -19 -30
right_child=3 2 -4 9 5 7 -8 -9 -10 10 11 12 13 15 -16 -17 -18 28 19 -21 21 -23 -24 24 -26 -27 27 -29 29 -31
leaf_value=-0.00082904962054950468 -0.001999857310891784 0.0029123430956242038 0.001870052839709202 2.7322282597186388e-05 0.00011111533759726733 0.00045214350524429574 -0.0015498389128185909 0.0039276754427290282 -0.00046237015580392616 -0.00021970890997229377 9.311034550574249e-06 -0.00045261626354271557 -0.0021839213347577325 -0.0013546706027356638 0.0020706896683278853 -2.3211509596943181e-05 0.0013183880804237492 0.00044374539572560327 -0.00039311423622545583 0.00019884213893193171 -0.0011945842460181046 0.00030736025371886911 -0.0059340781147251501 1.7206860209739717e-05 -0.00024313241922495623 -0.00072411961478147102 -0.00017810056378766428 0.00010367614829738249 0.0014202625260571811 -0.0008585106153832456
leaf_weight=115 194 54 294 114369 171 183 180 26 1771 2520 6972 5028 753 2818 1233 4426 464 4894 1317 24211 1026 448 364 1120 5296 266 122 246 236 2667
leaf_count=115 194 54 294 114369 171 183 180 26 1771 2520 6972 5028 753 2818 1233 4426 464 4894 1317 24211 1026 448 364 1120 5296 266 122 246 236 2667
internal_value=2.74779e-05 0.00415767 0.00747126 1.70466e-05 -0.00159406 -0.00101888 -0.00574792 -0.000150754 -0.000383828 3.95473e-05 -0.000230704 -6.40416e-05 -0.000738265 -0.000270139 0.000529423 -0.00140116 -7.7657e-05 -0.000397661 0.000319848 0.000783453 -0.00260441 -0.00478781 -0.00672662 -0.000524176 -0.00151064 0.000997719 0.00248656 -0.003125 4.80338e-05 -0.00166207
internal_weight=183784 463 348 183321 2525 2331 351 1980 1954 180796 66427 62069 22519 17491 10247 7244 9014 8550 39550 25528 4358 1838 1390 14022 7050 1754 1488 368 7797 2903
internal_count=183784 463 348 183321 2525 2331 351 1980 1954 180796 66427 62069 22519 17491 10247 7244 9014 8550 39550 25528 4358 1838 1390 14022 7050 1754 1488 368 7797 2903
cat_boundaries=0 1 2
cat_threshold=3200 129
is_linear=0
shrinkage=0.05


Tree=205
num_leaves=31
num_cat=0
split_feature=23 22 18 17 23 23 20 18 20 18 12 17 18 20 22 20 14 12 19 10 15 10 22 21 18 12 17 10 14 19
split_gain=3.55735 4.35215 5.20296 11.083 4.97484 4.88851 5.15326 4.64043 4.0754 4.45544 5.9371 4.04272 3.484 4.77403 4.05777 3.57633 3.45913 6.39195 4.69046 3.39897 3.37435 3.35788 3.14182 4.57215 4.89573 6.38929 5.3108 4.4595 5.0025 4.53822
threshold=0.99024596330289716 0.71754226264466137 0.038771201199269349 7.6981885152930323 0.75109080256885963 0.42074319241571762 0.061216937323202304 0.0097234701318512032 0.037168973575952287 0.069774717405252595 6.4746617065281837 6.7090461912475901 0.11603700860635618 0.23578827302832081 0.66750053336617021 0.26899209233648513 6.8580395486683789 6.8367960459813295 8.3531820737346596 6.9092540304800165 7.313894599488787 7.3128864978553141 3.4028612767084931 3.2600159261750652 0.11127756685883737 6.8911175085997103 6.7854189391483697 7.8073020336262013 8.7719603986732384 7.5447666507021198
decision_type=8 10 8 10 10 10 10 10 10 10 10 10 10 8 10 8 10 8 8 8 10 10 8 10 8 10 8 10 10 10
left_child=1 2 3 4 7 6 -4 21 20 11 -11 -10 13 -7 15 -15 18 -18 -14 -13 -3 -1 23 27 25 -25 -26 28 29 -2
right_child=22 8 5 -5 -6 12 -8 -9 9 10 -12 19 16 14 -16 -17 17 -19 -20 -21 -22 -23 -24 24 26 -27 -28 -29 -30 -31
leaf_value=-0.00015336137613699565 -3.6278679380541415e-05 5.2478365860375579e-05 0.0017863825414632384 -0.00103707524397203 5.9482068281546681e-06 0.00010988941771419292 0.00098456345322657231 -3.2892096188863464e-05 -0.00080979947413992734 -0.00084632045242425411 0.00077079357400622328 0.00027091481010921292 0.00046532385921238539 0.0031254160620004523 0.0030209693183796738 -0.00081346894279956674 -0.0025660114936242764 -0.00026743777805839921 -0.0052235416616104764 -0.00022321655960886311 -0.0001729360562540583 -2.7639975399118557e-06 5.4210565611612089e-06 -0.00042365490466615978 0.00037679616550980735 0.00062323992889947724 -0.0017676631100762563 0.00066082670810374555 0.013644770168878752 -0.000864349344313431
leaf_weight=64 21186 201 71 119 425 7747 685 1155 83 560 3657 295 2074 26 169 72 236 4329 24 899 42 187 131773 550 574 418 1809 2200 33 2072
leaf_count=64 21186 201 71 119 425 7747 685 1155 83 560 3657 295 2074 26 169 72 236 4329 24 899 42 187 131773 550 574 418 1809 2200 33 2072
internal_value=1.70082e-05 0.000596886 0.000202784 -0.00223077 -0.0012698 0.00051027 0.00443122 -0.0027027 0.00179101 0.00151074 0.00229429 -0.00107674 0.000308306 0.00101073 0.00758427 -0.000510204 -0.000536545 -0.00130887 0.00114395 -0.000335008 0.00812757 -0.00886454 -6.64633e-05 -0.000539144 -0.00227544 0.00072314 -0.0034935 -0.000310894 -0.000514147 -0.000541749
internal_weight=183735 23120 17383 1950 1831 15433 756 1406 5737 5494 4217 1277 14677 8014 267 98 6663 4565 2098 1194 243 251 160615 28842 3351 968 2383 25491 23291 23258
internal_count=183735 23120 17383 1950 1831 15433 756 1406 5737 5494 4217 1277 14677 8014 267 98 6663 4565 2098 1194 243 251 160615 28842 3351 968 2383 25491 23291 23258
is_linear=0
shrinkage=0.05


Tree=206
num_leaves=31
num_cat=2
split_feature=16 23 0 11 20 16 23 18 4 8 10 19 10 10 20 11 10 4 4 16 8 18 4 22 18 18 0 23 19 16
split_gain=2.79554 8.15917 10.8495 4.87574 10.844 8.41913 5.68691 5.07702 4.88165 4.66524 5.74672 5.66095 5.11661 13.1393 6.75735 5.89384 5.0973 4.64385 4.39165 6.26743 4.69444 4.27775 4.22596 4.26158 4.1317 7.96356 6.8058 5.98994 5.57731 7.20516
threshold=0.023783949330547432 0.75109080256885963 0 7.4404391602237441 1.0000000180025095e-35 4.8025112254415846e-08 0.84042933448865254 0.060765528447053518 11.500000000000002 6.5000000000000009 7.8264411450176032 7.8155932471590388 7.4682278018910955 7.4404391602237441 0.1480642355397685 7.0913259685875696 7.9915908515222656 6.5000000000000009 3.5000000000000004 0.015999237457950625 3.5000000000000004 0.29754143743981648 4.5000000000000009 7.2927795278273422 0.03585767684401394 0.031309557126473354 1 7.1389039724040186 7.9884189688966964 0.029459106952716477
decision_type=8 8 1 8 10 10 10 10 2 2 10 10 8 10 10 8 10 2 2 10 2 10 2 10 8 10 1 10 10 8
left_child=1 -1 3 5 -5 7 -6 17 18 10 11 12 13 14 22 -16 -11 -3 -8 20 -20 -17 -4 -24 25 27 -27 28 29 -2
right_child=24 2 9 4 6 -7 8 -9 -10 16 -12 -13 -14 -15 15 21 -18 -19 19 -21 -22 -23 23 -25 -26 26 -28 -29 -30 -31
leaf_value=-1.5183904249793656e-05 0.00020741996360622574 0.00011698974013438779 0.00010915136389595405 -6.8851293937388652e-05 0.00037250761528202504 0.0003005276420764869 0.00016246582963002078 0.00014235995196334449 0.0019067025446663612 -0.00011177445863852498 -0.00023800247311456246 0.00047406971371617425 -4.9650036961601532e-05 0.00094024231807454672 0.00036573962369805817 0.00017854730001616305 0.0055036265640675992 4.743996144540575e-06 0.00032831204094339043 0.00039441250655247728 -0.00055188197766355975 -0.0017977256304151147 -2.9580374871951421e-05 0.00027430696662662514 1.1583380930302312e-05 -4.3305762707124278e-05 -0.00051713223618383714 -0.00090843667593922819 0.0015985961103422985 -0.00012368420389887724
leaf_weight=974 1274 229 1462 55 441 882 104 180 23 385 773 566 3896 130 442 399 25 338 48 98 144 22 2701 75 161789 1535 1683 127 212 2662
leaf_count=974 1274 229 1462 55 441 882 104 180 23 385 773 566 3896 130 442 399 25 338 48 98 144 22 2701 75 161789 1535 1683 127 212 2662
internal_value=5.36276e-05 0.000722624 0.00104337 0.00397727 0.00106791 0.00563229 0.00244755 0.00953815 -0.00173861 0.000353665 0.000558953 0.000889817 0.000588912 0.00161059 0.00121055 0.00524334 -0.00487805 0.0118607 -0.00304569 -0.0062069 -0.0114583 0.0010095 0.000389335 -0.000756484 -3.24902e-06 -0.00115107 -0.00302983 0.000263158 0.000590646 0.000165142
internal_weight=183674 14392 13418 2542 913 1629 858 747 417 10876 10466 9693 9127 5231 5101 863 410 567 394 290 192 421 4238 2776 169282 7493 3218 4275 4148 3936
internal_count=183674 14392 13418 2542 913 1629 858 747 417 10876 10466 9693 9127 5231 5101 863 410 567 394 290 192 421 4238 2776 169282 7493 3218 4275 4148 3936
cat_boundaries=0 1 2
cat_threshold=10260 27936
is_linear=0
shrinkage=0.05


Tree=207
num_leaves=31
num_cat=1
split_feature=13 22 17 12 10 19 12 10 22 11 10 14 10 19 18 4 19 10 17 11 17 15 11 17 10 14 0 20 22 10
split_gain=3.88342 6.37577 2.90757 13.6683 15.1079 12.5565 11.7573 10.9496 7.36129 6.98602 6.98039 5.76461 10.8951 6.72268 5.79505 8.65678 12.6159 7.28738 10.4746 10.0941 9.68273 9.37231 9.50273 9.17357 8.66498 8.70509 6.95154 6.29861 6.2673 6.04144
threshold=5.5729269024244674 5.8784355719568513 7.2761927279091099 7.2789734129149251 7.3128864978553141 7.4724791136251172 7.3482644339574383 7.0574674595548741 6.8396370120138767 7.3437453586499073 6.3724658184044349 7.0044280632177705 6.7996129651804988 7.2045485442231589 0.15069504733077252 5.5000000000000009 6.2706605812444831 6.6483364617940532 6.7090461912475901 6.9082550291486795 6.9190211491163156 6.619924828622362 6.6739296797910415 6.4785114882230443 6.5701821913769409 6.2156070997535293 0 0.073872270221775574 3.3357632440596361 6.2567088148180039
decision_type=8 10 8 10 8 10 8 10 10 10 8 10 8 10 10 2 10 10 10 10 10 8 8 10 10 10 1 10 8 8
left_child=1 -1 3 5 -5 11 7 9 -6 -4 -8 14 13 -13 17 -16 -17 19 28 21 -21 24 -23 27 25 -2 -26 -24 -19 -27
right_child=2 -3 6 4 8 -7 10 -9 -10 -11 -12 12 -14 -15 15 16 -18 18 -20 20 -22 22 23 -25 26 29 -28 -29 -30 -31
leaf_value=0.0021773812381937542 0.00018672556808745357 -0.015880231079539796 -0.0010338022374751122 -0.00021957128360843294 0.0010753344756543105 -0.0036923006414007367 -0.016200475637780022 -9.4777132942258656e-06 0.0036918889391146293 0.00016533586219664721 1.3604108561748874e-05 -0.0014236199241603354 -4.8123945380496028e-05 -0.0076141708180071047 1.5068727361078339e-05 0.003635946626075848 0.00058370548584023578 -0.00045223902512079309 2.8758536565343109e-05 0.00072976792810004471 7.7009592745502794e-05 -0.0011141966397272274 -0.0050809860284748883 -0.00017608846271750523 0.0010042862855524693 -0.00067285334330167154 -1.1549723077486363e-06 -0.0012822014447225528 0.00071664365403940617 -0.00013468642090421756
leaf_weight=58 5055 68 2554 2226 2954 388 70 7440 224 512 62349 1052 23072 188 10684 647 9427 552 26469 1092 3081 1696 89 8657 661 1381 595 416 2420 7710
leaf_count=58 5055 68 2554 2226 2954 388 70 7440 224 512 62349 1052 23072 188 10684 647 9427 552 26469 1092 3081 1696 89 8657 661 1381 595 416 2420 7710
internal_value=4.47529e-05 -0.00873016 5.07729e-05 0.000212216 0.00266469 8.63935e-05 -0.000194378 -0.00174186 0.00487728 -0.00425636 6.60856e-05 0.000119588 -0.000555281 -0.00512097 0.000323073 0.00104297 0.0020945 7.34877e-05 0.000634319 -0.000469063 0.00181524 -0.000832064 -0.00195708 -0.00132067 -3.8956e-05 -0.000392337 0.00394108 -0.00787129 0.00344886 -0.00131724
internal_weight=183787 126 183661 110736 5404 105332 72925 10506 3178 3066 62419 104944 24312 1240 80632 20758 10074 59874 29441 30433 4173 26260 10858 9162 15402 14146 1256 505 2972 9091
internal_count=183787 126 183661 110736 5404 105332 72925 10506 3178 3066 62419 104944 24312 1240 80632 20758 10074 59874 29441 30433 4173 26260 10858 9162 15402 14146 1256 505 2972 9091
cat_boundaries=0 1
cat_threshold=63648
is_linear=0
shrinkage=0.05


Tree=208
num_leaves=31
num_cat=5
split_feature=4 20 16 19 15 10 0 23 16 23 10 20 13 20 22 19 4 20 19 0 15 0 1 20 4 1 20 4 11 17
split_gain=3.02568 7.81789 7.45082 7.78933 6.23384 11.517 8.59368 7.27054 6.55721 6.38427 6.0759 6.64765 5.85707 5.55258 6.39261 5.54154 5.40143 11.2377 10.7991 17.7565 8.79001 9.33652 8.53961 8.14483 5.81477 10.5926 6.73373 6.8671 5.25009 5.1905
threshold=3.5000000000000004 0.026820862412156334 0.019904899595063856 6.651859600632438 6.3985975381764968 6.4523117665326337 0 2.0512275922459415 0.29465528217971781 1.7266864391944801 6.3994261899220151 0.075797326021477388 5.5729269024244674 0.13647855253710819 7.2583417231002967 6.0173691477424764 6.5000000000000009 1.0000000180025095e-35 6.3118571825043261 1 6.545359253309794 2 3 0.17516623587890073 5.5000000000000009 4 0.039798252968116468 4.5000000000000009 7.3128864978553141 8.5337749101913492
decision_type=2 8 8 10 8 8 1 10 8 10 10 10 8 10 10 8 2 8 10 1 10 1 1 10 2 1 10 2 10 8
left_child=1 -1 3 -3 7 6 -6 9 -8 10 11 -2 -4 -9 -15 -7 17 28 19 -19 21 -20 23 -21 25 26 -23 -28 -17 -18
right_child=4 2 12 -5 5 15 8 13 -10 -11 -12 -13 -14 14 -16 16 29 18 20 22 -22 24 -24 -25 -26 -27 27 -29 -30 -31
leaf_value=-2.327380928814904e-05 0.00089833278977731197 -0.00018145583018100986 -0.0091694620122307006 0.00016317621899262225 -0.0019875234889529915 -0.0036156173132370741 -0.00014352424812085209 -0.00039557899585602742 -0.0048451823072560131 0.0043950621206112926 0.0023077707082775237 9.6483859779006309e-05 -8.8158759229051148e-05 0.0002492379683657342 0.0015576751352919694 0.00071756283858297469 -1.8080037709511389e-05 0.0039605055263065569 0.0011389160340930626 -0.0108857139253701 6.3732509313840782e-05 -0.0025698579134185717 -0.00094126381578418794 0.001460094743539675 0.0013861119882002449 0.00063520154787539702 -0.0019530068527366053 0.00011335792995061934 3.4529971612773379e-05 0.0010036192168807912
leaf_weight=298 470 606 78 1818 338 63 1576 684 488 138 229 1275 43950 2780 121 89 82398 178 1693 409 35366 51 380 62 1119 1451 583 700 69 4290
leaf_count=298 470 606 78 1818 338 63 1576 684 488 138 229 1275 43950 2780 121 89 82398 178 1693 409 35366 51 380 62 1119 1451 583 700 69 4290
internal_value=3.07483e-05 -0.000316578 -0.000264789 0.00243399 0.00014927 7.90157e-05 -0.00335137 0.00176847 -0.0020974 0.00409564 0.00336879 0.0023639 -0.000413373 0.00039749 0.00135298 0.000142939 0.000150189 0.000614472 0.000564393 -0.00449466 0.000691478 0.00253261 -0.00746225 -0.0120488 0.00117527 -4.48833e-05 -0.00326087 -0.00255261 0.0139241 -7.55583e-05
internal_weight=183750 46750 46452 2424 137000 131303 2402 5697 2064 2112 1974 1745 44028 3585 2901 128901 128838 42150 41992 1029 40963 5597 851 471 3904 2785 1334 1283 158 86688
internal_count=183750 46750 46452 2424 137000 131303 2402 5697 2064 2112 1974 1745 44028 3585 2901 128901 128838 42150 41992 1029 40963 5597 851 471 3904 2785 1334 1283 158 86688
cat_boundaries=0 1 2 3 4 5
cat_threshold=11264 33284 39937 1 1
is_linear=0
shrinkage=0.05


Tree=209
num_leaves=31
num_cat=1
split_feature=14 10 20 1 16 6 20 18 14 14 21 21 23 16 23 15 10 17 3 17 15 17 21 10 23 18 20 23 7 18
split_gain=2.93358 13.1921 6.62963 6.10905 8.74604 8.4346 8.5119 8.33227 7.11788 5.62019 5.38242 5.11615 5.14333 6.27084 5.70967 5.07719 6.53875 4.89755 7.20149 6.44857 5.46812 5.6551 4.8834 4.86819 4.58491 4.45782 4.35411 5.03796 4.61137 4.3485
threshold=7.1020876636970476 6.7917829450984977 0.32792034134839126 0 0.068902070038146801 1.0000000180025095e-35 0.11525009454553387 0.029403397973934018 7.5503982927968831 7.2082301046963382 0.66750053336617021 5.2582760123112591 4.8875790449670751 0.093477399346829637 5.5648497131336878 8.7983821770676496 9.3757959194534255 7.4877303756846372 5.5000000000000009 7.5277982030358723 7.6804502555480054 7.7200823819209043 7.6041471586591109 7.0913259685875696 7.3151623515795157 0.0097234701318512032 0.27797350623832728 6.5037163895450503 2.5000000000000004 0.064555598368637904
decision_type=10 8 10 1 8 2 10 10 10 10 8 8 10 10 10 10 8 8 2 8 8 8 10 8 10 8 10 8 10 8
left_child=-1 2 -2 4 26 6 24 9 10 25 -7 12 -9 14 23 22 -17 18 -11 -19 -21 -22 -13 -14 -6 -5 28 -28 -3 -12
right_child=1 3 -4 7 5 8 -8 11 -10 17 29 15 13 -15 -16 16 -18 19 -20 20 21 -23 -24 -25 -26 -27 27 -29 -30 -31
leaf_value=2.3425017382550098e-05 -0.0011276665669770704 -0.00013343509882759452 -0.0067283990361112879 -0.00018740721556338437 0.001084986733567117 -0.0022850694277015029 -0.00010010658859185285 -7.0994227035581231e-05 0.0016224134880050258 1.9729147674274475e-05 -0.0008491781352714334 -0.00026363727613381015 -0.00070688410796782009 -0.00014234466217222241 -0.0017514802483332927 -0.00052187550778217686 0.011808878893041764 -0.00026627281467164201 -1.3247030789331761e-05 0.0003252352994188357 -0.00076089976443745051 9.5179689818269974e-05 0.0022341832952400332 0.0010179182430904987 -0.002074255015783111 -6.2494418762049087e-05 0.0011292833836845874 -0.0027474079343692949 0.0022525158891113285 0.00059584125053488987
leaf_weight=116889 580 7368 359 61 1896 128 7827 17500 1806 1270 261 20693 73 954 43 116 90 128 163 216 94 655 74 732 70 322 50 132 232 2858
leaf_count=116889 580 7368 359 61 1896 128 7827 17500 1806 1270 261 20693 73 954 43 116 90 128 163 216 94 655 74 732 70 322 50 132 232 2858
internal_value=-1.08909e-06 -0.000265539 -0.00615016 -0.000181578 0.000483914 0.00119561 0.000339528 -0.000530289 0.00285474 0.00205397 0.00145519 -0.000716946 -0.00012952 0.00241398 0.00554245 -0.00125757 0.0065534 0.00290974 0.00483252 0.000388838 0.00178756 -0.000233645 -0.00133505 0.00649068 0.00328077 -0.00359008 -0.000873811 -0.00851648 -0.000690789 0.00186759
internal_weight=183640 66751 939 65812 22628 14846 9793 43184 5053 2909 3247 40275 19302 1802 848 20973 206 2526 1433 1093 965 749 20767 805 1966 383 7782 182 7600 3119
internal_count=183640 66751 939 65812 22628 14846 9793 43184 5053 2909 3247 40275 19302 1802 848 20973 206 2526 1433 1093 965 749 20767 805 1966 383 7782 182 7600 3119
cat_boundaries=0 1
cat_threshold=1
is_linear=0
shrinkage=0.05


Tree=210
num_leaves=31
num_cat=6
split_feature=13 10 19 0 15 4 10 13 14 19 16 3 21 16 0 15 18 12 19 13 0 13 1 0 7 0 15 10 15 9
split_gain=3.1196 2.29012 8.1123 4.27352 7.73361 5.91117 7.52622 3.90505 3.67628 3.64096 3.47739 4.03337 4.33082 4.24249 3.46371 4.32805 3.73795 3.64878 3.44207 3.19837 3.49996 3.112 7.41115 6.04636 5.72469 6.47441 5.35589 4.5888 9.51601 11.8535
threshold=9.3545179236839946 6.3126414277150058 7.0656292606887492 0 6.2401693155098394 3.5000000000000004 6.1323122662398957 6.0390628155997765 5.9952067579627961 6.5973060279258311 0.049245526277660559 1.5000000000000002 2.998226044309511 0.26344541103156766 1 6.1359579690779986 0.042937567234854319 6.1495355321819636 6.1672163690271722 6.2116030863880871 2 6.5403079774037876 3 4 1.5000000000000002 5 6.619924828622362 6.6864847774674381 6.619924828622362 1.0000000180025095e-35
decision_type=10 8 8 1 8 2 10 10 8 10 8 2 8 10 1 10 10 10 10 10 1 8 1 1 10 1 10 8 8 2
left_child=1 2 3 9 5 6 14 -8 -9 18 -6 19 13 -13 -5 16 -16 -18 -1 -12 -21 22 23 -3 -24 -26 -25 28 -23 -30
right_child=-2 21 -4 4 10 -7 7 8 -10 -11 11 12 -14 -15 15 -17 17 -19 -20 20 -22 27 24 26 25 -27 -28 -29 29 -31
leaf_value=0.004145750764673206 0.012249822259109866 0.00023334540532824466 -0.012586540774397893 -0.00023599740211666109 0.00010838997281048535 0.00046116779800695621 0.0008767956780641351 -0.0029958864497890095 4.0075605346001636e-05 0.0042737716723083574 0.0022882198323530335 -0.0014626550098219228 -0.001665007311674538 0.0083413873103648228 0.00072841498554172552 -0.0013722385474616685 -0.001497993078326232 0.00081910523868491405 0.00015715637240123483 -0.001622069478624444 0.0007803744767005405 9.6624247037357952e-05 0.0002094117401103768 0.0016819916633278977 0.0014672599522882912 -0.0023046872073869021 -0.0014608857968890555 4.3030591857284865e-06 -0.00046952276424405692 -0.0010605669122959239
leaf_weight=58 26 640 156 608 390 1244 290 28 574 132 128 276 971 51 61 111 428 22 1064 104 192 5657 7160 396 343 722 77 154373 6458 1027
leaf_count=58 26 640 156 608 390 1244 290 28 574 132 128 276 971 51 61 111 428 22 1064 104 192 5657 7160 396 343 722 77 154373 6458 1027
internal_value=-1.04752e-05 -1.29258e-05 -0.000907375 -0.000646168 -0.00124818 0.000237671 -0.00136664 0.00213004 -0.000166113 0.00197785 -0.00362216 -0.00458769 -0.00597072 -0.000993884 -0.00390244 -0.00648734 -0.00464775 -0.00622222 0.00106952 -0.000353774 -0.00320946 2.19109e-05 0.000910259 0.00473944 0.000392097 -0.00302817 0.00895445 -2.76095e-05 -0.000924517 -0.00209419
internal_weight=183767 183741 6888 6732 5478 3366 2122 892 602 1254 2112 1722 1298 327 1230 622 511 450 1122 424 296 176853 9338 1113 8225 1065 473 167515 13142 7485
internal_count=183767 183741 6888 6732 5478 3366 2122 892 602 1254 2112 1722 1298 327 1230 622 511 450 1122 424 296 176853 9338 1113 8225 1065 473 167515 13142 7485
cat_boundaries=0 1 2 3 4 5 6
cat_threshold=16462 45073 44032 4 25658 12573
is_linear=0
shrinkage=0.05


Tree=211
num_leaves=31
num_cat=3
split_feature=23 16 22 15 21 3 9 4 15 16 5 1 4 4 9 0 19 12 15 4 19 12 19 15 11 0 20 15 4 19
split_gain=3.83063 4.73417 4.34261 4.275 4.20641 4.25378 9.2432 4.31505 5.17465 4.33624 4.11704 4.08763 11.9639 15.3475 21.5915 14.0724 12.3223 13.3826 12.3398 11.2831 11.3955 10.9844 9.3141 9.36371 12.9527 10.1843 9.13306 9.1086 9.44775 9.99585
threshold=7.071784956884632 0.21535686742011231 6.8824887504194612 6.4732991092973755 6.7286884181203579 1.0000000180025095e-35 1.0000000180025095e-35 8.5000000000000018 7.0449341470363596 0.078469071056920317 1.0000000180025095e-35 0 7.5000000000000009 8.5000000000000018 1.0000000180025095e-35 1 7.4724791136251172 7.1240755238490161 7.547167609995058 5.5000000000000009 7.3618891925627263 8.0874863237131702 7.4590218600978018 7.4880225585237339 7.577377095608937 2 0.30347910379263998 7.0480401179710155 9.5000000000000018 6.4785658301515463
decision_type=10 10 10 10 10 2 2 2 10 10 2 1 2 2 2 1 10 8 8 2 10 8 10 8 8 1 8 8 2 10
left_child=2 -2 4 -3 5 6 -1 -8 9 -9 -10 12 19 15 16 -14 17 -15 -18 -7 -21 -22 -13 25 -25 -24 -23 28 -16 -30
right_child=1 3 -4 -5 -6 11 7 8 10 -11 -12 22 13 14 27 -17 18 -19 -20 20 21 26 23 24 -26 -27 -28 -29 29 -31
leaf_value=5.2002849286392211e-05 -0.00017233568084424889 -0.0014502365275819607 0.00019689570423315762 0.0041449930538772772 -0.00014329044887695375 -5.805298250836089e-05 0.00076019346936582197 0.00035017310163301121 -0.001527393199224081 -0.0017669914970452451 0.001187709318043595 -7.8971265693006394e-06 0.00029748863641130278 -0.00019456663044397084 0.00038901603214349658 -0.0017184877302022451 -0.0025773352051630563 0.00095189638760606599 -8.9623397892246717e-05 0.00080096885390619217 -0.00083518221193801256 -7.5573174766319095e-05 6.553451589816906e-05 -0.00041829139327265175 0.00023369058950850619 0.00097908771824273266 0.0019729584884174757 -0.0019771372857767754 0.00019592340540177668 -0.0011038101035279358
leaf_weight=18689 9023 31 6492 170 6775 23622 1759 759 94 67 25 63696 922 4562 399 4191 1269 4629 5160 5432 2160 1614 832 1921 15102 1026 974 355 423 1707
leaf_count=18689 9023 31 6492 170 6775 23622 1759 759 94 67 25 63696 922 4562 399 4191 1269 4629 5160 5432 2160 1614 832 1921 15102 1026 974 355 423 1707
internal_value=-4.35066e-06 -0.000997398 4.80945e-05 0.00659204 -8.91986e-07 5.03442e-05 0.000707007 0.00343935 0.000714286 0.00211864 -0.00903361 -5.00014e-05 -0.000374005 -0.00123746 -0.000567445 -0.00366223 0.000166453 0.00134099 -0.00151268 0.000229276 0.00162083 -0.000168492 0.000175291 0.00115063 0.000782764 0.00452099 0.00202859 -0.0045423 -0.00348952 -0.00481221
internal_weight=183880 9224 174656 201 168164 161389 21393 2704 945 826 119 139996 57419 23617 18504 5113 15620 9191 6429 33802 10180 4748 82577 18881 17023 1858 2588 2884 2529 2130
internal_count=183880 9224 174656 201 168164 161389 21393 2704 945 826 119 139996 57419 23617 18504 5113 15620 9191 6429 33802 10180 4748 82577 18881 17023 1858 2588 2884 2529 2130
cat_boundaries=0 1 2 3
cat_threshold=2 14352 19483
is_linear=0
shrinkage=0.05


Tree=212
num_leaves=31
num_cat=4
split_feature=23 15 16 12 22 23 19 16 10 20 1 20 4 19 15 0 10 17 12 19 15 16 0 16 0 23 15 19 15 16
split_gain=3.13284 5.36584 5.71882 5.30672 4.98328 4.12674 3.4257 3.4939 3.3986 3.35451 3.1347 3.01084 7.81725 8.7885 13.4026 12.4339 11.653 10.0613 9.47413 8.35162 8.45984 8.04848 9.83441 7.27386 8.68414 7.20765 6.61612 6.29508 7.06847 7.84413
threshold=7.1524342964589085 7.6130890213407785 0.13625857790494783 5.7087686410618739 7.6622326870510662 7.4366949008166321 6.1672163690271722 0.047750001644481919 7.4040633484516265 0.06530872793998399 0 0.18148182637084198 4.5000000000000009 7.2737589909698679 6.9257926179368283 1 7.3142198319787717 8.7630688070276204 6.8992188208074312 7.3845823720445969 8.3981904900284849 0.15452858528144964 2 0.3572706974438154 3 5.1177840242687314 7.8707057712821058 6.6683241707892522 6.9879129579753698 0.045567028819997975
decision_type=10 8 10 10 8 10 10 10 10 10 1 8 2 8 8 1 8 8 8 10 10 10 1 10 1 8 10 10 8 10
left_child=11 2 6 -4 5 8 7 -2 10 -3 -5 -1 23 16 -15 -16 27 -17 -18 -19 -21 25 -23 26 -25 -20 -13 -14 29 -29
right_child=1 9 3 4 -6 -7 -8 -9 -10 -11 -12 12 13 14 15 17 18 19 21 20 -22 22 -24 24 -26 -27 -28 28 -30 -31
leaf_value=1.7666763395918216e-05 -0.0020229879154598507 0.0003193532953179812 -0.00056610736278273066 -2.2269646922667975e-05 0.0031603179644282167 -0.0021907116572734697 -0.00022472691858967944 0.0017709645392537166 0.0038195026631778987 -0.00093125450613973371 0.0026306245295129038 -0.00020736143102537686 0.00052523923326248674 -0.0060535501137646726 -0.0014707166069550138 -0.00010104727299209415 -0.00058966298917473292 0.00079074557901441804 -0.00038327722149817945 0.0079538678973647414 0.00091361012518493829 -0.00050632904271994403 0.0038430357136368001 0.0015423975625747932 -0.0055476647063048782 0.0017582869170450267 -0.0022048109378586924 0.00044085997604490504 0.0002645525016070405 -0.0011544531878557196
leaf_weight=119840 23 85 149 95 166 95 4967 89 24 691 37 16496 3654 295 2465 16789 1362 1515 1174 455 424 450 2157 246 520 2159 485 216 3271 3352
leaf_count=119840 23 85 149 95 166 95 4967 89 24 691 37 16496 3654 295 2465 16789 1362 1515 1174 455 424 450 2157 246 520 2159 485 216 3271 3352
internal_value=2.20413e-05 -0.00106292 -0.000527015 0.00424028 0.00713429 0.00268924 -0.00105828 0.00758929 0.00769231 -0.00496134 0.00454545 6.13281e-05 -0.000236149 0.000153505 -0.00051611 -0.000371859 0.000979208 5.86151e-05 0.00251301 0.00309106 0.00696815 0.00337542 0.00545646 -0.00110864 -0.00587467 0.00174767 -0.000893646 -8.8154e-05 -0.000983331 -0.00252242
internal_weight=183746 6421 5645 566 417 251 5079 112 156 776 132 177325 57485 39738 21943 21648 17795 19183 7302 2394 879 5940 2607 17747 766 3333 16981 10493 6839 3568
internal_count=183746 6421 5645 566 417 251 5079 112 156 776 132 177325 57485 39738 21943 21648 17795 19183 7302 2394 879 5940 2607 17747 766 3333 16981 10493 6839 3568
cat_boundaries=0 1 2 3 4
cat_threshold=1 10241 32784 354
is_linear=0
shrinkage=0.05


Tree=213
num_leaves=31
num_cat=2
split_feature=14 10 17 12 11 16 21 13 10 10 13 19 10 17 19 20 11 10 13 16 0 7 12 0 20 10 2 12 12 21
split_gain=3.38938 6.45142 11.3006 8.60789 6.89071 6.32503 8.26852 7.40026 6.94788 5.92375 5.8433 4.77827 4.84805 4.45676 4.41555 4.33824 4.1046 6.07412 4.13527 12.1786 5.92856 6.22719 4.9644 3.86079 4.57588 3.8361 3.77514 3.60909 3.45154 3.40622
threshold=8.2573848150395737 8.2304437952050211 7.9587936055729189 8.0751083993275099 9.3369738030521621 0.13993975399269601 2.9496746291000888 8.1027375051170818 8.3489936997640886 8.370078286999183 8.5570866396637921 8.2362778391612128 8.7038301138059193 7.7500375875879248 8.2701949356695348 0.12532761463474723 8.370078286999183 8.1896606337060707 8.2041239973879385 0.55506913247183176 0 2.5000000000000004 8.4131645053506663 1 0.29560471560188389 7.9915908515222656 1.5000000000000002 8.2304437952050211 8.1354867319456314 7.0698316096439724
decision_type=10 10 10 8 8 10 10 10 10 10 10 10 10 10 10 10 10 8 10 8 1 10 10 1 10 10 2 10 8 10
left_child=1 16 3 9 14 6 7 13 10 -3 23 -6 -13 -2 -4 26 18 -18 22 20 -20 27 -1 -9 -25 -24 -8 -22 -15 -7
right_child=5 2 4 -5 11 29 15 8 -10 -11 -12 12 -14 28 -16 -17 17 -19 19 -21 21 -23 25 24 -26 -27 -28 -29 -30 -31
leaf_value=-5.8683922619096054e-07 0.0053706018128988125 0.002884096437906969 0.00021015413056102439 0.0072473799865708345 0.0021150044249894861 -0.0016228416469655561 -0.00020440929896552442 6.7674473287571152e-05 -0.000234704561714727 -0.011051846046560065 0.0076844992264018426 -0.00082135283263635734 0.0057545227034699669 -0.0027777079493934934 -0.00097599674762092201 -0.0002594024474481316 -0.0037376420149343838 0.0028814215644965557 7.7831800331384926e-05 0.0049434124252739856 -0.0020904994720431168 0.0035435876457951213 0.0072321597157452905 0.002508920366854728 -0.0014977334548094579 -0.0038209757041926199 -0.0019481129599085989 -0.00048202914500157236 -0.00030791689294344953 -0.0046208325334796468
leaf_weight=174962 61 97 1276 242 340 1340 154 272 332 29 150 215 35 148 478 715 107 367 429 140 487 43 107 320 36 24 254 183 349 32
leaf_count=174962 61 97 1276 242 340 1340 154 272 332 29 150 215 35 148 478 715 107 367 429 140 487 43 107 320 36 24 254 183 349 32
internal_value=-8.16442e-07 3.18833e-05 0.00245206 0.0105978 0.00117321 -0.00141124 -4.47868e-05 0.00218825 0.00454955 0 0.00713368 0.00584746 0.0006 -0.00250896 -0.000399088 -0.00336153 -5.23045e-06 0.00464135 -1.77179e-05 -0.00284711 -0.00455342 -0.00729599 2.99841e-06 0.00501592 0.00833333 0.00973282 -0.00747549 -0.00858209 -0.00407445 -0.00419096
internal_weight=183724 179561 2712 368 2344 4163 2791 1668 1110 126 778 590 250 558 1754 1123 176849 474 176375 1282 1142 713 175093 628 356 131 408 670 497 1372
internal_count=183724 179561 2712 368 2344 4163 2791 1668 1110 126 778 590 250 558 1754 1123 176849 474 176375 1282 1142 713 175093 628 356 131 408 670 497 1372
cat_boundaries=0 1 2
cat_threshold=1099 18562
is_linear=0
shrinkage=0.05


Tree=214
num_leaves=31
num_cat=5
split_feature=8 19 19 4 23 19 17 17 20 20 18 18 0 23 12 0 3 0 6 4 1 19 0 19 12 11 19 12 17 18
split_gain=3.5521 9.8177 8.53865 7.14254 10.4855 10.696 12.9442 10.9567 8.28531 7.3221 6.45678 7.1354 5.64457 5.62049 5.48074 5.42134 5.24792 5.0899 6.57654 4.92835 7.61658 6.27273 4.87426 4.40084 10.1458 9.36024 6.76152 6.88932 6.80083 7.85407
threshold=1.5000000000000002 6.4196367266474343 8.4829332955706498 11.500000000000002 4.2934907351539078 7.3086927982365149 7.7751994873538148 7.4517596618881115 0.29928050940665563 0.24526099119956632 0.12943487352022356 0.22317826771711385 0 0.51436162408876551 7.8452197668196186 1 3.5000000000000004 2 1.0000000180025095e-35 9.5000000000000018 3 7.8938077595985581 4 7.0241835968348827 6.8992188208074312 7.4103463658656468 7.0320284970281524 7.4404391602237441 7.0286585642461006 0.21598010400757237
decision_type=2 8 10 2 10 10 8 10 8 10 10 10 1 10 10 1 2 1 2 2 1 10 1 10 8 10 10 10 10 10
left_child=1 -1 3 4 5 9 7 10 13 14 -7 -12 -8 -5 16 -9 22 18 -11 -14 21 -21 -3 25 -25 -2 27 -26 29 -28
right_child=23 2 -4 8 -6 6 12 15 -10 17 11 -13 19 -15 -16 -17 -18 -19 -20 20 -22 -23 -24 24 26 -27 28 -29 -30 -31
leaf_value=-0.00344104578427884 5.0957525243444658e-05 -0.0030334589121260749 0.0088542054035027021 -0.0017891475935639225 0.013583862345575249 0.0018050601454917548 0.00080501230216993851 -0.00029574038286939164 0.0013864364020477638 -0.0048360962833250646 -0.0042206013145482226 0.0078527574560312008 0.0024497137484319254 -0.00583179453887146 0.022074782791502837 -0.0032125183282145642 -0.00012368081047040569 0.0050161296535454983 0.0069463177009507328 0.010454271463767784 0.0062107461823696754 -0.0036759845562841509 -0.00069007901873350272 -0.0013833586116960728 -0.00078354582416211298 0.0032016899685434422 0.00033054207427709594 0.0049270543370759428 -8.0173588076437593e-06 -0.001925889979949913
leaf_weight=421 72296 1140 86 540 41 220 575 238 281 163 83 73 559 179 22 290 2015 405 80 44 265 48 1859 2085 1240 672 3589 27 93471 547
leaf_count=421 72296 1140 86 540 41 220 575 238 281 163 83 73 559 179 22 290 2015 405 80 44 265 48 1859 2085 1240 672 3589 27 93471 547
internal_value=2.86019e-05 -0.000906305 -0.000564849 -0.000712719 -0.000221675 -0.000349672 0.00245303 -0.0022677 -0.0047 -0.00153061 0.00425532 -0.00352564 0.00531522 -0.0075452 -0.00217434 -0.00691288 -0.00228361 0.00347222 -0.00227273 0.00772138 0.012395 0 -0.00360954 8.03498e-05 -0.00013347 0.000376192 -6.06833e-05 -0.00368982 -1.35748e-05 0.0019705
internal_weight=183554 9627 9206 9120 8120 8079 2395 904 1000 5684 376 156 1491 719 5036 528 5014 648 243 916 357 92 2999 173927 100959 72968 98874 1267 97607 4136
internal_count=183554 9627 9206 9120 8120 8079 2395 904 1000 5684 376 156 1491 719 5036 528 5014 648 243 916 357 92 2999 173927 100959 72968 98874 1267 97607 4136
cat_boundaries=0 1 2 3 4 5
cat_threshold=2948 1265 8392 2 9795
is_linear=0
shrinkage=0.05


Tree=215
num_leaves=31
num_cat=1
split_feature=19 16 11 13 17 14 11 16 17 4 23 19 4 23 3 7 1 7 4 13 7 23 23 13 15 17 11 15 11 13
split_gain=2.41664 10.5245 11.3166 8.20476 8.40455 7.21159 5.98492 6.03267 5.83935 11.5503 7.02773 6.17758 5.9387 5.54321 5.45023 5.36845 5.19557 6.06946 5.07661 5.60716 4.92996 4.34047 4.27929 4.00779 10.1702 4.11651 6.98778 5.20401 4.35728 5.92999
threshold=8.2362778391612128 0.15734862536072997 6.7171997342723353 6.9092540304800165 8.1402912018707934 6.9092540304800165 8.2304437952050211 0.55506913247183176 8.5337749101913492 10.500000000000002 2.727020434501934 8.417931615151085 7.5000000000000009 1.4967604349326693 3.5000000000000004 3.5000000000000004 0 64.500000000000014 9.5000000000000018 7.6016521472294505 1.0000000180025095e-35 4.7157207853159067 3.2329546865747454 8.2041239973879385 8.2688770321312468 8.0365314023032024 7.3128864978553141 8.2061249493002979 8.0727781170296904 7.8073020336262013
decision_type=8 10 8 8 8 8 10 8 8 2 10 8 2 10 2 10 1 10 2 8 10 10 8 10 8 10 10 10 10 10
left_child=6 2 -2 -4 -5 -6 23 -8 13 10 11 -10 -12 -7 15 20 17 -17 19 -3 -13 -14 -11 25 -25 28 -27 -28 29 -1
right_child=1 18 3 4 5 8 7 -9 9 22 12 14 21 -15 -16 16 -18 -19 -20 -21 -22 -23 -24 24 -26 26 27 -29 -30 -31
leaf_value=5.442078064321621e-06 -0.013464067876858011 0.0028777807199390718 -0.015382412990701644 -0.00292391519317754 -0.014609092189568474 0.00030326508648617081 0.00048359302971205946 0.0070510764233957749 0.0032540989852961389 -0.0056351389375810081 0.0037978937233778876 -0.0011062000459436394 0.001846934564457925 -0.00063029071773446077 0.0016513219169053796 0.010316920388041197 -0.0065152335561305293 -0.035659988072783769 -0.00017877626861020348 -0.0036789772501995446 0.0024625817223555614 -0.002093288639059132 0.0067384482458652251 -0.0012686133680177127 0.0015057480544012237 0.0012127496869590805 0.00016769293256353458 -0.0024118612360105821 0.0015001790369639336 -0.00027064078976470898
leaf_weight=160645 80 28 50 200 31 1189 1940 122 113 31 346 290 105 1307 810 122 644 26 390 725 282 74 700 926 351 1134 1830 130 1135 8039
leaf_count=160645 80 28 50 200 31 1189 1940 122 113 31 346 290 105 1307 810 122 644 26 390 725 282 74 700 926 351 1134 1830 130 1135 8039
internal_value=2.46198e-05 -0.000851783 -6.25e-05 0.000174051 0.000334928 0.000667216 6.2127e-05 0.00274006 0.000790694 0.00209568 0.000640114 -0.000557499 0.00585714 -0.0010617 -0.00114995 -0.00307918 -0.00574495 0.0027027 -0.00527122 -0.00766932 0.000611888 -0.00153631 0.00769494 3.04265e-05 -0.00276038 5.10372e-05 0.00185844 5.10204e-05 1.81075e-05 -2.66771e-06
internal_weight=183795 7543 6400 6320 6270 6070 176252 2062 6039 3543 2812 2287 525 2496 2174 1364 792 148 1143 753 572 179 731 174190 1277 172913 3094 1960 169819 168684
internal_count=183795 7543 6400 6320 6270 6070 176252 2062 6039 3543 2812 2287 525 2496 2174 1364 792 148 1143 753 572 179 731 174190 1277 172913 3094 1960 169819 168684
cat_boundaries=0 1
cat_threshold=2
is_linear=0
shrinkage=0.05


Tree=216
num_leaves=31
num_cat=1
split_feature=10 15 21 16 18 12 11 15 10 10 1 11 19 19 21 19 12 14 14 14 22 15 22 18 12 14 12 16 11 19
split_gain=2.59313 5.52927 6.12266 4.98817 7.15378 3.99627 3.96324 8.22382 7.32369 4.953 4.5752 4.24429 3.85911 3.8528 3.84165 3.7592 3.68097 3.48483 4.26841 3.43093 3.38203 3.35552 3.24003 3.70324 4.22312 3.21726 6.48598 4.88106 4.49447 7.97621
threshold=6.2275238364393255 6.216661124246083 1.3986406674150766 0.091829678995907396 0.057983039061419717 6.3108265436897168 6.1323122662398957 6.3222921624249588 6.344758397477464 6.4651072450961715 0 6.258624525973782 6.7339893806300237 6.3532537634622201 2.4890560511953486 6.0173691477424764 6.6802269323173 6.2176031103882972 6.3108265436897168 6.2700423577822813 3.6901278942132305 5.9811921524785587 7.3281089456583972 0.064555598368637904 6.0991966170931535 6.4762025397968879 6.4523117665326337 0.3811619325567363 6.3994261899220151 7.4443603456260439
decision_type=8 8 8 10 10 10 8 8 8 8 1 8 10 10 10 8 10 8 8 8 8 10 10 8 8 8 10 8 8 8
left_child=1 3 -3 4 14 -4 13 9 10 11 17 -8 19 22 -1 -10 -7 -9 -19 21 -18 -11 23 24 -2 26 -17 -28 29 -27
right_child=6 2 5 -5 -6 16 7 8 15 12 -12 -13 -14 -15 -16 25 20 18 -20 -21 -22 -23 -24 -25 -26 28 27 -29 -30 -31
leaf_value=0.00030337900352368498 0.0013542175725626217 0.0029185574666444449 -0.0014215586205678756 0.00061765081136004878 -0.00056066234480387498 0.00023700637547614535 3.1839115330267734e-05 0.00088227918508956284 -0.0057237315508799295 -0.011746950192829609 -0.00011842544261098098 0.00099901845130312417 0.015578910664193524 0.00090789083223743463 -0.00053979211489245675 -4.3863504855234939e-05 0.002322630140101345 -0.0030629744159639039 -0.0018047491574880059 -0.00048305983267686874 -0.0094136727911135823 0.00091437227977677618 0.0019017540270776625 -0.0035003057718824061 -0.0010193880924799005 -0.00053898547742050609 0.00054343624347812374 0.0072131857060656838 3.6832606398640168e-06 -0.019654792802164447
leaf_weight=606 61 192 1214 1429 1015 579 404 48 73 25 333 1064 20 292 35 2873 30 38 423 831 110 670 42 509 85 2182 2310 149 166059 46
leaf_count=606 61 192 1214 1429 1015 579 404 48 73 25 333 1064 20 292 35 2873 30 38 423 831 110 670 42 509 85 2182 2310 149 166059 46
internal_value=1.51023e-05 -0.00108445 -0.00304706 0.000267423 -0.00160024 -0.00389291 4.71891e-05 6.47712e-05 2.00534e-05 0.00265428 -0.00463183 0.00473433 0.000679172 -0.0031092 0.0025351 4.26041e-05 -0.000938804 -0.00761297 -0.00894794 0.000393185 -0.00821429 0.00298561 -0.00512912 -0.00599237 0.0010274 4.73738e-05 0.00125656 0.00314152 9.0619e-06 -0.00222172
internal_weight=183747 5210 2125 3085 1656 1933 178537 177548 174534 3014 842 1468 1546 989 641 173692 719 509 461 1526 140 695 697 655 146 173619 5332 2459 168287 2228
internal_count=183747 5210 2125 3085 1656 1933 178537 177548 174534 3014 842 1468 1546 989 641 173692 719 509 461 1526 140 695 697 655 146 173619 5332 2459 168287 2228
cat_boundaries=0 1
cat_threshold=2
is_linear=0
shrinkage=0.05


Tree=217
num_leaves=31
num_cat=3
split_feature=13 3 16 0 12 18 3 11 15 11 11 21 12 16 0 4 18 15 3 9 22 20 0 18 16 16 15 15 13 3
split_gain=2.25952 2.136 4.92418 5.28074 4.87856 4.67848 5.3366 4.76501 4.47656 7.1496 5.2605 5.15139 4.73666 8.85924 4.29638 4.44211 4.19038 4.62989 4.19909 7.672 4.15262 4.15237 4.09791 6.63209 4.02708 5.29551 7.81009 5.87981 5.97063 4.37816
threshold=9.3545179236839946 1.5000000000000002 0.04302218434612879 0 8.0075332078766461 0.034472642648227712 1.0000000180025095e-35 7.2452983069657719 8.349268533095481 8.272182292171534 8.395235567913474 2.8931418480839728 8.370078286999183 0.082259382052440183 1 1.5000000000000002 0.25841149247999956 8.4585450976476171 1.0000000180025095e-35 1.0000000180025095e-35 1.0000000180025095e-35 0.38824048265638744 2 0.3907492643283455 0.051792228961146845 0.14534149489667819 8.0536723757832238 8.4585450976476171 8.1354867319456314 1.0000000180025095e-35
decision_type=10 2 10 1 10 10 2 10 10 10 8 10 10 10 1 2 10 10 2 2 10 10 1 10 10 10 10 10 8 2
left_child=1 2 3 4 5 7 -7 -1 9 12 -10 22 -3 -14 15 21 18 -18 -16 -20 -15 -4 23 -11 -17 29 -27 28 -28 -26
right_child=-2 8 14 -5 -6 6 -8 -9 10 11 -12 -13 13 20 16 24 17 -19 19 -21 -22 -23 -24 -25 25 26 27 -29 -30 -31
leaf_value=-0.00020924702015583387 0.011744836961696503 -1.7245570547763655e-05 -0.0002732117756699015 -0.00013825222180732232 0.0018771170820670591 0.00035856300054639691 -3.9397947214880881e-05 1.5435633144522678e-05 -0.0020957032719590707 0.00089922240735935694 -0.00026840554689337991 -0.00018561111510386754 0.0062442923450409804 0.0039855189990216202 0.00025286808718325563 0.0005755089619095433 -0.0014163359850287716 0.0052157960860158342 1.4284337326930797e-05 -0.00063347148635779511 -0.0029418831373799748 -0.010374115198369194 0.0024424054229048586 -0.0090258683480181293 -0.000140052808901725 0.001339513287599381 0.0018746996456532551 0.0042922560444823791 -0.0048756723787185098 0.00032798785079570794
leaf_weight=1530 25 127062 1325 8634 110 2477 3188 588 328 235 1827 484 111 54 8766 1385 1571 66 8237 1136 130 30 603 30 4165 4653 85 84 252 4981
leaf_count=1530 25 127062 1325 8634 110 2477 3188 588 328 235 1827 484 111 54 8766 1385 1571 66 8237 1136 130 30 603 30 4165 4653 85 84 252 4981
internal_value=-3.06812e-05 -3.2722e-05 0.000234215 -0.000482544 0.00045236 0.000305152 0.00105472 -0.00169972 -0.000141368 -0.000103528 -0.00240139 0.00351331 -0.000141924 0.00618644 0.000556675 0.00114025 5.55949e-05 -0.00236714 0.000274271 -0.000461432 -0.000543478 -0.00160517 0.00581797 0.000454545 0.00137937 0.00112869 0.00242412 -0.00409739 -0.00704748 0.000410015
internal_weight=184152 184127 53263 16527 7893 7783 5665 2118 130864 128709 2155 1352 127357 295 36736 16960 19776 1637 18139 9373 184 1355 868 265 15605 14220 5074 421 337 9146
internal_count=184152 184127 53263 16527 7893 7783 5665 2118 130864 128709 2155 1352 127357 295 36736 16960 19776 1637 18139 9373 184 1355 868 265 15605 14220 5074 421 337 9146
cat_boundaries=0 1 2 3
cat_threshold=15525 25190 37380
is_linear=0
shrinkage=0.05


Tree=218
num_leaves=31
num_cat=4
split_feature=10 15 0 15 20 0 10 4 14 23 18 4 11 15 11 10 0 0 17 12 18 23 22 15 23 15 18 22 18 18
split_gain=2.82826 6.06948 8.71204 4.96631 4.11136 5.72069 4.15768 4.12377 4.5865 4.10279 3.94221 3.64781 3.47569 4.8894 7.42469 6.14261 5.89436 4.62707 4.24982 3.71736 3.50414 3.37501 3.51432 4.23837 3.28337 3.2797 3.14176 6.30878 3.08304 3.06185
threshold=6.2700423577822813 6.2401693155098394 0 6.4871542209749347 0.2426545810963118 1 6.1014387733168176 2.5000000000000004 6.1125747596674556 4.218280600890421 0.34546017771078802 4.5000000000000009 6.0414437724798988 6.3222921624249588 6.258624525973782 6.3604381731226871 2 3 6.1782257415122013 6.3450512232545018 0.07697542647595719 5.5230573081077603 4.373866660240334 5.9811921524785587 0.85533322380321142 6.5111003160992782 0.13343193119045196 6.9547819741697579 0.3181150072074056 0.3907492643283455
decision_type=8 8 1 10 10 1 10 2 10 8 10 2 8 8 10 8 1 1 8 8 10 8 8 10 8 8 10 8 8 10
left_child=1 4 3 28 5 6 9 -7 -9 -1 11 21 -2 14 17 16 -15 -14 -17 -18 -16 22 23 -6 -21 -26 27 -10 -3 -22
right_child=12 2 -4 -5 10 7 -8 8 26 -11 -12 -13 13 15 20 18 19 -19 -20 24 29 -23 -24 -25 25 -27 -28 -29 -30 -31
leaf_value=-0.0017857726025837463 -0.0019640879049767968 0.00027949316423776517 -0.0013901772341482046 0.0072826443726339285 0.0056205840999539406 -0.00034549874979965538 -7.1334122437249905e-05 0.00088754205693541977 -0.0015569479755436434 -0.0024252630729287186 -0.0014005161747415507 0.002050439881030952 0.00062393921670351744 -0.0016993211329940916 0.0013786764774142313 -0.0034441094658899996 -0.0016872762361700212 -0.00043337795888129807 5.4140276244396552e-07 -0.0034550863765966614 0.00062026521852649459 -0.0010807801792610317 0.0013595210286881266 -0.0010339819870584411 0.00082191890543010799 -0.002334479360305819 0.00052866430662916746 6.5588786531889379e-05 -0.0070464854802624105 0.016405348052584336
leaf_weight=109 571 522 1432 91 48 882 347 703 136 134 202 262 945 275 376 198 140 995 173285 25 628 41 95 81 327 143 206 346 45 20
leaf_count=109 571 522 1432 91 48 882 347 703 136 134 202 262 945 275 376 198 140 995 173285 25 628 41 95 81 327 143 206 346 45 20
internal_value=-3.7035e-05 -0.00113516 -0.00327751 0.00149701 0.000111359 -0.000742228 -0.00508333 0.000405169 0.0021028 -0.0101852 0.00346365 0.00574004 -1.96709e-06 1.05719e-05 0.00202429 -2.36535e-05 -0.00412088 0.000206186 -2.1616e-06 -0.00135659 0.00546875 0.00160377 0.00401786 -0.00135659 0.000656566 0.00159574 -0.000799419 -0.0030083 -0.000220459 0.00324074
internal_weight=183610 5682 2090 658 3592 2863 590 2273 1391 243 729 527 177928 177357 2964 174393 910 1940 173483 635 1024 265 224 129 495 470 688 482 567 648
internal_count=183610 5682 2090 658 3592 2863 590 2273 1391 243 729 527 177928 177357 2964 174393 910 1940 173483 635 1024 265 224 129 495 470 688 482 567 648
cat_boundaries=0 1 2 3 4
cat_threshold=94 672 15872 47173
is_linear=0
shrinkage=0.05


Tree=219
num_leaves=31
num_cat=1
split_feature=12 14 23 3 11 21 15 15 23 17 11 23 16 16 18 14 16 15 18 3 8 13 11 0 23 17 10 19 11 19
split_gain=2.63333 2.66512 3.78958 3.5509 2.53498 2.36102 3.88156 2.6112 3.18937 3.47664 2.74291 2.28587 4.66793 3.86571 2.24074 2.21029 3.61781 4.50763 4.54196 2.92689 2.11031 2.03894 5.82976 4.72465 5.49906 3.63414 3.42173 6.05253 4.22924 4.13093
threshold=9.2154150374028525 8.993532301340311 2.8340906805084596 3.5000000000000004 8.8272695731952897 7.5183356990241661 7.7256728606267124 7.6223874600010744 7.6329763306705463 7.4723489953799218 6.8367960459813295 0.35216667429625431 0.058173627980728608 0.04401058572824073 0.3181150072074056 7.3437453586499073 0.077561624732735659 6.5819465553196226 0.16355344055694493 3.5000000000000004 5.5000000000000009 6.0969494222992333 6.2116030863880871 0 6.0836323570319877 6.1465386788760581 6.2176031103882972 7.1243820556466089 5.992712987207276 6.4636143409000981
decision_type=10 10 10 2 10 10 10 10 10 10 8 8 10 10 10 10 10 10 10 2 2 8 10 1 10 8 8 8 8 10
left_child=1 5 4 20 14 11 7 8 10 15 -7 12 13 -1 -3 16 19 -18 -19 -10 -4 22 23 24 25 -13 27 -23 29 -28
right_child=-2 2 3 -5 -6 6 -8 -9 9 -11 -12 21 -14 -15 -16 -17 17 18 -20 -21 -22 26 -24 -25 -26 -27 28 -29 -30 -31
leaf_value=0.00051067346016111517 0.0057997701194571153 0.006200296233943004 -0.0046669900880254465 -0.0083900363190983814 0.0049698772496348026 -0.0012649840836512995 -0.0020524101982561716 0.0021495541718194789 0.0033329350516439595 -0.0018519250586737535 -0.00035220534106608083 0.00020300775104054036 0.0016665239177328763 -0.0015650681775693622 -0.0090218165234656322 0.0032086155043010048 0.0017610626387975616 -0.0033937010931053948 0.0014129533730750767 0.00036942069180760932 0.0002724437327310092 -0.00024959782392417477 0.0016226639963841329 0.00048018140103032184 -0.011245046895700451 -0.0024648765899167868 -0.0072570505624235393 -0.016513773901620076 6.176706791327647e-06 0.0045241385315298198
leaf_weight=65 59 27 27 61 35 136 108 30 43 48 840 356 358 41 27 46 37 58 35 30 70 4035 468 763 74 122 106 65 175565 44
leaf_count=65 59 27 27 61 35 136 108 30 43 48 840 356 358 41 27 46 37 58 35 30 70 4035 468 763 74 122 106 65 175565 44
internal_value=3.16957e-05 2.83039e-05 -0.00516194 -0.00981013 0.00308989 3.52913e-05 -0.00200213 -0.00124712 -0.00159073 0.00294613 -0.00297131 5.10815e-05 0.00355603 -0.00566038 -0.0037037 0.00532129 0.00307882 -0.00192308 -0.0077957 0.0119863 -0.00386598 4.2126e-05 0.00172462 1.90114e-05 -0.00346975 -0.00156904 2.54428e-05 -0.00140244 5.87599e-05 -0.00833333
internal_weight=183779 183720 247 158 89 183473 1411 1303 1273 297 976 182062 464 106 54 249 203 130 93 73 97 181598 1783 1315 552 478 179815 4100 175715 150
internal_count=183779 183720 247 158 89 183473 1411 1303 1273 297 976 182062 464 106 54 249 203 130 93 73 97 181598 1783 1315 552 478 179815 4100 175715 150
cat_boundaries=0 1
cat_threshold=4832
is_linear=0
shrinkage=0.05


Tree=220
num_leaves=31
num_cat=3
split_feature=5 9 17 19 17 17 0 18 0 23 10 18 18 6 18 0 17 7 3 18 23 3 18 23 23 10 17 10 14 23
split_gain=2.18235 8.44878 5.02651 6.45578 4.83845 5.77157 8.93441 4.92665 4.75214 6.82607 5.18459 5.15765 5.06888 4.44595 4.98191 4.43167 4.3649 4.27594 3.95305 3.90238 5.21453 3.81272 3.70478 3.74807 4.67502 4.19603 5.9832 4.08999 4.22996 3.98028
threshold=1.0000000180025095e-35 1.0000000180025095e-35 7.0367338286196341 7.0744256574025153 7.6434728596362591 7.7083054730005491 0 0.14821698440596834 1 2.4250970790912172 6.8040598888354813 0.043990051949273697 0.10889428751093554 1.0000000180025095e-35 0.14712415777596533 2 6.1102516108581968 2.5000000000000004 4.5000000000000009 0.033682083434523856 7.2377072833237177 1.0000000180025095e-35 0.038049498278809248 7.1103621115271585 5.363594540140876 7.5248301129598225 6.9682332758958525 7.1320980310634789 6.4523117665326337 5.324640855120415
decision_type=2 2 10 10 10 10 1 10 1 10 8 10 10 2 8 1 10 10 2 10 10 2 10 8 10 10 10 10 8 10
left_child=-1 4 21 -4 8 6 -6 -8 9 12 -11 -12 18 14 19 -16 -13 -7 -2 20 -10 -3 -21 24 27 26 -26 28 -24 -30
right_child=1 2 3 -5 5 17 7 -9 13 10 11 16 -14 -15 15 -17 -18 -19 -20 22 -22 -23 23 -25 25 -27 -28 -29 29 -31
leaf_value=-3.3774650962214994e-06 -0.0038532257120801106 0.001303159604063664 -0.0011998300783456319 0.0010305441440913389 -0.0021610135609956504 -0.00026809636485554124 -0.00090188436824136799 0.0042090662130628512 0.00023827052835654339 -0.0018949348569714754 -0.00014341802870179165 -0.012385382528222211 -0.0003461051435874163 -0.00012148880642213201 0.0015021568618519999 0.00025578304345608149 0.00089338637058080652 0.0027014070546002912 -0.00065310859649390105 -0.00039778070625957619 -0.0011731267813886782 0.00044301851418060423 -0.00067699898566933039 -0.00035937043805773784 1.4404295177894434e-05 -0.00035874450564628014 0.0010042424111684767 -0.00038624298533935787 0.00035545843039450634 -0.002331529736117788
leaf_weight=161744 210 303 112 110 249 2613 104 68 618 248 76 26 362 3123 2028 1924 556 162 97 207 21 1569 274 1613 592 72 785 1345 2690 48
leaf_count=161744 210 303 112 110 249 2613 104 68 618 248 76 26 362 3123 2028 1924 556 162 97 207 21 1569 274 1613 592 72 785 1345 2690 48
internal_value=2.26965e-05 0.000487503 0.00351003 -0.0036036 0.000172791 -0.00161139 -0.00706651 0.00192308 0.000509902 -0.00209779 0.000717439 0.00303951 -0.0059417 0.000778502 0.00120938 0.00266953 0.00463918 -0.000783784 -0.0106678 0.000511192 0.00426448 0.00435363 0.000196696 0.000380779 0.000973131 0.0034334 0.00404866 0.000154923 0.00117862 0.00177137
internal_weight=183949 22205 2094 222 20111 3196 421 172 16915 1575 906 658 669 15340 12217 3952 582 2775 307 8265 639 1872 7626 7419 5806 1449 1377 4357 3012 2738
internal_count=183949 22205 2094 222 20111 3196 421 172 16915 1575 906 658 669 15340 12217 3952 582 2775 307 8265 639 1872 7626 7419 5806 1449 1377 4357 3012 2738
cat_boundaries=0 1 2 3
cat_threshold=697 11776 32931
is_linear=0
shrinkage=0.05


Tree=221
num_leaves=31
num_cat=2
split_feature=13 11 13 21 16 18 19 22 12 20 0 19 13 7 15 18 19 11 1 10 16 15 19 16 18 12 17 10 12 21
split_gain=2.45366 5.55695 2.78911 3.01176 5.15211 3.31034 2.51753 3.00012 2.73674 2.37916 9.53959 6.08793 5.62083 4.94895 4.73256 4.8223 4.93835 4.61062 5.03883 4.30235 5.8481 5.6453 4.1113 3.91854 5.48086 4.39176 3.83475 16.5417 9.07799 6.94186
threshold=5.5729269024244674 5.5729269024244674 5.992712987207276 3.2600159261750652 0.048162296130938358 0.057983039061419717 6.0173691477424764 2.8931418480839728 5.9952067579627961 0.16641186148500123 0 8.3531820737346596 8.5784724389052851 368.50000000000006 6.4309616742704323 0.14600401670408572 6.1305491618457619 6.9971387355792336 1 6.2567088148180039 0.0087760965597175316 6.216661124246083 7.1991199552537157 0.11506043413769938 0.056222662982527184 6.1824291408094032 7.2874735882524302 7.675080887828444 7.0904933289280381 6.692703705388289
decision_type=8 10 8 8 10 10 10 8 8 8 1 8 8 8 10 8 10 10 1 8 10 10 10 10 10 8 10 10 10 10
left_child=1 -1 3 -2 5 -5 8 -8 -6 19 11 14 -13 26 15 16 -11 18 -14 20 -4 23 -18 24 25 -22 27 28 -12 -30
right_child=2 -3 9 4 6 -7 7 -9 -10 10 13 12 17 -15 -16 -17 22 -19 -20 -21 21 -23 -24 -25 -26 -27 -28 -29 29 -31
leaf_value=-0.012848737624731977 -0.00045680850183127397 0.0032163559471290793 -0.00068374441283878271 0.0017264638892968698 0.0048943980585641096 -0.0013173455761478214 -0.0053917478015387934 0.0027023317375546086 -0.0016237998415531642 0.0021762089275611852 -2.3210262148132266e-05 -0.0065656004948482227 0.0032880971133116832 0.015637901707217794 -0.00041109394774103692 0.00070643604234779114 -0.0017019565970489037 0.0017761242296389314 -0.0090140086331663479 1.5036270491575188e-05 0.0006633383543414251 -0.00079807388662853649 0.0020011276221819862 0.0017044364064452201 -0.00038655284614212975 -9.0448107650709106e-05 -0.0001133688135523725 0.0070205213561886698 0.00061308852576722481 0.0021455494793090057
leaf_weight=82 128 43 140 29 40 58 20 154 48 62 20356 104 62 20 15354 2008 501 155 457 113848 323 882 57 252 872 244 21910 356 5231 201
leaf_count=82 128 43 140 29 40 58 20 154 48 62 20356 104 62 20 15354 2008 501 155 457 113848 323 882 57 252 872 244 21910 356 5231 201
internal_value=2.85331e-06 -0.007 7.61399e-06 0.003826 0.00623209 -0.00431034 0.00973282 0.0132184 0.00284091 -2.3174e-06 -0.000240147 -0.00119606 -0.00552699 0.0001331 -0.00100934 0.000951294 -0.00290323 -0.00385757 -0.00611753 0.00013405 -0.00183376 -0.00129227 -0.00439068 0.000399172 -0.000608061 0.00321869 0.000122779 0.000531671 0.000383899 0.00219993
internal_weight=183997 125 183872 477 349 87 262 174 88 183395 66834 18760 778 48074 17982 2628 620 674 519 116561 2713 2573 558 1691 1439 567 48054 26144 25788 5432
internal_count=183997 125 183872 477 349 87 262 174 88 183395 66834 18760 778 48074 17982 2628 620 674 519 116561 2713 2573 558 1691 1439 567 48054 26144 25788 5432
cat_boundaries=0 1 2
cat_threshold=10265 4
is_linear=0
shrinkage=0.05


Tree=222
num_leaves=31
num_cat=0
split_feature=3 13 7 3 16 23 23 20 13 4 23 16 17 4 21 19 17 11 20 13 22 23 20 22 19 21 19 4 22 4
split_gain=2.57822 5.23093 5.07016 3.22328 5.44912 3.67441 4.80907 4.10382 3.64176 3.76442 4.66372 3.61305 5.3283 8.65787 9.2565 5.81167 8.23768 6.56686 8.69927 5.28875 5.28362 4.2859 4.11743 3.95179 3.92744 3.88685 4.48375 4.28301 6.84029 4.31837
threshold=1.5000000000000002 8.9587921779349138 73.500000000000014 5.5000000000000009 0.11307770617930123 1.3168678644487994 6.8405030593180021 0.030143181522078431 7.1320980310634789 5.5000000000000009 3.7851845057439157 1.0000000180025095e-35 7.1053210892237137 10.500000000000002 3.4980204219247493 7.3086927982365149 7.2701533109239351 7.9015624361563814 0.045321223793866224 6.9579728820873044 6.8165715600589012 3.6910121464252437 0.15450872908131638 3.5248877695012832 7.9227007889779211 0.71754226264466137 7.5626114678821343 7.5000000000000009 1.1150072000796054 6.5000000000000009
decision_type=2 10 10 2 8 10 10 10 8 2 8 8 10 2 8 10 10 8 10 8 8 8 10 10 10 10 10 2 8 2
left_child=1 2 -1 11 5 7 -7 -5 9 10 -6 12 19 15 -15 16 -14 25 -19 20 22 -21 -2 24 -20 26 27 29 -29 -17
right_child=3 -3 -4 4 8 6 -8 -9 -10 -11 -12 -13 13 14 -16 17 -18 18 23 21 -22 -23 -24 -25 -26 -27 -28 28 -30 -31
leaf_value=3.4338830873270612e-05 -3.5928475235680323e-05 0.005138810216178325 -0.013960368372170429 -2.8974349273291899e-05 0.001253395585000372 0.00012026652493979384 -0.00056265026249895382 -0.00013183385151029902 0.00018013455659067202 0.001219274232703982 -0.00041749377551887347 -6.0110526542622727e-05 -3.0932211528300614e-05 2.6124071335331681e-05 4.0707706586040617e-06 -3.0414079266627427e-06 -0.00036871293539428865 -0.00018428454655721184 -1.1869522383589626e-05 0.00034159286109631816 0.00032196776500503788 0.00020421023598218293 0.00010272111024085541 0.00052119501102878554 -0.0029587861670377306 1.379206845770753e-05 0.00038805762264990665 3.1588632804613328e-06 -5.7768444594152875e-06 -6.0003592655899501e-06
leaf_weight=52732 336 93 82 170 880 6099 927 6807 8470 1754 932 101800 187 118 177 140 133 114 106 152 181 380 177 99 50 335 75 29 37 56
leaf_count=52732 336 93 82 170 880 6099 927 6807 8470 1754 932 101800 187 118 177 140 133 114 106 152 181 380 177 99 50 335 75 29 37 56
internal_value=-4.54724e-05 0.000249022 0.000228159 -0.000164664 0.000333154 -0.000337428 0.000469684 -0.00115021 0.00111333 0.00245373 0.000855408 -0.000288493 0.00145732 -0.000392512 0.00737288 -0.00207568 -0.00796875 -0.000264169 -0.00562331 0.00395595 0.00108069 0.00770677 -0.00151072 -0.000490196 -0.00544872 0.00267857 -0.00111276 -0.00419847 0.00681818 -0.00790816
internal_weight=183628 52907 52814 130721 26039 14003 7026 6977 12036 3566 1812 104682 2882 1656 295 1361 320 1041 369 1226 694 532 513 255 156 672 337 262 66 196
internal_count=183628 52907 52814 130721 26039 14003 7026 6977 12036 3566 1812 104682 2882 1656 295 1361 320 1041 369 1226 694 532 513 255 156 672 337 262 66 196
is_linear=0
shrinkage=0.05


Tree=223
num_leaves=31
num_cat=0
split_feature=15 10 10 17 17 19 21 11 15 10 11 22 21 15 21 16 11 11 10 10 15 15 18 17 19 19 10 22 20 13
split_gain=2.50399 17.1312 13.5156 12.2232 11.197 9.98228 7.5553 6.51732 6.17296 10.2193 7.80368 8.16312 7.49988 7.13696 12.6504 10.3627 9.89162 9.73548 8.96194 8.2749 8.82098 10.4049 7.83077 6.79659 8.62547 8.31434 7.76764 8.08847 7.47426 6.94104
threshold=8.1298163614287429 7.9915908515222656 8.2573848150395737 8.5337749101913492 8.3877880361832258 8.2362778391612128 4.5114086553913824 9.110615268917222 7.8850943611837252 7.8073020336262013 7.8845747386333587 7.562421438973769 1.2946333325561217 7.6917217173580212 5.384724367998337 0.039541630342059035 7.6513571967694611 7.7202392267623416 7.764718292812792 7.577377095608937 7.4880225585237339 7.4372423182002629 0.11603700860635618 7.2934100465559233 7.3135575868412381 7.4724791136251172 7.2817282408204109 3.435597511835168 0.067316371266143385 8.1622300485615504
decision_type=10 10 8 8 10 10 10 8 10 10 8 8 10 10 10 10 10 8 8 10 10 10 8 8 8 10 8 8 10 10
left_child=1 4 -2 6 8 7 -3 -4 9 13 -10 12 -12 16 17 -16 19 -15 22 20 21 23 -18 25 26 -1 27 -25 -28 -26
right_child=2 3 5 -5 -6 -7 -8 -9 10 -11 11 -13 -14 14 15 -17 18 -19 -20 -21 -22 -23 -24 24 29 -27 28 -29 -30 -31
leaf_value=1.5654502081341447e-05 -0.00084804421758204467 0.00035846158077248449 0.00033314850685179921 0.010454470787019289 0.0048771499839116664 -0.0003031766255464863 0.0013817058483874157 0.0025500412171219015 -0.0014250045092975895 0.00059654768396395503 0.0011718428347621491 -0.00049245739650509717 -0.00035850914922974653 -0.00085228053154597918 0.00012531942662319384 -0.0022889082222579574 0.00098517057030051976 0.00012801782206932623 0.0025160825308112146 0.00033977531107307616 -0.00031641091212830652 0.00041855046965366682 -0.00060617452843305666 0.00154137530820615 -1.2596217011706657e-05 -0.0026482286777142153 -0.00059606355168508875 -0.00056418073674879832 -0.00052438286160696459 0.0047808394832486558
leaf_weight=111301 2170 3183 1814 164 252 2992 1317 510 1004 3929 1208 1563 929 1529 248 637 557 3493 1399 5354 6959 3854 1298 322 19195 499 1170 738 4033 138
leaf_count=111301 2170 3183 1814 164 252 2992 1317 510 1004 3929 1208 1563 929 1529 248 637 557 3493 1399 5354 6959 3854 1298 322 19195 499 1170 738 4033 138
internal_value=2.73456e-05 6.53815e-05 -0.000868287 0.00305532 -1.58791e-05 0.00048909 0.00256667 0.0029475 -3.13673e-05 1.90516e-05 -0.0018176 -0.000756757 0.00125175 -4.17885e-05 -0.00174793 -0.00725989 2.24784e-05 -0.000776583 0.00275046 -3.53275e-05 -0.000105088 -1.9469e-05 0.000471698 -9.13418e-05 -0.000826301 7.69231e-05 -0.00243893 0.00146226 -0.00323371 -0.000303885
internal_weight=183759 176273 7486 4664 171609 5316 4500 2324 171357 166653 4704 3700 2137 162724 5907 885 156817 5022 3254 153563 148209 141250 1855 137396 25596 111800 6263 1060 5203 19333
internal_count=183759 176273 7486 4664 171609 5316 4500 2324 171357 166653 4704 3700 2137 162724 5907 885 156817 5022 3254 153563 148209 141250 1855 137396 25596 111800 6263 1060 5203 19333
is_linear=0
shrinkage=0.05


Tree=224
num_leaves=31
num_cat=6
split_feature=7 0 3 4 4 4 1 20 0 17 1 13 0 15 23 12 11 1 18 4 8 4 14 23 4 14 20 18 17 17
split_gain=2.46569 8.15024 5.09821 6.6245 4.27667 4.00366 2.48746 2.25461 7.6124 6.11413 6.20187 6.56857 6.03457 7.12343 8.81817 7.36057 7.22496 6.06645 7.31901 5.74099 6.7238 6.408 5.7013 5.65237 5.32453 5.62255 6.23134 4.83334 7.38573 5.29999
threshold=24.500000000000004 0 3.5000000000000004 8.5000000000000018 1.5000000000000002 1.5000000000000002 1 0.14705272623878582 2 8.4500833425192443 3 7.9199014799889058 4 7.5824837342403084 6.9122591015999744 8.1354867319456314 8.0562679118615215 5 0.0097234701318512032 4.5000000000000009 4.5000000000000009 3.5000000000000004 7.2089702972815557 0.55226828603482558 7.5000000000000009 7.3437453586499073 0.045321223793866224 0.16862294389462371 7.6014051336195001 6.4504655433615694
decision_type=8 1 2 2 2 2 1 8 1 10 1 10 1 10 10 10 8 1 8 2 2 2 8 8 2 10 10 10 10 10
left_child=7 2 4 6 -2 -3 -4 8 9 10 -1 24 17 15 -15 -14 -16 23 -19 20 21 -20 -21 -9 25 26 -12 28 -25 -29
right_child=1 5 3 -5 -6 -7 -8 12 -10 -11 11 -13 13 14 16 -17 -18 18 19 22 -22 -23 -24 27 -26 -27 -28 29 -30 -31
leaf_value=-0.00058747112150618901 0.026980692822242205 0.015166687893104269 -0.02279373810360066 0.010560515933026827 -0.014242818052060492 0.0068901161371566211 0.019402579623753004 -0.0028408908077838025 3.0736139398612748e-05 0.0056634786887006074 0.00066820736191783867 -0.0024937807392385381 0.0001335654073955528 -0.00016634617503985538 -0.0022410480302486493 0.0050008308971123405 -0.00027947269166563873 0.0026783822046438036 -0.00098920520991077079 0.00028766999192626487 -0.00025121896174806757 -0.0038978200075255212 -0.00023035391343975144 -0.00010492003938771255 -0.00027576118737813185 0.00059292199357570137 8.9936453520067516e-06 0.014119841852245553 -0.002280217034056209 -0.002099605670395932
leaf_weight=3263 29 57 33 57 168 380 25 37 95076 67 182 116 35932 11954 257 178 320 39 1464 7409 6906 365 11605 1803 1897 208 2899 20 119 966
leaf_count=3263 29 57 33 57 168 380 25 37 95076 67 182 116 35932 11954 257 178 320 39 1464 7409 6906 365 11605 1803 1897 208 2899 20 119 966
internal_value=4.09343e-05 0.00290387 -0.00326087 0.005 -0.00824873 0.00721477 -0.00689655 2.92219e-05 0.000182725 -0.00123814 -0.00135727 -0.000301773 -0.000171341 0.000175228 -0.000851887 0.000531709 -0.00688908 -0.000719676 -0.000491219 -0.00052164 -0.00158271 -0.00427829 -3.41853e-05 -0.00287776 -3.85654e-05 0.00117817 0.000641026 -0.00263067 -0.00117066 -0.00547667
internal_weight=183831 749 312 115 197 437 58 183082 103708 8632 8565 5302 79374 48641 12531 36110 577 30733 27788 27749 8735 1829 19014 2945 5186 3289 3081 2908 1922 986
internal_count=183831 749 312 115 197 437 58 183082 103708 8632 8565 5302 79374 48641 12531 36110 577 30733 27788 27749 8735 1829 19014 2945 5186 3289 3081 2908 1922 986
cat_boundaries=0 1 2 3 4 5 6
cat_threshold=11472 1 704 1 14393 4
is_linear=0
shrinkage=0.05


Tree=225
num_leaves=31
num_cat=3
split_feature=3 23 0 4 19 0 13 9 20 21 13 15 14 17 10 17 19 10 16 10 15 22 0 16 23 15 10 13 23 15
split_gain=2.75381 6.31051 5.88417 6.07673 6.05259 5.80753 5.99686 7.58222 8.83274 6.03444 8.60219 6.47273 6.97752 5.90413 5.50324 10.9488 8.76518 7.14995 6.37274 6.0873 5.30803 5.73833 6.17494 5.5326 4.99916 4.99903 4.8894 6.8954 5.14652 5.59215
threshold=2.5000000000000004 1.1640211143662544 0 7.5000000000000009 6.5487968410250446 1 6.9758809989518511 1.0000000180025095e-35 0.052736481745843312 3.1376634167284494 8.1622300485615504 7.0181046990406921 7.2789734129149251 8.1987510027762145 6.6483364617940532 6.7910581856836627 8.4829332955706498 8.1622300485615504 1.0000000180025095e-35 6.8580395486683789 6.7952368969855597 7.0909930790945799 2 0.082259382052440183 4.0866769947958916 6.7833388397633003 7.5503982927968831 8.0075332078766461 0.69331376394879285 7.6223874600010744
decision_type=2 8 1 2 10 1 10 2 10 10 10 8 8 10 10 10 10 10 8 10 8 10 1 10 8 8 10 10 8 8
left_child=1 -1 3 4 -3 -2 14 9 -9 11 -11 24 -13 26 16 17 -7 18 -16 20 21 22 23 -17 -8 -6 -14 28 -28 -30
right_child=5 2 -4 -5 25 6 7 8 -10 10 -12 12 13 -15 15 19 -18 -19 -20 -21 -22 -23 -24 -25 -26 -27 27 -29 29 -31
leaf_value=0.00015860186044518444 -0.00015780955134649945 -0.004973493983092059 2.3881989257157345e-05 0.00045776866756592761 0.0024578994540532364 -2.8306138007483384e-05 -9.2633076449466505e-07 0.00077282682065007437 -0.00084672379841728158 -8.1073119379038164e-05 -0.0011323987353371479 0.00066363965937739084 -2.213471049996585e-05 0.0010087098086816405 0.00056027188284581977 5.3783918496264076e-05 0.0080576885580112122 0.014674729176053015 0.00049707129141729478 8.1017909340852523e-05 -0.00055918792672335902 0.0017465825117525481 0.0014310769064048491 -0.0026244091746896684 -0.0016967680634830007 -0.0012532223505959284 -0.000650876343099105 -0.00067459027324714429 0.0015392591880565743 0.00030738131690029037
leaf_weight=12371 31570 346 63975 1252 202 21313 585 196 900 14619 1207 3102 7827 991 119 172 104 42 4302 11571 1702 55 212 80 516 1588 77 431 464 1801
leaf_count=12371 31570 346 63975 1252 202 21313 585 196 900 14619 1207 3102 7827 991 119 172 104 42 4302 11571 1702 55 212 80 516 1588 77 431 464 1801
internal_value=-4.08292e-06 0.000216971 2.63498e-05 -0.00200118 -0.00362828 -0.000173628 7.32064e-05 -0.000427925 -0.00451642 -0.000286211 -0.000976242 0.000405217 0.000682298 0.000118627 0.000486489 0.00112435 -5.71976e-05 0.00327694 0.00308188 0.000427784 -0.00196983 0.00245665 0.000646552 -0.00458015 -0.00329246 -0.0024581 -0.000226415 0.00157771 0.00264731 0.00307947
internal_weight=183692 79734 67363 3388 2136 103958 72388 32716 1096 31620 15826 15794 14693 11591 39672 18255 21417 4463 4421 13792 2221 519 464 252 1101 1790 10600 2773 2342 2265
internal_count=183692 79734 67363 3388 2136 103958 72388 32716 1096 31620 15826 15794 14693 11591 39672 18255 21417 4463 4421 13792 2221 519 464 252 1101 1790 10600 2773 2342 2265
cat_boundaries=0 1 2 3
cat_threshold=320 8218 17921
is_linear=0
shrinkage=0.05


Tree=226
num_leaves=31
num_cat=4
split_feature=18 23 0 21 4 3 11 10 23 10 10 20 3 10 11 0 11 13 10 4 23 19 23 20 1 1 23 22 12 19
split_gain=2.12362 5.63052 6.82479 5.09743 7.56309 6.49925 5.0385 8.27404 6.89144 5.60929 3.98559 3.74715 4.27665 3.70262 3.68459 3.5336 3.52077 3.15531 3.11239 3.04627 3.08295 3.73126 2.94846 3.11185 3.80916 2.93652 2.83078 4.64531 5.85239 4.64345
threshold=0.016699584755952179 7.008078582606176 0 0.71754226264466137 7.5000000000000009 2.5000000000000004 7.4682278018910955 7.2452983069657719 1.4967604349326693 7.4682278018910955 6.9072550288153467 0.16316474563096944 3.5000000000000004 7.4103463658656468 7.7465022115569893 1 7.0488206249888608 7.5503982927968831 6.8580395486683789 8.5000000000000018 6.3340567951102527 7.0360224282238573 4.6328087806402438 0.10199566465453054 2 3 1.0651148533437413 0.71754226264466137 8.5022697001354874 6.4041007376710279
decision_type=8 10 1 8 2 2 8 8 8 10 10 10 2 10 8 1 8 10 8 2 8 10 10 10 1 1 8 10 10 10
left_child=1 2 11 4 -4 -6 7 10 9 -8 25 12 18 15 17 -9 -3 -10 -1 20 -17 -22 23 -16 -25 -5 27 -2 29 -29
right_child=26 16 3 6 5 -7 8 13 14 -11 -12 -13 -14 -15 22 19 -18 -19 -20 -21 21 -23 -24 24 -26 -27 -28 28 -30 -31
leaf_value=0.00011999148530619231 4.2255860000839366e-06 -8.2030222894857735e-05 -1.249747654434863e-05 0.00048931154003495347 -8.3696215757766982e-06 3.0229226655853483e-06 -0.00031806754674608141 -5.4369559508216092e-05 -0.00015302920555728685 2.3400452933497463e-05 -4.2337095563804718e-05 -0.0021882727358417233 -8.0438403903482222e-06 0.00090343240897563517 -0.00011049419578585963 3.4737845031873607e-05 0.00028816604694594796 -0.00029770061440856924 -0.00022350517289000394 2.1973488312010402e-06 0.00038181324557826638 -0.00024838896390453339 9.8212777461470502e-05 0.0017953859610718493 0.00015402869197433944 -0.000258378393816594 -1.6450344299423492e-05 -0.00067216899052362504 -0.0047489071695371978 0.00029899487300957264
leaf_weight=33 17981 51 218 20 58 80 74 106 74 21 164 58 290 36 509 181 145 33 416 179 50 35 54 55 243 27 155290 91 31 7273
leaf_count=33 17981 51 218 20 58 80 74 106 74 21 164 58 290 36 509 181 145 33 416 179 50 35 54 55 243 27 155290 91 31 7273
internal_value=-4.9218e-05 -0.00132399 -0.001858 -0.000415357 -0.00589888 0.00326087 0.000631381 0.00363409 -0.00162277 -0.0144737 -0.00485782 -0.00579306 -0.00490528 0.00668654 -0.00036157 0.00567151 0.00688776 -0.00911215 -0.00796214 0.00752747 0.0110902 0.00323529 0.0007259 -3.09789e-05 0.00402685 0.00797872 -2.65684e-05 0.000463036 0.00151792 0.00160918
internal_weight=183876 3210 3014 2217 356 138 1861 798 1063 95 211 797 739 587 968 551 196 107 449 445 266 85 861 807 298 47 180666 25376 7395 7364
internal_count=183876 3210 3014 2217 356 138 1861 798 1063 95 211 797 739 587 968 551 196 107 449 445 266 85 861 807 298 47 180666 25376 7395 7364
cat_boundaries=0 1 2 3 4
cat_threshold=17489 288 4 1
is_linear=0
shrinkage=0.05


Tree=227
num_leaves=31
num_cat=1
split_feature=21 16 22 11 13 23 10 17 10 15 16 21 4 14 12 11 23 22 16 17 22 16 17 10 12 10 15 23 0 11
split_gain=2.4716 2.87041 3.38535 4.00058 3.86494 2.79955 2.76952 2.71506 2.95611 2.50011 2.40209 2.29301 3.31159 3.7532 2.52088 3.1221 4.00807 3.27181 3.17656 2.3618 2.32975 2.23671 2.19061 21.7068 12.0624 13.2799 10.8876 9.02255 9.65314 8.37724
threshold=7.3448805267814654 0.0087760965597175316 7.1709269090109684 8.370078286999183 6.8007265513869113 7.2377072833237177 7.8452197668196186 7.6213986237138007 7.4040633484516265 7.4880225585237339 0.052942275547020468 7.5183356990241661 6.5000000000000009 7.6016521472294505 6.5854815236201967 7.9386235179612585 7.3486884620199531 7.4852109456602092 0.080516574931319806 7.465584369735482 7.4601737665058971 0.028847211665926225 7.2761927279091099 7.4974835395764439 7.2789734129149251 7.3128864978553141 7.3328161293372141 5.6914034743529536 0 7.1312986703816295
decision_type=10 10 8 8 10 10 10 10 10 10 10 10 2 8 10 8 10 8 10 10 8 10 10 10 10 8 8 8 1 10
left_child=22 -2 3 -3 5 10 7 8 -6 -10 -5 14 21 19 -4 16 18 -18 20 -14 -16 -13 23 24 -1 -26 29 28 -25 -24
right_child=1 2 11 4 6 -7 -8 -9 9 -11 -12 12 13 -15 15 -17 17 -19 -20 -21 -22 -23 26 27 25 -27 -28 -29 -30 -31
leaf_value=-5.6472904500726178e-06 -0.00049339258639888859 -0.0014053757082862052 0.00096322177867664844 0.0010378038547935286 -0.0006196016554593565 0.0018253330371067467 0.00051432649387921363 -0.0029071420354636504 0.0018871721792051322 -0.0013809021415590373 -0.00050601902372333647 -0.0021039338575559174 0.0023395949452609702 -0.00069787871650754956 -0.0013105671565479373 0.00053520591924398624 -0.0013064500452417693 0.0013749785524219016 -0.0032082773677165836 -0.0018665218120728078 0.00013670738510516146 -0.00060457597812100259 -0.00050809035447216819 0.0049334122146850847 -0.00022088240132633885 0.0010683227880180725 5.8385602834665207e-06 0.006021213420217309 -0.002620843291500208 -8.5982810209994664e-06
leaf_weight=108687 214 302 312 38 392 45 65 35 48 47 81 23 115 95 24 228 51 82 69 25 93 668 2509 354 2228 3073 57030 554 257 6023
leaf_count=108687 214 302 312 38 392 45 65 35 48 47 81 23 115 95 24 228 51 82 69 25 93 668 2509 354 2228 3073 57030 554 257 6023
internal_value=-1.42844e-05 -0.00142529 -0.00100423 -0.00325261 -0.00129827 0.0054878 -0.00319421 -0.00440613 -0.00343943 0.00447368 0.00147059 0.000322129 -0.00140389 0.0037234 0.00218277 0.000137112 -0.00305643 0.00357143 -0.0077957 0.00892857 -0.00277778 -0.00314761 9.54542e-06 0.000140899 7.14988e-05 0.00240049 -0.000221165 0.00693133 0.00274141 -0.00188701
internal_weight=183767 3052 2838 1053 751 164 587 522 487 95 119 1785 926 235 859 547 319 133 186 140 117 691 180715 115153 113988 5301 65562 1165 611 8532
internal_count=183767 3052 2838 1053 751 164 587 522 487 95 119 1785 926 235 859 547 319 133 186 140 117 691 180715 115153 113988 5301 65562 1165 611 8532
cat_boundaries=0 1
cat_threshold=16427
is_linear=0
shrinkage=0.05


Tree=228
num_leaves=31
num_cat=2
split_feature=13 15 10 10 17 17 15 19 0 4 12 11 19 7 4 10 15 21 17 10 14 15 11 0 15 7 12 10 21 11
split_gain=2.22088 13.6842 10.77 7.56389 11.339 8.63437 6.5933 6.57516 5.19391 4.51453 4.10939 3.87355 4.19774 10.13 6.79054 3.80603 8.98703 6.63571 5.95726 5.43651 5.20045 4.93972 4.77737 7.02219 5.47366 14.988 9.86259 7.42973 6.71685 4.67861
threshold=8.2177074967233796 8.2688770321312468 7.9915908515222656 8.1896606337060707 7.2819564478174916 8.2948384325981515 8.7983821770676496 8.308337593441129 0 1.5000000000000002 8.4131645053506663 8.4796941365426743 8.2027777531673554 3.5000000000000004 11.500000000000002 7.9015624361563814 8.1298163614287429 4.5114086553913824 7.8701049846293687 8.1027375051170818 8.2170333696157325 8.0794589554913046 8.0874863237131702 1 7.8850943611837252 1.5000000000000002 8.0562679118615215 7.8073020336262013 3.9328050649669928 7.7846807463779397
decision_type=10 8 10 10 10 10 8 10 1 2 10 10 10 10 2 10 10 10 10 10 10 10 10 1 10 10 8 10 10 10
left_child=3 -2 6 10 -5 8 7 -3 -6 -4 11 12 15 -14 -15 22 17 -17 -19 21 -18 -20 24 -24 27 28 -27 29 -26 -1
right_child=1 2 9 4 5 -7 -8 -9 -10 -11 -12 -13 13 14 -16 16 20 18 19 -21 -22 -23 23 -25 25 26 -28 -29 -30 -31
leaf_value=-1.2854337987322496e-05 -0.0013130600070687449 0.002273558264561615 -0.0062461220346901941 0.018287320848904144 0.00012735862257322596 -0.0006230679390745842 0.0054388660473862153 -0.00052526782482607002 0.0016426102632222774 -0.00015556739654609686 0.0026120481856479749 0.0049814960527906349 -0.0012905146183592731 0.004938288856527917 -0.0071841508726521626 0.00017390820007290309 -0.0010277210616418842 0.0033416416974769714 0.00039452345244388458 0.0021442485962987591 0.0014553779562515691 -0.0013012358132085122 -0.00039105358125746115 0.002903185039099121 -0.00054118507479108404 -0.00040032218655685627 0.0032365358576170069 0.00063377681088065967 -0.0016361033455374763 0.00065522234482346959
leaf_weight=159200 1428 297 50 80 621 731 302 358 1089 2330 252 138 1294 149 60 3786 579 474 766 211 72 148 400 481 1863 207 309 3113 435 2399
leaf_count=159200 1428 297 50 80 621 731 302 358 1089 2330 252 138 1294 149 60 3786 579 474 766 211 72 148 400 481 1863 207 309 3113 435 2399
internal_value=-2.06947e-05 -0.00108604 0.000666767 7.68771e-06 0.00272709 0.00212003 0.00514629 0.00232824 0.00406433 -0.00113445 -3.11905e-05 -4.03217e-05 -4.68894e-05 -0.00267798 0.00753589 -2.42199e-05 0.00120941 0.00188022 0.00458099 0.0026 -0.00433948 0.000929978 -6.84354e-05 0.00360386 -8.77476e-05 -0.00227434 0.00542636 -5.0391e-05 -0.00400348 -9.69994e-05
internal_weight=183622 4765 3337 178857 2521 2441 957 655 1710 2380 176336 176084 175946 1503 209 174443 6036 5385 1599 1125 651 914 168407 881 167526 2814 516 164712 2298 161599
internal_count=183622 4765 3337 178857 2521 2441 957 655 1710 2380 176336 176084 175946 1503 209 174443 6036 5385 1599 1125 651 914 168407 881 167526 2814 516 164712 2298 161599
cat_boundaries=0 1 2
cat_threshold=32860 33340
is_linear=0
shrinkage=0.05


Tree=229
num_leaves=31
num_cat=2
split_feature=12 21 20 11 1 15 19 22 1 23 19 22 18 17 22 12 20 13 4 12 15 19 23 18 15 21 21 23 23 6
split_gain=2.31351 2.14078 3.19624 2.31777 3.24187 3.56364 3.10618 3.2078 2.96662 2.36739 2.31296 3.40579 2.72121 3.08792 2.6092 2.64556 2.14384 2.03001 1.89876 1.8675 2.09621 2.22003 1.8665 8.96783 8.53989 8.80388 6.10773 7.32561 5.43243 8.55683
threshold=9.2154150374028525 7.489076619347121 0.43858420620735078 6.9092540304800165 0 6.6103128689890758 7.0970343766911368 7.7460195909627982 1 7.6329763306705463 7.4443603456260439 6.6713998256740101 0.17635481415863233 7.2583953715698479 7.1554353323795619 8.0075332078766461 0.063270439653229413 7.8254445331668174 3.5000000000000004 6.5532206455302013 7.1069109396444441 6.9910751954032859 5.9244963238185209 0.56898791336510268 5.9811921524785587 6.6351588094495755 5.6565160114619619 5.6914034743529536 6.3562856519958002 1.0000000180025095e-35
decision_type=10 10 10 8 1 8 10 10 1 10 10 8 10 10 8 8 8 8 2 8 8 10 10 8 10 8 10 8 10 2
left_child=1 22 3 4 5 9 16 10 -9 -3 12 -12 -8 -14 15 -13 18 -16 -5 -18 -21 -22 26 24 -24 -26 -1 -28 29 -27
right_child=-2 2 -4 6 -6 -7 7 8 -10 -11 11 14 13 -15 17 -17 19 -19 -20 20 21 -23 23 -25 25 28 27 -29 -30 -31
leaf_value=8.366650421365307e-07 0.0055229591151234386 -0.0020064852203584452 0.0017964952304424743 -0.001534865839379629 0.00017496897405950841 -0.0031854635366360684 -0.0017232223577346773 0.0043995800285827171 2.9146511943967113e-06 0.0013347931098385503 0.00175449807223238 -0.0027879619075228401 0.0045372393121031031 -0.0073887045813327392 0.00064164575239908936 0.0002567000987251156 -0.0010572397382879739 -0.00063213755475415305 6.5309997915674608e-05 0.0010022929743564114 0.0022234855858166646 -0.001110619698981319 -0.0051453112425917441 0.010058294443363281 0.00028211252861218842 0.001200806030587165 -0.001309851020841224 2.3157929227535235e-05 -2.8697746803896253e-05 -0.00010019563625993655
leaf_weight=146587 62 92 29 69 95 72 261 20 63 23 21 49 34 23 65 31 122 126 100 265 29 27 212 99 7717 753 1620 1722 22691 754
leaf_count=146587 62 92 29 69 95 72 261 20 63 23 21 49 34 23 65 31 122 126 100 265 29 27 212 99 7717 753 1620 1722 22691 754
internal_value=2.05349e-05 1.72769e-05 -0.00179455 -0.00209515 -0.00620567 -0.0100267 -0.0012069 -0.00349928 0.00572289 -0.00456522 -0.0047541 -0.0015411 -0.0077044 0.00219298 -0.00304428 -0.010625 0.00138889 0.00013089 -0.00340237 0.0032167 0.00521807 -0.00357143 3.33507e-05 0.000378576 0.000332275 0.000398715 -4.08527e-05 -0.0021544 -7.02537e-05 0.00283676
internal_weight=183833 183771 1616 1587 282 187 1305 693 83 115 610 292 318 57 271 80 612 191 169 443 321 56 182155 32226 32127 31915 149929 3342 24198 1507
internal_count=183833 183771 1616 1587 282 187 1305 693 83 115 610 292 318 57 271 80 612 191 169 443 321 56 182155 32226 32127 31915 149929 3342 24198 1507
cat_boundaries=0 1 2
cat_threshold=1 2
is_linear=0
shrinkage=0.05


Tree=230
num_leaves=31
num_cat=2
split_feature=0 23 13 15 0 18 4 19 10 17 23 11 15 18 23 18 13 10 18 17 19 20 20 23 21 17 11 8 21 19
split_gain=2.22292 6.05981 4.56501 13.4956 11.2842 6.81767 5.80978 5.74413 5.5332 9.10923 6.94627 5.9198 9.80951 5.85237 5.52454 7.44598 5.43756 6.53268 5.27259 4.74255 5.02719 4.57463 8.29915 5.01163 4.06748 4.11411 4.70744 3.97772 3.86764 3.8428
threshold=0 0.65995577320040499 6.9758809989518511 7.0897631617316828 1 0.055618145063373418 9.5000000000000018 6.9500826225710925 6.5701821913769409 6.5762645263599664 5.363594540140876 6.9092540304800165 7.0140680320882458 0.10640148932491496 5.3055104104873054 0.061299129486305642 7.1320980310634789 7.2089702972815557 0.1080506243624229 6.3319211500892898 6.2938352396225765 0.25038146827496782 0.13172725097904012 6.2803556814810788 4.1751559095550812 7.2583953715698479 7.4682278018910955 4.5000000000000009 1.1150072000796054 6.5396345827673468
decision_type=1 8 10 8 1 10 2 10 10 10 8 10 10 10 8 10 10 8 10 10 10 10 10 10 8 10 10 2 8 10
left_child=1 -1 5 4 14 21 -6 -8 11 10 -10 13 24 27 15 -4 -5 -18 -15 -20 -21 22 -3 -24 -13 -26 -27 -7 -17 -29
right_child=-2 2 3 16 6 8 7 -9 9 -11 -12 12 -14 18 -16 28 17 -19 19 20 -22 -23 23 -25 25 26 -28 29 -30 -31
leaf_value=-0.00037632879887024019 -1.7657255366687608e-05 0.00019380935570318948 0.00028367459324196709 0.00039064991994424152 -0.00067861665568349496 -9.1529133473144955e-05 1.4629343092686931e-05 -0.0029075571950575307 -0.0067545143045204988 0.00011338637030426924 0.0014963215986936618 -0.010043295641491801 -0.00037593803427353749 0.002380736883515078 -0.00041556523005545912 0.0059675893226385007 -0.00039373110780154268 1.0431447223835378e-05 0.0013354532227638051 -0.00087695876615931931 -0.00010543461203891269 0.0029050791312822399 -0.00082545266502540579 0.001473196941853816 0.0021126175740628474 -0.0019775283554819278 0.0012346298359005915 -0.00024217738587000161 1.9129958499375379e-05 -0.00085751341834718888
leaf_weight=131 119146 9887 91 2240 1029 1519 72 246 65 12189 473 21 1114 48 2476 30 2283 21310 429 45 3429 282 689 115 534 69 143 1694 899 1474
leaf_count=131 119146 9887 91 2240 1029 1519 72 246 65 12189 473 21 1114 48 2476 30 2283 21310 429 45 3429 282 689 115 534 69 143 1694 899 1474
internal_value=1.16739e-05 0.000246786 0.000268511 -0.000174403 -0.00259653 0.000665566 -0.00646647 -0.0124214 0.000180676 0.000881983 0.00724907 -0.000667839 0.001874 -0.00122135 -0.00108386 0.0020098 0.000279681 5.61607e-05 0.000196153 -6.40533e-06 -0.000618883 0.00169279 0.00152699 -0.00335821 0.00622555 0.00683646 0.000943396 -0.00241626 0.000672766 -0.00342487
internal_weight=184172 65026 64895 30676 4843 34219 1347 318 23246 12727 538 10519 1881 8638 3496 1020 25833 23593 3951 3903 3474 10973 10691 804 767 746 212 4687 929 3168
internal_count=184172 65026 64895 30676 4843 34219 1347 318 23246 12727 538 10519 1881 8638 3496 1020 25833 23593 3951 3903 3474 10973 10691 804 767 746 212 4687 929 3168
cat_boundaries=0 1 2
cat_threshold=56324 49156
is_linear=0
shrinkage=0.05


Tree=231
num_leaves=31
num_cat=2
split_feature=23 16 15 11 11 13 15 19 0 21 13 7 12 19 12 13 19 0 15 12 11 19 11 7 4 16 20 13 18 23
split_gain=3.26538 3.84718 3.2582 19.6285 10.2947 12.0479 9.94338 8.70905 7.9207 6.92168 6.23492 5.73589 9.19709 7.68264 7.59974 7.5294 8.33632 8.05813 6.77955 5.51901 5.4149 5.78669 11.8972 10.005 8.19329 8.40465 7.95027 6.84311 6.16885 5.68429
threshold=0.35216667429625431 0.055967874694570798 7.7918171560465863 7.7202392267623416 8.0075332078766461 8.1572207036699762 7.7788222384034809 8.4829332955706498 0 7.7536234544600502 8.2177074967233796 1.0000000180025095e-35 7.698933631191955 7.3974611996346527 6.6483364617940532 6.5950969868555456 7.157852538577381 1 6.6719944472892267 7.8452197668196186 6.3994261899220151 7.1441363151927701 7.1902991025390088 2.5000000000000004 11.500000000000002 0.04302218434612879 0.45796470963226049 7.2356181029372939 0.15668203823949531 0.51436162408876551
decision_type=8 8 10 10 8 8 10 10 1 8 8 10 10 10 8 10 8 1 10 8 8 10 10 10 2 10 10 8 10 10
left_child=1 -1 3 7 10 8 9 11 19 -5 -4 -2 14 -14 15 16 -13 18 -17 -6 -16 22 28 26 27 29 -23 -25 -22 -26
right_child=2 -3 4 6 5 -7 -8 -9 -10 -11 -12 12 13 -15 20 17 -18 -19 -20 -21 21 23 -24 24 25 -27 -28 -29 -30 -31
leaf_value=-0.00049604364403252885 1.2019083070091697e-05 0.0015564434120805438 -0.00024532599206215092 0.00019544292447981615 -0.00054514622489416637 -0.00018088158013256363 0.0026149633929832606 0.0055087301252956244 -8.34583109250886e-05 0.0014872485307239726 -0.00085769902756545064 -0.00021971592258993589 0.0090286179343117123 0.00079310764936786355 -0.0014262068668950967 -0.0011566807852666505 -0.02164542450787792 -0.0024236870724946959 0.0028544296967305985 0.0012048034347543536 -8.416940681359453e-05 -0.00030762213299078138 0.0018723882445825348 -0.0017173099798466929 -0.0018639302039074935 0.0020664359218132591 -0.0086474940869695656 0.00089540127011900061 0.00089336860517057475 -0.0045291777884212351
leaf_weight=90 112323 358 5337 1968 330 8001 342 181 1763 2001 1913 4108 187 904 894 242 49 739 143 2306 17480 11959 1096 377 479 104 166 3863 3942 144
leaf_count=90 112323 358 5337 1968 330 8001 342 181 1763 2001 1913 4108 187 904 894 242 49 739 143 2306 17480 11959 1096 377 479 104 166 3863 3942 144
internal_value=-2.24442e-05 0.00424107 -3.28623e-05 4.01671e-05 -0.000641221 0.000233871 0.00336929 -4.98808e-05 0.00233576 0.0026644 -0.00213793 -6.23434e-05 -0.000526922 0.00401008 -0.000635033 -0.00241905 -0.00143733 -0.00604982 -6.32911e-05 0.00406274 -0.000402429 -0.000315577 0.000210942 -0.00100924 0.000880813 -0.00402338 -0.00178351 0.0017217 -4.9015e-05 -0.0062199
internal_weight=183789 448 183341 163691 19650 12400 4311 159380 4399 3969 7250 159199 46876 1091 45785 5281 4157 1124 385 2636 40504 39610 22518 17092 4967 727 12125 4240 21422 623
internal_count=183789 448 183341 163691 19650 12400 4311 159380 4399 3969 7250 159199 46876 1091 45785 5281 4157 1124 385 2636 40504 39610 22518 17092 4967 727 12125 4240 21422 623
cat_boundaries=0 1 2
cat_threshold=19507 16846
is_linear=0
shrinkage=0.05


Tree=232
num_leaves=31
num_cat=1
split_feature=17 10 15 22 11 11 11 12 7 19 10 20 17 13 17 10 9 6 20 17 19 1 7 18 12 7 13 11 10 15
split_gain=2.5188 18.1136 13.2266 9.58737 8.88669 7.84701 7.43524 7.20605 8.3066 7.92741 6.46696 6.26228 6.9378 6.94283 5.2356 9.01669 8.96098 13.3439 8.11632 7.9617 9.72099 7.92502 7.25972 6.75186 6.70432 7.48871 7.26548 9.22758 10.9177 16.7532
threshold=7.2934100465559233 7.3482644339574383 7.3383304993538623 4.9137566122192711 8.1572207036699762 7.0762313397111702 7.111919780603535 7.2789734129149251 1.0000000180025095e-35 6.9360305412992798 8.0727781170296904 0.077151925572931906 7.9415154561939474 7.8845747386333587 7.0286585642461006 6.7917829450984977 1.0000000180025095e-35 1.0000000180025095e-35 0.041066916943848848 7.1532731859208019 7.0320284970281524 0 13.500000000000002 0.040601699666118742 6.9814702089390606 1.5000000000000002 6.8007265513869113 6.8569880235699889 6.9300057683576393 6.9087370695597974
decision_type=10 10 8 8 10 10 8 10 10 10 10 10 10 10 8 8 2 2 8 10 8 1 10 10 10 10 10 8 8 8
left_child=1 4 5 -3 7 -2 -4 14 -9 -10 -5 12 13 -8 24 -16 18 -18 22 20 23 -22 -17 -19 25 26 -1 -28 29 -29
right_child=2 3 6 10 -6 -7 11 8 9 -11 -12 -13 -14 -15 15 16 17 19 -20 -21 21 -23 -24 -25 -26 -27 27 28 -30 -31
leaf_value=9.2894838782386913e-05 -0.00053128049716568706 0.00053651792919378054 0.0034490674393207856 0.0022866907444858866 0.012580986300845788 -1.3713205270393659e-05 7.5564381808179714e-05 0.00011108998983251351 0.0068932882822527967 0.0010569686869418061 0.012681022345874694 -6.6519165300427119e-05 0.00064994998982246263 -0.00046909485656678742 -0.0033654873479110007 -0.00021894327446871922 -0.0024229509963668463 -0.0018598948933399306 -2.1969525860709994e-05 -0.0016682402134746257 0.00037940242971288288 -0.0012757003984406269 0.0029914566668639789 -0.0005134687183598885 0.00024963322604265592 -0.00041565459716712554 -0.00050240599116624374 0.00012110737618167278 0.0002123614646697636 -0.0001721615720068126
leaf_weight=40666 2022 1378 293 1731 76 5618 9228 3666 244 1587 119 45781 1108 395 616 1537 240 96 32237 269 922 119 31 341 7863 6388 6032 4120 6452 2808
leaf_count=40666 2022 1378 293 1731 76 5618 9228 3666 244 1587 119 45781 1108 395 616 1537 240 96 32237 269 922 119 31 341 7863 6388 6032 4120 6452 2808
internal_value=-1.99747e-05 0.000115863 -0.000271937 0.00381041 1.33265e-05 -0.00222513 -9.24214e-06 2.15083e-06 0.00176915 0.00451939 0.00616216 -5.04318e-05 0.00103672 0.000605321 -8.55631e-05 -0.000576796 -0.00047357 -0.00373679 -0.000281763 -0.00221809 -0.000778078 0.00184918 -0.00379464 -0.00703661 0.000155054 -8.27491e-06 0.000164786 -0.000631053 0.000100897 -0.00127742
internal_weight=183983 119538 64445 3228 116310 7640 56805 116234 5497 1831 1850 56512 10731 9623 110737 36408 35792 1987 33805 1747 1478 1041 1568 437 74329 66466 60078 19412 13380 6928
internal_count=183983 119538 64445 3228 116310 7640 56805 116234 5497 1831 1850 56512 10731 9623 110737 36408 35792 1987 33805 1747 1478 1041 1568 437 74329 66466 60078 19412 13380 6928
cat_boundaries=0 1
cat_threshold=2
is_linear=0
shrinkage=0.05


Tree=233
num_leaves=31
num_cat=4
split_feature=0 10 17 11 17 10 10 15 10 7 11 15 15 11 12 15 10 15 10 11 12 20 17 20 0 0 10 15 18 0
split_gain=2.10955 4.64982 17.9337 9.38536 9.55282 14.546 13.4561 10.0326 17.4129 15.5243 8.50771 8.43028 7.59833 11.7052 10.8142 7.46364 7.35068 14.3562 10.5671 7.22553 7.0719 6.83944 6.52322 6.33518 6.32132 6.25788 6.245 6.10468 5.8436 7.0824
threshold=0 6.7469993277013458 6.7492784809647413 6.5701821913769409 7.0242830957388298 6.9413512154243238 7.0574674595548741 6.8182136752619265 6.8580395486683789 1.5000000000000002 6.7747949886470034 6.5733446719583286 6.9302851699752326 7.0125655419730064 6.8653694264271499 6.9302851699752326 6.6483364617940532 6.5919190832475634 6.5701821913769409 6.8580395486683789 6.9426395642594496 0.21419717272464195 6.8080408711407925 0.14411045451337384 1 2 7.3142198319787717 6.6858726326791684 0.049589521499424923 3
decision_type=1 8 8 8 10 10 8 8 8 10 8 10 10 10 10 8 10 8 10 10 10 8 10 10 1 1 10 10 10 1
left_child=-1 2 16 -3 5 7 -6 9 -9 10 11 -5 14 20 19 -8 17 18 28 21 -14 24 -12 -7 -10 -11 -25 -18 29 -2
right_child=1 3 -4 4 6 23 15 8 12 25 22 -13 13 -15 -16 -17 27 -19 -20 -21 -22 -23 -24 26 -26 -27 -28 -29 -30 -31
leaf_value=-3.823460801224421e-05 0.00063850933428968306 -0.00060600363075788985 -0.0010765870377458687 0.0023540628409372657 -0.00055783554871431391 0.00052977302159140649 -0.0030495323086526141 -0.00072847226187922054 6.2470672473224909e-05 0.00046813235796907551 0.00079809793592833245 6.5497088043819929e-05 -0.00083485578520496877 0.00094769207193721181 0.00026653042723081557 1.8897804434492294e-05 0.00060508954573841318 -0.00087073116769418321 0.001156486683880864 0.00031831402145545697 -3.654538700543775e-05 0.0013594588268744268 0.00011073438173365703 6.4605080458202122e-05 -0.00094870914516702602 -0.0010912162482097588 0.0045872587090029174 -6.2584072772997598e-05 -9.9376391847094681e-05 -0.00032035461136210587
leaf_weight=64271 993 3402 3240 210 4597 4117 113 2327 1941 520 2398 2340 1478 799 2722 63992 1726 2249 638 1491 1273 1491 750 2372 1847 1118 291 997 7801 332
leaf_count=64271 993 3402 3240 210 4597 4117 113 2327 1941 520 2398 2340 1478 799 2722 63992 1726 2249 638 1491 1273 1491 750 2372 1847 1118 291 997 7801 332
internal_value=1.90387e-05 0.000143216 -0.00059802 0.00027439 0.000363847 0.00111667 4.07557e-05 0.0005098 -0.000216345 0.00203108 0.0032643 0.00111765 0.000494556 -0.00147887 0.00123262 0.000228141 0.000142508 -0.000389162 0.000440393 0.000162482 -0.00302617 -0.000705626 0.00500318 0.00314897 -0.00183474 -0.00225885 0.00124859 0.00248806 5.47885e-06 0.00307547
internal_weight=183836 119565 17976 101589 98187 29485 68702 22705 15369 7336 5698 2550 13042 3550 9492 64105 14736 12013 9764 6770 2751 5279 3148 6780 3788 1638 2663 2723 9126 1325
internal_count=183836 119565 17976 101589 98187 29485 68702 22705 15369 7336 5698 2550 13042 3550 9492 64105 14736 12013 9764 6770 2751 5279 3148 6780 3788 1638 2663 2723 9126 1325
cat_boundaries=0 1 2 3 4
cat_threshold=8538 36997 20485 19584
is_linear=0
shrinkage=0.05


Tree=234
num_leaves=31
num_cat=2
split_feature=18 23 23 0 10 19 15 11 21 3 13 17 19 19 10 22 15 8 6 11 19 20 21 8 13 15 20 0 19 18
split_gain=2.49205 5.86552 4.74017 5.85314 3.9868 3.99689 4.89688 3.87133 6.79536 3.42001 3.95924 3.5713 4.25954 3.28681 6.18687 4.55516 3.24988 3.64417 4.67334 3.58782 3.54648 3.07334 2.70303 2.49801 7.75066 6.26205 6.21606 5.47911 6.02004 8.31
threshold=0.016699584755952179 7.008078582606176 0.75109080256885963 0 6.8040598888354813 6.9007171196170853 7.009739201072601 7.1674235306143332 0.55920745798214477 2.5000000000000004 7.764718292812792 7.7751994873538148 7.139460884091581 7.4958332319504395 7.2082301046963382 6.6713998256740101 7.4961028498443385 5.5000000000000009 1.0000000180025095e-35 7.8073020336262013 7.3909682946391611 0.10934233804488806 6.3937579500732404 5.5000000000000009 6.110357461133523 7.4529641866994201 0.17897110480408226 1 7.528316576249666 0.085146510042966625
decision_type=8 10 8 1 8 10 10 10 10 2 10 10 10 10 8 8 10 2 2 10 10 10 8 2 10 10 10 1 8 10
left_child=1 2 7 16 -5 -6 13 -1 -9 10 -8 12 -11 14 15 -7 20 18 -18 -20 -4 -3 -22 27 25 -25 -26 -2 -29 -30
right_child=23 21 3 4 5 6 9 8 -10 11 -12 -13 -14 -15 -16 -17 17 -19 19 -21 22 -23 -24 24 26 -27 -28 28 29 -31
leaf_value=-0.00011334395557880406 -0.00014923084822189293 8.5545805180298204e-05 2.3062612706459263e-06 0.00023276839875183697 -0.00031576765722969303 0.00015785442358464687 -0.00048327149138844839 6.3724378567386886e-05 -5.9682537778105178e-06 -0.0002581321854876251 4.380791322748934e-05 -0.00080983315129299358 8.2936724938820216e-05 -0.00078930893996362892 0.00035758908581642326 -4.0638273161341948e-05 0.00035819860974708464 -0.00024169055457354816 -0.00084813824866181164 4.177369398292719e-05 0.00047551338796023582 0.0012247731185969447 0.0005750108250030195 0.00035300183813067324 5.0858517757923496e-05 -0.00016304444500425674 -0.00015911267607799929 -3.8974224338517161e-05 0.00047818096570690917 -1.9254318568728836e-05
leaf_weight=96 21872 178 1216 91 156 31 205 32 183 30 43 57 163 87 99 68 65 44 41 31 91 21 103 7259 57718 2055 27055 47774 7386 9523
leaf_count=96 21872 178 1216 91 156 31 205 32 183 30 43 57 163 87 99 68 65 44 41 31 91 21 103 7259 57718 2055 27055 47774 7386 9523
internal_value=1.22434e-06 -0.00139732 -0.00196112 -0.0012686 -0.00418269 -0.00519169 -0.00373563 -0.00779743 -0.00406977 -0.00672691 -0.0108871 -0.0026 0.000647668 0.00149123 0.00505051 -0.00378788 0.000640225 -0.00566298 -0.00164234 -0.0104167 0.0014539 0.00690955 0.00773196 2.54647e-05 0.000203801 0.0015729 5.33778e-05 -0.00016839 6.29898e-05 0.000873795
internal_weight=183773 3131 2932 2621 1030 939 783 311 215 498 248 250 193 285 198 99 1591 181 137 72 1410 199 194 180642 94087 9314 84773 86555 64683 16909
internal_count=183773 3131 2932 2621 1030 939 783 311 215 498 248 250 193 285 198 99 1591 181 137 72 1410 199 194 180642 94087 9314 84773 86555 64683 16909
cat_boundaries=0 1 2
cat_threshold=9140 10284
is_linear=0
shrinkage=0.05


Tree=235
num_leaves=31
num_cat=3
split_feature=18 0 4 15 19 17 17 19 19 15 19 17 19 3 17 18 0 14 15 11 17 20 14 11 20 15 19 15 0 15
split_gain=3.03554 9.18584 5.38786 4.51294 10.8298 7.19717 5.23413 5.48312 8.75326 5.51743 8.38441 8.02375 5.51887 4.90653 4.47377 4.37796 6.31692 5.28709 6.41539 5.73956 4.87818 4.88035 4.39776 5.11019 4.27823 4.17315 4.01557 6.44556 5.99847 4.90871
threshold=0.038049498278809248 0 9.5000000000000018 6.9087370695597974 6.9270136977264896 6.8917317073696882 6.9143089312934469 7.3455332787747709 7.4724791136251172 7.7918171560465863 7.9549494645849146 7.5277982030358723 7.5626114678821343 1.0000000180025095e-35 8.1402912018707934 0.043990051949273697 1 7.7846807463779397 7.3731182447649557 7.4404391602237441 6.8140963929425213 0.25294969796680306 7.3768197455032354 7.1712726506405104 0.030143181522078431 6.8951759268300394 6.7983393503569109 6.8912062093346265 2 7.5824837342403084
decision_type=8 1 2 8 10 10 10 10 10 8 10 10 10 2 10 8 1 10 8 8 10 10 10 10 10 10 10 8 1 10
left_child=1 14 3 5 -5 -3 -6 -8 24 11 13 12 -10 -11 -1 16 -2 18 22 -20 -21 -22 23 -18 -9 -7 -4 -28 -29 -30
right_child=15 2 26 4 6 25 7 8 9 10 -12 -13 -14 -15 -16 -17 17 -19 19 20 21 -23 -24 -25 -26 -27 27 28 29 -31
leaf_value=-0.0005786828464464655 -0.00094629380320268022 1.8603278532047796e-05 0.00052843147339296512 -0.00013740772334216444 0.00014485297940318721 0.00067282242761792512 -1.949040428843585e-05 0.00071899308987464225 -0.00038161033505104138 -0.0014602984517584794 0.00048780126527598889 0.00017011062982645876 0.0038843951306430482 -0.00031319098734163833 0.0029258627324600718 -4.6012131346806491e-06 0.00028365384634945203 0.00098500976238899982 -0.00059655378632412776 -0.0034306521314599438 9.8184659101940852e-06 0.0058412156929687157 0.00084479709857236966 -0.00017969541872591145 0.00029131043030514728 0.00016139030145325697 -0.00066299762502408655 0.00060781791921011858 1.7364097254413126e-05 -0.00018186880679156304
leaf_weight=1242 144 2274 366 809 202 85 4624 149 412 99 214 1188 31 649 52 160671 4185 280 319 51 1134 24 138 644 869 122 174 480 1134 521
leaf_count=1242 144 2274 366 809 202 85 4624 149 412 99 214 1188 31 649 52 160671 4185 280 319 51 1134 24 138 644 869 122 174 480 1134 521
internal_value=-3.27357e-05 -0.00069763 -0.000333056 -0.000795174 -0.00130327 0.00109835 -0.000773379 -0.000968427 0.000491554 -0.00105091 -0.00405405 0.000720417 -0.00502257 -0.0065508 -0.00471626 2.95364e-05 0.00126102 0.00148489 0.00119707 -0.00163613 -6.20347e-05 0.000604491 0.00206865 0.00181715 0.00442043 0.0100242 0.00169159 0.000920312 0.00167447 0.000225225
internal_weight=183286 15696 14402 11727 9246 2481 8437 8235 3611 2593 962 1631 443 748 1294 167590 6919 6775 6495 1528 1209 1158 4967 4829 1018 207 2675 2309 2135 1655
internal_count=183286 15696 14402 11727 9246 2481 8437 8235 3611 2593 962 1631 443 748 1294 167590 6919 6775 6495 1528 1209 1158 4967 4829 1018 207 2675 2309 2135 1655
cat_boundaries=0 1 2 3
cat_threshold=4426 2 1057
is_linear=0
shrinkage=0.05


Tree=236
num_leaves=31
num_cat=2
split_feature=18 3 0 17 17 11 15 12 20 11 15 13 10 15 19 4 19 11 21 11 3 0 12 15 10 19 20 11 22 11
split_gain=2.64446 5.82882 4.92003 4.81349 4.28576 4.82702 3.95439 3.56816 3.85778 3.28968 3.25952 3.01812 2.79401 2.65444 2.9751 2.91182 2.55054 2.4481 3.07891 2.42687 2.34876 6.98742 5.74386 5.18306 13.8252 10.8521 6.57948 6.52692 6.37602 7.21182
threshold=0.024429055134103598 2.5000000000000004 0 6.4651721562189381 8.0120536589518121 6.9655522663537601 8.1041083815946564 7.7846807463779397 0.15219414839452497 6.9082550291486795 6.2401693155098394 6.7929052800254102 6.8788411363758835 8.2355062975576736 8.2027777531673554 11.500000000000002 6.9551629721624115 6.6547964352754336 6.9006803090423618 7.2082301046963382 2.5000000000000004 1 8.4131645053506663 7.7918171560465863 7.8073020336262013 8.4829332955706498 0.072046294221517912 7.8264411450176032 2.5687807938343217 7.3814970480868451
decision_type=8 2 1 10 10 8 10 8 10 8 8 8 10 10 10 2 10 10 10 10 2 1 10 10 10 10 10 10 8 10
left_child=1 2 -1 10 5 12 -6 11 19 17 -3 -7 -4 14 15 -11 -14 -5 -19 -9 21 -2 -23 24 25 27 -25 -22 -28 -30
right_child=20 3 4 9 6 7 -8 8 -10 13 -12 -13 16 -15 -16 -17 -18 18 -20 -21 23 22 -24 26 -26 -27 28 -29 29 -31
leaf_value=-0.0016639623303270181 0.00015464579432653558 0.00012568680585289815 0.0001424385693387098 -0.00013491189241592318 0.0033526511774592651 0.00095806043413544379 2.0890164922349186e-07 -0.00060689501937534202 0.00073357644254712362 -1.6888310723217616e-07 -0.0035175587952522625 -1.4583374095566982e-05 -3.2701736636475685e-05 -0.00088994668145008231 0.0074753088015159456 1.6676782066094022e-05 0.0012219736193586517 0.00034222287622238668 -4.3107692542587729e-05 -8.6977269298937904e-05 -2.4403925481752964e-05 -3.0157793140439539e-05 0.0022140098120021269 0.00034285226942085692 0.0018737513949663054 0.0073606880799421681 0.00021575014526140635 0.0021465310633955073 0.00014713047380503498 -0.00072000953920605684
leaf_weight=110 28492 42 247 51 30 25 46 394 53 2490 70 1068 75 40 26 96 21 117 29 221 87735 48313 491 874 1786 150 2161 593 1512 6115
leaf_count=110 28492 42 247 51 30 25 46 394 53 2490 70 1068 75 40 26 96 21 117 29 221 87735 48313 491 874 1786 150 2161 593 1512 6115
internal_value=-1.29447e-05 -0.00111883 -0.0030131 0.000346167 -0.00244292 -0.00287548 0.00921053 -0.00393242 -0.00681138 0.000745876 -0.00982143 -0.00217292 0.00255102 0.000282805 0.00047856 0.000309358 -0.0046875 0.0069797 0.010274 -0.00792683 1.96384e-05 0.000227049 -0.000136231 -0.000139211 -1.6064e-05 -0.000103981 -0.00118177 -0.0001268 -0.00155292 -0.0022322
internal_weight=183473 5251 2290 2961 2180 2104 76 1761 668 2849 112 1093 343 2652 2612 2586 96 197 146 615 178222 77296 48804 100926 90264 88478 10662 88328 9788 7627
internal_count=183473 5251 2290 2961 2180 2104 76 1761 668 2849 112 1093 343 2652 2612 2586 96 197 146 615 178222 77296 48804 100926 90264 88478 10662 88328 9788 7627
cat_boundaries=0 1 2
cat_threshold=12352 22546
is_linear=0
shrinkage=0.05


Tree=237
num_leaves=31
num_cat=6
split_feature=0 3 18 1 18 12 0 19 16 16 18 14 15 4 12 4 0 4 19 16 4 18 21 19 18 0 12 19 0 19
split_gain=3.2195 4.42199 10.9549 6.55643 7.87702 8.35556 6.26244 8.10582 4.98965 4.76842 4.62811 4.37978 4.31765 6.79574 6.30793 5.1031 5.36725 4.38075 4.11667 4.10635 4.24705 7.02394 5.06874 4.71335 6.83308 5.24944 4.83214 4.53028 4.32436 4.08705
threshold=0 2.5000000000000004 0.036778982082173665 1 0.055618145063373418 6.2850661277898343 2 8.1112974079172862 0.054974921631261317 0.027905101820587315 0.087856857493248328 7.9015624361563814 6.6858726326791684 2.5000000000000004 6.3017023852040754 10.500000000000002 3 7.5000000000000009 7.1783493292036775 0.2247797219774961 7.5000000000000009 0.072812222893796255 6.9217567937560247 7.6772935926991241 0.29754143743981648 4 7.4404391602237441 7.2674621177829293 5 6.986583758093972
decision_type=1 2 10 1 8 8 1 10 10 10 10 10 8 2 8 2 1 2 10 8 2 10 8 8 10 1 10 10 1 8
left_child=-1 2 12 4 5 8 7 -6 -3 -7 11 -4 14 -14 -2 16 17 -15 -19 -5 21 22 -21 25 -25 27 -27 -22 -23 -18
right_child=1 3 10 19 6 9 -8 -9 -10 -11 -12 -13 13 15 -16 -17 29 18 -20 20 23 28 -24 24 -26 26 -28 -29 -30 -31
leaf_value=2.5255917380184734e-05 -0.00093959913738224105 0.0013519598853472205 0.0001326409563381148 -4.1483028016653378e-05 -0.00018362334714501217 0.00013228557560758248 -0.00066786693393745551 -0.0019124919144074327 -0.00051522589046619775 -0.00017848811944243259 6.4298824121511448e-06 0.0011329153047660689 0.00037642919605587191 -0.0024728323281882239 0.00039350803403293 0.00020030147308627291 -1.3168319232592651e-05 3.46733005933908e-05 -0.0026535581807797248 0.00096853187567491617 0.00048781653136857899 -0.00096482254096326165 -0.0010657171043348069 0.0034630432317152684 -0.0052431483024640187 0.0010350949602059513 0.0047228292373481476 -0.0020881701311294075 0.0012928925671092497 -0.00032540175338966474
leaf_weight=79818 100 310 15031 30578 14553 719 4766 702 52 1396 24740 501 468 367 375 416 629 154 58 173 624 509 1439 912 92 427 50 370 1906 1340
leaf_count=79818 100 310 15031 30578 14553 719 4766 702 52 1396 24740 501 468 367 375 416 629 154 58 173 624 509 1439 912 92 427 50 370 1906 1340
internal_value=2.24704e-05 -0.000161178 0.000217864 -0.000442277 -0.00111565 0.00154421 -0.00144473 -0.000948248 0.00856354 0.00034279 0.000463101 0.00113958 -0.00230996 -0.00292832 0.00215789 -0.00381242 -0.00465071 -0.00887097 -0.00330189 -3.37109e-05 0.00110735 0.000105538 -0.00245037 0.00273737 0.00537849 0.000934738 0.0051848 -0.00114542 0.00181159 -0.00334765
internal_weight=183575 103757 44179 59578 22498 2477 20021 15255 362 2115 40272 15532 3907 3432 475 2964 2548 579 212 37080 6502 4027 1612 2475 1004 1471 477 994 2415 1969
internal_count=183575 103757 44179 59578 22498 2477 20021 15255 362 2115 40272 15532 3907 3432 475 2964 2548 579 212 37080 6502 4027 1612 2475 1004 1471 477 994 2415 1969
cat_boundaries=0 1 2 3 4 5 6
cat_threshold=53476 2 523 8706 11522 8216
is_linear=0
shrinkage=0.05


Tree=238
num_leaves=31
num_cat=2
split_feature=20 21 11 4 23 23 4 4 23 12 23 4 12 11 10 13 10 14 20 23 0 11 13 15 10 10 0 18 17 20
split_gain=2.60854 6.51611 7.3386 5.2715 4.89792 4.49824 3.05575 2.93175 3.29943 2.69794 2.37032 3.89185 2.27619 8.89468 7.28679 4.79802 4.44735 4.01541 4.90294 4.61302 3.9338 2.62186 2.62058 2.44694 16.5552 10.1717 8.38224 9.39248 8.26152 12.0562
threshold=1.0000000180025095e-35 5.7140627296387931 7.4974835395764439 4.5000000000000009 1.1099306967952589 6.6688566728601488 6.5000000000000009 6.5000000000000009 1.0974341294441017 6.8007265513869113 0.76072469857797287 7.5000000000000009 8.6870958293510121 7.1674235306143332 8.1572207036699762 7.9915908515222656 8.7719603986732384 8.8608995865796469 0.51351351832832715 2.8340906805084596 0 8.6870958293510121 8.5570866396637921 7.7918171560465863 7.764718292812792 7.8845747386333587 1 0.13545967988498001 6.881593375366438 0.077151925572931906
decision_type=8 8 8 2 8 8 2 2 10 10 8 2 10 10 10 10 10 10 10 10 1 10 10 8 10 8 1 10 8 10
left_child=1 3 4 -1 -3 -4 -7 -5 10 -6 11 -9 16 -14 15 -15 17 23 19 -19 22 -17 -16 24 -2 -25 -26 -28 29 -27
right_child=12 2 5 7 9 6 -8 8 -10 -11 -12 -13 13 14 20 21 -18 18 -20 -21 -22 -23 -24 25 26 28 27 -29 -30 -31
leaf_value=-1.6459619756425958e-05 3.2486454994540284e-06 5.9460133382494011e-05 -0.00026338915978858514 1.2305062693096503e-05 9.3230999130744516e-05 0.00072607478542376926 -0.00021329920486172773 -3.1681517548509675e-06 2.0621026016964806e-06 -5.0044566287343885e-05 -6.9969615243081767e-06 2.5175287470258212e-06 0.0070096175433506328 -0.0054418042167221348 -0.00029513746652556352 -0.0053848674276967051 0.0027611515371337883 0.0002547058102124744 0.0051331660041213922 -0.0071572214638900185 6.7064777051450983e-05 0.0072046684824850441 -0.0034971499091525971 -0.00042409606515922963 -0.00032696957997626621 -0.0019270020314831272 0.0018166806625065535 0.0012652553663345502 9.3971200777698272e-05 -0.0003954247678894518
leaf_weight=102 139673 63 44 73 47 76 98 41 59 57 157 56 185 28 79 23 209 53 29 93 328 96 103 7631 542 417 742 1557 28531 2421
leaf_count=102 139673 63 44 73 47 76 98 41 59 57 157 56 185 28 79 23 209 53 29 93 328 96 103 7631 542 417 742 1557 28531 2421
internal_value=6.12702e-06 -0.0027205 0.00214286 -0.00655738 0.0100299 -0.00389908 -0.000287356 -0.00388601 -0.00599042 0.00336538 -0.00846457 -0.00231959 1.91529e-05 0.00261283 -0.000114155 0.00969388 7.14686e-06 -1.23838e-06 -0.00757143 -0.0113014 -0.00294118 0.0140756 -0.00859375 6.06014e-06 0.000102095 -0.000344872 0.00388068 0.00518623 5.33967e-05 -0.00251938
internal_weight=183613 873 385 488 167 218 174 386 313 104 254 97 182740 842 657 147 181898 181689 175 146 510 119 182 181514 142514 39000 2841 2299 31369 2838
internal_count=183613 873 385 488 167 218 174 386 313 104 254 97 182740 842 657 147 181898 181689 175 146 510 119 182 181514 142514 39000 2841 2299 31369 2838
cat_boundaries=0 1 2
cat_threshold=16387 88
is_linear=0
shrinkage=0.05


Tree=239
num_leaves=31
num_cat=2
split_feature=21 22 11 14 0 0 10 19 12 19 10 15 18 19 12 18 17 14 11 9 10 17 17 22 19 11 18 17 12 15
split_gain=2.71721 7.61174 6.11523 5.94903 4.56221 4.47299 4.41911 13.1728 11.1612 8.97825 7.03203 11.3224 7.03093 6.5053 6.1467 5.91928 5.54361 6.32304 5.48648 4.89039 4.75517 7.60919 7.18008 5.84469 4.63286 8.94998 6.25391 6.40334 5.55763 4.50633
threshold=6.692703705388289 6.7950344026536387 8.3436726137160147 7.8452197668196186 0 1 6.7996129651804988 7.0656292606887492 7.698933631191955 7.7116806338175978 6.9814702089390606 6.9087370695597974 0.039923827810430891 6.977718970487822 8.6135932733793492 0.11199201279289299 8.1125245107626487 7.9421746692522914 7.6978016406699554 1.0000000180025095e-35 7.1712726506405104 7.2934100465559233 7.308499974727428 4.0154813072528137 7.1441363151927701 7.1432225019328719 0.22064862965985238 6.4504655433615694 7.3128864978553141 6.9351261315586337
decision_type=10 8 8 10 1 1 10 8 10 10 10 8 10 10 10 8 10 10 10 2 10 10 10 10 10 10 10 10 8 8
left_child=5 -2 3 -3 -4 6 8 10 16 -10 11 -8 -12 -13 15 -11 17 18 24 -15 23 -22 -23 -9 25 26 -1 -28 -26 -21
right_child=1 2 4 -5 -6 -7 7 20 9 14 12 13 -14 19 -16 -17 -18 -19 -20 29 21 22 -24 -25 28 -27 27 -29 -30 -31
leaf_value=-6.8106404359058459e-05 -0.00028368502471516345 -4.0559525269490138e-05 0.00038625408530570395 -0.00081322775501586626 -7.3249687145526829e-05 -8.0254084446451664e-06 0.00050889059474892309 7.4007847442314481e-05 0.0035163032844298669 0.0005537814983543665 -0.00012312958684446151 -0.0003394775261335692 0.00085056281540916165 0.0007019499087694836 0.0089149559519974275 -0.00083444724992003398 0.0017916863472493107 -0.0027668755813702985 0.0016794582846317409 0.001392198922241983 0.00064336479115536529 -0.00051680595106726732 5.4181665166241899e-05 -0.00039649278583886449 -0.00079915559732972601 0.0014448662902004639 0.0031806611988272507 0.00049067201740040647 -0.00012061362086936978 -0.0015054181203220107
leaf_weight=16613 3981 8083 2584 441 1539 111826 2191 2060 419 944 276 1039 3130 501 91 674 339 231 428 27 2135 437 11771 2113 1781 774 407 877 6162 109
leaf_count=16613 3981 8083 2584 441 1539 111826 2191 2060 419 944 276 1039 3130 501 91 674 339 231 428 27 2135 437 11771 2113 1781 774 407 877 6162 109
internal_value=2.32358e-05 -0.00058636 1.38373e-05 -0.000750821 0.00159471 8.38039e-05 0.000450584 0.00092966 3.5306e-05 0.00352444 0.00273271 0.0012736 0.00438931 -0.00181981 0.00191633 0.00120519 -0.000233594 -0.00031258 -0.000242216 0.00215856 0.00022143 0.000653629 0.000172018 -0.00126408 -0.000332532 9.77452e-05 -0.00012991 0.00323209 -0.00134395 -0.00625
internal_weight=183983 16628 12647 8524 4123 167355 55529 25789 29740 2128 7273 3867 3406 1676 1709 1618 27612 27273 27042 637 18516 14343 12208 4173 26614 18671 17897 1284 7943 136
internal_count=183983 16628 12647 8524 4123 167355 55529 25789 29740 2128 7273 3867 3406 1676 1709 1618 27612 27273 27042 637 18516 14343 12208 4173 26614 18671 17897 1284 7943 136
cat_boundaries=0 1 2
cat_threshold=17920 20897
is_linear=0
shrinkage=0.05


Tree=240
num_leaves=31
num_cat=5
split_feature=3 0 0 21 15 17 15 20 11 17 21 20 11 23 17 3 20 23 23 20 20 15 8 3 1 0 4 12 0 7
split_gain=2.09578 6.70372 5.58619 5.65178 5.77859 13.7609 7.20399 5.15605 5.13217 5.0077 4.75069 4.37167 4.366 4.34593 6.22585 4.72938 4.31195 6.38575 4.30391 5.46267 4.94437 5.62952 4.25015 5.45848 11.2963 5.16381 4.99726 5.08859 5.11828 5.95153
threshold=2.5000000000000004 0 1 2.0856528016791152 7.7918171560465863 8.5337749101913492 7.7788222384034809 0.087026024484457606 7.9915908515222656 8.4500833425192443 0.93590108845079578 0.51351351832832715 7.7202392267623416 6.9122591015999744 8.5337749101913492 1.0000000180025095e-35 0.068705597283720346 0.6931071725578114 0.82446862701750179 0.27508811421941615 0.33358687486319499 8.1298163614287429 5.5000000000000009 1.0000000180025095e-35 2 3 9.5000000000000018 7.7846807463779397 4 3.5000000000000004
decision_type=2 1 1 8 10 10 10 10 8 10 10 10 10 10 8 2 8 8 10 10 8 8 2 2 1 1 2 10 1 8
left_child=1 11 9 16 5 6 -5 -6 -9 10 -2 13 -8 -1 15 -15 17 -4 19 -18 21 -20 26 24 -24 -25 27 28 29 -3
right_child=2 22 3 4 7 -7 12 8 -10 -11 -12 -13 -14 14 -16 -17 18 -19 20 -21 -22 -23 23 25 -26 -27 -28 -29 -30 -31
leaf_value=0.00019516454982679843 -4.7751980198196268e-05 0.0001718830625189849 -0.00045408787780529817 5.9639375472375636e-06 0.00012193561593791813 0.0096949096944282786 9.1381201093909684e-05 -0.0010958213648369021 -0.00021051816581953988 -0.0027671264653077012 -0.00047800013514349705 -0.0040892491228395889 0.0026957723399689826 -0.00041800671095120205 0.0072949900517697234 3.9846532697307425e-05 0.001493382273253685 -2.936555170807154e-07 0.00027968618729654618 -0.001796083165266471 0.0041533634752161323 -0.0015525102649162294 -0.00027744675049814484 -0.0005562161358009021 0.00041965198595415035 4.072970468138593e-06 0.00015080920233545569 0.00042615837717767673 -0.00031984813815961745 -0.0034370065872768585
leaf_weight=25664 18363 3821 61 64690 1303 104 101 1686 5049 177 6444 50 141 1623 31 3279 585 1178 3423 126 185 112 2194 1341 5346 14603 6193 968 14479 337
leaf_count=25664 18363 3821 61 64690 1303 104 101 1686 5049 177 6444 50 141 1623 31 3279 585 1178 3423 126 185 112 2194 1341 5346 14603 6193 968 14479 337
internal_value=-6.80617e-07 0.000191733 -0.000148947 5.77748e-05 -6.02129e-05 9.61006e-05 6.69932e-05 -0.00132496 -0.00188196 -0.000800192 -0.000740718 0.000772254 0.00867769 0.000796647 -0.000562538 -0.000703794 0.00157848 -0.00102906 0.00230761 0.00587201 0.00162634 0.00120934 -0.000169399 0.000317237 0.00142573 -0.000206974 -0.000612451 -0.00100357 -0.00118715 0.000359885
internal_weight=183657 79929 103728 78744 73074 65036 64932 8038 6735 24984 24807 30647 242 30597 4933 4902 5670 1239 4431 711 3720 3535 49282 23484 7540 15944 25798 19605 18637 4158
internal_count=183657 79929 103728 78744 73074 65036 64932 8038 6735 24984 24807 30647 242 30597 4933 4902 5670 1239 4431 711 3720 3535 49282 23484 7540 15944 25798 19605 18637 4158
cat_boundaries=0 1 2 3 4 5
cat_threshold=22674 10258 1 9280 9224
is_linear=0
shrinkage=0.05


Tree=241
num_leaves=31
num_cat=0
split_feature=23 10 15 23 12 11 10 17 16 10 16 17 11 13 17 19 7 19 10 21 13 11 19 12 13 10 12 17 13 13
split_gain=3.33663 3.73621 25.7123 11.6055 10.7343 7.01032 6.09682 5.91314 5.88818 8.45213 5.86349 5.82998 5.73613 9.17831 7.74931 9.94041 9.1914 8.53591 7.85451 8.46283 7.66912 7.49629 7.01919 6.83635 6.27084 6.07321 5.94452 5.66633 5.6024 5.52592
threshold=0.97790950690847633 7.4974835395764439 7.5824837342403084 4.7157207853159067 8.2304437952050211 8.6870958293510121 7.577377095608937 7.3834100054238467 0.030294187848798431 8.395235567913474 0.27742859347268867 7.6213986237138007 7.6978016406699554 7.7465022115569893 7.2934100465559233 7.2956304784794499 2.5000000000000004 7.4724791136251172 7.1712726506405104 4.8763410522549515 7.2089702972815557 6.4792771020676119 7.7503381873875457 7.9386235179612585 8.0562679118615215 6.9541615378757635 7.698933631191955 7.4097488227528823 8.1622300485615504 8.2177074967233796
decision_type=8 10 10 8 10 8 10 8 10 10 10 10 10 10 8 8 8 10 10 10 8 8 10 10 10 10 10 10 10 8
left_child=-1 4 3 7 12 -6 11 10 9 27 -3 -4 14 -14 17 -16 21 18 -2 -20 -18 -17 26 -24 -22 -19 -23 -5 -25 -8
right_child=1 2 6 8 5 -7 29 -9 -10 -11 -12 -13 13 -15 15 16 20 25 19 -21 24 22 23 28 -26 -27 -28 -29 -30 -31
leaf_value=4.3647022878023915e-05 -2.1233982532953277e-05 0.0035317467146926962 -0.0027964945892582807 0.0040045838699321662 0.00026959036794425021 0.0038769494841849107 7.845364453160642e-05 -0.00073148117891044253 0.0015480358205337997 0.0070928782954221342 -0.0017831317476426191 -0.00010001218329303008 0.0012703152153194842 -0.00020048895972908377 -0.00063366631200341146 -0.017891389408155958 -0.0080483628804794982 -0.005685525673483083 5.6442648006438391e-05 0.00060998154387519325 0.00056108486468045007 -7.8320869319536978e-05 -0.001734406853209225 0.00179081867227755 0.0031151327216630167 6.2127197045835916e-05 0.0020272727280156613 -2.6189074236748767e-05 -0.0028060741254900992 -0.00023259902912549092
leaf_weight=22636 90316 407 167 352 582 528 11565 1085 2252 120 242 221 2238 1934 4877 71 125 262 5607 2914 5088 18481 1972 346 350 163 732 1071 72 7104
leaf_count=22636 90316 407 167 352 582 528 11565 1085 2252 120 242 221 2238 1934 4877 71 125 262 5607 2914 5088 18481 1972 346 350 163 732 1071 72 7104
internal_value=1.46835e-05 -6.51187e-05 0.000502318 0.00350425 -0.000167206 0.00472973 -0.000368631 0.00011534 0.0050527 0.00267336 0.0038906 -0.00657216 -0.000207307 0.00161793 -0.000265269 -0.0009404 -0.000568161 -4.68457e-05 -1.64412e-05 0.00143469 0.00124483 -0.0010335 -0.000980188 -0.00353556 0.0015263 -0.00711765 -0.000662312 0.00159874 0.00227273 -0.000239702
internal_weight=183880 161244 24586 5529 136658 1110 19057 1734 3795 1543 649 388 135548 4172 131376 32114 27237 99262 98837 8521 5563 21674 21603 2390 5438 425 19213 1423 418 18669
internal_count=183880 161244 24586 5529 136658 1110 19057 1734 3795 1543 649 388 135548 4172 131376 32114 27237 99262 98837 8521 5563 21674 21603 2390 5438 425 19213 1423 418 18669
is_linear=0
shrinkage=0.05


Tree=242
num_leaves=31
num_cat=1
split_feature=0 23 10 13 12 10 18 18 20 15 14 6 4 13 20 15 18 4 16 23 23 16 23 21 22 20 10 20 23 20
split_gain=2.40789 9.40137 6.54936 4.97694 4.13239 3.89046 5.39216 3.40756 6.09313 7.02889 5.86778 5.61936 4.7891 4.55915 4.4813 6.50553 5.08723 8.25633 4.39736 5.68699 5.4862 5.46038 4.48956 4.31302 3.89647 3.75328 3.68627 3.67811 3.54805 3.60583
threshold=0 5.2518227541910409 8.7835421394681745 8.4131645053506663 8.9641391362395684 6.0438190738591979 0.049589521499424923 0.17017267072475187 0.22591257275229534 7.5297062250694902 8.2573848150395737 1.0000000180025095e-35 4.5000000000000009 6.6220709878569881 0.16316474563096944 7.244972187489898 0.16227209535809703 5.5000000000000009 0.19872400946563762 6.9242657159952499 5.7618860294750229 0.11140523640968171 5.3425145379194179 5.361995895593366 7.2436559134886398 1.0000000180025095e-35 8.4796941365426743 0.48191591808416084 7.1823884905027668 0.33358687486319499
decision_type=1 8 8 10 10 8 10 10 10 10 10 2 2 8 8 10 8 2 10 10 10 10 10 8 8 10 10 10 8 10
left_child=1 2 3 -1 5 6 -3 8 14 12 28 18 -10 -14 16 24 25 -18 19 20 22 -21 -9 -17 -16 -7 -27 -13 29 -11
right_child=-2 4 -4 -5 -6 7 -8 11 9 10 -12 27 13 -15 15 23 17 -19 -20 21 -22 -23 -24 -25 -26 26 -28 -29 -30 -31
leaf_value=0.00062543977109088547 -7.2012489054529285e-06 0.0008379848778894861 0.0029396601600387485 -0.0024372464832695508 -0.0054108840356824842 -0.00012401336315488455 -0.0020706461263177325 0.0016905689868580431 -0.001537405836945105 -0.0019180286664683523 0.0014828674324418147 0.0023652836435704263 -0.0038518596947954456 0.0012191745436012315 0.0014050635344465602 0.0029610814427683432 0.00028406126027384903 -0.0031033312916139092 -0.0014240132241879701 -0.0020705239038125269 0.0025868069290435171 0.00037724062156314632 -0.0012460372744764747 -0.00047801527864770326 0.00065184661301507249 2.4659392872972143e-05 0.0031360093570190987 -0.0023977292486097035 -0.0027055723717321015 0.0015926752326387295
leaf_weight=1009 147721 34 447 35 20 80 98 726 269 256 43 754 21 444 523 45 366 403 356 142 265 137 225 837 1123 27452 63 23 51 56
leaf_count=1009 147721 34 447 35 20 80 98 726 269 256 43 754 21 444 523 45 366 403 356 142 265 137 225 837 1123 27452 63 23 51 56
internal_value=2.28231e-05 0.000387602 0.00427565 0.00210728 0.000221188 0.000234249 -0.00833333 0.000266878 0.000124875 -0.00346491 -0.00874384 0.00199772 -0.000544959 0.00252688 0.000257348 0.00227453 7.75631e-05 -0.00393368 0.00049973 0.00168896 0.00316612 -0.0047491 0.00139327 -0.00119048 0.00413123 0.000189346 0.000220789 0.00556628 -0.0108127 -0.0088141
internal_weight=184024 36303 1491 1044 34812 34792 132 34660 32032 1140 406 2628 734 465 30892 2528 28364 769 1851 1495 1216 279 951 882 1646 27595 27515 777 363 312
internal_count=184024 36303 1491 1044 34812 34792 132 34660 32032 1140 406 2628 734 465 30892 2528 28364 769 1851 1495 1216 279 951 882 1646 27595 27515 777 363 312
cat_boundaries=0 1
cat_threshold=21632
is_linear=0
shrinkage=0.05


Tree=243
num_leaves=31
num_cat=2
split_feature=15 11 19 19 12 13 18 21 12 16 1 15 18 18 4 16 19 12 19 11 7 23 11 14 19 18 21 21 14 1
split_gain=2.58389 14.3403 9.62659 8.46441 6.85589 8.99073 6.39473 6.15605 6.01105 7.4047 5.55516 6.4479 5.80188 6.52392 8.88637 5.92018 5.86296 6.79651 5.35416 5.32682 6.87253 6.59853 5.67306 5.28953 5.2854 4.79425 9.52401 5.73606 5.11402 5.05587
threshold=6.9087610166783255 6.9358565909245806 7.2414870951201884 6.331818229615819 6.8495962243894803 6.8495962243894803 0.14947036029566305 6.8245366869439499 7.0026107065950418 0.3139549948208642 0 6.4589096576097758 0.16227209535809703 0.072812222893796255 9.5000000000000018 0.072314205618639049 6.651859600632438 6.6637708581706061 6.331818229615819 6.9002268856650231 1.0000000180025095e-35 1.2906278102583211 7.0453408470044421 6.3288288446259466 6.0173691477424764 0.024429055134103598 0.85418893014450203 6.157614175169182 7.0017007882365494 1
decision_type=8 8 10 8 10 10 10 8 8 10 1 10 10 10 2 10 10 8 10 8 10 8 10 8 10 8 8 8 10 1
left_child=2 8 4 6 5 10 -3 -7 9 -2 11 -1 13 14 -13 -15 -16 -18 -10 21 22 -6 -21 -5 -8 26 -25 28 -28 -27
right_child=1 3 -4 23 19 7 24 -9 18 -11 -12 12 -14 15 16 -17 17 -19 -20 20 -22 -23 -24 25 -26 29 27 -29 -30 -31
leaf_value=0.0015580707036767284 -0.0005999120962862925 -0.005988447181648749 -0.0043529970552267814 0.0047165778398214012 0.00048777410836209345 -5.5027621499825766e-05 -0.0041095855532790717 -0.00076303596975746402 -0.0041462095229067852 -0.0054598140538612006 1.0239977696402392e-05 -6.2253689299396345e-05 -0.00096663177091116381 0.00074398289912753774 0.00329827189882681 0.00045918659571646541 -0.0007405821708042382 0.00054413969819377961 -0.00026371541384271339 0.00014953262078021279 0.00088857980344134732 -0.00026884388412331541 -0.0033494467486939964 -1.2950514964726878e-05 0.003890489102608208 0.00011749352379579747 -1.0144850440596542e-05 -7.9653583205718803e-05 1.1791107282310698e-05 -1.8899639082370357e-05
leaf_weight=352 2823 298 370 296 796 2630 47 2351 243 172 29782 4357 810 1349 64 1676 106 781 5092 3382 1077 2437 175 502 126 43257 280 2819 498 74369
leaf_count=352 2823 298 370 296 796 2630 47 2351 243 172 29782 4357 810 1349 64 1676 106 781 5092 3382 1077 2437 175 502 126 43257 280 2819 498 74369
internal_value=3.75033e-05 -8.14083e-05 0.000333841 5.51056e-05 0.000390887 0.000149126 -0.00663482 -0.00185204 -0.00208884 -0.00388147 0.000402908 0.00145603 0.00120037 0.00159306 0.000536925 0.00344628 0.00491588 0.00386133 -0.00108247 0.00175099 0.00283772 0.000193319 0.00177818 8.09287e-05 0.00101156 6.4695e-05 -0.00161625 -0.000715874 0.00308483 0.000123272
internal_weight=183317 130822 52495 122492 52125 44258 471 4981 8330 2995 39277 9495 9143 8333 5308 3025 951 887 5335 7867 4634 3233 3557 122021 173 121725 4099 3597 778 117626
internal_count=183317 130822 52495 122492 52125 44258 471 4981 8330 2995 39277 9495 9143 8333 5308 3025 951 887 5335 7867 4634 3233 3557 122021 173 121725 4099 3597 778 117626
cat_boundaries=0 1 2
cat_threshold=4 1
is_linear=0
shrinkage=0.05


Tree=244
num_leaves=31
num_cat=4
split_feature=21 18 16 1 22 23 17 11 22 3 5 21 13 15 15 21 11 13 0 17 15 15 0 11 19 18 19 0 17 15
split_gain=2.04493 3.93323 2.255 3.15719 2.38943 2.10361 3.85458 3.7767 3.00674 2.3162 2.17936 2.17568 2.046 1.84771 9.61329 10.0559 7.50409 6.80669 6.54439 6.51511 6.4504 12.4431 8.45879 6.0867 5.97639 6.70445 6.22407 5.92283 5.61026 5.59291
threshold=7.5183356990241661 0.35900508881603577 0.038205222722130457 0 7.2436559134886398 7.6329763306705463 7.4723489953799218 7.4682278018910955 6.8917783128437105 3.5000000000000004 1.0000000180025095e-35 7.8768281782989318 6.744647767897856 7.6917217173580212 7.633921693492665 6.6496317993061007 7.7202392267623416 7.5248301129598225 1 7.2302223544571289 7.4288530124990553 7.4880225585237339 2 7.577377095608937 6.331818229615819 0.14947036029566305 6.0173691477424764 3 7.2934100465559233 7.2521950207684265
decision_type=10 10 10 1 8 10 10 8 8 2 2 10 10 8 10 10 8 10 1 8 10 10 1 8 8 10 10 1 10 10
left_child=13 2 -2 4 -4 7 9 10 -9 11 -5 -7 -10 14 17 18 19 20 -16 -15 28 -22 -23 -24 25 -18 -27 -19 29 -1
right_child=1 -3 3 5 -6 6 -8 8 12 -11 -12 -13 -14 16 15 -17 24 27 -20 -21 21 22 23 -25 -26 26 -28 -29 -30 -31
leaf_value=4.5303335069579729e-06 -0.00067996740414069114 0.0068239887047100156 -0.00040617593657534814 -0.002379942403187041 0.0010851559457159654 0.0019305648287154975 -0.0023953072569641745 0.00099929471818731579 7.7756790403826773e-05 -0.00016895764704090156 0.00040836952504665904 -0.00021538396052858124 -0.0016786740187085592 0.00015116253148850234 -0.0043948915894257649 -0.00075418721090407819 -0.0051234824839367921 -0.00060662156292470295 0.00098435067757298724 -0.00073172110492496505 0.00056951870916628351 -0.00053830190133556948 -0.00027014804849627704 0.00060602153181990028 7.8924497789234497e-06 -0.004851667713874042 0.004603667251874422 -3.5756461310221259e-05 -2.5259514011599651e-05 0.00037952633705018446
leaf_weight=97272 262 26 69 177 90 92 58 84 173 77 33 56 172 1977 101 254 314 3130 2729 4249 4158 1030 1860 2687 38510 46 119 3653 14449 5490
leaf_count=97272 262 26 69 177 90 92 58 84 173 77 33 56 172 1977 101 254 314 3130 2729 4249 4158 1030 1860 2687 38510 46 119 3653 14449 5490
internal_value=-2.87627e-05 -0.00195398 -0.00232688 -0.00131822 0.00518868 -0.00244035 0.00114841 -0.00402973 -0.00134033 0.00411111 -0.00952381 0.00777027 -0.0034058 -1.42835e-05 7.72953e-05 0.00283722 -0.000291386 1.3647e-05 0.00369258 -0.00190331 9.61039e-05 0.00133282 -0.000210687 0.000718675 -3.39839e-05 -0.00558455 0.00257576 -0.00152956 -6.61201e-06 0.0001231
internal_weight=183397 1369 1343 1081 159 922 283 639 429 225 210 148 345 182028 136813 3084 45215 133729 2830 6226 126946 9735 5577 4547 38989 479 165 6783 117211 102762
internal_count=183397 1369 1343 1081 159 922 283 639 429 225 210 148 345 182028 136813 3084 45215 133729 2830 6226 126946 9735 5577 4547 38989 479 165 6783 117211 102762
cat_boundaries=0 1 2 3 4
cat_threshold=4 8512 68 59425
is_linear=0
shrinkage=0.05


Tree=245
num_leaves=31
num_cat=4
split_feature=15 10 10 22 13 11 0 20 0 15 10 19 16 19 18 19 15 19 12 19 7 18 18 20 1 7 7 16 13 0
split_gain=1.93998 17.2802 10.9322 7.66452 7.47381 7.06635 7.3299 6.42532 6.23118 6.18737 10.3614 7.6649 7.15879 6.61351 6.57193 6.75913 6.09323 7.92702 6.01701 8.23197 6.38375 6.66376 6.51733 5.97105 6.12965 6.93767 6.70901 6.04168 5.59799 5.52352
threshold=7.7918171560465863 7.8073020336262013 7.9015624361563814 4.60065990437755 6.8367960459813295 7.8646115115667223 0 0.077151925572931906 1 8.0794589554913046 8.370078286999183 7.4037590519248626 0.019904899595063856 7.6660181165071615 0.10155326020985499 8.1374543662597745 7.8707057712821058 7.9549494645849146 8.0874863237131702 8.1112974079172862 101.50000000000001 0.23120258836792354 0.095742190505059069 0.09274687359051155 2 3.5000000000000004 27.500000000000004 0.26344541103156766 7.8073020336262013 3
decision_type=8 10 8 8 8 8 1 10 1 8 8 8 10 10 10 10 10 10 8 10 10 8 10 10 1 10 10 10 10 1
left_child=1 -1 8 -3 7 -6 -7 -4 16 12 13 -12 -8 -11 15 -15 17 -2 19 -13 21 22 -20 24 -23 -26 -27 -25 -5 -14
right_child=2 3 4 28 5 6 9 -9 -10 10 11 18 29 14 -16 -17 -18 -19 20 -21 -22 23 -24 27 25 26 -28 -29 -30 -31
leaf_value=3.7683314183745154e-06 -0.00020306562458056733 0.00076568458866339568 -0.0031354154582917907 0.0027584342901978646 -0.00046121445418281228 -0.0001650669262135196 -0.00031664507282620492 -0.00073404050605487827 -0.00024457258317116536 0.003210865333363211 -6.0027820807251336e-05 0.00022539163180459456 0.0014408148924042853 0.0007483559416747277 -0.001480112937792777 -0.00057859541801041914 -0.0010990270928291858 -0.0027314112438399096 0.0011401150123666604 -0.0046117213791340818 -0.0094683647738446064 0.010257774276288779 -2.8602744941430558e-06 0.004581298886020946 0.0074855800001697231 -0.0017595128009191274 0.0078700633460378807 -0.00064204621196255478 -0.0028634034449593229 0.00044306272888596789
leaf_weight=141508 1867 1127 195 1074 4716 9489 372 875 5258 117 4261 625 1298 566 1274 762 808 162 1597 98 72 267 2063 1162 94 441 211 139 62 1603
leaf_count=141508 1867 1127 195 1074 4716 9489 372 875 5258 117 4261 625 1298 566 1274 762 808 162 1597 98 72 267 2063 1162 94 441 211 139 62 1603
internal_value=3.13581e-05 0.000117374 -0.000274807 0.00445205 0.00013701 0.000277804 0.000595036 -0.00397196 -0.00191785 0.00121536 0.000750964 0.00143246 0.00316987 -0.00201361 -0.00253651 -7.53012e-05 -0.00380225 -0.00235338 0.00247821 -0.00183264 0.00299371 0.00317208 0.00184426 0.00527226 0.00239388 6.70241e-05 -0.0017638 0.00751345 0.00735035 0.00400724
internal_weight=184163 143771 40392 2263 32297 31227 26511 1070 8095 17022 13749 11030 3273 2719 2602 1328 2837 2029 6769 723 6046 5974 3660 2314 1013 746 652 1301 1136 2901
internal_count=184163 143771 40392 2263 32297 31227 26511 1070 8095 17022 13749 11030 3273 2719 2602 1328 2837 2029 6769 723 6046 5974 3660 2314 1013 746 652 1301 1136 2901
cat_boundaries=0 1 2 3 4
cat_threshold=11022 23073 2 16385
is_linear=0
shrinkage=0.05


Tree=246
num_leaves=31
num_cat=5
split_feature=15 10 0 10 17 13 16 0 16 12 0 1 18 21 10 21 12 17 16 16 20 0 20 21 20 15 23 18 13 9
split_gain=1.87157 14.4471 18.129 8.50561 11.2948 9.50987 9.44059 9.28021 7.73193 7.39082 7.26999 6.79098 6.75818 6.7318 6.11634 5.82017 5.56832 5.2356 5.09665 5.08028 4.99426 4.80652 5.65941 5.89299 5.4235 9.13423 4.91275 10.7774 4.85669 5.50103
threshold=6.9087610166783255 6.9358565909245806 0 6.8040598888354813 7.0199604236881816 6.601909005459107 0.029459106952716477 1 0.079619815031764601 6.8303339860793031 2 3 0.28643877797465395 1.1785366391390579 6.7171997342723353 6.6351588094495755 7.0904933289280381 6.7969130076515647 0.18156070890387668 0.062161004903903201 0.32246568235896805 4 0.51351351832832715 3.2600159261750652 0.094188847329590847 7.004001367917728 6.0836323570319877 0.17017267072475187 7.0044280632177705 1.0000000180025095e-35
decision_type=8 8 1 10 10 10 10 1 10 10 1 1 10 8 10 10 10 10 10 10 10 1 8 8 10 8 10 8 8 2
left_child=3 2 13 4 5 11 -7 15 -9 10 -8 20 -10 -2 -12 -5 -4 19 -15 -16 -1 24 28 -24 25 -3 -25 -28 29 -23
right_child=1 21 16 7 -6 6 9 8 12 -11 14 -13 -14 18 17 -17 -18 -19 -20 -21 -22 22 23 26 -26 -27 27 -29 -30 -31
leaf_value=0.00035459083865925224 0.0050996547762230289 0.00037356316805368109 -0.00023411316541843696 0.00040082532672887085 -0.0031120623035324258 0.00010983295334885402 -9.2567168154467086e-05 0.00016840734194194519 -0.00089697336248937285 0.00030401754059026235 -0.00078901133601436699 4.8598254524812039e-05 0.002599114693617355 -0.00087030804284651266 0.00064911188347220876 -3.5839408908167062e-06 0.0016618148288843671 -0.00056587771264511317 -0.0031908369294480821 -0.00054803012221711362 0.0053237616272841185 0.00012580573974738663 0.0040136446648642915 0.00045459062414803246 -7.0459974218262117e-05 -0.0008038467773630487 -0.0064366448644304968 0.0087387250601861591 -3.5488222939861205e-06 0.00059274395067614454
leaf_weight=4316 90 594 4306 3607 281 2084 5465 1615 2566 2665 5873 21083 356 2260 515 1080 1125 782 785 425 82 11154 223 2187 7666 3413 22 147 96498 760
leaf_count=4316 90 594 4306 3607 281 2084 5465 1615 2566 2665 5873 21083 356 2260 515 1080 1125 782 785 425 82 11154 223 2187 7666 3413 22 147 96498 760
internal_value=-2.07852e-05 -0.000121923 -0.00210717 0.000230609 -6.1394e-05 3.465e-06 -0.000882981 0.00160993 -5.49813e-06 -0.00130207 -0.00179173 0.000623013 -0.00154004 -0.00512719 -0.00279093 0.00316692 -0.000353795 -0.000174216 -0.00554187 0.00234043 0.00241019 1.67123e-05 0.000118242 0.00243311 -0.000947959 -0.00243948 0.00169779 0.00991124 6.31849e-05 0.00101561
internal_weight=184025 131230 8566 52795 43571 43290 17809 9224 4537 15725 13060 25481 2922 3135 7595 4687 5431 1722 3045 940 4398 122664 110991 2579 11673 4007 2356 169 108412 11914
internal_count=184025 131230 8566 52795 43571 43290 17809 9224 4537 15725 13060 25481 2922 3135 7595 4687 5431 1722 3045 940 4398 122664 110991 2579 11673 4007 2356 169 108412 11914
cat_boundaries=0 1 2 3 4 5
cat_threshold=47617 32385 49624 4 10560
is_linear=0
shrinkage=0.05


Tree=247
num_leaves=31
num_cat=2
split_feature=4 23 19 0 3 19 18 11 10 23 13 14 13 12 10 4 18 23 20 23 18 23 19 0 23 19 4 10 10 22
split_gain=2.62359 6.8548 7.69178 13.1852 6.36712 5.82322 8.41508 8.95474 7.50127 7.42427 6.60813 6.39134 6.29391 6.08492 5.88153 5.20568 5.10875 5.88411 5.10284 4.76731 4.76027 8.44804 7.5501 4.74665 5.55005 11.4937 5.04949 7.35278 7.30715 4.74138
threshold=10.500000000000002 0.77380959676134509 8.417931615151085 0 2.5000000000000004 8.3531820737346596 0.14268688256633585 6.7171997342723353 8.3323076285179933 6.9242657159952499 8.3436726137160147 7.0913259685875696 6.7679181684570118 7.764718292812792 6.6100226439425702 11.500000000000002 0.23120258836792354 6.962240238073135 0.32246568235896805 5.1911202293356995 0.044555037558675813 0.82446862701750179 8.2027777531673554 1 6.3810182859590316 6.6768410585156852 11.500000000000002 6.6864847774674381 7.6016521472294505 6.2734427241249042
decision_type=2 8 8 1 2 8 10 8 10 10 10 8 8 8 8 2 10 10 10 8 8 8 10 1 10 10 2 8 8 8
left_child=5 -2 20 16 15 8 7 -7 -1 11 13 -9 -13 -10 -14 -5 17 -4 -8 -20 21 -3 -23 24 -22 -26 -27 -28 -29 -16
right_child=1 2 3 4 -6 6 18 9 10 -11 -12 12 14 -15 29 -17 -18 -19 19 -21 23 22 -24 -25 25 26 27 28 -30 -31
leaf_value=1.0051568772739828e-05 0.00032264724037829319 -1.4016731253674308e-05 -0.0034738821392852784 0.007546552910606197 0.0064488173074053641 -0.0098040396108350254 -0.0033043296648092471 -0.011619356854190244 -0.016120309996411876 0.0026236819043485848 -9.4864758246604453e-05 -0.019228640401617536 -0.01028608056211704 0.0020780342488116335 0.0017500103387848576 -0.0069019235630985339 0.0028280081264920654 0.0039492062570038568 -0.0029897227866480637 0.00091966226903037471 0.00019686584928995112 6.4148627431626087e-05 0.0020534972515403815 -0.00033945536557524749 0.0030542208956594319 -0.0011132779966109396 -0.0023609197069043297 0.00086077846162280203 -0.0013770490137474225 -0.00025817369445491067
leaf_weight=150077 1971 37 253 72 384 75 569 41 26 56 446 33 56 823 583 87 85 40 128 198 5084 2057 113 15957 104 920 80 482 355 2423
leaf_count=150077 1971 37 253 72 384 75 569 41 26 56 446 33 56 823 583 87 85 40 128 198 5084 2057 113 15957 104 920 80 482 355 2423
internal_value=-1.22539e-06 -0.000446031 -0.000660666 0.00382736 0.00872514 7.90824e-05 -0.00176598 -0.000589226 0.000129813 -0.00018797 0.00391892 -0.000510204 -0.000250404 0.00650766 -1.63292e-05 0.000471698 -0.00335052 -0.00656997 -0.00606145 -0.00107362 -0.000824765 0.00139329 0.00179724 -0.00103777 4.61976e-05 -0.00222823 -0.00314371 -0.000517993 0.000866189 0.000282768
internal_weight=183615 28081 26110 921 543 155534 4162 3267 151372 3192 1295 3136 3095 849 3062 159 378 293 895 326 25189 2207 2170 22982 7025 1941 1837 917 837 3006
internal_count=183615 28081 26110 921 543 155534 4162 3267 151372 3192 1295 3136 3095 849 3062 159 378 293 895 326 25189 2207 2170 22982 7025 1941 1837 917 837 3006
cat_boundaries=0 1 2
cat_threshold=57345 12357
is_linear=0
shrinkage=0.05


Tree=248
num_leaves=31
num_cat=1
split_feature=20 4 4 4 4 21 4 23 7 17 23 19 18 15 0 8 12 4 15 23 15 18 18 20 16 18 15 13 23 2
split_gain=2.54019 7.60974 9.0983 5.03355 4.34938 4.33648 3.4091 3.37362 3.36083 1.93095 2.31382 1.8726 11.8593 8.61884 6.46175 6.13193 4.48988 8.20027 9.52197 5.19012 5.50809 5.11922 4.87838 4.52613 6.21081 5.04348 5.76626 4.50906 4.25932 3.97978
threshold=1.0000000180025095e-35 10.500000000000002 3.5000000000000004 6.5000000000000009 1.5000000000000002 0.71754226264466137 7.5000000000000009 1.0651148533437413 1.5000000000000002 6.6849754112465458 0.69331376394879285 8.1674943672940241 0.075786479495337025 8.5530487046315731 0 5.5000000000000009 8.0075332078766461 9.5000000000000018 8.0794589554913046 6.2437017006216244 8.2061249493002979 0.029403397973934018 0.072155791913293507 0.074468649066434758 0.073649357767694615 0.045666107686153083 8.1041083815946564 8.2041239973879385 5.0293384759503033 1.5000000000000002
decision_type=8 2 2 2 2 8 2 10 10 10 8 10 10 8 1 2 10 2 10 10 10 10 10 10 10 10 10 8 10 2
left_child=1 2 4 9 7 6 -5 -1 -7 -4 -11 16 13 14 15 -13 -2 19 21 -18 -21 -19 -22 25 27 26 -20 -25 -15 -14
right_child=11 -3 3 5 -6 8 -8 -9 -10 10 -12 12 29 28 -16 -17 17 18 23 20 22 -23 -24 24 -26 -27 -28 -29 -30 -31
leaf_value=2.227962562355579e-05 7.2271407012269864e-07 -1.0777801311734337e-05 0.0010543141482890483 -1.1553567410782506e-05 -2.451009220587608e-05 4.8049861897769837e-06 -5.0674642246839598e-07 -4.8598142488742727e-05 -0.00043045292462422506 1.6930966485317889e-05 1.5000341191928613e-05 0.0013728425111578348 -4.9731477105741108e-06 0.003526362361867852 -0.00045229028311184473 -0.00032489585639763343 0.00080128386734688037 0.0024911655917921219 0.0012894769134478069 0.0022368503991505584 0.0032004381321510955 0.0006148873581761638 -0.00071711023378551175 -0.00045663817124648177 -0.00059744686426865812 0.0032497564031043428 -0.0019582532497634197 -0.0018867426070564798 -0.0028756537392776063 -0.0010104470588075288
leaf_weight=52 171956 130 38 55 85 219 59 57 54 20 107 248 1636 570 602 94 2134 59 20 189 41 880 79 178 742 41 31 198 35 3220
leaf_count=52 171956 130 38 55 85 219 59 57 54 20 107 248 1636 570 602 94 2134 59 20 189 41 880 79 178 742 41 31 198 35 3220
internal_value=3.3999e-06 -0.00268265 -0.000737265 0.00253623 -0.0100515 -0.000581395 -0.00877193 -0.00344037 0.00283883 0.00984848 0.00688976 1.6261e-05 -0.000823575 0.0029858 0 0.00539773 4.67295e-05 0.00158972 -0.000663099 0.00357143 0.00962783 0.00311502 0.00125 -0.00359504 -0.00447227 0.00706522 -0.00343137 -0.00970745 0.00764463 -0.00203871
internal_weight=183829 876 746 552 194 387 114 109 273 165 127 182953 6405 1549 944 342 176548 4592 2149 2443 309 939 120 1210 1118 92 51 376 605 4856
internal_count=183829 876 746 552 194 387 114 109 273 165 127 182953 6405 1549 944 342 176548 4592 2149 2443 309 939 120 1210 1118 92 51 376 605 4856
cat_boundaries=0 1
cat_threshold=5633
is_linear=0
shrinkage=0.05


Tree=249
num_leaves=31
num_cat=3
split_feature=20 4 4 21 8 22 11 23 23 13 11 19 0 18 8 19 17 16 22 22 23 0 12 13 20 17 23 16 1 17
split_gain=3.47878 8.25873 7.22645 4.53033 4.03128 3.97633 2.87736 2.62469 2.3042 2.20979 4.287 4.88695 4.51177 7.2335 5.74879 4.88414 4.25676 3.55075 3.77468 3.39563 4.88296 3.47306 3.24131 3.16704 5.1541 4.21503 3.22853 3.14821 3.76346 3.03258
threshold=1.0000000180025095e-35 10.500000000000002 3.5000000000000004 0.71754226264466137 6.5000000000000009 2.5687807938343217 7.3128864978553141 0.79455950150566201 0.6931071725578114 6.110357461133523 6.2176031103882972 6.9952932463749233 0 0.055618145063373418 5.5000000000000009 6.4785658301515463 7.0457570818679534 0.0087760965597175316 4.3168210020297435 7.6622326870510662 5.9244963238185209 1 5.992712987207276 6.2116030863880871 0.10282192966907082 6.232486072302426 2.6389307766950703 0.34079900380006561 2 6.1782257415122013
decision_type=8 2 2 8 2 8 10 8 10 8 8 8 1 8 2 10 10 10 10 10 10 1 8 10 10 10 8 8 1 10
left_child=1 2 4 -4 5 -1 -5 -8 -7 17 11 12 13 14 -11 22 -13 18 -2 20 21 -19 -15 27 25 -25 -26 -14 -29 -28
right_child=9 -3 3 6 -6 8 7 -9 -10 10 -12 16 23 15 -16 -17 -18 19 -20 -21 -22 -23 -24 24 26 -27 29 28 -30 -31
leaf_value=8.8995744318420833e-06 0.0016805106121652537 -9.8278210262092713e-06 -2.5075665805118775e-06 1.4275955032627686e-05 -2.0606911810583386e-05 0.00070151185547751016 4.636456227073982e-05 4.1117836740323101e-06 -4.7172770796555247e-05 -0.00014355611323093597 8.5630728862806656e-06 -0.011014950978590133 0.00043128130293550453 0.0017935473379727008 0.001549673077326208 0.0030803407765014113 0.0043268338546547996 0.00018631178750236899 -0.0022152298299986661 0.0024390473414788172 -0.0019632649731563313 0.0012554276135552378 -0.0020833803150399179 -8.1423771759969743e-05 0.0027439255263536303 -0.0019324680643192595 0.00052820232311074917 0.0075647013382698974 -0.0060842340138173917 -0.0006693296506673275
leaf_weight=55 57 128 172 234 56 26 30 127 73 131 176949 90 1194 28 74 36 21 870 82 28 227 592 455 112 160 137 291 23 160 1144
leaf_count=55 57 128 172 234 56 26 30 127 73 131 176949 90 1194 28 74 36 21 870 82 28 227 592 455 112 160 137 291 23 160 1144
internal_value=1.93185e-05 -0.00307991 -0.00113195 0.0018206 -0.00904762 -0.00487013 0.0047954 0.0100318 -0.0108586 3.45891e-05 1.69885e-05 -0.00159024 -0.00129911 -0.00483651 0.00304878 -0.00804432 -0.0119369 0.00175108 -0.00593525 0.00237333 0.00208703 0.00314637 -0.00936853 -0.000487465 -0.00184382 -0.00853414 -0.000799373 0.00132534 -0.00478142 -0.00155052
internal_weight=183762 901 773 563 210 154 391 157 99 182861 181005 4056 3945 724 205 519 111 1856 139 1717 1689 1462 483 3221 1844 249 1595 1377 183 1435
internal_count=183762 901 773 563 210 154 391 157 99 182861 181005 4056 3945 724 205 519 111 1856 139 1717 1689 1462 483 3221 1844 249 1595 1377 183 1435
cat_boundaries=0 1 2 3
cat_threshold=3088 15024 4
is_linear=0
shrinkage=0.05


Tree=250
num_leaves=31
num_cat=1
split_feature=20 4 4 21 23 23 21 21 12 10 11 23 20 16 0 17 10 17 11 12 17 11 10 15 17 10 21 15 10 15
split_gain=2.70191 6.36889 7.09117 4.85149 3.1889 3.03565 2.56308 2.44676 5.46595 6.19789 4.87664 4.73908 3.5734 3.1508 3.03753 4.39911 3.69422 14.4596 12.8163 7.60914 7.0966 7.12536 5.31741 11.1087 7.76747 10.4051 10.2031 9.58912 9.37262 11.2666
threshold=1.0000000180025095e-35 10.500000000000002 3.5000000000000004 0.71754226264466137 0.75109080256885963 1.0399299351045934 1.9095150692894911 7.1512895007433022 7.5503982927968831 7.4404391602237441 8.1622300485615504 6.9949689287973529 0.062609912607316034 0.03093707086265091 0 5.9841555006066143 6.6483364617940532 6.7438323036456964 7.9915908515222656 8.0434947150409375 8.0120536589518121 8.8272695731952897 6.8314139001060186 6.7952368969855597 7.0242830957388298 7.1320980310634789 3.0468977391027221 7.1467594721225893 6.9693205241217697 6.9065964595707348
decision_type=8 2 2 8 8 8 10 10 8 8 8 8 10 10 1 8 10 10 10 10 10 10 10 8 10 10 8 8 10 10
left_child=1 2 4 -4 -1 -5 -6 14 9 -9 11 12 -10 -12 -2 -16 18 -18 19 -17 -20 -22 23 -19 28 26 -26 -27 29 -24
right_child=7 -3 3 5 6 -7 -8 8 10 -11 13 -13 -14 -15 15 16 17 22 20 -21 21 -23 24 -25 25 27 -28 -29 -30 -31
leaf_value=-2.1163763027942652e-05 -4.3502006605367076e-05 -9.2647425787184555e-06 -2.4483010888420868e-06 1.2036129087267256e-05 -2.1795354931963828e-06 4.88098893511868e-06 -9.1189761607113351e-05 -2.7431053810267337e-05 0.00022357543989950381 0.0012964880411388436 -0.00038092337167527912 -0.00050599635240071721 -0.0018997481303932862 0.00012519222104678818 0.001667144531020215 -8.2197069802547598e-05 0.00056644668712908526 0.00018286426507492238 0.0035301271865573192 0.0020009015997907833 0.00023546142665882287 0.010903288506023668 0.00038840010579315192 -0.00071644983436582879 0.001148460537849716 0.00087432860149521123 -0.00033652102432606417 3.0577947799192986e-05 0.00049712844967684242 -0.00020535522780036343
leaf_weight=65 71537 135 169 97 111 297 32 3582 41 245 336 1020 146 799 189 42904 4186 1852 489 569 1161 78 2492 2783 798 1522 6220 33037 4426 2544
leaf_count=65 71537 135 169 97 111 297 32 3582 41 245 336 1020 146 799 189 42904 4186 1852 489 569 1161 78 2492 2783 798 1522 6220 33037 4426 2544
internal_value=-3.56245e-05 -0.00275938 -0.00100519 0.00190941 -0.00889423 0.00494924 -0.00472028 -2.21365e-05 -0.00100097 0.000163313 -0.0029035 -0.00511599 -0.0124332 -0.000550661 1.20201e-05 0.00018288 0.000169187 0.000426829 -0.000172009 -0.000339866 0.00405093 0.00203793 0.000213744 -0.00140777 0.000360998 6.67436e-05 -0.00168852 0.000423189 0.00165398 0.000178713
internal_weight=183862 906 771 563 208 394 143 182956 6169 3827 2342 1207 187 1135 176787 105250 105061 59860 45201 43473 1728 1239 55674 4635 51039 41577 7018 34559 9462 5036
internal_count=183862 906 771 563 208 394 143 182956 6169 3827 2342 1207 187 1135 176787 105250 105061 59860 45201 43473 1728 1239 55674 4635 51039 41577 7018 34559 9462 5036
cat_boundaries=0 1
cat_threshold=8794
is_linear=0
shrinkage=0.05


Tree=251
num_leaves=31
num_cat=4
split_feature=4 19 0 20 19 12 16 11 0 4 4 17 3 18 18 17 23 17 15 17 0 16 15 16 0 15 21 20 16 15
split_gain=2.04899 9.44662 14.5201 5.09785 5.03619 8.40019 7.99392 8.28965 6.08682 10.1499 13.3471 8.21977 6.06263 5.21828 4.88609 6.11392 5.37622 5.35561 7.53773 5.97401 5.05042 9.4711 4.97282 4.85099 11.1456 5.5756 4.82987 9.07004 5.77754 5.57622
threshold=10.500000000000002 6.3118571825043261 0 1.0000000180025095e-35 8.1112974079172862 8.0075332078766461 0.17122877941643014 6.7171997342723353 1 1.5000000000000002 5.5000000000000009 8.1402912018707934 2.5000000000000004 0.091838262034201937 0.044555037558675813 8.2626584699169889 0.77380959676134509 8.5337749101913492 8.7983821770676496 8.7630688070276204 2 0.16762717059955223 8.1041083815946564 0.037736859904045246 3 8.010400506492223 6.7181673204475407 0.13647855253710819 0.058822155269994035 7.6804502555480054
decision_type=2 10 1 10 8 10 10 8 1 2 2 8 2 10 8 10 8 10 10 10 1 10 10 10 1 10 10 10 8 8
left_child=4 2 -2 -3 5 -1 7 -6 11 -10 -11 -9 -7 -14 15 22 -16 20 19 -19 21 -18 23 25 -25 -5 28 -28 -22 -29
right_child=1 3 -4 14 6 12 -8 8 9 10 -12 -13 13 -15 16 -17 17 18 -20 -21 26 -23 -24 24 -26 -27 27 29 -30 -31
leaf_value=1.4219352795019625e-05 -0.00021761417743304534 -5.9541048929911969e-06 0.0047769842120703124 -3.1768061665005125e-05 -0.0091026045521312333 0.0018326615824069137 -0.0021245676391973057 -0.0019769171243809503 0.0026793816746153 -0.0091170358801028421 -0.00029217642660692714 0.00042905279177380963 0.0011399716636361745 -8.6817835044605829e-05 0.00042104940471192624 0.0020267699721769894 -0.00076853072800227025 0.0019608383878733093 -0.0013273255830773324 0.012005181635933938 0.00024276808589536182 0.00069528155090048394 -0.0011658343485049904 -0.0010623896555923106 0.0010244466035555179 0.0013227275417908579 6.9629144685756655e-05 -0.00062360838716624123 -0.0002170492350331621 -0.0019858937430784706
leaf_weight=145150 399 130 410 1501 69 1191 987 335 290 477 2210 3121 239 1293 1681 127 7590 221 119 60 2949 1689 77 107 422 85 1248 643 8433 344
leaf_count=145150 399 130 410 1501 69 1191 987 335 290 477 2210 3121 239 1293 1681 127 7590 221 119 60 2949 1689 77 107 422 85 1248 643 8433 344
internal_value=4.20759e-05 -0.000349743 0.00497528 -0.000506818 0.000113284 0.000177348 -0.00115169 -0.000515226 -0.000330328 -0.0019836 -0.00294939 0.00109636 0.00292876 0.000848564 -0.000459774 0.00173566 -0.000663611 -0.000860663 0.004875 0.00934164 -0.000960867 -0.00185973 0.0011177 0.0015721 0.00571834 0.000189155 -0.000346738 -0.00247204 7.02864e-05 -0.0060537
internal_weight=183597 28235 809 27426 155362 147873 7489 6502 6433 2977 2687 3456 2723 1532 27296 2319 24977 23296 400 281 22896 9279 2192 2115 529 1586 13617 2235 11382 987
internal_count=183597 28235 809 27426 155362 147873 7489 6502 6433 2977 2687 3456 2723 1532 27296 2319 24977 23296 400 281 22896 9279 2192 2115 529 1586 13617 2235 11382 987
cat_boundaries=0 1 2 3 4
cat_threshold=42498 54422 35226 45056
is_linear=0
shrinkage=0.05


Tree=252
num_leaves=31
num_cat=3
split_feature=18 19 7 10 0 20 12 19 0 21 21 18 18 20 10 19 18 22 12 17 10 15 10 20 12 13 16 17 0 12
split_gain=3.40902 7.11222 11.631 7.24245 6.7664 6.25346 6.31375 6.73197 5.59601 5.51562 5.38122 9.29706 6.04094 5.38019 5.23927 4.81759 7.97574 8.98509 8.41959 10.5758 7.58911 7.64131 7.01553 5.85015 5.51014 6.28119 5.40798 7.54967 6.16226 6.35129
threshold=0.072812222893796255 7.9884189688966964 1.5000000000000002 7.2817282408204109 0 0.12905485411011974 7.5248301129598225 6.7983393503569109 1 7.1512895007433022 0.85418893014450203 0.031309557126473354 0.033031021069887166 0.039798252968116468 7.4682278018910955 7.9380349766914593 0.10155326020985499 3.5849059018974727 8.1572207036699762 7.8269895419162436 7.8073020336262013 7.7918171560465863 8.3208116111730011 0.18816514838881473 8.0075332078766461 8.1572207036699762 0.062161004903903201 6.2067729615038676 2 7.111919780603535
decision_type=8 10 10 8 1 10 8 10 1 10 8 10 10 10 8 10 10 8 8 10 10 10 8 10 10 10 8 10 1 8
left_child=1 3 8 -1 -5 6 10 -8 -3 -9 13 14 -13 -6 -12 20 23 -18 19 -19 24 -22 -20 -17 26 -26 27 -2 29 -29
right_child=15 2 -4 4 5 -7 7 9 -10 -11 11 12 -14 -15 -16 16 17 18 22 -21 21 -23 -24 -25 25 -27 -28 28 -30 -31
leaf_value=1.1552659859992433e-05 -0.0012599603067132926 0.00060710247182651502 0.0025277634725183965 -0.0007011156828906185 -9.936658315634618e-06 -0.00039678956148145875 -0.00061638839681053001 6.9399785051493801e-05 -0.00030221807223780318 -0.00041880940360103928 2.1959147681060998e-05 -0.00043160132075321657 -0.00015805550423895199 -9.0706602362766731e-05 5.037916681338573e-06 4.3151945140706971e-05 0.00024282327013365191 0.00078317821119056052 -0.0013143605843203511 -0.002064810377563453 0.0019934652474038919 0.00016273825330777037 2.7053492993411868e-05 0.0016313097386379206 0.0035954167930960512 -0.0015487570111020867 -1.4276973699800522e-05 0.00043991734584212242 -7.990106351551951e-06 0.00010305068145215479
leaf_weight=27769 373 952 339 1759 363 2729 979 8936 874 318 791 344 9913 498 1401 1805 2375 268 1554 1674 2363 4732 2746 617 495 98 90172 4051 6884 5142
leaf_count=27769 373 952 339 1759 363 2729 979 8936 874 318 791 344 9913 498 1401 1805 2375 268 1554 1674 2363 4732 2746 617 495 98 90172 4051 6884 5142
internal_value=-1.20013e-05 -0.000329078 0.00248268 -0.000438172 -0.00100514 -0.000802831 -0.0005405 0.000393335 0.000903614 0.00081046 -0.00125845 -0.000994056 -0.00162572 -0.0050813 0.00196168 0.000134624 -0.00086285 -0.00157537 -0.00257129 -0.00530381 0.000230951 0.00181466 -0.00133721 0.00167217 0.000126148 0.00493255 9.94166e-05 0.000933131 0.00109629 0.0019423
internal_weight=183314 57965 2165 55800 28031 26272 23543 10233 1826 9254 13310 12449 10257 861 2192 125349 11039 8617 6242 1942 114310 7095 4300 2422 107215 593 106622 16450 16077 9193
internal_count=183314 57965 2165 55800 28031 26272 23543 10233 1826 9254 13310 12449 10257 861 2192 125349 11039 8617 6242 1942 114310 7095 4300 2422 107215 593 106622 16450 16077 9193
cat_boundaries=0 1 2 3
cat_threshold=322 40233 4795
is_linear=0
shrinkage=0.05


Tree=253
num_leaves=31
num_cat=2
split_feature=13 18 22 19 0 23 15 6 13 10 22 19 10 23 15 17 10 17 19 23 19 18 21 22 16 0 19 15 7 17
split_gain=2.22937 2.11419 7.3371 5.86585 6.69492 6.1657 5.57498 4.23385 5.54592 3.02619 2.99908 2.97146 2.80815 3.17855 2.54917 2.50665 3.88837 3.11017 3.66007 4.16291 4.44189 3.41741 3.81538 3.23022 2.98258 2.70838 4.37528 4.15083 2.79667 2.5704
threshold=9.3545179236839946 0.41301574735743501 6.7107057800992882 7.1296993643630566 0 3.6910121464252437 7.4372423182002629 1.0000000180025095e-35 6.6864847774674381 7.4974835395764439 3.7623615564016326 6.7027977838492108 8.395235567913474 6.4654941470080169 6.9797463350625693 7.16763489591587 7.4682278018910955 7.416617483055159 7.4443603456260439 1.5430873896410076 7.6772935926991241 0.56898791336510268 3.8297271732458493 1.7491620461964394 0.21535686742011231 1 7.8404273631886623 7.9925207001280638 3.5000000000000004 8.1402912018707934
decision_type=10 10 10 10 1 8 8 2 10 10 8 10 10 10 10 10 10 10 10 8 10 10 10 10 8 1 10 8 10 10
left_child=1 -1 3 4 5 10 7 9 -9 -6 -3 -12 13 15 -10 16 24 23 -19 -20 21 22 -21 -17 -5 29 -27 -28 -29 -22
right_child=-2 2 -4 12 6 -7 -8 8 14 -11 11 -13 -14 -15 -16 17 -18 18 19 20 25 -23 -24 -25 -26 26 27 28 -30 -31
leaf_value=-3.1977611510303207e-06 0.010194753556475301 -0.010829862871554852 0.010528375522671208 0.009923791657569403 -0.00089791997793935434 0.0039627847183719032 0.0072180136651265325 0.0096015823280445126 0.008417430934324099 0.0053206684238466199 -0.0068329635838090489 0.0017720730117970929 -0.008072635349337132 0.010476800557761257 -0.0014586989888672132 0.0013022212554404168 0.01520345518958215 -0.0044682398644889437 -0.0060177423805191539 0.0070546762445736991 -0.0090372881181942418 -0.0017554327807251192 -0.0050526747866397777 0.0079008713956068011 -0.0078897898576506097 0.0067259057474398538 0.0034263105939843943 -0.0071834614422831679 0.010956512596993618 0.011274029158611577
leaf_weight=181270 22 79 58 24 223 285 236 155 36 20 45 32 52 25 66 285 20 206 52 104 169 59 20 61 169 37 84 63 22 47
leaf_count=181270 22 79 58 24 223 285 236 155 36 20 45 32 52 25 66 285 20 206 52 104 169 59 20 61 169 37 84 63 22 47
internal_value=-6.52082e-06 -8.42373e-06 0.00137162 0.000990284 0.00363212 -0.00127494 0.00650134 0.0036 0.00807393 -0.00113169 -0.00929487 -0.00227273 -0.00108406 -0.000673808 -0.000980392 -0.000984529 -0.00598592 -0.000103391 -0.00170915 0.000114155 0.00128099 0.00778689 0.0125 0.00390173 -0.00816062 -0.00154028 0.0025463 -0.000739645 -0.00852941 -0.00530973
internal_weight=184026 184004 2734 2676 1177 441 736 500 257 243 156 77 1499 1447 102 1422 213 1209 863 657 605 183 124 346 193 422 206 169 85 216
internal_count=184026 184004 2734 2676 1177 441 736 500 257 243 156 77 1499 1447 102 1422 213 1209 863 657 605 183 124 346 193 422 206 169 85 216
cat_boundaries=0 1 2
cat_threshold=8536 32840
is_linear=0
shrinkage=0.05


Tree=254
num_leaves=31
num_cat=6
split_feature=10 21 15 0 13 16 18 22 11 23 23 20 20 11 15 10 0 10 11 0 14 0 14 13 0 0 18 21 17 17
split_gain=2.26856 4.26274 5.47482 6.49057 4.50308 3.92006 3.75556 3.22196 3.66241 3.15921 3.14873 3.07912 2.90184 2.7728 2.56012 6.36453 5.68758 4.69992 4.39636 4.71425 3.96162 4.11614 4.39528 4.47144 4.10918 3.61779 3.37728 3.0487 3.04295 4.54323
threshold=6.2275238364393255 1.1150072000796054 6.2401693155098394 0 6.4305252799863091 0.11506043413769938 0.056744586759611096 4.103469129056033 5.5729269024244674 4.0195543578698043 3.6910121464252437 0.14502061362095761 0.11791769505983839 7.0488206249888608 6.3985975381764968 6.4523117665326337 1 6.6547964352754336 6.3465127852423047 2 6.2431950830594518 3 6.1913389476640104 6.2681484161238128 4 5 0.028385596778298234 6.7902097088019735 6.2950619357622868 6.3319211500892898
decision_type=8 8 8 1 10 10 10 10 10 8 10 10 10 8 8 8 1 8 10 1 10 1 8 8 1 1 10 8 8 8
left_child=1 11 5 4 -4 -3 -5 10 -9 13 -8 -1 -7 -6 17 16 -16 20 19 -18 21 22 -2 -24 -22 -19 -27 -25 -17 -30
right_child=14 2 3 6 9 12 7 8 -10 -11 -12 -13 -14 -15 15 28 18 25 -20 -21 24 -23 23 27 -26 26 -28 -29 29 -31
leaf_value=-0.00024700858386812464 7.6886504652251555e-05 -0.0001466684638141258 -0.00076506213705065387 -0.0033148390246136028 0.002469054120490255 0.0016698184892526059 -0.001700709355590746 0.0026547005259102367 -0.002554847215219147 0.0082152350197307374 0.0040973262228572787 0.0048843038355107955 0.00048800563557656053 -0.0042653284198229001 -0.0020806729310275385 -0.0018057096478685697 8.4564202318859757e-05 0.0019606016327899933 -0.00012809579964054852 -0.0021754034711428671 -0.00035382341175349552 0.0003261230074178556 0.0020523185143711542 -0.00055018692817359054 0.00050407758901331872 0.0012007333504777231 -0.00029830365432230725 0.0012495050157979026 0.0015390195788445027 2.6295802773912417e-06
leaf_weight=58 188 2206 448 67 122 44 437 76 342 38 117 112 1154 30 114 410 276 218 1750 548 875 938 208 92 759 69 2303 251 177 169242
leaf_count=58 188 2206 448 67 122 44 437 76 342 38 117 112 1154 30 114 410 276 218 1750 548 875 938 208 92 759 69 2303 251 177 169242
internal_value=6.80572e-07 -0.00102361 -0.0012842 -0.00362254 0.000385802 -0.000132197 -0.00602955 -0.00529835 -0.00861244 0.00684211 -0.00279783 0.00676471 0.00217028 0.00361842 3.08265e-05 -4.20248e-06 -0.00241815 0.00105491 -0.00189628 -0.00491505 0.00230293 0.00401014 0.0067757 0.00911978 0.000550796 -0.000540541 -0.00111251 0.00561224 3.40048e-05 4.44165e-05
internal_weight=183669 5251 5081 1677 638 3404 1039 972 418 190 554 170 1198 152 178418 172517 2688 5901 2574 824 3311 1677 739 551 1634 2590 2372 343 169829 169419
internal_count=183669 5251 5081 1677 638 3404 1039 972 418 190 554 170 1198 152 178418 172517 2688 5901 2574 824 3311 1677 739 551 1634 2590 2372 343 169829 169419
cat_boundaries=0 1 2 3 4 5 6
cat_threshold=18542 2048 16994 59905 35386 32786
is_linear=0
shrinkage=0.05


Tree=255
num_leaves=31
num_cat=0
split_feature=20 21 8 4 4 4 17 11 4 23 22 23 10 23 6 19 16 18 21 13 10 21 19 23 16 13 5 22 11 16
split_gain=3.45945 5.94273 5.15454 4.3269 2.58296 3.22047 3.65646 2.49747 2.28113 1.90794 1.82937 2.69829 1.82929 4.95322 5.49181 4.62077 4.59474 3.60866 3.46979 2.96297 6.3803 6.51407 4.97371 4.61535 4.59392 4.06502 3.82077 3.37957 3.99808 3.38552
threshold=1.0000000180025095e-35 0.71754226264466137 5.5000000000000009 10.500000000000002 3.5000000000000004 7.5000000000000009 7.0920614087945237 6.5489349224980922 2.5000000000000004 0.82446862701750179 2.5687807938343217 0.95868167035196661 6.2567088148180039 2.0512275922459415 1.0000000180025095e-35 6.1672163690271722 0.025633917030991736 0.19156471728716684 0.71754226264466137 6.3877203624541385 7.0753860309722159 5.0179416502801795 7.3791975582662861 5.9244963238185209 0.22164618401324443 6.2547894266644208 1.0000000180025095e-35 1.9530024665512917 6.1516677315751922 0.023783949330547432
decision_type=8 8 2 2 2 2 8 10 2 10 8 10 8 8 2 8 10 10 8 8 8 8 8 10 10 10 2 8 10 8
left_child=1 2 7 4 10 6 -6 -1 -4 -8 11 -3 13 14 17 16 -15 -2 -17 20 21 -14 23 24 27 -23 -25 -22 29 -29
right_child=12 3 8 -5 5 -7 9 -9 -10 -11 -12 -13 19 15 -16 18 -18 -19 -20 -21 22 25 -24 26 -26 -27 -28 28 -30 -31
leaf_value=-2.5641830076628128e-05 -0.00028390071347592641 -3.4601961892488657e-05 -1.6063270063404469e-05 -1.1425323797320531e-05 -0.00031403351151064744 -3.8025690951570828e-08 8.053728542740669e-05 5.4222499727529801e-06 -4.1234180725435721e-06 1.1662412514157339e-05 -8.7404527477685789e-05 4.5204404274823419e-05 2.6567950141487276e-05 -0.00095200751316810723 0.0066429473593442763 0.018088810967742265 0.00024932684217251479 0.0037503088892335782 -0.00048279719676789238 -1.6964846088818321e-06 0.0033861517024708077 0.0014492304282824444 -0.015193130081641516 -0.003188113801501702 0.003167848184843303 0.00035839952828058412 0.0041856137574872053 0.0010487790756943838 0.00037061017456390126 -0.0012498598828790898
leaf_weight=23 259 24 44 77 46 258 66 42 184 29 85 22 1114 255 46 21 1443 107 3349 172639 80 707 32 185 262 724 33 108 742 696
leaf_count=23 259 24 44 77 46 258 66 42 184 29 85 22 1114 255 46 21 1443 107 3349 172639 80 707 32 185 262 724 33 108 742 696
internal_value=-1.87804e-05 -0.00311111 -0.00895904 -0.000288303 0.00132075 0.0033208 0.00939716 0.00346154 -0.0125 0.015 -0.00477099 0.00326087 -3.55576e-06 -0.000903285 0.00436893 -0.00133189 0.000795053 0.0023224 -0.00240356 2.42497e-05 0.00126521 0.00295678 -0.000748363 -0.000451092 0.00034428 0.00518868 -0.00733945 -0.000645756 -0.00116429 -0.00360697
internal_weight=183702 900 293 607 530 399 141 65 228 95 131 46 182802 5480 412 5068 1698 366 3370 177322 4683 2545 2138 2106 1888 1431 218 1626 1546 804
internal_count=183702 900 293 607 530 399 141 65 228 95 131 46 182802 5480 412 5068 1698 366 3370 177322 4683 2545 2138 2106 1888 1431 218 1626 1546 804
is_linear=0
shrinkage=0.05


Tree=256
num_leaves=31
num_cat=3
split_feature=14 23 20 20 21 8 23 22 0 6 0 20 20 16 23 16 15 3 17 12 19 1 15 17 18 16 19 16 14 17
split_gain=2.54206 6.30208 2.81483 1.86612 6.32799 6.21954 4.13862 4.97949 3.18339 2.97476 2.13199 4.92819 8.20738 6.74621 5.30475 5.57443 5.27661 5.67566 4.44638 8.08566 8.02263 6.73666 6.16071 6.01256 5.1886 4.6369 4.55819 4.169 4.0195 5.10181
threshold=5.5729269024244674 4.802141907797882 0.34023425943627883 1.0000000180025095e-35 7.3658444617627863 5.5000000000000009 0.95868167035196661 6.69869947951398 0 1.0000000180025095e-35 1 0.069320016001576321 0.059723064261871316 0.045567028819997975 4.4292108813331916 0.050198186187052664 7.0395238333476753 3.5000000000000004 6.7910581856836627 7.0904933289280381 7.3791975582662861 2 6.8347400581175437 6.9549326913823277 0.1285950354434777 0.052942275547020468 6.7339893806300237 0.11210412393684614 6.1643663291330322 6.1102516108581968
decision_type=8 10 8 8 8 2 10 8 1 2 1 10 10 10 8 10 8 2 10 8 10 1 8 10 10 10 10 8 8 10
left_child=1 2 -1 4 5 -2 9 -8 -6 -7 11 12 16 -14 15 -15 28 -18 20 23 21 -13 24 25 -21 26 -20 -25 29 -5
right_child=3 -3 -4 10 8 6 7 -9 -10 -11 -12 18 13 14 -16 -17 17 -19 19 22 -22 -23 -24 27 -26 -27 -28 -29 -30 -31
leaf_value=0.0065159203269130831 4.6780579732619289e-06 -0.010048526938749514 -0.0010141826371794505 0.00037080717265283172 -0.0002440542342462493 -1.0953701756521994e-05 1.9311284473744195e-06 -3.7269063967970696e-05 5.3047428964259074e-05 -2.4450729700919993e-06 1.8427574167168005e-05 -0.00031721452717947685 -0.00076998195371884575 0.0018251154985027718 -0.00048044476234820888 0.00037156785431164964 -0.0010410884304447698 0.00019411836118718995 -0.00019697258462572089 -0.0020913392560452104 0.0035658166750022428 0.00026444124444160446 4.0234088978508001e-05 -0.00083868702791520819 -0.0012260820371074344 -0.00056564494938651235 0.00022173958823288321 -0.00099007203885499435 0.00021385627324648217 -0.001854686937773087
leaf_weight=22 154 80 26 99 124 121 106 33 224 135 135646 4331 1185 46 524 249 1420 1013 77 228 605 8371 20039 1159 304 2316 906 1516 2270 95
leaf_count=22 154 80 26 99 124 121 106 33 224 135 135646 4331 1185 46 524 249 1420 1013 77 228 605 8371 20039 1159 304 2316 906 1516 2270 95
internal_value=1.25393e-05 -0.00703125 0.00729167 1.74581e-05 -0.00225753 -0.00560109 -0.00892405 -0.00197842 0.00301724 -0.0126953 2.8646e-05 -0.000262494 -0.00149616 -0.00419162 -0.000702076 0.00466102 -0.000393098 -0.0020448 -4.8931e-05 -0.000422867 0.000697002 0.000429066 4.73968e-05 -0.00204218 -0.00526316 -0.000613822 0.00226348 -0.00380374 0.00123782 -0.0056701
internal_weight=183424 128 48 183296 897 549 395 139 348 256 182399 46753 6901 2004 819 295 4897 2433 39852 26545 13307 12702 20571 5974 532 3299 983 2675 2464 194
internal_count=183424 128 48 183296 897 549 395 139 348 256 182399 46753 6901 2004 819 295 4897 2433 39852 26545 13307 12702 20571 5974 532 3299 983 2675 2464 194
cat_boundaries=0 1 2 3
cat_threshold=16562 10056 1
is_linear=0
shrinkage=0.05


Tree=257
num_leaves=31
num_cat=1
split_feature=20 17 21 11 23 12 8 3 3 14 10 15 12 13 10 0 18 23 5 17 15 10 18 11 21 23 13 4 13 11
split_gain=3.17832 5.60685 4.29376 6.70347 4.02605 4.28599 4.26127 3.26709 4.56412 2.89023 2.81991 16.782 9.83297 6.93082 8.26493 6.41652 5.83872 5.79225 5.67561 5.59288 5.50592 7.30865 5.4541 4.71822 4.61389 4.56835 4.3987 4.21611 4.14112 3.93331
threshold=1.0000000180025095e-35 6.5563962494082153 0.66750053336617021 6.9082550291486795 0.95868167035196661 7.2452983069657719 5.5000000000000009 5.5000000000000009 2.5000000000000004 7.3128864978553141 7.8073020336262013 7.8043244326352621 8.7719603986732384 8.2573848150395737 8.1354867319456314 0 0.13641875424532432 4.4292108813331916 1.0000000180025095e-35 7.5277982030358723 8.1815846450434737 8.2573848150395737 0.059703013610908753 8.2177074967233796 7.0470822496030268 5.2112295363224463 8.5958799490139821 7.5000000000000009 7.5248301129598225 8.0727781170296904
decision_type=8 8 10 10 8 8 2 2 2 10 10 10 10 8 10 1 10 8 2 10 10 10 10 10 10 8 10 2 10 10
left_child=1 -1 3 -3 6 -6 -4 8 -7 -10 12 15 29 14 -13 16 18 22 -12 -18 23 27 -16 -19 25 -21 -14 -22 -17 -2
right_child=10 2 4 -5 5 7 -8 -9 9 -11 11 13 26 -15 17 28 19 20 -20 24 21 -23 -24 -25 -26 -27 -28 -29 -30 -31
leaf_value=0.00073211545895552905 -1.1666080834382699e-05 -0.00021135655768675932 1.5098147803982444e-06 5.1942007946603755e-05 -6.6574758466675374e-05 -1.2852348759029299e-06 -6.9700887880497225e-06 -2.6182028125054658e-05 -5.4573180897854461e-06 5.741029386685526e-06 0.0027526620063200282 -4.2438741638495261e-05 0.00044859052928325482 -0.00028380756637726991 -0.00066673266247549998 0.0017966510245464029 0.0038939786215757889 0.0029231431966713298 -0.0007245924641757107 -0.0008354070279720905 0.0026647090413450592 0.0015314563237194712 0.00040051250954826757 -6.6543788736517237e-05 -0.0063716868850260738 0.0024025416689569036 0.0092186132843004916 -0.0013481358402918087 -0.0006342868050034367 0.00054910205534719481
leaf_weight=24 163868 206 54 119 39 65 263 29 20 56 581 5475 59 5691 45 959 398 499 58 403 25 369 1263 111 20 314 105 116 498 1858
leaf_count=24 163868 206 54 119 39 65 263 29 20 56 581 5475 59 5691 45 959 398 499 58 403 25 369 1263 111 20 314 105 116 498 1858
internal_value=6.26396e-06 -0.003 -0.00367215 0.000846154 -0.00646388 -0.00107656 -0.0100158 0.00235294 0.00549645 0.0138158 2.06606e-05 0.000637444 -4.18952e-05 -0.000132411 0.000825636 0.00387651 0.00588565 0.00325371 0.00974178 0.00376652 0.00589286 0.00205882 0.000993884 0.00909836 0.00118725 0.00184798 0.0121951 -0.00762411 0.00138037 -5.40048e-05
internal_weight=183590 875 851 325 526 209 317 170 141 76 182715 16825 165890 13594 7903 3231 1774 2428 639 1135 1120 510 1308 610 737 717 164 141 1457 165726
internal_count=183590 875 851 325 526 209 317 170 141 76 182715 16825 165890 13594 7903 3231 1774 2428 639 1135 1120 510 1308 610 737 717 164 141 1457 165726
cat_boundaries=0 1
cat_threshold=55331
is_linear=0
shrinkage=0.05


Tree=258
num_leaves=31
num_cat=4
split_feature=20 21 11 8 0 23 3 12 23 3 23 6 3 14 8 19 20 19 23 11 14 10 17 17 19 19 0 0 22 0
split_gain=2.23641 7.20556 7.78945 4.39241 3.76589 3.69543 3.35533 3.34229 3.30538 3.27378 2.65056 2.62576 3.52906 2.4288 2.00654 5.49752 5.49345 4.90984 7.99032 7.98737 6.43624 6.62125 5.38183 6.34927 7.87382 5.40933 6.7931 5.87857 4.17522 4.15766
threshold=1.0000000180025095e-35 6.8459862469270414 7.4974835395764439 5.5000000000000009 0 1.1099306967952589 1.0000000180025095e-35 6.7458242390288694 0.88612133633453694 5.5000000000000009 0.88612133633453694 1.0000000180025095e-35 1.5000000000000002 7.3128864978553141 1.5000000000000002 8.4829332955706498 0.55864286566772003 7.3455332787747709 3.4712055116152225 6.8040598888354813 6.8580395486683789 7.1320980310634789 7.7500375875879248 7.4517596618881115 7.5710814444043502 7.8938077595985581 1 2 4.1596637236431482 3
decision_type=8 8 8 2 1 8 2 10 10 2 10 2 2 10 2 10 10 8 8 8 8 8 8 10 10 8 1 1 10 1
left_child=1 3 5 -1 10 -3 -5 -7 11 13 -4 -8 -13 -10 15 16 17 29 -19 -20 -21 -22 23 24 -23 27 -27 -24 -29 -2
right_child=14 2 4 6 -6 7 8 -9 9 -11 -12 12 -14 -15 -16 -17 -18 18 19 20 21 22 25 -25 -26 26 -28 28 -30 -31
leaf_value=1.4387162663442865e-06 0.0011242214202982659 4.9396615588870324e-05 -0.00043404449148198854 -3.0395533915728025e-05 8.5865849524191518e-05 0.00011677522762925108 -1.0057512229311173e-05 -2.2113767329212665e-05 -1.7013408302313239e-05 -1.0249084062241566e-05 -0.00021693208406876608 5.5743317059153701e-06 -3.4464890810159687e-06 1.9528756626030485e-06 1.3815769999814265e-05 0.0060090404372506795 0.010571936766639013 -0.0040364545888452062 -0.010548992360258393 -0.014619855491209411 -0.0021249457831693519 0.0013810007563566096 -0.00072834479330989858 -0.0021755733621817487 -0.0075368747373056435 -0.0032561157295267098 0.0016092199111551687 0.0031764082126578331 -0.0072355749548654652 -0.0008491806822606752
leaf_weight=121 223 62 94 46 103 55 82 63 21 23 24 20 97 91 173230 95 148 99 38 35 149 260 188 548 57 622 2065 763 25 4160
leaf_count=121 223 62 94 46 103 55 82 63 21 23 24 20 97 91 173230 95 148 99 38 35 149 260 188 548 57 622 2065 763 25 4160
internal_value=4.45244e-05 -0.00243902 0.00255611 -0.00643713 -0.00373303 0.0102778 -0.00907895 0.00508475 -0.00733533 -0.0012963 -0.009375 -0.0114322 -0.00662393 0.00223214 5.67855e-05 -0.000651715 -0.000772921 -0.000926127 0.000170138 0.000463158 0.000647284 0.000807141 0.00114841 -0.00239884 0.00323344 0.00198608 0.000828061 0.00517418 0.00701754 -0.00213895
internal_weight=183607 902 401 501 221 180 380 118 334 135 118 199 117 112 182705 9475 9380 9232 4849 4750 4712 4677 4528 865 317 3663 2687 976 788 4383
internal_count=183607 902 401 501 221 180 380 118 334 135 118 199 117 112 182705 9475 9380 9232 4849 4750 4712 4677 4528 865 317 3663 2687 976 788 4383
cat_boundaries=0 1 2 3 4
cat_threshold=16548 10297 1280 16408
is_linear=0
shrinkage=0.05


Tree=259
num_leaves=31
num_cat=4
split_feature=17 10 15 0 10 15 0 10 13 19 1 16 15 4 20 16 10 15 20 15 0 4 19 17 16 18 6 4 19 20
split_gain=2.6642 16.2577 9.81078 9.75715 8.19577 7.24914 9.94656 6.6232 4.90535 6.25097 6.17782 6.36128 5.62826 6.05239 5.06211 5.0487 5.91645 5.2032 5.02008 6.82577 5.71499 7.25139 5.03807 6.9033 6.05394 5.02461 5.77056 9.02954 7.94273 7.88233
threshold=7.2761927279091099 7.4974835395764439 7.3383304993538623 0 8.2304437952050211 7.2582684553625247 1 7.2348981604083002 7.4682278018910955 7.3190706031339428 2 0.024383364303120828 7.4372423182002629 4.5000000000000009 0.054329444409475312 0.077004239292880611 7.9571757909813918 7.4961028498443385 0.059723064261871316 7.5391201334918598 3 7.5000000000000009 8.2701949356695348 8.2626584699169889 0.077004239292880611 0.03742342545924885 1.0000000180025095e-35 2.5000000000000004 7.5710814444043502 0.12372536912563827
decision_type=10 10 8 1 10 10 1 8 8 8 1 8 10 2 10 8 8 10 10 8 1 2 10 10 8 10 2 2 10 10
left_child=1 5 -2 4 -3 -1 7 -7 12 15 11 -11 -4 14 -14 16 17 -10 19 -13 21 -21 23 25 -24 -20 27 -27 -28 -29
right_child=2 3 8 -5 -6 6 -8 -9 9 10 -12 18 13 -15 -16 -17 -18 -19 22 20 -22 -23 24 -25 -26 26 28 29 -30 -31
leaf_value=1.6104208524492236e-06 -3.9297484350742097e-05 -0.00078734005096041675 3.3852832261205281e-06 0.0053804234380317346 0.01693868262237852 -0.002554392209785661 0.0010838018906679237 0.00041979058240633195 -0.00086324214038180358 -0.00029838112493743021 -0.00010111554523049016 -0.00076796593240742179 0.0012313532481635027 0.0007353552592042512 -0.0004783048279318525 -0.0004993779057597792 8.0636065916817054e-05 -0.0021658702576940803 -0.00061237822754205422 -0.00076823529290872552 0.0016768592918982696 0.0017344432684319067 -0.00095298415490376878 0.0015482396305602109 4.0727795358463936e-06 0.00068630939467608789 -5.4453538006460361e-05 0.00054251101375246691 0.00099089793742082057 -0.00054575361737798647
leaf_weight=112057 9107 445 6302 671 46 311 1702 1750 214 1222 26431 108 54 3254 963 1917 180 194 423 109 339 131 524 469 1375 2942 1562 1291 2732 4723
leaf_count=112057 9107 445 6302 671 46 311 1702 1750 214 1222 26431 108 54 3254 963 1917 180 194 423 109 339 131 524 469 1375 2942 1562 1291 2732 4723
internal_value=-4.35853e-06 0.000139338 -0.000256888 0.0060241 0.000548902 8.0297e-05 0.00223891 -0.000108643 -1.52282e-05 -0.000234612 -9.74516e-05 0.000618384 0.000957628 0.00235893 -0.00100787 -0.00266467 -0.00671769 -0.010049 0.000872788 0.00505822 0.00721071 0.001 0.000693535 0.00101824 -0.00172459 0.000813647 0.000984906 0.000262394 0.00249185 -0.000848021
internal_weight=183548 116982 66566 1162 491 115820 3763 2061 57459 46886 44381 17950 10573 4271 1017 2505 588 408 16728 687 579 240 16041 14142 1899 13673 13250 8956 4294 6014
internal_count=183548 116982 66566 1162 491 115820 3763 2061 57459 46886 44381 17950 10573 4271 1017 2505 588 408 16728 687 579 240 16041 14142 1899 13673 13250 8956 4294 6014
cat_boundaries=0 1 2 3 4
cat_threshold=2004 33498 1 2369
is_linear=0
shrinkage=0.05


Tree=260
num_leaves=31
num_cat=2
split_feature=16 0 10 11 0 22 4 16 18 18 21 18 18 11 4 19 8 12 16 8 12 4 4 4 21 18 4 13 17 17
split_gain=2.27896 5.90004 4.96394 6.24133 4.87996 3.97263 3.55634 3.50931 3.87041 3.97165 3.35338 3.0887 7.24335 4.40425 4.29083 4.38393 4.16504 5.26604 4.01385 3.8738 3.5475 3.68169 3.50861 5.10417 3.09724 2.87113 4.14352 4.08565 3.9303 6.23361
threshold=0.028264105143109276 0 7.4682278018910955 7.4103463658656468 1 5.4227445550764886 9.5000000000000018 0.027905101820587315 0.057452041218379137 0.047862745038197659 7.435909877915166 0.10966966493400594 0.049589521499424923 6.9092540304800165 2.5000000000000004 6.8161340146004639 5.5000000000000009 7.3142198319787717 1.0000000180025095e-35 4.5000000000000009 6.5617373797951473 2.5000000000000004 9.5000000000000018 10.500000000000002 5.403127629538905 0.036778982082173665 2.5000000000000004 6.8992188208074312 7.0599323774842153 7.0286585642461006
decision_type=8 1 8 10 1 10 2 10 10 10 10 10 10 8 2 10 2 8 10 2 10 2 2 2 10 10 2 8 10 10
left_child=1 6 3 4 11 -5 -1 -4 9 -9 25 12 14 -13 19 -16 17 -17 -18 -3 24 -22 -20 -24 -14 27 -27 -6 29 -29
right_child=-2 2 7 5 10 -7 -8 8 -10 -11 -12 13 20 -15 15 16 18 -19 22 -21 21 -23 23 -25 -26 26 -28 28 -30 -31
leaf_value=-0.00025690631469594828 -4.7544307526736778e-06 0.00017053705710532441 -1.7542127813152676e-05 0.00073039392593288177 0.00021933645879133046 0.00025277772536569376 0.00017267139038166235 0.00036933930772526936 0.0029611934588229974 -0.00084173448796724952 -0.0003144482757423628 0.00073989572017061364 -0.00077128402561816862 -2.8359849745451806e-05 0.00061219646911099275 -0.00015125457299398627 -0.00027331116992355134 8.2258338892748917e-05 0.0005979878222525548 -0.00015107212317126974 0.00044211210801301529 -0.00020573712459639462 -0.0027575592996222035 0.00024844382470941008 0.00013831742416008376 0.00028773691312751205 0.00015360379569950844 -2.192492293131565e-05 2.4516309323985298e-06 -0.00059775907321439896
leaf_weight=780 164710 43 8151 174 591 100 176 139 67 27 157 127 396 252 356 226 44 180 270 154 64 441 24 40 23 677 3107 685 1821 88
leaf_count=780 164710 43 8151 174 591 100 176 139 67 27 157 127 396 252 356 226 44 180 270 154 64 441 24 40 23 677 3107 685 1821 88
internal_value=3.66668e-05 0.000549536 0.000748617 0.001499 0.00129019 0.00894161 -0.00326087 -0.000149094 0.00590129 0.00180723 0.00196889 -0.00054717 -0.00124945 0.00362797 0.00110322 0.0022807 0.000191327 -0.00332512 0.00396825 -0.00571066 -0.00465368 -0.00183168 0.00583832 -0.0046875 -0.00805489 0.00213445 0.00306554 0.00102826 0.000173477 -0.00281371
internal_weight=184090 19380 18424 10040 9766 274 956 8384 233 166 7126 2640 2261 379 1337 1140 784 406 378 197 924 505 334 64 419 6969 3784 3185 2594 773
internal_count=184090 19380 18424 10040 9766 274 956 8384 233 166 7126 2640 2261 379 1337 1140 784 406 378 197 924 505 334 64 419 6969 3784 3185 2594 773
cat_boundaries=0 1 2
cat_threshold=330 37920
is_linear=0
shrinkage=0.05


Tree=261
num_leaves=31
num_cat=6
split_feature=3 16 9 3 0 3 16 23 23 19 0 15 11 13 7 6 13 3 9 1 0 6 19 5 0 13 1 16 6 4
split_gain=2.8442 4.96829 7.31785 11.3766 5.18688 7.42901 5.58553 5.51594 5.2092 5.06408 4.66634 5.90112 6.183 5.19918 4.90824 4.66445 4.63288 4.33482 6.44463 4.10547 4.09243 5.47511 4.93043 4.34313 4.52284 4.06406 5.82226 4.67464 4.64967 4.61675
threshold=1.5000000000000002 0.043619632628989997 1.0000000180025095e-35 1.0000000180025095e-35 0 1.0000000180025095e-35 0.054184993975732045 0.76072469857797287 6.8828932451058362 7.7240022494579099 1 7.1706597236104495 6.4523117665326337 6.9570214070142606 121.50000000000001 1.0000000180025095e-35 8.2304437952050211 1.0000000180025095e-35 1.0000000180025095e-35 2 3 1.0000000180025095e-35 7.0360224282238573 1.0000000180025095e-35 4 7.4974835395764439 5 0.13739323877137175 1.0000000180025095e-35 11.500000000000002
decision_type=2 10 2 2 1 2 10 10 10 10 1 8 8 10 10 2 10 2 2 1 1 2 10 2 1 8 1 10 2 2
left_child=1 2 16 15 5 6 19 -7 -8 -9 11 13 -13 -2 25 -4 20 -6 -19 -3 21 -1 -23 -22 -25 27 -27 28 -14 -29
right_child=10 4 3 -5 17 7 8 9 -10 -11 -12 12 14 -15 -16 -17 -18 18 -20 -21 23 22 -24 24 -26 26 -28 29 -30 -31
leaf_value=-0.0049891365127975318 -0.00014027299797914061 -0.00041418887521595951 0.00037349790234899596 -0.00011202045097240543 0.00025460517668705055 8.8229375130599596e-05 8.1533271290634712e-05 0.0010082970615486575 -0.00091269339338149189 -6.1408487210812274e-07 5.3732567447450922e-06 -0.0062754177157716036 -0.00030797076089363886 -0.00064392969491020588 0.029759871478972234 0.0011710571008093141 0.0016591792680508812 -2.1870034819082563e-05 -0.00065027519149429835 0.00078308198558900703 -2.3546754316550179e-05 -0.0027620478621682935 0.0051140652359809918 -0.00071913293835779157 -2.4325571754957312e-05 0.00018514892731955613 -0.00053260863558630695 0.0014801321506086264 0.00060760885885553513 -0.0028465727876203053
leaf_weight=340 12945 217 960 1547 12002 1688 3725 3460 666 723 100806 77 1730 3899 20 491 204 12634 789 617 11393 138 42 793 713 4161 4201 1278 1429 100
leaf_count=340 12945 217 960 1547 12002 1688 3725 3460 666 723 100806 77 1730 3899 20 491 204 12634 789 617 11393 138 42 793 713 4161 4201 1278 1429 100
internal_value=3.97197e-05 0.000348124 -0.00036851 0.00186791 0.00067427 0.00157572 0.000205742 0.00279765 -0.000506718 0.00377122 -8.57278e-05 -0.000634841 0.000165436 -0.00125267 0.000249632 0.00504824 -0.000860677 0.000280126 -0.000337108 0.00395683 -0.000974365 -0.00528302 0.00166667 -0.000795956 -0.00332005 0.000211257 -0.000442478 0.00141613 0.000356125 0.00384615
internal_weight=183788 53142 16621 2998 36521 11096 5225 5871 4391 4183 130646 29840 12996 16844 12919 1451 13623 25425 13423 834 13419 520 180 12899 1506 12899 8362 4537 3159 1378
internal_count=183788 53142 16621 2998 36521 11096 5225 5871 4391 4183 130646 29840 12996 16844 12919 1451 13623 25425 13423 834 13419 520 180 12899 1506 12899 8362 4537 3159 1378
cat_boundaries=0 1 2 3 4 5 6
cat_threshold=25666 9226 1 8448 50728 1
is_linear=0
shrinkage=0.05


Tree=262
num_leaves=31
num_cat=0
split_feature=10 11 17 11 15 10 7 22 4 14 14 11 17 15 13 11 20 14 22 7 13 13 10 18 15 15 11 10 12 15
split_gain=2.09789 9.51399 6.70658 6.03984 5.15584 10.7939 9.49299 6.96012 5.72974 7.31668 8.0448 5.13903 4.87973 4.76895 6.78007 6.22494 4.72759 4.65629 4.6075 5.14577 4.41571 4.42433 4.40628 5.21478 7.56384 4.75375 11.2392 9.34918 6.88063 6.25215
threshold=8.370078286999183 9.4434644494870543 8.3877880361832258 8.8272695731952897 8.1815846450434737 8.1354867319456314 1.5000000000000002 4.9839489702324959 7.5000000000000009 8.9172057226338222 8.1622300485615504 8.0874863237131702 8.2300583629944928 8.0794589554913046 8.2041239973879385 8.0727781170296904 0.084319751626471318 7.9421746692522914 2.5687807938343217 1.0000000180025095e-35 7.9915908515222656 8.1572207036699762 7.9915908515222656 0.096440724845825873 7.9728803262615457 7.7918171560465863 7.6978016406699554 7.764718292812792 7.8452197668196186 7.4880225585237339
decision_type=10 8 10 10 10 10 10 10 2 10 10 8 10 10 8 10 10 8 10 10 10 10 10 10 10 10 10 8 8 8
left_child=3 2 -2 4 5 13 8 -7 11 10 -10 -6 -3 15 18 22 -16 -13 -15 -20 -12 -22 25 -24 -25 26 29 -28 -27 -1
right_child=1 12 -4 -5 6 7 -8 -9 9 -11 20 17 -14 14 16 -17 -18 -19 19 -21 21 -23 23 24 -26 28 27 -29 -30 -31
leaf_value=4.2074694843075024e-06 0.00081876432107654831 0.006487995863783614 -0.00061667015759097059 0.0074606053957644086 -0.0047096763418888804 0.0006238587942031693 0.0016961604530576935 0.0023570159370477576 -0.0010499651963519873 -0.014614251405920965 -0.0013579869744726027 0.0027245687126436382 0.0013924994787911872 0.0019382054649516702 0.00046279855816528938 0.0011191842484986393 -0.0018795882928940078 -7.3292824838588901e-06 -0.0011620867771385158 0.00041446913811196142 0.001677950469699452 9.3506313221247694e-06 0.00091469421997940619 0.0009377160899705306 -0.00067311646434298211 -0.00083731018065478233 -1.5799825057638552e-05 0.0012324926219895007 -5.5028689872083093e-05 -0.00016106544248846167
leaf_weight=124036 728 112 1177 122 53 1648 424 348 1377 54 128 126 547 336 35 1254 546 791 333 261 54 856 613 1059 509 2260 2056 2472 5431 33994
leaf_count=124036 728 112 1177 122 53 1648 424 348 1377 54 128 126 547 336 35 1254 546 791 333 261 54 856 613 1059 509 2260 2056 2472 5431 33994
internal_value=-3.56482e-05 0.00138456 -0.000406824 -5.57469e-05 -6.32408e-05 -2.38443e-05 -0.00187031 0.00363226 -0.00274062 -0.00401985 -0.00361284 0.000515464 0.00656297 -6.54984e-05 -0.00286234 -4.11667e-05 -0.00709983 0.0013904 -0.000215054 -0.00286195 -0.000289017 0.000934066 -6.66937e-05 0.00216644 0.000637755 -9.53016e-05 -3.78327e-05 0.00241829 -0.00130997 -0.000108207
internal_weight=183740 2564 1905 181176 181054 177191 3863 1996 3439 2469 2415 970 659 175195 1511 173684 581 917 930 594 1038 910 172430 2181 1568 170249 162558 4528 7691 158030
internal_count=183740 2564 1905 181176 181054 177191 3863 1996 3439 2469 2415 970 659 175195 1511 173684 581 917 930 594 1038 910 172430 2181 1568 170249 162558 4528 7691 158030
is_linear=0
shrinkage=0.05


Tree=263
num_leaves=31
num_cat=0
split_feature=13 22 22 12 16 22 16 8 18 16 8 18 20 20 20 11 16 16 21 11 15 23 13 12 4 20 18 12 17 12
split_gain=1.82106 3.13667 4.09783 3.88544 3.16224 4.27456 3.30937 3.14991 3.7823 3.33964 2.65279 2.45978 2.96404 2.31934 2.19429 2.11147 2.09423 2.01688 1.98295 1.93089 3.73356 7.05608 3.67361 3.15171 3.06265 3.60617 2.86947 2.77722 2.70273 10.9631
threshold=6.0969494222992333 5.8784355719568513 7.7460195909627982 6.6864847774674381 0.057647537205489874 4.0154813072528137 0.038205222722130457 6.5000000000000009 0.24736211542000103 0.096642239201276112 5.5000000000000009 0.040601699666118742 0.077839083914803611 0.074468649066434758 0.11701369266231477 6.1824291408094032 0.026697416909641891 0.048162296130938358 3.3357632440596361 6.3465127852423047 6.4167989698182799 2.0948862010840741 6.1125747596674556 6.2275238364393255 2.5000000000000004 0.28110360027133735 0.14712415777596533 5.5729269024244674 6.6032281859479101 6.4990345950661448
decision_type=8 10 10 8 10 10 10 2 10 10 2 8 10 10 10 8 10 10 10 8 8 8 10 8 2 10 10 10 8 10
left_child=1 4 3 -3 5 6 11 13 9 -9 -8 -1 16 -6 -14 17 -13 -12 -15 20 22 26 27 -23 25 -24 -22 -2 29 -21
right_child=19 2 -4 -5 7 -7 10 8 -10 -11 15 12 14 18 -16 -17 -18 -19 -20 28 21 23 24 -25 -26 -27 -28 -29 -30 -31
leaf_value=0.0013986018497251563 -0.00036558836327325043 -0.00018485205735840893 0.0025257922264411148 -0.0095044115965442714 0.0015686682074304238 -0.0017713944214582389 -0.00067796165244429221 -0.0039677790230058909 -0.0049340456168244229 0.0028037010443725087 -0.0005335264062540368 -0.0010964244379438215 0.0017336791616897164 0.00069984815364261272 9.1562249042764779e-05 -0.00085906865812785955 0.0019494769558233262 0.0012947050816509709 0.0018690140564963321 -4.6279441834551349e-05 -0.0033037368380715916 -0.010033860571099763 -0.00067607142434225056 -0.0023632634797353669 -5.6800770616383116e-05 0.0011780236841860249 0.0034765277844509336 0.00052207138498987509 -3.9700841683920632e-06 0.0004704118953729797
leaf_weight=46 381 178 24 93 52 58 79 23 62 100 25 32 30 512 75 24 20 29 342 10781 35 78 983 662 2576 94 113 1267 160122 4759
leaf_count=46 381 178 24 93 52 58 79 23 62 100 25 32 30 512 75 24 20 29 342 10781 35 78 983 662 2576 94 113 1267 160122 4759
internal_value=-9.52874e-07 0.00157982 -0.00313559 -0.0048893 0.00250166 -0.00119617 0.000833333 0.00391842 -0.00202703 0.00304878 -0.00461783 0.00504926 0.00207006 0.00513245 0.00690476 0.00192308 -0.00769231 0.00740741 0.0045082 -1.66345e-05 -0.000884634 -0.00388514 -0.000382003 -0.00587838 -0.00126608 -0.00350511 0.00608108 0.00157767 1.39472e-05 0.000643501
internal_weight=183655 1804 295 271 1509 418 360 1091 185 123 157 203 157 906 105 78 52 54 854 181851 6189 888 5301 740 3653 1077 148 1648 175662 15540
internal_count=183655 1804 295 271 1509 418 360 1091 185 123 157 203 157 906 105 78 52 54 854 181851 6189 888 5301 740 3653 1077 148 1648 175662 15540
is_linear=0
shrinkage=0.05


Tree=264
num_leaves=31
num_cat=2
split_feature=16 23 0 18 11 11 4 18 8 19 16 23 23 16 20 4 8 8 10 18 11 12 13 16 22 0 20 11 13 16
split_gain=2.09033 5.44372 5.80049 4.30085 5.65678 4.02535 5.49044 3.40812 4.0861 3.79946 7.14644 4.73547 7.78722 3.76903 3.43917 3.32192 3.30508 3.14389 3.08203 10.9054 8.59424 7.80724 6.36334 6.3013 6.1987 5.63261 5.17513 4.7122 6.58723 9.0869
threshold=0.021537580370275523 0.75109080256885963 0 0.020184598259166232 7.3142198319787717 7.1674235306143332 5.5000000000000009 0.079443084581915305 6.5000000000000009 7.3135575868412381 4.8025112254415846e-08 2.0948862010840741 1.2426205730334428 0.015999237457950625 0.089970429929553966 8.5000000000000018 6.5000000000000009 4.5000000000000009 7.9015624361563814 0.020184598259166232 7.9015624361563814 8.7719603986732384 8.2041239973879385 0.077004239292880611 7.2152767420844031 1 0.081750513956972096 8.0874863237131702 7.8073020336262013 0.099770425885579758
decision_type=8 8 1 10 8 10 2 10 2 10 10 10 8 10 10 2 2 2 10 10 10 10 8 10 10 1 10 10 10 10
left_child=1 3 7 5 -5 -1 16 9 -9 10 -3 12 -11 17 -15 -8 -7 -12 21 -20 25 27 24 -24 26 -21 -22 28 -2 -30
right_child=18 2 -4 4 -6 6 15 8 -10 11 13 -13 -14 14 -16 -17 -18 -19 19 20 22 -23 23 -25 -26 -27 -28 -29 29 -31
leaf_value=-0.00010095964029630534 -1.2541898738316349e-05 0.00017725363841332166 1.6717067523575049e-05 0.00011536877509630284 -0.00022880297229339598 -9.4707672535498943e-06 2.6463373302476615e-06 -0.0005029799899896936 0.00023650809687656427 -7.9459505220036425e-08 -0.0016753886114808216 -0.00091666198465631963 8.1815623249692498e-05 0.00087631479905079255 0.001641282121043597 -4.1015981157555009e-05 -1.3679659004406376e-05 0.00022325644445597703 0.0046562407443130564 0.0010009779945908681 0.00071511852207750692 0.0059998271297300402 -0.00074724553583740418 -7.4351432113584084e-05 0.0021534273347582288 2.6863429046386503e-05 3.4435540207766735e-05 0.00088155224250554556 9.7128290628267785e-05 -0.0012802977251598958
leaf_weight=114 150628 290 9934 312 218 20 93 238 89 486 63 34 163 201 49 54 39 109 168 2466 277 142 1295 2602 88 1553 3100 1860 2925 3995
leaf_count=114 150628 290 9934 312 218 20 93 238 89 486 63 34 163 201 49 54 39 109 168 2466 277 142 1295 2602 88 1553 3100 1860 2925 3995
internal_value=3.67637e-06 0.000627699 0.000909403 -0.00323529 -0.000471698 -0.0078125 -0.00364078 0.00357968 -0.000993884 0.00467742 0.00723315 0.00201318 0.0029661 0.00308057 0.007 0.00153061 -0.0165254 -0.00261628 -4.19348e-05 0.000746818 0.000560144 -9.90285e-05 -0.000455039 -0.00184116 0.0011039 0.00241976 0.000762511 -0.000109468 -0.000139005 -0.0016474
internal_weight=183605 12506 11656 850 530 320 206 1722 327 1395 712 683 649 422 250 147 59 172 171099 11549 11381 159550 7362 3897 3465 4019 3377 159408 157548 6920
internal_count=183605 12506 11656 850 530 320 206 1722 327 1395 712 683 649 422 250 147 59 172 171099 11549 11381 159550 7362 3897 3465 4019 3377 159408 157548 6920
cat_boundaries=0 1 2
cat_threshold=2068 54147
is_linear=0
shrinkage=0.05


Tree=265
num_leaves=31
num_cat=2
split_feature=23 22 18 16 0 16 18 14 3 3 23 13 15 19 19 22 18 17 23 10 17 16 22 10 18 18 13 17 1 13
split_gain=2.40368 5.93115 6.38185 7.83141 5.56916 7.11974 5.43179 5.3469 5.842 4.58468 4.15226 4.01653 3.99465 5.20913 4.68269 5.0485 4.32788 4.09252 3.97891 3.96371 5.07473 5.32947 3.9057 3.8991 9.16577 3.8052 3.79014 8.37457 3.72229 3.67508
threshold=6.8553515217369645 6.8296856177152696 0.41301574735743501 0.41687178236749928 0 0.047750001644481919 0.31057921840702168 7.2817282408204109 2.5000000000000004 1.0000000180025095e-35 6.1942268421988436 7.4106483894326676 7.3669880626776667 7.1731554048814266 7.0835967429309719 6.6593580181389536 0.03585767684401394 8.2948384325981515 4.802141907797882 7.0479518150395899 7.4797037160445772 0.085700232739975651 7.0004256096693398 7.3482644339574383 0.17816206960528549 0.22852283654696068 8.0562679118615215 7.5110800060882079 1 7.0904933289280381
decision_type=10 8 8 8 1 8 10 8 2 2 10 8 10 10 10 10 10 10 8 10 8 10 10 8 10 8 10 10 1 10
left_child=4 19 3 6 5 9 -3 23 11 -1 26 22 13 14 28 -16 -15 -14 25 -2 21 -21 -9 24 -7 -10 27 -11 -12 -23
right_child=1 2 -4 -5 -6 7 -8 8 18 10 12 -13 17 16 15 -17 -18 -19 -20 20 -22 29 -24 -25 -26 -27 -28 -29 -30 -31
leaf_value=-0.00039517008491056775 -0.00078232595653429107 -2.5131144561019172e-05 0.0097985589330893408 -0.010531021378123052 2.2619244553601095e-06 0.0005796894889631421 0.0043176705156112273 5.0548245157377991e-06 0.0073417652822289183 3.2371080408166723e-05 0.0016034873415488261 0.0010444064234135908 0.00041903070396334121 -0.00056292960371600036 0.0012287657702565015 4.6054025051422975e-05 -0.00013009763845071021 -0.0022083505897906529 -0.00030172386602860262 -6.9262717980000948e-05 -0.00081965128255583335 -0.0013534437887963381 -0.0025391706444459097 0.0018251815635460301 -0.0029796942316623999 -0.00094802617917966181 0.00049956707992731002 -0.00085295161505714043 -0.00063661540512898189 0.0020668359333696263
leaf_weight=551 894 14875 55 50 157672 847 84 274 76 386 81 1887 796 152 134 144 275 26 1854 703 412 28 38 693 84 69 105 261 201 97
leaf_count=551 894 14875 55 50 157672 847 84 274 76 386 81 1887 796 152 134 144 275 26 1854 703 412 28 38 693 84 69 105 261 201 97
internal_value=3.07393e-05 -0.000532039 -0.000182554 -0.000244853 8.88323e-05 0.00130255 -0.000178822 0.00233597 0.00139352 -0.000626607 0.000263569 0.0031719 0.00156164 -0.000582573 0.00258929 0.00719424 -0.00474239 0.00413625 -0.000562781 -0.00299906 -0.00116935 0.00108696 -0.00208333 0.00477217 0.00265843 0.00741379 -0.00285904 -0.00428903 -0.00195035 0.0106
internal_weight=183804 17198 15064 15009 166606 8934 14959 5822 4198 3112 2561 2199 1809 987 560 278 427 822 1999 2134 1240 828 312 1624 931 145 752 647 282 125
internal_count=183804 17198 15064 15009 166606 8934 14959 5822 4198 3112 2561 2199 1809 987 560 278 427 822 1999 2134 1240 828 312 1624 931 145 752 647 282 125
cat_boundaries=0 1 2
cat_threshold=16384 1
is_linear=0
shrinkage=0.05


Tree=266
num_leaves=31
num_cat=1
split_feature=14 14 18 10 22 20 10 12 13 17 13 11 18 20 22 13 11 16 10 17 17 16 16 14 22 13 18 0 22 11
split_gain=2.6531 2.2161 5.15877 4.14815 2.91869 2.74471 4.04273 4.86993 3.05427 4.13966 2.40345 3.20981 2.45438 3.02887 3.14732 2.28944 7.9819 5.36966 4.6207 10.3301 6.65523 4.44295 3.85382 4.16322 3.77864 3.76268 4.466 3.38298 3.28673 3.2358
threshold=9.3545179236839946 8.832123273398123 0.075786479495337025 9.0099749631922261 2.5687807938343217 0.20218178730461786 8.993532301340311 9.110615268917222 8.9587921779349138 8.4500833425192443 8.7038301138059193 9.127008388409914 0.098660343369222234 0.36813524903673961 5.2821874682255281 8.2041239973879385 8.2177074967233796 0.087230356831450556 8.1896606337060707 7.2819564478174916 8.3422228412316795 0.039541630342059035 0.12962078109812744 8.3924192937110451 7.2298750087226233 8.3005093260299656 0.072155791913293507 0 6.8490132575525449 8.272182292171534
decision_type=10 10 8 10 8 10 10 10 8 8 10 8 10 10 10 10 8 8 10 10 10 8 10 10 10 10 8 1 10 10
left_child=1 10 3 -3 -4 -6 8 -8 9 -7 15 12 -12 14 -14 18 17 -17 29 -20 24 -22 23 -19 -21 26 -18 -28 -29 -1
right_child=-2 2 4 -5 5 6 7 -9 -10 -11 11 -13 13 -15 -16 16 25 22 19 20 21 -23 -24 -25 -26 -27 27 28 -30 -31
leaf_value=2.6960254460917102e-06 0.0095829838052571073 0.01237609616589257 0.0053930684632391927 -0.0003539137855170793 -0.0038721629456483168 0.0014076960776814751 0.0059623890594283861 -0.0010515518833998706 0.00017488986018214804 -0.0049406447171571836 0.002434006526439614 0.0044723867410811913 -0.0051475959294156048 0.0023859640948607377 0.00077385886005627575 -0.0011884109971027181 0.0014764670001128355 -0.00014896282899261594 0.015681194554280364 0.00069834722361830084 -0.0011652134531347613 -0.00024159812566573182 -0.0018107307256882699 0.0042224760811482298 0.0035796001973709135 -0.00020725464173754204 0.001083404462680404 -0.00099624973544705227 0.001360067380055785 0.0010491303494130301
leaf_weight=175501 24 37 21 29 134 29 37 27 91 116 49 125 65 78 49 293 204 214 76 1702 75 504 599 51 24 1976 352 438 39 803
leaf_count=175501 24 37 21 29 134 29 37 27 91 116 49 125 65 78 49 293 204 214 76 1702 75 504 599 51 24 1976 352 438 39 803
internal_value=4.35346e-05 4.13632e-05 -0.00321497 0.00984848 -0.00510989 -0.00599078 -0.00333333 0.0078125 -0.00635593 -0.0108621 5.0623e-05 0.00409836 0.000726141 -0.00182292 -0.00701754 4.2521e-05 -0.00111618 -0.00464564 6.95358e-05 0.00225745 0.00165944 -0.00297927 -0.00266204 0.00235849 0.00321553 0.000240944 0.00268635 0.00105549 -0.00169405 3.99877e-05
internal_weight=183762 183738 521 66 455 434 300 64 236 145 183217 366 241 192 114 182851 4166 1157 178685 2381 2305 579 864 265 1726 3009 1033 829 477 176304
internal_count=183762 183738 521 66 455 434 300 64 236 145 183217 366 241 192 114 182851 4166 1157 178685 2381 2305 579 864 265 1726 3009 1033 829 477 176304
cat_boundaries=0 1
cat_threshold=1059
is_linear=0
shrinkage=0.05


Tree=267
num_leaves=31
num_cat=0
split_feature=21 23 3 19 15 14 20 23 16 3 12 10 10 22 11 3 10 14 16 13 16 10 13 17 16 10 20 23 18 22
split_gain=2.93713 6.4922 5.64465 6.94556 6.50644 5.59515 4.62769 4.32349 3.9768 3.85838 4.88528 4.13091 4.03548 3.7155 3.82853 3.57362 3.41956 4.78519 4.56906 3.8399 3.25658 3.17542 6.72611 4.10726 6.23372 4.5667 3.81914 3.13452 3.68085 3.1165
threshold=6.7286884181203579 6.7070139059609888 3.5000000000000004 7.0280094961787176 7.0677894583810481 7.8452197668196186 0.030143181522078431 6.8082579322886119 0.041359484979713597 1.0000000180025095e-35 7.5503982927968831 8.3208116111730011 7.4404391602237441 6.7950344026536387 6.5882382461791584 4.5000000000000009 7.1240755238490161 7.3142198319787717 0.19627909081117104 6.7782157456601473 0.050637658926965735 7.7846807463779397 8.0727781170296904 7.6873364506086679 0.19138778107031171 7.6978016406699554 0.037168973575952287 7.098056190590488 0.17017267072475187 6.6593580181389536
decision_type=10 8 2 8 8 10 10 8 10 2 8 8 10 8 8 2 10 8 8 10 8 10 8 10 10 10 10 8 10 8
left_child=-1 6 9 -4 -5 7 -2 15 29 11 12 -3 13 14 -11 -6 18 20 19 -12 -18 23 -23 25 -25 26 -19 -15 -29 -9
right_child=1 2 3 4 5 -7 -8 8 -10 10 16 -13 -14 27 -16 -17 17 21 -20 -21 -22 22 -24 24 -26 -27 -28 28 -30 -31
leaf_value=4.2836773408216903e-06 -0.00047703849307811907 -0.00018199792057664867 5.3260659224907418e-05 -0.0010895970091871377 -0.00035178288864887722 -0.0010986614167634912 -0.00030902077658792051 -0.00095893227899122033 -0.00074401979412921373 0.0020175266507629574 0.00019232665017065997 0.0023871825640250591 0.0013739891741366473 0.00047969478606675332 -0.00019548803641171732 0.0012031753340743024 6.1715499331316259e-05 0.0011991184391217493 -0.0024389371498457105 -0.00077276037832183517 0.0019476297068008463 0.0015133522163015335 -0.00012239566005589619 -0.0018358558374811818 0.0070374232999334436 0.0028452934163972102 -0.00024824799944771491 5.8290863359711237e-05 0.001983271155896249 9.1097546292262524e-05
leaf_weight=168076 71 1851 2105 310 89 379 1964 67 1167 26 533 36 256 1167 627 114 190 23 75 662 214 250 432 166 20 42 629 1344 84 875
leaf_count=168076 71 1851 2105 310 89 379 1964 67 1167 26 533 36 256 1167 627 114 190 23 75 662 214 250 432 166 20 42 629 1344 84 875
internal_value=-1.65902e-05 -0.000669077 -0.000278526 -0.00159616 -0.00314062 -0.00235043 -0.00330467 -0.00142734 -0.00209815 0.000501333 0.00106083 -0.00149709 0.00235445 0.00187808 -0.00149311 0.00554187 -0.000339926 0.000966429 -0.0023622 -0.00161088 0.00581683 -0.000288092 0.00227273 -0.00227273 -0.00887097 -0.000504323 -0.00153374 0.0027264 0.00115546 0.000318471
internal_weight=183844 15768 13733 5106 3001 2691 2035 2312 2109 8627 6740 1887 3504 3248 653 203 3236 1966 1270 1195 404 1562 682 880 186 694 652 2595 1428 942
internal_count=183844 15768 13733 5106 3001 2691 2035 2312 2109 8627 6740 1887 3504 3248 653 203 3236 1966 1270 1195 404 1562 682 880 186 694 652 2595 1428 942
is_linear=0
shrinkage=0.05


Tree=268
num_leaves=31
num_cat=4
split_feature=10 17 20 22 17 10 0 23 1 10 22 15 20 16 23 0 15 0 15 13 22 11 12 12 16 14 15 11 12 16
split_gain=1.93788 3.16525 2.2995 2.22286 1.87056 4.98722 5.32755 3.46668 2.96998 2.49384 3.92204 5.67711 6.359 2.59184 6.02076 4.46778 2.57789 2.80562 3.73141 3.50429 3.30521 3.22051 2.83185 2.6297 2.4284 2.31141 2.08967 2.07193 2.05084 2.01562
threshold=5.7087686410618739 6.4785114882230443 0.25577547850378685 6.2734427241249042 5.9841555006066143 6.3994261899220151 0 4.760246240126019 1 6.2176031103882972 1.1150072000796054 6.2401693155098394 0.11525009454553387 0.15297439008478989 4.4292108813331916 2 6.8123624943466323 3 6.4465081812149796 6.3108265436897168 3.9029817516527641 6.3927539336716181 6.6194060950237885 6.2275238364393255 0.19872400946563762 6.4762025397968879 6.3635956835933767 6.3108265436897168 6.2850661277898343 0.075180671570893934
decision_type=8 8 10 10 8 8 1 10 1 8 8 8 10 10 8 1 10 1 10 8 10 10 10 10 10 10 10 10 10 8
left_child=1 2 -1 -4 5 -2 7 -7 -8 10 -6 13 -13 -12 15 -15 17 20 19 27 21 23 29 -14 -20 -17 -25 28 -19 -21
right_child=4 -3 3 -5 9 6 8 -9 -10 -11 11 12 16 14 -16 25 -18 18 24 22 -22 -23 -24 26 -26 -27 -28 -29 -30 -31
leaf_value=-0.002060458249358188 0.0018768807798899001 -0.03091561998694661 0.0022202258713731383 -0.0070098538124514949 0.003500164643117221 -0.00051643069214448725 0.0026537841181400791 -0.022556821389706383 -0.001074499498042103 3.3914437982840441e-06 -8.1835135742314163e-05 -0.0015653298734465083 -0.0024164458187335481 -0.0031752672915933201 0.0025713011658243358 0.00035445840134782361 0.00856717725302838 0.00099623478969574904 0.0033528980680940903 0.003085494606871908 0.0042581730184801268 0.001389752377087339 0.0042301515655126304 0.0018271763382129436 -0.009423549819295364 0.0015264150603753414 -0.0027317382541724557 -0.0029194602483133994 -0.0025224768653296262 -0.0007353315504613489
leaf_weight=112 246 25 147 27 126 50 57 58 84 178409 2324 227 125 103 187 174 28 48 29 29 99 167 29 63 164 38 47 69 51 386
leaf_count=112 246 25 147 27 126 50 57 58 84 178409 2324 227 125 103 187 174 28 48 29 29 99 167 29 63 164 38 47 69 51 386
internal_value=4.6264e-06 -0.00393891 -0.00244755 0.00114943 1.1313e-05 0.00308081 -0.00190763 -0.00974576 0.0044702 3.00675e-06 -0.00115777 -0.00140757 -0.00382767 -7.07714e-05 0.00318725 -0.00103175 -0.00251124 -0.00283308 -0.0046319 -0.00277778 0.000146771 -0.00186567 -0.00045045 -0.0056383 -0.0107513 0.00315315 0 -0.00892857 -0.00429293 -0.00150602
internal_weight=183728 311 286 174 183417 495 249 108 141 182922 4513 4387 1561 2826 502 315 1334 1306 805 612 501 402 444 235 193 212 110 168 99 415
internal_count=183728 311 286 174 183417 495 249 108 141 182922 4513 4387 1561 2826 502 315 1334 1306 805 612 501 402 444 235 193 212 110 168 99 415
cat_boundaries=0 1 2 3 4
cat_threshold=512 2 592 17502
is_linear=0
shrinkage=0.05


Tree=269
num_leaves=31
num_cat=5
split_feature=3 16 9 3 19 0 20 19 0 7 6 19 4 16 19 0 3 16 1 18 18 3 9 19 20 17 0 18 17 18
split_gain=2.51528 4.32746 5.56426 8.37217 4.34949 3.88847 4.55801 8.3491 4.80413 5.06157 4.58094 4.78421 4.68227 3.88345 3.90715 3.69891 3.76283 5.68551 4.71968 3.85129 3.70567 3.62823 4.26682 3.91387 3.41071 3.32067 3.29906 4.0567 3.82653 3.29968
threshold=1.5000000000000002 0.043619632628989997 1.0000000180025095e-35 1.0000000180025095e-35 6.331818229615819 0 0.064614539327178491 7.9549494645849146 1 80.500000000000014 1.0000000180025095e-35 6.4636143409000981 2.5000000000000004 0.030294187848798431 6.6607716201600553 2 1.0000000180025095e-35 0.050198186187052664 3 0.56898791336510268 0.040601699666118742 1.0000000180025095e-35 1.0000000180025095e-35 6.1920460200698395 0.13172725097904012 8.0365314023032024 4 0.15668203823949531 7.9587936055729189 0.1285950354434777
decision_type=2 10 2 2 8 1 8 10 1 8 2 10 2 10 10 1 2 10 1 10 10 2 2 10 8 10 1 10 10 10
left_child=1 2 4 -4 -1 -6 7 13 10 -10 11 12 -8 14 -7 16 17 -3 20 -19 -18 23 -23 -17 -5 -12 27 29 -29 -22
right_child=-2 15 3 24 5 6 8 -9 9 -11 25 -13 -14 -15 -16 21 18 19 -20 -21 26 22 -24 -25 -26 -27 -28 28 -30 -31
leaf_value=-0.0020023038234873169 -1.13601643018324e-05 0.00076138514932093675 0.00057691476097714305 -4.5775348276544392e-05 -0.0031075744634798453 -0.00080492570448025273 0.0072602031454057862 0.001354908122126819 -0.00010095257576874239 -0.021194361549094598 -0.00014636965395380398 0.00015395879656971979 0.00056281426942406121 -0.00036667515746002799 -1.3548594919332581e-05 0.0021204849500303657 -0.0023736881136842136 -4.3970028358009118e-05 0.00019611381131108275 0.01291922730564974 0.00081740106909187213 -8.0865019795983706e-05 -0.00057103472084438776 0.00018989417029515734 -0.0010518098723593995 0.0021795230449624284 0.00058049982675183469 0.0037951393265838631 -0.00029928252920119469 -0.0010174604066117033
leaf_weight=247 130702 758 1451 1433 222 112 101 129 4925 33 1044 2452 99 1579 2656 116 39 7559 6573 32 970 8160 789 8678 87 70 2163 319 64 134
leaf_count=247 130702 758 1451 1433 222 112 101 129 4925 33 1044 2452 99 1579 2656 116 39 7559 6573 32 970 8160 789 8678 87 70 2163 319 64 134
internal_value=-1.03432e-05 0.00028022 -0.00038762 0.00157354 -0.000813885 -0.000692892 -0.000579107 -0.00187668 8.59697e-05 -0.00093599 0.00143008 0.0025641 0.01 -0.00224868 -0.00111994 0.000585905 0.00107808 0.000290454 0.00171994 -0.000121855 0.00315126 6.90024e-05 -0.000639736 0.000790312 -0.00101974 -0.00125673 0.00331507 0.00512692 0.0095953 0.00362319
internal_weight=183696 52994 16640 2971 13669 13422 13200 4476 8724 4958 3766 2652 200 4347 2768 36354 18611 8349 10262 7591 3689 17743 8949 8794 1520 1114 3650 1487 383 1104
internal_count=183696 52994 16640 2971 13669 13422 13200 4476 8724 4958 3766 2652 200 4347 2768 36354 18611 8349 10262 7591 3689 17743 8949 8794 1520 1114 3650 1487 383 1104
cat_boundaries=0 1 2 3 4 5
cat_threshold=256 7223 26226 1 16480
is_linear=0
shrinkage=0.05


Tree=270
num_leaves=31
num_cat=8
split_feature=15 10 11 15 10 12 13 10 12 20 15 15 1 11 0 4 0 3 0 20 0 10 18 0 7 0 18 0 10 15
split_gain=2.51415 14.3687 8.38182 9.47157 8.85421 7.5766 7.98377 7.52619 7.3982 8.03829 7.76589 7.35913 8.40578 7.29772 7.16507 6.67665 6.66252 6.71776 6.63999 6.40431 6.3016 5.96368 7.20082 5.8694 6.64043 5.72058 6.44088 5.61207 5.41236 6.19927
threshold=7.7918171560465863 7.764718292812792 7.764718292812792 7.6917217173580212 7.7465022115569893 7.8452197668196186 8.1572207036699762 7.5503982927968831 7.698933631191955 0.34023425943627883 7.4880225585237339 7.4449364579954684 0 7.9915908515222656 1 9.5000000000000018 2 1.5000000000000002 3 0.050342689510561221 4 8.3489936997640886 0.02263521046826018 5 187.00000000000003 6 0.1080506243624229 7 6.8580395486683789 6.4871542209749347
decision_type=10 10 10 10 8 8 8 10 10 8 10 10 1 8 1 2 1 2 1 10 1 8 10 1 10 1 8 1 8 8
left_child=1 2 3 7 -4 -2 13 8 9 10 11 -1 -13 -7 -3 -8 21 -18 19 -12 -14 -15 -23 24 28 26 -9 -10 29 -11
right_child=5 14 4 -5 -6 6 15 25 27 23 18 12 20 16 -16 -17 17 -19 -20 -21 -22 22 -24 -25 -26 -27 -28 -29 -30 -31
leaf_value=-8.3972994864289778e-07 -0.00073779236948345872 0.00010520096781938549 -7.3627041945778521e-05 -0.0006274576463889403 0.0021039462372095309 -0.00017250428068180668 5.1890616421079734e-06 -2.4605432620949941e-05 5.1125277023267304e-05 8.9751388767145282e-05 0.00094282273728643064 -0.00043071763582944736 0.00015825976166827793 0.00045246201548769798 0.0017017452278460521 -0.00052397227303546678 0.00087955925616123309 -0.00043405342999829348 -0.00038630411317623907 0.00032139516143776526 0.00080066912509262349 -0.0005591955232635337 0.0020287239277897219 -0.00030288533552418344 0.024995200648238125 0.00017214324853376262 0.0012856621207548271 0.0025479870964343568 -0.0012583725838235971 -0.0047533070491288859
leaf_weight=128737 2912 1541 967 2689 1225 2743 5452 393 682 140 68 849 1170 2106 2002 4067 523 1328 5474 885 1089 34 682 6594 20 5241 847 749 1912 359
leaf_count=128737 2912 1541 967 2689 1225 2743 5452 393 682 140 68 849 1170 2106 2002 4067 523 1328 5474 885 1089 34 682 6594 20 5241 847 749 1912 359
internal_value=-3.16111e-05 3.28479e-05 -3.68543e-05 -7.94817e-05 0.00303376 -0.000563057 -0.000157957 -2.85099e-05 -0.000101191 -0.00013595 -4.15847e-05 4.11468e-05 0.0024453 0.00107201 0.00318233 -0.00111619 0.0022737 -6.71682e-05 -0.00173876 0.0021028 0.0040394 0.0037959 0.0077514 -0.00158172 -0.00367677 0.00163941 0.00468 0.00347659 -0.0039299 -0.00856713
internal_weight=183480 163633 160090 157898 2192 19847 16935 155209 148728 147297 138272 131845 3108 7416 3543 9519 4673 1851 6427 953 2259 2822 716 9025 2431 6481 1240 1431 2411 499
internal_count=183480 163633 160090 157898 2192 19847 16935 155209 148728 147297 138272 131845 3108 7416 3543 9519 4673 1851 6427 953 2259 2822 716 9025 2431 6481 1240 1431 2411 499
cat_boundaries=0 1 2 3 4 5 6 7 8
cat_threshold=2 9180 19507 1552 25113 9227 36352 42278
is_linear=0
shrinkage=0.05


Tree=271
num_leaves=31
num_cat=1
split_feature=17 10 19 16 19 18 19 15 11 21 10 16 1 15 14 13 22 18 19 17 4 10 13 4 22 16 19 15 21 4
split_gain=2.27818 11.2262 8.28065 14.4506 7.11156 6.77427 7.1723 6.72675 6.63789 5.56633 5.5101 5.34808 5.8724 6.91063 5.16354 5.15446 5.41799 5.12557 5.00522 4.85961 6.38598 8.60044 11.9097 5.98203 8.9327 7.0891 5.88553 5.23277 6.23973 6.58541
threshold=7.2934100465559233 7.4974835395764439 7.3300092903371938 0.088909626729055044 7.4724791136251172 0.11358209482399818 7.971220347293781 7.4529641866994201 6.4792771020676119 6.8359369681023763 6.7458242390288694 0.021537580370275523 0 8.2061249493002979 6.8580395486683789 7.4404391602237441 5.6028562841402358 0.31057921840702168 7.5710814444043502 7.9587936055729189 10.500000000000002 7.6513571967694611 7.8254445331668174 11.500000000000002 5.8404962874058102 0.029459106952716477 7.3618891925627263 8.1041083815946564 7.0893682436325962 6.5000000000000009
decision_type=8 10 8 10 10 10 10 10 8 10 10 8 1 10 8 10 10 10 10 8 2 10 8 2 10 8 10 8 8 2
left_child=1 4 3 -2 7 8 11 15 -4 -8 -6 -7 -13 -14 -10 -1 -17 -12 -15 20 26 23 -23 24 -22 -25 -16 -21 -29 -30
right_child=2 -3 5 -5 10 6 9 -9 14 -11 17 12 13 18 19 16 -18 -19 -20 27 21 22 -24 25 -26 -27 -28 28 29 -31
leaf_value=2.1631522238352298e-05 -0.00012066327140751732 0.0033904778022415538 -0.015318403942717841 0.00045941134733069601 -0.0091653183504629265 0.00035319313470902894 -0.00055898189717575877 0.0069321460998211133 -0.014651611794346531 -0.0019833822115264076 0.00032944542651436315 0.00025121607312339478 -0.00033739395984593305 -0.00436752734795185 0.00033468756122618793 -0.001825204831133931 0.0034817238335574266 -0.0068945857160717331 0.0023425032810836743 0.00066610121383363645 -0.00029976422471733599 0.00093341706853502517 -0.00058956547815971485 0.00039177979420634834 -0.0023267794077936887 -0.00038533283462838241 3.1924157877982749e-05 -0.00016777124308053892 -0.00013807606530122918 0.0011378054164330464
leaf_weight=110498 7653 943 49 3276 175 505 6517 135 27 289 270 7899 12749 26 1981 586 51 49 354 1549 1032 436 448 170 383 1056 16587 2538 1925 3564
leaf_count=110498 7653 943 49 3276 175 505 6517 135 27 289 270 7899 12749 26 1981 586 51 49 354 1549 1032 436 448 170 383 1056 16587 2538 1925 3564
internal_value=2.15001e-05 0.000161259 -0.000200315 -0.00146628 0.000115422 2.99581e-05 -0.000531952 0.000141997 0.00053158 -0.00194681 -0.00587045 -8.47536e-05 -0.000206867 -0.000854978 0.000560008 0.000128447 -0.00435636 -0.00195925 0.00578947 0.000578642 0.000170869 -0.00178014 0.00248869 -0.00320901 -0.00542403 -0.000652529 0.000541254 0.00151942 0.00100598 0.00195391
internal_weight=183720 112707 71013 10929 111764 60084 28339 111270 31745 6806 494 21533 21028 13129 31696 111135 637 319 380 31669 22093 3525 884 2641 1415 1226 18568 9576 8027 5489
internal_count=183720 112707 71013 10929 111764 60084 28339 111270 31745 6806 494 21533 21028 13129 31696 111135 637 319 380 31669 22093 3525 884 2641 1415 1226 18568 9576 8027 5489
cat_boundaries=0 1
cat_threshold=1
is_linear=0
shrinkage=0.05


Tree=272
num_leaves=31
num_cat=1
split_feature=18 11 4 22 17 19 23 12 4 17 10 19 19 4 4 8 23 23 16 18 16 16 22 4 16 17 10 19 0 19
split_gain=7.18021 12.5891 7.57003 7.3469 3.34202 7.41079 2.91305 3.33031 2.8276 2.70217 3.69165 3.40384 3.44173 2.61487 2.54294 3.89538 2.48353 2.46557 5.17447 3.66308 3.53431 2.77036 2.45772 2.37193 2.21385 2.2115 9.53256 8.9471 7.47909 6.73976
threshold=1.0000000180025095e-35 7.4974835395764439 3.5000000000000004 2.0856528016791152 7.2412687980163293 6.9449690205294203 3.5281321860343211 6.8569880235699889 8.5000000000000018 7.81544289430175 7.4404391602237441 7.8654381142696161 8.2027777531673554 10.500000000000002 2.5000000000000004 5.5000000000000009 0.79455950150566201 0.35216667429625431 0.17329751724090861 0.17163308484935949 0.062161004903903201 0.074539318500575338 5.3425734291997005 6.5000000000000009 0.04401058572824073 7.2761927279091099 7.4404391602237441 7.4804399948755842 0 7.3300092903371938
decision_type=8 8 2 8 10 10 10 10 2 10 8 10 10 2 2 2 10 8 8 10 10 10 8 2 10 8 10 10 1 8
left_child=1 2 14 13 5 6 7 -3 -7 10 -6 -11 -13 -4 15 -1 -17 18 19 20 24 -22 -18 -23 -2 26 27 -19 -28 -27
right_child=17 4 3 -5 9 8 -8 -9 -10 11 -12 12 -14 -15 -16 16 22 25 -20 -21 21 23 -24 -25 -26 29 28 -29 -30 -31
leaf_value=1.3683667659147859e-05 0.00085830273763150007 -0.00010744788511038995 1.0112162597675223e-05 2.734804744797259e-05 2.6703558049012702e-06 0.00034945703336146665 -0.00022626443505120443 0.0003965324314342489 0.0070966738412314495 0.0030437329829920978 -0.00027865436304566062 -0.00089498017328060175 0.0007593080560440058 5.4192298264421623e-06 -0.00013776942960861405 -6.9841713233653738e-06 7.1428313173504959e-05 1.4375331117921775e-05 0.004176767565250295 -0.0023574652415273346 0.0021369073121171979 -0.0011819722170382408 -1.9261479663645887e-05 0.0033314832535032758 -0.0013188870130178998 -0.00023481034226726651 0.0047243664610685746 -0.0031462704935081524 0.00047162354541914199 -2.4333447388391606e-06
leaf_weight=59 42 172 297 369 92 78 46 38 38 22 255 34 30 97 55 37 48 108135 175 69 20 54 25 60 50 11769 616 346 750 59736
leaf_count=59 42 172 297 369 92 78 46 38 38 22 255 34 30 97 55 37 48 108135 175 69 20 54 25 60 50 11769 616 346 750 59736
internal_value=3.13157e-05 0.0031808 0.00696555 0.00933814 -0.00145963 0.00201613 -0.00273438 -0.000238095 0.0125 -0.00444573 -0.0064121 0.00348837 -0.00234375 0.0140863 -0.00111607 0.00192308 -0.00363636 2.74994e-07 0.00361702 -0.000423729 0.00265487 0.00783582 0.00171233 0.00482456 -0.0048913 -9.09833e-06 0.000131774 7.9507e-05 0.00428258 -0.000225509
internal_weight=183614 1792 987 763 805 372 256 210 116 433 347 86 64 394 224 169 110 181822 470 295 226 134 73 114 92 181352 109847 108481 1366 71505
internal_count=183614 1792 987 763 805 372 256 210 116 433 347 86 64 394 224 169 110 181822 470 295 226 134 73 114 92 181352 109847 108481 1366 71505
cat_boundaries=0 1
cat_threshold=49155
is_linear=0
shrinkage=0.05


Tree=273
num_leaves=31
num_cat=2
split_feature=20 11 4 8 22 4 8 1 4 16 0 6 23 17 15 8 20 16 23 17 20 4 18 8 4 13 8 11 17 14
split_gain=7.9563 8.60491 6.35171 5.90806 4.05665 5.16107 3.43303 3.33432 2.65893 2.3672 6.41607 5.34322 6.29967 7.88947 5.24089 3.87104 3.85168 5.84864 14.4402 4.98128 3.62566 3.8167 5.00449 4.58195 3.81454 3.67729 3.59366 4.54635 4.50351 3.57826
threshold=1.0000000180025095e-35 7.8264411450176032 3.5000000000000004 5.5000000000000009 7.0605621955425404 6.5000000000000009 5.5000000000000009 0 10.500000000000002 0.023783949330547432 1 1.0000000180025095e-35 0.6931071725578114 6.5260603419427694 7.9113386592349322 6.5000000000000009 0.061914033007708077 0.0087760965597175316 1.0017958384914101 7.3527899669191834 0.13172725097904012 8.5000000000000018 0.049589521499424923 5.5000000000000009 11.500000000000002 7.0026107065950418 6.5000000000000009 7.4103463658656468 7.3767535032203844 7.2089702972815557
decision_type=8 8 2 2 8 2 2 1 2 8 1 2 10 10 10 2 10 10 10 10 10 2 10 2 2 10 2 8 10 10
left_child=1 2 3 -1 8 -6 -7 -3 -4 10 15 12 14 -14 -12 20 17 18 -15 -20 21 22 23 -2 -22 29 27 28 -18 -23
right_child=9 7 4 -5 5 6 -8 -9 -10 -11 11 -13 13 16 -16 -17 26 -19 19 -21 24 25 -24 -25 -26 -27 -28 -29 -30 -31
leaf_value=1.3794931162758318e-05 -3.472519636353866e-05 9.7857345241303409e-05 8.926862023583837e-06 -4.971004376219668e-06 4.0161408844507922e-05 6.3152457548976146e-05 -9.9529019855548743e-06 -4.385647972986462e-05 4.4794888329313663e-06 -9.5903842933786621e-06 -4.7821586360630164e-05 -3.6966515375302938e-05 -0.00034368221760257002 0.00018295614582988231 -0.0035821501869301112 7.1308308495354752e-05 0.00021462090740571594 0.00020174744019758607 -0.00017194770924846561 4.7081707025253833e-05 -0.00057237839938419912 4.1415436152547617e-06 0.0012191476714136674 0.00027014004728997953 0.00046675574849324168 -0.00035902047186469059 -5.5400002022132358e-05 0.00012674706281732285 0.00062645976762287781 0.0029781866302160068
leaf_weight=39 387 92 234 91 42 68 39 191 77 169145 1869 4853 291 78 97 316 1392 993 341 100 217 284 334 210 35 93 209 1424 49 30
leaf_count=39 387 92 234 91 42 68 39 191 77 169145 1869 4853 291 78 97 316 1392 993 341 100 217 284 334 210 35 93 209 1424 49 30
internal_value=2.04226e-05 0.00478236 0.00822034 -0.00153846 0.0109783 0.00419463 -0.00163551 -0.00238516 0.0142283 -2.32562e-06 0.00063226 0.000192209 0.00109236 0.00205557 -0.00129705 0.0033142 0.00256215 0.000496032 -0.00380539 -0.00731293 0.00232704 0.00336323 0.00512889 0.00238693 -0.0031746 -0.000675676 0.0035784 0.00404014 0.00602012 0.00191083
internal_weight=183620 873 590 130 460 149 107 283 311 182747 13602 11696 6843 4877 1966 1906 4586 1512 519 441 1590 1338 931 597 252 407 3074 2865 1441 314
internal_count=183620 873 590 130 460 149 107 283 311 182747 13602 11696 6843 4877 1966 1906 4586 1512 519 441 1590 1338 931 597 252 407 3074 2865 1441 314
cat_boundaries=0 1 2
cat_threshold=1 10244
is_linear=0
shrinkage=0.05


Tree=274
num_leaves=31
num_cat=2
split_feature=20 4 11 3 22 8 3 4 23 11 23 14 8 14 11 20 18 0 23 0 4 13 19 4 19 20 3 17 23 4
split_gain=5.11767 8.67489 6.95576 5.2441 5.86179 3.65195 2.92982 4.16288 2.66414 2.99734 2.67666 2.3477 2.33539 6.09968 5.77204 5.66295 5.93895 7.53505 5.54889 5.14662 7.74233 10.0351 14.2403 6.11176 5.89509 5.19016 5.04306 5.03455 6.67997 4.58002
threshold=1.0000000180025095e-35 3.5000000000000004 7.4974835395764439 1.0000000180025095e-35 1.1150072000796054 5.5000000000000009 2.5000000000000004 10.500000000000002 0.77435709176599266 6.9082550291486795 4.6328087806402438 7.3128864978553141 5.5000000000000009 6.3108265436897168 6.3465127852423047 0.18026102713126577 0.25468710466285244 0 0.76072469857797287 1 9.5000000000000018 6.8314139001060186 6.6253014872725187 2.5000000000000004 7.3346679283991101 0.085576010685196505 3.5000000000000004 7.0037672902722621 0.69331376394879285 8.5000000000000018
decision_type=8 2 8 2 8 2 2 2 8 10 10 10 2 10 8 10 10 1 8 1 2 8 10 2 10 10 2 10 8 2
left_child=1 8 3 11 6 -6 7 -5 -1 10 -10 -3 -2 -14 -15 19 -17 18 -18 20 -16 22 25 24 27 -22 -26 28 -21 -20
right_child=12 2 -4 4 5 -7 -8 -9 9 -11 -12 -13 13 14 15 16 17 -19 29 23 21 -23 -24 -25 26 -27 -28 -29 -30 -31
leaf_value=-9.2340648810029801e-06 -3.1491399301408765e-05 2.4488303713621208e-05 -7.9617367068518529e-06 1.2526358565079221e-05 7.6539675080677943e-05 -1.9137716879669145e-06 8.4805189223935436e-06 -1.6472232849751302e-05 -3.1112062348714885e-05 1.3807306839863642e-05 -0.00027788277403422156 -9.4490977208927525e-06 0.00014705384049418235 -0.00065343044403016754 0.00050161760285272194 -0.00025829000925488011 0.0015606658284203158 0.001048909088328287 -1.5351348929293353e-05 -0.0030666338711536237 -0.002203628802810176 -0.0010116021546619613 0.0012094007204927594 -9.3138859934782672e-06 0.00067304074190395198 0.00074498961772961891 9.1020154343990367e-05 -0.00025406124949896026 0.00032992752600327082 -0.0018715736119059301
leaf_weight=76 88119 26 221 50 85 81 165 24 47 72 22 35 19658 1652 3655 16878 432 2071 1965 42 84 587 387 39799 1260 43 903 1705 2488 993
leaf_count=76 88119 26 221 50 85 81 165 24 47 72 22 35 19658 1652 3655 16878 432 2071 1965 42 84 587 387 39799 1260 43 903 1705 2488 993
internal_value=8.30497e-06 0.00376106 0.00651383 0.00997854 0.012037 0.00481928 0.0170502 0.00878378 -0.00495392 -0.000886525 -0.00833333 -0.00368852 -1.02615e-05 0.000162259 -4.33657e-05 2.25127e-05 -0.000641255 0.000791979 -0.000661765 0.000313524 0.00187789 -0.00179382 0.00330739 0.000152033 0.00158643 -0.0112205 0.00371012 0.000501771 0.001917 -0.00143678
internal_weight=183625 904 687 466 405 166 239 74 217 141 69 61 182721 94602 74944 73292 22339 5461 3390 50953 4756 1101 514 46197 6398 127 2163 4235 2530 2958
internal_count=183625 904 687 466 405 166 239 74 217 141 69 61 182721 94602 74944 73292 22339 5461 3390 50953 4756 1101 514 46197 6398 127 2163 4235 2530 2958
cat_boundaries=0 1 2
cat_threshold=32791 39296
is_linear=0
shrinkage=0.05


Tree=275
num_leaves=31
num_cat=0
split_feature=20 4 7 4 3 22 12 21 22 11 16 16 16 4 16 22 15 3 20 16 3 21 16 21 22 19 4 21 15 21
split_gain=5.90645 7.04669 5.04789 4.70509 3.7081 3.87983 3.63659 3.09863 4.93007 5.92085 4.84235 4.5915 4.40328 3.70778 4.42099 3.64696 3.47084 3.31872 3.8988 3.30262 3.28251 3.17178 3.12308 3.30984 3.31106 3.10618 3.01029 2.9726 3.01347 2.92195
threshold=1.0000000180025095e-35 3.5000000000000004 1.5000000000000002 10.500000000000002 1.0000000180025095e-35 7.0605621955425404 6.7458242390288694 6.9946666341625168 6.8600344547591634 7.9386235179612585 0.099770425885579758 0.11951127770008163 0.083487181397779567 10.500000000000002 0.23652100972269152 7.1709269090109684 7.8180023697402996 3.5000000000000004 0.059723064261871316 0.019904899595063856 1.0000000180025095e-35 7.0893682436325962 0.11506043413769938 7.5598199805147646 6.9227424039380336 7.0482482953508105 1.5000000000000002 7.2452983069657719 6.6438060245300088 7.0040195479211134
decision_type=8 2 10 2 2 8 10 10 8 8 10 8 8 2 10 8 10 2 10 10 2 10 10 10 10 10 2 10 10 10
left_child=1 26 4 -4 -3 -6 -7 -2 17 10 12 22 15 14 -13 19 20 -9 -19 -10 -17 -21 23 -11 -25 -20 -1 28 -23 -22
right_child=7 2 3 -5 5 6 -8 8 9 11 -12 13 -14 -15 -16 16 -18 18 25 21 29 27 -24 24 -26 -27 -28 -29 -30 -31
leaf_value=2.6546000865934618e-06 3.8614683783855241e-07 -2.4193852728116028e-06 0.00017763141504518743 -0.0013819571423464795 7.1495480173044972e-06 0.00022408789706767075 -2.6268491787551086e-06 -0.00018119055942191766 0.00019156477200641398 0.00039650540271760629 0.00039885337457765683 -0.00022776083598616826 -0.0012111544602501302 -0.0015059924257436741 0.004704534544351136 -0.00041178578201217508 -0.0015171534606061689 3.7619605053418331e-05 -0.00029854803281983424 -0.001011930226657043 -0.00091519555909425065 0.00089152179855100933 0.0026291808515255255 0.0006805651222514975 -0.00082382488960934812 -0.0016662345077703478 -8.7723616369661531e-06 -0.00097027860144343063 -0.00025210414359939649 0.00014967094026006045
leaf_weight=114 173071 68 105 23 313 73 83 1497 102 2024 973 460 417 157 33 568 46 129 142 339 50 38 43 113 276 247 89 215 341 1564
leaf_count=114 173071 68 105 23 313 73 83 1497 102 2024 973 460 417 157 33 568 46 129 142 339 50 38 43 113 276 247 89 215 341 1564
internal_value=-2.4903e-05 0.00408986 0.00657895 -0.00234375 0.00870577 0.0102878 0.00384615 -4.44365e-05 -0.000910579 -0.000338317 -0.0014668 0.00135222 -0.0022962 -0.00238462 -0.00025355 -0.0016779 -0.0005386 -0.00311414 -0.00656371 -0.00413043 -0.000252062 -0.00506431 0.00234121 0.00210319 -0.00212082 -0.0090617 -0.00406404 -0.00286195 -0.000197889 0.000898389
internal_weight=183713 868 665 128 537 469 156 182845 9774 7759 4653 3106 3680 650 493 3263 2228 2015 518 1035 2182 933 2456 2413 389 389 203 594 379 1614
internal_count=183713 868 665 128 537 469 156 182845 9774 7759 4653 3106 3680 650 493 3263 2228 2015 518 1035 2182 933 2456 2413 389 389 203 594 379 1614
is_linear=0
shrinkage=0.05


Tree=276
num_leaves=31
num_cat=5
split_feature=20 3 22 11 3 6 7 1 3 3 20 0 0 10 9 17 0 21 18 21 15 11 0 7 3 16 17 10 22 16
split_gain=4.63801 6.43773 8.05874 4.78918 5.39409 3.75271 3.08274 3.05991 2.51907 2.48708 5.16351 6.7616 5.53827 5.20496 3.63229 3.95793 4.06166 3.40339 3.24051 3.36021 5.56544 3.33016 2.96861 4.29388 4.08327 5.90718 4.77505 5.1856 5.03752 3.74201
threshold=1.0000000180025095e-35 2.5000000000000004 1.1150072000796054 7.3128864978553141 5.5000000000000009 1.0000000180025095e-35 1.5000000000000002 0 1.0000000180025095e-35 5.5000000000000009 0.13079665070456117 1 2 6.9579728820873044 1.0000000180025095e-35 6.7090461912475901 3 1.9095150692894911 0.13545967988498001 2.7113724724615449 7.4730060241454215 7.3814970480868451 4 183.00000000000003 3.5000000000000004 0.23279276578751071 7.8978964357955705 7.8073020336262013 5.21520742292401 0.046136951816006661
decision_type=8 2 8 10 2 2 10 1 2 2 8 1 1 8 2 8 1 10 10 8 10 10 1 10 2 10 10 10 10 8
left_child=1 5 3 -3 -5 -1 8 -4 -7 22 12 13 -11 17 15 16 -13 -12 21 -20 -21 -14 24 -24 25 29 27 -26 -28 -2
right_child=9 2 7 4 -6 6 -8 -9 -10 10 11 14 18 -15 -16 -17 -18 -19 19 20 -22 -23 23 -25 26 -27 28 -29 -30 -31
leaf_value=-1.8110246264746444e-05 -1.8129516821963066e-05 -7.9211272723700442e-06 -7.6862263956645197e-06 7.6990155753797754e-06 1.4850540618116527e-06 -2.5894006371096626e-06 -0.00036538004147732564 0.00034166410502436408 1.3041859518603261e-05 -0.00024953341908684479 0.004181016115075176 0.0019524697153598947 -1.7194686896049306e-05 0.0006337178277970424 -0.0012651613821961672 -1.5862839769331671e-05 0.00041236551973959927 0.0018631730652714175 0.002476307375105913 0.0012562971641038702 -0.0042153934396835348 0.00038210095762447605 -5.4401225637645825e-05 -0.020184404334038099 -4.8942161042897503e-05 -0.00098914634164661854 -0.0003112220621168227 0.00069860480563384015 -0.0010280362816533996 0.00016460229946237972
leaf_weight=182 13395 43 150 166 47 51 20 115 113 4106 121 383 6970 3551 108 7220 1322 602 62 158 28 1150 74481 35 22268 3396 2118 1020 535 39234
leaf_count=182 13395 43 150 166 47 51 20 115 113 4106 121 383 6970 3551 108 7220 1322 602 62 158 28 1150 74481 35 22268 3396 2118 1020 535 39234
internal_value=-2.73e-05 0.00357948 0.00714971 0.0134766 0.0165493 -0.00150273 0.00353261 0.00103774 0.00579268 -4.48528e-05 0.000410186 0.00109529 -0.000320667 0.00273109 0.000317925 0.000428571 0.00259531 0.00660443 0.000417761 0.00604839 0.00268817 0.000246305 -0.000119822 -0.000348201 8.78306e-05 0.000327979 -0.000430785 -0.000201821 -0.00244063 0.000458397
internal_weight=183150 887 521 256 213 366 184 265 164 182263 25781 13307 12474 4274 9033 8925 1705 723 8368 248 186 8120 156482 74516 81966 56025 25941 23288 2653 52629
internal_count=183150 887 521 256 213 366 184 265 164 182263 25781 13307 12474 4274 9033 8925 1705 723 8368 248 186 8120 156482 74516 81966 56025 25941 23288 2653 52629
cat_boundaries=0 1 2 3 4 5
cat_threshold=4 1504 746 18 53398
is_linear=0
shrinkage=0.05


Tree=277
num_leaves=31
num_cat=3
split_feature=16 0 11 10 19 6 20 12 16 12 0 0 20 10 21 19 22 10 10 21 19 16 19 10 22 20 10 16 20 20
split_gain=5.00129 9.06737 5.65281 4.4914 3.83888 3.75894 6.16156 5.43834 5.24772 5.17339 4.73601 4.6338 4.26892 4.16617 4.5229 4.66669 3.90293 4.67987 6.14081 6.42119 5.32989 5.0815 4.65416 4.18905 3.82478 3.73168 4.44296 4.9846 3.656 3.50252
threshold=0.021537580370275523 0 7.4404391602237441 7.8452197668196186 7.8155932471590388 1.0000000180025095e-35 0.032272416552388723 6.7264332025612061 0.0087760965597175316 6.6194060950237885 1 2 0.083056429672564089 6.6194060950237885 4.9137566122192711 7.4231166984749732 0.66750053336617021 7.4682278018910955 6.9152271706749397 3.5248877695012832 7.3510830435398935 0.012368737509700129 7.2045485442231589 6.2700423577822813 5.2613939787983837 0.05114141841661967 7.0913259685875696 1.0000000180025095e-35 0.073260327237968506 0.037168973575952287
decision_type=8 1 8 10 10 2 10 10 10 10 1 1 10 10 10 10 8 10 10 10 10 10 10 10 8 10 8 10 10 10
left_child=1 2 -1 4 5 6 11 9 25 29 16 -3 -12 14 15 -14 -8 18 19 23 21 22 -20 -18 -21 -9 27 28 -27 -7
right_child=-2 3 -4 -5 -6 7 10 8 -10 -11 12 -13 13 -15 -16 -17 17 -19 20 24 -22 -23 -24 -25 -26 26 -28 -29 -30 -31
leaf_value=9.3227925190841887e-06 -2.5900150308899582e-07 -0.00020043472807012021 5.4356780496478411e-06 -0.00022587194311745053 0.00034844013806525356 0.00013341220415277188 -0.00033250549724699323 -1.0793420832699853e-05 8.406903459245996e-06 0.00039481711338171802 -9.8610346083605194e-05 4.1530806863510078e-05 0.00021858049341989539 0.0002616151100979236 -0.00090918087487006365 -0.0014645612800073373 9.4526266324534985e-05 -0.00020745844621408163 0.0001460471635057914 -5.8115936562330722e-05 0.00045283282355612631 0.00071623717673952036 -0.00047804184607942447 0.00057409443663152264 5.0033267924898264e-05 -8.7176034025926452e-05 -0.00044940265199557852 -0.00012398641874482587 0.00065462201919208596 -7.0060905084767817e-06
leaf_weight=1127 171419 212 602 726 548 222 93 489 1399 91 1153 186 570 734 119 90 780 199 127 205 168 453 65 279 216 29 422 102 86 968
leaf_count=1127 171419 212 602 726 548 222 93 489 1399 91 1153 186 570 734 119 90 780 199 127 205 168 453 65 279 216 29 422 102 86 968
internal_value=6.81154e-05 0.00103531 0.0043847 0.000491109 0.000767116 0.000531352 0.0013498 -0.000682773 -0.0020281 0.00197112 0.00180442 -0.00464824 0.000317638 0.00206543 -0.000481386 0.00113636 0.0033237 0.00371188 0.0043502 0.00243243 0.00784133 0.00577519 -0.00104167 0.00450897 -0.00279097 -0.0045656 -0.00708138 -0.00126728 0.00586957 0.00109244
internal_weight=183879 12460 1729 10731 10005 9457 5649 3808 2527 1281 5251 398 2666 1513 779 660 2585 2492 2293 1480 813 645 192 1059 421 1128 639 217 115 1190
internal_count=183879 12460 1729 10731 10005 9457 5649 3808 2527 1281 5251 398 2666 1513 779 660 2585 2492 2293 1480 813 645 192 1059 421 1128 639 217 115 1190
cat_boundaries=0 1 2 3
cat_threshold=2052 25136 49184
is_linear=0
shrinkage=0.05


Tree=278
num_leaves=31
num_cat=2
split_feature=20 7 4 3 8 22 23 4 21 22 19 2 16 21 10 12 15 0 0 21 14 23 14 6 7 10 15 12 22 8
split_gain=3.9572 7.76678 6.98195 5.03297 4.8215 4.30455 4.02307 3.72883 3.4125 3.03661 2.75628 6.2786 4.89127 5.20769 4.76888 5.69014 5.5479 7.75584 4.4326 4.16635 4.02551 3.88965 4.91917 3.98045 3.88454 3.86081 4.00897 3.7346 3.72979 3.65527
threshold=1.0000000180025095e-35 1.5000000000000002 3.5000000000000004 1.0000000180025095e-35 5.5000000000000009 7.0219318180496062 6.6688566728601488 10.500000000000002 6.8459862469270414 0.66750053336617021 8.1674943672940241 1.5000000000000002 0.13993975399269601 7.0373789850450796 7.9015624361563814 8.2469503068449512 7.7139986685713273 0 1 7.5183356990241661 8.7835421394681745 4.6763561960702678 7.698933631191955 1.0000000180025095e-35 3.5000000000000004 8.0727781170296904 8.1041083815946564 8.8555905539014876 4.8374709681539629 4.5000000000000009
decision_type=8 10 2 2 2 8 8 2 8 10 10 2 10 8 10 10 10 1 1 8 8 10 8 2 10 10 10 10 8 2
left_child=1 2 4 -4 9 -5 -3 -8 -6 -1 14 -12 13 25 15 -2 17 -16 -14 20 -20 -18 23 -23 27 -13 -27 -15 -17 -24
right_child=10 6 3 5 8 -7 7 -9 -10 -11 11 12 18 24 16 28 21 -19 19 -21 -22 22 29 -25 -26 26 -28 -29 -30 -31
leaf_value=-9.9660414862423614e-06 -5.5925999490114012e-06 -0.00031450862175383957 -8.7972089791055207e-06 6.1059950944741816e-06 -9.5044797533638828e-06 1.5029661547982798e-05 6.4162518924515419e-05 -0.001450715178816564 3.3983685662186679e-05 2.7970663879406389e-05 0.00025364844725883628 -0.0037732976437266697 -0.0011037473826100098 -0.00015148565314495601 -0.00017190810587750516 -0.00035029159411203992 1.0223387696406405e-05 0.0047623659130502823 -0.0001742346494055802 -0.0058327169307931474 -0.0039016640453156449 0.0005152455109223242 0.0023838315041413206 0.0043782631124694047 0.0037112702456004957 0.0019468850289274366 -0.00061181175543811861 0.0089221495433417179 0.0033234708692048368 8.3979723480220872e-05
leaf_weight=47 167919 33 72 335 65 161 118 20 28 27 2116 197 671 1399 334 129 5411 406 177 153 149 152 240 196 187 138 1139 59 263 1551
leaf_count=47 167919 33 72 335 65 161 118 20 28 27 2116 197 671 1399 334 129 5411 406 177 153 149 152 240 196 187 138 1139 59 263 1551
internal_value=1.49544e-05 0.00331126 0.00554422 0.00818662 -0.00344311 0.00997984 -0.00628655 -0.00253623 -0.0110215 0.00608108 -1.36622e-06 -0.00102193 -0.00212579 -0.00109811 3.55321e-05 -2.21316e-05 0.00120627 0.00533784 -0.00491304 -0.00853783 -0.00552147 0.000801325 0.00260636 0.00804598 0.000835866 -0.00325645 -0.00225137 -3.42936e-05 0.0059949 0.00154941
internal_weight=183892 906 735 568 167 496 171 138 93 74 182986 6385 4269 3119 176601 168311 8290 740 1150 479 326 7550 2139 348 1645 1474 1277 1458 392 1791
internal_count=183892 906 735 568 167 496 171 138 93 74 182986 6385 4269 3119 176601 168311 8290 740 1150 479 326 7550 2139 348 1645 1474 1277 1458 392 1791
cat_boundaries=0 1 2
cat_threshold=33108 33822
is_linear=0
shrinkage=0.05


Tree=279
num_leaves=31
num_cat=4
split_feature=18 11 4 22 7 3 20 16 10 19 10 3 4 0 22 4 8 1 21 18 11 10 11 22 19 21 21 1 21 0
split_gain=3.35991 9.6875 6.13823 6.14125 4.67259 4.66426 3.73544 3.4329 3.87405 3.48161 3.31085 3.25929 3.02474 2.69832 3.45455 2.37176 3.90624 2.52605 2.24045 5.20911 4.71615 6.14098 5.74608 3.93334 4.05529 3.85131 5.24341 8.24771 4.8288 4.76155
threshold=1.0000000180025095e-35 7.4974835395764439 3.5000000000000004 2.0856528016791152 1.0000000180025095e-35 2.5000000000000004 1.0000000180025095e-35 1.1904002499163084e-07 7.3814970480868451 6.5167064800210923 7.3768197455032354 5.5000000000000009 10.500000000000002 0 6.3756207167233514 2.5000000000000004 5.5000000000000009 1 6.6351588094495755 0.41301574735743501 7.6016521472294505 7.7202392267623416 7.7465022115569893 6.7351858371076387 7.4958332319504395 5.9851941429858151 5.1935120980322251 2 5.7563747247402066 3
decision_type=8 8 2 8 10 2 10 8 8 10 10 2 2 1 8 2 2 1 10 10 10 10 10 8 10 10 10 1 10 1
left_child=1 2 4 5 15 6 12 8 -3 -9 13 -7 -4 14 -5 16 -1 -18 25 20 -20 -22 -23 -24 -25 26 -2 28 29 -28
right_child=18 7 3 10 -6 11 -8 9 -10 -11 -12 -13 -14 -15 -16 -17 17 -19 19 -21 21 22 23 24 -26 -27 27 -29 -30 -31
leaf_value=7.5584181425281118e-06 1.0897305986512508e-05 1.7774507864443123e-06 9.6401421108449635e-06 -3.6315911113149472e-05 0.00014278961185714147 7.8700265276232538e-06 6.1156206543255828e-05 -0.0026880353170272379 -0.00017016186285021551 0.0001899858088896922 7.3394259651582416e-05 2.4337807616792165e-06 -3.5017496834299776e-05 -4.4953831187077851e-06 0.00049162306583490085 -0.00019378214413587891 -7.4191468801831917e-06 0.00010127370057309016 -3.0234598727441055e-05 0.0068719746158248281 -0.0013186384770959238 0.0027792335065425448 -0.001201476324082318 -0.0020705711402582597 -5.7622469922513633e-05 0.00014862777466029264 -0.00078292658359093716 0.00020545912409706269 -0.0015376946674955151 -1.5912750515401088e-05
leaf_weight=24 147829 150 78 33 73 160 51 25 214 404 35 50 36 234 81 36 69 20 15698 60 322 78 241 25 1015 7947 2873 1725 807 2780
leaf_count=24 147829 150 78 33 73 160 51 25 214 404 35 50 36 234 81 36 69 20 15698 60 322 78 241 25 1015 7947 2873 1725 807 2780
internal_value=1.95171e-05 0.00218556 0.0055102 0.00765172 -0.0018018 0.0122 0.00590909 -0.00192308 -0.00549451 0.00110723 0.00319843 0.0171429 0.000877193 0.00172414 0.00766129 -0.00687919 -0.00331858 -0.00814607 -1.6538e-06 -0.000540455 -0.000591231 -0.00310827 -0.00163723 -0.0024395 -0.00110577 5.56535e-05 9.61452e-07 -0.00123091 -0.00205108 -0.00153458
internal_weight=183173 1773 980 758 222 375 165 793 364 429 383 210 114 348 114 149 113 89 181400 17439 17379 1681 1359 1281 1040 163961 156014 8185 6460 5653
internal_count=183173 1773 980 758 222 375 165 793 364 429 383 210 114 348 114 149 113 89 181400 17439 17379 1681 1359 1281 1040 163961 156014 8185 6460 5653
cat_boundaries=0 1 2 3 4
cat_threshold=18050 4 2 1
is_linear=0
shrinkage=0.05


Tree=280
num_leaves=31
num_cat=2
split_feature=20 11 3 22 8 3 3 1 10 23 15 6 3 10 19 13 14 11 13 18 22 15 22 16 23 15 20 20 17 0
split_gain=3.9455 8.95267 4.55075 3.3254 2.86654 2.81212 4.37338 2.78171 2.31618 2.61568 2.25408 2.11331 2.77268 2.0884 4.82722 4.71392 4.48804 4.76962 7.25864 5.61121 5.49385 4.59007 4.29452 4.23203 3.96075 3.92478 3.88984 4.92257 3.81594 3.68621
threshold=1.0000000180025095e-35 7.4974835395764439 1.0000000180025095e-35 5.6650411060582746 5.5000000000000009 5.5000000000000009 2.5000000000000004 0 7.3128864978553141 0.6931071725578114 6.6805702202678159 1.0000000180025095e-35 1.5000000000000002 6.2275238364393255 7.0656292606887492 7.3122184950839424 6.3894010363054905 6.1323122662398957 6.2547894266644208 0.016699584755952179 6.1338316943681521 6.1929253147626779 6.9547819741697579 0.10660478958410298 6.9377443033387651 6.2621182081353917 0.38824048265638744 0.33358687486319499 6.4504655433615694 1
decision_type=8 8 2 10 2 2 2 1 10 10 10 2 2 8 8 10 8 8 10 10 10 10 10 10 10 10 10 10 10 1
left_child=1 2 4 5 -1 6 11 10 9 -9 -3 -4 -13 14 23 -16 17 -15 19 -19 26 -22 24 29 -20 -25 27 -21 -24 -2
right_child=13 7 3 -5 -6 -7 -8 8 -10 -11 -12 12 -14 16 15 -17 -18 18 22 20 21 -23 28 25 -26 -27 -28 -29 -30 -31
leaf_value=1.7694477756924344e-05 -0.00096315128791464317 0.00068563645537338407 -6.2212750648882322e-07 -4.3116542320209565e-05 -1.6279452757261838e-05 5.1767293993698618e-07 6.1491240895605873e-06 -0.00063930282957627151 1.3646507753151129e-06 -0.00016124052628783137 -4.5524691887632866e-05 1.6233002217269644e-05 2.4173353363465822e-06 -0.0012449266266832738 -0.014825541564752154 0.0087899982128810897 -3.8222187746628221e-06 -0.0092021873218452125 -2.0357749549493323e-05 0.0011086305581908817 -0.0081796867324360981 0.00049020401612041018 0.00044061293756751945 0.0005363581082690861 -0.0037519780188398411 -0.00095461028848093938 0.0048496451875373221 -0.0060852126569289847 0.0070002126847016569 -0.00013023897693487108
leaf_weight=28 306 70 75 25 53 77 230 85 65 42 28 44 45 479 82 20 172400 39 2395 1849 39 94 88 1480 20 1052 101 74 38 2263
leaf_count=28 306 70 75 25 53 77 230 85 65 42 28 44 45 479 82 20 172400 39 2395 1849 39 94 88 1480 20 1052 101 74 38 2263
internal_value=8.71052e-06 0.0033737 0.00697574 0.00877016 -0.00401235 0.00971338 0.0114213 -0.0037931 -0.00729167 -0.0112205 0.00306122 0.00518293 0.0103933 -7.24761e-06 -0.000994618 -0.0117647 2.1676e-05 0.00146664 0.00194744 0.00405282 0.00439268 -0.00545113 0.000127902 -0.000779259 -0.000341615 0.000671406 0.00503953 0.00453718 0.00912698 -0.00220903
internal_weight=183686 867 577 496 81 471 394 290 192 127 98 164 89 182819 5203 102 177616 5216 4737 2196 2157 133 2541 5101 2415 2532 2024 1923 126 2569
internal_count=183686 867 577 496 81 471 394 290 192 127 98 164 89 182819 5203 102 177616 5216 4737 2196 2157 133 2541 5101 2415 2532 2024 1923 126 2569
cat_boundaries=0 1 2
cat_threshold=1 1
is_linear=0
shrinkage=0.05


Tree=281
num_leaves=31
num_cat=1
split_feature=18 11 22 3 20 10 23 15 23 17 19 23 3 10 19 17 20 3 19 1 10 23 8 3 23 15 10 11 11 15
split_gain=3.32417 8.32685 3.98084 4.26463 5.78729 3.08944 3.53156 3.78954 2.91667 2.84797 4.80083 2.70003 2.72949 2.55278 3.42614 3.1766 2.65152 2.46715 2.43067 3.06462 2.70433 3.34388 3.21695 2.32398 2.15275 2.01607 9.32709 8.0734 6.49487 6.43234
threshold=1.0000000180025095e-35 7.4974835395764439 1.3736354571277458 2.5000000000000004 1.0000000180025095e-35 7.3768197455032354 6.3810182859590316 6.8013667076152702 0.97790950690847633 7.1313641591336951 6.9449690205294203 6.3340567951102527 5.5000000000000009 7.4682278018910955 7.3135575868412381 7.4034884855345346 0.26100187434263888 5.5000000000000009 6.9052115441399922 0 7.3128864978553141 1.1099306967952589 5.5000000000000009 1.0000000180025095e-35 1.8987194561188634 7.6917217173580212 7.577377095608937 7.7846807463779397 7.7202392267623416 7.7139986685713273
decision_type=8 8 8 2 10 10 10 10 10 10 10 8 2 8 10 10 10 2 10 1 10 10 2 2 8 8 10 8 10 8
left_child=1 2 3 4 8 6 7 -4 23 10 -3 12 18 14 -11 -15 24 -5 -9 -20 -21 22 -22 -1 -17 26 28 29 -2 -27
right_child=25 9 5 17 -6 -7 -8 11 -10 13 -12 -13 -14 15 -16 16 -18 -19 19 20 21 -23 -24 -25 -26 27 -28 -29 -30 -31
leaf_value=-1.5465480119392084e-05 -5.4960441365992102e-06 -4.5879757473832328e-05 0.00044854566526986162 6.5794122077189598e-06 7.8556165408949502e-05 9.5519954751166491e-05 0.00013609338976690034 -0.00016705325458632458 8.7292744325395685e-06 -0.0001710649373764195 0.0011999113216911274 -0.00046737774372151986 -2.5666195911622226e-05 -0.00073101958066268402 2.13797196340515e-05 -0.00044282522008836094 -0.00017590886863727562 2.2862080765850837e-06 0.00013633115317270849 -6.9666796644285431e-05 6.8116934150541659e-06 2.4004129076349302e-05 -3.7284217472954853e-06 -5.9102113114661847e-07 5.2442039847599989e-05 -0.00071970648126975514 0.00036541176443476435 1.1210757230095682e-06 0.0025812947933265165 -0.0003363271547243363
leaf_weight=32 128944 244 137 181 43 36 39 38 35 23 90 36 54 117 76 29 42 58 53 52 22 50 56 73 160 768 7358 37335 636 6840
leaf_count=32 128944 244 137 181 43 36 39 38 35 23 90 36 54 117 76 29 42 58 53 52 22 50 56 73 160 768 7358 37335 636 6840
internal_value=1.51097e-05 0.00216779 0.00520101 0.00888626 0.00314208 0.00248691 0.00153631 0.000401606 -0.00178571 -0.00169654 0.00179641 -0.00228532 -0.000846154 -0.00430649 0.00277778 -0.00632184 -0.00292208 0.0132845 0.00119926 0.00311159 0 0.00390625 -0.0025641 -0.00595238 -0.000396825 -5.91046e-06 8.94565e-05 -0.000296487 -8.87483e-06 -0.00178102
internal_weight=183657 1776 995 422 183 573 537 498 140 781 334 361 325 447 99 348 231 239 271 233 180 128 78 105 189 181881 136938 44943 129580 7608
internal_count=183657 1776 995 422 183 573 537 498 140 781 334 361 325 447 99 348 231 239 271 233 180 128 78 105 189 181881 136938 44943 129580 7608
cat_boundaries=0 1
cat_threshold=2
is_linear=0
shrinkage=0.05


Tree=282
num_leaves=31
num_cat=4
split_feature=20 4 3 11 1 4 3 23 4 21 10 17 0 12 11 15 12 17 17 11 16 0 4 20 16 10 0 15 8 23
split_gain=4.88881 5.07877 4.8043 5.98398 4.84624 4.23799 3.76679 3.24578 2.74923 2.25515 2.03158 13.2941 10.0711 8.22117 6.88684 14.2314 7.71999 5.38952 8.46275 10.9142 7.20093 6.27003 5.73811 5.33527 4.91372 5.34602 4.77188 4.7275 4.49386 6.3487
threshold=1.0000000180025095e-35 3.5000000000000004 2.5000000000000004 7.3128864978553141 0 1.5000000000000002 5.5000000000000009 1.0651148533437413 11.500000000000002 6.8459862469270414 6.7747949886470034 6.7854189391483697 1 8.9025685046267764 7.6978016406699554 7.7918171560465863 7.7846807463779397 7.9122323511931798 7.2934100465559233 7.2817282408204109 0.12711723384189652 2 8.5000000000000018 0.061216937323202304 0.16910860824091015 8.1622300485615504 3 6.7177736692782402 1.0000000180025095e-35 0.61848675678476406
decision_type=8 2 2 10 1 2 2 10 2 8 10 10 1 10 10 10 10 10 10 10 10 1 2 10 8 10 1 8 2 10
left_child=1 5 8 4 -4 7 -5 -1 -3 -9 13 12 27 14 16 -16 17 18 19 -2 23 -21 -22 -19 26 -26 -14 -12 29 -25
right_child=10 2 3 6 -6 -7 -8 9 -10 -11 11 -13 24 -15 15 -17 -18 20 -20 21 22 -23 -24 28 25 -27 -28 -29 -30 -31
leaf_value=2.630754368353472e-05 -5.9086324908896875e-05 6.2012390608767738e-06 0.0003225496671173556 6.151251565711391e-06 -0.00011482383081014015 -7.5327715928441568e-06 1.2078299285844807e-06 -3.2327539219823012e-05 -3.6528696971593889e-05 1.2683586658246427e-05 -0.0028518216011159669 2.5009304899015209e-06 0.00029872958693772934 0.0095684102236601731 0.0018565664428637164 -6.0669900156362648e-05 0.0012875571661989495 0.0053679216438082822 -0.00038773028397285362 0.0023191536749424648 -0.016116593203100216 0.00045642516170314452 0.0022634949156650655 0.0010500991366804381 0.00032170131577982099 0.0095061485008923977 0.0010164008649300004 0.00027218996450124601 0.002029915640957758 -0.013036774749561442
leaf_weight=63 62247 238 90 168 89 86 62 25 33 30 383 96255 1090 81 1635 3016 1598 52 10315 637 87 917 63 68 1553 56 1195 991 542 29
leaf_count=63 62247 238 90 168 89 86 62 25 33 30 383 96255 1090 81 1635 3016 1598 52 10315 637 87 917 63 68 1553 56 1195 991 542 29
internal_value=2.36807e-05 0.00373303 0.00580882 0.00922983 0.0023743 -0.00318627 0.0145652 0.0029661 0.000645756 -0.00590909 5.74367e-06 0.000154891 0.00260061 -0.000180533 -0.000196414 0.00167168 -0.000309908 -0.00038322 -0.000428383 -0.000213555 0.00359691 0.00392535 -0.00633333 0.00575253 0.00389344 0.00178682 0.00539387 -0.00108382 0.00449922 -0.00541237
internal_weight=183694 884 680 409 179 204 230 118 271 55 182810 101523 5268 81287 81206 4651 76555 74957 74116 63801 841 1554 150 691 3894 1609 2285 1374 639 97
internal_count=183694 884 680 409 179 204 230 118 271 55 182810 101523 5268 81287 81206 4651 76555 74957 74116 63801 841 1554 150 691 3894 1609 2285 1374 639 97
cat_boundaries=0 1 2 3 4
cat_threshold=1 270 19553 16465
is_linear=0
shrinkage=0.05


Tree=283
num_leaves=31
num_cat=2
split_feature=20 4 22 3 11 4 23 17 22 0 23 23 0 23 23 8 16 7 23 23 16 23 10 19 19 15 4 3 4 23
split_gain=3.02193 5.2063 4.68261 5.9045 3.55824 3.45565 3.27913 3.12461 2.85046 2.05076 1.87474 1.81926 1.79971 3.59582 4.46421 5.00051 6.00028 3.36533 3.04542 3.84445 5.98299 6.42595 5.92425 7.47088 6.63327 7.43138 5.9685 5.52793 4.84511 4.61807
threshold=1.0000000180025095e-35 3.5000000000000004 1.1150072000796054 1.0000000180025095e-35 7.3128864978553141 6.5000000000000009 0.76072469857797287 7.0920614087945237 2.5687807938343217 0 0.95868167035196661 6.2803556814810788 1 0.65995577320040499 0.82446862701750179 5.5000000000000009 0.071502141721504667 29.500000000000004 6.8828932451058362 3.0058574588748814 0.046136951816006661 6.2803556814810788 7.0035197977545716 6.5396345827673468 6.9551629721624115 6.305501493305294 3.5000000000000004 4.5000000000000009 1.5000000000000002 1.7707365880899169
decision_type=8 2 8 2 10 2 8 8 8 1 10 8 1 8 8 2 10 8 10 8 10 10 10 10 10 10 2 2 2 10
left_child=1 6 3 -3 -5 7 -1 -4 -8 10 -7 -10 13 -2 15 16 -15 18 19 22 -21 28 23 26 25 -25 -16 -28 -22 -27
right_child=12 2 5 4 -6 9 8 -9 11 -11 -12 -13 -14 14 17 -17 -18 -19 -20 20 21 -23 -24 24 -26 29 27 -29 -30 -31
leaf_value=-6.6108935246500524e-06 -0.00034488670583565639 -7.7705761846180721e-06 -0.0003425349177954562 -3.5870540852744884e-06 5.1838542190152386e-06 -1.8852513937384076e-05 2.4992166499337999e-05 5.110825505725281e-05 -4.3992978916440606e-05 9.1507634515819457e-06 2.7272371742270708e-06 4.848429127868315e-06 -1.8025882483474477e-05 4.6066937102140497e-05 -0.001087988191942113 0.00036854043179677113 -0.0028773309123857338 0.01113838117759638 -6.1152496326899461e-05 -1.1382816790983519e-05 -0.00048328055890909386 0.00062447454179683783 3.4224044680164492e-05 0.0070576847200607643 -0.00015674982001159246 0.00034830650633572714 0.00043447958014790626 0.0037750007177988821 0.00025541116847564992 -0.0020554238676033345
leaf_weight=65 130 36 39 49 238 76 47 58 33 140 35 44 126479 58 193 392 40 143 10138 16264 1375 1993 6466 26 1483 204 402 190 15527 1379
leaf_count=65 130 36 39 49 238 76 47 58 33 140 35 44 126479 58 193 392 40 143 10138 16264 1375 1993 6466 26 1483 204 402 190 15527 1379
internal_value=8.16362e-06 0.00296512 0.00502981 0.00936533 0.0117596 0.00100575 -0.00436508 0.00902062 0.000403226 -0.00209163 -0.00681818 -0.00551948 -5.74141e-06 0.000229114 0.000248343 0.005 -0.00510204 0.000206604 0.000186916 0.000361523 0.000610797 0.00121593 -0.000485836 -0.00203121 -0.00313713 -0.00536047 0.00232484 0.00481419 0.000899302 -0.00579596
internal_weight=183742 860 671 323 287 348 189 97 124 251 111 77 182882 56403 56273 490 98 55783 55640 45502 35159 18895 10343 3877 3092 1609 785 592 16902 1583
internal_count=183742 860 671 323 287 348 189 97 124 251 111 77 182882 56403 56273 490 98 55783 55640 45502 35159 18895 10343 3877 3092 1609 785 592 16902 1583
cat_boundaries=0 1 2
cat_threshold=164 20644
is_linear=0
shrinkage=0.05


Tree=284
num_leaves=31
num_cat=2
split_feature=20 3 22 4 18 22 19 0 21 17 20 15 19 16 21 0 17 21 10 17 12 17 17 8 15 18 4 22 10 11
split_gain=7.34086 5.63151 6.12736 2.56542 2.35282 5.17358 3.66321 7.08965 4.5278 4.45612 3.50499 3.37503 4.59545 3.61998 5.50476 4.19062 3.25597 3.15352 2.68536 3.09215 2.90205 3.15953 2.93492 2.84012 2.68162 2.61955 2.47482 2.40151 2.33924 4.76795
threshold=1.0000000180025095e-35 2.5000000000000004 1.1150072000796054 10.500000000000002 0.41301574735743501 7.0095444157063502 7.1296993643630566 0 3.6648420565604836 5.9841555006066143 0.40883417556662688 5.9811921524785587 6.5774327080046282 0.3139549948208642 4.5114086553913824 1 7.0685415441575836 6.0213872945311913 7.8845747386333587 7.16763489591587 8.0874863237131702 8.2948384325981515 7.6213986237138007 3.5000000000000004 7.3328161293372141 0.48029719616053018 6.5000000000000009 5.9202361369584819 9.053786418584421 8.8272695731952897
decision_type=8 2 8 2 10 10 10 1 8 10 10 10 10 10 10 1 10 10 10 10 8 10 10 2 10 8 2 10 10 10
left_child=1 -1 3 -3 28 6 7 8 -6 10 -9 -11 17 14 24 16 -15 -13 19 23 -20 22 -22 -8 25 -14 -17 -21 -2 -30
right_child=4 2 -4 -5 5 -7 18 9 -10 11 -12 12 13 15 -16 26 -18 -19 20 27 21 -23 -24 -25 -26 -27 -28 -29 29 -31
leaf_value=-3.5856552167423676e-07 -3.8456656551666418e-06 4.4487655388003587e-06 3.4556069180791128e-06 5.9030619539157669e-06 -0.0061992698347002051 0.011711825638374408 0.008583295158682459 -0.012089057134645965 0.00063497136782793013 0.010799608881157986 0.0016185388548098257 0.010976161662500662 0.0045956133798495278 -0.0031354130903887612 -0.00082243731174935775 -0.0001573350004380636 -0.0092474347501959823 -0.0012950473861689017 -0.00638349255796169 0.00051568946146896 -0.0055269524597870053 -0.0080324730055647119 0.0026679170116662211 -0.0065390482632399216 0.007434461966557171 -0.00058472103643030242 0.0048836867982930306 0.0056263712613035203 0.0081935313926965406 0.00020046493920009568
leaf_weight=365 179787 211 265 47 105 31 56 34 281 157 21 108 59 73 75 61 30 23 109 988 35 33 90 145 83 33 46 37 46 135
leaf_count=365 179787 211 265 47 105 31 56 34 281 157 21 108 59 73 75 61 30 23 109 988 35 33 90 145 83 33 46 37 46 135
internal_value=2.57396e-05 0.00456081 0.00788719 0.0133721 3.69497e-06 0.00146517 0.00123043 0.00330109 -0.00227273 0.00593481 -0.00772727 0.00701872 0.00528765 0.00293478 0.007 -0.00190476 -0.00862832 0.0135496 -0.00041862 0.000570962 -0.00496255 -0.000632911 0.003 -0.0050995 0.0118571 0.00597826 0.00491453 0.00168293 -1.83366e-05 0.00566298
internal_weight=183569 888 523 258 182681 2713 2682 1189 386 803 55 748 591 460 250 210 103 131 1493 1226 267 158 125 201 175 92 107 1025 179968 181
internal_count=183569 888 523 258 182681 2713 2682 1189 386 803 55 748 591 460 250 210 103 131 1493 1226 267 158 125 201 175 92 107 1025 179968 181
cat_boundaries=0 1 2
cat_threshold=8280 32772
is_linear=0
shrinkage=0.05


Tree=285
num_leaves=31
num_cat=5
split_feature=18 11 0 15 15 11 11 12 21 0 22 17 19 14 15 11 17 19 0 21 12 15 15 17 0 19 21 0 13 12
split_gain=3.59596 10.2216 3.09095 2.96435 2.63076 6.7776 6.18035 6.15542 5.54455 7.14943 6.72397 5.25991 4.85961 4.81121 4.51186 4.37703 4.31392 4.78792 7.78648 5.75943 4.23288 4.14035 6.08004 4.44853 6.0031 4.18031 4.08318 4.06049 4.00429 3.92035
threshold=1.0000000180025095e-35 7.4974835395764439 0 6.7458513605168298 7.6917217173580212 7.9206276965290625 7.6016521472294505 6.1824291408094032 6.6649826707415887 1 5.3828882416111457 7.6327274727332535 7.9380349766914593 7.3142198319787717 7.7139986685713273 8.0075332078766461 7.7894125240929926 7.7503381873875457 2 7.1014287935638221 7.577377095608937 7.8850943611837252 7.8979338912159927 7.7083054730005491 3 7.7748742161611917 5.361995895593366 4 6.8839746192279376 6.9092540304800165
decision_type=8 8 1 10 8 8 10 8 10 1 10 10 10 10 8 10 10 10 1 8 10 10 10 10 1 10 10 1 8 8
left_child=1 2 -1 -3 6 12 16 -7 9 15 11 13 14 29 -6 -8 17 -2 19 -19 -21 23 -23 25 -25 -16 -15 -24 -9 -11
right_child=4 3 -4 -5 5 7 8 28 -10 10 -12 -13 -14 26 21 -17 -18 18 -20 20 -22 22 27 24 -26 -27 -28 -29 -30 -31
leaf_value=-3.6592965273785082e-05 9.574780781496096e-06 9.022653595680552e-05 5.8830782200480774e-06 -5.0781700107926934e-05 -0.00058710781675390682 -0.0088942455631505716 -0.00013791817292077013 -0.0011482385723140087 -0.0010099014671746344 -0.011992547474585048 0.0021718497180791998 0.0012595191169272768 -0.0012080856265233475 -0.00032597468345150208 -0.00024694790340216158 -0.0086734547456762453 0.0014936302439974014 0.00052182931071858012 -0.0024702233890122383 -0.003262687446970336 0.00093614452597208248 -0.0011243125175354419 0.00066514636923042936 0.00045959545796838699 -5.3186075617461805e-05 -0.0044273025237889342 -0.002914633978540282 -0.00070598557050960409 3.738416198277861e-05 0.0017314783498024733
leaf_weight=160 131370 439 836 350 891 83 841 1046 251 29 403 710 1642 572 4614 43 321 551 796 160 82 254 314 1477 2294 94 27 656 31323 908
leaf_count=160 131370 439 836 350 891 83 841 1046 251 29 403 710 1642 572 4614 43 321 551 796 160 82 254 314 1477 2294 94 27 656 31323 908
internal_value=2.16578e-05 0.0022549 0.00562249 -0.0019962 -2.751e-07 -0.000333423 0.000108344 4.46814e-05 0.00210095 0.0026111 0.00390184 0.00284951 -0.00133622 0.00120443 -0.000943931 -0.00128635 5.17707e-05 3.77936e-05 -0.00269037 0.000840598 -0.00557851 -0.000631248 -0.00334967 -0.000238825 0.00104084 -0.00126381 -0.00229549 -0.00154639 7.95514e-05 0.00344184
internal_weight=183537 1785 996 789 181752 44688 137064 32452 3784 3533 2649 2246 12236 1536 10594 884 133280 132959 1589 793 242 9703 1224 8479 3771 4708 599 970 32369 937
internal_count=183537 1785 996 789 181752 44688 137064 32452 3784 3533 2649 2246 12236 1536 10594 884 133280 132959 1589 793 242 9703 1224 8479 3771 4708 599 970 32369 937
cat_boundaries=0 1 2 3 4 5
cat_threshold=33056 8772 16901 33316 3
is_linear=0
shrinkage=0.05


Tree=286
num_leaves=31
num_cat=5
split_feature=18 11 13 8 11 0 16 23 0 10 10 19 10 21 23 16 0 12 15 12 23 18 0 15 12 23 10 23 0 12
split_gain=2.97734 9.04655 6.98123 6.01303 4.28952 6.4708 5.56428 4.72236 4.59178 5.09103 4.095 6.55329 5.198 4.0872 3.6217 3.60722 3.39067 3.67303 3.60592 3.19728 3.16105 3.91639 3.8148 4.77677 4.44748 4.67159 3.55644 3.40626 3.08504 3.37529
threshold=0.029403397973934018 7.2348981604083002 7.4682278018910955 6.5000000000000009 7.0044280632177705 0 0.025160458758256624 7.1389039724040186 1 7.2789734129149251 6.8580395486683789 6.9690323732042661 6.601909005459107 0.97438160901885995 6.8228304465798342 0.022252296387016455 2 8.0075332078766461 7.5131071549784449 7.902856097938856 6.6131972194788249 0.02721958419886766 3 7.1327517269796257 7.4682278018910955 6.3562856519958002 6.9579728820873044 4.1601617731664406 4 6.7316144034746452
decision_type=8 10 10 2 8 1 8 10 1 10 10 10 8 10 8 10 1 8 8 10 10 10 1 10 8 10 8 8 1 8
left_child=1 4 13 16 5 -1 15 10 -8 -10 12 -12 -7 -3 -13 20 18 -18 -4 -20 21 22 -6 26 25 27 -24 -25 -14 -30
right_child=-2 2 3 -5 6 7 8 -9 9 -11 11 14 28 -15 -16 -17 17 -19 19 -21 -22 -23 23 24 -26 -27 -28 -29 29 -31
leaf_value=0.00089228833141703496 -2.5827988479054653e-06 6.7387183489309168e-06 0.00016551780291202968 0.00018267036959900286 9.9605790274348571e-05 -0.00050990996200113165 -0.0004812213451502512 -0.00043692570755009545 9.2795522268196431e-05 0.00085188413483439085 -4.257032165257968e-05 0.00036728772939720322 0.00035755675719206792 3.6571390680406604e-05 -4.8290498193948043e-05 -0.00054121290266671005 -3.7580191818742398e-05 0.0001372421801077106 -0.00033891539437171938 0.00044936876486438852 3.3368536446709566e-05 0.00013105648504923019 -2.4006892821426542e-05 4.6916777303618319e-06 -0.00016107573220693896 -0.00040537626242782566 -0.0002118272445940317 0.00057931425607220537 -0.00034540963689608798 0.00015883362936068847
leaf_weight=105 175711 1106 37 78 124 167 357 105 1046 189 360 104 259 876 43 228 247 140 341 55 436 112 102 153 385 53 241 85 111 400
leaf_count=105 175711 1106 37 78 124 167 357 105 1046 189 360 104 259 876 43 228 247 140 341 55 436 112 102 153 385 53 241 85 111 400
internal_value=2.58495e-05 0.000966439 0.00321181 -0.000445434 -0.000285576 0.00181378 -0.00127457 0.000946119 0.000910804 0.0023494 0.00169668 -0.00192308 0.00365528 0.00486882 0.00697279 -0.00308755 -0.00170732 0.00170025 -0.00468397 -0.00618687 -0.00229154 -0.00356574 -0.00444007 -0.00541788 -0.00303254 0.0016323 -0.010277 0.00462185 0.00538961 0.00292706
internal_weight=183756 8045 2880 898 5165 1654 3511 1549 1592 1235 1444 507 937 1982 147 1919 820 387 433 396 1691 1255 1143 1019 676 291 343 238 770 511
internal_count=183756 8045 2880 898 5165 1654 3511 1549 1592 1235 1444 507 937 1982 147 1919 820 387 433 396 1691 1255 1143 1019 676 291 343 238 770 511
cat_boundaries=0 1 2 3 4 5
cat_threshold=140 2371 49680 10752 51744
is_linear=0
shrinkage=0.05


Tree=287
num_leaves=31
num_cat=5
split_feature=16 10 10 0 12 0 22 14 16 0 17 11 23 20 10 17 12 0 11 20 23 4 12 1 20 23 20 20 18 23
split_gain=2.0936 7.06171 7.10353 7.26867 5.74427 4.13113 4.61142 3.95437 3.90888 7.77503 4.95518 6.04483 4.59451 8.56719 4.2436 8.02426 7.65675 6.48523 5.19449 4.16641 5.39354 4.64485 4.37855 4.34131 4.8814 4.98675 4.58592 4.43424 4.0387 3.86822
threshold=0.028264105143109276 7.4682278018910955 7.4103463658656468 0 6.9072550288153467 1 7.4033047855021294 7.7465022115569893 0.037736859904045246 2 6.62140661133592 6.7609937299437428 1.0239740953064616 0.15788886175113834 7.8073020336262013 7.4443264469589083 8.7719603986732384 3 7.8264411450176032 0.14705272623878582 2.0512275922459415 1.5000000000000002 7.3482644339574383 4 0.083645028242441702 6.4242199945909109 0.12626522696638701 0.045321223793866224 0.067025988349388069 3.8113069407217437
decision_type=8 8 10 1 8 1 10 10 8 1 10 8 8 10 10 10 10 1 10 10 10 2 10 1 10 10 10 10 10 8
left_child=1 2 3 -1 -5 6 -3 -7 9 12 -11 28 13 -2 16 17 -10 29 -17 23 21 -21 -22 24 25 -14 27 -25 -12 -16
right_child=8 5 -4 4 -6 7 -8 -9 14 10 11 -13 19 -15 15 18 -18 -19 -20 20 22 -23 -24 26 -26 -27 -28 -29 -30 -31
leaf_value=1.6343766651338854e-05 -0.0011087343765841418 -0.00021373880784159027 0.00055034854326860836 0.00017474465032929487 -6.2193184546277544e-05 -2.4366844018786085e-05 0.00082007184896815133 0.00018545906703559822 -1.7314464487272474e-05 0.00037838133934382513 -0.00062949053551379923 -9.1086725377387274e-06 9.6645108589754624e-06 0.0019511971321022115 -0.0058719942534239513 0.00044108338963346763 0.0068183075327106213 0.0047175752786761567 -3.8970130898174916e-05 0.00051477049891479609 -0.0004548766366342161 -0.001727472143035591 0.0014981047280793192 0.00089753613401626357 -0.00063654849800105502 -0.00070748887181277815 0.0009003289628959799 -0.00021783488232052228 0.00017780947764540757 0.0021694524439675789
leaf_weight=7107 160 2271 381 925 2191 5346 103 981 137264 1361 497 6397 1014 54 59 5579 144 499 8344 41 226 299 87 107 369 409 193 1165 202 86
leaf_count=7107 160 2271 381 925 2191 5346 103 981 137264 1361 497 6397 1014 54 59 5579 144 499 8344 41 226 299 87 107 369 409 193 1165 202 86
internal_value=8.56625e-06 0.000501166 0.00136741 0.00111758 -0.000895713 -0.000554534 -0.00232802 0.000114407 -4.92234e-05 -0.000896193 -2.65738e-05 -0.000556652 -0.00267296 -0.00981308 2.08916e-05 0.000832361 -6.51345e-05 0.00628882 0.000579976 -0.002289 -0.00593415 -0.0102941 -0.00119808 -0.00155818 -0.00320871 -0.00187983 0.000460751 -0.000628931 -0.00497139 -0.00306452
internal_weight=183861 19305 10604 10223 3116 8701 2374 6327 164556 12581 8457 7096 4124 214 151975 14567 137408 644 13923 3910 653 340 313 3257 1792 1423 1465 1272 699 145
internal_count=183861 19305 10604 10223 3116 8701 2374 6327 164556 12581 8457 7096 4124 214 151975 14567 137408 644 13923 3910 653 340 313 3257 1792 1423 1465 1272 699 145
cat_boundaries=0 1 2 3 4 5
cat_threshold=27285 16722 32995 340 4
is_linear=0
shrinkage=0.05


Tree=288
num_leaves=31
num_cat=5
split_feature=13 20 3 0 0 19 1 0 20 19 17 18 16 6 20 4 18 22 19 19 3 22 18 3 19 18 10 0 21 17
split_gain=2.25084 1.70731 4.5476 5.23015 4.31513 4.05683 4.01282 6.83301 6.29618 6.0127 6.39155 5.56873 5.4925 5.20349 4.79352 7.79747 7.0913 5.53051 4.72763 6.65653 5.52757 4.67705 6.94431 4.65155 4.51912 6.79979 5.06119 4.49742 4.23787 4.16745
threshold=9.3545179236839946 0.1480642355397685 5.5000000000000009 0 1 7.0744256574025153 2 3 0.2662401266464795 6.6855671361567603 6.8316777499514236 0.15417847293015854 0.033218756375587237 1.0000000180025095e-35 0.23188057226947481 3.5000000000000004 0.22598492660681105 2.9496746291000888 7.7748742161611917 7.1487498694592677 2.5000000000000004 2.8931418480839728 0.11522242802473394 3.5000000000000004 7.3190706031339428 0.11861061595043201 7.4404391602237441 4 3.2208718355029702 5.9841555006066143
decision_type=10 8 2 1 1 8 1 1 10 10 10 8 8 2 10 2 10 8 8 10 2 10 10 2 10 10 8 1 10 10
left_child=1 -1 4 5 6 -4 7 8 -3 14 21 13 -12 -9 15 16 -8 -16 19 20 29 -11 -23 -17 26 -26 -14 -20 -25 -13
right_child=-2 2 3 -5 -6 -7 9 11 -10 10 12 18 24 -15 17 23 -18 -19 27 -21 -22 22 -24 28 25 -27 -28 -29 -30 -31
leaf_value=6.850536912672567e-06 0.0082780450119763326 -0.0020925836795102626 0.0015956562332558378 2.6318469172892378e-05 -1.6791174542341025e-05 0.00048213325863013525 -0.0018040964275221729 -0.00042825108671937787 0.0014753942386003694 -0.0026373725196961574 0.00047711296572405804 0.0054663567992451426 -0.00059298124663531571 0.00044610671271780869 -0.0003290944477359226 -0.00020759666468479488 0.0052117930292981734 0.0015565189338653696 0.0011717476527240756 0.0018731492225301238 -0.00091240429450718536 -0.0020581717613911365 0.00016264704231661042 0.0026802664267920663 0.00040502056977436145 -0.0015663802706777918 0.00058645112209421146 -0.0014617179603287679 -0.00075363245257280558 0.00094782170356904065
leaf_weight=104089 25 1114 1062 8570 46733 1865 600 1738 333 1170 414 29 3242 768 451 1032 27 758 491 895 441 119 586 325 687 3385 1740 452 104 398
leaf_count=104089 25 1114 1062 8570 46733 1865 600 1738 333 1170 414 29 3242 768 451 1032 27 758 491 895 441 119 586 325 687 3385 1740 452 104 398
internal_value=-1.76974e-06 -3.81226e-06 -0.000178237 0.000741498 -0.000333667 0.00256214 -0.000923319 9.38579e-05 -0.00293411 -0.00138661 -0.00193291 0.000938338 -0.00140473 -0.00075818 0.000492872 -0.000957854 -0.00562201 0.00299835 0.00251293 0.00404141 0.000921659 -0.0046 -0.00138298 0.00104381 -0.00166225 -0.00289784 -0.000652348 -0.000344645 0.00541958 0.00497658
internal_weight=183643 183618 79529 11497 68032 2927 21299 6659 1447 14640 11343 5212 9468 2506 3297 2088 627 1209 2706 1763 868 1875 705 1461 9054 4072 4982 943 429 427
internal_count=183643 183618 79529 11497 68032 2927 21299 6659 1447 14640 11343 5212 9468 2506 3297 2088 627 1209 2706 1763 868 1875 705 1461 9054 4072 4982 943 429 427
cat_boundaries=0 1 2 3 4 5
cat_threshold=1376 10545 1 10240 272
is_linear=0
shrinkage=0.05


Tree=289
num_leaves=31
num_cat=0
split_feature=15 10 12 10 19 11 17 10 22 19 22 18 18 18 12 18 10 19 11 10 18 11 16 12 15 11 15 10 17 15
split_gain=2.36719 14.1182 6.46413 6.26901 6.73898 5.82376 5.66997 5.34115 8.22084 5.54118 6.39224 5.47695 4.76774 6.70791 5.48829 4.74314 4.71201 5.04282 4.4729 4.37726 4.37495 4.36339 4.31377 4.95366 3.94421 8.35077 5.2791 4.00302 5.0141 8.93306
threshold=7.7918171560465863 7.8073020336262013 7.7846807463779397 7.7465022115569893 7.8654381142696161 7.9206276965290625 8.4500833425192443 7.4040633484516265 2.7113724724615449 7.6660181165071615 4.60065990437755 0.057983039061419717 0.085146510042966625 0.020184598259166232 8.4131645053506663 0.048390993695236063 7.8646115115667223 7.2998935337832895 8.6870958293510121 8.0354326248629935 0.3907492643283455 7.3814970480868451 0.24659698702937852 8.272182292171534 7.6917217173580212 7.7465022115569893 7.7788222384034809 7.577377095608937 7.6434728596362591 7.5824837342403084
decision_type=10 10 10 8 10 8 10 10 8 10 8 10 10 10 10 10 10 10 8 10 10 10 8 10 10 10 10 10 8 10
left_child=1 2 6 -4 -5 21 24 9 11 10 -7 -9 13 -11 -14 -3 -10 -18 -16 -13 -21 -2 -6 -24 27 -26 -27 -1 29 -29
right_child=5 15 3 4 22 7 -8 8 16 12 -12 19 14 -15 18 -17 17 -19 -20 20 -22 -23 23 -25 25 26 -28 28 -30 -31
leaf_value=-5.8175593595555245e-06 0.0078088254680851238 0.0038699763645569708 -5.4423211632981251e-05 0.0040678568999932717 0.0039764193822538823 -0.0009380373579020774 0.0063112413416850366 -0.0016152670138554371 -0.0008663348649604164 -0.00066232519145761339 0.0052591616274040749 0.0014064715322152034 -0.00034266569174727928 0.00085054480851221026 -0.00034594408166448436 0.0011869319593431184 0.0066240384607708872 -0.00014600773713233651 0.0050420150499169486 8.4197195664437174e-05 0.003727135272306992 -0.00041614697595613318 -0.0035298858746909191 0.0022303475551852525 -0.00059712944802845511 5.034201887170742e-05 0.0015136264430154257 0.00064050713757943809 0.00064629671105147506 -0.00020043478632540969
leaf_weight=149598 44 251 884 655 39 107 125 107 1161 80 193 895 1852 934 151 2689 74 7743 189 1500 26 4779 197 150 2322 688 129 3012 1498 1893
leaf_count=149598 44 251 884 655 39 107 125 107 1161 80 193 895 1852 934 151 2689 74 7743 189 1500 26 4779 197 150 2322 688 129 3012 1498 1893
internal_value=-9.64857e-06 5.27021e-05 -9.92617e-06 0.00287013 0.00549952 -0.000525586 -4.47368e-05 -3.9968e-05 -0.000560577 0.00166857 0.00816667 0.00195807 0.00106051 0.00389546 -0.000250912 0.00348639 -0.00126977 -0.000828323 0.00558824 0.00244734 0.000819135 -0.00203711 0.000259067 -0.00151297 -5.30979e-05 -0.0018079 0.00253978 -1.77883e-05 0.00120647 0.000433231
internal_weight=183965 164130 161190 1925 1041 19835 159265 15012 11506 3506 300 2528 3206 1014 2192 2940 8978 7817 340 2421 1526 4823 386 347 159140 3139 817 156001 6403 4905
internal_count=183965 164130 161190 1925 1041 19835 159265 15012 11506 3506 300 2528 3206 1014 2192 2940 8978 7817 340 2421 1526 4823 386 347 159140 3139 817 156001 6403 4905
is_linear=0
shrinkage=0.05


Tree=290
num_leaves=31
num_cat=8
split_feature=20 4 7 17 0 23 18 0 17 4 20 14 4 10 20 0 0 20 0 16 0 10 16 17 0 0 13 15 18 17
split_gain=2.56884 5.5831 7.1546 6.77496 6.03714 6.01062 8.1533 5.5566 4.96157 4.91722 9.56823 8.6394 9.55648 7.74371 8.18832 7.48204 6.88911 7.17126 6.24646 4.97873 6.78888 6.40694 7.55732 6.43826 7.10972 5.47539 4.83377 6.41892 5.34945 4.53951
threshold=0.18148182637084198 4.5000000000000009 1.5000000000000002 6.7376301379457164 0 5.8450112936539798 0.05291250515897785 1 8.7630688070276204 7.5000000000000009 0.28110360027133735 7.2789734129149251 8.5000000000000018 7.0574674595548741 0.33358687486319499 2 3 0.19892357048986006 4 0.045567028819997975 5 7.3142198319787717 0.10660478958410298 8.0120536589518121 6 7 6.5517941110389986 6.7533224689496292 0.22852283654696068 6.5035681253239366
decision_type=8 2 8 8 1 10 10 1 10 2 10 10 2 10 10 1 1 8 1 8 1 8 8 10 1 1 10 8 8 10
left_child=-1 3 9 4 29 7 -7 -5 -4 10 18 12 16 14 -13 -12 -11 -18 -3 20 -14 -21 -23 24 -24 -25 28 -28 -19 -2
right_child=1 2 8 5 -6 6 -8 -9 -10 11 15 13 19 -15 -16 -17 17 26 -20 21 -22 22 23 25 -26 -27 27 -29 -30 -31
leaf_value=6.6967850783417052e-06 -9.1379008846503859e-05 -0.00094223687226677741 0.001201533948561373 -0.002044326528384266 -8.8302908631132665e-05 0.0065859538272554198 0.00023884798268802854 -0.00034734338437962813 0.018712854812578561 0.001962151577982141 0.0014795192636604339 -0.00062604152419472043 -0.00029004670124330726 -0.00024127742762707351 -0.0040314206050726664 3.4110208015580845e-05 -0.0029622184395993404 -0.0013334309246197497 0.00012104339648517649 -0.00017501350492312719 0.00073502263528970604 -0.00049613220771642656 0.00020469485184320126 -0.0037209297291947553 0.0020859696330142621 0.00020882197157607864 -0.0046122154882676019 -0.0010814185876259154 0.0017982698926207075 0.0023191067833721935
leaf_weight=125123 371 2157 5502 2139 2730 50 897 11522 48 305 2849 1705 159 6998 860 2502 307 306 5064 4991 513 1036 1140 114 2149 325 185 855 363 641
leaf_count=125123 371 2157 5502 2139 2730 50 897 11522 48 305 2849 1705 159 6998 860 2502 307 306 5064 4991 513 1036 1140 114 2149 325 185 855 363 641
internal_value=-2.03909e-05 -0.000293027 3.52435e-05 -0.00101635 0.000881881 -0.0015026 0.00234952 -0.00176964 0.0017027 -0.000230055 0.00056077 -0.000675676 0.000176498 -0.00181167 -0.00416179 0.00216315 -0.00272512 -0.00377591 -0.000626645 0.000822384 0.00498512 0.000535623 0.00184719 0.002897 0.00365613 -0.00279043 -0.00253072 -0.00466346 0.000784753 0.00415851
internal_weight=183906 58783 40433 18350 3742 14608 947 13661 5550 34883 12572 22311 12748 9563 2565 5351 2321 2016 7221 10427 672 9755 4764 3728 3289 439 1709 1040 669 1012
internal_count=183906 58783 40433 18350 3742 14608 947 13661 5550 34883 12572 22311 12748 9563 2565 5351 2321 2016 7221 10427 672 9755 4764 3728 3289 439 1709 1040 669 1012
cat_boundaries=0 1 2 3 4 5 6 7 8
cat_threshold=49606 8264 25132 27840 412 16896 3040 16429
is_linear=0
shrinkage=0.05


Tree=291
num_leaves=31
num_cat=7
split_feature=5 19 0 4 14 0 0 0 14 23 18 22 14 15 18 18 22 20 18 18 1 19 12 11 0 18 23 0 11 20
split_gain=2.09433 5.03926 6.23725 6.45681 6.63675 4.81767 4.67756 4.61274 4.44695 4.04996 5.05147 3.94195 4.97294 3.45748 6.76001 3.44822 5.34089 3.44098 5.1809 3.25545 3.1919 5.07061 5.30603 5.38661 6.15865 5.04879 5.36833 5.05711 4.32852 4.64045
threshold=1.0000000180025095e-35 8.2362778391612128 0 9.5000000000000018 7.2089702972815557 1 2 3 5.5729269024244674 1.4113011452018578 0.033682083434523856 2.1916379270371573 7.3142198319787717 7.7027066716516055 0.088629820669297421 0.052491967981448666 5.403127629538905 0.15219414839452497 0.23120258836792354 0.034472642648227712 4 7.1487498694592677 6.9579728820873044 7.1312986703816295 5 0.14947036029566305 1.1640211143662544 6 7.675080887828444 0.24780663238403464
decision_type=2 8 1 2 8 1 1 1 8 8 10 8 8 10 10 10 8 10 10 10 1 10 8 10 1 10 8 1 10 10
left_child=-1 2 -2 8 5 17 15 11 -4 10 -7 12 -6 20 19 -3 -17 -5 -19 -15 25 28 -23 -24 -25 27 -27 -10 29 -22
right_child=1 6 3 4 7 9 -8 -9 13 -11 -12 -13 -14 14 -16 16 -18 18 -20 -21 21 22 23 24 -26 26 -28 -29 -30 -31
leaf_value=-5.7037578047314241e-06 0.00046335590305024432 0.0017862380091736797 -0.030063688243098952 0.0010595559551453526 0.00010899026418442759 0.00073016561941670062 -0.0025985283274788887 0.00034697598270216901 -9.9905694650925811e-05 0.0010306660345294372 -0.0013828374382366172 -7.150168572409577e-05 -0.0016236366285306226 -0.00084568082303260184 -0.0022281948746813553 0.0004190195954949516 -0.0034778755642230763 0.0049461801825541945 -0.00035156959520872278 0.00044945748549700686 1.6907056090920136e-05 -0.0020588508103739802 0.0013798462594855289 -0.00015413648826823056 0.00035902935666043412 0.00388422389793357 0.00011163981999962047 -0.0008862067214300052 0.013374694461334213 -0.00084380700712327616
leaf_weight=161823 2592 137 22 304 41 33 431 1845 2228 906 182 1066 183 63 543 70 58 157 46 245 4745 150 1003 549 1351 137 936 1230 24 920
leaf_count=161823 2592 137 22 304 41 33 431 1845 2228 906 182 1066 183 63 543 70 58 157 46 245 4745 150 1003 549 1351 137 936 1230 24 920
internal_value=-3.80393e-06 0.000451638 0.000587182 0.000270892 0.00186332 0.00445332 -0.00373563 0.000518341 -0.000265093 0.002542 -0.00360465 -0.00176923 -0.0078125 -0.000230105 -0.00331962 0.00154545 -0.00429688 0.00846228 0.01367 0.0025974 -3.20199e-05 0.000526195 0.00217 0.00264382 0.00107895 -0.00110903 0.00188723 -0.00203875 -0.00035595 -0.000445719
internal_weight=184020 22197 21501 18909 4763 1628 696 3135 14146 1121 215 1290 224 14124 851 265 128 507 203 308 13273 8742 3053 2903 1900 4531 1073 3458 5689 5665
internal_count=184020 22197 21501 18909 4763 1628 696 3135 14146 1121 215 1290 224 14124 851 265 128 507 203 308 13273 8742 3053 2903 1900 4531 1073 3458 5689 5665
cat_boundaries=0 1 2 3 4 5 6 7
cat_threshold=14720 16394 5763 525 1 20 16445
is_linear=0
shrinkage=0.05


Tree=292
num_leaves=31
num_cat=5
split_feature=19 10 19 15 0 0 13 0 15 4 15 4 18 16 13 16 4 10 12 15 4 18 12 22 23 14 0 18 16 0
split_gain=1.90565 5.66444 6.61499 4.79686 7.64912 4.23823 6.66441 3.94686 4.87276 4.46659 5.06979 4.30746 6.83475 3.69097 7.1242 5.40101 4.14342 3.53234 3.26272 3.07018 4.54249 2.98706 2.86969 3.27037 2.867 2.83191 2.71559 2.97717 3.22418 2.7074
threshold=8.308337593441129 8.2304437952050211 7.1532928989888491 7.5131071549784449 0 1 8.6527629543726707 2 8.1815846450434737 6.5000000000000009 8.4585450976476171 10.500000000000002 0.068625901472205889 0.038708569790585449 8.3005093260299656 0.15896712319063169 7.5000000000000009 8.9241230053980214 8.6135932733793492 8.2355062975576736 4.5000000000000009 0.084462354497151601 8.2230680412340238 1.2382692000587421 5.1679066604642285 8.7038301138059193 3 0.11199201279289299 0.058822155269994035 4
decision_type=10 10 10 10 1 1 10 1 10 2 8 2 10 10 10 10 2 8 10 10 2 8 10 10 8 10 1 10 10 1
left_child=1 18 -3 4 -2 6 -5 8 -4 10 -9 -11 -13 14 -7 16 17 19 -1 -15 -21 -6 23 -14 -16 26 -18 28 -28 -17
right_child=3 2 7 5 21 13 -8 9 -10 11 -12 12 22 15 24 29 25 -19 -20 20 -22 -23 -24 -25 -26 -27 27 -29 -30 -31
leaf_value=2.8863035756998561e-07 0.0032452508736968257 0.014914383981114466 0.0042249304627655524 -0.0049891235110004041 0.003277764951987372 -0.0017667227127898145 0.00055243764473447146 -0.00028681669250065769 0.00055198148636064208 0.00095280039006944155 -0.003437960111051375 0.0017394299190259589 0.0011416360342324516 0.0020625517891415201 0.0026869569020126606 -0.0028599756755776531 0.00088736419168338192 0.0024110900968913108 0.0043243689078412478 -0.0070210540431927988 0.00026704182629018193 -0.0038303321675865476 -0.001559368189373256 -0.0013711066064487909 -0.00079003929471315186 -0.0020188165572641026 0.00022073455273083909 0.00032655032283877009 -0.0014170969055976813 -0.00072627915702367935
leaf_weight=177224 441 40 160 110 25 110 62 313 626 1042 63 43 146 76 42 288 309 216 60 46 353 129 172 91 146 201 83 317 151 494
leaf_count=177224 441 40 160 110 25 110 62 313 626 1042 63 43 146 76 42 288 309 216 60 46 353 129 172 91 146 201 83 317 151 494
internal_value=2.08357e-05 4.3616e-05 0.00231825 -0.00111837 0.00298319 -0.00193076 -0.00934066 0.00201431 0.00496231 0.000744681 -0.00412234 0.00197456 -0.00210177 -0.00144265 -0.00671141 -0.000828729 0.00071347 0.00372648 9.02507e-06 0.00131579 -0.000438596 -0.00640244 -0.00409535 -0.000527426 -0.000797872 -0.00124882 0 -0.00209447 -0.00641026 -0.00428389
internal_weight=183579 179980 2696 3599 595 3004 172 2656 786 1870 376 1494 452 2832 298 2534 1752 691 177284 475 399 154 409 237 188 1061 860 551 234 782
internal_count=183579 179980 2696 3599 595 3004 172 2656 786 1870 376 1494 452 2832 298 2534 1752 691 177284 475 399 154 409 237 188 1061 860 551 234 782
cat_boundaries=0 1 2 3 4 5
cat_threshold=35296 6280 22688 33361 16421
is_linear=0
shrinkage=0.05


Tree=293
num_leaves=31
num_cat=3
split_feature=10 11 11 19 10 17 0 21 13 12 13 10 12 18 5 12 21 16 18 10 12 16 23 19 16 17 19 0 19 0
split_gain=2.15964 7.54961 6.2856 6.22174 4.94599 4.27521 5.14779 4.15863 4.1569 3.37573 4.40099 3.32405 3.55523 3.71566 4.75021 3.17951 3.13362 5.62666 3.96213 4.24706 3.77131 5.17819 3.31973 3.20604 3.12883 6.65103 6.82499 7.04376 6.49259 8.68926
threshold=7.8073020336262013 7.8264411450176032 8.8272695731952897 7.0164571990878217 8.7835421394681745 7.9261649125304539 0 0.61482027553725704 8.2041239973879385 7.9199014799889058 8.1572207036699762 8.0874863237131702 7.698933631191955 0.19695480472088275 1.0000000180025095e-35 7.8845747386333587 2.7757039971150994 0.10761822319001481 0.13343193119045196 8.1572207036699762 7.8452197668196186 0.1624331437377273 3.4075457060715877 8.0606324665774487 0.062161004903903201 7.0199604236881816 6.9647274098113412 1 7.3300092903371938 2
decision_type=10 10 10 10 10 10 1 8 8 8 8 10 8 10 2 10 8 10 10 10 8 10 8 10 8 10 10 1 10 1
left_child=2 4 24 -3 5 6 -2 -8 16 -7 -11 12 -9 15 -15 -14 17 -5 19 -18 21 -19 -21 -24 25 26 27 -1 -27 -30
right_child=1 3 -4 8 -6 9 7 11 -10 10 -12 -13 13 14 -16 -17 18 20 -20 22 -22 -23 23 -25 -26 28 -28 -29 29 -31
leaf_value=0.00015356736359435353 -1.5626398068313564e-05 0.0099959526067642922 0.0068773085812189553 -6.7547970273995625e-05 0.006444925750502462 -0.0010015844559129407 -0.0010957573317691427 0.002805215050616372 -0.00024855053783241489 0.00071102621698200259 -0.00018666393767734492 0.0054890012678256994 0.00077722612245691993 -0.00072864486320349813 0.0043769229775111997 -0.00022570806915513943 -1.8262967437010503e-06 -0.0023958977057861211 -0.00058892028841492925 -0.0023610791375389796 0.0021910798209713533 0.0036660201059556031 0.0022848143691689415 0.0010058666158530905 -5.1955381994783779e-05 -2.653494982109983e-05 0.00020588353685333516 -9.6658462241716595e-06 0.0001596143057394972 -2.0694341323079791e-05
leaf_weight=8671 1204 35 121 874 116 357 107 519 4713 796 1564 235 1249 486 65 223 1293 89 1559 56 693 83 115 222 107278 17141 4099 15081 4205 10160
leaf_count=8671 1204 35 121 874 116 357 107 519 4713 796 1564 235 1249 486 65 223 1293 89 1559 56 693 83 115 222 107278 17141 4099 15081 4205 10160
internal_value=2.60347e-05 0.000568967 -2.81849e-05 -0.000328812 0.00183138 0.00165687 0.00267857 0.00381824 -0.000404764 0.000119617 0.000805085 0.00420418 0.00367821 0.00273109 -0.000771325 0.00404212 0.000601926 0.00231455 -0.000315871 0.00136418 0.00517341 -0.00145349 0.00591603 0.00778932 -3.64569e-05 0.000254814 0.000817744 0.00049259 -0.000242811 0.000541246
internal_weight=183409 16653 166756 9732 6921 6805 4088 2884 9697 2717 2360 2777 2542 2023 551 1472 4984 1739 3245 1686 865 172 393 337 166635 59357 27851 23752 31506 14365
internal_count=183409 16653 166756 9732 6921 6805 4088 2884 9697 2717 2360 2777 2542 2023 551 1472 4984 1739 3245 1686 865 172 393 337 166635 59357 27851 23752 31506 14365
cat_boundaries=0 1 2 3
cat_threshold=348 2443 13860
is_linear=0
shrinkage=0.05


Tree=294
num_leaves=31
num_cat=2
split_feature=23 10 16 10 18 22 20 17 17 10 18 18 23 14 15 17 17 18 0 23 14 23 17 15 17 18 23 0 6 15
split_gain=2.33625 3.09677 2.85851 5.73261 5.38698 3.99791 3.14384 7.73395 7.53073 5.12364 3.37952 3.11479 2.90366 3.27575 3.79864 3.13805 3.00254 2.55956 9.60502 5.5721 4.3803 4.81853 4.87101 4.47009 5.63428 4.22275 4.12671 6.09778 5.08884 4.53357
threshold=0.99024596330289716 8.6135932733793492 1.0000000180025095e-35 6.8580395486683789 0.0097234701318512032 0.50031594015395309 0.042196324324195102 7.6981885152930323 7.6664481671263411 7.3128864978553141 0.02721958419886766 0.020184598259166232 0.51436162408876551 7.2082301046963382 6.9087610166783255 6.8917317073696882 6.9282958468483402 0.047862745038197659 0 7.3151623515795157 7.7465022115569893 6.8082579322886119 6.5946718664883468 7.8850943611837252 8.3422228412316795 0.044555037558675813 6.3562856519958002 1 1.0000000180025095e-35 6.8951759268300394
decision_type=8 10 8 8 8 8 8 10 8 10 10 8 10 10 10 10 10 8 1 10 10 10 10 8 10 10 8 1 2 10
left_child=1 2 3 -1 -4 -5 7 8 9 12 -11 -8 -6 14 15 -14 -16 18 19 20 21 25 -23 -22 -25 26 27 -2 29 -29
right_child=17 -3 4 5 6 -7 11 -9 -10 10 -12 -13 13 -15 16 -17 -18 -19 -20 -21 23 22 -24 24 -26 -27 -28 28 -30 -31
leaf_value=0.00019343895001113778 -0.0002390481372881892 -0.0033756160965473293 -9.4813383807346163e-05 -0.00085260761422611964 -0.00051262315044509066 2.6034675568498148e-06 0.00031018414484260685 -0.00081942897902231859 0.00071125613006441937 -2.6460011133710992e-05 -0.00036688707157488403 0.00011384293671929947 -3.3572541783932766e-06 0.00099384753851352605 -0.0016051536594506644 0.00051433817617962951 -0.00015555797789890136 -2.8037765547583861e-05 4.6254500842657367e-05 -0.0016278748558470114 0.0009575927376944904 -0.0013115421301024945 0.00013339686697355635 -0.0001683403077479273 0.0018385773212543201 -0.00056978600398032157 -0.00014274944703227544 0.00094429819087968889 -5.23959923423023e-05 0.00061888622202777022
leaf_weight=60 414 31 38 31 89 674 30 90 70 85 158 21087 202 111 57 117 313 136777 17552 119 161 22 600 376 90 778 2948 52 408 375
leaf_count=60 414 31 38 31 89 674 30 90 70 85 158 21087 202 111 57 117 313 136777 17552 119 161 22 600 376 90 778 2948 52 408 375
internal_value=1.49526e-06 0.000470034 0.000491125 0.00349673 0.000388693 0.00223404 0.00042059 -0.00197368 -0.000915141 -0.00189929 -0.00833333 0.000567079 -0.000140607 0.0008125 -0.000471698 0.00352665 -0.00391892 -6.62841e-05 0.000411174 -0.00125531 -0.00105238 -0.00149634 0.00265273 0.00291069 0.000429185 -0.00201508 -0.0013879 0.00102082 0.00346154 0.0073185
internal_weight=183915 23243 23212 765 22447 705 22409 1292 1202 1132 243 21117 889 800 689 319 370 160672 23895 6343 6224 5597 622 627 466 4975 4197 1249 835 427
internal_count=183915 23243 23212 765 22447 705 22409 1292 1202 1132 243 21117 889 800 689 319 370 160672 23895 6343 6224 5597 622 627 466 4975 4197 1249 835 427
cat_boundaries=0 1 2
cat_threshold=33099 74
is_linear=0
shrinkage=0.05


Tree=295
num_leaves=31
num_cat=3
split_feature=19 16 22 20 17 8 0 15 15 17 14 0 16 17 4 18 10 10 15 18 0 16 23 15 22 17 4 16 13 21
split_gain=2.45094 5.6695 7.77547 6.76212 5.37504 5.34027 5.13547 5.10328 4.98771 6.80557 5.11322 4.94134 6.245 5.16683 4.73675 7.14067 4.58526 4.51767 6.34824 5.36007 4.97339 5.28685 4.42644 4.32232 4.10735 4.10663 5.50537 6.30055 4.05833 3.99421
threshold=7.8654381142696161 0.13993975399269601 2.7757039971150994 0.21419717272464195 7.8852032996409163 3.5000000000000004 0 7.8707057712821058 7.7139986685713273 7.9415154561939474 7.9199014799889058 1 0.012368737509700129 7.9261649125304539 9.5000000000000018 0.19695480472088275 7.8452197668196186 8.370078286999183 8.1815846450434737 0.081350449198588595 2 0.079192666750407717 4.995822278138113 7.9728803262615457 7.3648319516271359 8.4500833425192443 9.5000000000000018 0.12711723384189652 7.9915908515222656 6.692703705388289
decision_type=10 10 8 10 10 2 1 10 8 8 8 1 8 10 2 10 10 8 8 8 1 8 10 10 10 8 2 10 8 10
left_child=4 8 -3 16 -1 -5 -7 22 10 11 -2 13 -13 -10 15 -8 28 18 24 -19 21 -21 -6 -14 29 26 27 -22 -4 -11
right_child=1 2 3 5 7 6 14 -9 9 17 -12 12 23 -15 -16 -17 -18 19 -20 20 25 -23 -24 -25 -26 -27 -28 -29 -30 -31
leaf_value=-3.0490375854563824e-06 -0.0020744652101721385 0.0008451280737855172 -0.0010320673401775337 -0.0032118492706652902 0.0038130008132341688 -0.0025175406788981339 -0.0022942635604361826 0.00030947976609243535 0.00034267938729533044 0.00021530199848405208 0.0012097773001690682 0.00028436867428407455 -0.00089830799033943089 -0.0016024634323788868 0.0015754853719944784 0.00041684410386220175 -0.00093358272731645106 0.00076395559546873495 -0.00057335652587626746 -0.0005249398854842547 0.0012829659922728887 0.0014121510709232512 -0.0043600848777249016 0.0033005896764576994 0.0028186897389317345 -0.0014379275528653146 -0.00071565758989748933 -0.0055947977826259271 -0.0039291063530778386 -0.00036055467286519874
leaf_weight=164314 112 936 176 259 285 506 186 2099 987 2402 322 111 955 233 526 734 734 1409 2042 409 446 1481 34 33 44 581 429 50 510 459
leaf_count=164314 112 936 176 259 285 506 186 2099 987 2402 322 111 955 233 526 734 734 1409 2042 409 446 1481 34 33 44 581 429 50 510 459
internal_value=-6.20226e-05 -0.000632615 -0.00214035 -0.00318783 -3.59859e-06 -0.00145862 -0.000563525 0.00233664 -8.19672e-05 -0.000271311 0.00518433 -0.00270591 -0.00511722 -0.000487805 0.000961538 -0.00119565 -0.00588028 0.000307629 -0.000752982 0.00139958 0.00032391 0.00202632 0.00822884 -0.00642713 0.000748709 -0.00181398 0.000243243 0.00383065 -0.00881924 0.000515554
internal_weight=183804 17072 4567 3631 166732 2211 1952 2418 12505 12071 434 2319 1099 1220 1446 920 1420 9752 4947 4805 3396 1890 319 988 2905 1506 925 496 686 2861
internal_count=183804 17072 4567 3631 166732 2211 1952 2418 12505 12071 434 2319 1099 1220 1446 920 1420 9752 4947 4805 3396 1890 319 988 2905 1506 925 496 686 2861
cat_boundaries=0 1 2 3
cat_threshold=11 35420 50640
is_linear=0
shrinkage=0.05


Tree=296
num_leaves=31
num_cat=2
split_feature=18 11 10 11 0 10 23 3 3 23 15 12 10 20 20 1 23 17 10 20 15 16 11 7 16 20 19 17 20 19
split_gain=2.66799 5.09585 4.60892 3.55683 3.10188 2.7596 4.41566 2.56767 4.63497 5.65285 3.11177 2.47498 2.3362 3.22566 2.52972 2.91844 2.11758 5.24309 8.1137 7.96125 4.43972 4.39186 4.42136 4.80542 4.1547 5.40909 4.57668 6.01921 3.49113 3.48371
threshold=1.0000000180025095e-35 7.4974835395764439 7.4404391602237441 7.4404391602237441 0 6.9072550288153467 1.0793028301683369 5.5000000000000009 2.5000000000000004 1.0115276301382217 7.0897631617316828 9.3369738030521621 7.4404391602237441 0.15331593016654296 0.16096752874084505 1 6.8553515217369645 7.4797037160445772 7.4404391602237441 0.43858420620735078 7.5216648515880982 0.020802226989985861 7.3437453586499073 1.5000000000000002 0.012368737509700129 0.063270439653229413 6.3884462446230854 7.1987841219125563 0.1411328688525372 7.2737589909698679
decision_type=8 8 10 10 1 10 8 2 2 10 10 10 10 10 10 1 10 10 10 8 8 8 8 10 10 10 10 10 8 10
left_child=1 2 3 4 -1 6 -6 8 9 -7 -10 16 13 -3 -15 -16 -2 18 19 21 -20 24 -23 -24 25 -18 -27 -28 -22 -25
right_child=11 12 -4 -5 5 7 -8 -9 10 -11 -12 -13 -14 14 15 -17 17 -19 20 -21 28 22 23 29 -26 26 27 -29 -30 -31
leaf_value=-5.2624427518876972e-05 1.3993174159843138e-06 -1.654072852201871e-05 7.4245449133147901e-05 -0.00045863127770164882 7.0724766704022288e-05 -6.4774045001048108e-06 0.0001906998988608688 -1.9211929861651101e-06 -0.00013465189425834189 9.7495259570257189e-06 3.4150376645447622e-06 0.0057272687254888771 -0.00012396674987424916 0.0027973842616032529 -0.0012104751907680011 0.00072838944238469156 -4.9707635077833601e-05 -0.00026730604259377343 0.0013700510215073792 0.0050688290065268315 0.0022954441172256201 -0.0002318002105032413 0.00017424471322708969 -0.00043981625976310392 0.00035520734140401803 -0.00035923405065581006 0.00045318008155144086 -0.0021563924117516732 -0.0016157011186587857 -0.0024927142399043148
leaf_weight=121 164775 537 43 25 56 140 137 91 23 108 222 26 113 22 56 44 319 3691 355 55 28 7689 3189 443 599 72 254 57 77 122
leaf_count=121 164775 537 43 25 56 140 137 91 23 108 222 26 113 22 56 44 319 3691 355 55 28 7689 3189 443 599 72 254 57 77 122
internal_value=-2.22084e-05 0.0019275 0.00434783 0.00360238 0.00412027 0.00524142 0.0104922 0.00359589 0.00502028 0.000201613 0.00989796 -4.08526e-05 -0.00110104 3.79363e-05 0.00737705 0.004 -4.30596e-05 -0.000575221 -0.000111245 -0.00034573 0.00641304 -0.000427652 -0.000740627 0.000665956 0.00232513 -0.0002849 0.00372063 0.00635048 -0.00261905 -0.00358407
internal_weight=183489 1738 966 923 898 777 193 584 493 248 245 181751 772 659 122 100 181725 16950 13259 12799 460 12744 11443 3754 1301 702 383 311 105 565
internal_count=183489 1738 966 923 898 777 193 584 493 248 245 181751 772 659 122 100 181725 16950 13259 12799 460 12744 11443 3754 1301 702 383 311 105 565
cat_boundaries=0 1 2
cat_threshold=33056 1
is_linear=0
shrinkage=0.05


Tree=297
num_leaves=31
num_cat=3
split_feature=18 0 15 20 10 20 15 0 20 3 8 14 17 21 22 3 21 11 3 10 20 5 9 20 20 0 17 10 16 20
split_gain=2.33928 2.78081 3.18623 1.95134 4.14238 3.15405 2.55984 1.9663 2.80268 2.76474 3.11872 2.73275 2.66858 2.64752 2.60077 1.95363 3.76947 1.98263 1.97892 2.3275 2.15109 1.92814 8.02227 5.23305 7.68027 5.01069 6.07277 5.29337 6.32821 5.32103
threshold=1.0000000180025095e-35 0 6.8637885796132343 0.24033072381853715 7.6016521472294505 0.16871195492539262 7.212374476276354 1 0.098965091255139068 1.0000000180025095e-35 5.5000000000000009 7.5248301129598225 7.16763489591587 0.71754226264466137 1.2946333325561217 5.5000000000000009 6.9622908105093186 7.4974835395764439 2.5000000000000004 7.3142198319787717 1.0000000180025095e-35 1.0000000180025095e-35 1.0000000180025095e-35 0.097366006089747811 0.093511131402657863 2 6.9722570992288757 7.0904933289280381 0.033218756375587237 0.047003191573582792
decision_type=8 1 8 10 8 10 8 1 10 2 2 10 10 8 10 2 8 8 2 8 10 2 2 10 8 1 8 10 8 10
left_child=1 2 -1 5 -5 6 -4 11 9 10 -9 14 -10 -12 -8 17 -17 18 19 20 -11 -2 23 24 25 -23 -27 29 -29 -28
right_child=21 -3 3 4 -6 -7 7 8 12 15 13 -13 -14 -15 -16 16 -18 -19 -20 -21 -22 22 -24 -25 -26 26 27 28 -30 -31
leaf_value=0.00022505481148857865 -6.2241620775616015e-06 -2.2322145710473863e-05 -8.2962749011006317e-05 -0.0001319418000848227 8.078433467497704e-05 0.0019021969547015516 0.00036584495984657298 8.4280869983910381e-06 0.0005488770263498699 -5.5924703250553882e-07 -1.3858208284212026e-05 0.0013635091995079841 -0.0013631631022545056 -1.2764866303527356e-06 -0.00018898453819296004 -3.4727079887941772e-06 0.00014196272969395631 5.2812649830702447e-06 3.3320321451313363e-06 3.4052683555163554e-05 3.9296954602097149e-05 -0.0006116667633613293 0.00046831498460659927 0.00014790355614566764 -0.0018773386874564757 -0.00026403176835985146 -0.0002634065869306923 0.00029675279644121312 -0.00024541303548972774 0.00068935999359154287
leaf_weight=42 159700 530 51 23 42 45 71 22 40 121 33 23 69 35 37 90 57 150 261 22 21 983 2142 14019 606 1198 247 538 1341 1035
leaf_count=42 159700 530 51 23 42 45 71 22 40 121 33 23 69 35 37 90 57 150 261 22 21 983 2142 14019 606 1198 247 538 1341 1035
internal_value=3.34978e-05 0.00183473 0.00310277 0.0026587 -0.00576923 0.00313589 0.00260653 0.00313688 0.00222879 0.00326355 -0.005 0.00868794 -0.00527523 -0.0102941 0.00601852 0.00429363 -0.00085034 0.0056087 0.00735294 0.00304878 0.000704225 1.58133e-05 0.000453435 0.000141483 -0.00110121 -0.000496069 0.000234607 0.00138406 -0.000306014 0.00386115
internal_weight=183594 1785 1255 1213 65 1148 1103 1052 921 812 90 131 109 68 108 722 147 575 425 164 142 181809 22109 19967 5948 5342 4359 3161 1879 1282
internal_count=183594 1785 1255 1213 65 1148 1103 1052 921 812 90 131 109 68 108 722 147 575 425 164 142 181809 22109 19967 5948 5342 4359 3161 1879 1282
cat_boundaries=0 1 2 3
cat_threshold=918 512 5836
is_linear=0
shrinkage=0.05


Tree=298
num_leaves=31
num_cat=6
split_feature=15 0 11 20 20 0 10 18 20 12 20 3 10 0 10 19 0 18 10 19 19 0 12 10 11 10 1 18 20 21
split_gain=1.96556 5.25995 5.09276 7.39175 5.32092 4.92233 4.62963 3.81231 5.46672 4.27141 4.86505 4.89794 3.72752 3.53561 3.99337 3.95201 3.50549 3.41212 3.34298 3.23202 3.68789 6.7732 6.76452 6.5249 6.25742 5.5013 6.25075 6.53954 5.31644 4.55015
threshold=6.2401693155098394 0 6.2719327192022343 0.11525009454553387 0.061216937323202304 1 6.3604381731226871 0.057452041218379137 0.24780663238403464 6.2075829764107793 0.05679215636959279 2.5000000000000004 6.6287023148084918 2 6.1516677315751922 6.331818229615819 3 0.13139755835246011 6.9541615378757635 6.0173691477424764 6.3532537634622201 4 6.2605365741929839 6.2700423577822813 6.4159146208419617 6.4523117665326337 5 0.081350449198588595 0.050342689510561221 5.128418285856891
decision_type=8 1 8 10 8 1 8 10 10 8 10 2 8 1 10 10 1 8 10 8 8 1 8 10 10 8 1 10 8 8
left_child=1 -1 3 4 6 17 -2 9 13 10 11 -3 -10 -9 15 -15 -14 -5 -7 -4 21 23 -23 24 -21 26 28 -28 -22 -30
right_child=2 7 19 5 -6 18 -8 8 12 -11 -12 -13 16 14 -16 -17 -18 -19 -20 20 25 22 -24 -25 -26 -27 27 -29 29 -31
leaf_value=0.001639713782165253 0.001532101725593993 -0.00062958354924658178 -0.0048876271736400636 0.0021992876968220053 -0.0016219790996956807 -0.001707671492137064 -0.0021238294420842462 9.5640677909969451e-05 0.001059683689317903 -2.9258216998506727e-06 0.00081557375925802591 0.00066556792742047401 -0.0045473030394434849 -0.0010565367815925653 9.9832700973312438e-05 0.0010456863481024925 0.0019635532055854109 0.00037072244947280455 0.0056618785909878788 -0.00077845704980510359 0.0011969083232848954 -0.0010761983511620166 0.0010215211230838461 0.00045206841047227279 0.003683014493602288 3.6534456252290685e-06 -0.00052074177475531786 0.00084843185669032379 -0.00063693509095430478 -0.0012613454593422447
leaf_weight=272 54 122 90 100 366 834 36 1421 760 551 352 159 120 932 417 54 131 534 22 699 68 269 1454 612 93 168583 510 1246 1287 1006
leaf_count=272 54 122 90 100 366 834 36 1421 760 551 352 159 120 932 417 54 131 534 22 699 68 269 1454 612 93 168583 510 1246 1287 1006
internal_value=2.83914e-05 0.000978076 1.40558e-07 -0.00254368 -0.00811404 -0.000838926 0.00277778 0.000601511 -0.000162973 0.00308277 0.00588468 0.000978648 0.00299209 -0.00129249 -0.00306086 -0.00481744 -0.00229084 0.00248447 -0.00329099 2.82804e-05 3.31292e-05 0.00173489 0.00382285 -0.000848656 -0.00385101 2.31616e-06 -0.0018035 0.000455581 -0.00348369 -0.00389228
internal_weight=183154 5291 177863 1946 456 1490 90 5019 3835 1184 633 281 1011 2824 1403 986 251 634 856 175917 175827 3127 1723 1404 792 172700 4117 1756 2361 2293
internal_count=183154 5291 177863 1946 456 1490 90 5019 3835 1184 633 281 1011 2824 1403 986 251 634 856 175917 175827 3127 1723 1404 792 172700 4117 1756 2361 2293
cat_boundaries=0 1 2 3 4 5 6
cat_threshold=49158 25006 4121 512 36064 2
is_linear=0
shrinkage=0.05


Tree=299
num_leaves=31
num_cat=0
split_feature=16 10 10 18 21 23 13 20 23 4 10 23 20 23 17 15 12 11 23 20 3 12 3 20 12 3 18 15 20 20
split_gain=2.07943 5.59613 4.41023 4.47482 3.86093 3.59352 3.72629 3.68938 5.38878 5.19661 3.98619 4.61356 4.46263 3.63137 3.59438 3.70553 3.54703 5.28398 3.32375 5.25605 5.13204 4.21669 4.02254 3.7547 3.27897 3.21868 6.73707 3.19732 3.06917 3.24763
threshold=0.02969734921226656 7.4682278018910955 7.4103463658656468 0.020184598259166232 6.8904565027577744 0.7256976046862802 8.5784724389052851 0.085576010685196505 7.1103621115271585 2.5000000000000004 7.9015624361563814 6.7921757492968444 0.14029082378391863 0.79455950150566201 7.6981885152930323 7.6691206864016941 7.4682278018910955 7.5514487133512889 2.0134986322409492 0.032272416552388723 1.0000000180025095e-35 7.2789734129149251 5.5000000000000009 0.12905485411011974 7.4974835395764439 1.5000000000000002 0.036778982082173665 6.9087610166783255 0.030143181522078431 0.14411045451337384
decision_type=8 8 10 10 10 8 10 10 10 2 8 8 10 8 10 10 10 8 8 10 2 10 2 10 8 2 8 10 10 10
left_child=1 2 18 -4 -5 14 7 8 13 10 11 12 -9 -7 15 24 -11 -18 20 -20 21 23 -22 -1 -3 26 28 -24 -2 -30
right_child=25 5 3 4 -6 6 -8 9 -10 16 -12 -13 -14 -15 -16 -17 17 -19 19 -21 22 -23 27 -25 -26 -27 -28 -29 29 -31
leaf_value=-3.7030519000436082e-05 0.00029864171569689014 2.9476730884381297e-05 0.00057823669236087836 0.00034921227850546191 -0.00042595758792174365 7.7695635122232442e-05 0.0037087153347092894 -0.0053151124631629857 -0.00035851863209592774 -7.6997137328449483e-05 3.4058831435768159e-05 0.00171358618006483 0.00064128522941468984 3.5043108932453217e-05 -0.00090569960184236917 0.00023469881654039073 -0.0016326997902461839 -0.00026212497929694044 -8.4244526741028564e-05 4.0645108395542807e-05 1.319868115094991e-05 -1.4783135883145172e-05 0.00012521087405863442 0.0016590131511927454 -0.00018989156915489859 -4.2963052112376943e-05 8.8599956946966435e-05 -1.1283464952116518e-05 -0.00044752940539967146 0.00083941278805785844
leaf_weight=184 143 127 76 306 69 65 51 30 315 1922 515 94 36 4842 102 29 125 1097 518 8248 1785 126 103 40 121 115997 45052 250 1308 96
leaf_count=184 143 127 76 306 69 65 51 30 315 1922 515 94 36 4842 102 29 125 1097 518 8248 1785 126 103 40 121 115997 45052 250 1308 96
internal_value=-3.26492e-06 0.000462788 0.00119393 0.00604213 0.0038 -0.000440819 -0.000241971 -0.000317996 0.000545768 -0.00149908 0.00248148 0.009375 -0.000757576 0.000952721 -0.00521108 -0.00225632 -0.00235369 -0.0044599 0.000999645 0.000541866 0.00261254 -0.003 0.00353134 0.00111607 -0.00423387 -6.39622e-05 0.000287023 -0.00134561 -0.00295734 -0.00366809
internal_weight=183772 21176 11705 451 375 9471 9092 9041 5222 3819 675 160 66 4907 379 277 3144 1222 11254 8766 2488 350 2138 224 248 162596 46599 353 1547 1404
internal_count=183772 21176 11705 451 375 9471 9092 9041 5222 3819 675 160 66 4907 379 277 3144 1222 11254 8766 2488 350 2138 224 248 162596 46599 353 1547 1404
is_linear=0
shrinkage=0.05


end of trees

feature_importances:
y_lag_1=1197
y_roll_mean_7=723
y_roll_mean_14=716
y_roll_mean_28=708
y_lag_2=682
y_roll_std_14=576
market=574
month=538
y_roll_std_7=525
y_roll_std_28=504
arr_roll_mean_7=426
y_lag_3=356
y_lag_7=246
arr_lag_1=201
commodity=195
arr_lag_7=177
dow=167
y_lag_14=139
days_since_last_report=99
is_synthetic=69
reports_last_7d=68
monsoon=58
festival_3d=52
horizon=4

parameters:
[boosting: gbdt]
[objective: quantile]
[metric: quantile]
[tree_learner: serial]
[device_type: cpu]
[data_sample_strategy: bagging]
[data: ]
[valid: ]
[num_iterations: 300]
[learning_rate: 0.05]
[num_leaves: 31]
[num_threads: 4]
[seed: 0]
[deterministic: 0]
[force_col_wise: 0]
[force_row_wise: 0]
[histogram_pool_size: -1]
[max_depth: -1]
[min_data_in_leaf: 20]
[min_sum_hessian_in_leaf: 0.001]
[bagging_fraction: 0.8]
[pos_bagging_fraction: 1]
[neg_bagging_fraction: 1]
[bagging_freq: 1]
[bagging_seed: 7719]
[bagging_by_query: 0]
[feature_fraction: 0.8]
[feature_fraction_bynode: 1]
[feature_fraction_seed: 2437]
[extra_trees: 0]
[extra_seed: 11797]
[early_stopping_round: 0]
[early_stopping_min_delta: 0]
[first_metric_only: 0]
[max_delta_step: 0]
[lambda_l1: 0]
[lambda_l2: 0]
[linear_lambda: 0]
[min_gain_to_split: 0]
[drop_rate: 0.1]
[max_drop: 50]
[skip_drop: 0.5]
[xgboost_dart_mode: 0]
[uniform_drop: 0]
[drop_seed: 21238]
[top_rate: 0.2]
[other_rate: 0.1]
[min_data_per_group: 100]
[max_cat_threshold: 32]
[cat_l2: 10]
[cat_smooth: 10]
[max_cat_to_onehot: 4]
[top_k: 20]
[monotone_constraints: ]
[monotone_constraints_method: basic]
[monotone_penalty: 0]
[feature_contri: ]
[forcedsplits_filename: ]
[refit_decay_rate: 0.9]
[cegb_tradeoff: 1]
[cegb_penalty_split: 0]
[cegb_penalty_feature_lazy: ]
[cegb_penalty_feature_coupled: ]
[path_smooth: 0]
[interaction_constraints: ]
[verbosity: -1]
[saved_feature_importance_type: 0]
[use_quantized_grad: 0]
[num_grad_quant_bins: 4]
[quant_train_renew_leaf: 0]
[stochastic_rounding: 1]
[linear_tree: 0]
[max_bin: 255]
[max_bin_by_feature: ]
[min_data_in_bin: 3]
[bin_construct_sample_cnt: 200000]
[data_random_seed: 38]
[is_enable_sparse: 1]
[enable_bundle: 1]
[use_missing: 1]
[zero_as_missing: 0]
[feature_pre_filter: 1]
[pre_partition: 0]
[two_round: 0]
[header: 0]
[label_column: ]
[weight_column: ]
[group_column: ]
[ignore_column: ]
[categorical_feature: 0,1]
[forcedbins_filename: ]
[precise_float_parser: 0]
[parser_config_file: ]
[objective_seed: 8855]
[num_class: 1]
[is_unbalance: 0]
[scale_pos_weight: 1]
[sigmoid: 1]
[boost_from_average: 1]
[reg_sqrt: 0]
[alpha: 0.5]
[fair_c: 1]
[poisson_max_delta_step: 0.7]
[tweedie_variance_power: 1.5]
[lambdarank_truncation_level: 30]
[lambdarank_norm: 1]
[label_gain: ]
[lambdarank_position_bias_regularization: 0]
[eval_at: ]
[multi_error_top_k: 1]
[auc_mu_weights: ]
[num_machines: 1]
[local_listen_port: 12400]
[time_out: 120]
[machine_list_filename: ]
[machines: ]
[gpu_platform_id: -1]
[gpu_device_id: -1]
[gpu_device_id_list: ]
[gpu_use_dp: 0]
[num_gpu: 1]

end of parameters

pandas_categorical:[["Pune", "Pimpri", "Manjri", "Moshi", "Khadki", "Khed(Chakan)", "Manchar", "Junnar", "Otur", "Narayangaon", "Alephata", "Baramati", "Shirur", "Indapur", "Vashi", "Kalyan"], ["Onion", "Tomato", "Potato"]]
